Link to details,Interactor 1,Interactor 1 title,Interactor 1 source organism,Interactor 1 sequence length,SCOP family 1,Interactor 2,Interactor 2 title,Interactor 2 source organism,Interactor 2 sequence length,SCOP family 2,Interface type,"Buried surface area, Å2",No. of contacts,No. of members in cluster,pdb_id
1 Details,8iai_1,Adducin 1,Sus scrofa,744,,8iai_2,Adducin 1,Sus scrofa,744,,homo,352.77,31,1,8iai
2 Details,8iai_1,Adducin 1,Sus scrofa,744,,8iai_3,Beta-adducin,Sus scrofa,724,,hetero,2488.74,225,1,8iai
3 Details,8iai_1,Adducin 1,Sus scrofa,744,,8iai_4,Beta-adducin,Sus scrofa,724,,hetero,1490.62,123,1,8iai
4 Details,8iai_1,Adducin 1,Sus scrofa,744,,8iai_9,Adducin 1,Sus scrofa,744,,homo,153.62,13,1,8iai
5 Details,8iai_1,Adducin 1,Sus scrofa,744,,8iai_I,"Actin, cytoplasmic 1",Sus scrofa,375,,hetero,909.82,71,1,8iai
6 Details,8iai_1,Adducin 1,Sus scrofa,744,,8iai_K,"Actin, cytoplasmic 1",Sus scrofa,375,,hetero,753.99,66,1,8iai
7 Details,8iai_1,Adducin 1,Sus scrofa,744,,8iai_S,Spectrin beta chain,Sus scrofa,2148,,hetero,474.06,35,1,8iai
8 Details,8iai_1,Adducin 1,Sus scrofa,744,,8iai_U,Tropomyosin-1.9,Sus scrofa,248,,hetero,155.6,11,1,8iai
9 Details,8iai_2,Adducin 1,Sus scrofa,744,,8iai_3,Beta-adducin,Sus scrofa,724,,hetero,1589.72,136,1,8iai
10 Details,8iai_2,Adducin 1,Sus scrofa,744,,8iai_4,Beta-adducin,Sus scrofa,724,,hetero,1772.71,149,1,8iai
11 Details,8iai_3,Beta-adducin,Sus scrofa,724,,8iai_9,Adducin 1,Sus scrofa,744,,hetero,169.72,12,1,8iai
12 Details,8iai_3,Beta-adducin,Sus scrofa,724,,8iai_J,"Actin, cytoplasmic 1",Sus scrofa,375,,hetero,855.62,69,1,8iai
13 Details,8iai_3,Beta-adducin,Sus scrofa,724,,8iai_K,"Actin, cytoplasmic 1",Sus scrofa,375,,hetero,411.7,40,1,8iai
14 Details,8iai_3,Beta-adducin,Sus scrofa,724,,8iai_T,Spectrin beta chain,Sus scrofa,2148,,hetero,572.65,40,1,8iai
15 Details,8iai_3,Beta-adducin,Sus scrofa,724,,8iai_U,Tropomyosin-1.9,Sus scrofa,248,,hetero,464.14,40,1,8iai
16 Details,8iai_3,Beta-adducin,Sus scrofa,724,,8iai_V,Tropomyosin 3,Sus scrofa,248,,hetero,764.92,60,1,8iai
17 Details,8iai_5,Dematin actin binding protein,Sus scrofa,405,,8iai_C,"Actin, cytoplasmic 1",Sus scrofa,375,,hetero,1296.9,101,1,8iai
18 Details,8iai_5,Dematin actin binding protein,Sus scrofa,405,,8iai_D,"Actin, cytoplasmic 1",Sus scrofa,375,,hetero,1234.28,111,1,8iai
19 Details,8iai_5,Dematin actin binding protein,Sus scrofa,405,,8iai_E,"Actin, cytoplasmic 1",Sus scrofa,375,,hetero,348.75,30,1,8iai
20 Details,8iai_5,Dematin actin binding protein,Sus scrofa,405,,8iai_M,Spectrin beta chain,Sus scrofa,2148,,hetero,555.07,38,1,8iai
21 Details,8iai_5,Dematin actin binding protein,Sus scrofa,405,,8iai_N,Spectrin beta chain,Sus scrofa,2148,,hetero,435.34,32,1,8iai
22 Details,8iai_5,Dematin actin binding protein,Sus scrofa,405,,8iai_O,Spectrin beta chain,Sus scrofa,2148,,hetero,831.1,64,1,8iai
23 Details,8iai_5,Dematin actin binding protein,Sus scrofa,405,,8iai_P,Spectrin beta chain,Sus scrofa,2148,,hetero,212.21,14,1,8iai
24 Details,8iai_5,Dematin actin binding protein,Sus scrofa,405,,8iai_U,Tropomyosin-1.9,Sus scrofa,248,,hetero,207.81,15,1,8iai
25 Details,8iai_5,Dematin actin binding protein,Sus scrofa,405,,8iai_V,Tropomyosin 3,Sus scrofa,248,,hetero,307.98,21,1,8iai
26 Details,8iai_6,Dematin actin binding protein,Sus scrofa,405,,8iai_E,"Actin, cytoplasmic 1",Sus scrofa,375,,hetero,1245.54,101,1,8iai
27 Details,8iai_6,Dematin actin binding protein,Sus scrofa,405,,8iai_F,"Actin, cytoplasmic 1",Sus scrofa,375,,hetero,1212.13,113,1,8iai
28 Details,8iai_6,Dematin actin binding protein,Sus scrofa,405,,8iai_G,"Actin, cytoplasmic 1",Sus scrofa,375,,hetero,324.28,27,1,8iai
29 Details,8iai_6,Dematin actin binding protein,Sus scrofa,405,,8iai_O,Spectrin beta chain,Sus scrofa,2148,,hetero,635.75,47,1,8iai
30 Details,8iai_6,Dematin actin binding protein,Sus scrofa,405,,8iai_P,Spectrin beta chain,Sus scrofa,2148,,hetero,457.07,38,1,8iai
31 Details,8iai_6,Dematin actin binding protein,Sus scrofa,405,,8iai_Q,Spectrin beta chain,Sus scrofa,2148,,hetero,740.04,55,1,8iai
32 Details,8iai_6,Dematin actin binding protein,Sus scrofa,405,,8iai_R,Spectrin beta chain,Sus scrofa,2148,,hetero,217.59,16,1,8iai
33 Details,8iai_6,Dematin actin binding protein,Sus scrofa,405,,8iai_U,Tropomyosin-1.9,Sus scrofa,248,,hetero,120.52,9,1,8iai
34 Details,8iai_7,Dematin actin binding protein,Sus scrofa,405,,8iai_G,"Actin, cytoplasmic 1",Sus scrofa,375,,hetero,1332.02,101,1,8iai
35 Details,8iai_7,Dematin actin binding protein,Sus scrofa,405,,8iai_H,"Actin, cytoplasmic 1",Sus scrofa,375,,hetero,1213.28,103,1,8iai
36 Details,8iai_7,Dematin actin binding protein,Sus scrofa,405,,8iai_I,"Actin, cytoplasmic 1",Sus scrofa,375,,hetero,342.27,31,1,8iai
37 Details,8iai_7,Dematin actin binding protein,Sus scrofa,405,,8iai_Q,Spectrin beta chain,Sus scrofa,2148,,hetero,605.38,48,1,8iai
38 Details,8iai_7,Dematin actin binding protein,Sus scrofa,405,,8iai_R,Spectrin beta chain,Sus scrofa,2148,,hetero,378.76,31,1,8iai
39 Details,8iai_7,Dematin actin binding protein,Sus scrofa,405,,8iai_S,Spectrin beta chain,Sus scrofa,2148,,hetero,748.01,57,1,8iai
40 Details,8iai_7,Dematin actin binding protein,Sus scrofa,405,,8iai_T,Spectrin beta chain,Sus scrofa,2148,,hetero,223.15,14,1,8iai
41 Details,8iai_7,Dematin actin binding protein,Sus scrofa,405,,8iai_U,Tropomyosin-1.9,Sus scrofa,248,,hetero,113.47,7,1,8iai
42 Details,8iai_7,Dematin actin binding protein,Sus scrofa,405,,8iai_V,Tropomyosin 3,Sus scrofa,248,,hetero,269.09,18,1,8iai
43 Details,8iai_9,Adducin 1,Sus scrofa,744,,8iai_K,"Actin, cytoplasmic 1",Sus scrofa,375,,hetero,1385.18,103,1,8iai
44 Details,8iai_9,Adducin 1,Sus scrofa,744,,8iai_U,Tropomyosin-1.9,Sus scrofa,248,,hetero,358.11,24,1,8iai
45 Details,8iai_9,Adducin 1,Sus scrofa,744,,8iai_V,Tropomyosin 3,Sus scrofa,248,,hetero,246.4,16,1,8iai
46 Details,8iai_A,"Actin, cytoplasmic 1",Sus scrofa,375,,8iai_B,"Actin, cytoplasmic 1",Sus scrofa,375,,homo,428.18,33,1,8iai
47 Details,8iai_A,"Actin, cytoplasmic 1",Sus scrofa,375,,8iai_C,"Actin, cytoplasmic 1",Sus scrofa,375,,homo,1103.97,85,1,8iai
48 Details,8iai_A,"Actin, cytoplasmic 1",Sus scrofa,375,,8iai_M,Spectrin beta chain,Sus scrofa,2148,,hetero,368.95,31,1,8iai
49 Details,8iai_A,"Actin, cytoplasmic 1",Sus scrofa,375,,8iai_U,Tropomyosin-1.9,Sus scrofa,248,,hetero,318.24,25,1,8iai
50 Details,8iai_A,"Actin, cytoplasmic 1",Sus scrofa,375,,8iai_Y,Tropomodulin-1,Sus scrofa,359,,hetero,2493.73,216,1,8iai
51 Details,8iai_A,"Actin, cytoplasmic 1",Sus scrofa,375,,8iai_Z,SH3 domain-binding glutamic acid-rich-like protein,Sus scrofa,107,,hetero,690.49,48,1,8iai
52 Details,8iai_B,"Actin, cytoplasmic 1",Sus scrofa,375,,8iai_C,"Actin, cytoplasmic 1",Sus scrofa,375,,homo,385.24,28,1,8iai
53 Details,8iai_B,"Actin, cytoplasmic 1",Sus scrofa,375,,8iai_D,"Actin, cytoplasmic 1",Sus scrofa,375,,homo,1098.4,93,1,8iai
54 Details,8iai_B,"Actin, cytoplasmic 1",Sus scrofa,375,,8iai_N,Spectrin beta chain,Sus scrofa,2148,,hetero,381.07,30,1,8iai
55 Details,8iai_B,"Actin, cytoplasmic 1",Sus scrofa,375,,8iai_Y,Tropomodulin-1,Sus scrofa,359,,hetero,1917.33,173,1,8iai
56 Details,8iai_B,"Actin, cytoplasmic 1",Sus scrofa,375,,8iai_Z,SH3 domain-binding glutamic acid-rich-like protein,Sus scrofa,107,,hetero,648.37,80,1,8iai
57 Details,8iai_C,"Actin, cytoplasmic 1",Sus scrofa,375,,8iai_D,"Actin, cytoplasmic 1",Sus scrofa,375,,homo,375.12,32,1,8iai
58 Details,8iai_C,"Actin, cytoplasmic 1",Sus scrofa,375,,8iai_E,"Actin, cytoplasmic 1",Sus scrofa,375,,homo,1136.93,94,1,8iai
59 Details,8iai_C,"Actin, cytoplasmic 1",Sus scrofa,375,,8iai_M,Spectrin beta chain,Sus scrofa,2148,,hetero,1584.34,131,1,8iai
60 Details,8iai_C,"Actin, cytoplasmic 1",Sus scrofa,375,,8iai_O,Spectrin beta chain,Sus scrofa,2148,,hetero,381.88,33,1,8iai
61 Details,8iai_C,"Actin, cytoplasmic 1",Sus scrofa,375,,8iai_Y,Tropomodulin-1,Sus scrofa,359,,hetero,211.19,19,1,8iai
62 Details,8iai_D,"Actin, cytoplasmic 1",Sus scrofa,375,,8iai_E,"Actin, cytoplasmic 1",Sus scrofa,375,,homo,399.59,32,1,8iai
63 Details,8iai_D,"Actin, cytoplasmic 1",Sus scrofa,375,,8iai_F,"Actin, cytoplasmic 1",Sus scrofa,375,,homo,1145.99,86,1,8iai
64 Details,8iai_D,"Actin, cytoplasmic 1",Sus scrofa,375,,8iai_N,Spectrin beta chain,Sus scrofa,2148,,hetero,1173.15,98,1,8iai
65 Details,8iai_D,"Actin, cytoplasmic 1",Sus scrofa,375,,8iai_P,Spectrin beta chain,Sus scrofa,2148,,hetero,339.24,27,1,8iai
66 Details,8iai_E,"Actin, cytoplasmic 1",Sus scrofa,375,,8iai_F,"Actin, cytoplasmic 1",Sus scrofa,375,,homo,403.34,32,1,8iai
67 Details,8iai_E,"Actin, cytoplasmic 1",Sus scrofa,375,,8iai_G,"Actin, cytoplasmic 1",Sus scrofa,375,,homo,1112.28,88,1,8iai
68 Details,8iai_E,"Actin, cytoplasmic 1",Sus scrofa,375,,8iai_O,Spectrin beta chain,Sus scrofa,2148,,hetero,1582.13,129,1,8iai
69 Details,8iai_E,"Actin, cytoplasmic 1",Sus scrofa,375,,8iai_Q,Spectrin beta chain,Sus scrofa,2148,,hetero,350.04,29,1,8iai
70 Details,8iai_F,"Actin, cytoplasmic 1",Sus scrofa,375,,8iai_G,"Actin, cytoplasmic 1",Sus scrofa,375,,homo,386.28,30,1,8iai
71 Details,8iai_F,"Actin, cytoplasmic 1",Sus scrofa,375,,8iai_H,"Actin, cytoplasmic 1",Sus scrofa,375,,homo,1151.69,90,1,8iai
72 Details,8iai_F,"Actin, cytoplasmic 1",Sus scrofa,375,,8iai_P,Spectrin beta chain,Sus scrofa,2148,,hetero,1218.36,97,1,8iai
73 Details,8iai_F,"Actin, cytoplasmic 1",Sus scrofa,375,,8iai_R,Spectrin beta chain,Sus scrofa,2148,,hetero,343.54,27,1,8iai
74 Details,8iai_G,"Actin, cytoplasmic 1",Sus scrofa,375,,8iai_H,"Actin, cytoplasmic 1",Sus scrofa,375,,homo,392.06,32,1,8iai
75 Details,8iai_G,"Actin, cytoplasmic 1",Sus scrofa,375,,8iai_I,"Actin, cytoplasmic 1",Sus scrofa,375,,homo,1131.51,90,1,8iai
76 Details,8iai_G,"Actin, cytoplasmic 1",Sus scrofa,375,,8iai_Q,Spectrin beta chain,Sus scrofa,2148,,hetero,1581.5,127,1,8iai
77 Details,8iai_G,"Actin, cytoplasmic 1",Sus scrofa,375,,8iai_S,Spectrin beta chain,Sus scrofa,2148,,hetero,389.76,30,1,8iai
78 Details,8iai_H,"Actin, cytoplasmic 1",Sus scrofa,375,,8iai_I,"Actin, cytoplasmic 1",Sus scrofa,375,,homo,378.51,32,1,8iai
79 Details,8iai_H,"Actin, cytoplasmic 1",Sus scrofa,375,,8iai_J,"Actin, cytoplasmic 1",Sus scrofa,375,,homo,1127.86,91,1,8iai
80 Details,8iai_H,"Actin, cytoplasmic 1",Sus scrofa,375,,8iai_R,Spectrin beta chain,Sus scrofa,2148,,hetero,1218.28,100,1,8iai
81 Details,8iai_H,"Actin, cytoplasmic 1",Sus scrofa,375,,8iai_T,Spectrin beta chain,Sus scrofa,2148,,hetero,301.13,26,1,8iai
82 Details,8iai_I,"Actin, cytoplasmic 1",Sus scrofa,375,,8iai_J,"Actin, cytoplasmic 1",Sus scrofa,375,,homo,377.59,30,1,8iai
83 Details,8iai_I,"Actin, cytoplasmic 1",Sus scrofa,375,,8iai_K,"Actin, cytoplasmic 1",Sus scrofa,375,,homo,1175.05,99,1,8iai
84 Details,8iai_I,"Actin, cytoplasmic 1",Sus scrofa,375,,8iai_S,Spectrin beta chain,Sus scrofa,2148,,hetero,1456.31,119,1,8iai
85 Details,8iai_J,"Actin, cytoplasmic 1",Sus scrofa,375,,8iai_K,"Actin, cytoplasmic 1",Sus scrofa,375,,homo,353.84,29,1,8iai
86 Details,8iai_J,"Actin, cytoplasmic 1",Sus scrofa,375,,8iai_T,Spectrin beta chain,Sus scrofa,2148,,hetero,1535.98,127,1,8iai
87 Details,8iai_M,Spectrin beta chain,Sus scrofa,2148,,8iai_V,Tropomyosin 3,Sus scrofa,248,,hetero,267.3,26,1,8iai
88 Details,8iai_O,Spectrin beta chain,Sus scrofa,2148,,8iai_U,Tropomyosin-1.9,Sus scrofa,248,,hetero,222.36,15,1,8iai
89 Details,8iai_Q,Spectrin beta chain,Sus scrofa,2148,,8iai_V,Tropomyosin 3,Sus scrofa,248,,hetero,127.3,10,1,8iai
90 Details,8iai_S,Spectrin beta chain,Sus scrofa,2148,,8iai_U,Tropomyosin-1.9,Sus scrofa,248,,hetero,184.36,13,1,8iai
91 Details,8iai_S,Spectrin beta chain,Sus scrofa,2148,,8iai_V,Tropomyosin 3,Sus scrofa,248,,hetero,144.32,12,1,8iai
92 Details,8iai_U,Tropomyosin-1.9,Sus scrofa,248,,8iai_V,Tropomyosin 3,Sus scrofa,248,,hetero,5463.83,374,1,8iai
93 Details,8iai_U,Tropomyosin-1.9,Sus scrofa,248,,8iai_Y,Tropomodulin-1,Sus scrofa,359,,hetero,101.86,10,1,8iai
94 Details,8iai_V,Tropomyosin 3,Sus scrofa,248,,8iai_Y,Tropomodulin-1,Sus scrofa,359,,hetero,147.27,15,1,8iai
1 Details,8efi_M,Myosin-7,Homo sapiens,1935,,8efi_B,"Actin, alpha cardiac muscle 1",Sus scrofa,377,,hetero,164.41,15,1,8efi
2 Details,8efi_M,Myosin-7,Homo sapiens,1935,,8efi_F,"Actin, alpha cardiac muscle 1",Sus scrofa,377,,hetero,1226.32,107,1,8efi
3 Details,8efi_B,"Actin, alpha cardiac muscle 1",Sus scrofa,377,,8efi_D,"Actin, alpha cardiac muscle 1",Sus scrofa,377,,homo,394.19,33,1,8efi
4 Details,8efi_B,"Actin, alpha cardiac muscle 1",Sus scrofa,377,,8efi_F,"Actin, alpha cardiac muscle 1",Sus scrofa,377,,homo,1124.5,96,1,8efi
5 Details,8efi_B,"Actin, alpha cardiac muscle 1",Sus scrofa,377,,8efi_P,Tropomyosin alpha-1 chain,Homo sapiens,284,,hetero,225.57,20,1,8efi
6 Details,8efi_C,"Actin, alpha cardiac muscle 1",Sus scrofa,377,,8efi_E,"Actin, alpha cardiac muscle 1",Sus scrofa,377,,homo,386.12,34,1,8efi
7 Details,8efi_C,"Actin, alpha cardiac muscle 1",Sus scrofa,377,,8efi_F,"Actin, alpha cardiac muscle 1",Sus scrofa,377,,homo,1154.51,95,1,8efi
8 Details,8efi_C,"Actin, alpha cardiac muscle 1",Sus scrofa,377,,8efi_P,Tropomyosin alpha-1 chain,Homo sapiens,284,,hetero,188.17,17,1,8efi
9 Details,8efi_D,"Actin, alpha cardiac muscle 1",Sus scrofa,377,,8efi_E,"Actin, alpha cardiac muscle 1",Sus scrofa,377,,homo,1149.0,100,1,8efi
10 Details,8efi_D,"Actin, alpha cardiac muscle 1",Sus scrofa,377,,8efi_F,"Actin, alpha cardiac muscle 1",Sus scrofa,377,,homo,408.81,35,1,8efi
11 Details,8efi_E,"Actin, alpha cardiac muscle 1",Sus scrofa,377,,8efi_F,"Actin, alpha cardiac muscle 1",Sus scrofa,377,,homo,400.35,34,1,8efi
12 Details,8efi_F,"Actin, alpha cardiac muscle 1",Sus scrofa,377,,8efi_O,Tropomyosin alpha-1 chain,Homo sapiens,284,,hetero,285.56,20,1,8efi
13 Details,8efi_O,Tropomyosin alpha-1 chain,Homo sapiens,284,,8efi_P,Tropomyosin alpha-1 chain,Homo sapiens,284,,homo,3134.41,254,1,8efi
1 Details,6c1d_P,Unconventional myosin-Ib,Rattus norvegicus,729,,6c1d_R,Calmodulin,unidentified,148,,hetero,227.96,31,1,6c1d
2 Details,6c1d_P,Unconventional myosin-Ib,Rattus norvegicus,729,,6c1d_D,"Actin, alpha skeletal muscle",Oryctolagus cuniculus,375,,hetero,494.81,41,1,6c1d
3 Details,6c1d_P,Unconventional myosin-Ib,Rattus norvegicus,729,,6c1d_B,"Actin, alpha skeletal muscle",Oryctolagus cuniculus,375,,hetero,1184.36,106,1,6c1d
4 Details,6c1d_E,"Actin, alpha skeletal muscle",Oryctolagus cuniculus,375,,6c1d_D,"Actin, alpha skeletal muscle",Oryctolagus cuniculus,375,,homo,461.39,37,1,6c1d
5 Details,6c1d_E,"Actin, alpha skeletal muscle",Oryctolagus cuniculus,375,,6c1d_C,"Actin, alpha skeletal muscle",Oryctolagus cuniculus,375,,homo,1150.69,95,1,6c1d
7 Details,6c1d_D,"Actin, alpha skeletal muscle",Oryctolagus cuniculus,375,,6c1d_C,"Actin, alpha skeletal muscle",Oryctolagus cuniculus,375,,homo,421.15,37,1,6c1d
8 Details,6c1d_D,"Actin, alpha skeletal muscle",Oryctolagus cuniculus,375,,6c1d_B,"Actin, alpha skeletal muscle",Oryctolagus cuniculus,375,,homo,1153.5,95,1,6c1d
10 Details,6c1d_A,"Actin, alpha skeletal muscle",Oryctolagus cuniculus,375,,6c1d_C,"Actin, alpha skeletal muscle",Oryctolagus cuniculus,375,,homo,1171.92,96,1,6c1d
11 Details,6c1d_A,"Actin, alpha skeletal muscle",Oryctolagus cuniculus,375,,6c1d_B,"Actin, alpha skeletal muscle",Oryctolagus cuniculus,375,,homo,405.4,36,1,6c1d
12 Details,6c1d_C,"Actin, alpha skeletal muscle",Oryctolagus cuniculus,375,,6c1d_B,"Actin, alpha skeletal muscle",Oryctolagus cuniculus,375,,homo,425.72,35,1,6c1d
1 Details,8c4e_A,"Actin, alpha skeletal muscle",Gallus gallus,377,,8c4e_B,"Actin, alpha skeletal muscle",Gallus gallus,377,,homo,495.31,42,1,8c4e
2 Details,8c4e_A,"Actin, alpha skeletal muscle",Gallus gallus,377,,8c4e_C,"Actin, alpha skeletal muscle",Gallus gallus,377,,homo,1178.18,94,1,8c4e
3 Details,8c4e_A,"Actin, alpha skeletal muscle",Gallus gallus,377,,8c4e_M,Cell invasion protein SipA,Salmonella,261,,hetero,1137.73,110,1,8c4e
4 Details,8c4e_A,"Actin, alpha skeletal muscle",Gallus gallus,377,,8c4e_N,Cell invasion protein SipA,Salmonella,261,,hetero,877.18,71,1,8c4e
5 Details,8c4e_B,"Actin, alpha skeletal muscle",Gallus gallus,377,,8c4e_C,"Actin, alpha skeletal muscle",Gallus gallus,377,,homo,410.78,33,1,8c4e
6 Details,8c4e_B,"Actin, alpha skeletal muscle",Gallus gallus,377,,8c4e_D,"Actin, alpha skeletal muscle",Gallus gallus,377,,homo,1184.44,94,1,8c4e
7 Details,8c4e_B,"Actin, alpha skeletal muscle",Gallus gallus,377,,8c4e_M,Cell invasion protein SipA,Salmonella,261,,hetero,767.57,72,1,8c4e
8 Details,8c4e_B,"Actin, alpha skeletal muscle",Gallus gallus,377,,8c4e_N,Cell invasion protein SipA,Salmonella,261,,hetero,1167.89,116,1,8c4e
9 Details,8c4e_C,"Actin, alpha skeletal muscle",Gallus gallus,377,,8c4e_D,"Actin, alpha skeletal muscle",Gallus gallus,377,,homo,408.94,37,1,8c4e
10 Details,8c4e_C,"Actin, alpha skeletal muscle",Gallus gallus,377,,8c4e_E,"Actin, alpha skeletal muscle",Gallus gallus,377,,homo,1172.54,98,1,8c4e
11 Details,8c4e_C,"Actin, alpha skeletal muscle",Gallus gallus,377,,8c4e_K,Cell invasion protein SipA,Salmonella,261,,hetero,317.43,27,1,8c4e
12 Details,8c4e_C,"Actin, alpha skeletal muscle",Gallus gallus,377,,8c4e_M,Cell invasion protein SipA,Salmonella,261,,hetero,138.9,14,1,8c4e
13 Details,8c4e_C,"Actin, alpha skeletal muscle",Gallus gallus,377,,8c4e_N,Cell invasion protein SipA,Salmonella,261,,hetero,743.27,70,1,8c4e
14 Details,8c4e_D,"Actin, alpha skeletal muscle",Gallus gallus,377,,8c4e_E,"Actin, alpha skeletal muscle",Gallus gallus,377,,homo,422.76,36,1,8c4e
15 Details,8c4e_D,"Actin, alpha skeletal muscle",Gallus gallus,377,,8c4e_F,"Actin, alpha skeletal muscle",Gallus gallus,377,,homo,1181.88,96,1,8c4e
16 Details,8c4e_D,"Actin, alpha skeletal muscle",Gallus gallus,377,,8c4e_K,Cell invasion protein SipA,Salmonella,261,,hetero,787.57,65,1,8c4e
17 Details,8c4e_D,"Actin, alpha skeletal muscle",Gallus gallus,377,,8c4e_L,Cell invasion protein SipA,Salmonella,261,,hetero,301.03,26,1,8c4e
18 Details,8c4e_D,"Actin, alpha skeletal muscle",Gallus gallus,377,,8c4e_N,Cell invasion protein SipA,Salmonella,261,,hetero,152.09,16,1,8c4e
19 Details,8c4e_E,"Actin, alpha skeletal muscle",Gallus gallus,377,,8c4e_F,"Actin, alpha skeletal muscle",Gallus gallus,377,,homo,402.65,33,1,8c4e
20 Details,8c4e_E,"Actin, alpha skeletal muscle",Gallus gallus,377,,8c4e_G,"Actin, alpha skeletal muscle",Gallus gallus,377,,homo,1175.72,95,1,8c4e
21 Details,8c4e_E,"Actin, alpha skeletal muscle",Gallus gallus,377,,8c4e_K,Cell invasion protein SipA,Salmonella,261,,hetero,1119.27,105,1,8c4e
22 Details,8c4e_E,"Actin, alpha skeletal muscle",Gallus gallus,377,,8c4e_L,Cell invasion protein SipA,Salmonella,261,,hetero,916.11,69,1,8c4e
23 Details,8c4e_F,"Actin, alpha skeletal muscle",Gallus gallus,377,,8c4e_G,"Actin, alpha skeletal muscle",Gallus gallus,377,,homo,412.73,35,1,8c4e
24 Details,8c4e_F,"Actin, alpha skeletal muscle",Gallus gallus,377,,8c4e_H,"Actin, alpha skeletal muscle",Gallus gallus,377,,homo,1161.68,94,1,8c4e
25 Details,8c4e_F,"Actin, alpha skeletal muscle",Gallus gallus,377,,8c4e_K,Cell invasion protein SipA,Salmonella,261,,hetero,802.54,71,1,8c4e
26 Details,8c4e_F,"Actin, alpha skeletal muscle",Gallus gallus,377,,8c4e_L,Cell invasion protein SipA,Salmonella,261,,hetero,1143.04,110,1,8c4e
27 Details,8c4e_G,"Actin, alpha skeletal muscle",Gallus gallus,377,,8c4e_H,"Actin, alpha skeletal muscle",Gallus gallus,377,,homo,393.9,34,1,8c4e
28 Details,8c4e_G,"Actin, alpha skeletal muscle",Gallus gallus,377,,8c4e_K,Cell invasion protein SipA,Salmonella,261,,hetero,133.04,13,1,8c4e
29 Details,8c4e_G,"Actin, alpha skeletal muscle",Gallus gallus,377,,8c4e_L,Cell invasion protein SipA,Salmonella,261,,hetero,743.84,64,1,8c4e
30 Details,8c4e_H,"Actin, alpha skeletal muscle",Gallus gallus,377,,8c4e_L,Cell invasion protein SipA,Salmonella,261,,hetero,135.85,15,1,8c4e
7 Details,9ug2_A,Gelsolin,Homo sapiens,348,,9ug2_C,"Actin, alpha skeletal muscle",Oryctolagus cuniculus,370,,hetero,2028.96,174,1,9ug2
8 Details,9ug2_A,Gelsolin,Homo sapiens,348,,9ug2_E,"Actin, alpha skeletal muscle",Oryctolagus cuniculus,370,,hetero,692.07,56,1,9ug2
9 Details,9ug2_B,Gelsolin,Homo sapiens,348,,9ug2_D,"Actin, alpha skeletal muscle",Oryctolagus cuniculus,370,,hetero,2059.58,179,1,9ug2
10 Details,9ug2_B,Gelsolin,Homo sapiens,348,,9ug2_F,"Actin, alpha skeletal muscle",Oryctolagus cuniculus,370,,hetero,464.54,42,1,9ug2
11 Details,9ug2_C,"Actin, alpha skeletal muscle",Oryctolagus cuniculus,370,,9ug2_D,"Actin, alpha skeletal muscle",Oryctolagus cuniculus,370,,homo,331.89,32,1,9ug2
12 Details,9ug2_C,"Actin, alpha skeletal muscle",Oryctolagus cuniculus,370,,9ug2_E,"Actin, alpha skeletal muscle",Oryctolagus cuniculus,370,,homo,1134.26,100,1,9ug2
13 Details,9ug2_D,"Actin, alpha skeletal muscle",Oryctolagus cuniculus,370,,9ug2_E,"Actin, alpha skeletal muscle",Oryctolagus cuniculus,370,,homo,408.43,34,1,9ug2
14 Details,9ug2_D,"Actin, alpha skeletal muscle",Oryctolagus cuniculus,370,,9ug2_F,"Actin, alpha skeletal muscle",Oryctolagus cuniculus,370,,homo,1128.58,100,1,9ug2
15 Details,9ug2_E,"Actin, alpha skeletal muscle",Oryctolagus cuniculus,370,,9ug2_F,"Actin, alpha skeletal muscle",Oryctolagus cuniculus,370,,homo,388.88,34,1,9ug2
1 Details,5jlf_A,"Actin, alpha skeletal muscle",Oryctolagus cuniculus,375,,5jlf_B,"Actin, alpha skeletal muscle",Oryctolagus cuniculus,375,,homo,1135.66,105,1,5jlf
2 Details,5jlf_A,"Actin, alpha skeletal muscle",Oryctolagus cuniculus,375,,5jlf_C,"Actin, alpha skeletal muscle",Oryctolagus cuniculus,375,,homo,1133.43,104,1,5jlf
3 Details,5jlf_A,"Actin, alpha skeletal muscle",Oryctolagus cuniculus,375,,5jlf_D,"Actin, alpha skeletal muscle",Oryctolagus cuniculus,375,,homo,447.61,37,1,5jlf
4 Details,5jlf_A,"Actin, alpha skeletal muscle",Oryctolagus cuniculus,375,,5jlf_E,"Actin, alpha skeletal muscle",Oryctolagus cuniculus,375,,homo,457.22,39,1,5jlf
5 Details,5jlf_B,"Actin, alpha skeletal muscle",Oryctolagus cuniculus,375,,5jlf_D,"Actin, alpha skeletal muscle",Oryctolagus cuniculus,375,,homo,457.03,39,1,5jlf
6 Details,5jlf_C,"Actin, alpha skeletal muscle",Oryctolagus cuniculus,375,,5jlf_E,"Actin, alpha skeletal muscle",Oryctolagus cuniculus,375,,homo,459.57,39,1,5jlf
7 Details,5jlf_D,"Actin, alpha skeletal muscle",Oryctolagus cuniculus,375,,5jlf_E,"Actin, alpha skeletal muscle",Oryctolagus cuniculus,375,,homo,1134.09,106,1,5jlf
1 Details,7jh7_A,"Actin, alpha cardiac muscle 1",Sus scrofa,377,,7jh7_F,Myosin-7,Sus scrofa,1935,,hetero,1160.4,105,1,7jh7
2 Details,7jh7_A,"Actin, alpha cardiac muscle 1",Sus scrofa,377,,7jh7_B,"Actin, alpha cardiac muscle 1",Sus scrofa,377,,homo,1162.38,103,1,7jh7
3 Details,7jh7_A,"Actin, alpha cardiac muscle 1",Sus scrofa,377,,7jh7_C,"Actin, alpha cardiac muscle 1",Sus scrofa,377,,homo,1151.58,102,1,7jh7
4 Details,7jh7_A,"Actin, alpha cardiac muscle 1",Sus scrofa,377,,7jh7_H,Myosin-7,Sus scrofa,1935,,hetero,168.28,15,1,7jh7
5 Details,7jh7_A,"Actin, alpha cardiac muscle 1",Sus scrofa,377,,7jh7_E,"Actin, alpha cardiac muscle 1",Sus scrofa,377,,homo,513.19,45,1,7jh7
6 Details,7jh7_A,"Actin, alpha cardiac muscle 1",Sus scrofa,377,,7jh7_D,"Actin, alpha cardiac muscle 1",Sus scrofa,377,,homo,531.21,49,1,7jh7
7 Details,7jh7_F,Myosin-7,Sus scrofa,1935,,7jh7_B,"Actin, alpha cardiac muscle 1",Sus scrofa,377,,hetero,184.61,18,1,7jh7
8 Details,7jh7_B,"Actin, alpha cardiac muscle 1",Sus scrofa,377,,7jh7_G,Myosin-7,Sus scrofa,1935,,hetero,1159.21,106,1,7jh7
9 Details,7jh7_B,"Actin, alpha cardiac muscle 1",Sus scrofa,377,,7jh7_D,"Actin, alpha cardiac muscle 1",Sus scrofa,377,,homo,517.2,47,1,7jh7
10 Details,7jh7_C,"Actin, alpha cardiac muscle 1",Sus scrofa,377,,7jh7_H,Myosin-7,Sus scrofa,1935,,hetero,1142.49,104,1,7jh7
11 Details,7jh7_C,"Actin, alpha cardiac muscle 1",Sus scrofa,377,,7jh7_E,"Actin, alpha cardiac muscle 1",Sus scrofa,377,,homo,533.48,48,1,7jh7
12 Details,7jh7_E,"Actin, alpha cardiac muscle 1",Sus scrofa,377,,7jh7_D,"Actin, alpha cardiac muscle 1",Sus scrofa,377,,homo,1142.85,102,1,7jh7
1 Details,9kbx_A,Growth arrest-specific protein 2,Mus musculus,170,,9kbx_K,"Actin, alpha skeletal muscle",Oryctolagus cuniculus,370,,hetero,415.52,32,1,9kbx
2 Details,9kbx_A,Growth arrest-specific protein 2,Mus musculus,170,,9kbx_L,"Actin, alpha skeletal muscle",Oryctolagus cuniculus,370,,hetero,1117.08,98,1,9kbx
3 Details,9kbx_B,Growth arrest-specific protein 2,Mus musculus,170,,9kbx_H,"Actin, alpha skeletal muscle",Oryctolagus cuniculus,370,,hetero,396.06,33,1,9kbx
4 Details,9kbx_B,Growth arrest-specific protein 2,Mus musculus,170,,9kbx_J,"Actin, alpha skeletal muscle",Oryctolagus cuniculus,370,,hetero,1069.96,93,1,9kbx
5 Details,9kbx_H,"Actin, alpha skeletal muscle",Oryctolagus cuniculus,370,,9kbx_J,"Actin, alpha skeletal muscle",Oryctolagus cuniculus,370,,homo,1152.58,91,1,9kbx
6 Details,9kbx_H,"Actin, alpha skeletal muscle",Oryctolagus cuniculus,370,,9kbx_K,"Actin, alpha skeletal muscle",Oryctolagus cuniculus,370,,homo,431.86,38,1,9kbx
7 Details,9kbx_H,"Actin, alpha skeletal muscle",Oryctolagus cuniculus,370,,9kbx_L,"Actin, alpha skeletal muscle",Oryctolagus cuniculus,370,,homo,436.2,37,1,9kbx
8 Details,9kbx_J,"Actin, alpha skeletal muscle",Oryctolagus cuniculus,370,,9kbx_L,"Actin, alpha skeletal muscle",Oryctolagus cuniculus,370,,homo,445.15,38,1,9kbx
9 Details,9kbx_K,"Actin, alpha skeletal muscle",Oryctolagus cuniculus,370,,9kbx_L,"Actin, alpha skeletal muscle",Oryctolagus cuniculus,370,,homo,1164.28,93,1,9kbx
1 Details,9bph_A,"Actin, alpha cardiac muscle 1",Homo sapiens,375,,9bph_B,"Actin, alpha cardiac muscle 1",Homo sapiens,375,,homo,1166.25,90,1,9bph
2 Details,9bph_A,"Actin, alpha cardiac muscle 1",Homo sapiens,375,,9bph_C,"Actin, alpha cardiac muscle 1",Homo sapiens,375,,homo,332.2,29,1,9bph
3 Details,9bph_A,"Actin, alpha cardiac muscle 1",Homo sapiens,375,,9bph_D,"Actin, alpha cardiac muscle 1",Homo sapiens,375,,homo,322.14,29,1,9bph
4 Details,9bph_B,"Actin, alpha cardiac muscle 1",Homo sapiens,375,,9bph_C,"Actin, alpha cardiac muscle 1",Homo sapiens,375,,homo,335.73,30,1,9bph
5 Details,9bph_C,"Actin, alpha cardiac muscle 1",Homo sapiens,375,,9bph_D,"Actin, alpha cardiac muscle 1",Homo sapiens,375,,homo,1152.91,89,1,9bph
1 Details,8c4c_A,"Actin, alpha skeletal muscle",Gallus gallus,377,,8c4c_B,"Actin, alpha skeletal muscle",Gallus gallus,377,,homo,464.05,40,1,8c4c
2 Details,8c4c_A,"Actin, alpha skeletal muscle",Gallus gallus,377,,8c4c_C,"Actin, alpha skeletal muscle",Gallus gallus,377,,homo,1196.53,95,1,8c4c
3 Details,8c4c_A,"Actin, alpha skeletal muscle",Gallus gallus,377,,8c4c_M,Cell invasion protein SipA,Salmonella enterica subsp. enterica serovar Typhimurium str. LT2,173,,hetero,750.06,68,1,8c4c
4 Details,8c4c_A,"Actin, alpha skeletal muscle",Gallus gallus,377,,8c4c_N,Cell invasion protein SipA,Salmonella enterica subsp. enterica serovar Typhimurium str. LT2,173,,hetero,482.25,38,1,8c4c
5 Details,8c4c_B,"Actin, alpha skeletal muscle",Gallus gallus,377,,8c4c_C,"Actin, alpha skeletal muscle",Gallus gallus,377,,homo,411.14,33,1,8c4c
6 Details,8c4c_B,"Actin, alpha skeletal muscle",Gallus gallus,377,,8c4c_D,"Actin, alpha skeletal muscle",Gallus gallus,377,,homo,1183.49,97,1,8c4c
7 Details,8c4c_B,"Actin, alpha skeletal muscle",Gallus gallus,377,,8c4c_M,Cell invasion protein SipA,Salmonella enterica subsp. enterica serovar Typhimurium str. LT2,173,,hetero,740.68,70,1,8c4c
8 Details,8c4c_B,"Actin, alpha skeletal muscle",Gallus gallus,377,,8c4c_N,Cell invasion protein SipA,Salmonella enterica subsp. enterica serovar Typhimurium str. LT2,173,,hetero,781.93,67,1,8c4c
9 Details,8c4c_C,"Actin, alpha skeletal muscle",Gallus gallus,377,,8c4c_D,"Actin, alpha skeletal muscle",Gallus gallus,377,,homo,406.42,37,1,8c4c
10 Details,8c4c_C,"Actin, alpha skeletal muscle",Gallus gallus,377,,8c4c_E,"Actin, alpha skeletal muscle",Gallus gallus,377,,homo,1166.58,97,1,8c4c
11 Details,8c4c_C,"Actin, alpha skeletal muscle",Gallus gallus,377,,8c4c_M,Cell invasion protein SipA,Salmonella enterica subsp. enterica serovar Typhimurium str. LT2,173,,hetero,145.86,15,1,8c4c
12 Details,8c4c_C,"Actin, alpha skeletal muscle",Gallus gallus,377,,8c4c_N,Cell invasion protein SipA,Salmonella enterica subsp. enterica serovar Typhimurium str. LT2,173,,hetero,770.32,68,1,8c4c
13 Details,8c4c_D,"Actin, alpha skeletal muscle",Gallus gallus,377,,8c4c_E,"Actin, alpha skeletal muscle",Gallus gallus,377,,homo,437.08,36,1,8c4c
14 Details,8c4c_D,"Actin, alpha skeletal muscle",Gallus gallus,377,,8c4c_F,"Actin, alpha skeletal muscle",Gallus gallus,377,,homo,1178.03,95,1,8c4c
15 Details,8c4c_D,"Actin, alpha skeletal muscle",Gallus gallus,377,,8c4c_K,Cell invasion protein SipA,Salmonella enterica subsp. enterica serovar Typhimurium str. LT2,173,,hetero,455.75,38,1,8c4c
16 Details,8c4c_D,"Actin, alpha skeletal muscle",Gallus gallus,377,,8c4c_N,Cell invasion protein SipA,Salmonella enterica subsp. enterica serovar Typhimurium str. LT2,173,,hetero,154.6,15,1,8c4c
17 Details,8c4c_E,"Actin, alpha skeletal muscle",Gallus gallus,377,,8c4c_F,"Actin, alpha skeletal muscle",Gallus gallus,377,,homo,406.13,32,1,8c4c
18 Details,8c4c_E,"Actin, alpha skeletal muscle",Gallus gallus,377,,8c4c_G,"Actin, alpha skeletal muscle",Gallus gallus,377,,homo,1190.21,97,1,8c4c
19 Details,8c4c_E,"Actin, alpha skeletal muscle",Gallus gallus,377,,8c4c_K,Cell invasion protein SipA,Salmonella enterica subsp. enterica serovar Typhimurium str. LT2,173,,hetero,751.39,66,1,8c4c
20 Details,8c4c_E,"Actin, alpha skeletal muscle",Gallus gallus,377,,8c4c_L,Cell invasion protein SipA,Salmonella enterica subsp. enterica serovar Typhimurium str. LT2,173,,hetero,479.96,31,1,8c4c
21 Details,8c4c_F,"Actin, alpha skeletal muscle",Gallus gallus,377,,8c4c_G,"Actin, alpha skeletal muscle",Gallus gallus,377,,homo,408.89,36,1,8c4c
22 Details,8c4c_F,"Actin, alpha skeletal muscle",Gallus gallus,377,,8c4c_H,"Actin, alpha skeletal muscle",Gallus gallus,377,,homo,1170.94,94,1,8c4c
23 Details,8c4c_F,"Actin, alpha skeletal muscle",Gallus gallus,377,,8c4c_K,Cell invasion protein SipA,Salmonella enterica subsp. enterica serovar Typhimurium str. LT2,173,,hetero,799.8,70,1,8c4c
24 Details,8c4c_F,"Actin, alpha skeletal muscle",Gallus gallus,377,,8c4c_L,Cell invasion protein SipA,Salmonella enterica subsp. enterica serovar Typhimurium str. LT2,173,,hetero,765.63,71,1,8c4c
25 Details,8c4c_G,"Actin, alpha skeletal muscle",Gallus gallus,377,,8c4c_H,"Actin, alpha skeletal muscle",Gallus gallus,377,,homo,405.15,36,1,8c4c
26 Details,8c4c_G,"Actin, alpha skeletal muscle",Gallus gallus,377,,8c4c_K,Cell invasion protein SipA,Salmonella enterica subsp. enterica serovar Typhimurium str. LT2,173,,hetero,144.9,17,1,8c4c
27 Details,8c4c_G,"Actin, alpha skeletal muscle",Gallus gallus,377,,8c4c_L,Cell invasion protein SipA,Salmonella enterica subsp. enterica serovar Typhimurium str. LT2,173,,hetero,779.08,65,1,8c4c
28 Details,8c4c_H,"Actin, alpha skeletal muscle",Gallus gallus,377,,8c4c_L,Cell invasion protein SipA,Salmonella enterica subsp. enterica serovar Typhimurium str. LT2,173,,hetero,159.56,17,1,8c4c
1 Details,8iah_0,Adducin 1,Sus scrofa,744,,8iah_4,Beta-adducin,Sus scrofa,724,,hetero,198.89,16,1,8iah
2 Details,8iah_0,Adducin 1,Sus scrofa,744,,8iah_L,"Actin, cytoplasmic 1",Sus scrofa,375,,hetero,1424.2,106,1,8iah
3 Details,8iah_0,Adducin 1,Sus scrofa,744,,8iah_W,Tropomyosin 3,Sus scrofa,248,,hetero,159.33,11,1,8iah
4 Details,8iah_0,Adducin 1,Sus scrofa,744,,8iah_X,Tropomyosin 3,Sus scrofa,248,,hetero,300.81,18,1,8iah
5 Details,8iah_1,Adducin 1,Sus scrofa,744,,8iah_2,Adducin 1,Sus scrofa,744,,homo,405.51,33,1,8iah
6 Details,8iah_1,Adducin 1,Sus scrofa,744,,8iah_3,Beta-adducin,Sus scrofa,724,,hetero,2058.57,170,1,8iah
7 Details,8iah_1,Adducin 1,Sus scrofa,744,,8iah_4,Beta-adducin,Sus scrofa,724,,hetero,1553.93,138,1,8iah
8 Details,8iah_1,Adducin 1,Sus scrofa,744,,8iah_9,Beta-adducin,Sus scrofa,724,,hetero,141.67,12,1,8iah
9 Details,8iah_1,Adducin 1,Sus scrofa,744,,8iah_I,"Actin, cytoplasmic 1",Sus scrofa,375,,hetero,879.29,70,1,8iah
10 Details,8iah_1,Adducin 1,Sus scrofa,744,,8iah_K,"Actin, cytoplasmic 1",Sus scrofa,375,,hetero,710.96,65,1,8iah
11 Details,8iah_1,Adducin 1,Sus scrofa,744,,8iah_L,"Actin, cytoplasmic 1",Sus scrofa,375,,hetero,104.3,8,1,8iah
12 Details,8iah_1,Adducin 1,Sus scrofa,744,,8iah_S,Spectrin beta chain,Sus scrofa,2148,,hetero,473.86,33,1,8iah
13 Details,8iah_1,Adducin 1,Sus scrofa,744,,8iah_U,Tropomyosin-1.9,Sus scrofa,248,,hetero,152.61,10,1,8iah
14 Details,8iah_2,Adducin 1,Sus scrofa,744,,8iah_3,Beta-adducin,Sus scrofa,724,,hetero,1729.51,145,1,8iah
15 Details,8iah_2,Adducin 1,Sus scrofa,744,,8iah_4,Beta-adducin,Sus scrofa,724,,hetero,1804.21,156,1,8iah
16 Details,8iah_2,Adducin 1,Sus scrofa,744,,8iah_L,"Actin, cytoplasmic 1",Sus scrofa,375,,hetero,241.18,24,1,8iah
17 Details,8iah_3,Beta-adducin,Sus scrofa,724,,8iah_9,Beta-adducin,Sus scrofa,724,,homo,165.3,11,1,8iah
18 Details,8iah_3,Beta-adducin,Sus scrofa,724,,8iah_J,"Actin, cytoplasmic 1",Sus scrofa,375,,hetero,1543.58,128,1,8iah
19 Details,8iah_3,Beta-adducin,Sus scrofa,724,,8iah_K,"Actin, cytoplasmic 1",Sus scrofa,375,,hetero,997.42,94,1,8iah
20 Details,8iah_3,Beta-adducin,Sus scrofa,724,,8iah_L,"Actin, cytoplasmic 1",Sus scrofa,375,,hetero,506.07,43,1,8iah
21 Details,8iah_3,Beta-adducin,Sus scrofa,724,,8iah_T,Spectrin beta chain,Sus scrofa,2148,,hetero,579.6,41,1,8iah
22 Details,8iah_3,Beta-adducin,Sus scrofa,724,,8iah_U,Tropomyosin-1.9,Sus scrofa,248,,hetero,145.26,10,1,8iah
23 Details,8iah_3,Beta-adducin,Sus scrofa,724,,8iah_V,Tropomyosin 3,Sus scrofa,248,,hetero,260.15,18,1,8iah
24 Details,8iah_4,Beta-adducin,Sus scrofa,724,,8iah_L,"Actin, cytoplasmic 1",Sus scrofa,375,,hetero,759.03,71,1,8iah
25 Details,8iah_4,Beta-adducin,Sus scrofa,724,,8iah_S,Spectrin beta chain,Sus scrofa,2148,,hetero,811.63,64,1,8iah
26 Details,8iah_4,Beta-adducin,Sus scrofa,724,,8iah_W,Tropomyosin 3,Sus scrofa,248,,hetero,462.78,34,1,8iah
27 Details,8iah_5,Dematin actin binding protein,Sus scrofa,405,,8iah_C,"Actin, cytoplasmic 1",Sus scrofa,375,,hetero,1274.99,99,1,8iah
28 Details,8iah_5,Dematin actin binding protein,Sus scrofa,405,,8iah_D,"Actin, cytoplasmic 1",Sus scrofa,375,,hetero,1341.0,124,1,8iah
29 Details,8iah_5,Dematin actin binding protein,Sus scrofa,405,,8iah_E,"Actin, cytoplasmic 1",Sus scrofa,375,,hetero,323.62,30,1,8iah
30 Details,8iah_5,Dematin actin binding protein,Sus scrofa,405,,8iah_M,Spectrin beta chain,Sus scrofa,2148,,hetero,565.56,43,1,8iah
31 Details,8iah_5,Dematin actin binding protein,Sus scrofa,405,,8iah_N,Spectrin beta chain,Sus scrofa,2148,,hetero,445.49,35,1,8iah
32 Details,8iah_5,Dematin actin binding protein,Sus scrofa,405,,8iah_O,Spectrin beta chain,Sus scrofa,2148,,hetero,905.27,69,1,8iah
33 Details,8iah_5,Dematin actin binding protein,Sus scrofa,405,,8iah_P,Spectrin beta chain,Sus scrofa,2148,,hetero,232.98,17,1,8iah
34 Details,8iah_5,Dematin actin binding protein,Sus scrofa,405,,8iah_U,Tropomyosin-1.9,Sus scrofa,248,,hetero,222.12,15,1,8iah
35 Details,8iah_5,Dematin actin binding protein,Sus scrofa,405,,8iah_V,Tropomyosin 3,Sus scrofa,248,,hetero,301.51,19,1,8iah
36 Details,8iah_5,Dematin actin binding protein,Sus scrofa,405,,8iah_W,Tropomyosin 3,Sus scrofa,248,,hetero,179.04,16,1,8iah
37 Details,8iah_5,Dematin actin binding protein,Sus scrofa,405,,8iah_X,Tropomyosin 3,Sus scrofa,248,,hetero,253.67,16,1,8iah
38 Details,8iah_6,Dematin actin binding protein,Sus scrofa,405,,8iah_E,"Actin, cytoplasmic 1",Sus scrofa,375,,hetero,1272.12,102,1,8iah
39 Details,8iah_6,Dematin actin binding protein,Sus scrofa,405,,8iah_F,"Actin, cytoplasmic 1",Sus scrofa,375,,hetero,1375.15,124,1,8iah
40 Details,8iah_6,Dematin actin binding protein,Sus scrofa,405,,8iah_G,"Actin, cytoplasmic 1",Sus scrofa,375,,hetero,326.07,25,1,8iah
41 Details,8iah_6,Dematin actin binding protein,Sus scrofa,405,,8iah_O,Spectrin beta chain,Sus scrofa,2148,,hetero,654.99,45,1,8iah
42 Details,8iah_6,Dematin actin binding protein,Sus scrofa,405,,8iah_P,Spectrin beta chain,Sus scrofa,2148,,hetero,476.23,37,1,8iah
43 Details,8iah_6,Dematin actin binding protein,Sus scrofa,405,,8iah_Q,Spectrin beta chain,Sus scrofa,2148,,hetero,769.26,56,1,8iah
44 Details,8iah_6,Dematin actin binding protein,Sus scrofa,405,,8iah_R,Spectrin beta chain,Sus scrofa,2148,,hetero,202.6,15,1,8iah
45 Details,8iah_6,Dematin actin binding protein,Sus scrofa,405,,8iah_U,Tropomyosin-1.9,Sus scrofa,248,,hetero,153.07,10,1,8iah
46 Details,8iah_6,Dematin actin binding protein,Sus scrofa,405,,8iah_W,Tropomyosin 3,Sus scrofa,248,,hetero,162.37,15,1,8iah
47 Details,8iah_6,Dematin actin binding protein,Sus scrofa,405,,8iah_X,Tropomyosin 3,Sus scrofa,248,,hetero,112.92,9,1,8iah
48 Details,8iah_7,Dematin actin binding protein,Sus scrofa,405,,8iah_G,"Actin, cytoplasmic 1",Sus scrofa,375,,hetero,1360.41,102,1,8iah
49 Details,8iah_7,Dematin actin binding protein,Sus scrofa,405,,8iah_H,"Actin, cytoplasmic 1",Sus scrofa,375,,hetero,1247.87,113,1,8iah
50 Details,8iah_7,Dematin actin binding protein,Sus scrofa,405,,8iah_I,"Actin, cytoplasmic 1",Sus scrofa,375,,hetero,319.34,27,1,8iah
51 Details,8iah_7,Dematin actin binding protein,Sus scrofa,405,,8iah_Q,Spectrin beta chain,Sus scrofa,2148,,hetero,565.33,39,1,8iah
52 Details,8iah_7,Dematin actin binding protein,Sus scrofa,405,,8iah_R,Spectrin beta chain,Sus scrofa,2148,,hetero,466.19,38,1,8iah
53 Details,8iah_7,Dematin actin binding protein,Sus scrofa,405,,8iah_S,Spectrin beta chain,Sus scrofa,2148,,hetero,797.6,60,1,8iah
54 Details,8iah_7,Dematin actin binding protein,Sus scrofa,405,,8iah_T,Spectrin beta chain,Sus scrofa,2148,,hetero,241.79,17,1,8iah
55 Details,8iah_7,Dematin actin binding protein,Sus scrofa,405,,8iah_U,Tropomyosin-1.9,Sus scrofa,248,,hetero,117.85,8,1,8iah
56 Details,8iah_7,Dematin actin binding protein,Sus scrofa,405,,8iah_V,Tropomyosin 3,Sus scrofa,248,,hetero,216.55,13,1,8iah
57 Details,8iah_7,Dematin actin binding protein,Sus scrofa,405,,8iah_W,Tropomyosin 3,Sus scrofa,248,,hetero,196.58,16,1,8iah
58 Details,8iah_8,"Spectrin alpha, erythrocytic 1",Sus scrofa,2417,,8iah_S,Spectrin beta chain,Sus scrofa,2148,,hetero,2528.34,208,1,8iah
59 Details,8iah_9,Beta-adducin,Sus scrofa,724,,8iah_K,"Actin, cytoplasmic 1",Sus scrofa,375,,hetero,1403.04,106,1,8iah
60 Details,8iah_9,Beta-adducin,Sus scrofa,724,,8iah_U,Tropomyosin-1.9,Sus scrofa,248,,hetero,101.94,6,1,8iah
61 Details,8iah_A,"Actin, cytoplasmic 1",Sus scrofa,375,,8iah_B,"Actin, cytoplasmic 1",Sus scrofa,375,,homo,454.11,34,1,8iah
62 Details,8iah_A,"Actin, cytoplasmic 1",Sus scrofa,375,,8iah_C,"Actin, cytoplasmic 1",Sus scrofa,375,,homo,1081.27,89,1,8iah
63 Details,8iah_A,"Actin, cytoplasmic 1",Sus scrofa,375,,8iah_M,Spectrin beta chain,Sus scrofa,2148,,hetero,360.83,30,1,8iah
64 Details,8iah_A,"Actin, cytoplasmic 1",Sus scrofa,375,,8iah_U,Tropomyosin-1.9,Sus scrofa,248,,hetero,386.3,32,1,8iah
65 Details,8iah_A,"Actin, cytoplasmic 1",Sus scrofa,375,,8iah_Y,Tropomodulin-1,Sus scrofa,359,,hetero,2471.11,212,1,8iah
66 Details,8iah_A,"Actin, cytoplasmic 1",Sus scrofa,375,,8iah_Z,SH3 domain-binding glutamic acid-rich-like protein,Sus scrofa,107,,hetero,660.38,52,1,8iah
67 Details,8iah_B,"Actin, cytoplasmic 1",Sus scrofa,375,,8iah_C,"Actin, cytoplasmic 1",Sus scrofa,375,,homo,413.25,33,1,8iah
68 Details,8iah_B,"Actin, cytoplasmic 1",Sus scrofa,375,,8iah_D,"Actin, cytoplasmic 1",Sus scrofa,375,,homo,1115.78,92,1,8iah
69 Details,8iah_B,"Actin, cytoplasmic 1",Sus scrofa,375,,8iah_N,Spectrin beta chain,Sus scrofa,2148,,hetero,378.65,32,1,8iah
70 Details,8iah_B,"Actin, cytoplasmic 1",Sus scrofa,375,,8iah_Y,Tropomodulin-1,Sus scrofa,359,,hetero,2291.24,209,1,8iah
71 Details,8iah_B,"Actin, cytoplasmic 1",Sus scrofa,375,,8iah_Z,SH3 domain-binding glutamic acid-rich-like protein,Sus scrofa,107,,hetero,632.64,74,1,8iah
72 Details,8iah_C,"Actin, cytoplasmic 1",Sus scrofa,375,,8iah_D,"Actin, cytoplasmic 1",Sus scrofa,375,,homo,386.96,33,1,8iah
73 Details,8iah_C,"Actin, cytoplasmic 1",Sus scrofa,375,,8iah_E,"Actin, cytoplasmic 1",Sus scrofa,375,,homo,1139.66,92,1,8iah
74 Details,8iah_C,"Actin, cytoplasmic 1",Sus scrofa,375,,8iah_M,Spectrin beta chain,Sus scrofa,2148,,hetero,1580.22,138,1,8iah
75 Details,8iah_C,"Actin, cytoplasmic 1",Sus scrofa,375,,8iah_O,Spectrin beta chain,Sus scrofa,2148,,hetero,338.12,26,1,8iah
76 Details,8iah_C,"Actin, cytoplasmic 1",Sus scrofa,375,,8iah_Y,Tropomodulin-1,Sus scrofa,359,,hetero,229.21,22,1,8iah
77 Details,8iah_D,"Actin, cytoplasmic 1",Sus scrofa,375,,8iah_E,"Actin, cytoplasmic 1",Sus scrofa,375,,homo,375.65,31,1,8iah
78 Details,8iah_D,"Actin, cytoplasmic 1",Sus scrofa,375,,8iah_F,"Actin, cytoplasmic 1",Sus scrofa,375,,homo,1168.47,92,1,8iah
79 Details,8iah_D,"Actin, cytoplasmic 1",Sus scrofa,375,,8iah_N,Spectrin beta chain,Sus scrofa,2148,,hetero,1270.07,98,1,8iah
80 Details,8iah_D,"Actin, cytoplasmic 1",Sus scrofa,375,,8iah_P,Spectrin beta chain,Sus scrofa,2148,,hetero,340.18,28,1,8iah
81 Details,8iah_E,"Actin, cytoplasmic 1",Sus scrofa,375,,8iah_F,"Actin, cytoplasmic 1",Sus scrofa,375,,homo,391.85,33,1,8iah
82 Details,8iah_E,"Actin, cytoplasmic 1",Sus scrofa,375,,8iah_G,"Actin, cytoplasmic 1",Sus scrofa,375,,homo,1122.55,90,1,8iah
83 Details,8iah_E,"Actin, cytoplasmic 1",Sus scrofa,375,,8iah_O,Spectrin beta chain,Sus scrofa,2148,,hetero,1572.11,130,1,8iah
84 Details,8iah_E,"Actin, cytoplasmic 1",Sus scrofa,375,,8iah_Q,Spectrin beta chain,Sus scrofa,2148,,hetero,336.62,26,1,8iah
85 Details,8iah_F,"Actin, cytoplasmic 1",Sus scrofa,375,,8iah_G,"Actin, cytoplasmic 1",Sus scrofa,375,,homo,404.17,35,1,8iah
86 Details,8iah_F,"Actin, cytoplasmic 1",Sus scrofa,375,,8iah_H,"Actin, cytoplasmic 1",Sus scrofa,375,,homo,1101.4,92,1,8iah
87 Details,8iah_F,"Actin, cytoplasmic 1",Sus scrofa,375,,8iah_P,Spectrin beta chain,Sus scrofa,2148,,hetero,1186.74,99,1,8iah
88 Details,8iah_F,"Actin, cytoplasmic 1",Sus scrofa,375,,8iah_R,Spectrin beta chain,Sus scrofa,2148,,hetero,335.11,26,1,8iah
89 Details,8iah_G,"Actin, cytoplasmic 1",Sus scrofa,375,,8iah_H,"Actin, cytoplasmic 1",Sus scrofa,375,,homo,371.75,31,1,8iah
90 Details,8iah_G,"Actin, cytoplasmic 1",Sus scrofa,375,,8iah_I,"Actin, cytoplasmic 1",Sus scrofa,375,,homo,1148.2,92,1,8iah
91 Details,8iah_G,"Actin, cytoplasmic 1",Sus scrofa,375,,8iah_Q,Spectrin beta chain,Sus scrofa,2148,,hetero,1545.23,130,1,8iah
92 Details,8iah_G,"Actin, cytoplasmic 1",Sus scrofa,375,,8iah_S,Spectrin beta chain,Sus scrofa,2148,,hetero,358.3,27,1,8iah
93 Details,8iah_H,"Actin, cytoplasmic 1",Sus scrofa,375,,8iah_I,"Actin, cytoplasmic 1",Sus scrofa,375,,homo,384.15,33,1,8iah
94 Details,8iah_H,"Actin, cytoplasmic 1",Sus scrofa,375,,8iah_J,"Actin, cytoplasmic 1",Sus scrofa,375,,homo,1104.61,88,1,8iah
95 Details,8iah_H,"Actin, cytoplasmic 1",Sus scrofa,375,,8iah_R,Spectrin beta chain,Sus scrofa,2148,,hetero,1219.03,94,1,8iah
96 Details,8iah_H,"Actin, cytoplasmic 1",Sus scrofa,375,,8iah_T,Spectrin beta chain,Sus scrofa,2148,,hetero,327.35,24,1,8iah
97 Details,8iah_I,"Actin, cytoplasmic 1",Sus scrofa,375,,8iah_J,"Actin, cytoplasmic 1",Sus scrofa,375,,homo,399.04,31,1,8iah
98 Details,8iah_I,"Actin, cytoplasmic 1",Sus scrofa,375,,8iah_K,"Actin, cytoplasmic 1",Sus scrofa,375,,homo,1148.08,98,1,8iah
99 Details,8iah_I,"Actin, cytoplasmic 1",Sus scrofa,375,,8iah_S,Spectrin beta chain,Sus scrofa,2148,,hetero,1614.33,131,1,8iah
100 Details,8iah_J,"Actin, cytoplasmic 1",Sus scrofa,375,,8iah_K,"Actin, cytoplasmic 1",Sus scrofa,375,,homo,372.48,32,1,8iah
101 Details,8iah_J,"Actin, cytoplasmic 1",Sus scrofa,375,,8iah_L,"Actin, cytoplasmic 1",Sus scrofa,375,,homo,1170.4,103,1,8iah
102 Details,8iah_J,"Actin, cytoplasmic 1",Sus scrofa,375,,8iah_T,Spectrin beta chain,Sus scrofa,2148,,hetero,1580.89,125,1,8iah
103 Details,8iah_K,"Actin, cytoplasmic 1",Sus scrofa,375,,8iah_L,"Actin, cytoplasmic 1",Sus scrofa,375,,homo,408.61,33,1,8iah
104 Details,8iah_M,Spectrin beta chain,Sus scrofa,2148,,8iah_V,Tropomyosin 3,Sus scrofa,248,,hetero,318.15,29,1,8iah
105 Details,8iah_N,Spectrin beta chain,Sus scrofa,2148,,8iah_W,Tropomyosin 3,Sus scrofa,248,,hetero,180.79,10,1,8iah
106 Details,8iah_O,Spectrin beta chain,Sus scrofa,2148,,8iah_U,Tropomyosin-1.9,Sus scrofa,248,,hetero,239.69,17,1,8iah
107 Details,8iah_Q,Spectrin beta chain,Sus scrofa,2148,,8iah_V,Tropomyosin 3,Sus scrofa,248,,hetero,116.21,9,1,8iah
108 Details,8iah_S,Spectrin beta chain,Sus scrofa,2148,,8iah_U,Tropomyosin-1.9,Sus scrofa,248,,hetero,201.71,14,1,8iah
109 Details,8iah_S,Spectrin beta chain,Sus scrofa,2148,,8iah_V,Tropomyosin 3,Sus scrofa,248,,hetero,123.01,12,1,8iah
110 Details,8iah_T,Spectrin beta chain,Sus scrofa,2148,,8iah_W,Tropomyosin 3,Sus scrofa,248,,hetero,303.47,21,1,8iah
111 Details,8iah_U,Tropomyosin-1.9,Sus scrofa,248,,8iah_V,Tropomyosin 3,Sus scrofa,248,,hetero,5381.92,372,1,8iah
112 Details,8iah_U,Tropomyosin-1.9,Sus scrofa,248,,8iah_Y,Tropomodulin-1,Sus scrofa,359,,hetero,102.12,14,1,8iah
113 Details,8iah_V,Tropomyosin 3,Sus scrofa,248,,8iah_Y,Tropomodulin-1,Sus scrofa,359,,hetero,157.45,12,1,8iah
114 Details,8iah_W,Tropomyosin 3,Sus scrofa,248,,8iah_X,Tropomyosin 3,Sus scrofa,248,,homo,5497.17,374,1,8iah
115 Details,8iah_W,Tropomyosin 3,Sus scrofa,248,,8iah_Y,Tropomodulin-1,Sus scrofa,359,,hetero,699.33,49,1,8iah
116 Details,8iah_X,Tropomyosin 3,Sus scrofa,248,,8iah_Y,Tropomodulin-1,Sus scrofa,359,,hetero,528.95,39,1,8iah
1 Details,8vaa_A,"Actin, alpha skeletal muscle",Bos taurus,370,,8vaa_B,"Actin, alpha skeletal muscle",Bos taurus,370,,homo,376.39,30,1,8vaa
2 Details,8vaa_A,"Actin, alpha skeletal muscle",Bos taurus,370,,8vaa_C,"Actin, alpha skeletal muscle",Bos taurus,370,,homo,1072.53,89,1,8vaa
3 Details,8vaa_A,"Actin, alpha skeletal muscle",Bos taurus,370,,8vaa_K,F-actin-binding Coiled-Coil domain of LFAT1,Legionella pneumophila,69,,hetero,598.67,48,1,8vaa
4 Details,8vaa_B,"Actin, alpha skeletal muscle",Bos taurus,370,,8vaa_C,"Actin, alpha skeletal muscle",Bos taurus,370,,homo,382.29,31,1,8vaa
5 Details,8vaa_B,"Actin, alpha skeletal muscle",Bos taurus,370,,8vaa_D,"Actin, alpha skeletal muscle",Bos taurus,370,,homo,1086.62,91,1,8vaa
6 Details,8vaa_B,"Actin, alpha skeletal muscle",Bos taurus,370,,8vaa_L,F-actin-binding Coiled-Coil domain of LFAT1,Legionella pneumophila,69,,hetero,599.73,48,1,8vaa
7 Details,8vaa_C,"Actin, alpha skeletal muscle",Bos taurus,370,,8vaa_D,"Actin, alpha skeletal muscle",Bos taurus,370,,homo,380.14,31,1,8vaa
8 Details,8vaa_C,"Actin, alpha skeletal muscle",Bos taurus,370,,8vaa_E,"Actin, alpha skeletal muscle",Bos taurus,370,,homo,1096.86,92,1,8vaa
9 Details,8vaa_C,"Actin, alpha skeletal muscle",Bos taurus,370,,8vaa_K,F-actin-binding Coiled-Coil domain of LFAT1,Legionella pneumophila,69,,hetero,197.18,18,1,8vaa
10 Details,8vaa_C,"Actin, alpha skeletal muscle",Bos taurus,370,,8vaa_M,F-actin-binding Coiled-Coil domain of LFAT1,Legionella pneumophila,69,,hetero,605.03,48,1,8vaa
11 Details,8vaa_D,"Actin, alpha skeletal muscle",Bos taurus,370,,8vaa_E,"Actin, alpha skeletal muscle",Bos taurus,370,,homo,385.99,32,1,8vaa
12 Details,8vaa_D,"Actin, alpha skeletal muscle",Bos taurus,370,,8vaa_F,"Actin, alpha skeletal muscle",Bos taurus,370,,homo,1086.18,90,1,8vaa
13 Details,8vaa_D,"Actin, alpha skeletal muscle",Bos taurus,370,,8vaa_L,F-actin-binding Coiled-Coil domain of LFAT1,Legionella pneumophila,69,,hetero,193.39,18,1,8vaa
14 Details,8vaa_D,"Actin, alpha skeletal muscle",Bos taurus,370,,8vaa_N,F-actin-binding Coiled-Coil domain of LFAT1,Legionella pneumophila,69,,hetero,591.7,49,1,8vaa
15 Details,8vaa_E,"Actin, alpha skeletal muscle",Bos taurus,370,,8vaa_F,"Actin, alpha skeletal muscle",Bos taurus,370,,homo,381.15,33,1,8vaa
16 Details,8vaa_E,"Actin, alpha skeletal muscle",Bos taurus,370,,8vaa_G,"Actin, alpha skeletal muscle",Bos taurus,370,,homo,1109.47,91,1,8vaa
17 Details,8vaa_E,"Actin, alpha skeletal muscle",Bos taurus,370,,8vaa_M,F-actin-binding Coiled-Coil domain of LFAT1,Legionella pneumophila,69,,hetero,189.62,20,1,8vaa
18 Details,8vaa_E,"Actin, alpha skeletal muscle",Bos taurus,370,,8vaa_O,F-actin-binding Coiled-Coil domain of LFAT1,Legionella pneumophila,69,,hetero,586.54,48,1,8vaa
19 Details,8vaa_F,"Actin, alpha skeletal muscle",Bos taurus,370,,8vaa_G,"Actin, alpha skeletal muscle",Bos taurus,370,,homo,378.41,32,1,8vaa
20 Details,8vaa_F,"Actin, alpha skeletal muscle",Bos taurus,370,,8vaa_H,"Actin, alpha skeletal muscle",Bos taurus,370,,homo,1095.98,89,1,8vaa
21 Details,8vaa_F,"Actin, alpha skeletal muscle",Bos taurus,370,,8vaa_N,F-actin-binding Coiled-Coil domain of LFAT1,Legionella pneumophila,69,,hetero,199.95,19,1,8vaa
22 Details,8vaa_F,"Actin, alpha skeletal muscle",Bos taurus,370,,8vaa_P,F-actin-binding Coiled-Coil domain of LFAT1,Legionella pneumophila,69,,hetero,620.0,49,1,8vaa
23 Details,8vaa_G,"Actin, alpha skeletal muscle",Bos taurus,370,,8vaa_H,"Actin, alpha skeletal muscle",Bos taurus,370,,homo,378.62,30,1,8vaa
24 Details,8vaa_G,"Actin, alpha skeletal muscle",Bos taurus,370,,8vaa_I,"Actin, alpha skeletal muscle",Bos taurus,370,,homo,1060.14,89,1,8vaa
25 Details,8vaa_G,"Actin, alpha skeletal muscle",Bos taurus,370,,8vaa_O,F-actin-binding Coiled-Coil domain of LFAT1,Legionella pneumophila,69,,hetero,204.27,19,1,8vaa
26 Details,8vaa_G,"Actin, alpha skeletal muscle",Bos taurus,370,,8vaa_Q,F-actin-binding Coiled-Coil domain of LFAT1,Legionella pneumophila,69,,hetero,584.19,47,1,8vaa
27 Details,8vaa_H,"Actin, alpha skeletal muscle",Bos taurus,370,,8vaa_I,"Actin, alpha skeletal muscle",Bos taurus,370,,homo,387.31,33,1,8vaa
28 Details,8vaa_H,"Actin, alpha skeletal muscle",Bos taurus,370,,8vaa_J,"Actin, alpha skeletal muscle",Bos taurus,370,,homo,1062.41,91,1,8vaa
29 Details,8vaa_H,"Actin, alpha skeletal muscle",Bos taurus,370,,8vaa_P,F-actin-binding Coiled-Coil domain of LFAT1,Legionella pneumophila,69,,hetero,223.46,22,1,8vaa
30 Details,8vaa_H,"Actin, alpha skeletal muscle",Bos taurus,370,,8vaa_R,F-actin-binding Coiled-Coil domain of LFAT1,Legionella pneumophila,69,,hetero,625.22,52,1,8vaa
31 Details,8vaa_I,"Actin, alpha skeletal muscle",Bos taurus,370,,8vaa_J,"Actin, alpha skeletal muscle",Bos taurus,370,,homo,385.41,31,1,8vaa
32 Details,8vaa_I,"Actin, alpha skeletal muscle",Bos taurus,370,,8vaa_Q,F-actin-binding Coiled-Coil domain of LFAT1,Legionella pneumophila,69,,hetero,202.28,20,1,8vaa
33 Details,8vaa_I,"Actin, alpha skeletal muscle",Bos taurus,370,,8vaa_S,F-actin-binding Coiled-Coil domain of LFAT1,Legionella pneumophila,69,,hetero,597.78,48,1,8vaa
34 Details,8vaa_J,"Actin, alpha skeletal muscle",Bos taurus,370,,8vaa_R,F-actin-binding Coiled-Coil domain of LFAT1,Legionella pneumophila,69,,hetero,239.77,19,1,8vaa
35 Details,8vaa_J,"Actin, alpha skeletal muscle",Bos taurus,370,,8vaa_T,F-actin-binding Coiled-Coil domain of LFAT1,Legionella pneumophila,69,,hetero,613.37,49,1,8vaa
1 Details,6vao_C,"Actin, alpha skeletal muscle",Oryctolagus cuniculus,377,,6vao_A,"Actin, alpha skeletal muscle",Oryctolagus cuniculus,377,,homo,402.56,38,1,6vao
2 Details,6vao_C,"Actin, alpha skeletal muscle",Oryctolagus cuniculus,377,,6vao_D,"Actin, alpha skeletal muscle",Oryctolagus cuniculus,377,,homo,389.92,38,1,6vao
3 Details,6vao_C,"Actin, alpha skeletal muscle",Oryctolagus cuniculus,377,,6vao_J,Cofilin-1,Homo sapiens,166,,hetero,1003.78,84,1,6vao
4 Details,6vao_B,"Actin, alpha skeletal muscle",Oryctolagus cuniculus,377,,6vao_G,Cofilin-1,Homo sapiens,166,,hetero,791.09,60,1,6vao
5 Details,6vao_B,"Actin, alpha skeletal muscle",Oryctolagus cuniculus,377,,6vao_E,"Actin, alpha skeletal muscle",Oryctolagus cuniculus,377,,homo,423.61,40,1,6vao
6 Details,6vao_B,"Actin, alpha skeletal muscle",Oryctolagus cuniculus,377,,6vao_D,"Actin, alpha skeletal muscle",Oryctolagus cuniculus,377,,homo,400.48,38,1,6vao
7 Details,6vao_A,"Actin, alpha skeletal muscle",Oryctolagus cuniculus,377,,6vao_F,Cofilin-1,Homo sapiens,166,,hetero,791.07,60,1,6vao
8 Details,6vao_A,"Actin, alpha skeletal muscle",Oryctolagus cuniculus,377,,6vao_E,"Actin, alpha skeletal muscle",Oryctolagus cuniculus,377,,homo,385.63,38,1,6vao
9 Details,6vao_A,"Actin, alpha skeletal muscle",Oryctolagus cuniculus,377,,6vao_D,"Actin, alpha skeletal muscle",Oryctolagus cuniculus,377,,homo,404.62,39,1,6vao
10 Details,6vao_A,"Actin, alpha skeletal muscle",Oryctolagus cuniculus,377,,6vao_I,Cofilin-1,Homo sapiens,166,,hetero,1006.14,86,1,6vao
11 Details,6vao_G,Cofilin-1,Homo sapiens,166,,6vao_D,"Actin, alpha skeletal muscle",Oryctolagus cuniculus,377,,hetero,1029.12,85,1,6vao
12 Details,6vao_E,"Actin, alpha skeletal muscle",Oryctolagus cuniculus,377,,6vao_D,"Actin, alpha skeletal muscle",Oryctolagus cuniculus,377,,homo,415.29,40,1,6vao
13 Details,6vao_E,"Actin, alpha skeletal muscle",Oryctolagus cuniculus,377,,6vao_I,Cofilin-1,Homo sapiens,166,,hetero,791.07,61,1,6vao
14 Details,6vao_E,"Actin, alpha skeletal muscle",Oryctolagus cuniculus,377,,6vao_H,Cofilin-1,Homo sapiens,166,,hetero,1004.58,86,1,6vao
15 Details,6vao_D,"Actin, alpha skeletal muscle",Oryctolagus cuniculus,377,,6vao_J,Cofilin-1,Homo sapiens,166,,hetero,791.09,60,1,6vao
1 Details,9hm9_C,"Actin, alpha skeletal muscle",Oryctolagus cuniculus,374,,9hm9_F,Inositol-trisphosphate 3-kinase A,Rattus norvegicus,21,,hetero,590.27,51,1,9hm9
2 Details,9hm9_C,"Actin, alpha skeletal muscle",Oryctolagus cuniculus,374,,9hm9_A,"Actin, alpha skeletal muscle",Oryctolagus cuniculus,374,,homo,1172.72,101,1,9hm9
3 Details,9hm9_C,"Actin, alpha skeletal muscle",Oryctolagus cuniculus,374,,9hm9_E,"Actin, alpha skeletal muscle",Oryctolagus cuniculus,374,,homo,1119.4,101,1,9hm9
4 Details,9hm9_C,"Actin, alpha skeletal muscle",Oryctolagus cuniculus,374,,9hm9_B,"Actin, alpha skeletal muscle",Oryctolagus cuniculus,374,,homo,465.58,45,1,9hm9
5 Details,9hm9_C,"Actin, alpha skeletal muscle",Oryctolagus cuniculus,374,,9hm9_D,"Actin, alpha skeletal muscle",Oryctolagus cuniculus,374,,homo,452.66,44,1,9hm9
6 Details,9hm9_F,Inositol-trisphosphate 3-kinase A,Rattus norvegicus,21,,9hm9_E,"Actin, alpha skeletal muscle",Oryctolagus cuniculus,374,,hetero,144.84,15,1,9hm9
7 Details,9hm9_A,"Actin, alpha skeletal muscle",Oryctolagus cuniculus,374,,9hm9_B,"Actin, alpha skeletal muscle",Oryctolagus cuniculus,374,,homo,466.29,45,1,9hm9
8 Details,9hm9_E,"Actin, alpha skeletal muscle",Oryctolagus cuniculus,374,,9hm9_D,"Actin, alpha skeletal muscle",Oryctolagus cuniculus,374,,homo,446.11,43,1,9hm9
9 Details,9hm9_B,"Actin, alpha skeletal muscle",Oryctolagus cuniculus,374,,9hm9_D,"Actin, alpha skeletal muscle",Oryctolagus cuniculus,374,,homo,1170.9,100,1,9hm9
1 Details,8f8t_A,"Actin, alpha skeletal muscle",Oryctolagus cuniculus,377,,8f8t_B,"Actin, alpha skeletal muscle",Oryctolagus cuniculus,377,,homo,345.61,30,1,8f8t
2 Details,8f8t_A,"Actin, alpha skeletal muscle",Oryctolagus cuniculus,377,,8f8t_C,"Actin, alpha skeletal muscle",Oryctolagus cuniculus,377,,homo,1123.19,94,1,8f8t
3 Details,8f8t_A,"Actin, alpha skeletal muscle",Oryctolagus cuniculus,377,,8f8t_T,Tropomodulin-1,Homo sapiens,359,,hetero,1991.96,159,1,8f8t
4 Details,8f8t_B,"Actin, alpha skeletal muscle",Oryctolagus cuniculus,377,,8f8t_C,"Actin, alpha skeletal muscle",Oryctolagus cuniculus,377,,homo,411.9,38,1,8f8t
5 Details,8f8t_B,"Actin, alpha skeletal muscle",Oryctolagus cuniculus,377,,8f8t_D,"Actin, alpha skeletal muscle",Oryctolagus cuniculus,377,,homo,1158.12,92,1,8f8t
6 Details,8f8t_B,"Actin, alpha skeletal muscle",Oryctolagus cuniculus,377,,8f8t_T,Tropomodulin-1,Homo sapiens,359,,hetero,1904.92,172,1,8f8t
7 Details,8f8t_C,"Actin, alpha skeletal muscle",Oryctolagus cuniculus,377,,8f8t_D,"Actin, alpha skeletal muscle",Oryctolagus cuniculus,377,,homo,409.89,35,1,8f8t
8 Details,8f8t_C,"Actin, alpha skeletal muscle",Oryctolagus cuniculus,377,,8f8t_E,"Actin, alpha skeletal muscle",Oryctolagus cuniculus,377,,homo,1154.81,90,1,8f8t
9 Details,8f8t_C,"Actin, alpha skeletal muscle",Oryctolagus cuniculus,377,,8f8t_T,Tropomodulin-1,Homo sapiens,359,,hetero,235.45,24,1,8f8t
10 Details,8f8t_D,"Actin, alpha skeletal muscle",Oryctolagus cuniculus,377,,8f8t_E,"Actin, alpha skeletal muscle",Oryctolagus cuniculus,377,,homo,423.19,35,1,8f8t
11 Details,8f8t_D,"Actin, alpha skeletal muscle",Oryctolagus cuniculus,377,,8f8t_F,"Actin, alpha skeletal muscle",Oryctolagus cuniculus,377,,homo,1164.25,88,1,8f8t
12 Details,8f8t_E,"Actin, alpha skeletal muscle",Oryctolagus cuniculus,377,,8f8t_F,"Actin, alpha skeletal muscle",Oryctolagus cuniculus,377,,homo,417.42,37,1,8f8t
13 Details,8f8t_E,"Actin, alpha skeletal muscle",Oryctolagus cuniculus,377,,8f8t_G,"Actin, alpha skeletal muscle",Oryctolagus cuniculus,377,,homo,1159.35,88,1,8f8t
14 Details,8f8t_F,"Actin, alpha skeletal muscle",Oryctolagus cuniculus,377,,8f8t_G,"Actin, alpha skeletal muscle",Oryctolagus cuniculus,377,,homo,423.28,36,1,8f8t
1 Details,6vau_E,"Actin, alpha skeletal muscle",Oryctolagus cuniculus,377,,6vau_A,"Actin, alpha skeletal muscle",Oryctolagus cuniculus,377,,homo,435.09,37,1,6vau
2 Details,6vau_E,"Actin, alpha skeletal muscle",Oryctolagus cuniculus,377,,6vau_B,"Actin, alpha skeletal muscle",Oryctolagus cuniculus,377,,homo,1141.64,99,1,6vau
3 Details,6vau_D,"Actin, alpha skeletal muscle",Oryctolagus cuniculus,377,,6vau_C,"Actin, alpha skeletal muscle",Oryctolagus cuniculus,377,,homo,449.75,37,1,6vau
4 Details,6vau_D,"Actin, alpha skeletal muscle",Oryctolagus cuniculus,377,,6vau_B,"Actin, alpha skeletal muscle",Oryctolagus cuniculus,377,,homo,1141.86,100,1,6vau
5 Details,6vau_A,"Actin, alpha skeletal muscle",Oryctolagus cuniculus,377,,6vau_C,"Actin, alpha skeletal muscle",Oryctolagus cuniculus,377,,homo,1152.9,99,1,6vau
6 Details,6vau_A,"Actin, alpha skeletal muscle",Oryctolagus cuniculus,377,,6vau_B,"Actin, alpha skeletal muscle",Oryctolagus cuniculus,377,,homo,440.36,38,1,6vau
7 Details,6vau_C,"Actin, alpha skeletal muscle",Oryctolagus cuniculus,377,,6vau_B,"Actin, alpha skeletal muscle",Oryctolagus cuniculus,377,,homo,442.65,37,1,6vau
1 Details,9gob_C,"Actin, alpha skeletal muscle",Oryctolagus cuniculus,374,,9gob_F,Inositol-trisphosphate 3-kinase A,Rattus norvegicus,43,,hetero,572.94,47,1,9gob
2 Details,9gob_C,"Actin, alpha skeletal muscle",Oryctolagus cuniculus,374,,9gob_A,"Actin, alpha skeletal muscle",Oryctolagus cuniculus,374,,homo,1169.47,102,1,9gob
3 Details,9gob_C,"Actin, alpha skeletal muscle",Oryctolagus cuniculus,374,,9gob_E,"Actin, alpha skeletal muscle",Oryctolagus cuniculus,374,,homo,1110.66,98,1,9gob
4 Details,9gob_C,"Actin, alpha skeletal muscle",Oryctolagus cuniculus,374,,9gob_B,"Actin, alpha skeletal muscle",Oryctolagus cuniculus,374,,homo,462.36,44,1,9gob
5 Details,9gob_C,"Actin, alpha skeletal muscle",Oryctolagus cuniculus,374,,9gob_D,"Actin, alpha skeletal muscle",Oryctolagus cuniculus,374,,homo,452.29,45,1,9gob
6 Details,9gob_F,Inositol-trisphosphate 3-kinase A,Rattus norvegicus,43,,9gob_E,"Actin, alpha skeletal muscle",Oryctolagus cuniculus,374,,hetero,227.23,15,1,9gob
7 Details,9gob_A,"Actin, alpha skeletal muscle",Oryctolagus cuniculus,374,,9gob_B,"Actin, alpha skeletal muscle",Oryctolagus cuniculus,374,,homo,466.18,44,1,9gob
8 Details,9gob_E,"Actin, alpha skeletal muscle",Oryctolagus cuniculus,374,,9gob_D,"Actin, alpha skeletal muscle",Oryctolagus cuniculus,374,,homo,448.77,44,1,9gob
9 Details,9gob_B,"Actin, alpha skeletal muscle",Oryctolagus cuniculus,374,,9gob_D,"Actin, alpha skeletal muscle",Oryctolagus cuniculus,374,,homo,1172.25,102,1,9gob
1 Details,8ib2_5,Dematin actin binding protein,Sus scrofa,405,,8ib2_D,"Actin, cytoplasmic 1, N-terminally processed",Sus scrofa,375,,hetero,124.19,12,1,8ib2
2 Details,8ib2_5,Dematin actin binding protein,Sus scrofa,405,,8ib2_E,"Actin, cytoplasmic 1, N-terminally processed",Sus scrofa,375,,hetero,360.13,27,1,8ib2
3 Details,8ib2_B,"Actin, cytoplasmic 1, N-terminally processed",Sus scrofa,375,,8ib2_C,"Actin, cytoplasmic 1, N-terminally processed",Sus scrofa,375,,homo,395.19,33,1,8ib2
4 Details,8ib2_B,"Actin, cytoplasmic 1, N-terminally processed",Sus scrofa,375,,8ib2_D,"Actin, cytoplasmic 1, N-terminally processed",Sus scrofa,375,,homo,1166.87,93,1,8ib2
5 Details,8ib2_C,"Actin, cytoplasmic 1, N-terminally processed",Sus scrofa,375,,8ib2_D,"Actin, cytoplasmic 1, N-terminally processed",Sus scrofa,375,,homo,413.64,34,1,8ib2
6 Details,8ib2_C,"Actin, cytoplasmic 1, N-terminally processed",Sus scrofa,375,,8ib2_E,"Actin, cytoplasmic 1, N-terminally processed",Sus scrofa,375,,homo,1150.11,91,1,8ib2
7 Details,8ib2_D,"Actin, cytoplasmic 1, N-terminally processed",Sus scrofa,375,,8ib2_E,"Actin, cytoplasmic 1, N-terminally processed",Sus scrofa,375,,homo,374.35,30,1,8ib2
8 Details,8ib2_D,"Actin, cytoplasmic 1, N-terminally processed",Sus scrofa,375,,8ib2_F,"Actin, cytoplasmic 1, N-terminally processed",Sus scrofa,375,,homo,1167.19,92,1,8ib2
9 Details,8ib2_E,"Actin, cytoplasmic 1, N-terminally processed",Sus scrofa,375,,8ib2_F,"Actin, cytoplasmic 1, N-terminally processed",Sus scrofa,375,,homo,385.53,30,1,8ib2
1 Details,8f8s_A,"Actin, alpha skeletal muscle",Oryctolagus cuniculus,377,,8f8s_B,"Actin, alpha skeletal muscle",Oryctolagus cuniculus,377,,homo,329.55,27,1,8f8s
2 Details,8f8s_A,"Actin, alpha skeletal muscle",Oryctolagus cuniculus,377,,8f8s_C,"Actin, alpha skeletal muscle",Oryctolagus cuniculus,377,,homo,1062.73,94,1,8f8s
3 Details,8f8s_B,"Actin, alpha skeletal muscle",Oryctolagus cuniculus,377,,8f8s_C,"Actin, alpha skeletal muscle",Oryctolagus cuniculus,377,,homo,342.67,31,1,8f8s
4 Details,8f8s_B,"Actin, alpha skeletal muscle",Oryctolagus cuniculus,377,,8f8s_D,"Actin, alpha skeletal muscle",Oryctolagus cuniculus,377,,homo,1147.45,94,1,8f8s
5 Details,8f8s_C,"Actin, alpha skeletal muscle",Oryctolagus cuniculus,377,,8f8s_D,"Actin, alpha skeletal muscle",Oryctolagus cuniculus,377,,homo,378.65,32,1,8f8s
6 Details,8f8s_C,"Actin, alpha skeletal muscle",Oryctolagus cuniculus,377,,8f8s_E,"Actin, alpha skeletal muscle",Oryctolagus cuniculus,377,,homo,1166.84,94,1,8f8s
7 Details,8f8s_D,"Actin, alpha skeletal muscle",Oryctolagus cuniculus,377,,8f8s_E,"Actin, alpha skeletal muscle",Oryctolagus cuniculus,377,,homo,393.55,34,1,8f8s
8 Details,8f8s_D,"Actin, alpha skeletal muscle",Oryctolagus cuniculus,377,,8f8s_F,"Actin, alpha skeletal muscle",Oryctolagus cuniculus,377,,homo,1160.06,94,1,8f8s
9 Details,8f8s_E,"Actin, alpha skeletal muscle",Oryctolagus cuniculus,377,,8f8s_F,"Actin, alpha skeletal muscle",Oryctolagus cuniculus,377,,homo,413.65,34,1,8f8s
10 Details,8f8s_E,"Actin, alpha skeletal muscle",Oryctolagus cuniculus,377,,8f8s_G,"Actin, alpha skeletal muscle",Oryctolagus cuniculus,377,,homo,1163.73,92,1,8f8s
11 Details,8f8s_F,"Actin, alpha skeletal muscle",Oryctolagus cuniculus,377,,8f8s_G,"Actin, alpha skeletal muscle",Oryctolagus cuniculus,377,,homo,413.85,35,1,8f8s
1 Details,3tpq_M,MAL,Mus musculus,117,,3tpq_E,"Actin, alpha skeletal muscle",Oryctolagus cuniculus,375,,hetero,577.95,55,1,3tpq
2 Details,3tpq_M,MAL,Mus musculus,117,,3tpq_D,"Actin, alpha skeletal muscle",Oryctolagus cuniculus,375,,hetero,1007.59,86,1,3tpq
3 Details,3tpq_M,MAL,Mus musculus,117,,3tpq_C,"Actin, alpha skeletal muscle",Oryctolagus cuniculus,375,,hetero,658.95,57,1,3tpq
4 Details,3tpq_M,MAL,Mus musculus,117,,3tpq_B,"Actin, alpha skeletal muscle",Oryctolagus cuniculus,375,,hetero,1139.16,88,1,3tpq
5 Details,3tpq_M,MAL,Mus musculus,117,,3tpq_A,"Actin, alpha skeletal muscle",Oryctolagus cuniculus,375,,hetero,1481.05,123,1,3tpq
6 Details,3tpq_D,"Actin, alpha skeletal muscle",Oryctolagus cuniculus,375,,3tpq_A,"Actin, alpha skeletal muscle",Oryctolagus cuniculus,375,,homo,403.74,37,1,3tpq
7 Details,3tpq_C,"Actin, alpha skeletal muscle",Oryctolagus cuniculus,375,,3tpq_B,"Actin, alpha skeletal muscle",Oryctolagus cuniculus,375,,homo,116.56,10,1,3tpq
8 Details,3tpq_B,"Actin, alpha skeletal muscle",Oryctolagus cuniculus,375,,3tpq_A,"Actin, alpha skeletal muscle",Oryctolagus cuniculus,375,,homo,203.24,19,1,3tpq
1 Details,8ord_A,"Actin, alpha 1b, skeletal muscle",Danio rerio,377,,8ord_B,"Actin, alpha 1b, skeletal muscle",Danio rerio,377,,homo,1072.52,94,1,8ord
2 Details,8ord_A,"Actin, alpha 1b, skeletal muscle",Danio rerio,377,,8ord_C,"Actin, alpha 1b, skeletal muscle",Danio rerio,377,,homo,454.05,35,1,8ord
3 Details,8ord_A,"Actin, alpha 1b, skeletal muscle",Danio rerio,377,,8ord_D,"Actin, alpha 1b, skeletal muscle",Danio rerio,377,,homo,446.9,39,1,8ord
4 Details,8ord_A,"Actin, alpha 1b, skeletal muscle",Danio rerio,377,,8ord_E,"Actin, alpha 1b, skeletal muscle",Danio rerio,377,,homo,1080.93,96,1,8ord
5 Details,8ord_B,"Actin, alpha 1b, skeletal muscle",Danio rerio,377,,8ord_C,"Actin, alpha 1b, skeletal muscle",Danio rerio,377,,homo,483.69,41,1,8ord
6 Details,8ord_C,"Actin, alpha 1b, skeletal muscle",Danio rerio,377,,8ord_D,"Actin, alpha 1b, skeletal muscle",Danio rerio,377,,homo,1054.26,95,1,8ord
7 Details,8ord_D,"Actin, alpha 1b, skeletal muscle",Danio rerio,377,,8ord_E,"Actin, alpha 1b, skeletal muscle",Danio rerio,377,,homo,469.26,44,1,8ord
1 Details,7ztc_A,"actin, cytoplasmic 1",Homo sapiens,375,,7ztc_B,"actin, cytoplasmic 1",Homo sapiens,375,,homo,389.06,33,1,7ztc
2 Details,7ztc_A,"actin, cytoplasmic 1",Homo sapiens,375,,7ztc_C,"actin, cytoplasmic 1",Homo sapiens,375,,homo,927.24,81,1,7ztc
3 Details,7ztc_B,"actin, cytoplasmic 1",Homo sapiens,375,,7ztc_C,"actin, cytoplasmic 1",Homo sapiens,375,,homo,385.21,31,1,7ztc
4 Details,7ztc_B,"actin, cytoplasmic 1",Homo sapiens,375,,7ztc_D,"actin, cytoplasmic 1",Homo sapiens,375,,homo,930.38,80,1,7ztc
5 Details,7ztc_C,"actin, cytoplasmic 1",Homo sapiens,375,,7ztc_D,"actin, cytoplasmic 1",Homo sapiens,375,,homo,362.59,30,1,7ztc
6 Details,7ztc_C,"actin, cytoplasmic 1",Homo sapiens,375,,7ztc_E,"actin, cytoplasmic 1",Homo sapiens,375,,homo,918.54,76,1,7ztc
7 Details,7ztc_D,"actin, cytoplasmic 1",Homo sapiens,375,,7ztc_E,"actin, cytoplasmic 1",Homo sapiens,375,,homo,372.1,32,1,7ztc
8 Details,7ztc_D,"actin, cytoplasmic 1",Homo sapiens,375,,7ztc_F,"actin, cytoplasmic 1",Homo sapiens,375,,homo,934.35,81,1,7ztc
9 Details,7ztc_E,"actin, cytoplasmic 1",Homo sapiens,375,,7ztc_F,"actin, cytoplasmic 1",Homo sapiens,375,,homo,391.25,31,1,7ztc
10 Details,7ztc_E,"actin, cytoplasmic 1",Homo sapiens,375,,7ztc_G,"actin, cytoplasmic 1",Homo sapiens,375,,homo,949.98,79,1,7ztc
11 Details,7ztc_F,"actin, cytoplasmic 1",Homo sapiens,375,,7ztc_G,"actin, cytoplasmic 1",Homo sapiens,375,,homo,386.37,32,1,7ztc
12 Details,7ztc_F,"actin, cytoplasmic 1",Homo sapiens,375,,7ztc_H,"actin, cytoplasmic 1",Homo sapiens,375,,homo,932.45,80,1,7ztc
13 Details,7ztc_G,"actin, cytoplasmic 1",Homo sapiens,375,,7ztc_H,"actin, cytoplasmic 1",Homo sapiens,375,,homo,386.37,33,1,7ztc
1 Details,8f8r_A,"Actin, alpha skeletal muscle",Oryctolagus cuniculus,377,,8f8r_B,"Actin, alpha skeletal muscle",Oryctolagus cuniculus,377,,homo,421.45,34,1,8f8r
2 Details,8f8r_A,"Actin, alpha skeletal muscle",Oryctolagus cuniculus,377,,8f8r_C,"Actin, alpha skeletal muscle",Oryctolagus cuniculus,377,,homo,1177.43,98,1,8f8r
3 Details,8f8r_B,"Actin, alpha skeletal muscle",Oryctolagus cuniculus,377,,8f8r_C,"Actin, alpha skeletal muscle",Oryctolagus cuniculus,377,,homo,422.13,34,1,8f8r
4 Details,8f8r_B,"Actin, alpha skeletal muscle",Oryctolagus cuniculus,377,,8f8r_D,"Actin, alpha skeletal muscle",Oryctolagus cuniculus,377,,homo,1194.06,99,1,8f8r
5 Details,8f8r_C,"Actin, alpha skeletal muscle",Oryctolagus cuniculus,377,,8f8r_D,"Actin, alpha skeletal muscle",Oryctolagus cuniculus,377,,homo,423.13,37,1,8f8r
6 Details,8f8r_C,"Actin, alpha skeletal muscle",Oryctolagus cuniculus,377,,8f8r_E,"Actin, alpha skeletal muscle",Oryctolagus cuniculus,377,,homo,1215.24,101,1,8f8r
7 Details,8f8r_D,"Actin, alpha skeletal muscle",Oryctolagus cuniculus,377,,8f8r_E,"Actin, alpha skeletal muscle",Oryctolagus cuniculus,377,,homo,426.09,34,1,8f8r
8 Details,8f8r_D,"Actin, alpha skeletal muscle",Oryctolagus cuniculus,377,,8f8r_F,"Actin, alpha skeletal muscle",Oryctolagus cuniculus,377,,homo,1179.26,98,1,8f8r
9 Details,8f8r_E,"Actin, alpha skeletal muscle",Oryctolagus cuniculus,377,,8f8r_F,"Actin, alpha skeletal muscle",Oryctolagus cuniculus,377,,homo,429.17,37,1,8f8r
10 Details,8f8r_E,"Actin, alpha skeletal muscle",Oryctolagus cuniculus,377,,8f8r_G,"Actin, alpha skeletal muscle",Oryctolagus cuniculus,377,,homo,1198.93,97,1,8f8r
11 Details,8f8r_F,"Actin, alpha skeletal muscle",Oryctolagus cuniculus,377,,8f8r_G,"Actin, alpha skeletal muscle",Oryctolagus cuniculus,377,,homo,425.14,41,1,8f8r
1 Details,7pdz_E,Isoform 2 of F-actin-capping protein subunit beta,Mus musculus,272,,7pdz_F,F-actin-capping protein subunit alpha-1,Mus musculus,286,,hetero,3534.35,286,1,7pdz
2 Details,7pdz_E,Isoform 2 of F-actin-capping protein subunit beta,Mus musculus,272,,7pdz_I,"Actin, cytoplasmic 1",Bos taurus,375,,hetero,973.56,74,1,7pdz
3 Details,7pdz_E,Isoform 2 of F-actin-capping protein subunit beta,Mus musculus,272,,7pdz_J,"Actin, cytoplasmic 1",Bos taurus,375,,hetero,130.9,10,1,7pdz
4 Details,7pdz_F,F-actin-capping protein subunit alpha-1,Mus musculus,286,,7pdz_I,"Actin, cytoplasmic 1",Bos taurus,375,,hetero,353.83,28,1,7pdz
5 Details,7pdz_F,F-actin-capping protein subunit alpha-1,Mus musculus,286,,7pdz_J,"Actin, cytoplasmic 1",Bos taurus,375,,hetero,785.12,66,1,7pdz
6 Details,7pdz_I,"Actin, cytoplasmic 1",Bos taurus,375,,7pdz_J,"Actin, cytoplasmic 1",Bos taurus,375,,homo,410.27,36,1,7pdz
7 Details,7pdz_I,"Actin, cytoplasmic 1",Bos taurus,375,,7pdz_K,"Actin, cytoplasmic 1",Bos taurus,375,,homo,1186.47,104,1,7pdz
9 Details,7pdz_J,"Actin, cytoplasmic 1",Bos taurus,375,,7pdz_K,"Actin, cytoplasmic 1",Bos taurus,375,,homo,407.45,39,1,7pdz
10 Details,7pdz_J,"Actin, cytoplasmic 1",Bos taurus,375,,7pdz_L,"Actin, cytoplasmic 1",Bos taurus,375,,homo,1206.67,107,1,7pdz
13 Details,7pdz_K,"Actin, cytoplasmic 1",Bos taurus,375,,7pdz_L,"Actin, cytoplasmic 1",Bos taurus,375,,homo,418.17,40,1,7pdz
14 Details,7pdz_K,"Actin, cytoplasmic 1",Bos taurus,375,,7pdz_N,"Actin, cytoplasmic 1",Bos taurus,375,,homo,1196.75,100,1,7pdz
17 Details,7pdz_L,"Actin, cytoplasmic 1",Bos taurus,375,,7pdz_N,"Actin, cytoplasmic 1",Bos taurus,375,,homo,390.78,36,1,7pdz
18 Details,7pdz_L,"Actin, cytoplasmic 1",Bos taurus,375,,7pdz_O,"Actin, cytoplasmic 1",Bos taurus,375,,homo,1164.72,98,1,7pdz
21 Details,7pdz_N,"Actin, cytoplasmic 1",Bos taurus,375,,7pdz_O,"Actin, cytoplasmic 1",Bos taurus,375,,homo,428.47,38,1,7pdz
1 Details,9az6_A,"Actin, alpha skeletal muscle",Oryctolagus cuniculus,375,,9az6_B,"Actin, alpha skeletal muscle",Oryctolagus cuniculus,375,,homo,412.52,36,1,9az6
2 Details,9az6_A,"Actin, alpha skeletal muscle",Oryctolagus cuniculus,375,,9az6_C,"Actin, alpha skeletal muscle",Oryctolagus cuniculus,375,,homo,1183.48,97,1,9az6
3 Details,9az6_A,"Actin, alpha skeletal muscle",Oryctolagus cuniculus,375,,9az6_H,Talin-1,Mus musculus,246,,hetero,459.15,40,1,9az6
4 Details,9az6_A,"Actin, alpha skeletal muscle",Oryctolagus cuniculus,375,,9az6_I,Talin-1,Mus musculus,246,,hetero,233.84,23,1,9az6
5 Details,9az6_B,"Actin, alpha skeletal muscle",Oryctolagus cuniculus,375,,9az6_C,"Actin, alpha skeletal muscle",Oryctolagus cuniculus,375,,homo,417.09,34,1,9az6
6 Details,9az6_B,"Actin, alpha skeletal muscle",Oryctolagus cuniculus,375,,9az6_D,"Actin, alpha skeletal muscle",Oryctolagus cuniculus,375,,homo,1198.35,99,1,9az6
7 Details,9az6_B,"Actin, alpha skeletal muscle",Oryctolagus cuniculus,375,,9az6_F,Talin-1,Mus musculus,246,,hetero,1586.56,134,1,9az6
8 Details,9az6_B,"Actin, alpha skeletal muscle",Oryctolagus cuniculus,375,,9az6_J,Talin-1,Mus musculus,246,,hetero,464.48,37,1,9az6
9 Details,9az6_B,"Actin, alpha skeletal muscle",Oryctolagus cuniculus,375,,9az6_K,Talin-1,Mus musculus,246,,hetero,196.85,22,1,9az6
10 Details,9az6_C,"Actin, alpha skeletal muscle",Oryctolagus cuniculus,375,,9az6_D,"Actin, alpha skeletal muscle",Oryctolagus cuniculus,375,,homo,415.91,34,1,9az6
11 Details,9az6_C,"Actin, alpha skeletal muscle",Oryctolagus cuniculus,375,,9az6_E,"Actin, alpha skeletal muscle",Oryctolagus cuniculus,375,,homo,1174.43,101,1,9az6
12 Details,9az6_C,"Actin, alpha skeletal muscle",Oryctolagus cuniculus,375,,9az6_H,Talin-1,Mus musculus,246,,hetero,1721.53,132,1,9az6
13 Details,9az6_C,"Actin, alpha skeletal muscle",Oryctolagus cuniculus,375,,9az6_L,Talin-1,Mus musculus,246,,hetero,455.87,41,1,9az6
14 Details,9az6_C,"Actin, alpha skeletal muscle",Oryctolagus cuniculus,375,,9az6_M,Talin-1,Mus musculus,246,,hetero,219.53,22,1,9az6
15 Details,9az6_D,"Actin, alpha skeletal muscle",Oryctolagus cuniculus,375,,9az6_E,"Actin, alpha skeletal muscle",Oryctolagus cuniculus,375,,homo,411.21,35,1,9az6
16 Details,9az6_D,"Actin, alpha skeletal muscle",Oryctolagus cuniculus,375,,9az6_J,Talin-1,Mus musculus,246,,hetero,1647.7,137,1,9az6
17 Details,9az6_E,"Actin, alpha skeletal muscle",Oryctolagus cuniculus,375,,9az6_L,Talin-1,Mus musculus,246,,hetero,1687.62,134,1,9az6
18 Details,9az6_F,Talin-1,Mus musculus,246,,9az6_G,Talin-1,Mus musculus,246,,homo,1593.53,122,1,9az6
19 Details,9az6_H,Talin-1,Mus musculus,246,,9az6_I,Talin-1,Mus musculus,246,,homo,1594.74,117,1,9az6
20 Details,9az6_J,Talin-1,Mus musculus,246,,9az6_K,Talin-1,Mus musculus,246,,homo,1517.82,117,1,9az6
21 Details,9az6_L,Talin-1,Mus musculus,246,,9az6_M,Talin-1,Mus musculus,246,,homo,1547.27,111,1,9az6
1 Details,8f8q_A,"Actin, alpha skeletal muscle",Oryctolagus cuniculus,377,,8f8q_B,"Actin, alpha skeletal muscle",Oryctolagus cuniculus,377,,homo,405.7,32,1,8f8q
2 Details,8f8q_A,"Actin, alpha skeletal muscle",Oryctolagus cuniculus,377,,8f8q_C,"Actin, alpha skeletal muscle",Oryctolagus cuniculus,377,,homo,1171.68,94,1,8f8q
3 Details,8f8q_B,"Actin, alpha skeletal muscle",Oryctolagus cuniculus,377,,8f8q_C,"Actin, alpha skeletal muscle",Oryctolagus cuniculus,377,,homo,393.66,33,1,8f8q
4 Details,8f8q_B,"Actin, alpha skeletal muscle",Oryctolagus cuniculus,377,,8f8q_D,"Actin, alpha skeletal muscle",Oryctolagus cuniculus,377,,homo,1172.46,97,1,8f8q
5 Details,8f8q_C,"Actin, alpha skeletal muscle",Oryctolagus cuniculus,377,,8f8q_D,"Actin, alpha skeletal muscle",Oryctolagus cuniculus,377,,homo,414.1,34,1,8f8q
6 Details,8f8q_C,"Actin, alpha skeletal muscle",Oryctolagus cuniculus,377,,8f8q_E,"Actin, alpha skeletal muscle",Oryctolagus cuniculus,377,,homo,1178.64,97,1,8f8q
7 Details,8f8q_D,"Actin, alpha skeletal muscle",Oryctolagus cuniculus,377,,8f8q_E,"Actin, alpha skeletal muscle",Oryctolagus cuniculus,377,,homo,418.58,35,1,8f8q
8 Details,8f8q_D,"Actin, alpha skeletal muscle",Oryctolagus cuniculus,377,,8f8q_F,"Actin, alpha skeletal muscle",Oryctolagus cuniculus,377,,homo,1175.7,99,1,8f8q
9 Details,8f8q_E,"Actin, alpha skeletal muscle",Oryctolagus cuniculus,377,,8f8q_F,"Actin, alpha skeletal muscle",Oryctolagus cuniculus,377,,homo,418.04,32,1,8f8q
10 Details,8f8q_E,"Actin, alpha skeletal muscle",Oryctolagus cuniculus,377,,8f8q_G,F-actin-capping protein subunit alpha-1,Homo sapiens,286,,hetero,983.3,71,1,8f8q
11 Details,8f8q_E,"Actin, alpha skeletal muscle",Oryctolagus cuniculus,377,,8f8q_H,F-actin-capping protein subunit beta,Homo sapiens,276,,hetero,151.7,9,1,8f8q
12 Details,8f8q_F,"Actin, alpha skeletal muscle",Oryctolagus cuniculus,377,,8f8q_G,F-actin-capping protein subunit alpha-1,Homo sapiens,286,,hetero,345.56,28,1,8f8q
13 Details,8f8q_F,"Actin, alpha skeletal muscle",Oryctolagus cuniculus,377,,8f8q_H,F-actin-capping protein subunit beta,Homo sapiens,276,,hetero,1012.63,75,1,8f8q
14 Details,8f8q_G,F-actin-capping protein subunit alpha-1,Homo sapiens,286,,8f8q_H,F-actin-capping protein subunit beta,Homo sapiens,276,,hetero,3797.78,309,1,8f8q
1 Details,9go5_A,Actin,Saccharomyces cerevisiae,375,,9go5_B,Actin,Saccharomyces cerevisiae,375,,homo,403.27,36,1,9go5
2 Details,9go5_A,Actin,Saccharomyces cerevisiae,375,,9go5_C,Actin,Saccharomyces cerevisiae,375,,homo,403.01,36,1,9go5
3 Details,9go5_A,Actin,Saccharomyces cerevisiae,375,,9go5_D,Actin,Saccharomyces cerevisiae,375,,homo,1151.83,94,1,9go5
4 Details,9go5_A,Actin,Saccharomyces cerevisiae,375,,9go5_E,Actin,Saccharomyces cerevisiae,375,,homo,1137.66,92,1,9go5
5 Details,9go5_B,Actin,Saccharomyces cerevisiae,375,,9go5_C,Actin,Saccharomyces cerevisiae,375,,homo,1154.99,95,1,9go5
6 Details,9go5_B,Actin,Saccharomyces cerevisiae,375,,9go5_E,Actin,Saccharomyces cerevisiae,375,,homo,396.7,34,1,9go5
7 Details,9go5_C,Actin,Saccharomyces cerevisiae,375,,9go5_D,Actin,Saccharomyces cerevisiae,375,,homo,403.22,36,1,9go5
1 Details,9dva_A,"Actin, alpha skeletal muscle",Gallus gallus,375,,9dva_B,"Actin, alpha skeletal muscle",Gallus gallus,375,,homo,1141.53,90,1,9dva
2 Details,9dva_A,"Actin, alpha skeletal muscle",Gallus gallus,375,,9dva_D,"Actin, alpha skeletal muscle",Gallus gallus,375,,homo,404.55,35,1,9dva
3 Details,9dva_A,"Actin, alpha skeletal muscle",Gallus gallus,375,,9dva_H,Catenin alpha-1,Mus musculus,906,,hetero,1387.21,100,1,9dva
4 Details,9dva_B,"Actin, alpha skeletal muscle",Gallus gallus,375,,9dva_C,"Actin, alpha skeletal muscle",Gallus gallus,375,,homo,1146.78,86,1,9dva
5 Details,9dva_B,"Actin, alpha skeletal muscle",Gallus gallus,375,,9dva_D,"Actin, alpha skeletal muscle",Gallus gallus,375,,homo,415.71,36,1,9dva
6 Details,9dva_B,"Actin, alpha skeletal muscle",Gallus gallus,375,,9dva_E,"Actin, alpha skeletal muscle",Gallus gallus,375,,homo,402.35,32,1,9dva
7 Details,9dva_B,"Actin, alpha skeletal muscle",Gallus gallus,375,,9dva_F,Catenin alpha-1,Mus musculus,906,,hetero,1398.24,103,1,9dva
8 Details,9dva_B,"Actin, alpha skeletal muscle",Gallus gallus,375,,9dva_G,Afadin,Mus musculus,219,,hetero,219.24,19,1,9dva
9 Details,9dva_B,"Actin, alpha skeletal muscle",Gallus gallus,375,,9dva_H,Catenin alpha-1,Mus musculus,906,,hetero,818.98,74,1,9dva
10 Details,9dva_C,"Actin, alpha skeletal muscle",Gallus gallus,375,,9dva_E,"Actin, alpha skeletal muscle",Gallus gallus,375,,homo,387.2,33,1,9dva
11 Details,9dva_C,"Actin, alpha skeletal muscle",Gallus gallus,375,,9dva_F,Catenin alpha-1,Mus musculus,906,,hetero,786.59,69,1,9dva
12 Details,9dva_D,"Actin, alpha skeletal muscle",Gallus gallus,375,,9dva_E,"Actin, alpha skeletal muscle",Gallus gallus,375,,homo,1144.14,88,1,9dva
13 Details,9dva_F,Catenin alpha-1,Mus musculus,906,,9dva_G,Afadin,Mus musculus,219,,hetero,1019.73,71,1,9dva
14 Details,9dva_F,Catenin alpha-1,Mus musculus,906,,9dva_H,Catenin alpha-1,Mus musculus,906,,homo,280.42,20,1,9dva
15 Details,9dva_G,Afadin,Mus musculus,219,,9dva_H,Catenin alpha-1,Mus musculus,906,,hetero,433.63,31,1,9dva
1 Details,8f8p_A,"Actin, alpha skeletal muscle",Oryctolagus cuniculus,377,,8f8p_B,"Actin, alpha skeletal muscle",Oryctolagus cuniculus,377,,homo,450.86,38,1,8f8p
2 Details,8f8p_A,"Actin, alpha skeletal muscle",Oryctolagus cuniculus,377,,8f8p_C,"Actin, alpha skeletal muscle",Oryctolagus cuniculus,377,,homo,1199.67,97,1,8f8p
3 Details,8f8p_B,"Actin, alpha skeletal muscle",Oryctolagus cuniculus,377,,8f8p_C,"Actin, alpha skeletal muscle",Oryctolagus cuniculus,377,,homo,449.36,38,1,8f8p
4 Details,8f8p_B,"Actin, alpha skeletal muscle",Oryctolagus cuniculus,377,,8f8p_D,"Actin, alpha skeletal muscle",Oryctolagus cuniculus,377,,homo,1198.36,97,1,8f8p
5 Details,8f8p_C,"Actin, alpha skeletal muscle",Oryctolagus cuniculus,377,,8f8p_D,"Actin, alpha skeletal muscle",Oryctolagus cuniculus,377,,homo,449.33,38,1,8f8p
6 Details,8f8p_C,"Actin, alpha skeletal muscle",Oryctolagus cuniculus,377,,8f8p_E,"Actin, alpha skeletal muscle",Oryctolagus cuniculus,377,,homo,1199.72,96,1,8f8p
7 Details,8f8p_D,"Actin, alpha skeletal muscle",Oryctolagus cuniculus,377,,8f8p_E,"Actin, alpha skeletal muscle",Oryctolagus cuniculus,377,,homo,423.14,37,1,8f8p
1 Details,9duu_A,"Actin, alpha skeletal muscle",Homo sapiens,375,,9duu_B,"Actin, alpha skeletal muscle",Homo sapiens,375,,homo,446.16,34,1,9duu
2 Details,9duu_A,"Actin, alpha skeletal muscle",Homo sapiens,375,,9duu_C,"Actin, alpha skeletal muscle",Homo sapiens,375,,homo,1175.98,104,1,9duu
5 Details,9duu_B,"Actin, alpha skeletal muscle",Homo sapiens,375,,9duu_C,"Actin, alpha skeletal muscle",Homo sapiens,375,,homo,462.59,37,1,9duu
6 Details,9duu_B,"Actin, alpha skeletal muscle",Homo sapiens,375,,9duu_D,"Actin, alpha skeletal muscle",Homo sapiens,375,,homo,1260.11,106,1,9duu
9 Details,9duu_C,"Actin, alpha skeletal muscle",Homo sapiens,375,,9duu_D,"Actin, alpha skeletal muscle",Homo sapiens,375,,homo,453.0,37,1,9duu
10 Details,9duu_C,"Actin, alpha skeletal muscle",Homo sapiens,375,,9duu_E,"Actin, alpha skeletal muscle",Homo sapiens,375,,homo,1232.72,109,1,9duu
13 Details,9duu_D,"Actin, alpha skeletal muscle",Homo sapiens,375,,9duu_E,"Actin, alpha skeletal muscle",Homo sapiens,375,,homo,447.79,35,1,9duu
14 Details,9duu_D,"Actin, alpha skeletal muscle",Homo sapiens,375,,9duu_F,"Actin, alpha skeletal muscle",Homo sapiens,375,,homo,1202.96,101,1,9duu
17 Details,9duu_E,"Actin, alpha skeletal muscle",Homo sapiens,375,,9duu_F,"Actin, alpha skeletal muscle",Homo sapiens,375,,homo,447.06,38,1,9duu
1 Details,7uxf_A,"Actin, alpha skeletal muscle",Oryctolagus cuniculus,377,,7uxf_B,"Actin, alpha skeletal muscle",Oryctolagus cuniculus,377,,homo,408.16,33,1,7uxf
2 Details,7uxf_A,"Actin, alpha skeletal muscle",Oryctolagus cuniculus,377,,7uxf_C,"Actin, alpha skeletal muscle",Oryctolagus cuniculus,377,,homo,1139.14,91,1,7uxf
3 Details,7uxf_B,"Actin, alpha skeletal muscle",Oryctolagus cuniculus,377,,7uxf_C,"Actin, alpha skeletal muscle",Oryctolagus cuniculus,377,,homo,407.75,33,1,7uxf
4 Details,7uxf_B,"Actin, alpha skeletal muscle",Oryctolagus cuniculus,377,,7uxf_D,"Actin, alpha skeletal muscle",Oryctolagus cuniculus,377,,homo,1134.79,90,1,7uxf
5 Details,7uxf_C,"Actin, alpha skeletal muscle",Oryctolagus cuniculus,377,,7uxf_D,"Actin, alpha skeletal muscle",Oryctolagus cuniculus,377,,homo,409.91,34,1,7uxf
6 Details,7uxf_C,"Actin, alpha skeletal muscle",Oryctolagus cuniculus,377,,7uxf_E,"Actin, alpha skeletal muscle",Oryctolagus cuniculus,377,,homo,1138.68,91,1,7uxf
7 Details,7uxf_D,"Actin, alpha skeletal muscle",Oryctolagus cuniculus,377,,7uxf_E,"Actin, alpha skeletal muscle",Oryctolagus cuniculus,377,,homo,406.8,34,1,7uxf
8 Details,7uxf_D,"Actin, alpha skeletal muscle",Oryctolagus cuniculus,377,,7uxf_F,"Actin, alpha skeletal muscle",Oryctolagus cuniculus,377,,homo,1139.52,90,1,7uxf
9 Details,7uxf_E,"Actin, alpha skeletal muscle",Oryctolagus cuniculus,377,,7uxf_F,"Actin, alpha skeletal muscle",Oryctolagus cuniculus,377,,homo,410.55,33,1,7uxf
1 Details,9fjy_A,"Actin, cytoplasmic 1, N-terminally processed",Bos taurus,374,,9fjy_B,"Actin, cytoplasmic 1, N-terminally processed",Bos taurus,374,,homo,462.29,40,1,9fjy
2 Details,9fjy_A,"Actin, cytoplasmic 1, N-terminally processed",Bos taurus,374,,9fjy_C,"Actin, cytoplasmic 1, N-terminally processed",Bos taurus,374,,homo,1124.45,96,1,9fjy
5 Details,9fjy_B,"Actin, cytoplasmic 1, N-terminally processed",Bos taurus,374,,9fjy_C,"Actin, cytoplasmic 1, N-terminally processed",Bos taurus,374,,homo,467.82,42,1,9fjy
6 Details,9fjy_B,"Actin, cytoplasmic 1, N-terminally processed",Bos taurus,374,,9fjy_D,"Actin, cytoplasmic 1, N-terminally processed",Bos taurus,374,,homo,1112.24,97,1,9fjy
9 Details,9fjy_C,"Actin, cytoplasmic 1, N-terminally processed",Bos taurus,374,,9fjy_D,"Actin, cytoplasmic 1, N-terminally processed",Bos taurus,374,,homo,347.53,27,1,9fjy
10 Details,9fjy_C,"Actin, cytoplasmic 1, N-terminally processed",Bos taurus,374,,9fjy_E,Deoxyribonuclease-1,Bos taurus,282,,hetero,815.14,82,1,9fjy
13 Details,9fjy_D,"Actin, cytoplasmic 1, N-terminally processed",Bos taurus,374,,9fjy_E,Deoxyribonuclease-1,Bos taurus,282,,hetero,154.19,19,1,9fjy
15 Details,9fjy_D,"Actin, cytoplasmic 1, N-terminally processed",Bos taurus,374,,9fjy_F,Deoxyribonuclease-1,Bos taurus,282,,hetero,763.17,69,1,9fjy
1 Details,4b1z_M,PHOSPHATASE AND ACTIN REGULATOR 1,Mus musculus,115,,4b1z_F,"ACTIN, ALPHA SKELETAL MUSCLE",Oryctolagus cuniculus,376,,hetero,276.33,24,1,4b1z
2 Details,4b1z_M,PHOSPHATASE AND ACTIN REGULATOR 1,Mus musculus,115,,4b1z_A,"ACTIN, ALPHA SKELETAL MUSCLE",Oryctolagus cuniculus,376,,hetero,755.08,61,1,4b1z
3 Details,4b1z_M,PHOSPHATASE AND ACTIN REGULATOR 1,Mus musculus,115,,4b1z_B,"ACTIN, ALPHA SKELETAL MUSCLE",Oryctolagus cuniculus,376,,hetero,1357.57,110,1,4b1z
4 Details,4b1z_M,PHOSPHATASE AND ACTIN REGULATOR 1,Mus musculus,115,,4b1z_C,"ACTIN, ALPHA SKELETAL MUSCLE",Oryctolagus cuniculus,376,,hetero,1488.28,119,1,4b1z
5 Details,4b1z_N,PHOSPHATASE AND ACTIN REGULATOR 1,Mus musculus,115,,4b1z_D,"ACTIN, ALPHA SKELETAL MUSCLE",Oryctolagus cuniculus,376,,hetero,704.8,58,1,4b1z
6 Details,4b1z_N,PHOSPHATASE AND ACTIN REGULATOR 1,Mus musculus,115,,4b1z_E,"ACTIN, ALPHA SKELETAL MUSCLE",Oryctolagus cuniculus,376,,hetero,1256.28,104,1,4b1z
7 Details,4b1z_N,PHOSPHATASE AND ACTIN REGULATOR 1,Mus musculus,115,,4b1z_F,"ACTIN, ALPHA SKELETAL MUSCLE",Oryctolagus cuniculus,376,,hetero,1540.62,121,1,4b1z
8 Details,4b1z_N,PHOSPHATASE AND ACTIN REGULATOR 1,Mus musculus,115,,4b1z_C,"ACTIN, ALPHA SKELETAL MUSCLE",Oryctolagus cuniculus,376,,hetero,111.17,10,1,4b1z
9 Details,4b1z_D,"ACTIN, ALPHA SKELETAL MUSCLE",Oryctolagus cuniculus,376,,4b1z_E,"ACTIN, ALPHA SKELETAL MUSCLE",Oryctolagus cuniculus,376,,homo,217.95,19,1,4b1z
10 Details,4b1z_D,"ACTIN, ALPHA SKELETAL MUSCLE",Oryctolagus cuniculus,376,,4b1z_B,"ACTIN, ALPHA SKELETAL MUSCLE",Oryctolagus cuniculus,376,,homo,315.65,29,1,4b1z
11 Details,4b1z_D,"ACTIN, ALPHA SKELETAL MUSCLE",Oryctolagus cuniculus,376,,4b1z_C,"ACTIN, ALPHA SKELETAL MUSCLE",Oryctolagus cuniculus,376,,homo,309.55,25,1,4b1z
12 Details,4b1z_E,"ACTIN, ALPHA SKELETAL MUSCLE",Oryctolagus cuniculus,376,,4b1z_F,"ACTIN, ALPHA SKELETAL MUSCLE",Oryctolagus cuniculus,376,,homo,259.81,22,1,4b1z
13 Details,4b1z_E,"ACTIN, ALPHA SKELETAL MUSCLE",Oryctolagus cuniculus,376,,4b1z_C,"ACTIN, ALPHA SKELETAL MUSCLE",Oryctolagus cuniculus,376,,homo,257.35,20,1,4b1z
14 Details,4b1z_F,"ACTIN, ALPHA SKELETAL MUSCLE",Oryctolagus cuniculus,376,,4b1z_C,"ACTIN, ALPHA SKELETAL MUSCLE",Oryctolagus cuniculus,376,,homo,312.58,30,1,4b1z
15 Details,4b1z_A,"ACTIN, ALPHA SKELETAL MUSCLE",Oryctolagus cuniculus,376,,4b1z_B,"ACTIN, ALPHA SKELETAL MUSCLE",Oryctolagus cuniculus,376,,homo,225.93,17,1,4b1z
16 Details,4b1z_B,"ACTIN, ALPHA SKELETAL MUSCLE",Oryctolagus cuniculus,376,,4b1z_C,"ACTIN, ALPHA SKELETAL MUSCLE",Oryctolagus cuniculus,376,,homo,232.52,22,1,4b1z
1 Details,8vkh_A,"Actin, alpha skeletal muscle",Oryctolagus cuniculus,375,,8vkh_B,"Actin, alpha skeletal muscle",Oryctolagus cuniculus,375,,homo,472.38,39,1,8vkh
2 Details,8vkh_A,"Actin, alpha skeletal muscle",Oryctolagus cuniculus,375,,8vkh_C,"Actin, alpha skeletal muscle",Oryctolagus cuniculus,375,,homo,1178.17,96,1,8vkh
3 Details,8vkh_B,"Actin, alpha skeletal muscle",Oryctolagus cuniculus,375,,8vkh_C,"Actin, alpha skeletal muscle",Oryctolagus cuniculus,375,,homo,469.71,38,1,8vkh
4 Details,8vkh_B,"Actin, alpha skeletal muscle",Oryctolagus cuniculus,375,,8vkh_D,"Actin, alpha skeletal muscle",Oryctolagus cuniculus,375,,homo,1153.85,93,1,8vkh
5 Details,8vkh_C,"Actin, alpha skeletal muscle",Oryctolagus cuniculus,375,,8vkh_D,"Actin, alpha skeletal muscle",Oryctolagus cuniculus,375,,homo,444.31,40,1,8vkh
6 Details,8vkh_C,"Actin, alpha skeletal muscle",Oryctolagus cuniculus,375,,8vkh_E,"Actin, alpha skeletal muscle",Oryctolagus cuniculus,375,,homo,1116.81,99,1,8vkh
7 Details,8vkh_C,"Actin, alpha skeletal muscle",Oryctolagus cuniculus,375,,8vkh_H,Gelsolin,Homo sapiens,745,,hetero,770.17,71,1,8vkh
8 Details,8vkh_D,"Actin, alpha skeletal muscle",Oryctolagus cuniculus,375,,8vkh_E,"Actin, alpha skeletal muscle",Oryctolagus cuniculus,375,,homo,463.21,41,1,8vkh
9 Details,8vkh_D,"Actin, alpha skeletal muscle",Oryctolagus cuniculus,375,,8vkh_F,"Actin, alpha skeletal muscle",Oryctolagus cuniculus,375,,homo,1156.56,103,1,8vkh
10 Details,8vkh_D,"Actin, alpha skeletal muscle",Oryctolagus cuniculus,375,,8vkh_G,Gelsolin,Homo sapiens,745,,hetero,963.53,87,1,8vkh
11 Details,8vkh_E,"Actin, alpha skeletal muscle",Oryctolagus cuniculus,375,,8vkh_F,"Actin, alpha skeletal muscle",Oryctolagus cuniculus,375,,homo,394.18,36,1,8vkh
12 Details,8vkh_E,"Actin, alpha skeletal muscle",Oryctolagus cuniculus,375,,8vkh_H,Gelsolin,Homo sapiens,745,,hetero,2401.79,204,1,8vkh
13 Details,8vkh_F,"Actin, alpha skeletal muscle",Oryctolagus cuniculus,375,,8vkh_G,Gelsolin,Homo sapiens,745,,hetero,2395.93,198,1,8vkh
1 Details,9fju_A,"Actin, cytoplasmic 1, N-terminally processed",Bos taurus,374,,9fju_B,"Actin, cytoplasmic 1, N-terminally processed",Bos taurus,374,,homo,443.29,40,1,9fju
2 Details,9fju_A,"Actin, cytoplasmic 1, N-terminally processed",Bos taurus,374,,9fju_C,"Actin, cytoplasmic 1, N-terminally processed",Bos taurus,374,,homo,1171.47,94,1,9fju
5 Details,9fju_B,"Actin, cytoplasmic 1, N-terminally processed",Bos taurus,374,,9fju_C,"Actin, cytoplasmic 1, N-terminally processed",Bos taurus,374,,homo,412.06,35,1,9fju
6 Details,9fju_B,"Actin, cytoplasmic 1, N-terminally processed",Bos taurus,374,,9fju_D,"Actin, cytoplasmic 1, N-terminally processed",Bos taurus,374,,homo,1132.11,96,1,9fju
9 Details,9fju_C,"Actin, cytoplasmic 1, N-terminally processed",Bos taurus,374,,9fju_D,"Actin, cytoplasmic 1, N-terminally processed",Bos taurus,374,,homo,357.93,32,1,9fju
10 Details,9fju_C,"Actin, cytoplasmic 1, N-terminally processed",Bos taurus,374,,9fju_E,Deoxyribonuclease-1,Bos taurus,282,,hetero,835.6,77,1,9fju
13 Details,9fju_D,"Actin, cytoplasmic 1, N-terminally processed",Bos taurus,374,,9fju_E,Deoxyribonuclease-1,Bos taurus,282,,hetero,183.77,17,1,9fju
14 Details,9fju_D,"Actin, cytoplasmic 1, N-terminally processed",Bos taurus,374,,9fju_F,Deoxyribonuclease-1,Bos taurus,282,,hetero,714.3,65,1,9fju
1 Details,3j8a_E,"Actin, alpha skeletal muscle",Oryctolagus cuniculus,375,,3j8a_D,"Actin, alpha skeletal muscle",Oryctolagus cuniculus,375,,homo,1067.96,102,1,3j8a
2 Details,3j8a_E,"Actin, alpha skeletal muscle",Oryctolagus cuniculus,375,,3j8a_A,"Actin, alpha skeletal muscle",Oryctolagus cuniculus,375,,homo,409.22,38,1,3j8a
3 Details,3j8a_E,"Actin, alpha skeletal muscle",Oryctolagus cuniculus,375,,3j8a_C,"Actin, alpha skeletal muscle",Oryctolagus cuniculus,375,,homo,436.64,39,1,3j8a
4 Details,3j8a_D,"Actin, alpha skeletal muscle",Oryctolagus cuniculus,375,,3j8a_A,"Actin, alpha skeletal muscle",Oryctolagus cuniculus,375,,homo,432.51,38,1,3j8a
5 Details,3j8a_D,"Actin, alpha skeletal muscle",Oryctolagus cuniculus,375,,3j8a_B,"Actin, alpha skeletal muscle",Oryctolagus cuniculus,375,,homo,423.72,40,1,3j8a
6 Details,3j8a_A,"Actin, alpha skeletal muscle",Oryctolagus cuniculus,375,,3j8a_C,"Actin, alpha skeletal muscle",Oryctolagus cuniculus,375,,homo,1072.68,103,1,3j8a
7 Details,3j8a_A,"Actin, alpha skeletal muscle",Oryctolagus cuniculus,375,,3j8a_B,"Actin, alpha skeletal muscle",Oryctolagus cuniculus,375,,homo,1075.52,99,1,3j8a
1 Details,7utj_A,"Actin, alpha skeletal muscle",Oryctolagus cuniculus,377,,7utj_B,"Actin, alpha skeletal muscle",Oryctolagus cuniculus,377,,homo,377.27,32,1,7utj
2 Details,7utj_A,"Actin, alpha skeletal muscle",Oryctolagus cuniculus,377,,7utj_C,"Actin, alpha skeletal muscle",Oryctolagus cuniculus,377,,homo,1145.03,93,1,7utj
3 Details,7utj_A,"Actin, alpha skeletal muscle",Oryctolagus cuniculus,377,,7utj_H,Catenin alpha-1,Homo sapiens,889,,hetero,1199.55,89,1,7utj
4 Details,7utj_B,"Actin, alpha skeletal muscle",Oryctolagus cuniculus,377,,7utj_C,"Actin, alpha skeletal muscle",Oryctolagus cuniculus,377,,homo,376.57,32,1,7utj
5 Details,7utj_B,"Actin, alpha skeletal muscle",Oryctolagus cuniculus,377,,7utj_D,"Actin, alpha skeletal muscle",Oryctolagus cuniculus,377,,homo,1149.38,93,1,7utj
6 Details,7utj_B,"Actin, alpha skeletal muscle",Oryctolagus cuniculus,377,,7utj_G,Catenin alpha-1,Homo sapiens,889,,hetero,808.66,70,1,7utj
7 Details,7utj_B,"Actin, alpha skeletal muscle",Oryctolagus cuniculus,377,,7utj_I,Catenin alpha-1,Homo sapiens,889,,hetero,1175.99,86,1,7utj
8 Details,7utj_C,"Actin, alpha skeletal muscle",Oryctolagus cuniculus,377,,7utj_D,"Actin, alpha skeletal muscle",Oryctolagus cuniculus,377,,homo,378.16,32,1,7utj
9 Details,7utj_C,"Actin, alpha skeletal muscle",Oryctolagus cuniculus,377,,7utj_E,"Actin, alpha skeletal muscle",Oryctolagus cuniculus,377,,homo,1145.33,93,1,7utj
10 Details,7utj_C,"Actin, alpha skeletal muscle",Oryctolagus cuniculus,377,,7utj_H,Catenin alpha-1,Homo sapiens,889,,hetero,802.91,68,1,7utj
11 Details,7utj_C,"Actin, alpha skeletal muscle",Oryctolagus cuniculus,377,,7utj_Z,Catenin alpha-1,Homo sapiens,889,,hetero,1200.05,88,1,7utj
12 Details,7utj_D,"Actin, alpha skeletal muscle",Oryctolagus cuniculus,377,,7utj_E,"Actin, alpha skeletal muscle",Oryctolagus cuniculus,377,,homo,375.94,32,1,7utj
13 Details,7utj_D,"Actin, alpha skeletal muscle",Oryctolagus cuniculus,377,,7utj_F,"Actin, alpha skeletal muscle",Oryctolagus cuniculus,377,,homo,1148.81,93,1,7utj
14 Details,7utj_D,"Actin, alpha skeletal muscle",Oryctolagus cuniculus,377,,7utj_I,Catenin alpha-1,Homo sapiens,889,,hetero,806.33,69,1,7utj
15 Details,7utj_D,"Actin, alpha skeletal muscle",Oryctolagus cuniculus,377,,7utj_K,Catenin alpha-1,Homo sapiens,889,,hetero,1172.57,85,1,7utj
16 Details,7utj_E,"Actin, alpha skeletal muscle",Oryctolagus cuniculus,377,,7utj_F,"Actin, alpha skeletal muscle",Oryctolagus cuniculus,377,,homo,378.08,32,1,7utj
17 Details,7utj_E,"Actin, alpha skeletal muscle",Oryctolagus cuniculus,377,,7utj_L,Catenin alpha-1,Homo sapiens,889,,hetero,1191.13,86,1,7utj
18 Details,7utj_E,"Actin, alpha skeletal muscle",Oryctolagus cuniculus,377,,7utj_Z,Catenin alpha-1,Homo sapiens,889,,hetero,811.38,69,1,7utj
19 Details,7utj_F,"Actin, alpha skeletal muscle",Oryctolagus cuniculus,377,,7utj_K,Catenin alpha-1,Homo sapiens,889,,hetero,804.14,68,1,7utj
20 Details,7utj_G,Catenin alpha-1,Homo sapiens,889,,7utj_I,Catenin alpha-1,Homo sapiens,889,,homo,201.64,12,1,7utj
21 Details,7utj_H,Catenin alpha-1,Homo sapiens,889,,7utj_Z,Catenin alpha-1,Homo sapiens,889,,homo,192.83,12,1,7utj
22 Details,7utj_I,Catenin alpha-1,Homo sapiens,889,,7utj_K,Catenin alpha-1,Homo sapiens,889,,homo,195.72,12,1,7utj
23 Details,7utj_L,Catenin alpha-1,Homo sapiens,889,,7utj_Z,Catenin alpha-1,Homo sapiens,889,,homo,193.47,12,1,7utj
1 Details,8dnh_A,"Actin, cytoplasmic 1, N-terminally processed",Homo sapiens,375,,8dnh_B,"Actin, cytoplasmic 1, N-terminally processed",Homo sapiens,375,,homo,323.46,25,1,8dnh
2 Details,8dnh_A,"Actin, cytoplasmic 1, N-terminally processed",Homo sapiens,375,,8dnh_C,"Actin, cytoplasmic 1, N-terminally processed",Homo sapiens,375,,homo,1071.46,88,1,8dnh
3 Details,8dnh_B,"Actin, cytoplasmic 1, N-terminally processed",Homo sapiens,375,,8dnh_C,"Actin, cytoplasmic 1, N-terminally processed",Homo sapiens,375,,homo,370.04,29,1,8dnh
4 Details,8dnh_B,"Actin, cytoplasmic 1, N-terminally processed",Homo sapiens,375,,8dnh_D,"Actin, cytoplasmic 1, N-terminally processed",Homo sapiens,375,,homo,1089.46,88,1,8dnh
5 Details,8dnh_C,"Actin, cytoplasmic 1, N-terminally processed",Homo sapiens,375,,8dnh_D,"Actin, cytoplasmic 1, N-terminally processed",Homo sapiens,375,,homo,302.25,23,1,8dnh
1 Details,6iug_A,pollen F-actin,Zea mays,371,,6iug_B,pollen F-actin,Zea mays,371,,homo,474.0,38,1,6iug
2 Details,6iug_A,pollen F-actin,Zea mays,371,,6iug_C,pollen F-actin,Zea mays,371,,homo,1027.76,83,1,6iug
3 Details,6iug_B,pollen F-actin,Zea mays,371,,6iug_C,pollen F-actin,Zea mays,371,,homo,471.45,37,1,6iug
4 Details,6iug_B,pollen F-actin,Zea mays,371,,6iug_D,pollen F-actin,Zea mays,371,,homo,1019.1,84,1,6iug
5 Details,6iug_C,pollen F-actin,Zea mays,371,,6iug_D,pollen F-actin,Zea mays,371,,homo,468.15,38,1,6iug
6 Details,6iug_C,pollen F-actin,Zea mays,371,,6iug_E,pollen F-actin,Zea mays,371,,homo,1023.43,84,1,6iug
7 Details,6iug_D,pollen F-actin,Zea mays,371,,6iug_E,pollen F-actin,Zea mays,371,,homo,470.45,38,1,6iug
1 Details,8viz_A,"Actin, alpha skeletal muscle",Oryctolagus cuniculus,375,,8viz_B,"Actin, alpha skeletal muscle",Oryctolagus cuniculus,375,,homo,412.33,38,1,8viz
2 Details,8viz_A,"Actin, alpha skeletal muscle",Oryctolagus cuniculus,375,,8viz_C,"Actin, alpha skeletal muscle",Oryctolagus cuniculus,375,,homo,1189.19,98,1,8viz
3 Details,8viz_B,"Actin, alpha skeletal muscle",Oryctolagus cuniculus,375,,8viz_C,"Actin, alpha skeletal muscle",Oryctolagus cuniculus,375,,homo,425.67,37,1,8viz
4 Details,8viz_B,"Actin, alpha skeletal muscle",Oryctolagus cuniculus,375,,8viz_D,"Actin, alpha skeletal muscle",Oryctolagus cuniculus,375,,homo,1150.86,93,1,8viz
5 Details,8viz_C,"Actin, alpha skeletal muscle",Oryctolagus cuniculus,375,,8viz_D,"Actin, alpha skeletal muscle",Oryctolagus cuniculus,375,,homo,411.7,34,1,8viz
6 Details,8viz_C,"Actin, alpha skeletal muscle",Oryctolagus cuniculus,375,,8viz_E,"Actin, alpha skeletal muscle",Oryctolagus cuniculus,375,,homo,1150.0,97,1,8viz
7 Details,8viz_D,"Actin, alpha skeletal muscle",Oryctolagus cuniculus,375,,8viz_E,"Actin, alpha skeletal muscle",Oryctolagus cuniculus,375,,homo,397.73,31,1,8viz
8 Details,8viz_D,"Actin, alpha skeletal muscle",Oryctolagus cuniculus,375,,8viz_F,"Actin, alpha skeletal muscle",Oryctolagus cuniculus,375,,homo,1152.89,101,1,8viz
9 Details,8viz_D,"Actin, alpha skeletal muscle",Oryctolagus cuniculus,375,,8viz_G,Gelsolin,Homo sapiens,746,,hetero,959.12,87,1,8viz
10 Details,8viz_E,"Actin, alpha skeletal muscle",Oryctolagus cuniculus,375,,8viz_F,"Actin, alpha skeletal muscle",Oryctolagus cuniculus,375,,homo,446.21,38,1,8viz
11 Details,8viz_E,"Actin, alpha skeletal muscle",Oryctolagus cuniculus,375,,8viz_G,Gelsolin,Homo sapiens,746,,hetero,1390.45,122,1,8viz
12 Details,8viz_F,"Actin, alpha skeletal muscle",Oryctolagus cuniculus,375,,8viz_G,Gelsolin,Homo sapiens,746,,hetero,2611.43,212,1,8viz
1 Details,7uuw_A,"Actin, alpha skeletal muscle",Oryctolagus cuniculus,377,,7uuw_B,"Actin, alpha skeletal muscle",Oryctolagus cuniculus,377,,homo,399.16,34,1,7uuw
2 Details,7uuw_A,"Actin, alpha skeletal muscle",Oryctolagus cuniculus,377,,7uuw_C,"Actin, alpha skeletal muscle",Oryctolagus cuniculus,377,,homo,1156.85,97,1,7uuw
3 Details,7uuw_A,"Actin, alpha skeletal muscle",Oryctolagus cuniculus,377,,7uuw_H,Alpha-catenin-like protein hmp-1,Caenorhabditis elegans,251,,hetero,1177.81,92,1,7uuw
4 Details,7uuw_B,"Actin, alpha skeletal muscle",Oryctolagus cuniculus,377,,7uuw_C,"Actin, alpha skeletal muscle",Oryctolagus cuniculus,377,,homo,399.53,34,1,7uuw
5 Details,7uuw_B,"Actin, alpha skeletal muscle",Oryctolagus cuniculus,377,,7uuw_D,"Actin, alpha skeletal muscle",Oryctolagus cuniculus,377,,homo,1153.27,96,1,7uuw
6 Details,7uuw_B,"Actin, alpha skeletal muscle",Oryctolagus cuniculus,377,,7uuw_G,Alpha-catenin-like protein hmp-1,Caenorhabditis elegans,251,,hetero,718.4,59,1,7uuw
7 Details,7uuw_B,"Actin, alpha skeletal muscle",Oryctolagus cuniculus,377,,7uuw_I,Alpha-catenin-like protein hmp-1,Caenorhabditis elegans,251,,hetero,1175.94,92,1,7uuw
8 Details,7uuw_C,"Actin, alpha skeletal muscle",Oryctolagus cuniculus,377,,7uuw_D,"Actin, alpha skeletal muscle",Oryctolagus cuniculus,377,,homo,397.6,34,1,7uuw
9 Details,7uuw_C,"Actin, alpha skeletal muscle",Oryctolagus cuniculus,377,,7uuw_E,"Actin, alpha skeletal muscle",Oryctolagus cuniculus,377,,homo,1155.4,97,1,7uuw
10 Details,7uuw_C,"Actin, alpha skeletal muscle",Oryctolagus cuniculus,377,,7uuw_H,Alpha-catenin-like protein hmp-1,Caenorhabditis elegans,251,,hetero,718.54,59,1,7uuw
11 Details,7uuw_C,"Actin, alpha skeletal muscle",Oryctolagus cuniculus,377,,7uuw_Z,Alpha-catenin-like protein hmp-1,Caenorhabditis elegans,251,,hetero,1180.23,92,1,7uuw
12 Details,7uuw_D,"Actin, alpha skeletal muscle",Oryctolagus cuniculus,377,,7uuw_E,"Actin, alpha skeletal muscle",Oryctolagus cuniculus,377,,homo,400.38,34,1,7uuw
13 Details,7uuw_D,"Actin, alpha skeletal muscle",Oryctolagus cuniculus,377,,7uuw_F,"Actin, alpha skeletal muscle",Oryctolagus cuniculus,377,,homo,1155.31,97,1,7uuw
14 Details,7uuw_D,"Actin, alpha skeletal muscle",Oryctolagus cuniculus,377,,7uuw_I,Alpha-catenin-like protein hmp-1,Caenorhabditis elegans,251,,hetero,718.38,59,1,7uuw
15 Details,7uuw_D,"Actin, alpha skeletal muscle",Oryctolagus cuniculus,377,,7uuw_K,Alpha-catenin-like protein hmp-1,Caenorhabditis elegans,251,,hetero,1171.07,91,1,7uuw
16 Details,7uuw_E,"Actin, alpha skeletal muscle",Oryctolagus cuniculus,377,,7uuw_F,"Actin, alpha skeletal muscle",Oryctolagus cuniculus,377,,homo,402.48,34,1,7uuw
17 Details,7uuw_E,"Actin, alpha skeletal muscle",Oryctolagus cuniculus,377,,7uuw_L,Alpha-catenin-like protein hmp-1,Caenorhabditis elegans,251,,hetero,1172.1,91,1,7uuw
18 Details,7uuw_E,"Actin, alpha skeletal muscle",Oryctolagus cuniculus,377,,7uuw_Z,Alpha-catenin-like protein hmp-1,Caenorhabditis elegans,251,,hetero,717.91,59,1,7uuw
19 Details,7uuw_F,"Actin, alpha skeletal muscle",Oryctolagus cuniculus,377,,7uuw_K,Alpha-catenin-like protein hmp-1,Caenorhabditis elegans,251,,hetero,717.06,59,1,7uuw
20 Details,7uuw_G,Alpha-catenin-like protein hmp-1,Caenorhabditis elegans,251,,7uuw_I,Alpha-catenin-like protein hmp-1,Caenorhabditis elegans,251,,homo,155.01,11,1,7uuw
21 Details,7uuw_H,Alpha-catenin-like protein hmp-1,Caenorhabditis elegans,251,,7uuw_Z,Alpha-catenin-like protein hmp-1,Caenorhabditis elegans,251,,homo,153.64,11,1,7uuw
22 Details,7uuw_I,Alpha-catenin-like protein hmp-1,Caenorhabditis elegans,251,,7uuw_K,Alpha-catenin-like protein hmp-1,Caenorhabditis elegans,251,,homo,153.95,11,1,7uuw
23 Details,7uuw_L,Alpha-catenin-like protein hmp-1,Caenorhabditis elegans,251,,7uuw_Z,Alpha-catenin-like protein hmp-1,Caenorhabditis elegans,251,,homo,153.81,11,1,7uuw
1 Details,8thy_A,Actin,Saccharomyces,370,,8thy_B,Actin,Saccharomyces,370,,homo,378.01,37,1,8thy
2 Details,8thy_A,Actin,Saccharomyces,370,,8thy_C,Actin,Saccharomyces,370,,homo,1099.35,94,1,8thy
3 Details,8thy_B,Actin,Saccharomyces,370,,8thy_C,Actin,Saccharomyces,370,,homo,376.1,36,1,8thy
4 Details,8thy_B,Actin,Saccharomyces,370,,8thy_D,Actin,Saccharomyces,370,,homo,1097.38,93,1,8thy
5 Details,8thy_C,Actin,Saccharomyces,370,,8thy_D,Actin,Saccharomyces,370,,homo,376.88,36,1,8thy
6 Details,8thy_C,Actin,Saccharomyces,370,,8thy_E,Actin,Saccharomyces,370,,homo,1097.96,94,1,8thy
7 Details,8thy_D,Actin,Saccharomyces,370,,8thy_E,Actin,Saccharomyces,370,,homo,380.26,36,1,8thy
1 Details,9fjo_A,"Actin, alpha skeletal muscle",Oryctolagus cuniculus,375,,9fjo_B,"Actin, alpha skeletal muscle",Oryctolagus cuniculus,375,,homo,326.96,27,1,9fjo
2 Details,9fjo_A,"Actin, alpha skeletal muscle",Oryctolagus cuniculus,375,,9fjo_C,"Actin, alpha skeletal muscle",Oryctolagus cuniculus,375,,homo,1193.06,99,1,9fjo
3 Details,9fjo_B,"Actin, alpha skeletal muscle",Oryctolagus cuniculus,375,,9fjo_C,"Actin, alpha skeletal muscle",Oryctolagus cuniculus,375,,homo,355.69,30,1,9fjo
4 Details,9fjo_B,"Actin, alpha skeletal muscle",Oryctolagus cuniculus,375,,9fjo_D,"Actin, alpha skeletal muscle",Oryctolagus cuniculus,375,,homo,1171.01,97,1,9fjo
5 Details,9fjo_C,"Actin, alpha skeletal muscle",Oryctolagus cuniculus,375,,9fjo_D,"Actin, alpha skeletal muscle",Oryctolagus cuniculus,375,,homo,420.36,34,1,9fjo
1 Details,8rtt_A,"Actin, cytoplasmic 1, N-terminally processed",Homo sapiens,375,,8rtt_B,"Actin, cytoplasmic 1, N-terminally processed",Homo sapiens,375,,homo,403.77,36,1,8rtt
2 Details,8rtt_A,"Actin, cytoplasmic 1, N-terminally processed",Homo sapiens,375,,8rtt_C,"Actin, cytoplasmic 1, N-terminally processed",Homo sapiens,375,,homo,1137.8,100,1,8rtt
4 Details,8rtt_B,"Actin, cytoplasmic 1, N-terminally processed",Homo sapiens,375,,8rtt_C,"Actin, cytoplasmic 1, N-terminally processed",Homo sapiens,375,,homo,401.4,34,1,8rtt
5 Details,8rtt_B,"Actin, cytoplasmic 1, N-terminally processed",Homo sapiens,375,,8rtt_D,"Actin, cytoplasmic 1, N-terminally processed",Homo sapiens,375,,homo,1187.49,98,1,8rtt
8 Details,8rtt_C,"Actin, cytoplasmic 1, N-terminally processed",Homo sapiens,375,,8rtt_D,"Actin, cytoplasmic 1, N-terminally processed",Homo sapiens,375,,homo,434.71,36,1,8rtt
9 Details,8rtt_C,"Actin, cytoplasmic 1, N-terminally processed",Homo sapiens,375,,8rtt_E,Cell division control protein 12,Schizosaccharomyces pombe,419,,hetero,773.06,67,1,8rtt
12 Details,8rtt_D,"Actin, cytoplasmic 1, N-terminally processed",Homo sapiens,375,,8rtt_E,Cell division control protein 12,Schizosaccharomyces pombe,419,,hetero,385.53,27,1,8rtt
14 Details,8rtt_D,"Actin, cytoplasmic 1, N-terminally processed",Homo sapiens,375,,8rtt_F,Cell division control protein 12,Schizosaccharomyces pombe,419,,hetero,1022.85,93,1,8rtt
15 Details,8rtt_E,Cell division control protein 12,Schizosaccharomyces pombe,419,,8rtt_F,Cell division control protein 12,Schizosaccharomyces pombe,419,,homo,4012.52,300,1,8rtt
1 Details,8rv2_A,"Actin, alpha skeletal muscle",Oryctolagus cuniculus,375,,8rv2_B,"Actin, alpha skeletal muscle",Oryctolagus cuniculus,375,,homo,354.21,31,1,8rv2
2 Details,8rv2_A,"Actin, alpha skeletal muscle",Oryctolagus cuniculus,375,,8rv2_C,"Actin, alpha skeletal muscle",Oryctolagus cuniculus,375,,homo,1186.83,98,1,8rv2
3 Details,8rv2_B,"Actin, alpha skeletal muscle",Oryctolagus cuniculus,375,,8rv2_C,"Actin, alpha skeletal muscle",Oryctolagus cuniculus,375,,homo,399.38,37,1,8rv2
4 Details,8rv2_B,"Actin, alpha skeletal muscle",Oryctolagus cuniculus,375,,8rv2_D,"Actin, alpha skeletal muscle",Oryctolagus cuniculus,375,,homo,1166.0,95,1,8rv2
5 Details,8rv2_C,"Actin, alpha skeletal muscle",Oryctolagus cuniculus,375,,8rv2_D,"Actin, alpha skeletal muscle",Oryctolagus cuniculus,375,,homo,402.28,35,1,8rv2
6 Details,8rv2_C,"Actin, alpha skeletal muscle",Oryctolagus cuniculus,375,,8rv2_E,Isoform 2 of Inverted formin-2,Homo sapiens,777,,hetero,790.18,72,1,8rv2
7 Details,8rv2_D,"Actin, alpha skeletal muscle",Oryctolagus cuniculus,375,,8rv2_E,Isoform 2 of Inverted formin-2,Homo sapiens,777,,hetero,276.55,25,1,8rv2
8 Details,8rv2_D,"Actin, alpha skeletal muscle",Oryctolagus cuniculus,375,,8rv2_F,Isoform 2 of Inverted formin-2,Homo sapiens,777,,hetero,1026.94,83,1,8rv2
9 Details,8rv2_E,Isoform 2 of Inverted formin-2,Homo sapiens,777,,8rv2_F,Isoform 2 of Inverted formin-2,Homo sapiens,777,,homo,3915.97,305,1,8rv2
1 Details,8thx_A,Actin,Saccharomyces,370,,8thx_B,Actin,Saccharomyces,370,,homo,416.13,38,1,8thx
2 Details,8thx_A,Actin,Saccharomyces,370,,8thx_C,Actin,Saccharomyces,370,,homo,1199.95,104,1,8thx
3 Details,8thx_B,Actin,Saccharomyces,370,,8thx_C,Actin,Saccharomyces,370,,homo,422.14,37,1,8thx
4 Details,8thx_B,Actin,Saccharomyces,370,,8thx_D,Actin,Saccharomyces,370,,homo,1202.13,105,1,8thx
5 Details,8thx_C,Actin,Saccharomyces,370,,8thx_D,Actin,Saccharomyces,370,,homo,425.93,39,1,8thx
6 Details,8thx_C,Actin,Saccharomyces,370,,8thx_E,Actin,Saccharomyces,370,,homo,1196.36,104,1,8thx
7 Details,8thx_D,Actin,Saccharomyces,370,,8thx_E,Actin,Saccharomyces,370,,homo,433.52,41,1,8thx
1 Details,9qfw_A,"Actin, cytoplasmic 1, N-terminally processed",Homo sapiens,374,,9qfw_B,"Actin, cytoplasmic 1, N-terminally processed",Homo sapiens,374,,homo,420.68,34,1,9qfw
2 Details,9qfw_A,"Actin, cytoplasmic 1, N-terminally processed",Homo sapiens,374,,9qfw_C,"Actin, cytoplasmic 1, N-terminally processed",Homo sapiens,374,,homo,377.9,34,1,9qfw
3 Details,9qfw_A,"Actin, cytoplasmic 1, N-terminally processed",Homo sapiens,374,,9qfw_F,Cofilin-1,Homo sapiens,166,,hetero,985.04,84,1,9qfw
4 Details,9qfw_B,"Actin, cytoplasmic 1, N-terminally processed",Homo sapiens,374,,9qfw_C,"Actin, cytoplasmic 1, N-terminally processed",Homo sapiens,374,,homo,386.83,30,1,9qfw
5 Details,9qfw_B,"Actin, cytoplasmic 1, N-terminally processed",Homo sapiens,374,,9qfw_D,"Actin, cytoplasmic 1, N-terminally processed",Homo sapiens,374,,homo,413.36,36,1,9qfw
6 Details,9qfw_B,"Actin, cytoplasmic 1, N-terminally processed",Homo sapiens,374,,9qfw_G,Cofilin-1,Homo sapiens,166,,hetero,1062.86,90,1,9qfw
7 Details,9qfw_C,"Actin, cytoplasmic 1, N-terminally processed",Homo sapiens,374,,9qfw_D,"Actin, cytoplasmic 1, N-terminally processed",Homo sapiens,374,,homo,401.94,33,1,9qfw
8 Details,9qfw_C,"Actin, cytoplasmic 1, N-terminally processed",Homo sapiens,374,,9qfw_E,"Actin, cytoplasmic 1, N-terminally processed",Homo sapiens,374,,homo,425.05,38,1,9qfw
9 Details,9qfw_C,"Actin, cytoplasmic 1, N-terminally processed",Homo sapiens,374,,9qfw_F,Cofilin-1,Homo sapiens,166,,hetero,700.69,60,1,9qfw
10 Details,9qfw_C,"Actin, cytoplasmic 1, N-terminally processed",Homo sapiens,374,,9qfw_H,Cofilin-1,Homo sapiens,166,,hetero,1033.39,94,1,9qfw
11 Details,9qfw_D,"Actin, cytoplasmic 1, N-terminally processed",Homo sapiens,374,,9qfw_E,"Actin, cytoplasmic 1, N-terminally processed",Homo sapiens,374,,homo,444.43,38,1,9qfw
12 Details,9qfw_D,"Actin, cytoplasmic 1, N-terminally processed",Homo sapiens,374,,9qfw_G,Cofilin-1,Homo sapiens,166,,hetero,685.32,59,1,9qfw
13 Details,9qfw_D,"Actin, cytoplasmic 1, N-terminally processed",Homo sapiens,374,,9qfw_I,Cofilin-1,Homo sapiens,166,,hetero,1080.35,93,1,9qfw
14 Details,9qfw_D,"Actin, cytoplasmic 1, N-terminally processed",Homo sapiens,374,,9qfw_P,"WD repeat-containing protein 1,Methylated-DNA--protein-cysteine methyltransferase",Homo sapiens,805,,hetero,554.88,54,1,9qfw
15 Details,9qfw_E,"Actin, cytoplasmic 1, N-terminally processed",Homo sapiens,374,,9qfw_H,Cofilin-1,Homo sapiens,166,,hetero,723.4,61,1,9qfw
16 Details,9qfw_E,"Actin, cytoplasmic 1, N-terminally processed",Homo sapiens,374,,9qfw_J,Cofilin-1,Homo sapiens,166,,hetero,1090.86,99,1,9qfw
17 Details,9qfw_E,"Actin, cytoplasmic 1, N-terminally processed",Homo sapiens,374,,9qfw_P,"WD repeat-containing protein 1,Methylated-DNA--protein-cysteine methyltransferase",Homo sapiens,805,,hetero,928.76,84,1,9qfw
18 Details,9qfw_E,"Actin, cytoplasmic 1, N-terminally processed",Homo sapiens,374,,9qfw_Q,"WD repeat-containing protein 1,Methylated-DNA--protein-cysteine methyltransferase",Homo sapiens,805,,hetero,575.17,57,1,9qfw
19 Details,9qfw_I,Cofilin-1,Homo sapiens,166,,9qfw_P,"WD repeat-containing protein 1,Methylated-DNA--protein-cysteine methyltransferase",Homo sapiens,805,,hetero,496.33,46,1,9qfw
20 Details,9qfw_J,Cofilin-1,Homo sapiens,166,,9qfw_P,"WD repeat-containing protein 1,Methylated-DNA--protein-cysteine methyltransferase",Homo sapiens,805,,hetero,198.62,12,1,9qfw
21 Details,9qfw_J,Cofilin-1,Homo sapiens,166,,9qfw_Q,"WD repeat-containing protein 1,Methylated-DNA--protein-cysteine methyltransferase",Homo sapiens,805,,hetero,488.87,48,1,9qfw
1 Details,8ru0_B,"Actin, alpha skeletal muscle",Oryctolagus cuniculus,375,,8ru0_A,"Actin, alpha skeletal muscle",Oryctolagus cuniculus,375,,homo,413.46,32,1,8ru0
2 Details,8ru0_B,"Actin, alpha skeletal muscle",Oryctolagus cuniculus,375,,8ru0_C,"Actin, alpha skeletal muscle",Oryctolagus cuniculus,375,,homo,388.63,30,1,8ru0
3 Details,8ru0_B,"Actin, alpha skeletal muscle",Oryctolagus cuniculus,375,,8ru0_D,"Actin, alpha skeletal muscle",Oryctolagus cuniculus,375,,homo,1106.24,91,1,8ru0
4 Details,8ru0_A,"Actin, alpha skeletal muscle",Oryctolagus cuniculus,375,,8ru0_C,"Actin, alpha skeletal muscle",Oryctolagus cuniculus,375,,homo,1184.9,94,1,8ru0
5 Details,8ru0_C,"Actin, alpha skeletal muscle",Oryctolagus cuniculus,375,,8ru0_D,"Actin, alpha skeletal muscle",Oryctolagus cuniculus,375,,homo,422.79,32,1,8ru0
1 Details,9qfq_F,Cofilin-1,Homo sapiens,166,,9qfq_A,"Actin, cytoplasmic 1, N-terminally processed",Homo sapiens,374,,hetero,992.02,87,1,9qfq
2 Details,9qfq_F,Cofilin-1,Homo sapiens,166,,9qfq_C,"Actin, cytoplasmic 1, N-terminally processed",Homo sapiens,374,,hetero,685.83,59,1,9qfq
3 Details,9qfq_G,Cofilin-1,Homo sapiens,166,,9qfq_B,"Actin, cytoplasmic 1, N-terminally processed",Homo sapiens,374,,hetero,1040.43,92,1,9qfq
4 Details,9qfq_G,Cofilin-1,Homo sapiens,166,,9qfq_D,"Actin, cytoplasmic 1, N-terminally processed",Homo sapiens,374,,hetero,670.65,57,1,9qfq
5 Details,9qfq_H,Cofilin-1,Homo sapiens,166,,9qfq_C,"Actin, cytoplasmic 1, N-terminally processed",Homo sapiens,374,,hetero,1010.48,90,1,9qfq
6 Details,9qfq_H,Cofilin-1,Homo sapiens,166,,9qfq_E,"Actin, cytoplasmic 1, N-terminally processed",Homo sapiens,374,,hetero,691.37,59,1,9qfq
7 Details,9qfq_I,Cofilin-1,Homo sapiens,166,,9qfq_P,"WD repeat-containing protein 1,Methylated-DNA--protein-cysteine methyltransferase",Homo sapiens,805,,hetero,500.95,46,1,9qfq
8 Details,9qfq_I,Cofilin-1,Homo sapiens,166,,9qfq_D,"Actin, cytoplasmic 1, N-terminally processed",Homo sapiens,374,,hetero,1056.68,92,1,9qfq
9 Details,9qfq_J,Cofilin-1,Homo sapiens,166,,9qfq_P,"WD repeat-containing protein 1,Methylated-DNA--protein-cysteine methyltransferase",Homo sapiens,805,,hetero,223.42,18,1,9qfq
10 Details,9qfq_J,Cofilin-1,Homo sapiens,166,,9qfq_E,"Actin, cytoplasmic 1, N-terminally processed",Homo sapiens,374,,hetero,1070.79,92,1,9qfq
11 Details,9qfq_P,"WD repeat-containing protein 1,Methylated-DNA--protein-cysteine methyltransferase",Homo sapiens,805,,9qfq_D,"Actin, cytoplasmic 1, N-terminally processed",Homo sapiens,374,,hetero,580.03,52,1,9qfq
12 Details,9qfq_P,"WD repeat-containing protein 1,Methylated-DNA--protein-cysteine methyltransferase",Homo sapiens,805,,9qfq_E,"Actin, cytoplasmic 1, N-terminally processed",Homo sapiens,374,,hetero,906.68,82,1,9qfq
13 Details,9qfq_A,"Actin, cytoplasmic 1, N-terminally processed",Homo sapiens,374,,9qfq_B,"Actin, cytoplasmic 1, N-terminally processed",Homo sapiens,374,,homo,362.77,30,1,9qfq
14 Details,9qfq_A,"Actin, cytoplasmic 1, N-terminally processed",Homo sapiens,374,,9qfq_C,"Actin, cytoplasmic 1, N-terminally processed",Homo sapiens,374,,homo,373.18,33,1,9qfq
15 Details,9qfq_B,"Actin, cytoplasmic 1, N-terminally processed",Homo sapiens,374,,9qfq_C,"Actin, cytoplasmic 1, N-terminally processed",Homo sapiens,374,,homo,377.78,32,1,9qfq
16 Details,9qfq_B,"Actin, cytoplasmic 1, N-terminally processed",Homo sapiens,374,,9qfq_D,"Actin, cytoplasmic 1, N-terminally processed",Homo sapiens,374,,homo,414.3,38,1,9qfq
17 Details,9qfq_C,"Actin, cytoplasmic 1, N-terminally processed",Homo sapiens,374,,9qfq_D,"Actin, cytoplasmic 1, N-terminally processed",Homo sapiens,374,,homo,368.46,31,1,9qfq
18 Details,9qfq_C,"Actin, cytoplasmic 1, N-terminally processed",Homo sapiens,374,,9qfq_E,"Actin, cytoplasmic 1, N-terminally processed",Homo sapiens,374,,homo,394.85,35,1,9qfq
19 Details,9qfq_D,"Actin, cytoplasmic 1, N-terminally processed",Homo sapiens,374,,9qfq_E,"Actin, cytoplasmic 1, N-terminally processed",Homo sapiens,374,,homo,406.07,38,1,9qfq
1 Details,8uee_F,"Actin, alpha skeletal muscle",Oryctolagus cuniculus,375,,8uee_H,"Actin, alpha skeletal muscle",Oryctolagus cuniculus,375,,homo,414.49,32,1,8uee
2 Details,8uee_F,"Actin, alpha skeletal muscle",Oryctolagus cuniculus,375,,8uee_J,"Actin, alpha skeletal muscle",Oryctolagus cuniculus,375,,homo,1151.79,98,1,8uee
3 Details,8uee_F,"Actin, alpha skeletal muscle",Oryctolagus cuniculus,375,,8uee_C,Cell invasion protein SipA,Salmonella enterica subsp. enterica serovar Typhimurium str. LT2,261,,hetero,295.54,24,1,8uee
4 Details,8uee_F,"Actin, alpha skeletal muscle",Oryctolagus cuniculus,375,,8uee_D,Cell invasion protein SipA,Salmonella enterica subsp. enterica serovar Typhimurium str. LT2,261,,hetero,859.27,68,1,8uee
5 Details,8uee_H,"Actin, alpha skeletal muscle",Oryctolagus cuniculus,375,,8uee_I,"Actin, alpha skeletal muscle",Oryctolagus cuniculus,375,,homo,1159.87,96,1,8uee
6 Details,8uee_H,"Actin, alpha skeletal muscle",Oryctolagus cuniculus,375,,8uee_J,"Actin, alpha skeletal muscle",Oryctolagus cuniculus,375,,homo,409.89,37,1,8uee
7 Details,8uee_H,"Actin, alpha skeletal muscle",Oryctolagus cuniculus,375,,8uee_C,Cell invasion protein SipA,Salmonella enterica subsp. enterica serovar Typhimurium str. LT2,261,,hetero,838.21,66,1,8uee
8 Details,8uee_H,"Actin, alpha skeletal muscle",Oryctolagus cuniculus,375,,8uee_D,Cell invasion protein SipA,Salmonella enterica subsp. enterica serovar Typhimurium str. LT2,261,,hetero,1120.13,101,1,8uee
9 Details,8uee_I,"Actin, alpha skeletal muscle",Oryctolagus cuniculus,375,,8uee_J,"Actin, alpha skeletal muscle",Oryctolagus cuniculus,375,,homo,408.75,34,1,8uee
10 Details,8uee_I,"Actin, alpha skeletal muscle",Oryctolagus cuniculus,375,,8uee_K,"Actin, alpha skeletal muscle",Oryctolagus cuniculus,375,,homo,384.14,32,1,8uee
11 Details,8uee_I,"Actin, alpha skeletal muscle",Oryctolagus cuniculus,375,,8uee_M,"Actin, alpha skeletal muscle",Oryctolagus cuniculus,375,,homo,1175.68,100,1,8uee
12 Details,8uee_I,"Actin, alpha skeletal muscle",Oryctolagus cuniculus,375,,8uee_C,Cell invasion protein SipA,Salmonella enterica subsp. enterica serovar Typhimurium str. LT2,261,,hetero,751.19,62,1,8uee
13 Details,8uee_I,"Actin, alpha skeletal muscle",Oryctolagus cuniculus,375,,8uee_D,Cell invasion protein SipA,Salmonella enterica subsp. enterica serovar Typhimurium str. LT2,261,,hetero,129.78,12,1,8uee
14 Details,8uee_I,"Actin, alpha skeletal muscle",Oryctolagus cuniculus,375,,8uee_A,Cell invasion protein SipA,Salmonella enterica subsp. enterica serovar Typhimurium str. LT2,261,,hetero,274.53,24,1,8uee
15 Details,8uee_J,"Actin, alpha skeletal muscle",Oryctolagus cuniculus,375,,8uee_K,"Actin, alpha skeletal muscle",Oryctolagus cuniculus,375,,homo,1178.07,93,1,8uee
16 Details,8uee_J,"Actin, alpha skeletal muscle",Oryctolagus cuniculus,375,,8uee_C,Cell invasion protein SipA,Salmonella enterica subsp. enterica serovar Typhimurium str. LT2,261,,hetero,1077.89,98,1,8uee
17 Details,8uee_J,"Actin, alpha skeletal muscle",Oryctolagus cuniculus,375,,8uee_D,Cell invasion protein SipA,Salmonella enterica subsp. enterica serovar Typhimurium str. LT2,261,,hetero,730.79,67,1,8uee
18 Details,8uee_K,"Actin, alpha skeletal muscle",Oryctolagus cuniculus,375,,8uee_L,"Actin, alpha skeletal muscle",Oryctolagus cuniculus,375,,homo,1167.05,95,1,8uee
19 Details,8uee_K,"Actin, alpha skeletal muscle",Oryctolagus cuniculus,375,,8uee_M,"Actin, alpha skeletal muscle",Oryctolagus cuniculus,375,,homo,374.25,30,1,8uee
20 Details,8uee_K,"Actin, alpha skeletal muscle",Oryctolagus cuniculus,375,,8uee_B,Cell invasion protein SipA,Salmonella enterica subsp. enterica serovar Typhimurium str. LT2,261,,hetero,305.71,26,1,8uee
21 Details,8uee_K,"Actin, alpha skeletal muscle",Oryctolagus cuniculus,375,,8uee_C,Cell invasion protein SipA,Salmonella enterica subsp. enterica serovar Typhimurium str. LT2,261,,hetero,160.43,12,1,8uee
22 Details,8uee_K,"Actin, alpha skeletal muscle",Oryctolagus cuniculus,375,,8uee_A,Cell invasion protein SipA,Salmonella enterica subsp. enterica serovar Typhimurium str. LT2,261,,hetero,803.93,64,1,8uee
23 Details,8uee_L,"Actin, alpha skeletal muscle",Oryctolagus cuniculus,375,,8uee_M,"Actin, alpha skeletal muscle",Oryctolagus cuniculus,375,,homo,374.5,32,1,8uee
24 Details,8uee_L,"Actin, alpha skeletal muscle",Oryctolagus cuniculus,375,,8uee_B,Cell invasion protein SipA,Salmonella enterica subsp. enterica serovar Typhimurium str. LT2,261,,hetero,1080.83,97,1,8uee
25 Details,8uee_L,"Actin, alpha skeletal muscle",Oryctolagus cuniculus,375,,8uee_A,Cell invasion protein SipA,Salmonella enterica subsp. enterica serovar Typhimurium str. LT2,261,,hetero,713.73,65,1,8uee
26 Details,8uee_M,"Actin, alpha skeletal muscle",Oryctolagus cuniculus,375,,8uee_B,Cell invasion protein SipA,Salmonella enterica subsp. enterica serovar Typhimurium str. LT2,261,,hetero,832.2,67,1,8uee
27 Details,8uee_M,"Actin, alpha skeletal muscle",Oryctolagus cuniculus,375,,8uee_A,Cell invasion protein SipA,Salmonella enterica subsp. enterica serovar Typhimurium str. LT2,261,,hetero,1098.28,99,1,8uee
1 Details,9qfo_G,Cofilin-1,Homo sapiens,166,,9qfo_A,"Actin, cytoplasmic 1, N-terminally processed",Homo sapiens,374,,hetero,1036.1,93,1,9qfo
2 Details,9qfo_G,Cofilin-1,Homo sapiens,166,,9qfo_C,"Actin, cytoplasmic 1, N-terminally processed",Homo sapiens,374,,hetero,688.98,59,1,9qfo
3 Details,9qfo_H,Cofilin-1,Homo sapiens,166,,9qfo_B,"Actin, cytoplasmic 1, N-terminally processed",Homo sapiens,374,,hetero,1036.44,90,1,9qfo
4 Details,9qfo_H,Cofilin-1,Homo sapiens,166,,9qfo_D,"Actin, cytoplasmic 1, N-terminally processed",Homo sapiens,374,,hetero,701.29,59,1,9qfo
5 Details,9qfo_I,Cofilin-1,Homo sapiens,166,,9qfo_C,"Actin, cytoplasmic 1, N-terminally processed",Homo sapiens,374,,hetero,1009.04,91,1,9qfo
6 Details,9qfo_I,Cofilin-1,Homo sapiens,166,,9qfo_E,"Actin, cytoplasmic 1, N-terminally processed",Homo sapiens,374,,hetero,687.73,57,1,9qfo
7 Details,9qfo_J,Cofilin-1,Homo sapiens,166,,9qfo_D,"Actin, cytoplasmic 1, N-terminally processed",Homo sapiens,374,,hetero,1014.76,94,1,9qfo
8 Details,9qfo_J,Cofilin-1,Homo sapiens,166,,9qfo_F,"Actin, cytoplasmic 1, N-terminally processed",Homo sapiens,374,,hetero,727.86,58,1,9qfo
9 Details,9qfo_A,"Actin, cytoplasmic 1, N-terminally processed",Homo sapiens,374,,9qfo_B,"Actin, cytoplasmic 1, N-terminally processed",Homo sapiens,374,,homo,382.25,33,1,9qfo
10 Details,9qfo_A,"Actin, cytoplasmic 1, N-terminally processed",Homo sapiens,374,,9qfo_C,"Actin, cytoplasmic 1, N-terminally processed",Homo sapiens,374,,homo,349.36,34,1,9qfo
11 Details,9qfo_B,"Actin, cytoplasmic 1, N-terminally processed",Homo sapiens,374,,9qfo_C,"Actin, cytoplasmic 1, N-terminally processed",Homo sapiens,374,,homo,369.06,35,1,9qfo
12 Details,9qfo_B,"Actin, cytoplasmic 1, N-terminally processed",Homo sapiens,374,,9qfo_D,"Actin, cytoplasmic 1, N-terminally processed",Homo sapiens,374,,homo,370.85,30,1,9qfo
13 Details,9qfo_C,"Actin, cytoplasmic 1, N-terminally processed",Homo sapiens,374,,9qfo_D,"Actin, cytoplasmic 1, N-terminally processed",Homo sapiens,374,,homo,333.3,30,1,9qfo
14 Details,9qfo_C,"Actin, cytoplasmic 1, N-terminally processed",Homo sapiens,374,,9qfo_E,"Actin, cytoplasmic 1, N-terminally processed",Homo sapiens,374,,homo,352.53,33,1,9qfo
15 Details,9qfo_D,"Actin, cytoplasmic 1, N-terminally processed",Homo sapiens,374,,9qfo_E,"Actin, cytoplasmic 1, N-terminally processed",Homo sapiens,374,,homo,362.06,30,1,9qfo
16 Details,9qfo_D,"Actin, cytoplasmic 1, N-terminally processed",Homo sapiens,374,,9qfo_F,"Actin, cytoplasmic 1, N-terminally processed",Homo sapiens,374,,homo,359.94,34,1,9qfo
17 Details,9qfo_E,"Actin, cytoplasmic 1, N-terminally processed",Homo sapiens,374,,9qfo_F,"Actin, cytoplasmic 1, N-terminally processed",Homo sapiens,374,,homo,385.32,36,1,9qfo
1 Details,8d18_A,"Actin, alpha skeletal muscle",Gallus gallus,377,,8d18_B,"Actin, alpha skeletal muscle",Gallus gallus,377,,homo,423.09,39,1,8d18
2 Details,8d18_A,"Actin, alpha skeletal muscle",Gallus gallus,377,,8d18_C,"Actin, alpha skeletal muscle",Gallus gallus,377,,homo,1162.2,91,1,8d18
3 Details,8d18_B,"Actin, alpha skeletal muscle",Gallus gallus,377,,8d18_C,"Actin, alpha skeletal muscle",Gallus gallus,377,,homo,374.33,31,1,8d18
4 Details,8d18_B,"Actin, alpha skeletal muscle",Gallus gallus,377,,8d18_D,"Actin, alpha skeletal muscle",Gallus gallus,377,,homo,1142.13,98,1,8d18
5 Details,8d18_C,"Actin, alpha skeletal muscle",Gallus gallus,377,,8d18_D,"Actin, alpha skeletal muscle",Gallus gallus,377,,homo,401.28,32,1,8d18
6 Details,8d18_C,"Actin, alpha skeletal muscle",Gallus gallus,377,,8d18_E,"Actin, alpha skeletal muscle",Gallus gallus,377,,homo,1163.39,93,1,8d18
7 Details,8d18_D,"Actin, alpha skeletal muscle",Gallus gallus,377,,8d18_E,"Actin, alpha skeletal muscle",Gallus gallus,377,,homo,406.49,34,1,8d18
8 Details,8d18_D,"Actin, alpha skeletal muscle",Gallus gallus,377,,8d18_F,"Actin, alpha skeletal muscle",Gallus gallus,377,,homo,1138.27,99,1,8d18
9 Details,8d18_E,"Actin, alpha skeletal muscle",Gallus gallus,377,,8d18_F,"Actin, alpha skeletal muscle",Gallus gallus,377,,homo,425.07,40,1,8d18
10 Details,8d18_E,"Actin, alpha skeletal muscle",Gallus gallus,377,,8d18_G,"Actin, alpha skeletal muscle",Gallus gallus,377,,homo,1156.55,100,1,8d18
11 Details,8d18_F,"Actin, alpha skeletal muscle",Gallus gallus,377,,8d18_G,"Actin, alpha skeletal muscle",Gallus gallus,377,,homo,388.07,35,1,8d18
7 Details,9sgk_F,"Actin, alpha skeletal muscle",Gallus gallus,377,,9sgk_H,"Actin, alpha skeletal muscle",Gallus gallus,377,,homo,383.16,30,1,9sgk
8 Details,9sgk_F,"Actin, alpha skeletal muscle",Gallus gallus,377,,9sgk_I,"Actin, alpha skeletal muscle",Gallus gallus,377,,homo,369.44,32,1,9sgk
9 Details,9sgk_F,"Actin, alpha skeletal muscle",Gallus gallus,377,,9sgk_J,"Actin, alpha skeletal muscle",Gallus gallus,377,,homo,1133.55,95,1,9sgk
10 Details,9sgk_G,"Actin, alpha skeletal muscle",Gallus gallus,377,,9sgk_H,"Actin, alpha skeletal muscle",Gallus gallus,377,,homo,1153.47,98,1,9sgk
11 Details,9sgk_G,"Actin, alpha skeletal muscle",Gallus gallus,377,,9sgk_J,"Actin, alpha skeletal muscle",Gallus gallus,377,,homo,371.33,31,1,9sgk
12 Details,9sgk_H,"Actin, alpha skeletal muscle",Gallus gallus,377,,9sgk_I,"Actin, alpha skeletal muscle",Gallus gallus,377,,homo,1149.97,93,1,9sgk
13 Details,9sgk_H,"Actin, alpha skeletal muscle",Gallus gallus,377,,9sgk_J,"Actin, alpha skeletal muscle",Gallus gallus,377,,homo,370.19,31,1,9sgk
1 Details,9qfk_A,"Actin, cytoplasmic 1, N-terminally processed",Homo sapiens,374,,9qfk_B,"Actin, cytoplasmic 1, N-terminally processed",Homo sapiens,374,,homo,388.99,34,1,9qfk
2 Details,9qfk_A,"Actin, cytoplasmic 1, N-terminally processed",Homo sapiens,374,,9qfk_C,"Actin, cytoplasmic 1, N-terminally processed",Homo sapiens,374,,homo,1065.36,87,1,9qfk
3 Details,9qfk_A,"Actin, cytoplasmic 1, N-terminally processed",Homo sapiens,374,,9qfk_H,"Coronin-1B,Methylated-DNA--protein-cysteine methyltransferase",Homo sapiens,688,,hetero,824.89,76,1,9qfk
4 Details,9qfk_A,"Actin, cytoplasmic 1, N-terminally processed",Homo sapiens,374,,9qfk_I,"Coronin-1B,Methylated-DNA--protein-cysteine methyltransferase",Homo sapiens,688,,hetero,144.76,11,1,9qfk
5 Details,9qfk_A,"Actin, cytoplasmic 1, N-terminally processed",Homo sapiens,374,,9qfk_J,Cofilin-1,Homo sapiens,166,,hetero,689.09,67,1,9qfk
6 Details,9qfk_B,"Actin, cytoplasmic 1, N-terminally processed",Homo sapiens,374,,9qfk_C,"Actin, cytoplasmic 1, N-terminally processed",Homo sapiens,374,,homo,427.3,36,1,9qfk
7 Details,9qfk_B,"Actin, cytoplasmic 1, N-terminally processed",Homo sapiens,374,,9qfk_D,"Actin, cytoplasmic 1, N-terminally processed",Homo sapiens,374,,homo,1064.94,88,1,9qfk
8 Details,9qfk_B,"Actin, cytoplasmic 1, N-terminally processed",Homo sapiens,374,,9qfk_H,"Coronin-1B,Methylated-DNA--protein-cysteine methyltransferase",Homo sapiens,688,,hetero,298.57,32,1,9qfk
9 Details,9qfk_B,"Actin, cytoplasmic 1, N-terminally processed",Homo sapiens,374,,9qfk_I,"Coronin-1B,Methylated-DNA--protein-cysteine methyltransferase",Homo sapiens,688,,hetero,824.34,74,1,9qfk
10 Details,9qfk_B,"Actin, cytoplasmic 1, N-terminally processed",Homo sapiens,374,,9qfk_K,"Coronin-1B,Methylated-DNA--protein-cysteine methyltransferase",Homo sapiens,688,,hetero,616.94,55,1,9qfk
11 Details,9qfk_C,"Actin, cytoplasmic 1, N-terminally processed",Homo sapiens,374,,9qfk_D,"Actin, cytoplasmic 1, N-terminally processed",Homo sapiens,374,,homo,411.51,30,1,9qfk
12 Details,9qfk_C,"Actin, cytoplasmic 1, N-terminally processed",Homo sapiens,374,,9qfk_E,"Actin, cytoplasmic 1, N-terminally processed",Homo sapiens,374,,homo,1088.46,88,1,9qfk
13 Details,9qfk_C,"Actin, cytoplasmic 1, N-terminally processed",Homo sapiens,374,,9qfk_I,"Coronin-1B,Methylated-DNA--protein-cysteine methyltransferase",Homo sapiens,688,,hetero,295.8,33,1,9qfk
14 Details,9qfk_C,"Actin, cytoplasmic 1, N-terminally processed",Homo sapiens,374,,9qfk_J,Cofilin-1,Homo sapiens,166,,hetero,807.55,71,1,9qfk
15 Details,9qfk_C,"Actin, cytoplasmic 1, N-terminally processed",Homo sapiens,374,,9qfk_K,"Coronin-1B,Methylated-DNA--protein-cysteine methyltransferase",Homo sapiens,688,,hetero,151.09,12,1,9qfk
16 Details,9qfk_C,"Actin, cytoplasmic 1, N-terminally processed",Homo sapiens,374,,9qfk_L,"Coronin-1B,Methylated-DNA--protein-cysteine methyltransferase",Homo sapiens,688,,hetero,647.13,50,1,9qfk
17 Details,9qfk_D,"Actin, cytoplasmic 1, N-terminally processed",Homo sapiens,374,,9qfk_E,"Actin, cytoplasmic 1, N-terminally processed",Homo sapiens,374,,homo,399.09,34,1,9qfk
18 Details,9qfk_D,"Actin, cytoplasmic 1, N-terminally processed",Homo sapiens,374,,9qfk_F,"Actin, cytoplasmic 1, N-terminally processed",Homo sapiens,374,,homo,1059.77,90,1,9qfk
19 Details,9qfk_D,"Actin, cytoplasmic 1, N-terminally processed",Homo sapiens,374,,9qfk_K,"Coronin-1B,Methylated-DNA--protein-cysteine methyltransferase",Homo sapiens,688,,hetero,797.4,71,1,9qfk
20 Details,9qfk_D,"Actin, cytoplasmic 1, N-terminally processed",Homo sapiens,374,,9qfk_L,"Coronin-1B,Methylated-DNA--protein-cysteine methyltransferase",Homo sapiens,688,,hetero,175.59,14,1,9qfk
21 Details,9qfk_D,"Actin, cytoplasmic 1, N-terminally processed",Homo sapiens,374,,9qfk_M,"Coronin-1B,Methylated-DNA--protein-cysteine methyltransferase",Homo sapiens,688,,hetero,591.44,55,1,9qfk
22 Details,9qfk_E,"Actin, cytoplasmic 1, N-terminally processed",Homo sapiens,374,,9qfk_F,"Actin, cytoplasmic 1, N-terminally processed",Homo sapiens,374,,homo,431.0,35,1,9qfk
23 Details,9qfk_E,"Actin, cytoplasmic 1, N-terminally processed",Homo sapiens,374,,9qfk_G,"Actin, cytoplasmic 1, N-terminally processed",Homo sapiens,374,,homo,1066.33,86,1,9qfk
24 Details,9qfk_E,"Actin, cytoplasmic 1, N-terminally processed",Homo sapiens,374,,9qfk_K,"Coronin-1B,Methylated-DNA--protein-cysteine methyltransferase",Homo sapiens,688,,hetero,329.44,35,1,9qfk
25 Details,9qfk_E,"Actin, cytoplasmic 1, N-terminally processed",Homo sapiens,374,,9qfk_L,"Coronin-1B,Methylated-DNA--protein-cysteine methyltransferase",Homo sapiens,688,,hetero,855.26,79,1,9qfk
26 Details,9qfk_E,"Actin, cytoplasmic 1, N-terminally processed",Homo sapiens,374,,9qfk_M,"Coronin-1B,Methylated-DNA--protein-cysteine methyltransferase",Homo sapiens,688,,hetero,162.63,12,1,9qfk
27 Details,9qfk_E,"Actin, cytoplasmic 1, N-terminally processed",Homo sapiens,374,,9qfk_N,"Coronin-1B,Methylated-DNA--protein-cysteine methyltransferase",Homo sapiens,688,,hetero,619.02,56,1,9qfk
28 Details,9qfk_F,"Actin, cytoplasmic 1, N-terminally processed",Homo sapiens,374,,9qfk_G,"Actin, cytoplasmic 1, N-terminally processed",Homo sapiens,374,,homo,423.91,35,1,9qfk
29 Details,9qfk_F,"Actin, cytoplasmic 1, N-terminally processed",Homo sapiens,374,,9qfk_L,"Coronin-1B,Methylated-DNA--protein-cysteine methyltransferase",Homo sapiens,688,,hetero,285.61,33,1,9qfk
30 Details,9qfk_F,"Actin, cytoplasmic 1, N-terminally processed",Homo sapiens,374,,9qfk_M,"Coronin-1B,Methylated-DNA--protein-cysteine methyltransferase",Homo sapiens,688,,hetero,788.13,77,1,9qfk
31 Details,9qfk_F,"Actin, cytoplasmic 1, N-terminally processed",Homo sapiens,374,,9qfk_N,"Coronin-1B,Methylated-DNA--protein-cysteine methyltransferase",Homo sapiens,688,,hetero,158.65,14,1,9qfk
32 Details,9qfk_G,"Actin, cytoplasmic 1, N-terminally processed",Homo sapiens,374,,9qfk_M,"Coronin-1B,Methylated-DNA--protein-cysteine methyltransferase",Homo sapiens,688,,hetero,339.35,38,1,9qfk
33 Details,9qfk_G,"Actin, cytoplasmic 1, N-terminally processed",Homo sapiens,374,,9qfk_N,"Coronin-1B,Methylated-DNA--protein-cysteine methyltransferase",Homo sapiens,688,,hetero,842.7,78,1,9qfk
1 Details,8d17_A,"Actin, alpha skeletal muscle",Gallus gallus,377,,8d17_B,"Actin, alpha skeletal muscle",Gallus gallus,377,,homo,399.84,34,1,8d17
2 Details,8d17_A,"Actin, alpha skeletal muscle",Gallus gallus,377,,8d17_C,"Actin, alpha skeletal muscle",Gallus gallus,377,,homo,1133.29,96,1,8d17
3 Details,8d17_B,"Actin, alpha skeletal muscle",Gallus gallus,377,,8d17_C,"Actin, alpha skeletal muscle",Gallus gallus,377,,homo,395.0,33,1,8d17
4 Details,8d17_B,"Actin, alpha skeletal muscle",Gallus gallus,377,,8d17_D,"Actin, alpha skeletal muscle",Gallus gallus,377,,homo,1150.42,94,1,8d17
5 Details,8d17_C,"Actin, alpha skeletal muscle",Gallus gallus,377,,8d17_D,"Actin, alpha skeletal muscle",Gallus gallus,377,,homo,398.12,34,1,8d17
6 Details,8d17_C,"Actin, alpha skeletal muscle",Gallus gallus,377,,8d17_E,"Actin, alpha skeletal muscle",Gallus gallus,377,,homo,1128.44,96,1,8d17
7 Details,8d17_D,"Actin, alpha skeletal muscle",Gallus gallus,377,,8d17_E,"Actin, alpha skeletal muscle",Gallus gallus,377,,homo,410.73,35,1,8d17
8 Details,8d17_D,"Actin, alpha skeletal muscle",Gallus gallus,377,,8d17_F,"Actin, alpha skeletal muscle",Gallus gallus,377,,homo,1132.88,92,1,8d17
9 Details,8d17_E,"Actin, alpha skeletal muscle",Gallus gallus,377,,8d17_F,"Actin, alpha skeletal muscle",Gallus gallus,377,,homo,412.11,35,1,8d17
10 Details,8d17_E,"Actin, alpha skeletal muscle",Gallus gallus,377,,8d17_G,"Actin, alpha skeletal muscle",Gallus gallus,377,,homo,1139.64,95,1,8d17
11 Details,8d17_F,"Actin, alpha skeletal muscle",Gallus gallus,377,,8d17_G,"Actin, alpha skeletal muscle",Gallus gallus,377,,homo,422.68,36,1,8d17
1 Details,9qgk_A,Inositol-trisphosphate 3-kinase A,Homo sapiens,461,,9qgk_H,"Actin, alpha skeletal muscle",Gallus,377,,hetero,282.94,20,1,9qgk
2 Details,9qgk_A,Inositol-trisphosphate 3-kinase A,Homo sapiens,461,,9qgk_I,"Actin, alpha skeletal muscle",Gallus,377,,hetero,550.47,41,1,9qgk
3 Details,9qgk_B,Inositol-trisphosphate 3-kinase A,Homo sapiens,461,,9qgk_F,"Actin, alpha skeletal muscle",Gallus,377,,hetero,591.48,48,1,9qgk
4 Details,9qgk_B,Inositol-trisphosphate 3-kinase A,Homo sapiens,461,,9qgk_J,"Actin, alpha skeletal muscle",Gallus,377,,hetero,311.54,23,1,9qgk
5 Details,9qgk_C,Inositol-trisphosphate 3-kinase A,Homo sapiens,461,,9qgk_G,"Actin, alpha skeletal muscle",Gallus,377,,hetero,236.28,18,1,9qgk
6 Details,9qgk_C,Inositol-trisphosphate 3-kinase A,Homo sapiens,461,,9qgk_H,"Actin, alpha skeletal muscle",Gallus,377,,hetero,603.11,47,1,9qgk
7 Details,9qgk_D,Inositol-trisphosphate 3-kinase A,Homo sapiens,461,,9qgk_J,"Actin, alpha skeletal muscle",Gallus,377,,hetero,601.4,47,1,9qgk
8 Details,9qgk_E,Inositol-trisphosphate 3-kinase A,Homo sapiens,461,,9qgk_G,"Actin, alpha skeletal muscle",Gallus,377,,hetero,598.55,47,1,9qgk
9 Details,9qgk_F,"Actin, alpha skeletal muscle",Gallus,377,,9qgk_H,"Actin, alpha skeletal muscle",Gallus,377,,homo,412.1,32,1,9qgk
10 Details,9qgk_F,"Actin, alpha skeletal muscle",Gallus,377,,9qgk_I,"Actin, alpha skeletal muscle",Gallus,377,,homo,400.5,35,1,9qgk
11 Details,9qgk_F,"Actin, alpha skeletal muscle",Gallus,377,,9qgk_J,"Actin, alpha skeletal muscle",Gallus,377,,homo,1163.86,95,1,9qgk
13 Details,9qgk_G,"Actin, alpha skeletal muscle",Gallus,377,,9qgk_H,"Actin, alpha skeletal muscle",Gallus,377,,homo,1158.25,97,1,9qgk
14 Details,9qgk_G,"Actin, alpha skeletal muscle",Gallus,377,,9qgk_J,"Actin, alpha skeletal muscle",Gallus,377,,homo,420.27,34,1,9qgk
16 Details,9qgk_H,"Actin, alpha skeletal muscle",Gallus,377,,9qgk_I,"Actin, alpha skeletal muscle",Gallus,377,,homo,1176.3,100,1,9qgk
17 Details,9qgk_H,"Actin, alpha skeletal muscle",Gallus,377,,9qgk_J,"Actin, alpha skeletal muscle",Gallus,377,,homo,409.71,36,1,9qgk
1 Details,9bpm_A,"Actin, alpha cardiac muscle 1",Homo sapiens,375,,9bpm_B,"Actin, alpha cardiac muscle 1",Homo sapiens,375,,homo,1132.59,85,1,9bpm
2 Details,9bpm_A,"Actin, alpha cardiac muscle 1",Homo sapiens,375,,9bpm_C,"Actin, alpha cardiac muscle 1",Homo sapiens,375,,homo,378.18,33,1,9bpm
3 Details,9bpm_A,"Actin, alpha cardiac muscle 1",Homo sapiens,375,,9bpm_D,"Actin, alpha cardiac muscle 1",Homo sapiens,375,,homo,383.01,33,1,9bpm
4 Details,9bpm_B,"Actin, alpha cardiac muscle 1",Homo sapiens,375,,9bpm_C,"Actin, alpha cardiac muscle 1",Homo sapiens,375,,homo,370.03,33,1,9bpm
5 Details,9bpm_C,"Actin, alpha cardiac muscle 1",Homo sapiens,375,,9bpm_D,"Actin, alpha cardiac muscle 1",Homo sapiens,375,,homo,1132.9,85,1,9bpm
1 Details,5ogw_A,Actin-1,Plasmodium falciparum HB3,378,,5ogw_B,Actin-1,Plasmodium falciparum HB3,378,,homo,1115.13,93,1,5ogw
2 Details,5ogw_A,Actin-1,Plasmodium falciparum HB3,378,,5ogw_C,Actin-1,Plasmodium falciparum HB3,378,,homo,1115.84,93,1,5ogw
3 Details,5ogw_A,Actin-1,Plasmodium falciparum HB3,378,,5ogw_D,Actin-1,Plasmodium falciparum HB3,378,,homo,434.03,41,1,5ogw
4 Details,5ogw_A,Actin-1,Plasmodium falciparum HB3,378,,5ogw_E,Actin-1,Plasmodium falciparum HB3,378,,homo,422.93,41,1,5ogw
5 Details,5ogw_B,Actin-1,Plasmodium falciparum HB3,378,,5ogw_D,Actin-1,Plasmodium falciparum HB3,378,,homo,459.98,43,1,5ogw
6 Details,5ogw_C,Actin-1,Plasmodium falciparum HB3,378,,5ogw_E,Actin-1,Plasmodium falciparum HB3,378,,homo,426.29,41,1,5ogw
7 Details,5ogw_D,Actin-1,Plasmodium falciparum HB3,378,,5ogw_E,Actin-1,Plasmodium falciparum HB3,378,,homo,1113.21,92,1,5ogw
1 Details,9qfj_G,Cofilin-1,Homo sapiens,166,,9qfj_A,"Actin, cytoplasmic 1, N-terminally processed",Homo sapiens,374,,hetero,1019.8,92,1,9qfj
2 Details,9qfj_G,Cofilin-1,Homo sapiens,166,,9qfj_C,"Actin, cytoplasmic 1, N-terminally processed",Homo sapiens,374,,hetero,691.03,56,1,9qfj
3 Details,9qfj_F,Cofilin-1,Homo sapiens,166,,9qfj_B,"Actin, cytoplasmic 1, N-terminally processed",Homo sapiens,374,,hetero,691.7,56,1,9qfj
4 Details,9qfj_H,Cofilin-1,Homo sapiens,166,,9qfj_B,"Actin, cytoplasmic 1, N-terminally processed",Homo sapiens,374,,hetero,1018.72,93,1,9qfj
5 Details,9qfj_H,Cofilin-1,Homo sapiens,166,,9qfj_D,"Actin, cytoplasmic 1, N-terminally processed",Homo sapiens,374,,hetero,693.15,56,1,9qfj
6 Details,9qfj_I,Cofilin-1,Homo sapiens,166,,9qfj_C,"Actin, cytoplasmic 1, N-terminally processed",Homo sapiens,374,,hetero,1016.42,92,1,9qfj
7 Details,9qfj_I,Cofilin-1,Homo sapiens,166,,9qfj_E,"Actin, cytoplasmic 1, N-terminally processed",Homo sapiens,374,,hetero,691.88,56,1,9qfj
8 Details,9qfj_J,Cofilin-1,Homo sapiens,166,,9qfj_D,"Actin, cytoplasmic 1, N-terminally processed",Homo sapiens,374,,hetero,1012.15,92,1,9qfj
9 Details,9qfj_A,"Actin, cytoplasmic 1, N-terminally processed",Homo sapiens,374,,9qfj_B,"Actin, cytoplasmic 1, N-terminally processed",Homo sapiens,374,,homo,353.1,29,1,9qfj
10 Details,9qfj_A,"Actin, cytoplasmic 1, N-terminally processed",Homo sapiens,374,,9qfj_C,"Actin, cytoplasmic 1, N-terminally processed",Homo sapiens,374,,homo,365.53,32,1,9qfj
11 Details,9qfj_B,"Actin, cytoplasmic 1, N-terminally processed",Homo sapiens,374,,9qfj_C,"Actin, cytoplasmic 1, N-terminally processed",Homo sapiens,374,,homo,351.98,29,1,9qfj
12 Details,9qfj_B,"Actin, cytoplasmic 1, N-terminally processed",Homo sapiens,374,,9qfj_D,"Actin, cytoplasmic 1, N-terminally processed",Homo sapiens,374,,homo,364.4,32,1,9qfj
13 Details,9qfj_C,"Actin, cytoplasmic 1, N-terminally processed",Homo sapiens,374,,9qfj_D,"Actin, cytoplasmic 1, N-terminally processed",Homo sapiens,374,,homo,351.81,29,1,9qfj
14 Details,9qfj_C,"Actin, cytoplasmic 1, N-terminally processed",Homo sapiens,374,,9qfj_E,"Actin, cytoplasmic 1, N-terminally processed",Homo sapiens,374,,homo,365.51,33,1,9qfj
15 Details,9qfj_D,"Actin, cytoplasmic 1, N-terminally processed",Homo sapiens,374,,9qfj_E,"Actin, cytoplasmic 1, N-terminally processed",Homo sapiens,374,,homo,354.41,29,1,9qfj
1 Details,8dmx_A,"Actin, alpha skeletal muscle",Oryctolagus cuniculus,375,,8dmx_B,"Actin, alpha skeletal muscle",Oryctolagus cuniculus,375,,homo,335.82,28,1,8dmx
2 Details,8dmx_A,"Actin, alpha skeletal muscle",Oryctolagus cuniculus,375,,8dmx_C,"Actin, alpha skeletal muscle",Oryctolagus cuniculus,375,,homo,1081.34,83,1,8dmx
3 Details,8dmx_B,"Actin, alpha skeletal muscle",Oryctolagus cuniculus,375,,8dmx_C,"Actin, alpha skeletal muscle",Oryctolagus cuniculus,375,,homo,343.59,28,1,8dmx
4 Details,8dmx_B,"Actin, alpha skeletal muscle",Oryctolagus cuniculus,375,,8dmx_D,"Actin, alpha skeletal muscle",Oryctolagus cuniculus,375,,homo,1082.59,84,1,8dmx
5 Details,8dmx_C,"Actin, alpha skeletal muscle",Oryctolagus cuniculus,375,,8dmx_D,"Actin, alpha skeletal muscle",Oryctolagus cuniculus,375,,homo,319.91,26,1,8dmx
1 Details,9y9p_A,"Actin, alpha skeletal muscle",Oryctolagus cuniculus,376,,9y9p_B,"Actin, alpha skeletal muscle",Oryctolagus cuniculus,376,,homo,356.83,29,1,9y9p
2 Details,9y9p_A,"Actin, alpha skeletal muscle",Oryctolagus cuniculus,376,,9y9p_C,"Actin, alpha skeletal muscle",Oryctolagus cuniculus,376,,homo,416.74,37,1,9y9p
3 Details,9y9p_A,"Actin, alpha skeletal muscle",Oryctolagus cuniculus,376,,9y9p_a,Cofilin-2,Homo sapiens,166,,hetero,1076.08,85,1,9y9p
4 Details,9y9p_B,"Actin, alpha skeletal muscle",Oryctolagus cuniculus,376,,9y9p_C,"Actin, alpha skeletal muscle",Oryctolagus cuniculus,376,,homo,356.55,29,1,9y9p
5 Details,9y9p_B,"Actin, alpha skeletal muscle",Oryctolagus cuniculus,376,,9y9p_D,"Actin, alpha skeletal muscle",Oryctolagus cuniculus,376,,homo,416.68,37,1,9y9p
6 Details,9y9p_B,"Actin, alpha skeletal muscle",Oryctolagus cuniculus,376,,9y9p_b,Cofilin-2,Homo sapiens,166,,hetero,1076.14,85,1,9y9p
7 Details,9y9p_C,"Actin, alpha skeletal muscle",Oryctolagus cuniculus,376,,9y9p_D,"Actin, alpha skeletal muscle",Oryctolagus cuniculus,376,,homo,356.18,29,1,9y9p
8 Details,9y9p_C,"Actin, alpha skeletal muscle",Oryctolagus cuniculus,376,,9y9p_E,"Actin, alpha skeletal muscle",Oryctolagus cuniculus,376,,homo,416.75,37,1,9y9p
9 Details,9y9p_C,"Actin, alpha skeletal muscle",Oryctolagus cuniculus,376,,9y9p_a,Cofilin-2,Homo sapiens,166,,hetero,674.2,58,1,9y9p
10 Details,9y9p_C,"Actin, alpha skeletal muscle",Oryctolagus cuniculus,376,,9y9p_c,Cofilin-2,Homo sapiens,166,,hetero,1076.63,85,1,9y9p
11 Details,9y9p_D,"Actin, alpha skeletal muscle",Oryctolagus cuniculus,376,,9y9p_E,"Actin, alpha skeletal muscle",Oryctolagus cuniculus,376,,homo,354.66,28,1,9y9p
12 Details,9y9p_D,"Actin, alpha skeletal muscle",Oryctolagus cuniculus,376,,9y9p_b,Cofilin-2,Homo sapiens,166,,hetero,673.55,58,1,9y9p
13 Details,9y9p_D,"Actin, alpha skeletal muscle",Oryctolagus cuniculus,376,,9y9p_d,Cofilin-2,Homo sapiens,166,,hetero,1077.56,85,1,9y9p
14 Details,9y9p_E,"Actin, alpha skeletal muscle",Oryctolagus cuniculus,376,,9y9p_c,Cofilin-2,Homo sapiens,166,,hetero,673.01,58,1,9y9p
15 Details,9y9p_E,"Actin, alpha skeletal muscle",Oryctolagus cuniculus,376,,9y9p_e,Cofilin-2,Homo sapiens,166,,hetero,1076.73,85,1,9y9p
1 Details,8d15_A,"Actin, alpha skeletal muscle",Gallus gallus,377,,8d15_B,"Actin, alpha skeletal muscle",Gallus gallus,377,,homo,379.11,29,1,8d15
2 Details,8d15_A,"Actin, alpha skeletal muscle",Gallus gallus,377,,8d15_C,"Actin, alpha skeletal muscle",Gallus gallus,377,,homo,1186.66,99,1,8d15
3 Details,8d15_B,"Actin, alpha skeletal muscle",Gallus gallus,377,,8d15_C,"Actin, alpha skeletal muscle",Gallus gallus,377,,homo,375.17,33,1,8d15
4 Details,8d15_B,"Actin, alpha skeletal muscle",Gallus gallus,377,,8d15_D,"Actin, alpha skeletal muscle",Gallus gallus,377,,homo,1147.65,94,1,8d15
5 Details,8d15_C,"Actin, alpha skeletal muscle",Gallus gallus,377,,8d15_D,"Actin, alpha skeletal muscle",Gallus gallus,377,,homo,373.21,30,1,8d15
6 Details,8d15_C,"Actin, alpha skeletal muscle",Gallus gallus,377,,8d15_E,"Actin, alpha skeletal muscle",Gallus gallus,377,,homo,1104.12,95,1,8d15
7 Details,8d15_D,"Actin, alpha skeletal muscle",Gallus gallus,377,,8d15_E,"Actin, alpha skeletal muscle",Gallus gallus,377,,homo,385.71,30,1,8d15
8 Details,8d15_D,"Actin, alpha skeletal muscle",Gallus gallus,377,,8d15_F,"Actin, alpha skeletal muscle",Gallus gallus,377,,homo,1112.46,95,1,8d15
9 Details,8d15_E,"Actin, alpha skeletal muscle",Gallus gallus,377,,8d15_F,"Actin, alpha skeletal muscle",Gallus gallus,377,,homo,446.35,39,1,8d15
10 Details,8d15_E,"Actin, alpha skeletal muscle",Gallus gallus,377,,8d15_G,"Actin, alpha skeletal muscle",Gallus gallus,377,,homo,1132.22,95,1,8d15
11 Details,8d15_F,"Actin, alpha skeletal muscle",Gallus gallus,377,,8d15_G,"Actin, alpha skeletal muscle",Gallus gallus,377,,homo,426.66,33,1,8d15
1 Details,6tu4_A,Actin-1,Plasmodium falciparum 3D7,378,,6tu4_B,Actin-1,Plasmodium falciparum 3D7,378,,homo,330.89,27,1,6tu4
2 Details,6tu4_A,Actin-1,Plasmodium falciparum 3D7,378,,6tu4_C,Actin-1,Plasmodium falciparum 3D7,378,,homo,1030.24,90,1,6tu4
3 Details,6tu4_A,Actin-1,Plasmodium falciparum 3D7,378,,6tu4_D,Actin-1,Plasmodium falciparum 3D7,378,,homo,333.18,29,1,6tu4
4 Details,6tu4_A,Actin-1,Plasmodium falciparum 3D7,378,,6tu4_F,Actin-1,Plasmodium falciparum 3D7,378,,homo,1037.14,89,1,6tu4
5 Details,6tu4_B,Actin-1,Plasmodium falciparum 3D7,378,,6tu4_C,Actin-1,Plasmodium falciparum 3D7,378,,homo,338.71,29,1,6tu4
6 Details,6tu4_B,Actin-1,Plasmodium falciparum 3D7,378,,6tu4_D,Actin-1,Plasmodium falciparum 3D7,378,,homo,1028.82,90,1,6tu4
7 Details,6tu4_D,Actin-1,Plasmodium falciparum 3D7,378,,6tu4_F,Actin-1,Plasmodium falciparum 3D7,378,,homo,326.6,28,1,6tu4
1 Details,9qfg_H,Cofilin-1,Homo sapiens,166,,9qfg_A,"Actin, cytoplasmic 1, N-terminally processed",Homo sapiens,374,,hetero,681.0,55,1,9qfg
2 Details,9qfg_I,Cofilin-1,Homo sapiens,166,,9qfg_A,"Actin, cytoplasmic 1, N-terminally processed",Homo sapiens,374,,hetero,930.99,91,1,9qfg
3 Details,9qfg_I,Cofilin-1,Homo sapiens,166,,9qfg_C,"Actin, cytoplasmic 1, N-terminally processed",Homo sapiens,374,,hetero,759.21,68,1,9qfg
4 Details,9qfg_L,"Coronin-1B,Methylated-DNA--protein-cysteine methyltransferase",Homo sapiens,688,,9qfg_A,"Actin, cytoplasmic 1, N-terminally processed",Homo sapiens,374,,hetero,170.21,16,1,9qfg
5 Details,9qfg_L,"Coronin-1B,Methylated-DNA--protein-cysteine methyltransferase",Homo sapiens,688,,9qfg_B,"Actin, cytoplasmic 1, N-terminally processed",Homo sapiens,374,,hetero,768.15,73,1,9qfg
6 Details,9qfg_L,"Coronin-1B,Methylated-DNA--protein-cysteine methyltransferase",Homo sapiens,688,,9qfg_C,"Actin, cytoplasmic 1, N-terminally processed",Homo sapiens,374,,hetero,338.69,40,1,9qfg
7 Details,9qfg_M,"Coronin-1B,Methylated-DNA--protein-cysteine methyltransferase",Homo sapiens,688,,9qfg_B,"Actin, cytoplasmic 1, N-terminally processed",Homo sapiens,374,,hetero,611.63,52,1,9qfg
8 Details,9qfg_M,"Coronin-1B,Methylated-DNA--protein-cysteine methyltransferase",Homo sapiens,688,,9qfg_C,"Actin, cytoplasmic 1, N-terminally processed",Homo sapiens,374,,hetero,185.02,15,1,9qfg
9 Details,9qfg_M,"Coronin-1B,Methylated-DNA--protein-cysteine methyltransferase",Homo sapiens,688,,9qfg_D,"Actin, cytoplasmic 1, N-terminally processed",Homo sapiens,374,,hetero,821.18,71,1,9qfg
10 Details,9qfg_M,"Coronin-1B,Methylated-DNA--protein-cysteine methyltransferase",Homo sapiens,688,,9qfg_E,"Actin, cytoplasmic 1, N-terminally processed",Homo sapiens,374,,hetero,333.02,41,1,9qfg
11 Details,9qfg_N,"Coronin-1B,Methylated-DNA--protein-cysteine methyltransferase",Homo sapiens,688,,9qfg_D,"Actin, cytoplasmic 1, N-terminally processed",Homo sapiens,374,,hetero,643.59,56,1,9qfg
12 Details,9qfg_N,"Coronin-1B,Methylated-DNA--protein-cysteine methyltransferase",Homo sapiens,688,,9qfg_E,"Actin, cytoplasmic 1, N-terminally processed",Homo sapiens,374,,hetero,190.47,19,1,9qfg
13 Details,9qfg_N,"Coronin-1B,Methylated-DNA--protein-cysteine methyltransferase",Homo sapiens,688,,9qfg_F,"Actin, cytoplasmic 1, N-terminally processed",Homo sapiens,374,,hetero,940.15,84,1,9qfg
14 Details,9qfg_N,"Coronin-1B,Methylated-DNA--protein-cysteine methyltransferase",Homo sapiens,688,,9qfg_G,"Actin, cytoplasmic 1, N-terminally processed",Homo sapiens,374,,hetero,377.18,41,1,9qfg
15 Details,9qfg_J,"Coronin-1B,Methylated-DNA--protein-cysteine methyltransferase",Homo sapiens,688,,9qfg_K,"Coronin-1B,Methylated-DNA--protein-cysteine methyltransferase",Homo sapiens,688,,homo,130.09,11,1,9qfg
16 Details,9qfg_J,"Coronin-1B,Methylated-DNA--protein-cysteine methyltransferase",Homo sapiens,688,,9qfg_C,"Actin, cytoplasmic 1, N-terminally processed",Homo sapiens,374,,hetero,627.83,54,1,9qfg
17 Details,9qfg_J,"Coronin-1B,Methylated-DNA--protein-cysteine methyltransferase",Homo sapiens,688,,9qfg_D,"Actin, cytoplasmic 1, N-terminally processed",Homo sapiens,374,,hetero,200.43,17,1,9qfg
18 Details,9qfg_J,"Coronin-1B,Methylated-DNA--protein-cysteine methyltransferase",Homo sapiens,688,,9qfg_E,"Actin, cytoplasmic 1, N-terminally processed",Homo sapiens,374,,hetero,913.11,79,1,9qfg
19 Details,9qfg_J,"Coronin-1B,Methylated-DNA--protein-cysteine methyltransferase",Homo sapiens,688,,9qfg_F,"Actin, cytoplasmic 1, N-terminally processed",Homo sapiens,374,,hetero,318.12,38,1,9qfg
20 Details,9qfg_K,"Coronin-1B,Methylated-DNA--protein-cysteine methyltransferase",Homo sapiens,688,,9qfg_E,"Actin, cytoplasmic 1, N-terminally processed",Homo sapiens,374,,hetero,654.42,54,1,9qfg
21 Details,9qfg_K,"Coronin-1B,Methylated-DNA--protein-cysteine methyltransferase",Homo sapiens,688,,9qfg_F,"Actin, cytoplasmic 1, N-terminally processed",Homo sapiens,374,,hetero,170.45,17,1,9qfg
22 Details,9qfg_K,"Coronin-1B,Methylated-DNA--protein-cysteine methyltransferase",Homo sapiens,688,,9qfg_G,"Actin, cytoplasmic 1, N-terminally processed",Homo sapiens,374,,hetero,889.04,81,1,9qfg
23 Details,9qfg_A,"Actin, cytoplasmic 1, N-terminally processed",Homo sapiens,374,,9qfg_B,"Actin, cytoplasmic 1, N-terminally processed",Homo sapiens,374,,homo,402.37,38,1,9qfg
24 Details,9qfg_A,"Actin, cytoplasmic 1, N-terminally processed",Homo sapiens,374,,9qfg_C,"Actin, cytoplasmic 1, N-terminally processed",Homo sapiens,374,,homo,611.69,57,1,9qfg
25 Details,9qfg_B,"Actin, cytoplasmic 1, N-terminally processed",Homo sapiens,374,,9qfg_C,"Actin, cytoplasmic 1, N-terminally processed",Homo sapiens,374,,homo,439.93,34,1,9qfg
26 Details,9qfg_B,"Actin, cytoplasmic 1, N-terminally processed",Homo sapiens,374,,9qfg_D,"Actin, cytoplasmic 1, N-terminally processed",Homo sapiens,374,,homo,1104.38,90,1,9qfg
27 Details,9qfg_C,"Actin, cytoplasmic 1, N-terminally processed",Homo sapiens,374,,9qfg_D,"Actin, cytoplasmic 1, N-terminally processed",Homo sapiens,374,,homo,432.08,35,1,9qfg
28 Details,9qfg_C,"Actin, cytoplasmic 1, N-terminally processed",Homo sapiens,374,,9qfg_E,"Actin, cytoplasmic 1, N-terminally processed",Homo sapiens,374,,homo,1080.43,89,1,9qfg
29 Details,9qfg_D,"Actin, cytoplasmic 1, N-terminally processed",Homo sapiens,374,,9qfg_E,"Actin, cytoplasmic 1, N-terminally processed",Homo sapiens,374,,homo,425.5,38,1,9qfg
30 Details,9qfg_D,"Actin, cytoplasmic 1, N-terminally processed",Homo sapiens,374,,9qfg_F,"Actin, cytoplasmic 1, N-terminally processed",Homo sapiens,374,,homo,1112.87,91,1,9qfg
31 Details,9qfg_E,"Actin, cytoplasmic 1, N-terminally processed",Homo sapiens,374,,9qfg_F,"Actin, cytoplasmic 1, N-terminally processed",Homo sapiens,374,,homo,372.46,33,1,9qfg
32 Details,9qfg_E,"Actin, cytoplasmic 1, N-terminally processed",Homo sapiens,374,,9qfg_G,"Actin, cytoplasmic 1, N-terminally processed",Homo sapiens,374,,homo,1079.9,89,1,9qfg
33 Details,9qfg_F,"Actin, cytoplasmic 1, N-terminally processed",Homo sapiens,374,,9qfg_G,"Actin, cytoplasmic 1, N-terminally processed",Homo sapiens,374,,homo,404.53,34,1,9qfg
1 Details,8e9b_A,Actin-related protein 3,Schizosaccharomyces pombe 972h-,427,,8e9b_B,Actin-related protein 2,Schizosaccharomyces pombe 972h-,390,,hetero,684.03,56,1,8e9b
2 Details,8e9b_A,Actin-related protein 3,Schizosaccharomyces pombe 972h-,427,,8e9b_D,Actin-related protein 2/3 complex subunit 2,Schizosaccharomyces pombe 972h-,317,,hetero,1442.2,132,1,8e9b
3 Details,8e9b_A,Actin-related protein 3,Schizosaccharomyces pombe 972h-,427,,8e9b_E,Actin-related protein 2/3 complex subunit 3,Schizosaccharomyces pombe 972h-,174,,hetero,891.4,66,1,8e9b
4 Details,8e9b_A,Actin-related protein 3,Schizosaccharomyces pombe 972h-,427,,8e9b_F,Actin-related protein 2/3 complex subunit 4,Schizosaccharomyces pombe 972h-,168,,hetero,241.31,23,1,8e9b
5 Details,8e9b_A,Actin-related protein 3,Schizosaccharomyces pombe 972h-,427,,8e9b_O,"Actin, alpha skeletal muscle",Gallus gallus,375,,hetero,386.13,29,1,8e9b
6 Details,8e9b_A,Actin-related protein 3,Schizosaccharomyces pombe 972h-,427,,8e9b_P,"Actin, alpha skeletal muscle",Gallus gallus,375,,hetero,102.99,11,1,8e9b
7 Details,8e9b_A,Actin-related protein 3,Schizosaccharomyces pombe 972h-,427,,8e9b_H,"Actin, alpha skeletal muscle",Gallus gallus,375,,hetero,1327.81,120,1,8e9b
8 Details,8e9b_B,Actin-related protein 2,Schizosaccharomyces pombe 972h-,390,,8e9b_C,Actin-related protein 2/3 complex subunit 1,Schizosaccharomyces pombe 972h-,377,,hetero,272.25,23,1,8e9b
9 Details,8e9b_B,Actin-related protein 2,Schizosaccharomyces pombe 972h-,390,,8e9b_D,Actin-related protein 2/3 complex subunit 2,Schizosaccharomyces pombe 972h-,317,,hetero,119.22,14,1,8e9b
10 Details,8e9b_B,Actin-related protein 2,Schizosaccharomyces pombe 972h-,390,,8e9b_E,Actin-related protein 2/3 complex subunit 3,Schizosaccharomyces pombe 972h-,174,,hetero,626.96,59,1,8e9b
11 Details,8e9b_B,Actin-related protein 2,Schizosaccharomyces pombe 972h-,390,,8e9b_F,Actin-related protein 2/3 complex subunit 4,Schizosaccharomyces pombe 972h-,168,,hetero,857.37,76,1,8e9b
12 Details,8e9b_B,Actin-related protein 2,Schizosaccharomyces pombe 972h-,390,,8e9b_G,Actin-related protein 2/3 complex subunit 5,Schizosaccharomyces pombe 972h-,152,,hetero,561.52,47,1,8e9b
13 Details,8e9b_B,Actin-related protein 2,Schizosaccharomyces pombe 972h-,390,,8e9b_H,"Actin, alpha skeletal muscle",Gallus gallus,375,,hetero,578.99,43,1,8e9b
14 Details,8e9b_B,Actin-related protein 2,Schizosaccharomyces pombe 972h-,390,,8e9b_I,"Actin, alpha skeletal muscle",Gallus gallus,375,,hetero,936.05,84,1,8e9b
15 Details,8e9b_C,Actin-related protein 2/3 complex subunit 1,Schizosaccharomyces pombe 972h-,377,,8e9b_D,Actin-related protein 2/3 complex subunit 2,Schizosaccharomyces pombe 972h-,317,,hetero,248.33,18,1,8e9b
16 Details,8e9b_C,Actin-related protein 2/3 complex subunit 1,Schizosaccharomyces pombe 972h-,377,,8e9b_F,Actin-related protein 2/3 complex subunit 4,Schizosaccharomyces pombe 972h-,168,,hetero,1110.46,106,1,8e9b
17 Details,8e9b_C,Actin-related protein 2/3 complex subunit 1,Schizosaccharomyces pombe 972h-,377,,8e9b_G,Actin-related protein 2/3 complex subunit 5,Schizosaccharomyces pombe 972h-,152,,hetero,530.41,44,1,8e9b
18 Details,8e9b_C,Actin-related protein 2/3 complex subunit 1,Schizosaccharomyces pombe 972h-,377,,8e9b_O,"Actin, alpha skeletal muscle",Gallus gallus,375,,hetero,490.85,40,1,8e9b
19 Details,8e9b_C,Actin-related protein 2/3 complex subunit 1,Schizosaccharomyces pombe 972h-,377,,8e9b_Q,"Actin, alpha skeletal muscle",Gallus gallus,375,,hetero,111.75,11,1,8e9b
20 Details,8e9b_D,Actin-related protein 2/3 complex subunit 2,Schizosaccharomyces pombe 972h-,317,,8e9b_F,Actin-related protein 2/3 complex subunit 4,Schizosaccharomyces pombe 972h-,168,,hetero,2011.93,144,1,8e9b
21 Details,8e9b_D,Actin-related protein 2/3 complex subunit 2,Schizosaccharomyces pombe 972h-,317,,8e9b_O,"Actin, alpha skeletal muscle",Gallus gallus,375,,hetero,278.94,26,1,8e9b
22 Details,8e9b_D,Actin-related protein 2/3 complex subunit 2,Schizosaccharomyces pombe 972h-,317,,8e9b_Q,"Actin, alpha skeletal muscle",Gallus gallus,375,,hetero,146.58,15,1,8e9b
23 Details,8e9b_D,Actin-related protein 2/3 complex subunit 2,Schizosaccharomyces pombe 972h-,317,,8e9b_R,"Actin, alpha skeletal muscle",Gallus gallus,375,,hetero,580.21,60,1,8e9b
24 Details,8e9b_E,Actin-related protein 2/3 complex subunit 3,Schizosaccharomyces pombe 972h-,174,,8e9b_M,"Actin, alpha skeletal muscle",Gallus gallus,375,,hetero,169.96,12,1,8e9b
25 Details,8e9b_F,Actin-related protein 2/3 complex subunit 4,Schizosaccharomyces pombe 972h-,168,,8e9b_G,Actin-related protein 2/3 complex subunit 5,Schizosaccharomyces pombe 972h-,152,,hetero,973.67,78,1,8e9b
26 Details,8e9b_F,Actin-related protein 2/3 complex subunit 4,Schizosaccharomyces pombe 972h-,168,,8e9b_Q,"Actin, alpha skeletal muscle",Gallus gallus,375,,hetero,743.2,61,1,8e9b
27 Details,8e9b_M,"Actin, alpha skeletal muscle",Gallus gallus,375,,8e9b_N,"Actin, alpha skeletal muscle",Gallus gallus,375,,homo,419.49,36,1,8e9b
28 Details,8e9b_M,"Actin, alpha skeletal muscle",Gallus gallus,375,,8e9b_O,"Actin, alpha skeletal muscle",Gallus gallus,375,,homo,1116.19,98,1,8e9b
29 Details,8e9b_N,"Actin, alpha skeletal muscle",Gallus gallus,375,,8e9b_O,"Actin, alpha skeletal muscle",Gallus gallus,375,,homo,452.56,38,1,8e9b
30 Details,8e9b_N,"Actin, alpha skeletal muscle",Gallus gallus,375,,8e9b_P,"Actin, alpha skeletal muscle",Gallus gallus,375,,homo,1140.48,98,1,8e9b
31 Details,8e9b_O,"Actin, alpha skeletal muscle",Gallus gallus,375,,8e9b_P,"Actin, alpha skeletal muscle",Gallus gallus,375,,homo,447.35,41,1,8e9b
32 Details,8e9b_O,"Actin, alpha skeletal muscle",Gallus gallus,375,,8e9b_Q,"Actin, alpha skeletal muscle",Gallus gallus,375,,homo,1113.73,93,1,8e9b
33 Details,8e9b_P,"Actin, alpha skeletal muscle",Gallus gallus,375,,8e9b_Q,"Actin, alpha skeletal muscle",Gallus gallus,375,,homo,384.57,34,1,8e9b
34 Details,8e9b_P,"Actin, alpha skeletal muscle",Gallus gallus,375,,8e9b_R,"Actin, alpha skeletal muscle",Gallus gallus,375,,homo,1126.87,97,1,8e9b
35 Details,8e9b_Q,"Actin, alpha skeletal muscle",Gallus gallus,375,,8e9b_R,"Actin, alpha skeletal muscle",Gallus gallus,375,,homo,412.16,34,1,8e9b
36 Details,8e9b_H,"Actin, alpha skeletal muscle",Gallus gallus,375,,8e9b_I,"Actin, alpha skeletal muscle",Gallus gallus,375,,homo,401.87,33,1,8e9b
1 Details,8v2o_A,"Actin, gamma-enteric smooth muscle",Homo sapiens,376,,8v2o_B,"Actin, gamma-enteric smooth muscle",Homo sapiens,376,,homo,445.4,37,1,8v2o
2 Details,8v2o_A,"Actin, gamma-enteric smooth muscle",Homo sapiens,376,,8v2o_C,"Actin, gamma-enteric smooth muscle",Homo sapiens,376,,homo,1185.37,98,1,8v2o
3 Details,8v2o_B,"Actin, gamma-enteric smooth muscle",Homo sapiens,376,,8v2o_C,"Actin, gamma-enteric smooth muscle",Homo sapiens,376,,homo,433.41,38,1,8v2o
4 Details,8v2o_B,"Actin, gamma-enteric smooth muscle",Homo sapiens,376,,8v2o_D,"Actin, gamma-enteric smooth muscle",Homo sapiens,376,,homo,1178.63,98,1,8v2o
5 Details,8v2o_C,"Actin, gamma-enteric smooth muscle",Homo sapiens,376,,8v2o_D,"Actin, gamma-enteric smooth muscle",Homo sapiens,376,,homo,436.23,37,1,8v2o
6 Details,8v2o_C,"Actin, gamma-enteric smooth muscle",Homo sapiens,376,,8v2o_E,"Actin, gamma-enteric smooth muscle",Homo sapiens,376,,homo,1192.57,96,1,8v2o
7 Details,8v2o_D,"Actin, gamma-enteric smooth muscle",Homo sapiens,376,,8v2o_E,"Actin, gamma-enteric smooth muscle",Homo sapiens,376,,homo,430.27,35,1,8v2o
1 Details,9y9m_A,"Actin, alpha skeletal muscle",Oryctolagus cuniculus,376,,9y9m_B,"Actin, alpha skeletal muscle",Oryctolagus cuniculus,376,,homo,324.58,28,1,9y9m
2 Details,9y9m_A,"Actin, alpha skeletal muscle",Oryctolagus cuniculus,376,,9y9m_C,"Actin, alpha skeletal muscle",Oryctolagus cuniculus,376,,homo,415.4,38,1,9y9m
3 Details,9y9m_A,"Actin, alpha skeletal muscle",Oryctolagus cuniculus,376,,9y9m_a,Cofilin-2,Homo sapiens,166,,hetero,1077.51,93,1,9y9m
4 Details,9y9m_B,"Actin, alpha skeletal muscle",Oryctolagus cuniculus,376,,9y9m_C,"Actin, alpha skeletal muscle",Oryctolagus cuniculus,376,,homo,322.8,27,1,9y9m
5 Details,9y9m_B,"Actin, alpha skeletal muscle",Oryctolagus cuniculus,376,,9y9m_D,"Actin, alpha skeletal muscle",Oryctolagus cuniculus,376,,homo,359.98,37,1,9y9m
6 Details,9y9m_B,"Actin, alpha skeletal muscle",Oryctolagus cuniculus,376,,9y9m_b,Cofilin-2,Homo sapiens,166,,hetero,1066.34,93,1,9y9m
7 Details,9y9m_C,"Actin, alpha skeletal muscle",Oryctolagus cuniculus,376,,9y9m_D,"Actin, alpha skeletal muscle",Oryctolagus cuniculus,376,,homo,310.73,25,1,9y9m
8 Details,9y9m_C,"Actin, alpha skeletal muscle",Oryctolagus cuniculus,376,,9y9m_E,"Actin, alpha skeletal muscle",Oryctolagus cuniculus,376,,homo,365.87,36,1,9y9m
9 Details,9y9m_C,"Actin, alpha skeletal muscle",Oryctolagus cuniculus,376,,9y9m_a,Cofilin-2,Homo sapiens,166,,hetero,673.57,55,1,9y9m
10 Details,9y9m_C,"Actin, alpha skeletal muscle",Oryctolagus cuniculus,376,,9y9m_c,Cofilin-2,Homo sapiens,166,,hetero,1033.04,90,1,9y9m
11 Details,9y9m_D,"Actin, alpha skeletal muscle",Oryctolagus cuniculus,376,,9y9m_E,"Actin, alpha skeletal muscle",Oryctolagus cuniculus,376,,homo,338.56,27,1,9y9m
12 Details,9y9m_D,"Actin, alpha skeletal muscle",Oryctolagus cuniculus,376,,9y9m_Y,F-actin-capping protein subunit alpha-1,Homo sapiens,286,,hetero,718.5,50,1,9y9m
13 Details,9y9m_D,"Actin, alpha skeletal muscle",Oryctolagus cuniculus,376,,9y9m_Z,F-actin-capping protein subunit beta,Homo sapiens,272,,hetero,113.79,9,1,9y9m
14 Details,9y9m_D,"Actin, alpha skeletal muscle",Oryctolagus cuniculus,376,,9y9m_b,Cofilin-2,Homo sapiens,166,,hetero,685.55,57,1,9y9m
15 Details,9y9m_E,"Actin, alpha skeletal muscle",Oryctolagus cuniculus,376,,9y9m_Y,F-actin-capping protein subunit alpha-1,Homo sapiens,286,,hetero,333.67,26,1,9y9m
16 Details,9y9m_E,"Actin, alpha skeletal muscle",Oryctolagus cuniculus,376,,9y9m_Z,F-actin-capping protein subunit beta,Homo sapiens,272,,hetero,952.48,70,1,9y9m
17 Details,9y9m_E,"Actin, alpha skeletal muscle",Oryctolagus cuniculus,376,,9y9m_c,Cofilin-2,Homo sapiens,166,,hetero,676.57,56,1,9y9m
18 Details,9y9m_Y,F-actin-capping protein subunit alpha-1,Homo sapiens,286,,9y9m_Z,F-actin-capping protein subunit beta,Homo sapiens,272,,hetero,3751.18,301,1,9y9m
1 Details,6tu7_AP1,Myosin-A,Plasmodium falciparum 3D7,820,,6tu7_CP1,Actin-1,Plasmodium falciparum 3D7,378,,hetero,1056.17,95,1,6tu7
2 Details,6tu7_AP1,Myosin-A,Plasmodium falciparum 3D7,820,,6tu7_EP1,Actin-1,Plasmodium falciparum 3D7,378,,hetero,371.9,33,1,6tu7
3 Details,6tu7_BP1,Actin-1,Plasmodium falciparum 3D7,378,,6tu7_CP1,Actin-1,Plasmodium falciparum 3D7,378,,homo,322.32,24,1,6tu7
4 Details,6tu7_BP1,Actin-1,Plasmodium falciparum 3D7,378,,6tu7_DP1,Actin-1,Plasmodium falciparum 3D7,378,,homo,1103.37,95,1,6tu7
5 Details,6tu7_BP1,Actin-1,Plasmodium falciparum 3D7,378,,6tu7_EP1,Actin-1,Plasmodium falciparum 3D7,378,,homo,320.58,24,1,6tu7
6 Details,6tu7_BP1,Actin-1,Plasmodium falciparum 3D7,378,,6tu7_GP1,Myosin-A,Plasmodium falciparum 3D7,820,,hetero,370.51,33,1,6tu7
7 Details,6tu7_CP1,Actin-1,Plasmodium falciparum 3D7,378,,6tu7_DP1,Actin-1,Plasmodium falciparum 3D7,378,,homo,319.05,24,1,6tu7
8 Details,6tu7_CP1,Actin-1,Plasmodium falciparum 3D7,378,,6tu7_EP1,Actin-1,Plasmodium falciparum 3D7,378,,homo,1103.55,95,1,6tu7
9 Details,6tu7_DP1,Actin-1,Plasmodium falciparum 3D7,378,,6tu7_GP1,Myosin-A,Plasmodium falciparum 3D7,820,,hetero,1054.04,96,1,6tu7
1 Details,9y9l_A,"Actin, alpha skeletal muscle",Oryctolagus cuniculus,376,,9y9l_B,"Actin, alpha skeletal muscle",Oryctolagus cuniculus,376,,homo,343.26,29,1,9y9l
2 Details,9y9l_A,"Actin, alpha skeletal muscle",Oryctolagus cuniculus,376,,9y9l_C,"Actin, alpha skeletal muscle",Oryctolagus cuniculus,376,,homo,396.04,36,1,9y9l
3 Details,9y9l_A,"Actin, alpha skeletal muscle",Oryctolagus cuniculus,376,,9y9l_a,Cofilin-2,Homo sapiens,166,,hetero,1071.46,93,1,9y9l
4 Details,9y9l_B,"Actin, alpha skeletal muscle",Oryctolagus cuniculus,376,,9y9l_C,"Actin, alpha skeletal muscle",Oryctolagus cuniculus,376,,homo,343.64,30,1,9y9l
5 Details,9y9l_B,"Actin, alpha skeletal muscle",Oryctolagus cuniculus,376,,9y9l_D,"Actin, alpha skeletal muscle",Oryctolagus cuniculus,376,,homo,405.62,41,1,9y9l
6 Details,9y9l_B,"Actin, alpha skeletal muscle",Oryctolagus cuniculus,376,,9y9l_b,Cofilin-2,Homo sapiens,166,,hetero,1060.02,90,1,9y9l
7 Details,9y9l_C,"Actin, alpha skeletal muscle",Oryctolagus cuniculus,376,,9y9l_D,"Actin, alpha skeletal muscle",Oryctolagus cuniculus,376,,homo,272.22,23,1,9y9l
8 Details,9y9l_C,"Actin, alpha skeletal muscle",Oryctolagus cuniculus,376,,9y9l_E,"Actin, alpha skeletal muscle",Oryctolagus cuniculus,376,,homo,345.43,30,1,9y9l
9 Details,9y9l_C,"Actin, alpha skeletal muscle",Oryctolagus cuniculus,376,,9y9l_a,Cofilin-2,Homo sapiens,166,,hetero,681.74,56,1,9y9l
10 Details,9y9l_C,"Actin, alpha skeletal muscle",Oryctolagus cuniculus,376,,9y9l_c,Cofilin-2,Homo sapiens,166,,hetero,1053.51,92,1,9y9l
11 Details,9y9l_D,"Actin, alpha skeletal muscle",Oryctolagus cuniculus,376,,9y9l_E,"Actin, alpha skeletal muscle",Oryctolagus cuniculus,376,,homo,305.94,28,1,9y9l
12 Details,9y9l_D,"Actin, alpha skeletal muscle",Oryctolagus cuniculus,376,,9y9l_Y,F-actin-capping protein subunit alpha-1,Homo sapiens,286,,hetero,430.93,33,1,9y9l
13 Details,9y9l_D,"Actin, alpha skeletal muscle",Oryctolagus cuniculus,376,,9y9l_b,Cofilin-2,Homo sapiens,166,,hetero,650.28,58,1,9y9l
14 Details,9y9l_D,"Actin, alpha skeletal muscle",Oryctolagus cuniculus,376,,9y9l_d,Cofilin-2,Homo sapiens,166,,hetero,1066.89,89,1,9y9l
15 Details,9y9l_E,"Actin, alpha skeletal muscle",Oryctolagus cuniculus,376,,9y9l_Y,F-actin-capping protein subunit alpha-1,Homo sapiens,286,,hetero,287.1,22,1,9y9l
16 Details,9y9l_E,"Actin, alpha skeletal muscle",Oryctolagus cuniculus,376,,9y9l_Z,F-actin-capping protein subunit beta,Homo sapiens,272,,hetero,1019.61,77,1,9y9l
17 Details,9y9l_E,"Actin, alpha skeletal muscle",Oryctolagus cuniculus,376,,9y9l_c,Cofilin-2,Homo sapiens,166,,hetero,725.76,61,1,9y9l
18 Details,9y9l_Y,F-actin-capping protein subunit alpha-1,Homo sapiens,286,,9y9l_Z,F-actin-capping protein subunit beta,Homo sapiens,272,,hetero,3741.88,311,1,9y9l
19 Details,9y9l_Z,F-actin-capping protein subunit beta,Homo sapiens,272,,9y9l_d,Cofilin-2,Homo sapiens,166,,hetero,285.37,26,1,9y9l
1 Details,9zbp_A,"Actin, alpha cardiac muscle 1",Homo sapiens,377,,9zbp_B,"Actin, alpha cardiac muscle 1",Homo sapiens,377,,homo,409.75,35,1,9zbp
2 Details,9zbp_A,"Actin, alpha cardiac muscle 1",Homo sapiens,377,,9zbp_C,"Actin, alpha cardiac muscle 1",Homo sapiens,377,,homo,1182.51,97,1,9zbp
3 Details,9zbp_B,"Actin, alpha cardiac muscle 1",Homo sapiens,377,,9zbp_C,"Actin, alpha cardiac muscle 1",Homo sapiens,377,,homo,412.41,34,1,9zbp
4 Details,9zbp_B,"Actin, alpha cardiac muscle 1",Homo sapiens,377,,9zbp_D,"Actin, alpha cardiac muscle 1",Homo sapiens,377,,homo,1200.88,101,1,9zbp
5 Details,9zbp_C,"Actin, alpha cardiac muscle 1",Homo sapiens,377,,9zbp_D,"Actin, alpha cardiac muscle 1",Homo sapiens,377,,homo,419.49,35,1,9zbp
6 Details,9zbp_C,"Actin, alpha cardiac muscle 1",Homo sapiens,377,,9zbp_E,"Actin, alpha cardiac muscle 1",Homo sapiens,377,,homo,1183.28,97,1,9zbp
7 Details,9zbp_D,"Actin, alpha cardiac muscle 1",Homo sapiens,377,,9zbp_E,"Actin, alpha cardiac muscle 1",Homo sapiens,377,,homo,421.17,36,1,9zbp
8 Details,9zbp_D,"Actin, alpha cardiac muscle 1",Homo sapiens,377,,9zbp_F,"Actin, alpha cardiac muscle 1",Homo sapiens,377,,homo,1174.3,98,1,9zbp
9 Details,9zbp_E,"Actin, alpha cardiac muscle 1",Homo sapiens,377,,9zbp_F,"Actin, alpha cardiac muscle 1",Homo sapiens,377,,homo,428.71,35,1,9zbp
10 Details,9zbp_M,Tropomyosin alpha-1 chain,Homo sapiens,286,,9zbp_N,Tropomyosin alpha-1 chain,Homo sapiens,286,,homo,2820.53,223,1,9zbp
11 Details,9zbp_O,Tropomyosin alpha-1 chain,Homo sapiens,286,,9zbp_P,Tropomyosin alpha-1 chain,Homo sapiens,286,,homo,2697.38,217,1,9zbp
1 Details,9qfe_A,"Actin, cytoplasmic 1, N-terminally processed",Homo sapiens,374,,9qfe_B,"Actin, cytoplasmic 1, N-terminally processed",Homo sapiens,374,,homo,468.55,39,1,9qfe
2 Details,9qfe_A,"Actin, cytoplasmic 1, N-terminally processed",Homo sapiens,374,,9qfe_C,"Actin, cytoplasmic 1, N-terminally processed",Homo sapiens,374,,homo,356.78,33,1,9qfe
3 Details,9qfe_A,"Actin, cytoplasmic 1, N-terminally processed",Homo sapiens,374,,9qfe_H,Cofilin-1,Homo sapiens,166,,hetero,678.48,58,1,9qfe
4 Details,9qfe_A,"Actin, cytoplasmic 1, N-terminally processed",Homo sapiens,374,,9qfe_I,Cofilin-1,Homo sapiens,166,,hetero,1025.95,88,1,9qfe
5 Details,9qfe_A,"Actin, cytoplasmic 1, N-terminally processed",Homo sapiens,374,,9qfe_L,"Coronin-1B,Methylated-DNA--protein-cysteine methyltransferase",Homo sapiens,688,,hetero,165.04,15,1,9qfe
6 Details,9qfe_B,"Actin, cytoplasmic 1, N-terminally processed",Homo sapiens,374,,9qfe_C,"Actin, cytoplasmic 1, N-terminally processed",Homo sapiens,374,,homo,406.12,35,1,9qfe
7 Details,9qfe_B,"Actin, cytoplasmic 1, N-terminally processed",Homo sapiens,374,,9qfe_D,"Actin, cytoplasmic 1, N-terminally processed",Homo sapiens,374,,homo,1113.19,87,1,9qfe
8 Details,9qfe_B,"Actin, cytoplasmic 1, N-terminally processed",Homo sapiens,374,,9qfe_L,"Coronin-1B,Methylated-DNA--protein-cysteine methyltransferase",Homo sapiens,688,,hetero,764.33,69,1,9qfe
9 Details,9qfe_B,"Actin, cytoplasmic 1, N-terminally processed",Homo sapiens,374,,9qfe_M,"Coronin-1B,Methylated-DNA--protein-cysteine methyltransferase",Homo sapiens,688,,hetero,670.48,58,1,9qfe
10 Details,9qfe_C,"Actin, cytoplasmic 1, N-terminally processed",Homo sapiens,374,,9qfe_D,"Actin, cytoplasmic 1, N-terminally processed",Homo sapiens,374,,homo,396.32,32,1,9qfe
11 Details,9qfe_C,"Actin, cytoplasmic 1, N-terminally processed",Homo sapiens,374,,9qfe_E,"Actin, cytoplasmic 1, N-terminally processed",Homo sapiens,374,,homo,343.93,32,1,9qfe
12 Details,9qfe_C,"Actin, cytoplasmic 1, N-terminally processed",Homo sapiens,374,,9qfe_I,Cofilin-1,Homo sapiens,166,,hetero,690.41,59,1,9qfe
13 Details,9qfe_C,"Actin, cytoplasmic 1, N-terminally processed",Homo sapiens,374,,9qfe_J,Cofilin-1,Homo sapiens,166,,hetero,967.3,86,1,9qfe
14 Details,9qfe_C,"Actin, cytoplasmic 1, N-terminally processed",Homo sapiens,374,,9qfe_L,"Coronin-1B,Methylated-DNA--protein-cysteine methyltransferase",Homo sapiens,688,,hetero,326.57,38,1,9qfe
15 Details,9qfe_C,"Actin, cytoplasmic 1, N-terminally processed",Homo sapiens,374,,9qfe_M,"Coronin-1B,Methylated-DNA--protein-cysteine methyltransferase",Homo sapiens,688,,hetero,207.66,18,1,9qfe
16 Details,9qfe_D,"Actin, cytoplasmic 1, N-terminally processed",Homo sapiens,374,,9qfe_E,"Actin, cytoplasmic 1, N-terminally processed",Homo sapiens,374,,homo,404.47,34,1,9qfe
17 Details,9qfe_D,"Actin, cytoplasmic 1, N-terminally processed",Homo sapiens,374,,9qfe_F,"Actin, cytoplasmic 1, N-terminally processed",Homo sapiens,374,,homo,1113.15,91,1,9qfe
18 Details,9qfe_D,"Actin, cytoplasmic 1, N-terminally processed",Homo sapiens,374,,9qfe_M,"Coronin-1B,Methylated-DNA--protein-cysteine methyltransferase",Homo sapiens,688,,hetero,818.91,73,1,9qfe
19 Details,9qfe_D,"Actin, cytoplasmic 1, N-terminally processed",Homo sapiens,374,,9qfe_N,"Coronin-1B,Methylated-DNA--protein-cysteine methyltransferase",Homo sapiens,688,,hetero,633.23,54,1,9qfe
20 Details,9qfe_E,"Actin, cytoplasmic 1, N-terminally processed",Homo sapiens,374,,9qfe_F,"Actin, cytoplasmic 1, N-terminally processed",Homo sapiens,374,,homo,425.89,34,1,9qfe
21 Details,9qfe_E,"Actin, cytoplasmic 1, N-terminally processed",Homo sapiens,374,,9qfe_G,"Actin, cytoplasmic 1, N-terminally processed",Homo sapiens,374,,homo,357.38,30,1,9qfe
22 Details,9qfe_E,"Actin, cytoplasmic 1, N-terminally processed",Homo sapiens,374,,9qfe_J,Cofilin-1,Homo sapiens,166,,hetero,684.96,57,1,9qfe
23 Details,9qfe_E,"Actin, cytoplasmic 1, N-terminally processed",Homo sapiens,374,,9qfe_K,Cofilin-1,Homo sapiens,166,,hetero,952.37,84,1,9qfe
24 Details,9qfe_E,"Actin, cytoplasmic 1, N-terminally processed",Homo sapiens,374,,9qfe_M,"Coronin-1B,Methylated-DNA--protein-cysteine methyltransferase",Homo sapiens,688,,hetero,393.87,41,1,9qfe
25 Details,9qfe_E,"Actin, cytoplasmic 1, N-terminally processed",Homo sapiens,374,,9qfe_N,"Coronin-1B,Methylated-DNA--protein-cysteine methyltransferase",Homo sapiens,688,,hetero,128.35,14,1,9qfe
26 Details,9qfe_F,"Actin, cytoplasmic 1, N-terminally processed",Homo sapiens,374,,9qfe_G,"Actin, cytoplasmic 1, N-terminally processed",Homo sapiens,374,,homo,380.46,38,1,9qfe
27 Details,9qfe_F,"Actin, cytoplasmic 1, N-terminally processed",Homo sapiens,374,,9qfe_N,"Coronin-1B,Methylated-DNA--protein-cysteine methyltransferase",Homo sapiens,688,,hetero,877.26,84,1,9qfe
28 Details,9qfe_G,"Actin, cytoplasmic 1, N-terminally processed",Homo sapiens,374,,9qfe_K,Cofilin-1,Homo sapiens,166,,hetero,677.34,57,1,9qfe
29 Details,9qfe_G,"Actin, cytoplasmic 1, N-terminally processed",Homo sapiens,374,,9qfe_N,"Coronin-1B,Methylated-DNA--protein-cysteine methyltransferase",Homo sapiens,688,,hetero,370.58,44,1,9qfe
1 Details,7aln_A,Actin-1,Plasmodium falciparum 3D7,376,,7aln_B,Actin-1,Plasmodium falciparum 3D7,376,,homo,1162.88,102,1,7aln
2 Details,7aln_A,Actin-1,Plasmodium falciparum 3D7,376,,7aln_C,Actin-1,Plasmodium falciparum 3D7,376,,homo,1159.35,101,1,7aln
3 Details,7aln_A,Actin-1,Plasmodium falciparum 3D7,376,,7aln_D,Actin-1,Plasmodium falciparum 3D7,376,,homo,486.37,46,1,7aln
4 Details,7aln_A,Actin-1,Plasmodium falciparum 3D7,376,,7aln_E,Actin-1,Plasmodium falciparum 3D7,376,,homo,512.96,46,1,7aln
5 Details,7aln_A,Actin-1,Plasmodium falciparum 3D7,376,,7aln_F,Myosin-A,Plasmodium falciparum 3D7,818,,hetero,1138.13,105,1,7aln
6 Details,7aln_B,Actin-1,Plasmodium falciparum 3D7,376,,7aln_D,Actin-1,Plasmodium falciparum 3D7,376,,homo,492.17,44,1,7aln
7 Details,7aln_C,Actin-1,Plasmodium falciparum 3D7,376,,7aln_E,Actin-1,Plasmodium falciparum 3D7,376,,homo,520.29,47,1,7aln
8 Details,7aln_C,Actin-1,Plasmodium falciparum 3D7,376,,7aln_F,Myosin-A,Plasmodium falciparum 3D7,818,,hetero,448.19,38,1,7aln
9 Details,7aln_D,Actin-1,Plasmodium falciparum 3D7,376,,7aln_E,Actin-1,Plasmodium falciparum 3D7,376,,homo,1152.22,102,1,7aln
1 Details,8a2z_C,"Actin, alpha skeletal muscle",Oryctolagus cuniculus,375,,8a2z_A,"Actin, alpha skeletal muscle",Oryctolagus cuniculus,375,,homo,1049.06,85,1,8a2z
2 Details,8a2z_C,"Actin, alpha skeletal muscle",Oryctolagus cuniculus,375,,8a2z_B,"Actin, alpha skeletal muscle",Oryctolagus cuniculus,375,,homo,425.24,34,1,8a2z
3 Details,8a2z_C,"Actin, alpha skeletal muscle",Oryctolagus cuniculus,375,,8a2z_D,"Actin, alpha skeletal muscle",Oryctolagus cuniculus,375,,homo,413.68,33,1,8a2z
4 Details,8a2z_C,"Actin, alpha skeletal muscle",Oryctolagus cuniculus,375,,8a2z_E,"Actin, alpha skeletal muscle",Oryctolagus cuniculus,375,,homo,1059.36,86,1,8a2z
5 Details,8a2z_A,"Actin, alpha skeletal muscle",Oryctolagus cuniculus,375,,8a2z_B,"Actin, alpha skeletal muscle",Oryctolagus cuniculus,375,,homo,435.97,34,1,8a2z
6 Details,8a2z_B,"Actin, alpha skeletal muscle",Oryctolagus cuniculus,375,,8a2z_D,"Actin, alpha skeletal muscle",Oryctolagus cuniculus,375,,homo,1055.18,86,1,8a2z
7 Details,8a2z_D,"Actin, alpha skeletal muscle",Oryctolagus cuniculus,375,,8a2z_E,"Actin, alpha skeletal muscle",Oryctolagus cuniculus,375,,homo,406.27,33,1,8a2z
1 Details,9y9j_A,"Actin, alpha skeletal muscle",Oryctolagus cuniculus,376,,9y9j_B,"Actin, alpha skeletal muscle",Oryctolagus cuniculus,376,,homo,188.8,16,1,9y9j
2 Details,9y9j_A,"Actin, alpha skeletal muscle",Oryctolagus cuniculus,376,,9y9j_C,"Actin, alpha skeletal muscle",Oryctolagus cuniculus,376,,homo,380.87,31,1,9y9j
3 Details,9y9j_A,"Actin, alpha skeletal muscle",Oryctolagus cuniculus,376,,9y9j_W,Adenylyl cyclase-associated protein 1,Homo sapiens,475,,hetero,966.95,79,1,9y9j
4 Details,9y9j_A,"Actin, alpha skeletal muscle",Oryctolagus cuniculus,376,,9y9j_X,Adenylyl cyclase-associated protein 1,Homo sapiens,475,,hetero,156.05,12,1,9y9j
5 Details,9y9j_A,"Actin, alpha skeletal muscle",Oryctolagus cuniculus,376,,9y9j_a,Cofilin-2,Homo sapiens,166,,hetero,1081.47,93,1,9y9j
6 Details,9y9j_B,"Actin, alpha skeletal muscle",Oryctolagus cuniculus,376,,9y9j_C,"Actin, alpha skeletal muscle",Oryctolagus cuniculus,376,,homo,299.97,23,1,9y9j
7 Details,9y9j_B,"Actin, alpha skeletal muscle",Oryctolagus cuniculus,376,,9y9j_D,"Actin, alpha skeletal muscle",Oryctolagus cuniculus,376,,homo,404.92,34,1,9y9j
8 Details,9y9j_B,"Actin, alpha skeletal muscle",Oryctolagus cuniculus,376,,9y9j_X,Adenylyl cyclase-associated protein 1,Homo sapiens,475,,hetero,911.67,76,1,9y9j
9 Details,9y9j_B,"Actin, alpha skeletal muscle",Oryctolagus cuniculus,376,,9y9j_b,Cofilin-2,Homo sapiens,166,,hetero,1080.05,90,1,9y9j
10 Details,9y9j_C,"Actin, alpha skeletal muscle",Oryctolagus cuniculus,376,,9y9j_D,"Actin, alpha skeletal muscle",Oryctolagus cuniculus,376,,homo,358.63,29,1,9y9j
11 Details,9y9j_C,"Actin, alpha skeletal muscle",Oryctolagus cuniculus,376,,9y9j_E,"Actin, alpha skeletal muscle",Oryctolagus cuniculus,376,,homo,408.6,35,1,9y9j
12 Details,9y9j_C,"Actin, alpha skeletal muscle",Oryctolagus cuniculus,376,,9y9j_a,Cofilin-2,Homo sapiens,166,,hetero,659.62,56,1,9y9j
13 Details,9y9j_C,"Actin, alpha skeletal muscle",Oryctolagus cuniculus,376,,9y9j_c,Cofilin-2,Homo sapiens,166,,hetero,1075.52,91,1,9y9j
14 Details,9y9j_D,"Actin, alpha skeletal muscle",Oryctolagus cuniculus,376,,9y9j_E,"Actin, alpha skeletal muscle",Oryctolagus cuniculus,376,,homo,341.23,28,1,9y9j
15 Details,9y9j_D,"Actin, alpha skeletal muscle",Oryctolagus cuniculus,376,,9y9j_b,Cofilin-2,Homo sapiens,166,,hetero,688.83,58,1,9y9j
16 Details,9y9j_D,"Actin, alpha skeletal muscle",Oryctolagus cuniculus,376,,9y9j_d,Cofilin-2,Homo sapiens,166,,hetero,1092.66,92,1,9y9j
17 Details,9y9j_E,"Actin, alpha skeletal muscle",Oryctolagus cuniculus,376,,9y9j_c,Cofilin-2,Homo sapiens,166,,hetero,678.11,59,1,9y9j
18 Details,9y9j_E,"Actin, alpha skeletal muscle",Oryctolagus cuniculus,376,,9y9j_e,Cofilin-2,Homo sapiens,166,,hetero,1091.07,93,1,9y9j
1 Details,7r94_C,"Actin, alpha skeletal muscle",Gallus gallus,377,,7r94_B,"Actin, alpha skeletal muscle",Gallus gallus,377,,homo,386.81,30,1,7r94
2 Details,7r94_C,"Actin, alpha skeletal muscle",Gallus gallus,377,,7r94_A,"Actin, alpha skeletal muscle",Gallus gallus,377,,homo,1143.36,92,1,7r94
3 Details,7r94_C,"Actin, alpha skeletal muscle",Gallus gallus,377,,7r94_D,"Actin, alpha skeletal muscle",Gallus gallus,377,,homo,385.9,32,1,7r94
4 Details,7r94_C,"Actin, alpha skeletal muscle",Gallus gallus,377,,7r94_E,"Actin, alpha skeletal muscle",Gallus gallus,377,,homo,1141.43,93,1,7r94
5 Details,7r94_C,"Actin, alpha skeletal muscle",Gallus gallus,377,,7r94_F,Plastin-3,Homo sapiens,630,,hetero,371.46,34,1,7r94
6 Details,7r94_C,"Actin, alpha skeletal muscle",Gallus gallus,377,,7r94_G,Plastin-3,Homo sapiens,630,,hetero,832.87,76,1,7r94
7 Details,7r94_B,"Actin, alpha skeletal muscle",Gallus gallus,377,,7r94_A,"Actin, alpha skeletal muscle",Gallus gallus,377,,homo,399.45,33,1,7r94
8 Details,7r94_B,"Actin, alpha skeletal muscle",Gallus gallus,377,,7r94_D,"Actin, alpha skeletal muscle",Gallus gallus,377,,homo,1136.44,90,1,7r94
9 Details,7r94_B,"Actin, alpha skeletal muscle",Gallus gallus,377,,7r94_H,Plastin-3,Homo sapiens,630,,hetero,843.4,73,1,7r94
10 Details,7r94_A,"Actin, alpha skeletal muscle",Gallus gallus,377,,7r94_F,Plastin-3,Homo sapiens,630,,hetero,812.52,71,1,7r94
11 Details,7r94_D,"Actin, alpha skeletal muscle",Gallus gallus,377,,7r94_E,"Actin, alpha skeletal muscle",Gallus gallus,377,,homo,392.05,30,1,7r94
12 Details,7r94_D,"Actin, alpha skeletal muscle",Gallus gallus,377,,7r94_H,Plastin-3,Homo sapiens,630,,hetero,371.53,34,1,7r94
13 Details,7r94_E,"Actin, alpha skeletal muscle",Gallus gallus,377,,7r94_G,Plastin-3,Homo sapiens,630,,hetero,367.28,30,1,7r94
1 Details,8a2y_C,"Actin, alpha skeletal muscle",Oryctolagus cuniculus,375,,8a2y_A,"Actin, alpha skeletal muscle",Oryctolagus cuniculus,375,,homo,1127.65,90,1,8a2y
2 Details,8a2y_C,"Actin, alpha skeletal muscle",Oryctolagus cuniculus,375,,8a2y_B,"Actin, alpha skeletal muscle",Oryctolagus cuniculus,375,,homo,415.56,41,1,8a2y
3 Details,8a2y_C,"Actin, alpha skeletal muscle",Oryctolagus cuniculus,375,,8a2y_D,"Actin, alpha skeletal muscle",Oryctolagus cuniculus,375,,homo,396.07,40,1,8a2y
4 Details,8a2y_C,"Actin, alpha skeletal muscle",Oryctolagus cuniculus,375,,8a2y_E,"Actin, alpha skeletal muscle",Oryctolagus cuniculus,375,,homo,1140.7,91,1,8a2y
5 Details,8a2y_A,"Actin, alpha skeletal muscle",Oryctolagus cuniculus,375,,8a2y_B,"Actin, alpha skeletal muscle",Oryctolagus cuniculus,375,,homo,417.29,41,1,8a2y
6 Details,8a2y_B,"Actin, alpha skeletal muscle",Oryctolagus cuniculus,375,,8a2y_D,"Actin, alpha skeletal muscle",Oryctolagus cuniculus,375,,homo,1121.47,90,1,8a2y
7 Details,8a2y_D,"Actin, alpha skeletal muscle",Oryctolagus cuniculus,375,,8a2y_E,"Actin, alpha skeletal muscle",Oryctolagus cuniculus,375,,homo,380.73,38,1,8a2y
1 Details,9qfd_A,"Actin, cytoplasmic 1, N-terminally processed",Homo sapiens,374,,9qfd_B,"Actin, cytoplasmic 1, N-terminally processed",Homo sapiens,374,,homo,383.96,35,1,9qfd
2 Details,9qfd_A,"Actin, cytoplasmic 1, N-terminally processed",Homo sapiens,374,,9qfd_C,"Actin, cytoplasmic 1, N-terminally processed",Homo sapiens,374,,homo,342.18,32,1,9qfd
3 Details,9qfd_A,"Actin, cytoplasmic 1, N-terminally processed",Homo sapiens,374,,9qfd_H,Cofilin-1,Homo sapiens,166,,hetero,689.77,61,1,9qfd
4 Details,9qfd_A,"Actin, cytoplasmic 1, N-terminally processed",Homo sapiens,374,,9qfd_J,Cofilin-1,Homo sapiens,166,,hetero,1015.44,94,1,9qfd
5 Details,9qfd_B,"Actin, cytoplasmic 1, N-terminally processed",Homo sapiens,374,,9qfd_C,"Actin, cytoplasmic 1, N-terminally processed",Homo sapiens,374,,homo,383.77,34,1,9qfd
6 Details,9qfd_B,"Actin, cytoplasmic 1, N-terminally processed",Homo sapiens,374,,9qfd_D,"Actin, cytoplasmic 1, N-terminally processed",Homo sapiens,374,,homo,339.41,31,1,9qfd
7 Details,9qfd_B,"Actin, cytoplasmic 1, N-terminally processed",Homo sapiens,374,,9qfd_I,Cofilin-1,Homo sapiens,166,,hetero,685.55,58,1,9qfd
8 Details,9qfd_B,"Actin, cytoplasmic 1, N-terminally processed",Homo sapiens,374,,9qfd_K,Cofilin-1,Homo sapiens,166,,hetero,1017.35,90,1,9qfd
9 Details,9qfd_C,"Actin, cytoplasmic 1, N-terminally processed",Homo sapiens,374,,9qfd_D,"Actin, cytoplasmic 1, N-terminally processed",Homo sapiens,374,,homo,389.48,34,1,9qfd
10 Details,9qfd_C,"Actin, cytoplasmic 1, N-terminally processed",Homo sapiens,374,,9qfd_E,"Actin, cytoplasmic 1, N-terminally processed",Homo sapiens,374,,homo,340.58,32,1,9qfd
11 Details,9qfd_C,"Actin, cytoplasmic 1, N-terminally processed",Homo sapiens,374,,9qfd_J,Cofilin-1,Homo sapiens,166,,hetero,699.66,58,1,9qfd
12 Details,9qfd_C,"Actin, cytoplasmic 1, N-terminally processed",Homo sapiens,374,,9qfd_L,Cofilin-1,Homo sapiens,166,,hetero,1038.97,94,1,9qfd
13 Details,9qfd_D,"Actin, cytoplasmic 1, N-terminally processed",Homo sapiens,374,,9qfd_E,"Actin, cytoplasmic 1, N-terminally processed",Homo sapiens,374,,homo,389.0,35,1,9qfd
14 Details,9qfd_D,"Actin, cytoplasmic 1, N-terminally processed",Homo sapiens,374,,9qfd_F,"Actin, cytoplasmic 1, N-terminally processed",Homo sapiens,374,,homo,343.38,31,1,9qfd
15 Details,9qfd_D,"Actin, cytoplasmic 1, N-terminally processed",Homo sapiens,374,,9qfd_K,Cofilin-1,Homo sapiens,166,,hetero,706.32,59,1,9qfd
16 Details,9qfd_D,"Actin, cytoplasmic 1, N-terminally processed",Homo sapiens,374,,9qfd_M,Cofilin-1,Homo sapiens,166,,hetero,1019.34,94,1,9qfd
17 Details,9qfd_E,"Actin, cytoplasmic 1, N-terminally processed",Homo sapiens,374,,9qfd_F,"Actin, cytoplasmic 1, N-terminally processed",Homo sapiens,374,,homo,400.78,37,1,9qfd
18 Details,9qfd_E,"Actin, cytoplasmic 1, N-terminally processed",Homo sapiens,374,,9qfd_G,"Actin, cytoplasmic 1, N-terminally processed",Homo sapiens,374,,homo,343.39,34,1,9qfd
19 Details,9qfd_E,"Actin, cytoplasmic 1, N-terminally processed",Homo sapiens,374,,9qfd_L,Cofilin-1,Homo sapiens,166,,hetero,696.41,58,1,9qfd
20 Details,9qfd_E,"Actin, cytoplasmic 1, N-terminally processed",Homo sapiens,374,,9qfd_N,Cofilin-1,Homo sapiens,166,,hetero,1029.23,94,1,9qfd
21 Details,9qfd_F,"Actin, cytoplasmic 1, N-terminally processed",Homo sapiens,374,,9qfd_G,"Actin, cytoplasmic 1, N-terminally processed",Homo sapiens,374,,homo,392.56,35,1,9qfd
22 Details,9qfd_F,"Actin, cytoplasmic 1, N-terminally processed",Homo sapiens,374,,9qfd_M,Cofilin-1,Homo sapiens,166,,hetero,699.57,57,1,9qfd
23 Details,9qfd_G,"Actin, cytoplasmic 1, N-terminally processed",Homo sapiens,374,,9qfd_N,Cofilin-1,Homo sapiens,166,,hetero,694.11,59,1,9qfd
1 Details,9yim_A,"Actin, alpha skeletal muscle",Oryctolagus cuniculus,371,,9yim_B,"Actin, alpha skeletal muscle",Oryctolagus cuniculus,371,,homo,468.13,39,1,9yim
2 Details,9yim_A,"Actin, alpha skeletal muscle",Oryctolagus cuniculus,371,,9yim_C,"Actin, alpha skeletal muscle",Oryctolagus cuniculus,371,,homo,1221.25,100,1,9yim
3 Details,9yim_B,"Actin, alpha skeletal muscle",Oryctolagus cuniculus,371,,9yim_C,"Actin, alpha skeletal muscle",Oryctolagus cuniculus,371,,homo,464.97,38,1,9yim
4 Details,9yim_B,"Actin, alpha skeletal muscle",Oryctolagus cuniculus,371,,9yim_D,"Actin, alpha skeletal muscle",Oryctolagus cuniculus,371,,homo,1232.37,98,1,9yim
5 Details,9yim_C,"Actin, alpha skeletal muscle",Oryctolagus cuniculus,371,,9yim_D,"Actin, alpha skeletal muscle",Oryctolagus cuniculus,371,,homo,414.09,35,1,9yim
6 Details,9yim_C,"Actin, alpha skeletal muscle",Oryctolagus cuniculus,371,,9yim_E,"Actin, alpha skeletal muscle",Oryctolagus cuniculus,371,,homo,1205.63,98,1,9yim
7 Details,9yim_D,"Actin, alpha skeletal muscle",Oryctolagus cuniculus,371,,9yim_E,"Actin, alpha skeletal muscle",Oryctolagus cuniculus,371,,homo,444.26,36,1,9yim
8 Details,9yim_D,"Actin, alpha skeletal muscle",Oryctolagus cuniculus,371,,9yim_Y,F-actin-capping protein subunit alpha-1,Homo sapiens,278,,hetero,983.89,74,1,9yim
9 Details,9yim_D,"Actin, alpha skeletal muscle",Oryctolagus cuniculus,371,,9yim_Z,F-actin-capping protein subunit beta,Homo sapiens,270,,hetero,130.58,9,1,9yim
10 Details,9yim_E,"Actin, alpha skeletal muscle",Oryctolagus cuniculus,371,,9yim_Y,F-actin-capping protein subunit alpha-1,Homo sapiens,278,,hetero,363.54,33,1,9yim
11 Details,9yim_E,"Actin, alpha skeletal muscle",Oryctolagus cuniculus,371,,9yim_Z,F-actin-capping protein subunit beta,Homo sapiens,270,,hetero,1076.32,83,1,9yim
12 Details,9yim_Y,F-actin-capping protein subunit alpha-1,Homo sapiens,278,,9yim_Z,F-actin-capping protein subunit beta,Homo sapiens,270,,hetero,3833.51,308,1,9yim
1 Details,9y52_A,"Actin, alpha skeletal muscle",Oryctolagus cuniculus,376,,9y52_B,"Actin, alpha skeletal muscle",Oryctolagus cuniculus,376,,homo,486.15,45,1,9y52
2 Details,9y52_A,"Actin, alpha skeletal muscle",Oryctolagus cuniculus,376,,9y52_C,"Actin, alpha skeletal muscle",Oryctolagus cuniculus,376,,homo,418.71,38,1,9y52
3 Details,9y52_A,"Actin, alpha skeletal muscle",Oryctolagus cuniculus,376,,9y52_W,Adenylyl cyclase-associated protein 1,Homo sapiens,475,,hetero,934.03,76,1,9y52
4 Details,9y52_A,"Actin, alpha skeletal muscle",Oryctolagus cuniculus,376,,9y52_a,Cofilin-2,Homo sapiens,166,,hetero,1143.11,98,1,9y52
5 Details,9y52_B,"Actin, alpha skeletal muscle",Oryctolagus cuniculus,376,,9y52_C,"Actin, alpha skeletal muscle",Oryctolagus cuniculus,376,,homo,369.96,33,1,9y52
6 Details,9y52_B,"Actin, alpha skeletal muscle",Oryctolagus cuniculus,376,,9y52_D,"Actin, alpha skeletal muscle",Oryctolagus cuniculus,376,,homo,426.09,36,1,9y52
7 Details,9y52_B,"Actin, alpha skeletal muscle",Oryctolagus cuniculus,376,,9y52_b,Cofilin-2,Homo sapiens,166,,hetero,1134.29,97,1,9y52
8 Details,9y52_C,"Actin, alpha skeletal muscle",Oryctolagus cuniculus,376,,9y52_D,"Actin, alpha skeletal muscle",Oryctolagus cuniculus,376,,homo,367.65,30,1,9y52
9 Details,9y52_C,"Actin, alpha skeletal muscle",Oryctolagus cuniculus,376,,9y52_E,"Actin, alpha skeletal muscle",Oryctolagus cuniculus,376,,homo,426.2,39,1,9y52
10 Details,9y52_C,"Actin, alpha skeletal muscle",Oryctolagus cuniculus,376,,9y52_a,Cofilin-2,Homo sapiens,166,,hetero,705.02,58,1,9y52
11 Details,9y52_C,"Actin, alpha skeletal muscle",Oryctolagus cuniculus,376,,9y52_c,Cofilin-2,Homo sapiens,166,,hetero,1112.48,96,1,9y52
12 Details,9y52_D,"Actin, alpha skeletal muscle",Oryctolagus cuniculus,376,,9y52_E,"Actin, alpha skeletal muscle",Oryctolagus cuniculus,376,,homo,392.61,31,1,9y52
13 Details,9y52_D,"Actin, alpha skeletal muscle",Oryctolagus cuniculus,376,,9y52_b,Cofilin-2,Homo sapiens,166,,hetero,730.83,61,1,9y52
14 Details,9y52_D,"Actin, alpha skeletal muscle",Oryctolagus cuniculus,376,,9y52_d,Cofilin-2,Homo sapiens,166,,hetero,1116.25,95,1,9y52
15 Details,9y52_E,"Actin, alpha skeletal muscle",Oryctolagus cuniculus,376,,9y52_c,Cofilin-2,Homo sapiens,166,,hetero,716.51,61,1,9y52
16 Details,9y52_E,"Actin, alpha skeletal muscle",Oryctolagus cuniculus,376,,9y52_e,Cofilin-2,Homo sapiens,166,,hetero,1121.05,95,1,9y52
1 Details,7z7i_D,"Actin, alpha skeletal muscle",Oryctolagus cuniculus,377,,7z7i_B,"Actin, alpha skeletal muscle",Oryctolagus cuniculus,377,,homo,1034.49,89,1,7z7i
2 Details,7z7i_D,"Actin, alpha skeletal muscle",Oryctolagus cuniculus,377,,7z7i_E,"Actin, alpha skeletal muscle",Oryctolagus cuniculus,377,,homo,400.12,37,1,7z7i
3 Details,7z7i_D,"Actin, alpha skeletal muscle",Oryctolagus cuniculus,377,,7z7i_C,"Actin, alpha skeletal muscle",Oryctolagus cuniculus,377,,homo,363.3,33,1,7z7i
4 Details,7z7i_B,"Actin, alpha skeletal muscle",Oryctolagus cuniculus,377,,7z7i_C,"Actin, alpha skeletal muscle",Oryctolagus cuniculus,377,,homo,356.43,33,1,7z7i
5 Details,7z7i_B,"Actin, alpha skeletal muscle",Oryctolagus cuniculus,377,,7z7i_A,"Actin, alpha skeletal muscle",Oryctolagus cuniculus,377,,homo,304.23,30,1,7z7i
6 Details,7z7i_E,"Actin, alpha skeletal muscle",Oryctolagus cuniculus,377,,7z7i_C,"Actin, alpha skeletal muscle",Oryctolagus cuniculus,377,,homo,1034.51,89,1,7z7i
7 Details,7z7i_C,"Actin, alpha skeletal muscle",Oryctolagus cuniculus,377,,7z7i_A,"Actin, alpha skeletal muscle",Oryctolagus cuniculus,377,,homo,1035.37,89,1,7z7i
1 Details,8a2u_C,"Actin, alpha skeletal muscle",Oryctolagus cuniculus,375,,8a2u_A,"Actin, alpha skeletal muscle",Oryctolagus cuniculus,375,,homo,1042.49,84,1,8a2u
2 Details,8a2u_C,"Actin, alpha skeletal muscle",Oryctolagus cuniculus,375,,8a2u_B,"Actin, alpha skeletal muscle",Oryctolagus cuniculus,375,,homo,422.46,36,1,8a2u
3 Details,8a2u_C,"Actin, alpha skeletal muscle",Oryctolagus cuniculus,375,,8a2u_D,"Actin, alpha skeletal muscle",Oryctolagus cuniculus,375,,homo,428.5,36,1,8a2u
4 Details,8a2u_C,"Actin, alpha skeletal muscle",Oryctolagus cuniculus,375,,8a2u_E,"Actin, alpha skeletal muscle",Oryctolagus cuniculus,375,,homo,1056.17,86,1,8a2u
5 Details,8a2u_A,"Actin, alpha skeletal muscle",Oryctolagus cuniculus,375,,8a2u_B,"Actin, alpha skeletal muscle",Oryctolagus cuniculus,375,,homo,409.38,34,1,8a2u
6 Details,8a2u_B,"Actin, alpha skeletal muscle",Oryctolagus cuniculus,375,,8a2u_D,"Actin, alpha skeletal muscle",Oryctolagus cuniculus,375,,homo,1044.78,85,1,8a2u
7 Details,8a2u_D,"Actin, alpha skeletal muscle",Oryctolagus cuniculus,375,,8a2u_E,"Actin, alpha skeletal muscle",Oryctolagus cuniculus,375,,homo,404.78,32,1,8a2u
1 Details,8w36_D,"Actin, alpha skeletal muscle",Oryctolagus cuniculus,371,,8w36_C,"Actin, alpha skeletal muscle",Oryctolagus cuniculus,371,,homo,447.19,39,1,8w36
2 Details,8w36_D,"Actin, alpha skeletal muscle",Oryctolagus cuniculus,371,,8w36_B,"Actin, alpha skeletal muscle",Oryctolagus cuniculus,371,,homo,1203.84,100,1,8w36
3 Details,8w36_D,"Actin, alpha skeletal muscle",Oryctolagus cuniculus,371,,8w36_E,"Actin, alpha skeletal muscle",Oryctolagus cuniculus,371,,homo,431.51,39,1,8w36
4 Details,8w36_C,"Actin, alpha skeletal muscle",Oryctolagus cuniculus,371,,8w36_A,"Actin, alpha skeletal muscle",Oryctolagus cuniculus,371,,homo,1197.33,102,1,8w36
5 Details,8w36_C,"Actin, alpha skeletal muscle",Oryctolagus cuniculus,371,,8w36_B,"Actin, alpha skeletal muscle",Oryctolagus cuniculus,371,,homo,440.53,39,1,8w36
6 Details,8w36_C,"Actin, alpha skeletal muscle",Oryctolagus cuniculus,371,,8w36_E,"Actin, alpha skeletal muscle",Oryctolagus cuniculus,371,,homo,1211.03,103,1,8w36
7 Details,8w36_A,"Actin, alpha skeletal muscle",Oryctolagus cuniculus,371,,8w36_B,"Actin, alpha skeletal muscle",Oryctolagus cuniculus,371,,homo,436.81,39,1,8w36
1 Details,8cco_A,Actin-2,Plasmodium falciparum,378,,8cco_B,Actin-2,Plasmodium falciparum,378,,homo,274.6,27,1,8cco
2 Details,8cco_A,Actin-2,Plasmodium falciparum,378,,8cco_C,Actin-2,Plasmodium falciparum,378,,homo,1123.33,90,1,8cco
3 Details,8cco_B,Actin-2,Plasmodium falciparum,378,,8cco_C,Actin-2,Plasmodium falciparum,378,,homo,273.73,27,1,8cco
4 Details,8cco_B,Actin-2,Plasmodium falciparum,378,,8cco_D,Actin-2,Plasmodium falciparum,378,,homo,1122.82,90,1,8cco
5 Details,8cco_C,Actin-2,Plasmodium falciparum,378,,8cco_D,Actin-2,Plasmodium falciparum,378,,homo,273.77,27,1,8cco
6 Details,8cco_C,Actin-2,Plasmodium falciparum,378,,8cco_E,Actin-2,Plasmodium falciparum,378,,homo,1122.26,90,1,8cco
7 Details,8cco_D,Actin-2,Plasmodium falciparum,378,,8cco_E,Actin-2,Plasmodium falciparum,378,,homo,273.86,27,1,8cco
8 Details,8cco_D,Actin-2,Plasmodium falciparum,378,,8cco_F,Actin-2,Plasmodium falciparum,378,,homo,1122.24,90,1,8cco
9 Details,8cco_E,Actin-2,Plasmodium falciparum,378,,8cco_F,Actin-2,Plasmodium falciparum,378,,homo,274.75,27,1,8cco
1 Details,9qfb_A,"Actin, cytoplasmic 1, N-terminally processed",Homo sapiens,374,,9qfb_B,"Actin, cytoplasmic 1, N-terminally processed",Homo sapiens,374,,homo,386.42,33,1,9qfb
2 Details,9qfb_A,"Actin, cytoplasmic 1, N-terminally processed",Homo sapiens,374,,9qfb_C,"Actin, cytoplasmic 1, N-terminally processed",Homo sapiens,374,,homo,1116.37,89,1,9qfb
3 Details,9qfb_A,"Actin, cytoplasmic 1, N-terminally processed",Homo sapiens,374,,9qfb_H,"Coronin-1B,Methylated-DNA--protein-cysteine methyltransferase",Homo sapiens,688,,hetero,860.14,77,1,9qfb
4 Details,9qfb_A,"Actin, cytoplasmic 1, N-terminally processed",Homo sapiens,374,,9qfb_I,"Coronin-1B,Methylated-DNA--protein-cysteine methyltransferase",Homo sapiens,688,,hetero,176.74,16,1,9qfb
5 Details,9qfb_A,"Actin, cytoplasmic 1, N-terminally processed",Homo sapiens,374,,9qfb_J,"Coronin-1B,Methylated-DNA--protein-cysteine methyltransferase",Homo sapiens,688,,hetero,655.92,56,1,9qfb
6 Details,9qfb_B,"Actin, cytoplasmic 1, N-terminally processed",Homo sapiens,374,,9qfb_C,"Actin, cytoplasmic 1, N-terminally processed",Homo sapiens,374,,homo,422.88,36,1,9qfb
7 Details,9qfb_B,"Actin, cytoplasmic 1, N-terminally processed",Homo sapiens,374,,9qfb_D,"Actin, cytoplasmic 1, N-terminally processed",Homo sapiens,374,,homo,1123.2,90,1,9qfb
8 Details,9qfb_B,"Actin, cytoplasmic 1, N-terminally processed",Homo sapiens,374,,9qfb_H,"Coronin-1B,Methylated-DNA--protein-cysteine methyltransferase",Homo sapiens,688,,hetero,338.98,35,1,9qfb
9 Details,9qfb_B,"Actin, cytoplasmic 1, N-terminally processed",Homo sapiens,374,,9qfb_I,"Coronin-1B,Methylated-DNA--protein-cysteine methyltransferase",Homo sapiens,688,,hetero,878.61,74,1,9qfb
10 Details,9qfb_B,"Actin, cytoplasmic 1, N-terminally processed",Homo sapiens,374,,9qfb_J,"Coronin-1B,Methylated-DNA--protein-cysteine methyltransferase",Homo sapiens,688,,hetero,173.46,16,1,9qfb
11 Details,9qfb_B,"Actin, cytoplasmic 1, N-terminally processed",Homo sapiens,374,,9qfb_K,"Coronin-1B,Methylated-DNA--protein-cysteine methyltransferase",Homo sapiens,688,,hetero,648.71,57,1,9qfb
12 Details,9qfb_C,"Actin, cytoplasmic 1, N-terminally processed",Homo sapiens,374,,9qfb_D,"Actin, cytoplasmic 1, N-terminally processed",Homo sapiens,374,,homo,419.23,35,1,9qfb
13 Details,9qfb_C,"Actin, cytoplasmic 1, N-terminally processed",Homo sapiens,374,,9qfb_E,"Actin, cytoplasmic 1, N-terminally processed",Homo sapiens,374,,homo,1104.26,85,1,9qfb
14 Details,9qfb_C,"Actin, cytoplasmic 1, N-terminally processed",Homo sapiens,374,,9qfb_I,"Coronin-1B,Methylated-DNA--protein-cysteine methyltransferase",Homo sapiens,688,,hetero,325.79,35,1,9qfb
15 Details,9qfb_C,"Actin, cytoplasmic 1, N-terminally processed",Homo sapiens,374,,9qfb_J,"Coronin-1B,Methylated-DNA--protein-cysteine methyltransferase",Homo sapiens,688,,hetero,867.54,75,1,9qfb
16 Details,9qfb_C,"Actin, cytoplasmic 1, N-terminally processed",Homo sapiens,374,,9qfb_K,"Coronin-1B,Methylated-DNA--protein-cysteine methyltransferase",Homo sapiens,688,,hetero,165.59,14,1,9qfb
17 Details,9qfb_C,"Actin, cytoplasmic 1, N-terminally processed",Homo sapiens,374,,9qfb_L,"Coronin-1B,Methylated-DNA--protein-cysteine methyltransferase",Homo sapiens,688,,hetero,615.29,54,1,9qfb
18 Details,9qfb_D,"Actin, cytoplasmic 1, N-terminally processed",Homo sapiens,374,,9qfb_E,"Actin, cytoplasmic 1, N-terminally processed",Homo sapiens,374,,homo,419.0,36,1,9qfb
19 Details,9qfb_D,"Actin, cytoplasmic 1, N-terminally processed",Homo sapiens,374,,9qfb_F,"Actin, cytoplasmic 1, N-terminally processed",Homo sapiens,374,,homo,1102.09,88,1,9qfb
20 Details,9qfb_D,"Actin, cytoplasmic 1, N-terminally processed",Homo sapiens,374,,9qfb_J,"Coronin-1B,Methylated-DNA--protein-cysteine methyltransferase",Homo sapiens,688,,hetero,318.18,33,1,9qfb
21 Details,9qfb_D,"Actin, cytoplasmic 1, N-terminally processed",Homo sapiens,374,,9qfb_K,"Coronin-1B,Methylated-DNA--protein-cysteine methyltransferase",Homo sapiens,688,,hetero,850.28,74,1,9qfb
22 Details,9qfb_D,"Actin, cytoplasmic 1, N-terminally processed",Homo sapiens,374,,9qfb_L,"Coronin-1B,Methylated-DNA--protein-cysteine methyltransferase",Homo sapiens,688,,hetero,175.99,16,1,9qfb
23 Details,9qfb_D,"Actin, cytoplasmic 1, N-terminally processed",Homo sapiens,374,,9qfb_M,"Coronin-1B,Methylated-DNA--protein-cysteine methyltransferase",Homo sapiens,688,,hetero,612.83,55,1,9qfb
24 Details,9qfb_E,"Actin, cytoplasmic 1, N-terminally processed",Homo sapiens,374,,9qfb_F,"Actin, cytoplasmic 1, N-terminally processed",Homo sapiens,374,,homo,414.43,37,1,9qfb
25 Details,9qfb_E,"Actin, cytoplasmic 1, N-terminally processed",Homo sapiens,374,,9qfb_G,"Actin, cytoplasmic 1, N-terminally processed",Homo sapiens,374,,homo,1106.35,88,1,9qfb
26 Details,9qfb_E,"Actin, cytoplasmic 1, N-terminally processed",Homo sapiens,374,,9qfb_K,"Coronin-1B,Methylated-DNA--protein-cysteine methyltransferase",Homo sapiens,688,,hetero,333.46,37,1,9qfb
27 Details,9qfb_E,"Actin, cytoplasmic 1, N-terminally processed",Homo sapiens,374,,9qfb_L,"Coronin-1B,Methylated-DNA--protein-cysteine methyltransferase",Homo sapiens,688,,hetero,848.89,75,1,9qfb
28 Details,9qfb_E,"Actin, cytoplasmic 1, N-terminally processed",Homo sapiens,374,,9qfb_M,"Coronin-1B,Methylated-DNA--protein-cysteine methyltransferase",Homo sapiens,688,,hetero,160.73,14,1,9qfb
29 Details,9qfb_E,"Actin, cytoplasmic 1, N-terminally processed",Homo sapiens,374,,9qfb_N,"Coronin-1B,Methylated-DNA--protein-cysteine methyltransferase",Homo sapiens,688,,hetero,624.68,55,1,9qfb
30 Details,9qfb_F,"Actin, cytoplasmic 1, N-terminally processed",Homo sapiens,374,,9qfb_G,"Actin, cytoplasmic 1, N-terminally processed",Homo sapiens,374,,homo,407.44,35,1,9qfb
31 Details,9qfb_F,"Actin, cytoplasmic 1, N-terminally processed",Homo sapiens,374,,9qfb_L,"Coronin-1B,Methylated-DNA--protein-cysteine methyltransferase",Homo sapiens,688,,hetero,322.12,39,1,9qfb
32 Details,9qfb_F,"Actin, cytoplasmic 1, N-terminally processed",Homo sapiens,374,,9qfb_M,"Coronin-1B,Methylated-DNA--protein-cysteine methyltransferase",Homo sapiens,688,,hetero,880.55,82,1,9qfb
33 Details,9qfb_F,"Actin, cytoplasmic 1, N-terminally processed",Homo sapiens,374,,9qfb_N,"Coronin-1B,Methylated-DNA--protein-cysteine methyltransferase",Homo sapiens,688,,hetero,172.96,17,1,9qfb
34 Details,9qfb_G,"Actin, cytoplasmic 1, N-terminally processed",Homo sapiens,374,,9qfb_M,"Coronin-1B,Methylated-DNA--protein-cysteine methyltransferase",Homo sapiens,688,,hetero,346.91,37,1,9qfb
35 Details,9qfb_G,"Actin, cytoplasmic 1, N-terminally processed",Homo sapiens,374,,9qfb_N,"Coronin-1B,Methylated-DNA--protein-cysteine methyltransferase",Homo sapiens,688,,hetero,856.09,76,1,9qfb
1 Details,9xye_A,"Actin, alpha skeletal muscle",Oryctolagus cuniculus,376,,9xye_B,"Actin, alpha skeletal muscle",Oryctolagus cuniculus,376,,homo,329.56,30,1,9xye
2 Details,9xye_A,"Actin, alpha skeletal muscle",Oryctolagus cuniculus,376,,9xye_C,"Actin, alpha skeletal muscle",Oryctolagus cuniculus,376,,homo,1219.74,108,1,9xye
3 Details,9xye_A,"Actin, alpha skeletal muscle",Oryctolagus cuniculus,376,,9xye_W,Adenylyl cyclase-associated protein 1,Homo sapiens,475,,hetero,1002.09,88,1,9xye
4 Details,9xye_A,"Actin, alpha skeletal muscle",Oryctolagus cuniculus,376,,9xye_X,Adenylyl cyclase-associated protein 1,Homo sapiens,475,,hetero,111.48,11,1,9xye
5 Details,9xye_B,"Actin, alpha skeletal muscle",Oryctolagus cuniculus,376,,9xye_C,"Actin, alpha skeletal muscle",Oryctolagus cuniculus,376,,homo,432.54,37,1,9xye
6 Details,9xye_B,"Actin, alpha skeletal muscle",Oryctolagus cuniculus,376,,9xye_D,"Actin, alpha skeletal muscle",Oryctolagus cuniculus,376,,homo,1235.99,101,1,9xye
7 Details,9xye_B,"Actin, alpha skeletal muscle",Oryctolagus cuniculus,376,,9xye_X,Adenylyl cyclase-associated protein 1,Homo sapiens,475,,hetero,1048.1,93,1,9xye
8 Details,9xye_C,"Actin, alpha skeletal muscle",Oryctolagus cuniculus,376,,9xye_D,"Actin, alpha skeletal muscle",Oryctolagus cuniculus,376,,homo,488.13,40,1,9xye
9 Details,9xye_C,"Actin, alpha skeletal muscle",Oryctolagus cuniculus,376,,9xye_E,"Actin, alpha skeletal muscle",Oryctolagus cuniculus,376,,homo,1214.15,99,1,9xye
10 Details,9xye_D,"Actin, alpha skeletal muscle",Oryctolagus cuniculus,376,,9xye_E,"Actin, alpha skeletal muscle",Oryctolagus cuniculus,376,,homo,466.0,40,1,9xye
1 Details,7z7h_D,"Actin, alpha skeletal muscle",Oryctolagus cuniculus,377,,7z7h_F,"Maltose/maltodextrin-binding periplasmic protein,TccC3",Photorhabdus luminescens,578,,hetero,683.21,70,1,7z7h
2 Details,7z7h_D,"Actin, alpha skeletal muscle",Oryctolagus cuniculus,377,,7z7h_B,"Actin, alpha skeletal muscle",Oryctolagus cuniculus,377,,homo,955.31,85,1,7z7h
3 Details,7z7h_D,"Actin, alpha skeletal muscle",Oryctolagus cuniculus,377,,7z7h_E,"Actin, alpha skeletal muscle",Oryctolagus cuniculus,377,,homo,409.75,32,1,7z7h
4 Details,7z7h_D,"Actin, alpha skeletal muscle",Oryctolagus cuniculus,377,,7z7h_C,"Actin, alpha skeletal muscle",Oryctolagus cuniculus,377,,homo,363.04,32,1,7z7h
5 Details,7z7h_F,"Maltose/maltodextrin-binding periplasmic protein,TccC3",Photorhabdus luminescens,578,,7z7h_B,"Actin, alpha skeletal muscle",Oryctolagus cuniculus,377,,hetero,418.9,38,1,7z7h
6 Details,7z7h_B,"Actin, alpha skeletal muscle",Oryctolagus cuniculus,377,,7z7h_C,"Actin, alpha skeletal muscle",Oryctolagus cuniculus,377,,homo,391.58,33,1,7z7h
7 Details,7z7h_B,"Actin, alpha skeletal muscle",Oryctolagus cuniculus,377,,7z7h_A,"Actin, alpha skeletal muscle",Oryctolagus cuniculus,377,,homo,351.26,33,1,7z7h
8 Details,7z7h_E,"Actin, alpha skeletal muscle",Oryctolagus cuniculus,377,,7z7h_C,"Actin, alpha skeletal muscle",Oryctolagus cuniculus,377,,homo,995.97,92,1,7z7h
9 Details,7z7h_C,"Actin, alpha skeletal muscle",Oryctolagus cuniculus,377,,7z7h_A,"Actin, alpha skeletal muscle",Oryctolagus cuniculus,377,,homo,975.2,91,1,7z7h
1 Details,8a2t_C,"Actin, alpha skeletal muscle",Oryctolagus cuniculus,375,,8a2t_A,"Actin, alpha skeletal muscle",Oryctolagus cuniculus,375,,homo,1045.88,85,1,8a2t
2 Details,8a2t_C,"Actin, alpha skeletal muscle",Oryctolagus cuniculus,375,,8a2t_B,"Actin, alpha skeletal muscle",Oryctolagus cuniculus,375,,homo,418.06,36,1,8a2t
3 Details,8a2t_C,"Actin, alpha skeletal muscle",Oryctolagus cuniculus,375,,8a2t_D,"Actin, alpha skeletal muscle",Oryctolagus cuniculus,375,,homo,404.86,35,1,8a2t
4 Details,8a2t_C,"Actin, alpha skeletal muscle",Oryctolagus cuniculus,375,,8a2t_E,"Actin, alpha skeletal muscle",Oryctolagus cuniculus,375,,homo,1059.67,86,1,8a2t
5 Details,8a2t_A,"Actin, alpha skeletal muscle",Oryctolagus cuniculus,375,,8a2t_B,"Actin, alpha skeletal muscle",Oryctolagus cuniculus,375,,homo,415.86,38,1,8a2t
6 Details,8a2t_B,"Actin, alpha skeletal muscle",Oryctolagus cuniculus,375,,8a2t_D,"Actin, alpha skeletal muscle",Oryctolagus cuniculus,375,,homo,1047.25,86,1,8a2t
7 Details,8a2t_D,"Actin, alpha skeletal muscle",Oryctolagus cuniculus,375,,8a2t_E,"Actin, alpha skeletal muscle",Oryctolagus cuniculus,375,,homo,394.23,33,1,8a2t
1 Details,8zix_P,"Actin, alpha skeletal muscle",Rattus norvegicus,371,,8zix_R,"Actin, alpha skeletal muscle",Rattus norvegicus,371,,homo,424.42,35,1,8zix
2 Details,8zix_P,"Actin, alpha skeletal muscle",Rattus norvegicus,371,,8zix_A,"Actin, alpha skeletal muscle",Rattus norvegicus,371,,homo,1208.11,99,1,8zix
3 Details,8zix_R,"Actin, alpha skeletal muscle",Rattus norvegicus,371,,8zix_A,"Actin, alpha skeletal muscle",Rattus norvegicus,371,,homo,408.64,37,1,8zix
4 Details,8zix_R,"Actin, alpha skeletal muscle",Rattus norvegicus,371,,8zix_E,"Actin, alpha skeletal muscle",Rattus norvegicus,371,,homo,1218.61,104,1,8zix
5 Details,8zix_A,"Actin, alpha skeletal muscle",Rattus norvegicus,371,,8zix_E,"Actin, alpha skeletal muscle",Rattus norvegicus,371,,homo,421.16,35,1,8zix
6 Details,8zix_A,"Actin, alpha skeletal muscle",Rattus norvegicus,371,,8zix_B,"Actin, alpha skeletal muscle",Rattus norvegicus,371,,homo,1237.95,105,1,8zix
7 Details,8zix_E,"Actin, alpha skeletal muscle",Rattus norvegicus,371,,8zix_B,"Actin, alpha skeletal muscle",Rattus norvegicus,371,,homo,405.84,36,1,8zix
8 Details,8zix_E,"Actin, alpha skeletal muscle",Rattus norvegicus,371,,8zix_F,"Actin, alpha skeletal muscle",Rattus norvegicus,371,,homo,1215.2,105,1,8zix
9 Details,8zix_B,"Actin, alpha skeletal muscle",Rattus norvegicus,371,,8zix_F,"Actin, alpha skeletal muscle",Rattus norvegicus,371,,homo,420.58,35,1,8zix
1 Details,8ccn_A,Actin-2,Plasmodium falciparum,378,,8ccn_B,Actin-2,Plasmodium falciparum,378,,homo,341.26,29,1,8ccn
2 Details,8ccn_A,Actin-2,Plasmodium falciparum,378,,8ccn_C,Actin-2,Plasmodium falciparum,378,,homo,1133.29,92,1,8ccn
3 Details,8ccn_B,Actin-2,Plasmodium falciparum,378,,8ccn_C,Actin-2,Plasmodium falciparum,378,,homo,342.72,29,1,8ccn
4 Details,8ccn_B,Actin-2,Plasmodium falciparum,378,,8ccn_D,Actin-2,Plasmodium falciparum,378,,homo,1134.32,92,1,8ccn
5 Details,8ccn_C,Actin-2,Plasmodium falciparum,378,,8ccn_D,Actin-2,Plasmodium falciparum,378,,homo,342.42,29,1,8ccn
6 Details,8ccn_C,Actin-2,Plasmodium falciparum,378,,8ccn_E,Actin-2,Plasmodium falciparum,378,,homo,1132.92,92,1,8ccn
7 Details,8ccn_D,Actin-2,Plasmodium falciparum,378,,8ccn_E,Actin-2,Plasmodium falciparum,378,,homo,342.77,29,1,8ccn
8 Details,8ccn_D,Actin-2,Plasmodium falciparum,378,,8ccn_F,Actin-2,Plasmodium falciparum,378,,homo,1133.66,93,1,8ccn
9 Details,8ccn_E,Actin-2,Plasmodium falciparum,378,,8ccn_F,Actin-2,Plasmodium falciparum,378,,homo,344.47,29,1,8ccn
1 Details,9q7o_A,"Actin, alpha skeletal muscle",Oryctolagus cuniculus,376,,9q7o_B,"Actin, alpha skeletal muscle",Oryctolagus cuniculus,376,,homo,394.21,36,1,9q7o
2 Details,9q7o_A,"Actin, alpha skeletal muscle",Oryctolagus cuniculus,376,,9q7o_C,"Actin, alpha skeletal muscle",Oryctolagus cuniculus,376,,homo,1157.43,95,1,9q7o
3 Details,9q7o_A,"Actin, alpha skeletal muscle",Oryctolagus cuniculus,376,,9q7o_W,Adenylyl cyclase-associated protein 1,Homo sapiens,475,,hetero,1096.85,95,1,9q7o
4 Details,9q7o_B,"Actin, alpha skeletal muscle",Oryctolagus cuniculus,376,,9q7o_C,"Actin, alpha skeletal muscle",Oryctolagus cuniculus,376,,homo,441.05,35,1,9q7o
5 Details,9q7o_B,"Actin, alpha skeletal muscle",Oryctolagus cuniculus,376,,9q7o_D,"Actin, alpha skeletal muscle",Oryctolagus cuniculus,376,,homo,1160.19,94,1,9q7o
6 Details,9q7o_C,"Actin, alpha skeletal muscle",Oryctolagus cuniculus,376,,9q7o_D,"Actin, alpha skeletal muscle",Oryctolagus cuniculus,376,,homo,460.77,38,1,9q7o
7 Details,9q7o_C,"Actin, alpha skeletal muscle",Oryctolagus cuniculus,376,,9q7o_E,"Actin, alpha skeletal muscle",Oryctolagus cuniculus,376,,homo,1193.05,98,1,9q7o
8 Details,9q7o_D,"Actin, alpha skeletal muscle",Oryctolagus cuniculus,376,,9q7o_E,"Actin, alpha skeletal muscle",Oryctolagus cuniculus,376,,homo,456.2,38,1,9q7o
1 Details,7tpt_A,Actin-related protein 3,Bos taurus,418,,7tpt_B,Actin-related protein 2,Bos taurus,394,,hetero,665.78,55,1,7tpt
2 Details,7tpt_A,Actin-related protein 3,Bos taurus,418,,7tpt_D,Actin-related protein 2/3 complex subunit 2,Bos taurus,300,,hetero,1618.44,143,1,7tpt
3 Details,7tpt_A,Actin-related protein 3,Bos taurus,418,,7tpt_E,Actin-related protein 2/3 complex subunit 3,Bos taurus,178,,hetero,932.46,71,1,7tpt
4 Details,7tpt_A,Actin-related protein 3,Bos taurus,418,,7tpt_F,Actin-related protein 2/3 complex subunit 4,Bos taurus,168,,hetero,473.61,35,1,7tpt
5 Details,7tpt_A,Actin-related protein 3,Bos taurus,418,,7tpt_H,"Actin, alpha skeletal muscle",Oryctolagus cuniculus,377,,hetero,1231.97,114,1,7tpt
6 Details,7tpt_A,Actin-related protein 3,Bos taurus,418,,7tpt_P,"Actin, alpha skeletal muscle",Oryctolagus cuniculus,377,,hetero,734.75,67,1,7tpt
7 Details,7tpt_A,Actin-related protein 3,Bos taurus,418,,7tpt_Q,"Actin, alpha skeletal muscle",Oryctolagus cuniculus,377,,hetero,161.71,16,1,7tpt
8 Details,7tpt_A,Actin-related protein 3,Bos taurus,418,,7tpt_R,"Actin, alpha skeletal muscle",Oryctolagus cuniculus,377,,hetero,217.73,20,1,7tpt
9 Details,7tpt_B,Actin-related protein 2,Bos taurus,394,,7tpt_C,Actin-related protein 2/3 complex subunit 1B,Bos taurus,372,,hetero,253.3,30,1,7tpt
10 Details,7tpt_B,Actin-related protein 2,Bos taurus,394,,7tpt_E,Actin-related protein 2/3 complex subunit 3,Bos taurus,178,,hetero,680.23,58,1,7tpt
11 Details,7tpt_B,Actin-related protein 2,Bos taurus,394,,7tpt_F,Actin-related protein 2/3 complex subunit 4,Bos taurus,168,,hetero,760.52,63,1,7tpt
12 Details,7tpt_B,Actin-related protein 2,Bos taurus,394,,7tpt_G,Actin-related protein 2/3 complex subunit 5,Bos taurus,151,,hetero,417.18,34,1,7tpt
13 Details,7tpt_B,Actin-related protein 2,Bos taurus,394,,7tpt_H,"Actin, alpha skeletal muscle",Oryctolagus cuniculus,377,,hetero,572.82,41,1,7tpt
14 Details,7tpt_B,Actin-related protein 2,Bos taurus,394,,7tpt_I,"Actin, alpha skeletal muscle",Oryctolagus cuniculus,377,,hetero,972.22,92,1,7tpt
16 Details,7tpt_C,Actin-related protein 2/3 complex subunit 1B,Bos taurus,372,,7tpt_D,Actin-related protein 2/3 complex subunit 2,Bos taurus,300,,hetero,163.73,13,1,7tpt
17 Details,7tpt_C,Actin-related protein 2/3 complex subunit 1B,Bos taurus,372,,7tpt_F,Actin-related protein 2/3 complex subunit 4,Bos taurus,168,,hetero,1043.68,94,1,7tpt
18 Details,7tpt_C,Actin-related protein 2/3 complex subunit 1B,Bos taurus,372,,7tpt_G,Actin-related protein 2/3 complex subunit 5,Bos taurus,151,,hetero,587.45,52,1,7tpt
19 Details,7tpt_C,Actin-related protein 2/3 complex subunit 1B,Bos taurus,372,,7tpt_P,"Actin, alpha skeletal muscle",Oryctolagus cuniculus,377,,hetero,390.04,28,1,7tpt
20 Details,7tpt_D,Actin-related protein 2/3 complex subunit 2,Bos taurus,300,,7tpt_F,Actin-related protein 2/3 complex subunit 4,Bos taurus,168,,hetero,2132.62,155,1,7tpt
21 Details,7tpt_D,Actin-related protein 2/3 complex subunit 2,Bos taurus,300,,7tpt_Q,"Actin, alpha skeletal muscle",Oryctolagus cuniculus,377,,hetero,104.56,9,1,7tpt
22 Details,7tpt_D,Actin-related protein 2/3 complex subunit 2,Bos taurus,300,,7tpt_R,"Actin, alpha skeletal muscle",Oryctolagus cuniculus,377,,hetero,281.9,27,1,7tpt
23 Details,7tpt_D,Actin-related protein 2/3 complex subunit 2,Bos taurus,300,,7tpt_S,"Actin, alpha skeletal muscle",Oryctolagus cuniculus,377,,hetero,539.43,43,1,7tpt
24 Details,7tpt_E,Actin-related protein 2/3 complex subunit 3,Bos taurus,178,,7tpt_N,"Actin, alpha skeletal muscle",Oryctolagus cuniculus,377,,hetero,152.04,10,1,7tpt
25 Details,7tpt_F,Actin-related protein 2/3 complex subunit 4,Bos taurus,168,,7tpt_G,Actin-related protein 2/3 complex subunit 5,Bos taurus,151,,hetero,898.65,70,1,7tpt
26 Details,7tpt_F,Actin-related protein 2/3 complex subunit 4,Bos taurus,168,,7tpt_R,"Actin, alpha skeletal muscle",Oryctolagus cuniculus,377,,hetero,690.29,57,1,7tpt
27 Details,7tpt_H,"Actin, alpha skeletal muscle",Oryctolagus cuniculus,377,,7tpt_I,"Actin, alpha skeletal muscle",Oryctolagus cuniculus,377,,homo,471.38,45,1,7tpt
28 Details,7tpt_H,"Actin, alpha skeletal muscle",Oryctolagus cuniculus,377,,7tpt_J,"Actin, alpha skeletal muscle",Oryctolagus cuniculus,377,,homo,777.19,80,1,7tpt
31 Details,7tpt_I,"Actin, alpha skeletal muscle",Oryctolagus cuniculus,377,,7tpt_J,"Actin, alpha skeletal muscle",Oryctolagus cuniculus,377,,homo,319.27,28,1,7tpt
32 Details,7tpt_I,"Actin, alpha skeletal muscle",Oryctolagus cuniculus,377,,7tpt_K,"Actin, alpha skeletal muscle",Oryctolagus cuniculus,377,,homo,767.92,77,1,7tpt
35 Details,7tpt_J,"Actin, alpha skeletal muscle",Oryctolagus cuniculus,377,,7tpt_K,"Actin, alpha skeletal muscle",Oryctolagus cuniculus,377,,homo,178.71,21,1,7tpt
40 Details,7tpt_L,"Actin, alpha skeletal muscle",Oryctolagus cuniculus,377,,7tpt_M,"Actin, alpha skeletal muscle",Oryctolagus cuniculus,377,,homo,169.73,19,1,7tpt
41 Details,7tpt_L,"Actin, alpha skeletal muscle",Oryctolagus cuniculus,377,,7tpt_N,"Actin, alpha skeletal muscle",Oryctolagus cuniculus,377,,homo,640.98,65,1,7tpt
43 Details,7tpt_M,"Actin, alpha skeletal muscle",Oryctolagus cuniculus,377,,7tpt_N,"Actin, alpha skeletal muscle",Oryctolagus cuniculus,377,,homo,284.92,31,1,7tpt
44 Details,7tpt_M,"Actin, alpha skeletal muscle",Oryctolagus cuniculus,377,,7tpt_O,"Actin, alpha skeletal muscle",Oryctolagus cuniculus,377,,homo,683.84,66,1,7tpt
47 Details,7tpt_N,"Actin, alpha skeletal muscle",Oryctolagus cuniculus,377,,7tpt_O,"Actin, alpha skeletal muscle",Oryctolagus cuniculus,377,,homo,426.15,39,1,7tpt
48 Details,7tpt_N,"Actin, alpha skeletal muscle",Oryctolagus cuniculus,377,,7tpt_P,"Actin, alpha skeletal muscle",Oryctolagus cuniculus,377,,homo,1165.59,100,1,7tpt
51 Details,7tpt_O,"Actin, alpha skeletal muscle",Oryctolagus cuniculus,377,,7tpt_P,"Actin, alpha skeletal muscle",Oryctolagus cuniculus,377,,homo,418.44,38,1,7tpt
52 Details,7tpt_O,"Actin, alpha skeletal muscle",Oryctolagus cuniculus,377,,7tpt_Q,"Actin, alpha skeletal muscle",Oryctolagus cuniculus,377,,homo,1086.32,99,1,7tpt
55 Details,7tpt_P,"Actin, alpha skeletal muscle",Oryctolagus cuniculus,377,,7tpt_Q,"Actin, alpha skeletal muscle",Oryctolagus cuniculus,377,,homo,434.74,36,1,7tpt
56 Details,7tpt_P,"Actin, alpha skeletal muscle",Oryctolagus cuniculus,377,,7tpt_R,"Actin, alpha skeletal muscle",Oryctolagus cuniculus,377,,homo,1018.76,92,1,7tpt
59 Details,7tpt_Q,"Actin, alpha skeletal muscle",Oryctolagus cuniculus,377,,7tpt_R,"Actin, alpha skeletal muscle",Oryctolagus cuniculus,377,,homo,444.77,35,1,7tpt
60 Details,7tpt_Q,"Actin, alpha skeletal muscle",Oryctolagus cuniculus,377,,7tpt_S,"Actin, alpha skeletal muscle",Oryctolagus cuniculus,377,,homo,1102.37,98,1,7tpt
63 Details,7tpt_R,"Actin, alpha skeletal muscle",Oryctolagus cuniculus,377,,7tpt_S,"Actin, alpha skeletal muscle",Oryctolagus cuniculus,377,,homo,419.22,40,1,7tpt
64 Details,7tpt_R,"Actin, alpha skeletal muscle",Oryctolagus cuniculus,377,,7tpt_T,"Actin, alpha skeletal muscle",Oryctolagus cuniculus,377,,homo,737.32,71,1,7tpt
67 Details,7tpt_S,"Actin, alpha skeletal muscle",Oryctolagus cuniculus,377,,7tpt_T,"Actin, alpha skeletal muscle",Oryctolagus cuniculus,377,,homo,298.83,28,1,7tpt
68 Details,7tpt_S,"Actin, alpha skeletal muscle",Oryctolagus cuniculus,377,,7tpt_U,"Actin, alpha skeletal muscle",Oryctolagus cuniculus,377,,homo,780.64,75,1,7tpt
71 Details,7tpt_T,"Actin, alpha skeletal muscle",Oryctolagus cuniculus,377,,7tpt_U,"Actin, alpha skeletal muscle",Oryctolagus cuniculus,377,,homo,172.13,23,1,7tpt
1 Details,9qf2_C,"Actin, cytoplasmic 1, N-terminally processed",Homo sapiens,374,,9qf2_H,"Coronin-1B,Methylated-DNA--protein-cysteine methyltransferase",Homo sapiens,688,,hetero,838.55,74,1,9qf2
2 Details,9qf2_C,"Actin, cytoplasmic 1, N-terminally processed",Homo sapiens,374,,9qf2_A,"Actin, cytoplasmic 1, N-terminally processed",Homo sapiens,374,,homo,1083.58,90,1,9qf2
3 Details,9qf2_C,"Actin, cytoplasmic 1, N-terminally processed",Homo sapiens,374,,9qf2_B,"Actin, cytoplasmic 1, N-terminally processed",Homo sapiens,374,,homo,371.87,35,1,9qf2
4 Details,9qf2_C,"Actin, cytoplasmic 1, N-terminally processed",Homo sapiens,374,,9qf2_D,"Actin, cytoplasmic 1, N-terminally processed",Homo sapiens,374,,homo,377.98,35,1,9qf2
5 Details,9qf2_C,"Actin, cytoplasmic 1, N-terminally processed",Homo sapiens,374,,9qf2_E,"Actin, cytoplasmic 1, N-terminally processed",Homo sapiens,374,,homo,1081.56,93,1,9qf2
6 Details,9qf2_C,"Actin, cytoplasmic 1, N-terminally processed",Homo sapiens,374,,9qf2_G,"Coronin-1B,Methylated-DNA--protein-cysteine methyltransferase",Homo sapiens,688,,hetero,344.8,37,1,9qf2
7 Details,9qf2_C,"Actin, cytoplasmic 1, N-terminally processed",Homo sapiens,374,,9qf2_I,"Coronin-1B,Methylated-DNA--protein-cysteine methyltransferase",Homo sapiens,688,,hetero,171.02,16,1,9qf2
8 Details,9qf2_C,"Actin, cytoplasmic 1, N-terminally processed",Homo sapiens,374,,9qf2_J,"Coronin-1B,Methylated-DNA--protein-cysteine methyltransferase",Homo sapiens,688,,hetero,640.68,56,1,9qf2
9 Details,9qf2_H,"Coronin-1B,Methylated-DNA--protein-cysteine methyltransferase",Homo sapiens,688,,9qf2_A,"Actin, cytoplasmic 1, N-terminally processed",Homo sapiens,374,,hetero,642.46,58,1,9qf2
10 Details,9qf2_H,"Coronin-1B,Methylated-DNA--protein-cysteine methyltransferase",Homo sapiens,688,,9qf2_B,"Actin, cytoplasmic 1, N-terminally processed",Homo sapiens,374,,hetero,170.17,17,1,9qf2
11 Details,9qf2_H,"Coronin-1B,Methylated-DNA--protein-cysteine methyltransferase",Homo sapiens,688,,9qf2_D,"Actin, cytoplasmic 1, N-terminally processed",Homo sapiens,374,,hetero,341.06,40,1,9qf2
12 Details,9qf2_A,"Actin, cytoplasmic 1, N-terminally processed",Homo sapiens,374,,9qf2_B,"Actin, cytoplasmic 1, N-terminally processed",Homo sapiens,374,,homo,374.33,35,1,9qf2
13 Details,9qf2_A,"Actin, cytoplasmic 1, N-terminally processed",Homo sapiens,374,,9qf2_F,"Coronin-1B,Methylated-DNA--protein-cysteine methyltransferase",Homo sapiens,688,,hetero,833.54,74,1,9qf2
14 Details,9qf2_A,"Actin, cytoplasmic 1, N-terminally processed",Homo sapiens,374,,9qf2_G,"Coronin-1B,Methylated-DNA--protein-cysteine methyltransferase",Homo sapiens,688,,hetero,174.29,16,1,9qf2
15 Details,9qf2_B,"Actin, cytoplasmic 1, N-terminally processed",Homo sapiens,374,,9qf2_D,"Actin, cytoplasmic 1, N-terminally processed",Homo sapiens,374,,homo,1079.48,91,1,9qf2
16 Details,9qf2_B,"Actin, cytoplasmic 1, N-terminally processed",Homo sapiens,374,,9qf2_F,"Coronin-1B,Methylated-DNA--protein-cysteine methyltransferase",Homo sapiens,688,,hetero,343.79,37,1,9qf2
17 Details,9qf2_B,"Actin, cytoplasmic 1, N-terminally processed",Homo sapiens,374,,9qf2_G,"Coronin-1B,Methylated-DNA--protein-cysteine methyltransferase",Homo sapiens,688,,hetero,843.98,75,1,9qf2
18 Details,9qf2_B,"Actin, cytoplasmic 1, N-terminally processed",Homo sapiens,374,,9qf2_I,"Coronin-1B,Methylated-DNA--protein-cysteine methyltransferase",Homo sapiens,688,,hetero,630.31,56,1,9qf2
19 Details,9qf2_D,"Actin, cytoplasmic 1, N-terminally processed",Homo sapiens,374,,9qf2_E,"Actin, cytoplasmic 1, N-terminally processed",Homo sapiens,374,,homo,374.19,35,1,9qf2
20 Details,9qf2_D,"Actin, cytoplasmic 1, N-terminally processed",Homo sapiens,374,,9qf2_I,"Coronin-1B,Methylated-DNA--protein-cysteine methyltransferase",Homo sapiens,688,,hetero,838.88,76,1,9qf2
21 Details,9qf2_D,"Actin, cytoplasmic 1, N-terminally processed",Homo sapiens,374,,9qf2_J,"Coronin-1B,Methylated-DNA--protein-cysteine methyltransferase",Homo sapiens,688,,hetero,165.77,15,1,9qf2
22 Details,9qf2_E,"Actin, cytoplasmic 1, N-terminally processed",Homo sapiens,374,,9qf2_I,"Coronin-1B,Methylated-DNA--protein-cysteine methyltransferase",Homo sapiens,688,,hetero,339.08,37,1,9qf2
23 Details,9qf2_E,"Actin, cytoplasmic 1, N-terminally processed",Homo sapiens,374,,9qf2_J,"Coronin-1B,Methylated-DNA--protein-cysteine methyltransferase",Homo sapiens,688,,hetero,850.3,78,1,9qf2
1 Details,8a2s_C,"Actin, alpha skeletal muscle",Oryctolagus cuniculus,375,,8a2s_A,"Actin, alpha skeletal muscle",Oryctolagus cuniculus,375,,homo,1133.65,88,1,8a2s
2 Details,8a2s_C,"Actin, alpha skeletal muscle",Oryctolagus cuniculus,375,,8a2s_B,"Actin, alpha skeletal muscle",Oryctolagus cuniculus,375,,homo,400.88,35,1,8a2s
3 Details,8a2s_C,"Actin, alpha skeletal muscle",Oryctolagus cuniculus,375,,8a2s_D,"Actin, alpha skeletal muscle",Oryctolagus cuniculus,375,,homo,389.12,34,1,8a2s
4 Details,8a2s_C,"Actin, alpha skeletal muscle",Oryctolagus cuniculus,375,,8a2s_E,"Actin, alpha skeletal muscle",Oryctolagus cuniculus,375,,homo,1142.24,89,1,8a2s
5 Details,8a2s_A,"Actin, alpha skeletal muscle",Oryctolagus cuniculus,375,,8a2s_B,"Actin, alpha skeletal muscle",Oryctolagus cuniculus,375,,homo,401.85,35,1,8a2s
6 Details,8a2s_B,"Actin, alpha skeletal muscle",Oryctolagus cuniculus,375,,8a2s_D,"Actin, alpha skeletal muscle",Oryctolagus cuniculus,375,,homo,1137.94,89,1,8a2s
7 Details,8a2s_D,"Actin, alpha skeletal muscle",Oryctolagus cuniculus,375,,8a2s_E,"Actin, alpha skeletal muscle",Oryctolagus cuniculus,375,,homo,380.46,33,1,8a2s
1 Details,8zbm_E,"Actin, alpha skeletal muscle",Rattus norvegicus,371,,8zbm_H,"Actin, alpha skeletal muscle",Rattus norvegicus,371,,homo,374.77,31,1,8zbm
2 Details,8zbm_E,"Actin, alpha skeletal muscle",Rattus norvegicus,371,,8zbm_O,"Actin, alpha skeletal muscle",Rattus norvegicus,371,,homo,1152.96,99,1,8zbm
3 Details,8zbm_E,"Actin, alpha skeletal muscle",Rattus norvegicus,371,,8zbm_Q,"Actin, alpha skeletal muscle",Rattus norvegicus,371,,homo,374.44,31,1,8zbm
4 Details,8zbm_E,"Actin, alpha skeletal muscle",Rattus norvegicus,371,,8zbm_A,Myosin heavy chain 4,Rattus norvegicus,780,,hetero,1163.35,108,1,8zbm
5 Details,8zbm_H,"Actin, alpha skeletal muscle",Rattus norvegicus,371,,8zbm_Q,"Actin, alpha skeletal muscle",Rattus norvegicus,371,,homo,1154.09,97,1,8zbm
6 Details,8zbm_H,"Actin, alpha skeletal muscle",Rattus norvegicus,371,,8zbm_D,Myosin heavy chain 4,Rattus norvegicus,780,,hetero,1161.4,107,1,8zbm
7 Details,8zbm_H,"Actin, alpha skeletal muscle",Rattus norvegicus,371,,8zbm_G,Tropomyosin beta chain,Rattus norvegicus,166,,hetero,118.6,12,1,8zbm
8 Details,8zbm_O,"Actin, alpha skeletal muscle",Rattus norvegicus,371,,8zbm_Q,"Actin, alpha skeletal muscle",Rattus norvegicus,371,,homo,375.11,33,1,8zbm
9 Details,8zbm_O,"Actin, alpha skeletal muscle",Rattus norvegicus,371,,8zbm_P,"Actin, alpha skeletal muscle",Rattus norvegicus,371,,homo,1150.13,97,1,8zbm
10 Details,8zbm_O,"Actin, alpha skeletal muscle",Rattus norvegicus,371,,8zbm_R,"Actin, alpha skeletal muscle",Rattus norvegicus,371,,homo,388.78,32,1,8zbm
11 Details,8zbm_O,"Actin, alpha skeletal muscle",Rattus norvegicus,371,,8zbm_A,Myosin heavy chain 4,Rattus norvegicus,780,,hetero,145.93,16,1,8zbm
12 Details,8zbm_O,"Actin, alpha skeletal muscle",Rattus norvegicus,371,,8zbm_B,Tropomyosin beta chain,Rattus norvegicus,166,,hetero,225.39,19,1,8zbm
13 Details,8zbm_O,"Actin, alpha skeletal muscle",Rattus norvegicus,371,,8zbm_J,Myosin heavy chain 4,Rattus norvegicus,780,,hetero,1151.54,106,1,8zbm
14 Details,8zbm_Q,"Actin, alpha skeletal muscle",Rattus norvegicus,371,,8zbm_R,"Actin, alpha skeletal muscle",Rattus norvegicus,371,,homo,1144.21,98,1,8zbm
15 Details,8zbm_Q,"Actin, alpha skeletal muscle",Rattus norvegicus,371,,8zbm_D,Myosin heavy chain 4,Rattus norvegicus,780,,hetero,140.24,14,1,8zbm
16 Details,8zbm_Q,"Actin, alpha skeletal muscle",Rattus norvegicus,371,,8zbm_F,Tropomyosin beta chain,Rattus norvegicus,166,,hetero,223.48,19,1,8zbm
17 Details,8zbm_Q,"Actin, alpha skeletal muscle",Rattus norvegicus,371,,8zbm_L,Myosin heavy chain 4,Rattus norvegicus,780,,hetero,1146.36,106,1,8zbm
18 Details,8zbm_C,Tropomyosin beta chain,Rattus norvegicus,166,,8zbm_B,Tropomyosin beta chain,Rattus norvegicus,166,,homo,3548.58,279,1,8zbm
19 Details,8zbm_P,"Actin, alpha skeletal muscle",Rattus norvegicus,371,,8zbm_R,"Actin, alpha skeletal muscle",Rattus norvegicus,371,,homo,377.62,31,1,8zbm
20 Details,8zbm_P,"Actin, alpha skeletal muscle",Rattus norvegicus,371,,8zbm_J,Myosin heavy chain 4,Rattus norvegicus,780,,hetero,136.86,14,1,8zbm
21 Details,8zbm_P,"Actin, alpha skeletal muscle",Rattus norvegicus,371,,8zbm_K,Myosin heavy chain 4,Rattus norvegicus,780,,hetero,1174.41,105,1,8zbm
22 Details,8zbm_R,"Actin, alpha skeletal muscle",Rattus norvegicus,371,,8zbm_L,Myosin heavy chain 4,Rattus norvegicus,780,,hetero,129.62,14,1,8zbm
23 Details,8zbm_R,"Actin, alpha skeletal muscle",Rattus norvegicus,371,,8zbm_N,Myosin heavy chain 4,Rattus norvegicus,780,,hetero,1130.6,101,1,8zbm
24 Details,8zbm_A,Myosin heavy chain 4,Rattus norvegicus,780,,8zbm_B,Tropomyosin beta chain,Rattus norvegicus,166,,hetero,113.57,7,1,8zbm
25 Details,8zbm_B,Tropomyosin beta chain,Rattus norvegicus,166,,8zbm_K,Myosin heavy chain 4,Rattus norvegicus,780,,hetero,126.21,8,1,8zbm
26 Details,8zbm_D,Myosin heavy chain 4,Rattus norvegicus,780,,8zbm_F,Tropomyosin beta chain,Rattus norvegicus,166,,hetero,117.19,8,1,8zbm
27 Details,8zbm_G,Tropomyosin beta chain,Rattus norvegicus,166,,8zbm_F,Tropomyosin beta chain,Rattus norvegicus,166,,homo,3551.74,293,1,8zbm
28 Details,8zbm_F,Tropomyosin beta chain,Rattus norvegicus,166,,8zbm_L,Myosin heavy chain 4,Rattus norvegicus,780,,hetero,107.99,6,1,8zbm
29 Details,8zbm_F,Tropomyosin beta chain,Rattus norvegicus,166,,8zbm_N,Myosin heavy chain 4,Rattus norvegicus,780,,hetero,142.61,11,1,8zbm
1 Details,9q7n_A,"Actin, alpha skeletal muscle",Oryctolagus cuniculus,376,,9q7n_B,"Actin, alpha skeletal muscle",Oryctolagus cuniculus,376,,homo,374.94,32,1,9q7n
2 Details,9q7n_A,"Actin, alpha skeletal muscle",Oryctolagus cuniculus,376,,9q7n_C,"Actin, alpha skeletal muscle",Oryctolagus cuniculus,376,,homo,404.36,36,1,9q7n
3 Details,9q7n_A,"Actin, alpha skeletal muscle",Oryctolagus cuniculus,376,,9q7n_a,Cofilin-2,Homo sapiens,166,,hetero,1086.9,95,1,9q7n
4 Details,9q7n_B,"Actin, alpha skeletal muscle",Oryctolagus cuniculus,376,,9q7n_C,"Actin, alpha skeletal muscle",Oryctolagus cuniculus,376,,homo,362.45,32,1,9q7n
5 Details,9q7n_B,"Actin, alpha skeletal muscle",Oryctolagus cuniculus,376,,9q7n_D,"Actin, alpha skeletal muscle",Oryctolagus cuniculus,376,,homo,400.31,35,1,9q7n
6 Details,9q7n_B,"Actin, alpha skeletal muscle",Oryctolagus cuniculus,376,,9q7n_b,Cofilin-2,Homo sapiens,166,,hetero,1164.99,96,1,9q7n
7 Details,9q7n_C,"Actin, alpha skeletal muscle",Oryctolagus cuniculus,376,,9q7n_D,"Actin, alpha skeletal muscle",Oryctolagus cuniculus,376,,homo,350.41,31,1,9q7n
8 Details,9q7n_C,"Actin, alpha skeletal muscle",Oryctolagus cuniculus,376,,9q7n_E,"Actin, alpha skeletal muscle",Oryctolagus cuniculus,376,,homo,411.78,36,1,9q7n
9 Details,9q7n_C,"Actin, alpha skeletal muscle",Oryctolagus cuniculus,376,,9q7n_a,Cofilin-2,Homo sapiens,166,,hetero,706.97,59,1,9q7n
10 Details,9q7n_C,"Actin, alpha skeletal muscle",Oryctolagus cuniculus,376,,9q7n_c,Cofilin-2,Homo sapiens,166,,hetero,1053.41,92,1,9q7n
11 Details,9q7n_D,"Actin, alpha skeletal muscle",Oryctolagus cuniculus,376,,9q7n_E,"Actin, alpha skeletal muscle",Oryctolagus cuniculus,376,,homo,356.89,29,1,9q7n
12 Details,9q7n_D,"Actin, alpha skeletal muscle",Oryctolagus cuniculus,376,,9q7n_b,Cofilin-2,Homo sapiens,166,,hetero,716.83,60,1,9q7n
13 Details,9q7n_D,"Actin, alpha skeletal muscle",Oryctolagus cuniculus,376,,9q7n_d,Cofilin-2,Homo sapiens,166,,hetero,1105.85,92,1,9q7n
14 Details,9q7n_E,"Actin, alpha skeletal muscle",Oryctolagus cuniculus,376,,9q7n_c,Cofilin-2,Homo sapiens,166,,hetero,684.14,57,1,9q7n
15 Details,9q7n_E,"Actin, alpha skeletal muscle",Oryctolagus cuniculus,376,,9q7n_e,Cofilin-2,Homo sapiens,166,,hetero,1094.82,91,1,9q7n
1 Details,9qey_A,"Actin, cytoplasmic 1, N-terminally processed",Homo sapiens,374,,9qey_B,"Actin, cytoplasmic 1, N-terminally processed",Homo sapiens,374,,homo,389.49,34,1,9qey
2 Details,9qey_A,"Actin, cytoplasmic 1, N-terminally processed",Homo sapiens,374,,9qey_C,"Actin, cytoplasmic 1, N-terminally processed",Homo sapiens,374,,homo,1164.67,92,1,9qey
3 Details,9qey_A,"Actin, cytoplasmic 1, N-terminally processed",Homo sapiens,374,,9qey_H,"Coronin-1B,Methylated-DNA--protein-cysteine methyltransferase",Homo sapiens,688,,hetero,400.8,36,1,9qey
4 Details,9qey_B,"Actin, cytoplasmic 1, N-terminally processed",Homo sapiens,374,,9qey_C,"Actin, cytoplasmic 1, N-terminally processed",Homo sapiens,374,,homo,381.85,32,1,9qey
5 Details,9qey_B,"Actin, cytoplasmic 1, N-terminally processed",Homo sapiens,374,,9qey_D,"Actin, cytoplasmic 1, N-terminally processed",Homo sapiens,374,,homo,1193.08,98,1,9qey
6 Details,9qey_C,"Actin, cytoplasmic 1, N-terminally processed",Homo sapiens,374,,9qey_D,"Actin, cytoplasmic 1, N-terminally processed",Homo sapiens,374,,homo,376.54,31,1,9qey
7 Details,9qey_C,"Actin, cytoplasmic 1, N-terminally processed",Homo sapiens,374,,9qey_E,"Actin, cytoplasmic 1, N-terminally processed",Homo sapiens,374,,homo,1183.51,93,1,9qey
8 Details,9qey_C,"Actin, cytoplasmic 1, N-terminally processed",Homo sapiens,374,,9qey_H,"Coronin-1B,Methylated-DNA--protein-cysteine methyltransferase",Homo sapiens,688,,hetero,641.42,61,1,9qey
9 Details,9qey_D,"Actin, cytoplasmic 1, N-terminally processed",Homo sapiens,374,,9qey_E,"Actin, cytoplasmic 1, N-terminally processed",Homo sapiens,374,,homo,371.87,30,1,9qey
1 Details,8a2r_C,"Actin, alpha skeletal muscle",Oryctolagus cuniculus,375,,8a2r_A,"Actin, alpha skeletal muscle",Oryctolagus cuniculus,375,,homo,1054.06,86,1,8a2r
2 Details,8a2r_C,"Actin, alpha skeletal muscle",Oryctolagus cuniculus,375,,8a2r_B,"Actin, alpha skeletal muscle",Oryctolagus cuniculus,375,,homo,433.79,35,1,8a2r
3 Details,8a2r_C,"Actin, alpha skeletal muscle",Oryctolagus cuniculus,375,,8a2r_D,"Actin, alpha skeletal muscle",Oryctolagus cuniculus,375,,homo,436.11,36,1,8a2r
4 Details,8a2r_C,"Actin, alpha skeletal muscle",Oryctolagus cuniculus,375,,8a2r_E,"Actin, alpha skeletal muscle",Oryctolagus cuniculus,375,,homo,1068.28,88,1,8a2r
5 Details,8a2r_A,"Actin, alpha skeletal muscle",Oryctolagus cuniculus,375,,8a2r_B,"Actin, alpha skeletal muscle",Oryctolagus cuniculus,375,,homo,456.8,37,1,8a2r
6 Details,8a2r_B,"Actin, alpha skeletal muscle",Oryctolagus cuniculus,375,,8a2r_D,"Actin, alpha skeletal muscle",Oryctolagus cuniculus,375,,homo,1053.91,88,1,8a2r
7 Details,8a2r_D,"Actin, alpha skeletal muscle",Oryctolagus cuniculus,375,,8a2r_E,"Actin, alpha skeletal muscle",Oryctolagus cuniculus,375,,homo,421.81,34,1,8a2r
1 Details,7q8s_A,Actin,Leishmania major,376,,7q8s_B,ADF/Cofilin,Leishmania major,138,,hetero,956.12,86,1,7q8s
2 Details,7q8s_A,Actin,Leishmania major,376,,7q8s_C,Actin,Leishmania major,376,,homo,300.71,28,1,7q8s
3 Details,7q8s_A,Actin,Leishmania major,376,,7q8s_G,ADF/Cofilin,Leishmania major,138,,hetero,636.42,56,1,7q8s
4 Details,7q8s_A,Actin,Leishmania major,376,,7q8s_D,Actin,Leishmania major,376,,homo,432.38,45,1,7q8s
5 Details,7q8s_A,Actin,Leishmania major,376,,7q8s_E,Actin,Leishmania major,376,,homo,432.4,45,1,7q8s
6 Details,7q8s_A,Actin,Leishmania major,376,,7q8s_F,Actin,Leishmania major,376,,homo,300.7,28,1,7q8s
7 Details,7q8s_B,ADF/Cofilin,Leishmania major,138,,7q8s_F,Actin,Leishmania major,376,,hetero,636.39,56,1,7q8s
8 Details,7q8s_C,Actin,Leishmania major,376,,7q8s_G,ADF/Cofilin,Leishmania major,138,,hetero,956.15,86,1,7q8s
9 Details,7q8s_C,Actin,Leishmania major,376,,7q8s_D,Actin,Leishmania major,376,,homo,432.4,45,1,7q8s
10 Details,7q8s_D,Actin,Leishmania major,376,,7q8s_H,ADF/Cofilin,Leishmania major,138,,hetero,956.11,86,1,7q8s
11 Details,7q8s_D,Actin,Leishmania major,376,,7q8s_E,Actin,Leishmania major,376,,homo,300.7,28,1,7q8s
12 Details,7q8s_H,ADF/Cofilin,Leishmania major,138,,7q8s_E,Actin,Leishmania major,376,,hetero,636.41,56,1,7q8s
13 Details,7q8s_E,Actin,Leishmania major,376,,7q8s_I,ADF/Cofilin,Leishmania major,138,,hetero,956.13,86,1,7q8s
14 Details,7q8s_E,Actin,Leishmania major,376,,7q8s_F,Actin,Leishmania major,376,,homo,432.35,45,1,7q8s
15 Details,7q8s_F,Actin,Leishmania major,376,,7q8s_J,ADF/Cofilin,Leishmania major,138,,hetero,956.13,86,1,7q8s
1 Details,9q7m_A,"Actin, alpha skeletal muscle",Oryctolagus cuniculus,376,,9q7m_B,"Actin, alpha skeletal muscle",Oryctolagus cuniculus,376,,homo,302.11,28,1,9q7m
2 Details,9q7m_A,"Actin, alpha skeletal muscle",Oryctolagus cuniculus,376,,9q7m_C,"Actin, alpha skeletal muscle",Oryctolagus cuniculus,376,,homo,390.31,35,1,9q7m
3 Details,9q7m_A,"Actin, alpha skeletal muscle",Oryctolagus cuniculus,376,,9q7m_a,Cofilin-2,Homo sapiens,166,,hetero,1116.15,92,1,9q7m
4 Details,9q7m_B,"Actin, alpha skeletal muscle",Oryctolagus cuniculus,376,,9q7m_C,"Actin, alpha skeletal muscle",Oryctolagus cuniculus,376,,homo,315.22,28,1,9q7m
5 Details,9q7m_B,"Actin, alpha skeletal muscle",Oryctolagus cuniculus,376,,9q7m_D,"Actin, alpha skeletal muscle",Oryctolagus cuniculus,376,,homo,397.2,36,1,9q7m
6 Details,9q7m_B,"Actin, alpha skeletal muscle",Oryctolagus cuniculus,376,,9q7m_b,Cofilin-2,Homo sapiens,166,,hetero,1082.96,94,1,9q7m
7 Details,9q7m_C,"Actin, alpha skeletal muscle",Oryctolagus cuniculus,376,,9q7m_D,"Actin, alpha skeletal muscle",Oryctolagus cuniculus,376,,homo,323.67,28,1,9q7m
8 Details,9q7m_C,"Actin, alpha skeletal muscle",Oryctolagus cuniculus,376,,9q7m_E,"Actin, alpha skeletal muscle",Oryctolagus cuniculus,376,,homo,377.9,35,1,9q7m
9 Details,9q7m_C,"Actin, alpha skeletal muscle",Oryctolagus cuniculus,376,,9q7m_a,Cofilin-2,Homo sapiens,166,,hetero,686.27,58,1,9q7m
10 Details,9q7m_C,"Actin, alpha skeletal muscle",Oryctolagus cuniculus,376,,9q7m_c,Cofilin-2,Homo sapiens,166,,hetero,1113.91,90,1,9q7m
11 Details,9q7m_D,"Actin, alpha skeletal muscle",Oryctolagus cuniculus,376,,9q7m_E,"Actin, alpha skeletal muscle",Oryctolagus cuniculus,376,,homo,319.87,29,1,9q7m
12 Details,9q7m_D,"Actin, alpha skeletal muscle",Oryctolagus cuniculus,376,,9q7m_b,Cofilin-2,Homo sapiens,166,,hetero,679.89,57,1,9q7m
13 Details,9q7m_D,"Actin, alpha skeletal muscle",Oryctolagus cuniculus,376,,9q7m_d,Cofilin-2,Homo sapiens,166,,hetero,1164.01,96,1,9q7m
14 Details,9q7m_E,"Actin, alpha skeletal muscle",Oryctolagus cuniculus,376,,9q7m_c,Cofilin-2,Homo sapiens,166,,hetero,676.41,56,1,9q7m
1 Details,9duv_A,"Actin, alpha skeletal muscle",Homo sapiens,375,,9duv_B,"Actin, alpha skeletal muscle",Homo sapiens,375,,homo,445.09,41,1,9duv
2 Details,9duv_A,"Actin, alpha skeletal muscle",Homo sapiens,375,,9duv_C,"Actin, alpha skeletal muscle",Homo sapiens,375,,homo,1240.18,101,1,9duv
5 Details,9duv_B,"Actin, alpha skeletal muscle",Homo sapiens,375,,9duv_C,"Actin, alpha skeletal muscle",Homo sapiens,375,,homo,448.77,38,1,9duv
6 Details,9duv_B,"Actin, alpha skeletal muscle",Homo sapiens,375,,9duv_D,"Actin, alpha skeletal muscle",Homo sapiens,375,,homo,1213.94,100,1,9duv
9 Details,9duv_C,"Actin, alpha skeletal muscle",Homo sapiens,375,,9duv_D,"Actin, alpha skeletal muscle",Homo sapiens,375,,homo,430.06,38,1,9duv
10 Details,9duv_C,"Actin, alpha skeletal muscle",Homo sapiens,375,,9duv_E,"Actin, alpha skeletal muscle",Homo sapiens,375,,homo,1224.26,101,1,9duv
13 Details,9duv_D,"Actin, alpha skeletal muscle",Homo sapiens,375,,9duv_E,"Actin, alpha skeletal muscle",Homo sapiens,375,,homo,424.18,37,1,9duv
14 Details,9duv_D,"Actin, alpha skeletal muscle",Homo sapiens,375,,9duv_F,"Actin, alpha skeletal muscle",Homo sapiens,375,,homo,1222.96,104,1,9duv
17 Details,9duv_E,"Actin, alpha skeletal muscle",Homo sapiens,375,,9duv_F,"Actin, alpha skeletal muscle",Homo sapiens,375,,homo,447.11,35,1,9duv
1 Details,9qew_C,"Actin, cytoplasmic 1, N-terminally processed",Homo sapiens,374,,9qew_A,"Actin, cytoplasmic 1, N-terminally processed",Homo sapiens,374,,homo,1191.68,94,1,9qew
2 Details,9qew_C,"Actin, cytoplasmic 1, N-terminally processed",Homo sapiens,374,,9qew_B,"Actin, cytoplasmic 1, N-terminally processed",Homo sapiens,374,,homo,371.6,30,1,9qew
3 Details,9qew_C,"Actin, cytoplasmic 1, N-terminally processed",Homo sapiens,374,,9qew_D,"Actin, cytoplasmic 1, N-terminally processed",Homo sapiens,374,,homo,376.77,30,1,9qew
4 Details,9qew_C,"Actin, cytoplasmic 1, N-terminally processed",Homo sapiens,374,,9qew_E,"Actin, cytoplasmic 1, N-terminally processed",Homo sapiens,374,,homo,1188.7,93,1,9qew
5 Details,9qew_A,"Actin, cytoplasmic 1, N-terminally processed",Homo sapiens,374,,9qew_B,"Actin, cytoplasmic 1, N-terminally processed",Homo sapiens,374,,homo,371.97,30,1,9qew
6 Details,9qew_B,"Actin, cytoplasmic 1, N-terminally processed",Homo sapiens,374,,9qew_D,"Actin, cytoplasmic 1, N-terminally processed",Homo sapiens,374,,homo,1185.84,93,1,9qew
7 Details,9qew_D,"Actin, cytoplasmic 1, N-terminally processed",Homo sapiens,374,,9qew_E,"Actin, cytoplasmic 1, N-terminally processed",Homo sapiens,374,,homo,370.77,30,1,9qew
1 Details,7q8c_A,Actin,Leishmania major,376,,7q8c_B,Actin,Leishmania major,376,,homo,1115.93,91,1,7q8c
2 Details,7q8c_A,Actin,Leishmania major,376,,7q8c_C,Actin,Leishmania major,376,,homo,386.6,32,1,7q8c
3 Details,7q8c_A,Actin,Leishmania major,376,,7q8c_D,Actin,Leishmania major,376,,homo,386.59,32,1,7q8c
4 Details,7q8c_A,Actin,Leishmania major,376,,7q8c_E,Actin,Leishmania major,376,,homo,1115.91,91,1,7q8c
5 Details,7q8c_B,Actin,Leishmania major,376,,7q8c_C,Actin,Leishmania major,376,,homo,386.58,32,1,7q8c
6 Details,7q8c_C,Actin,Leishmania major,376,,7q8c_D,Actin,Leishmania major,376,,homo,1115.94,91,1,7q8c
7 Details,7q8c_D,Actin,Leishmania major,376,,7q8c_E,Actin,Leishmania major,376,,homo,386.58,32,1,7q8c
1 Details,6djm_A,"Actin, alpha skeletal muscle",Gallus gallus,375,,6djm_B,"Actin, alpha skeletal muscle",Gallus gallus,375,,homo,432.06,38,1,6djm
2 Details,6djm_A,"Actin, alpha skeletal muscle",Gallus gallus,375,,6djm_C,"Actin, alpha skeletal muscle",Gallus gallus,375,,homo,1216.84,106,1,6djm
3 Details,6djm_B,"Actin, alpha skeletal muscle",Gallus gallus,375,,6djm_C,"Actin, alpha skeletal muscle",Gallus gallus,375,,homo,432.24,37,1,6djm
4 Details,6djm_B,"Actin, alpha skeletal muscle",Gallus gallus,375,,6djm_D,"Actin, alpha skeletal muscle",Gallus gallus,375,,homo,1217.01,106,1,6djm
5 Details,6djm_C,"Actin, alpha skeletal muscle",Gallus gallus,375,,6djm_D,"Actin, alpha skeletal muscle",Gallus gallus,375,,homo,432.61,37,1,6djm
1 Details,9q7l_A,"Actin, alpha skeletal muscle",Oryctolagus cuniculus,376,,9q7l_B,"Actin, alpha skeletal muscle",Oryctolagus cuniculus,376,,homo,330.83,30,1,9q7l
2 Details,9q7l_A,"Actin, alpha skeletal muscle",Oryctolagus cuniculus,376,,9q7l_C,"Actin, alpha skeletal muscle",Oryctolagus cuniculus,376,,homo,408.05,34,1,9q7l
3 Details,9q7l_A,"Actin, alpha skeletal muscle",Oryctolagus cuniculus,376,,9q7l_a,Cofilin-2,Homo sapiens,166,,hetero,1030.75,88,1,9q7l
4 Details,9q7l_B,"Actin, alpha skeletal muscle",Oryctolagus cuniculus,376,,9q7l_C,"Actin, alpha skeletal muscle",Oryctolagus cuniculus,376,,homo,316.98,27,1,9q7l
5 Details,9q7l_B,"Actin, alpha skeletal muscle",Oryctolagus cuniculus,376,,9q7l_D,"Actin, alpha skeletal muscle",Oryctolagus cuniculus,376,,homo,362.21,31,1,9q7l
6 Details,9q7l_B,"Actin, alpha skeletal muscle",Oryctolagus cuniculus,376,,9q7l_b,Cofilin-2,Homo sapiens,166,,hetero,1077.9,96,1,9q7l
7 Details,9q7l_C,"Actin, alpha skeletal muscle",Oryctolagus cuniculus,376,,9q7l_D,"Actin, alpha skeletal muscle",Oryctolagus cuniculus,376,,homo,312.92,32,1,9q7l
8 Details,9q7l_C,"Actin, alpha skeletal muscle",Oryctolagus cuniculus,376,,9q7l_E,"Actin, alpha skeletal muscle",Oryctolagus cuniculus,376,,homo,393.95,34,1,9q7l
9 Details,9q7l_C,"Actin, alpha skeletal muscle",Oryctolagus cuniculus,376,,9q7l_a,Cofilin-2,Homo sapiens,166,,hetero,660.7,54,1,9q7l
10 Details,9q7l_C,"Actin, alpha skeletal muscle",Oryctolagus cuniculus,376,,9q7l_c,Cofilin-2,Homo sapiens,166,,hetero,1085.58,89,1,9q7l
11 Details,9q7l_D,"Actin, alpha skeletal muscle",Oryctolagus cuniculus,376,,9q7l_E,"Actin, alpha skeletal muscle",Oryctolagus cuniculus,376,,homo,337.27,25,1,9q7l
12 Details,9q7l_D,"Actin, alpha skeletal muscle",Oryctolagus cuniculus,376,,9q7l_b,Cofilin-2,Homo sapiens,166,,hetero,634.6,52,1,9q7l
13 Details,9q7l_E,"Actin, alpha skeletal muscle",Oryctolagus cuniculus,376,,9q7l_c,Cofilin-2,Homo sapiens,166,,hetero,632.67,52,1,9q7l
1 Details,9b3d_A,"Actin, alpha skeletal muscle",Oryctolagus cuniculus,371,,9b3d_B,"Actin, alpha skeletal muscle",Oryctolagus cuniculus,371,,homo,468.16,43,1,9b3d
2 Details,9b3d_A,"Actin, alpha skeletal muscle",Oryctolagus cuniculus,371,,9b3d_C,"Actin, alpha skeletal muscle",Oryctolagus cuniculus,371,,homo,1165.27,91,1,9b3d
3 Details,9b3d_B,"Actin, alpha skeletal muscle",Oryctolagus cuniculus,371,,9b3d_C,"Actin, alpha skeletal muscle",Oryctolagus cuniculus,371,,homo,437.58,35,1,9b3d
4 Details,9b3d_B,"Actin, alpha skeletal muscle",Oryctolagus cuniculus,371,,9b3d_D,"Actin, alpha skeletal muscle",Oryctolagus cuniculus,371,,homo,1176.43,95,1,9b3d
5 Details,9b3d_B,"Actin, alpha skeletal muscle",Oryctolagus cuniculus,371,,9b3d_H,Protein diaphanous homolog 1,Mus musculus,399,,hetero,461.67,37,1,9b3d
6 Details,9b3d_C,"Actin, alpha skeletal muscle",Oryctolagus cuniculus,371,,9b3d_D,"Actin, alpha skeletal muscle",Oryctolagus cuniculus,371,,homo,414.44,34,1,9b3d
7 Details,9b3d_C,"Actin, alpha skeletal muscle",Oryctolagus cuniculus,371,,9b3d_E,"Actin, alpha skeletal muscle",Oryctolagus cuniculus,371,,homo,1170.52,94,1,9b3d
8 Details,9b3d_C,"Actin, alpha skeletal muscle",Oryctolagus cuniculus,371,,9b3d_G,Protein diaphanous homolog 1,Mus musculus,399,,hetero,577.22,49,1,9b3d
9 Details,9b3d_D,"Actin, alpha skeletal muscle",Oryctolagus cuniculus,371,,9b3d_E,"Actin, alpha skeletal muscle",Oryctolagus cuniculus,371,,homo,401.97,32,1,9b3d
10 Details,9b3d_D,"Actin, alpha skeletal muscle",Oryctolagus cuniculus,371,,9b3d_F,"Actin, alpha skeletal muscle",Oryctolagus cuniculus,371,,homo,1175.74,97,1,9b3d
11 Details,9b3d_D,"Actin, alpha skeletal muscle",Oryctolagus cuniculus,371,,9b3d_H,Protein diaphanous homolog 1,Mus musculus,399,,hetero,161.99,14,1,9b3d
12 Details,9b3d_E,"Actin, alpha skeletal muscle",Oryctolagus cuniculus,371,,9b3d_F,"Actin, alpha skeletal muscle",Oryctolagus cuniculus,371,,homo,386.14,31,1,9b3d
13 Details,9b3d_E,"Actin, alpha skeletal muscle",Oryctolagus cuniculus,371,,9b3d_G,Protein diaphanous homolog 1,Mus musculus,399,,hetero,192.7,16,1,9b3d
14 Details,9b3d_G,Protein diaphanous homolog 1,Mus musculus,399,,9b3d_H,Protein diaphanous homolog 1,Mus musculus,399,,homo,3879.18,320,1,9b3d
1 Details,7q8b_A,Actin,Leishmania major,376,,7q8b_B,Actin,Leishmania major,376,,homo,1082.56,91,1,7q8b
2 Details,7q8b_A,Actin,Leishmania major,376,,7q8b_C,Actin,Leishmania major,376,,homo,447.22,49,1,7q8b
3 Details,7q8b_A,Actin,Leishmania major,376,,7q8b_D,Actin,Leishmania major,376,,homo,447.23,49,1,7q8b
4 Details,7q8b_A,Actin,Leishmania major,376,,7q8b_E,Actin,Leishmania major,376,,homo,1082.6,91,1,7q8b
5 Details,7q8b_B,Actin,Leishmania major,376,,7q8b_C,Actin,Leishmania major,376,,homo,447.25,49,1,7q8b
6 Details,7q8b_C,Actin,Leishmania major,376,,7q8b_D,Actin,Leishmania major,376,,homo,1082.61,91,1,7q8b
7 Details,7q8b_D,Actin,Leishmania major,376,,7q8b_E,Actin,Leishmania major,376,,homo,447.22,49,1,7q8b
1 Details,6djn_A,"Actin, alpha skeletal muscle",Gallus gallus,375,,6djn_B,"Actin, alpha skeletal muscle",Gallus gallus,375,,homo,433.17,38,1,6djn
2 Details,6djn_A,"Actin, alpha skeletal muscle",Gallus gallus,375,,6djn_C,"Actin, alpha skeletal muscle",Gallus gallus,375,,homo,1172.07,100,1,6djn
3 Details,6djn_B,"Actin, alpha skeletal muscle",Gallus gallus,375,,6djn_C,"Actin, alpha skeletal muscle",Gallus gallus,375,,homo,424.53,36,1,6djn
4 Details,6djn_B,"Actin, alpha skeletal muscle",Gallus gallus,375,,6djn_D,"Actin, alpha skeletal muscle",Gallus gallus,375,,homo,1173.7,102,1,6djn
5 Details,6djn_C,"Actin, alpha skeletal muscle",Gallus gallus,375,,6djn_D,"Actin, alpha skeletal muscle",Gallus gallus,375,,homo,430.38,37,1,6djn
1 Details,9q7k_A,"Actin, alpha skeletal muscle",Oryctolagus cuniculus,376,,9q7k_B,"Actin, alpha skeletal muscle",Oryctolagus cuniculus,376,,homo,358.41,31,1,9q7k
2 Details,9q7k_A,"Actin, alpha skeletal muscle",Oryctolagus cuniculus,376,,9q7k_C,"Actin, alpha skeletal muscle",Oryctolagus cuniculus,376,,homo,399.69,32,1,9q7k
3 Details,9q7k_A,"Actin, alpha skeletal muscle",Oryctolagus cuniculus,376,,9q7k_a,Cofilin-2,Homo sapiens,166,,hetero,1096.91,90,1,9q7k
4 Details,9q7k_B,"Actin, alpha skeletal muscle",Oryctolagus cuniculus,376,,9q7k_C,"Actin, alpha skeletal muscle",Oryctolagus cuniculus,376,,homo,342.14,28,1,9q7k
5 Details,9q7k_B,"Actin, alpha skeletal muscle",Oryctolagus cuniculus,376,,9q7k_D,"Actin, alpha skeletal muscle",Oryctolagus cuniculus,376,,homo,408.77,38,1,9q7k
6 Details,9q7k_B,"Actin, alpha skeletal muscle",Oryctolagus cuniculus,376,,9q7k_b,Cofilin-2,Homo sapiens,166,,hetero,1074.1,90,1,9q7k
7 Details,9q7k_C,"Actin, alpha skeletal muscle",Oryctolagus cuniculus,376,,9q7k_D,"Actin, alpha skeletal muscle",Oryctolagus cuniculus,376,,homo,315.41,27,1,9q7k
8 Details,9q7k_C,"Actin, alpha skeletal muscle",Oryctolagus cuniculus,376,,9q7k_E,"Actin, alpha skeletal muscle",Oryctolagus cuniculus,376,,homo,392.75,33,1,9q7k
9 Details,9q7k_C,"Actin, alpha skeletal muscle",Oryctolagus cuniculus,376,,9q7k_a,Cofilin-2,Homo sapiens,166,,hetero,661.31,57,1,9q7k
10 Details,9q7k_C,"Actin, alpha skeletal muscle",Oryctolagus cuniculus,376,,9q7k_c,Cofilin-2,Homo sapiens,166,,hetero,1075.83,95,1,9q7k
11 Details,9q7k_D,"Actin, alpha skeletal muscle",Oryctolagus cuniculus,376,,9q7k_E,"Actin, alpha skeletal muscle",Oryctolagus cuniculus,376,,homo,334.16,27,1,9q7k
12 Details,9q7k_D,"Actin, alpha skeletal muscle",Oryctolagus cuniculus,376,,9q7k_b,Cofilin-2,Homo sapiens,166,,hetero,680.26,59,1,9q7k
13 Details,9q7k_D,"Actin, alpha skeletal muscle",Oryctolagus cuniculus,376,,9q7k_d,Cofilin-2,Homo sapiens,166,,hetero,1055.89,89,1,9q7k
14 Details,9q7k_E,"Actin, alpha skeletal muscle",Oryctolagus cuniculus,376,,9q7k_c,Cofilin-2,Homo sapiens,166,,hetero,676.84,59,1,9q7k
15 Details,9q7k_E,"Actin, alpha skeletal muscle",Oryctolagus cuniculus,376,,9q7k_e,Cofilin-2,Homo sapiens,166,,hetero,1066.47,92,1,9q7k
1 Details,9b27_A,"Actin, alpha skeletal muscle",Oryctolagus cuniculus,371,,9b27_B,"Actin, alpha skeletal muscle",Oryctolagus cuniculus,371,,homo,430.04,32,1,9b27
2 Details,9b27_A,"Actin, alpha skeletal muscle",Oryctolagus cuniculus,371,,9b27_C,"Actin, alpha skeletal muscle",Oryctolagus cuniculus,371,,homo,1156.33,93,1,9b27
3 Details,9b27_B,"Actin, alpha skeletal muscle",Oryctolagus cuniculus,371,,9b27_C,"Actin, alpha skeletal muscle",Oryctolagus cuniculus,371,,homo,451.65,36,1,9b27
4 Details,9b27_B,"Actin, alpha skeletal muscle",Oryctolagus cuniculus,371,,9b27_D,"Actin, alpha skeletal muscle",Oryctolagus cuniculus,371,,homo,1179.14,95,1,9b27
5 Details,9b27_C,"Actin, alpha skeletal muscle",Oryctolagus cuniculus,371,,9b27_D,"Actin, alpha skeletal muscle",Oryctolagus cuniculus,371,,homo,434.36,34,1,9b27
6 Details,9b27_C,"Actin, alpha skeletal muscle",Oryctolagus cuniculus,371,,9b27_E,"Actin, alpha skeletal muscle",Oryctolagus cuniculus,371,,homo,1182.5,92,1,9b27
7 Details,9b27_D,"Actin, alpha skeletal muscle",Oryctolagus cuniculus,371,,9b27_E,"Actin, alpha skeletal muscle",Oryctolagus cuniculus,371,,homo,427.72,33,1,9b27
8 Details,9b27_D,"Actin, alpha skeletal muscle",Oryctolagus cuniculus,371,,9b27_F,"Actin, alpha skeletal muscle",Oryctolagus cuniculus,371,,homo,1168.64,96,1,9b27
9 Details,9b27_E,"Actin, alpha skeletal muscle",Oryctolagus cuniculus,371,,9b27_F,"Actin, alpha skeletal muscle",Oryctolagus cuniculus,371,,homo,415.18,33,1,9b27
10 Details,9b27_E,"Actin, alpha skeletal muscle",Oryctolagus cuniculus,371,,9b27_G,Protein diaphanous homolog 1,Mus musculus,422,,hetero,1001.44,85,1,9b27
11 Details,9b27_F,"Actin, alpha skeletal muscle",Oryctolagus cuniculus,371,,9b27_G,Protein diaphanous homolog 1,Mus musculus,422,,hetero,194.56,17,1,9b27
12 Details,9b27_F,"Actin, alpha skeletal muscle",Oryctolagus cuniculus,371,,9b27_H,Protein diaphanous homolog 1,Mus musculus,422,,hetero,879.62,77,1,9b27
13 Details,9b27_G,Protein diaphanous homolog 1,Mus musculus,422,,9b27_H,Protein diaphanous homolog 1,Mus musculus,422,,homo,4280.23,349,1,9b27
1 Details,6djo_A,"Actin, alpha skeletal muscle",Gallus gallus,375,,6djo_B,"Actin, alpha skeletal muscle",Gallus gallus,375,,homo,465.44,40,1,6djo
2 Details,6djo_A,"Actin, alpha skeletal muscle",Gallus gallus,375,,6djo_C,"Actin, alpha skeletal muscle",Gallus gallus,375,,homo,1182.83,103,1,6djo
3 Details,6djo_B,"Actin, alpha skeletal muscle",Gallus gallus,375,,6djo_C,"Actin, alpha skeletal muscle",Gallus gallus,375,,homo,462.03,39,1,6djo
4 Details,6djo_B,"Actin, alpha skeletal muscle",Gallus gallus,375,,6djo_D,"Actin, alpha skeletal muscle",Gallus gallus,375,,homo,1184.08,102,1,6djo
5 Details,6djo_C,"Actin, alpha skeletal muscle",Gallus gallus,375,,6djo_D,"Actin, alpha skeletal muscle",Gallus gallus,375,,homo,468.76,40,1,6djo
1 Details,9fjm_A,"Actin, cytoplasmic 1, N-terminally processed",Homo sapiens,374,,9fjm_B,"Actin, cytoplasmic 1, N-terminally processed",Homo sapiens,374,,homo,419.26,35,1,9fjm
2 Details,9fjm_A,"Actin, cytoplasmic 1, N-terminally processed",Homo sapiens,374,,9fjm_C,"Actin, cytoplasmic 1, N-terminally processed",Homo sapiens,374,,homo,1136.74,98,1,9fjm
4 Details,9fjm_B,"Actin, cytoplasmic 1, N-terminally processed",Homo sapiens,374,,9fjm_C,"Actin, cytoplasmic 1, N-terminally processed",Homo sapiens,374,,homo,442.19,40,1,9fjm
5 Details,9fjm_B,"Actin, cytoplasmic 1, N-terminally processed",Homo sapiens,374,,9fjm_D,"Actin, cytoplasmic 1, N-terminally processed",Homo sapiens,374,,homo,1178.07,92,1,9fjm
8 Details,9fjm_C,"Actin, cytoplasmic 1, N-terminally processed",Homo sapiens,374,,9fjm_D,"Actin, cytoplasmic 1, N-terminally processed",Homo sapiens,374,,homo,386.92,29,1,9fjm
1 Details,7k20_A,"Actin, alpha skeletal muscle",Gallus gallus,375,,7k20_B,"Actin, alpha skeletal muscle",Gallus gallus,375,,homo,461.12,40,1,7k20
2 Details,7k20_A,"Actin, alpha skeletal muscle",Gallus gallus,375,,7k20_C,"Actin, alpha skeletal muscle",Gallus gallus,375,,homo,1067.9,91,1,7k20
3 Details,7k20_B,"Actin, alpha skeletal muscle",Gallus gallus,375,,7k20_C,"Actin, alpha skeletal muscle",Gallus gallus,375,,homo,458.67,40,1,7k20
4 Details,7k20_B,"Actin, alpha skeletal muscle",Gallus gallus,375,,7k20_D,"Actin, alpha skeletal muscle",Gallus gallus,375,,homo,1110.33,94,1,7k20
5 Details,7k20_C,"Actin, alpha skeletal muscle",Gallus gallus,375,,7k20_D,"Actin, alpha skeletal muscle",Gallus gallus,375,,homo,463.13,38,1,7k20
1 Details,9b0k_A,"Actin, alpha skeletal muscle",Oryctolagus cuniculus,371,,9b0k_B,"Actin, alpha skeletal muscle",Oryctolagus cuniculus,371,,homo,469.16,39,1,9b0k
2 Details,9b0k_A,"Actin, alpha skeletal muscle",Oryctolagus cuniculus,371,,9b0k_C,"Actin, alpha skeletal muscle",Oryctolagus cuniculus,371,,homo,1174.98,99,1,9b0k
3 Details,9b0k_A,"Actin, alpha skeletal muscle",Oryctolagus cuniculus,371,,9b0k_H,Inverted formin-2,Homo sapiens,437,,hetero,300.29,28,1,9b0k
4 Details,9b0k_B,"Actin, alpha skeletal muscle",Oryctolagus cuniculus,371,,9b0k_C,"Actin, alpha skeletal muscle",Oryctolagus cuniculus,371,,homo,448.23,37,1,9b0k
5 Details,9b0k_B,"Actin, alpha skeletal muscle",Oryctolagus cuniculus,371,,9b0k_D,"Actin, alpha skeletal muscle",Oryctolagus cuniculus,371,,homo,1142.52,100,1,9b0k
6 Details,9b0k_B,"Actin, alpha skeletal muscle",Oryctolagus cuniculus,371,,9b0k_G,Inverted formin-2,Homo sapiens,437,,hetero,316.18,25,1,9b0k
7 Details,9b0k_C,"Actin, alpha skeletal muscle",Oryctolagus cuniculus,371,,9b0k_D,"Actin, alpha skeletal muscle",Oryctolagus cuniculus,371,,homo,413.92,34,1,9b0k
8 Details,9b0k_C,"Actin, alpha skeletal muscle",Oryctolagus cuniculus,371,,9b0k_E,"Actin, alpha skeletal muscle",Oryctolagus cuniculus,371,,homo,1212.01,97,1,9b0k
9 Details,9b0k_C,"Actin, alpha skeletal muscle",Oryctolagus cuniculus,371,,9b0k_G,Inverted formin-2,Homo sapiens,437,,hetero,143.22,13,1,9b0k
10 Details,9b0k_C,"Actin, alpha skeletal muscle",Oryctolagus cuniculus,371,,9b0k_H,Inverted formin-2,Homo sapiens,437,,hetero,366.47,33,1,9b0k
11 Details,9b0k_D,"Actin, alpha skeletal muscle",Oryctolagus cuniculus,371,,9b0k_E,"Actin, alpha skeletal muscle",Oryctolagus cuniculus,371,,homo,386.71,31,1,9b0k
12 Details,9b0k_D,"Actin, alpha skeletal muscle",Oryctolagus cuniculus,371,,9b0k_F,"Actin, alpha skeletal muscle",Oryctolagus cuniculus,371,,homo,1181.68,98,1,9b0k
13 Details,9b0k_D,"Actin, alpha skeletal muscle",Oryctolagus cuniculus,371,,9b0k_G,Inverted formin-2,Homo sapiens,437,,hetero,239.61,17,1,9b0k
14 Details,9b0k_D,"Actin, alpha skeletal muscle",Oryctolagus cuniculus,371,,9b0k_H,Inverted formin-2,Homo sapiens,437,,hetero,589.51,48,1,9b0k
15 Details,9b0k_E,"Actin, alpha skeletal muscle",Oryctolagus cuniculus,371,,9b0k_F,"Actin, alpha skeletal muscle",Oryctolagus cuniculus,371,,homo,375.93,31,1,9b0k
16 Details,9b0k_E,"Actin, alpha skeletal muscle",Oryctolagus cuniculus,371,,9b0k_G,Inverted formin-2,Homo sapiens,437,,hetero,325.51,32,1,9b0k
17 Details,9b0k_G,Inverted formin-2,Homo sapiens,437,,9b0k_H,Inverted formin-2,Homo sapiens,437,,homo,4757.71,387,1,9b0k
1 Details,7k21_A,"Actin, alpha skeletal muscle",Gallus gallus,375,,7k21_B,"Actin, alpha skeletal muscle",Gallus gallus,375,,homo,446.71,40,1,7k21
2 Details,7k21_A,"Actin, alpha skeletal muscle",Gallus gallus,375,,7k21_C,"Actin, alpha skeletal muscle",Gallus gallus,375,,homo,1071.03,91,1,7k21
3 Details,7k21_B,"Actin, alpha skeletal muscle",Gallus gallus,375,,7k21_C,"Actin, alpha skeletal muscle",Gallus gallus,375,,homo,451.03,40,1,7k21
4 Details,7k21_B,"Actin, alpha skeletal muscle",Gallus gallus,375,,7k21_D,"Actin, alpha skeletal muscle",Gallus gallus,375,,homo,1124.47,91,1,7k21
5 Details,7k21_C,"Actin, alpha skeletal muscle",Gallus gallus,375,,7k21_D,"Actin, alpha skeletal muscle",Gallus gallus,375,,homo,453.28,40,1,7k21
1 Details,9m64_A,Actin-related protein 3,Bos taurus,418,,9m64_B,Actin-related protein 2,Bos taurus,394,,hetero,449.29,42,1,9m64
2 Details,9m64_A,Actin-related protein 3,Bos taurus,418,,9m64_D,Actin-related protein 2/3 complex subunit 2,Bos taurus,300,,hetero,1615.5,143,1,9m64
3 Details,9m64_A,Actin-related protein 3,Bos taurus,418,,9m64_E,Actin-related protein 2/3 complex subunit 3,Bos taurus,178,,hetero,943.76,67,1,9m64
4 Details,9m64_A,Actin-related protein 3,Bos taurus,418,,9m64_F,Actin-related protein 2/3 complex subunit 4,Bos taurus,168,,hetero,313.97,28,1,9m64
5 Details,9m64_A,Actin-related protein 3,Bos taurus,418,,9m64_I,"Actin, alpha skeletal muscle",Gallus gallus,377,,hetero,1415.49,126,1,9m64
6 Details,9m64_A,Actin-related protein 3,Bos taurus,418,,9m64_h,NCK-interacting protein with SH3 domain,Homo sapiens,454,,hetero,1149.28,84,1,9m64
7 Details,9m64_B,Actin-related protein 2,Bos taurus,394,,9m64_C,Actin-related protein 2/3 complex subunit 1B,Bos taurus,372,,hetero,440.06,34,1,9m64
8 Details,9m64_B,Actin-related protein 2,Bos taurus,394,,9m64_E,Actin-related protein 2/3 complex subunit 3,Bos taurus,178,,hetero,672.01,63,1,9m64
9 Details,9m64_B,Actin-related protein 2,Bos taurus,394,,9m64_F,Actin-related protein 2/3 complex subunit 4,Bos taurus,168,,hetero,795.81,78,1,9m64
10 Details,9m64_B,Actin-related protein 2,Bos taurus,394,,9m64_G,Actin-related protein 2/3 complex subunit 5,Bos taurus,151,,hetero,395.1,34,1,9m64
11 Details,9m64_B,Actin-related protein 2,Bos taurus,394,,9m64_I,"Actin, alpha skeletal muscle",Gallus gallus,377,,hetero,440.59,38,1,9m64
12 Details,9m64_B,Actin-related protein 2,Bos taurus,394,,9m64_J,"Actin, alpha skeletal muscle",Gallus gallus,377,,hetero,1074.52,94,1,9m64
13 Details,9m64_C,Actin-related protein 2/3 complex subunit 1B,Bos taurus,372,,9m64_F,Actin-related protein 2/3 complex subunit 4,Bos taurus,168,,hetero,934.84,82,1,9m64
14 Details,9m64_C,Actin-related protein 2/3 complex subunit 1B,Bos taurus,372,,9m64_G,Actin-related protein 2/3 complex subunit 5,Bos taurus,151,,hetero,412.67,41,1,9m64
15 Details,9m64_D,Actin-related protein 2/3 complex subunit 2,Bos taurus,300,,9m64_F,Actin-related protein 2/3 complex subunit 4,Bos taurus,168,,hetero,2118.84,148,1,9m64
16 Details,9m64_D,Actin-related protein 2/3 complex subunit 2,Bos taurus,300,,9m64_H,NCK-interacting protein with SH3 domain,Homo sapiens,454,,hetero,280.91,22,1,9m64
17 Details,9m64_E,Actin-related protein 2/3 complex subunit 3,Bos taurus,178,,9m64_h,NCK-interacting protein with SH3 domain,Homo sapiens,454,,hetero,490.22,43,1,9m64
18 Details,9m64_F,Actin-related protein 2/3 complex subunit 4,Bos taurus,168,,9m64_G,Actin-related protein 2/3 complex subunit 5,Bos taurus,151,,hetero,929.77,78,1,9m64
19 Details,9m64_F,Actin-related protein 2/3 complex subunit 4,Bos taurus,168,,9m64_H,NCK-interacting protein with SH3 domain,Homo sapiens,454,,hetero,910.1,71,1,9m64
20 Details,9m64_G,Actin-related protein 2/3 complex subunit 5,Bos taurus,151,,9m64_H,NCK-interacting protein with SH3 domain,Homo sapiens,454,,hetero,102.14,8,1,9m64
21 Details,9m64_H,NCK-interacting protein with SH3 domain,Homo sapiens,454,,9m64_a,Actin-related protein 3,Bos taurus,418,,hetero,1141.39,88,1,9m64
22 Details,9m64_H,NCK-interacting protein with SH3 domain,Homo sapiens,454,,9m64_e,Actin-related protein 2/3 complex subunit 3,Bos taurus,178,,hetero,290.63,24,1,9m64
23 Details,9m64_H,NCK-interacting protein with SH3 domain,Homo sapiens,454,,9m64_h,NCK-interacting protein with SH3 domain,Homo sapiens,454,,homo,1040.27,88,1,9m64
24 Details,9m64_I,"Actin, alpha skeletal muscle",Gallus gallus,377,,9m64_J,"Actin, alpha skeletal muscle",Gallus gallus,377,,homo,332.11,32,1,9m64
25 Details,9m64_I,"Actin, alpha skeletal muscle",Gallus gallus,377,,9m64_K,"Actin, alpha skeletal muscle",Gallus gallus,377,,homo,1211.29,99,1,9m64
26 Details,9m64_J,"Actin, alpha skeletal muscle",Gallus gallus,377,,9m64_K,"Actin, alpha skeletal muscle",Gallus gallus,377,,homo,433.54,42,1,9m64
27 Details,9m64_J,"Actin, alpha skeletal muscle",Gallus gallus,377,,9m64_L,"Actin, alpha skeletal muscle",Gallus gallus,377,,homo,839.3,80,1,9m64
28 Details,9m64_K,"Actin, alpha skeletal muscle",Gallus gallus,377,,9m64_L,"Actin, alpha skeletal muscle",Gallus gallus,377,,homo,235.02,23,1,9m64
29 Details,9m64_a,Actin-related protein 3,Bos taurus,418,,9m64_b,Actin-related protein 2,Bos taurus,394,,hetero,426.41,40,1,9m64
30 Details,9m64_a,Actin-related protein 3,Bos taurus,418,,9m64_d,Actin-related protein 2/3 complex subunit 2,Bos taurus,300,,hetero,1600.9,139,1,9m64
31 Details,9m64_a,Actin-related protein 3,Bos taurus,418,,9m64_e,Actin-related protein 2/3 complex subunit 3,Bos taurus,178,,hetero,917.73,61,1,9m64
32 Details,9m64_a,Actin-related protein 3,Bos taurus,418,,9m64_f,Actin-related protein 2/3 complex subunit 4,Bos taurus,168,,hetero,270.23,22,1,9m64
33 Details,9m64_a,Actin-related protein 3,Bos taurus,418,,9m64_i,"Actin, alpha skeletal muscle",Gallus gallus,377,,hetero,1369.27,125,1,9m64
34 Details,9m64_b,Actin-related protein 2,Bos taurus,394,,9m64_c,Actin-related protein 2/3 complex subunit 1B,Bos taurus,372,,hetero,415.7,32,1,9m64
35 Details,9m64_b,Actin-related protein 2,Bos taurus,394,,9m64_e,Actin-related protein 2/3 complex subunit 3,Bos taurus,178,,hetero,692.51,60,1,9m64
36 Details,9m64_b,Actin-related protein 2,Bos taurus,394,,9m64_f,Actin-related protein 2/3 complex subunit 4,Bos taurus,168,,hetero,734.58,68,1,9m64
37 Details,9m64_b,Actin-related protein 2,Bos taurus,394,,9m64_g,Actin-related protein 2/3 complex subunit 5,Bos taurus,151,,hetero,413.53,36,1,9m64
38 Details,9m64_b,Actin-related protein 2,Bos taurus,394,,9m64_i,"Actin, alpha skeletal muscle",Gallus gallus,377,,hetero,448.52,36,1,9m64
39 Details,9m64_b,Actin-related protein 2,Bos taurus,394,,9m64_j,"Actin, alpha skeletal muscle",Gallus gallus,377,,hetero,1083.22,91,1,9m64
40 Details,9m64_c,Actin-related protein 2/3 complex subunit 1B,Bos taurus,372,,9m64_f,Actin-related protein 2/3 complex subunit 4,Bos taurus,168,,hetero,972.06,89,1,9m64
41 Details,9m64_c,Actin-related protein 2/3 complex subunit 1B,Bos taurus,372,,9m64_g,Actin-related protein 2/3 complex subunit 5,Bos taurus,151,,hetero,447.92,43,1,9m64
42 Details,9m64_d,Actin-related protein 2/3 complex subunit 2,Bos taurus,300,,9m64_f,Actin-related protein 2/3 complex subunit 4,Bos taurus,168,,hetero,2136.55,147,1,9m64
43 Details,9m64_d,Actin-related protein 2/3 complex subunit 2,Bos taurus,300,,9m64_h,NCK-interacting protein with SH3 domain,Homo sapiens,454,,hetero,282.3,20,1,9m64
44 Details,9m64_f,Actin-related protein 2/3 complex subunit 4,Bos taurus,168,,9m64_g,Actin-related protein 2/3 complex subunit 5,Bos taurus,151,,hetero,858.97,68,1,9m64
45 Details,9m64_f,Actin-related protein 2/3 complex subunit 4,Bos taurus,168,,9m64_h,NCK-interacting protein with SH3 domain,Homo sapiens,454,,hetero,743.77,59,1,9m64
46 Details,9m64_g,Actin-related protein 2/3 complex subunit 5,Bos taurus,151,,9m64_h,NCK-interacting protein with SH3 domain,Homo sapiens,454,,hetero,119.6,8,1,9m64
47 Details,9m64_i,"Actin, alpha skeletal muscle",Gallus gallus,377,,9m64_j,"Actin, alpha skeletal muscle",Gallus gallus,377,,homo,313.17,27,1,9m64
48 Details,9m64_i,"Actin, alpha skeletal muscle",Gallus gallus,377,,9m64_k,"Actin, alpha skeletal muscle",Gallus gallus,377,,homo,1058.67,93,1,9m64
49 Details,9m64_j,"Actin, alpha skeletal muscle",Gallus gallus,377,,9m64_k,"Actin, alpha skeletal muscle",Gallus gallus,377,,homo,379.02,39,1,9m64
50 Details,9m64_j,"Actin, alpha skeletal muscle",Gallus gallus,377,,9m64_l,"Actin, alpha skeletal muscle",Gallus gallus,377,,homo,834.55,80,1,9m64
51 Details,9m64_k,"Actin, alpha skeletal muscle",Gallus gallus,377,,9m64_l,"Actin, alpha skeletal muscle",Gallus gallus,377,,homo,228.15,20,1,9m64
1 Details,9b03_A,"Actin, alpha skeletal muscle",Oryctolagus cuniculus,371,,9b03_B,"Actin, alpha skeletal muscle",Oryctolagus cuniculus,371,,homo,469.16,39,1,9b03
2 Details,9b03_A,"Actin, alpha skeletal muscle",Oryctolagus cuniculus,371,,9b03_C,"Actin, alpha skeletal muscle",Oryctolagus cuniculus,371,,homo,1174.98,99,1,9b03
3 Details,9b03_A,"Actin, alpha skeletal muscle",Oryctolagus cuniculus,371,,9b03_H,Inverted formin-2,Homo sapiens,437,,hetero,300.29,28,1,9b03
4 Details,9b03_B,"Actin, alpha skeletal muscle",Oryctolagus cuniculus,371,,9b03_C,"Actin, alpha skeletal muscle",Oryctolagus cuniculus,371,,homo,448.23,37,1,9b03
5 Details,9b03_B,"Actin, alpha skeletal muscle",Oryctolagus cuniculus,371,,9b03_D,"Actin, alpha skeletal muscle",Oryctolagus cuniculus,371,,homo,1142.52,100,1,9b03
6 Details,9b03_B,"Actin, alpha skeletal muscle",Oryctolagus cuniculus,371,,9b03_G,Inverted formin-2,Homo sapiens,437,,hetero,316.18,25,1,9b03
7 Details,9b03_C,"Actin, alpha skeletal muscle",Oryctolagus cuniculus,371,,9b03_D,"Actin, alpha skeletal muscle",Oryctolagus cuniculus,371,,homo,413.92,34,1,9b03
8 Details,9b03_C,"Actin, alpha skeletal muscle",Oryctolagus cuniculus,371,,9b03_E,"Actin, alpha skeletal muscle",Oryctolagus cuniculus,371,,homo,1212.01,97,1,9b03
9 Details,9b03_C,"Actin, alpha skeletal muscle",Oryctolagus cuniculus,371,,9b03_G,Inverted formin-2,Homo sapiens,437,,hetero,143.22,13,1,9b03
10 Details,9b03_C,"Actin, alpha skeletal muscle",Oryctolagus cuniculus,371,,9b03_H,Inverted formin-2,Homo sapiens,437,,hetero,366.47,33,1,9b03
11 Details,9b03_D,"Actin, alpha skeletal muscle",Oryctolagus cuniculus,371,,9b03_E,"Actin, alpha skeletal muscle",Oryctolagus cuniculus,371,,homo,386.71,31,1,9b03
12 Details,9b03_D,"Actin, alpha skeletal muscle",Oryctolagus cuniculus,371,,9b03_F,"Actin, alpha skeletal muscle",Oryctolagus cuniculus,371,,homo,1181.68,98,1,9b03
13 Details,9b03_D,"Actin, alpha skeletal muscle",Oryctolagus cuniculus,371,,9b03_G,Inverted formin-2,Homo sapiens,437,,hetero,239.61,17,1,9b03
14 Details,9b03_D,"Actin, alpha skeletal muscle",Oryctolagus cuniculus,371,,9b03_H,Inverted formin-2,Homo sapiens,437,,hetero,589.51,48,1,9b03
15 Details,9b03_E,"Actin, alpha skeletal muscle",Oryctolagus cuniculus,371,,9b03_F,"Actin, alpha skeletal muscle",Oryctolagus cuniculus,371,,homo,375.93,31,1,9b03
16 Details,9b03_E,"Actin, alpha skeletal muscle",Oryctolagus cuniculus,371,,9b03_G,Inverted formin-2,Homo sapiens,437,,hetero,325.51,32,1,9b03
17 Details,9b03_G,Inverted formin-2,Homo sapiens,437,,9b03_H,Inverted formin-2,Homo sapiens,437,,homo,4757.71,387,1,9b03
1 Details,6kll_A,"Actin, alpha skeletal muscle",Mus musculus,375,,6kll_B,"Actin, alpha skeletal muscle",Mus musculus,375,,homo,400.58,34,1,6kll
2 Details,6kll_A,"Actin, alpha skeletal muscle",Mus musculus,375,,6kll_C,"Actin, alpha skeletal muscle",Mus musculus,375,,homo,1172.63,99,1,6kll
3 Details,6kll_B,"Actin, alpha skeletal muscle",Mus musculus,375,,6kll_C,"Actin, alpha skeletal muscle",Mus musculus,375,,homo,387.39,34,1,6kll
4 Details,6kll_B,"Actin, alpha skeletal muscle",Mus musculus,375,,6kll_D,"Actin, alpha skeletal muscle",Mus musculus,375,,homo,1168.9,97,1,6kll
5 Details,6kll_C,"Actin, alpha skeletal muscle",Mus musculus,375,,6kll_D,"Actin, alpha skeletal muscle",Mus musculus,375,,homo,400.72,35,1,6kll
1 Details,8oid_C,ACTB protein (Fragment),Homo sapiens,375,,8oid_A,ACTB protein (Fragment),Homo sapiens,375,,homo,1212.68,97,1,8oid
2 Details,8oid_C,ACTB protein (Fragment),Homo sapiens,375,,8oid_B,ACTB protein (Fragment),Homo sapiens,375,,homo,417.0,36,1,8oid
3 Details,8oid_C,ACTB protein (Fragment),Homo sapiens,375,,8oid_D,ACTB protein (Fragment),Homo sapiens,375,,homo,400.78,36,1,8oid
4 Details,8oid_C,ACTB protein (Fragment),Homo sapiens,375,,8oid_E,ACTB protein (Fragment),Homo sapiens,375,,homo,1211.27,97,1,8oid
5 Details,8oid_A,ACTB protein (Fragment),Homo sapiens,375,,8oid_B,ACTB protein (Fragment),Homo sapiens,375,,homo,407.84,37,1,8oid
6 Details,8oid_B,ACTB protein (Fragment),Homo sapiens,375,,8oid_D,ACTB protein (Fragment),Homo sapiens,375,,homo,1212.22,98,1,8oid
7 Details,8oid_D,ACTB protein (Fragment),Homo sapiens,375,,8oid_E,ACTB protein (Fragment),Homo sapiens,375,,homo,403.1,35,1,8oid
1 Details,6kln_A,"Actin, alpha skeletal muscle",Mus musculus,375,,6kln_B,"Actin, alpha skeletal muscle",Mus musculus,375,,homo,406.92,35,1,6kln
2 Details,6kln_A,"Actin, alpha skeletal muscle",Mus musculus,375,,6kln_C,"Actin, alpha skeletal muscle",Mus musculus,375,,homo,1186.26,104,1,6kln
3 Details,6kln_B,"Actin, alpha skeletal muscle",Mus musculus,375,,6kln_C,"Actin, alpha skeletal muscle",Mus musculus,375,,homo,371.85,32,1,6kln
4 Details,6kln_B,"Actin, alpha skeletal muscle",Mus musculus,375,,6kln_D,"Actin, alpha skeletal muscle",Mus musculus,375,,homo,1201.98,103,1,6kln
5 Details,6kln_C,"Actin, alpha skeletal muscle",Mus musculus,375,,6kln_D,"Actin, alpha skeletal muscle",Mus musculus,375,,homo,382.61,32,1,6kln
1 Details,9azq_A,"Actin, alpha skeletal muscle",Oryctolagus cuniculus,371,,9azq_B,"Actin, alpha skeletal muscle",Oryctolagus cuniculus,371,,homo,468.2,38,1,9azq
2 Details,9azq_A,"Actin, alpha skeletal muscle",Oryctolagus cuniculus,371,,9azq_C,"Actin, alpha skeletal muscle",Oryctolagus cuniculus,371,,homo,1135.89,89,1,9azq
3 Details,9azq_B,"Actin, alpha skeletal muscle",Oryctolagus cuniculus,371,,9azq_C,"Actin, alpha skeletal muscle",Oryctolagus cuniculus,371,,homo,453.04,36,1,9azq
4 Details,9azq_B,"Actin, alpha skeletal muscle",Oryctolagus cuniculus,371,,9azq_D,"Actin, alpha skeletal muscle",Oryctolagus cuniculus,371,,homo,1157.61,91,1,9azq
5 Details,9azq_C,"Actin, alpha skeletal muscle",Oryctolagus cuniculus,371,,9azq_D,"Actin, alpha skeletal muscle",Oryctolagus cuniculus,371,,homo,441.09,36,1,9azq
6 Details,9azq_C,"Actin, alpha skeletal muscle",Oryctolagus cuniculus,371,,9azq_E,"Actin, alpha skeletal muscle",Oryctolagus cuniculus,371,,homo,1140.15,92,1,9azq
7 Details,9azq_D,"Actin, alpha skeletal muscle",Oryctolagus cuniculus,371,,9azq_E,"Actin, alpha skeletal muscle",Oryctolagus cuniculus,371,,homo,413.42,33,1,9azq
8 Details,9azq_D,"Actin, alpha skeletal muscle",Oryctolagus cuniculus,371,,9azq_F,"Actin, alpha skeletal muscle",Oryctolagus cuniculus,371,,homo,1126.87,97,1,9azq
9 Details,9azq_E,"Actin, alpha skeletal muscle",Oryctolagus cuniculus,371,,9azq_F,"Actin, alpha skeletal muscle",Oryctolagus cuniculus,371,,homo,398.86,33,1,9azq
10 Details,9azq_E,"Actin, alpha skeletal muscle",Oryctolagus cuniculus,371,,9azq_H,Inverted formin-2,Homo sapiens,323,,hetero,265.57,22,1,9azq
11 Details,9azq_E,"Actin, alpha skeletal muscle",Oryctolagus cuniculus,371,,9azq_I,"Actin, alpha skeletal muscle",Oryctolagus cuniculus,371,,homo,890.75,82,1,9azq
12 Details,9azq_F,"Actin, alpha skeletal muscle",Oryctolagus cuniculus,371,,9azq_H,Inverted formin-2,Homo sapiens,323,,hetero,784.22,74,1,9azq
13 Details,9azq_F,"Actin, alpha skeletal muscle",Oryctolagus cuniculus,371,,9azq_I,"Actin, alpha skeletal muscle",Oryctolagus cuniculus,371,,homo,260.1,24,1,9azq
14 Details,9azq_G,Inverted formin-2,Homo sapiens,60,,9azq_H,Inverted formin-2,Homo sapiens,323,,hetero,2065.19,169,1,9azq
15 Details,9azq_H,Inverted formin-2,Homo sapiens,323,,9azq_I,"Actin, alpha skeletal muscle",Oryctolagus cuniculus,371,,hetero,119.22,9,1,9azq
1 Details,8oi8_C,"Actin, cytoplasmic 1",Homo sapiens,375,,8oi8_A,"Actin, cytoplasmic 1",Homo sapiens,375,,homo,1068.4,84,1,8oi8
2 Details,8oi8_C,"Actin, cytoplasmic 1",Homo sapiens,375,,8oi8_B,"Actin, cytoplasmic 1",Homo sapiens,375,,homo,390.84,32,1,8oi8
3 Details,8oi8_C,"Actin, cytoplasmic 1",Homo sapiens,375,,8oi8_D,"Actin, cytoplasmic 1",Homo sapiens,375,,homo,388.36,32,1,8oi8
4 Details,8oi8_C,"Actin, cytoplasmic 1",Homo sapiens,375,,8oi8_E,"Actin, cytoplasmic 1",Homo sapiens,375,,homo,1059.11,84,1,8oi8
5 Details,8oi8_A,"Actin, cytoplasmic 1",Homo sapiens,375,,8oi8_B,"Actin, cytoplasmic 1",Homo sapiens,375,,homo,391.54,33,1,8oi8
6 Details,8oi8_B,"Actin, cytoplasmic 1",Homo sapiens,375,,8oi8_D,"Actin, cytoplasmic 1",Homo sapiens,375,,homo,1060.6,85,1,8oi8
7 Details,8oi8_D,"Actin, cytoplasmic 1",Homo sapiens,375,,8oi8_E,"Actin, cytoplasmic 1",Homo sapiens,375,,homo,385.24,31,1,8oi8
1 Details,6c1h_A,"Actin, alpha skeletal muscle",Oryctolagus cuniculus,375,,6c1h_B,"Actin, alpha skeletal muscle",Oryctolagus cuniculus,375,,homo,472.21,38,1,6c1h
2 Details,6c1h_A,"Actin, alpha skeletal muscle",Oryctolagus cuniculus,375,,6c1h_C,"Actin, alpha skeletal muscle",Oryctolagus cuniculus,375,,homo,1182.54,97,1,6c1h
3 Details,6c1h_B,"Actin, alpha skeletal muscle",Oryctolagus cuniculus,375,,6c1h_C,"Actin, alpha skeletal muscle",Oryctolagus cuniculus,375,,homo,496.41,43,1,6c1h
4 Details,6c1h_B,"Actin, alpha skeletal muscle",Oryctolagus cuniculus,375,,6c1h_D,"Actin, alpha skeletal muscle",Oryctolagus cuniculus,375,,homo,1180.62,95,1,6c1h
5 Details,6c1h_B,"Actin, alpha skeletal muscle",Oryctolagus cuniculus,375,,6c1h_P,Unconventional myosin-Ib,Rattus norvegicus,729,,hetero,1099.64,95,1,6c1h
6 Details,6c1h_C,"Actin, alpha skeletal muscle",Oryctolagus cuniculus,375,,6c1h_D,"Actin, alpha skeletal muscle",Oryctolagus cuniculus,375,,homo,513.78,42,1,6c1h
7 Details,6c1h_C,"Actin, alpha skeletal muscle",Oryctolagus cuniculus,375,,6c1h_E,"Actin, alpha skeletal muscle",Oryctolagus cuniculus,375,,homo,1187.2,97,1,6c1h
8 Details,6c1h_D,"Actin, alpha skeletal muscle",Oryctolagus cuniculus,375,,6c1h_E,"Actin, alpha skeletal muscle",Oryctolagus cuniculus,375,,homo,529.9,45,1,6c1h
9 Details,6c1h_D,"Actin, alpha skeletal muscle",Oryctolagus cuniculus,375,,6c1h_P,Unconventional myosin-Ib,Rattus norvegicus,729,,hetero,474.55,42,1,6c1h
10 Details,6c1h_P,Unconventional myosin-Ib,Rattus norvegicus,729,,6c1h_R,Calmodulin,unidentified,148,,hetero,323.68,43,1,6c1h
1 Details,9azp_A,"Actin, alpha skeletal muscle",Oryctolagus cuniculus,371,,9azp_B,"Actin, alpha skeletal muscle",Oryctolagus cuniculus,371,,homo,476.45,42,1,9azp
2 Details,9azp_A,"Actin, alpha skeletal muscle",Oryctolagus cuniculus,371,,9azp_C,"Actin, alpha skeletal muscle",Oryctolagus cuniculus,371,,homo,1172.07,94,1,9azp
3 Details,9azp_B,"Actin, alpha skeletal muscle",Oryctolagus cuniculus,371,,9azp_C,"Actin, alpha skeletal muscle",Oryctolagus cuniculus,371,,homo,452.06,37,1,9azp
4 Details,9azp_B,"Actin, alpha skeletal muscle",Oryctolagus cuniculus,371,,9azp_D,"Actin, alpha skeletal muscle",Oryctolagus cuniculus,371,,homo,1178.77,96,1,9azp
5 Details,9azp_C,"Actin, alpha skeletal muscle",Oryctolagus cuniculus,371,,9azp_D,"Actin, alpha skeletal muscle",Oryctolagus cuniculus,371,,homo,424.11,34,1,9azp
6 Details,9azp_C,"Actin, alpha skeletal muscle",Oryctolagus cuniculus,371,,9azp_E,"Actin, alpha skeletal muscle",Oryctolagus cuniculus,371,,homo,1118.33,92,1,9azp
7 Details,9azp_D,"Actin, alpha skeletal muscle",Oryctolagus cuniculus,371,,9azp_E,"Actin, alpha skeletal muscle",Oryctolagus cuniculus,371,,homo,404.55,35,1,9azp
8 Details,9azp_D,"Actin, alpha skeletal muscle",Oryctolagus cuniculus,371,,9azp_F,"Actin, alpha skeletal muscle",Oryctolagus cuniculus,371,,homo,1162.38,96,1,9azp
9 Details,9azp_D,"Actin, alpha skeletal muscle",Oryctolagus cuniculus,371,,9azp_G,Inverted formin-2,Homo sapiens,1249,,hetero,172.76,20,1,9azp
10 Details,9azp_E,"Actin, alpha skeletal muscle",Oryctolagus cuniculus,371,,9azp_F,"Actin, alpha skeletal muscle",Oryctolagus cuniculus,371,,homo,431.9,37,1,9azp
11 Details,9azp_E,"Actin, alpha skeletal muscle",Oryctolagus cuniculus,371,,9azp_G,Inverted formin-2,Homo sapiens,1249,,hetero,315.55,25,1,9azp
12 Details,9azp_E,"Actin, alpha skeletal muscle",Oryctolagus cuniculus,371,,9azp_H,Inverted formin-2,Homo sapiens,1249,,hetero,323.46,24,1,9azp
13 Details,9azp_E,"Actin, alpha skeletal muscle",Oryctolagus cuniculus,371,,9azp_I,"Actin, alpha skeletal muscle",Oryctolagus cuniculus,371,,homo,815.31,77,1,9azp
14 Details,9azp_F,"Actin, alpha skeletal muscle",Oryctolagus cuniculus,371,,9azp_H,Inverted formin-2,Homo sapiens,1249,,hetero,1238.36,111,1,9azp
15 Details,9azp_G,Inverted formin-2,Homo sapiens,1249,,9azp_H,Inverted formin-2,Homo sapiens,1249,,hetero,3300.34,268,1,9azp
16 Details,9azp_G,Inverted formin-2,Homo sapiens,1249,,9azp_I,"Actin, alpha skeletal muscle",Oryctolagus cuniculus,371,,hetero,725.11,53,1,9azp
17 Details,9azp_H,Inverted formin-2,Homo sapiens,1249,,9azp_I,"Actin, alpha skeletal muscle",Oryctolagus cuniculus,371,,hetero,168.44,15,1,9azp
18 Details,9azp_I,"Actin, alpha skeletal muscle",Oryctolagus cuniculus,371,,9azp_J,Profilin-1,Homo sapiens,139,,hetero,883.05,77,1,9azp
1 Details,8dnf_A,"Actin, cytoplasmic 2, N-terminally processed",Homo sapiens,375,,8dnf_B,"Actin, cytoplasmic 2, N-terminally processed",Homo sapiens,375,,homo,352.89,29,1,8dnf
2 Details,8dnf_A,"Actin, cytoplasmic 2, N-terminally processed",Homo sapiens,375,,8dnf_C,"Actin, cytoplasmic 2, N-terminally processed",Homo sapiens,375,,homo,1135.57,93,1,8dnf
3 Details,8dnf_B,"Actin, cytoplasmic 2, N-terminally processed",Homo sapiens,375,,8dnf_C,"Actin, cytoplasmic 2, N-terminally processed",Homo sapiens,375,,homo,317.3,30,1,8dnf
4 Details,8dnf_B,"Actin, cytoplasmic 2, N-terminally processed",Homo sapiens,375,,8dnf_D,"Actin, cytoplasmic 2, N-terminally processed",Homo sapiens,375,,homo,1132.37,93,1,8dnf
5 Details,8dnf_C,"Actin, cytoplasmic 2, N-terminally processed",Homo sapiens,375,,8dnf_D,"Actin, cytoplasmic 2, N-terminally processed",Homo sapiens,375,,homo,341.88,29,1,8dnf
1 Details,6upw_C,"Actin, alpha skeletal muscle",Gallus gallus,375,,6upw_B,"Actin, alpha skeletal muscle",Gallus gallus,375,,homo,398.41,30,1,6upw
2 Details,6upw_C,"Actin, alpha skeletal muscle",Gallus gallus,375,,6upw_A,"Actin, alpha skeletal muscle",Gallus gallus,375,,homo,1158.91,95,1,6upw
3 Details,6upw_C,"Actin, alpha skeletal muscle",Gallus gallus,375,,6upw_E,"Actin, alpha skeletal muscle",Gallus gallus,375,,homo,1152.62,95,1,6upw
4 Details,6upw_C,"Actin, alpha skeletal muscle",Gallus gallus,375,,6upw_D,"Actin, alpha skeletal muscle",Gallus gallus,375,,homo,389.26,30,1,6upw
5 Details,6upw_C,"Actin, alpha skeletal muscle",Gallus gallus,375,,6upw_M,Vinculin,Homo sapiens,1134,,hetero,1207.71,91,1,6upw
6 Details,6upw_C,"Actin, alpha skeletal muscle",Gallus gallus,375,,6upw_L,Vinculin,Homo sapiens,1134,,hetero,824.48,75,1,6upw
7 Details,6upw_B,"Actin, alpha skeletal muscle",Gallus gallus,375,,6upw_A,"Actin, alpha skeletal muscle",Gallus gallus,375,,homo,392.06,34,1,6upw
8 Details,6upw_B,"Actin, alpha skeletal muscle",Gallus gallus,375,,6upw_D,"Actin, alpha skeletal muscle",Gallus gallus,375,,homo,1158.72,94,1,6upw
9 Details,6upw_A,"Actin, alpha skeletal muscle",Gallus gallus,375,,6upw_L,Vinculin,Homo sapiens,1134,,hetero,1223.91,96,1,6upw
10 Details,6upw_E,"Actin, alpha skeletal muscle",Gallus gallus,375,,6upw_D,"Actin, alpha skeletal muscle",Gallus gallus,375,,homo,387.74,30,1,6upw
11 Details,6upw_E,"Actin, alpha skeletal muscle",Gallus gallus,375,,6upw_M,Vinculin,Homo sapiens,1134,,hetero,830.25,76,1,6upw
1 Details,5jlh_B,"Actin, cytoplasmic 2",Homo sapiens,374,,5jlh_A,"Actin, cytoplasmic 2",Homo sapiens,374,,homo,1119.05,101,1,5jlh
2 Details,5jlh_B,"Actin, cytoplasmic 2",Homo sapiens,374,,5jlh_D,"Actin, cytoplasmic 2",Homo sapiens,374,,homo,475.13,42,1,5jlh
3 Details,5jlh_C,"Actin, cytoplasmic 2",Homo sapiens,374,,5jlh_A,"Actin, cytoplasmic 2",Homo sapiens,374,,homo,1121.48,102,1,5jlh
4 Details,5jlh_C,"Actin, cytoplasmic 2",Homo sapiens,374,,5jlh_F,"Myosin-14,Alpha-actinin A",Dictyostelium discoideum,1039,,hetero,370.87,27,1,5jlh
5 Details,5jlh_C,"Actin, cytoplasmic 2",Homo sapiens,374,,5jlh_E,"Actin, cytoplasmic 2",Homo sapiens,374,,homo,531.18,46,1,5jlh
6 Details,5jlh_A,"Actin, cytoplasmic 2",Homo sapiens,374,,5jlh_F,"Myosin-14,Alpha-actinin A",Dictyostelium discoideum,1039,,hetero,1295.5,121,1,5jlh
7 Details,5jlh_A,"Actin, cytoplasmic 2",Homo sapiens,374,,5jlh_D,"Actin, cytoplasmic 2",Homo sapiens,374,,homo,491.35,44,1,5jlh
8 Details,5jlh_A,"Actin, cytoplasmic 2",Homo sapiens,374,,5jlh_E,"Actin, cytoplasmic 2",Homo sapiens,374,,homo,513.48,46,1,5jlh
9 Details,5jlh_G,"Myosin-14,Alpha-actinin A",Dictyostelium discoideum,1039,,5jlh_D,"Actin, cytoplasmic 2",Homo sapiens,374,,hetero,1297.91,119,1,5jlh
10 Details,5jlh_G,"Myosin-14,Alpha-actinin A",Dictyostelium discoideum,1039,,5jlh_E,"Actin, cytoplasmic 2",Homo sapiens,374,,hetero,366.66,27,1,5jlh
11 Details,5jlh_D,"Actin, cytoplasmic 2",Homo sapiens,374,,5jlh_E,"Actin, cytoplasmic 2",Homo sapiens,374,,homo,1119.39,102,1,5jlh
1 Details,8r3h_F,"Actin, alpha skeletal muscle",Gallus,377,,8r3h_H,"Actin, alpha skeletal muscle",Gallus,377,,homo,408.28,36,1,8r3h
2 Details,8r3h_F,"Actin, alpha skeletal muscle",Gallus,377,,8r3h_I,"Actin, alpha skeletal muscle",Gallus,377,,homo,398.27,34,1,8r3h
3 Details,8r3h_F,"Actin, alpha skeletal muscle",Gallus,377,,8r3h_J,"Actin, alpha skeletal muscle",Gallus,377,,homo,1128.27,90,1,8r3h
5 Details,8r3h_G,"Actin, alpha skeletal muscle",Gallus,377,,8r3h_H,"Actin, alpha skeletal muscle",Gallus,377,,homo,1122.71,92,1,8r3h
6 Details,8r3h_G,"Actin, alpha skeletal muscle",Gallus,377,,8r3h_J,"Actin, alpha skeletal muscle",Gallus,377,,homo,404.89,34,1,8r3h
8 Details,8r3h_H,"Actin, alpha skeletal muscle",Gallus,377,,8r3h_I,"Actin, alpha skeletal muscle",Gallus,377,,homo,1140.21,93,1,8r3h
9 Details,8r3h_H,"Actin, alpha skeletal muscle",Gallus,377,,8r3h_J,"Actin, alpha skeletal muscle",Gallus,377,,homo,399.57,35,1,8r3h
1 Details,7p1g_M,"Maltose/maltodextrin-binding periplasmic protein,Adenylate cyclase ExoY",Pseudomonas aeruginosa PAO1,773,,7p1g_C,"Actin, alpha skeletal muscle",Oryctolagus cuniculus,377,,hetero,1529.22,138,1,7p1g
2 Details,7p1g_M,"Maltose/maltodextrin-binding periplasmic protein,Adenylate cyclase ExoY",Pseudomonas aeruginosa PAO1,773,,7p1g_A,"Actin, alpha skeletal muscle",Oryctolagus cuniculus,377,,hetero,115.47,8,1,7p1g
4 Details,7p1g_C,"Actin, alpha skeletal muscle",Oryctolagus cuniculus,377,,7p1g_A,"Actin, alpha skeletal muscle",Oryctolagus cuniculus,377,,homo,1172.19,100,1,7p1g
5 Details,7p1g_C,"Actin, alpha skeletal muscle",Oryctolagus cuniculus,377,,7p1g_B,"Actin, alpha skeletal muscle",Oryctolagus cuniculus,377,,homo,467.94,43,1,7p1g
6 Details,7p1g_C,"Actin, alpha skeletal muscle",Oryctolagus cuniculus,377,,7p1g_D,"Actin, alpha skeletal muscle",Oryctolagus cuniculus,377,,homo,445.47,40,1,7p1g
8 Details,7p1g_C,"Actin, alpha skeletal muscle",Oryctolagus cuniculus,377,,7p1g_O,"Maltose/maltodextrin-binding periplasmic protein,Adenylate cyclase ExoY",Pseudomonas aeruginosa PAO1,773,,hetero,114.49,8,1,7p1g
9 Details,7p1g_C,"Actin, alpha skeletal muscle",Oryctolagus cuniculus,377,,7p1g_E,"Actin, alpha skeletal muscle",Oryctolagus cuniculus,377,,homo,1164.99,101,1,7p1g
11 Details,7p1g_K,"Maltose/maltodextrin-binding periplasmic protein,Adenylate cyclase ExoY",Pseudomonas aeruginosa PAO1,773,,7p1g_A,"Actin, alpha skeletal muscle",Oryctolagus cuniculus,377,,hetero,1529.21,138,1,7p1g
13 Details,7p1g_A,"Actin, alpha skeletal muscle",Oryctolagus cuniculus,377,,7p1g_B,"Actin, alpha skeletal muscle",Oryctolagus cuniculus,377,,homo,414.61,40,1,7p1g
15 Details,7p1g_L,"Maltose/maltodextrin-binding periplasmic protein,Adenylate cyclase ExoY",Pseudomonas aeruginosa PAO1,773,,7p1g_B,"Actin, alpha skeletal muscle",Oryctolagus cuniculus,377,,hetero,1529.19,138,1,7p1g
17 Details,7p1g_B,"Actin, alpha skeletal muscle",Oryctolagus cuniculus,377,,7p1g_D,"Actin, alpha skeletal muscle",Oryctolagus cuniculus,377,,homo,1149.36,99,1,7p1g
18 Details,7p1g_N,"Maltose/maltodextrin-binding periplasmic protein,Adenylate cyclase ExoY",Pseudomonas aeruginosa PAO1,773,,7p1g_D,"Actin, alpha skeletal muscle",Oryctolagus cuniculus,377,,hetero,1529.26,138,1,7p1g
20 Details,7p1g_D,"Actin, alpha skeletal muscle",Oryctolagus cuniculus,377,,7p1g_E,"Actin, alpha skeletal muscle",Oryctolagus cuniculus,377,,homo,491.71,43,1,7p1g
22 Details,7p1g_O,"Maltose/maltodextrin-binding periplasmic protein,Adenylate cyclase ExoY",Pseudomonas aeruginosa PAO1,773,,7p1g_E,"Actin, alpha skeletal muscle",Oryctolagus cuniculus,377,,hetero,1529.19,138,1,7p1g
1 Details,6upv_L,Catenin alpha-1,Homo sapiens,906,,6upv_M,Catenin alpha-1,Homo sapiens,906,,homo,220.94,14,1,6upv
2 Details,6upv_L,Catenin alpha-1,Homo sapiens,906,,6upv_C,"Actin, alpha skeletal muscle",Gallus gallus,375,,hetero,822.32,75,1,6upv
3 Details,6upv_L,Catenin alpha-1,Homo sapiens,906,,6upv_A,"Actin, alpha skeletal muscle",Gallus gallus,375,,hetero,1129.27,88,1,6upv
4 Details,6upv_M,Catenin alpha-1,Homo sapiens,906,,6upv_C,"Actin, alpha skeletal muscle",Gallus gallus,375,,hetero,1093.07,84,1,6upv
5 Details,6upv_M,Catenin alpha-1,Homo sapiens,906,,6upv_E,"Actin, alpha skeletal muscle",Gallus gallus,375,,hetero,813.72,71,1,6upv
6 Details,6upv_B,"Actin, alpha skeletal muscle",Gallus gallus,375,,6upv_C,"Actin, alpha skeletal muscle",Gallus gallus,375,,homo,431.21,38,1,6upv
7 Details,6upv_B,"Actin, alpha skeletal muscle",Gallus gallus,375,,6upv_A,"Actin, alpha skeletal muscle",Gallus gallus,375,,homo,429.37,37,1,6upv
8 Details,6upv_B,"Actin, alpha skeletal muscle",Gallus gallus,375,,6upv_D,"Actin, alpha skeletal muscle",Gallus gallus,375,,homo,1128.96,96,1,6upv
9 Details,6upv_C,"Actin, alpha skeletal muscle",Gallus gallus,375,,6upv_A,"Actin, alpha skeletal muscle",Gallus gallus,375,,homo,1128.67,94,1,6upv
10 Details,6upv_C,"Actin, alpha skeletal muscle",Gallus gallus,375,,6upv_D,"Actin, alpha skeletal muscle",Gallus gallus,375,,homo,428.55,37,1,6upv
11 Details,6upv_C,"Actin, alpha skeletal muscle",Gallus gallus,375,,6upv_E,"Actin, alpha skeletal muscle",Gallus gallus,375,,homo,1120.41,93,1,6upv
12 Details,6upv_D,"Actin, alpha skeletal muscle",Gallus gallus,375,,6upv_E,"Actin, alpha skeletal muscle",Gallus gallus,375,,homo,432.72,37,1,6upv
1 Details,9az4_A,"Actin, alpha skeletal muscle",Oryctolagus cuniculus,371,,9az4_B,"Actin, alpha skeletal muscle",Oryctolagus cuniculus,371,,homo,472.63,40,1,9az4
2 Details,9az4_A,"Actin, alpha skeletal muscle",Oryctolagus cuniculus,371,,9az4_C,"Actin, alpha skeletal muscle",Oryctolagus cuniculus,371,,homo,1157.7,97,1,9az4
3 Details,9az4_B,"Actin, alpha skeletal muscle",Oryctolagus cuniculus,371,,9az4_C,"Actin, alpha skeletal muscle",Oryctolagus cuniculus,371,,homo,445.54,40,1,9az4
4 Details,9az4_B,"Actin, alpha skeletal muscle",Oryctolagus cuniculus,371,,9az4_D,"Actin, alpha skeletal muscle",Oryctolagus cuniculus,371,,homo,1149.08,96,1,9az4
5 Details,9az4_B,"Actin, alpha skeletal muscle",Oryctolagus cuniculus,371,,9az4_G,Inverted formin-2,Homo sapiens,437,,hetero,436.82,40,1,9az4
6 Details,9az4_C,"Actin, alpha skeletal muscle",Oryctolagus cuniculus,371,,9az4_D,"Actin, alpha skeletal muscle",Oryctolagus cuniculus,371,,homo,414.18,33,1,9az4
7 Details,9az4_C,"Actin, alpha skeletal muscle",Oryctolagus cuniculus,371,,9az4_E,"Actin, alpha skeletal muscle",Oryctolagus cuniculus,371,,homo,1094.96,91,1,9az4
8 Details,9az4_C,"Actin, alpha skeletal muscle",Oryctolagus cuniculus,371,,9az4_H,Inverted formin-2,Homo sapiens,437,,hetero,377.89,34,1,9az4
9 Details,9az4_D,"Actin, alpha skeletal muscle",Oryctolagus cuniculus,371,,9az4_E,"Actin, alpha skeletal muscle",Oryctolagus cuniculus,371,,homo,387.42,32,1,9az4
10 Details,9az4_D,"Actin, alpha skeletal muscle",Oryctolagus cuniculus,371,,9az4_F,"Actin, alpha skeletal muscle",Oryctolagus cuniculus,371,,homo,1147.99,94,1,9az4
11 Details,9az4_D,"Actin, alpha skeletal muscle",Oryctolagus cuniculus,371,,9az4_G,Inverted formin-2,Homo sapiens,437,,hetero,230.27,15,1,9az4
12 Details,9az4_E,"Actin, alpha skeletal muscle",Oryctolagus cuniculus,371,,9az4_F,"Actin, alpha skeletal muscle",Oryctolagus cuniculus,371,,homo,399.52,32,1,9az4
13 Details,9az4_E,"Actin, alpha skeletal muscle",Oryctolagus cuniculus,371,,9az4_G,Inverted formin-2,Homo sapiens,437,,hetero,846.28,75,1,9az4
14 Details,9az4_E,"Actin, alpha skeletal muscle",Oryctolagus cuniculus,371,,9az4_H,Inverted formin-2,Homo sapiens,437,,hetero,163.09,16,1,9az4
15 Details,9az4_F,"Actin, alpha skeletal muscle",Oryctolagus cuniculus,371,,9az4_G,Inverted formin-2,Homo sapiens,437,,hetero,244.17,24,1,9az4
16 Details,9az4_F,"Actin, alpha skeletal muscle",Oryctolagus cuniculus,371,,9az4_H,Inverted formin-2,Homo sapiens,437,,hetero,1183.34,99,1,9az4
17 Details,9az4_G,Inverted formin-2,Homo sapiens,437,,9az4_H,Inverted formin-2,Homo sapiens,437,,homo,4435.3,359,1,9az4
1 Details,8zb7_M,Myosin-7,Homo sapiens,776,,8zb7_B,"Actin, alpha cardiac muscle 1",Homo sapiens,371,,hetero,148.1,16,1,8zb7
2 Details,8zb7_M,Myosin-7,Homo sapiens,776,,8zb7_F,"Actin, alpha cardiac muscle 1",Homo sapiens,371,,hetero,1211.37,107,1,8zb7
3 Details,8zb7_B,"Actin, alpha cardiac muscle 1",Homo sapiens,371,,8zb7_D,"Actin, alpha cardiac muscle 1",Homo sapiens,371,,homo,385.55,32,1,8zb7
4 Details,8zb7_B,"Actin, alpha cardiac muscle 1",Homo sapiens,371,,8zb7_F,"Actin, alpha cardiac muscle 1",Homo sapiens,371,,homo,1130.31,93,1,8zb7
5 Details,8zb7_B,"Actin, alpha cardiac muscle 1",Homo sapiens,371,,8zb7_P,Tropomyosin alpha-1 chain,Homo sapiens,166,,hetero,162.15,15,1,8zb7
6 Details,8zb7_B,"Actin, alpha cardiac muscle 1",Homo sapiens,371,,8zb7_H,Myosin-7,Homo sapiens,776,,hetero,1243.31,108,1,8zb7
7 Details,8zb7_C,"Actin, alpha cardiac muscle 1",Homo sapiens,371,,8zb7_E,"Actin, alpha cardiac muscle 1",Homo sapiens,371,,homo,380.81,33,1,8zb7
8 Details,8zb7_C,"Actin, alpha cardiac muscle 1",Homo sapiens,371,,8zb7_F,"Actin, alpha cardiac muscle 1",Homo sapiens,371,,homo,1139.06,95,1,8zb7
9 Details,8zb7_C,"Actin, alpha cardiac muscle 1",Homo sapiens,371,,8zb7_P,Tropomyosin alpha-1 chain,Homo sapiens,166,,hetero,174.12,13,1,8zb7
10 Details,8zb7_C,"Actin, alpha cardiac muscle 1",Homo sapiens,371,,8zb7_G,Myosin-7,Homo sapiens,776,,hetero,1233.42,106,1,8zb7
11 Details,8zb7_C,"Actin, alpha cardiac muscle 1",Homo sapiens,371,,8zb7_A,"Actin, alpha cardiac muscle 1",Homo sapiens,371,,homo,385.47,35,1,8zb7
12 Details,8zb7_D,"Actin, alpha cardiac muscle 1",Homo sapiens,371,,8zb7_E,"Actin, alpha cardiac muscle 1",Homo sapiens,371,,homo,1136.06,91,1,8zb7
13 Details,8zb7_D,"Actin, alpha cardiac muscle 1",Homo sapiens,371,,8zb7_F,"Actin, alpha cardiac muscle 1",Homo sapiens,371,,homo,385.36,32,1,8zb7
14 Details,8zb7_D,"Actin, alpha cardiac muscle 1",Homo sapiens,371,,8zb7_I,Myosin-7,Homo sapiens,776,,hetero,1207.95,106,1,8zb7
15 Details,8zb7_D,"Actin, alpha cardiac muscle 1",Homo sapiens,371,,8zb7_J,Myosin-7,Homo sapiens,776,,hetero,159.85,16,1,8zb7
16 Details,8zb7_D,"Actin, alpha cardiac muscle 1",Homo sapiens,371,,8zb7_L,Tropomyosin alpha-1 chain,Homo sapiens,166,,hetero,305.23,26,1,8zb7
17 Details,8zb7_E,"Actin, alpha cardiac muscle 1",Homo sapiens,371,,8zb7_F,"Actin, alpha cardiac muscle 1",Homo sapiens,371,,homo,390.17,34,1,8zb7
18 Details,8zb7_E,"Actin, alpha cardiac muscle 1",Homo sapiens,371,,8zb7_J,Myosin-7,Homo sapiens,776,,hetero,1270.31,107,1,8zb7
19 Details,8zb7_E,"Actin, alpha cardiac muscle 1",Homo sapiens,371,,8zb7_K,Myosin-7,Homo sapiens,776,,hetero,147.52,15,1,8zb7
20 Details,8zb7_E,"Actin, alpha cardiac muscle 1",Homo sapiens,371,,8zb7_A,"Actin, alpha cardiac muscle 1",Homo sapiens,371,,homo,1139.25,95,1,8zb7
21 Details,8zb7_E,"Actin, alpha cardiac muscle 1",Homo sapiens,371,,8zb7_N,Tropomyosin alpha-1 chain,Homo sapiens,166,,hetero,176.0,15,1,8zb7
22 Details,8zb7_F,"Actin, alpha cardiac muscle 1",Homo sapiens,371,,8zb7_O,Tropomyosin alpha-1 chain,Homo sapiens,166,,hetero,260.86,18,1,8zb7
23 Details,8zb7_F,"Actin, alpha cardiac muscle 1",Homo sapiens,371,,8zb7_G,Myosin-7,Homo sapiens,776,,hetero,158.29,16,1,8zb7
24 Details,8zb7_O,Tropomyosin alpha-1 chain,Homo sapiens,166,,8zb7_P,Tropomyosin alpha-1 chain,Homo sapiens,166,,homo,3281.79,272,1,8zb7
25 Details,8zb7_O,Tropomyosin alpha-1 chain,Homo sapiens,166,,8zb7_G,Myosin-7,Homo sapiens,776,,hetero,117.41,6,1,8zb7
26 Details,8zb7_I,Myosin-7,Homo sapiens,776,,8zb7_N,Tropomyosin alpha-1 chain,Homo sapiens,166,,hetero,115.81,10,1,8zb7
27 Details,8zb7_J,Myosin-7,Homo sapiens,776,,8zb7_L,Tropomyosin alpha-1 chain,Homo sapiens,166,,hetero,153.41,13,1,8zb7
28 Details,8zb7_K,Myosin-7,Homo sapiens,776,,8zb7_A,"Actin, alpha cardiac muscle 1",Homo sapiens,371,,hetero,1272.25,107,1,8zb7
29 Details,8zb7_K,Myosin-7,Homo sapiens,776,,8zb7_L,Tropomyosin alpha-1 chain,Homo sapiens,166,,hetero,108.29,7,1,8zb7
30 Details,8zb7_K,Myosin-7,Homo sapiens,776,,8zb7_N,Tropomyosin alpha-1 chain,Homo sapiens,166,,hetero,112.66,11,1,8zb7
31 Details,8zb7_L,Tropomyosin alpha-1 chain,Homo sapiens,166,,8zb7_N,Tropomyosin alpha-1 chain,Homo sapiens,166,,homo,3286.74,273,1,8zb7
7 Details,6t1y_C,"Actin, alpha skeletal muscle",Oryctolagus cuniculus,375,,6t1y_B,"Actin, alpha skeletal muscle",Oryctolagus cuniculus,375,,homo,418.86,35,1,6t1y
8 Details,6t1y_C,"Actin, alpha skeletal muscle",Oryctolagus cuniculus,375,,6t1y_A,"Actin, alpha skeletal muscle",Oryctolagus cuniculus,375,,homo,1042.51,88,1,6t1y
9 Details,6t1y_C,"Actin, alpha skeletal muscle",Oryctolagus cuniculus,375,,6t1y_E,"Actin, alpha skeletal muscle",Oryctolagus cuniculus,375,,homo,1042.53,88,1,6t1y
10 Details,6t1y_C,"Actin, alpha skeletal muscle",Oryctolagus cuniculus,375,,6t1y_D,"Actin, alpha skeletal muscle",Oryctolagus cuniculus,375,,homo,418.87,35,1,6t1y
11 Details,6t1y_B,"Actin, alpha skeletal muscle",Oryctolagus cuniculus,375,,6t1y_A,"Actin, alpha skeletal muscle",Oryctolagus cuniculus,375,,homo,418.85,35,1,6t1y
13 Details,6t1y_B,"Actin, alpha skeletal muscle",Oryctolagus cuniculus,375,,6t1y_D,"Actin, alpha skeletal muscle",Oryctolagus cuniculus,375,,homo,1042.49,88,1,6t1y
16 Details,6t1y_E,"Actin, alpha skeletal muscle",Oryctolagus cuniculus,375,,6t1y_D,"Actin, alpha skeletal muscle",Oryctolagus cuniculus,375,,homo,418.86,35,1,6t1y
1 Details,8d16_A,"Actin, alpha skeletal muscle, intermediate form",Gallus gallus,371,,8d16_B,"Actin, alpha skeletal muscle, intermediate form",Gallus gallus,371,,homo,400.89,34,1,8d16
2 Details,8d16_A,"Actin, alpha skeletal muscle, intermediate form",Gallus gallus,371,,8d16_C,"Actin, alpha skeletal muscle, intermediate form",Gallus gallus,371,,homo,1178.14,107,1,8d16
3 Details,8d16_B,"Actin, alpha skeletal muscle, intermediate form",Gallus gallus,371,,8d16_C,"Actin, alpha skeletal muscle, intermediate form",Gallus gallus,371,,homo,379.53,35,1,8d16
4 Details,8d16_B,"Actin, alpha skeletal muscle, intermediate form",Gallus gallus,371,,8d16_D,"Actin, alpha skeletal muscle, intermediate form",Gallus gallus,371,,homo,1109.06,91,1,8d16
5 Details,8d16_C,"Actin, alpha skeletal muscle, intermediate form",Gallus gallus,371,,8d16_D,"Actin, alpha skeletal muscle, intermediate form",Gallus gallus,371,,homo,404.98,35,1,8d16
6 Details,8d16_C,"Actin, alpha skeletal muscle, intermediate form",Gallus gallus,371,,8d16_E,"Actin, alpha skeletal muscle, intermediate form",Gallus gallus,371,,homo,1144.45,96,1,8d16
7 Details,8d16_D,"Actin, alpha skeletal muscle, intermediate form",Gallus gallus,371,,8d16_E,"Actin, alpha skeletal muscle, intermediate form",Gallus gallus,371,,homo,423.87,35,1,8d16
8 Details,8d16_D,"Actin, alpha skeletal muscle, intermediate form",Gallus gallus,371,,8d16_F,"Actin, alpha skeletal muscle, intermediate form",Gallus gallus,371,,homo,1156.9,99,1,8d16
9 Details,8d16_E,"Actin, alpha skeletal muscle, intermediate form",Gallus gallus,371,,8d16_F,"Actin, alpha skeletal muscle, intermediate form",Gallus gallus,371,,homo,396.54,33,1,8d16
10 Details,8d16_E,"Actin, alpha skeletal muscle, intermediate form",Gallus gallus,371,,8d16_G,"Actin, alpha skeletal muscle, intermediate form",Gallus gallus,371,,homo,1183.55,97,1,8d16
11 Details,8d16_F,"Actin, alpha skeletal muscle, intermediate form",Gallus gallus,371,,8d16_G,"Actin, alpha skeletal muscle, intermediate form",Gallus gallus,371,,homo,365.5,32,1,8d16
7 Details,6t20_C,"Actin, alpha skeletal muscle",Oryctolagus cuniculus,375,,6t20_B,"Actin, alpha skeletal muscle",Oryctolagus cuniculus,375,,homo,422.09,40,1,6t20
8 Details,6t20_C,"Actin, alpha skeletal muscle",Oryctolagus cuniculus,375,,6t20_A,"Actin, alpha skeletal muscle",Oryctolagus cuniculus,375,,homo,1107.47,90,1,6t20
9 Details,6t20_C,"Actin, alpha skeletal muscle",Oryctolagus cuniculus,375,,6t20_E,"Actin, alpha skeletal muscle",Oryctolagus cuniculus,375,,homo,1107.47,90,1,6t20
10 Details,6t20_C,"Actin, alpha skeletal muscle",Oryctolagus cuniculus,375,,6t20_D,"Actin, alpha skeletal muscle",Oryctolagus cuniculus,375,,homo,422.1,40,1,6t20
11 Details,6t20_B,"Actin, alpha skeletal muscle",Oryctolagus cuniculus,375,,6t20_A,"Actin, alpha skeletal muscle",Oryctolagus cuniculus,375,,homo,422.06,40,1,6t20
13 Details,6t20_B,"Actin, alpha skeletal muscle",Oryctolagus cuniculus,375,,6t20_D,"Actin, alpha skeletal muscle",Oryctolagus cuniculus,375,,homo,1107.47,90,1,6t20
16 Details,6t20_E,"Actin, alpha skeletal muscle",Oryctolagus cuniculus,375,,6t20_D,"Actin, alpha skeletal muscle",Oryctolagus cuniculus,375,,homo,422.11,40,1,6t20
1 Details,7r8v_B,"Actin, alpha skeletal muscle, intermediate form",Gallus gallus,371,,7r8v_A,"Actin, alpha skeletal muscle, intermediate form",Gallus gallus,371,,homo,1156.82,99,1,7r8v
2 Details,7r8v_B,"Actin, alpha skeletal muscle, intermediate form",Gallus gallus,371,,7r8v_C,"Actin, alpha skeletal muscle, intermediate form",Gallus gallus,371,,homo,1156.99,99,1,7r8v
3 Details,7r8v_B,"Actin, alpha skeletal muscle, intermediate form",Gallus gallus,371,,7r8v_D,"Actin, alpha skeletal muscle, intermediate form",Gallus gallus,371,,homo,398.71,33,1,7r8v
4 Details,7r8v_B,"Actin, alpha skeletal muscle, intermediate form",Gallus gallus,371,,7r8v_E,"Actin, alpha skeletal muscle, intermediate form",Gallus gallus,371,,homo,398.75,32,1,7r8v
5 Details,7r8v_A,"Actin, alpha skeletal muscle, intermediate form",Gallus gallus,371,,7r8v_D,"Actin, alpha skeletal muscle, intermediate form",Gallus gallus,371,,homo,398.56,33,1,7r8v
6 Details,7r8v_C,"Actin, alpha skeletal muscle, intermediate form",Gallus gallus,371,,7r8v_E,"Actin, alpha skeletal muscle, intermediate form",Gallus gallus,371,,homo,398.97,32,1,7r8v
7 Details,7r8v_D,"Actin, alpha skeletal muscle, intermediate form",Gallus gallus,371,,7r8v_E,"Actin, alpha skeletal muscle, intermediate form",Gallus gallus,371,,homo,1154.54,99,1,7r8v
1 Details,6t23_D,"Actin, alpha skeletal muscle",Oryctolagus cuniculus,375,,6t23_E,"Actin, alpha skeletal muscle",Oryctolagus cuniculus,375,,homo,430.69,36,1,6t23
2 Details,6t23_D,"Actin, alpha skeletal muscle",Oryctolagus cuniculus,375,,6t23_B,"Actin, alpha skeletal muscle",Oryctolagus cuniculus,375,,homo,1005.87,88,1,6t23
3 Details,6t23_D,"Actin, alpha skeletal muscle",Oryctolagus cuniculus,375,,6t23_C,"Actin, alpha skeletal muscle",Oryctolagus cuniculus,375,,homo,430.67,36,1,6t23
4 Details,6t23_E,"Actin, alpha skeletal muscle",Oryctolagus cuniculus,375,,6t23_C,"Actin, alpha skeletal muscle",Oryctolagus cuniculus,375,,homo,1005.82,88,1,6t23
5 Details,6t23_A,"Actin, alpha skeletal muscle",Oryctolagus cuniculus,375,,6t23_B,"Actin, alpha skeletal muscle",Oryctolagus cuniculus,375,,homo,430.71,36,1,6t23
6 Details,6t23_A,"Actin, alpha skeletal muscle",Oryctolagus cuniculus,375,,6t23_C,"Actin, alpha skeletal muscle",Oryctolagus cuniculus,375,,homo,1005.85,88,1,6t23
7 Details,6t23_B,"Actin, alpha skeletal muscle",Oryctolagus cuniculus,375,,6t23_C,"Actin, alpha skeletal muscle",Oryctolagus cuniculus,375,,homo,430.68,36,1,6t23
1 Details,7ahn_C,"Actin, alpha skeletal muscle",Oryctolagus cuniculus,377,,7ahn_A,"Actin, alpha skeletal muscle",Oryctolagus cuniculus,377,,homo,1013.07,87,1,7ahn
2 Details,7ahn_C,"Actin, alpha skeletal muscle",Oryctolagus cuniculus,377,,7ahn_E,"Actin, alpha skeletal muscle",Oryctolagus cuniculus,377,,homo,1011.26,87,1,7ahn
3 Details,7ahn_C,"Actin, alpha skeletal muscle",Oryctolagus cuniculus,377,,7ahn_D,"Actin, alpha skeletal muscle",Oryctolagus cuniculus,377,,homo,416.94,35,1,7ahn
4 Details,7ahn_C,"Actin, alpha skeletal muscle",Oryctolagus cuniculus,377,,7ahn_B,"Actin, alpha skeletal muscle",Oryctolagus cuniculus,377,,homo,401.13,34,1,7ahn
5 Details,7ahn_A,"Actin, alpha skeletal muscle",Oryctolagus cuniculus,377,,7ahn_B,"Actin, alpha skeletal muscle",Oryctolagus cuniculus,377,,homo,404.34,33,1,7ahn
6 Details,7ahn_E,"Actin, alpha skeletal muscle",Oryctolagus cuniculus,377,,7ahn_D,"Actin, alpha skeletal muscle",Oryctolagus cuniculus,377,,homo,399.08,34,1,7ahn
7 Details,7ahn_D,"Actin, alpha skeletal muscle",Oryctolagus cuniculus,377,,7ahn_B,"Actin, alpha skeletal muscle",Oryctolagus cuniculus,377,,homo,1021.0,93,1,7ahn
1 Details,9p1i_Q,"Actin, cytoplasmic 1",Homo sapiens,375,,9p1i_R,"Actin, cytoplasmic 1",Homo sapiens,375,,homo,395.06,31,1,9p1i
2 Details,9p1i_Q,"Actin, cytoplasmic 1",Homo sapiens,375,,9p1i_S,"Actin, cytoplasmic 1",Homo sapiens,375,,homo,1157.09,94,1,9p1i
3 Details,9p1i_Q,"Actin, cytoplasmic 1",Homo sapiens,375,,9p1i_T,"Actin, cytoplasmic 1",Homo sapiens,375,,homo,407.02,33,1,9p1i
4 Details,9p1i_Q,"Actin, cytoplasmic 1",Homo sapiens,375,,9p1i_W,"Actin, cytoplasmic 1",Homo sapiens,375,,homo,1164.57,95,1,9p1i
5 Details,9p1i_Q,"Actin, cytoplasmic 1",Homo sapiens,375,,9p1i_c,VopV,Vibrio parahaemolyticus,2402,,hetero,1095.58,95,1,9p1i
6 Details,9p1i_Q,"Actin, cytoplasmic 1",Homo sapiens,375,,9p1i_f,VopV,Vibrio parahaemolyticus,2402,,hetero,550.74,52,1,9p1i
7 Details,9p1i_Q,"Actin, cytoplasmic 1",Homo sapiens,375,,9p1i_g,VopV,Vibrio parahaemolyticus,2402,,hetero,589.41,54,1,9p1i
8 Details,9p1i_R,"Actin, cytoplasmic 1",Homo sapiens,375,,9p1i_T,"Actin, cytoplasmic 1",Homo sapiens,375,,homo,1211.06,96,1,9p1i
9 Details,9p1i_R,"Actin, cytoplasmic 1",Homo sapiens,375,,9p1i_W,"Actin, cytoplasmic 1",Homo sapiens,375,,homo,397.14,30,1,9p1i
10 Details,9p1i_R,"Actin, cytoplasmic 1",Homo sapiens,375,,9p1i_X,"Actin, cytoplasmic 1",Homo sapiens,375,,homo,1194.9,101,1,9p1i
11 Details,9p1i_R,"Actin, cytoplasmic 1",Homo sapiens,375,,9p1i_c,VopV,Vibrio parahaemolyticus,2402,,hetero,621.39,57,1,9p1i
12 Details,9p1i_R,"Actin, cytoplasmic 1",Homo sapiens,375,,9p1i_f,VopV,Vibrio parahaemolyticus,2402,,hetero,1106.77,101,1,9p1i
13 Details,9p1i_R,"Actin, cytoplasmic 1",Homo sapiens,375,,9p1i_i,VopV,Vibrio parahaemolyticus,2402,,hetero,539.36,52,1,9p1i
14 Details,9p1i_S,"Actin, cytoplasmic 1",Homo sapiens,375,,9p1i_T,"Actin, cytoplasmic 1",Homo sapiens,375,,homo,393.65,29,1,9p1i
15 Details,9p1i_S,"Actin, cytoplasmic 1",Homo sapiens,375,,9p1i_U,"Actin, cytoplasmic 1",Homo sapiens,375,,homo,1187.73,95,1,9p1i
16 Details,9p1i_S,"Actin, cytoplasmic 1",Homo sapiens,375,,9p1i_V,"Actin, cytoplasmic 1",Homo sapiens,375,,homo,408.94,32,1,9p1i
17 Details,9p1i_S,"Actin, cytoplasmic 1",Homo sapiens,375,,9p1i_d,VopV,Vibrio parahaemolyticus,2402,,hetero,1101.2,95,1,9p1i
18 Details,9p1i_S,"Actin, cytoplasmic 1",Homo sapiens,375,,9p1i_g,VopV,Vibrio parahaemolyticus,2402,,hetero,546.67,51,1,9p1i
19 Details,9p1i_S,"Actin, cytoplasmic 1",Homo sapiens,375,,9p1i_h,VopV,Vibrio parahaemolyticus,2402,,hetero,611.79,58,1,9p1i
20 Details,9p1i_T,"Actin, cytoplasmic 1",Homo sapiens,375,,9p1i_V,"Actin, cytoplasmic 1",Homo sapiens,375,,homo,1179.27,97,1,9p1i
21 Details,9p1i_T,"Actin, cytoplasmic 1",Homo sapiens,375,,9p1i_c,VopV,Vibrio parahaemolyticus,2402,,hetero,544.4,52,1,9p1i
22 Details,9p1i_T,"Actin, cytoplasmic 1",Homo sapiens,375,,9p1i_d,VopV,Vibrio parahaemolyticus,2402,,hetero,607.91,54,1,9p1i
23 Details,9p1i_T,"Actin, cytoplasmic 1",Homo sapiens,375,,9p1i_g,VopV,Vibrio parahaemolyticus,2402,,hetero,1098.18,98,1,9p1i
24 Details,9p1i_U,"Actin, cytoplasmic 1",Homo sapiens,375,,9p1i_V,"Actin, cytoplasmic 1",Homo sapiens,375,,homo,395.4,30,1,9p1i
25 Details,9p1i_U,"Actin, cytoplasmic 1",Homo sapiens,375,,9p1i_e,VopV,Vibrio parahaemolyticus,2402,,hetero,1097.96,95,1,9p1i
26 Details,9p1i_U,"Actin, cytoplasmic 1",Homo sapiens,375,,9p1i_h,VopV,Vibrio parahaemolyticus,2402,,hetero,548.99,50,1,9p1i
27 Details,9p1i_V,"Actin, cytoplasmic 1",Homo sapiens,375,,9p1i_d,VopV,Vibrio parahaemolyticus,2402,,hetero,543.51,52,1,9p1i
28 Details,9p1i_V,"Actin, cytoplasmic 1",Homo sapiens,375,,9p1i_e,VopV,Vibrio parahaemolyticus,2402,,hetero,602.41,57,1,9p1i
29 Details,9p1i_V,"Actin, cytoplasmic 1",Homo sapiens,375,,9p1i_h,VopV,Vibrio parahaemolyticus,2402,,hetero,1103.6,97,1,9p1i
30 Details,9p1i_W,"Actin, cytoplasmic 1",Homo sapiens,375,,9p1i_X,"Actin, cytoplasmic 1",Homo sapiens,375,,homo,407.66,32,1,9p1i
31 Details,9p1i_W,"Actin, cytoplasmic 1",Homo sapiens,375,,9p1i_Y,"Actin, cytoplasmic 1",Homo sapiens,375,,homo,1182.31,97,1,9p1i
32 Details,9p1i_W,"Actin, cytoplasmic 1",Homo sapiens,375,,9p1i_f,VopV,Vibrio parahaemolyticus,2402,,hetero,598.88,56,1,9p1i
33 Details,9p1i_W,"Actin, cytoplasmic 1",Homo sapiens,375,,9p1i_i,VopV,Vibrio parahaemolyticus,2402,,hetero,1101.36,97,1,9p1i
34 Details,9p1i_W,"Actin, cytoplasmic 1",Homo sapiens,375,,9p1i_j,VopV,Vibrio parahaemolyticus,2402,,hetero,555.59,52,1,9p1i
35 Details,9p1i_X,"Actin, cytoplasmic 1",Homo sapiens,375,,9p1i_Y,"Actin, cytoplasmic 1",Homo sapiens,375,,homo,405.5,31,1,9p1i
36 Details,9p1i_X,"Actin, cytoplasmic 1",Homo sapiens,375,,9p1i_Z,"Actin, cytoplasmic 1",Homo sapiens,375,,homo,1186.66,98,1,9p1i
37 Details,9p1i_X,"Actin, cytoplasmic 1",Homo sapiens,375,,9p1i_i,VopV,Vibrio parahaemolyticus,2402,,hetero,606.08,56,1,9p1i
38 Details,9p1i_X,"Actin, cytoplasmic 1",Homo sapiens,375,,9p1i_j,VopV,Vibrio parahaemolyticus,2402,,hetero,1104.99,94,1,9p1i
39 Details,9p1i_X,"Actin, cytoplasmic 1",Homo sapiens,375,,9p1i_k,VopV,Vibrio parahaemolyticus,2402,,hetero,542.36,50,1,9p1i
40 Details,9p1i_Y,"Actin, cytoplasmic 1",Homo sapiens,375,,9p1i_Z,"Actin, cytoplasmic 1",Homo sapiens,375,,homo,406.1,33,1,9p1i
41 Details,9p1i_Y,"Actin, cytoplasmic 1",Homo sapiens,375,,9p1i_a,"Actin, cytoplasmic 1",Homo sapiens,375,,homo,1173.41,96,1,9p1i
42 Details,9p1i_Y,"Actin, cytoplasmic 1",Homo sapiens,375,,9p1i_j,VopV,Vibrio parahaemolyticus,2402,,hetero,598.38,56,1,9p1i
43 Details,9p1i_Y,"Actin, cytoplasmic 1",Homo sapiens,375,,9p1i_k,VopV,Vibrio parahaemolyticus,2402,,hetero,1088.85,96,1,9p1i
44 Details,9p1i_Y,"Actin, cytoplasmic 1",Homo sapiens,375,,9p1i_l,VopV,Vibrio parahaemolyticus,2402,,hetero,538.32,52,1,9p1i
45 Details,9p1i_Z,"Actin, cytoplasmic 1",Homo sapiens,375,,9p1i_a,"Actin, cytoplasmic 1",Homo sapiens,375,,homo,400.55,30,1,9p1i
46 Details,9p1i_Z,"Actin, cytoplasmic 1",Homo sapiens,375,,9p1i_b,"Actin, cytoplasmic 1",Homo sapiens,375,,homo,1172.04,98,1,9p1i
47 Details,9p1i_Z,"Actin, cytoplasmic 1",Homo sapiens,375,,9p1i_k,VopV,Vibrio parahaemolyticus,2402,,hetero,616.77,56,1,9p1i
48 Details,9p1i_Z,"Actin, cytoplasmic 1",Homo sapiens,375,,9p1i_l,VopV,Vibrio parahaemolyticus,2402,,hetero,1085.16,94,1,9p1i
49 Details,9p1i_Z,"Actin, cytoplasmic 1",Homo sapiens,375,,9p1i_m,VopV,Vibrio parahaemolyticus,2402,,hetero,544.85,53,1,9p1i
50 Details,9p1i_a,"Actin, cytoplasmic 1",Homo sapiens,375,,9p1i_b,"Actin, cytoplasmic 1",Homo sapiens,375,,homo,402.7,29,1,9p1i
51 Details,9p1i_a,"Actin, cytoplasmic 1",Homo sapiens,375,,9p1i_l,VopV,Vibrio parahaemolyticus,2402,,hetero,597.62,55,1,9p1i
52 Details,9p1i_a,"Actin, cytoplasmic 1",Homo sapiens,375,,9p1i_m,VopV,Vibrio parahaemolyticus,2402,,hetero,1093.91,96,1,9p1i
53 Details,9p1i_a,"Actin, cytoplasmic 1",Homo sapiens,375,,9p1i_n,VopV,Vibrio parahaemolyticus,2402,,hetero,543.01,52,1,9p1i
54 Details,9p1i_b,"Actin, cytoplasmic 1",Homo sapiens,375,,9p1i_m,VopV,Vibrio parahaemolyticus,2402,,hetero,602.18,56,1,9p1i
55 Details,9p1i_b,"Actin, cytoplasmic 1",Homo sapiens,375,,9p1i_n,VopV,Vibrio parahaemolyticus,2402,,hetero,1093.97,95,1,9p1i
1 Details,6t24_E,"Actin, alpha skeletal muscle",Oryctolagus cuniculus,375,,6t24_D,"Actin, alpha skeletal muscle",Oryctolagus cuniculus,375,,homo,385.52,35,1,6t24
2 Details,6t24_E,"Actin, alpha skeletal muscle",Oryctolagus cuniculus,375,,6t24_C,"Actin, alpha skeletal muscle",Oryctolagus cuniculus,375,,homo,1036.87,90,1,6t24
3 Details,6t24_D,"Actin, alpha skeletal muscle",Oryctolagus cuniculus,375,,6t24_C,"Actin, alpha skeletal muscle",Oryctolagus cuniculus,375,,homo,385.52,35,1,6t24
4 Details,6t24_D,"Actin, alpha skeletal muscle",Oryctolagus cuniculus,375,,6t24_B,"Actin, alpha skeletal muscle",Oryctolagus cuniculus,375,,homo,1036.86,90,1,6t24
5 Details,6t24_C,"Actin, alpha skeletal muscle",Oryctolagus cuniculus,375,,6t24_B,"Actin, alpha skeletal muscle",Oryctolagus cuniculus,375,,homo,385.51,35,1,6t24
6 Details,6t24_C,"Actin, alpha skeletal muscle",Oryctolagus cuniculus,375,,6t24_A,"Actin, alpha skeletal muscle",Oryctolagus cuniculus,375,,homo,1036.88,90,1,6t24
7 Details,6t24_B,"Actin, alpha skeletal muscle",Oryctolagus cuniculus,375,,6t24_A,"Actin, alpha skeletal muscle",Oryctolagus cuniculus,375,,homo,385.53,35,1,6t24
1 Details,7ahq_A,"Actin, alpha skeletal muscle",Oryctolagus cuniculus,377,,7ahq_B,"Actin, alpha skeletal muscle",Oryctolagus cuniculus,377,,homo,433.5,38,1,7ahq
2 Details,7ahq_A,"Actin, alpha skeletal muscle",Oryctolagus cuniculus,377,,7ahq_C,"Actin, alpha skeletal muscle",Oryctolagus cuniculus,377,,homo,1075.24,86,1,7ahq
3 Details,7ahq_B,"Actin, alpha skeletal muscle",Oryctolagus cuniculus,377,,7ahq_C,"Actin, alpha skeletal muscle",Oryctolagus cuniculus,377,,homo,437.96,38,1,7ahq
4 Details,7ahq_B,"Actin, alpha skeletal muscle",Oryctolagus cuniculus,377,,7ahq_D,"Actin, alpha skeletal muscle",Oryctolagus cuniculus,377,,homo,1075.84,84,1,7ahq
5 Details,7ahq_C,"Actin, alpha skeletal muscle",Oryctolagus cuniculus,377,,7ahq_D,"Actin, alpha skeletal muscle",Oryctolagus cuniculus,377,,homo,448.71,40,1,7ahq
6 Details,7ahq_C,"Actin, alpha skeletal muscle",Oryctolagus cuniculus,377,,7ahq_E,"Actin, alpha skeletal muscle",Oryctolagus cuniculus,377,,homo,1072.93,85,1,7ahq
7 Details,7ahq_D,"Actin, alpha skeletal muscle",Oryctolagus cuniculus,377,,7ahq_E,"Actin, alpha skeletal muscle",Oryctolagus cuniculus,377,,homo,441.86,40,1,7ahq
4 Details,6t25_D,"Actin, alpha skeletal muscle",Oryctolagus cuniculus,375,,6t25_E,"Actin, alpha skeletal muscle",Oryctolagus cuniculus,375,,homo,421.89,38,1,6t25
5 Details,6t25_D,"Actin, alpha skeletal muscle",Oryctolagus cuniculus,375,,6t25_B,"Actin, alpha skeletal muscle",Oryctolagus cuniculus,375,,homo,770.16,71,1,6t25
6 Details,6t25_D,"Actin, alpha skeletal muscle",Oryctolagus cuniculus,375,,6t25_C,"Actin, alpha skeletal muscle",Oryctolagus cuniculus,375,,homo,421.92,38,1,6t25
9 Details,6t25_E,"Actin, alpha skeletal muscle",Oryctolagus cuniculus,375,,6t25_C,"Actin, alpha skeletal muscle",Oryctolagus cuniculus,375,,homo,770.15,71,1,6t25
11 Details,6t25_B,"Actin, alpha skeletal muscle",Oryctolagus cuniculus,375,,6t25_C,"Actin, alpha skeletal muscle",Oryctolagus cuniculus,375,,homo,421.91,38,1,6t25
12 Details,6t25_B,"Actin, alpha skeletal muscle",Oryctolagus cuniculus,375,,6t25_A,"Actin, alpha skeletal muscle",Oryctolagus cuniculus,375,,homo,421.92,38,1,6t25
14 Details,6t25_C,"Actin, alpha skeletal muscle",Oryctolagus cuniculus,375,,6t25_A,"Actin, alpha skeletal muscle",Oryctolagus cuniculus,375,,homo,770.18,71,1,6t25
1 Details,7bt7_A,"Actin, alpha skeletal muscle",Gallus gallus,377,,7bt7_B,"Actin, alpha skeletal muscle",Gallus gallus,377,,homo,431.93,39,1,7bt7
2 Details,7bt7_A,"Actin, alpha skeletal muscle",Gallus gallus,377,,7bt7_C,"Actin, alpha skeletal muscle",Gallus gallus,377,,homo,1151.74,100,1,7bt7
3 Details,7bt7_B,"Actin, alpha skeletal muscle",Gallus gallus,377,,7bt7_C,"Actin, alpha skeletal muscle",Gallus gallus,377,,homo,435.9,38,1,7bt7
4 Details,7bt7_B,"Actin, alpha skeletal muscle",Gallus gallus,377,,7bt7_D,"Actin, alpha skeletal muscle",Gallus gallus,377,,homo,1166.92,102,1,7bt7
5 Details,7bt7_C,"Actin, alpha skeletal muscle",Gallus gallus,377,,7bt7_D,"Actin, alpha skeletal muscle",Gallus gallus,377,,homo,406.33,37,1,7bt7
6 Details,7bt7_C,"Actin, alpha skeletal muscle",Gallus gallus,377,,7bt7_E,"Actin, alpha skeletal muscle",Gallus gallus,377,,homo,1174.27,103,1,7bt7
7 Details,7bt7_D,"Actin, alpha skeletal muscle",Gallus gallus,377,,7bt7_E,"Actin, alpha skeletal muscle",Gallus gallus,377,,homo,414.12,38,1,7bt7
1 Details,9p3d_Q,"Actin, alpha skeletal muscle",Oryctolagus cuniculus,372,,9p3d_R,"Actin, alpha skeletal muscle",Oryctolagus cuniculus,372,,homo,424.09,35,1,9p3d
2 Details,9p3d_Q,"Actin, alpha skeletal muscle",Oryctolagus cuniculus,372,,9p3d_S,"Actin, alpha skeletal muscle",Oryctolagus cuniculus,372,,homo,1170.65,94,1,9p3d
3 Details,9p3d_Q,"Actin, alpha skeletal muscle",Oryctolagus cuniculus,372,,9p3d_c,Vibrio VopV,Vibrio cholerae,47,,hetero,1053.52,95,1,9p3d
4 Details,9p3d_Q,"Actin, alpha skeletal muscle",Oryctolagus cuniculus,372,,9p3d_d,Vibrio VopV,Vibrio cholerae,47,,hetero,679.17,60,1,9p3d
5 Details,9p3d_R,"Actin, alpha skeletal muscle",Oryctolagus cuniculus,372,,9p3d_S,"Actin, alpha skeletal muscle",Oryctolagus cuniculus,372,,homo,419.34,34,1,9p3d
6 Details,9p3d_R,"Actin, alpha skeletal muscle",Oryctolagus cuniculus,372,,9p3d_T,"Actin, alpha skeletal muscle",Oryctolagus cuniculus,372,,homo,1197.59,94,1,9p3d
7 Details,9p3d_R,"Actin, alpha skeletal muscle",Oryctolagus cuniculus,372,,9p3d_c,Vibrio VopV,Vibrio cholerae,47,,hetero,508.29,47,1,9p3d
8 Details,9p3d_R,"Actin, alpha skeletal muscle",Oryctolagus cuniculus,372,,9p3d_d,Vibrio VopV,Vibrio cholerae,47,,hetero,1114.96,102,1,9p3d
9 Details,9p3d_R,"Actin, alpha skeletal muscle",Oryctolagus cuniculus,372,,9p3d_e,Vibrio VopV,Vibrio cholerae,47,,hetero,698.53,68,1,9p3d
10 Details,9p3d_S,"Actin, alpha skeletal muscle",Oryctolagus cuniculus,372,,9p3d_T,"Actin, alpha skeletal muscle",Oryctolagus cuniculus,372,,homo,426.17,38,1,9p3d
11 Details,9p3d_S,"Actin, alpha skeletal muscle",Oryctolagus cuniculus,372,,9p3d_U,"Actin, alpha skeletal muscle",Oryctolagus cuniculus,372,,homo,1194.38,103,1,9p3d
12 Details,9p3d_S,"Actin, alpha skeletal muscle",Oryctolagus cuniculus,372,,9p3d_d,Vibrio VopV,Vibrio cholerae,47,,hetero,544.14,50,1,9p3d
13 Details,9p3d_S,"Actin, alpha skeletal muscle",Oryctolagus cuniculus,372,,9p3d_e,Vibrio VopV,Vibrio cholerae,47,,hetero,1109.91,96,1,9p3d
14 Details,9p3d_S,"Actin, alpha skeletal muscle",Oryctolagus cuniculus,372,,9p3d_f,Vibrio VopV,Vibrio cholerae,47,,hetero,676.97,67,1,9p3d
15 Details,9p3d_T,"Actin, alpha skeletal muscle",Oryctolagus cuniculus,372,,9p3d_U,"Actin, alpha skeletal muscle",Oryctolagus cuniculus,372,,homo,425.0,36,1,9p3d
16 Details,9p3d_T,"Actin, alpha skeletal muscle",Oryctolagus cuniculus,372,,9p3d_V,"Actin, alpha skeletal muscle",Oryctolagus cuniculus,372,,homo,1232.87,105,1,9p3d
17 Details,9p3d_T,"Actin, alpha skeletal muscle",Oryctolagus cuniculus,372,,9p3d_e,Vibrio VopV,Vibrio cholerae,47,,hetero,559.52,50,1,9p3d
18 Details,9p3d_T,"Actin, alpha skeletal muscle",Oryctolagus cuniculus,372,,9p3d_f,Vibrio VopV,Vibrio cholerae,47,,hetero,1107.66,98,1,9p3d
19 Details,9p3d_T,"Actin, alpha skeletal muscle",Oryctolagus cuniculus,372,,9p3d_g,Vibrio VopV,Vibrio cholerae,47,,hetero,696.14,64,1,9p3d
20 Details,9p3d_U,"Actin, alpha skeletal muscle",Oryctolagus cuniculus,372,,9p3d_V,"Actin, alpha skeletal muscle",Oryctolagus cuniculus,372,,homo,428.56,38,1,9p3d
21 Details,9p3d_U,"Actin, alpha skeletal muscle",Oryctolagus cuniculus,372,,9p3d_W,"Actin, alpha skeletal muscle",Oryctolagus cuniculus,372,,homo,1183.24,95,1,9p3d
22 Details,9p3d_U,"Actin, alpha skeletal muscle",Oryctolagus cuniculus,372,,9p3d_f,Vibrio VopV,Vibrio cholerae,47,,hetero,558.22,53,1,9p3d
23 Details,9p3d_U,"Actin, alpha skeletal muscle",Oryctolagus cuniculus,372,,9p3d_g,Vibrio VopV,Vibrio cholerae,47,,hetero,1116.58,96,1,9p3d
24 Details,9p3d_U,"Actin, alpha skeletal muscle",Oryctolagus cuniculus,372,,9p3d_h,Vibrio VopV,Vibrio cholerae,47,,hetero,656.38,60,1,9p3d
25 Details,9p3d_V,"Actin, alpha skeletal muscle",Oryctolagus cuniculus,372,,9p3d_W,"Actin, alpha skeletal muscle",Oryctolagus cuniculus,372,,homo,430.13,37,1,9p3d
26 Details,9p3d_V,"Actin, alpha skeletal muscle",Oryctolagus cuniculus,372,,9p3d_X,"Actin, alpha skeletal muscle",Oryctolagus cuniculus,372,,homo,1234.11,102,1,9p3d
27 Details,9p3d_V,"Actin, alpha skeletal muscle",Oryctolagus cuniculus,372,,9p3d_g,Vibrio VopV,Vibrio cholerae,47,,hetero,580.27,48,1,9p3d
28 Details,9p3d_V,"Actin, alpha skeletal muscle",Oryctolagus cuniculus,372,,9p3d_h,Vibrio VopV,Vibrio cholerae,47,,hetero,1131.95,98,1,9p3d
29 Details,9p3d_V,"Actin, alpha skeletal muscle",Oryctolagus cuniculus,372,,9p3d_i,Vibrio VopV,Vibrio cholerae,47,,hetero,671.32,62,1,9p3d
30 Details,9p3d_W,"Actin, alpha skeletal muscle",Oryctolagus cuniculus,372,,9p3d_X,"Actin, alpha skeletal muscle",Oryctolagus cuniculus,372,,homo,427.4,37,1,9p3d
31 Details,9p3d_W,"Actin, alpha skeletal muscle",Oryctolagus cuniculus,372,,9p3d_Y,"Actin, alpha skeletal muscle",Oryctolagus cuniculus,372,,homo,1219.59,100,1,9p3d
32 Details,9p3d_W,"Actin, alpha skeletal muscle",Oryctolagus cuniculus,372,,9p3d_h,Vibrio VopV,Vibrio cholerae,47,,hetero,535.07,47,1,9p3d
33 Details,9p3d_W,"Actin, alpha skeletal muscle",Oryctolagus cuniculus,372,,9p3d_i,Vibrio VopV,Vibrio cholerae,47,,hetero,1157.11,94,1,9p3d
34 Details,9p3d_W,"Actin, alpha skeletal muscle",Oryctolagus cuniculus,372,,9p3d_j,Vibrio VopV,Vibrio cholerae,47,,hetero,673.75,66,1,9p3d
35 Details,9p3d_X,"Actin, alpha skeletal muscle",Oryctolagus cuniculus,372,,9p3d_Y,"Actin, alpha skeletal muscle",Oryctolagus cuniculus,372,,homo,427.05,36,1,9p3d
36 Details,9p3d_X,"Actin, alpha skeletal muscle",Oryctolagus cuniculus,372,,9p3d_Z,"Actin, alpha skeletal muscle",Oryctolagus cuniculus,372,,homo,1189.92,98,1,9p3d
37 Details,9p3d_X,"Actin, alpha skeletal muscle",Oryctolagus cuniculus,372,,9p3d_i,Vibrio VopV,Vibrio cholerae,47,,hetero,561.79,52,1,9p3d
38 Details,9p3d_X,"Actin, alpha skeletal muscle",Oryctolagus cuniculus,372,,9p3d_j,Vibrio VopV,Vibrio cholerae,47,,hetero,1095.51,98,1,9p3d
39 Details,9p3d_X,"Actin, alpha skeletal muscle",Oryctolagus cuniculus,372,,9p3d_k,Vibrio VopV,Vibrio cholerae,47,,hetero,664.92,62,1,9p3d
40 Details,9p3d_Y,"Actin, alpha skeletal muscle",Oryctolagus cuniculus,372,,9p3d_Z,"Actin, alpha skeletal muscle",Oryctolagus cuniculus,372,,homo,431.26,36,1,9p3d
41 Details,9p3d_Y,"Actin, alpha skeletal muscle",Oryctolagus cuniculus,372,,9p3d_a,"Actin, alpha skeletal muscle",Oryctolagus cuniculus,372,,homo,1201.33,98,1,9p3d
42 Details,9p3d_Y,"Actin, alpha skeletal muscle",Oryctolagus cuniculus,372,,9p3d_j,Vibrio VopV,Vibrio cholerae,47,,hetero,542.68,51,1,9p3d
43 Details,9p3d_Y,"Actin, alpha skeletal muscle",Oryctolagus cuniculus,372,,9p3d_k,Vibrio VopV,Vibrio cholerae,47,,hetero,1108.5,98,1,9p3d
44 Details,9p3d_Y,"Actin, alpha skeletal muscle",Oryctolagus cuniculus,372,,9p3d_l,Vibrio VopV,Vibrio cholerae,47,,hetero,682.2,67,1,9p3d
45 Details,9p3d_Z,"Actin, alpha skeletal muscle",Oryctolagus cuniculus,372,,9p3d_a,"Actin, alpha skeletal muscle",Oryctolagus cuniculus,372,,homo,441.54,37,1,9p3d
46 Details,9p3d_Z,"Actin, alpha skeletal muscle",Oryctolagus cuniculus,372,,9p3d_k,Vibrio VopV,Vibrio cholerae,47,,hetero,536.03,52,1,9p3d
47 Details,9p3d_Z,"Actin, alpha skeletal muscle",Oryctolagus cuniculus,372,,9p3d_l,Vibrio VopV,Vibrio cholerae,47,,hetero,1132.57,96,1,9p3d
48 Details,9p3d_Z,"Actin, alpha skeletal muscle",Oryctolagus cuniculus,372,,9p3d_m,Vibrio VopV,Vibrio cholerae,47,,hetero,638.11,60,1,9p3d
49 Details,9p3d_a,"Actin, alpha skeletal muscle",Oryctolagus cuniculus,372,,9p3d_l,Vibrio VopV,Vibrio cholerae,47,,hetero,551.88,51,1,9p3d
50 Details,9p3d_a,"Actin, alpha skeletal muscle",Oryctolagus cuniculus,372,,9p3d_m,Vibrio VopV,Vibrio cholerae,47,,hetero,1128.47,101,1,9p3d
7 Details,6d8c_L,"Actin, alpha skeletal muscle",Gallus gallus,375,,6d8c_J,"Actin, alpha skeletal muscle",Gallus gallus,375,,homo,485.04,42,1,6d8c
8 Details,6d8c_L,"Actin, alpha skeletal muscle",Gallus gallus,375,,6d8c_K,"Actin, alpha skeletal muscle",Gallus gallus,375,,homo,1141.65,100,1,6d8c
9 Details,6d8c_L,"Actin, alpha skeletal muscle",Gallus gallus,375,,6d8c_H,"Actin, alpha skeletal muscle",Gallus gallus,375,,homo,493.21,42,1,6d8c
10 Details,6d8c_L,"Actin, alpha skeletal muscle",Gallus gallus,375,,6d8c_C,Filamin-A,Homo sapiens,306,,hetero,1352.13,120,1,6d8c
11 Details,6d8c_M,"Actin, alpha skeletal muscle",Gallus gallus,375,,6d8c_K,"Actin, alpha skeletal muscle",Gallus gallus,375,,homo,480.72,42,1,6d8c
12 Details,6d8c_M,"Actin, alpha skeletal muscle",Gallus gallus,375,,6d8c_H,"Actin, alpha skeletal muscle",Gallus gallus,375,,homo,1140.48,102,1,6d8c
13 Details,6d8c_M,"Actin, alpha skeletal muscle",Gallus gallus,375,,6d8c_D,Filamin-A,Homo sapiens,306,,hetero,509.91,39,1,6d8c
14 Details,6d8c_M,"Actin, alpha skeletal muscle",Gallus gallus,375,,6d8c_E,Filamin-A,Homo sapiens,306,,hetero,1352.14,120,1,6d8c
15 Details,6d8c_J,"Actin, alpha skeletal muscle",Gallus gallus,375,,6d8c_H,"Actin, alpha skeletal muscle",Gallus gallus,375,,homo,1152.03,103,1,6d8c
16 Details,6d8c_J,"Actin, alpha skeletal muscle",Gallus gallus,375,,6d8c_A,Filamin-A,Homo sapiens,306,,hetero,1352.15,120,1,6d8c
17 Details,6d8c_K,"Actin, alpha skeletal muscle",Gallus gallus,375,,6d8c_H,"Actin, alpha skeletal muscle",Gallus gallus,375,,homo,483.27,42,1,6d8c
18 Details,6d8c_K,"Actin, alpha skeletal muscle",Gallus gallus,375,,6d8c_B,Filamin-A,Homo sapiens,306,,hetero,1352.14,120,1,6d8c
19 Details,6d8c_K,"Actin, alpha skeletal muscle",Gallus gallus,375,,6d8c_C,Filamin-A,Homo sapiens,306,,hetero,511.41,39,1,6d8c
20 Details,6d8c_H,"Actin, alpha skeletal muscle",Gallus gallus,375,,6d8c_D,Filamin-A,Homo sapiens,306,,hetero,1352.11,120,1,6d8c
21 Details,6d8c_H,"Actin, alpha skeletal muscle",Gallus gallus,375,,6d8c_A,Filamin-A,Homo sapiens,306,,hetero,513.5,39,1,6d8c
1 Details,7bti_A,"Actin, alpha skeletal muscle",Gallus gallus,377,,7bti_B,"Actin, alpha skeletal muscle",Gallus gallus,377,,homo,417.17,37,1,7bti
2 Details,7bti_A,"Actin, alpha skeletal muscle",Gallus gallus,377,,7bti_C,"Actin, alpha skeletal muscle",Gallus gallus,377,,homo,1079.88,95,1,7bti
4 Details,7bti_B,"Actin, alpha skeletal muscle",Gallus gallus,377,,7bti_C,"Actin, alpha skeletal muscle",Gallus gallus,377,,homo,467.28,39,1,7bti
5 Details,7bti_B,"Actin, alpha skeletal muscle",Gallus gallus,377,,7bti_D,"Actin, alpha skeletal muscle",Gallus gallus,377,,homo,1109.67,95,1,7bti
8 Details,7bti_C,"Actin, alpha skeletal muscle",Gallus gallus,377,,7bti_D,"Actin, alpha skeletal muscle",Gallus gallus,377,,homo,409.0,34,1,7bti
9 Details,7bti_C,"Actin, alpha skeletal muscle",Gallus gallus,377,,7bti_E,"Actin, alpha skeletal muscle",Gallus gallus,377,,homo,1129.78,93,1,7bti
12 Details,7bti_D,"Actin, alpha skeletal muscle",Gallus gallus,377,,7bti_E,"Actin, alpha skeletal muscle",Gallus gallus,377,,homo,453.67,38,1,7bti
1 Details,5oof_D,"Actin, alpha skeletal muscle",Oryctolagus cuniculus,375,,5oof_E,"Actin, alpha skeletal muscle",Oryctolagus cuniculus,375,,homo,434.33,39,1,5oof
2 Details,5oof_D,"Actin, alpha skeletal muscle",Oryctolagus cuniculus,375,,5oof_B,"Actin, alpha skeletal muscle",Oryctolagus cuniculus,375,,homo,1043.48,94,1,5oof
3 Details,5oof_D,"Actin, alpha skeletal muscle",Oryctolagus cuniculus,375,,5oof_C,"Actin, alpha skeletal muscle",Oryctolagus cuniculus,375,,homo,434.33,39,1,5oof
4 Details,5oof_E,"Actin, alpha skeletal muscle",Oryctolagus cuniculus,375,,5oof_C,"Actin, alpha skeletal muscle",Oryctolagus cuniculus,375,,homo,1043.47,94,1,5oof
5 Details,5oof_A,"Actin, alpha skeletal muscle",Oryctolagus cuniculus,375,,5oof_B,"Actin, alpha skeletal muscle",Oryctolagus cuniculus,375,,homo,434.31,39,1,5oof
6 Details,5oof_A,"Actin, alpha skeletal muscle",Oryctolagus cuniculus,375,,5oof_C,"Actin, alpha skeletal muscle",Oryctolagus cuniculus,375,,homo,1043.47,94,1,5oof
7 Details,5oof_B,"Actin, alpha skeletal muscle",Oryctolagus cuniculus,375,,5oof_C,"Actin, alpha skeletal muscle",Oryctolagus cuniculus,375,,homo,434.32,39,1,5oof
1 Details,6m5g_A,"Actin, alpha skeletal muscle",Gallus gallus,377,,6m5g_B,"Actin, alpha skeletal muscle",Gallus gallus,377,,homo,392.17,33,1,6m5g
2 Details,6m5g_A,"Actin, alpha skeletal muscle",Gallus gallus,377,,6m5g_C,"Actin, alpha skeletal muscle",Gallus gallus,377,,homo,1133.41,97,1,6m5g
3 Details,6m5g_A,"Actin, alpha skeletal muscle",Gallus gallus,377,,6m5g_G,Utrophin,Homo sapiens,269,,hetero,1270.96,108,1,6m5g
4 Details,6m5g_B,"Actin, alpha skeletal muscle",Gallus gallus,377,,6m5g_C,"Actin, alpha skeletal muscle",Gallus gallus,377,,homo,391.7,35,1,6m5g
5 Details,6m5g_B,"Actin, alpha skeletal muscle",Gallus gallus,377,,6m5g_D,"Actin, alpha skeletal muscle",Gallus gallus,377,,homo,1109.24,93,1,6m5g
6 Details,6m5g_B,"Actin, alpha skeletal muscle",Gallus gallus,377,,6m5g_F,Utrophin,Homo sapiens,269,,hetero,1311.72,115,1,6m5g
7 Details,6m5g_C,"Actin, alpha skeletal muscle",Gallus gallus,377,,6m5g_D,"Actin, alpha skeletal muscle",Gallus gallus,377,,homo,380.88,32,1,6m5g
8 Details,6m5g_C,"Actin, alpha skeletal muscle",Gallus gallus,377,,6m5g_E,"Actin, alpha skeletal muscle",Gallus gallus,377,,homo,1104.41,96,1,6m5g
9 Details,6m5g_C,"Actin, alpha skeletal muscle",Gallus gallus,377,,6m5g_G,Utrophin,Homo sapiens,269,,hetero,357.58,32,1,6m5g
10 Details,6m5g_C,"Actin, alpha skeletal muscle",Gallus gallus,377,,6m5g_H,Utrophin,Homo sapiens,269,,hetero,1331.99,115,1,6m5g
11 Details,6m5g_D,"Actin, alpha skeletal muscle",Gallus gallus,377,,6m5g_E,"Actin, alpha skeletal muscle",Gallus gallus,377,,homo,381.21,33,1,6m5g
12 Details,6m5g_D,"Actin, alpha skeletal muscle",Gallus gallus,377,,6m5g_F,Utrophin,Homo sapiens,269,,hetero,351.19,30,1,6m5g
13 Details,6m5g_E,"Actin, alpha skeletal muscle",Gallus gallus,377,,6m5g_H,Utrophin,Homo sapiens,269,,hetero,366.66,33,1,6m5g
1 Details,8uz1_J,"Actin, alpha skeletal muscle",Gallus gallus,372,,8uz1_K,"Actin, alpha skeletal muscle",Gallus gallus,372,,homo,496.22,42,1,8uz1
2 Details,8uz1_J,"Actin, alpha skeletal muscle",Gallus gallus,372,,8uz1_L,"Actin, alpha skeletal muscle",Gallus gallus,372,,homo,1242.68,104,1,8uz1
3 Details,8uz1_K,"Actin, alpha skeletal muscle",Gallus gallus,372,,8uz1_L,"Actin, alpha skeletal muscle",Gallus gallus,372,,homo,492.59,43,1,8uz1
4 Details,8uz1_K,"Actin, alpha skeletal muscle",Gallus gallus,372,,8uz1_M,"Actin, alpha skeletal muscle",Gallus gallus,372,,homo,1236.11,99,1,8uz1
5 Details,8uz1_L,"Actin, alpha skeletal muscle",Gallus gallus,372,,8uz1_M,"Actin, alpha skeletal muscle",Gallus gallus,372,,homo,472.13,43,1,8uz1
6 Details,8uz1_L,"Actin, alpha skeletal muscle",Gallus gallus,372,,8uz1_N,"Actin, alpha skeletal muscle",Gallus gallus,372,,homo,1227.23,97,1,8uz1
7 Details,8uz1_M,"Actin, alpha skeletal muscle",Gallus gallus,372,,8uz1_N,"Actin, alpha skeletal muscle",Gallus gallus,372,,homo,485.36,43,1,8uz1
8 Details,8uz1_M,"Actin, alpha skeletal muscle",Gallus gallus,372,,8uz1_O,"Actin, alpha skeletal muscle",Gallus gallus,372,,homo,1240.63,103,1,8uz1
9 Details,8uz1_N,"Actin, alpha skeletal muscle",Gallus gallus,372,,8uz1_O,"Actin, alpha skeletal muscle",Gallus gallus,372,,homo,474.79,43,1,8uz1
10 Details,8uz1_N,"Actin, alpha skeletal muscle",Gallus gallus,372,,8uz1_P,"Actin, alpha skeletal muscle",Gallus gallus,372,,homo,1230.42,99,1,8uz1
11 Details,8uz1_O,"Actin, alpha skeletal muscle",Gallus gallus,372,,8uz1_P,"Actin, alpha skeletal muscle",Gallus gallus,372,,homo,478.79,45,1,8uz1
12 Details,8uz1_O,"Actin, alpha skeletal muscle",Gallus gallus,372,,8uz1_Q,"Actin, alpha skeletal muscle",Gallus gallus,372,,homo,1238.41,100,1,8uz1
13 Details,8uz1_P,"Actin, alpha skeletal muscle",Gallus gallus,372,,8uz1_Q,"Actin, alpha skeletal muscle",Gallus gallus,372,,homo,477.72,44,1,8uz1
14 Details,8uz1_P,"Actin, alpha skeletal muscle",Gallus gallus,372,,8uz1_R,"Actin, alpha skeletal muscle",Gallus gallus,372,,homo,1261.35,105,1,8uz1
15 Details,8uz1_Q,"Actin, alpha skeletal muscle",Gallus gallus,372,,8uz1_R,"Actin, alpha skeletal muscle",Gallus gallus,372,,homo,487.98,47,1,8uz1
1 Details,8dmy_A,"Actin, alpha cardiac muscle 1",Bos taurus,374,,8dmy_B,"Actin, alpha cardiac muscle 1",Bos taurus,374,,homo,1134.34,89,1,8dmy
2 Details,8dmy_A,"Actin, alpha cardiac muscle 1",Bos taurus,374,,8dmy_C,"Actin, alpha cardiac muscle 1",Bos taurus,374,,homo,332.25,27,1,8dmy
3 Details,8dmy_A,"Actin, alpha cardiac muscle 1",Bos taurus,374,,8dmy_D,"Actin, alpha cardiac muscle 1",Bos taurus,374,,homo,318.47,26,1,8dmy
4 Details,8dmy_B,"Actin, alpha cardiac muscle 1",Bos taurus,374,,8dmy_C,"Actin, alpha cardiac muscle 1",Bos taurus,374,,homo,327.79,26,1,8dmy
5 Details,8dmy_C,"Actin, alpha cardiac muscle 1",Bos taurus,374,,8dmy_D,"Actin, alpha cardiac muscle 1",Bos taurus,374,,homo,1122.75,88,1,8dmy
1 Details,8vfm_B,Cell invasion protein SipA,Salmonella,685,,8vfm_J,"Actin, alpha skeletal muscle",Gallus gallus,377,,hetero,405.3,44,1,8vfm
2 Details,8vfm_B,Cell invasion protein SipA,Salmonella,685,,8vfm_W,"Actin, alpha skeletal muscle",Gallus gallus,377,,hetero,831.74,77,1,8vfm
3 Details,8vfm_A,Cell invasion protein SipA,Salmonella,685,,8vfm_L,"Actin, alpha skeletal muscle",Gallus gallus,377,,hetero,394.44,43,1,8vfm
4 Details,8vfm_A,Cell invasion protein SipA,Salmonella,685,,8vfm_M,"Actin, alpha skeletal muscle",Gallus gallus,377,,hetero,122.22,16,1,8vfm
5 Details,8vfm_A,Cell invasion protein SipA,Salmonella,685,,8vfm_S,"Actin, alpha skeletal muscle",Gallus gallus,377,,hetero,631.15,54,1,8vfm
6 Details,8vfm_A,Cell invasion protein SipA,Salmonella,685,,8vfm_U,"Actin, alpha skeletal muscle",Gallus gallus,377,,hetero,835.76,79,1,8vfm
7 Details,8vfm_C,Cell invasion protein SipA,Salmonella,685,,8vfm_J,"Actin, alpha skeletal muscle",Gallus gallus,377,,hetero,135.29,16,1,8vfm
8 Details,8vfm_C,Cell invasion protein SipA,Salmonella,685,,8vfm_M,"Actin, alpha skeletal muscle",Gallus gallus,377,,hetero,679.7,68,1,8vfm
9 Details,8vfm_C,Cell invasion protein SipA,Salmonella,685,,8vfm_S,"Actin, alpha skeletal muscle",Gallus gallus,377,,hetero,799.03,75,1,8vfm
10 Details,8vfm_C,Cell invasion protein SipA,Salmonella,685,,8vfm_U,"Actin, alpha skeletal muscle",Gallus gallus,377,,hetero,442.71,45,1,8vfm
11 Details,8vfm_I,Cell invasion protein SipA,Salmonella,685,,8vfm_L,"Actin, alpha skeletal muscle",Gallus gallus,377,,hetero,125.19,16,1,8vfm
12 Details,8vfm_I,Cell invasion protein SipA,Salmonella,685,,8vfm_N,"Actin, alpha skeletal muscle",Gallus gallus,377,,hetero,621.97,55,1,8vfm
13 Details,8vfm_I,Cell invasion protein SipA,Salmonella,685,,8vfm_R,"Actin, alpha skeletal muscle",Gallus gallus,377,,hetero,797.36,74,1,8vfm
14 Details,8vfm_J,"Actin, alpha skeletal muscle",Gallus gallus,377,,8vfm_M,"Actin, alpha skeletal muscle",Gallus gallus,377,,homo,522.11,46,1,8vfm
15 Details,8vfm_J,"Actin, alpha skeletal muscle",Gallus gallus,377,,8vfm_S,"Actin, alpha skeletal muscle",Gallus gallus,377,,homo,1175.05,106,1,8vfm
16 Details,8vfm_J,"Actin, alpha skeletal muscle",Gallus gallus,377,,8vfm_W,"Actin, alpha skeletal muscle",Gallus gallus,377,,homo,487.7,44,1,8vfm
17 Details,8vfm_L,"Actin, alpha skeletal muscle",Gallus gallus,377,,8vfm_N,"Actin, alpha skeletal muscle",Gallus gallus,377,,homo,512.29,46,1,8vfm
18 Details,8vfm_L,"Actin, alpha skeletal muscle",Gallus gallus,377,,8vfm_R,"Actin, alpha skeletal muscle",Gallus gallus,377,,homo,1169.1,104,1,8vfm
19 Details,8vfm_L,"Actin, alpha skeletal muscle",Gallus gallus,377,,8vfm_S,"Actin, alpha skeletal muscle",Gallus gallus,377,,homo,1151.59,97,1,8vfm
20 Details,8vfm_L,"Actin, alpha skeletal muscle",Gallus gallus,377,,8vfm_U,"Actin, alpha skeletal muscle",Gallus gallus,377,,homo,492.97,45,1,8vfm
21 Details,8vfm_M,"Actin, alpha skeletal muscle",Gallus gallus,377,,8vfm_S,"Actin, alpha skeletal muscle",Gallus gallus,377,,homo,505.24,45,1,8vfm
22 Details,8vfm_M,"Actin, alpha skeletal muscle",Gallus gallus,377,,8vfm_U,"Actin, alpha skeletal muscle",Gallus gallus,377,,homo,1150.12,100,1,8vfm
23 Details,8vfm_M,"Actin, alpha skeletal muscle",Gallus gallus,377,,8vfm_W,"Actin, alpha skeletal muscle",Gallus gallus,377,,homo,1164.39,104,1,8vfm
24 Details,8vfm_N,"Actin, alpha skeletal muscle",Gallus gallus,377,,8vfm_R,"Actin, alpha skeletal muscle",Gallus gallus,377,,homo,487.7,44,1,8vfm
25 Details,8vfm_N,"Actin, alpha skeletal muscle",Gallus gallus,377,,8vfm_U,"Actin, alpha skeletal muscle",Gallus gallus,377,,homo,1159.51,102,1,8vfm
26 Details,8vfm_S,"Actin, alpha skeletal muscle",Gallus gallus,377,,8vfm_U,"Actin, alpha skeletal muscle",Gallus gallus,377,,homo,491.7,46,1,8vfm
1 Details,5ooe_C,"Actin, alpha skeletal muscle",Oryctolagus cuniculus,375,,5ooe_B,"Actin, alpha skeletal muscle",Oryctolagus cuniculus,375,,homo,367.35,35,1,5ooe
2 Details,5ooe_C,"Actin, alpha skeletal muscle",Oryctolagus cuniculus,375,,5ooe_A,"Actin, alpha skeletal muscle",Oryctolagus cuniculus,375,,homo,868.3,73,1,5ooe
3 Details,5ooe_C,"Actin, alpha skeletal muscle",Oryctolagus cuniculus,375,,5ooe_E,"Actin, alpha skeletal muscle",Oryctolagus cuniculus,375,,homo,868.29,73,1,5ooe
4 Details,5ooe_C,"Actin, alpha skeletal muscle",Oryctolagus cuniculus,375,,5ooe_D,"Actin, alpha skeletal muscle",Oryctolagus cuniculus,375,,homo,367.37,35,1,5ooe
5 Details,5ooe_B,"Actin, alpha skeletal muscle",Oryctolagus cuniculus,375,,5ooe_A,"Actin, alpha skeletal muscle",Oryctolagus cuniculus,375,,homo,367.38,35,1,5ooe
6 Details,5ooe_B,"Actin, alpha skeletal muscle",Oryctolagus cuniculus,375,,5ooe_D,"Actin, alpha skeletal muscle",Oryctolagus cuniculus,375,,homo,868.31,73,1,5ooe
7 Details,5ooe_E,"Actin, alpha skeletal muscle",Oryctolagus cuniculus,375,,5ooe_D,"Actin, alpha skeletal muscle",Oryctolagus cuniculus,375,,homo,367.37,35,1,5ooe
1 Details,6w17_A,Actin-related protein 3,Schizosaccharomyces pombe 972h-,427,,6w17_B,Actin-related protein 2,Schizosaccharomyces pombe 972h-,390,,hetero,408.89,30,1,6w17
2 Details,6w17_A,Actin-related protein 3,Schizosaccharomyces pombe 972h-,427,,6w17_D,Actin-related protein 2/3 complex subunit 2,Schizosaccharomyces pombe 972h-,317,,hetero,1385.17,125,1,6w17
3 Details,6w17_A,Actin-related protein 3,Schizosaccharomyces pombe 972h-,427,,6w17_E,Actin-related protein 2/3 complex subunit 3,Schizosaccharomyces pombe 972h-,174,,hetero,429.59,43,1,6w17
4 Details,6w17_A,Actin-related protein 3,Schizosaccharomyces pombe 972h-,427,,6w17_F,Actin-related protein 2/3 complex subunit 4,Schizosaccharomyces pombe 972h-,168,,hetero,182.96,17,1,6w17
5 Details,6w17_A,Actin-related protein 3,Schizosaccharomyces pombe 972h-,427,,6w17_I,"Actin, alpha skeletal muscle",Oryctolagus cuniculus,377,,hetero,1390.44,122,1,6w17
6 Details,6w17_B,Actin-related protein 2,Schizosaccharomyces pombe 972h-,390,,6w17_C,Actin-related protein 2/3 complex subunit 1,Schizosaccharomyces pombe 972h-,377,,hetero,242.14,24,1,6w17
7 Details,6w17_B,Actin-related protein 2,Schizosaccharomyces pombe 972h-,390,,6w17_F,Actin-related protein 2/3 complex subunit 4,Schizosaccharomyces pombe 972h-,168,,hetero,871.89,73,1,6w17
8 Details,6w17_B,Actin-related protein 2,Schizosaccharomyces pombe 972h-,390,,6w17_G,Actin-related protein 2/3 complex subunit 5,Schizosaccharomyces pombe 972h-,152,,hetero,467.03,39,1,6w17
9 Details,6w17_B,Actin-related protein 2,Schizosaccharomyces pombe 972h-,390,,6w17_I,"Actin, alpha skeletal muscle",Oryctolagus cuniculus,377,,hetero,490.92,34,1,6w17
10 Details,6w17_B,Actin-related protein 2,Schizosaccharomyces pombe 972h-,390,,6w17_J,"Actin, alpha skeletal muscle",Oryctolagus cuniculus,377,,hetero,1078.63,98,1,6w17
12 Details,6w17_C,Actin-related protein 2/3 complex subunit 1,Schizosaccharomyces pombe 972h-,377,,6w17_F,Actin-related protein 2/3 complex subunit 4,Schizosaccharomyces pombe 972h-,168,,hetero,1067.94,101,1,6w17
13 Details,6w17_C,Actin-related protein 2/3 complex subunit 1,Schizosaccharomyces pombe 972h-,377,,6w17_G,Actin-related protein 2/3 complex subunit 5,Schizosaccharomyces pombe 972h-,152,,hetero,576.95,49,1,6w17
14 Details,6w17_D,Actin-related protein 2/3 complex subunit 2,Schizosaccharomyces pombe 972h-,317,,6w17_F,Actin-related protein 2/3 complex subunit 4,Schizosaccharomyces pombe 972h-,168,,hetero,2036.73,145,1,6w17
15 Details,6w17_D,Actin-related protein 2/3 complex subunit 2,Schizosaccharomyces pombe 972h-,317,,6w17_H,Protein dip1,Schizosaccharomyces pombe 972h-,374,,hetero,306.41,21,1,6w17
16 Details,6w17_F,Actin-related protein 2/3 complex subunit 4,Schizosaccharomyces pombe 972h-,168,,6w17_G,Actin-related protein 2/3 complex subunit 5,Schizosaccharomyces pombe 972h-,152,,hetero,990.94,85,1,6w17
17 Details,6w17_F,Actin-related protein 2/3 complex subunit 4,Schizosaccharomyces pombe 972h-,168,,6w17_H,Protein dip1,Schizosaccharomyces pombe 972h-,374,,hetero,968.0,83,1,6w17
18 Details,6w17_I,"Actin, alpha skeletal muscle",Oryctolagus cuniculus,377,,6w17_J,"Actin, alpha skeletal muscle",Oryctolagus cuniculus,377,,homo,454.6,41,1,6w17
19 Details,6w17_I,"Actin, alpha skeletal muscle",Oryctolagus cuniculus,377,,6w17_K,"Actin, alpha skeletal muscle",Oryctolagus cuniculus,377,,homo,1156.82,99,1,6w17
22 Details,6w17_J,"Actin, alpha skeletal muscle",Oryctolagus cuniculus,377,,6w17_K,"Actin, alpha skeletal muscle",Oryctolagus cuniculus,377,,homo,431.79,37,1,6w17
23 Details,6w17_J,"Actin, alpha skeletal muscle",Oryctolagus cuniculus,377,,6w17_L,"Actin, alpha skeletal muscle",Oryctolagus cuniculus,377,,homo,1080.26,96,1,6w17
26 Details,6w17_K,"Actin, alpha skeletal muscle",Oryctolagus cuniculus,377,,6w17_L,"Actin, alpha skeletal muscle",Oryctolagus cuniculus,377,,homo,501.37,43,1,6w17
1 Details,9c21_A,"Actin, cytoplasmic 1",Rattus norvegicus,375,,9c21_B,"Actin, cytoplasmic 1",Rattus norvegicus,375,,homo,1058.97,98,1,9c21
2 Details,9c21_A,"Actin, cytoplasmic 1",Rattus norvegicus,375,,9c21_D,"Actin, cytoplasmic 1",Rattus norvegicus,375,,homo,377.95,37,1,9c21
3 Details,9c21_B,"Actin, cytoplasmic 1",Rattus norvegicus,375,,9c21_C,"Actin, cytoplasmic 1",Rattus norvegicus,375,,homo,1067.23,98,1,9c21
4 Details,9c21_B,"Actin, cytoplasmic 1",Rattus norvegicus,375,,9c21_D,"Actin, cytoplasmic 1",Rattus norvegicus,375,,homo,391.14,39,1,9c21
5 Details,9c21_B,"Actin, cytoplasmic 1",Rattus norvegicus,375,,9c21_E,"Actin, cytoplasmic 1",Rattus norvegicus,375,,homo,389.4,39,1,9c21
6 Details,9c21_C,"Actin, cytoplasmic 1",Rattus norvegicus,375,,9c21_E,"Actin, cytoplasmic 1",Rattus norvegicus,375,,homo,391.68,39,1,9c21
7 Details,9c21_C,"Actin, cytoplasmic 1",Rattus norvegicus,375,,9c21_F,"Actin, cytoplasmic 1",Rattus norvegicus,375,,homo,391.35,39,1,9c21
8 Details,9c21_D,"Actin, cytoplasmic 1",Rattus norvegicus,375,,9c21_E,"Actin, cytoplasmic 1",Rattus norvegicus,375,,homo,1069.07,98,1,9c21
9 Details,9c21_E,"Actin, cytoplasmic 1",Rattus norvegicus,375,,9c21_F,"Actin, cytoplasmic 1",Rattus norvegicus,375,,homo,1067.18,97,1,9c21
1 Details,9zbl_A,"Actin, alpha cardiac muscle 1",Homo sapiens,377,,9zbl_B,"Actin, alpha cardiac muscle 1",Homo sapiens,377,,homo,396.37,32,1,9zbl
2 Details,9zbl_A,"Actin, alpha cardiac muscle 1",Homo sapiens,377,,9zbl_C,"Actin, alpha cardiac muscle 1",Homo sapiens,377,,homo,1169.11,95,1,9zbl
3 Details,9zbl_B,"Actin, alpha cardiac muscle 1",Homo sapiens,377,,9zbl_C,"Actin, alpha cardiac muscle 1",Homo sapiens,377,,homo,391.67,30,1,9zbl
4 Details,9zbl_B,"Actin, alpha cardiac muscle 1",Homo sapiens,377,,9zbl_D,"Actin, alpha cardiac muscle 1",Homo sapiens,377,,homo,1163.73,99,1,9zbl
5 Details,9zbl_C,"Actin, alpha cardiac muscle 1",Homo sapiens,377,,9zbl_D,"Actin, alpha cardiac muscle 1",Homo sapiens,377,,homo,399.26,34,1,9zbl
6 Details,9zbl_C,"Actin, alpha cardiac muscle 1",Homo sapiens,377,,9zbl_E,"Actin, alpha cardiac muscle 1",Homo sapiens,377,,homo,1174.98,97,1,9zbl
7 Details,9zbl_D,"Actin, alpha cardiac muscle 1",Homo sapiens,377,,9zbl_E,"Actin, alpha cardiac muscle 1",Homo sapiens,377,,homo,392.94,34,1,9zbl
8 Details,9zbl_D,"Actin, alpha cardiac muscle 1",Homo sapiens,377,,9zbl_F,"Actin, alpha cardiac muscle 1",Homo sapiens,377,,homo,1168.31,101,1,9zbl
9 Details,9zbl_E,"Actin, alpha cardiac muscle 1",Homo sapiens,377,,9zbl_F,"Actin, alpha cardiac muscle 1",Homo sapiens,377,,homo,401.98,34,1,9zbl
10 Details,9zbl_M,Tropomyosin alpha-1 chain,Homo sapiens,286,,9zbl_N,Tropomyosin alpha-1 chain,Homo sapiens,286,,homo,2837.96,223,1,9zbl
11 Details,9zbl_O,Tropomyosin alpha-1 chain,Homo sapiens,286,,9zbl_P,Tropomyosin alpha-1 chain,Homo sapiens,286,,homo,2765.83,221,1,9zbl
1 Details,6wvt_B,"Actin, alpha skeletal muscle",Oryctolagus cuniculus,377,,6wvt_D,"Actin, alpha skeletal muscle",Oryctolagus cuniculus,377,,homo,482.34,38,1,6wvt
2 Details,6wvt_B,"Actin, alpha skeletal muscle",Oryctolagus cuniculus,377,,6wvt_I,"Actin, alpha skeletal muscle",Oryctolagus cuniculus,377,,homo,1213.11,100,1,6wvt
3 Details,6wvt_B,"Actin, alpha skeletal muscle",Oryctolagus cuniculus,377,,6wvt_N,Catenin alpha-1,Mus musculus,236,,hetero,1161.51,86,1,6wvt
4 Details,6wvt_D,"Actin, alpha skeletal muscle",Oryctolagus cuniculus,377,,6wvt_E,"Actin, alpha skeletal muscle",Oryctolagus cuniculus,377,,homo,1200.21,99,1,6wvt
5 Details,6wvt_D,"Actin, alpha skeletal muscle",Oryctolagus cuniculus,377,,6wvt_I,"Actin, alpha skeletal muscle",Oryctolagus cuniculus,377,,homo,488.04,39,1,6wvt
6 Details,6wvt_D,"Actin, alpha skeletal muscle",Oryctolagus cuniculus,377,,6wvt_K,Catenin alpha-1,Mus musculus,236,,hetero,1152.78,87,1,6wvt
7 Details,6wvt_D,"Actin, alpha skeletal muscle",Oryctolagus cuniculus,377,,6wvt_L,Catenin alpha-1,Mus musculus,236,,hetero,878.18,79,1,6wvt
8 Details,6wvt_E,"Actin, alpha skeletal muscle",Oryctolagus cuniculus,377,,6wvt_F,"Actin, alpha skeletal muscle",Oryctolagus cuniculus,377,,homo,1198.4,100,1,6wvt
9 Details,6wvt_E,"Actin, alpha skeletal muscle",Oryctolagus cuniculus,377,,6wvt_H,"Actin, alpha skeletal muscle",Oryctolagus cuniculus,377,,homo,494.92,40,1,6wvt
10 Details,6wvt_E,"Actin, alpha skeletal muscle",Oryctolagus cuniculus,377,,6wvt_I,"Actin, alpha skeletal muscle",Oryctolagus cuniculus,377,,homo,489.57,40,1,6wvt
11 Details,6wvt_E,"Actin, alpha skeletal muscle",Oryctolagus cuniculus,377,,6wvt_K,Catenin alpha-1,Mus musculus,236,,hetero,854.9,76,1,6wvt
12 Details,6wvt_E,"Actin, alpha skeletal muscle",Oryctolagus cuniculus,377,,6wvt_O,Catenin alpha-1,Mus musculus,236,,hetero,1160.0,87,1,6wvt
13 Details,6wvt_F,"Actin, alpha skeletal muscle",Oryctolagus cuniculus,377,,6wvt_H,"Actin, alpha skeletal muscle",Oryctolagus cuniculus,377,,homo,480.9,40,1,6wvt
14 Details,6wvt_F,"Actin, alpha skeletal muscle",Oryctolagus cuniculus,377,,6wvt_O,Catenin alpha-1,Mus musculus,236,,hetero,865.38,77,1,6wvt
15 Details,6wvt_H,"Actin, alpha skeletal muscle",Oryctolagus cuniculus,377,,6wvt_I,"Actin, alpha skeletal muscle",Oryctolagus cuniculus,377,,homo,1213.67,102,1,6wvt
16 Details,6wvt_H,"Actin, alpha skeletal muscle",Oryctolagus cuniculus,377,,6wvt_Q,Catenin alpha-1,Mus musculus,236,,hetero,1142.02,85,1,6wvt
17 Details,6wvt_H,"Actin, alpha skeletal muscle",Oryctolagus cuniculus,377,,6wvt_X,Catenin alpha-1,Mus musculus,236,,hetero,856.35,77,1,6wvt
18 Details,6wvt_I,"Actin, alpha skeletal muscle",Oryctolagus cuniculus,377,,6wvt_N,Catenin alpha-1,Mus musculus,236,,hetero,841.84,77,1,6wvt
19 Details,6wvt_I,"Actin, alpha skeletal muscle",Oryctolagus cuniculus,377,,6wvt_X,Catenin alpha-1,Mus musculus,236,,hetero,1148.75,85,1,6wvt
20 Details,6wvt_K,Catenin alpha-1,Mus musculus,236,,6wvt_L,Catenin alpha-1,Mus musculus,236,,homo,193.78,13,1,6wvt
21 Details,6wvt_K,Catenin alpha-1,Mus musculus,236,,6wvt_O,Catenin alpha-1,Mus musculus,236,,homo,201.49,13,1,6wvt
22 Details,6wvt_N,Catenin alpha-1,Mus musculus,236,,6wvt_X,Catenin alpha-1,Mus musculus,236,,homo,192.98,13,1,6wvt
23 Details,6wvt_Q,Catenin alpha-1,Mus musculus,236,,6wvt_X,Catenin alpha-1,Mus musculus,236,,homo,196.13,13,1,6wvt
1 Details,5ood_B,"Actin, alpha skeletal muscle",Oryctolagus cuniculus,375,,5ood_C,"Actin, alpha skeletal muscle",Oryctolagus cuniculus,375,,homo,402.48,36,1,5ood
2 Details,5ood_B,"Actin, alpha skeletal muscle",Oryctolagus cuniculus,375,,5ood_A,"Actin, alpha skeletal muscle",Oryctolagus cuniculus,375,,homo,402.46,36,1,5ood
3 Details,5ood_B,"Actin, alpha skeletal muscle",Oryctolagus cuniculus,375,,5ood_D,"Actin, alpha skeletal muscle",Oryctolagus cuniculus,375,,homo,1060.38,88,1,5ood
4 Details,5ood_C,"Actin, alpha skeletal muscle",Oryctolagus cuniculus,375,,5ood_A,"Actin, alpha skeletal muscle",Oryctolagus cuniculus,375,,homo,1060.42,88,1,5ood
5 Details,5ood_C,"Actin, alpha skeletal muscle",Oryctolagus cuniculus,375,,5ood_D,"Actin, alpha skeletal muscle",Oryctolagus cuniculus,375,,homo,402.44,36,1,5ood
6 Details,5ood_C,"Actin, alpha skeletal muscle",Oryctolagus cuniculus,375,,5ood_E,"Actin, alpha skeletal muscle",Oryctolagus cuniculus,375,,homo,1060.38,88,1,5ood
7 Details,5ood_D,"Actin, alpha skeletal muscle",Oryctolagus cuniculus,375,,5ood_E,"Actin, alpha skeletal muscle",Oryctolagus cuniculus,375,,homo,402.44,36,1,5ood
1 Details,8uz0_J,"Actin, alpha skeletal muscle",Gallus gallus,372,,8uz0_K,"Actin, alpha skeletal muscle",Gallus gallus,372,,homo,466.45,39,1,8uz0
2 Details,8uz0_J,"Actin, alpha skeletal muscle",Gallus gallus,372,,8uz0_L,"Actin, alpha skeletal muscle",Gallus gallus,372,,homo,1215.24,101,1,8uz0
3 Details,8uz0_K,"Actin, alpha skeletal muscle",Gallus gallus,372,,8uz0_L,"Actin, alpha skeletal muscle",Gallus gallus,372,,homo,465.61,40,1,8uz0
4 Details,8uz0_K,"Actin, alpha skeletal muscle",Gallus gallus,372,,8uz0_M,"Actin, alpha skeletal muscle",Gallus gallus,372,,homo,1207.23,100,1,8uz0
5 Details,8uz0_L,"Actin, alpha skeletal muscle",Gallus gallus,372,,8uz0_M,"Actin, alpha skeletal muscle",Gallus gallus,372,,homo,458.87,42,1,8uz0
6 Details,8uz0_L,"Actin, alpha skeletal muscle",Gallus gallus,372,,8uz0_N,"Actin, alpha skeletal muscle",Gallus gallus,372,,homo,1206.77,102,1,8uz0
7 Details,8uz0_M,"Actin, alpha skeletal muscle",Gallus gallus,372,,8uz0_N,"Actin, alpha skeletal muscle",Gallus gallus,372,,homo,455.5,40,1,8uz0
8 Details,8uz0_M,"Actin, alpha skeletal muscle",Gallus gallus,372,,8uz0_O,"Actin, alpha skeletal muscle",Gallus gallus,372,,homo,1209.18,97,1,8uz0
9 Details,8uz0_N,"Actin, alpha skeletal muscle",Gallus gallus,372,,8uz0_O,"Actin, alpha skeletal muscle",Gallus gallus,372,,homo,463.49,42,1,8uz0
10 Details,8uz0_N,"Actin, alpha skeletal muscle",Gallus gallus,372,,8uz0_P,"Actin, alpha skeletal muscle",Gallus gallus,372,,homo,1204.49,98,1,8uz0
11 Details,8uz0_O,"Actin, alpha skeletal muscle",Gallus gallus,372,,8uz0_P,"Actin, alpha skeletal muscle",Gallus gallus,372,,homo,466.19,40,1,8uz0
12 Details,8uz0_O,"Actin, alpha skeletal muscle",Gallus gallus,372,,8uz0_Q,"Actin, alpha skeletal muscle",Gallus gallus,372,,homo,1207.48,98,1,8uz0
13 Details,8uz0_P,"Actin, alpha skeletal muscle",Gallus gallus,372,,8uz0_Q,"Actin, alpha skeletal muscle",Gallus gallus,372,,homo,466.87,38,1,8uz0
14 Details,8uz0_P,"Actin, alpha skeletal muscle",Gallus gallus,372,,8uz0_R,"Actin, alpha skeletal muscle",Gallus gallus,372,,homo,1221.6,100,1,8uz0
15 Details,8uz0_Q,"Actin, alpha skeletal muscle",Gallus gallus,372,,8uz0_R,"Actin, alpha skeletal muscle",Gallus gallus,372,,homo,461.82,41,1,8uz0
1 Details,9e2e_A,"Actin, alpha cardiac muscle 1",Mus musculus,377,,9e2e_B,"Actin, alpha cardiac muscle 1",Mus musculus,377,,homo,470.56,44,1,9e2e
2 Details,9e2e_A,"Actin, alpha cardiac muscle 1",Mus musculus,377,,9e2e_C,"Actin, alpha cardiac muscle 1",Mus musculus,377,,homo,1162.58,95,1,9e2e
3 Details,9e2e_A,"Actin, alpha cardiac muscle 1",Mus musculus,377,,9e2e_K,"Isoform A2 of Troponin T, cardiac muscle",Mus musculus,291,,hetero,371.37,32,1,9e2e
4 Details,9e2e_B,"Actin, alpha cardiac muscle 1",Mus musculus,377,,9e2e_C,"Actin, alpha cardiac muscle 1",Mus musculus,377,,homo,452.39,40,1,9e2e
5 Details,9e2e_B,"Actin, alpha cardiac muscle 1",Mus musculus,377,,9e2e_D,"Actin, alpha cardiac muscle 1",Mus musculus,377,,homo,1201.89,100,1,9e2e
6 Details,9e2e_B,"Actin, alpha cardiac muscle 1",Mus musculus,377,,9e2e_N,Tropomyosin alpha-1 chain,Mus musculus,284,,hetero,143.71,12,1,9e2e
7 Details,9e2e_B,"Actin, alpha cardiac muscle 1",Mus musculus,377,,9e2e_P,"Isoform A2 of Troponin T, cardiac muscle",Mus musculus,291,,hetero,325.24,32,1,9e2e
8 Details,9e2e_C,"Actin, alpha cardiac muscle 1",Mus musculus,377,,9e2e_D,"Actin, alpha cardiac muscle 1",Mus musculus,377,,homo,399.87,38,1,9e2e
9 Details,9e2e_C,"Actin, alpha cardiac muscle 1",Mus musculus,377,,9e2e_E,"Actin, alpha cardiac muscle 1",Mus musculus,377,,homo,1215.57,99,1,9e2e
10 Details,9e2e_C,"Actin, alpha cardiac muscle 1",Mus musculus,377,,9e2e_G,Tropomyosin alpha-1 chain,Mus musculus,284,,hetero,140.98,8,1,9e2e
11 Details,9e2e_C,"Actin, alpha cardiac muscle 1",Mus musculus,377,,9e2e_J,Tropomyosin alpha-1 chain,Mus musculus,284,,hetero,126.28,9,1,9e2e
12 Details,9e2e_C,"Actin, alpha cardiac muscle 1",Mus musculus,377,,9e2e_K,"Isoform A2 of Troponin T, cardiac muscle",Mus musculus,291,,hetero,694.32,59,1,9e2e
13 Details,9e2e_D,"Actin, alpha cardiac muscle 1",Mus musculus,377,,9e2e_E,"Actin, alpha cardiac muscle 1",Mus musculus,377,,homo,443.64,45,1,9e2e
14 Details,9e2e_D,"Actin, alpha cardiac muscle 1",Mus musculus,377,,9e2e_F,"Actin, alpha cardiac muscle 1",Mus musculus,377,,homo,1133.37,99,1,9e2e
15 Details,9e2e_D,"Actin, alpha cardiac muscle 1",Mus musculus,377,,9e2e_L,Tropomyosin alpha-1 chain,Mus musculus,284,,hetero,103.04,10,1,9e2e
16 Details,9e2e_D,"Actin, alpha cardiac muscle 1",Mus musculus,377,,9e2e_O,Tropomyosin alpha-1 chain,Mus musculus,284,,hetero,119.18,6,1,9e2e
17 Details,9e2e_D,"Actin, alpha cardiac muscle 1",Mus musculus,377,,9e2e_P,"Isoform A2 of Troponin T, cardiac muscle",Mus musculus,291,,hetero,585.67,52,1,9e2e
18 Details,9e2e_E,"Actin, alpha cardiac muscle 1",Mus musculus,377,,9e2e_F,"Actin, alpha cardiac muscle 1",Mus musculus,377,,homo,451.27,38,1,9e2e
19 Details,9e2e_E,"Actin, alpha cardiac muscle 1",Mus musculus,377,,9e2e_G,Tropomyosin alpha-1 chain,Mus musculus,284,,hetero,143.75,14,1,9e2e
20 Details,9e2e_F,"Actin, alpha cardiac muscle 1",Mus musculus,377,,9e2e_L,Tropomyosin alpha-1 chain,Mus musculus,284,,hetero,181.58,13,1,9e2e
21 Details,9e2e_G,Tropomyosin alpha-1 chain,Mus musculus,284,,9e2e_H,Tropomyosin alpha-1 chain,Mus musculus,284,,homo,1045.46,70,1,9e2e
22 Details,9e2e_G,Tropomyosin alpha-1 chain,Mus musculus,284,,9e2e_I,Tropomyosin alpha-1 chain,Mus musculus,284,,homo,106.75,13,1,9e2e
23 Details,9e2e_G,Tropomyosin alpha-1 chain,Mus musculus,284,,9e2e_J,Tropomyosin alpha-1 chain,Mus musculus,284,,homo,285.67,18,1,9e2e
24 Details,9e2e_G,Tropomyosin alpha-1 chain,Mus musculus,284,,9e2e_K,"Isoform A2 of Troponin T, cardiac muscle",Mus musculus,291,,hetero,150.59,13,1,9e2e
25 Details,9e2e_H,Tropomyosin alpha-1 chain,Mus musculus,284,,9e2e_I,Tropomyosin alpha-1 chain,Mus musculus,284,,homo,244.88,13,1,9e2e
26 Details,9e2e_H,Tropomyosin alpha-1 chain,Mus musculus,284,,9e2e_J,Tropomyosin alpha-1 chain,Mus musculus,284,,homo,156.45,10,1,9e2e
27 Details,9e2e_H,Tropomyosin alpha-1 chain,Mus musculus,284,,9e2e_K,"Isoform A2 of Troponin T, cardiac muscle",Mus musculus,291,,hetero,887.86,72,1,9e2e
28 Details,9e2e_I,Tropomyosin alpha-1 chain,Mus musculus,284,,9e2e_J,Tropomyosin alpha-1 chain,Mus musculus,284,,homo,1668.3,115,1,9e2e
29 Details,9e2e_J,Tropomyosin alpha-1 chain,Mus musculus,284,,9e2e_K,"Isoform A2 of Troponin T, cardiac muscle",Mus musculus,291,,hetero,317.77,22,1,9e2e
30 Details,9e2e_L,Tropomyosin alpha-1 chain,Mus musculus,284,,9e2e_M,Tropomyosin alpha-1 chain,Mus musculus,284,,homo,1018.84,67,1,9e2e
31 Details,9e2e_L,Tropomyosin alpha-1 chain,Mus musculus,284,,9e2e_N,Tropomyosin alpha-1 chain,Mus musculus,284,,homo,168.13,12,1,9e2e
32 Details,9e2e_L,Tropomyosin alpha-1 chain,Mus musculus,284,,9e2e_O,Tropomyosin alpha-1 chain,Mus musculus,284,,homo,234.3,18,1,9e2e
33 Details,9e2e_L,Tropomyosin alpha-1 chain,Mus musculus,284,,9e2e_P,"Isoform A2 of Troponin T, cardiac muscle",Mus musculus,291,,hetero,101.91,12,1,9e2e
34 Details,9e2e_M,Tropomyosin alpha-1 chain,Mus musculus,284,,9e2e_N,Tropomyosin alpha-1 chain,Mus musculus,284,,homo,183.5,14,1,9e2e
35 Details,9e2e_M,Tropomyosin alpha-1 chain,Mus musculus,284,,9e2e_O,Tropomyosin alpha-1 chain,Mus musculus,284,,homo,200.58,15,1,9e2e
36 Details,9e2e_M,Tropomyosin alpha-1 chain,Mus musculus,284,,9e2e_P,"Isoform A2 of Troponin T, cardiac muscle",Mus musculus,291,,hetero,917.7,58,1,9e2e
37 Details,9e2e_N,Tropomyosin alpha-1 chain,Mus musculus,284,,9e2e_O,Tropomyosin alpha-1 chain,Mus musculus,284,,homo,1706.69,118,1,9e2e
38 Details,9e2e_O,Tropomyosin alpha-1 chain,Mus musculus,284,,9e2e_P,"Isoform A2 of Troponin T, cardiac muscle",Mus musculus,291,,hetero,308.6,23,1,9e2e
1 Details,5ooc_A,"Actin, alpha skeletal muscle",Oryctolagus cuniculus,375,,5ooc_C,"Actin, alpha skeletal muscle",Oryctolagus cuniculus,375,,homo,1030.96,88,1,5ooc
2 Details,5ooc_A,"Actin, alpha skeletal muscle",Oryctolagus cuniculus,375,,5ooc_B,"Actin, alpha skeletal muscle",Oryctolagus cuniculus,375,,homo,383.91,35,1,5ooc
3 Details,5ooc_C,"Actin, alpha skeletal muscle",Oryctolagus cuniculus,375,,5ooc_B,"Actin, alpha skeletal muscle",Oryctolagus cuniculus,375,,homo,383.9,35,1,5ooc
4 Details,5ooc_C,"Actin, alpha skeletal muscle",Oryctolagus cuniculus,375,,5ooc_E,"Actin, alpha skeletal muscle",Oryctolagus cuniculus,375,,homo,1030.98,88,1,5ooc
5 Details,5ooc_C,"Actin, alpha skeletal muscle",Oryctolagus cuniculus,375,,5ooc_D,"Actin, alpha skeletal muscle",Oryctolagus cuniculus,375,,homo,383.88,35,1,5ooc
6 Details,5ooc_B,"Actin, alpha skeletal muscle",Oryctolagus cuniculus,375,,5ooc_D,"Actin, alpha skeletal muscle",Oryctolagus cuniculus,375,,homo,1030.99,88,1,5ooc
7 Details,5ooc_E,"Actin, alpha skeletal muscle",Oryctolagus cuniculus,375,,5ooc_D,"Actin, alpha skeletal muscle",Oryctolagus cuniculus,375,,homo,383.91,35,1,5ooc
2 Details,8pvx_C,"Actin, alpha skeletal muscle",Oryctolagus cuniculus,377,,8pvx_E,"Actin, alpha skeletal muscle",Oryctolagus cuniculus,377,,homo,1172.02,102,1,8pvx
3 Details,8pvx_C,"Actin, alpha skeletal muscle",Oryctolagus cuniculus,377,,8pvx_A,"Actin, alpha skeletal muscle",Oryctolagus cuniculus,377,,homo,1170.25,103,1,8pvx
4 Details,8pvx_C,"Actin, alpha skeletal muscle",Oryctolagus cuniculus,377,,8pvx_D,"Actin, alpha skeletal muscle",Oryctolagus cuniculus,377,,homo,424.16,42,1,8pvx
5 Details,8pvx_C,"Actin, alpha skeletal muscle",Oryctolagus cuniculus,377,,8pvx_B,"Actin, alpha skeletal muscle",Oryctolagus cuniculus,377,,homo,420.41,39,1,8pvx
7 Details,8pvx_E,"Actin, alpha skeletal muscle",Oryctolagus cuniculus,377,,8pvx_D,"Actin, alpha skeletal muscle",Oryctolagus cuniculus,377,,homo,414.73,36,1,8pvx
9 Details,8pvx_A,"Actin, alpha skeletal muscle",Oryctolagus cuniculus,377,,8pvx_B,"Actin, alpha skeletal muscle",Oryctolagus cuniculus,377,,homo,439.93,41,1,8pvx
11 Details,8pvx_D,"Actin, alpha skeletal muscle",Oryctolagus cuniculus,377,,8pvx_B,"Actin, alpha skeletal muscle",Oryctolagus cuniculus,377,,homo,1165.76,101,1,8pvx
1 Details,6vec_A,"Actin, alpha skeletal muscle",Oryctolagus cuniculus,377,,6vec_B,"Actin, alpha skeletal muscle",Oryctolagus cuniculus,377,,homo,428.49,38,1,6vec
2 Details,6vec_A,"Actin, alpha skeletal muscle",Oryctolagus cuniculus,377,,6vec_C,"Actin, alpha skeletal muscle",Oryctolagus cuniculus,377,,homo,414.67,36,1,6vec
3 Details,6vec_A,"Actin, alpha skeletal muscle",Oryctolagus cuniculus,377,,6vec_D,"Actin, alpha skeletal muscle",Oryctolagus cuniculus,377,,homo,1097.43,91,1,6vec
4 Details,6vec_A,"Actin, alpha skeletal muscle",Oryctolagus cuniculus,377,,6vec_E,"Actin, alpha skeletal muscle",Oryctolagus cuniculus,377,,homo,1100.93,90,1,6vec
5 Details,6vec_A,"Actin, alpha skeletal muscle",Oryctolagus cuniculus,377,,6vec_a,Epididymis secretory protein Li 37,Homo sapiens,422,,hetero,789.38,74,1,6vec
6 Details,6vec_A,"Actin, alpha skeletal muscle",Oryctolagus cuniculus,377,,6vec_e,Epididymis secretory protein Li 37,Homo sapiens,422,,hetero,379.03,33,1,6vec
7 Details,6vec_B,"Actin, alpha skeletal muscle",Oryctolagus cuniculus,377,,6vec_C,"Actin, alpha skeletal muscle",Oryctolagus cuniculus,377,,homo,1124.56,93,1,6vec
8 Details,6vec_B,"Actin, alpha skeletal muscle",Oryctolagus cuniculus,377,,6vec_D,"Actin, alpha skeletal muscle",Oryctolagus cuniculus,377,,homo,411.68,37,1,6vec
9 Details,6vec_B,"Actin, alpha skeletal muscle",Oryctolagus cuniculus,377,,6vec_F,"Actin, alpha skeletal muscle",Oryctolagus cuniculus,377,,homo,1113.79,92,1,6vec
10 Details,6vec_B,"Actin, alpha skeletal muscle",Oryctolagus cuniculus,377,,6vec_b,Epididymis secretory protein Li 37,Homo sapiens,422,,hetero,790.78,79,1,6vec
11 Details,6vec_B,"Actin, alpha skeletal muscle",Oryctolagus cuniculus,377,,6vec_c,Epididymis secretory protein Li 37,Homo sapiens,422,,hetero,380.17,33,1,6vec
12 Details,6vec_C,"Actin, alpha skeletal muscle",Oryctolagus cuniculus,377,,6vec_E,"Actin, alpha skeletal muscle",Oryctolagus cuniculus,377,,homo,415.64,37,1,6vec
13 Details,6vec_C,"Actin, alpha skeletal muscle",Oryctolagus cuniculus,377,,6vec_G,"Actin, alpha skeletal muscle",Oryctolagus cuniculus,377,,homo,1122.1,94,1,6vec
14 Details,6vec_C,"Actin, alpha skeletal muscle",Oryctolagus cuniculus,377,,6vec_c,Epididymis secretory protein Li 37,Homo sapiens,422,,hetero,823.3,79,1,6vec
15 Details,6vec_C,"Actin, alpha skeletal muscle",Oryctolagus cuniculus,377,,6vec_g,Epididymis secretory protein Li 37,Homo sapiens,422,,hetero,376.48,34,1,6vec
16 Details,6vec_D,"Actin, alpha skeletal muscle",Oryctolagus cuniculus,377,,6vec_F,"Actin, alpha skeletal muscle",Oryctolagus cuniculus,377,,homo,419.9,37,1,6vec
17 Details,6vec_D,"Actin, alpha skeletal muscle",Oryctolagus cuniculus,377,,6vec_H,"Actin, alpha skeletal muscle",Oryctolagus cuniculus,377,,homo,1097.48,90,1,6vec
18 Details,6vec_D,"Actin, alpha skeletal muscle",Oryctolagus cuniculus,377,,6vec_a,Epididymis secretory protein Li 37,Homo sapiens,422,,hetero,401.56,32,1,6vec
19 Details,6vec_D,"Actin, alpha skeletal muscle",Oryctolagus cuniculus,377,,6vec_d,Epididymis secretory protein Li 37,Homo sapiens,422,,hetero,803.5,79,1,6vec
20 Details,6vec_E,"Actin, alpha skeletal muscle",Oryctolagus cuniculus,377,,6vec_G,"Actin, alpha skeletal muscle",Oryctolagus cuniculus,377,,homo,415.64,37,1,6vec
21 Details,6vec_E,"Actin, alpha skeletal muscle",Oryctolagus cuniculus,377,,6vec_I,"Actin, alpha skeletal muscle",Oryctolagus cuniculus,377,,homo,1138.37,98,1,6vec
22 Details,6vec_E,"Actin, alpha skeletal muscle",Oryctolagus cuniculus,377,,6vec_e,Epididymis secretory protein Li 37,Homo sapiens,422,,hetero,786.63,73,1,6vec
23 Details,6vec_E,"Actin, alpha skeletal muscle",Oryctolagus cuniculus,377,,6vec_i,Epididymis secretory protein Li 37,Homo sapiens,422,,hetero,377.22,33,1,6vec
24 Details,6vec_F,"Actin, alpha skeletal muscle",Oryctolagus cuniculus,377,,6vec_H,"Actin, alpha skeletal muscle",Oryctolagus cuniculus,377,,homo,410.23,36,1,6vec
25 Details,6vec_F,"Actin, alpha skeletal muscle",Oryctolagus cuniculus,377,,6vec_J,"Actin, alpha skeletal muscle",Oryctolagus cuniculus,377,,homo,1125.22,93,1,6vec
26 Details,6vec_F,"Actin, alpha skeletal muscle",Oryctolagus cuniculus,377,,6vec_b,Epididymis secretory protein Li 37,Homo sapiens,422,,hetero,375.95,32,1,6vec
27 Details,6vec_F,"Actin, alpha skeletal muscle",Oryctolagus cuniculus,377,,6vec_f,Epididymis secretory protein Li 37,Homo sapiens,422,,hetero,804.37,79,1,6vec
28 Details,6vec_G,"Actin, alpha skeletal muscle",Oryctolagus cuniculus,377,,6vec_I,"Actin, alpha skeletal muscle",Oryctolagus cuniculus,377,,homo,432.7,37,1,6vec
29 Details,6vec_G,"Actin, alpha skeletal muscle",Oryctolagus cuniculus,377,,6vec_K,"Actin, alpha skeletal muscle",Oryctolagus cuniculus,377,,homo,1111.71,92,1,6vec
30 Details,6vec_G,"Actin, alpha skeletal muscle",Oryctolagus cuniculus,377,,6vec_g,Epididymis secretory protein Li 37,Homo sapiens,422,,hetero,799.77,77,1,6vec
31 Details,6vec_G,"Actin, alpha skeletal muscle",Oryctolagus cuniculus,377,,6vec_k,Epididymis secretory protein Li 37,Homo sapiens,422,,hetero,362.06,31,1,6vec
32 Details,6vec_H,"Actin, alpha skeletal muscle",Oryctolagus cuniculus,377,,6vec_J,"Actin, alpha skeletal muscle",Oryctolagus cuniculus,377,,homo,423.32,36,1,6vec
33 Details,6vec_H,"Actin, alpha skeletal muscle",Oryctolagus cuniculus,377,,6vec_d,Epididymis secretory protein Li 37,Homo sapiens,422,,hetero,399.14,34,1,6vec
34 Details,6vec_H,"Actin, alpha skeletal muscle",Oryctolagus cuniculus,377,,6vec_h,Epididymis secretory protein Li 37,Homo sapiens,422,,hetero,809.66,76,1,6vec
35 Details,6vec_I,"Actin, alpha skeletal muscle",Oryctolagus cuniculus,377,,6vec_K,"Actin, alpha skeletal muscle",Oryctolagus cuniculus,377,,homo,443.41,39,1,6vec
36 Details,6vec_I,"Actin, alpha skeletal muscle",Oryctolagus cuniculus,377,,6vec_i,Epididymis secretory protein Li 37,Homo sapiens,422,,hetero,768.14,71,1,6vec
37 Details,6vec_J,"Actin, alpha skeletal muscle",Oryctolagus cuniculus,377,,6vec_f,Epididymis secretory protein Li 37,Homo sapiens,422,,hetero,396.27,33,1,6vec
38 Details,6vec_J,"Actin, alpha skeletal muscle",Oryctolagus cuniculus,377,,6vec_j,Epididymis secretory protein Li 37,Homo sapiens,422,,hetero,817.11,80,1,6vec
39 Details,6vec_K,"Actin, alpha skeletal muscle",Oryctolagus cuniculus,377,,6vec_k,Epididymis secretory protein Li 37,Homo sapiens,422,,hetero,787.61,75,1,6vec
1 Details,6fhl_C,"Actin, alpha skeletal muscle",Oryctolagus cuniculus,375,,6fhl_B,"Actin, alpha skeletal muscle",Oryctolagus cuniculus,375,,homo,444.12,40,1,6fhl
2 Details,6fhl_C,"Actin, alpha skeletal muscle",Oryctolagus cuniculus,375,,6fhl_A,"Actin, alpha skeletal muscle",Oryctolagus cuniculus,375,,homo,1214.47,109,1,6fhl
3 Details,6fhl_C,"Actin, alpha skeletal muscle",Oryctolagus cuniculus,375,,6fhl_E,"Actin, alpha skeletal muscle",Oryctolagus cuniculus,375,,homo,1214.43,109,1,6fhl
4 Details,6fhl_C,"Actin, alpha skeletal muscle",Oryctolagus cuniculus,375,,6fhl_D,"Actin, alpha skeletal muscle",Oryctolagus cuniculus,375,,homo,444.1,40,1,6fhl
5 Details,6fhl_B,"Actin, alpha skeletal muscle",Oryctolagus cuniculus,375,,6fhl_A,"Actin, alpha skeletal muscle",Oryctolagus cuniculus,375,,homo,444.09,40,1,6fhl
6 Details,6fhl_B,"Actin, alpha skeletal muscle",Oryctolagus cuniculus,375,,6fhl_D,"Actin, alpha skeletal muscle",Oryctolagus cuniculus,375,,homo,1214.47,109,1,6fhl
7 Details,6fhl_E,"Actin, alpha skeletal muscle",Oryctolagus cuniculus,375,,6fhl_D,"Actin, alpha skeletal muscle",Oryctolagus cuniculus,375,,homo,444.08,40,1,6fhl
1 Details,8efh_A,beta-cardiac myosin II,Homo sapiens,865,,8efh_F,"Actin, alpha cardiac muscle 1",Sus scrofa,377,,hetero,993.52,89,1,8efh
2 Details,8efh_A,beta-cardiac myosin II,Homo sapiens,865,,8efh_B,"Actin, alpha cardiac muscle 1",Sus scrofa,377,,hetero,145.0,11,1,8efh
3 Details,8efh_F,"Actin, alpha cardiac muscle 1",Sus scrofa,377,,8efh_B,"Actin, alpha cardiac muscle 1",Sus scrofa,377,,homo,1129.49,95,1,8efh
4 Details,8efh_F,"Actin, alpha cardiac muscle 1",Sus scrofa,377,,8efh_C,"Actin, alpha cardiac muscle 1",Sus scrofa,377,,homo,1125.93,92,1,8efh
5 Details,8efh_F,"Actin, alpha cardiac muscle 1",Sus scrofa,377,,8efh_D,"Actin, alpha cardiac muscle 1",Sus scrofa,377,,homo,377.9,32,1,8efh
6 Details,8efh_F,"Actin, alpha cardiac muscle 1",Sus scrofa,377,,8efh_E,"Actin, alpha cardiac muscle 1",Sus scrofa,377,,homo,389.65,33,1,8efh
7 Details,8efh_F,"Actin, alpha cardiac muscle 1",Sus scrofa,377,,8efh_O,Tropomyosin alpha-1 chain,Homo sapiens,284,,hetero,282.11,20,1,8efh
8 Details,8efh_B,"Actin, alpha cardiac muscle 1",Sus scrofa,377,,8efh_D,"Actin, alpha cardiac muscle 1",Sus scrofa,377,,homo,377.65,30,1,8efh
9 Details,8efh_B,"Actin, alpha cardiac muscle 1",Sus scrofa,377,,8efh_P,Tropomyosin alpha-1 chain,Homo sapiens,284,,hetero,216.2,24,1,8efh
10 Details,8efh_C,"Actin, alpha cardiac muscle 1",Sus scrofa,377,,8efh_E,"Actin, alpha cardiac muscle 1",Sus scrofa,377,,homo,378.39,34,1,8efh
11 Details,8efh_C,"Actin, alpha cardiac muscle 1",Sus scrofa,377,,8efh_P,Tropomyosin alpha-1 chain,Homo sapiens,284,,hetero,148.75,17,1,8efh
12 Details,8efh_D,"Actin, alpha cardiac muscle 1",Sus scrofa,377,,8efh_E,"Actin, alpha cardiac muscle 1",Sus scrofa,377,,homo,1113.8,94,1,8efh
13 Details,8efh_O,Tropomyosin alpha-1 chain,Homo sapiens,284,,8efh_P,Tropomyosin alpha-1 chain,Homo sapiens,284,,homo,3500.99,265,1,8efh
1 Details,8zbn_B,"Actin, alpha cardiac muscle 1",Mus musculus,370,,8zbn_I,"Actin, alpha cardiac muscle 1",Mus musculus,370,,homo,392.3,35,1,8zbn
2 Details,8zbn_B,"Actin, alpha cardiac muscle 1",Mus musculus,370,,8zbn_J,"Actin, alpha cardiac muscle 1",Mus musculus,370,,homo,1115.34,90,1,8zbn
3 Details,8zbn_B,"Actin, alpha cardiac muscle 1",Mus musculus,370,,8zbn_K,"Actin, alpha cardiac muscle 1",Mus musculus,370,,homo,1109.08,91,1,8zbn
4 Details,8zbn_B,"Actin, alpha cardiac muscle 1",Mus musculus,370,,8zbn_M,"Actin, alpha cardiac muscle 1",Mus musculus,370,,homo,394.58,35,1,8zbn
5 Details,8zbn_B,"Actin, alpha cardiac muscle 1",Mus musculus,370,,8zbn_S,Tropomyosin alpha-1 chain,Mus musculus,178,,hetero,227.87,19,1,8zbn
6 Details,8zbn_B,"Actin, alpha cardiac muscle 1",Mus musculus,370,,8zbn_A,Myosin-6,Mus musculus,772,,hetero,1016.79,80,1,8zbn
7 Details,8zbn_B,"Actin, alpha cardiac muscle 1",Mus musculus,370,,8zbn_C,Myosin-6,Mus musculus,772,,hetero,170.42,14,1,8zbn
8 Details,8zbn_I,"Actin, alpha cardiac muscle 1",Mus musculus,370,,8zbn_J,"Actin, alpha cardiac muscle 1",Mus musculus,370,,homo,392.8,34,1,8zbn
9 Details,8zbn_I,"Actin, alpha cardiac muscle 1",Mus musculus,370,,8zbn_D,"Actin, alpha cardiac muscle 1",Mus musculus,370,,homo,1095.2,90,1,8zbn
10 Details,8zbn_I,"Actin, alpha cardiac muscle 1",Mus musculus,370,,8zbn_M,"Actin, alpha cardiac muscle 1",Mus musculus,370,,homo,1119.45,91,1,8zbn
11 Details,8zbn_I,"Actin, alpha cardiac muscle 1",Mus musculus,370,,8zbn_R,Tropomyosin alpha-1 chain,Mus musculus,178,,hetero,213.79,18,1,8zbn
12 Details,8zbn_I,"Actin, alpha cardiac muscle 1",Mus musculus,370,,8zbn_H,Myosin-6,Mus musculus,772,,hetero,1031.26,81,1,8zbn
13 Details,8zbn_I,"Actin, alpha cardiac muscle 1",Mus musculus,370,,8zbn_L,Myosin-6,Mus musculus,772,,hetero,170.7,13,1,8zbn
14 Details,8zbn_J,"Actin, alpha cardiac muscle 1",Mus musculus,370,,8zbn_D,"Actin, alpha cardiac muscle 1",Mus musculus,370,,homo,392.3,34,1,8zbn
15 Details,8zbn_J,"Actin, alpha cardiac muscle 1",Mus musculus,370,,8zbn_U,Tropomyosin alpha-1 chain,Mus musculus,178,,hetero,314.39,30,1,8zbn
16 Details,8zbn_J,"Actin, alpha cardiac muscle 1",Mus musculus,370,,8zbn_C,Myosin-6,Mus musculus,772,,hetero,1032.11,82,1,8zbn
17 Details,8zbn_D,"Actin, alpha cardiac muscle 1",Mus musculus,370,,8zbn_T,Tropomyosin alpha-1 chain,Mus musculus,178,,hetero,284.16,26,1,8zbn
18 Details,8zbn_D,"Actin, alpha cardiac muscle 1",Mus musculus,370,,8zbn_L,Myosin-6,Mus musculus,772,,hetero,1032.91,82,1,8zbn
19 Details,8zbn_K,"Actin, alpha cardiac muscle 1",Mus musculus,370,,8zbn_M,"Actin, alpha cardiac muscle 1",Mus musculus,370,,homo,398.53,32,1,8zbn
20 Details,8zbn_K,"Actin, alpha cardiac muscle 1",Mus musculus,370,,8zbn_U,Tropomyosin alpha-1 chain,Mus musculus,178,,hetero,191.96,18,1,8zbn
21 Details,8zbn_K,"Actin, alpha cardiac muscle 1",Mus musculus,370,,8zbn_A,Myosin-6,Mus musculus,772,,hetero,162.79,12,1,8zbn
22 Details,8zbn_K,"Actin, alpha cardiac muscle 1",Mus musculus,370,,8zbn_F,Myosin-6,Mus musculus,772,,hetero,1029.44,80,1,8zbn
23 Details,8zbn_M,"Actin, alpha cardiac muscle 1",Mus musculus,370,,8zbn_T,Tropomyosin alpha-1 chain,Mus musculus,178,,hetero,208.43,17,1,8zbn
24 Details,8zbn_M,"Actin, alpha cardiac muscle 1",Mus musculus,370,,8zbn_G,Myosin-6,Mus musculus,772,,hetero,1017.11,81,1,8zbn
25 Details,8zbn_M,"Actin, alpha cardiac muscle 1",Mus musculus,370,,8zbn_H,Myosin-6,Mus musculus,772,,hetero,167.24,14,1,8zbn
26 Details,8zbn_R,Tropomyosin alpha-1 chain,Mus musculus,178,,8zbn_T,Tropomyosin alpha-1 chain,Mus musculus,178,,homo,3967.92,282,1,8zbn
27 Details,8zbn_R,Tropomyosin alpha-1 chain,Mus musculus,178,,8zbn_L,Myosin-6,Mus musculus,772,,hetero,134.24,12,1,8zbn
28 Details,8zbn_S,Tropomyosin alpha-1 chain,Mus musculus,178,,8zbn_U,Tropomyosin alpha-1 chain,Mus musculus,178,,homo,4009.51,287,1,8zbn
29 Details,8zbn_S,Tropomyosin alpha-1 chain,Mus musculus,178,,8zbn_C,Myosin-6,Mus musculus,772,,hetero,135.36,11,1,8zbn
30 Details,8zbn_U,Tropomyosin alpha-1 chain,Mus musculus,178,,8zbn_A,Myosin-6,Mus musculus,772,,hetero,146.3,12,1,8zbn
1 Details,8p94_A,Actin-related protein 3,Homo sapiens,418,,8p94_B,Actin-related protein 2,Homo sapiens,394,,hetero,689.43,53,1,8p94
2 Details,8p94_A,Actin-related protein 3,Homo sapiens,418,,8p94_D,Actin-related protein 2/3 complex subunit 2,Homo sapiens,300,,hetero,1764.57,160,1,8p94
3 Details,8p94_A,Actin-related protein 3,Homo sapiens,418,,8p94_E,Actin-related protein 2/3 complex subunit 3,Homo sapiens,178,,hetero,1023.47,72,1,8p94
4 Details,8p94_A,Actin-related protein 3,Homo sapiens,418,,8p94_F,Actin-related protein 2/3 complex subunit 4,Homo sapiens,168,,hetero,345.66,24,1,8p94
5 Details,8p94_A,Actin-related protein 3,Homo sapiens,418,,8p94_I,Src substrate cortactin,Mus musculus,546,,hetero,2045.14,172,1,8p94
6 Details,8p94_A,Actin-related protein 3,Homo sapiens,418,,8p94_J,"Actin, cytoplasmic 1",Sus scrofa,375,,hetero,1442.38,123,1,8p94
7 Details,8p94_A,Actin-related protein 3,Homo sapiens,418,,8p94_P,"Actin, cytoplasmic 1",Sus scrofa,375,,hetero,836.94,72,1,8p94
8 Details,8p94_A,Actin-related protein 3,Homo sapiens,418,,8p94_Q,"Actin, cytoplasmic 1",Sus scrofa,375,,hetero,221.24,17,1,8p94
9 Details,8p94_A,Actin-related protein 3,Homo sapiens,418,,8p94_R,"Actin, cytoplasmic 1",Sus scrofa,375,,hetero,251.81,21,1,8p94
10 Details,8p94_B,Actin-related protein 2,Homo sapiens,394,,8p94_C,Actin-related protein 2/3 complex subunit 1B,Homo sapiens,372,,hetero,229.25,19,1,8p94
11 Details,8p94_B,Actin-related protein 2,Homo sapiens,394,,8p94_D,Actin-related protein 2/3 complex subunit 2,Homo sapiens,300,,hetero,195.46,15,1,8p94
12 Details,8p94_B,Actin-related protein 2,Homo sapiens,394,,8p94_E,Actin-related protein 2/3 complex subunit 3,Homo sapiens,178,,hetero,647.69,59,1,8p94
13 Details,8p94_B,Actin-related protein 2,Homo sapiens,394,,8p94_F,Actin-related protein 2/3 complex subunit 4,Homo sapiens,168,,hetero,799.43,70,1,8p94
14 Details,8p94_B,Actin-related protein 2,Homo sapiens,394,,8p94_G,Actin-related protein 2/3 complex subunit 5-like protein,Homo sapiens,153,,hetero,757.96,57,1,8p94
15 Details,8p94_B,Actin-related protein 2,Homo sapiens,394,,8p94_J,"Actin, cytoplasmic 1",Sus scrofa,375,,hetero,522.8,38,1,8p94
16 Details,8p94_B,Actin-related protein 2,Homo sapiens,394,,8p94_K,"Actin, cytoplasmic 1",Sus scrofa,375,,hetero,1154.28,97,1,8p94
18 Details,8p94_C,Actin-related protein 2/3 complex subunit 1B,Homo sapiens,372,,8p94_D,Actin-related protein 2/3 complex subunit 2,Homo sapiens,300,,hetero,259.98,18,1,8p94
19 Details,8p94_C,Actin-related protein 2/3 complex subunit 1B,Homo sapiens,372,,8p94_F,Actin-related protein 2/3 complex subunit 4,Homo sapiens,168,,hetero,1004.56,93,1,8p94
20 Details,8p94_C,Actin-related protein 2/3 complex subunit 1B,Homo sapiens,372,,8p94_G,Actin-related protein 2/3 complex subunit 5-like protein,Homo sapiens,153,,hetero,679.2,56,1,8p94
21 Details,8p94_C,Actin-related protein 2/3 complex subunit 1B,Homo sapiens,372,,8p94_P,"Actin, cytoplasmic 1",Sus scrofa,375,,hetero,404.29,30,1,8p94
22 Details,8p94_C,Actin-related protein 2/3 complex subunit 1B,Homo sapiens,372,,8p94_R,"Actin, cytoplasmic 1",Sus scrofa,375,,hetero,135.16,9,1,8p94
23 Details,8p94_D,Actin-related protein 2/3 complex subunit 2,Homo sapiens,300,,8p94_F,Actin-related protein 2/3 complex subunit 4,Homo sapiens,168,,hetero,2194.13,156,1,8p94
24 Details,8p94_D,Actin-related protein 2/3 complex subunit 2,Homo sapiens,300,,8p94_I,Src substrate cortactin,Mus musculus,546,,hetero,219.61,17,1,8p94
25 Details,8p94_D,Actin-related protein 2/3 complex subunit 2,Homo sapiens,300,,8p94_P,"Actin, cytoplasmic 1",Sus scrofa,375,,hetero,504.57,47,1,8p94
26 Details,8p94_D,Actin-related protein 2/3 complex subunit 2,Homo sapiens,300,,8p94_R,"Actin, cytoplasmic 1",Sus scrofa,375,,hetero,293.53,26,1,8p94
27 Details,8p94_D,Actin-related protein 2/3 complex subunit 2,Homo sapiens,300,,8p94_S,"Actin, cytoplasmic 1",Sus scrofa,375,,hetero,570.21,47,1,8p94
28 Details,8p94_E,Actin-related protein 2/3 complex subunit 3,Homo sapiens,178,,8p94_N,"Actin, cytoplasmic 1",Sus scrofa,375,,hetero,210.83,14,1,8p94
29 Details,8p94_E,Actin-related protein 2/3 complex subunit 3,Homo sapiens,178,,8p94_P,"Actin, cytoplasmic 1",Sus scrofa,375,,hetero,145.96,11,1,8p94
30 Details,8p94_F,Actin-related protein 2/3 complex subunit 4,Homo sapiens,168,,8p94_G,Actin-related protein 2/3 complex subunit 5-like protein,Homo sapiens,153,,hetero,986.03,77,1,8p94
31 Details,8p94_F,Actin-related protein 2/3 complex subunit 4,Homo sapiens,168,,8p94_R,"Actin, cytoplasmic 1",Sus scrofa,375,,hetero,737.1,61,1,8p94
32 Details,8p94_G,Actin-related protein 2/3 complex subunit 5-like protein,Homo sapiens,153,,8p94_J,"Actin, cytoplasmic 1",Sus scrofa,375,,hetero,225.71,15,1,8p94
33 Details,8p94_H,"Actin, cytoplasmic 1",Sus scrofa,375,,8p94_I,Src substrate cortactin,Mus musculus,546,,hetero,402.15,38,1,8p94
34 Details,8p94_H,"Actin, cytoplasmic 1",Sus scrofa,375,,8p94_J,"Actin, cytoplasmic 1",Sus scrofa,375,,homo,1136.07,99,1,8p94
35 Details,8p94_H,"Actin, cytoplasmic 1",Sus scrofa,375,,8p94_K,"Actin, cytoplasmic 1",Sus scrofa,375,,homo,388.94,29,1,8p94
36 Details,8p94_H,"Actin, cytoplasmic 1",Sus scrofa,375,,8p94_U,F-actin-capping protein subunit alpha-1,Mus musculus,286,,hetero,894.48,68,1,8p94
37 Details,8p94_H,"Actin, cytoplasmic 1",Sus scrofa,375,,8p94_V,Isoform 2 of F-actin-capping protein subunit beta,Mus musculus,272,,hetero,146.1,10,1,8p94
38 Details,8p94_H,"Actin, cytoplasmic 1",Sus scrofa,375,,8p94_W,"Actin, cytoplasmic 1",Sus scrofa,375,,homo,372.23,32,1,8p94
41 Details,8p94_I,Src substrate cortactin,Mus musculus,546,,8p94_J,"Actin, cytoplasmic 1",Sus scrofa,375,,hetero,1690.41,149,1,8p94
42 Details,8p94_J,"Actin, cytoplasmic 1",Sus scrofa,375,,8p94_K,"Actin, cytoplasmic 1",Sus scrofa,375,,homo,375.51,31,1,8p94
45 Details,8p94_K,"Actin, cytoplasmic 1",Sus scrofa,375,,8p94_W,"Actin, cytoplasmic 1",Sus scrofa,375,,homo,1137.51,101,1,8p94
48 Details,8p94_N,"Actin, cytoplasmic 1",Sus scrofa,375,,8p94_O,"Actin, cytoplasmic 1",Sus scrofa,375,,homo,413.84,35,1,8p94
49 Details,8p94_N,"Actin, cytoplasmic 1",Sus scrofa,375,,8p94_P,"Actin, cytoplasmic 1",Sus scrofa,375,,homo,1179.95,96,1,8p94
51 Details,8p94_O,"Actin, cytoplasmic 1",Sus scrofa,375,,8p94_P,"Actin, cytoplasmic 1",Sus scrofa,375,,homo,388.17,34,1,8p94
52 Details,8p94_O,"Actin, cytoplasmic 1",Sus scrofa,375,,8p94_Q,"Actin, cytoplasmic 1",Sus scrofa,375,,homo,1172.63,99,1,8p94
55 Details,8p94_P,"Actin, cytoplasmic 1",Sus scrofa,375,,8p94_Q,"Actin, cytoplasmic 1",Sus scrofa,375,,homo,404.72,35,1,8p94
56 Details,8p94_P,"Actin, cytoplasmic 1",Sus scrofa,375,,8p94_R,"Actin, cytoplasmic 1",Sus scrofa,375,,homo,1137.68,100,1,8p94
59 Details,8p94_Q,"Actin, cytoplasmic 1",Sus scrofa,375,,8p94_R,"Actin, cytoplasmic 1",Sus scrofa,375,,homo,396.92,32,1,8p94
60 Details,8p94_Q,"Actin, cytoplasmic 1",Sus scrofa,375,,8p94_S,"Actin, cytoplasmic 1",Sus scrofa,375,,homo,1172.95,94,1,8p94
63 Details,8p94_R,"Actin, cytoplasmic 1",Sus scrofa,375,,8p94_S,"Actin, cytoplasmic 1",Sus scrofa,375,,homo,412.34,35,1,8p94
68 Details,8p94_U,F-actin-capping protein subunit alpha-1,Mus musculus,286,,8p94_V,Isoform 2 of F-actin-capping protein subunit beta,Mus musculus,272,,hetero,3468.3,285,1,8p94
69 Details,8p94_U,F-actin-capping protein subunit alpha-1,Mus musculus,286,,8p94_W,"Actin, cytoplasmic 1",Sus scrofa,375,,hetero,332.47,28,1,8p94
70 Details,8p94_V,Isoform 2 of F-actin-capping protein subunit beta,Mus musculus,272,,8p94_W,"Actin, cytoplasmic 1",Sus scrofa,375,,hetero,999.15,74,1,8p94
1 Details,8uxx_A,Actin-related protein 3,Schizosaccharomyces pombe,427,,8uxx_B,Actin-related protein 2,Schizosaccharomyces pombe,390,,hetero,702.33,59,1,8uxx
2 Details,8uxx_A,Actin-related protein 3,Schizosaccharomyces pombe,427,,8uxx_D,Actin-related protein 2/3 complex subunit 2,Schizosaccharomyces pombe,317,,hetero,1555.78,139,1,8uxx
3 Details,8uxx_A,Actin-related protein 3,Schizosaccharomyces pombe,427,,8uxx_E,Actin-related protein 2/3 complex subunit 3,Schizosaccharomyces pombe,174,,hetero,973.58,74,1,8uxx
4 Details,8uxx_A,Actin-related protein 3,Schizosaccharomyces pombe,427,,8uxx_F,Actin-related protein 2/3 complex subunit 4,Schizosaccharomyces pombe,168,,hetero,367.72,32,1,8uxx
5 Details,8uxx_A,Actin-related protein 3,Schizosaccharomyces pombe,427,,8uxx_H,"Actin, alpha skeletal muscle",Gallus gallus,377,,hetero,1469.46,129,1,8uxx
6 Details,8uxx_A,Actin-related protein 3,Schizosaccharomyces pombe,427,,8uxx_O,"Actin, alpha skeletal muscle",Gallus gallus,377,,hetero,451.06,34,1,8uxx
7 Details,8uxx_A,Actin-related protein 3,Schizosaccharomyces pombe,427,,8uxx_P,"Actin, alpha skeletal muscle",Gallus gallus,377,,hetero,202.62,20,1,8uxx
8 Details,8uxx_B,Actin-related protein 2,Schizosaccharomyces pombe,390,,8uxx_C,Actin-related protein 2/3 complex subunit 1,Schizosaccharomyces pombe,377,,hetero,265.46,31,1,8uxx
9 Details,8uxx_B,Actin-related protein 2,Schizosaccharomyces pombe,390,,8uxx_D,Actin-related protein 2/3 complex subunit 2,Schizosaccharomyces pombe,317,,hetero,197.79,17,1,8uxx
10 Details,8uxx_B,Actin-related protein 2,Schizosaccharomyces pombe,390,,8uxx_E,Actin-related protein 2/3 complex subunit 3,Schizosaccharomyces pombe,174,,hetero,701.22,64,1,8uxx
11 Details,8uxx_B,Actin-related protein 2,Schizosaccharomyces pombe,390,,8uxx_F,Actin-related protein 2/3 complex subunit 4,Schizosaccharomyces pombe,168,,hetero,887.77,83,1,8uxx
12 Details,8uxx_B,Actin-related protein 2,Schizosaccharomyces pombe,390,,8uxx_G,Actin-related protein 2/3 complex subunit 5,Schizosaccharomyces pombe,152,,hetero,597.66,51,1,8uxx
13 Details,8uxx_B,Actin-related protein 2,Schizosaccharomyces pombe,390,,8uxx_H,"Actin, alpha skeletal muscle",Gallus gallus,377,,hetero,484.7,40,1,8uxx
14 Details,8uxx_B,Actin-related protein 2,Schizosaccharomyces pombe,390,,8uxx_I,"Actin, alpha skeletal muscle",Gallus gallus,377,,hetero,1163.16,98,1,8uxx
15 Details,8uxx_C,Actin-related protein 2/3 complex subunit 1,Schizosaccharomyces pombe,377,,8uxx_D,Actin-related protein 2/3 complex subunit 2,Schizosaccharomyces pombe,317,,hetero,274.01,18,1,8uxx
16 Details,8uxx_C,Actin-related protein 2/3 complex subunit 1,Schizosaccharomyces pombe,377,,8uxx_F,Actin-related protein 2/3 complex subunit 4,Schizosaccharomyces pombe,168,,hetero,1198.46,115,1,8uxx
17 Details,8uxx_C,Actin-related protein 2/3 complex subunit 1,Schizosaccharomyces pombe,377,,8uxx_G,Actin-related protein 2/3 complex subunit 5,Schizosaccharomyces pombe,152,,hetero,545.9,51,1,8uxx
18 Details,8uxx_C,Actin-related protein 2/3 complex subunit 1,Schizosaccharomyces pombe,377,,8uxx_O,"Actin, alpha skeletal muscle",Gallus gallus,377,,hetero,498.91,40,1,8uxx
19 Details,8uxx_C,Actin-related protein 2/3 complex subunit 1,Schizosaccharomyces pombe,377,,8uxx_Q,"Actin, alpha skeletal muscle",Gallus gallus,377,,hetero,131.62,11,1,8uxx
20 Details,8uxx_D,Actin-related protein 2/3 complex subunit 2,Schizosaccharomyces pombe,317,,8uxx_F,Actin-related protein 2/3 complex subunit 4,Schizosaccharomyces pombe,168,,hetero,2215.64,158,1,8uxx
21 Details,8uxx_D,Actin-related protein 2/3 complex subunit 2,Schizosaccharomyces pombe,317,,8uxx_O,"Actin, alpha skeletal muscle",Gallus gallus,377,,hetero,301.16,31,1,8uxx
22 Details,8uxx_D,Actin-related protein 2/3 complex subunit 2,Schizosaccharomyces pombe,317,,8uxx_Q,"Actin, alpha skeletal muscle",Gallus gallus,377,,hetero,302.34,29,1,8uxx
23 Details,8uxx_D,Actin-related protein 2/3 complex subunit 2,Schizosaccharomyces pombe,317,,8uxx_R,"Actin, alpha skeletal muscle",Gallus gallus,377,,hetero,599.21,61,1,8uxx
24 Details,8uxx_E,Actin-related protein 2/3 complex subunit 3,Schizosaccharomyces pombe,174,,8uxx_M,"Actin, alpha skeletal muscle",Gallus gallus,377,,hetero,201.13,11,1,8uxx
25 Details,8uxx_E,Actin-related protein 2/3 complex subunit 3,Schizosaccharomyces pombe,174,,8uxx_O,"Actin, alpha skeletal muscle",Gallus gallus,377,,hetero,117.68,11,1,8uxx
26 Details,8uxx_F,Actin-related protein 2/3 complex subunit 4,Schizosaccharomyces pombe,168,,8uxx_G,Actin-related protein 2/3 complex subunit 5,Schizosaccharomyces pombe,152,,hetero,958.75,77,1,8uxx
27 Details,8uxx_F,Actin-related protein 2/3 complex subunit 4,Schizosaccharomyces pombe,168,,8uxx_Q,"Actin, alpha skeletal muscle",Gallus gallus,377,,hetero,779.15,69,1,8uxx
28 Details,8uxx_H,"Actin, alpha skeletal muscle",Gallus gallus,377,,8uxx_I,"Actin, alpha skeletal muscle",Gallus gallus,377,,homo,476.13,45,1,8uxx
29 Details,8uxx_M,"Actin, alpha skeletal muscle",Gallus gallus,377,,8uxx_N,"Actin, alpha skeletal muscle",Gallus gallus,377,,homo,433.27,36,1,8uxx
30 Details,8uxx_M,"Actin, alpha skeletal muscle",Gallus gallus,377,,8uxx_O,"Actin, alpha skeletal muscle",Gallus gallus,377,,homo,1242.27,103,1,8uxx
31 Details,8uxx_N,"Actin, alpha skeletal muscle",Gallus gallus,377,,8uxx_O,"Actin, alpha skeletal muscle",Gallus gallus,377,,homo,479.48,44,1,8uxx
32 Details,8uxx_N,"Actin, alpha skeletal muscle",Gallus gallus,377,,8uxx_P,"Actin, alpha skeletal muscle",Gallus gallus,377,,homo,1215.97,100,1,8uxx
33 Details,8uxx_O,"Actin, alpha skeletal muscle",Gallus gallus,377,,8uxx_P,"Actin, alpha skeletal muscle",Gallus gallus,377,,homo,455.84,41,1,8uxx
34 Details,8uxx_O,"Actin, alpha skeletal muscle",Gallus gallus,377,,8uxx_Q,"Actin, alpha skeletal muscle",Gallus gallus,377,,homo,1147.36,95,1,8uxx
35 Details,8uxx_P,"Actin, alpha skeletal muscle",Gallus gallus,377,,8uxx_Q,"Actin, alpha skeletal muscle",Gallus gallus,377,,homo,437.74,43,1,8uxx
36 Details,8uxx_P,"Actin, alpha skeletal muscle",Gallus gallus,377,,8uxx_R,"Actin, alpha skeletal muscle",Gallus gallus,377,,homo,1201.5,98,1,8uxx
37 Details,8uxx_Q,"Actin, alpha skeletal muscle",Gallus gallus,377,,8uxx_R,"Actin, alpha skeletal muscle",Gallus gallus,377,,homo,459.82,40,1,8uxx
1 Details,5yu8_J,Cofilin-2,Gallus gallus,166,,5yu8_E,"Actin, alpha skeletal muscle",Gallus gallus,375,,hetero,1012.6,88,1,5yu8
2 Details,5yu8_J,Cofilin-2,Gallus gallus,166,,5yu8_C,"Actin, alpha skeletal muscle",Gallus gallus,375,,hetero,749.99,62,1,5yu8
3 Details,5yu8_H,Cofilin-2,Gallus gallus,166,,5yu8_C,"Actin, alpha skeletal muscle",Gallus gallus,375,,hetero,1012.87,88,1,5yu8
4 Details,5yu8_H,Cofilin-2,Gallus gallus,166,,5yu8_A,"Actin, alpha skeletal muscle",Gallus gallus,375,,hetero,741.08,61,1,5yu8
5 Details,5yu8_I,Cofilin-2,Gallus gallus,166,,5yu8_D,"Actin, alpha skeletal muscle",Gallus gallus,375,,hetero,1016.35,89,1,5yu8
6 Details,5yu8_I,Cofilin-2,Gallus gallus,166,,5yu8_B,"Actin, alpha skeletal muscle",Gallus gallus,375,,hetero,745.56,62,1,5yu8
7 Details,5yu8_D,"Actin, alpha skeletal muscle",Gallus gallus,375,,5yu8_E,"Actin, alpha skeletal muscle",Gallus gallus,375,,homo,379.77,31,1,5yu8
8 Details,5yu8_D,"Actin, alpha skeletal muscle",Gallus gallus,375,,5yu8_B,"Actin, alpha skeletal muscle",Gallus gallus,375,,homo,423.26,39,1,5yu8
9 Details,5yu8_D,"Actin, alpha skeletal muscle",Gallus gallus,375,,5yu8_C,"Actin, alpha skeletal muscle",Gallus gallus,375,,homo,379.77,31,1,5yu8
10 Details,5yu8_E,"Actin, alpha skeletal muscle",Gallus gallus,375,,5yu8_C,"Actin, alpha skeletal muscle",Gallus gallus,375,,homo,423.26,39,1,5yu8
11 Details,5yu8_B,"Actin, alpha skeletal muscle",Gallus gallus,375,,5yu8_C,"Actin, alpha skeletal muscle",Gallus gallus,375,,homo,379.77,31,1,5yu8
12 Details,5yu8_B,"Actin, alpha skeletal muscle",Gallus gallus,375,,5yu8_A,"Actin, alpha skeletal muscle",Gallus gallus,375,,homo,379.77,31,1,5yu8
13 Details,5yu8_C,"Actin, alpha skeletal muscle",Gallus gallus,375,,5yu8_A,"Actin, alpha skeletal muscle",Gallus gallus,375,,homo,423.25,39,1,5yu8
1 Details,8dd0_A,"Actin, alpha cardiac muscle 1",Sus scrofa,377,,8dd0_B,"Actin, alpha cardiac muscle 1",Sus scrofa,377,,homo,380.89,33,1,8dd0
2 Details,8dd0_A,"Actin, alpha cardiac muscle 1",Sus scrofa,377,,8dd0_C,"Actin, alpha cardiac muscle 1",Sus scrofa,377,,homo,1127.01,96,1,8dd0
3 Details,8dd0_A,"Actin, alpha cardiac muscle 1",Sus scrofa,377,,8dd0_I,Tropomyosin alpha-1 chain,Sus scrofa,284,,hetero,123.84,12,1,8dd0
4 Details,8dd0_A,"Actin, alpha cardiac muscle 1",Sus scrofa,377,,8dd0_K,"Troponin T2, cardiac type",Sus scrofa,295,,hetero,289.44,33,1,8dd0
5 Details,8dd0_B,"Actin, alpha cardiac muscle 1",Sus scrofa,377,,8dd0_C,"Actin, alpha cardiac muscle 1",Sus scrofa,377,,homo,386.04,34,1,8dd0
6 Details,8dd0_B,"Actin, alpha cardiac muscle 1",Sus scrofa,377,,8dd0_D,"Actin, alpha cardiac muscle 1",Sus scrofa,377,,homo,1127.03,96,1,8dd0
7 Details,8dd0_B,"Actin, alpha cardiac muscle 1",Sus scrofa,377,,8dd0_N,Tropomyosin alpha-1 chain,Sus scrofa,284,,hetero,117.54,10,1,8dd0
8 Details,8dd0_B,"Actin, alpha cardiac muscle 1",Sus scrofa,377,,8dd0_P,"Troponin T2, cardiac type",Sus scrofa,295,,hetero,268.13,27,1,8dd0
9 Details,8dd0_C,"Actin, alpha cardiac muscle 1",Sus scrofa,377,,8dd0_D,"Actin, alpha cardiac muscle 1",Sus scrofa,377,,homo,396.58,35,1,8dd0
10 Details,8dd0_C,"Actin, alpha cardiac muscle 1",Sus scrofa,377,,8dd0_E,"Actin, alpha cardiac muscle 1",Sus scrofa,377,,homo,1132.32,96,1,8dd0
11 Details,8dd0_C,"Actin, alpha cardiac muscle 1",Sus scrofa,377,,8dd0_G,Tropomyosin alpha-1 chain,Sus scrofa,284,,hetero,112.5,13,1,8dd0
12 Details,8dd0_C,"Actin, alpha cardiac muscle 1",Sus scrofa,377,,8dd0_J,Tropomyosin alpha-1 chain,Sus scrofa,284,,hetero,121.74,8,1,8dd0
13 Details,8dd0_C,"Actin, alpha cardiac muscle 1",Sus scrofa,377,,8dd0_K,"Troponin T2, cardiac type",Sus scrofa,295,,hetero,618.72,49,1,8dd0
14 Details,8dd0_D,"Actin, alpha cardiac muscle 1",Sus scrofa,377,,8dd0_E,"Actin, alpha cardiac muscle 1",Sus scrofa,377,,homo,400.56,35,1,8dd0
15 Details,8dd0_D,"Actin, alpha cardiac muscle 1",Sus scrofa,377,,8dd0_F,"Actin, alpha cardiac muscle 1",Sus scrofa,377,,homo,1132.37,96,1,8dd0
16 Details,8dd0_D,"Actin, alpha cardiac muscle 1",Sus scrofa,377,,8dd0_L,Tropomyosin alpha-1 chain,Sus scrofa,284,,hetero,129.91,13,1,8dd0
17 Details,8dd0_D,"Actin, alpha cardiac muscle 1",Sus scrofa,377,,8dd0_O,Tropomyosin alpha-1 chain,Sus scrofa,284,,hetero,111.09,7,1,8dd0
18 Details,8dd0_D,"Actin, alpha cardiac muscle 1",Sus scrofa,377,,8dd0_P,"Troponin T2, cardiac type",Sus scrofa,295,,hetero,652.26,53,1,8dd0
19 Details,8dd0_E,"Actin, alpha cardiac muscle 1",Sus scrofa,377,,8dd0_F,"Actin, alpha cardiac muscle 1",Sus scrofa,377,,homo,397.33,35,1,8dd0
20 Details,8dd0_E,"Actin, alpha cardiac muscle 1",Sus scrofa,377,,8dd0_G,Tropomyosin alpha-1 chain,Sus scrofa,284,,hetero,170.89,15,1,8dd0
21 Details,8dd0_F,"Actin, alpha cardiac muscle 1",Sus scrofa,377,,8dd0_L,Tropomyosin alpha-1 chain,Sus scrofa,284,,hetero,179.1,14,1,8dd0
22 Details,8dd0_G,Tropomyosin alpha-1 chain,Sus scrofa,284,,8dd0_H,Tropomyosin alpha-1 chain,Sus scrofa,284,,homo,1037.05,69,1,8dd0
23 Details,8dd0_G,Tropomyosin alpha-1 chain,Sus scrofa,284,,8dd0_I,Tropomyosin alpha-1 chain,Sus scrofa,284,,homo,155.69,9,1,8dd0
24 Details,8dd0_G,Tropomyosin alpha-1 chain,Sus scrofa,284,,8dd0_J,Tropomyosin alpha-1 chain,Sus scrofa,284,,homo,250.67,15,1,8dd0
25 Details,8dd0_G,Tropomyosin alpha-1 chain,Sus scrofa,284,,8dd0_K,"Troponin T2, cardiac type",Sus scrofa,295,,hetero,104.99,8,1,8dd0
26 Details,8dd0_H,Tropomyosin alpha-1 chain,Sus scrofa,284,,8dd0_I,Tropomyosin alpha-1 chain,Sus scrofa,284,,homo,209.6,14,1,8dd0
27 Details,8dd0_H,Tropomyosin alpha-1 chain,Sus scrofa,284,,8dd0_J,Tropomyosin alpha-1 chain,Sus scrofa,284,,homo,172.46,13,1,8dd0
28 Details,8dd0_H,Tropomyosin alpha-1 chain,Sus scrofa,284,,8dd0_K,"Troponin T2, cardiac type",Sus scrofa,295,,hetero,745.35,58,1,8dd0
29 Details,8dd0_I,Tropomyosin alpha-1 chain,Sus scrofa,284,,8dd0_J,Tropomyosin alpha-1 chain,Sus scrofa,284,,homo,1621.11,106,1,8dd0
30 Details,8dd0_J,Tropomyosin alpha-1 chain,Sus scrofa,284,,8dd0_K,"Troponin T2, cardiac type",Sus scrofa,295,,hetero,323.15,19,1,8dd0
31 Details,8dd0_L,Tropomyosin alpha-1 chain,Sus scrofa,284,,8dd0_M,Tropomyosin alpha-1 chain,Sus scrofa,284,,homo,1066.04,66,1,8dd0
32 Details,8dd0_L,Tropomyosin alpha-1 chain,Sus scrofa,284,,8dd0_N,Tropomyosin alpha-1 chain,Sus scrofa,284,,homo,155.72,9,1,8dd0
33 Details,8dd0_L,Tropomyosin alpha-1 chain,Sus scrofa,284,,8dd0_O,Tropomyosin alpha-1 chain,Sus scrofa,284,,homo,259.05,16,1,8dd0
34 Details,8dd0_M,Tropomyosin alpha-1 chain,Sus scrofa,284,,8dd0_N,Tropomyosin alpha-1 chain,Sus scrofa,284,,homo,197.72,13,1,8dd0
35 Details,8dd0_M,Tropomyosin alpha-1 chain,Sus scrofa,284,,8dd0_O,Tropomyosin alpha-1 chain,Sus scrofa,284,,homo,172.44,13,1,8dd0
36 Details,8dd0_M,Tropomyosin alpha-1 chain,Sus scrofa,284,,8dd0_P,"Troponin T2, cardiac type",Sus scrofa,295,,hetero,770.23,58,1,8dd0
37 Details,8dd0_N,Tropomyosin alpha-1 chain,Sus scrofa,284,,8dd0_O,Tropomyosin alpha-1 chain,Sus scrofa,284,,homo,1627.37,108,1,8dd0
38 Details,8dd0_O,Tropomyosin alpha-1 chain,Sus scrofa,284,,8dd0_P,"Troponin T2, cardiac type",Sus scrofa,295,,hetero,306.01,19,1,8dd0
10 Details,7ad9_B,"Actin, alpha skeletal muscle",Oryctolagus cuniculus,377,,7ad9_D,"Actin, alpha skeletal muscle",Oryctolagus cuniculus,377,,homo,412.11,38,1,7ad9
11 Details,7ad9_B,"Actin, alpha skeletal muscle",Oryctolagus cuniculus,377,,7ad9_H,"Actin, alpha skeletal muscle",Oryctolagus cuniculus,377,,homo,1220.04,105,1,7ad9
15 Details,7ad9_F,"Actin, alpha skeletal muscle",Oryctolagus cuniculus,377,,7ad9_D,"Actin, alpha skeletal muscle",Oryctolagus cuniculus,377,,homo,1208.94,97,1,7ad9
17 Details,7ad9_F,"Actin, alpha skeletal muscle",Oryctolagus cuniculus,377,,7ad9_H,"Actin, alpha skeletal muscle",Oryctolagus cuniculus,377,,homo,407.29,37,1,7ad9
18 Details,7ad9_F,"Actin, alpha skeletal muscle",Oryctolagus cuniculus,377,,7ad9_I,"Actin, alpha skeletal muscle",Oryctolagus cuniculus,377,,homo,383.29,35,1,7ad9
22 Details,7ad9_D,"Actin, alpha skeletal muscle",Oryctolagus cuniculus,377,,7ad9_H,"Actin, alpha skeletal muscle",Oryctolagus cuniculus,377,,homo,386.02,36,1,7ad9
23 Details,7ad9_H,"Actin, alpha skeletal muscle",Oryctolagus cuniculus,377,,7ad9_I,"Actin, alpha skeletal muscle",Oryctolagus cuniculus,377,,homo,1213.86,105,1,7ad9
1 Details,8v30_A,"Actin, gamma-enteric smooth muscle",Homo sapiens,376,,8v30_B,"Actin, gamma-enteric smooth muscle",Homo sapiens,376,,homo,358.55,29,1,8v30
2 Details,8v30_A,"Actin, gamma-enteric smooth muscle",Homo sapiens,376,,8v30_C,"Actin, gamma-enteric smooth muscle",Homo sapiens,376,,homo,1097.27,97,1,8v30
4 Details,8v30_B,"Actin, gamma-enteric smooth muscle",Homo sapiens,376,,8v30_C,"Actin, gamma-enteric smooth muscle",Homo sapiens,376,,homo,360.08,30,1,8v30
5 Details,8v30_B,"Actin, gamma-enteric smooth muscle",Homo sapiens,376,,8v30_D,"Actin, gamma-enteric smooth muscle",Homo sapiens,376,,homo,1092.8,95,1,8v30
8 Details,8v30_C,"Actin, gamma-enteric smooth muscle",Homo sapiens,376,,8v30_D,"Actin, gamma-enteric smooth muscle",Homo sapiens,376,,homo,360.52,29,1,8v30
9 Details,8v30_C,"Actin, gamma-enteric smooth muscle",Homo sapiens,376,,8v30_E,"Actin, gamma-enteric smooth muscle",Homo sapiens,376,,homo,1091.84,94,1,8v30
12 Details,8v30_D,"Actin, gamma-enteric smooth muscle",Homo sapiens,376,,8v30_E,"Actin, gamma-enteric smooth muscle",Homo sapiens,376,,homo,351.23,28,1,8v30
1 Details,6c1g_B,"Actin, alpha skeletal muscle",Oryctolagus cuniculus,375,,6c1g_C,"Actin, alpha skeletal muscle",Oryctolagus cuniculus,375,,homo,446.76,41,1,6c1g
2 Details,6c1g_B,"Actin, alpha skeletal muscle",Oryctolagus cuniculus,375,,6c1g_A,"Actin, alpha skeletal muscle",Oryctolagus cuniculus,375,,homo,447.75,41,1,6c1g
3 Details,6c1g_B,"Actin, alpha skeletal muscle",Oryctolagus cuniculus,375,,6c1g_D,"Actin, alpha skeletal muscle",Oryctolagus cuniculus,375,,homo,1250.0,102,1,6c1g
4 Details,6c1g_B,"Actin, alpha skeletal muscle",Oryctolagus cuniculus,375,,6c1g_P,Unconventional myosin-Ib,Rattus norvegicus,729,,hetero,1230.4,114,1,6c1g
5 Details,6c1g_C,"Actin, alpha skeletal muscle",Oryctolagus cuniculus,375,,6c1g_A,"Actin, alpha skeletal muscle",Oryctolagus cuniculus,375,,homo,1264.51,104,1,6c1g
6 Details,6c1g_C,"Actin, alpha skeletal muscle",Oryctolagus cuniculus,375,,6c1g_D,"Actin, alpha skeletal muscle",Oryctolagus cuniculus,375,,homo,464.42,41,1,6c1g
7 Details,6c1g_C,"Actin, alpha skeletal muscle",Oryctolagus cuniculus,375,,6c1g_E,"Actin, alpha skeletal muscle",Oryctolagus cuniculus,375,,homo,1254.44,102,1,6c1g
8 Details,6c1g_D,"Actin, alpha skeletal muscle",Oryctolagus cuniculus,375,,6c1g_E,"Actin, alpha skeletal muscle",Oryctolagus cuniculus,375,,homo,481.91,42,1,6c1g
9 Details,6c1g_D,"Actin, alpha skeletal muscle",Oryctolagus cuniculus,375,,6c1g_P,Unconventional myosin-Ib,Rattus norvegicus,729,,hetero,550.58,46,1,6c1g
10 Details,6c1g_R,Calmodulin,unidentified,148,,6c1g_P,Unconventional myosin-Ib,Rattus norvegicus,729,,hetero,336.75,44,1,6c1g
1 Details,8uxw_A,Actin-related protein 3,Schizosaccharomyces pombe,427,,8uxw_B,Actin-related protein 2,Schizosaccharomyces pombe,390,,hetero,682.52,56,1,8uxw
2 Details,8uxw_A,Actin-related protein 3,Schizosaccharomyces pombe,427,,8uxw_D,Actin-related protein 2/3 complex subunit 2,Schizosaccharomyces pombe,317,,hetero,1551.06,131,1,8uxw
3 Details,8uxw_A,Actin-related protein 3,Schizosaccharomyces pombe,427,,8uxw_E,Actin-related protein 2/3 complex subunit 3,Schizosaccharomyces pombe,174,,hetero,930.45,68,1,8uxw
4 Details,8uxw_A,Actin-related protein 3,Schizosaccharomyces pombe,427,,8uxw_F,Actin-related protein 2/3 complex subunit 4,Schizosaccharomyces pombe,168,,hetero,331.55,30,1,8uxw
5 Details,8uxw_A,Actin-related protein 3,Schizosaccharomyces pombe,427,,8uxw_H,"Actin, alpha skeletal muscle",Gallus gallus,377,,hetero,1446.1,135,1,8uxw
6 Details,8uxw_A,Actin-related protein 3,Schizosaccharomyces pombe,427,,8uxw_O,"Actin, alpha skeletal muscle",Gallus gallus,377,,hetero,417.54,33,1,8uxw
7 Details,8uxw_A,Actin-related protein 3,Schizosaccharomyces pombe,427,,8uxw_P,"Actin, alpha skeletal muscle",Gallus gallus,377,,hetero,187.54,18,1,8uxw
8 Details,8uxw_B,Actin-related protein 2,Schizosaccharomyces pombe,390,,8uxw_C,Actin-related protein 2/3 complex subunit 1,Schizosaccharomyces pombe,377,,hetero,278.36,26,1,8uxw
9 Details,8uxw_B,Actin-related protein 2,Schizosaccharomyces pombe,390,,8uxw_D,Actin-related protein 2/3 complex subunit 2,Schizosaccharomyces pombe,317,,hetero,198.48,17,1,8uxw
10 Details,8uxw_B,Actin-related protein 2,Schizosaccharomyces pombe,390,,8uxw_E,Actin-related protein 2/3 complex subunit 3,Schizosaccharomyces pombe,174,,hetero,717.23,67,1,8uxw
11 Details,8uxw_B,Actin-related protein 2,Schizosaccharomyces pombe,390,,8uxw_F,Actin-related protein 2/3 complex subunit 4,Schizosaccharomyces pombe,168,,hetero,870.59,79,1,8uxw
12 Details,8uxw_B,Actin-related protein 2,Schizosaccharomyces pombe,390,,8uxw_G,Actin-related protein 2/3 complex subunit 5,Schizosaccharomyces pombe,152,,hetero,608.22,49,1,8uxw
13 Details,8uxw_B,Actin-related protein 2,Schizosaccharomyces pombe,390,,8uxw_H,"Actin, alpha skeletal muscle",Gallus gallus,377,,hetero,474.55,41,1,8uxw
14 Details,8uxw_B,Actin-related protein 2,Schizosaccharomyces pombe,390,,8uxw_I,"Actin, alpha skeletal muscle",Gallus gallus,377,,hetero,1183.86,98,1,8uxw
15 Details,8uxw_C,Actin-related protein 2/3 complex subunit 1,Schizosaccharomyces pombe,377,,8uxw_D,Actin-related protein 2/3 complex subunit 2,Schizosaccharomyces pombe,317,,hetero,279.4,20,1,8uxw
16 Details,8uxw_C,Actin-related protein 2/3 complex subunit 1,Schizosaccharomyces pombe,377,,8uxw_F,Actin-related protein 2/3 complex subunit 4,Schizosaccharomyces pombe,168,,hetero,1173.6,109,1,8uxw
17 Details,8uxw_C,Actin-related protein 2/3 complex subunit 1,Schizosaccharomyces pombe,377,,8uxw_G,Actin-related protein 2/3 complex subunit 5,Schizosaccharomyces pombe,152,,hetero,539.84,50,1,8uxw
18 Details,8uxw_C,Actin-related protein 2/3 complex subunit 1,Schizosaccharomyces pombe,377,,8uxw_O,"Actin, alpha skeletal muscle",Gallus gallus,377,,hetero,504.5,37,1,8uxw
19 Details,8uxw_C,Actin-related protein 2/3 complex subunit 1,Schizosaccharomyces pombe,377,,8uxw_Q,"Actin, alpha skeletal muscle",Gallus gallus,377,,hetero,128.57,11,1,8uxw
20 Details,8uxw_D,Actin-related protein 2/3 complex subunit 2,Schizosaccharomyces pombe,317,,8uxw_F,Actin-related protein 2/3 complex subunit 4,Schizosaccharomyces pombe,168,,hetero,2216.24,155,1,8uxw
21 Details,8uxw_D,Actin-related protein 2/3 complex subunit 2,Schizosaccharomyces pombe,317,,8uxw_O,"Actin, alpha skeletal muscle",Gallus gallus,377,,hetero,316.54,31,1,8uxw
22 Details,8uxw_D,Actin-related protein 2/3 complex subunit 2,Schizosaccharomyces pombe,317,,8uxw_Q,"Actin, alpha skeletal muscle",Gallus gallus,377,,hetero,299.81,26,1,8uxw
23 Details,8uxw_D,Actin-related protein 2/3 complex subunit 2,Schizosaccharomyces pombe,317,,8uxw_R,"Actin, alpha skeletal muscle",Gallus gallus,377,,hetero,589.21,61,1,8uxw
24 Details,8uxw_E,Actin-related protein 2/3 complex subunit 3,Schizosaccharomyces pombe,174,,8uxw_M,"Actin, alpha skeletal muscle",Gallus gallus,377,,hetero,207.17,11,1,8uxw
25 Details,8uxw_E,Actin-related protein 2/3 complex subunit 3,Schizosaccharomyces pombe,174,,8uxw_O,"Actin, alpha skeletal muscle",Gallus gallus,377,,hetero,107.88,10,1,8uxw
26 Details,8uxw_F,Actin-related protein 2/3 complex subunit 4,Schizosaccharomyces pombe,168,,8uxw_G,Actin-related protein 2/3 complex subunit 5,Schizosaccharomyces pombe,152,,hetero,984.43,80,1,8uxw
27 Details,8uxw_F,Actin-related protein 2/3 complex subunit 4,Schizosaccharomyces pombe,168,,8uxw_Q,"Actin, alpha skeletal muscle",Gallus gallus,377,,hetero,774.33,65,1,8uxw
28 Details,8uxw_H,"Actin, alpha skeletal muscle",Gallus gallus,377,,8uxw_I,"Actin, alpha skeletal muscle",Gallus gallus,377,,homo,456.07,43,1,8uxw
29 Details,8uxw_M,"Actin, alpha skeletal muscle",Gallus gallus,377,,8uxw_N,"Actin, alpha skeletal muscle",Gallus gallus,377,,homo,437.86,37,1,8uxw
30 Details,8uxw_M,"Actin, alpha skeletal muscle",Gallus gallus,377,,8uxw_O,"Actin, alpha skeletal muscle",Gallus gallus,377,,homo,1244.85,102,1,8uxw
31 Details,8uxw_N,"Actin, alpha skeletal muscle",Gallus gallus,377,,8uxw_O,"Actin, alpha skeletal muscle",Gallus gallus,377,,homo,477.67,42,1,8uxw
32 Details,8uxw_N,"Actin, alpha skeletal muscle",Gallus gallus,377,,8uxw_P,"Actin, alpha skeletal muscle",Gallus gallus,377,,homo,1221.19,104,1,8uxw
33 Details,8uxw_O,"Actin, alpha skeletal muscle",Gallus gallus,377,,8uxw_P,"Actin, alpha skeletal muscle",Gallus gallus,377,,homo,460.13,39,1,8uxw
34 Details,8uxw_O,"Actin, alpha skeletal muscle",Gallus gallus,377,,8uxw_Q,"Actin, alpha skeletal muscle",Gallus gallus,377,,homo,1146.87,92,1,8uxw
35 Details,8uxw_P,"Actin, alpha skeletal muscle",Gallus gallus,377,,8uxw_Q,"Actin, alpha skeletal muscle",Gallus gallus,377,,homo,423.06,37,1,8uxw
36 Details,8uxw_P,"Actin, alpha skeletal muscle",Gallus gallus,377,,8uxw_R,"Actin, alpha skeletal muscle",Gallus gallus,377,,homo,1201.2,101,1,8uxw
37 Details,8uxw_Q,"Actin, alpha skeletal muscle",Gallus gallus,377,,8uxw_R,"Actin, alpha skeletal muscle",Gallus gallus,377,,homo,445.37,40,1,8uxw
1 Details,8enc_M,Myosin-7,Homo sapiens,1935,,8enc_B,"Actin, alpha cardiac muscle 1",Sus scrofa,377,,hetero,155.44,17,1,8enc
2 Details,8enc_M,Myosin-7,Homo sapiens,1935,,8enc_F,"Actin, alpha cardiac muscle 1",Sus scrofa,377,,hetero,1069.97,99,1,8enc
3 Details,8enc_B,"Actin, alpha cardiac muscle 1",Sus scrofa,377,,8enc_D,"Actin, alpha cardiac muscle 1",Sus scrofa,377,,homo,405.1,33,1,8enc
4 Details,8enc_B,"Actin, alpha cardiac muscle 1",Sus scrofa,377,,8enc_F,"Actin, alpha cardiac muscle 1",Sus scrofa,377,,homo,1099.35,95,1,8enc
5 Details,8enc_B,"Actin, alpha cardiac muscle 1",Sus scrofa,377,,8enc_P,Tropomyosin alpha-1 chain,Homo sapiens,284,,hetero,158.62,23,1,8enc
6 Details,8enc_C,"Actin, alpha cardiac muscle 1",Sus scrofa,377,,8enc_E,"Actin, alpha cardiac muscle 1",Sus scrofa,377,,homo,371.3,33,1,8enc
7 Details,8enc_C,"Actin, alpha cardiac muscle 1",Sus scrofa,377,,8enc_F,"Actin, alpha cardiac muscle 1",Sus scrofa,377,,homo,1142.17,99,1,8enc
8 Details,8enc_C,"Actin, alpha cardiac muscle 1",Sus scrofa,377,,8enc_P,Tropomyosin alpha-1 chain,Homo sapiens,284,,hetero,174.78,14,1,8enc
9 Details,8enc_D,"Actin, alpha cardiac muscle 1",Sus scrofa,377,,8enc_E,"Actin, alpha cardiac muscle 1",Sus scrofa,377,,homo,1120.33,103,1,8enc
10 Details,8enc_D,"Actin, alpha cardiac muscle 1",Sus scrofa,377,,8enc_F,"Actin, alpha cardiac muscle 1",Sus scrofa,377,,homo,413.92,36,1,8enc
11 Details,8enc_E,"Actin, alpha cardiac muscle 1",Sus scrofa,377,,8enc_F,"Actin, alpha cardiac muscle 1",Sus scrofa,377,,homo,407.83,34,1,8enc
12 Details,8enc_F,"Actin, alpha cardiac muscle 1",Sus scrofa,377,,8enc_O,Tropomyosin alpha-1 chain,Homo sapiens,284,,hetero,195.36,16,1,8enc
13 Details,8enc_O,Tropomyosin alpha-1 chain,Homo sapiens,284,,8enc_P,Tropomyosin alpha-1 chain,Homo sapiens,284,,homo,3188.46,259,1,8enc
1 Details,8oi6_A,"Actin, cytoplasmic 1",Bos taurus,375,,8oi6_B,"Actin, cytoplasmic 1",Bos taurus,375,,homo,397.42,36,1,8oi6
2 Details,8oi6_A,"Actin, cytoplasmic 1",Bos taurus,375,,8oi6_C,"Actin, cytoplasmic 1",Bos taurus,375,,homo,1121.27,94,1,8oi6
4 Details,8oi6_B,"Actin, cytoplasmic 1",Bos taurus,375,,8oi6_C,"Actin, cytoplasmic 1",Bos taurus,375,,homo,424.38,38,1,8oi6
5 Details,8oi6_B,"Actin, cytoplasmic 1",Bos taurus,375,,8oi6_D,"Actin, cytoplasmic 1",Bos taurus,375,,homo,989.17,89,1,8oi6
8 Details,8oi6_C,"Actin, cytoplasmic 1",Bos taurus,375,,8oi6_D,"Actin, cytoplasmic 1",Bos taurus,375,,homo,414.92,35,1,8oi6
1 Details,8v2z_A,"Actin, gamma-enteric smooth muscle",Homo sapiens,376,,8v2z_B,"Actin, gamma-enteric smooth muscle",Homo sapiens,376,,homo,384.97,31,1,8v2z
2 Details,8v2z_A,"Actin, gamma-enteric smooth muscle",Homo sapiens,376,,8v2z_C,"Actin, gamma-enteric smooth muscle",Homo sapiens,376,,homo,1148.84,96,1,8v2z
3 Details,8v2z_B,"Actin, gamma-enteric smooth muscle",Homo sapiens,376,,8v2z_C,"Actin, gamma-enteric smooth muscle",Homo sapiens,376,,homo,398.37,32,1,8v2z
4 Details,8v2z_B,"Actin, gamma-enteric smooth muscle",Homo sapiens,376,,8v2z_D,"Actin, gamma-enteric smooth muscle",Homo sapiens,376,,homo,1155.59,98,1,8v2z
5 Details,8v2z_C,"Actin, gamma-enteric smooth muscle",Homo sapiens,376,,8v2z_D,"Actin, gamma-enteric smooth muscle",Homo sapiens,376,,homo,397.17,30,1,8v2z
6 Details,8v2z_C,"Actin, gamma-enteric smooth muscle",Homo sapiens,376,,8v2z_E,"Actin, gamma-enteric smooth muscle",Homo sapiens,376,,homo,1149.2,99,1,8v2z
7 Details,8v2z_D,"Actin, gamma-enteric smooth muscle",Homo sapiens,376,,8v2z_E,"Actin, gamma-enteric smooth muscle",Homo sapiens,376,,homo,399.69,31,1,8v2z
6 Details,6u96_E,"Actin, alpha skeletal muscle",Oryctolagus cuniculus,377,,6u96_A,"Actin, alpha skeletal muscle",Oryctolagus cuniculus,377,,homo,968.8,82,1,6u96
7 Details,6u96_E,"Actin, alpha skeletal muscle",Oryctolagus cuniculus,377,,6u96_C,"Actin, alpha skeletal muscle",Oryctolagus cuniculus,377,,homo,285.64,23,1,6u96
9 Details,6u96_D,"Actin, alpha skeletal muscle",Oryctolagus cuniculus,377,,6u96_A,"Actin, alpha skeletal muscle",Oryctolagus cuniculus,377,,homo,976.84,83,1,6u96
10 Details,6u96_D,"Actin, alpha skeletal muscle",Oryctolagus cuniculus,377,,6u96_B,"Actin, alpha skeletal muscle",Oryctolagus cuniculus,377,,homo,289.05,25,1,6u96
14 Details,6u96_A,"Actin, alpha skeletal muscle",Oryctolagus cuniculus,377,,6u96_C,"Actin, alpha skeletal muscle",Oryctolagus cuniculus,377,,homo,285.03,22,1,6u96
15 Details,6u96_A,"Actin, alpha skeletal muscle",Oryctolagus cuniculus,377,,6u96_B,"Actin, alpha skeletal muscle",Oryctolagus cuniculus,377,,homo,276.58,22,1,6u96
16 Details,6u96_C,"Actin, alpha skeletal muscle",Oryctolagus cuniculus,377,,6u96_B,"Actin, alpha skeletal muscle",Oryctolagus cuniculus,377,,homo,948.85,81,1,6u96
