Mutation,Variant_score,Residue,LocalConfidence,Variant_class,Residue_class
M1A,-1.47491491756661,1,True,neutral,tolerant
M1C,-1.47491491756661,1,True,neutral,tolerant
M1D,-1.47491491756661,1,True,neutral,tolerant
M1E,-1.47491491756661,1,True,neutral,tolerant
M1F,-1.47491491756661,1,True,neutral,tolerant
M1G,-1.47491491756661,1,True,neutral,tolerant
M1H,-1.47491491756661,1,True,neutral,tolerant
M1I,-0.46964879883571997,1,True,neutral,tolerant
M1K,-1.47491491756661,1,True,neutral,tolerant
M1L,-0.0490193708601801,1,True,neutral,tolerant
M1M,0.0,1,True,neutral,tolerant
M1N,-1.47491491756661,1,True,neutral,tolerant
M1P,-1.47491491756661,1,True,neutral,tolerant
M1Q,-1.47491491756661,1,True,neutral,tolerant
M1R,-1.47491491756661,1,True,neutral,tolerant
M1S,-1.47491491756661,1,True,neutral,tolerant
M1T,-1.47491491756661,1,True,neutral,tolerant
M1V,-0.051845359853743,1,True,neutral,tolerant
M1W,-1.47491491756661,1,True,neutral,tolerant
M1Y,-1.47491491756661,1,True,neutral,tolerant
D2A,-0.532203390699859,2,True,neutral,tolerant
D2C,-1.80038437346872,2,True,neutral,tolerant
D2D,0.0,2,True,neutral,tolerant
D2E,-0.0046421000494031705,2,True,neutral,tolerant
D2F,-2.80562096509897,2,True,mild,tolerant
D2G,-0.757623629470797,2,True,neutral,tolerant
D2H,-0.19993223520544,2,True,neutral,tolerant
D2I,-2.83322632887499,2,True,mild,tolerant
D2K,-3.02642031104065,2,True,mild,tolerant
D2L,-2.83322632887499,2,True,mild,tolerant
D2M,-2.83322632887499,2,True,mild,tolerant
D2N,-0.0736910198475498,2,True,neutral,tolerant
D2P,-2.8771067699009403,2,True,mild,tolerant
D2Q,-0.21039830344046698,2,True,neutral,tolerant
D2R,-3.02642031104065,2,True,mild,tolerant
D2S,-0.47358169257668703,2,True,neutral,tolerant
D2T,-1.1033098782913602,2,True,neutral,tolerant
D2V,-1.16017642953079,2,True,neutral,tolerant
D2W,-2.83322632887499,2,True,mild,tolerant
D2Y,-2.2383019338623904,2,True,mild,tolerant
D3A,-0.991964398212568,3,True,neutral,tolerant
D3C,-2.12752993123232,3,True,mild,tolerant
D3D,0.0,3,True,neutral,tolerant
D3E,-0.0014447058973015,3,True,neutral,tolerant
D3F,-1.4194865897414801,3,True,neutral,tolerant
D3G,-0.524481669847777,3,True,neutral,tolerant
D3H,-0.723259263194447,3,True,neutral,tolerant
D3I,-1.65904607840939,3,True,neutral,tolerant
D3K,-0.9716657285345659,3,True,neutral,tolerant
D3L,-1.39337006218314,3,True,neutral,tolerant
D3M,-2.26763002973403,3,True,mild,tolerant
D3N,-0.10114932556031801,3,True,neutral,tolerant
D3P,-1.11904739961051,3,True,neutral,tolerant
D3Q,-0.24689142349326,3,True,neutral,tolerant
D3R,-1.59619558724257,3,True,neutral,tolerant
D3S,-0.777797993992912,3,True,neutral,tolerant
D3T,-0.825356769333886,3,True,neutral,tolerant
D3V,-0.662672743284114,3,True,neutral,tolerant
D3W,-2.32998946179886,3,True,mild,tolerant
D3Y,-0.8585344814112,3,True,neutral,tolerant
D4A,-0.625335777414503,4,True,neutral,tolerant
D4C,-0.9979392040506451,4,True,neutral,tolerant
D4D,0.0,4,True,neutral,tolerant
D4E,-0.00128636849126641,4,True,neutral,tolerant
D4F,-1.1763101932215,4,True,neutral,tolerant
D4G,-0.6626607009409461,4,True,neutral,tolerant
D4H,-0.344504872614979,4,True,neutral,tolerant
D4I,-0.792037456635521,4,True,neutral,tolerant
D4K,-0.6294684321117061,4,True,neutral,tolerant
D4L,-0.694114771615898,4,True,neutral,tolerant
D4M,-1.98346278741483,4,True,mild,tolerant
D4N,-0.0822909172051389,4,True,neutral,tolerant
D4P,-1.28012102132454,4,True,neutral,tolerant
D4Q,-0.267664392795366,4,True,neutral,tolerant
D4R,-0.9729935145053922,4,True,neutral,tolerant
D4S,-0.5745126384338229,4,True,neutral,tolerant
D4T,-0.768420531028636,4,True,neutral,tolerant
D4V,-0.9909883913464741,4,True,neutral,tolerant
D4W,-2.00489247475411,4,True,mild,tolerant
D4Y,-1.06203077303699,4,True,neutral,tolerant
I5A,-0.17561529128671502,5,True,neutral,tolerant
I5C,-0.6404486006500799,5,True,neutral,tolerant
I5D,-0.44121334620261105,5,True,neutral,tolerant
I5E,-0.39861028454044,5,True,neutral,tolerant
I5F,-0.641022377229203,5,True,neutral,tolerant
I5G,-0.7479144319550641,5,True,neutral,tolerant
I5H,-0.635945309735083,5,True,neutral,tolerant
I5I,0.0,5,True,neutral,tolerant
I5K,-0.653422145688667,5,True,neutral,tolerant
I5L,-0.0795583203145871,5,True,neutral,tolerant
I5M,-0.11005869310522198,5,True,neutral,tolerant
I5N,-0.418789372304859,5,True,neutral,tolerant
I5P,-0.5909548337129821,5,True,neutral,tolerant
I5Q,-0.33596770132795506,5,True,neutral,tolerant
I5R,-1.0611479302086502,5,True,neutral,tolerant
I5S,-0.197107589447383,5,True,neutral,tolerant
I5T,-0.15505092511837198,5,True,neutral,tolerant
I5V,-0.012167766201714999,5,True,neutral,tolerant
I5W,-0.8320023417008109,5,True,neutral,tolerant
I5Y,-0.8349261692764459,5,True,neutral,tolerant
A6A,0.0,6,True,neutral,tolerant
A6C,-0.106825392369351,6,True,neutral,tolerant
A6D,-0.909324883734292,6,True,neutral,tolerant
A6E,-0.5011490287797821,6,True,neutral,tolerant
A6F,-2.87056382238761,6,True,mild,tolerant
A6G,-0.433537345103342,6,True,neutral,tolerant
A6H,-0.736144927082146,6,True,neutral,tolerant
A6I,-0.6673889999618701,6,True,neutral,tolerant
A6K,-0.609024634801953,6,True,neutral,tolerant
A6L,-0.6987635859074179,6,True,neutral,tolerant
A6M,-0.9475608174609169,6,True,neutral,tolerant
A6N,-0.34145201829400895,6,True,neutral,tolerant
A6P,-0.434674848562825,6,True,neutral,tolerant
A6Q,-0.24399690645633998,6,True,neutral,tolerant
A6R,-0.672780484145564,6,True,neutral,tolerant
A6S,-0.0283315613110432,6,True,neutral,tolerant
A6T,-0.0217548512634339,6,True,neutral,tolerant
A6V,-0.48274065886364,6,True,neutral,tolerant
A6W,-3.29565232262464,6,True,impactful,tolerant
A6Y,-1.32797436639518,6,True,neutral,tolerant
A7A,0.0,7,True,neutral,tolerant
A7C,-0.308443847372524,7,True,neutral,tolerant
A7D,-2.4423831985776805,7,True,mild,tolerant
A7E,-1.2996546444289598,7,True,neutral,tolerant
A7F,-3.19588185500278,7,True,impactful,tolerant
A7G,-1.0919276041636101,7,True,neutral,tolerant
A7H,-1.90863806366889,7,True,mild,tolerant
A7I,-1.4632227623983503,7,True,neutral,tolerant
A7K,-2.1450443775166,7,True,mild,tolerant
A7L,-1.90949596727873,7,True,mild,tolerant
A7M,-0.973148120615428,7,True,neutral,tolerant
A7N,-1.4839232367113502,7,True,neutral,tolerant
A7P,-0.4152089332513089,7,True,neutral,tolerant
A7Q,-1.00590395031366,7,True,neutral,tolerant
A7R,-3.0650131805302103,7,True,impactful,tolerant
A7S,-0.144777380189583,7,True,neutral,tolerant
A7T,-0.20660394441730898,7,True,neutral,tolerant
A7V,-0.7425698031346708,7,True,neutral,tolerant
A7W,-3.79352737542781,7,True,impactful,tolerant
A7Y,-3.7798225908946606,7,True,impactful,tolerant
L8A,-1.7644520237531,8,True,neutral,sensitive
L8C,-1.19352721882446,8,True,neutral,sensitive
L8D,-4.996970308569041,8,True,impactful,sensitive
L8E,-4.996970308569041,8,True,impactful,sensitive
L8F,-3.04273376810542,8,True,mild,sensitive
L8G,-4.810717217430191,8,True,impactful,sensitive
L8H,-4.996970308569041,8,True,impactful,sensitive
L8I,-0.145425624485943,8,True,neutral,sensitive
L8K,-3.2505144932488705,8,True,impactful,sensitive
L8L,0.0,8,True,neutral,sensitive
L8M,-0.30058583617844,8,True,neutral,sensitive
L8N,-4.996970308569041,8,True,impactful,sensitive
L8P,-2.9945626332462596,8,True,mild,sensitive
L8Q,-4.996970308569041,8,True,impactful,sensitive
L8R,-2.7560343376073804,8,True,mild,sensitive
L8S,-2.33097611121262,8,True,mild,sensitive
L8T,-2.2771508754866803,8,True,mild,sensitive
L8V,-0.144603737997833,8,True,neutral,sensitive
L8W,-4.4543308912655,8,True,impactful,sensitive
L8Y,-3.1921594176209105,8,True,impactful,sensitive
V9A,-2.97203619664523,9,True,mild,sensitive
V9C,-2.3469120203613,9,True,mild,sensitive
V9D,-5.26888898557293,9,True,impactful,sensitive
V9E,-4.4968114633827305,9,True,impactful,sensitive
V9F,-3.57994932431188,9,True,impactful,sensitive
V9G,-3.23480546069818,9,True,impactful,sensitive
V9H,-5.54382326942464,9,True,impactful,sensitive
V9I,-0.266799531829032,9,True,neutral,sensitive
V9K,-5.900433630879119,9,True,impactful,sensitive
V9L,-0.63307043914569,9,True,neutral,sensitive
V9M,-0.48317657446022794,9,True,neutral,sensitive
V9N,-5.54382326942464,9,True,impactful,sensitive
V9P,-5.900433630879119,9,True,impactful,sensitive
V9Q,-5.54382326942464,9,True,impactful,sensitive
V9R,-5.900433630879119,9,True,impactful,sensitive
V9S,-3.31193593325648,9,True,impactful,sensitive
V9T,-2.7410957539687,9,True,mild,sensitive
V9V,0.0,9,True,neutral,sensitive
V9W,-5.54382326942464,9,True,impactful,sensitive
V9Y,-5.54382326942464,9,True,impactful,sensitive
V10A,-1.1356762912404401,10,True,neutral,tolerant
V10C,-0.258348562216155,10,True,neutral,tolerant
V10D,-1.6747443030050901,10,True,neutral,tolerant
V10E,-2.16990546202932,10,True,mild,tolerant
V10F,-0.6965611853884169,10,True,neutral,tolerant
V10G,-1.07122395450559,10,True,neutral,tolerant
V10H,-3.14095313708884,10,True,impactful,tolerant
V10I,-0.00292586653413649,10,True,neutral,tolerant
V10K,-3.1688000244825094,10,True,impactful,tolerant
V10L,-0.19804206048974998,10,True,neutral,tolerant
V10M,-0.198467423503615,10,True,neutral,tolerant
V10N,-3.14095313708884,10,True,impactful,tolerant
V10P,-3.1888102494416404,10,True,impactful,tolerant
V10Q,-3.14095313708884,10,True,impactful,tolerant
V10R,-3.3305713400003,10,True,impactful,tolerant
V10S,-0.742105967953514,10,True,neutral,tolerant
V10T,-1.14488601264344,10,True,neutral,tolerant
V10V,0.0,10,True,neutral,tolerant
V10W,-2.5084540192041,10,True,mild,tolerant
V10Y,-1.5045372791461997,10,True,neutral,tolerant
D11A,-3.1022504353721,11,True,impactful,sensitive
D11C,-5.54013545584713,11,True,impactful,sensitive
D11D,0.0,11,True,neutral,sensitive
D11E,-1.07402141636321,11,True,neutral,sensitive
D11F,-5.61143556835881,11,True,impactful,sensitive
D11G,-3.2519998308054303,11,True,impactful,sensitive
D11H,-0.40543891204298993,11,True,neutral,sensitive
D11I,-3.7901331563247598,11,True,impactful,sensitive
D11K,-4.40221526390864,11,True,impactful,sensitive
D11L,-4.3708703183959,11,True,impactful,sensitive
D11M,-5.61143556835881,11,True,impactful,sensitive
D11N,-0.238319333930438,11,True,neutral,sensitive
D11P,-3.4714781397277097,11,True,impactful,sensitive
D11Q,-1.68955276817783,11,True,neutral,sensitive
D11R,-5.417913612918,11,True,impactful,sensitive
D11S,-3.4427528639076,11,True,impactful,sensitive
D11T,-4.29785402933105,11,True,impactful,sensitive
D11V,-4.822631594451599,11,True,impactful,sensitive
D11W,-5.61143556835881,11,True,impactful,sensitive
D11Y,-2.49743915660014,11,True,mild,sensitive
N12A,-0.9850826986077891,12,True,neutral,tolerant
N12C,-1.4576922375513102,12,True,neutral,tolerant
N12D,-0.693388622829916,12,True,neutral,tolerant
N12E,-2.08349780772927,12,True,mild,tolerant
N12F,-2.35083536613133,12,True,mild,tolerant
N12G,-2.11800964336533,12,True,mild,tolerant
N12H,-1.7316512046302899,12,True,neutral,tolerant
N12I,-0.7560275109316149,12,True,neutral,tolerant
N12K,-2.56609435192737,12,True,mild,tolerant
N12L,-1.8264939698652398,12,True,neutral,tolerant
N12M,-1.9876745120791,12,True,mild,tolerant
N12N,0.0,12,True,neutral,tolerant
N12P,-2.5894434075108,12,True,mild,tolerant
N12Q,-1.1502329192849199,12,True,neutral,tolerant
N12R,-5.09310399981956,12,True,impactful,tolerant
N12S,-0.8337481751889859,12,True,neutral,tolerant
N12T,-1.26656396405762,12,True,neutral,tolerant
N12V,-1.63544697644458,12,True,neutral,tolerant
N12W,-4.43016188415417,12,True,impactful,tolerant
N12Y,-1.36023613575413,12,True,neutral,tolerant
G13A,-2.38310660540872,13,True,mild,sensitive
G13C,-3.4218536489009903,13,True,impactful,sensitive
G13D,-3.93882701956833,13,True,impactful,sensitive
G13E,-4.08812058080544,13,True,impactful,sensitive
G13F,-6.2382756042451595,13,True,impactful,sensitive
G13G,0.0,13,True,neutral,sensitive
G13H,-1.88324163866154,13,True,mild,sensitive
G13I,-5.80089475716207,13,True,impactful,sensitive
G13K,-3.61387737814966,13,True,impactful,sensitive
G13L,-3.88229690782014,13,True,impactful,sensitive
G13M,-5.80089475716207,13,True,impactful,sensitive
G13N,-4.918829181580031,13,True,impactful,sensitive
G13P,-6.2382756042451595,13,True,impactful,sensitive
G13Q,-4.3988385091581,13,True,impactful,sensitive
G13R,-2.92099110291719,13,True,mild,sensitive
G13S,-1.7238020313851299,13,True,neutral,sensitive
G13T,-5.159309073818231,13,True,impactful,sensitive
G13V,-4.16364662443043,13,True,impactful,sensitive
G13W,-6.2382756042451595,13,True,impactful,sensitive
G13Y,-6.2382756042451595,13,True,impactful,sensitive
S14A,-1.4955494545735701,14,True,neutral,sensitive
S14C,-0.184906102413938,14,True,neutral,sensitive
S14D,-2.9794597841026302,14,True,mild,sensitive
S14E,-3.43331376821029,14,True,impactful,sensitive
S14F,-1.75831405678352,14,True,neutral,sensitive
S14G,-2.03530002616345,14,True,mild,sensitive
S14H,-2.1166574326856797,14,True,mild,sensitive
S14I,-3.26308868185722,14,True,impactful,sensitive
S14K,-3.84549478668613,14,True,impactful,sensitive
S14L,-3.52258203452345,14,True,impactful,sensitive
S14M,-3.5904952243403305,14,True,impactful,sensitive
S14N,-3.1126423307784106,14,True,impactful,sensitive
S14P,-1.9799396579330502,14,True,mild,sensitive
S14Q,-3.1443123238710897,14,True,impactful,sensitive
S14R,-4.71736288097311,14,True,impactful,sensitive
S14S,0.0,14,True,neutral,sensitive
S14T,-0.215813786527003,14,True,neutral,sensitive
S14V,-3.5718857318068395,14,True,impactful,sensitive
S14W,-3.9067030868122403,14,True,impactful,sensitive
S14Y,-4.3245240331482595,14,True,impactful,sensitive
G15A,-0.915878765375659,15,True,neutral,tolerant
G15C,-1.56369092989454,15,True,neutral,tolerant
G15D,-1.21630505374485,15,True,neutral,tolerant
G15E,-1.53604623183712,15,True,neutral,tolerant
G15F,-1.4128896567349198,15,True,neutral,tolerant
G15G,0.0,15,True,neutral,tolerant
G15H,-1.62012216034143,15,True,neutral,tolerant
G15I,-2.80899268590132,15,True,mild,tolerant
G15K,-1.9110734792867698,15,True,mild,tolerant
G15L,-2.4181183884780095,15,True,mild,tolerant
G15M,-3.0708027090033596,15,True,impactful,tolerant
G15N,-1.5823786067868502,15,True,neutral,tolerant
G15P,-6.06802869783792,15,True,impactful,tolerant
G15Q,-2.64599474591133,15,True,mild,tolerant
G15R,-1.95700094740607,15,True,mild,tolerant
G15S,-0.965611535306026,15,True,neutral,tolerant
G15T,-1.80463465575113,15,True,neutral,tolerant
G15V,-1.57552756443455,15,True,neutral,tolerant
G15W,-2.33879667339763,15,True,mild,tolerant
G15Y,-1.66332952746874,15,True,neutral,tolerant
M16A,-0.565470614908269,16,True,neutral,tolerant
M16C,-0.3580622169832,16,True,neutral,tolerant
M16D,-2.35213625650247,16,True,mild,tolerant
M16E,-1.3728501071243102,16,True,neutral,tolerant
M16F,-0.9363558218419741,16,True,neutral,tolerant
M16G,-3.1362484223305,16,True,impactful,tolerant
M16H,-1.86549692177388,16,True,neutral,tolerant
M16I,-0.18219603049167202,16,True,neutral,tolerant
M16K,-1.69143922814007,16,True,neutral,tolerant
M16L,-0.0284079598565065,16,True,neutral,tolerant
M16M,0.0,16,True,neutral,tolerant
M16N,-1.03127726535484,16,True,neutral,tolerant
M16P,-5.004626609316849,16,True,impactful,tolerant
M16Q,-1.13875720558141,16,True,neutral,tolerant
M16R,-1.53333189911196,16,True,neutral,tolerant
M16S,-0.961370742628907,16,True,neutral,tolerant
M16T,-0.632382423778442,16,True,neutral,tolerant
M16V,-0.17988083857032,16,True,neutral,tolerant
M16W,-1.6109097223024398,16,True,neutral,tolerant
M16Y,-1.12285243133432,16,True,neutral,tolerant
C17A,-0.0971184551076726,17,True,neutral,tolerant
C17C,0.0,17,True,neutral,tolerant
C17D,-1.48423965806409,17,True,neutral,tolerant
C17E,-1.52659633178006,17,True,neutral,tolerant
C17F,-0.9888920171908889,17,True,neutral,tolerant
C17G,-1.75492476598672,17,True,neutral,tolerant
C17H,-1.5729201595768503,17,True,neutral,tolerant
C17I,-0.35309656099439,17,True,neutral,tolerant
C17K,-4.52437179389718,17,True,impactful,tolerant
C17L,-0.501923930136766,17,True,neutral,tolerant
C17M,-0.290042129660079,17,True,neutral,tolerant
C17N,-4.34036047515854,17,True,impactful,tolerant
C17P,-3.8153934047395297,17,True,impactful,tolerant
C17Q,-3.07075996293081,17,True,impactful,tolerant
C17R,-1.77768268920468,17,True,neutral,tolerant
C17S,-0.165097636739293,17,True,neutral,tolerant
C17T,-0.194936758292043,17,True,neutral,tolerant
C17V,-0.12015269794102401,17,True,neutral,tolerant
C17W,-2.86232337000285,17,True,mild,tolerant
C17Y,-1.89973852147158,17,True,mild,tolerant
K18A,-1.56257233427947,18,True,neutral,sensitive
K18C,-5.29451698878319,18,True,impactful,sensitive
K18D,-4.54051514607283,18,True,impactful,sensitive
K18E,-1.4907721452992901,18,True,neutral,sensitive
K18F,-5.66720680809384,18,True,impactful,sensitive
K18G,-4.28961918995158,18,True,impactful,sensitive
K18H,-3.63097886394383,18,True,impactful,sensitive
K18I,-3.56802637972039,18,True,impactful,sensitive
K18K,0.0,18,True,neutral,sensitive
K18L,-1.9321904052054297,18,True,mild,sensitive
K18M,-2.56750998084396,18,True,mild,sensitive
K18N,-2.7641767149560295,18,True,mild,sensitive
K18P,-2.3229435589796,18,True,mild,sensitive
K18Q,-1.46413495426716,18,True,neutral,sensitive
K18R,-0.0308047006975913,18,True,neutral,sensitive
K18S,-1.92913501713234,18,True,mild,sensitive
K18T,-1.87664930720164,18,True,neutral,sensitive
K18V,-3.49281446461744,18,True,impactful,sensitive
K18W,-5.66720680809384,18,True,impactful,sensitive
K18Y,-3.86008680658053,18,True,impactful,sensitive
A19A,0.0,19,True,neutral,sensitive
A19C,-0.265971568082921,19,True,neutral,sensitive
A19D,-3.29761125394063,19,True,impactful,sensitive
A19E,-4.00961605446487,19,True,impactful,sensitive
A19F,-2.89943780716004,19,True,mild,sensitive
A19G,-1.63264964769248,19,True,neutral,sensitive
A19H,-5.030704932877519,19,True,impactful,sensitive
A19I,-1.9308258130771898,19,True,mild,sensitive
A19K,-5.727521630189139,19,True,impactful,sensitive
A19L,-0.92375654554367,19,True,neutral,sensitive
A19M,-2.2297424127202405,19,True,mild,sensitive
A19N,-2.58742709366451,19,True,mild,sensitive
A19P,-1.97038972572815,19,True,mild,sensitive
A19Q,-5.030704932877519,19,True,impactful,sensitive
A19R,-5.727521630189139,19,True,impactful,sensitive
A19S,-0.138593649913284,19,True,neutral,sensitive
A19T,-0.22595231970822502,19,True,neutral,sensitive
A19V,-0.640201828848281,19,True,neutral,sensitive
A19W,-4.87066083530282,19,True,impactful,sensitive
A19Y,-3.28407520047238,19,True,impactful,sensitive
G20A,-1.73259275277466,20,True,neutral,sensitive
G20C,-3.84828134083959,20,True,impactful,sensitive
G20D,-2.02493996033522,20,True,mild,sensitive
G20E,-5.74549220471996,20,True,impactful,sensitive
G20F,-6.421747728680179,20,True,impactful,sensitive
G20G,0.0,20,True,neutral,sensitive
G20H,-5.74549220471996,20,True,impactful,sensitive
G20I,-6.22239859955114,20,True,impactful,sensitive
G20K,-5.931462177352411,20,True,impactful,sensitive
G20L,-6.22239859955114,20,True,impactful,sensitive
G20M,-6.22239859955114,20,True,impactful,sensitive
G20N,-4.67468844411478,20,True,impactful,sensitive
G20P,-6.62109685780922,20,True,impactful,sensitive
G20Q,-5.74549220471996,20,True,impactful,sensitive
G20R,-2.44609021196696,20,True,mild,sensitive
G20S,-1.75707314166231,20,True,neutral,sensitive
G20T,-5.15718016297975,20,True,impactful,sensitive
G20V,-5.02239576566451,20,True,impactful,sensitive
G20W,-6.225713337373249,20,True,impactful,sensitive
G20Y,-6.421747728680179,20,True,impactful,sensitive
F21A,-1.97537043174171,21,True,mild,sensitive
F21C,-1.42433038784118,21,True,neutral,sensitive
F21D,-4.534276573143059,21,True,impactful,sensitive
F21E,-4.258007854106951,21,True,impactful,sensitive
F21F,0.0,21,True,neutral,sensitive
F21G,-4.52952298670598,21,True,impactful,sensitive
F21H,-2.71547757338746,21,True,mild,sensitive
F21I,-0.8662317191279391,21,True,neutral,sensitive
F21K,-4.93846002724751,21,True,impactful,sensitive
F21L,-0.8477086887929141,21,True,neutral,sensitive
F21M,-1.02357223277785,21,True,neutral,sensitive
F21N,-3.1772654952505297,21,True,impactful,sensitive
F21P,-2.65906772380853,21,True,mild,sensitive
F21Q,-4.305997627149241,21,True,impactful,sensitive
F21R,-3.16990755688393,21,True,impactful,sensitive
F21S,-1.2565303975701698,21,True,neutral,sensitive
F21T,-2.7777637347824,21,True,mild,sensitive
F21V,-0.9701442935403871,21,True,neutral,sensitive
F21W,-1.76506667603369,21,True,neutral,sensitive
F21Y,-0.48784499317332397,21,True,neutral,sensitive
A22A,0.0,22,True,neutral,sensitive
A22C,-0.254891098271861,22,True,neutral,sensitive
A22D,-3.2155480055195804,22,True,impactful,sensitive
A22E,-2.48297756417116,22,True,mild,sensitive
A22F,-4.10790617147861,22,True,impactful,sensitive
A22G,-1.00713180846993,22,True,neutral,sensitive
A22H,-3.4279157717031,22,True,impactful,sensitive
A22I,-3.04234175113693,22,True,mild,sensitive
A22K,-1.9985005276617398,22,True,mild,sensitive
A22L,-1.6347827596436297,22,True,neutral,sensitive
A22M,-4.27190555335094,22,True,impactful,sensitive
A22N,-3.39641992576231,22,True,impactful,sensitive
A22P,-1.8654699304946598,22,True,neutral,sensitive
A22Q,-3.1256054835546805,22,True,impactful,sensitive
A22R,-1.95434264679857,22,True,mild,sensitive
A22S,-0.330714025282769,22,True,neutral,sensitive
A22T,-0.0535324855165979,22,True,neutral,sensitive
A22V,-1.50230829311393,22,True,neutral,sensitive
A22W,-5.23174813932993,22,True,impactful,sensitive
A22Y,-3.68981573818816,22,True,impactful,sensitive
G23A,-2.02997031350631,23,True,mild,sensitive
G23C,-2.8352753966364403,23,True,mild,sensitive
G23D,-1.55323108833816,23,True,neutral,sensitive
G23E,-1.1341386478484599,23,True,neutral,sensitive
G23F,-3.8945233489317403,23,True,impactful,sensitive
G23G,0.0,23,True,neutral,sensitive
G23H,-2.0941902967775197,23,True,mild,sensitive
G23I,-2.2419493063819598,23,True,mild,sensitive
G23K,-2.75891818701505,23,True,mild,sensitive
G23L,-3.66764807938799,23,True,impactful,sensitive
G23M,-2.7415480867256896,23,True,mild,sensitive
G23N,-1.52092774637339,23,True,neutral,sensitive
G23P,-3.79209838212322,23,True,impactful,sensitive
G23Q,-2.68647893176259,23,True,mild,sensitive
G23R,-1.67884763911583,23,True,neutral,sensitive
G23S,-1.0260211217111899,23,True,neutral,sensitive
G23T,-2.0216113179833504,23,True,mild,sensitive
G23V,-2.46554334268258,23,True,mild,sensitive
G23W,-3.3933328992466896,23,True,impactful,sensitive
G23Y,-3.8821472674967903,23,True,impactful,sensitive
D24A,-1.27123724773336,24,True,neutral,tolerant
D24C,-1.7482763420920602,24,True,neutral,tolerant
D24D,0.0,24,True,neutral,tolerant
D24E,-0.35705184952762603,24,True,neutral,tolerant
D24F,-3.1476630895808797,24,True,impactful,tolerant
D24G,-1.71771963120994,24,True,neutral,tolerant
D24H,-0.455701906718549,24,True,neutral,tolerant
D24I,-2.4337784907208198,24,True,mild,tolerant
D24K,-2.7244528549392597,24,True,mild,tolerant
D24L,-3.0882941002628397,24,True,impactful,tolerant
D24M,-2.83422580026645,24,True,mild,tolerant
D24N,-0.265689519760458,24,True,neutral,tolerant
D24P,-3.37641898954229,24,True,impactful,tolerant
D24Q,-1.1674221665483602,24,True,neutral,tolerant
D24R,-1.75251110467142,24,True,neutral,tolerant
D24S,-1.4916572309325302,24,True,neutral,tolerant
D24T,-1.83379703979588,24,True,neutral,tolerant
D24V,-1.9957191318657699,24,True,mild,tolerant
D24W,-3.6177264597174,24,True,impactful,tolerant
D24Y,-1.90346995782637,24,True,mild,tolerant
D25A,-0.798806136153317,25,True,neutral,tolerant
D25C,-2.27807471215308,25,True,mild,tolerant
D25D,0.0,25,True,neutral,tolerant
D25E,-0.39777236405244,25,True,neutral,tolerant
D25F,-3.1264019777318994,25,True,impactful,tolerant
D25G,-1.5598702711723997,25,True,neutral,tolerant
D25H,-0.324632625489168,25,True,neutral,tolerant
D25I,-2.52734644548785,25,True,mild,tolerant
D25K,-1.58186410328652,25,True,neutral,tolerant
D25L,-2.02937302886155,25,True,mild,tolerant
D25M,-2.1796268798887,25,True,mild,tolerant
D25N,-0.32374914107513,25,True,neutral,tolerant
D25P,-1.6353349651137798,25,True,neutral,tolerant
D25Q,-1.16607929450825,25,True,neutral,tolerant
D25R,-1.81061781663414,25,True,neutral,tolerant
D25S,-1.44406210538809,25,True,neutral,tolerant
D25T,-1.16554765925769,25,True,neutral,tolerant
D25V,-1.51849608233056,25,True,neutral,tolerant
D25W,-5.023391199769169,25,True,impactful,tolerant
D25Y,-1.84967389285914,25,True,neutral,tolerant
A26A,0.0,26,True,neutral,tolerant
A26C,-0.7808653406119549,26,True,neutral,tolerant
A26D,-1.09956385700663,26,True,neutral,tolerant
A26E,-1.30469606732427,26,True,neutral,tolerant
A26F,-1.74422098484742,26,True,neutral,tolerant
A26G,-1.25419119996175,26,True,neutral,tolerant
A26H,-1.8124263228197801,26,True,neutral,tolerant
A26I,-0.9503918108351942,26,True,neutral,tolerant
A26K,-1.43663897328903,26,True,neutral,tolerant
A26L,-1.67153018526314,26,True,neutral,tolerant
A26M,-1.0347109821573999,26,True,neutral,tolerant
A26N,-1.35373152698443,26,True,neutral,tolerant
A26P,-1.89795726337766,26,True,mild,tolerant
A26Q,-1.24038704185029,26,True,neutral,tolerant
A26R,-1.4096685919549299,26,True,neutral,tolerant
A26S,-0.303816895295548,26,True,neutral,tolerant
A26T,-0.48486753675679,26,True,neutral,tolerant
A26V,-0.728213954948971,26,True,neutral,tolerant
A26W,-2.2236282352394903,26,True,mild,tolerant
A26Y,-0.946823999753918,26,True,neutral,tolerant
P27A,-3.20166368928917,27,True,impactful,sensitive
P27C,-3.87917018878817,27,True,impactful,sensitive
P27D,-4.76840473948327,27,True,impactful,sensitive
P27E,-4.537748237248469,27,True,impactful,sensitive
P27F,-5.982180146114071,27,True,impactful,sensitive
P27G,-4.525405410675701,27,True,impactful,sensitive
P27H,-4.14560291050882,27,True,impactful,sensitive
P27I,-3.7660782635366297,27,True,impactful,sensitive
P27K,-6.2866631506166195,27,True,impactful,sensitive
P27L,-1.9067189139748701,27,True,mild,sensitive
P27M,-5.38732532456215,27,True,impactful,sensitive
P27N,-4.73030196647519,27,True,impactful,sensitive
P27P,0.0,27,True,neutral,sensitive
P27Q,-4.8447145793965705,27,True,impactful,sensitive
P27R,-2.77123274330457,27,True,mild,sensitive
P27S,-1.6345017779508,27,True,neutral,sensitive
P27T,-3.7291410481983,27,True,impactful,sensitive
P27V,-3.06294742943187,27,True,impactful,sensitive
P27W,-6.406697041220959,27,True,impactful,sensitive
P27Y,-6.406697041220959,27,True,impactful,sensitive
R28A,-1.02915359532861,28,True,neutral,tolerant
R28C,-0.799490095305019,28,True,neutral,tolerant
R28D,-2.15828372235954,28,True,mild,tolerant
R28E,-1.9198161242351899,28,True,mild,tolerant
R28F,-2.79644075334697,28,True,mild,tolerant
R28G,-1.79727261323632,28,True,neutral,tolerant
R28H,-0.746643616886574,28,True,neutral,tolerant
R28I,-1.64398730511258,28,True,neutral,tolerant
R28K,-0.367180289152542,28,True,neutral,tolerant
R28L,-1.41497133433587,28,True,neutral,tolerant
R28M,-1.5016249263891,28,True,neutral,tolerant
R28N,-1.7401623800857902,28,True,neutral,tolerant
R28P,-1.79379034551106,28,True,neutral,tolerant
R28Q,-0.5511728549058311,28,True,neutral,tolerant
R28R,0.0,28,True,neutral,tolerant
R28S,-0.8777236412130379,28,True,neutral,tolerant
R28T,-1.06087486165367,28,True,neutral,tolerant
R28V,-2.15842016978469,28,True,mild,tolerant
R28W,-2.22006059534268,28,True,mild,tolerant
R28Y,-2.89692702760791,28,True,mild,tolerant
A29A,0.0,29,True,neutral,tolerant
A29C,-0.448558991316135,29,True,neutral,tolerant
A29D,-2.02682181359495,29,True,mild,tolerant
A29E,-1.83610086511209,29,True,neutral,tolerant
A29F,-1.7263184577083999,29,True,neutral,tolerant
A29G,-1.27412647090236,29,True,neutral,tolerant
A29H,-1.4555862393124,29,True,neutral,tolerant
A29I,-1.0163631003358,29,True,neutral,tolerant
A29K,-2.89998989004278,29,True,mild,tolerant
A29L,-1.88953518465441,29,True,mild,tolerant
A29M,-2.14411846575124,29,True,mild,tolerant
A29N,-1.40087750567819,29,True,neutral,tolerant
A29P,-1.7065347347441102,29,True,neutral,tolerant
A29Q,-2.34713188178172,29,True,mild,tolerant
A29R,-2.88126687517138,29,True,mild,tolerant
A29S,-0.33238808477321197,29,True,neutral,tolerant
A29T,-0.211076914514272,29,True,neutral,tolerant
A29V,-0.667764924223286,29,True,neutral,tolerant
A29W,-2.59959360182802,29,True,mild,tolerant
A29Y,-1.9258529666273099,29,True,mild,tolerant
V30A,-1.2198100607845501,30,True,neutral,tolerant
V30C,-1.45229020700177,30,True,neutral,tolerant
V30D,-2.08680670848737,30,True,mild,tolerant
V30E,-1.46903833526597,30,True,neutral,tolerant
V30F,-1.3696181451584801,30,True,neutral,tolerant
V30G,-4.4418057393484,30,True,impactful,tolerant
V30H,-1.53839496174708,30,True,neutral,tolerant
V30I,-0.304934379711859,30,True,neutral,tolerant
V30K,-2.27553393913504,30,True,mild,tolerant
V30L,-0.43567093106325394,30,True,neutral,tolerant
V30M,-0.54084580731441,30,True,neutral,tolerant
V30N,-1.7762136934209498,30,True,neutral,tolerant
V30P,-3.96630782037548,30,True,impactful,tolerant
V30Q,-2.3883184846972205,30,True,mild,tolerant
V30R,-1.4749504398557698,30,True,neutral,tolerant
V30S,-0.952996621409573,30,True,neutral,tolerant
V30T,-0.9734269755923679,30,True,neutral,tolerant
V30V,0.0,30,True,neutral,tolerant
V30W,-3.5654498088982796,30,True,impactful,tolerant
V30Y,-2.20755573206561,30,True,mild,tolerant
F31A,-1.61594366271425,31,True,neutral,sensitive
F31C,-2.26735813011906,31,True,mild,sensitive
F31D,-5.155762292238809,31,True,impactful,sensitive
F31E,-2.98287110016461,31,True,mild,sensitive
F31F,0.0,31,True,neutral,sensitive
F31G,-3.26824466945042,31,True,impactful,sensitive
F31H,-2.61236712063802,31,True,mild,sensitive
F31I,-1.0725978359350399,31,True,neutral,sensitive
F31K,-4.06744760127743,31,True,impactful,sensitive
F31L,-0.358206854899125,31,True,neutral,sensitive
F31M,-0.8811794734600259,31,True,neutral,sensitive
F31N,-3.4246265802742797,31,True,impactful,sensitive
F31P,-4.60141505254951,31,True,impactful,sensitive
F31Q,-3.11297156123221,31,True,impactful,sensitive
F31R,-4.03702613420045,31,True,impactful,sensitive
F31S,-1.66922226140566,31,True,neutral,sensitive
F31T,-2.3615627715331,31,True,mild,sensitive
F31V,-1.16835379659893,31,True,neutral,sensitive
F31W,-1.37961782357207,31,True,neutral,sensitive
F31Y,-0.20604533556117602,31,True,neutral,sensitive
P32A,-1.04015555486205,32,True,neutral,sensitive
P32C,-2.2814758443252403,32,True,mild,sensitive
P32D,-2.6098263336408998,32,True,mild,sensitive
P32E,-2.12941090112166,32,True,mild,sensitive
P32F,-3.6436424022678304,32,True,impactful,sensitive
P32G,-3.1813301552916498,32,True,impactful,sensitive
P32H,-1.4248599274736002,32,True,neutral,sensitive
P32I,-2.68912249690029,32,True,mild,sensitive
P32K,-1.9253880411055602,32,True,mild,sensitive
P32L,-1.7883631016363002,32,True,neutral,sensitive
P32M,-5.0854470243999,32,True,impactful,sensitive
P32N,-2.5770603719030096,32,True,mild,sensitive
P32P,0.0,32,True,neutral,sensitive
P32Q,-1.3793899886371597,32,True,neutral,sensitive
P32R,-1.36514413464517,32,True,neutral,sensitive
P32S,-0.828871144866247,32,True,neutral,sensitive
P32T,-1.63320406365316,32,True,neutral,sensitive
P32V,-3.12203894478791,32,True,impactful,sensitive
P32W,-5.3615140984280005,32,True,impactful,sensitive
P32Y,-3.2115921578556503,32,True,impactful,sensitive
S33A,-0.403794700848916,33,True,neutral,sensitive
S33C,-0.456380678443676,33,True,neutral,sensitive
S33D,-2.5575708615557002,33,True,mild,sensitive
S33E,-2.6753681267949703,33,True,mild,sensitive
S33F,-3.54857164039537,33,True,impactful,sensitive
S33G,-2.3505783620117797,33,True,mild,sensitive
S33H,-2.42066313086314,33,True,mild,sensitive
S33I,-3.7476244481099803,33,True,impactful,sensitive
S33K,-4.38621572413256,33,True,impactful,sensitive
S33L,-1.54957486303742,33,True,neutral,sensitive
S33M,-1.8380381202049898,33,True,neutral,sensitive
S33N,-1.3994813427363202,33,True,neutral,sensitive
S33P,-1.9846173211165101,33,True,mild,sensitive
S33Q,-2.6422959146146003,33,True,mild,sensitive
S33R,-2.14263564330641,33,True,mild,sensitive
S33S,0.0,33,True,neutral,sensitive
S33T,-0.19666511802963899,33,True,neutral,sensitive
S33V,-1.58652875985109,33,True,neutral,sensitive
S33W,-3.72108296985854,33,True,impactful,sensitive
S33Y,-4.3032713556213995,33,True,impactful,sensitive
I34A,-1.84931584699954,34,True,neutral,sensitive
I34C,-1.6729811043516698,34,True,neutral,sensitive
I34D,-2.58825571995846,34,True,mild,sensitive
I34E,-2.6751738708178703,34,True,mild,sensitive
I34F,-2.03154863883223,34,True,mild,sensitive
I34G,-3.91674011856788,34,True,impactful,sensitive
I34H,-2.4026252194804503,34,True,mild,sensitive
I34I,0.0,34,True,neutral,sensitive
I34K,-2.8928816322592,34,True,mild,sensitive
I34L,-0.178710148790089,34,True,neutral,sensitive
I34M,-0.189012870033887,34,True,neutral,sensitive
I34N,-2.55088962523756,34,True,mild,sensitive
I34P,-3.7772909060561,34,True,impactful,sensitive
I34Q,-2.71474551542569,34,True,mild,sensitive
I34R,-2.25470174823652,34,True,mild,sensitive
I34S,-0.7516323303545241,34,True,neutral,sensitive
I34T,-0.948624853449288,34,True,neutral,sensitive
I34V,-0.19065209327698998,34,True,neutral,sensitive
I34W,-2.17812624620354,34,True,mild,sensitive
I34Y,-1.9983201847633898,34,True,mild,sensitive
V35A,-1.2511397881126798,35,True,neutral,sensitive
V35C,-1.5363460437008403,35,True,neutral,sensitive
V35D,-2.83678587258077,35,True,mild,sensitive
V35E,-4.24237212004975,35,True,impactful,sensitive
V35F,-1.9571290137188402,35,True,mild,sensitive
V35G,-3.2035378829862498,35,True,impactful,sensitive
V35H,-3.69017528778415,35,True,impactful,sensitive
V35I,-0.19470676449922,35,True,neutral,sensitive
V35K,-4.908065190370981,35,True,impactful,sensitive
V35L,-0.538794329680247,35,True,neutral,sensitive
V35M,-0.6042598612217739,35,True,neutral,sensitive
V35N,-4.28447781853932,35,True,impactful,sensitive
V35P,-3.90469939162588,35,True,impactful,sensitive
V35Q,-4.777705313440769,35,True,impactful,sensitive
V35R,-2.8392871475033505,35,True,mild,sensitive
V35S,-2.2879383860637,35,True,mild,sensitive
V35T,-1.40281642428236,35,True,neutral,sensitive
V35V,0.0,35,True,neutral,sensitive
V35W,-2.37015530606836,35,True,mild,sensitive
V35Y,-2.86695305549492,35,True,mild,sensitive
G36A,-1.37070864092536,36,True,neutral,sensitive
G36C,-2.5683376990622797,36,True,mild,sensitive
G36D,-2.81636409020082,36,True,mild,sensitive
G36E,-2.61007511355141,36,True,mild,sensitive
G36F,-3.5589261138580204,36,True,impactful,sensitive
G36G,0.0,36,True,neutral,sensitive
G36H,-3.5518167208603,36,True,impactful,sensitive
G36I,-3.91089998030763,36,True,impactful,sensitive
G36K,-3.7206227679114803,36,True,impactful,sensitive
G36L,-3.49085605274189,36,True,impactful,sensitive
G36M,-3.78456344906511,36,True,impactful,sensitive
G36N,-3.53449569469172,36,True,impactful,sensitive
G36P,-3.92731902471057,36,True,impactful,sensitive
G36Q,-3.05874593376985,36,True,impactful,sensitive
G36R,-2.22698073026331,36,True,mild,sensitive
G36S,-1.02207645557438,36,True,neutral,sensitive
G36T,-3.0700762344834196,36,True,impactful,sensitive
G36V,-1.41385554185839,36,True,neutral,sensitive
G36W,-2.8312863975213505,36,True,mild,sensitive
G36Y,-4.83521612165792,36,True,impactful,sensitive
R37A,-0.6892569714564639,37,True,neutral,tolerant
R37C,-0.811785270778063,37,True,neutral,tolerant
R37D,-2.43656528937015,37,True,mild,tolerant
R37E,-1.9214791717055602,37,True,mild,tolerant
R37F,-1.40648594024584,37,True,neutral,tolerant
R37G,-2.17031481058891,37,True,mild,tolerant
R37H,-0.677302189928053,37,True,neutral,tolerant
R37I,-1.50674408326554,37,True,neutral,tolerant
R37K,-0.567768677539467,37,True,neutral,tolerant
R37L,-0.9964792308878571,37,True,neutral,tolerant
R37M,-1.5544007748421398,37,True,neutral,tolerant
R37N,-1.4391244666616698,37,True,neutral,tolerant
R37P,-1.9888558517054,37,True,mild,tolerant
R37Q,-1.21826082660488,37,True,neutral,tolerant
R37R,0.0,37,True,neutral,tolerant
R37S,-0.8221069799874309,37,True,neutral,tolerant
R37T,-1.36097951243522,37,True,neutral,tolerant
R37V,-1.24260407193375,37,True,neutral,tolerant
R37W,-1.56289830522279,37,True,neutral,tolerant
R37Y,-1.44886421038529,37,True,neutral,tolerant
P38A,-0.8658719420984459,38,True,neutral,sensitive
P38C,-1.61315426342778,38,True,neutral,sensitive
P38D,-1.96631576449498,38,True,mild,sensitive
P38E,-2.03452206260804,38,True,mild,sensitive
P38F,-3.00121804464881,38,True,mild,sensitive
P38G,-2.16139998473324,38,True,mild,sensitive
P38H,-1.04738273096853,38,True,neutral,sensitive
P38I,-2.16496124519016,38,True,mild,sensitive
P38K,-2.38658043136614,38,True,mild,sensitive
P38L,-1.2633356046578001,38,True,neutral,sensitive
P38M,-2.19556106930235,38,True,mild,sensitive
P38N,-1.77260047433243,38,True,neutral,sensitive
P38P,0.0,38,True,neutral,sensitive
P38Q,-2.24932406590493,38,True,mild,sensitive
P38R,-1.5875860491828602,38,True,neutral,sensitive
P38S,-1.6336460541098898,38,True,neutral,sensitive
P38T,-1.09506393697054,38,True,neutral,sensitive
P38V,-2.17584304833543,38,True,mild,sensitive
P38W,-2.40821321123143,38,True,mild,sensitive
P38Y,-2.7410700183292,38,True,mild,sensitive
R39A,-1.31589896508424,39,True,neutral,tolerant
R39C,-1.1350926712307299,39,True,neutral,tolerant
R39D,-2.12871432332309,39,True,mild,tolerant
R39E,-0.9904750529130409,39,True,neutral,tolerant
R39F,-2.6479607934420497,39,True,mild,tolerant
R39G,-1.5691556157213997,39,True,neutral,tolerant
R39H,-0.976216226169393,39,True,neutral,tolerant
R39I,-1.1335932732003,39,True,neutral,tolerant
R39K,-0.159526252294376,39,True,neutral,tolerant
R39L,-1.03608285618869,39,True,neutral,tolerant
R39M,-0.964890817862968,39,True,neutral,tolerant
R39N,-1.49531842117663,39,True,neutral,tolerant
R39P,-1.27224887289273,39,True,neutral,tolerant
R39Q,-0.738535757998659,39,True,neutral,tolerant
R39R,0.0,39,True,neutral,tolerant
R39S,-0.8395519222644441,39,True,neutral,tolerant
R39T,-1.6024159020713002,39,True,neutral,tolerant
R39V,-1.04426999153415,39,True,neutral,tolerant
R39W,-1.5776861862113798,39,True,neutral,tolerant
R39Y,-2.46569636146256,39,True,mild,tolerant
H40A,-1.1271022044167,40,True,neutral,tolerant
H40C,-1.4465408645229199,40,True,neutral,tolerant
H40D,-0.594049129538978,40,True,neutral,tolerant
H40E,-0.595277439825626,40,True,neutral,tolerant
H40F,-1.10951475099001,40,True,neutral,tolerant
H40G,-1.56216005844506,40,True,neutral,tolerant
H40H,0.0,40,True,neutral,tolerant
H40I,-1.01631990784539,40,True,neutral,tolerant
H40K,-1.74948943878003,40,True,neutral,tolerant
H40L,-1.04038950691268,40,True,neutral,tolerant
H40M,-0.7926674871996899,40,True,neutral,tolerant
H40N,-0.413633536298957,40,True,neutral,tolerant
H40P,-1.2803429427776698,40,True,neutral,tolerant
H40Q,-0.182638514582638,40,True,neutral,tolerant
H40R,-0.9869210416463751,40,True,neutral,tolerant
H40S,-0.8234812700937242,40,True,neutral,tolerant
H40T,-0.8564599409721909,40,True,neutral,tolerant
H40V,-1.1860415740466201,40,True,neutral,tolerant
H40W,-2.0503512078344803,40,True,mild,tolerant
H40Y,-0.626292863148,40,True,neutral,tolerant
Q41A,-0.6367525241296179,41,True,neutral,tolerant
Q41C,-0.8982126672018349,41,True,neutral,tolerant
Q41D,-0.557693425829458,41,True,neutral,tolerant
Q41E,-0.27580155878557105,41,True,neutral,tolerant
Q41F,-2.09194161438364,41,True,mild,tolerant
Q41G,-1.6700623870434401,41,True,neutral,tolerant
Q41H,-0.209487683171388,41,True,neutral,tolerant
Q41I,-1.11504933638157,41,True,neutral,tolerant
Q41K,-0.340938237924908,41,True,neutral,tolerant
Q41L,-0.624203592172068,41,True,neutral,tolerant
Q41M,-0.7528413757609259,41,True,neutral,tolerant
Q41N,-0.6833040421721059,41,True,neutral,tolerant
Q41P,-0.656033101866196,41,True,neutral,tolerant
Q41Q,0.0,41,True,neutral,tolerant
Q41R,-0.36176772258677103,41,True,neutral,tolerant
Q41S,-0.610212976689969,41,True,neutral,tolerant
Q41T,-0.33889921447788596,41,True,neutral,tolerant
Q41V,-0.601729671839258,41,True,neutral,tolerant
Q41W,-1.7150192690362098,41,True,neutral,tolerant
Q41Y,-1.40001777804255,41,True,neutral,tolerant
G42A,-0.700553659812443,42,True,neutral,tolerant
G42C,-1.5702025890754097,42,True,neutral,tolerant
G42D,-0.757547566708871,42,True,neutral,tolerant
G42E,-1.0167092199491299,42,True,neutral,tolerant
G42F,-1.9436587136883,42,True,mild,tolerant
G42G,0.0,42,True,neutral,tolerant
G42H,-0.888641540874438,42,True,neutral,tolerant
G42I,-0.924862911453277,42,True,neutral,tolerant
G42K,-1.1823753256328402,42,True,neutral,tolerant
G42L,-1.2937373776975902,42,True,neutral,tolerant
G42M,-1.34564593557542,42,True,neutral,tolerant
G42N,-0.6222269582489229,42,True,neutral,tolerant
G42P,-1.86035288304059,42,True,neutral,tolerant
G42Q,-1.09619384830766,42,True,neutral,tolerant
G42R,-0.668609320478535,42,True,neutral,tolerant
G42S,-0.45613852799800203,42,True,neutral,tolerant
G42T,-0.7794983966777441,42,True,neutral,tolerant
G42V,-0.7601142892217491,42,True,neutral,tolerant
G42W,-3.45950594336994,42,True,impactful,tolerant
G42Y,-2.40441736633737,42,True,mild,tolerant
V43A,-0.7264746947894879,43,True,neutral,tolerant
V43C,-0.973567949273388,43,True,neutral,tolerant
V43D,-1.07598486951648,43,True,neutral,tolerant
V43E,-1.10771157143184,43,True,neutral,tolerant
V43F,-1.29839042356209,43,True,neutral,tolerant
V43G,-1.4723636181155402,43,True,neutral,tolerant
V43H,-2.01903417562924,43,True,mild,tolerant
V43I,-0.125544496572429,43,True,neutral,tolerant
V43K,-2.14197011307201,43,True,mild,tolerant
V43L,-0.510744615945767,43,True,neutral,tolerant
V43M,-0.248659519042385,43,True,neutral,tolerant
V43N,-1.48685130001923,43,True,neutral,tolerant
V43P,-1.6831545050368402,43,True,neutral,tolerant
V43Q,-1.04426212451598,43,True,neutral,tolerant
V43R,-1.97667240174317,43,True,mild,tolerant
V43S,-1.2420661774491202,43,True,neutral,tolerant
V43T,-0.793555127949626,43,True,neutral,tolerant
V43V,0.0,43,True,neutral,tolerant
V43W,-1.57826298392246,43,True,neutral,tolerant
V43Y,-1.6182759227682701,43,True,neutral,tolerant
M44A,-1.5092304320392298,44,True,neutral,tolerant
M44C,-2.00704846020665,44,True,mild,tolerant
M44D,-2.4108105906856,44,True,mild,tolerant
M44E,-1.37944729405112,44,True,neutral,tolerant
M44F,-1.9919885239692199,44,True,mild,tolerant
M44G,-2.3566054390001203,44,True,mild,tolerant
M44H,-1.4842382757140202,44,True,neutral,tolerant
M44I,-0.33126782523539006,44,True,neutral,tolerant
M44K,-1.328313312291,44,True,neutral,tolerant
M44L,-0.361453260188892,44,True,neutral,tolerant
M44M,0.0,44,True,neutral,tolerant
M44N,-2.4465301530166,44,True,mild,tolerant
M44P,-1.7665317615665201,44,True,neutral,tolerant
M44Q,-2.0783470105444,44,True,mild,tolerant
M44R,-1.39052915829997,44,True,neutral,tolerant
M44S,-1.53996044252112,44,True,neutral,tolerant
M44T,-1.13879167573873,44,True,neutral,tolerant
M44V,-0.31355326604906,44,True,neutral,tolerant
M44W,-2.80241229444221,44,True,mild,tolerant
M44Y,-2.37872268174107,44,True,mild,tolerant
V45A,-0.5954889150164051,45,True,neutral,tolerant
V45C,-1.26820249908918,45,True,neutral,tolerant
V45D,-1.0371626292649399,45,True,neutral,tolerant
V45E,-1.38045468625074,45,True,neutral,tolerant
V45F,-1.6714654615175801,45,True,neutral,tolerant
V45G,-1.10461713172297,45,True,neutral,tolerant
V45H,-1.7745470876350702,45,True,neutral,tolerant
V45I,-0.237869682145976,45,True,neutral,tolerant
V45K,-1.26502387137941,45,True,neutral,tolerant
V45L,-0.5831924610974879,45,True,neutral,tolerant
V45M,-0.459571986605755,45,True,neutral,tolerant
V45N,-1.93327417857232,45,True,mild,tolerant
V45P,-1.51503860099866,45,True,neutral,tolerant
V45Q,-1.54639618953749,45,True,neutral,tolerant
V45R,-1.79117106985014,45,True,neutral,tolerant
V45S,-0.824793567076154,45,True,neutral,tolerant
V45T,-0.9247854903546651,45,True,neutral,tolerant
V45V,0.0,45,True,neutral,tolerant
V45W,-3.1873804150144904,45,True,impactful,tolerant
V45Y,-2.14134992778036,45,True,mild,tolerant
G46A,-1.4398888962775098,46,True,neutral,tolerant
G46C,-1.7043449273912799,46,True,neutral,tolerant
G46D,-0.966238404693702,46,True,neutral,tolerant
G46E,-1.19139102931705,46,True,neutral,tolerant
G46F,-2.55619127553657,46,True,mild,tolerant
G46G,0.0,46,True,neutral,tolerant
G46H,-1.78462529880216,46,True,neutral,tolerant
G46I,-2.47789545815766,46,True,mild,tolerant
G46K,-1.9779268008619402,46,True,mild,tolerant
G46L,-2.6234925110695095,46,True,mild,tolerant
G46M,-1.8075106697497099,46,True,neutral,tolerant
G46N,-1.98665396059271,46,True,mild,tolerant
G46P,-2.3001318934925297,46,True,mild,tolerant
G46Q,-1.95768047086124,46,True,mild,tolerant
G46R,-1.33811745586932,46,True,neutral,tolerant
G46S,-0.9525340671584591,46,True,neutral,tolerant
G46T,-1.59584635033026,46,True,neutral,tolerant
G46V,-1.58621536778378,46,True,neutral,tolerant
G46W,-3.4396656721862997,46,True,impactful,tolerant
G46Y,-3.2789855308444,46,True,impactful,tolerant
M47A,-0.85564983700124,47,True,neutral,tolerant
M47C,-1.5511122584569,47,True,neutral,tolerant
M47D,-1.47641692426927,47,True,neutral,tolerant
M47E,-1.4726698899204702,47,True,neutral,tolerant
M47F,-1.4775766002258501,47,True,neutral,tolerant
M47G,-1.72971625274146,47,True,neutral,tolerant
M47H,-1.02590994634477,47,True,neutral,tolerant
M47I,-0.549847739329989,47,True,neutral,tolerant
M47K,-1.21778872684606,47,True,neutral,tolerant
M47L,-0.463803735277497,47,True,neutral,tolerant
M47M,0.0,47,True,neutral,tolerant
M47N,-1.74781462467742,47,True,neutral,tolerant
M47P,-1.7216378835655501,47,True,neutral,tolerant
M47Q,-1.7613135898264398,47,True,neutral,tolerant
M47R,-1.92967024670578,47,True,mild,tolerant
M47S,-0.905568436058187,47,True,neutral,tolerant
M47T,-0.835563296862085,47,True,neutral,tolerant
M47V,-0.464009303659632,47,True,neutral,tolerant
M47W,-3.0335544678215296,47,True,mild,tolerant
M47Y,-1.61120303864972,47,True,neutral,tolerant
G48A,-0.596457533113766,48,True,neutral,tolerant
G48C,-0.751361591202179,48,True,neutral,tolerant
G48D,-0.41178464974417606,48,True,neutral,tolerant
G48E,-0.6404720691635629,48,True,neutral,tolerant
G48F,-2.06568875461447,48,True,mild,tolerant
G48G,0.0,48,True,neutral,tolerant
G48H,-0.41227168406737996,48,True,neutral,tolerant
G48I,-1.8546194371607398,48,True,neutral,tolerant
G48K,-1.62297914814788,48,True,neutral,tolerant
G48L,-1.04612752202626,48,True,neutral,tolerant
G48M,-1.5560178318956202,48,True,neutral,tolerant
G48N,-0.486924177182321,48,True,neutral,tolerant
G48P,-1.53884717894438,48,True,neutral,tolerant
G48Q,-0.9335492742769129,48,True,neutral,tolerant
G48R,-0.94536344533711,48,True,neutral,tolerant
G48S,-0.719990606752465,48,True,neutral,tolerant
G48T,-0.72166173475509,48,True,neutral,tolerant
G48V,-1.05659963181302,48,True,neutral,tolerant
G48W,-2.87965635760578,48,True,mild,tolerant
G48Y,-2.38293664182595,48,True,mild,tolerant
Q49A,-0.9310181795097441,49,True,neutral,tolerant
Q49C,-2.50033630671563,49,True,mild,tolerant
Q49D,-0.5415981022512111,49,True,neutral,tolerant
Q49E,-0.42171831869257004,49,True,neutral,tolerant
Q49F,-1.66808675345037,49,True,neutral,tolerant
Q49G,-1.4553334007967902,49,True,neutral,tolerant
Q49H,-0.351564163356861,49,True,neutral,tolerant
Q49I,-1.1702305658857,49,True,neutral,tolerant
Q49K,-0.867998309489792,49,True,neutral,tolerant
Q49L,-0.844987848600235,49,True,neutral,tolerant
Q49M,-1.09203446003945,49,True,neutral,tolerant
Q49N,-0.0904926074534961,49,True,neutral,tolerant
Q49P,-2.05190027755593,49,True,mild,tolerant
Q49Q,0.0,49,True,neutral,tolerant
Q49R,-0.8523653947456941,49,True,neutral,tolerant
Q49S,-0.860361256212533,49,True,neutral,tolerant
Q49T,-1.21671698464765,49,True,neutral,tolerant
Q49V,-1.1048860328961598,49,True,neutral,tolerant
Q49W,-3.10750270824261,49,True,impactful,tolerant
Q49Y,-1.53048004057317,49,True,neutral,tolerant
K50A,-1.6221638396832099,50,True,neutral,tolerant
K50C,-2.4927065063327403,50,True,mild,tolerant
K50D,-1.6574809236128203,50,True,neutral,tolerant
K50E,-1.06134190914057,50,True,neutral,tolerant
K50F,-2.9562552847507204,50,True,mild,tolerant
K50G,-1.60898579427052,50,True,neutral,tolerant
K50H,-1.6495597288311201,50,True,neutral,tolerant
K50I,-1.6082787979043,50,True,neutral,tolerant
K50K,0.0,50,True,neutral,tolerant
K50L,-1.4519435870522,50,True,neutral,tolerant
K50M,-0.7596859523196021,50,True,neutral,tolerant
K50N,-1.15490214296921,50,True,neutral,tolerant
K50P,-1.65746144201747,50,True,neutral,tolerant
K50Q,-1.23092500128377,50,True,neutral,tolerant
K50R,-0.22044053182272602,50,True,neutral,tolerant
K50S,-1.58488446027104,50,True,neutral,tolerant
K50T,-1.7892973805463501,50,True,neutral,tolerant
K50V,-1.3320898345053,50,True,neutral,tolerant
K50W,-4.47399618398295,50,True,impactful,tolerant
K50Y,-2.8968057294417995,50,True,mild,tolerant
D51A,-1.8240808471171799,51,True,neutral,sensitive
D51C,-2.8872332750953196,51,True,mild,sensitive
D51D,0.0,51,True,neutral,sensitive
D51E,-0.27767490011290996,51,True,neutral,sensitive
D51F,-4.173408146487691,51,True,impactful,sensitive
D51G,-1.3828889749386102,51,True,neutral,sensitive
D51H,-0.93171429336809,51,True,neutral,sensitive
D51I,-2.7249367619922102,51,True,mild,sensitive
D51K,-1.84948374022063,51,True,neutral,sensitive
D51L,-2.40723650860064,51,True,mild,sensitive
D51M,-3.22900275198978,51,True,impactful,sensitive
D51N,-0.7834173547796149,51,True,neutral,sensitive
D51P,-2.84622028277818,51,True,mild,sensitive
D51Q,-0.9607019318052908,51,True,neutral,sensitive
D51R,-2.38383758864605,51,True,mild,sensitive
D51S,-1.38635908641301,51,True,neutral,sensitive
D51T,-2.0732889117922397,51,True,mild,sensitive
D51V,-2.48906778607567,51,True,mild,sensitive
D51W,-3.5710700116332297,51,True,impactful,sensitive
D51Y,-2.1363832298455603,51,True,mild,sensitive
S52A,-0.0944422128046509,52,True,neutral,tolerant
S52C,-0.11196583018879303,52,True,neutral,tolerant
S52D,-1.2919162852545,52,True,neutral,tolerant
S52E,-1.11354396021873,52,True,neutral,tolerant
S52F,-0.809845457400693,52,True,neutral,tolerant
S52G,-1.83313503752115,52,True,neutral,tolerant
S52H,-1.09689577845428,52,True,neutral,tolerant
S52I,-0.899651708618045,52,True,neutral,tolerant
S52K,-1.65259871218119,52,True,neutral,tolerant
S52L,-0.75084959595798,52,True,neutral,tolerant
S52M,-1.1068878887041398,52,True,neutral,tolerant
S52N,-0.9266842280877879,52,True,neutral,tolerant
S52P,-1.56356116365384,52,True,neutral,tolerant
S52Q,-1.49972055071196,52,True,neutral,tolerant
S52R,-1.37474677817716,52,True,neutral,tolerant
S52S,0.0,52,True,neutral,tolerant
S52T,-0.287227565569735,52,True,neutral,tolerant
S52V,-0.7613726463869991,52,True,neutral,tolerant
S52W,-1.0566552479198,52,True,neutral,tolerant
S52Y,-0.6043723954218679,52,True,neutral,tolerant
Y53A,-2.9554343785170496,53,True,mild,sensitive
Y53C,-1.6456849971502001,53,True,neutral,sensitive
Y53D,-1.78181151266642,53,True,neutral,sensitive
Y53E,-2.92014591048651,53,True,mild,sensitive
Y53F,-0.390092265344337,53,True,neutral,sensitive
Y53G,-4.34385281500761,53,True,impactful,sensitive
Y53H,-2.8851033391481398,53,True,mild,sensitive
Y53I,-1.7380674898883,53,True,neutral,sensitive
Y53K,-3.62120367941576,53,True,impactful,sensitive
Y53L,-1.28848342420302,53,True,neutral,sensitive
Y53M,-1.4479875590581701,53,True,neutral,sensitive
Y53N,-2.90989375354831,53,True,mild,sensitive
Y53P,-2.7057201156606,53,True,mild,sensitive
Y53Q,-3.1182137778306602,53,True,impactful,sensitive
Y53R,-3.4299460201559104,53,True,impactful,sensitive
Y53S,-1.93452730845325,53,True,mild,sensitive
Y53T,-2.9670120736787404,53,True,mild,sensitive
Y53V,-1.37330244116321,53,True,neutral,sensitive
Y53W,-1.55474195937586,53,True,neutral,sensitive
Y53Y,0.0,53,True,neutral,sensitive
V54A,-1.36329246271754,54,True,neutral,sensitive
V54C,-1.8802721615311297,54,True,neutral,sensitive
V54D,-3.13737524259502,54,True,impactful,sensitive
V54E,-3.60647443541367,54,True,impactful,sensitive
V54F,-2.00969783045738,54,True,mild,sensitive
V54G,-2.61325609822448,54,True,mild,sensitive
V54H,-3.62704908832515,54,True,impactful,sensitive
V54I,-0.219033507836155,54,True,neutral,sensitive
V54K,-4.17819145134296,54,True,impactful,sensitive
V54L,-0.539861732941363,54,True,neutral,sensitive
V54M,-0.342889529822212,54,True,neutral,sensitive
V54N,-3.1994291162343402,54,True,impactful,sensitive
V54P,-3.63980395427796,54,True,impactful,sensitive
V54Q,-3.6984375763430397,54,True,impactful,sensitive
V54R,-2.1324659727877098,54,True,mild,sensitive
V54S,-2.88381286374858,54,True,mild,sensitive
V54T,-1.8199848399597498,54,True,neutral,sensitive
V54V,0.0,54,True,neutral,sensitive
V54W,-4.8579336635095,54,True,impactful,sensitive
V54Y,-2.02628668890573,54,True,mild,sensitive
G55A,-1.6680766563850702,55,True,neutral,sensitive
G55C,-2.63015467962087,55,True,mild,sensitive
G55D,-1.7033384083920602,55,True,neutral,sensitive
G55E,-2.8389562913973396,55,True,mild,sensitive
G55F,-4.27882932699017,55,True,impactful,sensitive
G55G,0.0,55,True,neutral,sensitive
G55H,-4.21419890822996,55,True,impactful,sensitive
G55I,-3.92747249172169,55,True,impactful,sensitive
G55K,-3.6427705110310096,55,True,impactful,sensitive
G55L,-2.55875004686146,55,True,mild,sensitive
G55M,-3.7624727559580395,55,True,impactful,sensitive
G55N,-3.79371494263811,55,True,impactful,sensitive
G55P,-4.15035196605927,55,True,impactful,sensitive
G55Q,-4.77621994570486,55,True,impactful,sensitive
G55R,-3.76642438080347,55,True,impactful,sensitive
G55S,-2.03141572012858,55,True,mild,sensitive
G55T,-3.66346600392784,55,True,impactful,sensitive
G55V,-1.84015112577831,55,True,neutral,sensitive
G55W,-2.8449488374645298,55,True,mild,sensitive
G55Y,-5.408318882903121,55,True,impactful,sensitive
D56A,-1.2925516746937902,56,True,neutral,tolerant
D56C,-3.00691819692589,56,True,mild,tolerant
D56D,0.0,56,True,neutral,tolerant
D56E,-0.395749679558161,56,True,neutral,tolerant
D56F,-2.8935414993993103,56,True,mild,tolerant
D56G,-1.90655476448008,56,True,mild,tolerant
D56H,-0.632757955470946,56,True,neutral,tolerant
D56I,-1.8498550781498,56,True,neutral,tolerant
D56K,-1.1163323756932901,56,True,neutral,tolerant
D56L,-3.4004251633193903,56,True,impactful,tolerant
D56M,-3.48685165493154,56,True,impactful,tolerant
D56N,-0.166099743816205,56,True,neutral,tolerant
D56P,-2.4321628452214505,56,True,mild,tolerant
D56Q,-1.22271549122724,56,True,neutral,tolerant
D56R,-1.5949006839812698,56,True,neutral,tolerant
D56S,-1.1960755153023999,56,True,neutral,tolerant
D56T,-1.8292792335035601,56,True,neutral,tolerant
D56V,-2.506398385907,56,True,mild,tolerant
D56W,-4.8994781368153095,56,True,impactful,tolerant
D56Y,-2.25506451482401,56,True,mild,tolerant
E57A,-1.66750220445055,57,True,neutral,sensitive
E57C,-3.60377328117406,57,True,impactful,sensitive
E57D,-0.38691761314635603,57,True,neutral,sensitive
E57E,0.0,57,True,neutral,sensitive
E57F,-3.4814872770536804,57,True,impactful,sensitive
E57G,-1.97204209693905,57,True,mild,sensitive
E57H,-1.38044631608184,57,True,neutral,sensitive
E57I,-2.2736480114386897,57,True,mild,sensitive
E57K,-1.1761867462733602,57,True,neutral,sensitive
E57L,-2.62329014828963,57,True,mild,sensitive
E57M,-2.6566837702685095,57,True,mild,sensitive
E57N,-0.986763139795864,57,True,neutral,sensitive
E57P,-3.68298743867369,57,True,impactful,sensitive
E57Q,-0.49754419958319795,57,True,neutral,sensitive
E57R,-1.46225382363319,57,True,neutral,sensitive
E57S,-2.2109038269697203,57,True,mild,sensitive
E57T,-2.37121085662237,57,True,mild,sensitive
E57V,-2.27539815477131,57,True,mild,sensitive
E57W,-2.6501818868209104,57,True,mild,sensitive
E57Y,-3.7231130895466698,57,True,impactful,sensitive
A58A,0.0,58,True,neutral,sensitive
A58C,-1.8949031124741202,58,True,mild,sensitive
A58D,-3.15576625003335,58,True,impactful,sensitive
A58E,-3.42508223386486,58,True,impactful,sensitive
A58F,-3.39313189654474,58,True,impactful,sensitive
A58G,-2.01202492167197,58,True,mild,sensitive
A58H,-3.4901877931697403,58,True,impactful,sensitive
A58I,-1.47447411503146,58,True,neutral,sensitive
A58K,-3.67976504679403,58,True,impactful,sensitive
A58L,-1.9377159100835402,58,True,mild,sensitive
A58M,-2.85876671891919,58,True,mild,sensitive
A58N,-3.30240942982027,58,True,impactful,sensitive
A58P,-2.88605534636681,58,True,mild,sensitive
A58Q,-3.3250142311048996,58,True,impactful,sensitive
A58R,-3.3210595604034303,58,True,impactful,sensitive
A58S,-0.8673155958517241,58,True,neutral,sensitive
A58T,-0.39154302170305605,58,True,neutral,sensitive
A58V,-1.11621656741033,58,True,neutral,sensitive
A58W,-4.83219540215544,58,True,impactful,sensitive
A58Y,-4.7507274374353,58,True,impactful,sensitive
Q59A,-1.62681767932389,59,True,neutral,tolerant
Q59C,-1.3137755497080201,59,True,neutral,tolerant
Q59D,-1.23072272890606,59,True,neutral,tolerant
Q59E,-0.319472883231791,59,True,neutral,tolerant
Q59F,-1.9530769693494,59,True,mild,tolerant
Q59G,-2.8489355707981603,59,True,mild,tolerant
Q59H,-0.498009537616269,59,True,neutral,tolerant
Q59I,-1.04528969197602,59,True,neutral,tolerant
Q59K,-1.6542874971713502,59,True,neutral,tolerant
Q59L,-0.692056295878848,59,True,neutral,tolerant
Q59M,-0.745190803882775,59,True,neutral,tolerant
Q59N,-0.839900454793307,59,True,neutral,tolerant
Q59P,-2.20877195066286,59,True,mild,tolerant
Q59Q,0.0,59,True,neutral,tolerant
Q59R,-1.19350513392178,59,True,neutral,tolerant
Q59S,-1.38809068614525,59,True,neutral,tolerant
Q59T,-1.7658419973360902,59,True,neutral,tolerant
Q59V,-1.43432129421209,59,True,neutral,tolerant
Q59W,-2.05937764706636,59,True,mild,tolerant
Q59Y,-2.18890453126385,59,True,mild,tolerant
S60A,-0.23829953000020399,60,True,neutral,tolerant
S60C,-0.160725134415893,60,True,neutral,tolerant
S60D,-1.11179910255374,60,True,neutral,tolerant
S60E,-0.765186867966824,60,True,neutral,tolerant
S60F,-1.37317407817716,60,True,neutral,tolerant
S60G,-0.8654043153072221,60,True,neutral,tolerant
S60H,-1.03340469096373,60,True,neutral,tolerant
S60I,-1.51721022976908,60,True,neutral,tolerant
S60K,-1.3424177508663702,60,True,neutral,tolerant
S60L,-1.18519105316401,60,True,neutral,tolerant
S60M,-1.83170980502172,60,True,neutral,tolerant
S60N,-0.42501377872236895,60,True,neutral,tolerant
S60P,-2.00400169948663,60,True,mild,tolerant
S60Q,-0.759366053489883,60,True,neutral,tolerant
S60R,-1.40717548429698,60,True,neutral,tolerant
S60S,0.0,60,True,neutral,tolerant
S60T,-0.38141348283849297,60,True,neutral,tolerant
S60V,-1.2120097044829699,60,True,neutral,tolerant
S60W,-3.0339977148592996,60,True,mild,tolerant
S60Y,-1.92484449661304,60,True,mild,tolerant
K61A,-1.99652380129404,61,True,mild,tolerant
K61C,-2.4454002202008702,61,True,mild,tolerant
K61D,-2.4949783652838797,61,True,mild,tolerant
K61E,-1.2486977906749999,61,True,neutral,tolerant
K61F,-2.3536045276822404,61,True,mild,tolerant
K61G,-2.7894645192261702,61,True,mild,tolerant
K61H,-1.4404929109996298,61,True,neutral,tolerant
K61I,-1.29365482800475,61,True,neutral,tolerant
K61K,0.0,61,True,neutral,tolerant
K61L,-1.71307052766366,61,True,neutral,tolerant
K61M,-0.736009196188353,61,True,neutral,tolerant
K61N,-0.9192555247572641,61,True,neutral,tolerant
K61P,-2.59460746759654,61,True,mild,tolerant
K61Q,-1.03840687319693,61,True,neutral,tolerant
K61R,-0.33879189421890604,61,True,neutral,tolerant
K61S,-1.49792854964259,61,True,neutral,tolerant
K61T,-1.32803219315827,61,True,neutral,tolerant
K61V,-1.9886919772538998,61,True,mild,tolerant
K61W,-2.0174982680100397,61,True,mild,tolerant
K61Y,-2.2993952575115095,61,True,mild,tolerant
R62A,-1.38677873534147,62,True,neutral,sensitive
R62C,-1.1934557014829799,62,True,neutral,sensitive
R62D,-2.4654680471369304,62,True,mild,sensitive
R62E,-2.12572787260459,62,True,mild,sensitive
R62F,-3.40973330765937,62,True,impactful,sensitive
R62G,-1.7543875431821798,62,True,neutral,sensitive
R62H,-1.33803540905207,62,True,neutral,sensitive
R62I,-1.2834752713700701,62,True,neutral,sensitive
R62K,-0.305154201243283,62,True,neutral,sensitive
R62L,-2.39431773344758,62,True,mild,sensitive
R62M,-2.3903992687905498,62,True,mild,sensitive
R62N,-2.56966575796282,62,True,mild,sensitive
R62P,-2.53083692612513,62,True,mild,sensitive
R62Q,-1.94493713751524,62,True,mild,sensitive
R62R,0.0,62,True,neutral,sensitive
R62S,-0.8058311232593129,62,True,neutral,sensitive
R62T,-1.41859959163703,62,True,neutral,sensitive
R62V,-3.22979870988412,62,True,impactful,sensitive
R62W,-1.9611084223566002,62,True,mild,sensitive
R62Y,-2.84146926731499,62,True,mild,sensitive
G63A,-1.3356001675282,63,True,neutral,sensitive
G63C,-1.15932895944426,63,True,neutral,sensitive
G63D,-0.788952670617828,63,True,neutral,sensitive
G63E,-1.27597598367706,63,True,neutral,sensitive
G63F,-2.8326285874482,63,True,mild,sensitive
G63G,0.0,63,True,neutral,sensitive
G63H,-1.9752049187176397,63,True,mild,sensitive
G63I,-2.9195168058737098,63,True,mild,sensitive
G63K,-2.28922127148871,63,True,mild,sensitive
G63L,-2.75278342368478,63,True,mild,sensitive
G63M,-3.0821574079355893,63,True,impactful,sensitive
G63N,-1.5432766086431202,63,True,neutral,sensitive
G63P,-2.7355407869426798,63,True,mild,sensitive
G63Q,-2.1611000936656697,63,True,mild,sensitive
G63R,-1.62292963812211,63,True,neutral,sensitive
G63S,-0.803590859828398,63,True,neutral,sensitive
G63T,-2.18527864541554,63,True,mild,sensitive
G63V,-2.92481912527471,63,True,mild,sensitive
G63W,-3.1126960804782797,63,True,impactful,sensitive
G63Y,-3.3355300054236,63,True,impactful,sensitive
I64A,-1.22643878101298,64,True,neutral,tolerant
I64C,-2.29809661553823,64,True,mild,tolerant
I64D,-1.75945069582811,64,True,neutral,tolerant
I64E,-1.93062355116588,64,True,mild,tolerant
I64F,-1.1536952972508703,64,True,neutral,tolerant
I64G,-2.35203299790708,64,True,mild,tolerant
I64H,-1.75277224816302,64,True,neutral,tolerant
I64I,0.0,64,True,neutral,tolerant
I64K,-2.43594808884404,64,True,mild,tolerant
I64L,-0.37036635790939204,64,True,neutral,tolerant
I64M,-0.289653413996288,64,True,neutral,tolerant
I64N,-1.45520698322934,64,True,neutral,tolerant
I64P,-2.55820895826571,64,True,mild,tolerant
I64Q,-2.1835461881986498,64,True,mild,tolerant
I64R,-2.3585390925935297,64,True,mild,tolerant
I64S,-0.9434870032734008,64,True,neutral,tolerant
I64T,-1.17460166065791,64,True,neutral,tolerant
I64V,-0.0670616525572128,64,True,neutral,tolerant
I64W,-2.47544261311594,64,True,mild,tolerant
I64Y,-1.63191352082719,64,True,neutral,tolerant
L65A,-2.1165386812299,65,True,mild,sensitive
L65C,-1.96596416489719,65,True,mild,sensitive
L65D,-3.30993997698448,65,True,impactful,sensitive
L65E,-2.07320792358214,65,True,mild,sensitive
L65F,-2.27694849805285,65,True,mild,sensitive
L65G,-4.74356935133512,65,True,impactful,sensitive
L65H,-3.29794572413881,65,True,impactful,sensitive
L65I,-0.7389675235114659,65,True,neutral,sensitive
L65K,-3.6113589421799905,65,True,impactful,sensitive
L65L,0.0,65,True,neutral,sensitive
L65M,-0.7808711999992141,65,True,neutral,sensitive
L65N,-2.75315972852311,65,True,mild,sensitive
L65P,-2.47005492671589,65,True,mild,sensitive
L65Q,-2.97529055879744,65,True,mild,sensitive
L65R,-3.1874601727511096,65,True,impactful,sensitive
L65S,-2.42668938137256,65,True,mild,sensitive
L65T,-2.22381066084999,65,True,mild,sensitive
L65V,-1.1312411573893302,65,True,neutral,sensitive
L65W,-2.4672117509689997,65,True,mild,sensitive
L65Y,-2.36911129365539,65,True,mild,sensitive
T66A,-0.22308370300606303,66,True,neutral,tolerant
T66C,-1.27915492175719,66,True,neutral,tolerant
T66D,-1.2188789992215001,66,True,neutral,tolerant
T66E,-1.00251543069363,66,True,neutral,tolerant
T66F,-1.37268437539023,66,True,neutral,tolerant
T66G,-1.9115341292175299,66,True,mild,tolerant
T66H,-0.891747713020341,66,True,neutral,tolerant
T66I,-1.3141950019909,66,True,neutral,tolerant
T66K,-1.04060866648543,66,True,neutral,tolerant
T66L,-1.23034429012259,66,True,neutral,tolerant
T66M,-1.29856535065651,66,True,neutral,tolerant
T66N,-0.604318507410423,66,True,neutral,tolerant
T66P,-1.86716478091858,66,True,neutral,tolerant
T66Q,-0.768517122432306,66,True,neutral,tolerant
T66R,-1.2898231082782,66,True,neutral,tolerant
T66S,-0.0309977771828815,66,True,neutral,tolerant
T66T,0.0,66,True,neutral,tolerant
T66V,-1.3955628699353302,66,True,neutral,tolerant
T66W,-3.20320591098554,66,True,impactful,tolerant
T66Y,-1.4319923676773603,66,True,neutral,tolerant
L67A,-2.68816251633909,67,True,mild,sensitive
L67C,-2.7448112766150703,67,True,mild,sensitive
L67D,-4.06279954365662,67,True,impactful,sensitive
L67E,-3.6367906851595895,67,True,impactful,sensitive
L67F,-1.7131251089335302,67,True,neutral,sensitive
L67G,-4.06185917776203,67,True,impactful,sensitive
L67H,-3.70428082989178,67,True,impactful,sensitive
L67I,-0.498315268241714,67,True,neutral,sensitive
L67K,-2.22091328783584,67,True,mild,sensitive
L67L,0.0,67,True,neutral,sensitive
L67M,-0.40355490456443294,67,True,neutral,sensitive
L67N,-3.3596035930170096,67,True,impactful,sensitive
L67P,-1.6325675674567899,67,True,neutral,sensitive
L67Q,-2.3366960163597,67,True,mild,sensitive
L67R,-2.26120998829557,67,True,mild,sensitive
L67S,-2.4888146364002703,67,True,mild,sensitive
L67T,-1.9675134258916298,67,True,mild,sensitive
L67V,-0.41128642694892,67,True,neutral,sensitive
L67W,-2.5630422413566802,67,True,mild,sensitive
L67Y,-2.56418698706323,67,True,mild,sensitive
K68A,-1.4779397233126799,68,True,neutral,tolerant
K68C,-1.9322922693536002,68,True,mild,tolerant
K68D,-1.31896474896452,68,True,neutral,tolerant
K68E,-0.9145372278529491,68,True,neutral,tolerant
K68F,-2.1771786462944203,68,True,mild,tolerant
K68G,-2.0530002915992798,68,True,mild,tolerant
K68H,-0.9027668662938829,68,True,neutral,tolerant
K68I,-2.3970521901013497,68,True,mild,tolerant
K68K,0.0,68,True,neutral,tolerant
K68L,-1.9675487158927198,68,True,mild,tolerant
K68M,-1.66153755822014,68,True,neutral,tolerant
K68N,-0.645068182423766,68,True,neutral,tolerant
K68P,-3.70158740309162,68,True,impactful,tolerant
K68Q,-1.1473443757083301,68,True,neutral,tolerant
K68R,-0.0713159118096431,68,True,neutral,tolerant
K68S,-0.6827780723114241,68,True,neutral,tolerant
K68T,-0.9140660559102209,68,True,neutral,tolerant
K68V,-0.9845935256829029,68,True,neutral,tolerant
K68W,-4.21163571850341,68,True,impactful,tolerant
K68Y,-1.56072604946223,68,True,neutral,tolerant
Y69A,-2.69873120493534,69,True,mild,sensitive
Y69C,-1.7783395134103799,69,True,neutral,sensitive
Y69D,-1.9098490831174197,69,True,mild,sensitive
Y69E,-2.39025544137571,69,True,mild,sensitive
Y69F,-0.7555035506041651,69,True,neutral,sensitive
Y69G,-3.7350221976629197,69,True,impactful,sensitive
Y69H,-1.01911035908712,69,True,neutral,sensitive
Y69I,-4.23563225092435,69,True,impactful,sensitive
Y69K,-2.48560412932129,69,True,mild,sensitive
Y69L,-2.83569720233092,69,True,mild,sensitive
Y69M,-3.3434089003278897,69,True,impactful,sensitive
Y69N,-1.22951757531088,69,True,neutral,sensitive
Y69P,-2.91512994145481,69,True,mild,sensitive
Y69Q,-1.71877311470331,69,True,neutral,sensitive
Y69R,-1.88263903770118,69,True,mild,sensitive
Y69S,-1.2678165268538302,69,True,neutral,sensitive
Y69T,-2.47139134573048,69,True,mild,sensitive
Y69V,-3.23707914069713,69,True,impactful,sensitive
Y69W,-1.69153580798877,69,True,neutral,sensitive
Y69Y,0.0,69,True,neutral,sensitive
P70A,-2.80342193151214,70,True,mild,sensitive
P70C,-4.08036738973066,70,True,impactful,sensitive
P70D,-5.06500345308866,70,True,impactful,sensitive
P70E,-4.06863879276269,70,True,impactful,sensitive
P70F,-3.95467067222568,70,True,impactful,sensitive
P70G,-4.23594580371493,70,True,impactful,sensitive
P70H,-3.33908353726923,70,True,impactful,sensitive
P70I,-2.9669313894342597,70,True,mild,sensitive
P70K,-5.24713492289175,70,True,impactful,sensitive
P70L,-1.66374834310947,70,True,neutral,sensitive
P70M,-3.8276085020279997,70,True,impactful,sensitive
P70N,-6.18164256917295,70,True,impactful,sensitive
P70P,0.0,70,True,neutral,sensitive
P70Q,-4.24909133198134,70,True,impactful,sensitive
P70R,-5.009024818948441,70,True,impactful,sensitive
P70S,-1.99483031120287,70,True,mild,sensitive
P70T,-3.46130596831496,70,True,impactful,sensitive
P70V,-3.42363329205361,70,True,impactful,sensitive
P70W,-5.92613839629599,70,True,impactful,sensitive
P70Y,-4.13094222343465,70,True,impactful,sensitive
I71A,-3.0828910450043,71,True,impactful,sensitive
I71C,-3.81174570903469,71,True,impactful,sensitive
I71D,-3.8045695856091295,71,True,impactful,sensitive
I71E,-4.2048187240983,71,True,impactful,sensitive
I71F,-2.6183682410533,71,True,mild,sensitive
I71G,-4.701640177929731,71,True,impactful,sensitive
I71H,-4.16732237989355,71,True,impactful,sensitive
I71I,0.0,71,True,neutral,sensitive
I71K,-4.09609878924919,71,True,impactful,sensitive
I71L,-0.666037818023963,71,True,neutral,sensitive
I71M,-0.250190673716292,71,True,neutral,sensitive
I71N,-1.7093978303336999,71,True,neutral,sensitive
I71P,-4.15785506126913,71,True,impactful,sensitive
I71Q,-4.6679846981218205,71,True,impactful,sensitive
I71R,-3.02202041814253,71,True,mild,sensitive
I71S,-2.5933504555937903,71,True,mild,sensitive
I71T,-1.8247698031904,71,True,neutral,sensitive
I71V,-0.11689215520262301,71,True,neutral,sensitive
I71W,-3.72752621383823,71,True,impactful,sensitive
I71Y,-2.95524967037058,71,True,mild,sensitive
E72A,-1.42939043083509,72,True,neutral,tolerant
E72C,-2.6556930851041898,72,True,mild,tolerant
E72D,-0.302097368028732,72,True,neutral,tolerant
E72E,0.0,72,True,neutral,tolerant
E72F,-3.5054567905251197,72,True,impactful,tolerant
E72G,-2.27241315562696,72,True,mild,tolerant
E72H,-1.1273096476237099,72,True,neutral,tolerant
E72I,-2.7745143830432304,72,True,mild,tolerant
E72K,-0.906395888627107,72,True,neutral,tolerant
E72L,-3.0472837696018202,72,True,impactful,tolerant
E72M,-1.63781093246128,72,True,neutral,tolerant
E72N,-1.07008117505813,72,True,neutral,tolerant
E72P,-4.4495207074155,72,True,impactful,tolerant
E72Q,-0.595754181547901,72,True,neutral,tolerant
E72R,-1.5513758845768402,72,True,neutral,tolerant
E72S,-1.62535825964678,72,True,neutral,tolerant
E72T,-2.20505074652419,72,True,mild,tolerant
E72V,-1.7289901015456999,72,True,neutral,tolerant
E72W,-3.85880279910533,72,True,impactful,tolerant
E72Y,-3.69822207351249,72,True,impactful,tolerant
H73A,-2.11236378102566,73,True,mild,sensitive
H73C,-2.0184357289447297,73,True,mild,sensitive
H73D,-1.1553516601771299,73,True,neutral,sensitive
H73E,-1.25594371390568,73,True,neutral,sensitive
H73F,-2.5849245021562903,73,True,mild,sensitive
H73G,-2.9360956583933904,73,True,mild,sensitive
H73H,0.0,73,True,neutral,sensitive
H73I,-4.2285856644098,73,True,impactful,sensitive
H73K,-1.4279095423174302,73,True,neutral,sensitive
H73L,-3.35852232924909,73,True,impactful,sensitive
H73M,-4.940815893860259,73,True,impactful,sensitive
H73N,-0.7578155839819799,73,True,neutral,sensitive
H73P,-2.68758869415901,73,True,mild,sensitive
H73Q,-0.73387289243549,73,True,neutral,sensitive
H73R,-0.8614689953988861,73,True,neutral,sensitive
H73S,-2.35581223774422,73,True,mild,sensitive
H73T,-2.66810557468966,73,True,mild,sensitive
H73V,-3.9810326074543703,73,True,impactful,sensitive
H73W,-3.82126079435884,73,True,impactful,sensitive
H73Y,-1.8352392996912101,73,True,neutral,sensitive
G74A,-2.5881749278494905,74,True,mild,sensitive
G74C,-2.26601250295918,74,True,mild,sensitive
G74D,-2.43410804728048,74,True,mild,sensitive
G74E,-2.9307157414909906,74,True,mild,sensitive
G74F,-5.49472936640018,74,True,impactful,sensitive
G74G,0.0,74,True,neutral,sensitive
G74H,-4.18124459733128,74,True,impactful,sensitive
G74I,-6.423548082037049,74,True,impactful,sensitive
G74K,-4.49079402955785,74,True,impactful,sensitive
G74L,-4.47745546121937,74,True,impactful,sensitive
G74M,-5.083359421259759,74,True,impactful,sensitive
G74N,-2.95215656582321,74,True,mild,sensitive
G74P,-6.023235804354041,74,True,impactful,sensitive
G74Q,-4.223688579964151,74,True,impactful,sensitive
G74R,-2.8286681711825,74,True,mild,sensitive
G74S,-1.4728191717664298,74,True,neutral,sensitive
G74T,-3.6074586737235497,74,True,impactful,sensitive
G74V,-3.24465175650999,74,True,impactful,sensitive
G74W,-6.62055081126492,74,True,impactful,sensitive
G74Y,-4.292391955086431,74,True,impactful,sensitive
I75A,-1.9735596169863898,75,True,mild,sensitive
I75C,-2.54505525563734,75,True,mild,sensitive
I75D,-2.86573382947254,75,True,mild,sensitive
I75E,-2.3998180375866203,75,True,mild,sensitive
I75F,-1.54992951864427,75,True,neutral,sensitive
I75G,-5.00229968875468,75,True,impactful,sensitive
I75H,-2.64706933488918,75,True,mild,sensitive
I75I,0.0,75,True,neutral,sensitive
I75K,-2.03455272857602,75,True,mild,sensitive
I75L,-1.07572385250352,75,True,neutral,sensitive
I75M,-0.5163655532765421,75,True,neutral,sensitive
I75N,-2.02044480979672,75,True,mild,sensitive
I75P,-4.71335697776525,75,True,impactful,sensitive
I75Q,-2.0833082223616,75,True,mild,sensitive
I75R,-2.4511162817752403,75,True,mild,sensitive
I75S,-1.39734954691008,75,True,neutral,sensitive
I75T,-1.3945356009733998,75,True,neutral,sensitive
I75V,-0.184985509012504,75,True,neutral,sensitive
I75W,-4.17890439095331,75,True,impactful,sensitive
I75Y,-2.16049034767609,75,True,mild,sensitive
V76A,-2.00737258422346,76,True,mild,sensitive
V76C,-1.7909295806968102,76,True,neutral,sensitive
V76D,-2.96474399512555,76,True,mild,sensitive
V76E,-3.0429528116859705,76,True,mild,sensitive
V76F,-2.7405085619888103,76,True,mild,sensitive
V76G,-3.4119269528984497,76,True,impactful,sensitive
V76H,-4.836734632283,76,True,impactful,sensitive
V76I,-0.0627878819267815,76,True,neutral,sensitive
V76K,-3.8872778722774797,76,True,impactful,sensitive
V76L,-1.7613763725596399,76,True,neutral,sensitive
V76M,-0.7582731528894531,76,True,neutral,sensitive
V76N,-2.99842355069725,76,True,mild,sensitive
V76P,-2.82572754344225,76,True,mild,sensitive
V76Q,-4.19385389332648,76,True,impactful,sensitive
V76R,-4.155717260189269,76,True,impactful,sensitive
V76S,-2.53439417105427,76,True,mild,sensitive
V76T,-2.8797793730958396,76,True,mild,sensitive
V76V,0.0,76,True,neutral,sensitive
V76W,-4.76384662355379,76,True,impactful,sensitive
V76Y,-3.40259640500064,76,True,impactful,sensitive
T77A,-0.5060728807082029,77,True,neutral,tolerant
T77C,-0.9193462470637941,77,True,neutral,tolerant
T77D,-0.8423757832411071,77,True,neutral,tolerant
T77E,-1.30803676421171,77,True,neutral,tolerant
T77F,-3.35950950795578,77,True,impactful,tolerant
T77G,-1.6904702834635401,77,True,neutral,tolerant
T77H,-1.51881569942617,77,True,neutral,tolerant
T77I,-0.9501165495450741,77,True,neutral,tolerant
T77K,-1.2479797680851998,77,True,neutral,tolerant
T77L,-1.2638755595784998,77,True,neutral,tolerant
T77M,-1.60110614244782,77,True,neutral,tolerant
T77N,-0.4923808001364529,77,True,neutral,tolerant
T77P,-3.0563304700903,77,True,impactful,tolerant
T77Q,-1.22299350099947,77,True,neutral,tolerant
T77R,-1.15892899879181,77,True,neutral,tolerant
T77S,-0.160375460463784,77,True,neutral,tolerant
T77T,0.0,77,True,neutral,tolerant
T77V,-1.3972998733250799,77,True,neutral,tolerant
T77W,-3.3566230552779297,77,True,impactful,tolerant
T77Y,-1.7166920631284601,77,True,neutral,tolerant
N78A,-2.3931798589572097,78,True,mild,sensitive
N78C,-1.96466234719155,78,True,mild,sensitive
N78D,-0.0748645866006948,78,True,neutral,sensitive
N78E,-1.5896816895970702,78,True,neutral,sensitive
N78F,-5.963039589344291,78,True,impactful,sensitive
N78G,-2.45667239425367,78,True,mild,sensitive
N78H,-0.702600459059653,78,True,neutral,sensitive
N78I,-3.58320175293467,78,True,impactful,sensitive
N78K,-2.06723933095166,78,True,mild,sensitive
N78L,-4.35950066497616,78,True,impactful,sensitive
N78M,-5.671091566233879,78,True,impactful,sensitive
N78N,0.0,78,True,neutral,sensitive
N78P,-6.6801836484731,78,True,impactful,sensitive
N78Q,-1.77514070680877,78,True,neutral,sensitive
N78R,-2.57448165764518,78,True,mild,sensitive
N78S,-1.0486157835111098,78,True,neutral,sensitive
N78T,-1.73066923749775,78,True,neutral,sensitive
N78V,-3.4698104724771697,78,True,impactful,sensitive
N78W,-5.963039589344291,78,True,impactful,sensitive
N78Y,-3.3027556661706297,78,True,impactful,sensitive
W79A,-4.19150826064553,79,True,impactful,sensitive
W79C,-3.47544309912838,79,True,impactful,sensitive
W79D,-5.615630021909221,79,True,impactful,sensitive
W79E,-3.75157325097827,79,True,impactful,sensitive
W79F,-1.49095471001973,79,True,neutral,sensitive
W79G,-3.3730896626127302,79,True,impactful,sensitive
W79H,-4.53527954834893,79,True,impactful,sensitive
W79I,-3.79368884129241,79,True,impactful,sensitive
W79K,-2.9075247508192903,79,True,mild,sensitive
W79L,-3.18778547555906,79,True,impactful,sensitive
W79M,-3.1639290283841004,79,True,impactful,sensitive
W79N,-5.06392891247053,79,True,impactful,sensitive
W79P,-4.7648048645581795,79,True,impactful,sensitive
W79Q,-4.81195547396328,79,True,impactful,sensitive
W79R,-2.81439963362738,79,True,mild,sensitive
W79S,-3.70911603230388,79,True,impactful,sensitive
W79T,-4.250560819351779,79,True,impactful,sensitive
W79V,-3.9408553642350097,79,True,impactful,sensitive
W79W,0.0,79,True,neutral,sensitive
W79Y,-0.951084564647726,79,True,neutral,sensitive
D80A,-1.71103719418062,80,True,neutral,sensitive
D80C,-3.28820236424515,80,True,impactful,sensitive
D80D,0.0,80,True,neutral,sensitive
D80E,-0.45067920672719397,80,True,neutral,sensitive
D80F,-4.3010522622015,80,True,impactful,sensitive
D80G,-1.29478233601978,80,True,neutral,sensitive
D80H,-0.434006959672009,80,True,neutral,sensitive
D80I,-3.15567516018361,80,True,impactful,sensitive
D80K,-2.9603550945272303,80,True,mild,sensitive
D80L,-2.93225870586984,80,True,mild,sensitive
D80M,-4.01668285083303,80,True,impactful,sensitive
D80N,-0.620331266639997,80,True,neutral,sensitive
D80P,-2.96565267400934,80,True,mild,sensitive
D80Q,-1.32994246532976,80,True,neutral,sensitive
D80R,-3.37773532006672,80,True,impactful,sensitive
D80S,-2.15918248432022,80,True,mild,sensitive
D80T,-2.36540693536504,80,True,mild,sensitive
D80V,-2.6895568086605097,80,True,mild,sensitive
D80W,-4.33541884711371,80,True,impactful,sensitive
D80Y,-3.6329919677625604,80,True,impactful,sensitive
D81A,-1.4373654370239197,81,True,neutral,sensitive
D81C,-2.6498503899235697,81,True,mild,sensitive
D81D,0.0,81,True,neutral,sensitive
D81E,-0.821734077318244,81,True,neutral,sensitive
D81F,-3.56322772519639,81,True,impactful,sensitive
D81G,-1.84108004182104,81,True,neutral,sensitive
D81H,-0.8852249525920831,81,True,neutral,sensitive
D81I,-2.8768868986017297,81,True,mild,sensitive
D81K,-2.48308631909072,81,True,mild,sensitive
D81L,-2.2385897661214904,81,True,mild,sensitive
D81M,-2.15580608374381,81,True,mild,sensitive
D81N,-0.191770956006037,81,True,neutral,sensitive
D81P,-5.470141214987691,81,True,impactful,sensitive
D81Q,-1.04420147531023,81,True,neutral,sensitive
D81R,-2.72828914092062,81,True,mild,sensitive
D81S,-1.3907923732961398,81,True,neutral,sensitive
D81T,-1.80101940863455,81,True,neutral,sensitive
D81V,-2.4850488255034704,81,True,mild,sensitive
D81W,-3.59896226530395,81,True,impactful,sensitive
D81Y,-2.12361803217803,81,True,mild,sensitive
M82A,-2.9745804493144195,82,True,mild,sensitive
M82C,-3.46073955032663,82,True,impactful,sensitive
M82D,-5.499308692622809,82,True,impactful,sensitive
M82E,-3.5438729549414902,82,True,impactful,sensitive
M82F,-2.54355380995084,82,True,mild,sensitive
M82G,-6.7025515540882195,82,True,impactful,sensitive
M82H,-2.0690107165312703,82,True,mild,sensitive
M82I,-0.7624664907679201,82,True,neutral,sensitive
M82K,-4.316809669852121,82,True,impactful,sensitive
M82L,-0.526952841784795,82,True,neutral,sensitive
M82M,0.0,82,True,neutral,sensitive
M82N,-4.73575459039799,82,True,impactful,sensitive
M82P,-6.81900367215142,82,True,impactful,sensitive
M82Q,-3.60701972716449,82,True,impactful,sensitive
M82R,-3.6203666294306998,82,True,impactful,sensitive
M82S,-3.70340809972507,82,True,impactful,sensitive
M82T,-1.9431351948519098,82,True,mild,sensitive
M82V,-0.6168201307797629,82,True,neutral,sensitive
M82W,-1.8713006122948799,82,True,neutral,sensitive
M82Y,-2.4805540891323,82,True,mild,sensitive
E83A,-1.7881604510575,83,True,neutral,sensitive
E83C,-2.94207703722275,83,True,mild,sensitive
E83D,-0.530904936627586,83,True,neutral,sensitive
E83E,0.0,83,True,neutral,sensitive
E83F,-3.86522283223978,83,True,impactful,sensitive
E83G,-2.0313630476168,83,True,mild,sensitive
E83H,-1.8302727895904698,83,True,neutral,sensitive
E83I,-2.65263484913856,83,True,mild,sensitive
E83K,-2.04818767094561,83,True,mild,sensitive
E83L,-2.26636007057171,83,True,mild,sensitive
E83M,-3.1672833326504803,83,True,impactful,sensitive
E83N,-0.972592205447803,83,True,neutral,sensitive
E83P,-4.18857591192225,83,True,impactful,sensitive
E83Q,-0.5364080351514501,83,True,neutral,sensitive
E83R,-2.0400391155507203,83,True,mild,sensitive
E83S,-2.0169934661334197,83,True,mild,sensitive
E83T,-1.48838512908555,83,True,neutral,sensitive
E83V,-1.73398093942038,83,True,neutral,sensitive
E83W,-5.8054011184037995,83,True,impactful,sensitive
E83Y,-3.61859249246171,83,True,impactful,sensitive
K84A,-1.32777144327019,84,True,neutral,tolerant
K84C,-2.63624256164452,84,True,mild,tolerant
K84D,-1.3940222924498302,84,True,neutral,tolerant
K84E,-0.935476589826096,84,True,neutral,tolerant
K84F,-3.1969339357364,84,True,impactful,tolerant
K84G,-2.3785510899281497,84,True,mild,tolerant
K84H,-1.7510742996152198,84,True,neutral,tolerant
K84I,-1.5459288586697302,84,True,neutral,tolerant
K84K,0.0,84,True,neutral,tolerant
K84L,-1.34299559313492,84,True,neutral,tolerant
K84M,-1.31703384728361,84,True,neutral,tolerant
K84N,-0.8865680759379341,84,True,neutral,tolerant
K84P,-3.9955386554489203,84,True,impactful,tolerant
K84Q,-0.970068343063791,84,True,neutral,tolerant
K84R,-0.408043988243858,84,True,neutral,tolerant
K84S,-1.44789413102227,84,True,neutral,tolerant
K84T,-1.4301266380434599,84,True,neutral,tolerant
K84V,-2.0306281861381,84,True,mild,tolerant
K84W,-3.5577624260793597,84,True,impactful,tolerant
K84Y,-2.7685483362575196,84,True,mild,tolerant
I85A,-2.1309522377276,85,True,mild,sensitive
I85C,-4.672444837088929,85,True,impactful,sensitive
I85D,-5.44159326939309,85,True,impactful,sensitive
I85E,-4.34179561149538,85,True,impactful,sensitive
I85F,-1.2299743124963,85,True,neutral,sensitive
I85G,-5.09827413229852,85,True,impactful,sensitive
I85H,-3.7324169956352997,85,True,impactful,sensitive
I85I,0.0,85,True,neutral,sensitive
I85K,-4.91057880790676,85,True,impactful,sensitive
I85L,-0.340830706309664,85,True,neutral,sensitive
I85M,-0.654482425819376,85,True,neutral,sensitive
I85N,-2.82986905758723,85,True,mild,sensitive
I85P,-6.495481541810429,85,True,impactful,sensitive
I85Q,-4.77767701031615,85,True,impactful,sensitive
I85R,-4.46123473228328,85,True,impactful,sensitive
I85S,-2.98651646409993,85,True,mild,sensitive
I85T,-1.56806595685974,85,True,neutral,sensitive
I85V,-0.135695612538494,85,True,neutral,sensitive
I85W,-4.6165614674306505,85,True,impactful,sensitive
I85Y,-2.8245450078706096,85,True,mild,sensitive
W86A,-2.44035750822708,86,True,mild,sensitive
W86C,-1.69204725629684,86,True,neutral,sensitive
W86D,-6.076149924903049,86,True,impactful,sensitive
W86E,-5.39175653695637,86,True,impactful,sensitive
W86F,-1.03026328382228,86,True,neutral,sensitive
W86G,-4.17970048374125,86,True,impactful,sensitive
W86H,-4.55224914365255,86,True,impactful,sensitive
W86I,-2.5557383744172597,86,True,mild,sensitive
W86K,-4.87637889995538,86,True,impactful,sensitive
W86L,-1.4833718665216398,86,True,neutral,sensitive
W86M,-2.15377811778532,86,True,mild,sensitive
W86N,-5.08879055094086,86,True,impactful,sensitive
W86P,-7.0581645615538395,86,True,impactful,sensitive
W86Q,-4.27920988209548,86,True,impactful,sensitive
W86R,-3.2581492137801598,86,True,impactful,sensitive
W86S,-2.4064608036855697,86,True,mild,sensitive
W86T,-3.97975048630297,86,True,impactful,sensitive
W86V,-2.6294673602032796,86,True,mild,sensitive
W86W,0.0,86,True,neutral,sensitive
W86Y,-1.5401427493603101,86,True,neutral,sensitive
H87A,-1.7421990210890002,87,True,neutral,tolerant
H87C,-2.8122851151971604,87,True,mild,tolerant
H87D,-0.7190671676667411,87,True,neutral,tolerant
H87E,-0.657383674710491,87,True,neutral,tolerant
H87F,-2.25913969671775,87,True,mild,tolerant
H87G,-2.51466434023317,87,True,mild,tolerant
H87H,0.0,87,True,neutral,tolerant
H87I,-3.06167588395446,87,True,impactful,tolerant
H87K,-1.53822383979479,87,True,neutral,tolerant
H87L,-1.7068567356768602,87,True,neutral,tolerant
H87M,-2.98067103008599,87,True,mild,tolerant
H87N,-0.39834927762322997,87,True,neutral,tolerant
H87P,-2.40081747065142,87,True,mild,tolerant
H87Q,-0.17308084716254202,87,True,neutral,tolerant
H87R,-1.19775672412145,87,True,neutral,tolerant
H87S,-1.25907356341871,87,True,neutral,tolerant
H87T,-1.02824181282854,87,True,neutral,tolerant
H87V,-2.70018771580283,87,True,mild,tolerant
H87W,-2.65466097904806,87,True,mild,tolerant
H87Y,-1.20213229042247,87,True,neutral,tolerant
H88A,-3.0542001409378,88,True,impactful,sensitive
H88C,-2.6766970225195,88,True,mild,sensitive
H88D,-1.3793522497514499,88,True,neutral,sensitive
H88E,-1.38818537183628,88,True,neutral,sensitive
H88F,-1.48361187066561,88,True,neutral,sensitive
H88G,-4.01810582947693,88,True,impactful,sensitive
H88H,0.0,88,True,neutral,sensitive
H88I,-3.9640665510178197,88,True,impactful,sensitive
H88K,-3.01693507197295,88,True,mild,sensitive
H88L,-4.10787670137969,88,True,impactful,sensitive
H88M,-4.51370410118463,88,True,impactful,sensitive
H88N,-1.02626094607387,88,True,neutral,sensitive
H88P,-2.6450961748784,88,True,mild,sensitive
H88Q,-1.05615974926035,88,True,neutral,sensitive
H88R,-2.24193944780856,88,True,mild,sensitive
H88S,-2.6671529555799,88,True,mild,sensitive
H88T,-2.28041911027757,88,True,mild,sensitive
H88V,-4.43865911426686,88,True,impactful,sensitive
H88W,-1.9823509801452,88,True,mild,sensitive
H88Y,-0.77798105585043,88,True,neutral,sensitive
T89A,-0.30701917390726696,89,True,neutral,sensitive
T89C,-0.20771182933026802,89,True,neutral,sensitive
T89D,-3.95976243124475,89,True,impactful,sensitive
T89E,-4.27858923967072,89,True,impactful,sensitive
T89F,-3.59451686042379,89,True,impactful,sensitive
T89G,-2.2864147342240297,89,True,mild,sensitive
T89H,-4.363014416768721,89,True,impactful,sensitive
T89I,-0.8454869160989359,89,True,neutral,sensitive
T89K,-4.41584150346655,89,True,impactful,sensitive
T89L,-1.4934881641259,89,True,neutral,sensitive
T89M,-0.8295882606434871,89,True,neutral,sensitive
T89N,-3.01413869887214,89,True,mild,sensitive
T89P,-4.2319592419708,89,True,impactful,sensitive
T89Q,-3.73115822079925,89,True,impactful,sensitive
T89R,-4.43512661147049,89,True,impactful,sensitive
T89S,-0.0867737014536793,89,True,neutral,sensitive
T89T,0.0,89,True,neutral,sensitive
T89V,-0.894314913256624,89,True,neutral,sensitive
T89W,-5.48130462147795,89,True,impactful,sensitive
T89Y,-4.22182753361927,89,True,impactful,sensitive
F90A,-3.95728790237169,90,True,impactful,sensitive
F90C,-3.2689539738512097,90,True,impactful,sensitive
F90D,-4.23552877467646,90,True,impactful,sensitive
F90E,-5.94726989461611,90,True,impactful,sensitive
F90F,0.0,90,True,neutral,sensitive
F90G,-5.8253043385622405,90,True,impactful,sensitive
F90H,-2.13988765046844,90,True,mild,sensitive
F90I,-0.979017820346605,90,True,neutral,sensitive
F90K,-5.42726267994874,90,True,impactful,sensitive
F90L,-0.797751591089317,90,True,neutral,sensitive
F90M,-1.06439422104549,90,True,neutral,sensitive
F90N,-4.95904696268666,90,True,impactful,sensitive
F90P,-6.8963638905112195,90,True,impactful,sensitive
F90Q,-4.14093365052278,90,True,impactful,sensitive
F90R,-4.97409710905924,90,True,impactful,sensitive
F90S,-1.87317045500449,90,True,neutral,sensitive
F90T,-3.9096418116995495,90,True,impactful,sensitive
F90V,-2.1293478421265597,90,True,mild,sensitive
F90W,-2.0590758494385097,90,True,mild,sensitive
F90Y,-0.527111446021975,90,True,neutral,sensitive
Y91A,-1.1288014519554799,91,True,neutral,tolerant
Y91C,-0.9245180493066449,91,True,neutral,tolerant
Y91D,-0.9162918035302959,91,True,neutral,tolerant
Y91E,-1.3656410376352799,91,True,neutral,tolerant
Y91F,-0.25266506796480803,91,True,neutral,tolerant
Y91G,-1.4641157413525399,91,True,neutral,tolerant
Y91H,-0.9936654326698071,91,True,neutral,tolerant
Y91I,-2.67888510050952,91,True,mild,tolerant
Y91K,-1.75156936249958,91,True,neutral,tolerant
Y91L,-1.5273358023276398,91,True,neutral,tolerant
Y91M,-1.1934956526646299,91,True,neutral,tolerant
Y91N,-0.8308837369997859,91,True,neutral,tolerant
Y91P,-5.4801845937236795,91,True,impactful,tolerant
Y91Q,-1.34845027208884,91,True,neutral,tolerant
Y91R,-1.7119973766891599,91,True,neutral,tolerant
Y91S,-1.17058845849877,91,True,neutral,tolerant
Y91T,-0.661188990265033,91,True,neutral,tolerant
Y91V,-2.53648473641728,91,True,mild,tolerant
Y91W,-1.78577677305301,91,True,neutral,tolerant
Y91Y,0.0,91,True,neutral,tolerant
N92A,-2.17873036630373,92,True,mild,sensitive
N92C,-1.9856452260860902,92,True,mild,sensitive
N92D,-0.247183371542864,92,True,neutral,sensitive
N92E,-0.776835706024239,92,True,neutral,sensitive
N92F,-3.0003646697034503,92,True,mild,sensitive
N92G,-2.1280703456858503,92,True,mild,sensitive
N92H,-0.591176592228001,92,True,neutral,sensitive
N92I,-2.4643549214851603,92,True,mild,sensitive
N92K,-1.1073541090082701,92,True,neutral,sensitive
N92L,-3.2046889698219103,92,True,impactful,sensitive
N92M,-2.8760351580462005,92,True,mild,sensitive
N92N,0.0,92,True,neutral,sensitive
N92P,-3.03068136172747,92,True,mild,sensitive
N92Q,-1.3727314203456,92,True,neutral,sensitive
N92R,-1.4244531467536898,92,True,neutral,sensitive
N92S,-1.21805533673856,92,True,neutral,sensitive
N92T,-1.57408234897273,92,True,neutral,sensitive
N92V,-2.40870961168467,92,True,mild,sensitive
N92W,-2.92608308993276,92,True,mild,sensitive
N92Y,-2.45241180947821,92,True,mild,sensitive
E93A,-1.8685829406591201,93,True,neutral,tolerant
E93C,-2.7291174525871402,93,True,mild,tolerant
E93D,-1.06796696423893,93,True,neutral,tolerant
E93E,0.0,93,True,neutral,tolerant
E93F,-3.34515707081759,93,True,impactful,tolerant
E93G,-1.78344591841726,93,True,neutral,tolerant
E93H,-1.60318905674949,93,True,neutral,tolerant
E93I,-2.6613003189857003,93,True,mild,tolerant
E93K,-0.8186791168062622,93,True,neutral,tolerant
E93L,-1.7990600945215702,93,True,neutral,tolerant
E93M,-1.9197730399823503,93,True,mild,tolerant
E93N,-1.78168579607232,93,True,neutral,tolerant
E93P,-4.9762911717616305,93,True,impactful,tolerant
E93Q,-0.5892342113146171,93,True,neutral,tolerant
E93R,-1.8859635816582,93,True,mild,tolerant
E93S,-1.30078607481525,93,True,neutral,tolerant
E93T,-1.28258230602576,93,True,neutral,tolerant
E93V,-1.79075472827015,93,True,neutral,tolerant
E93W,-3.1516835251411,93,True,impactful,tolerant
E93Y,-2.75323390297767,93,True,mild,tolerant
L94A,-3.83668747852582,94,True,impactful,sensitive
L94C,-4.2152401415785095,94,True,impactful,sensitive
L94D,-4.34419482746918,94,True,impactful,sensitive
L94E,-4.1582360276318,94,True,impactful,sensitive
L94F,-2.4070807377932595,94,True,mild,sensitive
L94G,-4.348086210723991,94,True,impactful,sensitive
L94H,-4.40601467317434,94,True,impactful,sensitive
L94I,-1.7280489939722499,94,True,neutral,sensitive
L94K,-4.7106265711535995,94,True,impactful,sensitive
L94L,0.0,94,True,neutral,sensitive
L94M,-0.33600974610011497,94,True,neutral,sensitive
L94N,-4.13544726200017,94,True,impactful,sensitive
L94P,-2.77870353044125,94,True,mild,sensitive
L94Q,-4.48124632300897,94,True,impactful,sensitive
L94R,-4.79621207823457,94,True,impactful,sensitive
L94S,-3.66686367476088,94,True,impactful,sensitive
L94T,-3.3588504661465097,94,True,impactful,sensitive
L94V,-1.17156419518521,94,True,neutral,sensitive
L94W,-4.487756242401799,94,True,impactful,sensitive
L94Y,-4.42339594994691,94,True,impactful,sensitive
R95A,-2.07934927373858,95,True,mild,tolerant
R95C,-1.2412554699560903,95,True,neutral,tolerant
R95D,-1.74095593718585,95,True,neutral,tolerant
R95E,-1.11911417518601,95,True,neutral,tolerant
R95F,-3.42574197165942,95,True,impactful,tolerant
R95G,-1.28369524959697,95,True,neutral,tolerant
R95H,-0.7505970185244879,95,True,neutral,tolerant
R95I,-2.9619793319917407,95,True,mild,tolerant
R95K,-0.772584941181431,95,True,neutral,tolerant
R95L,-1.33147622996044,95,True,neutral,tolerant
R95M,-2.67185261432433,95,True,mild,tolerant
R95N,-1.80792459785144,95,True,neutral,tolerant
R95P,-3.2996009221264906,95,True,impactful,tolerant
R95Q,-1.36655019645724,95,True,neutral,tolerant
R95R,0.0,95,True,neutral,tolerant
R95S,-1.56253238246692,95,True,neutral,tolerant
R95T,-2.49743160080157,95,True,mild,tolerant
R95V,-2.07119820799935,95,True,mild,tolerant
R95W,-3.9078743889189,95,True,impactful,tolerant
R95Y,-3.1129479854389195,95,True,impactful,tolerant
V96A,-0.9023775126507639,96,True,neutral,sensitive
V96C,-1.1827476692051,96,True,neutral,sensitive
V96D,-2.29915848210402,96,True,mild,sensitive
V96E,-1.8582835023769702,96,True,neutral,sensitive
V96F,-2.9298302265509997,96,True,mild,sensitive
V96G,-2.4001684286110203,96,True,mild,sensitive
V96H,-3.2359190386546404,96,True,impactful,sensitive
V96I,-0.0265398365358192,96,True,neutral,sensitive
V96K,-3.0387167275052596,96,True,mild,sensitive
V96L,-0.357567901619886,96,True,neutral,sensitive
V96M,-0.49384110249825897,96,True,neutral,sensitive
V96N,-2.9763439611320197,96,True,mild,sensitive
V96P,-3.6752089889540898,96,True,impactful,sensitive
V96Q,-3.12600473946539,96,True,impactful,sensitive
V96R,-2.34736754075813,96,True,mild,sensitive
V96S,-1.84650825522306,96,True,neutral,sensitive
V96T,-1.3196323372983798,96,True,neutral,sensitive
V96V,0.0,96,True,neutral,sensitive
V96W,-3.48875550887577,96,True,impactful,sensitive
V96Y,-3.6409767132052098,96,True,impactful,sensitive
A97A,0.0,97,True,neutral,tolerant
A97C,-1.16545324023948,97,True,neutral,tolerant
A97D,-0.46245481844841896,97,True,neutral,tolerant
A97E,-0.79625662274346,97,True,neutral,tolerant
A97F,-2.4567711979144105,97,True,mild,tolerant
A97G,-1.35014219013351,97,True,neutral,tolerant
A97H,-1.34011714083216,97,True,neutral,tolerant
A97I,-1.61343514391918,97,True,neutral,tolerant
A97K,-1.77422519338043,97,True,neutral,tolerant
A97L,-1.3825722845874098,97,True,neutral,tolerant
A97M,-1.5057143058724298,97,True,neutral,tolerant
A97N,-0.817864814072452,97,True,neutral,tolerant
A97P,-1.47573202068706,97,True,neutral,tolerant
A97Q,-0.3703755378434829,97,True,neutral,tolerant
A97R,-1.26657733177425,97,True,neutral,tolerant
A97S,-0.304179881280809,97,True,neutral,tolerant
A97T,-0.32385992006418,97,True,neutral,tolerant
A97V,-1.14983519757717,97,True,neutral,tolerant
A97W,-3.83399325971535,97,True,impactful,tolerant
A97Y,-2.4453225482641,97,True,mild,tolerant
P98A,-1.4875943388353101,98,True,neutral,sensitive
P98C,-2.18505342324685,98,True,mild,sensitive
P98D,-2.99477506805212,98,True,mild,sensitive
P98E,-3.0553524117065196,98,True,impactful,sensitive
P98F,-3.1592949184015,98,True,impactful,sensitive
P98G,-2.87147108426826,98,True,mild,sensitive
P98H,-2.55483923501636,98,True,mild,sensitive
P98I,-2.19249976274845,98,True,mild,sensitive
P98K,-3.27500972839311,98,True,impactful,sensitive
P98L,-1.7813377652110902,98,True,neutral,sensitive
P98M,-3.15550083859295,98,True,impactful,sensitive
P98N,-2.8308158007209503,98,True,mild,sensitive
P98P,0.0,98,True,neutral,sensitive
P98Q,-2.8121767955999304,98,True,mild,sensitive
P98R,-3.3122822980208997,98,True,impactful,sensitive
P98S,-1.04031348231145,98,True,neutral,sensitive
P98T,-0.9177008319987059,98,True,neutral,sensitive
P98V,-1.67858162751525,98,True,neutral,sensitive
P98W,-4.54099016231537,98,True,impactful,sensitive
P98Y,-3.7165107233772896,98,True,impactful,sensitive
E99A,-0.86871622843739,99,True,neutral,tolerant
E99C,-1.76043357928271,99,True,neutral,tolerant
E99D,-0.20080252233078,99,True,neutral,tolerant
E99E,0.0,99,True,neutral,tolerant
E99F,-2.82753832090289,99,True,mild,tolerant
E99G,-2.43106896255281,99,True,mild,tolerant
E99H,-1.1385988494333898,99,True,neutral,tolerant
E99I,-2.92090285353769,99,True,mild,tolerant
E99K,-1.01273615910493,99,True,neutral,tolerant
E99L,-2.23876576320187,99,True,mild,tolerant
E99M,-2.30021203309918,99,True,mild,tolerant
E99N,-1.0930111609752902,99,True,neutral,tolerant
E99P,-3.17384212869197,99,True,impactful,tolerant
E99Q,-0.535009782655451,99,True,neutral,tolerant
E99R,-1.1248300906041,99,True,neutral,tolerant
E99S,-1.0595288522631199,99,True,neutral,tolerant
E99T,-1.21753800370317,99,True,neutral,tolerant
E99V,-2.2530527348241898,99,True,mild,tolerant
E99W,-3.71579082263889,99,True,impactful,tolerant
E99Y,-2.98741102888104,99,True,mild,tolerant
E100A,-1.5038511804860901,100,True,neutral,sensitive
E100C,-3.26080788137558,100,True,impactful,sensitive
E100D,-0.20967913107823602,100,True,neutral,sensitive
E100E,0.0,100,True,neutral,sensitive
E100F,-3.6872556382675694,100,True,impactful,sensitive
E100G,-1.07229372718608,100,True,neutral,sensitive
E100H,-1.8375530680018601,100,True,neutral,sensitive
E100I,-3.35263061470868,100,True,impactful,sensitive
E100K,-1.8496887012082401,100,True,neutral,sensitive
E100L,-2.3672252725450695,100,True,mild,sensitive
E100M,-2.9735544842638904,100,True,mild,sensitive
E100N,-1.05492155544541,100,True,neutral,sensitive
E100P,-4.04856794617329,100,True,impactful,sensitive
E100Q,-0.34655862935354603,100,True,neutral,sensitive
E100R,-2.22724878914696,100,True,mild,sensitive
E100S,-1.94078697365538,100,True,mild,sensitive
E100T,-2.45323829788347,100,True,mild,sensitive
E100V,-3.4042786193165897,100,True,impactful,sensitive
E100W,-5.3850178601178005,100,True,impactful,sensitive
E100Y,-2.98089084415587,100,True,mild,sensitive
H101A,-1.15840549626069,101,True,neutral,tolerant
H101C,-1.1589233359987199,101,True,neutral,tolerant
H101D,-0.6522671645492271,101,True,neutral,tolerant
H101E,-1.86202011679591,101,True,neutral,tolerant
H101F,-1.54666537161457,101,True,neutral,tolerant
H101G,-2.91033211641455,101,True,mild,tolerant
H101H,0.0,101,True,neutral,tolerant
H101I,-3.05807675416933,101,True,impactful,tolerant
H101K,-2.12249071844318,101,True,mild,tolerant
H101L,-1.76779451389328,101,True,neutral,tolerant
H101M,-2.6374415036164702,101,True,mild,tolerant
H101N,-0.19878556468277,101,True,neutral,tolerant
H101P,-2.15732714543712,101,True,mild,tolerant
H101Q,-0.12107709466367099,101,True,neutral,tolerant
H101R,-1.3043645429961,101,True,neutral,tolerant
H101S,-0.7269896609058609,101,True,neutral,tolerant
H101T,-2.18062803173656,101,True,mild,tolerant
H101V,-3.02602870349973,101,True,mild,tolerant
H101W,-2.65689205311977,101,True,mild,tolerant
H101Y,-1.37937665926202,101,True,neutral,tolerant
P102A,-0.968278336769254,102,True,neutral,sensitive
P102C,-2.08569122555002,102,True,mild,sensitive
P102D,-1.9648949414205,102,True,mild,sensitive
P102E,-2.2886498862672595,102,True,mild,sensitive
P102F,-2.11363210356461,102,True,mild,sensitive
P102G,-1.6933025647579099,102,True,neutral,sensitive
P102H,-1.99583974989463,102,True,mild,sensitive
P102I,-3.14181109547531,102,True,impactful,sensitive
P102K,-1.88792686083341,102,True,mild,sensitive
P102L,-2.1758725915608097,102,True,mild,sensitive
P102M,-3.2060446409153505,102,True,impactful,sensitive
P102N,-1.37196814542276,102,True,neutral,sensitive
P102P,0.0,102,True,neutral,sensitive
P102Q,-1.08976123966085,102,True,neutral,sensitive
P102R,-1.29252129794654,102,True,neutral,sensitive
P102S,-0.8316889181964392,102,True,neutral,sensitive
P102T,-1.4892928289351801,102,True,neutral,sensitive
P102V,-3.37563185138875,102,True,impactful,sensitive
P102W,-3.6281922964857998,102,True,impactful,sensitive
P102Y,-2.2876017997041203,102,True,mild,sensitive
V103A,-0.820169439534577,103,True,neutral,sensitive
V103C,-0.8617631118128639,103,True,neutral,sensitive
V103D,-4.13219516663676,103,True,impactful,sensitive
V103E,-3.5731155944612905,103,True,impactful,sensitive
V103F,-1.6093397567653602,103,True,neutral,sensitive
V103G,-1.9421462270532,103,True,mild,sensitive
V103H,-2.17115462734721,103,True,mild,sensitive
V103I,-0.0770276256462047,103,True,neutral,sensitive
V103K,-5.26870895990346,103,True,impactful,sensitive
V103L,-0.509405936694469,103,True,neutral,sensitive
V103M,-0.0866490218467664,103,True,neutral,sensitive
V103N,-4.83922911348707,103,True,impactful,sensitive
V103P,-4.44413062500171,103,True,impactful,sensitive
V103Q,-4.58654073747199,103,True,impactful,sensitive
V103R,-4.51070729740333,103,True,impactful,sensitive
V103S,-0.977888763354713,103,True,neutral,sensitive
V103T,-0.693914622015941,103,True,neutral,sensitive
V103V,0.0,103,True,neutral,sensitive
V103W,-3.909779068217,103,True,impactful,sensitive
V103Y,-2.66993486936285,103,True,mild,sensitive
L104A,-3.32690507205324,104,True,impactful,sensitive
L104C,-3.59751949366089,104,True,impactful,sensitive
L104D,-4.9572638305422405,104,True,impactful,sensitive
L104E,-5.87536090068643,104,True,impactful,sensitive
L104F,-2.3474981876173397,104,True,mild,sensitive
L104G,-5.03447912703296,104,True,impactful,sensitive
L104H,-2.3730596450175097,104,True,mild,sensitive
L104I,-0.696051981470054,104,True,neutral,sensitive
L104K,-4.26361638511782,104,True,impactful,sensitive
L104L,0.0,104,True,neutral,sensitive
L104M,-0.503572091003006,104,True,neutral,sensitive
L104N,-4.993730915255379,104,True,impactful,sensitive
L104P,-2.8470200344594003,104,True,mild,sensitive
L104Q,-2.38972647304167,104,True,mild,sensitive
L104R,-5.042905631313481,104,True,impactful,sensitive
L104S,-2.69869845536642,104,True,mild,sensitive
L104T,-3.99383653084707,104,True,impactful,sensitive
L104V,-0.817733365275604,104,True,neutral,sensitive
L104W,-4.19140245356971,104,True,impactful,sensitive
L104Y,-3.57446582446121,104,True,impactful,sensitive
L105A,-2.8725032481836004,105,True,mild,sensitive
L105C,-1.6535029935502499,105,True,neutral,sensitive
L105D,-4.27411474533357,105,True,impactful,sensitive
L105E,-4.85348227749553,105,True,impactful,sensitive
L105F,-1.3949930597309,105,True,neutral,sensitive
L105G,-5.08647864400137,105,True,impactful,sensitive
L105H,-1.5704449851946398,105,True,neutral,sensitive
L105I,-0.791465416087185,105,True,neutral,sensitive
L105K,-6.207646271335009,105,True,impactful,sensitive
L105L,0.0,105,True,neutral,sensitive
L105M,-0.493905960053121,105,True,neutral,sensitive
L105N,-4.74663873466433,105,True,impactful,sensitive
L105P,-2.46249237330764,105,True,mild,sensitive
L105Q,-2.0746477424027,105,True,mild,sensitive
L105R,-6.07638814611537,105,True,impactful,sensitive
L105S,-1.55126984047554,105,True,neutral,sensitive
L105T,-2.4521511826914906,105,True,mild,sensitive
L105V,-0.9244061700363341,105,True,neutral,sensitive
L105W,-2.68326965329979,105,True,mild,sensitive
L105Y,-2.16121899166992,105,True,mild,sensitive
T106A,-1.27808580870128,106,True,neutral,sensitive
T106C,-2.37270417053041,106,True,mild,sensitive
T106D,-3.21629263818911,106,True,impactful,sensitive
T106E,-3.6921054651901697,106,True,impactful,sensitive
T106F,-3.86500202674471,106,True,impactful,sensitive
T106G,-4.055257505764939,106,True,impactful,sensitive
T106H,-5.36330139349759,106,True,impactful,sensitive
T106I,-1.60954451072969,106,True,neutral,sensitive
T106K,-3.6471809770152004,106,True,impactful,sensitive
T106L,-2.81109360419051,106,True,mild,sensitive
T106M,-2.65716308084367,106,True,mild,sensitive
T106N,-3.02262193755931,106,True,mild,sensitive
T106P,-2.9694456830487503,106,True,mild,sensitive
T106Q,-4.01862297287695,106,True,impactful,sensitive
T106R,-5.10230815135566,106,True,impactful,sensitive
T106S,-0.126608738751073,106,True,neutral,sensitive
T106T,0.0,106,True,neutral,sensitive
T106V,-3.02112568506049,106,True,mild,sensitive
T106W,-6.48865900921718,106,True,impactful,sensitive
T106Y,-6.48865900921718,106,True,impactful,sensitive
E107A,-2.70918157588269,107,True,mild,sensitive
E107C,-4.0487573420111795,107,True,impactful,sensitive
E107D,-0.541949401347719,107,True,neutral,sensitive
E107E,0.0,107,True,neutral,sensitive
E107F,-4.98842591893987,107,True,impactful,sensitive
E107G,-2.81848044183585,107,True,mild,sensitive
E107H,-1.83564707881495,107,True,neutral,sensitive
E107I,-3.5707437423738395,107,True,impactful,sensitive
E107K,-2.18424683494903,107,True,mild,sensitive
E107L,-2.57884591518379,107,True,mild,sensitive
E107M,-3.6385502557664195,107,True,impactful,sensitive
E107N,-2.6248277839387004,107,True,mild,sensitive
E107P,-3.3666968311890204,107,True,impactful,sensitive
E107Q,-0.6412491295760661,107,True,neutral,sensitive
E107R,-2.6853825359112995,107,True,mild,sensitive
E107S,-3.52205724653202,107,True,impactful,sensitive
E107T,-3.2511153341279195,107,True,impactful,sensitive
E107V,-2.31467253610929,107,True,mild,sensitive
E107W,-4.74296949730148,107,True,impactful,sensitive
E107Y,-4.4966994252701395,107,True,impactful,sensitive
A108A,0.0,108,True,neutral,sensitive
A108C,-1.3574038564169397,108,True,neutral,sensitive
A108D,-2.86563473997687,108,True,mild,sensitive
A108E,-2.6415452541906204,108,True,mild,sensitive
A108F,-3.63428215748343,108,True,impactful,sensitive
A108G,-1.65689564299768,108,True,neutral,sensitive
A108H,-2.50943833285078,108,True,mild,sensitive
A108I,-2.09076964577251,108,True,mild,sensitive
A108K,-2.72663605512711,108,True,mild,sensitive
A108L,-2.6313936807803797,108,True,mild,sensitive
A108M,-2.61164370562069,108,True,mild,sensitive
A108N,-2.18486108050536,108,True,mild,sensitive
A108P,-0.5583380825067839,108,True,neutral,sensitive
A108Q,-2.0837950482632,108,True,mild,sensitive
A108R,-2.16925438556566,108,True,mild,sensitive
A108S,-0.6688707618045561,108,True,neutral,sensitive
A108T,-0.42116962360860705,108,True,neutral,sensitive
A108V,-1.5302799787832,108,True,neutral,sensitive
A108W,-5.411549229002071,108,True,impactful,sensitive
A108Y,-3.7104911550031696,108,True,impactful,sensitive
P109A,-1.48332039092358,109,True,neutral,sensitive
P109C,-2.0271455483228,109,True,mild,sensitive
P109D,-3.64485867810745,109,True,impactful,sensitive
P109E,-4.28287066884583,109,True,impactful,sensitive
P109F,-3.9261274709387406,109,True,impactful,sensitive
P109G,-3.30850628422544,109,True,impactful,sensitive
P109H,-3.66444205298509,109,True,impactful,sensitive
P109I,-2.46381457299714,109,True,mild,sensitive
P109K,-4.7106172844903895,109,True,impactful,sensitive
P109L,-1.58443430911287,109,True,neutral,sensitive
P109M,-2.7775725252007,109,True,mild,sensitive
P109N,-3.9130812952233303,109,True,impactful,sensitive
P109P,0.0,109,True,neutral,sensitive
P109Q,-2.51062566968202,109,True,mild,sensitive
P109R,-2.36326749604693,109,True,mild,sensitive
P109S,-1.5572566455442602,109,True,neutral,sensitive
P109T,-2.46442060677139,109,True,mild,sensitive
P109V,-2.26554668875565,109,True,mild,sensitive
P109W,-5.39846830429901,109,True,impactful,sensitive
P109Y,-3.67561049506589,109,True,impactful,sensitive
L110A,-2.0470044633812,110,True,mild,sensitive
L110C,-2.09093214876644,110,True,mild,sensitive
L110D,-2.54742574278244,110,True,mild,sensitive
L110E,-3.10614095690933,110,True,impactful,sensitive
L110F,-1.10042966562086,110,True,neutral,sensitive
L110G,-2.44245581058512,110,True,mild,sensitive
L110H,-1.4258271269676297,110,True,neutral,sensitive
L110I,-0.32972557716601697,110,True,neutral,sensitive
L110K,-1.9621336324859597,110,True,mild,sensitive
L110L,0.0,110,True,neutral,sensitive
L110M,-0.218846348023414,110,True,neutral,sensitive
L110N,-1.8187359469372701,110,True,neutral,sensitive
L110P,-2.14123640801299,110,True,mild,sensitive
L110Q,-1.3384175577638702,110,True,neutral,sensitive
L110R,-1.44658400761068,110,True,neutral,sensitive
L110S,-1.4697757148575201,110,True,neutral,sensitive
L110T,-2.04202329291208,110,True,mild,sensitive
L110V,-0.44693589106280396,110,True,neutral,sensitive
L110W,-2.28941294708819,110,True,mild,sensitive
L110Y,-1.9343523767305801,110,True,mild,sensitive
N111A,-2.40510919043041,111,True,mild,sensitive
N111C,-2.5191963290184503,111,True,mild,sensitive
N111D,-0.8412057585447109,111,True,neutral,sensitive
N111E,-2.08291854728665,111,True,mild,sensitive
N111F,-3.812549234054,111,True,impactful,sensitive
N111G,-3.4963712677080094,111,True,impactful,sensitive
N111H,-0.687785281650906,111,True,neutral,sensitive
N111I,-2.5563112103485097,111,True,mild,sensitive
N111K,-3.5402781103564704,111,True,impactful,sensitive
N111L,-3.55135160249386,111,True,impactful,sensitive
N111M,-3.42069039563331,111,True,impactful,sensitive
N111N,0.0,111,True,neutral,sensitive
N111P,-3.21750432458042,111,True,impactful,sensitive
N111Q,-1.8045440717640502,111,True,neutral,sensitive
N111R,-3.34297555064962,111,True,impactful,sensitive
N111S,-1.32124717821511,111,True,neutral,sensitive
N111T,-1.77084972962285,111,True,neutral,sensitive
N111V,-3.07247722181175,111,True,impactful,sensitive
N111W,-3.87987894915552,111,True,impactful,sensitive
N111Y,-3.13891881683076,111,True,impactful,sensitive
P112A,-1.7615585093977901,112,True,neutral,sensitive
P112C,-2.94042147686634,112,True,mild,sensitive
P112D,-2.0889147822687,112,True,mild,sensitive
P112E,-2.63601471498918,112,True,mild,sensitive
P112F,-2.79043867785415,112,True,mild,sensitive
P112G,-2.95201435541998,112,True,mild,sensitive
P112H,-2.3149641598920603,112,True,mild,sensitive
P112I,-2.7124273143779702,112,True,mild,sensitive
P112K,-3.0029532691031005,112,True,mild,sensitive
P112L,-1.6362243780816101,112,True,neutral,sensitive
P112M,-3.92695228080905,112,True,impactful,sensitive
P112N,-2.5102661217700297,112,True,mild,sensitive
P112P,0.0,112,True,neutral,sensitive
P112Q,-2.66399732020488,112,True,mild,sensitive
P112R,-2.59666712040086,112,True,mild,sensitive
P112S,-1.23205485123535,112,True,neutral,sensitive
P112T,-1.39274465956784,112,True,neutral,sensitive
P112V,-3.3665323817906296,112,True,impactful,sensitive
P112W,-5.45117230306227,112,True,impactful,sensitive
P112Y,-3.81354951817922,112,True,impactful,sensitive
K113A,-2.0791474021086,113,True,mild,sensitive
K113C,-2.68296742375863,113,True,mild,sensitive
K113D,-2.1181711216228996,113,True,mild,sensitive
K113E,-2.02718070645028,113,True,mild,sensitive
K113F,-3.21107674851768,113,True,impactful,sensitive
K113G,-2.31902302411878,113,True,mild,sensitive
K113H,-2.26640094685059,113,True,mild,sensitive
K113I,-1.51440200651633,113,True,neutral,sensitive
K113K,0.0,113,True,neutral,sensitive
K113L,-1.54823058516274,113,True,neutral,sensitive
K113M,-1.3719178174107798,113,True,neutral,sensitive
K113N,-1.3239286649738602,113,True,neutral,sensitive
K113P,-1.77321920875426,113,True,neutral,sensitive
K113Q,-1.91732503301725,113,True,mild,sensitive
K113R,-0.617985171548241,113,True,neutral,sensitive
K113S,-1.90972616404976,113,True,mild,sensitive
K113T,-1.95440412726127,113,True,mild,sensitive
K113V,-2.1252806654534,113,True,mild,sensitive
K113W,-3.02263998364924,113,True,mild,sensitive
K113Y,-3.1330167809100495,113,True,impactful,sensitive
A114A,0.0,114,True,neutral,tolerant
A114C,-1.30049432985054,114,True,neutral,tolerant
A114D,-1.3007470138391901,114,True,neutral,tolerant
A114E,-0.8759049974380219,114,True,neutral,tolerant
A114F,-1.8748209382781003,114,True,neutral,tolerant
A114G,-1.26223726410534,114,True,neutral,tolerant
A114H,-1.4296298701446297,114,True,neutral,tolerant
A114I,-0.6648679772453471,114,True,neutral,tolerant
A114K,-0.998997983051756,114,True,neutral,tolerant
A114L,-0.899384140897973,114,True,neutral,tolerant
A114M,-0.930831164350298,114,True,neutral,tolerant
A114N,-0.5243233362067551,114,True,neutral,tolerant
A114P,-1.58567192873602,114,True,neutral,tolerant
A114Q,-0.48037545821220295,114,True,neutral,tolerant
A114R,-0.6815098343460659,114,True,neutral,tolerant
A114S,-0.0760800876671286,114,True,neutral,tolerant
A114T,-0.377156739169978,114,True,neutral,tolerant
A114V,-0.8027800708980121,114,True,neutral,tolerant
A114W,-2.94897954451471,114,True,mild,tolerant
A114Y,-1.5832904137869999,114,True,neutral,tolerant
N115A,-2.47438764859587,115,True,mild,sensitive
N115C,-2.47852241792895,115,True,mild,sensitive
N115D,-1.41283623340947,115,True,neutral,sensitive
N115E,-1.7203964562906497,115,True,neutral,sensitive
N115F,-2.73541900244116,115,True,mild,sensitive
N115G,-3.53210773962897,115,True,impactful,sensitive
N115H,-0.8480039322409101,115,True,neutral,sensitive
N115I,-2.31190719617075,115,True,mild,sensitive
N115K,-1.63059697523036,115,True,neutral,sensitive
N115L,-2.2275830259209104,115,True,mild,sensitive
N115M,-3.3565766733445,115,True,impactful,sensitive
N115N,0.0,115,True,neutral,sensitive
N115P,-5.43644844342565,115,True,impactful,sensitive
N115Q,-1.8539538330012801,115,True,neutral,sensitive
N115R,-2.8877029878092597,115,True,mild,sensitive
N115S,-0.8163298948700601,115,True,neutral,sensitive
N115T,-2.20981758590402,115,True,mild,sensitive
N115V,-3.07862488717296,115,True,impactful,sensitive
N115W,-5.52730388344902,115,True,impactful,sensitive
N115Y,-2.54324751261287,115,True,mild,sensitive
R116A,-2.787388575115,116,True,mild,sensitive
R116C,-1.9970426002905903,116,True,mild,sensitive
R116D,-5.04832757250169,116,True,impactful,sensitive
R116E,-2.98675049181548,116,True,mild,sensitive
R116F,-4.8060916553848605,116,True,impactful,sensitive
R116G,-2.4676931233013,116,True,mild,sensitive
R116H,-1.8019694138889297,116,True,neutral,sensitive
R116I,-3.46859717808654,116,True,impactful,sensitive
R116K,-0.11375539584758099,116,True,neutral,sensitive
R116L,-1.7839554440671102,116,True,neutral,sensitive
R116M,-2.84185113936019,116,True,mild,sensitive
R116N,-3.84038074816838,116,True,impactful,sensitive
R116P,-4.09746651297452,116,True,impactful,sensitive
R116Q,-1.83426224440265,116,True,neutral,sensitive
R116R,0.0,116,True,neutral,sensitive
R116S,-3.61030675264527,116,True,impactful,sensitive
R116T,-3.53126606232731,116,True,impactful,sensitive
R116V,-3.56300218913153,116,True,impactful,sensitive
R116W,-4.013723523837149,116,True,impactful,sensitive
R116Y,-5.43620957721242,116,True,impactful,sensitive
E117A,-2.8126681942863705,117,True,mild,sensitive
E117C,-3.55437325151214,117,True,impactful,sensitive
E117D,-1.2600700623588301,117,True,neutral,sensitive
E117E,0.0,117,True,neutral,sensitive
E117F,-4.12755089454494,117,True,impactful,sensitive
E117G,-3.1577484996061598,117,True,impactful,sensitive
E117H,-1.7094014298671103,117,True,neutral,sensitive
E117I,-3.0065691272625603,117,True,mild,sensitive
E117K,-1.63835811856215,117,True,neutral,sensitive
E117L,-2.99557866722477,117,True,mild,sensitive
E117M,-3.59846959953742,117,True,impactful,sensitive
E117N,-1.8196920824531697,117,True,neutral,sensitive
E117P,-4.46777221067443,117,True,impactful,sensitive
E117Q,-0.630472567440728,117,True,neutral,sensitive
E117R,-2.7888260048241498,117,True,mild,sensitive
E117S,-3.23061699292228,117,True,impactful,sensitive
E117T,-3.1592685694754303,117,True,impactful,sensitive
E117V,-2.9092207292584105,117,True,mild,sensitive
E117W,-5.490185599756759,117,True,impactful,sensitive
E117Y,-3.75919465088205,117,True,impactful,sensitive
K118A,-2.00666468772847,118,True,mild,sensitive
K118C,-2.5216596750669904,118,True,mild,sensitive
K118D,-2.89459747238615,118,True,mild,sensitive
K118E,-1.65015933257572,118,True,neutral,sensitive
K118F,-3.03227353998133,118,True,mild,sensitive
K118G,-3.85375541635023,118,True,impactful,sensitive
K118H,-2.0471451244632597,118,True,mild,sensitive
K118I,-1.8609524169804998,118,True,neutral,sensitive
K118K,0.0,118,True,neutral,sensitive
K118L,-2.25775879328999,118,True,mild,sensitive
K118M,-1.68785651326078,118,True,neutral,sensitive
K118N,-1.38277119788234,118,True,neutral,sensitive
K118P,-4.2655706775449405,118,True,impactful,sensitive
K118Q,-1.2778280030266,118,True,neutral,sensitive
K118R,-0.28003055118149395,118,True,neutral,sensitive
K118S,-1.82417242436098,118,True,neutral,sensitive
K118T,-1.94612295590215,118,True,mild,sensitive
K118V,-2.40220632559728,118,True,mild,sensitive
K118W,-2.59767477075968,118,True,mild,sensitive
K118Y,-2.43339314936727,118,True,mild,sensitive
M119A,-1.7608131269631202,119,True,neutral,sensitive
M119C,-2.09241093461477,119,True,mild,sensitive
M119D,-3.80399257390571,119,True,impactful,sensitive
M119E,-4.21363574241761,119,True,impactful,sensitive
M119F,-2.9772916700914402,119,True,mild,sensitive
M119G,-5.459122154075379,119,True,impactful,sensitive
M119H,-3.9221885687554003,119,True,impactful,sensitive
M119I,-0.256267677736553,119,True,neutral,sensitive
M119K,-2.9175751321151298,119,True,mild,sensitive
M119L,-0.434443028704253,119,True,neutral,sensitive
M119M,0.0,119,True,neutral,sensitive
M119N,-5.10754215882887,119,True,impactful,sensitive
M119P,-3.7780269136325098,119,True,impactful,sensitive
M119Q,-3.7970182902032406,119,True,impactful,sensitive
M119R,-2.94244823693658,119,True,mild,sensitive
M119S,-1.69036617427883,119,True,neutral,sensitive
M119T,-1.1830273880912,119,True,neutral,sensitive
M119V,-0.793091577492334,119,True,neutral,sensitive
M119W,-4.12477766144043,119,True,impactful,sensitive
M119Y,-3.05925375815986,119,True,impactful,sensitive
T120A,-0.282212307963608,120,True,neutral,sensitive
T120C,-0.259444678660672,120,True,neutral,sensitive
T120D,-3.56726743720097,120,True,impactful,sensitive
T120E,-3.353506508382,120,True,impactful,sensitive
T120F,-2.44501770150998,120,True,mild,sensitive
T120G,-2.63942684575465,120,True,mild,sensitive
T120H,-2.52256814094466,120,True,mild,sensitive
T120I,-0.667594333978343,120,True,neutral,sensitive
T120K,-3.8234137141553504,120,True,impactful,sensitive
T120L,-0.84344443504208,120,True,neutral,sensitive
T120M,-1.3443093848636698,120,True,neutral,sensitive
T120N,-3.05180880144593,120,True,impactful,sensitive
T120P,-2.40950726567135,120,True,mild,sensitive
T120Q,-3.65545311269782,120,True,impactful,sensitive
T120R,-4.57126157923159,120,True,impactful,sensitive
T120S,-0.23618259007172196,120,True,neutral,sensitive
T120T,0.0,120,True,neutral,sensitive
T120V,-0.8386211400593071,120,True,neutral,sensitive
T120W,-5.09090780855678,120,True,impactful,sensitive
T120Y,-3.0177462716985204,120,True,mild,sensitive
Q121A,-2.28032325411989,121,True,mild,sensitive
Q121C,-3.68074936625772,121,True,impactful,sensitive
Q121D,-1.36301855388756,121,True,neutral,sensitive
Q121E,-0.34076477355472995,121,True,neutral,sensitive
Q121F,-3.1106457421145,121,True,impactful,sensitive
Q121G,-3.77874680424957,121,True,impactful,sensitive
Q121H,-0.16318656602685097,121,True,neutral,sensitive
Q121I,-2.93304646505675,121,True,mild,sensitive
Q121K,-1.5944327172291202,121,True,neutral,sensitive
Q121L,-2.9158315099036605,121,True,mild,sensitive
Q121M,-2.8288819040125204,121,True,mild,sensitive
Q121N,-1.4835056293636,121,True,neutral,sensitive
Q121P,-5.089479681521951,121,True,impactful,sensitive
Q121Q,0.0,121,True,neutral,sensitive
Q121R,-1.10526163282793,121,True,neutral,sensitive
Q121S,-1.52058446947905,121,True,neutral,sensitive
Q121T,-1.4297626215927601,121,True,neutral,sensitive
Q121V,-3.4316433995950697,121,True,impactful,sensitive
Q121W,-4.558831084221031,121,True,impactful,sensitive
Q121Y,-5.23434425821895,121,True,impactful,sensitive
I122A,-2.2467909428385697,122,True,mild,sensitive
I122C,-1.7241523536164098,122,True,neutral,sensitive
I122D,-4.21499906669873,122,True,impactful,sensitive
I122E,-3.28671861210311,122,True,impactful,sensitive
I122F,-2.13207768005757,122,True,mild,sensitive
I122G,-5.30983118769394,122,True,impactful,sensitive
I122H,-3.4296550818287996,122,True,impactful,sensitive
I122I,0.0,122,True,neutral,sensitive
I122K,-3.2882322560652,122,True,impactful,sensitive
I122L,-0.373493928020586,122,True,neutral,sensitive
I122M,-0.750669970375729,122,True,neutral,sensitive
I122N,-2.92807061427356,122,True,mild,sensitive
I122P,-4.711121709739,122,True,impactful,sensitive
I122Q,-3.5570564021269,122,True,impactful,sensitive
I122R,-3.56205453983396,122,True,impactful,sensitive
I122S,-2.00752260467989,122,True,mild,sensitive
I122T,-1.33086616253682,122,True,neutral,sensitive
I122V,-0.356368150304394,122,True,neutral,sensitive
I122W,-3.88805507024759,122,True,impactful,sensitive
I122Y,-2.97839218553082,122,True,mild,sensitive
M123A,-1.8498980918243602,123,True,neutral,sensitive
M123C,-1.4291841960215903,123,True,neutral,sensitive
M123D,-5.72845357120734,123,True,impactful,sensitive
M123E,-5.35735802427163,123,True,impactful,sensitive
M123F,-0.9463415451644009,123,True,neutral,sensitive
M123G,-5.07149248629855,123,True,impactful,sensitive
M123H,-2.53143698496912,123,True,mild,sensitive
M123I,-0.220272553055141,123,True,neutral,sensitive
M123K,-5.13030906671125,123,True,impactful,sensitive
M123L,-0.295404889787125,123,True,neutral,sensitive
M123M,0.0,123,True,neutral,sensitive
M123N,-4.67006187720083,123,True,impactful,sensitive
M123P,-5.13551318362669,123,True,impactful,sensitive
M123Q,-2.51449004407153,123,True,mild,sensitive
M123R,-3.3205520126461696,123,True,impactful,sensitive
M123S,-1.06234584650471,123,True,neutral,sensitive
M123T,-1.5745475723653501,123,True,neutral,sensitive
M123V,-0.14541956131888598,123,True,neutral,sensitive
M123W,-3.27270510271515,123,True,impactful,sensitive
M123Y,-3.40109784206985,123,True,impactful,sensitive
F124A,-5.98006558861828,124,True,impactful,sensitive
F124C,-3.94741365837518,124,True,impactful,sensitive
F124D,-5.79002340330712,124,True,impactful,sensitive
F124E,-5.84542037910566,124,True,impactful,sensitive
F124F,0.0,124,True,neutral,sensitive
F124G,-6.11998276646438,124,True,impactful,sensitive
F124H,-5.675693567222461,124,True,impactful,sensitive
F124I,-1.71043748373988,124,True,neutral,sensitive
F124K,-5.64375301445539,124,True,impactful,sensitive
F124L,-1.7380263432439,124,True,neutral,sensitive
F124M,-2.6927363314301602,124,True,mild,sensitive
F124N,-5.5663456515335294,124,True,impactful,sensitive
F124P,-5.62616558466544,124,True,impactful,sensitive
F124Q,-5.662582199092831,124,True,impactful,sensitive
F124R,-4.03667906458346,124,True,impactful,sensitive
F124S,-2.57725671953541,124,True,mild,sensitive
F124T,-5.406086728037731,124,True,impactful,sensitive
F124V,-2.9546037713843702,124,True,mild,sensitive
F124W,-4.31019554273481,124,True,impactful,sensitive
F124Y,-2.41435125720304,124,True,mild,sensitive
E125A,-4.2034941185492904,125,True,impactful,sensitive
E125C,-2.749683955887,125,True,mild,sensitive
E125D,-0.5232469492633021,125,True,neutral,sensitive
E125E,0.0,125,True,neutral,sensitive
E125F,-5.68689066707433,125,True,impactful,sensitive
E125G,-2.43950617421651,125,True,mild,sensitive
E125H,-1.95184354778532,125,True,mild,sensitive
E125I,-5.88736918852206,125,True,impactful,sensitive
E125K,-2.18336833205789,125,True,mild,sensitive
E125L,-4.73792603342681,125,True,impactful,sensitive
E125M,-6.14920238271055,125,True,impactful,sensitive
E125N,-1.7988114370880801,125,True,neutral,sensitive
E125P,-6.301618589943381,125,True,impactful,sensitive
E125Q,-0.15204478418121697,125,True,neutral,sensitive
E125R,-3.53968377118698,125,True,impactful,sensitive
E125S,-4.06113615686817,125,True,impactful,sensitive
E125T,-4.33903411624545,125,True,impactful,sensitive
E125V,-4.630869286409999,125,True,impactful,sensitive
E125W,-5.67739643485969,125,True,impactful,sensitive
E125Y,-5.153608883135,125,True,impactful,sensitive
T126A,-0.0728412193952706,126,True,neutral,tolerant
T126C,-0.765799964340484,126,True,neutral,tolerant
T126D,-1.23333506003444,126,True,neutral,tolerant
T126E,-1.6397569446453601,126,True,neutral,tolerant
T126F,-2.97425338929361,126,True,mild,tolerant
T126G,-2.09859009404424,126,True,mild,tolerant
T126H,-1.4496895528754299,126,True,neutral,tolerant
T126I,-1.26508158084339,126,True,neutral,tolerant
T126K,-0.863678830735739,126,True,neutral,tolerant
T126L,-2.49731514146913,126,True,mild,tolerant
T126M,-2.50914201516515,126,True,mild,tolerant
T126N,-0.9119011593471801,126,True,neutral,tolerant
T126P,-1.7193936893005701,126,True,neutral,tolerant
T126Q,-1.7288425304711201,126,True,neutral,tolerant
T126R,-1.14178275040959,126,True,neutral,tolerant
T126S,-0.30417960253382803,126,True,neutral,tolerant
T126T,0.0,126,True,neutral,tolerant
T126V,-1.1510433967898002,126,True,neutral,tolerant
T126W,-4.68660394727564,126,True,impactful,tolerant
T126Y,-2.5248784536984803,126,True,mild,tolerant
F127A,-3.9866244110434,127,True,impactful,sensitive
F127C,-3.0259286006874,127,True,mild,sensitive
F127D,-4.80582160003834,127,True,impactful,sensitive
F127E,-4.52090121255792,127,True,impactful,sensitive
F127F,0.0,127,True,neutral,sensitive
F127G,-5.574726181818139,127,True,impactful,sensitive
F127H,-2.00344547519297,127,True,mild,sensitive
F127I,-2.65925754172713,127,True,mild,sensitive
F127K,-5.1972128935381505,127,True,impactful,sensitive
F127L,-1.37693320458105,127,True,neutral,sensitive
F127M,-2.70194114309789,127,True,mild,sensitive
F127N,-4.76312864857492,127,True,impactful,sensitive
F127P,-5.67837723285369,127,True,impactful,sensitive
F127Q,-3.80439779588661,127,True,impactful,sensitive
F127R,-4.44103259124998,127,True,impactful,sensitive
F127S,-2.00013429639128,127,True,mild,sensitive
F127T,-4.944205565706451,127,True,impactful,sensitive
F127V,-3.0928882875235097,127,True,impactful,sensitive
F127W,-3.32951818737118,127,True,impactful,sensitive
F127Y,-1.2176314355623001,127,True,neutral,sensitive
N128A,-0.94475696312551,128,True,neutral,tolerant
N128C,-1.92911471231293,128,True,mild,tolerant
N128D,-0.31072493818873403,128,True,neutral,tolerant
N128E,-0.44579562341795004,128,True,neutral,tolerant
N128F,-3.6775297386454504,128,True,impactful,tolerant
N128G,-0.919549839028268,128,True,neutral,tolerant
N128H,-0.35282830626660705,128,True,neutral,tolerant
N128I,-2.10419400199718,128,True,mild,tolerant
N128K,-1.10391510817476,128,True,neutral,tolerant
N128L,-2.48680879828568,128,True,mild,tolerant
N128M,-2.52993847352,128,True,mild,tolerant
N128N,0.0,128,True,neutral,tolerant
N128P,-4.55117356520942,128,True,impactful,tolerant
N128Q,-0.492991844416716,128,True,neutral,tolerant
N128R,-1.2330111322855402,128,True,neutral,tolerant
N128S,-0.819576072923727,128,True,neutral,tolerant
N128T,-1.0847061874034,128,True,neutral,tolerant
N128V,-3.3387492540181296,128,True,impactful,tolerant
N128W,-4.82916388804487,128,True,impactful,tolerant
N128Y,-2.41556940519525,128,True,mild,tolerant
T129A,-0.0337294274118513,129,True,neutral,tolerant
T129C,-0.0366634051722238,129,True,neutral,tolerant
T129D,-3.2654440967222103,129,True,impactful,tolerant
T129E,-3.2309901508368797,129,True,impactful,tolerant
T129F,-0.7859125569192509,129,True,neutral,tolerant
T129G,-2.75969856069784,129,True,mild,tolerant
T129H,-1.7280541799012399,129,True,neutral,tolerant
T129I,-0.245510181626309,129,True,neutral,tolerant
T129K,-2.4716915096474104,129,True,mild,tolerant
T129L,-0.31364675340967996,129,True,neutral,tolerant
T129M,0.00607849108724083,129,True,neutral,tolerant
T129N,-1.08823154938268,129,True,neutral,tolerant
T129P,-1.97905276522548,129,True,mild,tolerant
T129Q,-2.9547190778423102,129,True,mild,tolerant
T129R,-2.59228882138579,129,True,mild,tolerant
T129S,-0.0199506094579284,129,True,neutral,tolerant
T129T,0.0,129,True,neutral,tolerant
T129V,0.0303665972434471,129,True,neutral,tolerant
T129W,-2.02696495831037,129,True,mild,tolerant
T129Y,-1.4049187236089298,129,True,neutral,tolerant
P130A,-1.2957004236348402,130,True,neutral,sensitive
P130C,-3.22987566999497,130,True,impactful,sensitive
P130D,-2.7784249655328703,130,True,mild,sensitive
P130E,-2.68095840139433,130,True,mild,sensitive
P130F,-5.29186682973705,130,True,impactful,sensitive
P130G,-2.77704447516617,130,True,mild,sensitive
P130H,-2.48023805082063,130,True,mild,sensitive
P130I,-3.0695440685461404,130,True,impactful,sensitive
P130K,-2.4297785409862,130,True,mild,sensitive
P130L,-1.98755167325824,130,True,mild,sensitive
P130M,-3.47400757257478,130,True,impactful,sensitive
P130N,-2.75849022167431,130,True,mild,sensitive
P130P,0.0,130,True,neutral,sensitive
P130Q,-2.06101510716872,130,True,mild,sensitive
P130R,-1.2811488581623702,130,True,neutral,sensitive
P130S,-1.68629701363067,130,True,neutral,sensitive
P130T,-1.94049451738439,130,True,mild,sensitive
P130V,-3.75676013269277,130,True,impactful,sensitive
P130W,-5.09899587323359,130,True,impactful,sensitive
P130Y,-3.85319730038993,130,True,impactful,sensitive
A131A,0.0,131,True,neutral,sensitive
A131C,-0.583351786674125,131,True,neutral,sensitive
A131D,-2.97312818347173,131,True,mild,sensitive
A131E,-2.45632924036071,131,True,mild,sensitive
A131F,-2.77203107840756,131,True,mild,sensitive
A131G,-1.02828987234209,131,True,neutral,sensitive
A131H,-2.84926903382409,131,True,mild,sensitive
A131I,-3.9716174335644596,131,True,impactful,sensitive
A131K,-2.00937950990452,131,True,mild,sensitive
A131L,-2.77483843742912,131,True,mild,sensitive
A131M,-3.5268620109489306,131,True,impactful,sensitive
A131N,-1.90258061993942,131,True,mild,sensitive
A131P,-4.039791543574109,131,True,impactful,sensitive
A131Q,-1.9827955228886598,131,True,mild,sensitive
A131R,-2.29640821762328,131,True,mild,sensitive
A131S,-0.589474746001055,131,True,neutral,sensitive
A131T,-0.419094056335692,131,True,neutral,sensitive
A131V,-3.02181547375705,131,True,mild,sensitive
A131W,-4.79532265411549,131,True,impactful,sensitive
A131Y,-3.05619404865623,131,True,impactful,sensitive
M132A,-1.67765851065586,132,True,neutral,sensitive
M132C,-1.1946913758851898,132,True,neutral,sensitive
M132D,-5.601466932853639,132,True,impactful,sensitive
M132E,-4.06439464246398,132,True,impactful,sensitive
M132F,-0.560333407778302,132,True,neutral,sensitive
M132G,-3.84903321982382,132,True,impactful,sensitive
M132H,-3.25155624951684,132,True,impactful,sensitive
M132I,-0.332082837133188,132,True,neutral,sensitive
M132K,-4.361061023376299,132,True,impactful,sensitive
M132L,-0.338046124935404,132,True,neutral,sensitive
M132M,0.0,132,True,neutral,sensitive
M132N,-4.43911086212814,132,True,impactful,sensitive
M132P,-4.752536044531389,132,True,impactful,sensitive
M132Q,-5.601466932853639,132,True,impactful,sensitive
M132R,-2.7644054863369703,132,True,mild,sensitive
M132S,-1.94454727189575,132,True,mild,sensitive
M132T,-0.802431395724323,132,True,neutral,sensitive
M132V,-0.0428614153804475,132,True,neutral,sensitive
M132W,-1.4438582302396399,132,True,neutral,sensitive
M132Y,-1.5961217956979599,132,True,neutral,sensitive
Y133A,-2.30610295338994,133,True,mild,sensitive
Y133C,-1.5128774951313,133,True,neutral,sensitive
Y133D,-2.67649419395058,133,True,mild,sensitive
Y133E,-5.077089905702911,133,True,impactful,sensitive
Y133F,-0.20615461083168696,133,True,neutral,sensitive
Y133G,-4.36778669644731,133,True,impactful,sensitive
Y133H,-1.2282895891761798,133,True,neutral,sensitive
Y133I,-3.97630729996288,133,True,impactful,sensitive
Y133K,-3.62117848521089,133,True,impactful,sensitive
Y133L,-2.40669581543736,133,True,mild,sensitive
Y133M,-2.93342128387367,133,True,mild,sensitive
Y133N,-2.09493900350262,133,True,mild,sensitive
Y133P,-4.16604023908463,133,True,impactful,sensitive
Y133Q,-2.28826411306543,133,True,mild,sensitive
Y133R,-4.01533873693974,133,True,impactful,sensitive
Y133S,-2.2779969779611404,133,True,mild,sensitive
Y133T,-2.35020864935432,133,True,mild,sensitive
Y133V,-2.7861604982852297,133,True,mild,sensitive
Y133W,-2.08201864307136,133,True,mild,sensitive
Y133Y,0.0,133,True,neutral,sensitive
V134A,-1.04333692572873,134,True,neutral,sensitive
V134C,-1.6182479466803799,134,True,neutral,sensitive
V134D,-4.20203043563666,134,True,impactful,sensitive
V134E,-4.02118365482234,134,True,impactful,sensitive
V134F,-1.95976384416538,134,True,mild,sensitive
V134G,-3.68573353954202,134,True,impactful,sensitive
V134H,-4.865035863565731,134,True,impactful,sensitive
V134I,-0.117282571137463,134,True,neutral,sensitive
V134K,-3.81324474884379,134,True,impactful,sensitive
V134L,-0.574311256457402,134,True,neutral,sensitive
V134M,-0.5875553468162089,134,True,neutral,sensitive
V134N,-4.27980447206439,134,True,impactful,sensitive
V134P,-2.3263461199138398,134,True,mild,sensitive
V134Q,-4.736557969745941,134,True,impactful,sensitive
V134R,-3.06113219266443,134,True,impactful,sensitive
V134S,-1.32720014686413,134,True,neutral,sensitive
V134T,-1.7805421609033603,134,True,neutral,sensitive
V134V,0.0,134,True,neutral,sensitive
V134W,-4.06163839525196,134,True,impactful,sensitive
V134Y,-3.35039626515871,134,True,impactful,sensitive
A135A,0.0,135,True,neutral,sensitive
A135C,-0.205978943736155,135,True,neutral,sensitive
A135D,-1.65871180116927,135,True,neutral,sensitive
A135E,-1.5574683056825,135,True,neutral,sensitive
A135F,-3.0461865261337797,135,True,impactful,sensitive
A135G,-0.7433411836793961,135,True,neutral,sensitive
A135H,-2.25279202305059,135,True,mild,sensitive
A135I,-2.16800878146343,135,True,mild,sensitive
A135K,-2.9323398870419703,135,True,mild,sensitive
A135L,-1.9174220444936299,135,True,mild,sensitive
A135M,-2.48990610876575,135,True,mild,sensitive
A135N,-0.751985167935448,135,True,neutral,sensitive
A135P,-2.4908610447509303,135,True,mild,sensitive
A135Q,-0.8532596588572471,135,True,neutral,sensitive
A135R,-2.5450606124179798,135,True,mild,sensitive
A135S,-0.129465456018315,135,True,neutral,sensitive
A135T,-0.32323563500275104,135,True,neutral,sensitive
A135V,-1.33768336104716,135,True,neutral,sensitive
A135W,-3.16905080982262,135,True,impactful,sensitive
A135Y,-2.26193414702088,135,True,mild,sensitive
I136A,-2.21222054775932,136,True,mild,sensitive
I136C,-2.63909305099771,136,True,mild,sensitive
I136D,-1.9569807582827499,136,True,mild,sensitive
I136E,-2.8516145312525296,136,True,mild,sensitive
I136F,-2.3382730599052204,136,True,mild,sensitive
I136G,-2.9898529883704597,136,True,mild,sensitive
I136H,-2.21520520956658,136,True,mild,sensitive
I136I,0.0,136,True,neutral,sensitive
I136K,-2.23766132731223,136,True,mild,sensitive
I136L,-0.6502640686237939,136,True,neutral,sensitive
I136M,-0.45662011444697903,136,True,neutral,sensitive
I136N,-1.1149892086941,136,True,neutral,sensitive
I136P,-2.13570619801426,136,True,mild,sensitive
I136Q,-1.85826760583465,136,True,neutral,sensitive
I136R,-2.6726302939026803,136,True,mild,sensitive
I136S,-1.54681798616391,136,True,neutral,sensitive
I136T,-1.2459873665631398,136,True,neutral,sensitive
I136V,-0.353794125434508,136,True,neutral,sensitive
I136W,-3.20311866834939,136,True,impactful,sensitive
I136Y,-2.2986664666127403,136,True,mild,sensitive
Q137A,-2.0071865748033897,137,True,mild,sensitive
Q137C,-3.29167762263899,137,True,impactful,sensitive
Q137D,-0.604252771059245,137,True,neutral,sensitive
Q137E,-1.01772155466104,137,True,neutral,sensitive
Q137F,-5.09260722461226,137,True,impactful,sensitive
Q137G,-2.40526371948983,137,True,mild,sensitive
Q137H,-1.6233583201947999,137,True,neutral,sensitive
Q137I,-5.7039869988961795,137,True,impactful,sensitive
Q137K,-1.3561611092671897,137,True,neutral,sensitive
Q137L,-2.30560275692397,137,True,mild,sensitive
Q137M,-2.89430089671129,137,True,mild,sensitive
Q137N,-1.47800512659604,137,True,neutral,sensitive
Q137P,-1.6498660826634601,137,True,neutral,sensitive
Q137Q,0.0,137,True,neutral,sensitive
Q137R,-1.6662911943541003,137,True,neutral,sensitive
Q137S,-1.3794698534824,137,True,neutral,sensitive
Q137T,-1.521366310713,137,True,neutral,sensitive
Q137V,-4.6953837373473,137,True,impactful,sensitive
Q137W,-3.86861691931869,137,True,impactful,sensitive
Q137Y,-4.8537389107842195,137,True,impactful,sensitive
A138A,0.0,138,True,neutral,sensitive
A138C,-1.7378788056275702,138,True,neutral,sensitive
A138D,-2.23086256925799,138,True,mild,sensitive
A138E,-2.17937470221106,138,True,mild,sensitive
A138F,-5.4284452153722595,138,True,impactful,sensitive
A138G,-1.71772530685253,138,True,neutral,sensitive
A138H,-2.54902202799263,138,True,mild,sensitive
A138I,-4.04937528424935,138,True,impactful,sensitive
A138K,-4.15954808650984,138,True,impactful,sensitive
A138L,-3.45128839976085,138,True,impactful,sensitive
A138M,-3.4387693549998506,138,True,impactful,sensitive
A138N,-2.68297197035267,138,True,mild,sensitive
A138P,-1.6412550164094901,138,True,neutral,sensitive
A138Q,-2.68936405572326,138,True,mild,sensitive
A138R,-4.14270772355151,138,True,impactful,sensitive
A138S,-0.531422529922882,138,True,neutral,sensitive
A138T,-1.01719211179218,138,True,neutral,sensitive
A138V,-2.4431532864361,138,True,mild,sensitive
A138W,-6.0738398855427,138,True,impactful,sensitive
A138Y,-4.46276871896153,138,True,impactful,sensitive
V139A,-1.10942201108909,139,True,neutral,sensitive
V139C,-1.9030958244600502,139,True,mild,sensitive
V139D,-3.24700108930256,139,True,impactful,sensitive
V139E,-1.9050072578586998,139,True,mild,sensitive
V139F,-2.61972808959559,139,True,mild,sensitive
V139G,-3.21594482065275,139,True,impactful,sensitive
V139H,-3.1147509236893796,139,True,impactful,sensitive
V139I,-0.368718880994376,139,True,neutral,sensitive
V139K,-3.26290662153786,139,True,impactful,sensitive
V139L,-0.829993522935794,139,True,neutral,sensitive
V139M,-0.31247614270506396,139,True,neutral,sensitive
V139N,-3.27739043440239,139,True,impactful,sensitive
V139P,-2.6780010700056804,139,True,mild,sensitive
V139Q,-2.66587921401771,139,True,mild,sensitive
V139R,-3.5501247575624597,139,True,impactful,sensitive
V139S,-2.3864672719696496,139,True,mild,sensitive
V139T,-1.4421263093928602,139,True,neutral,sensitive
V139V,0.0,139,True,neutral,sensitive
V139W,-5.36599970233057,139,True,impactful,sensitive
V139Y,-3.07077331763354,139,True,impactful,sensitive
L140A,-3.21192500616896,140,True,impactful,sensitive
L140C,-2.72408342758902,140,True,mild,sensitive
L140D,-6.6314218212644995,140,True,impactful,sensitive
L140E,-6.6314218212644995,140,True,impactful,sensitive
L140F,-2.11472741528865,140,True,mild,sensitive
L140G,-4.20232431514337,140,True,impactful,sensitive
L140H,-5.2888280865852195,140,True,impactful,sensitive
L140I,-2.3515330556454903,140,True,mild,sensitive
L140K,-6.07651196589484,140,True,impactful,sensitive
L140L,0.0,140,True,neutral,sensitive
L140M,-0.315278917252534,140,True,neutral,sensitive
L140N,-4.65908670455931,140,True,impactful,sensitive
L140P,-2.7434799517618598,140,True,mild,sensitive
L140Q,-4.7723367067602,140,True,impactful,sensitive
L140R,-5.1357101985274,140,True,impactful,sensitive
L140S,-2.59071708995031,140,True,mild,sensitive
L140T,-3.13390325074753,140,True,impactful,sensitive
L140V,-1.12937915863194,140,True,neutral,sensitive
L140W,-4.63809367741543,140,True,impactful,sensitive
L140Y,-4.30221251605089,140,True,impactful,sensitive
S141A,-0.45616624658777505,141,True,neutral,sensitive
S141C,-0.441586933016932,141,True,neutral,sensitive
S141D,-2.56211187385646,141,True,mild,sensitive
S141E,-3.26703980690928,141,True,impactful,sensitive
S141F,-2.7055556086389,141,True,mild,sensitive
S141G,-2.67174857298735,141,True,mild,sensitive
S141H,-3.51609975893462,141,True,impactful,sensitive
S141I,-3.0263726991803397,141,True,mild,sensitive
S141K,-5.178827818459441,141,True,impactful,sensitive
S141L,-3.21513459037244,141,True,impactful,sensitive
S141M,-4.66690293408453,141,True,impactful,sensitive
S141N,-3.3220496560040296,141,True,impactful,sensitive
S141P,-2.01962269559858,141,True,mild,sensitive
S141Q,-3.366605594639,141,True,impactful,sensitive
S141R,-3.6843244601795093,141,True,impactful,sensitive
S141S,0.0,141,True,neutral,sensitive
S141T,-0.42959093444132107,141,True,neutral,sensitive
S141V,-2.83475825929179,141,True,mild,sensitive
S141W,-5.2801811914198895,141,True,impactful,sensitive
S141Y,-2.8528073242544596,141,True,mild,sensitive
L142A,-2.8718944033016096,142,True,mild,sensitive
L142C,-2.88560102047634,142,True,mild,sensitive
L142D,-4.947117366258049,142,True,impactful,sensitive
L142E,-5.49266011444677,142,True,impactful,sensitive
L142F,-2.70856715947343,142,True,mild,sensitive
L142G,-5.45980453623193,142,True,impactful,sensitive
L142H,-3.59464960961259,142,True,impactful,sensitive
L142I,-1.1791629022416399,142,True,neutral,sensitive
L142K,-5.8936020744026605,142,True,impactful,sensitive
L142L,0.0,142,True,neutral,sensitive
L142M,-0.8048251316062479,142,True,neutral,sensitive
L142N,-5.93067984944921,142,True,impactful,sensitive
L142P,-3.7123720943606604,142,True,impactful,sensitive
L142Q,-3.23744560563612,142,True,impactful,sensitive
L142R,-4.31631730957917,142,True,impactful,sensitive
L142S,-2.13021175545074,142,True,mild,sensitive
L142T,-2.9594948697836805,142,True,mild,sensitive
L142V,-0.8722922236418872,142,True,neutral,sensitive
L142W,-5.39595731753166,142,True,impactful,sensitive
L142Y,-4.65341195845888,142,True,impactful,sensitive
Y143A,-3.1698421496938503,143,True,impactful,sensitive
Y143C,-2.16113802389758,143,True,mild,sensitive
Y143D,-2.67878365187341,143,True,mild,sensitive
Y143E,-4.90620196805692,143,True,impactful,sensitive
Y143F,-0.43323807219753296,143,True,neutral,sensitive
Y143G,-5.3996535600305,143,True,impactful,sensitive
Y143H,-2.30347674489426,143,True,mild,sensitive
Y143I,-2.31227272633229,143,True,mild,sensitive
Y143K,-4.34746978890581,143,True,impactful,sensitive
Y143L,-1.47816730161371,143,True,neutral,sensitive
Y143M,-3.0446435770022298,143,True,mild,sensitive
Y143N,-3.3566521734074404,143,True,impactful,sensitive
Y143P,-5.4001450992278,143,True,impactful,sensitive
Y143Q,-3.1500136973527004,143,True,impactful,sensitive
Y143R,-3.3414038560125,143,True,impactful,sensitive
Y143S,-2.2466708747474198,143,True,mild,sensitive
Y143T,-3.0144741959077503,143,True,mild,sensitive
Y143V,-1.93022094450905,143,True,mild,sensitive
Y143W,-2.2106189712828503,143,True,mild,sensitive
Y143Y,0.0,143,True,neutral,sensitive
A144A,0.0,144,True,neutral,sensitive
A144C,-1.6409471680808503,144,True,neutral,sensitive
A144D,-2.67333001689892,144,True,mild,sensitive
A144E,-2.45819257608096,144,True,mild,sensitive
A144F,-2.56031598711224,144,True,mild,sensitive
A144G,-1.6221258436906498,144,True,neutral,sensitive
A144H,-2.75314257214594,144,True,mild,sensitive
A144I,-2.57565203143244,144,True,mild,sensitive
A144K,-3.97704293661528,144,True,impactful,sensitive
A144L,-2.29582516789869,144,True,mild,sensitive
A144M,-4.26445166110298,144,True,impactful,sensitive
A144N,-3.29803117081156,144,True,impactful,sensitive
A144P,-3.37178139266115,144,True,impactful,sensitive
A144Q,-3.40204519902932,144,True,impactful,sensitive
A144R,-2.5208845805263302,144,True,mild,sensitive
A144S,-0.228722193806791,144,True,neutral,sensitive
A144T,-0.185669937993338,144,True,neutral,sensitive
A144V,-1.84483123448652,144,True,neutral,sensitive
A144W,-4.3048488680614705,144,True,impactful,sensitive
A144Y,-3.7249438138109303,144,True,impactful,sensitive
S145A,-0.41901884713499604,145,True,neutral,sensitive
S145C,-0.976034535846744,145,True,neutral,sensitive
S145D,-2.3691649633320697,145,True,mild,sensitive
S145E,-2.7551866428654996,145,True,mild,sensitive
S145F,-2.50781292289556,145,True,mild,sensitive
S145G,-2.17957971864302,145,True,mild,sensitive
S145H,-2.5215374623947597,145,True,mild,sensitive
S145I,-2.44055324715,145,True,mild,sensitive
S145K,-3.4358816855203,145,True,impactful,sensitive
S145L,-1.63151650484862,145,True,neutral,sensitive
S145M,-2.5641068087954904,145,True,mild,sensitive
S145N,-1.49928277362321,145,True,neutral,sensitive
S145P,-2.04670339516779,145,True,mild,sensitive
S145Q,-2.4071908692277204,145,True,mild,sensitive
S145R,-2.70055563026097,145,True,mild,sensitive
S145S,0.0,145,True,neutral,sensitive
S145T,-0.5759749839186971,145,True,neutral,sensitive
S145V,-1.7186871316767902,145,True,neutral,sensitive
S145W,-1.86381589602077,145,True,neutral,sensitive
S145Y,-2.7623213209569,145,True,mild,sensitive
G146A,-1.46649436832263,146,True,neutral,sensitive
G146C,-2.56886043777863,146,True,mild,sensitive
G146D,-2.2718221740074704,146,True,mild,sensitive
G146E,-3.1572862337211203,146,True,impactful,sensitive
G146F,-3.20534705608381,146,True,impactful,sensitive
G146G,0.0,146,True,neutral,sensitive
G146H,-3.81322708935118,146,True,impactful,sensitive
G146I,-5.637057993208389,146,True,impactful,sensitive
G146K,-2.78899135229859,146,True,mild,sensitive
G146L,-4.06153173798637,146,True,impactful,sensitive
G146M,-6.332404246759159,146,True,impactful,sensitive
G146N,-2.9904898764220897,146,True,mild,sensitive
G146P,-2.85896400124931,146,True,mild,sensitive
G146Q,-3.23682878170187,146,True,impactful,sensitive
G146R,-3.7442716512178498,146,True,impactful,sensitive
G146S,-1.63361818972645,146,True,neutral,sensitive
G146T,-3.6770254220043,146,True,impactful,sensitive
G146V,-2.59511905178389,146,True,mild,sensitive
G146W,-3.7126481491999197,146,True,impactful,sensitive
G146Y,-3.4489784818251494,146,True,impactful,sensitive
R147A,-2.58144229369819,147,True,mild,sensitive
R147C,-0.9027883374236422,147,True,neutral,sensitive
R147D,-2.9912660365971,147,True,mild,sensitive
R147E,-2.7196032733249997,147,True,mild,sensitive
R147F,-3.1911433335485397,147,True,impactful,sensitive
R147G,-2.76323672816321,147,True,mild,sensitive
R147H,-1.24363383720128,147,True,neutral,sensitive
R147I,-2.4760047123663997,147,True,mild,sensitive
R147K,-1.01653550678571,147,True,neutral,sensitive
R147L,-1.08807105684123,147,True,neutral,sensitive
R147M,-2.27577706278194,147,True,mild,sensitive
R147N,-2.5385566657738,147,True,mild,sensitive
R147P,-2.2719381120385895,147,True,mild,sensitive
R147Q,-2.13053121174784,147,True,mild,sensitive
R147R,0.0,147,True,neutral,sensitive
R147S,-1.8955729732668,147,True,mild,sensitive
R147T,-1.5132746472228997,147,True,neutral,sensitive
R147V,-2.21878527244303,147,True,mild,sensitive
R147W,-1.9609900727901999,147,True,mild,sensitive
R147Y,-2.63747859088977,147,True,mild,sensitive
T148A,-0.752599762077478,148,True,neutral,sensitive
T148C,-1.30068141772532,148,True,neutral,sensitive
T148D,-2.30972455445759,148,True,mild,sensitive
T148E,-2.74665261502285,148,True,mild,sensitive
T148F,-2.44300299876705,148,True,mild,sensitive
T148G,-2.4056395354939397,148,True,mild,sensitive
T148H,-2.63985895772213,148,True,mild,sensitive
T148I,-0.9198987244944301,148,True,neutral,sensitive
T148K,-2.67083541972689,148,True,mild,sensitive
T148L,-1.17427001561284,148,True,neutral,sensitive
T148M,-1.9161145821249301,148,True,mild,sensitive
T148N,-1.3378249288829098,148,True,neutral,sensitive
T148P,-1.97031929186194,148,True,mild,sensitive
T148Q,-2.18058363318398,148,True,mild,sensitive
T148R,-2.16294020553184,148,True,mild,sensitive
T148S,-0.500923178847981,148,True,neutral,sensitive
T148T,0.0,148,True,neutral,sensitive
T148V,-1.08955295271344,148,True,neutral,sensitive
T148W,-3.1549610118773503,148,True,impactful,sensitive
T148Y,-2.5390393286721498,148,True,mild,sensitive
T149A,-0.481352441797016,149,True,neutral,sensitive
T149C,-1.43955880734718,149,True,neutral,sensitive
T149D,-2.47389239300557,149,True,mild,sensitive
T149E,-3.52495817327538,149,True,impactful,sensitive
T149F,-3.91693903116858,149,True,impactful,sensitive
T149G,-4.16711343786615,149,True,impactful,sensitive
T149H,-3.1536532759585296,149,True,impactful,sensitive
T149I,-1.7447086211069098,149,True,neutral,sensitive
T149K,-3.3800461728816895,149,True,impactful,sensitive
T149L,-2.17697516834257,149,True,mild,sensitive
T149M,-3.5676626610631095,149,True,impactful,sensitive
T149N,-2.2789630175836098,149,True,mild,sensitive
T149P,-2.63719358311855,149,True,mild,sensitive
T149Q,-3.68329140841987,149,True,impactful,sensitive
T149R,-3.22928553184023,149,True,impactful,sensitive
T149S,-0.5379226883890821,149,True,neutral,sensitive
T149T,0.0,149,True,neutral,sensitive
T149V,-2.65413976353314,149,True,mild,sensitive
T149W,-4.004251547629931,149,True,impactful,sensitive
T149Y,-4.1768386587182995,149,True,impactful,sensitive
G150A,-1.73744183706013,150,True,neutral,sensitive
G150C,-2.3228170938705497,150,True,mild,sensitive
G150D,-3.9199856146515097,150,True,impactful,sensitive
G150E,-2.99650115383793,150,True,mild,sensitive
G150F,-5.84268718295297,150,True,impactful,sensitive
G150G,0.0,150,True,neutral,sensitive
G150H,-5.163950645931701,150,True,impactful,sensitive
G150I,-5.46924619588242,150,True,impactful,sensitive
G150K,-6.05030079021638,150,True,impactful,sensitive
G150L,-6.180048430350371,150,True,impactful,sensitive
G150M,-5.590739942870471,150,True,impactful,sensitive
G150N,-5.8448800402362,150,True,impactful,sensitive
G150P,-5.9211381317445095,150,True,impactful,sensitive
G150Q,-5.14131198103755,150,True,impactful,sensitive
G150R,-4.01902289499596,150,True,impactful,sensitive
G150S,-1.5275372034042098,150,True,neutral,sensitive
G150T,-4.292807442380569,150,True,impactful,sensitive
G150V,-4.38251870622182,150,True,impactful,sensitive
G150W,-7.208610508494361,150,True,impactful,sensitive
G150Y,-7.451015376069111,150,True,impactful,sensitive
I151A,-1.15215955419263,151,True,neutral,sensitive
I151C,-0.9075903522288,151,True,neutral,sensitive
I151D,-2.63990097735292,151,True,mild,sensitive
I151E,-2.52639538849742,151,True,mild,sensitive
I151F,-1.70728629613807,151,True,neutral,sensitive
I151G,-4.64182049325173,151,True,impactful,sensitive
I151H,-4.84384201847178,151,True,impactful,sensitive
I151I,0.0,151,True,neutral,sensitive
I151K,-4.06968786414269,151,True,impactful,sensitive
I151L,-0.0823464984871592,151,True,neutral,sensitive
I151M,-0.161338966442827,151,True,neutral,sensitive
I151N,-2.17128177664808,151,True,mild,sensitive
I151P,-4.71061356917581,151,True,impactful,sensitive
I151Q,-2.05651921359689,151,True,mild,sensitive
I151R,-4.8420963528402305,151,True,impactful,sensitive
I151S,-1.1903100836516398,151,True,neutral,sensitive
I151T,-0.9585666042525479,151,True,neutral,sensitive
I151V,-0.053262145428749,151,True,neutral,sensitive
I151W,-1.8796107291345099,151,True,neutral,sensitive
I151Y,-2.8541376600109,151,True,mild,sensitive
V152A,-2.09673815838456,152,True,mild,sensitive
V152C,-3.05042668605321,152,True,impactful,sensitive
V152D,-5.5740753899984,152,True,impactful,sensitive
V152E,-4.6692065013051,152,True,impactful,sensitive
V152F,-3.07108428685673,152,True,impactful,sensitive
V152G,-3.4964762543927996,152,True,impactful,sensitive
V152H,-6.691157432036411,152,True,impactful,sensitive
V152I,-0.796173293847509,152,True,neutral,sensitive
V152K,-6.83629412769433,152,True,impactful,sensitive
V152L,-0.895505969696728,152,True,neutral,sensitive
V152M,-0.4042481904797561,152,True,neutral,sensitive
V152N,-5.40566982111241,152,True,impactful,sensitive
V152P,-6.91351912822274,152,True,impactful,sensitive
V152Q,-5.94696192756395,152,True,impactful,sensitive
V152R,-5.408421329296041,152,True,impactful,sensitive
V152S,-2.4196088546439,152,True,mild,sensitive
V152T,-2.59516079546376,152,True,mild,sensitive
V152V,0.0,152,True,neutral,sensitive
V152W,-6.53040937677076,152,True,impactful,sensitive
V152Y,-5.96889328673123,152,True,impactful,sensitive
M153A,-1.76678878801236,153,True,neutral,sensitive
M153C,-1.24298892245097,153,True,neutral,sensitive
M153D,-4.20654938719552,153,True,impactful,sensitive
M153E,-2.39881054473358,153,True,mild,sensitive
M153F,-0.8431006166679291,153,True,neutral,sensitive
M153G,-4.09705384498217,153,True,impactful,sensitive
M153H,-4.622272884212389,153,True,impactful,sensitive
M153I,-0.27868060519683197,153,True,neutral,sensitive
M153K,-2.03412157775857,153,True,mild,sensitive
M153L,-0.0259835070866222,153,True,neutral,sensitive
M153M,0.0,153,True,neutral,sensitive
M153N,-3.7892722910083196,153,True,impactful,sensitive
M153P,-3.85412138660937,153,True,impactful,sensitive
M153Q,-2.99559658252196,153,True,mild,sensitive
M153R,-2.9529855271122,153,True,mild,sensitive
M153S,-0.989097299154839,153,True,neutral,sensitive
M153T,-1.14287398495647,153,True,neutral,sensitive
M153V,-0.339300486087298,153,True,neutral,sensitive
M153W,-2.17882094212191,153,True,mild,sensitive
M153Y,-1.2152907307640302,153,True,neutral,sensitive
D154A,-3.12802876043931,154,True,impactful,sensitive
D154C,-2.49385443847996,154,True,mild,sensitive
D154D,0.0,154,True,neutral,sensitive
D154E,-0.246031849307102,154,True,neutral,sensitive
D154F,-5.405340889146959,154,True,impactful,sensitive
D154G,-2.11986665218804,154,True,mild,sensitive
D154H,-1.4352638814846497,154,True,neutral,sensitive
D154I,-4.90875869642767,154,True,impactful,sensitive
D154K,-3.9029817282340002,154,True,impactful,sensitive
D154L,-4.66921475672906,154,True,impactful,sensitive
D154M,-4.26013570880414,154,True,impactful,sensitive
D154N,-0.6479164724687329,154,True,neutral,sensitive
D154P,-6.54253466082746,154,True,impactful,sensitive
D154Q,-1.4965911985406002,154,True,neutral,sensitive
D154R,-4.79789652095908,154,True,impactful,sensitive
D154S,-1.92878369306914,154,True,mild,sensitive
D154T,-3.0935130281131,154,True,impactful,sensitive
D154V,-3.76079510268185,154,True,impactful,sensitive
D154W,-6.54614113430815,154,True,impactful,sensitive
D154Y,-3.4793986617359103,154,True,impactful,sensitive
S155A,-0.0781760247384728,155,True,neutral,sensitive
S155C,-0.285936944941298,155,True,neutral,sensitive
S155D,-4.35024508937584,155,True,impactful,sensitive
S155E,-5.69147160632877,155,True,impactful,sensitive
S155F,-2.82017469625614,155,True,mild,sensitive
S155G,-3.62760955941052,155,True,impactful,sensitive
S155H,-5.69147160632877,155,True,impactful,sensitive
S155I,-0.753418366193212,155,True,neutral,sensitive
S155K,-5.05395683153835,155,True,impactful,sensitive
S155L,-1.60103472417596,155,True,neutral,sensitive
S155M,-1.23313325119439,155,True,neutral,sensitive
S155N,-3.5303117971245004,155,True,impactful,sensitive
S155P,-2.5762930518004703,155,True,mild,sensitive
S155Q,-3.93570101556265,155,True,impactful,sensitive
S155R,-4.571809265691111,155,True,impactful,sensitive
S155S,0.0,155,True,neutral,sensitive
S155T,-0.0711161170551628,155,True,neutral,sensitive
S155V,-1.79652793750622,155,True,neutral,sensitive
S155W,-3.75060747164603,155,True,impactful,sensitive
S155Y,-3.71603596816706,155,True,impactful,sensitive
G156A,-3.89913561824166,156,True,impactful,sensitive
G156C,-5.0362695041302095,156,True,impactful,sensitive
G156D,-3.52423117244315,156,True,impactful,sensitive
G156E,-3.67937533162106,156,True,impactful,sensitive
G156F,-6.89522693221035,156,True,impactful,sensitive
G156G,0.0,156,True,neutral,sensitive
G156H,-6.744001770330089,156,True,impactful,sensitive
G156I,-6.6718992146572305,156,True,impactful,sensitive
G156K,-3.60116388333598,156,True,impactful,sensitive
G156L,-5.34123142433264,156,True,impactful,sensitive
G156M,-7.27188897578895,156,True,impactful,sensitive
G156N,-5.71156146955156,156,True,impactful,sensitive
G156P,-4.965578490042629,156,True,impactful,sensitive
G156Q,-6.92397118430961,156,True,impactful,sensitive
G156R,-3.21578214367225,156,True,impactful,sensitive
G156S,-2.34548111759351,156,True,mild,sensitive
G156T,-4.57719182925464,156,True,impactful,sensitive
G156V,-4.55679880132972,156,True,impactful,sensitive
G156W,-5.02735419475681,156,True,impactful,sensitive
G156Y,-7.70170726693331,156,True,impactful,sensitive
D157A,-2.12382587571282,157,True,mild,sensitive
D157C,-3.42980521905945,157,True,impactful,sensitive
D157D,0.0,157,True,neutral,sensitive
D157E,-0.518050986321015,157,True,neutral,sensitive
D157F,-2.43288303694049,157,True,mild,sensitive
D157G,-1.79837220184467,157,True,neutral,sensitive
D157H,-0.8879118955637141,157,True,neutral,sensitive
D157I,-4.506238708091191,157,True,impactful,sensitive
D157K,-3.79070806926292,157,True,impactful,sensitive
D157L,-3.06441331209629,157,True,impactful,sensitive
D157M,-4.01743365558463,157,True,impactful,sensitive
D157N,-0.600729973613375,157,True,neutral,sensitive
D157P,-4.858523578890309,157,True,impactful,sensitive
D157Q,-1.93670669028984,157,True,mild,sensitive
D157R,-2.8743249720249597,157,True,mild,sensitive
D157S,-2.05315197564552,157,True,mild,sensitive
D157T,-1.6016531841460202,157,True,neutral,sensitive
D157V,-2.3116716644617203,157,True,mild,sensitive
D157W,-4.1619278504362205,157,True,impactful,sensitive
D157Y,-1.6719144215589399,157,True,neutral,sensitive
G158A,-1.5295770150412198,158,True,neutral,sensitive
G158C,-2.48917270349237,158,True,mild,sensitive
G158D,-1.3518937133562698,158,True,neutral,sensitive
G158E,-2.5626205850940003,158,True,mild,sensitive
G158F,-4.40093900630655,158,True,impactful,sensitive
G158G,0.0,158,True,neutral,sensitive
G158H,-2.65104469472948,158,True,mild,sensitive
G158I,-4.63594340317094,158,True,impactful,sensitive
G158K,-3.7631307159287997,158,True,impactful,sensitive
G158L,-3.89132609446978,158,True,impactful,sensitive
G158M,-4.16418477914155,158,True,impactful,sensitive
G158N,-1.68347145531174,158,True,neutral,sensitive
G158P,-4.98439827141153,158,True,impactful,sensitive
G158Q,-2.95413281429825,158,True,mild,sensitive
G158R,-1.920637639813,158,True,mild,sensitive
G158S,-1.74855675420911,158,True,neutral,sensitive
G158T,-2.10100662203649,158,True,mild,sensitive
G158V,-4.1760181748697995,158,True,impactful,sensitive
G158W,-4.53549519131834,158,True,impactful,sensitive
G158Y,-4.54293879925196,158,True,impactful,sensitive
V159A,-1.27131857602646,159,True,neutral,sensitive
V159C,-2.0075317541380002,159,True,mild,sensitive
V159D,-2.27204097629444,159,True,mild,sensitive
V159E,-3.16533743106647,159,True,impactful,sensitive
V159F,-1.9840369370694,159,True,mild,sensitive
V159G,-2.27184145073248,159,True,mild,sensitive
V159H,-3.18946543187977,159,True,impactful,sensitive
V159I,-0.20212082905438103,159,True,neutral,sensitive
V159K,-3.3339541450102206,159,True,impactful,sensitive
V159L,-0.850016142755135,159,True,neutral,sensitive
V159M,-0.6997000024736271,159,True,neutral,sensitive
V159N,-3.04807166466532,159,True,impactful,sensitive
V159P,-7.221570739632799,159,True,impactful,sensitive
V159Q,-3.10885894273941,159,True,impactful,sensitive
V159R,-2.84262276086991,159,True,mild,sensitive
V159S,-1.8004438667967702,159,True,neutral,sensitive
V159T,-1.99181156055089,159,True,mild,sensitive
V159V,0.0,159,True,neutral,sensitive
V159W,-4.06582407685645,159,True,impactful,sensitive
V159Y,-2.83176544031256,159,True,mild,sensitive
T160A,-0.19130506658089605,160,True,neutral,sensitive
T160C,-0.747009682133907,160,True,neutral,sensitive
T160D,-3.5973843400927,160,True,impactful,sensitive
T160E,-4.70794338512957,160,True,impactful,sensitive
T160F,-3.27837127406198,160,True,impactful,sensitive
T160G,-2.5368253693495495,160,True,mild,sensitive
T160H,-3.09604342602694,160,True,impactful,sensitive
T160I,-2.1115231110973998,160,True,mild,sensitive
T160K,-3.79092174611059,160,True,impactful,sensitive
T160L,-2.1370919401842903,160,True,mild,sensitive
T160M,-1.53765103049732,160,True,neutral,sensitive
T160N,-1.9873046443651,160,True,mild,sensitive
T160P,-1.8329914282803799,160,True,neutral,sensitive
T160Q,-3.5438186229746496,160,True,impactful,sensitive
T160R,-3.8026918946035497,160,True,impactful,sensitive
T160S,-0.026959530815211005,160,True,neutral,sensitive
T160T,0.0,160,True,neutral,sensitive
T160V,-2.28554038954833,160,True,mild,sensitive
T160W,-4.8864080728627,160,True,impactful,sensitive
T160Y,-3.28812167570464,160,True,impactful,sensitive
H161A,-1.62544253445438,161,True,neutral,sensitive
H161C,-1.37773721327028,161,True,neutral,sensitive
H161D,-1.23230595314507,161,True,neutral,sensitive
H161E,-1.47349128992503,161,True,neutral,sensitive
H161F,-2.2505734889544105,161,True,mild,sensitive
H161G,-3.98948982493429,161,True,impactful,sensitive
H161H,0.0,161,True,neutral,sensitive
H161I,-3.02096648851219,161,True,mild,sensitive
H161K,-3.4160999964798795,161,True,impactful,sensitive
H161L,-2.41523670344992,161,True,mild,sensitive
H161M,-3.27108728531371,161,True,impactful,sensitive
H161N,-0.9091474393011401,161,True,neutral,sensitive
H161P,-2.4265075274707497,161,True,mild,sensitive
H161Q,-0.40254227177397706,161,True,neutral,sensitive
H161R,-1.93990796083637,161,True,mild,sensitive
H161S,-1.5681866437112502,161,True,neutral,sensitive
H161T,-1.10205688791653,161,True,neutral,sensitive
H161V,-2.91491444563611,161,True,mild,sensitive
H161W,-3.18908568222614,161,True,impactful,sensitive
H161Y,-1.4182068129884398,161,True,neutral,sensitive
T162A,-0.19406042342664398,162,True,neutral,tolerant
T162C,-0.0592830985363126,162,True,neutral,tolerant
T162D,-2.07988917686724,162,True,mild,tolerant
T162E,-3.89536404761401,162,True,impactful,tolerant
T162F,-1.49996931018866,162,True,neutral,tolerant
T162G,-0.8669527131009671,162,True,neutral,tolerant
T162H,-2.18754024804796,162,True,mild,tolerant
T162I,-0.319688043800087,162,True,neutral,tolerant
T162K,-3.7518083726165097,162,True,impactful,tolerant
T162L,-1.10799897832693,162,True,neutral,tolerant
T162M,-0.649211610147033,162,True,neutral,tolerant
T162N,-0.7466040767107192,162,True,neutral,tolerant
T162P,-1.84820159115919,162,True,neutral,tolerant
T162Q,-3.0295348100695403,162,True,mild,tolerant
T162R,-2.90179933399674,162,True,mild,tolerant
T162S,-0.0596937806268183,162,True,neutral,tolerant
T162T,0.0,162,True,neutral,tolerant
T162V,-0.31534833401675,162,True,neutral,tolerant
T162W,-2.25737471358243,162,True,mild,tolerant
T162Y,-2.7718825377169103,162,True,mild,tolerant
V163A,-0.6161997341123691,163,True,neutral,sensitive
V163C,-1.13205610190639,163,True,neutral,sensitive
V163D,-3.35522255574462,163,True,impactful,sensitive
V163E,-3.58356097346334,163,True,impactful,sensitive
V163F,-3.34660755181081,163,True,impactful,sensitive
V163G,-3.870739497647,163,True,impactful,sensitive
V163H,-4.98404394192127,163,True,impactful,sensitive
V163I,-0.867235967213093,163,True,neutral,sensitive
V163K,-4.787739872087731,163,True,impactful,sensitive
V163L,-0.7438989302808809,163,True,neutral,sensitive
V163M,-0.578929054943121,163,True,neutral,sensitive
V163N,-3.74853723606762,163,True,impactful,sensitive
V163P,-6.0871365124505905,163,True,impactful,sensitive
V163Q,-3.46647192850648,163,True,impactful,sensitive
V163R,-4.11299369444285,163,True,impactful,sensitive
V163S,-2.5562636201331,163,True,mild,sensitive
V163T,-1.93673883105313,163,True,mild,sensitive
V163V,0.0,163,True,neutral,sensitive
V163W,-5.32256978697897,163,True,impactful,sensitive
V163Y,-3.94397017724127,163,True,impactful,sensitive
P164A,-1.97188066469112,164,True,mild,sensitive
P164C,-3.4471557582418706,164,True,impactful,sensitive
P164D,-4.70483630068835,164,True,impactful,sensitive
P164E,-5.75151824262213,164,True,impactful,sensitive
P164F,-6.38431272774361,164,True,impactful,sensitive
P164G,-4.83626019994988,164,True,impactful,sensitive
P164H,-4.65083350535682,164,True,impactful,sensitive
P164I,-2.56717522325921,164,True,mild,sensitive
P164K,-5.805489712805129,164,True,impactful,sensitive
P164L,-3.2982639879273496,164,True,impactful,sensitive
P164M,-6.40878870585891,164,True,impactful,sensitive
P164N,-4.2542860396372095,164,True,impactful,sensitive
P164P,0.0,164,True,neutral,sensitive
P164Q,-3.7436077129498,164,True,impactful,sensitive
P164R,-4.650780590931371,164,True,impactful,sensitive
P164S,-1.9014469207904101,164,True,mild,sensitive
P164T,-2.5637531217220695,164,True,mild,sensitive
P164V,-3.61248298942176,164,True,impactful,sensitive
P164W,-5.51796074005149,164,True,impactful,sensitive
P164Y,-7.2334619179100095,164,True,impactful,sensitive
I165A,-2.79456357299244,165,True,mild,sensitive
I165C,-2.77814475642379,165,True,mild,sensitive
I165D,-5.00199509694967,165,True,impactful,sensitive
I165E,-5.809744862758981,165,True,impactful,sensitive
I165F,-1.93712718906924,165,True,mild,sensitive
I165G,-3.82439600131015,165,True,impactful,sensitive
I165H,-4.203599311431581,165,True,impactful,sensitive
I165I,0.0,165,True,neutral,sensitive
I165K,-5.427138458125389,165,True,impactful,sensitive
I165L,-0.975844766995883,165,True,neutral,sensitive
I165M,-0.7146439265345891,165,True,neutral,sensitive
I165N,-4.13700099333303,165,True,impactful,sensitive
I165P,-5.50810688580023,165,True,impactful,sensitive
I165Q,-4.1990966677711405,165,True,impactful,sensitive
I165R,-4.58815557516193,165,True,impactful,sensitive
I165S,-2.7086415016915697,165,True,mild,sensitive
I165T,-1.3650977442582601,165,True,neutral,sensitive
I165V,-0.141266429404091,165,True,neutral,sensitive
I165W,-5.14956868684054,165,True,impactful,sensitive
I165Y,-3.6227634041867502,165,True,impactful,sensitive
Y166A,-2.76674152111137,166,True,mild,sensitive
Y166C,-0.836115329434758,166,True,neutral,sensitive
Y166D,-1.48416418535285,166,True,neutral,sensitive
Y166E,-2.69565027504675,166,True,mild,sensitive
Y166F,-0.239485153759936,166,True,neutral,sensitive
Y166G,-4.549607046967281,166,True,impactful,sensitive
Y166H,-1.35641706371908,166,True,neutral,sensitive
Y166I,-2.30418768420201,166,True,mild,sensitive
Y166K,-3.5399737846887303,166,True,impactful,sensitive
Y166L,-1.96567048211802,166,True,mild,sensitive
Y166M,-2.70610241707367,166,True,mild,sensitive
Y166N,-1.34713428629853,166,True,neutral,sensitive
Y166P,-6.94542499170196,166,True,impactful,sensitive
Y166Q,-2.6430334646672002,166,True,mild,sensitive
Y166R,-3.20401822552774,166,True,impactful,sensitive
Y166S,-1.70865254403222,166,True,neutral,sensitive
Y166T,-1.3918191139779499,166,True,neutral,sensitive
Y166V,-2.21419173129871,166,True,mild,sensitive
Y166W,-1.6957972201834899,166,True,neutral,sensitive
Y166Y,0.0,166,True,neutral,sensitive
E167A,-1.4998999434390101,167,True,neutral,sensitive
E167C,-4.232757494729269,167,True,impactful,sensitive
E167D,-0.28559862555037496,167,True,neutral,sensitive
E167E,0.0,167,True,neutral,sensitive
E167F,-4.88630359808974,167,True,impactful,sensitive
E167G,-2.46287687407731,167,True,mild,sensitive
E167H,-1.57459993241534,167,True,neutral,sensitive
E167I,-4.03141263705129,167,True,impactful,sensitive
E167K,-1.85707116473354,167,True,neutral,sensitive
E167L,-3.12121141417708,167,True,impactful,sensitive
E167M,-3.7151717920946097,167,True,impactful,sensitive
E167N,-0.943562982532325,167,True,neutral,sensitive
E167P,-4.1604703975346,167,True,impactful,sensitive
E167Q,-0.649357529964445,167,True,neutral,sensitive
E167R,-2.5179607116605203,167,True,mild,sensitive
E167S,-1.86980296380916,167,True,neutral,sensitive
E167T,-2.90035057036066,167,True,mild,sensitive
E167V,-2.79940869955387,167,True,mild,sensitive
E167W,-4.79793586688197,167,True,impactful,sensitive
E167Y,-4.44547780150957,167,True,impactful,sensitive
G168A,-1.59678682934412,168,True,neutral,sensitive
G168C,-2.8136752920492,168,True,mild,sensitive
G168D,-1.9121471246997401,168,True,mild,sensitive
G168E,-2.89462852944122,168,True,mild,sensitive
G168F,-4.51661488699525,168,True,impactful,sensitive
G168G,0.0,168,True,neutral,sensitive
G168H,-4.517512241970111,168,True,impactful,sensitive
G168I,-4.71075188923031,168,True,impactful,sensitive
G168K,-5.49144661274395,168,True,impactful,sensitive
G168L,-5.36736654939594,168,True,impactful,sensitive
G168M,-4.65314547949655,168,True,impactful,sensitive
G168N,-3.2749783744212504,168,True,impactful,sensitive
G168P,-5.4552204394694295,168,True,impactful,sensitive
G168Q,-3.2907289381186495,168,True,impactful,sensitive
G168R,-2.68161596942323,168,True,mild,sensitive
G168S,-2.52075766538481,168,True,mild,sensitive
G168T,-3.4597503801982796,168,True,impactful,sensitive
G168V,-3.3291894599082403,168,True,impactful,sensitive
G168W,-4.843635900715401,168,True,impactful,sensitive
G168Y,-4.744321621214571,168,True,impactful,sensitive
Y169A,-2.8113957642056397,169,True,mild,sensitive
Y169C,-1.03895357082856,169,True,neutral,sensitive
Y169D,-2.2292120068434103,169,True,mild,sensitive
Y169E,-2.29329636231131,169,True,mild,sensitive
Y169F,-0.21992934079636997,169,True,neutral,sensitive
Y169G,-3.1915917480565,169,True,impactful,sensitive
Y169H,-1.24799591362655,169,True,neutral,sensitive
Y169I,-2.7069350002162405,169,True,mild,sensitive
Y169K,-2.05321667527324,169,True,mild,sensitive
Y169L,-1.9054954278773897,169,True,mild,sensitive
Y169M,-2.6539980736053796,169,True,mild,sensitive
Y169N,-0.9530714304566601,169,True,neutral,sensitive
Y169P,-5.394331030044559,169,True,impactful,sensitive
Y169Q,-1.79696482400747,169,True,neutral,sensitive
Y169R,-2.06861915217874,169,True,mild,sensitive
Y169S,-1.34419801996995,169,True,neutral,sensitive
Y169T,-2.50941199663786,169,True,mild,sensitive
Y169V,-2.24286186646063,169,True,mild,sensitive
Y169W,-1.5504099509498102,169,True,neutral,sensitive
Y169Y,0.0,169,True,neutral,sensitive
A170A,0.0,170,True,neutral,tolerant
A170C,-0.24075018849142701,170,True,neutral,tolerant
A170D,-2.03208506582838,170,True,mild,tolerant
A170E,-1.82376036787007,170,True,neutral,tolerant
A170F,-2.01148632962999,170,True,mild,tolerant
A170G,-1.4686107271548,170,True,neutral,tolerant
A170H,-1.49127852625575,170,True,neutral,tolerant
A170I,-1.3407803638404499,170,True,neutral,tolerant
A170K,-3.12568771095934,170,True,impactful,tolerant
A170L,-1.4973342657319701,170,True,neutral,tolerant
A170M,-1.57816052329172,170,True,neutral,tolerant
A170N,-2.7340053586731203,170,True,mild,tolerant
A170P,-1.2813664156723201,170,True,neutral,tolerant
A170Q,-2.29871303342876,170,True,mild,tolerant
A170R,-1.92031333439285,170,True,mild,tolerant
A170S,-0.15626088861792903,170,True,neutral,tolerant
A170T,-0.36672400372971103,170,True,neutral,tolerant
A170V,-1.08062240830819,170,True,neutral,tolerant
A170W,-2.4003020201455296,170,True,mild,tolerant
A170Y,-2.73868821596654,170,True,mild,tolerant
L171A,-3.1645886093738502,171,True,impactful,sensitive
L171C,-2.90950167205113,171,True,mild,sensitive
L171D,-3.1811128008115297,171,True,impactful,sensitive
L171E,-2.40636946756829,171,True,mild,sensitive
L171F,-1.45994942076563,171,True,neutral,sensitive
L171G,-5.3331148990309005,171,True,impactful,sensitive
L171H,-3.49219365612625,171,True,impactful,sensitive
L171I,-0.443814541488626,171,True,neutral,sensitive
L171K,-3.5375236453200096,171,True,impactful,sensitive
L171L,0.0,171,True,neutral,sensitive
L171M,-0.367921665003681,171,True,neutral,sensitive
L171N,-2.57128632004612,171,True,mild,sensitive
L171P,-3.0482501086855502,171,True,impactful,sensitive
L171Q,-2.6995413794240295,171,True,mild,sensitive
L171R,-2.80412160615354,171,True,mild,sensitive
L171S,-2.24619770807542,171,True,mild,sensitive
L171T,-2.75982447534252,171,True,mild,sensitive
L171V,-0.35154158692345694,171,True,neutral,sensitive
L171W,-3.50489181925112,171,True,impactful,sensitive
L171Y,-2.85336837215574,171,True,mild,sensitive
P172A,-1.5287532506119499,172,True,neutral,tolerant
P172C,-2.0297863165659,172,True,mild,tolerant
P172D,-1.71954961618543,172,True,neutral,tolerant
P172E,-1.84844187251402,172,True,neutral,tolerant
P172F,-3.28883291894309,172,True,impactful,tolerant
P172G,-2.1532588680683897,172,True,mild,tolerant
P172H,-1.59609998319724,172,True,neutral,tolerant
P172I,-2.69267056949041,172,True,mild,tolerant
P172K,-1.17167118260452,172,True,neutral,tolerant
P172L,-1.8837300864095,172,True,mild,tolerant
P172M,-3.1228677281347994,172,True,impactful,tolerant
P172N,-0.972322516168875,172,True,neutral,tolerant
P172P,0.0,172,True,neutral,tolerant
P172Q,-1.5984605020574998,172,True,neutral,tolerant
P172R,-1.5471937491329,172,True,neutral,tolerant
P172S,-0.792584908217271,172,True,neutral,tolerant
P172T,-0.9711155862547309,172,True,neutral,tolerant
P172V,-2.74743418155712,172,True,mild,tolerant
P172W,-3.9416352000386,172,True,impactful,tolerant
P172Y,-2.5187831503326,172,True,mild,tolerant
H173A,-1.0230748721361,173,True,neutral,tolerant
H173C,-2.88442867235556,173,True,mild,tolerant
H173D,-1.1013953468350701,173,True,neutral,tolerant
H173E,-1.20908390825025,173,True,neutral,tolerant
H173F,-2.04188633192963,173,True,mild,tolerant
H173G,-1.76956546754985,173,True,neutral,tolerant
H173H,0.0,173,True,neutral,tolerant
H173I,-3.4021534655267995,173,True,impactful,tolerant
H173K,-1.87416815820086,173,True,neutral,tolerant
H173L,-1.81138741593397,173,True,neutral,tolerant
H173M,-1.94809253146328,173,True,mild,tolerant
H173N,-0.802003831641889,173,True,neutral,tolerant
H173P,-1.93095774405576,173,True,mild,tolerant
H173Q,-0.367964005203536,173,True,neutral,tolerant
H173R,-1.4461578868892802,173,True,neutral,tolerant
H173S,-0.9834811622221479,173,True,neutral,tolerant
H173T,-2.0690680976722,173,True,mild,tolerant
H173V,-3.01236207025892,173,True,mild,tolerant
H173W,-2.75738648009151,173,True,mild,tolerant
H173Y,-1.60830391568321,173,True,neutral,tolerant
A174A,0.0,174,True,neutral,sensitive
A174C,-1.02685196200461,174,True,neutral,sensitive
A174D,-1.86200534691493,174,True,neutral,sensitive
A174E,-3.1097537601624,174,True,impactful,sensitive
A174F,-3.90048758778334,174,True,impactful,sensitive
A174G,-1.28109668344402,174,True,neutral,sensitive
A174H,-3.1727491018924505,174,True,impactful,sensitive
A174I,-2.7546004448816204,174,True,mild,sensitive
A174K,-3.5531096854107003,174,True,impactful,sensitive
A174L,-2.24541731178968,174,True,mild,sensitive
A174M,-2.96955018730215,174,True,mild,sensitive
A174N,-2.31463685550287,174,True,mild,sensitive
A174P,-2.4159882076936,174,True,mild,sensitive
A174Q,-2.41862108286838,174,True,mild,sensitive
A174R,-3.66706559025395,174,True,impactful,sensitive
A174S,-0.303626177108108,174,True,neutral,sensitive
A174T,-0.517914171059872,174,True,neutral,sensitive
A174V,-1.28939436127102,174,True,neutral,sensitive
A174W,-4.866697507822519,174,True,impactful,sensitive
A174Y,-3.8714961760254503,174,True,impactful,sensitive
I175A,-1.9701443455604,175,True,mild,sensitive
I175C,-1.54140070954224,175,True,neutral,sensitive
I175D,-2.62352031757004,175,True,mild,sensitive
I175E,-3.86033589923738,175,True,impactful,sensitive
I175F,-1.92687576395752,175,True,mild,sensitive
I175G,-3.97756458772816,175,True,impactful,sensitive
I175H,-3.76950182372236,175,True,impactful,sensitive
I175I,0.0,175,True,neutral,sensitive
I175K,-3.9679954430774997,175,True,impactful,sensitive
I175L,-0.983721023742532,175,True,neutral,sensitive
I175M,-0.5359383728624829,175,True,neutral,sensitive
I175N,-3.5160299577769303,175,True,impactful,sensitive
I175P,-3.20448021580852,175,True,impactful,sensitive
I175Q,-3.79064979018072,175,True,impactful,sensitive
I175R,-3.65969687532376,175,True,impactful,sensitive
I175S,-1.07013376838398,175,True,neutral,sensitive
I175T,-0.741428475486771,175,True,neutral,sensitive
I175V,-0.261011744047951,175,True,neutral,sensitive
I175W,-3.7392240323922206,175,True,impactful,sensitive
I175Y,-3.31807063609474,175,True,impactful,sensitive
L176A,-0.47192307134646705,176,True,neutral,tolerant
L176C,-0.634219450020745,176,True,neutral,tolerant
L176D,-0.737245538786305,176,True,neutral,tolerant
L176E,-0.6075600418331779,176,True,neutral,tolerant
L176F,-0.7116544043703091,176,True,neutral,tolerant
L176G,-0.969550873534155,176,True,neutral,tolerant
L176H,-0.592938934285104,176,True,neutral,tolerant
L176I,-0.0862993790736796,176,True,neutral,tolerant
L176K,-0.55255625506381,176,True,neutral,tolerant
L176L,0.0,176,True,neutral,tolerant
L176M,-0.0470247922591093,176,True,neutral,tolerant
L176N,-0.5902886516750361,176,True,neutral,tolerant
L176P,-2.4604475906576297,176,True,mild,tolerant
L176Q,-0.37758992075380393,176,True,neutral,tolerant
L176R,-0.532495749424551,176,True,neutral,tolerant
L176S,-0.504233564893013,176,True,neutral,tolerant
L176T,-0.57736910711675,176,True,neutral,tolerant
L176V,-0.0704665073321901,176,True,neutral,tolerant
L176W,-1.79204075949164,176,True,neutral,tolerant
L176Y,-1.3602726409127501,176,True,neutral,tolerant
R177A,-3.03933426190934,177,True,mild,sensitive
R177C,-1.34535849770372,177,True,neutral,sensitive
R177D,-3.73545545728874,177,True,impactful,sensitive
R177E,-2.4230178705897503,177,True,mild,sensitive
R177F,-3.95843406340296,177,True,impactful,sensitive
R177G,-2.17151028422204,177,True,mild,sensitive
R177H,-0.905760439070108,177,True,neutral,sensitive
R177I,-2.7364737608227,177,True,mild,sensitive
R177K,-0.880128027059347,177,True,neutral,sensitive
R177L,-3.1846032432371802,177,True,impactful,sensitive
R177M,-3.4230541669864305,177,True,impactful,sensitive
R177N,-2.3403430898633997,177,True,mild,sensitive
R177P,-2.13137444139385,177,True,mild,sensitive
R177Q,-1.3277905331664799,177,True,neutral,sensitive
R177R,0.0,177,True,neutral,sensitive
R177S,-1.2815964934986002,177,True,neutral,sensitive
R177T,-1.70988629540564,177,True,neutral,sensitive
R177V,-2.69584602991785,177,True,mild,sensitive
R177W,-2.63411911260637,177,True,mild,sensitive
R177Y,-2.88734325322533,177,True,mild,sensitive
L178A,-2.0231813766550903,178,True,mild,tolerant
L178C,-1.79738945101491,178,True,neutral,tolerant
L178D,-3.4898443488141204,178,True,impactful,tolerant
L178E,-2.79431376738123,178,True,mild,tolerant
L178F,-1.80832186461876,178,True,neutral,tolerant
L178G,-3.70078419805533,178,True,impactful,tolerant
L178H,-1.82124434089939,178,True,neutral,tolerant
L178I,-0.0867194070754101,178,True,neutral,tolerant
L178K,-3.2816694555703503,178,True,impactful,tolerant
L178L,0.0,178,True,neutral,tolerant
L178M,-0.105777230167696,178,True,neutral,tolerant
L178N,-1.8678272025350002,178,True,neutral,tolerant
L178P,-3.3847373786144104,178,True,impactful,tolerant
L178Q,-1.19464298166422,178,True,neutral,tolerant
L178R,-3.01413069410832,178,True,mild,tolerant
L178S,-1.71799691613966,178,True,neutral,tolerant
L178T,-1.35135181787436,178,True,neutral,tolerant
L178V,-0.287102491900991,178,True,neutral,tolerant
L178W,-2.39132454411142,178,True,mild,tolerant
L178Y,-2.333449020578,178,True,mild,tolerant
D179A,-0.9478757378680991,179,True,neutral,sensitive
D179C,-1.58746955384177,179,True,neutral,sensitive
D179D,0.0,179,True,neutral,sensitive
D179E,-0.8434752643186791,179,True,neutral,sensitive
D179F,-1.85898748193035,179,True,neutral,sensitive
D179G,-1.6835920257966999,179,True,neutral,sensitive
D179H,-0.5653523780725981,179,True,neutral,sensitive
D179I,-2.7990979458902996,179,True,mild,sensitive
D179K,-2.33757734606515,179,True,mild,sensitive
D179L,-2.47434919081226,179,True,mild,sensitive
D179M,-3.48622124473256,179,True,impactful,sensitive
D179N,-0.215292486034456,179,True,neutral,sensitive
D179P,-1.55333410650388,179,True,neutral,sensitive
D179Q,-1.2211653790194699,179,True,neutral,sensitive
D179R,-2.8466634965130297,179,True,mild,sensitive
D179S,-1.97708834698344,179,True,mild,sensitive
D179T,-2.3567229183840697,179,True,mild,sensitive
D179V,-2.43000794965618,179,True,mild,sensitive
D179W,-5.13849342646979,179,True,impactful,sensitive
D179Y,-2.3337508014811403,179,True,mild,sensitive
L180A,-2.8907786858835096,180,True,mild,sensitive
L180C,-2.97897779771277,180,True,mild,sensitive
L180D,-4.79018071805655,180,True,impactful,sensitive
L180E,-4.75863830117347,180,True,impactful,sensitive
L180F,-1.30511814930901,180,True,neutral,sensitive
L180G,-3.7170840967880396,180,True,impactful,sensitive
L180H,-3.54479034604005,180,True,impactful,sensitive
L180I,-0.24894654075117004,180,True,neutral,sensitive
L180K,-3.9900784607701403,180,True,impactful,sensitive
L180L,0.0,180,True,neutral,sensitive
L180M,-0.283420753473016,180,True,neutral,sensitive
L180N,-3.75939324636855,180,True,impactful,sensitive
L180P,-2.86704622146044,180,True,mild,sensitive
L180Q,-3.7945481390107,180,True,impactful,sensitive
L180R,-2.6971373392402,180,True,mild,sensitive
L180S,-2.71772716570086,180,True,mild,sensitive
L180T,-2.45066995717207,180,True,mild,sensitive
L180V,-0.824950230712569,180,True,neutral,sensitive
L180W,-2.0609315003354,180,True,mild,sensitive
L180Y,-2.1133803138446496,180,True,mild,sensitive
A181A,0.0,181,True,neutral,sensitive
A181C,-1.35002306538737,181,True,neutral,sensitive
A181D,-3.08607955540707,181,True,impactful,sensitive
A181E,-5.6925188086202,181,True,impactful,sensitive
A181F,-6.28958502971804,181,True,impactful,sensitive
A181G,-1.23706089976205,181,True,neutral,sensitive
A181H,-5.734009701729339,181,True,impactful,sensitive
A181I,-3.66983501698267,181,True,impactful,sensitive
A181K,-4.87643213698618,181,True,impactful,sensitive
A181L,-4.83125251285672,181,True,impactful,sensitive
A181M,-5.992508426008951,181,True,impactful,sensitive
A181N,-4.42437552287481,181,True,impactful,sensitive
A181P,-4.700720748237719,181,True,impactful,sensitive
A181Q,-6.27797967073418,181,True,impactful,sensitive
A181R,-4.81400974592242,181,True,impactful,sensitive
A181S,-1.22323054799553,181,True,neutral,sensitive
A181T,-0.650795796999763,181,True,neutral,sensitive
A181V,-2.29185923584627,181,True,mild,sensitive
A181W,-6.78774952034613,181,True,impactful,sensitive
A181Y,-4.92295463731934,181,True,impactful,sensitive
G182A,-4.4592136303615595,182,True,impactful,sensitive
G182C,-5.75720224073979,182,True,impactful,sensitive
G182D,-4.393072408859,182,True,impactful,sensitive
G182E,-4.8433740171499,182,True,impactful,sensitive
G182F,-5.94199234198623,182,True,impactful,sensitive
G182G,0.0,182,True,neutral,sensitive
G182H,-7.178253427054339,182,True,impactful,sensitive
G182I,-6.71750382077709,182,True,impactful,sensitive
G182K,-5.31387104713942,182,True,impactful,sensitive
G182L,-5.72206554466732,182,True,impactful,sensitive
G182M,-6.2452766604427,182,True,impactful,sensitive
G182N,-6.57642366089358,182,True,impactful,sensitive
G182P,-7.70430630566982,182,True,impactful,sensitive
G182Q,-7.178253427054339,182,True,impactful,sensitive
G182R,-4.540426906321099,182,True,impactful,sensitive
G182S,-2.2298712197459998,182,True,mild,sensitive
G182T,-5.649040280113059,182,True,impactful,sensitive
G182V,-3.38853311366405,182,True,impactful,sensitive
G182W,-5.63913192285463,182,True,impactful,sensitive
G182Y,-7.1238135061888,182,True,impactful,sensitive
R183A,-1.63775591283216,183,True,neutral,tolerant
R183C,-1.29900052542522,183,True,neutral,tolerant
R183D,-1.76756487082132,183,True,neutral,tolerant
R183E,-1.83216387330031,183,True,neutral,tolerant
R183F,-2.78356590533161,183,True,mild,tolerant
R183G,-1.8806959175438798,183,True,neutral,tolerant
R183H,-0.82225719431526,183,True,neutral,tolerant
R183I,-2.44469564681469,183,True,mild,tolerant
R183K,-1.10780750070976,183,True,neutral,tolerant
R183L,-1.9363080613530401,183,True,mild,tolerant
R183M,-2.7729109188846,183,True,mild,tolerant
R183N,-1.83733146224952,183,True,neutral,tolerant
R183P,-3.74767684750813,183,True,impactful,tolerant
R183Q,-0.8159943253252699,183,True,neutral,tolerant
R183R,0.0,183,True,neutral,tolerant
R183S,-1.25285853216503,183,True,neutral,tolerant
R183T,-1.77678083467556,183,True,neutral,tolerant
R183V,-2.3395137118912004,183,True,mild,tolerant
R183W,-1.67514077887574,183,True,neutral,tolerant
R183Y,-2.5935736229718502,183,True,mild,tolerant
D184A,-1.78385689690317,184,True,neutral,sensitive
D184C,-2.8414645275625,184,True,mild,sensitive
D184D,0.0,184,True,neutral,sensitive
D184E,-0.13148579024627902,184,True,neutral,sensitive
D184F,-3.23958623162804,184,True,impactful,sensitive
D184G,-2.06960147305783,184,True,mild,sensitive
D184H,-0.628488203283551,184,True,neutral,sensitive
D184I,-3.31461278854434,184,True,impactful,sensitive
D184K,-2.73598968882956,184,True,mild,sensitive
D184L,-2.64637351424863,184,True,mild,sensitive
D184M,-3.39226795894118,184,True,impactful,sensitive
D184N,-0.297424872850697,184,True,neutral,sensitive
D184P,-4.42924602417919,184,True,impactful,sensitive
D184Q,-0.721319492203073,184,True,neutral,sensitive
D184R,-3.4649073171227203,184,True,impactful,sensitive
D184S,-2.02048102416195,184,True,mild,sensitive
D184T,-2.5122365127151403,184,True,mild,sensitive
D184V,-2.3595175663028596,184,True,mild,sensitive
D184W,-4.32790868598773,184,True,impactful,sensitive
D184Y,-1.54173842995756,184,True,neutral,sensitive
L185A,-3.2359073652392407,185,True,impactful,sensitive
L185C,-2.16897771345079,185,True,mild,sensitive
L185D,-5.54429359502192,185,True,impactful,sensitive
L185E,-5.411893770179269,185,True,impactful,sensitive
L185F,-3.5701103402289998,185,True,impactful,sensitive
L185G,-4.6104618872293095,185,True,impactful,sensitive
L185H,-4.496535325902231,185,True,impactful,sensitive
L185I,-0.421889591842506,185,True,neutral,sensitive
L185K,-6.00787712702392,185,True,impactful,sensitive
L185L,0.0,185,True,neutral,sensitive
L185M,-0.28197293002122803,185,True,neutral,sensitive
L185N,-5.29491832271896,185,True,impactful,sensitive
L185P,-2.3220671528312202,185,True,mild,sensitive
L185Q,-4.52665929445103,185,True,impactful,sensitive
L185R,-5.26385093712756,185,True,impactful,sensitive
L185S,-2.49508837728294,185,True,mild,sensitive
L185T,-3.6835956346552203,185,True,impactful,sensitive
L185V,-0.6651607672535279,185,True,neutral,sensitive
L185W,-5.75541859939862,185,True,impactful,sensitive
L185Y,-5.4280716826026705,185,True,impactful,sensitive
T186A,-0.925095477090727,186,True,neutral,sensitive
T186C,-2.64998064180844,186,True,mild,sensitive
T186D,-2.40319125567102,186,True,mild,sensitive
T186E,-3.6212796014260094,186,True,impactful,sensitive
T186F,-5.7281122851582005,186,True,impactful,sensitive
T186G,-5.827628405950709,186,True,impactful,sensitive
T186H,-4.40823996233198,186,True,impactful,sensitive
T186I,-2.5923639037648902,186,True,mild,sensitive
T186K,-2.11883279549205,186,True,mild,sensitive
T186L,-3.8079715476258498,186,True,impactful,sensitive
T186M,-2.9729350009604003,186,True,mild,sensitive
T186N,-1.80167975077815,186,True,neutral,sensitive
T186P,-2.41661101612116,186,True,mild,sensitive
T186Q,-3.5778185758402206,186,True,impactful,sensitive
T186R,-3.7544756215015203,186,True,impactful,sensitive
T186S,-0.42043857803278206,186,True,neutral,sensitive
T186T,0.0,186,True,neutral,sensitive
T186V,-3.7042396517716,186,True,impactful,sensitive
T186W,-6.85366706336595,186,True,impactful,sensitive
T186Y,-5.35525474703779,186,True,impactful,sensitive
D187A,-0.628612642143474,187,True,neutral,tolerant
D187C,-1.5372011629280502,187,True,neutral,tolerant
D187D,0.0,187,True,neutral,tolerant
D187E,-0.105918421792285,187,True,neutral,tolerant
D187F,-2.61639018617906,187,True,mild,tolerant
D187G,-1.16534932332374,187,True,neutral,tolerant
D187H,-0.26567105160467697,187,True,neutral,tolerant
D187I,-1.3040573621740401,187,True,neutral,tolerant
D187K,-0.8547158717677951,187,True,neutral,tolerant
D187L,-1.23053834770604,187,True,neutral,tolerant
D187M,-1.9038371252594,187,True,mild,tolerant
D187N,-0.106841146753438,187,True,neutral,tolerant
D187P,-3.44709467419116,187,True,impactful,tolerant
D187Q,-0.405751128563497,187,True,neutral,tolerant
D187R,-0.9111791838169971,187,True,neutral,tolerant
D187S,-0.94094038756008,187,True,neutral,tolerant
D187T,-1.10726229870916,187,True,neutral,tolerant
D187V,-1.52537944770663,187,True,neutral,tolerant
D187W,-1.6317923573116202,187,True,neutral,tolerant
D187Y,-1.1996350621496399,187,True,neutral,tolerant
Y188A,-0.922919874791157,188,True,neutral,tolerant
Y188C,-0.9123559316352801,188,True,neutral,tolerant
Y188D,-1.7699041333046102,188,True,neutral,tolerant
Y188E,-1.91358224326955,188,True,mild,tolerant
Y188F,-0.265335857099102,188,True,neutral,tolerant
Y188G,-1.96077935820974,188,True,mild,tolerant
Y188H,-0.604595838097007,188,True,neutral,tolerant
Y188I,-2.7206635082516004,188,True,mild,tolerant
Y188K,-1.28227405017558,188,True,neutral,tolerant
Y188L,-2.08916922400307,188,True,mild,tolerant
Y188M,-2.65272842574954,188,True,mild,tolerant
Y188N,-0.6662686664693841,188,True,neutral,tolerant
Y188P,-5.11031077617537,188,True,impactful,tolerant
Y188Q,-0.911918300838155,188,True,neutral,tolerant
Y188R,-1.41748087997727,188,True,neutral,tolerant
Y188S,-0.9139694924785571,188,True,neutral,tolerant
Y188T,-1.62047108099399,188,True,neutral,tolerant
Y188V,-1.9439339318148798,188,True,mild,tolerant
Y188W,-0.297379029474468,188,True,neutral,tolerant
Y188Y,0.0,188,True,neutral,tolerant
L189A,-2.08210278088115,189,True,mild,sensitive
L189C,-1.85784709138788,189,True,neutral,sensitive
L189D,-5.70954261457055,189,True,impactful,sensitive
L189E,-5.11350861068392,189,True,impactful,sensitive
L189F,-1.3098881717308202,189,True,neutral,sensitive
L189G,-5.176480640710929,189,True,impactful,sensitive
L189H,-3.7660516615738304,189,True,impactful,sensitive
L189I,-0.953721493561386,189,True,neutral,sensitive
L189K,-5.252100469650481,189,True,impactful,sensitive
L189L,0.0,189,True,neutral,sensitive
L189M,-0.0878221831628375,189,True,neutral,sensitive
L189N,-5.6589649055289195,189,True,impactful,sensitive
L189P,-2.2075490383036,189,True,mild,sensitive
L189Q,-3.13003807816764,189,True,impactful,sensitive
L189R,-4.62501196263548,189,True,impactful,sensitive
L189S,-3.2819067138891898,189,True,impactful,sensitive
L189T,-2.89780785332075,189,True,mild,sensitive
L189V,-1.66669129348584,189,True,neutral,sensitive
L189W,-2.43177912668812,189,True,mild,sensitive
L189Y,-3.51280827523909,189,True,impactful,sensitive
M190A,-0.6927635862350041,190,True,neutral,tolerant
M190C,-0.909473731392663,190,True,neutral,tolerant
M190D,-2.2344139993691,190,True,mild,tolerant
M190E,-1.53807510341746,190,True,neutral,tolerant
M190F,-2.15582399530137,190,True,mild,tolerant
M190G,-1.34764608388252,190,True,neutral,tolerant
M190H,-1.8135952980833,190,True,neutral,tolerant
M190I,-0.21380183212417103,190,True,neutral,tolerant
M190K,-0.7311194342044459,190,True,neutral,tolerant
M190L,-0.573838664526281,190,True,neutral,tolerant
M190M,0.0,190,True,neutral,tolerant
M190N,-1.32840959024961,190,True,neutral,tolerant
M190P,-4.222510973947379,190,True,impactful,tolerant
M190Q,-0.585574603571827,190,True,neutral,tolerant
M190R,-0.8299556717358809,190,True,neutral,tolerant
M190S,-0.8932557689143409,190,True,neutral,tolerant
M190T,-0.675560222612372,190,True,neutral,tolerant
M190V,-0.186236326177488,190,True,neutral,tolerant
M190W,-2.23215686019266,190,True,mild,tolerant
M190Y,-2.59547538179342,190,True,mild,tolerant
K191A,-2.0103443865171,191,True,mild,tolerant
K191C,-2.6694658505851803,191,True,mild,tolerant
K191D,-1.5082187332244599,191,True,neutral,tolerant
K191E,-1.21360018791476,191,True,neutral,tolerant
K191F,-2.84188651266989,191,True,mild,tolerant
K191G,-1.88284757743521,191,True,mild,tolerant
K191H,-1.04434465354725,191,True,neutral,tolerant
K191I,-1.21415193986627,191,True,neutral,tolerant
K191K,0.0,191,True,neutral,tolerant
K191L,-1.21759039135928,191,True,neutral,tolerant
K191M,-1.1769526131328998,191,True,neutral,tolerant
K191N,-0.7561934870730451,191,True,neutral,tolerant
K191P,-5.1459621025255196,191,True,impactful,tolerant
K191Q,-1.2676914860202,191,True,neutral,tolerant
K191R,-0.217475481895564,191,True,neutral,tolerant
K191S,-0.9575317605803509,191,True,neutral,tolerant
K191T,-0.793734246281424,191,True,neutral,tolerant
K191V,-1.04742701841785,191,True,neutral,tolerant
K191W,-2.82204793390106,191,True,mild,tolerant
K191Y,-2.7592872708109097,191,True,mild,tolerant
I192A,-2.9020227832696897,192,True,mild,sensitive
I192C,-1.09629549425299,192,True,neutral,sensitive
I192D,-2.0910158684563,192,True,mild,sensitive
I192E,-2.67742242343381,192,True,mild,sensitive
I192F,-1.85064914088238,192,True,neutral,sensitive
I192G,-3.62330511015219,192,True,impactful,sensitive
I192H,-1.5978460809108899,192,True,neutral,sensitive
I192I,0.0,192,True,neutral,sensitive
I192K,-3.14622350375861,192,True,impactful,sensitive
I192L,-0.110759696722174,192,True,neutral,sensitive
I192M,-0.547548213280495,192,True,neutral,sensitive
I192N,-1.2318311047048798,192,True,neutral,sensitive
I192P,-5.83497629733919,192,True,impactful,sensitive
I192Q,-2.5849850230328597,192,True,mild,sensitive
I192R,-2.5377158397541897,192,True,mild,sensitive
I192S,-1.7049591773489299,192,True,neutral,sensitive
I192T,-1.38809661323154,192,True,neutral,sensitive
I192V,-0.0526086322553573,192,True,neutral,sensitive
I192W,-3.49244108025967,192,True,impactful,sensitive
I192Y,-2.8881844814286697,192,True,mild,sensitive
L193A,-3.21904774437542,193,True,impactful,sensitive
L193C,-2.98094282221056,193,True,mild,sensitive
L193D,-5.34136186805209,193,True,impactful,sensitive
L193E,-4.93362978184817,193,True,impactful,sensitive
L193F,-1.8688578088973502,193,True,neutral,sensitive
L193G,-6.63532707867822,193,True,impactful,sensitive
L193H,-4.37920763574946,193,True,impactful,sensitive
L193I,-0.8414485664368341,193,True,neutral,sensitive
L193K,-4.34555813740395,193,True,impactful,sensitive
L193L,0.0,193,True,neutral,sensitive
L193M,-0.173227123384215,193,True,neutral,sensitive
L193N,-3.9492579757149904,193,True,impactful,sensitive
L193P,-3.5111344816949503,193,True,impactful,sensitive
L193Q,-3.59886994267931,193,True,impactful,sensitive
L193R,-3.44617678876967,193,True,impactful,sensitive
L193S,-3.2479310958124303,193,True,impactful,sensitive
L193T,-3.0833204828869105,193,True,impactful,sensitive
L193V,-1.04085033015614,193,True,neutral,sensitive
L193W,-3.53945783833292,193,True,impactful,sensitive
L193Y,-3.26600451493505,193,True,impactful,sensitive
T194A,-0.21876572613736,194,True,neutral,tolerant
T194C,-0.338959017106015,194,True,neutral,tolerant
T194D,-1.3527823071373701,194,True,neutral,tolerant
T194E,-1.7553961330700703,194,True,neutral,tolerant
T194F,-2.30059571621551,194,True,mild,tolerant
T194G,-1.3755542011613997,194,True,neutral,tolerant
T194H,-0.8369361743893721,194,True,neutral,tolerant
T194I,-0.790653070680674,194,True,neutral,tolerant
T194K,-0.772941639567051,194,True,neutral,tolerant
T194L,-0.908226478869133,194,True,neutral,tolerant
T194M,-0.514853153822887,194,True,neutral,tolerant
T194N,-0.7736274563414781,194,True,neutral,tolerant
T194P,-1.77821305039045,194,True,neutral,tolerant
T194Q,-1.03417561509527,194,True,neutral,tolerant
T194R,-0.7304336211808989,194,True,neutral,tolerant
T194S,-0.2758247789332511,194,True,neutral,tolerant
T194T,0.0,194,True,neutral,tolerant
T194V,-0.903542032099568,194,True,neutral,tolerant
T194W,-3.03704389689735,194,True,mild,tolerant
T194Y,-1.72795180567015,194,True,neutral,tolerant
E195A,-1.97717920191556,195,True,mild,tolerant
E195C,-3.08668366067546,195,True,impactful,tolerant
E195D,-0.366556932903791,195,True,neutral,tolerant
E195E,0.0,195,True,neutral,tolerant
E195F,-3.29071835980082,195,True,impactful,tolerant
E195G,-1.74600341909506,195,True,neutral,tolerant
E195H,-1.1802951227183403,195,True,neutral,tolerant
E195I,-2.8035481356769103,195,True,mild,tolerant
E195K,-0.736627946303804,195,True,neutral,tolerant
E195L,-1.67328306409681,195,True,neutral,tolerant
E195M,-2.3105984341775803,195,True,mild,tolerant
E195N,-1.36745328090877,195,True,neutral,tolerant
E195P,-3.67885185474625,195,True,impactful,tolerant
E195Q,-0.639636736546381,195,True,neutral,tolerant
E195R,-1.57888046627642,195,True,neutral,tolerant
E195S,-1.67034258371651,195,True,neutral,tolerant
E195T,-1.63125385405586,195,True,neutral,tolerant
E195V,-2.2152967845897598,195,True,mild,tolerant
E195W,-5.17954588264516,195,True,impactful,tolerant
E195Y,-2.1243127582371004,195,True,mild,tolerant
R196A,-1.34065800497575,196,True,neutral,tolerant
R196C,-0.767725366613652,196,True,neutral,tolerant
R196D,-1.41586138086042,196,True,neutral,tolerant
R196E,-1.55820228450428,196,True,neutral,tolerant
R196F,-3.3407792532295697,196,True,impactful,tolerant
R196G,-1.7046374697457098,196,True,neutral,tolerant
R196H,-0.602489609965939,196,True,neutral,tolerant
R196I,-1.67534953149358,196,True,neutral,tolerant
R196K,-0.396669647137369,196,True,neutral,tolerant
R196L,-1.78171224058671,196,True,neutral,tolerant
R196M,-2.61423325865846,196,True,mild,tolerant
R196N,-1.27624144961651,196,True,neutral,tolerant
R196P,-2.8940214269267406,196,True,mild,tolerant
R196Q,-1.5053743365916001,196,True,neutral,tolerant
R196R,0.0,196,True,neutral,tolerant
R196S,-0.79766737274324,196,True,neutral,tolerant
R196T,-0.925671279597081,196,True,neutral,tolerant
R196V,-1.6039990951692802,196,True,neutral,tolerant
R196W,-4.01790329348941,196,True,impactful,tolerant
R196Y,-3.0956979880514903,196,True,impactful,tolerant
G197A,-1.5780578671968202,197,True,neutral,sensitive
G197C,-2.19980591130377,197,True,mild,sensitive
G197D,-1.4003553961180601,197,True,neutral,sensitive
G197E,-2.77626747985318,197,True,mild,sensitive
G197F,-3.843488861759,197,True,impactful,sensitive
G197G,0.0,197,True,neutral,sensitive
G197H,-2.86046740232479,197,True,mild,sensitive
G197I,-4.00852525566375,197,True,impactful,sensitive
G197K,-2.78351200098181,197,True,mild,sensitive
G197L,-3.17627518282704,197,True,impactful,sensitive
G197M,-3.8029238712405498,197,True,impactful,sensitive
G197N,-2.2761704001049,197,True,mild,sensitive
G197P,-3.0210759273584302,197,True,mild,sensitive
G197Q,-2.87388907788795,197,True,mild,sensitive
G197R,-2.19501507752709,197,True,mild,sensitive
G197S,-1.5301171445642001,197,True,neutral,sensitive
G197T,-3.289854006983,197,True,impactful,sensitive
G197V,-3.46692064896017,197,True,impactful,sensitive
G197W,-3.5192502502971297,197,True,impactful,sensitive
G197Y,-4.13756143300057,197,True,impactful,sensitive
Y198A,-1.93024822728901,198,True,mild,tolerant
Y198C,-1.3825294781722302,198,True,neutral,tolerant
Y198D,-1.44455497050551,198,True,neutral,tolerant
Y198E,-1.9093854440612,198,True,mild,tolerant
Y198F,-0.09106536347124002,198,True,neutral,tolerant
Y198G,-3.4110631873664503,198,True,impactful,tolerant
Y198H,-0.46069958585738396,198,True,neutral,tolerant
Y198I,-1.29697770004123,198,True,neutral,tolerant
Y198K,-2.35255517493875,198,True,mild,tolerant
Y198L,-1.16464675057594,198,True,neutral,tolerant
Y198M,-1.38603805595566,198,True,neutral,tolerant
Y198N,-1.09771730504217,198,True,neutral,tolerant
Y198P,-2.38458439147394,198,True,mild,tolerant
Y198Q,-1.16075345779329,198,True,neutral,tolerant
Y198R,-2.12205034523152,198,True,mild,tolerant
Y198S,-1.51041184302286,198,True,neutral,tolerant
Y198T,-1.7528934297551497,198,True,neutral,tolerant
Y198V,-1.28288222593482,198,True,neutral,tolerant
Y198W,-1.1658517650103601,198,True,neutral,tolerant
Y198Y,0.0,198,True,neutral,tolerant
S199A,-0.043477826038045,199,True,neutral,tolerant
S199C,-0.676526352617214,199,True,neutral,tolerant
S199D,-1.17712701986877,199,True,neutral,tolerant
S199E,-1.19075015681784,199,True,neutral,tolerant
S199F,-1.61640990002764,199,True,neutral,tolerant
S199G,-0.952425756666754,199,True,neutral,tolerant
S199H,-0.9166898443200971,199,True,neutral,tolerant
S199I,-1.45615319830365,199,True,neutral,tolerant
S199K,-1.12761071687117,199,True,neutral,tolerant
S199L,-0.7391762227789921,199,True,neutral,tolerant
S199M,-0.7962129247817379,199,True,neutral,tolerant
S199N,-0.5286854816334289,199,True,neutral,tolerant
S199P,-0.893465354825265,199,True,neutral,tolerant
S199Q,-0.7304923150388171,199,True,neutral,tolerant
S199R,-0.9269512722608421,199,True,neutral,tolerant
S199S,0.0,199,True,neutral,tolerant
S199T,-0.10573226582108,199,True,neutral,tolerant
S199V,-1.3768081953784999,199,True,neutral,tolerant
S199W,-1.75076349860506,199,True,neutral,tolerant
S199Y,-1.21847226194431,199,True,neutral,tolerant
F200A,-2.52668578205845,200,True,mild,sensitive
F200C,-1.5659988533214297,200,True,neutral,sensitive
F200D,-2.49775990772286,200,True,mild,sensitive
F200E,-2.43761849346738,200,True,mild,sensitive
F200F,0.0,200,True,neutral,sensitive
F200G,-3.02410547720469,200,True,mild,sensitive
F200H,-1.3921768989076497,200,True,neutral,sensitive
F200I,-1.7889702713755802,200,True,neutral,sensitive
F200K,-3.5301190257276,200,True,impactful,sensitive
F200L,-0.528559100710432,200,True,neutral,sensitive
F200M,-0.586683485805857,200,True,neutral,sensitive
F200N,-2.9406619336028497,200,True,mild,sensitive
F200P,-2.78412068536763,200,True,mild,sensitive
F200Q,-2.86225325684965,200,True,mild,sensitive
F200R,-3.4698744285372998,200,True,impactful,sensitive
F200S,-1.48650556105931,200,True,neutral,sensitive
F200T,-2.80948273025029,200,True,mild,sensitive
F200V,-0.79784058034225,200,True,neutral,sensitive
F200W,-1.24972556158828,200,True,neutral,sensitive
F200Y,-0.462288070358681,200,True,neutral,sensitive
T201A,-0.361082844064224,201,True,neutral,tolerant
T201C,-0.771809922015713,201,True,neutral,tolerant
T201D,-1.48309410400042,201,True,neutral,tolerant
T201E,-1.02595955370461,201,True,neutral,tolerant
T201F,-2.3031744402271297,201,True,mild,tolerant
T201G,-1.56764435618118,201,True,neutral,tolerant
T201H,-0.9545659892875379,201,True,neutral,tolerant
T201I,-0.658743010496241,201,True,neutral,tolerant
T201K,-1.00100798372204,201,True,neutral,tolerant
T201L,-1.31244066590306,201,True,neutral,tolerant
T201M,-1.26866795064044,201,True,neutral,tolerant
T201N,-0.47399644071092406,201,True,neutral,tolerant
T201P,-0.9754427919163199,201,True,neutral,tolerant
T201Q,-1.03141219352551,201,True,neutral,tolerant
T201R,-1.16229014184981,201,True,neutral,tolerant
T201S,-0.246239168884475,201,True,neutral,tolerant
T201T,0.0,201,True,neutral,tolerant
T201V,-0.447370143751954,201,True,neutral,tolerant
T201W,-4.50966253075243,201,True,impactful,tolerant
T201Y,-2.0482021162486004,201,True,mild,tolerant
T202A,-0.76026634424822,202,True,neutral,sensitive
T202C,-1.56246745128517,202,True,neutral,sensitive
T202D,-2.22637096701494,202,True,mild,sensitive
T202E,-1.83379443408163,202,True,neutral,sensitive
T202F,-2.85211988228918,202,True,mild,sensitive
T202G,-2.55701098264797,202,True,mild,sensitive
T202H,-2.4956617303706,202,True,mild,sensitive
T202I,-1.8926665235062199,202,True,mild,sensitive
T202K,-2.28510994292305,202,True,mild,sensitive
T202L,-2.43524427831782,202,True,mild,sensitive
T202M,-1.7846767177259901,202,True,neutral,sensitive
T202N,-1.06108773072613,202,True,neutral,sensitive
T202P,-1.1532000974541399,202,True,neutral,sensitive
T202Q,-2.18637400760446,202,True,mild,sensitive
T202R,-2.42580524230385,202,True,mild,sensitive
T202S,-0.501329182064898,202,True,neutral,sensitive
T202T,0.0,202,True,neutral,sensitive
T202V,-2.12411561664515,202,True,mild,sensitive
T202W,-3.58357352137614,202,True,impactful,sensitive
T202Y,-2.34909818044004,202,True,mild,sensitive
T203A,-0.47477258760544705,203,True,neutral,tolerant
T203C,-1.55881443928989,203,True,neutral,tolerant
T203D,-1.4168558795381698,203,True,neutral,tolerant
T203E,-1.9627583828229498,203,True,mild,tolerant
T203F,-1.7036859660297399,203,True,neutral,tolerant
T203G,-1.93722010292765,203,True,mild,tolerant
T203H,-1.0436148007286001,203,True,neutral,tolerant
T203I,-1.3101946097802502,203,True,neutral,tolerant
T203K,-1.81757480696703,203,True,neutral,tolerant
T203L,-1.7959913846169901,203,True,neutral,tolerant
T203M,-0.8240635055459631,203,True,neutral,tolerant
T203N,-1.20843231340352,203,True,neutral,tolerant
T203P,-1.70706114465828,203,True,neutral,tolerant
T203Q,-2.12054237640986,203,True,mild,tolerant
T203R,-1.8787819304529598,203,True,neutral,tolerant
T203S,-0.110111777178295,203,True,neutral,tolerant
T203T,0.0,203,True,neutral,tolerant
T203V,-1.99385503537557,203,True,mild,tolerant
T203W,-2.62929748871965,203,True,mild,tolerant
T203Y,-2.0362048212187,203,True,mild,tolerant
A204A,0.0,204,True,neutral,sensitive
A204C,-0.7877188790962208,204,True,neutral,sensitive
A204D,-1.17137554762028,204,True,neutral,sensitive
A204E,-1.4990842624344,204,True,neutral,sensitive
A204F,-2.25456755112975,204,True,mild,sensitive
A204G,-1.2391591609497299,204,True,neutral,sensitive
A204H,-1.79039920022023,204,True,neutral,sensitive
A204I,-2.08398183667365,204,True,mild,sensitive
A204K,-2.85841579263391,204,True,mild,sensitive
A204L,-1.9985121567456001,204,True,mild,sensitive
A204M,-2.71171458271808,204,True,mild,sensitive
A204N,-2.31651233581523,204,True,mild,sensitive
A204P,-1.4308854580942898,204,True,neutral,sensitive
A204Q,-2.19597118530031,204,True,mild,sensitive
A204R,-2.28895640144082,204,True,mild,sensitive
A204S,-0.5244981669615529,204,True,neutral,sensitive
A204T,-0.575729490536321,204,True,neutral,sensitive
A204V,-1.62728517381414,204,True,neutral,sensitive
A204W,-3.4368116049539195,204,True,impactful,sensitive
A204Y,-2.30888275655148,204,True,mild,sensitive
E205A,-1.2493962493413602,205,True,neutral,sensitive
E205C,-3.31810484498344,205,True,impactful,sensitive
E205D,-0.64018010277396,205,True,neutral,sensitive
E205E,0.0,205,True,neutral,sensitive
E205F,-3.5386819673261805,205,True,impactful,sensitive
E205G,-1.83549365401106,205,True,neutral,sensitive
E205H,-1.60210219835102,205,True,neutral,sensitive
E205I,-2.9793000952394104,205,True,mild,sensitive
E205K,-1.08690590478762,205,True,neutral,sensitive
E205L,-3.18085887801045,205,True,impactful,sensitive
E205M,-3.2958491176197002,205,True,impactful,sensitive
E205N,-1.8729472272649499,205,True,neutral,sensitive
E205P,-2.88012639324171,205,True,mild,sensitive
E205Q,-0.570176222412333,205,True,neutral,sensitive
E205R,-2.1080639434491597,205,True,mild,sensitive
E205S,-1.9858433424914699,205,True,mild,sensitive
E205T,-1.37644377807862,205,True,neutral,sensitive
E205V,-3.5381667289981698,205,True,impactful,sensitive
E205W,-2.94078482689008,205,True,mild,sensitive
E205Y,-3.2134102596882794,205,True,impactful,sensitive
R206A,-1.3246325595165702,206,True,neutral,tolerant
R206C,-1.4538608286779198,206,True,neutral,tolerant
R206D,-1.71407281623551,206,True,neutral,tolerant
R206E,-1.80656830542982,206,True,neutral,tolerant
R206F,-1.17180650238971,206,True,neutral,tolerant
R206G,-2.18220274240479,206,True,mild,tolerant
R206H,-0.8848575534228721,206,True,neutral,tolerant
R206I,-1.32264413687278,206,True,neutral,tolerant
R206K,-0.35012597465016404,206,True,neutral,tolerant
R206L,-0.676294831635771,206,True,neutral,tolerant
R206M,-1.0853479054864,206,True,neutral,tolerant
R206N,-2.13538653794063,206,True,mild,tolerant
R206P,-2.9814974771557794,206,True,mild,tolerant
R206Q,-0.9135736085613408,206,True,neutral,tolerant
R206R,0.0,206,True,neutral,tolerant
R206S,-0.781700907538,206,True,neutral,tolerant
R206T,-1.3257652499086798,206,True,neutral,tolerant
R206V,-1.7887844085986,206,True,neutral,tolerant
R206W,-1.0061078642974102,206,True,neutral,tolerant
R206Y,-1.8998840430463502,206,True,mild,tolerant
E207A,-2.11263600368208,207,True,mild,sensitive
E207C,-3.55985408105533,207,True,impactful,sensitive
E207D,-0.962673671282282,207,True,neutral,sensitive
E207E,0.0,207,True,neutral,sensitive
E207F,-3.83095895356974,207,True,impactful,sensitive
E207G,-1.9399228504933899,207,True,mild,sensitive
E207H,-1.86969794924217,207,True,neutral,sensitive
E207I,-3.00751552754811,207,True,mild,sensitive
E207K,-1.83424040061234,207,True,neutral,sensitive
E207L,-2.78485759359437,207,True,mild,sensitive
E207M,-3.0352713226659196,207,True,mild,sensitive
E207N,-1.35593866711469,207,True,neutral,sensitive
E207P,-3.7705756962648396,207,True,impactful,sensitive
E207Q,-1.0428014705789,207,True,neutral,sensitive
E207R,-1.94555086473959,207,True,mild,sensitive
E207S,-2.17547265510439,207,True,mild,sensitive
E207T,-2.21294831865814,207,True,mild,sensitive
E207V,-2.54454702601836,207,True,mild,sensitive
E207W,-3.7408956363491805,207,True,impactful,sensitive
E207Y,-2.8789345710530903,207,True,mild,sensitive
I208A,-1.86070890350054,208,True,neutral,sensitive
I208C,-1.78572281302169,208,True,neutral,sensitive
I208D,-2.96321083715503,208,True,mild,sensitive
I208E,-3.0574836999982797,208,True,impactful,sensitive
I208F,-1.7474490100893798,208,True,neutral,sensitive
I208G,-4.41046018535892,208,True,impactful,sensitive
I208H,-2.50750253568708,208,True,mild,sensitive
I208I,0.0,208,True,neutral,sensitive
I208K,-3.62409136156525,208,True,impactful,sensitive
I208L,-0.639246416923379,208,True,neutral,sensitive
I208M,-0.805880934844981,208,True,neutral,sensitive
I208N,-1.71243944668161,208,True,neutral,sensitive
I208P,-3.3440807177413796,208,True,impactful,sensitive
I208Q,-2.9376149647518504,208,True,mild,sensitive
I208R,-3.4772119880428396,208,True,impactful,sensitive
I208S,-1.8237942283608999,208,True,neutral,sensitive
I208T,-1.08843308622061,208,True,neutral,sensitive
I208V,-0.301874918554393,208,True,neutral,sensitive
I208W,-3.89510458011413,208,True,impactful,sensitive
I208Y,-2.65352886170914,208,True,mild,sensitive
V209A,-0.7552985945180759,209,True,neutral,sensitive
V209C,-1.14631882085675,209,True,neutral,sensitive
V209D,-5.22425935205414,209,True,impactful,sensitive
V209E,-4.30547630803889,209,True,impactful,sensitive
V209F,-1.86939325480207,209,True,neutral,sensitive
V209G,-3.2647279974529098,209,True,impactful,sensitive
V209H,-5.537976078507921,209,True,impactful,sensitive
V209I,-0.345336299973151,209,True,neutral,sensitive
V209K,-4.30841909993228,209,True,impactful,sensitive
V209L,-0.19064939582701898,209,True,neutral,sensitive
V209M,-0.261891690774897,209,True,neutral,sensitive
V209N,-4.95103332595222,209,True,impactful,sensitive
V209P,-4.31625797024777,209,True,impactful,sensitive
V209Q,-4.390268873275399,209,True,impactful,sensitive
V209R,-4.56779966406934,209,True,impactful,sensitive
V209S,-2.03634740355621,209,True,mild,sensitive
V209T,-1.08378956298476,209,True,neutral,sensitive
V209V,0.0,209,True,neutral,sensitive
V209W,-3.74546308913202,209,True,impactful,sensitive
V209Y,-3.796979314254,209,True,impactful,sensitive
R210A,-2.52338295766566,210,True,mild,sensitive
R210C,-1.1514291451616299,210,True,neutral,sensitive
R210D,-2.20822932500689,210,True,mild,sensitive
R210E,-2.02684972885616,210,True,mild,sensitive
R210F,-3.61339451267987,210,True,impactful,sensitive
R210G,-2.13923721604139,210,True,mild,sensitive
R210H,-0.8328416572833741,210,True,neutral,sensitive
R210I,-2.9047099647937102,210,True,mild,sensitive
R210K,-0.5989254503226911,210,True,neutral,sensitive
R210L,-3.14097234869104,210,True,impactful,sensitive
R210M,-2.91641191964171,210,True,mild,sensitive
R210N,-1.74853013739718,210,True,neutral,sensitive
R210P,-3.48002308406445,210,True,impactful,sensitive
R210Q,-1.15007966406499,210,True,neutral,sensitive
R210R,0.0,210,True,neutral,sensitive
R210S,-1.6924716133695599,210,True,neutral,sensitive
R210T,-1.86006424251151,210,True,neutral,sensitive
R210V,-2.5586287817661097,210,True,mild,sensitive
R210W,-2.96349999929246,210,True,mild,sensitive
R210Y,-2.17946033311877,210,True,mild,sensitive
D211A,-2.03455754238798,211,True,mild,sensitive
D211C,-1.73052537609299,211,True,neutral,sensitive
D211D,0.0,211,True,neutral,sensitive
D211E,-0.48006594137341296,211,True,neutral,sensitive
D211F,-3.26640312853415,211,True,impactful,sensitive
D211G,-2.40922896040491,211,True,mild,sensitive
D211H,-0.997767631062992,211,True,neutral,sensitive
D211I,-2.17444524425082,211,True,mild,sensitive
D211K,-1.9840070792251399,211,True,mild,sensitive
D211L,-2.40545926440312,211,True,mild,sensitive
D211M,-2.48456016941889,211,True,mild,sensitive
D211N,-1.04362848598096,211,True,neutral,sensitive
D211P,-5.07077404733234,211,True,impactful,sensitive
D211Q,-1.4580431855051201,211,True,neutral,sensitive
D211R,-1.83443073211166,211,True,neutral,sensitive
D211S,-1.2771770807311,211,True,neutral,sensitive
D211T,-2.22306135242656,211,True,mild,sensitive
D211V,-2.32695528898085,211,True,mild,sensitive
D211W,-4.36817681647542,211,True,impactful,sensitive
D211Y,-2.08430902877563,211,True,mild,sensitive
I212A,-2.36435086577087,212,True,mild,sensitive
I212C,-1.9524991230114401,212,True,mild,sensitive
I212D,-4.60791362907968,212,True,impactful,sensitive
I212E,-4.72257914241766,212,True,impactful,sensitive
I212F,-2.2463739512024303,212,True,mild,sensitive
I212G,-5.16229416847395,212,True,impactful,sensitive
I212H,-4.51983608095004,212,True,impactful,sensitive
I212I,0.0,212,True,neutral,sensitive
I212K,-4.27746476160439,212,True,impactful,sensitive
I212L,-0.42100698812771,212,True,neutral,sensitive
I212M,-0.21437057691426797,212,True,neutral,sensitive
I212N,-4.896302935521179,212,True,impactful,sensitive
I212P,-6.17518242038329,212,True,impactful,sensitive
I212Q,-4.02068953790162,212,True,impactful,sensitive
I212R,-3.6987032721171804,212,True,impactful,sensitive
I212S,-2.65264799093761,212,True,mild,sensitive
I212T,-2.13075130631331,212,True,mild,sensitive
I212V,-0.0405414293651885,212,True,neutral,sensitive
I212W,-3.9135323900769903,212,True,impactful,sensitive
I212Y,-2.96986464159514,212,True,mild,sensitive
K213A,-4.918178621963019,213,True,impactful,sensitive
K213C,-5.19719145389765,213,True,impactful,sensitive
K213D,-4.93731946233496,213,True,impactful,sensitive
K213E,-2.5695856827943198,213,True,mild,sensitive
K213F,-5.26943341479278,213,True,impactful,sensitive
K213G,-5.785275344332599,213,True,impactful,sensitive
K213H,-5.22626688872169,213,True,impactful,sensitive
K213I,-3.86978934770163,213,True,impactful,sensitive
K213K,0.0,213,True,neutral,sensitive
K213L,-3.9252328332870494,213,True,impactful,sensitive
K213M,-3.6772928995515604,213,True,impactful,sensitive
K213N,-2.27906515152646,213,True,mild,sensitive
K213P,-6.40616150270862,213,True,impactful,sensitive
K213Q,-3.78686708435116,213,True,impactful,sensitive
K213R,-0.9836269561214591,213,True,neutral,sensitive
K213S,-3.3104062735524398,213,True,impactful,sensitive
K213T,-2.69813789128483,213,True,mild,sensitive
K213V,-4.54695815728458,213,True,impactful,sensitive
K213W,-7.275716545829151,213,True,impactful,sensitive
K213Y,-5.7139710313318,213,True,impactful,sensitive
E214A,-2.734669157726,214,True,mild,sensitive
E214C,-4.16407989808282,214,True,impactful,sensitive
E214D,-0.637997600752722,214,True,neutral,sensitive
E214E,0.0,214,True,neutral,sensitive
E214F,-5.00717350140074,214,True,impactful,sensitive
E214G,-2.9334639289430298,214,True,mild,sensitive
E214H,-2.28881639695249,214,True,mild,sensitive
E214I,-4.01966958471053,214,True,impactful,sensitive
E214K,-1.8543357279531003,214,True,neutral,sensitive
E214L,-4.7066040290348,214,True,impactful,sensitive
E214M,-3.92440727599284,214,True,impactful,sensitive
E214N,-2.22192795164148,214,True,mild,sensitive
E214P,-6.46949221220669,214,True,impactful,sensitive
E214Q,-0.892595432040153,214,True,neutral,sensitive
E214R,-2.96910406590406,214,True,mild,sensitive
E214S,-3.8649789175134903,214,True,impactful,sensitive
E214T,-3.4424893311349396,214,True,impactful,sensitive
E214V,-3.5011521054310397,214,True,impactful,sensitive
E214W,-5.9720692572483705,214,True,impactful,sensitive
E214Y,-5.15392877479109,214,True,impactful,sensitive
K215A,-1.9914330422821998,215,True,mild,sensitive
K215C,-2.9422989296146698,215,True,mild,sensitive
K215D,-1.8597702243556202,215,True,neutral,sensitive
K215E,-1.1210787316829198,215,True,neutral,sensitive
K215F,-4.820139847089781,215,True,impactful,sensitive
K215G,-3.3570576321099903,215,True,impactful,sensitive
K215H,-2.1108386659745704,215,True,mild,sensitive
K215I,-3.15929369353771,215,True,impactful,sensitive
K215K,0.0,215,True,neutral,sensitive
K215L,-3.03450569706032,215,True,mild,sensitive
K215M,-2.801432447326,215,True,mild,sensitive
K215N,-0.846098234350083,215,True,neutral,sensitive
K215P,-4.51362336098146,215,True,impactful,sensitive
K215Q,-1.22576353601603,215,True,neutral,sensitive
K215R,-0.22383005311781898,215,True,neutral,sensitive
K215S,-1.16580118461,215,True,neutral,sensitive
K215T,-1.10751231546248,215,True,neutral,sensitive
K215V,-3.06148629421467,215,True,impactful,sensitive
K215W,-5.39570261645248,215,True,impactful,sensitive
K215Y,-3.6843751930192705,215,True,impactful,sensitive
L216A,-1.2425385837924698,216,True,neutral,tolerant
L216C,-1.7045916462395099,216,True,neutral,tolerant
L216D,-3.35076010972729,216,True,impactful,tolerant
L216E,-2.5300367423607097,216,True,mild,tolerant
L216F,-1.30614343398805,216,True,neutral,tolerant
L216G,-3.6794868863539,216,True,impactful,tolerant
L216H,-1.34354349341681,216,True,neutral,tolerant
L216I,-0.4406851973433089,216,True,neutral,tolerant
L216K,-2.6365764991481804,216,True,mild,tolerant
L216L,0.0,216,True,neutral,tolerant
L216M,-0.6741654994502421,216,True,neutral,tolerant
L216N,-2.6101220840858104,216,True,mild,tolerant
L216P,-2.07209178895861,216,True,mild,tolerant
L216Q,-1.6456078827160299,216,True,neutral,tolerant
L216R,-2.9015639550200896,216,True,mild,tolerant
L216S,-1.72523356188031,216,True,neutral,tolerant
L216T,-1.3786789080688402,216,True,neutral,tolerant
L216V,-1.08335034486682,216,True,neutral,tolerant
L216W,-2.60461685934077,216,True,mild,tolerant
L216Y,-1.86201058332638,216,True,neutral,tolerant
C217A,-0.067837403987978,217,True,neutral,sensitive
C217C,0.0,217,True,neutral,sensitive
C217D,-3.66614094745387,217,True,impactful,sensitive
C217E,-3.6002404804006702,217,True,impactful,sensitive
C217F,-3.25900825558474,217,True,impactful,sensitive
C217G,-1.2390975821601202,217,True,neutral,sensitive
C217H,-4.371066031982569,217,True,impactful,sensitive
C217I,-3.2995368045739504,217,True,impactful,sensitive
C217K,-3.5981568413734597,217,True,impactful,sensitive
C217L,-2.77921619570557,217,True,mild,sensitive
C217M,-1.94650640032291,217,True,mild,sensitive
C217N,-3.5864809373594304,217,True,impactful,sensitive
C217P,-4.55989676658725,217,True,impactful,sensitive
C217Q,-4.24366060777845,217,True,impactful,sensitive
C217R,-3.76928803113455,217,True,impactful,sensitive
C217S,-0.0748780303883692,217,True,neutral,sensitive
C217T,-0.37672569952317797,217,True,neutral,sensitive
C217V,-2.08893266408094,217,True,mild,sensitive
C217W,-3.3045388938441898,217,True,impactful,sensitive
C217Y,-3.5789505394919403,217,True,impactful,sensitive
Y218A,-2.6428127417708502,218,True,mild,sensitive
Y218C,-2.26554871963315,218,True,mild,sensitive
Y218D,-2.8973648953595204,218,True,mild,sensitive
Y218E,-3.4029241468724902,218,True,impactful,sensitive
Y218F,-0.0771971144999868,218,True,neutral,sensitive
Y218G,-4.98083439873894,218,True,impactful,sensitive
Y218H,-2.0827925329902,218,True,mild,sensitive
Y218I,-3.2466266232619705,218,True,impactful,sensitive
Y218K,-2.95874474898664,218,True,mild,sensitive
Y218L,-2.30255271687704,218,True,mild,sensitive
Y218M,-3.37050857002764,218,True,impactful,sensitive
Y218N,-2.74656656751798,218,True,mild,sensitive
Y218P,-4.82539979362528,218,True,impactful,sensitive
Y218Q,-2.8368947400645297,218,True,mild,sensitive
Y218R,-3.00864568793472,218,True,mild,sensitive
Y218S,-2.8922437388668705,218,True,mild,sensitive
Y218T,-3.22029165237041,218,True,impactful,sensitive
Y218V,-3.4479139414133297,218,True,impactful,sensitive
Y218W,-2.10393016718422,218,True,mild,sensitive
Y218Y,0.0,218,True,neutral,sensitive
V219A,-1.3823133255909499,219,True,neutral,sensitive
V219C,-1.36595486902051,219,True,neutral,sensitive
V219D,-3.63922737384708,219,True,impactful,sensitive
V219E,-3.8211364065314197,219,True,impactful,sensitive
V219F,-3.16786737762577,219,True,impactful,sensitive
V219G,-2.70742245325894,219,True,mild,sensitive
V219H,-5.2649733782734405,219,True,impactful,sensitive
V219I,-0.18772858454208702,219,True,neutral,sensitive
V219K,-4.03902632788681,219,True,impactful,sensitive
V219L,-0.431726357332296,219,True,neutral,sensitive
V219M,-0.8558883807468208,219,True,neutral,sensitive
V219N,-3.84317693578884,219,True,impactful,sensitive
V219P,-4.67602081320247,219,True,impactful,sensitive
V219Q,-4.89710465262167,219,True,impactful,sensitive
V219R,-4.42673298614705,219,True,impactful,sensitive
V219S,-1.32727224626186,219,True,neutral,sensitive
V219T,-0.841372636602494,219,True,neutral,sensitive
V219V,0.0,219,True,neutral,sensitive
V219W,-5.48474099871155,219,True,impactful,sensitive
V219Y,-3.94806003898107,219,True,impactful,sensitive
A220A,0.0,220,True,neutral,sensitive
A220C,-0.5029819236171471,220,True,neutral,sensitive
A220D,-3.38326359369319,220,True,impactful,sensitive
A220E,-2.70827415615333,220,True,mild,sensitive
A220F,-4.1579228442382,220,True,impactful,sensitive
A220G,-2.3049914882116402,220,True,mild,sensitive
A220H,-4.10608655318548,220,True,impactful,sensitive
A220I,-2.51639896198518,220,True,mild,sensitive
A220K,-3.5134183275037096,220,True,impactful,sensitive
A220L,-2.9505586831035204,220,True,mild,sensitive
A220M,-2.8028606601340895,220,True,mild,sensitive
A220N,-3.4330805125618,220,True,impactful,sensitive
A220P,-1.9779189794119998,220,True,mild,sensitive
A220Q,-3.3990607454842596,220,True,impactful,sensitive
A220R,-3.07691276433109,220,True,impactful,sensitive
A220S,-0.585739869610916,220,True,neutral,sensitive
A220T,-0.125008542951993,220,True,neutral,sensitive
A220V,-2.04032118398757,220,True,mild,sensitive
A220W,-4.538528920560481,220,True,impactful,sensitive
A220Y,-5.20370528096395,220,True,impactful,sensitive
L221A,-1.33374935348104,221,True,neutral,tolerant
L221C,-2.56958470935811,221,True,mild,tolerant
L221D,-1.46486408750042,221,True,neutral,tolerant
L221E,-1.03885175319714,221,True,neutral,tolerant
L221F,-0.9744333530193159,221,True,neutral,tolerant
L221G,-2.1329343994825103,221,True,mild,tolerant
L221H,-1.05485403645978,221,True,neutral,tolerant
L221I,-0.5371252476036029,221,True,neutral,tolerant
L221K,-1.51687776856067,221,True,neutral,tolerant
L221L,0.0,221,True,neutral,tolerant
L221M,-0.15423247598692802,221,True,neutral,tolerant
L221N,-1.5091194343755099,221,True,neutral,tolerant
L221P,-1.1562097905917499,221,True,neutral,tolerant
L221Q,-0.8818821519155942,221,True,neutral,tolerant
L221R,-1.8484026646196001,221,True,neutral,tolerant
L221S,-1.03165863257818,221,True,neutral,tolerant
L221T,-1.10980797350149,221,True,neutral,tolerant
L221V,-0.386992796213044,221,True,neutral,tolerant
L221W,-2.09714403514797,221,True,mild,tolerant
L221Y,-1.06602934913639,221,True,neutral,tolerant
D222A,-2.75207822337431,222,True,mild,sensitive
D222C,-3.0641343491354602,222,True,impactful,sensitive
D222D,0.0,222,True,neutral,sensitive
D222E,-0.24811695061853503,222,True,neutral,sensitive
D222F,-3.45806167854628,222,True,impactful,sensitive
D222G,-2.9304463792593904,222,True,mild,sensitive
D222H,-1.3338426755801298,222,True,neutral,sensitive
D222I,-3.16235225919603,222,True,impactful,sensitive
D222K,-3.16594980262269,222,True,impactful,sensitive
D222L,-3.30115597875036,222,True,impactful,sensitive
D222M,-3.70360565775881,222,True,impactful,sensitive
D222N,-0.257888922387784,222,True,neutral,sensitive
D222P,-2.71514457453255,222,True,mild,sensitive
D222Q,-1.7315209195772,222,True,neutral,sensitive
D222R,-3.3692256898132,222,True,impactful,sensitive
D222S,-1.7834803054118002,222,True,neutral,sensitive
D222T,-2.04168981056853,222,True,mild,sensitive
D222V,-2.0176715897318,222,True,mild,sensitive
D222W,-4.53835392201155,222,True,impactful,sensitive
D222Y,-3.28377674417194,222,True,impactful,sensitive
F223A,-2.0610950576049096,223,True,mild,sensitive
F223C,-1.2856136519115,223,True,neutral,sensitive
F223D,-2.8089688527677406,223,True,mild,sensitive
F223E,-2.6783764119750297,223,True,mild,sensitive
F223F,0.0,223,True,neutral,sensitive
F223G,-2.92995978387489,223,True,mild,sensitive
F223H,-1.9440962106086699,223,True,mild,sensitive
F223I,-0.9588433594494741,223,True,neutral,sensitive
F223K,-3.0581264253428797,223,True,impactful,sensitive
F223L,-0.672243523014645,223,True,neutral,sensitive
F223M,-1.78456594045239,223,True,neutral,sensitive
F223N,-2.90863719660342,223,True,mild,sensitive
F223P,-1.72272814376654,223,True,neutral,sensitive
F223Q,-2.7879208483954,223,True,mild,sensitive
F223R,-3.2310295292863898,223,True,impactful,sensitive
F223S,-0.949643204857606,223,True,neutral,sensitive
F223T,-2.10961283003555,223,True,mild,sensitive
F223V,-0.95830126272347,223,True,neutral,sensitive
F223W,-1.5975692959644299,223,True,neutral,sensitive
F223Y,-0.18922412951360895,223,True,neutral,sensitive
E224A,-0.8096746297218309,224,True,neutral,tolerant
E224C,-2.3757298997395297,224,True,mild,tolerant
E224D,-0.0614009364962758,224,True,neutral,tolerant
E224E,0.0,224,True,neutral,tolerant
E224F,-2.9547482976153,224,True,mild,tolerant
E224G,-1.36199620106168,224,True,neutral,tolerant
E224H,-1.34954508009006,224,True,neutral,tolerant
E224I,-1.8633157883571598,224,True,neutral,tolerant
E224K,-0.8892518188055841,224,True,neutral,tolerant
E224L,-1.91838375903707,224,True,mild,tolerant
E224M,-2.25718195734161,224,True,mild,tolerant
E224N,-0.30767036650412605,224,True,neutral,tolerant
E224P,-2.6439227072887403,224,True,mild,tolerant
E224Q,-0.34708785027810996,224,True,neutral,tolerant
E224R,-1.20993481724357,224,True,neutral,tolerant
E224S,-1.19251210512569,224,True,neutral,tolerant
E224T,-1.7068765566194901,224,True,neutral,tolerant
E224V,-1.30101573502593,224,True,neutral,tolerant
E224W,-3.3550582383916403,224,True,impactful,tolerant
E224Y,-1.9349003535334,224,True,mild,tolerant
Q225A,-0.390761689040384,225,True,neutral,tolerant
Q225C,-0.822431880964424,225,True,neutral,tolerant
Q225D,-0.32277293542244,225,True,neutral,tolerant
Q225E,-0.0898922611400196,225,True,neutral,tolerant
Q225F,-2.41946066429754,225,True,mild,tolerant
Q225G,-1.01735390682708,225,True,neutral,tolerant
Q225H,-0.158182891998764,225,True,neutral,tolerant
Q225I,-1.85477822537353,225,True,neutral,tolerant
Q225K,-0.596102575851702,225,True,neutral,tolerant
Q225L,-1.08221548649087,225,True,neutral,tolerant
Q225M,-1.5559760435623702,225,True,neutral,tolerant
Q225N,-0.0428080179271829,225,True,neutral,tolerant
Q225P,-2.79131125247136,225,True,mild,tolerant
Q225Q,0.0,225,True,neutral,tolerant
Q225R,-0.425612241527329,225,True,neutral,tolerant
Q225S,-0.422803215910552,225,True,neutral,tolerant
Q225T,-0.492312782284526,225,True,neutral,tolerant
Q225V,-0.921309187939421,225,True,neutral,tolerant
Q225W,-1.5766119652031,225,True,neutral,tolerant
Q225Y,-1.17504067737277,225,True,neutral,tolerant
E226A,-1.9170361391216002,226,True,mild,sensitive
E226C,-5.19952239790794,226,True,impactful,sensitive
E226D,-0.43567204613900395,226,True,neutral,sensitive
E226E,0.0,226,True,neutral,sensitive
E226F,-4.30113051256562,226,True,impactful,sensitive
E226G,-2.2088857660612002,226,True,mild,sensitive
E226H,-1.79317576693205,226,True,neutral,sensitive
E226I,-4.519192033599401,226,True,impactful,sensitive
E226K,-1.64265942781073,226,True,neutral,sensitive
E226L,-3.22099669314996,226,True,impactful,sensitive
E226M,-4.32000196780382,226,True,impactful,sensitive
E226N,-1.9520938864184698,226,True,mild,sensitive
E226P,-3.40300501535937,226,True,impactful,sensitive
E226Q,-1.23022767960999,226,True,neutral,sensitive
E226R,-1.8229704364113901,226,True,neutral,sensitive
E226S,-2.03563111299519,226,True,mild,sensitive
E226T,-1.9186020584494299,226,True,mild,sensitive
E226V,-2.98612639105473,226,True,mild,sensitive
E226W,-4.04215529112683,226,True,impactful,sensitive
E226Y,-3.66922548681429,226,True,impactful,sensitive
M227A,-2.1349980654343996,227,True,mild,tolerant
M227C,-1.6501413175969397,227,True,neutral,tolerant
M227D,-1.9757629278637299,227,True,mild,tolerant
M227E,-1.6240633366411799,227,True,neutral,tolerant
M227F,-1.9582680171823899,227,True,mild,tolerant
M227G,-3.1364976126090003,227,True,impactful,tolerant
M227H,-1.8642482622901202,227,True,neutral,tolerant
M227I,-0.206555265905773,227,True,neutral,tolerant
M227K,-1.4985656462786001,227,True,neutral,tolerant
M227L,-0.0605132121131971,227,True,neutral,tolerant
M227M,0.0,227,True,neutral,tolerant
M227N,-1.8495602317489601,227,True,neutral,tolerant
M227P,-2.92902882866764,227,True,mild,tolerant
M227Q,-0.9139754154060671,227,True,neutral,tolerant
M227R,-1.9382272503538303,227,True,mild,tolerant
M227S,-1.0872321016219,227,True,neutral,tolerant
M227T,-1.31773930948782,227,True,neutral,tolerant
M227V,-0.510641115668514,227,True,neutral,tolerant
M227W,-1.05766977872224,227,True,neutral,tolerant
M227Y,-1.87387137566219,227,True,neutral,tolerant
A228A,0.0,228,True,neutral,tolerant
A228C,-0.5700125518221291,228,True,neutral,tolerant
A228D,-0.20128780805663898,228,True,neutral,tolerant
A228E,-0.134922835645712,228,True,neutral,tolerant
A228F,-1.11829290633526,228,True,neutral,tolerant
A228G,-0.433206974691156,228,True,neutral,tolerant
A228H,-0.09309262170127199,228,True,neutral,tolerant
A228I,-0.47495542695797704,228,True,neutral,tolerant
A228K,-0.31232063087546996,228,True,neutral,tolerant
A228L,-0.457015863640159,228,True,neutral,tolerant
A228M,-0.517124958545329,228,True,neutral,tolerant
A228N,-0.0855182987136857,228,True,neutral,tolerant
A228P,-1.03812095783979,228,True,neutral,tolerant
A228Q,-0.0832536441511415,228,True,neutral,tolerant
A228R,-0.523965175409005,228,True,neutral,tolerant
A228S,-0.0429574904203197,228,True,neutral,tolerant
A228T,-0.0469276305586379,228,True,neutral,tolerant
A228V,-0.440732175139128,228,True,neutral,tolerant
A228W,-1.66443179965258,228,True,neutral,tolerant
A228Y,-1.56141322295301,228,True,neutral,tolerant
T229A,-0.17721777356509302,229,True,neutral,tolerant
T229C,-1.34995242723149,229,True,neutral,tolerant
T229D,-0.8543966191289599,229,True,neutral,tolerant
T229E,-0.7115441973863872,229,True,neutral,tolerant
T229F,-1.45356017437859,229,True,neutral,tolerant
T229G,-1.7040592999501598,229,True,neutral,tolerant
T229H,-1.6201048496353603,229,True,neutral,tolerant
T229I,-0.4179939384382971,229,True,neutral,tolerant
T229K,-0.46947564153742,229,True,neutral,tolerant
T229L,-0.707680598835126,229,True,neutral,tolerant
T229M,-0.553942101446807,229,True,neutral,tolerant
T229N,-0.455726864003387,229,True,neutral,tolerant
T229P,-1.9422792161709699,229,True,mild,tolerant
T229Q,-0.548888332391235,229,True,neutral,tolerant
T229R,-0.566152099393469,229,True,neutral,tolerant
T229S,-0.191610482484282,229,True,neutral,tolerant
T229T,0.0,229,True,neutral,tolerant
T229V,-0.430632961253321,229,True,neutral,tolerant
T229W,-2.02145787328361,229,True,mild,tolerant
T229Y,-2.36813525899421,229,True,mild,tolerant
A230A,0.0,230,True,neutral,tolerant
A230C,-0.62958505043831,230,True,neutral,tolerant
A230D,-1.49347107894559,230,True,neutral,tolerant
A230E,-1.2559139642986599,230,True,neutral,tolerant
A230F,-1.4680608499321597,230,True,neutral,tolerant
A230G,-2.04570097692426,230,True,mild,tolerant
A230H,-1.8787002986823897,230,True,neutral,tolerant
A230I,-1.6008615104658501,230,True,neutral,tolerant
A230K,-1.89645623029423,230,True,mild,tolerant
A230L,-1.31282297858772,230,True,neutral,tolerant
A230M,-2.10007430546636,230,True,mild,tolerant
A230N,-1.9191802989946598,230,True,mild,tolerant
A230P,-1.6871867948810402,230,True,neutral,tolerant
A230Q,-1.8622295374324098,230,True,neutral,tolerant
A230R,-2.15794974973031,230,True,mild,tolerant
A230S,-0.0913758396405021,230,True,neutral,tolerant
A230T,-0.335535365899636,230,True,neutral,tolerant
A230V,-1.1277025896382,230,True,neutral,tolerant
A230W,-2.1385745967389,230,True,mild,tolerant
A230Y,-1.19460976528965,230,True,neutral,tolerant
A231A,0.0,231,True,neutral,tolerant
A231C,-0.8288617322609301,231,True,neutral,tolerant
A231D,-0.599642522403884,231,True,neutral,tolerant
A231E,-0.364830024287389,231,True,neutral,tolerant
A231F,-2.2671999521512003,231,True,mild,tolerant
A231G,-0.957847604043351,231,True,neutral,tolerant
A231H,-1.2002610133873899,231,True,neutral,tolerant
A231I,-0.842419571524312,231,True,neutral,tolerant
A231K,-0.5432136537370109,231,True,neutral,tolerant
A231L,-0.6252664141300179,231,True,neutral,tolerant
A231M,-0.6947797572684489,231,True,neutral,tolerant
A231N,-0.42277996619341607,231,True,neutral,tolerant
A231P,-1.3447491715658,231,True,neutral,tolerant
A231Q,-0.532225764185983,231,True,neutral,tolerant
A231R,-0.5662380198367739,231,True,neutral,tolerant
A231S,-0.0266016842499989,231,True,neutral,tolerant
A231T,-0.222731574572892,231,True,neutral,tolerant
A231V,-0.5659908466119721,231,True,neutral,tolerant
A231W,-2.61217392996,231,True,mild,tolerant
A231Y,-2.3681092381752302,231,True,mild,tolerant
S232A,-0.0615089893889445,232,True,neutral,tolerant
S232C,-0.28943358429348404,232,True,neutral,tolerant
S232D,-0.45173597788294106,232,True,neutral,tolerant
S232E,-0.263966578542789,232,True,neutral,tolerant
S232F,-1.4452399223366001,232,True,neutral,tolerant
S232G,-0.833239554438612,232,True,neutral,tolerant
S232H,-0.509823358181099,232,True,neutral,tolerant
S232I,-1.27169656867683,232,True,neutral,tolerant
S232K,-0.658198868243131,232,True,neutral,tolerant
S232L,-0.89768868184763,232,True,neutral,tolerant
S232M,-1.2549826283521999,232,True,neutral,tolerant
S232N,-0.282030854775482,232,True,neutral,tolerant
S232P,-1.16986816421936,232,True,neutral,tolerant
S232Q,-0.188165932311632,232,True,neutral,tolerant
S232R,-0.6861451572096581,232,True,neutral,tolerant
S232S,0.0,232,True,neutral,tolerant
S232T,-0.0574893561439373,232,True,neutral,tolerant
S232V,-0.8150746859849208,232,True,neutral,tolerant
S232W,-2.83480242000929,232,True,mild,tolerant
S232Y,-1.5459314471816799,232,True,neutral,tolerant
S233A,-0.48845941484934496,233,True,neutral,tolerant
S233C,-0.615481722557847,233,True,neutral,tolerant
S233D,-1.31155532476219,233,True,neutral,tolerant
S233E,-1.77324830086018,233,True,neutral,tolerant
S233F,-1.84237105792797,233,True,neutral,tolerant
S233G,-1.1576053962556598,233,True,neutral,tolerant
S233H,-1.89700744333213,233,True,mild,tolerant
S233I,-1.3749319190324198,233,True,neutral,tolerant
S233K,-1.63465414726529,233,True,neutral,tolerant
S233L,-1.52744283745894,233,True,neutral,tolerant
S233M,-1.4812095471239999,233,True,neutral,tolerant
S233N,-0.756755746086783,233,True,neutral,tolerant
S233P,-1.2723652712326998,233,True,neutral,tolerant
S233Q,-1.6655559229665602,233,True,neutral,tolerant
S233R,-1.4885831500428,233,True,neutral,tolerant
S233S,0.0,233,True,neutral,tolerant
S233T,-0.15627398622229402,233,True,neutral,tolerant
S233V,-2.0003915144442903,233,True,mild,tolerant
S233W,-3.6818239209064196,233,True,impactful,tolerant
S233Y,-2.90939430034275,233,True,mild,tolerant
S234A,-0.22532445592655104,234,True,neutral,tolerant
S234C,-0.5620302725776689,234,True,neutral,tolerant
S234D,-1.03997570036294,234,True,neutral,tolerant
S234E,-1.1336231591211299,234,True,neutral,tolerant
S234F,-2.10032967338083,234,True,mild,tolerant
S234G,-1.24224570314625,234,True,neutral,tolerant
S234H,-1.28694890048981,234,True,neutral,tolerant
S234I,-1.36378852510174,234,True,neutral,tolerant
S234K,-1.0886804899913298,234,True,neutral,tolerant
S234L,-1.1915934311028,234,True,neutral,tolerant
S234M,-2.21679058554114,234,True,mild,tolerant
S234N,-0.704224382423485,234,True,neutral,tolerant
S234P,-1.03198251166538,234,True,neutral,tolerant
S234Q,-1.1457676016004399,234,True,neutral,tolerant
S234R,-1.1693927493871499,234,True,neutral,tolerant
S234S,0.0,234,True,neutral,tolerant
S234T,-0.07067853530048901,234,True,neutral,tolerant
S234V,-1.1936495704916799,234,True,neutral,tolerant
S234W,-1.98579438963084,234,True,mild,tolerant
S234Y,-1.3728340827663001,234,True,neutral,tolerant
S235A,-0.0813295438008481,235,True,neutral,tolerant
S235C,-0.5929968327726309,235,True,neutral,tolerant
S235D,-0.5659836798596211,235,True,neutral,tolerant
S235E,-0.46119083894845003,235,True,neutral,tolerant
S235F,-1.3206319897613301,235,True,neutral,tolerant
S235G,-0.9634566145709731,235,True,neutral,tolerant
S235H,-0.9664294801401541,235,True,neutral,tolerant
S235I,-0.6750605151990781,235,True,neutral,tolerant
S235K,-0.867660416199195,235,True,neutral,tolerant
S235L,-1.08153858650664,235,True,neutral,tolerant
S235M,-0.703151879428572,235,True,neutral,tolerant
S235N,-0.628337016341996,235,True,neutral,tolerant
S235P,-1.54742431940867,235,True,neutral,tolerant
S235Q,-0.41617158700840995,235,True,neutral,tolerant
S235R,-1.2454210464333402,235,True,neutral,tolerant
S235S,0.0,235,True,neutral,tolerant
S235T,-0.0795801096198472,235,True,neutral,tolerant
S235V,-0.7014676791682939,235,True,neutral,tolerant
S235W,-2.6713701794473397,235,True,mild,tolerant
S235Y,-1.6314609600324699,235,True,neutral,tolerant
L236A,-1.18767120123549,236,True,neutral,tolerant
L236C,-1.3474307716412,236,True,neutral,tolerant
L236D,-1.90794195196654,236,True,mild,tolerant
L236E,-1.27450039922767,236,True,neutral,tolerant
L236F,-1.08642598043339,236,True,neutral,tolerant
L236G,-1.84030120429519,236,True,neutral,tolerant
L236H,-1.59567521958264,236,True,neutral,tolerant
L236I,-0.046175356242589,236,True,neutral,tolerant
L236K,-0.9851119423043921,236,True,neutral,tolerant
L236L,0.0,236,True,neutral,tolerant
L236M,-0.4311094403648979,236,True,neutral,tolerant
L236N,-1.2326874217311998,236,True,neutral,tolerant
L236P,-0.999540731288674,236,True,neutral,tolerant
L236Q,-0.936223634381087,236,True,neutral,tolerant
L236R,-0.8768411801485502,236,True,neutral,tolerant
L236S,-1.2097198607453201,236,True,neutral,tolerant
L236T,-1.15519683680904,236,True,neutral,tolerant
L236V,-0.20400550354200897,236,True,neutral,tolerant
L236W,-1.6078853004300901,236,True,neutral,tolerant
L236Y,-1.2547986341880302,236,True,neutral,tolerant
E237A,-1.54806787252159,237,True,neutral,tolerant
E237C,-2.23743760108273,237,True,mild,tolerant
E237D,-0.218940551302692,237,True,neutral,tolerant
E237E,0.0,237,True,neutral,tolerant
E237F,-2.51066075520193,237,True,mild,tolerant
E237G,-1.4188758795915202,237,True,neutral,tolerant
E237H,-1.05545957223239,237,True,neutral,tolerant
E237I,-1.87195978792505,237,True,neutral,tolerant
E237K,-1.54751340370132,237,True,neutral,tolerant
E237L,-1.35178760233792,237,True,neutral,tolerant
E237M,-1.16208877848367,237,True,neutral,tolerant
E237N,-0.9080594822632259,237,True,neutral,tolerant
E237P,-2.04101434355634,237,True,mild,tolerant
E237Q,-1.2237654535829199,237,True,neutral,tolerant
E237R,-1.7577039633826,237,True,neutral,tolerant
E237S,-1.48369953184122,237,True,neutral,tolerant
E237T,-1.2918853647914,237,True,neutral,tolerant
E237V,-1.78075890481464,237,True,neutral,tolerant
E237W,-2.61165346828234,237,True,mild,tolerant
E237Y,-2.50454255210527,237,True,mild,tolerant
K238A,-1.27044309610489,238,True,neutral,tolerant
K238C,-2.28446094070864,238,True,mild,tolerant
K238D,-1.6418205497104998,238,True,neutral,tolerant
K238E,-0.9850132056119559,238,True,neutral,tolerant
K238F,-2.77055168949788,238,True,mild,tolerant
K238G,-2.5628479964106097,238,True,mild,tolerant
K238H,-2.06436400778895,238,True,mild,tolerant
K238I,-1.4454831582987901,238,True,neutral,tolerant
K238K,0.0,238,True,neutral,tolerant
K238L,-2.0733464661166,238,True,mild,tolerant
K238M,-1.19077069913242,238,True,neutral,tolerant
K238N,-0.7663689288205691,238,True,neutral,tolerant
K238P,-3.09443311898145,238,True,impactful,tolerant
K238Q,-0.766450137808799,238,True,neutral,tolerant
K238R,-0.15581357003931398,238,True,neutral,tolerant
K238S,-1.72524309946835,238,True,neutral,tolerant
K238T,-0.941133165679006,238,True,neutral,tolerant
K238V,-1.3212735016145902,238,True,neutral,tolerant
K238W,-3.07591844406031,238,True,impactful,tolerant
K238Y,-2.74118493782462,238,True,mild,tolerant
S239A,-0.492842571985993,239,True,neutral,tolerant
S239C,-0.0982708535218887,239,True,neutral,tolerant
S239D,-0.695707829395732,239,True,neutral,tolerant
S239E,-0.754167014503266,239,True,neutral,tolerant
S239F,-1.80177332147631,239,True,neutral,tolerant
S239G,-1.61630864997075,239,True,neutral,tolerant
S239H,-1.2020969545001798,239,True,neutral,tolerant
S239I,-1.2502702073156498,239,True,neutral,tolerant
S239K,-0.908652948007792,239,True,neutral,tolerant
S239L,-1.18485930145419,239,True,neutral,tolerant
S239M,-1.3210798689606202,239,True,neutral,tolerant
S239N,-0.4404581432451721,239,True,neutral,tolerant
S239P,-1.00625711864146,239,True,neutral,tolerant
S239Q,-0.551306311533917,239,True,neutral,tolerant
S239R,-0.978622057472174,239,True,neutral,tolerant
S239S,0.0,239,True,neutral,tolerant
S239T,-0.135960354644102,239,True,neutral,tolerant
S239V,-1.3844476247307398,239,True,neutral,tolerant
S239W,-2.0481898734389903,239,True,mild,tolerant
S239Y,-2.21384335956525,239,True,mild,tolerant
Y240A,-3.85325228331465,240,True,impactful,sensitive
Y240C,-2.00420790997577,240,True,mild,sensitive
Y240D,-3.6155671838201497,240,True,impactful,sensitive
Y240E,-3.43106049654433,240,True,impactful,sensitive
Y240F,-0.3613740423549329,240,True,neutral,sensitive
Y240G,-4.63745095736932,240,True,impactful,sensitive
Y240H,-1.5212015234228,240,True,neutral,sensitive
Y240I,-3.2313607251245897,240,True,impactful,sensitive
Y240K,-4.49836869968967,240,True,impactful,sensitive
Y240L,-2.83361373540097,240,True,mild,sensitive
Y240M,-3.21388509370294,240,True,impactful,sensitive
Y240N,-3.22777586695616,240,True,impactful,sensitive
Y240P,-3.65234980623296,240,True,impactful,sensitive
Y240Q,-3.6581173668011004,240,True,impactful,sensitive
Y240R,-4.4178539619599295,240,True,impactful,sensitive
Y240S,-2.36489008362347,240,True,mild,sensitive
Y240T,-3.24933890597821,240,True,impactful,sensitive
Y240V,-2.93939331967422,240,True,mild,sensitive
Y240W,-1.4683116609686597,240,True,neutral,sensitive
Y240Y,0.0,240,True,neutral,sensitive
E241A,-1.7558941075451002,241,True,neutral,tolerant
E241C,-2.81379103356518,241,True,mild,tolerant
E241D,-0.7825794327004001,241,True,neutral,tolerant
E241E,0.0,241,True,neutral,tolerant
E241F,-3.9090832590038502,241,True,impactful,tolerant
E241G,-2.4748492835735,241,True,mild,tolerant
E241H,-1.66588517231485,241,True,neutral,tolerant
E241I,-2.0617121558306297,241,True,mild,tolerant
E241K,-0.7873697518617329,241,True,neutral,tolerant
E241L,-2.3197931461045,241,True,mild,tolerant
E241M,-1.93511380845452,241,True,mild,tolerant
E241N,-1.21023306048395,241,True,neutral,tolerant
E241P,-2.55067089472349,241,True,mild,tolerant
E241Q,-0.44113243115059203,241,True,neutral,tolerant
E241R,-1.56793196635922,241,True,neutral,tolerant
E241S,-1.67469914319994,241,True,neutral,tolerant
E241T,-1.27353316418884,241,True,neutral,tolerant
E241V,-1.3407295867034,241,True,neutral,tolerant
E241W,-3.9503517479688,241,True,impactful,tolerant
E241Y,-3.03575115046053,241,True,mild,tolerant
L242A,-3.3233913283299903,242,True,impactful,sensitive
L242C,-2.9274465391823594,242,True,mild,sensitive
L242D,-4.49952042466367,242,True,impactful,sensitive
L242E,-5.30982286005922,242,True,impactful,sensitive
L242F,-1.6498508786329902,242,True,neutral,sensitive
L242G,-3.8732987712184603,242,True,impactful,sensitive
L242H,-4.06772039353827,242,True,impactful,sensitive
L242I,-1.17163699542056,242,True,neutral,sensitive
L242K,-4.13565348436157,242,True,impactful,sensitive
L242L,0.0,242,True,neutral,sensitive
L242M,-0.3587937804396599,242,True,neutral,sensitive
L242N,-4.1007621918717,242,True,impactful,sensitive
L242P,-3.78481678939725,242,True,impactful,sensitive
L242Q,-3.37495972446023,242,True,impactful,sensitive
L242R,-3.4511994867659403,242,True,impactful,sensitive
L242S,-2.85941230474806,242,True,mild,sensitive
L242T,-3.01781650222726,242,True,mild,sensitive
L242V,-1.5905205484913603,242,True,neutral,sensitive
L242W,-4.1603388823637495,242,True,impactful,sensitive
L242Y,-3.6983154710068398,242,True,impactful,sensitive
P243A,-3.34791695356933,243,True,impactful,sensitive
P243C,-3.0635546866612597,243,True,impactful,sensitive
P243D,-3.97295205929623,243,True,impactful,sensitive
P243E,-3.90825352025285,243,True,impactful,sensitive
P243F,-4.53187350108994,243,True,impactful,sensitive
P243G,-4.35974126612061,243,True,impactful,sensitive
P243H,-3.4629581051712597,243,True,impactful,sensitive
P243I,-3.86006766364417,243,True,impactful,sensitive
P243K,-3.97255986328143,243,True,impactful,sensitive
P243L,-3.0437731381588398,243,True,mild,sensitive
P243M,-3.8488807462045096,243,True,impactful,sensitive
P243N,-3.5255991800623705,243,True,impactful,sensitive
P243P,0.0,243,True,neutral,sensitive
P243Q,-3.57080623718905,243,True,impactful,sensitive
P243R,-3.46779616060552,243,True,impactful,sensitive
P243S,-1.5970215242840702,243,True,neutral,sensitive
P243T,-1.74892585790707,243,True,neutral,sensitive
P243V,-3.2024552602702796,243,True,impactful,sensitive
P243W,-4.569581170543941,243,True,impactful,sensitive
P243Y,-4.50585506417494,243,True,impactful,sensitive
D244A,-2.55915548301539,244,True,mild,sensitive
D244C,-3.69530295994061,244,True,impactful,sensitive
D244D,0.0,244,True,neutral,sensitive
D244E,-1.6411862376442599,244,True,neutral,sensitive
D244F,-4.82238935098396,244,True,impactful,sensitive
D244G,-2.53747650274092,244,True,mild,sensitive
D244H,-0.6818172164819899,244,True,neutral,sensitive
D244I,-5.1407208991251,244,True,impactful,sensitive
D244K,-3.3068211086944403,244,True,impactful,sensitive
D244L,-5.9562306252249595,244,True,impactful,sensitive
D244M,-4.3859926477619,244,True,impactful,sensitive
D244N,-0.34562383760965104,244,True,neutral,sensitive
D244P,-5.01399905759066,244,True,impactful,sensitive
D244Q,-2.6628009694113,244,True,mild,sensitive
D244R,-3.9874613397322,244,True,impactful,sensitive
D244S,-2.3289773120887003,244,True,mild,sensitive
D244T,-3.22010131018764,244,True,impactful,sensitive
D244V,-3.74906352491477,244,True,impactful,sensitive
D244W,-5.23160781034001,244,True,impactful,sensitive
D244Y,-2.2848364030219503,244,True,mild,sensitive
G245A,-1.49093577793681,245,True,neutral,sensitive
G245C,-1.69208363480127,245,True,neutral,sensitive
G245D,-2.1424171399367498,245,True,mild,sensitive
G245E,-2.15408361443977,245,True,mild,sensitive
G245F,-4.283434830210441,245,True,impactful,sensitive
G245G,0.0,245,True,neutral,sensitive
G245H,-2.9636126021611,245,True,mild,sensitive
G245I,-4.7389992550890705,245,True,impactful,sensitive
G245K,-1.6870022178892499,245,True,neutral,sensitive
G245L,-3.7283792178921904,245,True,impactful,sensitive
G245M,-3.40715857916473,245,True,impactful,sensitive
G245N,-2.1452504110806703,245,True,mild,sensitive
G245P,-4.223701499209221,245,True,impactful,sensitive
G245Q,-2.8833160678479506,245,True,mild,sensitive
G245R,-2.15395517544188,245,True,mild,sensitive
G245S,-1.41636293456735,245,True,neutral,sensitive
G245T,-2.83572450907485,245,True,mild,sensitive
G245V,-3.72408377288776,245,True,impactful,sensitive
G245W,-5.78659060525423,245,True,impactful,sensitive
G245Y,-4.01112584246414,245,True,impactful,sensitive
Q246A,-0.879156487604733,246,True,neutral,tolerant
Q246C,-2.43523616103211,246,True,mild,tolerant
Q246D,-1.44945608671892,246,True,neutral,tolerant
Q246E,-0.501128787517092,246,True,neutral,tolerant
Q246F,-2.84168961653577,246,True,mild,tolerant
Q246G,-2.0412092209501203,246,True,mild,tolerant
Q246H,-0.708733722133718,246,True,neutral,tolerant
Q246I,-2.602777171026,246,True,mild,tolerant
Q246K,-0.930009595361801,246,True,neutral,tolerant
Q246L,-2.77948422806862,246,True,mild,tolerant
Q246M,-2.64768894102655,246,True,mild,tolerant
Q246N,-0.3804761068622489,246,True,neutral,tolerant
Q246P,-3.01113837274249,246,True,mild,tolerant
Q246Q,0.0,246,True,neutral,tolerant
Q246R,-0.8333418481968531,246,True,neutral,tolerant
Q246S,-1.00136721305218,246,True,neutral,tolerant
Q246T,-1.08768206838147,246,True,neutral,tolerant
Q246V,-1.85700563955399,246,True,neutral,tolerant
Q246W,-3.0262958078098197,246,True,mild,tolerant
Q246Y,-2.34282636171744,246,True,mild,tolerant
V247A,-0.6499249392447211,247,True,neutral,tolerant
V247C,-1.5163398589375299,247,True,neutral,tolerant
V247D,-1.9142366022760902,247,True,mild,tolerant
V247E,-1.11872511696596,247,True,neutral,tolerant
V247F,-1.90944631460217,247,True,mild,tolerant
V247G,-2.63707719420742,247,True,mild,tolerant
V247H,-1.7627729822367901,247,True,neutral,tolerant
V247I,-0.126734149280181,247,True,neutral,tolerant
V247K,-1.63583903561243,247,True,neutral,tolerant
V247L,-0.207392768786638,247,True,neutral,tolerant
V247M,-0.249116056471124,247,True,neutral,tolerant
V247N,-1.110469746257,247,True,neutral,tolerant
V247P,-1.5708596377788702,247,True,neutral,tolerant
V247Q,-1.3246999835292501,247,True,neutral,tolerant
V247R,-1.7708675654618897,247,True,neutral,tolerant
V247S,-1.19201244985897,247,True,neutral,tolerant
V247T,-0.837105269747898,247,True,neutral,tolerant
V247V,0.0,247,True,neutral,tolerant
V247W,-3.12033372190404,247,True,impactful,tolerant
V247Y,-2.68123032999527,247,True,mild,tolerant
I248A,-3.20225976955544,248,True,impactful,sensitive
I248C,-1.7604782218115902,248,True,neutral,sensitive
I248D,-4.20607297190249,248,True,impactful,sensitive
I248E,-4.04234201513204,248,True,impactful,sensitive
I248F,-2.48247491328761,248,True,mild,sensitive
I248G,-3.9957010243767703,248,True,impactful,sensitive
I248H,-2.84488420513462,248,True,mild,sensitive
I248I,0.0,248,True,neutral,sensitive
I248K,-4.1713705731395505,248,True,impactful,sensitive
I248L,-0.21738075388308603,248,True,neutral,sensitive
I248M,-0.6884803074959761,248,True,neutral,sensitive
I248N,-3.2428660236235696,248,True,impactful,sensitive
I248P,-5.746025781761099,248,True,impactful,sensitive
I248Q,-3.84744231164924,248,True,impactful,sensitive
I248R,-3.09869931426827,248,True,impactful,sensitive
I248S,-2.77270619565164,248,True,mild,sensitive
I248T,-2.7789535945751602,248,True,mild,sensitive
I248V,-0.29399672683784694,248,True,neutral,sensitive
I248W,-4.082952487776209,248,True,impactful,sensitive
I248Y,-2.77819347801121,248,True,mild,sensitive
T249A,-0.483202815186231,249,True,neutral,tolerant
T249C,-1.12606957216325,249,True,neutral,tolerant
T249D,-1.45236157956837,249,True,neutral,tolerant
T249E,-1.23248752265146,249,True,neutral,tolerant
T249F,-2.5330340410999703,249,True,mild,tolerant
T249G,-3.15298140135332,249,True,impactful,tolerant
T249H,-1.25064158732124,249,True,neutral,tolerant
T249I,-1.18012769928112,249,True,neutral,tolerant
T249K,-0.8937095131071329,249,True,neutral,tolerant
T249L,-1.37594336671637,249,True,neutral,tolerant
T249M,-1.71814429361618,249,True,neutral,tolerant
T249N,-0.8923501050863529,249,True,neutral,tolerant
T249P,-2.7711028737771404,249,True,mild,tolerant
T249Q,-1.19474062321332,249,True,neutral,tolerant
T249R,-1.05776660007122,249,True,neutral,tolerant
T249S,-0.287997331718386,249,True,neutral,tolerant
T249T,0.0,249,True,neutral,tolerant
T249V,-1.07025669410666,249,True,neutral,tolerant
T249W,-4.0671931844522,249,True,impactful,tolerant
T249Y,-2.44086890507892,249,True,mild,tolerant
I250A,-2.7839750923982103,250,True,mild,sensitive
I250C,-3.0748879539320697,250,True,impactful,sensitive
I250D,-3.6673495967511403,250,True,impactful,sensitive
I250E,-4.55909711198478,250,True,impactful,sensitive
I250F,-2.04988467245379,250,True,mild,sensitive
I250G,-3.16893787842915,250,True,impactful,sensitive
I250H,-2.8449503224536197,250,True,mild,sensitive
I250I,0.0,250,True,neutral,sensitive
I250K,-4.42312986380029,250,True,impactful,sensitive
I250L,-0.321274068942792,250,True,neutral,sensitive
I250M,-0.620034883243972,250,True,neutral,sensitive
I250N,-2.76966158877025,250,True,mild,sensitive
I250P,-3.2393918809771205,250,True,impactful,sensitive
I250Q,-3.9583857954232204,250,True,impactful,sensitive
I250R,-2.9628781914687004,250,True,mild,sensitive
I250S,-2.89178647688661,250,True,mild,sensitive
I250T,-1.8864045807126,250,True,mild,sensitive
I250V,-0.0429734753983595,250,True,neutral,sensitive
I250W,-2.3569006016176,250,True,mild,sensitive
I250Y,-2.5585466188450696,250,True,mild,sensitive
G251A,-1.00889110012503,251,True,neutral,sensitive
G251C,-0.925499378400807,251,True,neutral,sensitive
G251D,-1.8817691665699399,251,True,neutral,sensitive
G251E,-1.3513803315864799,251,True,neutral,sensitive
G251F,-4.5531061938730994,251,True,impactful,sensitive
G251G,0.0,251,True,neutral,sensitive
G251H,-2.14735794796525,251,True,mild,sensitive
G251I,-4.57568171662855,251,True,impactful,sensitive
G251K,-2.0918244432960797,251,True,mild,sensitive
G251L,-3.4760461942545002,251,True,impactful,sensitive
G251M,-3.43810463815289,251,True,impactful,sensitive
G251N,-1.9099021451030502,251,True,mild,sensitive
G251P,-3.42997801467112,251,True,impactful,sensitive
G251Q,-1.5394413300894298,251,True,neutral,sensitive
G251R,-2.30207563285892,251,True,mild,sensitive
G251S,-0.932300189458604,251,True,neutral,sensitive
G251T,-1.53041307721078,251,True,neutral,sensitive
G251V,-2.4556422227353396,251,True,mild,sensitive
G251W,-5.66655425189775,251,True,impactful,sensitive
G251Y,-3.9980956834192205,251,True,impactful,sensitive
N252A,-0.35410235196168,252,True,neutral,tolerant
N252C,-1.66560352273516,252,True,neutral,tolerant
N252D,-0.258357660894853,252,True,neutral,tolerant
N252E,-0.956896269731281,252,True,neutral,tolerant
N252F,-2.19961994805842,252,True,mild,tolerant
N252G,-1.0140647837678,252,True,neutral,tolerant
N252H,-1.14953985554197,252,True,neutral,tolerant
N252I,-2.12159731151501,252,True,mild,tolerant
N252K,-1.05290177588234,252,True,neutral,tolerant
N252L,-1.99818754493902,252,True,mild,tolerant
N252M,-2.1135628321261,252,True,mild,tolerant
N252N,0.0,252,True,neutral,tolerant
N252P,-1.99964128429647,252,True,mild,tolerant
N252Q,-0.884724794217712,252,True,neutral,tolerant
N252R,-1.63411140941742,252,True,neutral,tolerant
N252S,-0.390982517095794,252,True,neutral,tolerant
N252T,-0.6995271113939001,252,True,neutral,tolerant
N252V,-1.66850689269144,252,True,neutral,tolerant
N252W,-3.3802103843406304,252,True,impactful,tolerant
N252Y,-1.47265710719643,252,True,neutral,tolerant
E253A,-1.8674745738251,253,True,neutral,sensitive
E253C,-2.7599131880593903,253,True,mild,sensitive
E253D,-0.288934111045907,253,True,neutral,sensitive
E253E,0.0,253,True,neutral,sensitive
E253F,-4.037971622067221,253,True,impactful,sensitive
E253G,-2.2599698022468195,253,True,mild,sensitive
E253H,-2.03616116288238,253,True,mild,sensitive
E253I,-3.7474654616499703,253,True,impactful,sensitive
E253K,-1.6944455871706599,253,True,neutral,sensitive
E253L,-3.1206044147401295,253,True,impactful,sensitive
E253M,-3.6400800400482898,253,True,impactful,sensitive
E253N,-2.22397992604802,253,True,mild,sensitive
E253P,-2.77806677026591,253,True,mild,sensitive
E253Q,-0.802209896768751,253,True,neutral,sensitive
E253R,-2.6306243889905296,253,True,mild,sensitive
E253S,-2.13920204808174,253,True,mild,sensitive
E253T,-2.78859147281631,253,True,mild,sensitive
E253V,-2.2771909503694303,253,True,mild,sensitive
E253W,-5.052914711998151,253,True,impactful,sensitive
E253Y,-4.4165385733632805,253,True,impactful,sensitive
R254A,-2.38949650585817,254,True,mild,sensitive
R254C,-1.5808073530217002,254,True,neutral,sensitive
R254D,-3.1661363119039305,254,True,impactful,sensitive
R254E,-3.9314091577287003,254,True,impactful,sensitive
R254F,-4.69875323988635,254,True,impactful,sensitive
R254G,-2.02475234762447,254,True,mild,sensitive
R254H,-2.08054065010595,254,True,mild,sensitive
R254I,-2.57464550603872,254,True,mild,sensitive
R254K,-1.3095221397396202,254,True,neutral,sensitive
R254L,-1.60511100157522,254,True,neutral,sensitive
R254M,-1.75648600233511,254,True,neutral,sensitive
R254N,-3.4417073823866997,254,True,impactful,sensitive
R254P,-3.95639258256567,254,True,impactful,sensitive
R254Q,-1.40515005193609,254,True,neutral,sensitive
R254R,0.0,254,True,neutral,sensitive
R254S,-2.2703046192202403,254,True,mild,sensitive
R254T,-2.77216826004997,254,True,mild,sensitive
R254V,-2.5920127791132996,254,True,mild,sensitive
R254W,-2.00598110779283,254,True,mild,sensitive
R254Y,-4.60750711682108,254,True,impactful,sensitive
F255A,-3.6475199117664903,255,True,impactful,sensitive
F255C,-3.0309784017056103,255,True,mild,sensitive
F255D,-4.10833116999326,255,True,impactful,sensitive
F255E,-4.61319887837611,255,True,impactful,sensitive
F255F,0.0,255,True,neutral,sensitive
F255G,-5.786025813852429,255,True,impactful,sensitive
F255H,-3.2034318517017,255,True,impactful,sensitive
F255I,-1.78607928834595,255,True,neutral,sensitive
F255K,-4.35815149299174,255,True,impactful,sensitive
F255L,-2.29520195817821,255,True,mild,sensitive
F255M,-2.4329702429780298,255,True,mild,sensitive
F255N,-3.45061520996659,255,True,impactful,sensitive
F255P,-7.25126324812939,255,True,impactful,sensitive
F255Q,-3.9215755839388997,255,True,impactful,sensitive
F255R,-4.1349911984427,255,True,impactful,sensitive
F255S,-1.72562477903712,255,True,neutral,sensitive
F255T,-3.5573873424494398,255,True,impactful,sensitive
F255V,-1.4115899881126601,255,True,neutral,sensitive
F255W,-1.42159132467859,255,True,neutral,sensitive
F255Y,-0.788899204794207,255,True,neutral,sensitive
R256A,-2.4287350428848,256,True,mild,tolerant
R256C,-1.00753391527387,256,True,neutral,tolerant
R256D,-2.16149536381636,256,True,mild,tolerant
R256E,-1.74278698613758,256,True,neutral,tolerant
R256F,-3.25332478252919,256,True,impactful,tolerant
R256G,-1.8393355679821102,256,True,neutral,tolerant
R256H,-0.790422666499152,256,True,neutral,tolerant
R256I,-1.61077559080829,256,True,neutral,tolerant
R256K,-0.8077847363332309,256,True,neutral,tolerant
R256L,-1.13642958975587,256,True,neutral,tolerant
R256M,-1.5672741623360602,256,True,neutral,tolerant
R256N,-1.99972578354107,256,True,mild,tolerant
R256P,-2.8018429949253796,256,True,mild,tolerant
R256Q,-1.37338449887584,256,True,neutral,tolerant
R256R,0.0,256,True,neutral,tolerant
R256S,-1.97669160876001,256,True,mild,tolerant
R256T,-2.31647000405084,256,True,mild,tolerant
R256V,-2.25258075266352,256,True,mild,tolerant
R256W,-1.57831891852905,256,True,neutral,tolerant
R256Y,-2.86271835163544,256,True,mild,tolerant
C257A,-0.0337418185277998,257,True,neutral,sensitive
C257C,0.0,257,True,neutral,sensitive
C257D,-1.72799250140463,257,True,neutral,sensitive
C257E,-4.61262365459788,257,True,impactful,sensitive
C257F,-3.61408549519062,257,True,impactful,sensitive
C257G,-1.4538418452509099,257,True,neutral,sensitive
C257H,-3.4861983327896695,257,True,impactful,sensitive
C257I,-1.82358441792261,257,True,neutral,sensitive
C257K,-3.4845085022331803,257,True,impactful,sensitive
C257L,-1.1324143037321002,257,True,neutral,sensitive
C257M,-2.7313517607833395,257,True,mild,sensitive
C257N,-5.12960975556523,257,True,impactful,sensitive
C257P,-3.19243108546945,257,True,impactful,sensitive
C257Q,-5.03620775857307,257,True,impactful,sensitive
C257R,-3.7866825682857503,257,True,impactful,sensitive
C257S,-0.569749490464793,257,True,neutral,sensitive
C257T,-0.0925175225004671,257,True,neutral,sensitive
C257V,-1.10247360217122,257,True,neutral,sensitive
C257W,-3.0471117956712903,257,True,impactful,sensitive
C257Y,-2.2549181441279704,257,True,mild,sensitive
P258A,-0.9464417290333621,258,True,neutral,sensitive
P258C,-1.61622946397535,258,True,neutral,sensitive
P258D,-4.987068547436401,258,True,impactful,sensitive
P258E,-3.6261320929619103,258,True,impactful,sensitive
P258F,-4.0546573275306,258,True,impactful,sensitive
P258G,-2.21471572540476,258,True,mild,sensitive
P258H,-3.92070567882082,258,True,impactful,sensitive
P258I,-2.94718004616593,258,True,mild,sensitive
P258K,-5.30221471855538,258,True,impactful,sensitive
P258L,-2.3065888108573,258,True,mild,sensitive
P258M,-3.3031512254507702,258,True,impactful,sensitive
P258N,-3.9885056240532797,258,True,impactful,sensitive
P258P,0.0,258,True,neutral,sensitive
P258Q,-4.0379638835356495,258,True,impactful,sensitive
P258R,-2.6327574146010497,258,True,mild,sensitive
P258S,-1.1760817744043301,258,True,neutral,sensitive
P258T,-1.29619695719344,258,True,neutral,sensitive
P258V,-1.78082454269119,258,True,neutral,sensitive
P258W,-6.14030803012193,258,True,impactful,sensitive
P258Y,-3.18731828032906,258,True,impactful,sensitive
E259A,-4.17530276728961,259,True,impactful,sensitive
E259C,-6.758414127222941,259,True,impactful,sensitive
E259D,-1.6274056850994,259,True,neutral,sensitive
E259E,0.0,259,True,neutral,sensitive
E259F,-7.04043847223989,259,True,impactful,sensitive
E259G,-2.7905365843699403,259,True,mild,sensitive
E259H,-3.49278310411402,259,True,impactful,sensitive
E259I,-7.014947775659291,259,True,impactful,sensitive
E259K,-2.24685298631521,259,True,mild,sensitive
E259L,-6.260026063894,259,True,impactful,sensitive
E259M,-5.3350879503673,259,True,impactful,sensitive
E259N,-2.43845368289094,259,True,mild,sensitive
E259P,-4.38632323503298,259,True,impactful,sensitive
E259Q,-0.5973716208404399,259,True,neutral,sensitive
E259R,-3.38790097968139,259,True,impactful,sensitive
E259S,-3.6243556103112597,259,True,impactful,sensitive
E259T,-5.4536937447890494,259,True,impactful,sensitive
E259V,-4.36061152765019,259,True,impactful,sensitive
E259W,-7.531327627520519,259,True,impactful,sensitive
E259Y,-6.97956002647696,259,True,impactful,sensitive
A260A,0.0,260,True,neutral,tolerant
A260C,-0.43504739804126,260,True,neutral,tolerant
A260D,-2.52400030726797,260,True,mild,tolerant
A260E,-2.3904859059015,260,True,mild,tolerant
A260F,-2.00428402292542,260,True,mild,tolerant
A260G,-1.2154192733386,260,True,neutral,tolerant
A260H,-2.39523177479664,260,True,mild,tolerant
A260I,-0.42673374684660703,260,True,neutral,tolerant
A260K,-1.61047029883232,260,True,neutral,tolerant
A260L,-0.550364317268255,260,True,neutral,tolerant
A260M,-0.7651768727465029,260,True,neutral,tolerant
A260N,-2.57335504878357,260,True,mild,tolerant
A260P,-0.91637016278198,260,True,neutral,tolerant
A260Q,-2.9928268610467703,260,True,mild,tolerant
A260R,-2.3093117938347403,260,True,mild,tolerant
A260S,-0.0290806567991764,260,True,neutral,tolerant
A260T,-0.0627508680846661,260,True,neutral,tolerant
A260V,-0.148776652830963,260,True,neutral,tolerant
A260W,-4.3673842126063995,260,True,impactful,tolerant
A260Y,-1.97392773092854,260,True,mild,tolerant
L261A,-4.00026932068901,261,True,impactful,sensitive
L261C,-3.31934194697222,261,True,impactful,sensitive
L261D,-5.19956291152381,261,True,impactful,sensitive
L261E,-3.7354561070496297,261,True,impactful,sensitive
L261F,-1.0451171202044,261,True,neutral,sensitive
L261G,-5.887563251414219,261,True,impactful,sensitive
L261H,-3.19152464585979,261,True,impactful,sensitive
L261I,-0.0150676111812451,261,True,neutral,sensitive
L261K,-3.5591044533172593,261,True,impactful,sensitive
L261L,0.0,261,True,neutral,sensitive
L261M,-0.0577928838362523,261,True,neutral,sensitive
L261N,-5.153831376421519,261,True,impactful,sensitive
L261P,-3.01649328185569,261,True,mild,sensitive
L261Q,-4.94757371564525,261,True,impactful,sensitive
L261R,-3.20383450469842,261,True,impactful,sensitive
L261S,-2.53388143703553,261,True,mild,sensitive
L261T,-2.4844191412381202,261,True,mild,sensitive
L261V,-0.0727160890809361,261,True,neutral,sensitive
L261W,-3.0620421287934305,261,True,impactful,sensitive
L261Y,-2.02939451197207,261,True,mild,sensitive
F262A,-4.79377100659574,262,True,impactful,sensitive
F262C,-2.5443625523695497,262,True,mild,sensitive
F262D,-6.85326594094709,262,True,impactful,sensitive
F262E,-6.184558280793341,262,True,impactful,sensitive
F262F,0.0,262,True,neutral,sensitive
F262G,-6.153682364052499,262,True,impactful,sensitive
F262H,-5.96078429405903,262,True,impactful,sensitive
F262I,-3.1120720490169305,262,True,impactful,sensitive
F262K,-5.520866897903531,262,True,impactful,sensitive
F262L,-1.4207952434151998,262,True,neutral,sensitive
F262M,-2.52587411702755,262,True,mild,sensitive
F262N,-6.35363531682378,262,True,impactful,sensitive
F262P,-7.29939297597779,262,True,impactful,sensitive
F262Q,-6.29429592781845,262,True,impactful,sensitive
F262R,-6.27032982102175,262,True,impactful,sensitive
F262S,-2.67393007885965,262,True,mild,sensitive
F262T,-6.04763669900445,262,True,impactful,sensitive
F262V,-3.0171643214341803,262,True,mild,sensitive
F262W,-2.0977440150917603,262,True,mild,sensitive
F262Y,-0.0937730924500137,262,True,neutral,sensitive
Q263A,-1.18464613723273,263,True,neutral,tolerant
Q263C,-1.96305243057572,263,True,mild,tolerant
Q263D,-0.615581319422335,263,True,neutral,tolerant
Q263E,-0.540682956563923,263,True,neutral,tolerant
Q263F,-2.80693593244698,263,True,mild,tolerant
Q263G,-3.81243149100843,263,True,impactful,tolerant
Q263H,-0.331104839428616,263,True,neutral,tolerant
Q263I,-3.1009042648075402,263,True,impactful,tolerant
Q263K,-0.728775871195644,263,True,neutral,tolerant
Q263L,-1.80473269611019,263,True,neutral,tolerant
Q263M,-2.44683694464239,263,True,mild,tolerant
Q263N,-0.236248154044014,263,True,neutral,tolerant
Q263P,-2.78804992651986,263,True,mild,tolerant
Q263Q,0.0,263,True,neutral,tolerant
Q263R,-0.684234509515796,263,True,neutral,tolerant
Q263S,-0.830795283041225,263,True,neutral,tolerant
Q263T,-1.81370886318311,263,True,neutral,tolerant
Q263V,-2.3589231790201097,263,True,mild,tolerant
Q263W,-3.6197667881228797,263,True,impactful,tolerant
Q263Y,-2.9013769137532597,263,True,mild,tolerant
P264A,-1.9368496612136001,264,True,mild,sensitive
P264C,-3.4185607905519597,264,True,impactful,sensitive
P264D,-4.40178960845944,264,True,impactful,sensitive
P264E,-4.51781330640681,264,True,impactful,sensitive
P264F,-5.9485095861051205,264,True,impactful,sensitive
P264G,-4.577716011526929,264,True,impactful,sensitive
P264H,-3.09851564206547,264,True,impactful,sensitive
P264I,-5.94548654854871,264,True,impactful,sensitive
P264K,-5.47728614041093,264,True,impactful,sensitive
P264L,-2.88795500073969,264,True,mild,sensitive
P264M,-5.715045032110639,264,True,impactful,sensitive
P264N,-3.88507719865596,264,True,impactful,sensitive
P264P,0.0,264,True,neutral,sensitive
P264Q,-3.22708682959414,264,True,impactful,sensitive
P264R,-4.49940869642606,264,True,impactful,sensitive
P264S,-2.08381842752126,264,True,mild,sensitive
P264T,-1.9646167798806997,264,True,mild,sensitive
P264V,-3.2770024030456204,264,True,impactful,sensitive
P264W,-6.1349029558756305,264,True,impactful,sensitive
P264Y,-6.17584681713704,264,True,impactful,sensitive
S265A,-0.0710034900351902,265,True,neutral,tolerant
S265C,-0.199324651202835,265,True,neutral,tolerant
S265D,-0.6037641252651209,265,True,neutral,tolerant
S265E,-0.847825894597256,265,True,neutral,tolerant
S265F,-2.3016329474998196,265,True,mild,tolerant
S265G,-1.03243154949423,265,True,neutral,tolerant
S265H,-0.444552243624318,265,True,neutral,tolerant
S265I,-1.38455813130286,265,True,neutral,tolerant
S265K,-1.43696460005665,265,True,neutral,tolerant
S265L,-1.30298443972753,265,True,neutral,tolerant
S265M,-1.58485163138253,265,True,neutral,tolerant
S265N,-0.280373980793514,265,True,neutral,tolerant
S265P,-1.7342275862443,265,True,neutral,tolerant
S265Q,-0.36602116962099396,265,True,neutral,tolerant
S265R,-1.37808703912697,265,True,neutral,tolerant
S265S,0.0,265,True,neutral,tolerant
S265T,-0.08186677400358501,265,True,neutral,tolerant
S265V,-2.04479339959068,265,True,mild,tolerant
S265W,-2.04743675245658,265,True,mild,tolerant
S265Y,-1.8104271922054198,265,True,neutral,tolerant
F266A,-1.03146194074759,266,True,neutral,tolerant
F266C,-1.94450785263709,266,True,mild,tolerant
F266D,-0.837056585278359,266,True,neutral,tolerant
F266E,-1.51711933539784,266,True,neutral,tolerant
F266F,0.0,266,True,neutral,tolerant
F266G,-3.0884347538047403,266,True,impactful,tolerant
F266H,-0.912301536853035,266,True,neutral,tolerant
F266I,-0.0936777233234844,266,True,neutral,tolerant
F266K,-1.3740578661571898,266,True,neutral,tolerant
F266L,-0.0830461131394253,266,True,neutral,tolerant
F266M,-0.0674423737140955,266,True,neutral,tolerant
F266N,-1.55336959719714,266,True,neutral,tolerant
F266P,-1.9622572636123299,266,True,mild,tolerant
F266Q,-1.3208138407066299,266,True,neutral,tolerant
F266R,-1.6873333241085202,266,True,neutral,tolerant
F266S,-1.19225851816505,266,True,neutral,tolerant
F266T,-1.12197895835973,266,True,neutral,tolerant
F266V,-0.15457493075255,266,True,neutral,tolerant
F266W,-1.30237001850368,266,True,neutral,tolerant
F266Y,-0.666700012772027,266,True,neutral,tolerant
L267A,-1.14270083251655,267,True,neutral,tolerant
L267C,-1.3802587071544998,267,True,neutral,tolerant
L267D,-1.5635822220717401,267,True,neutral,tolerant
L267E,-2.68610974845609,267,True,mild,tolerant
L267F,-1.3377050148664098,267,True,neutral,tolerant
L267G,-2.05823628647817,267,True,mild,tolerant
L267H,-2.07959045528301,267,True,mild,tolerant
L267I,-0.066417723037121,267,True,neutral,tolerant
L267K,-3.41212523356877,267,True,impactful,tolerant
L267L,0.0,267,True,neutral,tolerant
L267M,-0.466812409261943,267,True,neutral,tolerant
L267N,-1.55090679869845,267,True,neutral,tolerant
L267P,-1.59595331155365,267,True,neutral,tolerant
L267Q,-2.00955800130992,267,True,mild,tolerant
L267R,-2.0485180618732604,267,True,mild,tolerant
L267S,-1.3440570019533202,267,True,neutral,tolerant
L267T,-1.04480361786482,267,True,neutral,tolerant
L267V,-0.193032723684123,267,True,neutral,tolerant
L267W,-2.7747331337256096,267,True,mild,tolerant
L267Y,-1.3450071246672999,267,True,neutral,tolerant
G268A,-1.5939781397998998,268,True,neutral,sensitive
G268C,-2.02631817716458,268,True,mild,sensitive
G268D,-1.25307184140491,268,True,neutral,sensitive
G268E,-1.17570418246896,268,True,neutral,sensitive
G268F,-4.0439752878127,268,True,impactful,sensitive
G268G,0.0,268,True,neutral,sensitive
G268H,-2.49513058837318,268,True,mild,sensitive
G268I,-4.9099057638698,268,True,impactful,sensitive
G268K,-2.31467080869337,268,True,mild,sensitive
G268L,-4.0750739583068505,268,True,impactful,sensitive
G268M,-3.88935464839208,268,True,impactful,sensitive
G268N,-1.89069531624368,268,True,mild,sensitive
G268P,-3.0020290576867903,268,True,mild,sensitive
G268Q,-1.29575572435755,268,True,neutral,sensitive
G268R,-1.59086637309789,268,True,neutral,sensitive
G268S,-1.6230274450388,268,True,neutral,sensitive
G268T,-2.78661658806472,268,True,mild,sensitive
G268V,-3.00059017884293,268,True,mild,sensitive
G268W,-3.4035240541893796,268,True,impactful,sensitive
G268Y,-3.30443429283891,268,True,impactful,sensitive
M269A,-1.5645057193427399,269,True,neutral,tolerant
M269C,-1.91853619901453,269,True,mild,tolerant
M269D,-1.65916411377508,269,True,neutral,tolerant
M269E,-1.5646583455491798,269,True,neutral,tolerant
M269F,-1.5310768590468502,269,True,neutral,tolerant
M269G,-2.5683994009302302,269,True,mild,tolerant
M269H,-0.788208708559432,269,True,neutral,tolerant
M269I,-0.18275416572813,269,True,neutral,tolerant
M269K,-0.6385216976615989,269,True,neutral,tolerant
M269L,-0.0736406659404694,269,True,neutral,tolerant
M269M,0.0,269,True,neutral,tolerant
M269N,-0.894862856351475,269,True,neutral,tolerant
M269P,-1.83859293973804,269,True,neutral,tolerant
M269Q,-0.750496835764641,269,True,neutral,tolerant
M269R,-0.6002476279239211,269,True,neutral,tolerant
M269S,-0.590685033895721,269,True,neutral,tolerant
M269T,-0.8287357696538811,269,True,neutral,tolerant
M269V,-0.429653452562709,269,True,neutral,tolerant
M269W,-1.96085223833736,269,True,mild,tolerant
M269Y,-1.5296319283380202,269,True,neutral,tolerant
E270A,-1.37487295250352,270,True,neutral,sensitive
E270C,-2.79753233553113,270,True,mild,sensitive
E270D,-0.556931095923472,270,True,neutral,sensitive
E270E,0.0,270,True,neutral,sensitive
E270F,-3.51238592347586,270,True,impactful,sensitive
E270G,-1.70229283579622,270,True,neutral,sensitive
E270H,-1.81511012249172,270,True,neutral,sensitive
E270I,-3.05433935329717,270,True,impactful,sensitive
E270K,-1.8000485200002598,270,True,neutral,sensitive
E270L,-3.6791852123154802,270,True,impactful,sensitive
E270M,-2.57821113682667,270,True,mild,sensitive
E270N,-0.594742330801618,270,True,neutral,sensitive
E270P,-1.6614925806104401,270,True,neutral,sensitive
E270Q,-1.07838130178275,270,True,neutral,sensitive
E270R,-1.92982690554205,270,True,mild,sensitive
E270S,-1.89058051385473,270,True,mild,sensitive
E270T,-1.7020953365851497,270,True,neutral,sensitive
E270V,-2.54197019211485,270,True,mild,sensitive
E270W,-3.89852609080262,270,True,impactful,sensitive
E270Y,-2.76107783367602,270,True,mild,sensitive
S271A,-0.0244817845935674,271,True,neutral,tolerant
S271C,-0.158072687132888,271,True,neutral,tolerant
S271D,-0.44752838536248296,271,True,neutral,tolerant
S271E,-0.7160108914253609,271,True,neutral,tolerant
S271F,-0.904158351534425,271,True,neutral,tolerant
S271G,-0.8671405633483841,271,True,neutral,tolerant
S271H,-0.554817233557984,271,True,neutral,tolerant
S271I,-0.550116789867619,271,True,neutral,tolerant
S271K,-1.48963734653942,271,True,neutral,tolerant
S271L,-0.730492024856807,271,True,neutral,tolerant
S271M,-0.683315591766733,271,True,neutral,tolerant
S271N,-0.461763421883886,271,True,neutral,tolerant
S271P,-1.4269610569856297,271,True,neutral,tolerant
S271Q,-0.335986582636005,271,True,neutral,tolerant
S271R,-1.616633563169,271,True,neutral,tolerant
S271S,0.0,271,True,neutral,tolerant
S271T,-0.0491018334097231,271,True,neutral,tolerant
S271V,-0.543439723823222,271,True,neutral,tolerant
S271W,-1.5328153235459598,271,True,neutral,tolerant
S271Y,-0.679295952476228,271,True,neutral,tolerant
C272A,-0.0226039802614793,272,True,neutral,tolerant
C272C,0.0,272,True,neutral,tolerant
C272D,-0.392384179342878,272,True,neutral,tolerant
C272E,-0.424166814528875,272,True,neutral,tolerant
C272F,-1.04641656664881,272,True,neutral,tolerant
C272G,-0.6510332489285551,272,True,neutral,tolerant
C272H,-0.48216114755771006,272,True,neutral,tolerant
C272I,-0.7958934304540899,272,True,neutral,tolerant
C272K,-0.75290140768687,272,True,neutral,tolerant
C272L,-0.589452550334196,272,True,neutral,tolerant
C272M,-0.698001124422462,272,True,neutral,tolerant
C272N,-0.20770180193159699,272,True,neutral,tolerant
C272P,-0.35398152213480505,272,True,neutral,tolerant
C272Q,-0.34103397588298107,272,True,neutral,tolerant
C272R,-0.5352158671738211,272,True,neutral,tolerant
C272S,-0.0103054954565059,272,True,neutral,tolerant
C272T,-0.0426046250040838,272,True,neutral,tolerant
C272V,-0.19875275679416898,272,True,neutral,tolerant
C272W,-1.74038849024868,272,True,neutral,tolerant
C272Y,-0.7340325791663249,272,True,neutral,tolerant
G273A,-1.6807606033024902,273,True,neutral,sensitive
G273C,-3.5316178817341806,273,True,impactful,sensitive
G273D,-1.81810636580623,273,True,neutral,sensitive
G273E,-3.4360905624714304,273,True,impactful,sensitive
G273F,-5.16386362639091,273,True,impactful,sensitive
G273G,0.0,273,True,neutral,sensitive
G273H,-5.1748391366997,273,True,impactful,sensitive
G273I,-4.636594320160411,273,True,impactful,sensitive
G273K,-4.42656757940289,273,True,impactful,sensitive
G273L,-3.40227547822668,273,True,impactful,sensitive
G273M,-6.375391795280911,273,True,impactful,sensitive
G273N,-3.0496741980711,273,True,impactful,sensitive
G273P,-2.30607354974754,273,True,mild,sensitive
G273Q,-4.1340215396173505,273,True,impactful,sensitive
G273R,-3.9264204909928595,273,True,impactful,sensitive
G273S,-1.5544933853147802,273,True,neutral,sensitive
G273T,-3.39558375630244,273,True,impactful,sensitive
G273V,-3.76616706881588,273,True,impactful,sensitive
G273W,-6.90251773030883,273,True,impactful,sensitive
G273Y,-6.909186756273989,273,True,impactful,sensitive
I274A,-1.86269267396023,274,True,neutral,sensitive
I274C,-2.6759468034733196,274,True,mild,sensitive
I274D,-4.66314511781225,274,True,impactful,sensitive
I274E,-4.21293408441663,274,True,impactful,sensitive
I274F,-2.08233342292194,274,True,mild,sensitive
I274G,-4.30056943589803,274,True,impactful,sensitive
I274H,-3.73849121754259,274,True,impactful,sensitive
I274I,0.0,274,True,neutral,sensitive
I274K,-3.73859195904221,274,True,impactful,sensitive
I274L,-0.20055695660302603,274,True,neutral,sensitive
I274M,-0.461802007152255,274,True,neutral,sensitive
I274N,-4.35464644190633,274,True,impactful,sensitive
I274P,-3.2709379967349204,274,True,impactful,sensitive
I274Q,-3.8483344765735095,274,True,impactful,sensitive
I274R,-3.9713868852625698,274,True,impactful,sensitive
I274S,-2.08115976308979,274,True,mild,sensitive
I274T,-1.7675426522750801,274,True,neutral,sensitive
I274V,-0.0546363262059167,274,True,neutral,sensitive
I274W,-3.40027780058972,274,True,impactful,sensitive
I274Y,-2.95866905223737,274,True,mild,sensitive
H275A,-0.6249184368793621,275,True,neutral,sensitive
H275C,-1.8358616553630802,275,True,neutral,sensitive
H275D,-0.29235046933363,275,True,neutral,sensitive
H275E,-2.49951055111376,275,True,mild,sensitive
H275F,-4.2869409192823,275,True,impactful,sensitive
H275G,-2.40435893853984,275,True,mild,sensitive
H275H,0.0,275,True,neutral,sensitive
H275I,-2.32795091109496,275,True,mild,sensitive
H275K,-3.71896727959279,275,True,impactful,sensitive
H275L,-2.05525180151043,275,True,mild,sensitive
H275M,-4.26780419807297,275,True,impactful,sensitive
H275N,-0.70383144461793,275,True,neutral,sensitive
H275P,-1.35126095012396,275,True,neutral,sensitive
H275Q,-0.10725656446909301,275,True,neutral,sensitive
H275R,-2.18587087135499,275,True,mild,sensitive
H275S,-1.6468783898033899,275,True,neutral,sensitive
H275T,-1.6621089333193002,275,True,neutral,sensitive
H275V,-2.15460075104334,275,True,mild,sensitive
H275W,-5.774214820015921,275,True,impactful,sensitive
H275Y,-2.23502869715905,275,True,mild,sensitive
E276A,-1.05937826869496,276,True,neutral,tolerant
E276C,-2.5403725505566,276,True,mild,tolerant
E276D,-0.24837772401959,276,True,neutral,tolerant
E276E,0.0,276,True,neutral,tolerant
E276F,-2.9267672242730804,276,True,mild,tolerant
E276G,-2.15828789969251,276,True,mild,tolerant
E276H,-0.40557946433269204,276,True,neutral,tolerant
E276I,-1.37391677957375,276,True,neutral,tolerant
E276K,-0.880906094710713,276,True,neutral,tolerant
E276L,-1.73181498391696,276,True,neutral,tolerant
E276M,-1.56410208511313,276,True,neutral,tolerant
E276N,-0.8168841313828841,276,True,neutral,tolerant
E276P,-2.57169361956401,276,True,mild,tolerant
E276Q,-0.21686299052455202,276,True,neutral,tolerant
E276R,-1.12201260716925,276,True,neutral,tolerant
E276S,-1.24072721316633,276,True,neutral,tolerant
E276T,-1.20312866635016,276,True,neutral,tolerant
E276V,-1.11076410941786,276,True,neutral,tolerant
E276W,-3.2160481967886603,276,True,impactful,tolerant
E276Y,-2.7006447791781802,276,True,mild,tolerant
T277A,-0.15632661978622198,277,True,neutral,tolerant
T277C,-0.0988998076876779,277,True,neutral,tolerant
T277D,-2.0650788655652903,277,True,mild,tolerant
T277E,-1.7547312069999799,277,True,neutral,tolerant
T277F,-1.22892185194553,277,True,neutral,tolerant
T277G,-1.31534333637171,277,True,neutral,tolerant
T277H,-1.11102726879643,277,True,neutral,tolerant
T277I,-0.278436005679615,277,True,neutral,tolerant
T277K,-1.68636967139171,277,True,neutral,tolerant
T277L,-0.42149045119150297,277,True,neutral,tolerant
T277M,-0.37310104727660603,277,True,neutral,tolerant
T277N,-0.7326140950328199,277,True,neutral,tolerant
T277P,-3.80947294535542,277,True,impactful,tolerant
T277Q,-1.0363848120805201,277,True,neutral,tolerant
T277R,-1.6943971428750801,277,True,neutral,tolerant
T277S,-0.0656969554213459,277,True,neutral,tolerant
T277T,0.0,277,True,neutral,tolerant
T277V,-0.481307255115349,277,True,neutral,tolerant
T277W,-3.0112881760858303,277,True,mild,tolerant
T277Y,-1.7954140966516798,277,True,neutral,tolerant
T278A,-0.122754817921532,278,True,neutral,sensitive
T278C,-0.152865187013917,278,True,neutral,sensitive
T278D,-4.5812656534434995,278,True,impactful,sensitive
T278E,-4.24232764518648,278,True,impactful,sensitive
T278F,-2.94175607297665,278,True,mild,sensitive
T278G,-3.05768858711682,278,True,impactful,sensitive
T278H,-4.5812656534434995,278,True,impactful,sensitive
T278I,-0.228391398977691,278,True,neutral,sensitive
T278K,-3.21840062181997,278,True,impactful,sensitive
T278L,-0.335321319095125,278,True,neutral,sensitive
T278M,-0.506215138116144,278,True,neutral,sensitive
T278N,-1.66544651679729,278,True,neutral,sensitive
T278P,-2.23716730295175,278,True,mild,sensitive
T278Q,-3.8455511511898397,278,True,impactful,sensitive
T278R,-2.9956306259581296,278,True,mild,sensitive
T278S,-0.0384034864738209,278,True,neutral,sensitive
T278T,0.0,278,True,neutral,sensitive
T278V,-0.0644159453028422,278,True,neutral,sensitive
T278W,-4.57233478222964,278,True,impactful,sensitive
T278Y,-3.74786353833943,278,True,impactful,sensitive
F279A,-1.4399428111214,279,True,neutral,tolerant
F279C,-0.9171214575040451,279,True,neutral,tolerant
F279D,-1.4133764822825,279,True,neutral,tolerant
F279E,-1.4622990003346898,279,True,neutral,tolerant
F279F,0.0,279,True,neutral,tolerant
F279G,-2.26185921107447,279,True,mild,tolerant
F279H,-0.6692533807839189,279,True,neutral,tolerant
F279I,-1.27676142075896,279,True,neutral,tolerant
F279K,-1.26466634728507,279,True,neutral,tolerant
F279L,-0.5861964432971251,279,True,neutral,tolerant
F279M,-1.21140097723396,279,True,neutral,tolerant
F279N,-0.7134311710310569,279,True,neutral,tolerant
F279P,-3.27319120467072,279,True,impactful,tolerant
F279Q,-1.13225176029648,279,True,neutral,tolerant
F279R,-1.4696766670936001,279,True,neutral,tolerant
F279S,-1.0328281329804498,279,True,neutral,tolerant
F279T,-1.2107422157161298,279,True,neutral,tolerant
F279V,-0.682098802455136,279,True,neutral,tolerant
F279W,-0.835185182900301,279,True,neutral,tolerant
F279Y,-0.0039173420954564,279,True,neutral,tolerant
N280A,-0.877938916687885,280,True,neutral,tolerant
N280C,-2.00294869898587,280,True,mild,tolerant
N280D,-0.334643289373361,280,True,neutral,tolerant
N280E,-0.5639347334170339,280,True,neutral,tolerant
N280F,-1.1546046756513502,280,True,neutral,tolerant
N280G,-2.03582978046423,280,True,mild,tolerant
N280H,-0.5161232053798661,280,True,neutral,tolerant
N280I,-1.89426319039276,280,True,mild,tolerant
N280K,-0.9213937439467109,280,True,neutral,tolerant
N280L,-1.84952441417972,280,True,neutral,tolerant
N280M,-2.09705086331705,280,True,mild,tolerant
N280N,0.0,280,True,neutral,tolerant
N280P,-4.19915929980161,280,True,impactful,tolerant
N280Q,-0.132538098642166,280,True,neutral,tolerant
N280R,-1.2182209932926298,280,True,neutral,tolerant
N280S,-0.7336664898381742,280,True,neutral,tolerant
N280T,-0.689692653588973,280,True,neutral,tolerant
N280V,-2.5481711416183304,280,True,mild,tolerant
N280W,-1.62709123810382,280,True,neutral,tolerant
N280Y,-1.53852481121611,280,True,neutral,tolerant
S281A,-0.0873530439707426,281,True,neutral,sensitive
S281C,-0.42798352760108294,281,True,neutral,sensitive
S281D,-3.74512754927677,281,True,impactful,sensitive
S281E,-4.694026700321309,281,True,impactful,sensitive
S281F,-3.3221396357016,281,True,impactful,sensitive
S281G,-1.63665200767113,281,True,neutral,sensitive
S281H,-3.7581554725156097,281,True,impactful,sensitive
S281I,-2.69452398199859,281,True,mild,sensitive
S281K,-4.49832691172336,281,True,impactful,sensitive
S281L,-1.95980681590716,281,True,mild,sensitive
S281M,-2.7528877159403997,281,True,mild,sensitive
S281N,-2.36527855530932,281,True,mild,sensitive
S281P,-3.35385258556433,281,True,impactful,sensitive
S281Q,-3.8198702567328002,281,True,impactful,sensitive
S281R,-3.15950754992896,281,True,impactful,sensitive
S281S,0.0,281,True,neutral,sensitive
S281T,-0.234604610288963,281,True,neutral,sensitive
S281V,-2.32877596976043,281,True,mild,sensitive
S281W,-6.03919077112691,281,True,impactful,sensitive
S281Y,-4.12467919409387,281,True,impactful,sensitive
I282A,-3.0351189896303903,282,True,mild,sensitive
I282C,-3.40521837253227,282,True,impactful,sensitive
I282D,-6.3610119932400595,282,True,impactful,sensitive
I282E,-5.699530438611831,282,True,impactful,sensitive
I282F,-3.7053549962079604,282,True,impactful,sensitive
I282G,-5.03085571441379,282,True,impactful,sensitive
I282H,-5.09956828597749,282,True,impactful,sensitive
I282I,0.0,282,True,neutral,sensitive
I282K,-4.32639473569352,282,True,impactful,sensitive
I282L,-1.3310606531575602,282,True,neutral,sensitive
I282M,-1.5816254389595499,282,True,neutral,sensitive
I282N,-4.5806120441173706,282,True,impactful,sensitive
I282P,-6.48667679240217,282,True,impactful,sensitive
I282Q,-4.76656079334542,282,True,impactful,sensitive
I282R,-6.12330423768529,282,True,impactful,sensitive
I282S,-4.14207323157325,282,True,impactful,sensitive
I282T,-2.0666275178641698,282,True,mild,sensitive
I282V,-0.20479149853529002,282,True,neutral,sensitive
I282W,-3.46576420229598,282,True,impactful,sensitive
I282Y,-3.0838123394273,282,True,impactful,sensitive
M283A,-1.01470134457156,283,True,neutral,tolerant
M283C,-2.17183581071033,283,True,mild,tolerant
M283D,-1.4835188678699398,283,True,neutral,tolerant
M283E,-1.2258670415044,283,True,neutral,tolerant
M283F,-1.3411645857690602,283,True,neutral,tolerant
M283G,-1.28194275233987,283,True,neutral,tolerant
M283H,-1.38044493207689,283,True,neutral,tolerant
M283I,-0.37034534557923493,283,True,neutral,tolerant
M283K,-0.9193679428567649,283,True,neutral,tolerant
M283L,-0.36017482845797705,283,True,neutral,tolerant
M283M,0.0,283,True,neutral,tolerant
M283N,-0.805331120469235,283,True,neutral,tolerant
M283P,-4.68069706597691,283,True,impactful,tolerant
M283Q,-0.6685264194100411,283,True,neutral,tolerant
M283R,-1.29483131379371,283,True,neutral,tolerant
M283S,-1.44590313869083,283,True,neutral,tolerant
M283T,-0.8341842693758579,283,True,neutral,tolerant
M283V,-0.32591051006978305,283,True,neutral,tolerant
M283W,-3.00639909973978,283,True,mild,tolerant
M283Y,-1.3386060524436798,283,True,neutral,tolerant
K284A,-0.9323354877713109,284,True,neutral,tolerant
K284C,-2.13794225046224,284,True,mild,tolerant
K284D,-1.7564221683255201,284,True,neutral,tolerant
K284E,-0.888481352823173,284,True,neutral,tolerant
K284F,-4.17161543155581,284,True,impactful,tolerant
K284G,-1.8227291126057898,284,True,neutral,tolerant
K284H,-1.14627015298971,284,True,neutral,tolerant
K284I,-1.1171480360606698,284,True,neutral,tolerant
K284K,0.0,284,True,neutral,tolerant
K284L,-2.0182540256424497,284,True,mild,tolerant
K284M,-1.5033613486344999,284,True,neutral,tolerant
K284N,-0.952873933415608,284,True,neutral,tolerant
K284P,-4.3125219075361905,284,True,impactful,tolerant
K284Q,-1.2520324518841999,284,True,neutral,tolerant
K284R,-0.18191925922305396,284,True,neutral,tolerant
K284S,-1.03089654214753,284,True,neutral,tolerant
K284T,-1.10979867151349,284,True,neutral,tolerant
K284V,-3.1699095792491603,284,True,impactful,tolerant
K284W,-4.51066159639358,284,True,impactful,tolerant
K284Y,-3.49977667432159,284,True,impactful,tolerant
C285A,-1.08318768142541,285,True,neutral,sensitive
C285C,0.0,285,True,neutral,sensitive
C285D,-4.13272993506215,285,True,impactful,sensitive
C285E,-4.53539562324637,285,True,impactful,sensitive
C285F,-3.41323792422638,285,True,impactful,sensitive
C285G,-2.5769601105985203,285,True,mild,sensitive
C285H,-3.4713619858281897,285,True,impactful,sensitive
C285I,-2.7292306379627203,285,True,mild,sensitive
C285K,-5.31659495941989,285,True,impactful,sensitive
C285L,-2.74976906008925,285,True,mild,sensitive
C285M,-2.80150945732333,285,True,mild,sensitive
C285N,-3.7495189270077995,285,True,impactful,sensitive
C285P,-5.64945087628211,285,True,impactful,sensitive
C285Q,-4.35901728476499,285,True,impactful,sensitive
C285R,-1.90412586285101,285,True,mild,sensitive
C285S,-0.309156811524078,285,True,neutral,sensitive
C285T,-0.86573962782648,285,True,neutral,sensitive
C285V,-1.96292129832755,285,True,mild,sensitive
C285W,-3.8357100625265197,285,True,impactful,sensitive
C285Y,-2.9064789968935494,285,True,mild,sensitive
D286A,-1.83275047619405,286,True,neutral,sensitive
D286C,-3.6191397375625,286,True,impactful,sensitive
D286D,0.0,286,True,neutral,sensitive
D286E,-0.690315223603994,286,True,neutral,sensitive
D286F,-5.49164278375316,286,True,impactful,sensitive
D286G,-1.99967226641058,286,True,mild,sensitive
D286H,-1.48835905452765,286,True,neutral,sensitive
D286I,-5.408888975138849,286,True,impactful,sensitive
D286K,-2.59867741052773,286,True,mild,sensitive
D286L,-4.88500800424537,286,True,impactful,sensitive
D286M,-4.3587899677986,286,True,impactful,sensitive
D286N,-0.6314372073501109,286,True,neutral,sensitive
D286P,-1.8052752101545702,286,True,neutral,sensitive
D286Q,-2.139988579093,286,True,mild,sensitive
D286R,-3.44828785394172,286,True,impactful,sensitive
D286S,-2.75018951988128,286,True,mild,sensitive
D286T,-2.13254927796604,286,True,mild,sensitive
D286V,-2.85921120577891,286,True,mild,sensitive
D286W,-6.299977199428249,286,True,impactful,sensitive
D286Y,-4.18201925716519,286,True,impactful,sensitive
V287A,-0.911678782119035,287,True,neutral,tolerant
V287C,-2.1819217129390602,287,True,mild,tolerant
V287D,-1.49362055477099,287,True,neutral,tolerant
V287E,-1.3093714322724999,287,True,neutral,tolerant
V287F,-2.30900096274454,287,True,mild,tolerant
V287G,-1.6681930187472098,287,True,neutral,tolerant
V287H,-2.43208828981752,287,True,mild,tolerant
V287I,-0.0410260369361982,287,True,neutral,tolerant
V287K,-1.39336483231341,287,True,neutral,tolerant
V287L,-0.0655778499399017,287,True,neutral,tolerant
V287M,-0.33076792343954103,287,True,neutral,tolerant
V287N,-1.73904662658646,287,True,neutral,tolerant
V287P,-1.7601496741026001,287,True,neutral,tolerant
V287Q,-1.7272304989021598,287,True,neutral,tolerant
V287R,-2.00624022945992,287,True,mild,tolerant
V287S,-1.3190957807866202,287,True,neutral,tolerant
V287T,-0.903631871825243,287,True,neutral,tolerant
V287V,0.0,287,True,neutral,tolerant
V287W,-2.9874041071991497,287,True,mild,tolerant
V287Y,-2.79034230301598,287,True,mild,tolerant
D288A,-1.7698392276180699,288,True,neutral,sensitive
D288C,-2.95182929180031,288,True,mild,sensitive
D288D,0.0,288,True,neutral,sensitive
D288E,-0.53512260981556,288,True,neutral,sensitive
D288F,-3.7467049181112797,288,True,impactful,sensitive
D288G,-1.8262219728974598,288,True,neutral,sensitive
D288H,-0.670457377015088,288,True,neutral,sensitive
D288I,-2.9198910889453598,288,True,mild,sensitive
D288K,-3.5353478895041297,288,True,impactful,sensitive
D288L,-4.52017104465375,288,True,impactful,sensitive
D288M,-4.46575805398819,288,True,impactful,sensitive
D288N,-0.628928979943703,288,True,neutral,sensitive
D288P,-4.54395579197913,288,True,impactful,sensitive
D288Q,-2.19452221391983,288,True,mild,sensitive
D288R,-2.8750362689294704,288,True,mild,sensitive
D288S,-2.49015015702108,288,True,mild,sensitive
D288T,-2.56364693654238,288,True,mild,sensitive
D288V,-2.98566832676106,288,True,mild,sensitive
D288W,-4.25138805486696,288,True,impactful,sensitive
D288Y,-2.8242567486015098,288,True,mild,sensitive
I289A,-1.36033519541962,289,True,neutral,sensitive
I289C,-2.65074231406492,289,True,mild,sensitive
I289D,-2.26817791674423,289,True,mild,sensitive
I289E,-2.9478374174429103,289,True,mild,sensitive
I289F,-1.62914103583793,289,True,neutral,sensitive
I289G,-4.051766114485851,289,True,impactful,sensitive
I289H,-2.2930428355197,289,True,mild,sensitive
I289I,0.0,289,True,neutral,sensitive
I289K,-2.88392574076719,289,True,mild,sensitive
I289L,-0.296760480167522,289,True,neutral,sensitive
I289M,-0.667363244420758,289,True,neutral,sensitive
I289N,-2.07267317053797,289,True,mild,sensitive
I289P,-4.28214882091657,289,True,impactful,sensitive
I289Q,-2.8780157906247203,289,True,mild,sensitive
I289R,-3.42260195474515,289,True,impactful,sensitive
I289S,-1.94987038150058,289,True,mild,sensitive
I289T,-1.71566330350696,289,True,neutral,sensitive
I289V,-0.3492594273205589,289,True,neutral,sensitive
I289W,-3.0839756190612,289,True,impactful,sensitive
I289Y,-2.6944267908222503,289,True,mild,sensitive
R290A,-3.49622213142802,290,True,impactful,sensitive
R290C,-1.6798370065083101,290,True,neutral,sensitive
R290D,-4.36253340043658,290,True,impactful,sensitive
R290E,-2.57110439874559,290,True,mild,sensitive
R290F,-3.77412723434129,290,True,impactful,sensitive
R290G,-3.25564537882113,290,True,impactful,sensitive
R290H,-0.893272250140115,290,True,neutral,sensitive
R290I,-3.9415887175525,290,True,impactful,sensitive
R290K,-1.1481884367629198,290,True,neutral,sensitive
R290L,-2.20065124614865,290,True,mild,sensitive
R290M,-3.06560523687683,290,True,impactful,sensitive
R290N,-2.5557522867031097,290,True,mild,sensitive
R290P,-3.21030957626721,290,True,impactful,sensitive
R290Q,-1.8213119910363702,290,True,neutral,sensitive
R290R,0.0,290,True,neutral,sensitive
R290S,-2.37822432189962,290,True,mild,sensitive
R290T,-2.25113456843238,290,True,mild,sensitive
R290V,-3.03678889846673,290,True,mild,sensitive
R290W,-2.47848652164546,290,True,mild,sensitive
R290Y,-1.94726995228589,290,True,mild,sensitive
K291A,-1.41853670600894,291,True,neutral,sensitive
K291C,-2.46482264690402,291,True,mild,sensitive
K291D,-1.83021422309348,291,True,neutral,sensitive
K291E,-1.06954000978626,291,True,neutral,sensitive
K291F,-4.04846414533869,291,True,impactful,sensitive
K291G,-2.33147037618942,291,True,mild,sensitive
K291H,-2.67532105538708,291,True,mild,sensitive
K291I,-3.27587662326246,291,True,impactful,sensitive
K291K,0.0,291,True,neutral,sensitive
K291L,-2.59030706151577,291,True,mild,sensitive
K291M,-2.64684502663963,291,True,mild,sensitive
K291N,-1.26294303897067,291,True,neutral,sensitive
K291P,-1.9608358386579698,291,True,mild,sensitive
K291Q,-1.2661028419691598,291,True,neutral,sensitive
K291R,-0.162251056291909,291,True,neutral,sensitive
K291S,-1.3280922445443402,291,True,neutral,sensitive
K291T,-1.1872803638631002,291,True,neutral,sensitive
K291V,-2.02815177509638,291,True,mild,sensitive
K291W,-3.1509631696779596,291,True,impactful,sensitive
K291Y,-3.5857741200104303,291,True,impactful,sensitive
D292A,-1.20220480910292,292,True,neutral,tolerant
D292C,-1.7082468074783301,292,True,neutral,tolerant
D292D,0.0,292,True,neutral,tolerant
D292E,-0.335140252475345,292,True,neutral,tolerant
D292F,-3.07499570315838,292,True,impactful,tolerant
D292G,-1.8432602660936899,292,True,neutral,tolerant
D292H,-0.713136192562499,292,True,neutral,tolerant
D292I,-1.90138617904993,292,True,mild,tolerant
D292K,-1.88758234433891,292,True,mild,tolerant
D292L,-1.7488480782358402,292,True,neutral,tolerant
D292M,-2.1686452520619,292,True,mild,tolerant
D292N,-0.395507337342259,292,True,neutral,tolerant
D292P,-1.97460819688806,292,True,mild,tolerant
D292Q,-0.927038395741384,292,True,neutral,tolerant
D292R,-2.42916555789146,292,True,mild,tolerant
D292S,-0.996594960985764,292,True,neutral,tolerant
D292T,-1.38730406288293,292,True,neutral,tolerant
D292V,-1.57561273205159,292,True,neutral,tolerant
D292W,-4.6350815056777,292,True,impactful,tolerant
D292Y,-1.87189266251001,292,True,neutral,tolerant
L293A,-4.0137918383332405,293,True,impactful,sensitive
L293C,-2.88856350693155,293,True,mild,sensitive
L293D,-6.457095469960589,293,True,impactful,sensitive
L293E,-6.457095469960589,293,True,impactful,sensitive
L293F,-1.33889961465265,293,True,neutral,sensitive
L293G,-4.90915089870935,293,True,impactful,sensitive
L293H,-4.15642133307335,293,True,impactful,sensitive
L293I,-1.06079683484328,293,True,neutral,sensitive
L293K,-5.1527833769379106,293,True,impactful,sensitive
L293L,0.0,293,True,neutral,sensitive
L293M,-0.416813058822206,293,True,neutral,sensitive
L293N,-6.457095469960589,293,True,impactful,sensitive
L293P,-3.16599046433191,293,True,impactful,sensitive
L293Q,-3.68177537652521,293,True,impactful,sensitive
L293R,-5.01894282980963,293,True,impactful,sensitive
L293S,-3.38685471978858,293,True,impactful,sensitive
L293T,-3.26863075963912,293,True,impactful,sensitive
L293V,-1.2646883569777,293,True,neutral,sensitive
L293W,-2.6467224280756,293,True,mild,sensitive
L293Y,-3.09704806017555,293,True,impactful,sensitive
Y294A,-1.2695539981566002,294,True,neutral,sensitive
Y294C,-1.68648464932125,294,True,neutral,sensitive
Y294D,-2.1044811623253996,294,True,mild,sensitive
Y294E,-3.4585899092480803,294,True,impactful,sensitive
Y294F,-0.201139335205133,294,True,neutral,sensitive
Y294G,-3.7517722889384197,294,True,impactful,sensitive
Y294H,-2.3872223307562,294,True,mild,sensitive
Y294I,-1.8419457196113702,294,True,neutral,sensitive
Y294K,-3.40987455079958,294,True,impactful,sensitive
Y294L,-1.26256422161932,294,True,neutral,sensitive
Y294M,-2.04852121786223,294,True,mild,sensitive
Y294N,-2.10796242954102,294,True,mild,sensitive
Y294P,-4.42319353099363,294,True,impactful,sensitive
Y294Q,-3.01589227896285,294,True,mild,sensitive
Y294R,-2.50914318741895,294,True,mild,sensitive
Y294S,-1.40181522717631,294,True,neutral,sensitive
Y294T,-2.87315572126944,294,True,mild,sensitive
Y294V,-2.0733868183336,294,True,mild,sensitive
Y294W,-1.01843605202254,294,True,neutral,sensitive
Y294Y,0.0,294,True,neutral,sensitive
A295A,0.0,295,True,neutral,tolerant
A295C,-0.353227050135897,295,True,neutral,tolerant
A295D,-1.08295745300888,295,True,neutral,tolerant
A295E,-0.6737875921754959,295,True,neutral,tolerant
A295F,-2.46951315353975,295,True,mild,tolerant
A295G,-0.346419127733975,295,True,neutral,tolerant
A295H,-0.802837578984535,295,True,neutral,tolerant
A295I,-2.82161814402745,295,True,mild,tolerant
A295K,-0.8120416238631691,295,True,neutral,tolerant
A295L,-1.34131878715627,295,True,neutral,tolerant
A295M,-1.45790775831689,295,True,neutral,tolerant
A295N,-0.48492043321422496,295,True,neutral,tolerant
A295P,-1.7789331972277,295,True,neutral,tolerant
A295Q,-0.6384136728846519,295,True,neutral,tolerant
A295R,-0.863761608292624,295,True,neutral,tolerant
A295S,-0.0552611695267719,295,True,neutral,tolerant
A295T,-0.218640625314751,295,True,neutral,tolerant
A295V,-1.53710729129899,295,True,neutral,tolerant
A295W,-4.72957348758226,295,True,impactful,tolerant
A295Y,-2.40320336556115,295,True,mild,tolerant
N296A,-2.31892999746458,296,True,mild,sensitive
N296C,-2.9875931239719598,296,True,mild,sensitive
N296D,-1.00970382245431,296,True,neutral,sensitive
N296E,-1.93380007476669,296,True,mild,sensitive
N296F,-3.98610904085357,296,True,impactful,sensitive
N296G,-2.64127703233948,296,True,mild,sensitive
N296H,-1.01372546207338,296,True,neutral,sensitive
N296I,-5.00577206908783,296,True,impactful,sensitive
N296K,-2.0771178602720703,296,True,mild,sensitive
N296L,-4.2635631957705,296,True,impactful,sensitive
N296M,-5.098104921441419,296,True,impactful,sensitive
N296N,0.0,296,True,neutral,sensitive
N296P,-4.90181390363487,296,True,impactful,sensitive
N296Q,-0.999751565896137,296,True,neutral,sensitive
N296R,-3.02906332028503,296,True,mild,sensitive
N296S,-1.32033200552539,296,True,neutral,sensitive
N296T,-1.68853292708924,296,True,neutral,sensitive
N296V,-4.80215815150187,296,True,impactful,sensitive
N296W,-5.88194267910151,296,True,impactful,sensitive
N296Y,-3.0028942513913397,296,True,mild,sensitive
T297A,-0.5943190434091079,297,True,neutral,sensitive
T297C,-0.344142828509479,297,True,neutral,sensitive
T297D,-2.77516271519496,297,True,mild,sensitive
T297E,-2.40609529309084,297,True,mild,sensitive
T297F,-2.0723544044046296,297,True,mild,sensitive
T297G,-2.93621115330652,297,True,mild,sensitive
T297H,-2.15297873966986,297,True,mild,sensitive
T297I,0.26408379007536,297,True,neutral,sensitive
T297K,-2.11525243076389,297,True,mild,sensitive
T297L,-0.202801850388267,297,True,neutral,sensitive
T297M,-0.120996681096399,297,True,neutral,sensitive
T297N,-0.42153031567225,297,True,neutral,sensitive
T297P,-2.09795039898688,297,True,mild,sensitive
T297Q,-3.50077427935058,297,True,impactful,sensitive
T297R,-3.0620815443872305,297,True,impactful,sensitive
T297S,-0.0835150583806623,297,True,neutral,sensitive
T297T,0.0,297,True,neutral,sensitive
T297V,0.22013664087514398,297,True,neutral,sensitive
T297W,-4.46774805248494,297,True,impactful,sensitive
T297Y,-4.02975307792601,297,True,impactful,sensitive
V298A,-2.36602793425005,298,True,mild,sensitive
V298C,-2.17641507367766,298,True,mild,sensitive
V298D,-5.21280566013376,298,True,impactful,sensitive
V298E,-4.12404307361367,298,True,impactful,sensitive
V298F,-1.64351244012683,298,True,neutral,sensitive
V298G,-2.10816932061271,298,True,mild,sensitive
V298H,-4.285112252842049,298,True,impactful,sensitive
V298I,-0.290817087899658,298,True,neutral,sensitive
V298K,-3.4037497955728595,298,True,impactful,sensitive
V298L,-0.762866728653979,298,True,neutral,sensitive
V298M,-1.23549045950634,298,True,neutral,sensitive
V298N,-4.817510173991571,298,True,impactful,sensitive
V298P,-4.847605499354611,298,True,impactful,sensitive
V298Q,-3.5267893284077503,298,True,impactful,sensitive
V298R,-4.2119666533911,298,True,impactful,sensitive
V298S,-2.39930507642105,298,True,mild,sensitive
V298T,-2.17540605321811,298,True,mild,sensitive
V298V,0.0,298,True,neutral,sensitive
V298W,-4.38550821859947,298,True,impactful,sensitive
V298Y,-2.94556357695754,298,True,mild,sensitive
L299A,-2.77191054866202,299,True,mild,sensitive
L299C,-1.89751253307495,299,True,mild,sensitive
L299D,-5.52598591684095,299,True,impactful,sensitive
L299E,-6.133040074956339,299,True,impactful,sensitive
L299F,-2.55548542638515,299,True,mild,sensitive
L299G,-5.236904950414679,299,True,impactful,sensitive
L299H,-4.707916939856901,299,True,impactful,sensitive
L299I,-0.5551076062746229,299,True,neutral,sensitive
L299K,-3.44567934342691,299,True,impactful,sensitive
L299L,0.0,299,True,neutral,sensitive
L299M,-0.0719572522068303,299,True,neutral,sensitive
L299N,-5.48268745569578,299,True,impactful,sensitive
L299P,-3.72252610523759,299,True,impactful,sensitive
L299Q,-2.76238547198644,299,True,mild,sensitive
L299R,-3.05127219207117,299,True,impactful,sensitive
L299S,-2.97126629339683,299,True,mild,sensitive
L299T,-1.8493228237301498,299,True,neutral,sensitive
L299V,-0.8889621991884079,299,True,neutral,sensitive
L299W,-5.589925995980559,299,True,impactful,sensitive
L299Y,-3.76545965235186,299,True,impactful,sensitive
S300A,-0.723061310540203,300,True,neutral,sensitive
S300C,-1.0013295603939398,300,True,neutral,sensitive
S300D,-3.8413585220712503,300,True,impactful,sensitive
S300E,-2.64166745027219,300,True,mild,sensitive
S300F,-3.6943285189436095,300,True,impactful,sensitive
S300G,-2.4081732645580898,300,True,mild,sensitive
S300H,-3.3586005519296402,300,True,impactful,sensitive
S300I,-3.5529774353008596,300,True,impactful,sensitive
S300K,-4.689278738807079,300,True,impactful,sensitive
S300L,-2.82526063999241,300,True,mild,sensitive
S300M,-3.9087673813172996,300,True,impactful,sensitive
S300N,-2.03487137692084,300,True,mild,sensitive
S300P,-3.43835412023095,300,True,impactful,sensitive
S300Q,-4.4653714923360495,300,True,impactful,sensitive
S300R,-4.7440145733116905,300,True,impactful,sensitive
S300S,0.0,300,True,neutral,sensitive
S300T,-0.567571669152543,300,True,neutral,sensitive
S300V,-2.0136846425689297,300,True,mild,sensitive
S300W,-5.98623654188688,300,True,impactful,sensitive
S300Y,-2.77589970842961,300,True,mild,sensitive
G301A,-4.84029309798362,301,True,impactful,sensitive
G301C,-3.47789423315022,301,True,impactful,sensitive
G301D,-4.17406929710062,301,True,impactful,sensitive
G301E,-4.16798287941846,301,True,impactful,sensitive
G301F,-4.869424292360179,301,True,impactful,sensitive
G301G,0.0,301,True,neutral,sensitive
G301H,-6.48551309704376,301,True,impactful,sensitive
G301I,-5.44437844620245,301,True,impactful,sensitive
G301K,-6.979658394692089,301,True,impactful,sensitive
G301L,-3.67656133792947,301,True,impactful,sensitive
G301M,-6.89957522370707,301,True,impactful,sensitive
G301N,-4.764165953475629,301,True,impactful,sensitive
G301P,-7.62162371159374,301,True,impactful,sensitive
G301Q,-6.7420475411961505,301,True,impactful,sensitive
G301R,-3.13445545777555,301,True,impactful,sensitive
G301S,-2.87660803738052,301,True,mild,sensitive
G301T,-5.81160822645589,301,True,impactful,sensitive
G301V,-4.85709618781131,301,True,impactful,sensitive
G301W,-4.2592964563128195,301,True,impactful,sensitive
G301Y,-7.2761795162625,301,True,impactful,sensitive
G302A,-2.52837843497002,302,True,mild,sensitive
G302C,-3.1624689975094302,302,True,impactful,sensitive
G302D,-2.5087038456245,302,True,mild,sensitive
G302E,-4.67618196533385,302,True,impactful,sensitive
G302F,-6.459217443985651,302,True,impactful,sensitive
G302G,0.0,302,True,neutral,sensitive
G302H,-5.690119472163071,302,True,impactful,sensitive
G302I,-5.3418157417927095,302,True,impactful,sensitive
G302K,-5.140710775257951,302,True,impactful,sensitive
G302L,-4.890380080894,302,True,impactful,sensitive
G302M,-6.778504182220559,302,True,impactful,sensitive
G302N,-4.608984028072519,302,True,impactful,sensitive
G302P,-3.9884098042654705,302,True,impactful,sensitive
G302Q,-6.12545002091635,302,True,impactful,sensitive
G302R,-3.8827391050538904,302,True,impactful,sensitive
G302S,-1.94562087320891,302,True,mild,sensitive
G302T,-5.35522803636189,302,True,impactful,sensitive
G302V,-4.53007399280856,302,True,impactful,sensitive
G302W,-4.12337550715356,302,True,impactful,sensitive
G302Y,-6.51461381195462,302,True,impactful,sensitive
T303A,-1.2318042283239,303,True,neutral,sensitive
T303C,-1.51834736881207,303,True,neutral,sensitive
T303D,-3.82653971306499,303,True,impactful,sensitive
T303E,-3.35105934565293,303,True,impactful,sensitive
T303F,-2.43219560618804,303,True,mild,sensitive
T303G,-1.9862860647541498,303,True,mild,sensitive
T303H,-1.7618656751765298,303,True,neutral,sensitive
T303I,-2.49918201274969,303,True,mild,sensitive
T303K,-3.69437734580833,303,True,impactful,sensitive
T303L,-2.88925714544855,303,True,mild,sensitive
T303M,-3.0804397897985,303,True,impactful,sensitive
T303N,-1.1614130905272,303,True,neutral,sensitive
T303P,-2.3042789745400096,303,True,mild,sensitive
T303Q,-2.94625157645386,303,True,mild,sensitive
T303R,-3.6922011072606598,303,True,impactful,sensitive
T303S,-0.0455298561651628,303,True,neutral,sensitive
T303T,0.0,303,True,neutral,sensitive
T303V,-3.0446365152912795,303,True,mild,sensitive
T303W,-4.15382666976716,303,True,impactful,sensitive
T303Y,-2.84112494939482,303,True,mild,sensitive
T304A,-1.3204763459112,304,True,neutral,sensitive
T304C,-1.58641299244324,304,True,neutral,sensitive
T304D,-5.2744254056173805,304,True,impactful,sensitive
T304E,-4.45875441843929,304,True,impactful,sensitive
T304F,-3.7444458335421698,304,True,impactful,sensitive
T304G,-3.11661481870294,304,True,impactful,sensitive
T304H,-3.2629654479827597,304,True,impactful,sensitive
T304I,-3.3599537409437,304,True,impactful,sensitive
T304K,-5.656465371539401,304,True,impactful,sensitive
T304L,-4.16371685967511,304,True,impactful,sensitive
T304M,-2.70429419946925,304,True,mild,sensitive
T304N,-2.3580057727408703,304,True,mild,sensitive
T304P,-2.14459214143547,304,True,mild,sensitive
T304Q,-5.6316864879917095,304,True,impactful,sensitive
T304R,-4.14604743315782,304,True,impactful,sensitive
T304S,-0.0812234456315557,304,True,neutral,sensitive
T304T,0.0,304,True,neutral,sensitive
T304V,-3.82139487132234,304,True,impactful,sensitive
T304W,-6.02386529423861,304,True,impactful,sensitive
T304Y,-3.84392439537011,304,True,impactful,sensitive
M305A,-2.84122466691646,305,True,mild,sensitive
M305C,-1.8105102189301399,305,True,neutral,sensitive
M305D,-4.39180368980318,305,True,impactful,sensitive
M305E,-3.7832674503373998,305,True,impactful,sensitive
M305F,-2.5871663312228197,305,True,mild,sensitive
M305G,-4.25729123505374,305,True,impactful,sensitive
M305H,-2.68934786531155,305,True,mild,sensitive
M305I,-0.630337554463372,305,True,neutral,sensitive
M305K,-2.4669667935335897,305,True,mild,sensitive
M305L,-0.420299000295013,305,True,neutral,sensitive
M305M,0.0,305,True,neutral,sensitive
M305N,-2.5577768834171,305,True,mild,sensitive
M305P,-4.98785617328642,305,True,impactful,sensitive
M305Q,-2.73024539602468,305,True,mild,sensitive
M305R,-2.21827165616601,305,True,mild,sensitive
M305S,-2.5757142546028,305,True,mild,sensitive
M305T,-1.81411631850703,305,True,neutral,sensitive
M305V,-0.302067419312942,305,True,neutral,sensitive
M305W,-4.25078525690615,305,True,impactful,sensitive
M305Y,-3.30964554208412,305,True,impactful,sensitive
Y306A,-1.83089212115328,306,True,neutral,tolerant
Y306C,-1.07503901291217,306,True,neutral,tolerant
Y306D,-2.2093904067916204,306,True,mild,tolerant
Y306E,-4.16211915897234,306,True,impactful,tolerant
Y306F,-0.0395410689639983,306,True,neutral,tolerant
Y306G,-4.10313357961218,306,True,impactful,tolerant
Y306H,-1.39638251150927,306,True,neutral,tolerant
Y306I,-1.18672161027344,306,True,neutral,tolerant
Y306K,-4.96158203302108,306,True,impactful,tolerant
Y306L,-0.6717203157679489,306,True,neutral,tolerant
Y306M,-0.961075080355008,306,True,neutral,tolerant
Y306N,-1.9981484235335498,306,True,mild,tolerant
Y306P,-3.4392823314002596,306,True,impactful,tolerant
Y306Q,-3.22291405003712,306,True,impactful,tolerant
Y306R,-3.77450729551019,306,True,impactful,tolerant
Y306S,-1.03410803804443,306,True,neutral,tolerant
Y306T,-1.51341884351329,306,True,neutral,tolerant
Y306V,-0.572313383737013,306,True,neutral,tolerant
Y306W,-1.67691331241415,306,True,neutral,tolerant
Y306Y,0.0,306,True,neutral,tolerant
P307A,-0.564573669256359,307,True,neutral,tolerant
P307C,-1.79950191743555,307,True,neutral,tolerant
P307D,-0.8840302934785171,307,True,neutral,tolerant
P307E,-0.6990305962331179,307,True,neutral,tolerant
P307F,-3.62055901211502,307,True,impactful,tolerant
P307G,-1.4614576471432799,307,True,neutral,tolerant
P307H,-0.668393435075187,307,True,neutral,tolerant
P307I,-1.7237718648802,307,True,neutral,tolerant
P307K,-0.860197659905832,307,True,neutral,tolerant
P307L,-1.3859313274863703,307,True,neutral,tolerant
P307M,-3.12580147585203,307,True,impactful,tolerant
P307N,-0.6158716204948,307,True,neutral,tolerant
P307P,0.0,307,True,neutral,tolerant
P307Q,-0.661319694188036,307,True,neutral,tolerant
P307R,-0.878009686723442,307,True,neutral,tolerant
P307S,-0.669879656967465,307,True,neutral,tolerant
P307T,-0.771333572501445,307,True,neutral,tolerant
P307V,-2.05845417430892,307,True,mild,tolerant
P307W,-3.2453123703875204,307,True,impactful,tolerant
P307Y,-3.20306767295089,307,True,impactful,tolerant
G308A,-2.05085237908508,308,True,mild,sensitive
G308C,-1.8167485582765401,308,True,neutral,sensitive
G308D,-1.20781173235941,308,True,neutral,sensitive
G308E,-2.8047210612182703,308,True,mild,sensitive
G308F,-2.9314908533386497,308,True,mild,sensitive
G308G,0.0,308,True,neutral,sensitive
G308H,-2.09845493479951,308,True,mild,sensitive
G308I,-6.22588086997801,308,True,impactful,sensitive
G308K,-2.7814968318290902,308,True,mild,sensitive
G308L,-4.6923730123236504,308,True,impactful,sensitive
G308M,-5.692156194704371,308,True,impactful,sensitive
G308N,-1.2389977844189,308,True,neutral,sensitive
G308P,-5.9103328809956395,308,True,impactful,sensitive
G308Q,-1.2601001181111298,308,True,neutral,sensitive
G308R,-2.8229206682114,308,True,mild,sensitive
G308S,-2.11678927983697,308,True,mild,sensitive
G308T,-3.9641295664989604,308,True,impactful,sensitive
G308V,-2.83615319417655,308,True,mild,sensitive
G308W,-5.63982286645175,308,True,impactful,sensitive
G308Y,-4.302565241411839,308,True,impactful,sensitive
I309A,-1.93638023684982,309,True,mild,sensitive
I309C,-3.88011766629295,309,True,impactful,sensitive
I309D,-3.94285275191615,309,True,impactful,sensitive
I309E,-5.68455486042347,309,True,impactful,sensitive
I309F,-0.641514988223173,309,True,neutral,sensitive
I309G,-3.2674593500304403,309,True,impactful,sensitive
I309H,-4.165617485804161,309,True,impactful,sensitive
I309I,0.0,309,True,neutral,sensitive
I309K,-4.868374007141941,309,True,impactful,sensitive
I309L,-0.17929032238884698,309,True,neutral,sensitive
I309M,-0.27235413762108496,309,True,neutral,sensitive
I309N,-3.9715676282806402,309,True,impactful,sensitive
I309P,-4.014467026773991,309,True,impactful,sensitive
I309Q,-5.68455486042347,309,True,impactful,sensitive
I309R,-5.789154863415691,309,True,impactful,sensitive
I309S,-1.9843947717232902,309,True,mild,sensitive
I309T,-1.65929231038245,309,True,neutral,sensitive
I309V,-0.184512476059558,309,True,neutral,sensitive
I309W,-3.08477335298144,309,True,impactful,sensitive
I309Y,-1.4602696187139,309,True,neutral,sensitive
A310A,0.0,310,True,neutral,tolerant
A310C,-0.6105191100947299,310,True,neutral,tolerant
A310D,-0.6670418433467571,310,True,neutral,tolerant
A310E,-0.922839657565143,310,True,neutral,tolerant
A310F,-3.71645739852767,310,True,impactful,tolerant
A310G,-0.42372306600640103,310,True,neutral,tolerant
A310H,-1.1964191229336498,310,True,neutral,tolerant
A310I,-1.1186892309111298,310,True,neutral,tolerant
A310K,-1.24325440982721,310,True,neutral,tolerant
A310L,-1.9827854250177401,310,True,mild,tolerant
A310M,-2.49727212527358,310,True,mild,tolerant
A310N,-0.8827429069712959,310,True,neutral,tolerant
A310P,-0.6380128469661329,310,True,neutral,tolerant
A310Q,-0.9191731782777779,310,True,neutral,tolerant
A310R,-1.1108508266067298,310,True,neutral,tolerant
A310S,-0.214112495496289,310,True,neutral,tolerant
A310T,-0.0986471838213827,310,True,neutral,tolerant
A310V,-1.08359284576477,310,True,neutral,tolerant
A310W,-5.08063061678942,310,True,impactful,tolerant
A310Y,-3.16843396872653,310,True,impactful,tolerant
D311A,-1.07460972027263,311,True,neutral,tolerant
D311C,-2.5033408139367004,311,True,mild,tolerant
D311D,0.0,311,True,neutral,tolerant
D311E,-0.187794127938685,311,True,neutral,tolerant
D311F,-3.1032611907488103,311,True,impactful,tolerant
D311G,-1.4494218076386598,311,True,neutral,tolerant
D311H,-0.26002834249614,311,True,neutral,tolerant
D311I,-2.80870613246692,311,True,mild,tolerant
D311K,-1.07930413284375,311,True,neutral,tolerant
D311L,-2.74870425183996,311,True,mild,tolerant
D311M,-2.75734004178577,311,True,mild,tolerant
D311N,-0.23828425601846698,311,True,neutral,tolerant
D311P,-2.2522377468354,311,True,mild,tolerant
D311Q,-0.55737461787513,311,True,neutral,tolerant
D311R,-1.1023115455361499,311,True,neutral,tolerant
D311S,-1.1741792725702,311,True,neutral,tolerant
D311T,-1.04052369947475,311,True,neutral,tolerant
D311V,-1.5712571343245398,311,True,neutral,tolerant
D311W,-5.14918291268631,311,True,impactful,tolerant
D311Y,-2.05687625055935,311,True,mild,tolerant
R312A,-3.0603986024436898,312,True,impactful,sensitive
R312C,-3.1941077897166004,312,True,impactful,sensitive
R312D,-5.72420440029562,312,True,impactful,sensitive
R312E,-4.01014622198662,312,True,impactful,sensitive
R312F,-6.4242251653929605,312,True,impactful,sensitive
R312G,-4.33375693856929,312,True,impactful,sensitive
R312H,-2.45920613381646,312,True,mild,sensitive
R312I,-6.3741235430467,312,True,impactful,sensitive
R312K,-1.34215353704871,312,True,neutral,sensitive
R312L,-4.36222481520291,312,True,impactful,sensitive
R312M,-5.0877380943884996,312,True,impactful,sensitive
R312N,-6.208470060311611,312,True,impactful,sensitive
R312P,-3.4445543527253903,312,True,impactful,sensitive
R312Q,-2.49096338061717,312,True,mild,sensitive
R312R,0.0,312,True,neutral,sensitive
R312S,-2.80541363198788,312,True,mild,sensitive
R312T,-5.0659208575833,312,True,impactful,sensitive
R312V,-6.22016509897097,312,True,impactful,sensitive
R312W,-2.9254387995598,312,True,mild,sensitive
R312Y,-6.0813175832664905,312,True,impactful,sensitive
M313A,-2.01984867010748,313,True,mild,sensitive
M313C,-2.4170556529570497,313,True,mild,sensitive
M313D,-2.42953791486604,313,True,mild,sensitive
M313E,-5.372830356716219,313,True,impactful,sensitive
M313F,-1.4952947948978301,313,True,neutral,sensitive
M313G,-4.2252226564697795,313,True,impactful,sensitive
M313H,-4.958872100333861,313,True,impactful,sensitive
M313I,-0.114408849647829,313,True,neutral,sensitive
M313K,-3.9932333942534797,313,True,impactful,sensitive
M313L,-0.22610801657974697,313,True,neutral,sensitive
M313M,0.0,313,True,neutral,sensitive
M313N,-4.91488830630578,313,True,impactful,sensitive
M313P,-5.4982194623284695,313,True,impactful,sensitive
M313Q,-4.02423379374313,313,True,impactful,sensitive
M313R,-2.9126641612876294,313,True,mild,sensitive
M313S,-3.1504489322802502,313,True,impactful,sensitive
M313T,-2.15659834230723,313,True,mild,sensitive
M313V,-0.35649540182707207,313,True,neutral,sensitive
M313W,-4.6068295934440995,313,True,impactful,sensitive
M313Y,-1.5251240076073602,313,True,neutral,sensitive
Q314A,-0.57936315055664,314,True,neutral,tolerant
Q314C,-1.1065858206010801,314,True,neutral,tolerant
Q314D,-0.8067195915561791,314,True,neutral,tolerant
Q314E,-0.305168227981351,314,True,neutral,tolerant
Q314F,-2.2701246672992097,314,True,mild,tolerant
Q314G,-2.04714637044526,314,True,mild,tolerant
Q314H,-0.21689650076634803,314,True,neutral,tolerant
Q314I,-1.24475909521981,314,True,neutral,tolerant
Q314K,-1.09084110071442,314,True,neutral,tolerant
Q314L,-1.05673624930307,314,True,neutral,tolerant
Q314M,-0.9988181614184649,314,True,neutral,tolerant
Q314N,-0.24685068141215197,314,True,neutral,tolerant
Q314P,-3.52972858607354,314,True,impactful,tolerant
Q314Q,0.0,314,True,neutral,tolerant
Q314R,-0.694941504782164,314,True,neutral,tolerant
Q314S,-0.558684764888034,314,True,neutral,tolerant
Q314T,-0.6093895571112261,314,True,neutral,tolerant
Q314V,-1.7386353772960002,314,True,neutral,tolerant
Q314W,-1.9716840670665698,314,True,mild,tolerant
Q314Y,-1.2906168108608898,314,True,neutral,tolerant
K315A,-1.22096846670732,315,True,neutral,tolerant
K315C,-2.4293155996832403,315,True,mild,tolerant
K315D,-1.09738535069498,315,True,neutral,tolerant
K315E,-1.1803783546346,315,True,neutral,tolerant
K315F,-2.6912773074511804,315,True,mild,tolerant
K315G,-2.23113159449926,315,True,mild,tolerant
K315H,-0.92200657884829,315,True,neutral,tolerant
K315I,-1.89856099357557,315,True,mild,tolerant
K315K,0.0,315,True,neutral,tolerant
K315L,-2.10444486481174,315,True,mild,tolerant
K315M,-2.04665846543142,315,True,mild,tolerant
K315N,-1.26380765056065,315,True,neutral,tolerant
K315P,-2.8829920686061206,315,True,mild,tolerant
K315Q,-0.994962800376926,315,True,neutral,tolerant
K315R,-0.135033774253627,315,True,neutral,tolerant
K315S,-1.2262024384294,315,True,neutral,tolerant
K315T,-1.4938807583648703,315,True,neutral,tolerant
K315V,-1.6631098386978302,315,True,neutral,tolerant
K315W,-2.81977944437152,315,True,mild,tolerant
K315Y,-2.55393729992044,315,True,mild,tolerant
E316A,-2.9939009929606897,316,True,mild,sensitive
E316C,-4.3920038885626695,316,True,impactful,sensitive
E316D,-0.307436168084633,316,True,neutral,sensitive
E316E,0.0,316,True,neutral,sensitive
E316F,-6.475622950475321,316,True,impactful,sensitive
E316G,-1.78118555507691,316,True,neutral,sensitive
E316H,-2.36770629568764,316,True,mild,sensitive
E316I,-4.0205555548218195,316,True,impactful,sensitive
E316K,-2.23312984330892,316,True,mild,sensitive
E316L,-4.46279296360985,316,True,impactful,sensitive
E316M,-3.9856541964944703,316,True,impactful,sensitive
E316N,-2.33020769521216,316,True,mild,sensitive
E316P,-5.35186706060003,316,True,impactful,sensitive
E316Q,-1.21759235195608,316,True,neutral,sensitive
E316R,-2.73130712106125,316,True,mild,sensitive
E316S,-2.09262322216725,316,True,mild,sensitive
E316T,-2.27581204394462,316,True,mild,sensitive
E316V,-3.55671504678071,316,True,impactful,sensitive
E316W,-6.64905003419517,316,True,impactful,sensitive
E316Y,-6.23128180786246,316,True,impactful,sensitive
I317A,-3.2198449616706,317,True,impactful,sensitive
I317C,-3.15508996399176,317,True,impactful,sensitive
I317D,-5.07887209451702,317,True,impactful,sensitive
I317E,-2.4556771135036803,317,True,mild,sensitive
I317F,-2.0433989477974097,317,True,mild,sensitive
I317G,-4.3749897948564795,317,True,impactful,sensitive
I317H,-4.557087651699121,317,True,impactful,sensitive
I317I,0.0,317,True,neutral,sensitive
I317K,-4.67669109105625,317,True,impactful,sensitive
I317L,-0.12198845906616,317,True,neutral,sensitive
I317M,-0.0900673281858315,317,True,neutral,sensitive
I317N,-2.3968712837825,317,True,mild,sensitive
I317P,-3.64319065246535,317,True,impactful,sensitive
I317Q,-5.26369371450606,317,True,impactful,sensitive
I317R,-4.5418610010736105,317,True,impactful,sensitive
I317S,-1.85253486126959,317,True,neutral,sensitive
I317T,-1.72230643743447,317,True,neutral,sensitive
I317V,-0.0737982884574185,317,True,neutral,sensitive
I317W,-5.04814797862227,317,True,impactful,sensitive
I317Y,-3.3800091019276803,317,True,impactful,sensitive
T318A,-0.148122424825199,318,True,neutral,tolerant
T318C,-0.0911390129790896,318,True,neutral,tolerant
T318D,-0.854919969233853,318,True,neutral,tolerant
T318E,-0.9116834125162031,318,True,neutral,tolerant
T318F,-2.08533702254217,318,True,mild,tolerant
T318G,-1.21632631119903,318,True,neutral,tolerant
T318H,-0.655297551324586,318,True,neutral,tolerant
T318I,-0.589945430843381,318,True,neutral,tolerant
T318K,-0.434385179288695,318,True,neutral,tolerant
T318L,-0.995396434294751,318,True,neutral,tolerant
T318M,-0.556241276433969,318,True,neutral,tolerant
T318N,-0.505554791735003,318,True,neutral,tolerant
T318P,-1.7802698709115299,318,True,neutral,tolerant
T318Q,-0.48318787178734995,318,True,neutral,tolerant
T318R,-1.00083967616633,318,True,neutral,tolerant
T318S,-0.0680871697453544,318,True,neutral,tolerant
T318T,0.0,318,True,neutral,tolerant
T318V,-0.5227077870902801,318,True,neutral,tolerant
T318W,-2.49602429679914,318,True,mild,tolerant
T318Y,-2.2214210128695897,318,True,mild,tolerant
A319A,0.0,319,True,neutral,tolerant
A319C,-0.21026942507150895,319,True,neutral,tolerant
A319D,-0.670033328416088,319,True,neutral,tolerant
A319E,-0.7853673596357711,319,True,neutral,tolerant
A319F,-1.8849092948865198,319,True,mild,tolerant
A319G,-0.808878676991578,319,True,neutral,tolerant
A319H,-0.5230751867097,319,True,neutral,tolerant
A319I,-0.6571184620798061,319,True,neutral,tolerant
A319K,-0.718543932731688,319,True,neutral,tolerant
A319L,-0.6514837044773559,319,True,neutral,tolerant
A319M,-0.743035698071862,319,True,neutral,tolerant
A319N,-0.40604009405306707,319,True,neutral,tolerant
A319P,-1.50418032767897,319,True,neutral,tolerant
A319Q,-0.476516495704415,319,True,neutral,tolerant
A319R,-0.7994680939081791,319,True,neutral,tolerant
A319S,-0.00984169548120109,319,True,neutral,tolerant
A319T,-0.0379822384016377,319,True,neutral,tolerant
A319V,-1.00226766027896,319,True,neutral,tolerant
A319W,-2.69025337726327,319,True,mild,tolerant
A319Y,-1.8474275139302598,319,True,neutral,tolerant
L320A,-1.7513922867054499,320,True,neutral,tolerant
L320C,-2.7013417548076,320,True,mild,tolerant
L320D,-2.75706559843392,320,True,mild,tolerant
L320E,-2.6607350317639398,320,True,mild,tolerant
L320F,-1.6472239200203898,320,True,neutral,tolerant
L320G,-3.45987652912673,320,True,impactful,tolerant
L320H,-1.9519650423948702,320,True,mild,tolerant
L320I,-0.7065229218371829,320,True,neutral,tolerant
L320K,-1.79376073729348,320,True,neutral,tolerant
L320L,0.0,320,True,neutral,tolerant
L320M,-0.267716197984499,320,True,neutral,tolerant
L320N,-1.8427004430125702,320,True,neutral,tolerant
L320P,-2.5293409925962997,320,True,mild,tolerant
L320Q,-1.47625498994694,320,True,neutral,tolerant
L320R,-1.65241477440106,320,True,neutral,tolerant
L320S,-1.47283028823063,320,True,neutral,tolerant
L320T,-1.76946577041903,320,True,neutral,tolerant
L320V,-0.35816944412502294,320,True,neutral,tolerant
L320W,-2.3484803862960897,320,True,mild,tolerant
L320Y,-2.49824365103555,320,True,mild,tolerant
A321A,0.0,321,True,neutral,sensitive
A321C,-1.07474729711477,321,True,neutral,sensitive
A321D,-2.5938657169829304,321,True,mild,sensitive
A321E,-1.57743737231034,321,True,neutral,sensitive
A321F,-2.4668184565880003,321,True,mild,sensitive
A321G,-1.8727947184576899,321,True,neutral,sensitive
A321H,-2.7878916725525804,321,True,mild,sensitive
A321I,-1.45968087433343,321,True,neutral,sensitive
A321K,-2.27456527164362,321,True,mild,sensitive
A321L,-0.970542343696232,321,True,neutral,sensitive
A321M,-1.84509845924824,321,True,neutral,sensitive
A321N,-2.31044755362853,321,True,mild,sensitive
A321P,-1.93354730526352,321,True,mild,sensitive
A321Q,-2.6477324431131404,321,True,mild,sensitive
A321R,-1.98922541815047,321,True,mild,sensitive
A321S,-0.23135989660684303,321,True,neutral,sensitive
A321T,-0.230245900210094,321,True,neutral,sensitive
A321V,-0.793649703621857,321,True,neutral,sensitive
A321W,-3.30929472769121,321,True,impactful,sensitive
A321Y,-2.27112378448502,321,True,mild,sensitive
P322A,-1.3067134487073702,322,True,neutral,sensitive
P322C,-2.8610552303727297,322,True,mild,sensitive
P322D,-2.51854305722209,322,True,mild,sensitive
P322E,-2.42609954758017,322,True,mild,sensitive
P322F,-3.13104141180179,322,True,impactful,sensitive
P322G,-2.53543683339656,322,True,mild,sensitive
P322H,-1.99605925376496,322,True,mild,sensitive
P322I,-2.57302460473213,322,True,mild,sensitive
P322K,-2.8315853721776096,322,True,mild,sensitive
P322L,-1.4509207559026298,322,True,neutral,sensitive
P322M,-2.49283330578699,322,True,mild,sensitive
P322N,-2.14121314037939,322,True,mild,sensitive
P322P,0.0,322,True,neutral,sensitive
P322Q,-1.7434670776138503,322,True,neutral,sensitive
P322R,-2.14798625299023,322,True,mild,sensitive
P322S,-1.23019471028751,322,True,neutral,sensitive
P322T,-1.5340185514805902,322,True,neutral,sensitive
P322V,-1.9275486831791202,322,True,mild,sensitive
P322W,-5.37887629114856,322,True,impactful,sensitive
P322Y,-3.4163692292716497,322,True,impactful,sensitive
S323A,-0.0668819910112236,323,True,neutral,tolerant
S323C,-0.8931482220557649,323,True,neutral,tolerant
S323D,-0.78975590509371,323,True,neutral,tolerant
S323E,-0.9170322368404991,323,True,neutral,tolerant
S323F,-2.60660145146345,323,True,mild,tolerant
S323G,-0.8235416453740999,323,True,neutral,tolerant
S323H,-0.847386167178503,323,True,neutral,tolerant
S323I,-1.43223901152583,323,True,neutral,tolerant
S323K,-0.8496416914942301,323,True,neutral,tolerant
S323L,-1.55725273998485,323,True,neutral,tolerant
S323M,-2.36852894977796,323,True,mild,tolerant
S323N,-0.453019080763264,323,True,neutral,tolerant
S323P,-0.455542557599105,323,True,neutral,tolerant
S323Q,-0.6666543153685539,323,True,neutral,tolerant
S323R,-0.7817122624371401,323,True,neutral,tolerant
S323S,0.0,323,True,neutral,tolerant
S323T,-0.0125373150841693,323,True,neutral,tolerant
S323V,-1.7365439480302802,323,True,neutral,tolerant
S323W,-3.8281817667391604,323,True,impactful,tolerant
S323Y,-2.50869938829116,323,True,mild,tolerant
T324A,-0.188142957111596,324,True,neutral,tolerant
T324C,-1.04553551814107,324,True,neutral,tolerant
T324D,-1.07208575498102,324,True,neutral,tolerant
T324E,-1.5407054054733602,324,True,neutral,tolerant
T324F,-2.45300077139204,324,True,mild,tolerant
T324G,-0.863200301908696,324,True,neutral,tolerant
T324H,-1.28306833319667,324,True,neutral,tolerant
T324I,-0.920793238528311,324,True,neutral,tolerant
T324K,-1.10599272423776,324,True,neutral,tolerant
T324L,-1.5793324429846698,324,True,neutral,tolerant
T324M,-0.9778322608593941,324,True,neutral,tolerant
T324N,-0.6042212500579721,324,True,neutral,tolerant
T324P,-1.1196183869993002,324,True,neutral,tolerant
T324Q,-1.06880414860273,324,True,neutral,tolerant
T324R,-1.30182051757625,324,True,neutral,tolerant
T324S,-0.0555997852373256,324,True,neutral,tolerant
T324T,0.0,324,True,neutral,tolerant
T324V,-1.3543578368836902,324,True,neutral,tolerant
T324W,-3.3117890311314797,324,True,impactful,tolerant
T324Y,-1.6459941874793798,324,True,neutral,tolerant
M325A,-1.11760260969882,325,True,neutral,tolerant
M325C,-1.5260403264196298,325,True,neutral,tolerant
M325D,-2.5462589318425497,325,True,mild,tolerant
M325E,-2.21391592338199,325,True,mild,tolerant
M325F,-1.41491758573679,325,True,neutral,tolerant
M325G,-2.18881969476628,325,True,mild,tolerant
M325H,-1.72277370148053,325,True,neutral,tolerant
M325I,-0.0677257095496693,325,True,neutral,tolerant
M325K,-2.05822809255897,325,True,mild,tolerant
M325L,-0.333999592278365,325,True,neutral,tolerant
M325M,0.0,325,True,neutral,tolerant
M325N,-1.31545433460121,325,True,neutral,tolerant
M325P,-2.240113290495,325,True,mild,tolerant
M325Q,-1.57911331873297,325,True,neutral,tolerant
M325R,-1.4723679939665901,325,True,neutral,tolerant
M325S,-1.1054900752069,325,True,neutral,tolerant
M325T,-0.7750711302353149,325,True,neutral,tolerant
M325V,-0.20959037321215898,325,True,neutral,tolerant
M325W,-1.8877242707864,325,True,mild,tolerant
M325Y,-1.9569819325322801,325,True,mild,tolerant
K326A,-1.2728129020177,326,True,neutral,tolerant
K326C,-2.3060450613924197,326,True,mild,tolerant
K326D,-0.954569280702382,326,True,neutral,tolerant
K326E,-0.559892454170758,326,True,neutral,tolerant
K326F,-2.64575034157656,326,True,mild,tolerant
K326G,-2.07624114414627,326,True,mild,tolerant
K326H,-1.49064836797171,326,True,neutral,tolerant
K326I,-2.27122510266268,326,True,mild,tolerant
K326K,0.0,326,True,neutral,tolerant
K326L,-2.2868563915839104,326,True,mild,tolerant
K326M,-2.15691445647763,326,True,mild,tolerant
K326N,-0.8683176863847171,326,True,neutral,tolerant
K326P,-1.6545552348499502,326,True,neutral,tolerant
K326Q,-1.0891008732826999,326,True,neutral,tolerant
K326R,-0.0686095347833275,326,True,neutral,tolerant
K326S,-1.39651103973649,326,True,neutral,tolerant
K326T,-1.1011271598052401,326,True,neutral,tolerant
K326V,-1.88153939152302,326,True,neutral,tolerant
K326W,-4.74077644978795,326,True,impactful,tolerant
K326Y,-3.1452384127572697,326,True,impactful,tolerant
I327A,-1.5638972818872199,327,True,neutral,sensitive
I327C,-2.02321834457703,327,True,mild,sensitive
I327D,-3.23244802462796,327,True,impactful,sensitive
I327E,-4.7376003255314005,327,True,impactful,sensitive
I327F,-2.7085873679536303,327,True,mild,sensitive
I327G,-3.57497425361597,327,True,impactful,sensitive
I327H,-3.56763132310555,327,True,impactful,sensitive
I327I,0.0,327,True,neutral,sensitive
I327K,-3.7715799994145502,327,True,impactful,sensitive
I327L,-0.8400840016172441,327,True,neutral,sensitive
I327M,-0.549205059400865,327,True,neutral,sensitive
I327N,-3.2225931099451297,327,True,impactful,sensitive
I327P,-1.94811211836548,327,True,mild,sensitive
I327Q,-4.913708338819849,327,True,impactful,sensitive
I327R,-3.9362451241430896,327,True,impactful,sensitive
I327S,-1.02064786349442,327,True,neutral,sensitive
I327T,-1.36793129641264,327,True,neutral,sensitive
I327V,-0.10443189178718401,327,True,neutral,sensitive
I327W,-2.8463104902618097,327,True,mild,sensitive
I327Y,-3.4107922624067197,327,True,impactful,sensitive
K328A,-2.45020099958198,328,True,mild,sensitive
K328C,-2.5726449729846097,328,True,mild,sensitive
K328D,-1.06009850839593,328,True,neutral,sensitive
K328E,-0.6848764296882971,328,True,neutral,sensitive
K328F,-4.15084515705779,328,True,impactful,sensitive
K328G,-2.47906015856669,328,True,mild,sensitive
K328H,-2.03299846769101,328,True,mild,sensitive
K328I,-2.61779143795095,328,True,mild,sensitive
K328K,0.0,328,True,neutral,sensitive
K328L,-2.46688455178512,328,True,mild,sensitive
K328M,-1.9680741635425498,328,True,mild,sensitive
K328N,-1.13119822611512,328,True,neutral,sensitive
K328P,-2.67447229330866,328,True,mild,sensitive
K328Q,-0.9889290356214631,328,True,neutral,sensitive
K328R,-0.16257389318370802,328,True,neutral,sensitive
K328S,-1.5398131840543798,328,True,neutral,sensitive
K328T,-1.71235368277192,328,True,neutral,sensitive
K328V,-2.98183067164639,328,True,mild,sensitive
K328W,-4.67035712665513,328,True,impactful,sensitive
K328Y,-3.57089180737485,328,True,impactful,sensitive
I329A,-1.47435205531373,329,True,neutral,sensitive
I329C,-2.47600141346432,329,True,mild,sensitive
I329D,-2.8528643417927904,329,True,mild,sensitive
I329E,-2.44075064750269,329,True,mild,sensitive
I329F,-2.20825578945538,329,True,mild,sensitive
I329G,-3.6152176914419503,329,True,impactful,sensitive
I329H,-2.0207921628204297,329,True,mild,sensitive
I329I,0.0,329,True,neutral,sensitive
I329K,-3.75911766988669,329,True,impactful,sensitive
I329L,-0.45152202624982596,329,True,neutral,sensitive
I329M,-0.19547587497245003,329,True,neutral,sensitive
I329N,-2.3235024444161,329,True,mild,sensitive
I329P,-3.507980543735,329,True,impactful,sensitive
I329Q,-4.6851245914340405,329,True,impactful,sensitive
I329R,-3.7483272993557595,329,True,impactful,sensitive
I329S,-1.7023934442368898,329,True,neutral,sensitive
I329T,-1.4275779780604698,329,True,neutral,sensitive
I329V,-0.0234152901057364,329,True,neutral,sensitive
I329W,-3.40203705270018,329,True,impactful,sensitive
I329Y,-4.31107972500006,329,True,impactful,sensitive
I330A,-0.621811397104259,330,True,neutral,tolerant
I330C,-1.6011889316062098,330,True,neutral,tolerant
I330D,-0.9983265351666899,330,True,neutral,tolerant
I330E,-1.5626217970512302,330,True,neutral,tolerant
I330F,-0.97058907616833,330,True,neutral,tolerant
I330G,-1.78197711109485,330,True,neutral,tolerant
I330H,-1.2269344715005501,330,True,neutral,tolerant
I330I,0.0,330,True,neutral,tolerant
I330K,-1.93654317853856,330,True,mild,tolerant
I330L,-0.411905470327758,330,True,neutral,tolerant
I330M,-0.5390975953931111,330,True,neutral,tolerant
I330N,-1.02400894318269,330,True,neutral,tolerant
I330P,-3.4345410950664705,330,True,impactful,tolerant
I330Q,-1.7015151845647902,330,True,neutral,tolerant
I330R,-1.3056797471274901,330,True,neutral,tolerant
I330S,-0.7586430970894079,330,True,neutral,tolerant
I330T,-0.9183984279218441,330,True,neutral,tolerant
I330V,-0.041969783213604,330,True,neutral,tolerant
I330W,-2.00153530434842,330,True,mild,tolerant
I330Y,-1.83421311875276,330,True,neutral,tolerant
A331A,0.0,331,True,neutral,tolerant
A331C,-0.634905090832236,331,True,neutral,tolerant
A331D,-1.3453007052342,331,True,neutral,tolerant
A331E,-1.57292364075684,331,True,neutral,tolerant
A331F,-2.7428516248556103,331,True,mild,tolerant
A331G,-1.73468907188861,331,True,neutral,tolerant
A331H,-1.8346768138656597,331,True,neutral,tolerant
A331I,-1.7302471909116297,331,True,neutral,tolerant
A331K,-3.03713752124506,331,True,mild,tolerant
A331L,-1.38912536943809,331,True,neutral,tolerant
A331M,-3.32859200917237,331,True,impactful,tolerant
A331N,-1.2619105617042699,331,True,neutral,tolerant
A331P,-2.41696696723786,331,True,mild,tolerant
A331Q,-1.72266506720505,331,True,neutral,tolerant
A331R,-1.77305925666293,331,True,neutral,tolerant
A331S,-0.223438689205172,331,True,neutral,tolerant
A331T,-0.3676041772298,331,True,neutral,tolerant
A331V,-1.2399420132439098,331,True,neutral,tolerant
A331W,-5.3789695554996,331,True,impactful,tolerant
A331Y,-3.58144381078144,331,True,impactful,tolerant
P332A,-0.6695486807393071,332,True,neutral,tolerant
P332C,-1.7396078733639802,332,True,neutral,tolerant
P332D,-1.70951465063182,332,True,neutral,tolerant
P332E,-1.4514786806478899,332,True,neutral,tolerant
P332F,-3.02879885220708,332,True,mild,tolerant
P332G,-1.8349533003653002,332,True,neutral,tolerant
P332H,-1.53345048505864,332,True,neutral,tolerant
P332I,-2.7405374843092503,332,True,mild,tolerant
P332K,-2.51484168067487,332,True,mild,tolerant
P332L,-1.4175320936034799,332,True,neutral,tolerant
P332M,-2.12088081787756,332,True,mild,tolerant
P332N,-1.37035606382148,332,True,neutral,tolerant
P332P,0.0,332,True,neutral,tolerant
P332Q,-1.57573636018019,332,True,neutral,tolerant
P332R,-1.9035707809254399,332,True,mild,tolerant
P332S,-0.987903431905436,332,True,neutral,tolerant
P332T,-1.11184002892403,332,True,neutral,tolerant
P332V,-1.9635991479459398,332,True,mild,tolerant
P332W,-4.00842560221272,332,True,impactful,tolerant
P332Y,-3.0730320613826603,332,True,impactful,tolerant
P333A,-0.759246468631771,333,True,neutral,tolerant
P333C,-3.33230133265895,333,True,impactful,tolerant
P333D,-1.66462694579383,333,True,neutral,tolerant
P333E,-1.35913925217952,333,True,neutral,tolerant
P333F,-2.9328755128710298,333,True,mild,tolerant
P333G,-2.7474586043948,333,True,mild,tolerant
P333H,-1.36427161244899,333,True,neutral,tolerant
P333I,-2.7238197004543903,333,True,mild,tolerant
P333K,-1.6128277640329498,333,True,neutral,tolerant
P333L,-1.2460217671516598,333,True,neutral,tolerant
P333M,-3.1072565475398704,333,True,impactful,tolerant
P333N,-1.9399119179303999,333,True,mild,tolerant
P333P,0.0,333,True,neutral,tolerant
P333Q,-1.13742079901473,333,True,neutral,tolerant
P333R,-2.06836072484526,333,True,mild,tolerant
P333S,-0.7432115378214599,333,True,neutral,tolerant
P333T,-1.04546244295856,333,True,neutral,tolerant
P333V,-1.37577120557854,333,True,neutral,tolerant
P333W,-5.414628800319179,333,True,impactful,tolerant
P333Y,-3.8571422251908998,333,True,impactful,tolerant
E334A,-1.754510702953,334,True,neutral,tolerant
E334C,-3.0892627271352704,334,True,impactful,tolerant
E334D,-0.231314536072222,334,True,neutral,tolerant
E334E,0.0,334,True,neutral,tolerant
E334F,-3.1169083706815295,334,True,impactful,tolerant
E334G,-1.7680212031516698,334,True,neutral,tolerant
E334H,-1.4299923975978002,334,True,neutral,tolerant
E334I,-2.9754420244394906,334,True,mild,tolerant
E334K,-0.912652625759856,334,True,neutral,tolerant
E334L,-2.74574417902232,334,True,mild,tolerant
E334M,-3.08984616482906,334,True,impactful,tolerant
E334N,-1.04870793566673,334,True,neutral,tolerant
E334P,-3.97149002670244,334,True,impactful,tolerant
E334Q,-1.2270760767581899,334,True,neutral,tolerant
E334R,-1.1372009371417902,334,True,neutral,tolerant
E334S,-1.4733511435676598,334,True,neutral,tolerant
E334T,-1.8202007640479898,334,True,neutral,tolerant
E334V,-1.8483432693022501,334,True,neutral,tolerant
E334W,-4.3501658352782595,334,True,impactful,tolerant
E334Y,-2.8432736826693703,334,True,mild,tolerant
R335A,-2.0260266449952598,335,True,mild,sensitive
R335C,-1.27085050230808,335,True,neutral,sensitive
R335D,-3.63602121452092,335,True,impactful,sensitive
R335E,-1.74610832443883,335,True,neutral,sensitive
R335F,-4.88697194018477,335,True,impactful,sensitive
R335G,-1.92772653657873,335,True,mild,sensitive
R335H,-0.9555984206957701,335,True,neutral,sensitive
R335I,-3.34326493734744,335,True,impactful,sensitive
R335K,-0.679351060464092,335,True,neutral,sensitive
R335L,-1.99456217155801,335,True,mild,sensitive
R335M,-3.19032688018697,335,True,impactful,sensitive
R335N,-2.4086699817244503,335,True,mild,sensitive
R335P,-1.6965285152364298,335,True,neutral,sensitive
R335Q,-1.63548153652433,335,True,neutral,sensitive
R335R,0.0,335,True,neutral,sensitive
R335S,-1.32987362676392,335,True,neutral,sensitive
R335T,-1.72588660438984,335,True,neutral,sensitive
R335V,-3.71318094730302,335,True,impactful,sensitive
R335W,-2.21837527527205,335,True,mild,sensitive
R335Y,-3.4952578407497503,335,True,impactful,sensitive
K336A,-1.49861334327061,336,True,neutral,tolerant
K336C,-2.33621959348571,336,True,mild,tolerant
K336D,-1.98794069903433,336,True,mild,tolerant
K336E,-1.1100160880526202,336,True,neutral,tolerant
K336F,-2.78782502074291,336,True,mild,tolerant
K336G,-2.36410798830496,336,True,mild,tolerant
K336H,-1.89027230494858,336,True,mild,tolerant
K336I,-2.01233472957813,336,True,mild,tolerant
K336K,0.0,336,True,neutral,tolerant
K336L,-1.2163140075168601,336,True,neutral,tolerant
K336M,-1.8426609358039099,336,True,neutral,tolerant
K336N,-1.2120977154229098,336,True,neutral,tolerant
K336P,-3.65005299330371,336,True,impactful,tolerant
K336Q,-1.09324569382881,336,True,neutral,tolerant
K336R,-0.34719570208148504,336,True,neutral,tolerant
K336S,-1.27793594068139,336,True,neutral,tolerant
K336T,-1.33730790116723,336,True,neutral,tolerant
K336V,-1.5571180541245702,336,True,neutral,tolerant
K336W,-2.8869787419664705,336,True,mild,tolerant
K336Y,-2.4966582443610297,336,True,mild,tolerant
Y337A,-2.6175408412408703,337,True,mild,tolerant
Y337C,-1.4573317441498401,337,True,neutral,tolerant
Y337D,-1.6096905520436497,337,True,neutral,tolerant
Y337E,-2.2190997325154798,337,True,mild,tolerant
Y337F,-0.509683135537322,337,True,neutral,tolerant
Y337G,-4.286696782436589,337,True,impactful,tolerant
Y337H,-1.07637697295828,337,True,neutral,tolerant
Y337I,-1.67860133526659,337,True,neutral,tolerant
Y337K,-2.21814558427156,337,True,mild,tolerant
Y337L,-1.36179614783539,337,True,neutral,tolerant
Y337M,-2.15436667793224,337,True,mild,tolerant
Y337N,-1.01993632333458,337,True,neutral,tolerant
Y337P,-3.53002508251257,337,True,impactful,tolerant
Y337Q,-1.76887103594414,337,True,neutral,tolerant
Y337R,-3.29705513058137,337,True,impactful,tolerant
Y337S,-1.30426555638109,337,True,neutral,tolerant
Y337T,-1.8738808904588002,337,True,neutral,tolerant
Y337V,-1.5630469176331498,337,True,neutral,tolerant
Y337W,-0.545039388551667,337,True,neutral,tolerant
Y337Y,0.0,337,True,neutral,tolerant
S338A,-0.48405876462481395,338,True,neutral,sensitive
S338C,-0.6200038454071949,338,True,neutral,sensitive
S338D,-1.51816697518994,338,True,neutral,sensitive
S338E,-3.0838641476320396,338,True,impactful,sensitive
S338F,-2.0125550504285203,338,True,mild,sensitive
S338G,-1.4699989435074299,338,True,neutral,sensitive
S338H,-2.9082614195849503,338,True,mild,sensitive
S338I,-1.9867602092638799,338,True,mild,sensitive
S338K,-3.88195824877097,338,True,impactful,sensitive
S338L,-1.5325422342515098,338,True,neutral,sensitive
S338M,-1.3629442368780402,338,True,neutral,sensitive
S338N,-2.01884017795604,338,True,mild,sensitive
S338P,-2.16780092145424,338,True,mild,sensitive
S338Q,-2.9124367016018,338,True,mild,sensitive
S338R,-2.8752258810926,338,True,mild,sensitive
S338S,0.0,338,True,neutral,sensitive
S338T,-0.9147772225361129,338,True,neutral,sensitive
S338V,-1.89872289506891,338,True,mild,sensitive
S338W,-5.28691858058876,338,True,impactful,sensitive
S338Y,-2.3192594939960296,338,True,mild,sensitive
V339A,-0.71970761501628,339,True,neutral,sensitive
V339C,-0.6855116281740039,339,True,neutral,sensitive
V339D,-3.59793012120439,339,True,impactful,sensitive
V339E,-3.1573086425766497,339,True,impactful,sensitive
V339F,-2.15966536507369,339,True,mild,sensitive
V339G,-1.9327055626237402,339,True,mild,sensitive
V339H,-3.79510620878986,339,True,impactful,sensitive
V339I,-0.8009775598802379,339,True,neutral,sensitive
V339K,-3.25393538470423,339,True,impactful,sensitive
V339L,-0.5115555648581189,339,True,neutral,sensitive
V339M,-0.295986606045877,339,True,neutral,sensitive
V339N,-3.38544551868236,339,True,impactful,sensitive
V339P,-2.26110932043682,339,True,mild,sensitive
V339Q,-3.47187861083641,339,True,impactful,sensitive
V339R,-6.169106307852499,339,True,impactful,sensitive
V339S,-1.0155885439193102,339,True,neutral,sensitive
V339T,-0.893142855298772,339,True,neutral,sensitive
V339V,0.0,339,True,neutral,sensitive
V339W,-3.8165008001943703,339,True,impactful,sensitive
V339Y,-3.92811871710494,339,True,impactful,sensitive
W340A,-4.52059641711377,340,True,impactful,sensitive
W340C,-2.33351581741547,340,True,mild,sensitive
W340D,-4.55699281636975,340,True,impactful,sensitive
W340E,-4.7448948732866105,340,True,impactful,sensitive
W340F,-0.7705841095831129,340,True,neutral,sensitive
W340G,-2.6620844750576698,340,True,mild,sensitive
W340H,-6.383002542012809,340,True,impactful,sensitive
W340I,-4.841084996233509,340,True,impactful,sensitive
W340K,-6.1822572426043,340,True,impactful,sensitive
W340L,-3.09848233284733,340,True,impactful,sensitive
W340M,-5.466891925217951,340,True,impactful,sensitive
W340N,-6.383002542012809,340,True,impactful,sensitive
W340P,-4.616925011947809,340,True,impactful,sensitive
W340Q,-6.313355524334621,340,True,impactful,sensitive
W340R,-2.16217560608507,340,True,mild,sensitive
W340S,-3.51802729429904,340,True,impactful,sensitive
W340T,-4.93080217950442,340,True,impactful,sensitive
W340V,-5.32793530994559,340,True,impactful,sensitive
W340W,0.0,340,True,neutral,sensitive
W340Y,-0.493423927992543,340,True,neutral,sensitive
I341A,-1.3013475147501001,341,True,neutral,tolerant
I341C,-0.973515554445636,341,True,neutral,tolerant
I341D,-2.89521437141195,341,True,mild,tolerant
I341E,-2.45011156728636,341,True,mild,tolerant
I341F,-1.25067771042805,341,True,neutral,tolerant
I341G,-2.6299217309252003,341,True,mild,tolerant
I341H,-3.0359671834769397,341,True,mild,tolerant
I341I,0.0,341,True,neutral,tolerant
I341K,-1.80411052640843,341,True,neutral,tolerant
I341L,-0.5187448083294339,341,True,neutral,tolerant
I341M,-0.32980831921751896,341,True,neutral,tolerant
I341N,-2.18168115378276,341,True,mild,tolerant
I341P,-2.64812111932254,341,True,mild,tolerant
I341Q,-1.99463983733192,341,True,mild,tolerant
I341R,-1.6900012694681001,341,True,neutral,tolerant
I341S,-1.2780520784201201,341,True,neutral,tolerant
I341T,-1.7304931977661597,341,True,neutral,tolerant
I341V,-0.276105466572156,341,True,neutral,tolerant
I341W,-1.56408286798009,341,True,neutral,tolerant
I341Y,-2.83222339889795,341,True,mild,tolerant
G342A,-2.12738731691872,342,True,mild,sensitive
G342C,-3.83050951059398,342,True,impactful,sensitive
G342D,-2.80764900611654,342,True,mild,sensitive
G342E,-2.36589833742241,342,True,mild,sensitive
G342F,-4.7421505305875495,342,True,impactful,sensitive
G342G,0.0,342,True,neutral,sensitive
G342H,-5.93166036988971,342,True,impactful,sensitive
G342I,-6.16965035370621,342,True,impactful,sensitive
G342K,-6.21396283906759,342,True,impactful,sensitive
G342L,-5.64530460301629,342,True,impactful,sensitive
G342M,-6.23148760875092,342,True,impactful,sensitive
G342N,-6.028121601692929,342,True,impactful,sensitive
G342P,-4.776729776952981,342,True,impactful,sensitive
G342Q,-4.2434828892686,342,True,impactful,sensitive
G342R,-2.30596515373892,342,True,mild,sensitive
G342S,-1.6671681393395599,342,True,neutral,sensitive
G342T,-3.7328298102755295,342,True,impactful,sensitive
G342V,-2.55520830954572,342,True,mild,sensitive
G342W,-3.59892057401821,342,True,impactful,sensitive
G342Y,-6.07541350442955,342,True,impactful,sensitive
G343A,-1.2389232554018,343,True,neutral,sensitive
G343C,-2.63836082876204,343,True,mild,sensitive
G343D,-2.23543995678189,343,True,mild,sensitive
G343E,-3.7623509391878702,343,True,impactful,sensitive
G343F,-4.65499478776962,343,True,impactful,sensitive
G343G,0.0,343,True,neutral,sensitive
G343H,-5.752675824573469,343,True,impactful,sensitive
G343I,-4.64424561764272,343,True,impactful,sensitive
G343K,-6.40865864729374,343,True,impactful,sensitive
G343L,-4.44932578870534,343,True,impactful,sensitive
G343M,-3.36127299183655,343,True,impactful,sensitive
G343N,-2.33988775781069,343,True,mild,sensitive
G343P,-4.42622690965828,343,True,impactful,sensitive
G343Q,-4.03475002535427,343,True,impactful,sensitive
G343R,-3.21649141547938,343,True,impactful,sensitive
G343S,-2.0575859593578003,343,True,mild,sensitive
G343T,-3.0866251160628098,343,True,impactful,sensitive
G343V,-2.24581908447413,343,True,mild,sensitive
G343W,-2.91464915816173,343,True,mild,sensitive
G343Y,-4.1119134518520895,343,True,impactful,sensitive
S344A,-0.522260388173962,344,True,neutral,sensitive
S344C,-0.609982354025633,344,True,neutral,sensitive
S344D,-3.4254910738880198,344,True,impactful,sensitive
S344E,-3.59664969923771,344,True,impactful,sensitive
S344F,-3.02569048165378,344,True,mild,sensitive
S344G,-2.75490461323058,344,True,mild,sensitive
S344H,-5.2536517090599295,344,True,impactful,sensitive
S344I,-4.898863763834719,344,True,impactful,sensitive
S344K,-3.4229889739171897,344,True,impactful,sensitive
S344L,-2.87532676755279,344,True,mild,sensitive
S344M,-5.50557310107606,344,True,impactful,sensitive
S344N,-3.57526134710415,344,True,impactful,sensitive
S344P,-2.18467706490493,344,True,mild,sensitive
S344Q,-3.2818594354438595,344,True,impactful,sensitive
S344R,-2.05940765543609,344,True,mild,sensitive
S344S,0.0,344,True,neutral,sensitive
S344T,-1.1649961024826998,344,True,neutral,sensitive
S344V,-2.58356723330147,344,True,mild,sensitive
S344W,-5.859233231675661,344,True,impactful,sensitive
S344Y,-4.44499863364586,344,True,impactful,sensitive
I345A,-1.6658329103199199,345,True,neutral,sensitive
I345C,-3.38697835260424,345,True,impactful,sensitive
I345D,-3.27626969469359,345,True,impactful,sensitive
I345E,-3.2164576515222003,345,True,impactful,sensitive
I345F,-2.3180127463213,345,True,mild,sensitive
I345G,-2.6636481437606,345,True,mild,sensitive
I345H,-4.14125737726869,345,True,impactful,sensitive
I345I,0.0,345,True,neutral,sensitive
I345K,-2.60599429059712,345,True,mild,sensitive
I345L,-0.167602948571549,345,True,neutral,sensitive
I345M,-0.6074588101921811,345,True,neutral,sensitive
I345N,-2.08354980569953,345,True,mild,sensitive
I345P,-4.3434799346893005,345,True,impactful,sensitive
I345Q,-2.8642415825993504,345,True,mild,sensitive
I345R,-2.39924932868988,345,True,mild,sensitive
I345S,-1.44156795631724,345,True,neutral,sensitive
I345T,-1.4041147289725,345,True,neutral,sensitive
I345V,-0.516319780318238,345,True,neutral,sensitive
I345W,-4.99888964487763,345,True,impactful,sensitive
I345Y,-3.4658200357927997,345,True,impactful,sensitive
L346A,-3.3322966782545698,346,True,impactful,sensitive
L346C,-2.77648597413671,346,True,mild,sensitive
L346D,-5.7224698873888,346,True,impactful,sensitive
L346E,-3.5339815349978703,346,True,impactful,sensitive
L346F,-1.63130956326925,346,True,neutral,sensitive
L346G,-6.441587801820401,346,True,impactful,sensitive
L346H,-4.441943132834179,346,True,impactful,sensitive
L346I,-0.871590441359168,346,True,neutral,sensitive
L346K,-4.7175473246704005,346,True,impactful,sensitive
L346L,0.0,346,True,neutral,sensitive
L346M,-0.6072851969088909,346,True,neutral,sensitive
L346N,-4.60431516218165,346,True,impactful,sensitive
L346P,-2.41770572914559,346,True,mild,sensitive
L346Q,-2.48615431023229,346,True,mild,sensitive
L346R,-2.96960290013305,346,True,mild,sensitive
L346S,-2.52810894563412,346,True,mild,sensitive
L346T,-2.99357198791719,346,True,mild,sensitive
L346V,-0.28943680969475394,346,True,neutral,sensitive
L346W,-1.43559237223223,346,True,neutral,sensitive
L346Y,-2.87885243325351,346,True,mild,sensitive
A347A,0.0,347,True,neutral,sensitive
A347C,-1.12191706163006,347,True,neutral,sensitive
A347D,-1.94993745116005,347,True,mild,sensitive
A347E,-2.26293056869809,347,True,mild,sensitive
A347F,-4.0904964437287,347,True,impactful,sensitive
A347G,-1.15294711468427,347,True,neutral,sensitive
A347H,-5.189692474653981,347,True,impactful,sensitive
A347I,-3.47288140977494,347,True,impactful,sensitive
A347K,-5.44508439023919,347,True,impactful,sensitive
A347L,-2.52705633822735,347,True,mild,sensitive
A347M,-3.67556350916152,347,True,impactful,sensitive
A347N,-4.18349503556453,347,True,impactful,sensitive
A347P,-2.1516672292974497,347,True,mild,sensitive
A347Q,-3.1303961584253903,347,True,impactful,sensitive
A347R,-2.40276672478642,347,True,mild,sensitive
A347S,-0.17203076001905804,347,True,neutral,sensitive
A347T,-0.46524633770475,347,True,neutral,sensitive
A347V,-1.54530779573473,347,True,neutral,sensitive
A347W,-5.4774273424937405,347,True,impactful,sensitive
A347Y,-4.13271386915652,347,True,impactful,sensitive
S348A,-0.44662015780034997,348,True,neutral,sensitive
S348C,-0.747681948098454,348,True,neutral,sensitive
S348D,-1.9101052342403,348,True,mild,sensitive
S348E,-2.4565581675684802,348,True,mild,sensitive
S348F,-2.14072289987301,348,True,mild,sensitive
S348G,-1.98442979564423,348,True,mild,sensitive
S348H,-2.43900327279621,348,True,mild,sensitive
S348I,-3.52782968752012,348,True,impactful,sensitive
S348K,-2.45238730672346,348,True,mild,sensitive
S348L,-1.4598211955107,348,True,neutral,sensitive
S348M,-3.51888541025136,348,True,impactful,sensitive
S348N,-1.23278969670726,348,True,neutral,sensitive
S348P,-2.25111276332096,348,True,mild,sensitive
S348Q,-1.65715233446241,348,True,neutral,sensitive
S348R,-2.7209989160575803,348,True,mild,sensitive
S348S,0.0,348,True,neutral,sensitive
S348T,-0.40237609222047205,348,True,neutral,sensitive
S348V,-3.09789283696827,348,True,impactful,sensitive
S348W,-3.99046516552769,348,True,impactful,sensitive
S348Y,-1.93564815850483,348,True,mild,sensitive
L349A,-1.27104365464202,349,True,neutral,sensitive
L349C,-1.90390898885028,349,True,mild,sensitive
L349D,-3.34958193631352,349,True,impactful,sensitive
L349E,-3.4826392248395597,349,True,impactful,sensitive
L349F,-2.0124788290902997,349,True,mild,sensitive
L349G,-3.57964989131334,349,True,impactful,sensitive
L349H,-2.47131912128521,349,True,mild,sensitive
L349I,-0.89152357682358,349,True,neutral,sensitive
L349K,-2.86370337844186,349,True,mild,sensitive
L349L,0.0,349,True,neutral,sensitive
L349M,-0.582731411292266,349,True,neutral,sensitive
L349N,-2.10414059066573,349,True,mild,sensitive
L349P,-2.3065362108154197,349,True,mild,sensitive
L349Q,-1.9784661072152,349,True,mild,sensitive
L349R,-2.64556300501154,349,True,mild,sensitive
L349S,-1.1169910666388,349,True,neutral,sensitive
L349T,-1.62327458759799,349,True,neutral,sensitive
L349V,-1.28552563234105,349,True,neutral,sensitive
L349W,-3.6360609645200497,349,True,impactful,sensitive
L349Y,-3.6035003942757005,349,True,impactful,sensitive
S350A,-0.23747843928726003,350,True,neutral,tolerant
S350C,-0.658410341032494,350,True,neutral,tolerant
S350D,-0.8069517247145,350,True,neutral,tolerant
S350E,-1.6349195922356599,350,True,neutral,tolerant
S350F,-2.4026923042727004,350,True,mild,tolerant
S350G,-1.02543800981592,350,True,neutral,tolerant
S350H,-1.14767415845312,350,True,neutral,tolerant
S350I,-2.4872383101307403,350,True,mild,tolerant
S350K,-2.0873933987116,350,True,mild,tolerant
S350L,-2.02206491347616,350,True,mild,tolerant
S350M,-2.4558435260360603,350,True,mild,tolerant
S350N,-1.0245463673872601,350,True,neutral,tolerant
S350P,-0.8174224688468579,350,True,neutral,tolerant
S350Q,-1.8960173300041,350,True,mild,tolerant
S350R,-1.7930735210201103,350,True,neutral,tolerant
S350S,0.0,350,True,neutral,tolerant
S350T,-0.276806869123002,350,True,neutral,tolerant
S350V,-1.22423710688631,350,True,neutral,tolerant
S350W,-5.3036787449322,350,True,impactful,tolerant
S350Y,-2.2616822281994398,350,True,mild,tolerant
T351A,-0.6636064888902641,351,True,neutral,sensitive
T351C,-0.665698004268586,351,True,neutral,sensitive
T351D,-1.77903068924277,351,True,neutral,sensitive
T351E,-1.6582971916277,351,True,neutral,sensitive
T351F,-2.7145310272222503,351,True,mild,sensitive
T351G,-2.69613562393512,351,True,mild,sensitive
T351H,-1.24049470315306,351,True,neutral,sensitive
T351I,-1.74797650243042,351,True,neutral,sensitive
T351K,-1.9740948976043302,351,True,mild,sensitive
T351L,-2.19355444684694,351,True,mild,sensitive
T351M,-2.35551682102511,351,True,mild,sensitive
T351N,-1.68944407595404,351,True,neutral,sensitive
T351P,-2.05053048288598,351,True,mild,sensitive
T351Q,-1.87598197277401,351,True,neutral,sensitive
T351R,-1.9705466909213898,351,True,mild,sensitive
T351S,-0.259375112280867,351,True,neutral,sensitive
T351T,0.0,351,True,neutral,sensitive
T351V,-2.07268001768259,351,True,mild,sensitive
T351W,-3.90956052573018,351,True,impactful,sensitive
T351Y,-2.35149487100613,351,True,mild,sensitive
F352A,-2.80358199264163,352,True,mild,sensitive
F352C,-2.40243763777652,352,True,mild,sensitive
F352D,-2.92100390806783,352,True,mild,sensitive
F352E,-3.0760931812969,352,True,impactful,sensitive
F352F,0.0,352,True,neutral,sensitive
F352G,-3.64947355117803,352,True,impactful,sensitive
F352H,-2.865937151246,352,True,mild,sensitive
F352I,-2.55584666500617,352,True,mild,sensitive
F352K,-2.82391702168646,352,True,mild,sensitive
F352L,-1.95382370697746,352,True,mild,sensitive
F352M,-3.1345365301039796,352,True,impactful,sensitive
F352N,-2.91163548072873,352,True,mild,sensitive
F352P,-3.27746962440739,352,True,impactful,sensitive
F352Q,-2.7365941397222597,352,True,mild,sensitive
F352R,-2.6220966800182004,352,True,mild,sensitive
F352S,-1.37900124102086,352,True,neutral,sensitive
F352T,-2.9830801983173596,352,True,mild,sensitive
F352V,-2.9630830697407204,352,True,mild,sensitive
F352W,-2.02614143075724,352,True,mild,sensitive
F352Y,-1.35806794315247,352,True,neutral,sensitive
Q353A,-1.03845762608777,353,True,neutral,tolerant
Q353C,-2.18810944268423,353,True,mild,tolerant
Q353D,-0.583280159211939,353,True,neutral,tolerant
Q353E,-0.393070261302024,353,True,neutral,tolerant
Q353F,-2.4229909677854504,353,True,mild,tolerant
Q353G,-1.52827624798967,353,True,neutral,tolerant
Q353H,-0.20829236701541604,353,True,neutral,tolerant
Q353I,-3.1395214336271695,353,True,impactful,tolerant
Q353K,-0.8792551293438751,353,True,neutral,tolerant
Q353L,-1.59190948094688,353,True,neutral,tolerant
Q353M,-2.8984330674777503,353,True,mild,tolerant
Q353N,-0.689769637689133,353,True,neutral,tolerant
Q353P,-1.36420402543031,353,True,neutral,tolerant
Q353Q,0.0,353,True,neutral,tolerant
Q353R,-0.665061454689616,353,True,neutral,tolerant
Q353S,-1.0774285825668102,353,True,neutral,tolerant
Q353T,-1.9489151230524497,353,True,mild,tolerant
Q353V,-2.6323589708251203,353,True,mild,tolerant
Q353W,-2.43267552482702,353,True,mild,tolerant
Q353Y,-2.3296536254892297,353,True,mild,tolerant
Q354A,-0.40243856676992207,354,True,neutral,tolerant
Q354C,-1.6241323628663502,354,True,neutral,tolerant
Q354D,-0.42317005355663107,354,True,neutral,tolerant
Q354E,-0.155607985877986,354,True,neutral,tolerant
Q354F,-3.02111357384462,354,True,mild,tolerant
Q354G,-1.64060077682648,354,True,neutral,tolerant
Q354H,-0.234534148790638,354,True,neutral,tolerant
Q354I,-2.3758184070107298,354,True,mild,tolerant
Q354K,-0.765585334236582,354,True,neutral,tolerant
Q354L,-1.3509658832654898,354,True,neutral,tolerant
Q354M,-1.4599044630889197,354,True,neutral,tolerant
Q354N,-0.250967768342868,354,True,neutral,tolerant
Q354P,-1.2439422414596102,354,True,neutral,tolerant
Q354Q,0.0,354,True,neutral,tolerant
Q354R,-0.858685652446571,354,True,neutral,tolerant
Q354S,-0.37480556502759005,354,True,neutral,tolerant
Q354T,-0.501469967684265,354,True,neutral,tolerant
Q354V,-2.63648607498612,354,True,mild,tolerant
Q354W,-3.0447390904342,354,True,mild,tolerant
Q354Y,-2.36129709697345,354,True,mild,tolerant
M355A,-1.0606266800017201,355,True,neutral,tolerant
M355C,-1.03804609410399,355,True,neutral,tolerant
M355D,-2.24787672156323,355,True,mild,tolerant
M355E,-1.4287903809604,355,True,neutral,tolerant
M355F,-2.04239371347052,355,True,mild,tolerant
M355G,-2.9153708124675797,355,True,mild,tolerant
M355H,-2.1043179572615798,355,True,mild,tolerant
M355I,-0.459929920627115,355,True,neutral,tolerant
M355K,-1.64122112341557,355,True,neutral,tolerant
M355L,-0.29617126919995396,355,True,neutral,tolerant
M355M,0.0,355,True,neutral,tolerant
M355N,-1.20798151787275,355,True,neutral,tolerant
M355P,-2.11493666726987,355,True,mild,tolerant
M355Q,-1.27336895690898,355,True,neutral,tolerant
M355R,-1.4331124298260098,355,True,neutral,tolerant
M355S,-1.09037744993132,355,True,neutral,tolerant
M355T,-1.3417081166321898,355,True,neutral,tolerant
M355V,-0.22524326321228602,355,True,neutral,tolerant
M355W,-2.4147406573382004,355,True,mild,tolerant
M355Y,-2.03340646335237,355,True,mild,tolerant
W356A,-1.00411131161949,356,True,neutral,tolerant
W356C,-0.9457713082362901,356,True,neutral,tolerant
W356D,-4.34678224452512,356,True,impactful,tolerant
W356E,-3.50717084686557,356,True,impactful,tolerant
W356F,-0.871224418531723,356,True,neutral,tolerant
W356G,-2.0100376889358897,356,True,mild,tolerant
W356H,-3.27963892231211,356,True,impactful,tolerant
W356I,-2.17555670788247,356,True,mild,tolerant
W356K,-1.70445214581535,356,True,neutral,tolerant
W356L,-1.13831918463528,356,True,neutral,tolerant
W356M,-1.2883460679007899,356,True,neutral,tolerant
W356N,-1.5280009718141099,356,True,neutral,tolerant
W356P,-4.52870493813286,356,True,impactful,tolerant
W356Q,-2.2941090817545198,356,True,mild,tolerant
W356R,-1.34996695752622,356,True,neutral,tolerant
W356S,-1.13971687586383,356,True,neutral,tolerant
W356T,-0.930629791266249,356,True,neutral,tolerant
W356V,-1.67280513421246,356,True,neutral,tolerant
W356W,0.0,356,True,neutral,tolerant
W356Y,-0.9357540529636049,356,True,neutral,tolerant
I357A,-2.4713212137992597,357,True,mild,sensitive
I357C,-1.30481828574773,357,True,neutral,sensitive
I357D,-4.3448691061724,357,True,impactful,sensitive
I357E,-3.4210500896317404,357,True,impactful,sensitive
I357F,-2.16400853346827,357,True,mild,sensitive
I357G,-4.92420429882565,357,True,impactful,sensitive
I357H,-2.7619718058231095,357,True,mild,sensitive
I357I,0.0,357,True,neutral,sensitive
I357K,-3.5218941286559904,357,True,impactful,sensitive
I357L,-0.38693564209508896,357,True,neutral,sensitive
I357M,-0.4429722420394221,357,True,neutral,sensitive
I357N,-3.3576802444786398,357,True,impactful,sensitive
I357P,-4.20427316121448,357,True,impactful,sensitive
I357Q,-3.28595461074245,357,True,impactful,sensitive
I357R,-3.19347590898283,357,True,impactful,sensitive
I357S,-2.6580914533082898,357,True,mild,sensitive
I357T,-1.30692824853176,357,True,neutral,sensitive
I357V,-0.24977258215441198,357,True,neutral,sensitive
I357W,-2.89761557697459,357,True,mild,sensitive
I357Y,-2.7721088765256203,357,True,mild,sensitive
S358A,-0.20086648605888002,358,True,neutral,tolerant
S358C,-0.6709742811307879,358,True,neutral,tolerant
S358D,-1.3608850100492,358,True,neutral,tolerant
S358E,-1.8210917589846,358,True,neutral,tolerant
S358F,-1.7109499834885902,358,True,neutral,tolerant
S358G,-1.674905392835,358,True,neutral,tolerant
S358H,-2.35403760555351,358,True,mild,tolerant
S358I,-1.38480516859772,358,True,neutral,tolerant
S358K,-1.1611710943926001,358,True,neutral,tolerant
S358L,-1.34514392955652,358,True,neutral,tolerant
S358M,-1.14911266394264,358,True,neutral,tolerant
S358N,-1.13327167690501,358,True,neutral,tolerant
S358P,-2.33541717601711,358,True,mild,tolerant
S358Q,-1.12616565012651,358,True,neutral,tolerant
S358R,-0.994702562061341,358,True,neutral,tolerant
S358S,0.0,358,True,neutral,tolerant
S358T,-0.11975485177842801,358,True,neutral,tolerant
S358V,-1.3406966365913602,358,True,neutral,tolerant
S358W,-2.37031160366407,358,True,mild,tolerant
S358Y,-2.4913058322435,358,True,mild,tolerant
K359A,-1.29277744478497,359,True,neutral,sensitive
K359C,-2.27959181175836,359,True,mild,sensitive
K359D,-2.23246172365606,359,True,mild,sensitive
K359E,-2.12287666519988,359,True,mild,sensitive
K359F,-1.74157111241438,359,True,neutral,sensitive
K359G,-2.7180432152460896,359,True,mild,sensitive
K359H,-1.69331973716731,359,True,neutral,sensitive
K359I,-2.32788054964275,359,True,mild,sensitive
K359K,0.0,359,True,neutral,sensitive
K359L,-2.29024771682622,359,True,mild,sensitive
K359M,-2.3058387042137403,359,True,mild,sensitive
K359N,-1.12651127768454,359,True,neutral,sensitive
K359P,-3.51487744030408,359,True,impactful,sensitive
K359Q,-1.31320656504414,359,True,neutral,sensitive
K359R,-0.267580655112345,359,True,neutral,sensitive
K359S,-1.19011456073571,359,True,neutral,sensitive
K359T,-1.9866367281294999,359,True,mild,sensitive
K359V,-2.2141394167688797,359,True,mild,sensitive
K359W,-5.15749513101015,359,True,impactful,sensitive
K359Y,-2.27519853358489,359,True,mild,sensitive
Q360A,-0.241468367328476,360,True,neutral,tolerant
Q360C,-1.12298838274501,360,True,neutral,tolerant
Q360D,-0.11812578015646198,360,True,neutral,tolerant
Q360E,-0.0448677956304521,360,True,neutral,tolerant
Q360F,-1.65707776714265,360,True,neutral,tolerant
Q360G,-0.776604505815907,360,True,neutral,tolerant
Q360H,-0.135819790449527,360,True,neutral,tolerant
Q360I,-1.7587585631953302,360,True,neutral,tolerant
Q360K,-0.989668970378266,360,True,neutral,tolerant
Q360L,-0.9389443732832778,360,True,neutral,tolerant
Q360M,-1.25050190756303,360,True,neutral,tolerant
Q360N,-0.277348084240357,360,True,neutral,tolerant
Q360P,-0.956464355070274,360,True,neutral,tolerant
Q360Q,0.0,360,True,neutral,tolerant
Q360R,-0.46456525501431895,360,True,neutral,tolerant
Q360S,-0.25878233330405603,360,True,neutral,tolerant
Q360T,-0.486081555737308,360,True,neutral,tolerant
Q360V,-1.90008718771047,360,True,mild,tolerant
Q360W,-2.36546508087213,360,True,mild,tolerant
Q360Y,-1.9551300388688502,360,True,mild,tolerant
E361A,-1.36348078026059,361,True,neutral,sensitive
E361C,-3.4920963114525003,361,True,impactful,sensitive
E361D,-0.11781292249947502,361,True,neutral,sensitive
E361E,0.0,361,True,neutral,sensitive
E361F,-4.86352602876416,361,True,impactful,sensitive
E361G,-1.98250476078675,361,True,mild,sensitive
E361H,-1.9602107206995498,361,True,mild,sensitive
E361I,-2.9537743093769,361,True,mild,sensitive
E361K,-1.7625247894836598,361,True,neutral,sensitive
E361L,-2.45429398880046,361,True,mild,sensitive
E361M,-1.8301478983597201,361,True,neutral,sensitive
E361N,-0.7754685467904722,361,True,neutral,sensitive
E361P,-6.17655787105757,361,True,impactful,sensitive
E361Q,-0.539716029299637,361,True,neutral,sensitive
E361R,-1.8765310018048,361,True,neutral,sensitive
E361S,-1.4611175841765902,361,True,neutral,sensitive
E361T,-2.5407399416545,361,True,mild,sensitive
E361V,-1.55289688140825,361,True,neutral,sensitive
E361W,-5.558175618483091,361,True,impactful,sensitive
E361Y,-4.062183553585291,361,True,impactful,sensitive
Y362A,-5.361250336187969,362,True,impactful,sensitive
Y362C,-2.73547195889139,362,True,mild,sensitive
Y362D,-3.7112830629824303,362,True,impactful,sensitive
Y362E,-5.1610194270437,362,True,impactful,sensitive
Y362F,-0.262272399211053,362,True,neutral,sensitive
Y362G,-6.2322781343972995,362,True,impactful,sensitive
Y362H,-1.64362980171162,362,True,neutral,sensitive
Y362I,-2.95757616642738,362,True,mild,sensitive
Y362K,-5.665079251424401,362,True,impactful,sensitive
Y362L,-4.28608861016837,362,True,impactful,sensitive
Y362M,-1.9673683280176801,362,True,mild,sensitive
Y362N,-2.79338575960599,362,True,mild,sensitive
Y362P,-5.159609629897719,362,True,impactful,sensitive
Y362Q,-2.03725087238718,362,True,mild,sensitive
Y362R,-2.17478080229086,362,True,mild,sensitive
Y362S,-1.87429148549003,362,True,neutral,sensitive
Y362T,-5.04044286630216,362,True,impactful,sensitive
Y362V,-4.4199381180696395,362,True,impactful,sensitive
Y362W,-1.33730545861241,362,True,neutral,sensitive
Y362Y,0.0,362,True,neutral,sensitive
D363A,-0.861292853774697,363,True,neutral,tolerant
D363C,-2.3914896310507796,363,True,mild,tolerant
D363D,0.0,363,True,neutral,tolerant
D363E,-0.142088783158579,363,True,neutral,tolerant
D363F,-2.2594604134347,363,True,mild,tolerant
D363G,-2.20213408935909,363,True,mild,tolerant
D363H,-0.851540964826574,363,True,neutral,tolerant
D363I,-1.73418667821076,363,True,neutral,tolerant
D363K,-1.29389723731723,363,True,neutral,tolerant
D363L,-1.90774290930894,363,True,mild,tolerant
D363M,-1.5680851281361698,363,True,neutral,tolerant
D363N,-0.289951680539018,363,True,neutral,tolerant
D363P,-1.73190498339423,363,True,neutral,tolerant
D363Q,-0.623363557641961,363,True,neutral,tolerant
D363R,-1.36628686204588,363,True,neutral,tolerant
D363S,-1.20909395968444,363,True,neutral,tolerant
D363T,-1.0125297561613,363,True,neutral,tolerant
D363V,-1.64635719701193,363,True,neutral,tolerant
D363W,-2.48928866833866,363,True,mild,tolerant
D363Y,-1.84556902665823,363,True,neutral,tolerant
E364A,-2.0289878786808897,364,True,mild,sensitive
E364C,-4.9751389223117695,364,True,impactful,sensitive
E364D,-0.18424155974453896,364,True,neutral,sensitive
E364E,0.0,364,True,neutral,sensitive
E364F,-5.8674987625135895,364,True,impactful,sensitive
E364G,-2.1276765371854,364,True,mild,sensitive
E364H,-3.57376969473565,364,True,impactful,sensitive
E364I,-4.7345708393286605,364,True,impactful,sensitive
E364K,-2.79767490813366,364,True,mild,sensitive
E364L,-4.46702998339047,364,True,impactful,sensitive
E364M,-3.36929048380781,364,True,impactful,sensitive
E364N,-1.4000177579217299,364,True,neutral,sensitive
E364P,-6.2439054074448705,364,True,impactful,sensitive
E364Q,-0.843594573925221,364,True,neutral,sensitive
E364R,-1.2804614852921101,364,True,neutral,sensitive
E364S,-2.5068324059614704,364,True,mild,sensitive
E364T,-2.95120183465125,364,True,mild,sensitive
E364V,-2.37313101824266,364,True,mild,sensitive
E364W,-5.8674987625135895,364,True,impactful,sensitive
E364Y,-4.87185111900587,364,True,impactful,sensitive
S365A,-0.0628312323667811,365,True,neutral,tolerant
S365C,-0.0964324511708295,365,True,neutral,tolerant
S365D,-0.631332247260838,365,True,neutral,tolerant
S365E,-0.7362922471188159,365,True,neutral,tolerant
S365F,-0.65714907553132,365,True,neutral,tolerant
S365G,-0.899762998046925,365,True,neutral,tolerant
S365H,-0.7058229469489109,365,True,neutral,tolerant
S365I,-0.526493841313587,365,True,neutral,tolerant
S365K,-1.5874538900162602,365,True,neutral,tolerant
S365L,-0.7735785210904449,365,True,neutral,tolerant
S365M,-0.6767521451200961,365,True,neutral,tolerant
S365N,-0.25013525346368304,365,True,neutral,tolerant
S365P,-1.31949924585474,365,True,neutral,tolerant
S365Q,-0.6486950457537111,365,True,neutral,tolerant
S365R,-0.8992223581144391,365,True,neutral,tolerant
S365S,0.0,365,True,neutral,tolerant
S365T,-0.289721418007805,365,True,neutral,tolerant
S365V,-0.751157985101205,365,True,neutral,tolerant
S365W,-0.696443528056082,365,True,neutral,tolerant
S365Y,-0.7085619264467778,365,True,neutral,tolerant
G366A,-1.5341028334076598,366,True,neutral,sensitive
G366C,-3.15253258835778,366,True,impactful,sensitive
G366D,-2.37493608807005,366,True,mild,sensitive
G366E,-3.4524028726956497,366,True,impactful,sensitive
G366F,-4.24677530947058,366,True,impactful,sensitive
G366G,0.0,366,True,neutral,sensitive
G366H,-3.09807490976994,366,True,impactful,sensitive
G366I,-4.892733199064001,366,True,impactful,sensitive
G366K,-3.09594007380062,366,True,impactful,sensitive
G366L,-3.01633772743573,366,True,mild,sensitive
G366M,-5.514744382001999,366,True,impactful,sensitive
G366N,-2.4455993235250495,366,True,mild,sensitive
G366P,-3.2931295516859,366,True,impactful,sensitive
G366Q,-2.33838656031971,366,True,mild,sensitive
G366R,-3.01744517094508,366,True,mild,sensitive
G366S,-1.8467180343900702,366,True,neutral,sensitive
G366T,-2.01094046273437,366,True,mild,sensitive
G366V,-3.3704397930434604,366,True,impactful,sensitive
G366W,-3.9640306821401805,366,True,impactful,sensitive
G366Y,-5.70416764350542,366,True,impactful,sensitive
P367A,-0.49223954593921704,367,True,neutral,tolerant
P367C,-0.8672102617583359,367,True,neutral,tolerant
P367D,-1.3409692026558,367,True,neutral,tolerant
P367E,-0.896723399484598,367,True,neutral,tolerant
P367F,-2.7041402706643396,367,True,mild,tolerant
P367G,-2.11269333834277,367,True,mild,tolerant
P367H,-1.2584631876995,367,True,neutral,tolerant
P367I,-2.0440676392276997,367,True,mild,tolerant
P367K,-1.46172759033844,367,True,neutral,tolerant
P367L,-1.34978729762558,367,True,neutral,tolerant
P367M,-2.05854515037267,367,True,mild,tolerant
P367N,-1.5801477778236899,367,True,neutral,tolerant
P367P,0.0,367,True,neutral,tolerant
P367Q,-2.14399293152619,367,True,mild,tolerant
P367R,-1.14980919858902,367,True,neutral,tolerant
P367S,-0.478883214678685,367,True,neutral,tolerant
P367T,-0.6517538542194999,367,True,neutral,tolerant
P367V,-1.3309472171393701,367,True,neutral,tolerant
P367W,-4.77469144785234,367,True,impactful,tolerant
P367Y,-2.9676202754642795,367,True,mild,tolerant
S368A,-0.0310940607844677,368,True,neutral,tolerant
S368C,-0.272246166660474,368,True,neutral,tolerant
S368D,-0.44764720823406207,368,True,neutral,tolerant
S368E,-0.524376429670121,368,True,neutral,tolerant
S368F,-0.8126950652616439,368,True,neutral,tolerant
S368G,-0.342717182700391,368,True,neutral,tolerant
S368H,-1.1386768926356499,368,True,neutral,tolerant
S368I,-1.10414016045848,368,True,neutral,tolerant
S368K,-1.10788421439783,368,True,neutral,tolerant
S368L,-0.94134197724291,368,True,neutral,tolerant
S368M,-1.25649817012171,368,True,neutral,tolerant
S368N,-0.477225867455159,368,True,neutral,tolerant
S368P,-0.7594883953692901,368,True,neutral,tolerant
S368Q,-0.47633548716147495,368,True,neutral,tolerant
S368R,-1.07055021890197,368,True,neutral,tolerant
S368S,0.0,368,True,neutral,tolerant
S368T,-0.0729556100014516,368,True,neutral,tolerant
S368V,-0.753640878238928,368,True,neutral,tolerant
S368W,-1.74037672987726,368,True,neutral,tolerant
S368Y,-0.9456179505828559,368,True,neutral,tolerant
I369A,-1.7296656929319099,369,True,neutral,sensitive
I369C,-1.34768124661781,369,True,neutral,sensitive
I369D,-4.5142767873795,369,True,impactful,sensitive
I369E,-2.68223058257489,369,True,mild,sensitive
I369F,-1.39531368187291,369,True,neutral,sensitive
I369G,-2.85005093359801,369,True,mild,sensitive
I369H,-2.9564799060747498,369,True,mild,sensitive
I369I,0.0,369,True,neutral,sensitive
I369K,-3.10991275993223,369,True,impactful,sensitive
I369L,-0.18593570401701998,369,True,neutral,sensitive
I369M,-0.574963954985912,369,True,neutral,sensitive
I369N,-2.68628460363972,369,True,mild,sensitive
I369P,-4.33328447967595,369,True,impactful,sensitive
I369Q,-2.91735897248881,369,True,mild,sensitive
I369R,-2.9587559801134997,369,True,mild,sensitive
I369S,-0.938154283452753,369,True,neutral,sensitive
I369T,-1.53084922084914,369,True,neutral,sensitive
I369V,-0.157118736086635,369,True,neutral,sensitive
I369W,-3.56550317537653,369,True,impactful,sensitive
I369Y,-2.11509903329275,369,True,mild,sensitive
V370A,-0.5882850674689439,370,True,neutral,sensitive
V370C,-2.20130542363058,370,True,mild,sensitive
V370D,-4.42080062764583,370,True,impactful,sensitive
V370E,-4.24640000176572,370,True,impactful,sensitive
V370F,-2.50696891541585,370,True,mild,sensitive
V370G,-3.2317877203159906,370,True,impactful,sensitive
V370H,-3.99505399166843,370,True,impactful,sensitive
V370I,-0.26198332528914603,370,True,neutral,sensitive
V370K,-3.42202179172749,370,True,impactful,sensitive
V370L,-0.104209388268343,370,True,neutral,sensitive
V370M,-0.0486586169195226,370,True,neutral,sensitive
V370N,-3.92209302316708,370,True,impactful,sensitive
V370P,-4.291674346743459,370,True,impactful,sensitive
V370Q,-4.84889625077796,370,True,impactful,sensitive
V370R,-3.56946911059358,370,True,impactful,sensitive
V370S,-0.662311546812825,370,True,neutral,sensitive
V370T,-0.674707816570702,370,True,neutral,sensitive
V370V,0.0,370,True,neutral,sensitive
V370W,-4.50170741924654,370,True,impactful,sensitive
V370Y,-3.46636827587757,370,True,impactful,sensitive
H371A,-2.4795612063430097,371,True,mild,sensitive
H371C,-2.48654309566084,371,True,mild,sensitive
H371D,-1.00791980449045,371,True,neutral,sensitive
H371E,-0.16962107252564002,371,True,neutral,sensitive
H371F,-2.01919012973098,371,True,mild,sensitive
H371G,-2.9648256540782594,371,True,mild,sensitive
H371H,0.0,371,True,neutral,sensitive
H371I,-2.27559435394104,371,True,mild,sensitive
H371K,-1.28480009896135,371,True,neutral,sensitive
H371L,-2.0145274858460103,371,True,mild,sensitive
H371M,-2.49413420704469,371,True,mild,sensitive
H371N,-0.108745571249259,371,True,neutral,sensitive
H371P,-1.53342599472299,371,True,neutral,sensitive
H371Q,-0.959204441013777,371,True,neutral,sensitive
H371R,-1.0110120002209801,371,True,neutral,sensitive
H371S,-2.33172406140244,371,True,mild,sensitive
H371T,-1.27946411962981,371,True,neutral,sensitive
H371V,-3.51085541279503,371,True,impactful,sensitive
H371W,-3.52333522465545,371,True,impactful,sensitive
H371Y,-0.794743389380942,371,True,neutral,sensitive
R372A,-1.63254224263789,372,True,neutral,tolerant
R372C,-0.875792444276693,372,True,neutral,tolerant
R372D,-2.07809844154801,372,True,mild,tolerant
R372E,-1.25738695298773,372,True,neutral,tolerant
R372F,-3.0734165225393903,372,True,impactful,tolerant
R372G,-2.02175558276213,372,True,mild,tolerant
R372H,-0.6842030648069469,372,True,neutral,tolerant
R372I,-1.5855545407998002,372,True,neutral,tolerant
R372K,-0.104880594330171,372,True,neutral,tolerant
R372L,-1.65281465218258,372,True,neutral,tolerant
R372M,-1.1476980029700499,372,True,neutral,tolerant
R372N,-1.34139240966473,372,True,neutral,tolerant
R372P,-2.1316701424342,372,True,mild,tolerant
R372Q,-0.6788396968452379,372,True,neutral,tolerant
R372R,0.0,372,True,neutral,tolerant
R372S,-0.803191616734049,372,True,neutral,tolerant
R372T,-1.61057153080364,372,True,neutral,tolerant
R372V,-2.4122957988779596,372,True,mild,tolerant
R372W,-3.0463680056812,372,True,impactful,tolerant
R372Y,-2.61232795402675,372,True,mild,tolerant
K373A,-2.65752910525904,373,True,mild,sensitive
K373C,-4.38367601132265,373,True,impactful,sensitive
K373D,-1.12680038178525,373,True,neutral,sensitive
K373E,-2.72846244757688,373,True,mild,sensitive
K373F,-4.805841569512849,373,True,impactful,sensitive
K373G,-3.12904072601083,373,True,impactful,sensitive
K373H,-2.60334000305622,373,True,mild,sensitive
K373I,-2.92988128822237,373,True,mild,sensitive
K373K,0.0,373,True,neutral,sensitive
K373L,-1.5185564477870102,373,True,neutral,sensitive
K373M,-1.7448448122742701,373,True,neutral,sensitive
K373N,-1.16176543376679,373,True,neutral,sensitive
K373P,-4.88563689359476,373,True,impactful,sensitive
K373Q,-1.6970752294221398,373,True,neutral,sensitive
K373R,-0.310932315372518,373,True,neutral,sensitive
K373S,-1.3323975174277,373,True,neutral,sensitive
K373T,-1.4692011139467,373,True,neutral,sensitive
K373V,-2.51321986707245,373,True,mild,sensitive
K373W,-4.11443482751245,373,True,impactful,sensitive
K373Y,-2.8902572596279503,373,True,mild,sensitive
C374A,-0.287173730780284,374,True,neutral,sensitive
C374C,0.0,374,True,neutral,sensitive
C374D,-3.64712486289189,374,True,impactful,sensitive
C374E,-4.8939141083047595,374,True,impactful,sensitive
C374F,-1.6988928415203,374,True,neutral,sensitive
C374G,-2.9841756101150203,374,True,mild,sensitive
C374H,-4.8939141083047595,374,True,impactful,sensitive
C374I,-2.3714961776038996,374,True,mild,sensitive
C374K,-4.92227155196939,374,True,impactful,sensitive
C374L,-1.3123162453186201,374,True,neutral,sensitive
C374M,-2.30069420838375,374,True,mild,sensitive
C374N,-2.97518789292971,374,True,mild,sensitive
C374P,-5.422917897544219,374,True,impactful,sensitive
C374Q,-3.14279859684763,374,True,impactful,sensitive
C374R,-2.0385331061891203,374,True,mild,sensitive
C374S,-0.346184722256667,374,True,neutral,sensitive
C374T,-0.8729947180606871,374,True,neutral,sensitive
C374V,-1.69021870861137,374,True,neutral,sensitive
C374W,-2.82145791142737,374,True,mild,sensitive
C374Y,-2.40159066848337,374,True,mild,sensitive
F375A,-5.07834220934095,375,True,impactful,sensitive
F375C,-5.07834220934095,375,True,impactful,sensitive
F375D,-5.07834220934095,375,True,impactful,sensitive
F375E,-5.07834220934095,375,True,impactful,sensitive
F375F,0.0,375,True,neutral,sensitive
F375G,-5.07834220934095,375,True,impactful,sensitive
F375H,-5.07834220934095,375,True,impactful,sensitive
F375I,-1.29116876117933,375,True,neutral,sensitive
F375K,-5.07834220934095,375,True,impactful,sensitive
F375L,-1.07555203510756,375,True,neutral,sensitive
F375M,-1.45213911748144,375,True,neutral,sensitive
F375N,-5.07834220934095,375,True,impactful,sensitive
F375P,-5.07834220934095,375,True,impactful,sensitive
F375Q,-5.07834220934095,375,True,impactful,sensitive
F375R,-5.07834220934095,375,True,impactful,sensitive
F375S,-5.07834220934095,375,True,impactful,sensitive
F375T,-5.07834220934095,375,True,impactful,sensitive
F375V,-3.9117865960379796,375,True,impactful,sensitive
F375W,-1.00584737359922,375,True,neutral,sensitive
F375Y,-0.335288083334395,375,True,neutral,sensitive
