pdb_id,chain_A,chain_B,c70,template_pdb,template_c70,template_chain_A,template_chain_B,anchor_CA_RMSD_A,neighbor_CA_RMSD_A,n_anchor_CA,n_neighbor_CA,reference_reversed
12bw,12bw_A,12bw_B,0_7797_0,3j8a,0_7797_1,3j8a_A,3j8a_B,1.012905648066399,53.01534378389043,366,366,True
12bw,12bw_A,12bw_B,0_7797_0,3j8a,0_7797_0,3j8a_D,3j8a_A,1.0266774738625037,1.346928117300532,366,366,False
12bw,12bw_A,12bw_B,0_7797_0,5yu8,0_7797_10,5yu8_B,5yu8_A,2.5994438230467978,8.042004634459275,360,360,False
12bw,12bw_A,12bw_B,0_7797_0,5yu8,0_7797_12,5yu8_C,5yu8_A,2.5994711717639745,49.04759600050605,360,360,False
12bw,12bw_A,12bw_C,0_7797_1,3j8a,0_7797_1,3j8a_A,3j8a_B,1.012905648066399,1.6906433819740208,366,366,True
12bw,12bw_A,12bw_C,0_7797_1,3j8a,0_7797_0,3j8a_D,3j8a_A,1.0266774738625037,54.262097832174895,366,366,False
12bw,12bw_A,12bw_C,0_7797_1,5yu8,0_7797_10,5yu8_B,5yu8_A,2.5994438230467978,58.82333901148441,360,360,False
12bw,12bw_A,12bw_C,0_7797_1,5yu8,0_7797_12,5yu8_C,5yu8_A,2.5994711717639745,8.357327765403008,360,360,False
12bw,12bw_B,12bw_C,0_7797_0,3j8a,0_7797_1,3j8a_A,3j8a_B,1.0045894819922934,53.14593901629899,366,366,True
12bw,12bw_B,12bw_C,0_7797_0,3j8a,0_7797_0,3j8a_D,3j8a_A,1.0190155748880243,1.3968307649596072,366,366,False
12bw,12bw_B,12bw_C,0_7797_0,5yu8,0_7797_10,5yu8_B,5yu8_A,2.5851904969165647,7.9138013424796325,360,360,False
12bw,12bw_B,12bw_C,0_7797_0,5yu8,0_7797_12,5yu8_C,5yu8_A,2.585217966236349,49.13476302768962,360,360,False
12bw,12bw_B,12bw_D,0_7797_1,3j8a,0_7797_1,3j8a_A,3j8a_B,1.0045894819922934,1.6637433932599426,366,366,True
12bw,12bw_B,12bw_D,0_7797_1,3j8a,0_7797_0,3j8a_D,3j8a_A,1.0190155748880243,54.19121593311544,366,366,False
12bw,12bw_B,12bw_D,0_7797_1,5yu8,0_7797_10,5yu8_B,5yu8_A,2.5851904969165647,58.76997726872538,360,360,False
12bw,12bw_B,12bw_D,0_7797_1,5yu8,0_7797_12,5yu8_C,5yu8_A,2.585217966236349,8.339520583445736,360,360,False
12bw,12bw_C,12bw_D,0_7797_0,3j8a,0_7797_1,3j8a_A,3j8a_B,1.0335755992209967,53.2628504920161,366,366,True
12bw,12bw_C,12bw_D,0_7797_0,3j8a,0_7797_0,3j8a_D,3j8a_A,1.0487076364986703,1.4270071904307406,366,366,False
12bw,12bw_C,12bw_D,0_7797_0,5yu8,0_7797_10,5yu8_B,5yu8_A,2.5923087143661037,7.799552464387008,360,360,False
12bw,12bw_C,12bw_D,0_7797_0,5yu8,0_7797_12,5yu8_C,5yu8_A,2.5923351987880032,49.199032291803704,360,360,False
12bw,12bw_C,12bw_E,0_7797_1,3j8a,0_7797_1,3j8a_A,3j8a_B,1.0335755992209967,1.6783250190758783,366,366,True
12bw,12bw_C,12bw_E,0_7797_1,3j8a,0_7797_0,3j8a_D,3j8a_A,1.0487076364986703,54.20332077231439,366,366,False
12bw,12bw_C,12bw_E,0_7797_1,5yu8,0_7797_10,5yu8_B,5yu8_A,2.5923087143661037,58.83126804758129,360,360,False
12bw,12bw_C,12bw_E,0_7797_1,5yu8,0_7797_12,5yu8_C,5yu8_A,2.5923351987880032,8.46774468751711,360,360,False
12bw,12bw_D,12bw_E,0_7797_0,3j8a,0_7797_1,3j8a_A,3j8a_B,1.0687320260201616,53.52616395685481,366,366,True
12bw,12bw_D,12bw_E,0_7797_0,3j8a,0_7797_0,3j8a_D,3j8a_A,1.084158059547738,1.533594929195001,366,366,False
12bw,12bw_D,12bw_E,0_7797_0,5yu8,0_7797_10,5yu8_B,5yu8_A,2.586441973956364,7.418839642780977,360,360,False
12bw,12bw_D,12bw_E,0_7797_0,5yu8,0_7797_12,5yu8_C,5yu8_A,2.5864682447421137,49.449334821005074,360,360,False
12bw,12bw_D,12bw_F,0_7797_1,3j8a,0_7797_1,3j8a_A,3j8a_B,1.0687320260201616,1.7010626351238778,366,366,True
12bw,12bw_D,12bw_F,0_7797_1,3j8a,0_7797_0,3j8a_D,3j8a_A,1.084158059547738,53.968480013964886,366,366,False
12bw,12bw_D,12bw_F,0_7797_1,5yu8,0_7797_10,5yu8_B,5yu8_A,2.586441973956364,58.56170967630624,360,360,False
12bw,12bw_D,12bw_F,0_7797_1,5yu8,0_7797_12,5yu8_C,5yu8_A,2.5864682447421137,8.06212344824433,360,360,False
12bw,12bw_E,12bw_F,0_7797_0,3j8a,0_7797_1,3j8a_A,3j8a_B,1.089342426029182,53.81763426437626,366,366,True
12bw,12bw_E,12bw_F,0_7797_0,3j8a,0_7797_0,3j8a_D,3j8a_A,1.106307248332964,1.5411223645241587,366,366,False
12bw,12bw_E,12bw_F,0_7797_0,5yu8,0_7797_10,5yu8_B,5yu8_A,2.4947258861664685,7.179895513126401,360,360,False
12bw,12bw_E,12bw_F,0_7797_0,5yu8,0_7797_12,5yu8_C,5yu8_A,2.494753646110763,49.7506926787707,360,360,False
12bw,12bw_E,12bw_G,0_7797_1,3j8a,0_7797_1,3j8a_A,3j8a_B,1.089342426029182,1.7424496730295724,366,366,True
12bw,12bw_E,12bw_G,0_7797_1,3j8a,0_7797_0,3j8a_D,3j8a_A,1.106307248332964,53.89668533267862,366,366,False
12bw,12bw_E,12bw_G,0_7797_1,5yu8,0_7797_10,5yu8_B,5yu8_A,2.4947258861664685,58.44106001237543,360,360,False
12bw,12bw_E,12bw_G,0_7797_1,5yu8,0_7797_12,5yu8_C,5yu8_A,2.494753646110763,7.84232134028453,360,360,False
12bw,12bw_F,12bw_G,0_7797_0,3j8a,0_7797_1,3j8a_A,3j8a_B,1.0856473482823017,53.6722428232472,366,366,True
12bw,12bw_F,12bw_G,0_7797_0,3j8a,0_7797_0,3j8a_D,3j8a_A,1.1038856358366151,1.5975461541320253,366,366,False
12bw,12bw_F,12bw_G,0_7797_0,5yu8,0_7797_10,5yu8_B,5yu8_A,2.6184419662863534,7.446713305303548,360,360,False
12bw,12bw_F,12bw_G,0_7797_0,5yu8,0_7797_12,5yu8_C,5yu8_A,2.6184721437858767,49.5434849258441,360,360,False
12bw,12bw_F,12bw_H,0_7797_1,3j8a,0_7797_1,3j8a_A,3j8a_B,1.0856473482823017,1.5867455198317684,366,366,True
12bw,12bw_F,12bw_H,0_7797_1,3j8a,0_7797_0,3j8a_D,3j8a_A,1.1038856358366151,54.04839658980984,366,366,False
12bw,12bw_F,12bw_H,0_7797_1,5yu8,0_7797_10,5yu8_B,5yu8_A,2.6184419662863534,58.63646922691107,360,360,False
12bw,12bw_F,12bw_H,0_7797_1,5yu8,0_7797_12,5yu8_C,5yu8_A,2.6184721437858767,8.18364332717769,360,360,False
12bw,12bw_G,12bw_H,0_7797_0,3j8a,0_7797_1,3j8a_A,3j8a_B,1.0640603166109879,53.79278428198163,366,366,True
12bw,12bw_G,12bw_H,0_7797_0,3j8a,0_7797_0,3j8a_D,3j8a_A,1.0838281637981644,1.6192022521823732,366,366,False
12bw,12bw_G,12bw_H,0_7797_0,5yu8,0_7797_10,5yu8_B,5yu8_A,2.626510037706756,7.340983951491748,360,360,False
12bw,12bw_G,12bw_H,0_7797_0,5yu8,0_7797_12,5yu8_C,5yu8_A,2.6265400921540047,49.69226704590829,360,360,False
12bx,12bx_A,12bx_B,0_7797_0,3j8a,0_7797_1,3j8a_A,3j8a_B,1.0137583132688897,53.05568351553556,366,366,True
12bx,12bx_A,12bx_B,0_7797_0,3j8a,0_7797_0,3j8a_D,3j8a_A,1.0283913696456817,1.320695099412241,366,366,False
12bx,12bx_A,12bx_B,0_7797_0,5yu8,0_7797_10,5yu8_B,5yu8_A,2.603692263660906,7.989206586571749,360,360,False
12bx,12bx_A,12bx_B,0_7797_0,5yu8,0_7797_12,5yu8_C,5yu8_A,2.6037193119298365,49.08571002564126,360,360,False
12bx,12bx_A,12bx_C,0_7797_1,3j8a,0_7797_1,3j8a_A,3j8a_B,1.0137583132688897,1.7212662205032783,366,366,True
12bx,12bx_A,12bx_C,0_7797_1,3j8a,0_7797_0,3j8a_D,3j8a_A,1.0283913696456817,54.19147125866768,366,366,False
12bx,12bx_A,12bx_C,0_7797_1,5yu8,0_7797_10,5yu8_B,5yu8_A,2.603692263660906,58.749972176753694,360,360,False
12bx,12bx_A,12bx_C,0_7797_1,5yu8,0_7797_12,5yu8_C,5yu8_A,2.6037193119298365,8.18273254593402,360,360,False
12bx,12bx_B,12bx_C,0_7797_0,3j8a,0_7797_1,3j8a_A,3j8a_B,1.0118903512238495,53.03104123141861,366,366,True
12bx,12bx_B,12bx_C,0_7797_0,3j8a,0_7797_0,3j8a_D,3j8a_A,1.0260157647946868,1.4551456774701694,366,366,False
12bx,12bx_B,12bx_C,0_7797_0,5yu8,0_7797_10,5yu8_B,5yu8_A,2.5894026421129177,8.04224928114982,360,360,False
12bx,12bx_B,12bx_C,0_7797_0,5yu8,0_7797_12,5yu8_C,5yu8_A,2.5894295499241737,49.045774142739475,360,360,False
12bx,12bx_B,12bx_D,0_7797_1,3j8a,0_7797_1,3j8a_A,3j8a_B,1.0118903512238495,1.6778054938248301,366,366,True
12bx,12bx_B,12bx_D,0_7797_1,3j8a,0_7797_0,3j8a_D,3j8a_A,1.0260157647946868,54.25486438185562,366,366,False
12bx,12bx_B,12bx_D,0_7797_1,5yu8,0_7797_10,5yu8_B,5yu8_A,2.5894026421129177,58.82019024885511,360,360,False
12bx,12bx_B,12bx_D,0_7797_1,5yu8,0_7797_12,5yu8_C,5yu8_A,2.5894295499241737,8.435410305919252,360,360,False
12bx,12bx_C,12bx_D,0_7797_0,3j8a,0_7797_1,3j8a_A,3j8a_B,1.0287538212204004,53.12743160640965,366,366,True
12bx,12bx_C,12bx_D,0_7797_0,3j8a,0_7797_0,3j8a_D,3j8a_A,1.0443827610357805,1.4532310794577654,366,366,False
12bx,12bx_C,12bx_D,0_7797_0,5yu8,0_7797_10,5yu8_B,5yu8_A,2.577561378237626,7.93287771592355,360,360,False
12bx,12bx_C,12bx_D,0_7797_0,5yu8,0_7797_12,5yu8_C,5yu8_A,2.5775881006886694,49.072071697386484,360,360,False
12bx,12bx_C,12bx_E,0_7797_1,3j8a,0_7797_1,3j8a_A,3j8a_B,1.0287538212204004,1.6775940759271928,366,366,True
12bx,12bx_C,12bx_E,0_7797_1,3j8a,0_7797_0,3j8a_D,3j8a_A,1.0443827610357805,54.25425282112932,366,366,False
12bx,12bx_C,12bx_E,0_7797_1,5yu8,0_7797_10,5yu8_B,5yu8_A,2.577561378237626,58.88932313864999,360,360,False
12bx,12bx_C,12bx_E,0_7797_1,5yu8,0_7797_12,5yu8_C,5yu8_A,2.5775881006886694,8.652747089660053,360,360,False
12bx,12bx_D,12bx_E,0_7797_0,3j8a,0_7797_1,3j8a_A,3j8a_B,1.075988889522951,53.52670461624213,366,366,True
12bx,12bx_D,12bx_E,0_7797_0,3j8a,0_7797_0,3j8a_D,3j8a_A,1.090099117097994,1.5857126987170589,366,366,False
12bx,12bx_D,12bx_E,0_7797_0,5yu8,0_7797_10,5yu8_B,5yu8_A,2.5844181284807823,7.399002778480797,360,360,False
12bx,12bx_D,12bx_E,0_7797_0,5yu8,0_7797_12,5yu8_C,5yu8_A,2.584443348320948,49.45741860834115,360,360,False
12bx,12bx_D,12bx_F,0_7797_1,3j8a,0_7797_1,3j8a_A,3j8a_B,1.075988889522951,1.7190066848090397,366,366,True
12bx,12bx_D,12bx_F,0_7797_1,3j8a,0_7797_0,3j8a_D,3j8a_A,1.090099117097994,53.90155528932677,366,366,False
12bx,12bx_D,12bx_F,0_7797_1,5yu8,0_7797_10,5yu8_B,5yu8_A,2.5844181284807823,58.50285482921149,360,360,False
12bx,12bx_D,12bx_F,0_7797_1,5yu8,0_7797_12,5yu8_C,5yu8_A,2.584443348320948,8.001820729992735,360,360,False
12bx,12bx_E,12bx_F,0_7797_0,3j8a,0_7797_1,3j8a_A,3j8a_B,1.1008252097765068,53.8792726754892,366,366,True
12bx,12bx_E,12bx_F,0_7797_0,3j8a,0_7797_0,3j8a_D,3j8a_A,1.1162395297363097,1.5757598540143904,366,366,False
12bx,12bx_E,12bx_F,0_7797_0,5yu8,0_7797_10,5yu8_B,5yu8_A,2.451796566765142,7.085030289778408,360,360,False
12bx,12bx_E,12bx_F,0_7797_0,5yu8,0_7797_12,5yu8_C,5yu8_A,2.451822810056872,49.81945196190459,360,360,False
12bx,12bx_E,12bx_G,0_7797_1,3j8a,0_7797_1,3j8a_A,3j8a_B,1.1008252097765068,1.7565895179642497,366,366,True
12bx,12bx_E,12bx_G,0_7797_1,3j8a,0_7797_0,3j8a_D,3j8a_A,1.1162395297363097,53.82103638180306,366,366,False
12bx,12bx_E,12bx_G,0_7797_1,5yu8,0_7797_10,5yu8_B,5yu8_A,2.451796566765142,58.36038798694183,360,360,False
12bx,12bx_E,12bx_G,0_7797_1,5yu8,0_7797_12,5yu8_C,5yu8_A,2.451822810056872,7.747535477135363,360,360,False
12bx,12bx_F,12bx_G,0_7797_0,3j8a,0_7797_1,3j8a_A,3j8a_B,1.0924141235352756,53.6680703495667,366,366,True
12bx,12bx_F,12bx_G,0_7797_0,3j8a,0_7797_0,3j8a_D,3j8a_A,1.1110140769640129,1.621032470410832,366,366,False
12bx,12bx_F,12bx_G,0_7797_0,5yu8,0_7797_10,5yu8_B,5yu8_A,2.6150457440470456,7.4350888386655765,360,360,False
12bx,12bx_F,12bx_G,0_7797_0,5yu8,0_7797_12,5yu8_C,5yu8_A,2.6150765454274674,49.53989892110924,360,360,False
12bx,12bx_F,12bx_H,0_7797_1,3j8a,0_7797_1,3j8a_A,3j8a_B,1.0924141235352756,1.5847232470607175,366,366,True
12bx,12bx_F,12bx_H,0_7797_1,3j8a,0_7797_0,3j8a_D,3j8a_A,1.1110140769640129,54.05468840258811,366,366,False
12bx,12bx_F,12bx_H,0_7797_1,5yu8,0_7797_10,5yu8_B,5yu8_A,2.6150457440470456,58.64442603851806,360,360,False
12bx,12bx_F,12bx_H,0_7797_1,5yu8,0_7797_12,5yu8_C,5yu8_A,2.6150765454274674,8.223890982933455,360,360,False
12bx,12bx_G,12bx_H,0_7797_0,3j8a,0_7797_1,3j8a_A,3j8a_B,1.0808964601645576,53.80975769264195,366,366,True
12bx,12bx_G,12bx_H,0_7797_0,3j8a,0_7797_0,3j8a_D,3j8a_A,1.1007809472651076,1.6666754248371034,366,366,False
12bx,12bx_G,12bx_H,0_7797_0,5yu8,0_7797_10,5yu8_B,5yu8_A,2.62515680887546,7.33575272643258,360,360,False
12bx,12bx_G,12bx_H,0_7797_0,5yu8,0_7797_12,5yu8_C,5yu8_A,2.625187382609616,49.6939323203189,360,360,False
12by,12by_A,12by_B,0_7797_0,3j8a,0_7797_1,3j8a_A,3j8a_B,1.0158168974549064,52.99494864014851,366,366,True
12by,12by_A,12by_B,0_7797_0,3j8a,0_7797_0,3j8a_D,3j8a_A,1.0296877547241494,1.3541107180619805,366,366,False
12by,12by_A,12by_B,0_7797_0,5yu8,0_7797_10,5yu8_B,5yu8_A,2.596515817918905,8.012717416577699,360,360,False
12by,12by_A,12by_B,0_7797_0,5yu8,0_7797_12,5yu8_C,5yu8_A,2.596543164968315,49.03996313004607,360,360,False
12by,12by_A,12by_C,0_7797_1,3j8a,0_7797_1,3j8a_A,3j8a_B,1.0158168974549064,1.6403008901589304,366,366,True
12by,12by_A,12by_C,0_7797_1,3j8a,0_7797_0,3j8a_D,3j8a_A,1.0296877547241494,54.01875877514577,366,366,False
12by,12by_A,12by_C,0_7797_1,5yu8,0_7797_10,5yu8_B,5yu8_A,2.596515817918905,58.563631261052926,360,360,False
12by,12by_A,12by_C,0_7797_1,5yu8,0_7797_12,5yu8_C,5yu8_A,2.596543164968315,8.045446256109157,360,360,False
12by,12by_B,12by_C,0_7797_0,3j8a,0_7797_1,3j8a_A,3j8a_B,1.0172675116758587,53.072889405597245,366,366,True
12by,12by_B,12by_C,0_7797_0,3j8a,0_7797_0,3j8a_D,3j8a_A,1.0309102358908977,1.4471430969595032,366,366,False
12by,12by_B,12by_C,0_7797_0,5yu8,0_7797_10,5yu8_B,5yu8_A,2.5889403851255537,7.987289708780543,360,360,False
12by,12by_B,12by_C,0_7797_0,5yu8,0_7797_12,5yu8_C,5yu8_A,2.5889658803584714,49.098008121845034,360,360,False
12by,12by_B,12by_D,0_7797_1,3j8a,0_7797_1,3j8a_A,3j8a_B,1.0172675116758587,1.7027727731756352,366,366,True
12by,12by_B,12by_D,0_7797_1,3j8a,0_7797_0,3j8a_D,3j8a_A,1.0309102358908977,54.07178937997164,366,366,False
12by,12by_B,12by_D,0_7797_1,5yu8,0_7797_10,5yu8_B,5yu8_A,2.5889403851255537,58.638510173568314,360,360,False
12by,12by_B,12by_D,0_7797_1,5yu8,0_7797_12,5yu8_C,5yu8_A,2.5889658803584714,8.165407845349955,360,360,False
12by,12by_C,12by_D,0_7797_0,3j8a,0_7797_1,3j8a_A,3j8a_B,1.0420550583808723,52.79372728357703,366,366,True
12by,12by_C,12by_D,0_7797_0,3j8a,0_7797_0,3j8a_D,3j8a_A,1.0561092809355284,1.7457414269821,366,366,False
12by,12by_C,12by_D,0_7797_0,5yu8,0_7797_10,5yu8_B,5yu8_A,2.6171765274897236,8.266033567070332,360,360,False
12by,12by_C,12by_D,0_7797_0,5yu8,0_7797_12,5yu8_C,5yu8_A,2.6172034343517003,48.7438003857544,360,360,False
12by,12by_C,12by_E,0_7797_1,3j8a,0_7797_1,3j8a_A,3j8a_B,1.0420550583808723,2.0371705187339297,366,366,True
12by,12by_C,12by_E,0_7797_1,3j8a,0_7797_0,3j8a_D,3j8a_A,1.0561092809355284,54.52196448180544,366,366,False
12by,12by_C,12by_E,0_7797_1,5yu8,0_7797_10,5yu8_B,5yu8_A,2.6171765274897236,59.20658778595205,360,360,False
12by,12by_C,12by_E,0_7797_1,5yu8,0_7797_12,5yu8_C,5yu8_A,2.6172034343517003,9.284187108155365,360,360,False
12by,12by_D,12by_E,0_7797_0,3j8a,0_7797_1,3j8a_A,3j8a_B,1.1092921937730165,53.677481918003224,366,366,True
12by,12by_D,12by_E,0_7797_0,3j8a,0_7797_0,3j8a_D,3j8a_A,1.1235224254071885,1.8099994635572352,366,366,False
12by,12by_D,12by_E,0_7797_0,5yu8,0_7797_10,5yu8_B,5yu8_A,2.5863680270516984,7.158330412143903,360,360,False
12by,12by_D,12by_E,0_7797_0,5yu8,0_7797_12,5yu8_C,5yu8_A,2.5863929762148086,49.62605621256911,360,360,False
12by,12by_D,12by_F,0_7797_1,3j8a,0_7797_1,3j8a_A,3j8a_B,1.1092921937730165,1.8570437688441939,366,366,True
12by,12by_D,12by_F,0_7797_1,3j8a,0_7797_0,3j8a_D,3j8a_A,1.1235224254071885,53.768055768411536,366,366,False
12by,12by_D,12by_F,0_7797_1,5yu8,0_7797_10,5yu8_B,5yu8_A,2.5863680270516984,58.36938303517868,360,360,False
12by,12by_D,12by_F,0_7797_1,5yu8,0_7797_12,5yu8_C,5yu8_A,2.5863929762148086,7.841688951509972,360,360,False
12by,12by_E,12by_F,0_7797_0,3j8a,0_7797_1,3j8a_A,3j8a_B,1.1738655438433314,54.11288817011829,366,366,True
12by,12by_E,12by_F,0_7797_0,3j8a,0_7797_0,3j8a_D,3j8a_A,1.1884333551084318,1.725584970326034,366,366,False
12by,12by_E,12by_F,0_7797_0,5yu8,0_7797_10,5yu8_B,5yu8_A,2.3523318732740037,6.909063480153382,360,360,False
12by,12by_E,12by_F,0_7797_0,5yu8,0_7797_12,5yu8_C,5yu8_A,2.3523565860355955,50.0273219549875,360,360,False
12by,12by_E,12by_G,0_7797_1,3j8a,0_7797_1,3j8a_A,3j8a_B,1.1738655438433314,1.8964209994641363,366,366,True
12by,12by_E,12by_G,0_7797_1,3j8a,0_7797_0,3j8a_D,3j8a_A,1.1884333551084318,53.49312874943622,366,366,False
12by,12by_E,12by_G,0_7797_1,5yu8,0_7797_10,5yu8_B,5yu8_A,2.3523318732740037,58.01483923250881,360,360,False
12by,12by_E,12by_G,0_7797_1,5yu8,0_7797_12,5yu8_C,5yu8_A,2.3523565860355955,7.399760649580247,360,360,False
12by,12by_F,12by_G,0_7797_0,3j8a,0_7797_1,3j8a_A,3j8a_B,1.1161034449308356,53.607315040779255,366,366,True
12by,12by_F,12by_G,0_7797_0,3j8a,0_7797_0,3j8a_D,3j8a_A,1.134842293111573,1.5873045030023623,366,366,False
12by,12by_F,12by_G,0_7797_0,5yu8,0_7797_10,5yu8_B,5yu8_A,2.637317959999066,7.473004253463278,360,360,False
12by,12by_F,12by_G,0_7797_0,5yu8,0_7797_12,5yu8_C,5yu8_A,2.6373478025098733,49.47781475642918,360,360,False
12by,12by_F,12by_H,0_7797_1,3j8a,0_7797_1,3j8a_A,3j8a_B,1.1161034449308356,1.5238635065525983,366,366,True
12by,12by_F,12by_H,0_7797_1,3j8a,0_7797_0,3j8a_D,3j8a_A,1.134842293111573,54.03829562375875,366,366,False
12by,12by_F,12by_H,0_7797_1,5yu8,0_7797_10,5yu8_B,5yu8_A,2.637317959999066,58.63364329170074,360,360,False
12by,12by_F,12by_H,0_7797_1,5yu8,0_7797_12,5yu8_C,5yu8_A,2.6373478025098733,8.295988568317652,360,360,False
12by,12by_G,12by_H,0_7797_0,3j8a,0_7797_1,3j8a_A,3j8a_B,1.0949536912616422,53.771879442792624,366,366,True
12by,12by_G,12by_H,0_7797_0,3j8a,0_7797_0,3j8a_D,3j8a_A,1.1149201879895803,1.6206685960070222,366,366,False
12by,12by_G,12by_H,0_7797_0,5yu8,0_7797_10,5yu8_B,5yu8_A,2.64446810248478,7.3196852799948315,360,360,False
12by,12by_G,12by_H,0_7797_0,5yu8,0_7797_12,5yu8_C,5yu8_A,2.6444973609334754,49.669422334646086,360,360,False
12bz,12bz_A,12bz_B,0_7797_0,3j8a,0_7797_1,3j8a_A,3j8a_B,1.047301922877869,52.74318062158806,366,366,True
12bz,12bz_A,12bz_B,0_7797_0,3j8a,0_7797_0,3j8a_D,3j8a_A,1.06241010996824,1.5193095647530757,366,366,False
12bz,12bz_A,12bz_B,0_7797_0,5yu8,0_7797_10,5yu8_B,5yu8_A,2.6155518766080466,8.328990742829092,360,360,False
12bz,12bz_A,12bz_B,0_7797_0,5yu8,0_7797_12,5yu8_C,5yu8_A,2.615578513802731,48.78148295379889,360,360,False
12bz,12bz_A,12bz_C,0_7797_1,3j8a,0_7797_1,3j8a_A,3j8a_B,1.047301922877869,1.558977276312865,366,366,True
12bz,12bz_A,12bz_C,0_7797_1,3j8a,0_7797_0,3j8a_D,3j8a_A,1.06241010996824,54.094108301981315,366,366,False
12bz,12bz_A,12bz_C,0_7797_1,5yu8,0_7797_10,5yu8_B,5yu8_A,2.6155518766080466,58.64653300911433,360,360,False
12bz,12bz_A,12bz_C,0_7797_1,5yu8,0_7797_12,5yu8_C,5yu8_A,2.615578513802731,8.338117186342089,360,360,False
12bz,12bz_B,12bz_C,0_7797_0,3j8a,0_7797_1,3j8a_A,3j8a_B,1.0259526701786312,53.012608389646545,366,366,True
12bz,12bz_B,12bz_C,0_7797_0,3j8a,0_7797_0,3j8a_D,3j8a_A,1.0410569775896181,1.3773486498388163,366,366,False
12bz,12bz_B,12bz_C,0_7797_0,5yu8,0_7797_10,5yu8_B,5yu8_A,2.6019693505934582,8.039234806978914,360,360,False
12bz,12bz_B,12bz_C,0_7797_0,5yu8,0_7797_12,5yu8_C,5yu8_A,2.601995484543601,49.06499317183538,360,360,False
12bz,12bz_B,12bz_D,0_7797_1,3j8a,0_7797_1,3j8a_A,3j8a_B,1.0259526701786312,1.7281276139531816,366,366,True
12bz,12bz_B,12bz_D,0_7797_1,3j8a,0_7797_0,3j8a_D,3j8a_A,1.0410569775896181,53.89069753663995,366,366,False
12bz,12bz_B,12bz_D,0_7797_1,5yu8,0_7797_10,5yu8_B,5yu8_A,2.6019693505934582,58.432469332792465,360,360,False
12bz,12bz_B,12bz_D,0_7797_1,5yu8,0_7797_12,5yu8_C,5yu8_A,2.601995484543601,7.9099010126442355,360,360,False
12bz,12bz_C,12bz_D,0_7797_0,3j8a,0_7797_1,3j8a_A,3j8a_B,1.027416208294172,52.57165048647588,366,366,True
12bz,12bz_C,12bz_D,0_7797_0,3j8a,0_7797_0,3j8a_D,3j8a_A,1.040867761268393,1.8339529439701476,366,366,False
12bz,12bz_C,12bz_D,0_7797_0,5yu8,0_7797_10,5yu8_B,5yu8_A,2.594458884206267,8.52914345552844,360,360,False
12bz,12bz_C,12bz_D,0_7797_0,5yu8,0_7797_12,5yu8_C,5yu8_A,2.594483802043241,48.55024632508676,360,360,False
12bz,12bz_C,12bz_E,0_7797_1,3j8a,0_7797_1,3j8a_A,3j8a_B,1.027416208294172,1.9717878556411557,366,366,True
12bz,12bz_C,12bz_E,0_7797_1,3j8a,0_7797_0,3j8a_D,3j8a_A,1.040867761268393,54.49824089997109,366,366,False
12bz,12bz_C,12bz_E,0_7797_1,5yu8,0_7797_10,5yu8_B,5yu8_A,2.594458884206267,59.1791774783961,360,360,False
12bz,12bz_C,12bz_E,0_7797_1,5yu8,0_7797_12,5yu8_C,5yu8_A,2.594483802043241,9.331310742787398,360,360,False
12bz,12bz_D,12bz_E,0_7797_0,3j8a,0_7797_1,3j8a_A,3j8a_B,1.0853549703012295,53.082180411672155,366,366,True
12bz,12bz_D,12bz_E,0_7797_0,3j8a,0_7797_0,3j8a_D,3j8a_A,1.1005225844507631,1.7712098771415616,366,366,False
12bz,12bz_D,12bz_E,0_7797_0,5yu8,0_7797_10,5yu8_B,5yu8_A,2.565014637446992,7.772223231490206,360,360,False
12bz,12bz_D,12bz_E,0_7797_0,5yu8,0_7797_12,5yu8_C,5yu8_A,2.565038869349555,49.05226613754895,360,360,False
12bz,12bz_D,12bz_F,0_7797_1,3j8a,0_7797_1,3j8a_A,3j8a_B,1.0853549703012295,1.6843411221105118,366,366,True
12bz,12bz_D,12bz_F,0_7797_1,3j8a,0_7797_0,3j8a_D,3j8a_A,1.1005225844507631,54.121685726114556,366,366,False
12bz,12bz_D,12bz_F,0_7797_1,5yu8,0_7797_10,5yu8_B,5yu8_A,2.565014637446992,58.794568536997055,360,360,False
12bz,12bz_D,12bz_F,0_7797_1,5yu8,0_7797_12,5yu8_C,5yu8_A,2.565038869349555,8.70136274301398,360,360,False
12bz,12bz_E,12bz_F,0_7797_0,3j8a,0_7797_1,3j8a_A,3j8a_B,1.1629730738433521,54.15208458903645,366,366,True
12bz,12bz_E,12bz_F,0_7797_0,3j8a,0_7797_0,3j8a_D,3j8a_A,1.1749919310955315,1.9338556269899274,366,366,False
12bz,12bz_E,12bz_F,0_7797_0,5yu8,0_7797_10,5yu8_B,5yu8_A,2.3407236143203214,6.639579554977084,360,360,False
12bz,12bz_E,12bz_F,0_7797_0,5yu8,0_7797_12,5yu8_C,5yu8_A,2.340747201052345,50.114142487252394,360,360,False
12bz,12bz_E,12bz_G,0_7797_1,3j8a,0_7797_1,3j8a_A,3j8a_B,1.1629730738433521,2.0477040318841753,366,366,True
12bz,12bz_E,12bz_G,0_7797_1,3j8a,0_7797_0,3j8a_D,3j8a_A,1.1749919310955315,53.27313323953813,366,366,False
12bz,12bz_E,12bz_G,0_7797_1,5yu8,0_7797_10,5yu8_B,5yu8_A,2.3407236143203214,57.79697589143669,360,360,False
12bz,12bz_E,12bz_G,0_7797_1,5yu8,0_7797_12,5yu8_C,5yu8_A,2.340747201052345,7.1421291118670265,360,360,False
12bz,12bz_F,12bz_G,0_7797_0,3j8a,0_7797_1,3j8a_A,3j8a_B,1.1439055238567957,54.06724677249751,366,366,True
12bz,12bz_F,12bz_G,0_7797_0,3j8a,0_7797_0,3j8a_D,3j8a_A,1.1572727149343847,1.6887174103270126,366,366,False
12bz,12bz_F,12bz_G,0_7797_0,5yu8,0_7797_10,5yu8_B,5yu8_A,2.4624502115472438,6.978993982331224,360,360,False
12bz,12bz_F,12bz_G,0_7797_0,5yu8,0_7797_12,5yu8_C,5yu8_A,2.4624768683756515,49.95712559163219,360,360,False
12bz,12bz_F,12bz_H,0_7797_1,3j8a,0_7797_1,3j8a_A,3j8a_B,1.1439055238567957,1.8150216785834044,366,366,True
12bz,12bz_F,12bz_H,0_7797_1,3j8a,0_7797_0,3j8a_D,3j8a_A,1.1572727149343847,53.48063016896932,366,366,False
12bz,12bz_F,12bz_H,0_7797_1,5yu8,0_7797_10,5yu8_B,5yu8_A,2.4624502115472438,58.025708391691666,360,360,False
12bz,12bz_F,12bz_H,0_7797_1,5yu8,0_7797_12,5yu8_C,5yu8_A,2.4624768683756515,7.472328911099759,360,360,False
12bz,12bz_G,12bz_H,0_7797_0,3j8a,0_7797_1,3j8a_A,3j8a_B,1.1031790407299102,53.572045120725036,366,366,True
12bz,12bz_G,12bz_H,0_7797_0,3j8a,0_7797_0,3j8a_D,3j8a_A,1.1209391974240561,1.5124676710073237,366,366,False
12bz,12bz_G,12bz_H,0_7797_0,5yu8,0_7797_10,5yu8_B,5yu8_A,2.6296046710706857,7.458978023617327,360,360,False
12bz,12bz_G,12bz_H,0_7797_0,5yu8,0_7797_12,5yu8_C,5yu8_A,2.6296330872817126,49.4550771693687,360,360,False
12rv,12rv_A,12rv_B,0_7797_0,3j8a,0_7797_1,3j8a_A,3j8a_B,1.2229930628076773,53.0895550587078,366,366,True
12rv,12rv_A,12rv_B,0_7797_0,3j8a,0_7797_0,3j8a_D,3j8a_A,1.2417186302383243,1.478355901784405,366,366,False
12rv,12rv_A,12rv_B,0_7797_0,5yu8,0_7797_10,5yu8_B,5yu8_A,2.6618700208443626,7.6523008766532215,360,360,False
12rv,12rv_A,12rv_B,0_7797_0,5yu8,0_7797_12,5yu8_C,5yu8_A,2.6618932866906206,49.109400792512176,360,360,False
12rv,12rv_A,12rv_C,0_7797_1,3j8a,0_7797_1,3j8a_A,3j8a_B,1.2229930628076773,1.3258593940956989,366,366,True
12rv,12rv_A,12rv_C,0_7797_1,3j8a,0_7797_0,3j8a_D,3j8a_A,1.2417186302383243,53.3395024090185,366,366,False
12rv,12rv_A,12rv_C,0_7797_1,5yu8,0_7797_10,5yu8_B,5yu8_A,2.6618700208443626,57.91805446893737,360,360,False
12rv,12rv_A,12rv_C,0_7797_1,5yu8,0_7797_12,5yu8_C,5yu8_A,2.6618932866906206,8.27031760990937,360,360,False
12rv,12rv_B,12rv_C,0_7797_0,3j8a,0_7797_1,3j8a_A,3j8a_B,1.2470763219305563,53.2112922390256,366,366,True
12rv,12rv_B,12rv_C,0_7797_0,3j8a,0_7797_0,3j8a_D,3j8a_A,1.2662782432196935,1.4101692427324601,366,366,False
12rv,12rv_B,12rv_C,0_7797_0,5yu8,0_7797_10,5yu8_B,5yu8_A,2.700768198267911,7.49478816992919,360,360,False
12rv,12rv_B,12rv_C,0_7797_0,5yu8,0_7797_12,5yu8_C,5yu8_A,2.70079165557601,49.18489710518774,360,360,False
12rv,12rv_B,12rv_D,0_7797_1,3j8a,0_7797_1,3j8a_A,3j8a_B,1.2470763219305563,1.2708608808851778,366,366,True
12rv,12rv_B,12rv_D,0_7797_1,3j8a,0_7797_0,3j8a_D,3j8a_A,1.2662782432196935,53.33585289896907,366,366,False
12rv,12rv_B,12rv_D,0_7797_1,5yu8,0_7797_10,5yu8_B,5yu8_A,2.700768198267911,57.90751163144473,360,360,False
12rv,12rv_B,12rv_D,0_7797_1,5yu8,0_7797_12,5yu8_C,5yu8_A,2.70079165557601,8.219577841412061,360,360,False
12rv,12rv_C,12rv_D,0_7797_0,3j8a,0_7797_1,3j8a_A,3j8a_B,1.2706828714473661,53.474703576510024,366,366,True
12rv,12rv_C,12rv_D,0_7797_0,3j8a,0_7797_0,3j8a_D,3j8a_A,1.2911838078579272,1.3418197100135212,366,366,False
12rv,12rv_C,12rv_D,0_7797_0,5yu8,0_7797_10,5yu8_B,5yu8_A,2.703555584995623,7.314732096013471,360,360,False
12rv,12rv_C,12rv_D,0_7797_0,5yu8,0_7797_12,5yu8_C,5yu8_A,2.703580611606455,49.396477240851496,360,360,False
12rv,12rv_E,12rv_C,0_7797_1,3j8a,0_7797_1,3j8a_A,3j8a_B,1.2360579444131148,1.3067573549170404,366,366,False
12rv,12rv_E,12rv_C,0_7797_1,3j8a,0_7797_0,3j8a_D,3j8a_A,1.2360579444131148,53.38517126388531,366,366,True
12rv,12rv_E,12rv_C,0_7797_1,5yu8,0_7797_10,5yu8_B,5yu8_A,2.7035977227097643,52.115344467756366,360,360,True
12rv,12rv_E,12rv_C,0_7797_1,5yu8,0_7797_12,5yu8_C,5yu8_A,2.7035977227097643,6.237571746954453,360,360,True
12rv,12rv_E,12rv_D,0_7797_0,3j8a,0_7797_1,3j8a_A,3j8a_B,1.2360579444131148,53.12065779533515,366,366,False
12rv,12rv_E,12rv_D,0_7797_0,3j8a,0_7797_0,3j8a_D,3j8a_A,1.2360579444131148,1.357053411521688,366,366,True
12rv,12rv_E,12rv_D,0_7797_0,5yu8,0_7797_10,5yu8_B,5yu8_A,2.7035977227097643,8.345941515181664,360,360,True
12rv,12rv_E,12rv_D,0_7797_0,5yu8,0_7797_12,5yu8_C,5yu8_A,2.7035977227097643,55.31161076674327,360,360,True
38jl,38jl_A,38jl_B,0_7797_10,3j8a,0_7797_1,3j8a_A,3j8a_B,3.0755503551448973,58.583462666149785,366,366,True
38jl,38jl_A,38jl_B,0_7797_10,3j8a,0_7797_0,3j8a_D,3j8a_A,3.076113899827265,8.294704046766277,366,366,False
38jl,38jl_A,38jl_B,0_7797_10,5yu8,0_7797_10,5yu8_B,5yu8_A,0.5449607917136017,0.7236557548969188,360,360,False
38jl,38jl_A,38jl_B,0_7797_10,5yu8,0_7797_12,5yu8_C,5yu8_A,0.5449937612982205,53.90818147922768,360,360,False
38jl,38jl_A,38jl_C,0_7797_12,3j8a,0_7797_1,3j8a_A,3j8a_B,3.0755503551448973,9.295532077895524,366,366,True
38jl,38jl_A,38jl_C,0_7797_12,3j8a,0_7797_0,3j8a_D,3j8a_A,3.076113899827265,49.090401492358474,366,366,False
38jl,38jl_A,38jl_C,0_7797_12,5yu8,0_7797_10,5yu8_B,5yu8_A,0.5449607917136017,54.4765399926206,360,360,False
38jl,38jl_A,38jl_C,0_7797_12,5yu8,0_7797_12,5yu8_C,5yu8_A,0.5449937612982205,0.9490855781973943,360,360,False
38jl,38jl_B,38jl_C,0_7797_10,3j8a,0_7797_1,3j8a_A,3j8a_B,3.0980129178261633,58.611504754002986,366,366,True
38jl,38jl_B,38jl_C,0_7797_10,3j8a,0_7797_0,3j8a_D,3j8a_A,3.098865377581101,8.314719206528318,366,366,False
38jl,38jl_B,38jl_C,0_7797_10,5yu8,0_7797_10,5yu8_B,5yu8_A,0.5331700957302459,0.7760003507566164,360,360,False
38jl,38jl_B,38jl_C,0_7797_10,5yu8,0_7797_12,5yu8_C,5yu8_A,0.5332045358403037,53.91318286224406,360,360,False
38jl,38jl_B,38jl_D,0_7797_12,3j8a,0_7797_1,3j8a_A,3j8a_B,3.0980129178261633,9.455705659131631,366,366,True
38jl,38jl_B,38jl_D,0_7797_12,3j8a,0_7797_0,3j8a_D,3j8a_A,3.098865377581101,49.00741535216836,366,366,False
38jl,38jl_B,38jl_D,0_7797_12,5yu8,0_7797_10,5yu8_B,5yu8_A,0.5331700957302459,54.39201526395376,360,360,False
38jl,38jl_B,38jl_D,0_7797_12,5yu8,0_7797_12,5yu8_C,5yu8_A,0.5332045358403037,0.8460085962999357,360,360,False
38jl,38jl_C,38jl_D,0_7797_10,3j8a,0_7797_1,3j8a_A,3j8a_B,3.084259964183357,58.42037304334497,366,366,True
38jl,38jl_C,38jl_D,0_7797_10,3j8a,0_7797_0,3j8a_D,3j8a_A,3.084688528875442,8.158351194536852,366,366,False
38jl,38jl_C,38jl_D,0_7797_10,5yu8,0_7797_10,5yu8_B,5yu8_A,0.5483482141603052,0.8867586235985907,360,360,False
38jl,38jl_C,38jl_D,0_7797_10,5yu8,0_7797_12,5yu8_C,5yu8_A,0.5483826441989152,53.748134172817146,360,360,False
38jl,38jl_C,38jl_E,0_7797_12,3j8a,0_7797_1,3j8a_A,3j8a_B,3.084259964183357,9.166258919610652,366,366,True
38jl,38jl_C,38jl_E,0_7797_12,3j8a,0_7797_0,3j8a_D,3j8a_A,3.084688528875442,49.15526520759262,366,366,False
38jl,38jl_C,38jl_E,0_7797_12,5yu8,0_7797_10,5yu8_B,5yu8_A,0.5483482141603052,54.55150741892147,360,360,False
38jl,38jl_C,38jl_E,0_7797_12,5yu8,0_7797_12,5yu8_C,5yu8_A,0.5483826441989152,1.044803467926714,360,360,False
38jl,38jl_D,38jl_E,0_7797_10,3j8a,0_7797_1,3j8a_A,3j8a_B,3.110297666103519,58.39948607451134,366,366,True
38jl,38jl_D,38jl_E,0_7797_10,3j8a,0_7797_0,3j8a_D,3j8a_A,3.1109605585420135,8.200497588260921,366,366,False
38jl,38jl_D,38jl_E,0_7797_10,5yu8,0_7797_10,5yu8_B,5yu8_A,0.535929273030143,0.9066421054504965,360,360,False
38jl,38jl_D,38jl_E,0_7797_10,5yu8,0_7797_12,5yu8_C,5yu8_A,0.5359693184869502,53.70394807156219,360,360,False
38jl,38jl_D,38jl_F,0_7797_12,3j8a,0_7797_1,3j8a_A,3j8a_B,3.110297666103519,9.19183993640188,366,366,True
38jl,38jl_D,38jl_F,0_7797_12,3j8a,0_7797_0,3j8a_D,3j8a_A,3.1109605585420135,49.21202064717316,366,366,False
38jl,38jl_D,38jl_F,0_7797_12,5yu8,0_7797_10,5yu8_B,5yu8_A,0.535929273030143,54.61653288375007,360,360,False
38jl,38jl_D,38jl_F,0_7797_12,5yu8,0_7797_12,5yu8_C,5yu8_A,0.5359693184869502,1.0319624094369788,360,360,False
38jl,38jl_E,38jl_F,0_7797_10,3j8a,0_7797_1,3j8a_A,3j8a_B,3.0901769102553613,58.711301087465664,366,366,True
38jl,38jl_E,38jl_F,0_7797_10,3j8a,0_7797_0,3j8a_D,3j8a_A,3.0913736239238427,8.510907564129125,366,366,False
38jl,38jl_E,38jl_F,0_7797_10,5yu8,0_7797_10,5yu8_B,5yu8_A,0.5594206211778247,0.7216082560100251,360,360,False
38jl,38jl_E,38jl_F,0_7797_10,5yu8,0_7797_12,5yu8_C,5yu8_A,0.5594522955928197,53.996771035259236,360,360,False
38jl,38jl_E,38jl_G,0_7797_12,3j8a,0_7797_1,3j8a_A,3j8a_B,3.0901769102553613,9.506553950871966,366,366,True
38jl,38jl_E,38jl_G,0_7797_12,3j8a,0_7797_0,3j8a_D,3j8a_A,3.0913736239238427,48.9676685644905,366,366,False
38jl,38jl_E,38jl_G,0_7797_12,5yu8,0_7797_10,5yu8_B,5yu8_A,0.5594206211778247,54.35298425211562,360,360,False
38jl,38jl_E,38jl_G,0_7797_12,5yu8,0_7797_12,5yu8_C,5yu8_A,0.5594522955928197,0.7695567693219536,360,360,False
38jl,38jl_F,38jl_G,0_7797_10,3j8a,0_7797_1,3j8a_A,3j8a_B,3.1015177044140936,58.62826930456926,366,366,True
38jl,38jl_F,38jl_G,0_7797_10,3j8a,0_7797_0,3j8a_D,3j8a_A,3.10242874683644,8.38701270739097,366,366,False
38jl,38jl_F,38jl_G,0_7797_10,5yu8,0_7797_10,5yu8_B,5yu8_A,0.5357224014687242,0.7536737010344219,360,360,False
38jl,38jl_F,38jl_G,0_7797_10,5yu8,0_7797_12,5yu8_C,5yu8_A,0.5357563792721773,53.93361873671314,360,360,False
38jl,38jl_F,38jl_H,0_7797_12,3j8a,0_7797_1,3j8a_A,3j8a_B,3.1015177044140936,9.425893319441416,366,366,True
38jl,38jl_F,38jl_H,0_7797_12,3j8a,0_7797_0,3j8a_D,3j8a_A,3.10242874683644,49.04801341868488,366,366,False
38jl,38jl_F,38jl_H,0_7797_12,5yu8,0_7797_10,5yu8_B,5yu8_A,0.5357224014687242,54.424172363573895,360,360,False
38jl,38jl_F,38jl_H,0_7797_12,5yu8,0_7797_12,5yu8_C,5yu8_A,0.5357563792721773,0.8316628706499716,360,360,False
38jl,38jl_G,38jl_H,0_7797_10,3j8a,0_7797_1,3j8a_A,3j8a_B,3.101231960208462,58.5666508786548,366,366,True
38jl,38jl_G,38jl_H,0_7797_10,3j8a,0_7797_0,3j8a_D,3j8a_A,3.1019850774517566,8.343559468988119,366,366,False
38jl,38jl_G,38jl_H,0_7797_10,5yu8,0_7797_10,5yu8_B,5yu8_A,0.5472710217234754,0.8677162159745644,360,360,False
38jl,38jl_G,38jl_H,0_7797_10,5yu8,0_7797_12,5yu8_C,5yu8_A,0.5472986515046782,53.87442981710978,360,360,False
38kl,38kl_A,38kl_B,0_7797_53,3j8a,0_7797_1,3j8a_A,3j8a_B,3.069847759058423,58.66158719951562,366,366,True
38kl,38kl_A,38kl_B,0_7797_53,3j8a,0_7797_0,3j8a_D,3j8a_A,3.0719517095445483,8.367704439850721,366,366,False
38kl,38kl_A,38kl_B,0_7797_53,5yu8,0_7797_10,5yu8_B,5yu8_A,0.5313809675081136,0.7709009728875865,360,360,False
38kl,38kl_A,38kl_B,0_7797_53,5yu8,0_7797_12,5yu8_C,5yu8_A,0.5314005555509094,53.89879893884499,360,360,False
38kl,38kl_A,38kl_C,0_7797_12,3j8a,0_7797_1,3j8a_A,3j8a_B,3.069847759058423,9.464293821795536,366,366,True
38kl,38kl_A,38kl_C,0_7797_12,3j8a,0_7797_0,3j8a_D,3j8a_A,3.0719517095445483,48.97266002415546,366,366,False
38kl,38kl_A,38kl_C,0_7797_12,5yu8,0_7797_10,5yu8_B,5yu8_A,0.5313809675081136,54.39230191477389,360,360,False
38kl,38kl_A,38kl_C,0_7797_12,5yu8,0_7797_12,5yu8_C,5yu8_A,0.5314005555509094,0.9430766865803698,360,360,False
38kl,38kl_B,38kl_C,0_7797_10,3j8a,0_7797_1,3j8a_A,3j8a_B,3.088587759189619,58.56991236437279,366,366,True
38kl,38kl_B,38kl_C,0_7797_10,3j8a,0_7797_0,3j8a_D,3j8a_A,3.0895504288957185,8.323121068187799,366,366,False
38kl,38kl_B,38kl_C,0_7797_10,5yu8,0_7797_10,5yu8_B,5yu8_A,0.5582760712942831,0.8783101206351273,360,360,False
38kl,38kl_B,38kl_C,0_7797_10,5yu8,0_7797_12,5yu8_C,5yu8_A,0.5583045635179361,53.84515784470121,360,360,False
38kl,38kl_B,38kl_D,0_7797_12,3j8a,0_7797_1,3j8a_A,3j8a_B,3.088587759189619,9.567210629821778,366,366,True
38kl,38kl_B,38kl_D,0_7797_12,3j8a,0_7797_0,3j8a_D,3j8a_A,3.0895504288957185,48.909017452395865,366,366,False
38kl,38kl_B,38kl_D,0_7797_12,5yu8,0_7797_10,5yu8_B,5yu8_A,0.5582760712942831,54.34258243111478,360,360,False
38kl,38kl_B,38kl_D,0_7797_12,5yu8,0_7797_12,5yu8_C,5yu8_A,0.5583045635179361,1.0701476063039825,360,360,False
38kl,38kl_C,38kl_D,0_7797_10,3j8a,0_7797_1,3j8a_A,3j8a_B,3.1485047987842183,58.40909800480731,366,366,True
38kl,38kl_C,38kl_D,0_7797_10,3j8a,0_7797_0,3j8a_D,3j8a_A,3.1484033074510247,8.46418907648731,366,366,False
38kl,38kl_C,38kl_D,0_7797_10,5yu8,0_7797_10,5yu8_B,5yu8_A,0.5413697140855744,1.3266992873088927,360,360,False
38kl,38kl_C,38kl_D,0_7797_10,5yu8,0_7797_12,5yu8_C,5yu8_A,0.5413922962156821,53.64019045218975,360,360,False
38kl,38kl_C,38kl_E,0_7797_12,3j8a,0_7797_1,3j8a_A,3j8a_B,3.1485047987842183,10.213092812413617,366,366,True
38kl,38kl_C,38kl_E,0_7797_12,3j8a,0_7797_0,3j8a_D,3j8a_A,3.1484033074510247,48.28691311081112,366,366,False
38kl,38kl_C,38kl_E,0_7797_12,5yu8,0_7797_10,5yu8_B,5yu8_A,0.5413697140855744,53.711954471867934,360,360,False
38kl,38kl_C,38kl_E,0_7797_12,5yu8,0_7797_12,5yu8_C,5yu8_A,0.5413922962156821,1.083030801497422,360,360,False
38kl,38kl_D,38kl_E,0_7797_10,3j8a,0_7797_1,3j8a_A,3j8a_B,3.1861056898599713,58.14977925181762,366,366,True
38kl,38kl_D,38kl_E,0_7797_10,3j8a,0_7797_0,3j8a_D,3j8a_A,3.1853367353430615,8.471588039216641,366,366,False
38kl,38kl_D,38kl_E,0_7797_10,5yu8,0_7797_10,5yu8_B,5yu8_A,0.6151761563683606,2.455754862414915,360,360,False
38kl,38kl_D,38kl_E,0_7797_10,5yu8,0_7797_12,5yu8_C,5yu8_A,0.6151989285028334,53.56046934725655,360,360,False
38km,38km_A,38km_B,0_7797_10,3j8a,0_7797_1,3j8a_A,3j8a_B,3.076692761687962,58.60997228908418,366,366,True
38km,38km_A,38km_B,0_7797_10,3j8a,0_7797_0,3j8a_D,3j8a_A,3.077375292662886,8.32268134379876,366,366,False
38km,38km_A,38km_B,0_7797_10,5yu8,0_7797_10,5yu8_B,5yu8_A,0.5435670602300717,0.72880131422475,360,360,False
38km,38km_A,38km_B,0_7797_10,5yu8,0_7797_12,5yu8_C,5yu8_A,0.5436018484588359,53.921133602980504,360,360,False
38km,38km_A,38km_C,0_7797_12,3j8a,0_7797_1,3j8a_A,3j8a_B,3.076692761687962,9.34163243157862,366,366,True
38km,38km_A,38km_C,0_7797_12,3j8a,0_7797_0,3j8a_D,3j8a_A,3.077375292662886,49.11195134331292,366,366,False
38km,38km_A,38km_C,0_7797_12,5yu8,0_7797_10,5yu8_B,5yu8_A,0.5435670602300717,54.499147069582946,360,360,False
38km,38km_A,38km_C,0_7797_12,5yu8,0_7797_12,5yu8_C,5yu8_A,0.5436018484588359,0.8988665242901049,360,360,False
38km,38km_B,38km_C,0_7797_10,3j8a,0_7797_1,3j8a_A,3j8a_B,3.11080484625733,58.6015043651462,366,366,True
38km,38km_B,38km_C,0_7797_10,3j8a,0_7797_0,3j8a_D,3j8a_A,3.1118034262583265,8.264330050349336,366,366,False
38km,38km_B,38km_C,0_7797_10,5yu8,0_7797_10,5yu8_B,5yu8_A,0.5458426206412601,0.8316268056459806,360,360,False
38km,38km_B,38km_C,0_7797_10,5yu8,0_7797_12,5yu8_C,5yu8_A,0.5458806685295116,53.872474445601064,360,360,False
38km,38km_B,38km_D,0_7797_12,3j8a,0_7797_1,3j8a_A,3j8a_B,3.11080484625733,9.35858820761275,366,366,True
38km,38km_B,38km_D,0_7797_12,3j8a,0_7797_0,3j8a_D,3j8a_A,3.1118034262583265,49.09509458509666,366,366,False
38km,38km_B,38km_D,0_7797_12,5yu8,0_7797_10,5yu8_B,5yu8_A,0.5458426206412601,54.516440645023266,360,360,False
38km,38km_B,38km_D,0_7797_12,5yu8,0_7797_12,5yu8_C,5yu8_A,0.5458806685295116,0.9920230346264349,360,360,False
38km,38km_C,38km_D,0_7797_10,3j8a,0_7797_1,3j8a_A,3j8a_B,3.0722941248166755,58.435335197638786,366,366,True
38km,38km_C,38km_D,0_7797_10,3j8a,0_7797_0,3j8a_D,3j8a_A,3.073258083341377,8.146364354932265,366,366,False
38km,38km_C,38km_D,0_7797_10,5yu8,0_7797_10,5yu8_B,5yu8_A,0.536519858480918,0.9663767243978826,360,360,False
38km,38km_C,38km_D,0_7797_10,5yu8,0_7797_12,5yu8_C,5yu8_A,0.5365564569708852,53.750672483572124,360,360,False
38km,38km_C,38km_E,0_7797_12,3j8a,0_7797_1,3j8a_A,3j8a_B,3.0722941248166755,9.239734983010779,366,366,True
38km,38km_C,38km_E,0_7797_12,3j8a,0_7797_0,3j8a_D,3j8a_A,3.073258083341377,49.15890111664963,366,366,False
38km,38km_C,38km_E,0_7797_12,5yu8,0_7797_10,5yu8_B,5yu8_A,0.536519858480918,54.558823342438906,360,360,False
38km,38km_C,38km_E,0_7797_12,5yu8,0_7797_12,5yu8_C,5yu8_A,0.5365564569708852,1.0657692856508272,360,360,False
38km,38km_D,38km_E,0_7797_10,3j8a,0_7797_1,3j8a_A,3j8a_B,3.1162644711781007,58.3451686488541,366,366,True
38km,38km_D,38km_E,0_7797_10,3j8a,0_7797_0,3j8a_D,3j8a_A,3.1164014567421736,8.11250816085558,366,366,False
38km,38km_D,38km_E,0_7797_10,5yu8,0_7797_10,5yu8_B,5yu8_A,0.5653300608599776,1.0270872366747585,360,360,False
38km,38km_D,38km_E,0_7797_10,5yu8,0_7797_12,5yu8_C,5yu8_A,0.5653713765337592,53.63147488948434,360,360,False
38km,38km_D,38km_F,0_7797_12,3j8a,0_7797_1,3j8a_A,3j8a_B,3.1162644711781007,9.119058088251716,366,366,True
38km,38km_D,38km_F,0_7797_12,3j8a,0_7797_0,3j8a_D,3j8a_A,3.1164014567421736,49.21782259094318,366,366,False
38km,38km_D,38km_F,0_7797_12,5yu8,0_7797_10,5yu8_B,5yu8_A,0.5653300608599776,54.65279763818782,360,360,False
38km,38km_D,38km_F,0_7797_12,5yu8,0_7797_12,5yu8_C,5yu8_A,0.5653713765337592,1.0945473016446359,360,360,False
38km,38km_E,38km_F,0_7797_10,3j8a,0_7797_1,3j8a_A,3j8a_B,3.0923634677516265,58.4176370517676,366,366,True
38km,38km_E,38km_F,0_7797_10,3j8a,0_7797_0,3j8a_D,3j8a_A,3.09302363570896,8.220884727249643,366,366,False
38km,38km_E,38km_F,0_7797_10,5yu8,0_7797_10,5yu8_B,5yu8_A,0.5658672112013117,0.992205497705586,360,360,False
38km,38km_E,38km_F,0_7797_10,5yu8,0_7797_12,5yu8_C,5yu8_A,0.565900993901273,53.70176936928829,360,360,False
38km,38km_E,38km_G,0_7797_12,3j8a,0_7797_1,3j8a_A,3j8a_B,3.0923634677516265,9.23756415716123,366,366,True
38km,38km_E,38km_G,0_7797_12,3j8a,0_7797_0,3j8a_D,3j8a_A,3.09302363570896,49.243505783473026,366,366,False
38km,38km_E,38km_G,0_7797_12,5yu8,0_7797_10,5yu8_B,5yu8_A,0.5658672112013117,54.64359426802304,360,360,False
38km,38km_E,38km_G,0_7797_12,5yu8,0_7797_12,5yu8_C,5yu8_A,0.565900993901273,1.0129306479209697,360,360,False
38km,38km_F,38km_G,0_7797_10,3j8a,0_7797_1,3j8a_A,3j8a_B,3.064874625550933,58.539559092323344,366,366,True
38km,38km_F,38km_G,0_7797_10,3j8a,0_7797_0,3j8a_D,3j8a_A,3.065991520935913,8.32036766732534,366,366,False
38km,38km_F,38km_G,0_7797_10,5yu8,0_7797_10,5yu8_B,5yu8_A,0.5690296064380284,0.8926724173136286,360,360,False
38km,38km_F,38km_G,0_7797_10,5yu8,0_7797_12,5yu8_C,5yu8_A,0.5690679818141005,53.86022885920545,360,360,False
38km,38km_F,38km_H,0_7797_12,3j8a,0_7797_1,3j8a_A,3j8a_B,3.064874625550933,9.322180229236878,366,366,True
38km,38km_F,38km_H,0_7797_12,3j8a,0_7797_0,3j8a_D,3j8a_A,3.065991520935913,49.20716762279937,366,366,False
38km,38km_F,38km_H,0_7797_12,5yu8,0_7797_10,5yu8_B,5yu8_A,0.5690296064380284,54.561544934159976,360,360,False
38km,38km_F,38km_H,0_7797_12,5yu8,0_7797_12,5yu8_C,5yu8_A,0.5690679818141005,0.9505393275228314,360,360,False
38km,38km_G,38km_H,0_7797_10,3j8a,0_7797_1,3j8a_A,3j8a_B,3.090468276464516,58.619599755042124,366,366,True
38km,38km_G,38km_H,0_7797_10,3j8a,0_7797_0,3j8a_D,3j8a_A,3.090809470428117,8.384319094883892,366,366,False
38km,38km_G,38km_H,0_7797_10,5yu8,0_7797_10,5yu8_B,5yu8_A,0.5631020612013801,0.8856140696501804,360,360,False
38km,38km_G,38km_H,0_7797_10,5yu8,0_7797_12,5yu8_C,5yu8_A,0.563128700323409,53.92443158314317,360,360,False
38kn,38kn_A,38kn_B,0_7797_10,3j8a,0_7797_1,3j8a_A,3j8a_B,3.101031499630269,58.46273389041496,366,366,True
38kn,38kn_A,38kn_B,0_7797_10,3j8a,0_7797_0,3j8a_D,3j8a_A,3.1021482806126865,8.203513295609735,366,366,False
38kn,38kn_A,38kn_B,0_7797_10,5yu8,0_7797_10,5yu8_B,5yu8_A,0.5625782274260528,0.8464643931930544,360,360,False
38kn,38kn_A,38kn_B,0_7797_10,5yu8,0_7797_12,5yu8_C,5yu8_A,0.5626094375788778,53.76262619742661,360,360,False
38kn,38kn_A,38kn_C,0_7797_12,3j8a,0_7797_1,3j8a_A,3j8a_B,3.101031499630269,9.225384178104866,366,366,True
38kn,38kn_A,38kn_C,0_7797_12,3j8a,0_7797_0,3j8a_D,3j8a_A,3.1021482806126865,49.080641937059774,366,366,False
38kn,38kn_A,38kn_C,0_7797_12,5yu8,0_7797_10,5yu8_B,5yu8_A,0.5625782274260528,54.49389150298755,360,360,False
38kn,38kn_A,38kn_C,0_7797_12,5yu8,0_7797_12,5yu8_C,5yu8_A,0.5626094375788778,0.9888454895867662,360,360,False
38kn,38kn_B,38kn_C,0_7797_10,3j8a,0_7797_1,3j8a_A,3j8a_B,3.1009818084893204,58.45820332835547,366,366,True
38kn,38kn_B,38kn_C,0_7797_10,3j8a,0_7797_0,3j8a_D,3j8a_A,3.102098589534787,8.198573961593707,366,366,False
38kn,38kn_B,38kn_C,0_7797_10,5yu8,0_7797_10,5yu8_B,5yu8_A,0.5625849667832621,0.8554065608234817,360,360,False
38kn,38kn_B,38kn_C,0_7797_10,5yu8,0_7797_12,5yu8_C,5yu8_A,0.5626161791467356,53.75724827677634,360,360,False
38kn,38kn_B,38kn_D,0_7797_12,3j8a,0_7797_1,3j8a_A,3j8a_B,3.1009818084893204,9.216649481711709,366,366,True
38kn,38kn_B,38kn_D,0_7797_12,3j8a,0_7797_0,3j8a_D,3j8a_A,3.102098589534787,49.08681230786207,366,366,False
38kn,38kn_B,38kn_D,0_7797_12,5yu8,0_7797_10,5yu8_B,5yu8_A,0.5625849667832621,54.50017719132474,360,360,False
38kn,38kn_B,38kn_D,0_7797_12,5yu8,0_7797_12,5yu8_C,5yu8_A,0.5626161791467356,0.9956373547384568,360,360,False
38kn,38kn_C,38kn_D,0_7797_10,3j8a,0_7797_1,3j8a_A,3j8a_B,3.1009834190771954,58.45152388070957,366,366,True
38kn,38kn_C,38kn_D,0_7797_10,3j8a,0_7797_0,3j8a_D,3j8a_A,3.1020997815497506,8.192345218768386,366,366,False
38kn,38kn_C,38kn_D,0_7797_10,5yu8,0_7797_10,5yu8_B,5yu8_A,0.5626059743476887,0.8662345568150969,360,360,False
38kn,38kn_C,38kn_D,0_7797_10,5yu8,0_7797_12,5yu8_C,5yu8_A,0.562637144429307,53.749722190111584,360,360,False
38kn,38kn_C,38kn_E,0_7797_12,3j8a,0_7797_1,3j8a_A,3j8a_B,3.1009834190771954,9.207610522508563,366,366,True
38kn,38kn_C,38kn_E,0_7797_12,3j8a,0_7797_0,3j8a_D,3j8a_A,3.1020997815497506,49.093672824683225,366,366,False
38kn,38kn_C,38kn_E,0_7797_12,5yu8,0_7797_10,5yu8_B,5yu8_A,0.5626059743476887,54.506937563694294,360,360,False
38kn,38kn_C,38kn_E,0_7797_12,5yu8,0_7797_12,5yu8_C,5yu8_A,0.562637144429307,1.0008562564882721,360,360,False
38kn,38kn_D,38kn_E,0_7797_10,3j8a,0_7797_1,3j8a_A,3j8a_B,3.1010422709089767,58.44233100159079,366,366,True
38kn,38kn_D,38kn_E,0_7797_10,3j8a,0_7797_0,3j8a_D,3j8a_A,3.1021589500129862,8.183930294454244,366,366,False
38kn,38kn_D,38kn_E,0_7797_10,5yu8,0_7797_10,5yu8_B,5yu8_A,0.5626223462357463,0.8781367734998488,360,360,False
38kn,38kn_D,38kn_E,0_7797_10,5yu8,0_7797_12,5yu8_C,5yu8_A,0.5626535681121931,53.73994492282455,360,360,False
38ko,38ko_A,38ko_B,0_7797_53,3j8a,0_7797_1,3j8a_A,3j8a_B,3.0497941872147836,58.578972090217874,366,366,True
38ko,38ko_A,38ko_B,0_7797_53,3j8a,0_7797_0,3j8a_D,3j8a_A,3.050790424585693,8.232285577830229,366,366,False
38ko,38ko_A,38ko_B,0_7797_53,5yu8,0_7797_10,5yu8_B,5yu8_A,0.6034446910187076,0.9271750809246553,360,360,False
38ko,38ko_A,38ko_B,0_7797_53,5yu8,0_7797_12,5yu8_C,5yu8_A,0.6034615980481292,53.812531719935805,360,360,False
38ko,38ko_A,38ko_C,0_7797_12,3j8a,0_7797_1,3j8a_A,3j8a_B,3.0497941872147836,9.430906143637324,366,366,True
38ko,38ko_A,38ko_C,0_7797_12,3j8a,0_7797_0,3j8a_D,3j8a_A,3.050790424585693,49.01051606111478,366,366,False
38ko,38ko_A,38ko_C,0_7797_12,5yu8,0_7797_10,5yu8_B,5yu8_A,0.6034446910187076,54.434339144296466,360,360,False
38ko,38ko_A,38ko_C,0_7797_12,5yu8,0_7797_12,5yu8_C,5yu8_A,0.6034615980481292,0.9646204335997826,360,360,False
38ko,38ko_B,38ko_C,0_7797_10,3j8a,0_7797_1,3j8a_A,3j8a_B,3.048272939778064,58.44793483402565,366,366,True
38ko,38ko_B,38ko_C,0_7797_10,3j8a,0_7797_0,3j8a_D,3j8a_A,3.0485112176924996,8.204858294462026,366,366,False
38ko,38ko_B,38ko_C,0_7797_10,5yu8,0_7797_10,5yu8_B,5yu8_A,0.605557875548588,1.0167160901756118,360,360,False
38ko,38ko_B,38ko_C,0_7797_10,5yu8,0_7797_12,5yu8_C,5yu8_A,0.6055692021895591,53.733927216619286,360,360,False
38ko,38ko_B,38ko_D,0_7797_12,3j8a,0_7797_1,3j8a_A,3j8a_B,3.048272939778064,9.214092959357007,366,366,True
38ko,38ko_B,38ko_D,0_7797_12,3j8a,0_7797_0,3j8a_D,3j8a_A,3.0485112176924996,49.15565870035241,366,366,False
38ko,38ko_B,38ko_D,0_7797_12,5yu8,0_7797_10,5yu8_B,5yu8_A,0.605557875548588,54.63847862919981,360,360,False
38ko,38ko_B,38ko_D,0_7797_12,5yu8,0_7797_12,5yu8_C,5yu8_A,0.6055692021895591,1.4269734104880352,360,360,False
38ko,38ko_C,38ko_D,0_7797_53,3j8a,0_7797_1,3j8a_A,3j8a_B,3.187956571380699,58.59943373847585,366,366,True
38ko,38ko_C,38ko_D,0_7797_53,3j8a,0_7797_0,3j8a_D,3j8a_A,3.1862004177550434,8.629495730416664,366,366,False
38ko,38ko_C,38ko_D,0_7797_53,5yu8,0_7797_10,5yu8_B,5yu8_A,0.6065143625293329,1.304526431964703,360,360,False
38ko,38ko_C,38ko_D,0_7797_53,5yu8,0_7797_12,5yu8_C,5yu8_A,0.6065192442128376,53.773929306455265,360,360,False
38ko,38ko_C,38ko_E,0_7797_12,3j8a,0_7797_1,3j8a_A,3j8a_B,3.187956571380699,10.3767418021082,366,366,True
38ko,38ko_C,38ko_E,0_7797_12,3j8a,0_7797_0,3j8a_D,3j8a_A,3.1862004177550434,48.372686042525544,366,366,False
38ko,38ko_C,38ko_E,0_7797_12,5yu8,0_7797_10,5yu8_B,5yu8_A,0.6065143625293329,53.80255384550163,360,360,False
38ko,38ko_C,38ko_E,0_7797_12,5yu8,0_7797_12,5yu8_C,5yu8_A,0.6065192442128376,0.9935096924569957,360,360,False
38ko,38ko_D,38ko_E,0_7797_56,3j8a,0_7797_1,3j8a_A,3j8a_B,3.1375292216151367,58.426586093175196,366,366,True
38ko,38ko_D,38ko_E,0_7797_56,3j8a,0_7797_0,3j8a_D,3j8a_A,3.13567745570055,8.517594350325068,366,366,False
38ko,38ko_D,38ko_E,0_7797_56,5yu8,0_7797_10,5yu8_B,5yu8_A,0.6368581819063166,2.0200980057098716,360,360,False
38ko,38ko_D,38ko_E,0_7797_56,5yu8,0_7797_12,5yu8_C,5yu8_A,0.6368691530279509,53.81069697458626,360,360,False
38kp,38kp_A,38kp_B,0_7797_57,3j8a,0_7797_1,3j8a_A,3j8a_B,3.1240833390423397,59.45206885361654,366,366,True
38kp,38kp_A,38kp_B,0_7797_57,3j8a,0_7797_0,3j8a_D,3j8a_A,3.1242737779271517,9.728597427706342,366,366,False
38kp,38kp_A,38kp_B,0_7797_57,5yu8,0_7797_10,5yu8_B,5yu8_A,0.5871005192375289,2.041477097346542,360,360,False
38kp,38kp_A,38kp_B,0_7797_57,5yu8,0_7797_12,5yu8_C,5yu8_A,0.5871151233920149,54.8982724845693,360,360,False
38kp,38kp_A,38kp_C,0_7797_12,3j8a,0_7797_1,3j8a_A,3j8a_B,3.1240833390423397,11.105221938879644,366,366,True
38kp,38kp_A,38kp_C,0_7797_12,3j8a,0_7797_0,3j8a_D,3j8a_A,3.1242737779271517,47.821915834910975,366,366,False
38kp,38kp_A,38kp_C,0_7797_12,5yu8,0_7797_10,5yu8_B,5yu8_A,0.5871005192375289,53.1073939223808,360,360,False
38kp,38kp_A,38kp_C,0_7797_12,5yu8,0_7797_12,5yu8_C,5yu8_A,0.5871151233920149,1.8720345707415889,360,360,False
38kp,38kp_B,38kp_C,0_7797_57,3j8a,0_7797_1,3j8a_A,3j8a_B,3.1480189656074815,59.52786516006229,366,366,True
38kp,38kp_B,38kp_C,0_7797_57,3j8a,0_7797_0,3j8a_D,3j8a_A,3.14841783581887,9.47882803117023,366,366,False
38kp,38kp_B,38kp_C,0_7797_57,5yu8,0_7797_10,5yu8_B,5yu8_A,0.5666552546310483,1.4074783901407837,360,360,False
38kp,38kp_B,38kp_C,0_7797_57,5yu8,0_7797_12,5yu8_C,5yu8_A,0.5666719577909882,54.88352862128914,360,360,False
38kp,38kp_B,38kp_D,0_7797_12,3j8a,0_7797_1,3j8a_A,3j8a_B,3.1480189656074815,10.677078025444406,366,366,True
38kp,38kp_B,38kp_D,0_7797_12,3j8a,0_7797_0,3j8a_D,3j8a_A,3.14841783581887,48.03059371776799,366,366,False
38kp,38kp_B,38kp_D,0_7797_12,5yu8,0_7797_10,5yu8_B,5yu8_A,0.5666552546310483,53.362114385356435,360,360,False
38kp,38kp_B,38kp_D,0_7797_12,5yu8,0_7797_12,5yu8_C,5yu8_A,0.5666719577909882,1.3435323455456973,360,360,False
38kp,38kp_C,38kp_D,0_7797_56,3j8a,0_7797_1,3j8a_A,3j8a_B,3.1041141755810417,59.08128385590586,366,366,True
38kp,38kp_C,38kp_D,0_7797_56,3j8a,0_7797_0,3j8a_D,3j8a_A,3.1045847853878517,8.769934336736839,366,366,False
38kp,38kp_C,38kp_D,0_7797_56,5yu8,0_7797_10,5yu8_B,5yu8_A,0.5374978141146329,0.871801829336225,360,360,False
38kp,38kp_C,38kp_D,0_7797_56,5yu8,0_7797_12,5yu8_C,5yu8_A,0.5375196258942254,54.38740041614852,360,360,False
38kp,38kp_C,38kp_E,0_7797_12,3j8a,0_7797_1,3j8a_A,3j8a_B,3.1041141755810417,9.95076536708658,366,366,True
38kp,38kp_C,38kp_E,0_7797_12,3j8a,0_7797_0,3j8a_D,3j8a_A,3.1045847853878517,48.5416845072136,366,366,False
38kp,38kp_C,38kp_E,0_7797_12,5yu8,0_7797_10,5yu8_B,5yu8_A,0.5374978141146329,53.91777688067793,360,360,False
38kp,38kp_C,38kp_E,0_7797_12,5yu8,0_7797_12,5yu8_C,5yu8_A,0.5375196258942254,0.9746250320252229,360,360,False
38kp,38kp_D,38kp_E,0_7797_10,3j8a,0_7797_1,3j8a_A,3j8a_B,3.0923611318079556,58.67390070800336,366,366,True
38kp,38kp_D,38kp_E,0_7797_10,3j8a,0_7797_0,3j8a_D,3j8a_A,3.0927768758962517,8.325567564707235,366,366,False
38kp,38kp_D,38kp_E,0_7797_10,5yu8,0_7797_10,5yu8_B,5yu8_A,0.5362507546825526,0.8026116318786679,360,360,False
38kp,38kp_D,38kp_E,0_7797_10,5yu8,0_7797_12,5yu8_C,5yu8_A,0.5362807413477081,53.95426055513637,360,360,False
38kp,38kp_D,38kp_F,0_7797_12,3j8a,0_7797_1,3j8a_A,3j8a_B,3.0923611318079556,9.390073679439574,366,366,True
38kp,38kp_D,38kp_F,0_7797_12,3j8a,0_7797_0,3j8a_D,3j8a_A,3.0927768758962517,48.876404598103626,366,366,False
38kp,38kp_D,38kp_F,0_7797_12,5yu8,0_7797_10,5yu8_B,5yu8_A,0.5362507546825526,54.30138258946991,360,360,False
38kp,38kp_D,38kp_F,0_7797_12,5yu8,0_7797_12,5yu8_C,5yu8_A,0.5362807413477081,1.0690314378152337,360,360,False
38kp,38kp_E,38kp_F,0_7797_56,3j8a,0_7797_1,3j8a_A,3j8a_B,3.105368495186902,58.55512692149676,366,366,True
38kp,38kp_E,38kp_F,0_7797_56,3j8a,0_7797_0,3j8a_D,3j8a_A,3.1061466459567155,8.277483647824484,366,366,False
38kp,38kp_E,38kp_F,0_7797_56,5yu8,0_7797_10,5yu8_B,5yu8_A,0.5402640304566835,0.7770202762394464,360,360,False
38kp,38kp_E,38kp_F,0_7797_56,5yu8,0_7797_12,5yu8_C,5yu8_A,0.5402989331883771,53.84639403228343,360,360,False
38kp,38kp_E,38kp_G,0_7797_12,3j8a,0_7797_1,3j8a_A,3j8a_B,3.105368495186902,9.273092792647896,366,366,True
38kp,38kp_E,38kp_G,0_7797_12,3j8a,0_7797_0,3j8a_D,3j8a_A,3.1061466459567155,48.98492929379638,366,366,False
38kp,38kp_E,38kp_G,0_7797_12,5yu8,0_7797_10,5yu8_B,5yu8_A,0.5402640304566835,54.406865565620265,360,360,False
38kp,38kp_E,38kp_G,0_7797_12,5yu8,0_7797_12,5yu8_C,5yu8_A,0.5402989331883771,1.0244170498956793,360,360,False
38kp,38kp_F,38kp_G,0_7797_10,3j8a,0_7797_1,3j8a_A,3j8a_B,3.092951936071868,58.54831662117509,366,366,True
38kp,38kp_F,38kp_G,0_7797_10,3j8a,0_7797_0,3j8a_D,3j8a_A,3.093981233508136,8.321594438471145,366,366,False
38kp,38kp_F,38kp_G,0_7797_10,5yu8,0_7797_10,5yu8_B,5yu8_A,0.5456322615372421,0.7832250328206486,360,360,False
38kp,38kp_F,38kp_G,0_7797_10,5yu8,0_7797_12,5yu8_C,5yu8_A,0.5456623821679613,53.84541464224553,360,360,False
38kq,38kq_A,38kq_B,0_7797_57,3j8a,0_7797_1,3j8a_A,3j8a_B,3.0762391792015102,58.61976034898502,366,366,True
38kq,38kq_A,38kq_B,0_7797_57,3j8a,0_7797_0,3j8a_D,3j8a_A,3.0768324731545316,8.363836008475587,366,366,False
38kq,38kq_A,38kq_B,0_7797_57,5yu8,0_7797_10,5yu8_B,5yu8_A,0.5481507258605749,0.6582345668117597,360,360,False
38kq,38kq_A,38kq_B,0_7797_57,5yu8,0_7797_12,5yu8_C,5yu8_A,0.5481828398817382,53.946939591556294,360,360,False
38kq,38kq_A,38kq_C,0_7797_12,3j8a,0_7797_1,3j8a_A,3j8a_B,3.0762391792015102,9.290433192187106,366,366,True
38kq,38kq_A,38kq_C,0_7797_12,3j8a,0_7797_0,3j8a_D,3j8a_A,3.0768324731545316,49.05198431168208,366,366,False
38kq,38kq_A,38kq_C,0_7797_12,5yu8,0_7797_10,5yu8_B,5yu8_A,0.5481507258605749,54.43416726568802,360,360,False
38kq,38kq_A,38kq_C,0_7797_12,5yu8,0_7797_12,5yu8_C,5yu8_A,0.5481828398817382,0.9065239113214368,360,360,False
38kq,38kq_B,38kq_C,0_7797_10,3j8a,0_7797_1,3j8a_A,3j8a_B,3.1045458686845895,58.70282531400355,366,366,True
38kq,38kq_B,38kq_C,0_7797_10,3j8a,0_7797_0,3j8a_D,3j8a_A,3.105365540614677,8.381226045436629,366,366,False
38kq,38kq_B,38kq_C,0_7797_10,5yu8,0_7797_10,5yu8_B,5yu8_A,0.5419219693227991,0.7196306702383666,360,360,False
38kq,38kq_B,38kq_C,0_7797_10,5yu8,0_7797_12,5yu8_C,5yu8_A,0.5419536407889844,53.98984085175641,360,360,False
38kq,38kq_B,38kq_D,0_7797_12,3j8a,0_7797_1,3j8a_A,3j8a_B,3.1045458686845895,9.573184222549065,366,366,True
38kq,38kq_B,38kq_D,0_7797_12,3j8a,0_7797_0,3j8a_D,3j8a_A,3.105365540614677,48.90039764565942,366,366,False
38kq,38kq_B,38kq_D,0_7797_12,5yu8,0_7797_10,5yu8_B,5yu8_A,0.5419219693227991,54.29105594571101,360,360,False
38kq,38kq_B,38kq_D,0_7797_12,5yu8,0_7797_12,5yu8_C,5yu8_A,0.5419536407889844,0.8601168423879306,360,360,False
38kq,38kq_C,38kq_D,0_7797_56,3j8a,0_7797_1,3j8a_A,3j8a_B,3.0744663679925828,58.44527534764606,366,366,True
38kq,38kq_C,38kq_D,0_7797_56,3j8a,0_7797_0,3j8a_D,3j8a_A,3.075407407196834,8.186507204641032,366,366,False
38kq,38kq_C,38kq_D,0_7797_56,5yu8,0_7797_10,5yu8_B,5yu8_A,0.5344753781866484,0.9508563868193001,360,360,False
38kq,38kq_C,38kq_D,0_7797_56,5yu8,0_7797_12,5yu8_C,5yu8_A,0.5345041736700638,53.76302632598576,360,360,False
38kq,38kq_C,38kq_E,0_7797_12,3j8a,0_7797_1,3j8a_A,3j8a_B,3.0744663679925828,9.412299581160475,366,366,True
38kq,38kq_C,38kq_E,0_7797_12,3j8a,0_7797_0,3j8a_D,3j8a_A,3.075407407196834,48.99990941720254,366,366,False
38kq,38kq_C,38kq_E,0_7797_12,5yu8,0_7797_10,5yu8_B,5yu8_A,0.5344753781866484,54.40158822857164,360,360,False
38kq,38kq_C,38kq_E,0_7797_12,5yu8,0_7797_12,5yu8_C,5yu8_A,0.5345041736700638,1.1508738309174298,360,360,False
38kq,38kq_D,38kq_E,0_7797_10,3j8a,0_7797_1,3j8a_A,3j8a_B,3.1238021621518857,58.34104574835714,366,366,True
38kq,38kq_D,38kq_E,0_7797_10,3j8a,0_7797_0,3j8a_D,3j8a_A,3.1237825209234917,8.297435927020151,366,366,False
38kq,38kq_D,38kq_E,0_7797_10,5yu8,0_7797_10,5yu8_B,5yu8_A,0.5516361392105397,1.2095844553859616,360,360,False
38kq,38kq_D,38kq_E,0_7797_10,5yu8,0_7797_12,5yu8_C,5yu8_A,0.5516741577305796,53.63354642116485,360,360,False
38kq,38kq_D,38kq_F,0_7797_12,3j8a,0_7797_1,3j8a_A,3j8a_B,3.1238021621518857,9.735627231428676,366,366,True
38kq,38kq_D,38kq_F,0_7797_12,3j8a,0_7797_0,3j8a_D,3j8a_A,3.1237825209234917,48.74584494597435,366,366,False
38kq,38kq_D,38kq_F,0_7797_12,5yu8,0_7797_10,5yu8_B,5yu8_A,0.5516361392105397,54.141613248177705,360,360,False
38kq,38kq_D,38kq_F,0_7797_12,5yu8,0_7797_12,5yu8_C,5yu8_A,0.5516741577305796,0.9145259616484206,360,360,False
38kq,38kq_E,38kq_F,0_7797_57,3j8a,0_7797_1,3j8a_A,3j8a_B,3.0929791969397447,58.44167020351287,366,366,True
38kq,38kq_E,38kq_F,0_7797_57,3j8a,0_7797_0,3j8a_D,3j8a_A,3.0930380916783227,8.630588562194815,366,366,False
38kq,38kq_E,38kq_F,0_7797_57,5yu8,0_7797_10,5yu8_B,5yu8_A,0.5817737247490239,1.853249303025558,360,360,False
38kq,38kq_E,38kq_F,0_7797_57,5yu8,0_7797_12,5yu8_C,5yu8_A,0.5818022402940362,53.7625766443518,360,360,False
38kq,38kq_E,38kq_G,0_7797_12,3j8a,0_7797_1,3j8a_A,3j8a_B,3.0929791969397447,9.804273202866087,366,366,True
38kq,38kq_E,38kq_G,0_7797_12,3j8a,0_7797_0,3j8a_D,3j8a_A,3.0930380916783227,48.88854903810173,366,366,False
38kq,38kq_E,38kq_G,0_7797_12,5yu8,0_7797_10,5yu8_B,5yu8_A,0.5817737247490239,54.27807228381685,360,360,False
38kq,38kq_E,38kq_G,0_7797_12,5yu8,0_7797_12,5yu8_C,5yu8_A,0.5818022402940362,1.3702907438038545,360,360,False
38kq,38kq_F,38kq_G,0_7797_57,3j8a,0_7797_1,3j8a_A,3j8a_B,3.072037514383164,57.881122384578305,366,366,True
38kq,38kq_F,38kq_G,0_7797_57,3j8a,0_7797_0,3j8a_D,3j8a_A,3.0727513868328167,8.103021297045991,366,366,False
38kq,38kq_F,38kq_G,0_7797_57,5yu8,0_7797_10,5yu8_B,5yu8_A,0.5722614008054487,2.3903326435594723,360,360,False
38kq,38kq_F,38kq_G,0_7797_57,5yu8,0_7797_12,5yu8_C,5yu8_A,0.5722928098002998,53.245722270886034,360,360,False
38kq,38kq_F,38kq_H,0_7797_12,3j8a,0_7797_1,3j8a_A,3j8a_B,3.072037514383164,8.745715072935766,366,366,True
38kq,38kq_F,38kq_H,0_7797_12,3j8a,0_7797_0,3j8a_D,3j8a_A,3.0727513868328167,49.68726224904551,366,366,False
38kq,38kq_F,38kq_H,0_7797_12,5yu8,0_7797_10,5yu8_B,5yu8_A,0.5722614008054487,55.11364589558343,360,360,False
38kq,38kq_F,38kq_H,0_7797_12,5yu8,0_7797_12,5yu8_C,5yu8_A,0.5722928098002998,1.7797347968649309,360,360,False
38kq,38kq_G,38kq_H,0_7797_56,3j8a,0_7797_1,3j8a_A,3j8a_B,3.103703062785611,58.82105019052233,366,366,True
38kq,38kq_G,38kq_H,0_7797_56,3j8a,0_7797_0,3j8a_D,3j8a_A,3.102217847376835,8.85952726221954,366,366,False
38kq,38kq_G,38kq_H,0_7797_56,5yu8,0_7797_10,5yu8_B,5yu8_A,0.6504061316300168,1.6896084352727792,360,360,False
38kq,38kq_G,38kq_H,0_7797_56,5yu8,0_7797_12,5yu8_C,5yu8_A,0.6504277062412204,54.15470561400821,360,360,False
3j8a,3j8a_E,3j8a_C,0_7797_0,3j8a,0_7797_1,3j8a_A,3j8a_B,0.2251695729846218,53.68821585602484,366,366,True
3j8a,3j8a_E,3j8a_C,0_7797_0,3j8a,0_7797_0,3j8a_D,3j8a_A,0.19816842226701972,0.21345412311395945,366,366,False
3j8a,3j8a_E,3j8a_C,0_7797_0,5yu8,0_7797_10,5yu8_B,5yu8_A,2.7151440335266517,7.394125119110612,356,356,False
3j8a,3j8a_E,3j8a_C,0_7797_0,5yu8,0_7797_12,5yu8_C,5yu8_A,2.7151777167301487,49.70541720912298,356,356,False
3j8a,3j8a_D,3j8a_B,0_7797_0,3j8a,0_7797_1,3j8a_A,3j8a_B,0.16087372922256854,53.608396877382916,366,366,False
3j8a,3j8a_D,3j8a_B,0_7797_0,3j8a,0_7797_0,3j8a_D,3j8a_A,0.16087372922256854,0.21640061234830868,366,366,True
3j8a,3j8a_D,3j8a_B,0_7797_0,5yu8,0_7797_10,5yu8_B,5yu8_A,2.7184593160185018,8.202880237097672,356,356,True
3j8a,3j8a_D,3j8a_B,0_7797_0,5yu8,0_7797_12,5yu8_C,5yu8_A,2.7184593160185018,55.64656382332984,356,356,True
3j8a,3j8a_A,3j8a_B,0_7797_1,3j8a,0_7797_1,3j8a_A,3j8a_B,1.0151406458002426e-14,2.1244312367431016e-14,366,366,False
3j8a,3j8a_A,3j8a_B,0_7797_1,3j8a,0_7797_0,3j8a_D,3j8a_A,1.0151406458002426e-14,53.67531427184683,366,366,True
3j8a,3j8a_A,3j8a_B,0_7797_1,5yu8,0_7797_10,5yu8_B,5yu8_A,2.7212340421353147,52.39095749124776,356,356,True
3j8a,3j8a_A,3j8a_B,0_7797_1,5yu8,0_7797_12,5yu8_C,5yu8_A,2.7212340421353147,6.425966681706797,356,356,True
3j8a,3j8a_D,3j8a_A,0_7797_0,3j8a,0_7797_1,3j8a_A,3j8a_B,0.18352051745396739,53.71894607958081,366,366,True
3j8a,3j8a_D,3j8a_A,0_7797_0,3j8a,0_7797_0,3j8a_D,3j8a_A,8.144777788860883e-15,2.6790708000641584e-14,366,366,False
3j8a,3j8a_D,3j8a_A,0_7797_0,5yu8,0_7797_10,5yu8_B,5yu8_A,2.7184376800715397,7.376801173848128,356,356,False
3j8a,3j8a_D,3j8a_A,0_7797_0,5yu8,0_7797_12,5yu8_C,5yu8_A,2.7184703914048254,49.722858760595265,356,356,False
3j8a,3j8a_E,3j8a_A,0_7797_0,3j8a,0_7797_1,3j8a_A,3j8a_B,0.17191938741328425,53.63810209143649,366,366,False
3j8a,3j8a_E,3j8a_A,0_7797_0,3j8a,0_7797_0,3j8a_D,3j8a_A,0.17191938741328425,0.17015399710927326,366,366,True
3j8a,3j8a_E,3j8a_A,0_7797_0,5yu8,0_7797_10,5yu8_B,5yu8_A,2.7151664436115026,8.248175465557804,356,356,True
3j8a,3j8a_E,3j8a_A,0_7797_0,5yu8,0_7797_12,5yu8_C,5yu8_A,2.7151664436115026,55.674941606164026,356,356,True
3j8a,3j8a_E,3j8a_D,0_7797_1,3j8a,0_7797_1,3j8a_A,3j8a_B,0.17191938741328425,0.20578034031983589,366,366,False
3j8a,3j8a_E,3j8a_D,0_7797_1,3j8a,0_7797_0,3j8a_D,3j8a_A,0.17191938741328425,53.72580853250324,366,366,True
3j8a,3j8a_E,3j8a_D,0_7797_1,5yu8,0_7797_10,5yu8_B,5yu8_A,2.7151664436115026,52.431701944724665,356,356,True
3j8a,3j8a_E,3j8a_D,0_7797_1,5yu8,0_7797_12,5yu8_C,5yu8_A,2.7151664436115026,6.351983030480984,356,356,True
3j8a,3j8a_A,3j8a_C,0_7797_1,3j8a,0_7797_1,3j8a_A,3j8a_B,0.20543638147799648,0.21433980699369917,366,366,True
3j8a,3j8a_A,3j8a_C,0_7797_1,3j8a,0_7797_0,3j8a_D,3j8a_A,0.16087372922256926,53.733323084684294,366,366,False
3j8a,3j8a_A,3j8a_C,0_7797_1,5yu8,0_7797_10,5yu8_B,5yu8_A,2.7212138665912233,58.091781711937735,356,356,False
3j8a,3j8a_A,3j8a_C,0_7797_1,5yu8,0_7797_12,5yu8_C,5yu8_A,2.721245306423609,8.14917944272353,356,356,False
5jlf,5jlf_A,5jlf_B,0_7797_1,3j8a,0_7797_1,3j8a_A,3j8a_B,1.0784704013614939,1.2772610662885084,366,366,False
5jlf,5jlf_A,5jlf_B,0_7797_1,3j8a,0_7797_0,3j8a_D,3j8a_A,1.0784704013614939,53.37718120370023,366,366,True
5jlf,5jlf_A,5jlf_B,0_7797_1,5yu8,0_7797_10,5yu8_B,5yu8_A,2.5597520188855487,51.98914709624713,356,356,True
5jlf,5jlf_A,5jlf_B,0_7797_1,5yu8,0_7797_12,5yu8_C,5yu8_A,2.5597520188855487,6.276346405726907,356,356,True
5jlf,5jlf_A,5jlf_C,0_7797_1,3j8a,0_7797_1,3j8a_A,3j8a_B,1.0668608041951506,1.2547276675550694,366,366,True
5jlf,5jlf_A,5jlf_C,0_7797_1,3j8a,0_7797_0,3j8a_D,3j8a_A,1.080412546639176,52.94125736933488,366,366,False
5jlf,5jlf_A,5jlf_C,0_7797_1,5yu8,0_7797_10,5yu8_B,5yu8_A,2.5597304773405014,57.43080651732763,356,356,False
5jlf,5jlf_A,5jlf_C,0_7797_1,5yu8,0_7797_12,5yu8_C,5yu8_A,2.5597619590588234,7.942038691264373,356,356,False
5jlf,5jlf_A,5jlf_D,0_7797_0,3j8a,0_7797_1,3j8a_A,3j8a_B,1.0784704013614939,52.98563007032361,366,366,False
5jlf,5jlf_A,5jlf_D,0_7797_0,3j8a,0_7797_0,3j8a_D,3j8a_A,1.0784704013614939,1.2717483500841933,366,366,True
5jlf,5jlf_A,5jlf_D,0_7797_0,5yu8,0_7797_10,5yu8_B,5yu8_A,2.5597520188855487,8.124244311896138,356,356,True
5jlf,5jlf_A,5jlf_D,0_7797_0,5yu8,0_7797_12,5yu8_C,5yu8_A,2.5597520188855487,55.19894746424483,356,356,True
5jlf,5jlf_A,5jlf_E,0_7797_0,3j8a,0_7797_1,3j8a_A,3j8a_B,1.0668608041951506,53.49728971856288,366,366,True
5jlf,5jlf_A,5jlf_E,0_7797_0,3j8a,0_7797_0,3j8a_D,3j8a_A,1.080412546639176,1.2468795610709733,366,366,False
5jlf,5jlf_A,5jlf_E,0_7797_0,5yu8,0_7797_10,5yu8_B,5yu8_A,2.5597304773405014,7.295087131257701,356,356,False
5jlf,5jlf_A,5jlf_E,0_7797_0,5yu8,0_7797_12,5yu8_C,5yu8_A,2.5597619590588234,49.48742975234874,356,356,False
5jlf,5jlf_B,5jlf_D,0_7797_0,3j8a,0_7797_1,3j8a_A,3j8a_B,1.06653275041113,53.57762308844661,366,366,True
5jlf,5jlf_B,5jlf_D,0_7797_0,3j8a,0_7797_0,3j8a_D,3j8a_A,1.0800556245953101,1.2785241469941113,366,366,False
5jlf,5jlf_B,5jlf_D,0_7797_0,5yu8,0_7797_10,5yu8_B,5yu8_A,2.559134424709393,7.1969668581866175,356,356,False
5jlf,5jlf_B,5jlf_D,0_7797_0,5yu8,0_7797_12,5yu8_C,5yu8_A,2.5591658615163246,49.56811154836523,356,356,False
5jlf,5jlf_C,5jlf_E,0_7797_0,3j8a,0_7797_1,3j8a_A,3j8a_B,1.0779756075823692,52.97557550575491,366,366,False
5jlf,5jlf_C,5jlf_E,0_7797_0,3j8a,0_7797_0,3j8a_D,3j8a_A,1.0779756075823692,1.2891933205464372,366,366,True
5jlf,5jlf_C,5jlf_E,0_7797_0,5yu8,0_7797_10,5yu8_B,5yu8_A,2.5586971368389575,8.097614912375,356,356,True
5jlf,5jlf_C,5jlf_E,0_7797_0,5yu8,0_7797_12,5yu8_C,5yu8_A,2.5586971368389575,55.18054260541059,356,356,True
5jlf,5jlf_D,5jlf_E,0_7797_1,3j8a,0_7797_1,3j8a_A,3j8a_B,1.0677069188610315,1.332921089209653,366,366,True
5jlf,5jlf_D,5jlf_E,0_7797_1,3j8a,0_7797_0,3j8a_D,3j8a_A,1.0811605491651404,52.903787078401244,366,366,False
5jlf,5jlf_D,5jlf_E,0_7797_1,5yu8,0_7797_10,5yu8_B,5yu8_A,2.5593054902659436,57.397987187722215,356,356,False
5jlf,5jlf_D,5jlf_E,0_7797_1,5yu8,0_7797_12,5yu8_C,5yu8_A,2.5593368435917836,7.893524801157361,356,356,False
5jlh,5jlh_B,5jlh_A,0_7797_1,3j8a,0_7797_1,3j8a_A,3j8a_B,1.1709712871515303,1.2745061664796025,366,366,True
5jlh,5jlh_B,5jlh_A,0_7797_1,3j8a,0_7797_0,3j8a_D,3j8a_A,1.1930653609376904,53.22654941281141,366,366,False
5jlh,5jlh_B,5jlh_A,0_7797_1,5yu8,0_7797_10,5yu8_B,5yu8_A,2.5998276562656346,57.855835189061345,360,360,False
5jlh,5jlh_B,5jlh_A,0_7797_1,5yu8,0_7797_12,5yu8_C,5yu8_A,2.599860545400685,8.307134186007493,360,360,False
5jlh,5jlh_C,5jlh_A,0_7797_1,3j8a,0_7797_1,3j8a_A,3j8a_B,1.1888558754267526,1.2405679393220177,366,366,False
5jlh,5jlh_C,5jlh_A,0_7797_1,3j8a,0_7797_0,3j8a_D,3j8a_A,1.1888558754267526,53.326863856231405,366,366,True
5jlh,5jlh_C,5jlh_A,0_7797_1,5yu8,0_7797_10,5yu8_B,5yu8_A,2.5993420114767782,52.02341060581476,360,360,True
5jlh,5jlh_C,5jlh_A,0_7797_1,5yu8,0_7797_12,5yu8_C,5yu8_A,2.5993420114767782,6.517804028669939,360,360,True
5jlh,5jlh_A,5jlh_D,0_7797_0,3j8a,0_7797_1,3j8a_A,3j8a_B,1.1913828697804147,53.044457356171606,366,366,False
5jlh,5jlh_A,5jlh_D,0_7797_0,3j8a,0_7797_0,3j8a_D,3j8a_A,1.1913828697804147,1.31954017664008,366,366,True
5jlh,5jlh_A,5jlh_D,0_7797_0,5yu8,0_7797_10,5yu8_B,5yu8_A,2.599630560337497,8.348601786242332,360,360,True
5jlh,5jlh_A,5jlh_D,0_7797_0,5yu8,0_7797_12,5yu8_C,5yu8_A,2.599630560337497,55.29102610982936,360,360,True
5jlh,5jlh_A,5jlh_E,0_7797_0,3j8a,0_7797_1,3j8a_A,3j8a_B,1.1724959160309163,53.19757933334173,366,366,True
5jlh,5jlh_A,5jlh_E,0_7797_0,3j8a,0_7797_0,3j8a_D,3j8a_A,1.1942940921232932,1.471550854633384,366,366,False
5jlh,5jlh_A,5jlh_E,0_7797_0,5yu8,0_7797_10,5yu8_B,5yu8_A,2.5996092904743953,7.8842919531604645,360,360,False
5jlh,5jlh_A,5jlh_E,0_7797_0,5yu8,0_7797_12,5yu8_C,5yu8_A,2.5996421392496116,49.174982302665285,360,360,False
5jlh,5jlh_B,5jlh_D,0_7797_0,3j8a,0_7797_1,3j8a_A,3j8a_B,1.1709712871515303,53.30357576139922,366,366,True
5jlh,5jlh_B,5jlh_D,0_7797_0,3j8a,0_7797_0,3j8a_D,3j8a_A,1.1930653609376904,1.325203786253977,366,366,False
5jlh,5jlh_B,5jlh_D,0_7797_0,5yu8,0_7797_10,5yu8_B,5yu8_A,2.5998276562656346,7.72650297720225,360,360,False
5jlh,5jlh_B,5jlh_D,0_7797_0,5yu8,0_7797_12,5yu8_C,5yu8_A,2.599860545400685,49.268029716965366,360,360,False
5jlh,5jlh_C,5jlh_E,0_7797_0,3j8a,0_7797_1,3j8a_A,3j8a_B,1.1888558754267526,53.0720776340006,366,366,False
5jlh,5jlh_C,5jlh_E,0_7797_0,3j8a,0_7797_0,3j8a_D,3j8a_A,1.1888558754267526,1.3615760604860319,366,366,True
5jlh,5jlh_C,5jlh_E,0_7797_0,5yu8,0_7797_10,5yu8_B,5yu8_A,2.5993420114767782,8.176653713267191,360,360,True
5jlh,5jlh_C,5jlh_E,0_7797_0,5yu8,0_7797_12,5yu8_C,5yu8_A,2.5993420114767782,55.28963944844642,360,360,True
5jlh,5jlh_D,5jlh_E,0_7797_1,3j8a,0_7797_1,3j8a_A,3j8a_B,1.1742013568847267,1.248585560711889,366,366,True
5jlh,5jlh_D,5jlh_E,0_7797_1,3j8a,0_7797_0,3j8a_D,3j8a_A,1.196123920690049,53.22944400795992,366,366,False
5jlh,5jlh_D,5jlh_E,0_7797_1,5yu8,0_7797_10,5yu8_B,5yu8_A,2.6000100346845176,57.85361993409254,360,360,False
5jlh,5jlh_D,5jlh_E,0_7797_1,5yu8,0_7797_12,5yu8_C,5yu8_A,2.600042762317261,8.311427586024195,360,360,False
5ogw,5ogw_A,5ogw_B,0_7797_1,3j8a,0_7797_1,3j8a_A,3j8a_B,1.1343667124669934,1.6632006354958921,366,366,False
5ogw,5ogw_A,5ogw_B,0_7797_1,3j8a,0_7797_0,3j8a_D,3j8a_A,1.1343667124669934,53.85520547358369,366,366,True
5ogw,5ogw_A,5ogw_B,0_7797_1,5yu8,0_7797_10,5yu8_B,5yu8_A,2.657520648133035,52.640946011042615,359,359,True
5ogw,5ogw_A,5ogw_B,0_7797_1,5yu8,0_7797_12,5yu8_C,5yu8_A,2.657520648133035,6.185957269858847,359,359,True
5ogw,5ogw_A,5ogw_C,0_7797_1,3j8a,0_7797_1,3j8a_A,3j8a_B,1.1329851588627446,1.3446457119048576,366,366,True
5ogw,5ogw_A,5ogw_C,0_7797_1,3j8a,0_7797_0,3j8a_D,3j8a_A,1.1434762952607358,53.21834674625681,366,366,False
5ogw,5ogw_A,5ogw_C,0_7797_1,5yu8,0_7797_10,5yu8_B,5yu8_A,2.6575017482956613,57.636854772557896,359,359,False
5ogw,5ogw_A,5ogw_C,0_7797_1,5yu8,0_7797_12,5yu8_C,5yu8_A,2.657534574813116,8.097118204524772,359,359,False
5ogw,5ogw_A,5ogw_D,0_7797_0,3j8a,0_7797_1,3j8a_A,3j8a_B,1.1343667124669934,52.604633903383,366,366,False
5ogw,5ogw_A,5ogw_D,0_7797_0,3j8a,0_7797_0,3j8a_D,3j8a_A,1.1343667124669934,1.929364894084109,366,366,True
5ogw,5ogw_A,5ogw_D,0_7797_0,5yu8,0_7797_10,5yu8_B,5yu8_A,2.657520648133035,8.936687866194358,359,359,True
5ogw,5ogw_A,5ogw_D,0_7797_0,5yu8,0_7797_12,5yu8_C,5yu8_A,2.657520648133035,54.70739899158292,359,359,True
5ogw,5ogw_A,5ogw_E,0_7797_0,3j8a,0_7797_1,3j8a_A,3j8a_B,1.1329851588627446,53.3620983626695,366,366,True
5ogw,5ogw_A,5ogw_E,0_7797_0,3j8a,0_7797_0,3j8a_D,3j8a_A,1.1434762952607358,1.4927087342364866,366,366,False
5ogw,5ogw_A,5ogw_E,0_7797_0,5yu8,0_7797_10,5yu8_B,5yu8_A,2.6575017482956613,7.60407211986441,359,359,False
5ogw,5ogw_A,5ogw_E,0_7797_0,5yu8,0_7797_12,5yu8_C,5yu8_A,2.657534574813116,49.46527236049984,359,359,False
5ogw,5ogw_B,5ogw_D,0_7797_0,3j8a,0_7797_1,3j8a_A,3j8a_B,1.132759956766831,53.21810382634368,366,366,True
5ogw,5ogw_B,5ogw_D,0_7797_0,3j8a,0_7797_0,3j8a_D,3j8a_A,1.1431123107898742,1.5840216372271918,366,366,False
5ogw,5ogw_B,5ogw_D,0_7797_0,5yu8,0_7797_10,5yu8_B,5yu8_A,2.656505372215125,7.78848208420013,359,359,False
5ogw,5ogw_B,5ogw_D,0_7797_0,5yu8,0_7797_12,5yu8_C,5yu8_A,2.6565381167747524,49.33464969245736,359,359,False
5ogw,5ogw_C,5ogw_E,0_7797_0,3j8a,0_7797_1,3j8a_A,3j8a_B,1.1345446355649496,52.66139093598129,366,366,False
5ogw,5ogw_C,5ogw_E,0_7797_0,3j8a,0_7797_0,3j8a_D,3j8a_A,1.1345446355649496,1.829027533700876,366,366,True
5ogw,5ogw_C,5ogw_E,0_7797_0,5yu8,0_7797_10,5yu8_B,5yu8_A,2.657582185756071,8.80407178558352,359,359,True
5ogw,5ogw_C,5ogw_E,0_7797_0,5yu8,0_7797_12,5yu8_C,5yu8_A,2.657582185756071,54.75920592279991,359,359,True
5ogw,5ogw_D,5ogw_E,0_7797_1,3j8a,0_7797_1,3j8a_A,3j8a_B,1.1325963211598724,1.341378715054796,366,366,True
5ogw,5ogw_D,5ogw_E,0_7797_1,3j8a,0_7797_0,3j8a_D,3j8a_A,1.142999969786649,53.28436015205723,366,366,False
5ogw,5ogw_D,5ogw_E,0_7797_1,5yu8,0_7797_10,5yu8_B,5yu8_A,2.6558731615765994,57.701430798351105,359,359,False
5ogw,5ogw_D,5ogw_E,0_7797_1,5yu8,0_7797_12,5yu8_C,5yu8_A,2.6559058165964964,8.175452104948668,359,359,False
5ooc,5ooc_A,5ooc_B,0_7797_0,3j8a,0_7797_1,3j8a_A,3j8a_B,1.4203904510809764,52.57645322855117,366,366,False
5ooc,5ooc_A,5ooc_B,0_7797_0,3j8a,0_7797_0,3j8a_D,3j8a_A,1.4203904510809764,1.9541442767043156,366,366,True
5ooc,5ooc_A,5ooc_B,0_7797_0,5yu8,0_7797_10,5yu8_B,5yu8_A,2.654954731721886,8.510363521101446,360,360,True
5ooc,5ooc_A,5ooc_B,0_7797_0,5yu8,0_7797_12,5yu8_C,5yu8_A,2.654954731721886,54.96882399141257,360,360,True
5ooc,5ooc_A,5ooc_C,0_7797_1,3j8a,0_7797_1,3j8a_A,3j8a_B,1.4203904510809764,1.984610485269885,366,366,False
5ooc,5ooc_A,5ooc_C,0_7797_1,3j8a,0_7797_0,3j8a_D,3j8a_A,1.4203904510809764,54.29939112279716,366,366,True
5ooc,5ooc_A,5ooc_C,0_7797_1,5yu8,0_7797_10,5yu8_B,5yu8_A,2.654954731721886,52.918349651319765,360,360,True
5ooc,5ooc_A,5ooc_C,0_7797_1,5yu8,0_7797_12,5yu8_C,5yu8_A,2.654954731721886,6.213413710135459,360,360,True
5ooc,5ooc_C,5ooc_B,0_7797_0,3j8a,0_7797_1,3j8a_A,3j8a_B,1.4215745449720814,54.05602004196286,366,366,True
5ooc,5ooc_C,5ooc_B,0_7797_0,3j8a,0_7797_0,3j8a_D,3j8a_A,1.4205121063687784,1.7727567199832799,366,366,False
5ooc,5ooc_C,5ooc_B,0_7797_0,5yu8,0_7797_10,5yu8_B,5yu8_A,2.6549543426388187,7.147785202793742,360,360,False
5ooc,5ooc_C,5ooc_B,0_7797_0,5yu8,0_7797_12,5yu8_C,5yu8_A,2.6549912611268094,49.822694723896696,360,360,False
5ooc,5ooc_B,5ooc_D,0_7797_1,3j8a,0_7797_1,3j8a_A,3j8a_B,1.4203806947472006,1.9845554566883183,366,366,False
5ooc,5ooc_B,5ooc_D,0_7797_1,3j8a,0_7797_0,3j8a_D,3j8a_A,1.4203806947472006,54.299357575902235,366,366,True
5ooc,5ooc_B,5ooc_D,0_7797_1,5yu8,0_7797_10,5yu8_B,5yu8_A,2.6549565148731205,52.918331639404,360,360,True
5ooc,5ooc_B,5ooc_D,0_7797_1,5yu8,0_7797_12,5yu8_C,5yu8_A,2.6549565148731205,6.213423340588684,360,360,True
5ooc,5ooc_C,5ooc_D,0_7797_0,3j8a,0_7797_1,3j8a_A,3j8a_B,1.420390933032092,52.57644408456249,366,366,False
5ooc,5ooc_C,5ooc_D,0_7797_0,3j8a,0_7797_0,3j8a_D,3j8a_A,1.420390933032092,1.9541393941649141,366,366,True
5ooc,5ooc_C,5ooc_D,0_7797_0,5yu8,0_7797_10,5yu8_B,5yu8_A,2.6549751455527906,8.510357868698005,360,360,True
5ooc,5ooc_C,5ooc_D,0_7797_0,5yu8,0_7797_12,5yu8_C,5yu8_A,2.6549751455527906,54.968811065823125,360,360,True
5ooc,5ooc_C,5ooc_E,0_7797_1,3j8a,0_7797_1,3j8a_A,3j8a_B,1.420390933032092,1.9846363052296554,366,366,False
5ooc,5ooc_C,5ooc_E,0_7797_1,3j8a,0_7797_0,3j8a_D,3j8a_A,1.420390933032092,54.29943432057356,366,366,True
5ooc,5ooc_C,5ooc_E,0_7797_1,5yu8,0_7797_10,5yu8_B,5yu8_A,2.6549751455527906,52.91838735533498,360,360,True
5ooc,5ooc_C,5ooc_E,0_7797_1,5yu8,0_7797_12,5yu8_C,5yu8_A,2.6549751455527906,6.21336818646731,360,360,True
5ooc,5ooc_E,5ooc_D,0_7797_0,3j8a,0_7797_1,3j8a_A,3j8a_B,1.4215530002073473,54.056065777712156,366,366,True
5ooc,5ooc_E,5ooc_D,0_7797_0,3j8a,0_7797_0,3j8a_D,3j8a_A,1.4204937815120682,1.7727762936904057,366,366,False
5ooc,5ooc_E,5ooc_D,0_7797_0,5yu8,0_7797_10,5yu8_B,5yu8_A,2.6549510379916814,7.147762050554674,360,360,False
5ooc,5ooc_E,5ooc_D,0_7797_0,5yu8,0_7797_12,5yu8_C,5yu8_A,2.654987960742068,49.822739888164435,360,360,False
5ood,5ood_B,5ood_A,0_7797_0,3j8a,0_7797_1,3j8a_A,3j8a_B,1.4177600137709203,54.10571332506911,366,366,True
5ood,5ood_B,5ood_A,0_7797_0,3j8a,0_7797_0,3j8a_D,3j8a_A,1.4241725127484781,1.8323068529808644,366,366,False
5ood,5ood_B,5ood_A,0_7797_0,5yu8,0_7797_10,5yu8_B,5yu8_A,2.701403579630119,7.172847836376162,360,360,False
5ood,5ood_B,5ood_A,0_7797_0,5yu8,0_7797_12,5yu8_C,5yu8_A,2.7014414471436994,49.816820918296585,360,360,False
5ood,5ood_C,5ood_A,0_7797_1,3j8a,0_7797_1,3j8a_A,3j8a_B,1.4177662542307772,1.899588703416494,366,366,True
5ood,5ood_C,5ood_A,0_7797_1,3j8a,0_7797_0,3j8a_D,3j8a_A,1.4241748640295555,52.6584791783224,366,366,False
5ood,5ood_C,5ood_A,0_7797_1,5yu8,0_7797_10,5yu8_B,5yu8_A,2.701388661441113,57.49670633412941,360,360,False
5ood,5ood_C,5ood_A,0_7797_1,5yu8,0_7797_12,5yu8_C,5yu8_A,2.7014265346470823,7.8213313125704245,360,360,False
5ood,5ood_B,5ood_C,0_7797_0,3j8a,0_7797_1,3j8a_A,3j8a_B,1.4159885711962898,52.641287658332516,366,366,False
5ood,5ood_B,5ood_C,0_7797_0,3j8a,0_7797_0,3j8a_D,3j8a_A,1.4159885711962898,1.877067985251285,366,366,True
5ood,5ood_B,5ood_C,0_7797_0,5yu8,0_7797_10,5yu8_B,5yu8_A,2.701424836934238,8.490530321072894,360,360,True
5ood,5ood_B,5ood_C,0_7797_0,5yu8,0_7797_12,5yu8_C,5yu8_A,2.701424836934238,55.076095110375725,360,360,True
5ood,5ood_B,5ood_D,0_7797_1,3j8a,0_7797_1,3j8a_A,3j8a_B,1.4159885711962898,1.9959412968649146,366,366,False
5ood,5ood_B,5ood_D,0_7797_1,3j8a,0_7797_0,3j8a_D,3j8a_A,1.4159885711962898,54.082095827655564,366,366,True
5ood,5ood_B,5ood_D,0_7797_1,5yu8,0_7797_10,5yu8_B,5yu8_A,2.701424836934238,52.63234576502726,360,360,True
5ood,5ood_B,5ood_D,0_7797_1,5yu8,0_7797_12,5yu8_C,5yu8_A,2.701424836934238,6.275815694065724,360,360,True
5ood,5ood_C,5ood_D,0_7797_0,3j8a,0_7797_1,3j8a_A,3j8a_B,1.4159902278038388,52.641308313551306,366,366,False
5ood,5ood_C,5ood_D,0_7797_0,3j8a,0_7797_0,3j8a_D,3j8a_A,1.4159902278038388,1.8770520374855317,366,366,True
5ood,5ood_C,5ood_D,0_7797_0,5yu8,0_7797_10,5yu8_B,5yu8_A,2.7014099178781352,8.490494026379697,360,360,True
5ood,5ood_C,5ood_D,0_7797_0,5yu8,0_7797_12,5yu8_C,5yu8_A,2.7014099178781352,55.076090381765866,360,360,True
5ood,5ood_C,5ood_E,0_7797_1,3j8a,0_7797_1,3j8a_A,3j8a_B,1.4159902278038388,1.9959591359088318,366,366,False
5ood,5ood_C,5ood_E,0_7797_1,3j8a,0_7797_0,3j8a_D,3j8a_A,1.4159902278038388,54.08211224824586,366,366,True
5ood,5ood_C,5ood_E,0_7797_1,5yu8,0_7797_10,5yu8_B,5yu8_A,2.7014099178781352,52.632382086928246,360,360,True
5ood,5ood_C,5ood_E,0_7797_1,5yu8,0_7797_12,5yu8_C,5yu8_A,2.7014099178781352,6.275757892857499,360,360,True
5ood,5ood_D,5ood_E,0_7797_0,3j8a,0_7797_1,3j8a_A,3j8a_B,1.415990032023527,52.64134119668096,366,366,False
5ood,5ood_D,5ood_E,0_7797_0,3j8a,0_7797_0,3j8a_D,3j8a_A,1.415990032023527,1.8770245151221667,366,366,True
5ood,5ood_D,5ood_E,0_7797_0,5yu8,0_7797_10,5yu8_B,5yu8_A,2.7014046890437715,8.490520810026311,360,360,True
5ood,5ood_D,5ood_E,0_7797_0,5yu8,0_7797_12,5yu8_C,5yu8_A,2.7014046890437715,55.07612729137935,360,360,True
5ooe,5ooe_B,5ooe_A,0_7797_0,3j8a,0_7797_1,3j8a_A,3j8a_B,1.105074495813362,53.288803255796495,361,361,True
5ooe,5ooe_B,5ooe_A,0_7797_0,3j8a,0_7797_0,3j8a_D,3j8a_A,1.1202917590704249,1.2390912392594113,361,361,False
5ooe,5ooe_B,5ooe_A,0_7797_0,5yu8,0_7797_10,5yu8_B,5yu8_A,2.5545869330898867,7.481562193667984,356,356,False
5ooe,5ooe_B,5ooe_A,0_7797_0,5yu8,0_7797_12,5yu8_C,5yu8_A,2.5546143047765897,49.34903789255725,356,356,False
5ooe,5ooe_C,5ooe_A,0_7797_1,3j8a,0_7797_1,3j8a_A,3j8a_B,1.1050726316334147,1.223377209028183,361,361,True
5ooe,5ooe_C,5ooe_A,0_7797_1,3j8a,0_7797_0,3j8a_D,3j8a_A,1.1202896926110395,53.004539926447194,361,361,False
5ooe,5ooe_C,5ooe_A,0_7797_1,5yu8,0_7797_10,5yu8_B,5yu8_A,2.554626185944899,57.7186291977593,356,356,False
5ooe,5ooe_C,5ooe_A,0_7797_1,5yu8,0_7797_12,5yu8_C,5yu8_A,2.5546535644931767,8.113748235219894,356,356,False
5ooe,5ooe_C,5ooe_B,0_7797_0,3j8a,0_7797_1,3j8a_A,3j8a_B,1.1050726316334147,53.28885651085143,361,361,True
5ooe,5ooe_C,5ooe_B,0_7797_0,3j8a,0_7797_0,3j8a_D,3j8a_A,1.1202896926110395,1.2391092903756709,361,361,False
5ooe,5ooe_C,5ooe_B,0_7797_0,5yu8,0_7797_10,5yu8_B,5yu8_A,2.554626185944899,7.481553392044376,356,356,False
5ooe,5ooe_C,5ooe_B,0_7797_0,5yu8,0_7797_12,5yu8_C,5yu8_A,2.5546535644931767,49.34907898310841,356,356,False
5ooe,5ooe_B,5ooe_D,0_7797_1,3j8a,0_7797_1,3j8a_A,3j8a_B,1.1161675759601721,1.2879078918348819,361,361,False
5ooe,5ooe_B,5ooe_D,0_7797_1,3j8a,0_7797_0,3j8a_D,3j8a_A,1.1161675759601721,53.50797463314352,361,361,True
5ooe,5ooe_B,5ooe_D,0_7797_1,5yu8,0_7797_10,5yu8_B,5yu8_A,2.5546043043272078,52.26147657133817,356,356,True
5ooe,5ooe_B,5ooe_D,0_7797_1,5yu8,0_7797_12,5yu8_C,5yu8_A,2.5546043043272078,6.354368138787787,356,356,True
5ooe,5ooe_C,5ooe_D,0_7797_0,3j8a,0_7797_1,3j8a_A,3j8a_B,1.1161681425674448,52.74328185956516,361,361,False
5ooe,5ooe_C,5ooe_D,0_7797_0,3j8a,0_7797_0,3j8a_D,3j8a_A,1.1161681425674448,1.3316378595414606,361,361,True
5ooe,5ooe_C,5ooe_D,0_7797_0,5yu8,0_7797_10,5yu8_B,5yu8_A,2.5546435549678534,8.372000767440957,356,356,True
5ooe,5ooe_C,5ooe_D,0_7797_0,5yu8,0_7797_12,5yu8_C,5yu8_A,2.5546435549678534,55.15107573554013,356,356,True
5ooe,5ooe_C,5ooe_E,0_7797_1,3j8a,0_7797_1,3j8a_A,3j8a_B,1.1161681425674448,1.2879395186793545,361,361,False
5ooe,5ooe_C,5ooe_E,0_7797_1,3j8a,0_7797_0,3j8a_D,3j8a_A,1.1161681425674448,53.508012580612096,361,361,True
5ooe,5ooe_C,5ooe_E,0_7797_1,5yu8,0_7797_10,5yu8_B,5yu8_A,2.5546435549678534,52.26150377489292,356,356,True
5ooe,5ooe_C,5ooe_E,0_7797_1,5yu8,0_7797_12,5yu8_C,5yu8_A,2.5546435549678534,6.354325219122164,356,356,True
5ooe,5ooe_E,5ooe_D,0_7797_0,3j8a,0_7797_1,3j8a_A,3j8a_B,1.1050964779509809,53.2888331406991,361,361,True
5ooe,5ooe_E,5ooe_D,0_7797_0,3j8a,0_7797_0,3j8a_D,3j8a_A,1.1203171181753064,1.2391186835512353,361,361,False
5ooe,5ooe_E,5ooe_D,0_7797_0,5yu8,0_7797_10,5yu8_B,5yu8_A,2.5545968709401525,7.481549872589124,356,356,False
5ooe,5ooe_E,5ooe_D,0_7797_0,5yu8,0_7797_12,5yu8_C,5yu8_A,2.5546242456673234,49.34904867290571,356,356,False
5oof,5oof_A,5oof_B,0_7797_0,3j8a,0_7797_1,3j8a_A,3j8a_B,1.4144593287992164,52.46401731691639,366,366,False
5oof,5oof_A,5oof_B,0_7797_0,3j8a,0_7797_0,3j8a_D,3j8a_A,1.4144593287992164,1.9594632340233118,366,366,True
5oof,5oof_A,5oof_B,0_7797_0,5yu8,0_7797_10,5yu8_B,5yu8_A,2.622839286706,8.706820847012334,360,360,True
5oof,5oof_A,5oof_B,0_7797_0,5yu8,0_7797_12,5yu8_C,5yu8_A,2.622839286706,54.92207791044102,360,360,True
5oof,5oof_A,5oof_C,0_7797_1,3j8a,0_7797_1,3j8a_A,3j8a_B,1.4144593287992164,1.871181131712713,366,366,False
5oof,5oof_A,5oof_C,0_7797_1,3j8a,0_7797_0,3j8a_D,3j8a_A,1.4144593287992164,53.931736765281414,366,366,True
5oof,5oof_A,5oof_C,0_7797_1,5yu8,0_7797_10,5yu8_B,5yu8_A,2.622839286706,52.426000357322934,360,360,True
5oof,5oof_A,5oof_C,0_7797_1,5yu8,0_7797_12,5yu8_C,5yu8_A,2.622839286706,6.231825672346969,360,360,True
5oof,5oof_B,5oof_C,0_7797_0,3j8a,0_7797_1,3j8a_A,3j8a_B,1.4144404803299264,52.46401258058723,366,366,False
5oof,5oof_B,5oof_C,0_7797_0,3j8a,0_7797_0,3j8a_D,3j8a_A,1.4144404803299264,1.9594920297197949,366,366,True
5oof,5oof_B,5oof_C,0_7797_0,5yu8,0_7797_10,5yu8_B,5yu8_A,2.622801127710399,8.706818158666168,360,360,True
5oof,5oof_B,5oof_C,0_7797_0,5yu8,0_7797_12,5yu8_C,5yu8_A,2.622801127710399,54.922051060185694,360,360,True
5oof,5oof_D,5oof_B,0_7797_1,3j8a,0_7797_1,3j8a_A,3j8a_B,1.4150253694676034,1.7147947242712098,366,366,True
5oof,5oof_D,5oof_B,0_7797_1,3j8a,0_7797_0,3j8a_D,3j8a_A,1.417978416072638,52.793663624490065,366,366,False
5oof,5oof_D,5oof_B,0_7797_1,5yu8,0_7797_10,5yu8_B,5yu8_A,2.6227923350919045,57.63692515194872,360,360,False
5oof,5oof_D,5oof_B,0_7797_1,5yu8,0_7797_12,5yu8_C,5yu8_A,2.622829502782554,7.96587389352741,360,360,False
5oof,5oof_D,5oof_C,0_7797_0,3j8a,0_7797_1,3j8a_A,3j8a_B,1.4150253694676034,53.63350818632286,366,366,True
5oof,5oof_D,5oof_C,0_7797_0,3j8a,0_7797_0,3j8a_D,3j8a_A,1.417978416072638,1.6436200845145281,366,366,False
5oof,5oof_D,5oof_C,0_7797_0,5yu8,0_7797_10,5yu8_B,5yu8_A,2.6227923350919045,7.516702769766951,360,360,False
5oof,5oof_D,5oof_C,0_7797_0,5yu8,0_7797_12,5yu8_C,5yu8_A,2.622829502782554,49.357345868507544,360,360,False
5oof,5oof_E,5oof_C,0_7797_1,3j8a,0_7797_1,3j8a_A,3j8a_B,1.4150560750136763,1.7148049343608054,366,366,True
5oof,5oof_E,5oof_C,0_7797_1,3j8a,0_7797_0,3j8a_D,3j8a_A,1.4180077444407375,52.793659763704404,366,366,False
5oof,5oof_E,5oof_C,0_7797_1,5yu8,0_7797_10,5yu8_B,5yu8_A,2.6227979757386786,57.63690930868059,360,360,False
5oof,5oof_E,5oof_C,0_7797_1,5yu8,0_7797_12,5yu8_C,5yu8_A,2.6228351459476387,7.96580877379865,360,360,False
5oof,5oof_D,5oof_E,0_7797_0,3j8a,0_7797_1,3j8a_A,3j8a_B,1.414431280314309,52.464005025767555,366,366,False
5oof,5oof_D,5oof_E,0_7797_0,3j8a,0_7797_0,3j8a_D,3j8a_A,1.414431280314309,1.9594864677282986,366,366,True
5oof,5oof_D,5oof_E,0_7797_0,5yu8,0_7797_10,5yu8_B,5yu8_A,2.6228144935602336,8.706768587135105,360,360,True
5oof,5oof_D,5oof_E,0_7797_0,5yu8,0_7797_12,5yu8_C,5yu8_A,2.6228144935602336,54.92202398891015,360,360,True
5yu8,5yu8_B,5yu8_A,0_7797_10,3j8a,0_7797_1,3j8a_A,3j8a_B,2.7150666808068067,58.07556882179048,356,356,True
5yu8,5yu8_B,5yu8_A,0_7797_10,3j8a,0_7797_0,3j8a_D,3j8a_A,2.7184376800715393,7.37680117384808,356,356,False
5yu8,5yu8_B,5yu8_A,0_7797_10,5yu8,0_7797_10,5yu8_B,5yu8_A,1.4979556132593925e-14,6.176229215955354e-15,360,360,False
5yu8,5yu8_B,5yu8_A,0_7797_10,5yu8,0_7797_12,5yu8_C,5yu8_A,0.0005759555876669002,54.21730107387027,360,360,False
5yu8,5yu8_C,5yu8_A,0_7797_12,3j8a,0_7797_1,3j8a_A,3j8a_B,2.7151012167463997,8.127817009974903,356,356,True
5yu8,5yu8_C,5yu8_A,0_7797_12,3j8a,0_7797_0,3j8a_D,3j8a_A,2.7184703914048254,49.72285876059533,356,356,False
5yu8,5yu8_C,5yu8_A,0_7797_12,5yu8,0_7797_10,5yu8_B,5yu8_A,0.0005759555876686531,54.21730107387028,360,360,False
5yu8,5yu8_C,5yu8_A,0_7797_12,5yu8,0_7797_12,5yu8_C,5yu8_A,2.0097183471152322e-14,1.5349477418661813e-14,360,360,False
5yu8,5yu8_B,5yu8_C,0_7797_10,3j8a,0_7797_1,3j8a_A,3j8a_B,2.721213866591223,52.39098004903731,356,356,False
5yu8,5yu8_B,5yu8_C,0_7797_10,3j8a,0_7797_0,3j8a_D,3j8a_A,2.721213866591223,8.284734656259374,356,356,True
5yu8,5yu8_B,5yu8_C,0_7797_10,5yu8,0_7797_10,5yu8_B,5yu8_A,0.00040514138743083565,0.0005898819249855456,360,360,True
5yu8,5yu8_B,5yu8_C,0_7797_10,5yu8,0_7797_12,5yu8_C,5yu8_A,0.00040514138743083565,54.217330281971535,360,360,True
5yu8,5yu8_D,5yu8_B,0_7797_12,3j8a,0_7797_1,3j8a_A,3j8a_B,2.7150838002984448,8.127802829252749,356,356,True
5yu8,5yu8_D,5yu8_B,0_7797_12,3j8a,0_7797_0,3j8a_D,3j8a_A,2.7184536835469,49.7228692141882,356,356,False
5yu8,5yu8_D,5yu8_B,0_7797_12,5yu8,0_7797_10,5yu8_B,5yu8_A,0.000562159401138932,54.21730176237934,360,360,False
5yu8,5yu8_D,5yu8_B,0_7797_12,5yu8,0_7797_12,5yu8_C,5yu8_A,0.0005709082117845896,0.00041335692154945445,360,360,False
5yu8,5yu8_D,5yu8_C,0_7797_10,3j8a,0_7797_1,3j8a_A,3j8a_B,2.7150838002984448,58.07557519837285,356,356,True
5yu8,5yu8_D,5yu8_C,0_7797_10,3j8a,0_7797_0,3j8a_D,3j8a_A,2.7184536835469,7.3768248691986,356,356,False
5yu8,5yu8_D,5yu8_C,0_7797_10,5yu8,0_7797_10,5yu8_B,5yu8_A,0.000562159401138932,0.000424805972630552,360,360,False
5yu8,5yu8_D,5yu8_C,0_7797_10,5yu8,0_7797_12,5yu8_C,5yu8_A,0.0005709082117845896,54.217309083818606,360,360,False
5yu8,5yu8_E,5yu8_C,0_7797_12,3j8a,0_7797_1,3j8a_A,3j8a_B,2.7151003577486086,8.12780323375177,356,356,True
5yu8,5yu8_E,5yu8_C,0_7797_12,3j8a,0_7797_0,3j8a_D,3j8a_A,2.7184721669619467,49.7228559914749,356,356,False
5yu8,5yu8_E,5yu8_C,0_7797_12,5yu8,0_7797_10,5yu8_B,5yu8_A,0.0005700694262562871,54.21729700085773,360,360,False
5yu8,5yu8_E,5yu8_C,0_7797_12,5yu8,0_7797_12,5yu8_C,5yu8_A,0.0005595497515550826,0.00043123821047872545,360,360,False
5yu8,5yu8_D,5yu8_E,0_7797_10,3j8a,0_7797_1,3j8a_A,3j8a_B,2.72122934186445,52.391013786450195,356,356,False
5yu8,5yu8_D,5yu8_E,0_7797_10,3j8a,0_7797_0,3j8a_D,3j8a_A,2.72122934186445,8.284625500984962,356,356,True
5yu8,5yu8_D,5yu8_E,0_7797_10,5yu8,0_7797_10,5yu8_B,5yu8_A,0.000394011897361732,0.0005757084127836085,360,360,True
5yu8,5yu8_D,5yu8_E,0_7797_10,5yu8,0_7797_12,5yu8_C,5yu8_A,0.000394011897361732,54.21737015744627,360,360,True
6c1d,6c1d_A,6c1d_B,0_7797_0,3j8a,0_7797_1,3j8a_A,3j8a_B,1.2490552369657213,52.61300997715404,366,366,True
6c1d,6c1d_A,6c1d_B,0_7797_0,3j8a,0_7797_0,3j8a_D,3j8a_A,1.2641705231514149,1.685375820494379,366,366,False
6c1d,6c1d_A,6c1d_B,0_7797_0,5yu8,0_7797_10,5yu8_B,5yu8_A,2.7572596183000853,8.20673734479807,360,360,False
6c1d,6c1d_A,6c1d_B,0_7797_0,5yu8,0_7797_12,5yu8_C,5yu8_A,2.7572826163269117,48.73564476222141,360,360,False
6c1d,6c1d_A,6c1d_C,0_7797_1,3j8a,0_7797_1,3j8a_A,3j8a_B,1.2490552369657213,1.3337399244665833,366,366,True
6c1d,6c1d_A,6c1d_C,0_7797_1,3j8a,0_7797_0,3j8a_D,3j8a_A,1.2641705231514149,53.35499951503158,366,366,False
6c1d,6c1d_A,6c1d_C,0_7797_1,5yu8,0_7797_10,5yu8_B,5yu8_A,2.7572596183000853,57.833811052063446,360,360,False
6c1d,6c1d_A,6c1d_C,0_7797_1,5yu8,0_7797_12,5yu8_C,5yu8_A,2.7572826163269117,8.24179476200276,360,360,False
6c1d,6c1d_C,6c1d_B,0_7797_0,3j8a,0_7797_1,3j8a_A,3j8a_B,1.2564819840687602,52.47287884554769,366,366,False
6c1d,6c1d_C,6c1d_B,0_7797_0,3j8a,0_7797_0,3j8a_D,3j8a_A,1.2564819840687602,1.9728049436303616,366,366,True
6c1d,6c1d_C,6c1d_B,0_7797_0,5yu8,0_7797_10,5yu8_B,5yu8_A,2.757272726117687,8.951395115759164,360,360,True
6c1d,6c1d_C,6c1d_B,0_7797_0,5yu8,0_7797_12,5yu8_C,5yu8_A,2.757272726117687,54.61923082161512,360,360,True
6c1d,6c1d_D,6c1d_B,0_7797_1,3j8a,0_7797_1,3j8a_A,3j8a_B,1.2565075408921862,1.4410982671528194,366,366,False
6c1d,6c1d_D,6c1d_B,0_7797_1,3j8a,0_7797_0,3j8a_D,3j8a_A,1.2565075408921862,53.57225740907594,366,366,True
6c1d,6c1d_D,6c1d_B,0_7797_1,5yu8,0_7797_10,5yu8_B,5yu8_A,2.757280789214845,52.3675625842234,360,360,True
6c1d,6c1d_D,6c1d_B,0_7797_1,5yu8,0_7797_12,5yu8_C,5yu8_A,2.757280789214845,6.501797355223703,360,360,True
6c1d,6c1d_D,6c1d_C,0_7797_0,3j8a,0_7797_1,3j8a_A,3j8a_B,1.2565075408921862,52.36444965440409,366,366,False
6c1d,6c1d_D,6c1d_C,0_7797_0,3j8a,0_7797_0,3j8a_D,3j8a_A,1.2565075408921862,2.0193810706184943,366,366,True
6c1d,6c1d_D,6c1d_C,0_7797_0,5yu8,0_7797_10,5yu8_B,5yu8_A,2.757280789214845,8.850490566724744,360,360,True
6c1d,6c1d_D,6c1d_C,0_7797_0,5yu8,0_7797_12,5yu8_C,5yu8_A,2.757280789214845,54.500424074080634,360,360,True
6c1d,6c1d_E,6c1d_C,0_7797_1,3j8a,0_7797_1,3j8a_A,3j8a_B,1.256476013469957,1.5292066891482419,366,366,False
6c1d,6c1d_E,6c1d_C,0_7797_1,3j8a,0_7797_0,3j8a_D,3j8a_A,1.256476013469957,53.68171713827177,366,366,True
6c1d,6c1d_E,6c1d_C,0_7797_1,5yu8,0_7797_10,5yu8_B,5yu8_A,2.7572967106811843,52.465033521809886,360,360,True
6c1d,6c1d_E,6c1d_C,0_7797_1,5yu8,0_7797_12,5yu8_C,5yu8_A,2.7572967106811843,6.48381047512843,360,360,True
6c1d,6c1d_E,6c1d_D,0_7797_0,3j8a,0_7797_1,3j8a_A,3j8a_B,1.256476013469957,52.21931878352687,366,366,False
6c1d,6c1d_E,6c1d_D,0_7797_0,3j8a,0_7797_0,3j8a_D,3j8a_A,1.256476013469957,2.166810689779839,366,366,True
6c1d,6c1d_E,6c1d_D,0_7797_0,5yu8,0_7797_10,5yu8_B,5yu8_A,2.7572967106811843,8.82762561794215,360,360,True
6c1d,6c1d_E,6c1d_D,0_7797_0,5yu8,0_7797_12,5yu8_C,5yu8_A,2.7572967106811843,54.34555575643192,360,360,True
6c1g,6c1g_B,6c1g_A,0_7797_0,3j8a,0_7797_1,3j8a_A,3j8a_B,1.2595112335275749,52.4358550732742,366,366,False
6c1g,6c1g_B,6c1g_A,0_7797_0,3j8a,0_7797_0,3j8a_D,3j8a_A,1.2595112335275749,2.0661297805220706,366,366,True
6c1g,6c1g_B,6c1g_A,0_7797_0,5yu8,0_7797_10,5yu8_B,5yu8_A,2.7499048239455717,9.033915648843891,360,360,True
6c1g,6c1g_B,6c1g_A,0_7797_0,5yu8,0_7797_12,5yu8_C,5yu8_A,2.7499048239455717,54.60550547636446,360,360,True
6c1g,6c1g_C,6c1g_A,0_7797_1,3j8a,0_7797_1,3j8a_A,3j8a_B,1.259541529860454,1.4116126332967245,366,366,False
6c1g,6c1g_C,6c1g_A,0_7797_1,3j8a,0_7797_0,3j8a_D,3j8a_A,1.259541529860454,53.472538207767776,366,366,True
6c1g,6c1g_C,6c1g_A,0_7797_1,5yu8,0_7797_10,5yu8_B,5yu8_A,2.7498939093715595,52.23930055654817,360,360,True
6c1g,6c1g_C,6c1g_A,0_7797_1,5yu8,0_7797_12,5yu8_C,5yu8_A,2.7498939093715595,6.633164565424936,360,360,True
6c1g,6c1g_B,6c1g_C,0_7797_0,3j8a,0_7797_1,3j8a_A,3j8a_B,1.2497524964212086,52.42002836843684,366,366,True
6c1g,6c1g_B,6c1g_C,0_7797_0,3j8a,0_7797_0,3j8a_D,3j8a_A,1.2657981378043384,1.8503034297290144,366,366,False
6c1g,6c1g_B,6c1g_C,0_7797_0,5yu8,0_7797_10,5yu8_B,5yu8_A,2.7498916519962076,8.502839801552682,360,360,False
6c1g,6c1g_B,6c1g_C,0_7797_0,5yu8,0_7797_12,5yu8_C,5yu8_A,2.7499096306968904,48.527137491146114,360,360,False
6c1g,6c1g_B,6c1g_D,0_7797_1,3j8a,0_7797_1,3j8a_A,3j8a_B,1.2497524964212086,1.3726393403124184,366,366,True
6c1g,6c1g_B,6c1g_D,0_7797_1,3j8a,0_7797_0,3j8a_D,3j8a_A,1.2657981378043384,53.606757279751044,366,366,False
6c1g,6c1g_B,6c1g_D,0_7797_1,5yu8,0_7797_10,5yu8_B,5yu8_A,2.7498916519962076,58.134400710272935,360,360,False
6c1g,6c1g_B,6c1g_D,0_7797_1,5yu8,0_7797_12,5yu8_C,5yu8_A,2.7499096306968904,8.501209121797451,360,360,False
6c1g,6c1g_C,6c1g_D,0_7797_0,3j8a,0_7797_1,3j8a_A,3j8a_B,1.249777262497438,52.29343842410576,366,366,True
6c1g,6c1g_C,6c1g_D,0_7797_0,3j8a,0_7797_0,3j8a_D,3j8a_A,1.2658248927950249,1.9734404047422087,366,366,False
6c1g,6c1g_C,6c1g_D,0_7797_0,5yu8,0_7797_10,5yu8_B,5yu8_A,2.7498807386538178,8.669587862624224,360,360,False
6c1g,6c1g_C,6c1g_D,0_7797_0,5yu8,0_7797_12,5yu8_C,5yu8_A,2.7498987104766415,48.408195110690684,360,360,False
6c1g,6c1g_C,6c1g_E,0_7797_1,3j8a,0_7797_1,3j8a_A,3j8a_B,1.249777262497438,1.4458148260949286,366,366,True
6c1g,6c1g_C,6c1g_E,0_7797_1,3j8a,0_7797_0,3j8a_D,3j8a_A,1.2658248927950249,53.69755948767531,366,366,False
6c1g,6c1g_C,6c1g_E,0_7797_1,5yu8,0_7797_10,5yu8_B,5yu8_A,2.7498807386538178,58.228754485716706,360,360,False
6c1g,6c1g_C,6c1g_E,0_7797_1,5yu8,0_7797_12,5yu8_C,5yu8_A,2.7498987104766415,8.675901503657725,360,360,False
6c1g,6c1g_D,6c1g_E,0_7797_0,3j8a,0_7797_1,3j8a_A,3j8a_B,1.249745156631541,52.30980578174376,366,366,True
6c1g,6c1g_D,6c1g_E,0_7797_0,3j8a,0_7797_0,3j8a_D,3j8a_A,1.2657940283154379,2.066794153829319,366,366,False
6c1g,6c1g_D,6c1g_E,0_7797_0,5yu8,0_7797_10,5yu8_B,5yu8_A,2.7498574630491177,8.719418331176751,360,360,False
6c1g,6c1g_D,6c1g_E,0_7797_0,5yu8,0_7797_12,5yu8_C,5yu8_A,2.749875437147812,48.43132969895032,360,360,False
6c1h,6c1h_A,6c1h_B,0_7797_0,3j8a,0_7797_1,3j8a_A,3j8a_B,1.150717261520226,53.074691793307245,366,366,True
6c1h,6c1h_A,6c1h_B,0_7797_0,3j8a,0_7797_0,3j8a_D,3j8a_A,1.1634024708486772,1.414459242980075,366,366,False
6c1h,6c1h_A,6c1h_B,0_7797_0,5yu8,0_7797_10,5yu8_B,5yu8_A,2.703345613671166,7.9133695919739075,360,360,False
6c1h,6c1h_A,6c1h_B,0_7797_0,5yu8,0_7797_12,5yu8_C,5yu8_A,2.7033715795816575,49.128904745574836,360,360,False
6c1h,6c1h_A,6c1h_C,0_7797_1,3j8a,0_7797_1,3j8a_A,3j8a_B,1.150717261520226,1.2632817818650006,366,366,True
6c1h,6c1h_A,6c1h_C,0_7797_1,3j8a,0_7797_0,3j8a_D,3j8a_A,1.1634024708486772,53.276552046242706,366,366,False
6c1h,6c1h_A,6c1h_C,0_7797_1,5yu8,0_7797_10,5yu8_B,5yu8_A,2.703345613671166,57.80948909986368,360,360,False
6c1h,6c1h_A,6c1h_C,0_7797_1,5yu8,0_7797_12,5yu8_C,5yu8_A,2.7033715795816575,8.0738379848467,360,360,False
6c1h,6c1h_B,6c1h_C,0_7797_0,3j8a,0_7797_1,3j8a_A,3j8a_B,1.1506865576605554,52.89907332528382,366,366,True
6c1h,6c1h_B,6c1h_C,0_7797_0,3j8a,0_7797_0,3j8a_D,3j8a_A,1.163371911459007,1.49887354545004,366,366,False
6c1h,6c1h_B,6c1h_C,0_7797_0,5yu8,0_7797_10,5yu8_B,5yu8_A,2.7033377973597084,8.064816886767128,360,360,False
6c1h,6c1h_B,6c1h_C,0_7797_0,5yu8,0_7797_12,5yu8_C,5yu8_A,2.7033637618398236,48.9719641176405,360,360,False
6c1h,6c1h_B,6c1h_D,0_7797_1,3j8a,0_7797_1,3j8a_A,3j8a_B,1.1506865576605554,1.232924364263115,366,366,True
6c1h,6c1h_B,6c1h_D,0_7797_1,3j8a,0_7797_0,3j8a_D,3j8a_A,1.163371911459007,53.417411691956254,366,366,False
6c1h,6c1h_B,6c1h_D,0_7797_1,5yu8,0_7797_10,5yu8_B,5yu8_A,2.7033377973597084,57.964564530470916,360,360,False
6c1h,6c1h_B,6c1h_D,0_7797_1,5yu8,0_7797_12,5yu8_C,5yu8_A,2.7033637618398236,8.27259933939378,360,360,False
6c1h,6c1h_C,6c1h_D,0_7797_0,3j8a,0_7797_1,3j8a_A,3j8a_B,1.150694465116353,52.984041417640356,366,366,True
6c1h,6c1h_C,6c1h_D,0_7797_0,3j8a,0_7797_0,3j8a_D,3j8a_A,1.163381079222982,1.5750445286413841,366,366,False
6c1h,6c1h_C,6c1h_D,0_7797_0,5yu8,0_7797_10,5yu8_B,5yu8_A,2.70335036626617,8.01492132164052,360,360,False
6c1h,6c1h_C,6c1h_D,0_7797_0,5yu8,0_7797_12,5yu8_C,5yu8_A,2.703376337490655,49.07097537009963,360,360,False
6c1h,6c1h_C,6c1h_E,0_7797_1,3j8a,0_7797_1,3j8a_A,3j8a_B,1.150694465116353,1.2466905939712998,366,366,True
6c1h,6c1h_C,6c1h_E,0_7797_1,3j8a,0_7797_0,3j8a_D,3j8a_A,1.163381079222982,53.264271534842514,366,366,False
6c1h,6c1h_C,6c1h_E,0_7797_1,5yu8,0_7797_10,5yu8_B,5yu8_A,2.70335036626617,57.79736262849429,360,360,False
6c1h,6c1h_C,6c1h_E,0_7797_1,5yu8,0_7797_12,5yu8_C,5yu8_A,2.703376337490655,8.062763174447227,360,360,False
6c1h,6c1h_D,6c1h_E,0_7797_0,3j8a,0_7797_1,3j8a_A,3j8a_B,1.1507094907308697,52.96322374505407,366,366,True
6c1h,6c1h_D,6c1h_E,0_7797_0,3j8a,0_7797_0,3j8a_D,3j8a_A,1.1633958055481692,1.747863657000947,366,366,False
6c1h,6c1h_D,6c1h_E,0_7797_0,5yu8,0_7797_10,5yu8_B,5yu8_A,2.7033383166764042,8.134923759679596,360,360,False
6c1h,6c1h_D,6c1h_E,0_7797_0,5yu8,0_7797_12,5yu8_C,5yu8_A,2.7033642826736815,49.065116515671775,360,360,False
6d8c,6d8c_J,6d8c_H,0_7797_1,3j8a,0_7797_1,3j8a_A,3j8a_B,1.132649461819875,1.372589734638328,366,366,False
6d8c,6d8c_J,6d8c_H,0_7797_1,3j8a,0_7797_0,3j8a_D,3j8a_A,1.132649461819875,53.8506718771519,366,366,True
6d8c,6d8c_J,6d8c_H,0_7797_1,5yu8,0_7797_10,5yu8_B,5yu8_A,2.60409731727303,52.579737194460826,359,359,True
6d8c,6d8c_J,6d8c_H,0_7797_1,5yu8,0_7797_12,5yu8_C,5yu8_A,2.60409731727303,6.412725966892623,359,359,True
6d8c,6d8c_K,6d8c_H,0_7797_0,3j8a,0_7797_1,3j8a_A,3j8a_B,1.116055250929586,53.05551765817503,366,366,True
6d8c,6d8c_K,6d8c_H,0_7797_0,3j8a,0_7797_0,3j8a_D,3j8a_A,1.1347831097427232,1.464808596059616,366,366,False
6d8c,6d8c_K,6d8c_H,0_7797_0,5yu8,0_7797_10,5yu8_B,5yu8_A,2.6040456349277425,8.012735550541377,359,359,False
6d8c,6d8c_K,6d8c_H,0_7797_0,5yu8,0_7797_12,5yu8_C,5yu8_A,2.6040740040654646,49.09538716964238,359,359,False
6d8c,6d8c_L,6d8c_H,0_7797_0,3j8a,0_7797_1,3j8a_A,3j8a_B,1.1326564275997284,52.62518786336594,366,366,False
6d8c,6d8c_L,6d8c_H,0_7797_0,3j8a,0_7797_0,3j8a_D,3j8a_A,1.1326564275997284,1.7491492181129562,366,366,True
6d8c,6d8c_L,6d8c_H,0_7797_0,5yu8,0_7797_10,5yu8_B,5yu8_A,2.604105803894281,8.644150032960338,359,359,True
6d8c,6d8c_L,6d8c_H,0_7797_0,5yu8,0_7797_12,5yu8_C,5yu8_A,2.604105803894281,54.86180842970368,359,359,True
6d8c,6d8c_M,6d8c_H,0_7797_1,3j8a,0_7797_1,3j8a_A,3j8a_B,1.116018264207924,1.3308575264421643,366,366,True
6d8c,6d8c_M,6d8c_H,0_7797_1,3j8a,0_7797_0,3j8a_D,3j8a_A,1.134754324104417,53.45079533716043,366,366,False
6d8c,6d8c_M,6d8c_H,0_7797_1,5yu8,0_7797_10,5yu8_B,5yu8_A,2.604067727797717,58.03998863745646,359,359,False
6d8c,6d8c_M,6d8c_H,0_7797_1,5yu8,0_7797_12,5yu8_C,5yu8_A,2.6040960956070687,8.2051388599589,359,359,False
6d8c,6d8c_L,6d8c_J,0_7797_0,3j8a,0_7797_1,3j8a_A,3j8a_B,1.1160334306413882,53.09053125015356,366,366,True
6d8c,6d8c_L,6d8c_J,0_7797_0,3j8a,0_7797_0,3j8a_D,3j8a_A,1.134760454052463,1.4694611920862628,366,366,False
6d8c,6d8c_L,6d8c_J,0_7797_0,5yu8,0_7797_10,5yu8_B,5yu8_A,2.6040846490821274,7.98719200973312,359,359,False
6d8c,6d8c_L,6d8c_J,0_7797_0,5yu8,0_7797_12,5yu8_C,5yu8_A,2.604113013059032,49.12799121408364,359,359,False
6d8c,6d8c_L,6d8c_K,0_7797_1,3j8a,0_7797_1,3j8a_A,3j8a_B,1.1326564275997284,1.3917930369173541,366,366,False
6d8c,6d8c_L,6d8c_K,0_7797_1,3j8a,0_7797_0,3j8a_D,3j8a_A,1.1326564275997284,53.88159583684556,366,366,True
6d8c,6d8c_L,6d8c_K,0_7797_1,5yu8,0_7797_10,5yu8_B,5yu8_A,2.604105803894281,52.61684065479712,359,359,True
6d8c,6d8c_L,6d8c_K,0_7797_1,5yu8,0_7797_12,5yu8_C,5yu8_A,2.604105803894281,6.421522660521566,359,359,True
6d8c,6d8c_M,6d8c_K,0_7797_0,3j8a,0_7797_1,3j8a_A,3j8a_B,1.116018264207924,53.090963665611454,366,366,True
6d8c,6d8c_M,6d8c_K,0_7797_0,3j8a,0_7797_0,3j8a_D,3j8a_A,1.134754324104417,1.4806182602417242,366,366,False
6d8c,6d8c_M,6d8c_K,0_7797_0,5yu8,0_7797_10,5yu8_B,5yu8_A,2.604067727797717,8.004788472483712,359,359,False
6d8c,6d8c_M,6d8c_K,0_7797_0,5yu8,0_7797_12,5yu8_C,5yu8_A,2.6040960956070687,49.12680274252209,359,359,False
6fhl,6fhl_B,6fhl_A,0_7797_0,3j8a,0_7797_1,3j8a_A,3j8a_B,1.172930399776118,53.3800535678613,366,366,True
6fhl,6fhl_B,6fhl_A,0_7797_0,3j8a,0_7797_0,3j8a_D,3j8a_A,1.1907634595581849,1.5846391471052779,366,366,False
6fhl,6fhl_B,6fhl_A,0_7797_0,5yu8,0_7797_10,5yu8_B,5yu8_A,2.6514531280599556,7.591655099062378,360,360,False
6fhl,6fhl_B,6fhl_A,0_7797_0,5yu8,0_7797_12,5yu8_C,5yu8_A,2.651480288107735,49.335225420503576,360,360,False
6fhl,6fhl_C,6fhl_A,0_7797_1,3j8a,0_7797_1,3j8a_A,3j8a_B,1.1729220990121638,1.7413396139736563,366,366,True
6fhl,6fhl_C,6fhl_A,0_7797_1,3j8a,0_7797_0,3j8a_D,3j8a_A,1.1907485442574577,52.54839596678295,366,366,False
6fhl,6fhl_C,6fhl_A,0_7797_1,5yu8,0_7797_10,5yu8_B,5yu8_A,2.651472527390009,57.170634195973925,360,360,False
6fhl,6fhl_C,6fhl_A,0_7797_1,5yu8,0_7797_12,5yu8_C,5yu8_A,2.651499690702092,8.283671548304547,360,360,False
6fhl,6fhl_C,6fhl_B,0_7797_0,3j8a,0_7797_1,3j8a_A,3j8a_B,1.1729220990121638,53.38010196867442,366,366,True
6fhl,6fhl_C,6fhl_B,0_7797_0,3j8a,0_7797_0,3j8a_D,3j8a_A,1.1907485442574577,1.584698239629717,366,366,False
6fhl,6fhl_C,6fhl_B,0_7797_0,5yu8,0_7797_10,5yu8_B,5yu8_A,2.651472527390009,7.591629639884388,360,360,False
6fhl,6fhl_C,6fhl_B,0_7797_0,5yu8,0_7797_12,5yu8_C,5yu8_A,2.651499690702092,49.33525458978386,360,360,False
6fhl,6fhl_B,6fhl_D,0_7797_1,3j8a,0_7797_1,3j8a_A,3j8a_B,1.1826886202366964,1.7744516510297734,366,366,False
6fhl,6fhl_B,6fhl_D,0_7797_1,3j8a,0_7797_0,3j8a_D,3j8a_A,1.1826886202366964,52.9726430474729,366,366,True
6fhl,6fhl_B,6fhl_D,0_7797_1,5yu8,0_7797_10,5yu8_B,5yu8_A,2.651473826984743,51.62577000616051,360,360,True
6fhl,6fhl_B,6fhl_D,0_7797_1,5yu8,0_7797_12,5yu8_C,5yu8_A,2.651473826984743,6.554193863134683,360,360,True
6fhl,6fhl_C,6fhl_D,0_7797_0,3j8a,0_7797_1,3j8a_A,3j8a_B,1.1826753515973438,52.91571940201799,366,366,False
6fhl,6fhl_C,6fhl_D,0_7797_0,3j8a,0_7797_0,3j8a_D,3j8a_A,1.1826753515973438,1.539850797152112,366,366,True
6fhl,6fhl_C,6fhl_D,0_7797_0,5yu8,0_7797_10,5yu8_B,5yu8_A,2.651493224905981,8.339304228140676,360,360,True
6fhl,6fhl_C,6fhl_D,0_7797_0,5yu8,0_7797_12,5yu8_C,5yu8_A,2.651493224905981,55.15780792829283,360,360,True
6fhl,6fhl_C,6fhl_E,0_7797_1,3j8a,0_7797_1,3j8a_A,3j8a_B,1.1826753515973438,1.7743992233616546,366,366,False
6fhl,6fhl_C,6fhl_E,0_7797_1,3j8a,0_7797_0,3j8a_D,3j8a_A,1.1826753515973438,52.972683152439934,366,366,True
6fhl,6fhl_C,6fhl_E,0_7797_1,5yu8,0_7797_10,5yu8_B,5yu8_A,2.651493224905981,51.625783395072204,360,360,True
6fhl,6fhl_C,6fhl_E,0_7797_1,5yu8,0_7797_12,5yu8_C,5yu8_A,2.651493224905981,6.5540932340130835,360,360,True
6fhl,6fhl_E,6fhl_D,0_7797_0,3j8a,0_7797_1,3j8a_A,3j8a_B,1.1729039770317216,53.38002856568296,366,366,True
6fhl,6fhl_E,6fhl_D,0_7797_0,3j8a,0_7797_0,3j8a_D,3j8a_A,1.1907313703913807,1.5846693933583853,366,366,False
6fhl,6fhl_E,6fhl_D,0_7797_0,5yu8,0_7797_10,5yu8_B,5yu8_A,2.6514731907560423,7.591694302202325,360,360,False
6fhl,6fhl_E,6fhl_D,0_7797_0,5yu8,0_7797_12,5yu8_C,5yu8_A,2.651500355844705,49.335194628681194,360,360,False
6iug,6iug_A,6iug_B,0_7797_0,3j8a,0_7797_1,3j8a_A,3j8a_B,1.4353792674142476,52.79072874874625,366,366,False
6iug,6iug_A,6iug_B,0_7797_0,3j8a,0_7797_0,3j8a_D,3j8a_A,1.4353792674142476,1.8172509525267198,366,366,True
6iug,6iug_A,6iug_B,0_7797_0,5yu8,0_7797_10,5yu8_B,5yu8_A,2.6647449439795796,8.4163225130957,360,360,True
6iug,6iug_A,6iug_B,0_7797_0,5yu8,0_7797_12,5yu8_C,5yu8_A,2.6647449439795796,55.170712524624946,360,360,True
6iug,6iug_A,6iug_C,0_7797_32,3j8a,0_7797_1,3j8a_A,3j8a_B,1.4353792674142476,1.9293568827591534,366,366,False
6iug,6iug_A,6iug_C,0_7797_32,3j8a,0_7797_0,3j8a_D,3j8a_A,1.4353792674142476,54.16046440219623,366,366,True
6iug,6iug_A,6iug_C,0_7797_32,5yu8,0_7797_10,5yu8_B,5yu8_A,2.6647449439795796,52.66622194686034,360,360,True
6iug,6iug_A,6iug_C,0_7797_32,5yu8,0_7797_12,5yu8_C,5yu8_A,2.6647449439795796,6.290313709899447,360,360,True
6iug,6iug_B,6iug_C,0_7797_0,3j8a,0_7797_1,3j8a_A,3j8a_B,1.4354240284418824,52.684746475741385,366,366,False
6iug,6iug_B,6iug_C,0_7797_0,3j8a,0_7797_0,3j8a_D,3j8a_A,1.4354240284418824,1.8931153844259703,366,366,True
6iug,6iug_B,6iug_C,0_7797_0,5yu8,0_7797_10,5yu8_B,5yu8_A,2.6646994642430655,8.417123308638033,360,360,True
6iug,6iug_B,6iug_C,0_7797_0,5yu8,0_7797_12,5yu8_C,5yu8_A,2.6646994642430655,55.06506122401746,360,360,True
6iug,6iug_B,6iug_D,0_7797_32,3j8a,0_7797_1,3j8a_A,3j8a_B,1.4354240284418824,2.031259938402727,366,366,False
6iug,6iug_B,6iug_D,0_7797_32,3j8a,0_7797_0,3j8a_D,3j8a_A,1.4354240284418824,54.26210139372016,366,366,True
6iug,6iug_B,6iug_D,0_7797_32,5yu8,0_7797_10,5yu8_B,5yu8_A,2.6646994642430655,52.756283327735396,360,360,True
6iug,6iug_B,6iug_D,0_7797_32,5yu8,0_7797_12,5yu8_C,5yu8_A,2.6646994642430655,6.202106732819534,360,360,True
6iug,6iug_C,6iug_D,0_7797_0,3j8a,0_7797_1,3j8a_A,3j8a_B,1.4354690319258467,52.73976407952215,366,366,False
6iug,6iug_C,6iug_D,0_7797_0,3j8a,0_7797_0,3j8a_D,3j8a_A,1.4354690319258467,1.8551424082755785,366,366,True
6iug,6iug_C,6iug_D,0_7797_0,5yu8,0_7797_10,5yu8_B,5yu8_A,2.6647658285648586,8.43544482586166,360,360,True
6iug,6iug_C,6iug_D,0_7797_0,5yu8,0_7797_12,5yu8_C,5yu8_A,2.6647658285648586,55.1251476933355,360,360,True
6iug,6iug_C,6iug_E,0_7797_32,3j8a,0_7797_1,3j8a_A,3j8a_B,1.4354690319258467,1.9512917024768879,366,366,False
6iug,6iug_C,6iug_E,0_7797_32,3j8a,0_7797_0,3j8a_D,3j8a_A,1.4354690319258467,54.20765764393863,366,366,True
6iug,6iug_C,6iug_E,0_7797_32,5yu8,0_7797_10,5yu8_B,5yu8_A,2.6647658285648586,52.716310010903165,360,360,True
6iug,6iug_C,6iug_E,0_7797_32,5yu8,0_7797_12,5yu8_C,5yu8_A,2.6647658285648586,6.307024987148367,360,360,True
6iug,6iug_D,6iug_E,0_7797_0,3j8a,0_7797_1,3j8a_A,3j8a_B,1.435459383813298,52.70486381510545,366,366,False
6iug,6iug_D,6iug_E,0_7797_0,3j8a,0_7797_0,3j8a_D,3j8a_A,1.435459383813298,1.890846855097029,366,366,True
6iug,6iug_D,6iug_E,0_7797_0,5yu8,0_7797_10,5yu8_B,5yu8_A,2.664737044490702,8.40125409033577,360,360,True
6iug,6iug_D,6iug_E,0_7797_0,5yu8,0_7797_12,5yu8_C,5yu8_A,2.664737044490702,55.084038896747096,360,360,True
6m5g,6m5g_C,6m5g_E,0_7797_1,3j8a,0_7797_1,3j8a_A,3j8a_B,1.0390795836930935,1.4254755554839191,366,366,False
6m5g,6m5g_C,6m5g_E,0_7797_1,3j8a,0_7797_0,3j8a_D,3j8a_A,1.0390795836930935,54.129889981599355,366,366,True
6m5g,6m5g_C,6m5g_E,0_7797_1,5yu8,0_7797_10,5yu8_B,5yu8_A,2.6411824128300077,52.874320818275805,359,359,True
6m5g,6m5g_C,6m5g_E,0_7797_1,5yu8,0_7797_12,5yu8_C,5yu8_A,2.6411824128300077,6.377780373147157,359,359,True
6m5g,6m5g_A,6m5g_B,0_7797_0,3j8a,0_7797_1,3j8a_A,3j8a_B,1.0665430897495713,52.945879192710535,366,366,False
6m5g,6m5g_A,6m5g_B,0_7797_0,3j8a,0_7797_0,3j8a_D,3j8a_A,1.0665430897495713,1.4029161417909182,366,366,True
6m5g,6m5g_A,6m5g_B,0_7797_0,5yu8,0_7797_10,5yu8_B,5yu8_A,2.64629883668962,8.474393200872678,359,359,True
6m5g,6m5g_A,6m5g_B,0_7797_0,5yu8,0_7797_12,5yu8_C,5yu8_A,2.64629883668962,55.12195391169872,359,359,True
6m5g,6m5g_D,6m5g_E,0_7797_0,3j8a,0_7797_1,3j8a_A,3j8a_B,1.0495940619944388,52.98913503705486,366,366,False
6m5g,6m5g_D,6m5g_E,0_7797_0,3j8a,0_7797_0,3j8a_D,3j8a_A,1.0495940619944388,1.3906209789811637,366,366,True
6m5g,6m5g_D,6m5g_E,0_7797_0,5yu8,0_7797_10,5yu8_B,5yu8_A,2.6595383241655117,8.528860818642812,359,359,True
6m5g,6m5g_D,6m5g_E,0_7797_0,5yu8,0_7797_12,5yu8_C,5yu8_A,2.6595383241655117,55.17587507529593,359,359,True
6m5g,6m5g_A,6m5g_C,0_7797_1,3j8a,0_7797_1,3j8a_A,3j8a_B,1.0665430897495713,1.4263471480794643,366,366,False
6m5g,6m5g_A,6m5g_C,0_7797_1,3j8a,0_7797_0,3j8a_D,3j8a_A,1.0665430897495713,54.111680813425856,366,366,True
6m5g,6m5g_A,6m5g_C,0_7797_1,5yu8,0_7797_10,5yu8_B,5yu8_A,2.64629883668962,52.85403515599861,359,359,True
6m5g,6m5g_A,6m5g_C,0_7797_1,5yu8,0_7797_12,5yu8_C,5yu8_A,2.64629883668962,6.419956306656951,359,359,True
6m5g,6m5g_B,6m5g_C,0_7797_0,3j8a,0_7797_1,3j8a_A,3j8a_B,1.059903814835165,52.9238730115682,366,366,False
6m5g,6m5g_B,6m5g_C,0_7797_0,3j8a,0_7797_0,3j8a_D,3j8a_A,1.059903814835165,1.3971987335920881,366,366,True
6m5g,6m5g_B,6m5g_C,0_7797_0,5yu8,0_7797_10,5yu8_B,5yu8_A,2.6629615803823796,8.426134221743064,359,359,True
6m5g,6m5g_B,6m5g_C,0_7797_0,5yu8,0_7797_12,5yu8_C,5yu8_A,2.6629615803823796,55.09787014060925,359,359,True
6m5g,6m5g_B,6m5g_D,0_7797_1,3j8a,0_7797_1,3j8a_A,3j8a_B,1.059903814835165,1.4439602608835522,366,366,False
6m5g,6m5g_B,6m5g_D,0_7797_1,3j8a,0_7797_0,3j8a_D,3j8a_A,1.059903814835165,54.128871523503996,366,366,True
6m5g,6m5g_B,6m5g_D,0_7797_1,5yu8,0_7797_10,5yu8_B,5yu8_A,2.6629615803823796,52.87013917147941,359,359,True
6m5g,6m5g_B,6m5g_D,0_7797_1,5yu8,0_7797_12,5yu8_C,5yu8_A,2.6629615803823796,6.39944236368964,359,359,True
6m5g,6m5g_C,6m5g_D,0_7797_0,3j8a,0_7797_1,3j8a_A,3j8a_B,1.0390795836930935,52.92430707400017,366,366,False
6m5g,6m5g_C,6m5g_D,0_7797_0,3j8a,0_7797_0,3j8a_D,3j8a_A,1.0390795836930935,1.3941635739612361,366,366,True
6m5g,6m5g_C,6m5g_D,0_7797_0,5yu8,0_7797_10,5yu8_B,5yu8_A,2.6411824128300077,8.418501401452895,359,359,True
6m5g,6m5g_C,6m5g_D,0_7797_0,5yu8,0_7797_12,5yu8_C,5yu8_A,2.6411824128300077,55.09776091156356,359,359,True
6t1y,6t1y_B,6t1y_A,0_7797_0,3j8a,0_7797_1,3j8a_A,3j8a_B,1.3367386152939462,53.49211448357433,366,366,True
6t1y,6t1y_B,6t1y_A,0_7797_0,3j8a,0_7797_0,3j8a_D,3j8a_A,1.3404208032839098,1.5442546439013873,366,366,False
6t1y,6t1y_B,6t1y_A,0_7797_0,5yu8,0_7797_10,5yu8_B,5yu8_A,2.721454206201764,7.869067290511536,360,360,False
6t1y,6t1y_B,6t1y_A,0_7797_0,5yu8,0_7797_12,5yu8_C,5yu8_A,2.7214862275209604,49.22101617509998,360,360,False
6t1y,6t1y_C,6t1y_A,0_7797_1,3j8a,0_7797_1,3j8a_A,3j8a_B,1.3366592232927743,1.6154956306945218,366,366,True
6t1y,6t1y_C,6t1y_A,0_7797_1,3j8a,0_7797_0,3j8a_D,3j8a_A,1.3403517591971381,53.15652944158956,366,366,False
6t1y,6t1y_C,6t1y_A,0_7797_1,5yu8,0_7797_10,5yu8_B,5yu8_A,2.7214484403084587,58.01086133113722,360,360,False
6t1y,6t1y_C,6t1y_A,0_7797_1,5yu8,0_7797_12,5yu8_C,5yu8_A,2.721480456436549,8.209353834544075,360,360,False
6t1y,6t1y_C,6t1y_B,0_7797_0,3j8a,0_7797_1,3j8a_A,3j8a_B,1.3366592232927743,53.49213795881468,366,366,True
6t1y,6t1y_C,6t1y_B,0_7797_0,3j8a,0_7797_0,3j8a_D,3j8a_A,1.3403517591971381,1.5443759092016551,366,366,False
6t1y,6t1y_C,6t1y_B,0_7797_0,5yu8,0_7797_10,5yu8_B,5yu8_A,2.7214484403084587,7.869016260574076,360,360,False
6t1y,6t1y_C,6t1y_B,0_7797_0,5yu8,0_7797_12,5yu8_C,5yu8_A,2.721480456436549,49.22107902548298,360,360,False
6t1y,6t1y_B,6t1y_D,0_7797_1,3j8a,0_7797_1,3j8a_A,3j8a_B,1.3405476910957845,1.8536425069098126,366,366,False
6t1y,6t1y_B,6t1y_D,0_7797_1,3j8a,0_7797_0,3j8a_D,3j8a_A,1.3405476910957845,54.237744329465094,366,366,True
6t1y,6t1y_B,6t1y_D,0_7797_1,5yu8,0_7797_10,5yu8_B,5yu8_A,2.721472830362871,52.763745179540464,360,360,True
6t1y,6t1y_B,6t1y_D,0_7797_1,5yu8,0_7797_12,5yu8_C,5yu8_A,2.721472830362871,6.415726502846557,360,360,True
6t1y,6t1y_C,6t1y_D,0_7797_0,3j8a,0_7797_1,3j8a_A,3j8a_B,1.3404756707635164,52.37929211636199,366,366,False
6t1y,6t1y_C,6t1y_D,0_7797_0,3j8a,0_7797_0,3j8a_D,3j8a_A,1.3404756707635164,2.129332133025665,366,366,True
6t1y,6t1y_C,6t1y_D,0_7797_0,5yu8,0_7797_10,5yu8_B,5yu8_A,2.721467061293968,9.127350907822873,360,360,True
6t1y,6t1y_C,6t1y_D,0_7797_0,5yu8,0_7797_12,5yu8_C,5yu8_A,2.721467061293968,54.85857141999052,360,360,True
6t1y,6t1y_C,6t1y_E,0_7797_1,3j8a,0_7797_1,3j8a_A,3j8a_B,1.3404756707635164,1.853953859660394,366,366,False
6t1y,6t1y_C,6t1y_E,0_7797_1,3j8a,0_7797_0,3j8a_D,3j8a_A,1.3404756707635164,54.23791225104057,366,366,True
6t1y,6t1y_C,6t1y_E,0_7797_1,5yu8,0_7797_10,5yu8_B,5yu8_A,2.721467061293968,52.76378522354252,360,360,True
6t1y,6t1y_C,6t1y_E,0_7797_1,5yu8,0_7797_12,5yu8_C,5yu8_A,2.721467061293968,6.415636895530175,360,360,True
6t1y,6t1y_E,6t1y_D,0_7797_0,3j8a,0_7797_1,3j8a_A,3j8a_B,1.3366896409618034,53.49215461428964,366,366,True
6t1y,6t1y_E,6t1y_D,0_7797_0,3j8a,0_7797_0,3j8a_D,3j8a_A,1.3403792511656418,1.5443025421897867,366,366,False
6t1y,6t1y_E,6t1y_D,0_7797_0,5yu8,0_7797_10,5yu8_B,5yu8_A,2.7214722524163486,7.868988530755711,360,360,False
6t1y,6t1y_E,6t1y_D,0_7797_0,5yu8,0_7797_12,5yu8_C,5yu8_A,2.721504273515858,49.22109018520943,360,360,False
6t20,6t20_B,6t20_A,0_7797_0,3j8a,0_7797_1,3j8a_A,3j8a_B,1.1023914300090578,53.15885774662077,366,366,True
6t20,6t20_B,6t20_A,0_7797_0,3j8a,0_7797_0,3j8a_D,3j8a_A,1.1243584777766606,1.3347366802714828,366,366,False
6t20,6t20_B,6t20_A,0_7797_0,5yu8,0_7797_10,5yu8_B,5yu8_A,2.5701744846243675,7.86978013488886,360,360,False
6t20,6t20_B,6t20_A,0_7797_0,5yu8,0_7797_12,5yu8_C,5yu8_A,2.570210284975711,49.178643176666256,360,360,False
6t20,6t20_C,6t20_A,0_7797_1,3j8a,0_7797_1,3j8a_A,3j8a_B,1.1023659774500312,1.3275859955719773,366,366,True
6t20,6t20_C,6t20_A,0_7797_1,3j8a,0_7797_0,3j8a_D,3j8a_A,1.1243379033561345,53.54644079011486,366,366,False
6t20,6t20_C,6t20_A,0_7797_1,5yu8,0_7797_10,5yu8_B,5yu8_A,2.570156272533827,58.129177597839295,360,360,False
6t20,6t20_C,6t20_A,0_7797_1,5yu8,0_7797_12,5yu8_C,5yu8_A,2.5701920755705996,8.2662465096246,360,360,False
6t20,6t20_C,6t20_B,0_7797_0,3j8a,0_7797_1,3j8a_A,3j8a_B,1.1023659774500312,53.158860998638225,366,366,True
6t20,6t20_C,6t20_B,0_7797_0,3j8a,0_7797_0,3j8a_D,3j8a_A,1.1243379033561345,1.3347654417027919,366,366,False
6t20,6t20_C,6t20_B,0_7797_0,5yu8,0_7797_10,5yu8_B,5yu8_A,2.570156272533827,7.869755204371284,360,360,False
6t20,6t20_C,6t20_B,0_7797_0,5yu8,0_7797_12,5yu8_C,5yu8_A,2.5701920755705996,49.17865093998756,360,360,False
6t20,6t20_B,6t20_D,0_7797_1,3j8a,0_7797_1,3j8a_A,3j8a_B,1.1199461546781198,1.399826788738245,366,366,False
6t20,6t20_B,6t20_D,0_7797_1,3j8a,0_7797_0,3j8a_D,3j8a_A,1.1199461546781198,53.87512199964557,366,366,True
6t20,6t20_B,6t20_D,0_7797_1,5yu8,0_7797_10,5yu8_B,5yu8_A,2.570199317877448,52.634152789069354,360,360,True
6t20,6t20_B,6t20_D,0_7797_1,5yu8,0_7797_12,5yu8_C,5yu8_A,2.570199317877448,6.474183272089932,360,360,True
6t20,6t20_C,6t20_D,0_7797_0,3j8a,0_7797_1,3j8a_A,3j8a_B,1.1199238933727,52.79804439226993,366,366,False
6t20,6t20_C,6t20_D,0_7797_0,3j8a,0_7797_0,3j8a_D,3j8a_A,1.1199238933727,1.74314613916986,366,366,True
6t20,6t20_C,6t20_D,0_7797_0,5yu8,0_7797_10,5yu8_B,5yu8_A,2.5701811106367582,8.939721148892927,360,360,True
6t20,6t20_C,6t20_D,0_7797_0,5yu8,0_7797_12,5yu8_C,5yu8_A,2.5701811106367582,55.06366838480873,360,360,True
6t20,6t20_C,6t20_E,0_7797_1,3j8a,0_7797_1,3j8a_A,3j8a_B,1.1199238933727,1.399852407611761,366,366,False
6t20,6t20_C,6t20_E,0_7797_1,3j8a,0_7797_0,3j8a_D,3j8a_A,1.1199238933727,53.87510242471536,366,366,True
6t20,6t20_C,6t20_E,0_7797_1,5yu8,0_7797_10,5yu8_B,5yu8_A,2.5701811106367582,52.63415679863929,360,360,True
6t20,6t20_C,6t20_E,0_7797_1,5yu8,0_7797_12,5yu8_C,5yu8_A,2.5701811106367582,6.474310344746867,360,360,True
6t20,6t20_E,6t20_D,0_7797_0,3j8a,0_7797_1,3j8a_A,3j8a_B,1.102379457135247,53.15885249360746,366,366,True
6t20,6t20_E,6t20_D,0_7797_0,3j8a,0_7797_0,3j8a_D,3j8a_A,1.1243506703018202,1.3347662490180157,366,366,False
6t20,6t20_E,6t20_D,0_7797_0,5yu8,0_7797_10,5yu8_B,5yu8_A,2.570172546578528,7.86979693616931,360,360,False
6t20,6t20_E,6t20_D,0_7797_0,5yu8,0_7797_12,5yu8_C,5yu8_A,2.570208345292976,49.17862488145929,360,360,False
6t23,6t23_A,6t23_B,0_7797_0,3j8a,0_7797_1,3j8a_A,3j8a_B,1.3875051228542161,52.16054442689383,366,366,False
6t23,6t23_A,6t23_B,0_7797_0,3j8a,0_7797_0,3j8a_D,3j8a_A,1.3875051228542161,2.167382539565044,366,366,True
6t23,6t23_A,6t23_B,0_7797_0,5yu8,0_7797_10,5yu8_B,5yu8_A,2.684605546904377,8.588927702119623,360,360,True
6t23,6t23_A,6t23_B,0_7797_0,5yu8,0_7797_12,5yu8_C,5yu8_A,2.684605546904377,54.5790405376242,360,360,True
6t23,6t23_A,6t23_C,0_7797_1,3j8a,0_7797_1,3j8a_A,3j8a_B,1.3875051228542161,1.9626729591035879,366,366,False
6t23,6t23_A,6t23_C,0_7797_1,3j8a,0_7797_0,3j8a_D,3j8a_A,1.3875051228542161,54.283355198745134,366,366,True
6t23,6t23_A,6t23_C,0_7797_1,5yu8,0_7797_10,5yu8_B,5yu8_A,2.684605546904377,52.82700910994685,360,360,True
6t23,6t23_A,6t23_C,0_7797_1,5yu8,0_7797_12,5yu8_C,5yu8_A,2.684605546904377,6.204491182999692,360,360,True
6t23,6t23_B,6t23_C,0_7797_0,3j8a,0_7797_1,3j8a_A,3j8a_B,1.3875559134115492,52.16052883941221,366,366,False
6t23,6t23_B,6t23_C,0_7797_0,3j8a,0_7797_0,3j8a_D,3j8a_A,1.3875559134115492,2.1674022400025135,366,366,True
6t23,6t23_B,6t23_C,0_7797_0,5yu8,0_7797_10,5yu8_B,5yu8_A,2.684630240065087,8.588944570681308,360,360,True
6t23,6t23_B,6t23_C,0_7797_0,5yu8,0_7797_12,5yu8_C,5yu8_A,2.684630240065087,54.579039835731805,360,360,True
6t23,6t23_D,6t23_B,0_7797_1,3j8a,0_7797_1,3j8a_A,3j8a_B,1.3851925470839836,1.7707931730580164,366,366,True
6t23,6t23_D,6t23_B,0_7797_1,3j8a,0_7797_0,3j8a_D,3j8a_A,1.3911200154004904,53.04640647507647,366,366,False
6t23,6t23_D,6t23_B,0_7797_1,5yu8,0_7797_10,5yu8_B,5yu8_A,2.6845830841311566,57.878313681244684,360,360,False
6t23,6t23_D,6t23_B,0_7797_1,5yu8,0_7797_12,5yu8_C,5yu8_A,2.6846153784299682,7.931857674181861,360,360,False
6t23,6t23_D,6t23_C,0_7797_0,3j8a,0_7797_1,3j8a_A,3j8a_B,1.3851925470839836,53.42219032104504,366,366,True
6t23,6t23_D,6t23_C,0_7797_0,3j8a,0_7797_0,3j8a_D,3j8a_A,1.3911200154004904,1.5929059155504606,366,366,False
6t23,6t23_D,6t23_C,0_7797_0,5yu8,0_7797_10,5yu8_B,5yu8_A,2.6845830841311566,7.729118424441214,360,360,False
6t23,6t23_D,6t23_C,0_7797_0,5yu8,0_7797_12,5yu8_C,5yu8_A,2.6846153784299682,49.200109775652535,360,360,False
6t23,6t23_E,6t23_C,0_7797_1,3j8a,0_7797_1,3j8a_A,3j8a_B,1.3852037893966973,1.77077661002709,366,366,True
6t23,6t23_E,6t23_C,0_7797_1,3j8a,0_7797_0,3j8a_D,3j8a_A,1.391128208133597,53.046401531638786,366,366,False
6t23,6t23_E,6t23_C,0_7797_1,5yu8,0_7797_10,5yu8_B,5yu8_A,2.6845972547274983,57.878299937606776,360,360,False
6t23,6t23_E,6t23_C,0_7797_1,5yu8,0_7797_12,5yu8_C,5yu8_A,2.6846295525647332,7.931828811066543,360,360,False
6t23,6t23_D,6t23_E,0_7797_0,3j8a,0_7797_1,3j8a_A,3j8a_B,1.3875086457246366,52.16053475523433,366,366,False
6t23,6t23_D,6t23_E,0_7797_0,3j8a,0_7797_0,3j8a_D,3j8a_A,1.3875086457246366,2.1673765080870813,366,366,True
6t23,6t23_D,6t23_E,0_7797_0,5yu8,0_7797_10,5yu8_B,5yu8_A,2.6846027167182966,8.58896746848543,360,360,True
6t23,6t23_D,6t23_E,0_7797_0,5yu8,0_7797_12,5yu8_C,5yu8_A,2.6846027167182966,54.579019464424306,360,360,True
6t24,6t24_B,6t24_A,0_7797_0,3j8a,0_7797_1,3j8a_A,3j8a_B,1.321213562933116,53.58487091625152,366,366,True
6t24,6t24_B,6t24_A,0_7797_0,3j8a,0_7797_0,3j8a_D,3j8a_A,1.3244788896246313,1.4816419053769123,366,366,False
6t24,6t24_B,6t24_A,0_7797_0,5yu8,0_7797_10,5yu8_B,5yu8_A,2.654392320966642,7.521797310104558,360,360,False
6t24,6t24_B,6t24_A,0_7797_0,5yu8,0_7797_12,5yu8_C,5yu8_A,2.6544260998102636,49.39691066097582,360,360,False
6t24,6t24_C,6t24_A,0_7797_1,3j8a,0_7797_1,3j8a_A,3j8a_B,1.3212212239911914,1.5948287012987554,366,366,True
6t24,6t24_C,6t24_A,0_7797_1,3j8a,0_7797_0,3j8a_D,3j8a_A,1.324480005289156,53.1163075245919,366,366,False
6t24,6t24_C,6t24_A,0_7797_1,5yu8,0_7797_10,5yu8_B,5yu8_A,2.654409019514901,57.86195743212735,360,360,False
6t24,6t24_C,6t24_A,0_7797_1,5yu8,0_7797_12,5yu8_C,5yu8_A,2.6544428020423787,7.936758690072298,360,360,False
6t24,6t24_C,6t24_B,0_7797_0,3j8a,0_7797_1,3j8a_A,3j8a_B,1.3212212239911914,53.58490267502214,366,366,True
6t24,6t24_C,6t24_B,0_7797_0,3j8a,0_7797_0,3j8a_D,3j8a_A,1.324480005289156,1.4816395295710516,366,366,False
6t24,6t24_C,6t24_B,0_7797_0,5yu8,0_7797_10,5yu8_B,5yu8_A,2.654409019514901,7.521778311371797,360,360,False
6t24,6t24_C,6t24_B,0_7797_0,5yu8,0_7797_12,5yu8_C,5yu8_A,2.6544428020423787,49.39695555256806,360,360,False
6t24,6t24_D,6t24_B,0_7797_1,3j8a,0_7797_1,3j8a_A,3j8a_B,1.3212056482361405,1.5948309419582092,366,366,True
6t24,6t24_D,6t24_B,0_7797_1,3j8a,0_7797_0,3j8a_D,3j8a_A,1.3244666957818692,53.11632792098842,366,366,False
6t24,6t24_D,6t24_B,0_7797_1,5yu8,0_7797_10,5yu8_B,5yu8_A,2.654401300153825,57.86199273458683,360,360,False
6t24,6t24_D,6t24_B,0_7797_1,5yu8,0_7797_12,5yu8_C,5yu8_A,2.6544350825083556,7.936759204244114,360,360,False
6t24,6t24_D,6t24_C,0_7797_0,3j8a,0_7797_1,3j8a_A,3j8a_B,1.3212056482361405,53.584891934728226,366,366,True
6t24,6t24_D,6t24_C,0_7797_0,3j8a,0_7797_0,3j8a_D,3j8a_A,1.3244666957818692,1.4816470587673156,366,366,False
6t24,6t24_D,6t24_C,0_7797_0,5yu8,0_7797_10,5yu8_B,5yu8_A,2.654401300153825,7.521807248566324,360,360,False
6t24,6t24_D,6t24_C,0_7797_0,5yu8,0_7797_12,5yu8_C,5yu8_A,2.6544350825083556,49.39692773382384,360,360,False
6t24,6t24_E,6t24_C,0_7797_1,3j8a,0_7797_1,3j8a_A,3j8a_B,1.321220707374111,1.594860892743992,366,366,True
6t24,6t24_E,6t24_C,0_7797_1,3j8a,0_7797_0,3j8a_D,3j8a_A,1.3244846111968298,53.11629314512742,366,366,False
6t24,6t24_E,6t24_C,0_7797_1,5yu8,0_7797_10,5yu8_B,5yu8_A,2.6544144172564232,57.86194497033962,360,360,False
6t24,6t24_E,6t24_C,0_7797_1,5yu8,0_7797_12,5yu8_C,5yu8_A,2.6544481977434318,7.936735052602428,360,360,False
6t24,6t24_E,6t24_D,0_7797_0,3j8a,0_7797_1,3j8a_A,3j8a_B,1.321220707374111,53.58494430666365,366,366,True
6t24,6t24_E,6t24_D,0_7797_0,3j8a,0_7797_0,3j8a_D,3j8a_A,1.3244846111968298,1.4816368272918663,366,366,False
6t24,6t24_E,6t24_D,0_7797_0,5yu8,0_7797_10,5yu8_B,5yu8_A,2.6544144172564232,7.52176082326411,360,360,False
6t24,6t24_E,6t24_D,0_7797_0,5yu8,0_7797_12,5yu8_C,5yu8_A,2.6544481977434318,49.396987987608696,360,360,False
6t25,6t25_B,6t25_A,0_7797_0,3j8a,0_7797_1,3j8a_A,3j8a_B,0.9759333876695186,53.20902697569741,359,359,True
6t25,6t25_B,6t25_A,0_7797_0,3j8a,0_7797_0,3j8a_D,3j8a_A,0.9923201981437819,1.1609506290493994,359,359,False
6t25,6t25_B,6t25_A,0_7797_0,5yu8,0_7797_10,5yu8_B,5yu8_A,2.612830693974743,7.553095654805273,357,357,False
6t25,6t25_B,6t25_A,0_7797_0,5yu8,0_7797_12,5yu8_C,5yu8_A,2.612857434021572,49.36140382391543,357,357,False
6t25,6t25_C,6t25_A,0_7797_1,3j8a,0_7797_1,3j8a_A,3j8a_B,0.975934074236078,1.1410173483655024,359,359,True
6t25,6t25_C,6t25_A,0_7797_1,3j8a,0_7797_0,3j8a_D,3j8a_A,0.9923246885226725,53.200505333718766,359,359,False
6t25,6t25_C,6t25_A,0_7797_1,5yu8,0_7797_10,5yu8_B,5yu8_A,2.612828650908656,57.788153450658015,357,357,False
6t25,6t25_C,6t25_A,0_7797_1,5yu8,0_7797_12,5yu8_C,5yu8_A,2.6128553906091687,8.03668009489934,357,357,False
6t25,6t25_B,6t25_C,0_7797_0,3j8a,0_7797_1,3j8a_A,3j8a_B,0.9881915667012423,52.65315587059642,359,359,False
6t25,6t25_B,6t25_C,0_7797_0,3j8a,0_7797_0,3j8a_D,3j8a_A,0.9881915667012423,1.6712472521284247,359,359,True
6t25,6t25_B,6t25_C,0_7797_0,5yu8,0_7797_10,5yu8_B,5yu8_A,2.6128477944816,9.007250712289478,357,357,True
6t25,6t25_B,6t25_C,0_7797_0,5yu8,0_7797_12,5yu8_C,5yu8_A,2.6128477944816,54.94308126145028,357,357,True
6t25,6t25_D,6t25_B,0_7797_1,3j8a,0_7797_1,3j8a_A,3j8a_B,0.9759279975917255,1.1410389677838817,359,359,True
6t25,6t25_D,6t25_B,0_7797_1,3j8a,0_7797_0,3j8a_D,3j8a_A,0.9923145595947964,53.2005196247097,359,359,False
6t25,6t25_D,6t25_B,0_7797_1,5yu8,0_7797_10,5yu8_B,5yu8_A,2.612837837449546,57.78818496852917,357,357,False
6t25,6t25_D,6t25_B,0_7797_1,5yu8,0_7797_12,5yu8_C,5yu8_A,2.612864577604827,8.036747526364122,357,357,False
6t25,6t25_D,6t25_C,0_7797_0,3j8a,0_7797_1,3j8a_A,3j8a_B,0.9759279975917255,53.20901782358206,359,359,True
6t25,6t25_D,6t25_C,0_7797_0,3j8a,0_7797_0,3j8a_D,3j8a_A,0.9923145595947964,1.1609809706377079,359,359,False
6t25,6t25_D,6t25_C,0_7797_0,5yu8,0_7797_10,5yu8_B,5yu8_A,2.612837837449546,7.553108636588657,357,357,False
6t25,6t25_D,6t25_C,0_7797_0,5yu8,0_7797_12,5yu8_C,5yu8_A,2.612864577604827,49.36138129231376,357,357,False
6t25,6t25_E,6t25_C,0_7797_1,3j8a,0_7797_1,3j8a_A,3j8a_B,0.9759218002148922,1.141016627709323,359,359,True
6t25,6t25_E,6t25_C,0_7797_1,3j8a,0_7797_0,3j8a_D,3j8a_A,0.9923138037199452,53.200512531437035,359,359,False
6t25,6t25_E,6t25_C,0_7797_1,5yu8,0_7797_10,5yu8_B,5yu8_A,2.6128844444736252,57.78817868643695,357,357,False
6t25,6t25_E,6t25_C,0_7797_1,5yu8,0_7797_12,5yu8_C,5yu8_A,2.6129111863450256,8.036746078433323,357,357,False
6t25,6t25_D,6t25_E,0_7797_0,3j8a,0_7797_1,3j8a_A,3j8a_B,0.9881890698966358,52.65316272474391,359,359,False
6t25,6t25_D,6t25_E,0_7797_0,3j8a,0_7797_0,3j8a_D,3j8a_A,0.9881890698966358,1.6712207884335777,359,359,True
6t25,6t25_D,6t25_E,0_7797_0,5yu8,0_7797_10,5yu8_B,5yu8_A,2.612854937926057,9.00727937670223,357,357,True
6t25,6t25_D,6t25_E,0_7797_0,5yu8,0_7797_12,5yu8_C,5yu8_A,2.612854937926057,54.943103099707,357,357,True
6tu4,6tu4_A,6tu4_B,0_7797_0,3j8a,0_7797_1,3j8a_A,3j8a_B,1.0089409878659943,53.423844365852005,366,366,True
6tu4,6tu4_A,6tu4_B,0_7797_0,3j8a,0_7797_0,3j8a_D,3j8a_A,1.0290500155738904,1.8824445452493874,366,366,False
6tu4,6tu4_A,6tu4_B,0_7797_0,5yu8,0_7797_10,5yu8_B,5yu8_A,2.676848508873618,8.02874033302136,360,360,False
6tu4,6tu4_A,6tu4_B,0_7797_0,5yu8,0_7797_12,5yu8_C,5yu8_A,2.676878648265461,49.43640991058792,360,360,False
6tu4,6tu4_A,6tu4_C,0_7797_1,3j8a,0_7797_1,3j8a_A,3j8a_B,1.0089409878659943,2.1686007021060227,366,366,True
6tu4,6tu4_A,6tu4_C,0_7797_1,3j8a,0_7797_0,3j8a_D,3j8a_A,1.0290500155738904,54.564126385406475,366,366,False
6tu4,6tu4_A,6tu4_C,0_7797_1,5yu8,0_7797_10,5yu8_B,5yu8_A,2.676848508873618,59.01549995534105,360,360,False
6tu4,6tu4_A,6tu4_C,0_7797_1,5yu8,0_7797_12,5yu8_C,5yu8_A,2.676878648265461,8.39745483372296,360,360,False
6tu4,6tu4_A,6tu4_D,0_7797_0,3j8a,0_7797_1,3j8a_A,3j8a_B,1.035165397601015,52.898356276959845,366,366,False
6tu4,6tu4_A,6tu4_D,0_7797_0,3j8a,0_7797_0,3j8a_D,3j8a_A,1.035165397601015,2.0279709668955306,366,366,True
6tu4,6tu4_A,6tu4_D,0_7797_0,5yu8,0_7797_10,5yu8_B,5yu8_A,2.6768668545753003,8.79644751281323,360,360,True
6tu4,6tu4_A,6tu4_D,0_7797_0,5yu8,0_7797_12,5yu8_C,5yu8_A,2.6768668545753003,54.9978127888573,360,360,True
6tu4,6tu4_A,6tu4_F,0_7797_1,3j8a,0_7797_1,3j8a_A,3j8a_B,1.035165397601015,2.3179721250598337,366,366,False
6tu4,6tu4_A,6tu4_F,0_7797_1,3j8a,0_7797_0,3j8a_D,3j8a_A,1.035165397601015,55.03821106964916,366,366,True
6tu4,6tu4_A,6tu4_F,0_7797_1,5yu8,0_7797_10,5yu8_B,5yu8_A,2.6768668545753003,53.81344192686999,360,360,True
6tu4,6tu4_A,6tu4_F,0_7797_1,5yu8,0_7797_12,5yu8_C,5yu8_A,2.6768668545753003,6.377994393251884,360,360,True
6tu4,6tu4_B,6tu4_C,0_7797_0,3j8a,0_7797_1,3j8a_A,3j8a_B,1.006758674705166,53.42624388369668,366,366,True
6tu4,6tu4_B,6tu4_C,0_7797_0,3j8a,0_7797_0,3j8a_D,3j8a_A,1.0268045855431491,1.8751225698344933,366,366,False
6tu4,6tu4_B,6tu4_C,0_7797_0,5yu8,0_7797_10,5yu8_B,5yu8_A,2.679885670569251,8.02816720406292,360,360,False
6tu4,6tu4_B,6tu4_C,0_7797_0,5yu8,0_7797_12,5yu8_C,5yu8_A,2.6799158441846664,49.43305901294141,360,360,False
6tu4,6tu4_B,6tu4_D,0_7797_1,3j8a,0_7797_1,3j8a_A,3j8a_B,1.0327816512928438,2.310735434138997,366,366,False
6tu4,6tu4_B,6tu4_D,0_7797_1,3j8a,0_7797_0,3j8a_D,3j8a_A,1.0327816512928438,55.03896132671974,366,366,True
6tu4,6tu4_B,6tu4_D,0_7797_1,5yu8,0_7797_10,5yu8_B,5yu8_A,2.6799048446399976,53.81206659952445,360,360,True
6tu4,6tu4_B,6tu4_D,0_7797_1,5yu8,0_7797_12,5yu8_C,5yu8_A,2.6799048446399976,6.364940292507918,360,360,True
6tu4,6tu4_D,6tu4_F,0_7797_0,3j8a,0_7797_1,3j8a_A,3j8a_B,1.0335795766373501,52.88952600188385,366,366,False
6tu4,6tu4_D,6tu4_F,0_7797_0,3j8a,0_7797_0,3j8a_D,3j8a_A,1.0335795766373501,2.042889562982127,366,366,True
6tu4,6tu4_D,6tu4_F,0_7797_0,5yu8,0_7797_10,5yu8_B,5yu8_A,2.672632214442493,8.817220661071666,360,360,True
6tu4,6tu4_D,6tu4_F,0_7797_0,5yu8,0_7797_12,5yu8_C,5yu8_A,2.672632214442493,54.99813741596147,360,360,True
6u96,6u96_A,6u96_B,0_7797_0,3j8a,0_7797_1,3j8a_A,3j8a_B,1.4089298950950135,53.76464344165956,366,366,False
6u96,6u96_A,6u96_B,0_7797_0,3j8a,0_7797_0,3j8a_D,3j8a_A,1.4089298950950135,3.290588053172165,366,366,True
6u96,6u96_A,6u96_B,0_7797_0,5yu8,0_7797_10,5yu8_B,5yu8_A,2.8947564103800745,9.257431525513292,360,360,True
6u96,6u96_A,6u96_B,0_7797_0,5yu8,0_7797_12,5yu8_C,5yu8_A,2.8947564103800745,56.00515671677629,360,360,True
6u96,6u96_A,6u96_C,0_7797_0,3j8a,0_7797_1,3j8a_A,3j8a_B,1.3697202998318592,53.91048054295455,366,366,True
6u96,6u96_A,6u96_C,0_7797_0,3j8a,0_7797_0,3j8a_D,3j8a_A,1.3941086219348662,3.14271521839924,366,366,False
6u96,6u96_A,6u96_C,0_7797_0,5yu8,0_7797_10,5yu8_B,5yu8_A,2.8947374113952904,8.588484149427588,360,360,False
6u96,6u96_A,6u96_C,0_7797_0,5yu8,0_7797_12,5yu8_C,5yu8_A,2.894768792042891,49.7118080734963,360,360,False
6u96,6u96_D,6u96_A,0_7797_1,3j8a,0_7797_1,3j8a_A,3j8a_B,1.369718517142643,4.33262101907096,366,366,True
6u96,6u96_D,6u96_A,0_7797_1,3j8a,0_7797_0,3j8a_D,3j8a_A,1.394109993265033,56.33769274805765,366,366,False
6u96,6u96_D,6u96_A,0_7797_1,5yu8,0_7797_10,5yu8_B,5yu8_A,2.8947194678585833,60.91539388999827,360,360,False
6u96,6u96_D,6u96_A,0_7797_1,5yu8,0_7797_12,5yu8_C,5yu8_A,2.8947508490122997,9.318800006740862,360,360,False
6u96,6u96_E,6u96_A,0_7797_1,3j8a,0_7797_1,3j8a_A,3j8a_B,1.4089217482089924,4.374452747055582,366,366,False
6u96,6u96_E,6u96_A,0_7797_1,3j8a,0_7797_0,3j8a_D,3j8a_A,1.4089217482089924,56.51112985911724,366,366,True
6u96,6u96_E,6u96_A,0_7797_1,5yu8,0_7797_10,5yu8_B,5yu8_A,2.8947318356189737,55.22973169081426,360,360,True
6u96,6u96_E,6u96_A,0_7797_1,5yu8,0_7797_12,5yu8_C,5yu8_A,2.8947318356189737,7.5683161576969065,360,360,True
6u96,6u96_C,6u96_B,0_7797_1,3j8a,0_7797_1,3j8a_A,3j8a_B,1.408929076351837,4.42006125830641,366,366,False
6u96,6u96_C,6u96_B,0_7797_1,3j8a,0_7797_0,3j8a_D,3j8a_A,1.408929076351837,56.483750647282704,366,366,True
6u96,6u96_C,6u96_B,0_7797_1,5yu8,0_7797_10,5yu8_B,5yu8_A,2.8947410108713703,55.199558145139335,360,360,True
6u96,6u96_C,6u96_B,0_7797_1,5yu8,0_7797_12,5yu8_C,5yu8_A,2.8947410108713703,7.594640396729649,360,360,True
6u96,6u96_D,6u96_B,0_7797_0,3j8a,0_7797_1,3j8a_A,3j8a_B,1.369718517142643,54.02882417379051,366,366,True
6u96,6u96_D,6u96_B,0_7797_0,3j8a,0_7797_0,3j8a_D,3j8a_A,1.394109993265033,3.0768355844093542,366,366,False
6u96,6u96_D,6u96_B,0_7797_0,5yu8,0_7797_10,5yu8_B,5yu8_A,2.8947194678585833,8.441191883811445,360,360,False
6u96,6u96_D,6u96_B,0_7797_0,5yu8,0_7797_12,5yu8_C,5yu8_A,2.8947508490122997,49.83407610619859,360,360,False
6u96,6u96_E,6u96_C,0_7797_0,3j8a,0_7797_1,3j8a_A,3j8a_B,1.4089217482089924,53.74365801126567,366,366,False
6u96,6u96_E,6u96_C,0_7797_0,3j8a,0_7797_0,3j8a_D,3j8a_A,1.4089217482089924,3.242180693705357,366,366,True
6u96,6u96_E,6u96_C,0_7797_0,5yu8,0_7797_10,5yu8_B,5yu8_A,2.8947318356189737,9.229549479336274,360,360,True
6u96,6u96_E,6u96_C,0_7797_0,5yu8,0_7797_12,5yu8_C,5yu8_A,2.8947318356189737,55.97931982877261,360,360,True
6upv,6upv_B,6upv_A,0_7797_0,3j8a,0_7797_1,3j8a_A,3j8a_B,1.0294007159177516,53.37070241991903,366,366,True
6upv,6upv_B,6upv_A,0_7797_0,3j8a,0_7797_0,3j8a_D,3j8a_A,1.0515745645217618,1.2055054875993572,366,366,False
6upv,6upv_B,6upv_A,0_7797_0,5yu8,0_7797_10,5yu8_B,5yu8_A,2.63330274355974,7.816834659937097,359,359,False
6upv,6upv_B,6upv_A,0_7797_0,5yu8,0_7797_12,5yu8_C,5yu8_A,2.633329032125068,49.28357844230526,359,359,False
6upv,6upv_C,6upv_A,0_7797_1,3j8a,0_7797_1,3j8a_A,3j8a_B,1.0386621137406027,1.357500372742308,366,366,True
6upv,6upv_C,6upv_A,0_7797_1,3j8a,0_7797_0,3j8a_D,3j8a_A,1.061002868893772,53.79584979594276,366,366,False
6upv,6upv_C,6upv_A,0_7797_1,5yu8,0_7797_10,5yu8_B,5yu8_A,2.6284060770332034,58.484742463087045,359,359,False
6upv,6upv_C,6upv_A,0_7797_1,5yu8,0_7797_12,5yu8_C,5yu8_A,2.628431937895275,8.223412844411268,359,359,False
6upv,6upv_B,6upv_C,0_7797_0,3j8a,0_7797_1,3j8a_A,3j8a_B,1.0510409337764413,52.95963151306678,366,366,False
6upv,6upv_B,6upv_C,0_7797_0,3j8a,0_7797_0,3j8a_D,3j8a_A,1.0510409337764413,1.3563152908520142,366,366,True
6upv,6upv_B,6upv_C,0_7797_0,5yu8,0_7797_10,5yu8_B,5yu8_A,2.6333202589877245,8.348173300911359,359,359,True
6upv,6upv_B,6upv_C,0_7797_0,5yu8,0_7797_12,5yu8_C,5yu8_A,2.6333202589877245,55.28113443403598,359,359,True
6upv,6upv_B,6upv_D,0_7797_1,3j8a,0_7797_1,3j8a_A,3j8a_B,1.0510409337764413,1.4222412369073485,366,366,False
6upv,6upv_B,6upv_D,0_7797_1,3j8a,0_7797_0,3j8a_D,3j8a_A,1.0510409337764413,54.22071202970933,366,366,True
6upv,6upv_B,6upv_D,0_7797_1,5yu8,0_7797_10,5yu8_B,5yu8_A,2.6333202589877245,52.84427418744464,359,359,True
6upv,6upv_B,6upv_D,0_7797_1,5yu8,0_7797_12,5yu8_C,5yu8_A,2.6333202589877245,6.334909081830792,359,359,True
6upv,6upv_C,6upv_D,0_7797_0,3j8a,0_7797_1,3j8a_A,3j8a_B,1.0609110864697784,52.93137381959754,366,366,False
6upv,6upv_C,6upv_D,0_7797_0,3j8a,0_7797_0,3j8a_D,3j8a_A,1.0609110864697784,1.374701490298477,366,366,True
6upv,6upv_C,6upv_D,0_7797_0,5yu8,0_7797_10,5yu8_B,5yu8_A,2.628423105984076,8.34368829586549,359,359,True
6upv,6upv_C,6upv_D,0_7797_0,5yu8,0_7797_12,5yu8_C,5yu8_A,2.628423105984076,55.2684100331558,359,359,True
6upv,6upv_C,6upv_E,0_7797_1,3j8a,0_7797_1,3j8a_A,3j8a_B,1.0609110864697784,1.4423334464776985,366,366,False
6upv,6upv_C,6upv_E,0_7797_1,3j8a,0_7797_0,3j8a_D,3j8a_A,1.0609110864697784,54.24704597371144,366,366,True
6upv,6upv_C,6upv_E,0_7797_1,5yu8,0_7797_10,5yu8_B,5yu8_A,2.628423105984076,52.855570771319286,359,359,True
6upv,6upv_C,6upv_E,0_7797_1,5yu8,0_7797_12,5yu8_C,5yu8_A,2.628423105984076,6.320561314793295,359,359,True
6upv,6upv_D,6upv_E,0_7797_0,3j8a,0_7797_1,3j8a_A,3j8a_B,1.0527660564640868,52.9626613425673,366,366,False
6upv,6upv_D,6upv_E,0_7797_0,3j8a,0_7797_0,3j8a_D,3j8a_A,1.0527660564640868,1.3594409878803544,366,366,True
6upv,6upv_D,6upv_E,0_7797_0,5yu8,0_7797_10,5yu8_B,5yu8_A,2.621541726539974,8.362273372281027,359,359,True
6upv,6upv_D,6upv_E,0_7797_0,5yu8,0_7797_12,5yu8_C,5yu8_A,2.621541726539974,55.28898821621905,359,359,True
6upw,6upw_B,6upw_A,0_7797_0,3j8a,0_7797_1,3j8a_A,3j8a_B,1.05367145807247,53.08415944312366,366,366,True
6upw,6upw_B,6upw_A,0_7797_0,3j8a,0_7797_0,3j8a_D,3j8a_A,1.0773657660497429,1.4133819881414884,366,366,False
6upw,6upw_B,6upw_A,0_7797_0,5yu8,0_7797_10,5yu8_B,5yu8_A,2.677889772004909,8.115864947592394,359,359,False
6upw,6upw_B,6upw_A,0_7797_0,5yu8,0_7797_12,5yu8_C,5yu8_A,2.6779161611772135,49.04398580043145,359,359,False
6upw,6upw_C,6upw_A,0_7797_1,3j8a,0_7797_1,3j8a_A,3j8a_B,1.0628413890961608,1.4709631547430475,366,366,True
6upw,6upw_C,6upw_A,0_7797_1,3j8a,0_7797_0,3j8a_D,3j8a_A,1.0862011919906922,53.97611604949521,366,366,False
6upw,6upw_C,6upw_A,0_7797_1,5yu8,0_7797_10,5yu8_B,5yu8_A,2.6883379447245552,58.62456912161934,359,359,False
6upw,6upw_C,6upw_A,0_7797_1,5yu8,0_7797_12,5yu8_C,5yu8_A,2.6883657659461355,8.49582625892667,359,359,False
6upw,6upw_C,6upw_B,0_7797_0,3j8a,0_7797_1,3j8a_A,3j8a_B,1.0628413890961608,53.065671818550975,366,366,True
6upw,6upw_C,6upw_B,0_7797_0,3j8a,0_7797_0,3j8a_D,3j8a_A,1.0862011919906922,1.4165287722137665,366,366,False
6upw,6upw_C,6upw_B,0_7797_0,5yu8,0_7797_10,5yu8_B,5yu8_A,2.6883379447245552,8.139078448780792,359,359,False
6upw,6upw_C,6upw_B,0_7797_0,5yu8,0_7797_12,5yu8_C,5yu8_A,2.6883657659461355,49.02113841447238,359,359,False
6upw,6upw_B,6upw_D,0_7797_1,3j8a,0_7797_1,3j8a_A,3j8a_B,1.0764699007935652,1.5578467036119195,366,366,False
6upw,6upw_B,6upw_D,0_7797_1,3j8a,0_7797_0,3j8a_D,3j8a_A,1.0764699007935652,54.24937760305604,366,366,True
6upw,6upw_B,6upw_D,0_7797_1,5yu8,0_7797_10,5yu8_B,5yu8_A,2.677907178853231,52.87380419888329,359,359,True
6upw,6upw_B,6upw_D,0_7797_1,5yu8,0_7797_12,5yu8_C,5yu8_A,2.677907178853231,6.399885490423773,359,359,True
6upw,6upw_C,6upw_D,0_7797_0,3j8a,0_7797_1,3j8a_A,3j8a_B,1.0857116036359828,52.75553583586619,366,366,False
6upw,6upw_C,6upw_D,0_7797_0,3j8a,0_7797_0,3j8a_D,3j8a_A,1.0857116036359828,1.5851560145067096,366,366,True
6upw,6upw_C,6upw_D,0_7797_0,5yu8,0_7797_10,5yu8_B,5yu8_A,2.688356157151259,8.600532769625135,359,359,True
6upw,6upw_C,6upw_D,0_7797_0,5yu8,0_7797_12,5yu8_C,5yu8_A,2.688356157151259,55.0798044281701,359,359,True
6upw,6upw_C,6upw_E,0_7797_1,3j8a,0_7797_1,3j8a_A,3j8a_B,1.0857116036359828,1.5456733850333222,366,366,False
6upw,6upw_C,6upw_E,0_7797_1,3j8a,0_7797_0,3j8a_D,3j8a_A,1.0857116036359828,54.22590297051847,366,366,True
6upw,6upw_C,6upw_E,0_7797_1,5yu8,0_7797_10,5yu8_B,5yu8_A,2.688356157151259,52.85254936143374,359,359,True
6upw,6upw_C,6upw_E,0_7797_1,5yu8,0_7797_12,5yu8_C,5yu8_A,2.688356157151259,6.441050230653663,359,359,True
6upw,6upw_E,6upw_D,0_7797_0,3j8a,0_7797_1,3j8a_A,3j8a_B,1.0558627204904905,53.08235373167196,366,366,True
6upw,6upw_E,6upw_D,0_7797_0,3j8a,0_7797_0,3j8a_D,3j8a_A,1.0754632191487767,1.4055718540139053,366,366,False
6upw,6upw_E,6upw_D,0_7797_0,5yu8,0_7797_10,5yu8_B,5yu8_A,2.6924270644814507,8.103280347338536,359,359,False
6upw,6upw_E,6upw_D,0_7797_0,5yu8,0_7797_12,5yu8_C,5yu8_A,2.692453687356145,49.0489560901738,359,359,False
6vao,6vao_B,6vao_D,0_7797_12,3j8a,0_7797_1,3j8a_A,3j8a_B,2.5525763584179995,5.689688572071846,352,352,False
6vao,6vao_B,6vao_D,0_7797_12,3j8a,0_7797_0,3j8a_D,3j8a_A,2.5525763584179995,54.957427492897985,352,352,True
6vao,6vao_B,6vao_D,0_7797_12,5yu8,0_7797_10,5yu8_B,5yu8_A,0.5062092185178946,53.669454641350264,354,354,True
6vao,6vao_B,6vao_D,0_7797_12,5yu8,0_7797_12,5yu8_C,5yu8_A,0.5062092185178946,1.0453587551127896,354,354,True
6vao,6vao_C,6vao_A,0_7797_10,3j8a,0_7797_1,3j8a_A,3j8a_B,2.548160240686446,57.36054132357339,352,352,True
6vao,6vao_C,6vao_A,0_7797_10,3j8a,0_7797_0,3j8a_D,3j8a_A,2.5513627778227144,6.571175660461819,352,352,False
6vao,6vao_C,6vao_A,0_7797_10,5yu8,0_7797_10,5yu8_B,5yu8_A,0.5061958234017044,0.9912743599798284,354,354,False
6vao,6vao_C,6vao_A,0_7797_10,5yu8,0_7797_12,5yu8_C,5yu8_A,0.5061669838922908,53.782409336850215,354,354,False
6vao,6vao_E,6vao_D,0_7797_10,3j8a,0_7797_1,3j8a_A,3j8a_B,2.5525582532001545,52.46522412393817,352,352,False
6vao,6vao_E,6vao_D,0_7797_10,3j8a,0_7797_0,3j8a_D,3j8a_A,2.5525582532001545,7.379494490008775,352,352,True
6vao,6vao_E,6vao_D,0_7797_10,5yu8,0_7797_10,5yu8_B,5yu8_A,0.5061759940726723,0.9196146410201701,354,354,True
6vao,6vao_E,6vao_D,0_7797_10,5yu8,0_7797_12,5yu8_C,5yu8_A,0.5061759940726723,54.236779128044,354,354,True
6vao,6vao_B,6vao_E,0_7797_10,3j8a,0_7797_1,3j8a_A,3j8a_B,2.5525763584179995,52.430386861718446,352,352,False
6vao,6vao_B,6vao_E,0_7797_10,3j8a,0_7797_0,3j8a_D,3j8a_A,2.5525763584179995,7.389594574227933,352,352,True
6vao,6vao_B,6vao_E,0_7797_10,5yu8,0_7797_10,5yu8_B,5yu8_A,0.5062092185178946,0.9515940741391259,354,354,True
6vao,6vao_B,6vao_E,0_7797_10,5yu8,0_7797_12,5yu8_C,5yu8_A,0.5062092185178946,54.20075024484837,354,354,True
6vao,6vao_A,6vao_D,0_7797_10,3j8a,0_7797_1,3j8a_A,3j8a_B,2.548141569267809,57.39871336185605,352,352,True
6vao,6vao_A,6vao_D,0_7797_10,3j8a,0_7797_0,3j8a_D,3j8a_A,2.551343018159172,6.592217279640309,352,352,False
6vao,6vao_A,6vao_D,0_7797_10,5yu8,0_7797_10,5yu8_B,5yu8_A,0.5061888509405039,0.920100907450151,354,354,False
6vao,6vao_A,6vao_D,0_7797_10,5yu8,0_7797_12,5yu8_C,5yu8_A,0.5061599907719483,53.82136511314937,354,354,False
6vao,6vao_A,6vao_E,0_7797_12,3j8a,0_7797_1,3j8a_A,3j8a_B,2.548141569267809,7.241100400860327,352,352,True
6vao,6vao_A,6vao_E,0_7797_12,3j8a,0_7797_0,3j8a_D,3j8a_A,2.551343018159172,49.7395429948536,352,352,False
6vao,6vao_A,6vao_E,0_7797_12,5yu8,0_7797_10,5yu8_B,5yu8_A,0.5061888509405039,54.050083961817165,354,354,False
6vao,6vao_A,6vao_E,0_7797_12,5yu8,0_7797_12,5yu8_C,5yu8_A,0.5061599907719483,1.07868478391533,354,354,False
6vao,6vao_C,6vao_D,0_7797_12,3j8a,0_7797_1,3j8a_A,3j8a_B,2.548160240686446,7.113182893005675,352,352,True
6vao,6vao_C,6vao_D,0_7797_12,3j8a,0_7797_0,3j8a_D,3j8a_A,2.5513627778227144,49.811552941147205,352,352,False
6vao,6vao_C,6vao_D,0_7797_12,5yu8,0_7797_10,5yu8_B,5yu8_A,0.5061958234017044,54.12783260122943,354,354,False
6vao,6vao_C,6vao_D,0_7797_12,5yu8,0_7797_12,5yu8_C,5yu8_A,0.5061669838922908,1.1920110877002608,354,354,False
6vau,6vau_A,6vau_B,0_7797_0,3j8a,0_7797_1,3j8a_A,3j8a_B,1.0702770726848392,53.24736128126182,366,366,True
6vau,6vau_A,6vau_B,0_7797_0,3j8a,0_7797_0,3j8a_D,3j8a_A,1.091013151050731,1.2300939910163495,366,366,False
6vau,6vau_A,6vau_B,0_7797_0,5yu8,0_7797_10,5yu8_B,5yu8_A,2.6629630160918167,7.7028492490801765,359,359,False
6vau,6vau_A,6vau_B,0_7797_0,5yu8,0_7797_12,5yu8_C,5yu8_A,2.662991991820195,49.29026439980306,359,359,False
6vau,6vau_A,6vau_C,0_7797_1,3j8a,0_7797_1,3j8a_A,3j8a_B,1.0702770726848392,1.118405800113884,366,366,True
6vau,6vau_A,6vau_C,0_7797_1,3j8a,0_7797_0,3j8a_D,3j8a_A,1.091013151050731,53.29562507466796,366,366,False
6vau,6vau_A,6vau_C,0_7797_1,5yu8,0_7797_10,5yu8_B,5yu8_A,2.6629630160918167,57.82905414451351,359,359,False
6vau,6vau_A,6vau_C,0_7797_1,5yu8,0_7797_12,5yu8_C,5yu8_A,2.662991991820195,8.160032399437013,359,359,False
6vau,6vau_E,6vau_A,0_7797_0,3j8a,0_7797_1,3j8a_A,3j8a_B,1.0702610211209058,53.040489661807754,366,366,True
6vau,6vau_E,6vau_A,0_7797_0,3j8a,0_7797_0,3j8a_D,3j8a_A,1.0910023146476462,1.2455596862904807,366,366,False
6vau,6vau_E,6vau_A,0_7797_0,5yu8,0_7797_10,5yu8_B,5yu8_A,2.6629408348718164,7.888732107286536,359,359,False
6vau,6vau_E,6vau_A,0_7797_0,5yu8,0_7797_12,5yu8_C,5yu8_A,2.662969811619928,49.0695545872388,359,359,False
6vau,6vau_C,6vau_B,0_7797_0,3j8a,0_7797_1,3j8a_A,3j8a_B,1.0896821409124198,53.01109712449035,366,366,False
6vau,6vau_C,6vau_B,0_7797_0,3j8a,0_7797_0,3j8a_D,3j8a_A,1.0896821409124198,1.269737826122495,366,366,True
6vau,6vau_C,6vau_B,0_7797_0,5yu8,0_7797_10,5yu8_B,5yu8_A,2.662989785575795,8.358508099261774,359,359,True
6vau,6vau_C,6vau_B,0_7797_0,5yu8,0_7797_12,5yu8_C,5yu8_A,2.662989785575795,55.19075291907307,359,359,True
6vau,6vau_D,6vau_B,0_7797_1,3j8a,0_7797_1,3j8a_A,3j8a_B,1.0897080160270205,1.1659423478592748,366,366,False
6vau,6vau_D,6vau_B,0_7797_1,3j8a,0_7797_0,3j8a_D,3j8a_A,1.0897080160270205,53.585782017754724,366,366,True
6vau,6vau_D,6vau_B,0_7797_1,5yu8,0_7797_10,5yu8_B,5yu8_A,2.6629577938903317,52.29618008267942,359,359,True
6vau,6vau_D,6vau_B,0_7797_1,5yu8,0_7797_12,5yu8_C,5yu8_A,2.6629577938903317,6.278040639002863,359,359,True
6vau,6vau_E,6vau_B,0_7797_1,3j8a,0_7797_1,3j8a_A,3j8a_B,1.0702610211209058,1.1148797907485637,366,366,True
6vau,6vau_E,6vau_B,0_7797_1,3j8a,0_7797_0,3j8a_D,3j8a_A,1.0910023146476462,53.43297069645983,366,366,False
6vau,6vau_E,6vau_B,0_7797_1,5yu8,0_7797_10,5yu8_B,5yu8_A,2.6629408348718164,57.97497245053299,359,359,False
6vau,6vau_E,6vau_B,0_7797_1,5yu8,0_7797_12,5yu8_C,5yu8_A,2.662969811619928,8.282314353345832,359,359,False
6vau,6vau_D,6vau_C,0_7797_0,3j8a,0_7797_1,3j8a_A,3j8a_B,1.0897080160270205,52.916904713845085,366,366,False
6vau,6vau_D,6vau_C,0_7797_0,3j8a,0_7797_0,3j8a_D,3j8a_A,1.0897080160270205,1.304925890233481,366,366,True
6vau,6vau_D,6vau_C,0_7797_0,5yu8,0_7797_10,5yu8_B,5yu8_A,2.6629577938903317,8.254802513243135,359,359,True
6vau,6vau_D,6vau_C,0_7797_0,5yu8,0_7797_12,5yu8_C,5yu8_A,2.6629577938903317,55.088915961579694,359,359,True
6vec,6vec_A,6vec_B,0_7797_0,3j8a,0_7797_1,3j8a_A,3j8a_B,1.0746246837883324,53.10309018692296,366,366,False
6vec,6vec_A,6vec_B,0_7797_0,3j8a,0_7797_0,3j8a_D,3j8a_A,1.0746246837883324,1.3998063596663606,366,366,True
6vec,6vec_A,6vec_B,0_7797_0,5yu8,0_7797_10,5yu8_B,5yu8_A,2.5453115957828127,8.325297469559835,359,359,True
6vec,6vec_A,6vec_B,0_7797_0,5yu8,0_7797_12,5yu8_C,5yu8_A,2.5453115957828127,55.41449235118771,359,359,True
6vec,6vec_A,6vec_C,0_7797_0,3j8a,0_7797_1,3j8a_A,3j8a_B,1.044463374747637,53.47793630129764,366,366,True
6vec,6vec_A,6vec_C,0_7797_0,3j8a,0_7797_0,3j8a_D,3j8a_A,1.0643274028545042,1.2468567054687485,366,366,False
6vec,6vec_A,6vec_C,0_7797_0,5yu8,0_7797_10,5yu8_B,5yu8_A,2.545288714745278,7.860567183941148,359,359,False
6vec,6vec_A,6vec_C,0_7797_0,5yu8,0_7797_12,5yu8_C,5yu8_A,2.545319442473052,49.38549915467333,359,359,False
6vec,6vec_A,6vec_D,0_7797_1,3j8a,0_7797_1,3j8a_A,3j8a_B,1.0746246837883324,1.6392858313592935,366,366,False
6vec,6vec_A,6vec_D,0_7797_1,3j8a,0_7797_0,3j8a_D,3j8a_A,1.0746246837883324,54.47427122372616,366,366,True
6vec,6vec_A,6vec_D,0_7797_1,5yu8,0_7797_10,5yu8_B,5yu8_A,2.5453115957828127,53.137680485316906,359,359,True
6vec,6vec_A,6vec_D,0_7797_1,5yu8,0_7797_12,5yu8_C,5yu8_A,2.5453115957828127,6.431878159216292,359,359,True
6vec,6vec_A,6vec_E,0_7797_1,3j8a,0_7797_1,3j8a_A,3j8a_B,1.044463374747637,1.5958174549234017,366,366,True
6vec,6vec_A,6vec_E,0_7797_1,3j8a,0_7797_0,3j8a_D,3j8a_A,1.0643274028545042,54.185666871775275,366,366,False
6vec,6vec_A,6vec_E,0_7797_1,5yu8,0_7797_10,5yu8_B,5yu8_A,2.545288714745278,58.86759341767306,359,359,False
6vec,6vec_A,6vec_E,0_7797_1,5yu8,0_7797_12,5yu8_C,5yu8_A,2.545319442473052,8.32229820540961,359,359,False
6vec,6vec_B,6vec_C,0_7797_1,3j8a,0_7797_1,3j8a_A,3j8a_B,1.0444643668391105,1.6203390091851206,366,366,True
6vec,6vec_B,6vec_C,0_7797_1,3j8a,0_7797_0,3j8a_D,3j8a_A,1.0643308555974986,54.20319688815656,366,366,False
6vec,6vec_B,6vec_C,0_7797_1,5yu8,0_7797_10,5yu8_B,5yu8_A,2.545282847091895,58.887668016848714,359,359,False
6vec,6vec_B,6vec_C,0_7797_1,5yu8,0_7797_12,5yu8_C,5yu8_A,2.5453135756801752,8.436253107144069,359,359,False
6vec,6vec_B,6vec_D,0_7797_0,3j8a,0_7797_1,3j8a_A,3j8a_B,1.074627995398998,53.18277879720896,366,366,False
6vec,6vec_B,6vec_D,0_7797_0,3j8a,0_7797_0,3j8a_D,3j8a_A,1.074627995398998,1.3807774056068038,366,366,True
6vec,6vec_B,6vec_D,0_7797_0,5yu8,0_7797_10,5yu8_B,5yu8_A,2.545305727715902,8.40042205867266,359,359,True
6vec,6vec_B,6vec_D,0_7797_0,5yu8,0_7797_12,5yu8_C,5yu8_A,2.545305727715902,55.50587336382678,359,359,True
6vec,6vec_B,6vec_F,0_7797_1,3j8a,0_7797_1,3j8a_A,3j8a_B,1.074627995398998,1.5703234944387665,366,366,False
6vec,6vec_B,6vec_F,0_7797_1,3j8a,0_7797_0,3j8a_D,3j8a_A,1.074627995398998,54.35345587215573,366,366,True
6vec,6vec_B,6vec_F,0_7797_1,5yu8,0_7797_10,5yu8_B,5yu8_A,2.545305727715902,53.03041881730253,359,359,True
6vec,6vec_B,6vec_F,0_7797_1,5yu8,0_7797_12,5yu8_C,5yu8_A,2.545305727715902,6.55711969086869,359,359,True
6vec,6vec_C,6vec_E,0_7797_0,3j8a,0_7797_1,3j8a_A,3j8a_B,1.0444599885352774,53.303426529279925,366,366,True
6vec,6vec_C,6vec_E,0_7797_0,3j8a,0_7797_0,3j8a_D,3j8a_A,1.0643223153333299,1.3711987885227495,366,366,False
6vec,6vec_C,6vec_E,0_7797_0,5yu8,0_7797_10,5yu8_B,5yu8_A,2.5452880560028177,8.028668064742842,359,359,False
6vec,6vec_C,6vec_E,0_7797_0,5yu8,0_7797_12,5yu8_C,5yu8_A,2.5453187816702214,49.20555940658296,359,359,False
6vec,6vec_C,6vec_G,0_7797_1,3j8a,0_7797_1,3j8a_A,3j8a_B,1.0444599885352774,1.584732030491112,366,366,True
6vec,6vec_C,6vec_G,0_7797_1,3j8a,0_7797_0,3j8a_D,3j8a_A,1.0643223153333299,54.23972301541506,366,366,False
6vec,6vec_C,6vec_G,0_7797_1,5yu8,0_7797_10,5yu8_B,5yu8_A,2.5452880560028177,58.92700430467039,359,359,False
6vec,6vec_C,6vec_G,0_7797_1,5yu8,0_7797_12,5yu8_C,5yu8_A,2.5453187816702214,8.488612575161868,359,359,False
6vec,6vec_D,6vec_F,0_7797_0,3j8a,0_7797_1,3j8a_A,3j8a_B,1.0746266903891382,53.129031531245936,366,366,False
6vec,6vec_D,6vec_F,0_7797_0,3j8a,0_7797_0,3j8a_D,3j8a_A,1.0746266903891382,1.368225059918875,366,366,True
6vec,6vec_D,6vec_F,0_7797_0,5yu8,0_7797_10,5yu8_B,5yu8_A,2.5453237635423545,8.317975238377038,359,359,True
6vec,6vec_D,6vec_F,0_7797_0,5yu8,0_7797_12,5yu8_C,5yu8_A,2.5453237635423545,55.443962497426355,359,359,True
6vec,6vec_D,6vec_H,0_7797_1,3j8a,0_7797_1,3j8a_A,3j8a_B,1.0746266903891382,1.6150820671210344,366,366,False
6vec,6vec_D,6vec_H,0_7797_1,3j8a,0_7797_0,3j8a_D,3j8a_A,1.0746266903891382,54.45241387278119,366,366,True
6vec,6vec_D,6vec_H,0_7797_1,5yu8,0_7797_10,5yu8_B,5yu8_A,2.5453237635423545,53.09719181755884,359,359,True
6vec,6vec_D,6vec_H,0_7797_1,5yu8,0_7797_12,5yu8_C,5yu8_A,2.5453237635423545,6.339071026892174,359,359,True
6vec,6vec_E,6vec_G,0_7797_0,3j8a,0_7797_1,3j8a_A,3j8a_B,1.0444533641539335,53.61685898881617,366,366,True
6vec,6vec_E,6vec_G,0_7797_0,3j8a,0_7797_0,3j8a_D,3j8a_A,1.0643185879520318,1.2270166002229694,366,366,False
6vec,6vec_E,6vec_G,0_7797_0,5yu8,0_7797_10,5yu8_B,5yu8_A,2.5452967791298042,7.705312945615652,359,359,False
6vec,6vec_E,6vec_G,0_7797_0,5yu8,0_7797_12,5yu8_C,5yu8_A,2.545327510683591,49.52211349299704,359,359,False
6vec,6vec_E,6vec_I,0_7797_1,3j8a,0_7797_1,3j8a_A,3j8a_B,1.0444533641539335,1.5254820195007597,366,366,True
6vec,6vec_E,6vec_I,0_7797_1,3j8a,0_7797_0,3j8a_D,3j8a_A,1.0643185879520318,53.89577823305369,366,366,False
6vec,6vec_E,6vec_I,0_7797_1,5yu8,0_7797_10,5yu8_B,5yu8_A,2.5452967791298042,58.56419210843543,359,359,False
6vec,6vec_E,6vec_I,0_7797_1,5yu8,0_7797_12,5yu8_C,5yu8_A,2.545327510683591,8.034426550154373,359,359,False
6vec,6vec_F,6vec_H,0_7797_0,3j8a,0_7797_1,3j8a_A,3j8a_B,1.0746319913085416,53.07268528867382,366,366,False
6vec,6vec_F,6vec_H,0_7797_0,3j8a,0_7797_0,3j8a_D,3j8a_A,1.0746319913085416,1.4500247744668973,366,366,True
6vec,6vec_F,6vec_H,0_7797_0,5yu8,0_7797_10,5yu8_B,5yu8_A,2.545291490585092,8.467862822840269,359,359,True
6vec,6vec_F,6vec_H,0_7797_0,5yu8,0_7797_12,5yu8_C,5yu8_A,2.545291490585092,55.39825184716407,359,359,True
6vec,6vec_F,6vec_J,0_7797_1,3j8a,0_7797_1,3j8a_A,3j8a_B,1.0746319913085416,1.5177750726083883,366,366,False
6vec,6vec_F,6vec_J,0_7797_1,3j8a,0_7797_0,3j8a_D,3j8a_A,1.0746319913085416,54.36690549118566,366,366,True
6vec,6vec_F,6vec_J,0_7797_1,5yu8,0_7797_10,5yu8_B,5yu8_A,2.545291490585092,53.025366378268885,359,359,True
6vec,6vec_F,6vec_J,0_7797_1,5yu8,0_7797_12,5yu8_C,5yu8_A,2.545291490585092,6.381758311538176,359,359,True
6vec,6vec_G,6vec_I,0_7797_0,3j8a,0_7797_1,3j8a_A,3j8a_B,1.0444894486144796,53.358662607775415,366,366,True
6vec,6vec_G,6vec_I,0_7797_0,3j8a,0_7797_0,3j8a_D,3j8a_A,1.0643552455148484,1.2674348319217261,366,366,False
6vec,6vec_G,6vec_I,0_7797_0,5yu8,0_7797_10,5yu8_B,5yu8_A,2.5452907283124557,7.9491936062878565,359,359,False
6vec,6vec_G,6vec_I,0_7797_0,5yu8,0_7797_12,5yu8_C,5yu8_A,2.5453214585921264,49.27734127867453,359,359,False
6vec,6vec_G,6vec_K,0_7797_1,3j8a,0_7797_1,3j8a_A,3j8a_B,1.0444894486144796,1.5996500184621845,366,366,True
6vec,6vec_G,6vec_K,0_7797_1,3j8a,0_7797_0,3j8a_D,3j8a_A,1.0643552455148484,54.18929949575671,366,366,False
6vec,6vec_G,6vec_K,0_7797_1,5yu8,0_7797_10,5yu8_B,5yu8_A,2.5452907283124557,58.88166149033864,359,359,False
6vec,6vec_G,6vec_K,0_7797_1,5yu8,0_7797_12,5yu8_C,5yu8_A,2.5453214585921264,8.396543086203016,359,359,False
6vec,6vec_H,6vec_J,0_7797_0,3j8a,0_7797_1,3j8a_A,3j8a_B,1.0746195291063596,53.20822550678858,366,366,False
6vec,6vec_H,6vec_J,0_7797_0,3j8a,0_7797_0,3j8a_D,3j8a_A,1.0746195291063596,1.3265109809133866,366,366,True
6vec,6vec_H,6vec_J,0_7797_0,5yu8,0_7797_10,5yu8_B,5yu8_A,2.5452992729396193,8.495236928312039,359,359,True
6vec,6vec_H,6vec_J,0_7797_0,5yu8,0_7797_12,5yu8_C,5yu8_A,2.5452992729396193,55.5375729116609,359,359,True
6vec,6vec_I,6vec_K,0_7797_0,3j8a,0_7797_1,3j8a_A,3j8a_B,1.0444625542061157,53.39390094137924,366,366,True
6vec,6vec_I,6vec_K,0_7797_0,3j8a,0_7797_0,3j8a_D,3j8a_A,1.0643275598870858,1.2567423672583244,366,366,False
6vec,6vec_I,6vec_K,0_7797_0,5yu8,0_7797_10,5yu8_B,5yu8_A,2.5452567912495883,7.831264870730409,359,359,False
6vec,6vec_I,6vec_K,0_7797_0,5yu8,0_7797_12,5yu8_C,5yu8_A,2.545287512953603,49.308631775709216,359,359,False
6wvt,6wvt_E,6wvt_H,0_7797_0,3j8a,0_7797_1,3j8a_A,3j8a_B,1.0790175468768168,52.93919320025348,366,366,False
6wvt,6wvt_E,6wvt_H,0_7797_0,3j8a,0_7797_0,3j8a_D,3j8a_A,1.0790175468768168,1.3497780573714722,366,366,True
6wvt,6wvt_E,6wvt_H,0_7797_0,5yu8,0_7797_10,5yu8_B,5yu8_A,2.618661531241113,8.381071743438708,360,360,True
6wvt,6wvt_E,6wvt_H,0_7797_0,5yu8,0_7797_12,5yu8_C,5yu8_A,2.618661531241113,55.27863290390867,360,360,True
6wvt,6wvt_B,6wvt_D,0_7797_0,3j8a,0_7797_1,3j8a_A,3j8a_B,1.0789844088598106,52.97093388823537,366,366,False
6wvt,6wvt_B,6wvt_D,0_7797_0,3j8a,0_7797_0,3j8a_D,3j8a_A,1.0789844088598106,1.3447449404471117,366,366,True
6wvt,6wvt_B,6wvt_D,0_7797_0,5yu8,0_7797_10,5yu8_B,5yu8_A,2.618653246918243,8.544125706726657,360,360,True
6wvt,6wvt_B,6wvt_D,0_7797_0,5yu8,0_7797_12,5yu8_C,5yu8_A,2.618653246918243,55.321208761696326,360,360,True
6wvt,6wvt_E,6wvt_I,0_7797_0,3j8a,0_7797_1,3j8a_A,3j8a_B,1.0629844051971253,53.3667247336703,366,366,True
6wvt,6wvt_E,6wvt_I,0_7797_0,3j8a,0_7797_0,3j8a_D,3j8a_A,1.0813263027937643,1.284282097257357,366,366,False
6wvt,6wvt_E,6wvt_I,0_7797_0,5yu8,0_7797_10,5yu8_B,5yu8_A,2.61864088181807,7.810123720342275,360,360,False
6wvt,6wvt_E,6wvt_I,0_7797_0,5yu8,0_7797_12,5yu8_C,5yu8_A,2.618672198707629,49.272244532567505,360,360,False
6wvt,6wvt_D,6wvt_E,0_7797_1,3j8a,0_7797_1,3j8a_A,3j8a_B,1.0790149604561041,1.2286662014874954,366,366,False
6wvt,6wvt_D,6wvt_E,0_7797_1,3j8a,0_7797_0,3j8a_D,3j8a_A,1.0790149604561041,53.57778949152056,366,366,True
6wvt,6wvt_D,6wvt_E,0_7797_1,5yu8,0_7797_10,5yu8_B,5yu8_A,2.6186971267245647,52.178040049305686,360,360,True
6wvt,6wvt_D,6wvt_E,0_7797_1,5yu8,0_7797_12,5yu8_C,5yu8_A,2.6186971267245647,6.44608761783394,360,360,True
6wvt,6wvt_D,6wvt_I,0_7797_0,3j8a,0_7797_1,3j8a_A,3j8a_B,1.0790149604561041,52.939471515624874,366,366,False
6wvt,6wvt_D,6wvt_I,0_7797_0,3j8a,0_7797_0,3j8a_D,3j8a_A,1.0790149604561041,1.3469540026517717,366,366,True
6wvt,6wvt_D,6wvt_I,0_7797_0,5yu8,0_7797_10,5yu8_B,5yu8_A,2.6186971267245647,8.477155766862944,360,360,True
6wvt,6wvt_D,6wvt_I,0_7797_0,5yu8,0_7797_12,5yu8_C,5yu8_A,2.6186971267245647,55.285882050864075,360,360,True
6wvt,6wvt_F,6wvt_H,0_7797_0,3j8a,0_7797_1,3j8a_A,3j8a_B,1.0629722232381165,53.272124425404,366,366,True
6wvt,6wvt_F,6wvt_H,0_7797_0,3j8a,0_7797_0,3j8a_D,3j8a_A,1.0813117618394483,1.238394670531434,366,366,False
6wvt,6wvt_F,6wvt_H,0_7797_0,5yu8,0_7797_10,5yu8_B,5yu8_A,2.618659504594546,7.895367788810427,360,360,False
6wvt,6wvt_F,6wvt_H,0_7797_0,5yu8,0_7797_12,5yu8_C,5yu8_A,2.618690830710008,49.170609167735606,360,360,False
6wvt,6wvt_B,6wvt_I,0_7797_1,3j8a,0_7797_1,3j8a_A,3j8a_B,1.0789844088598106,1.2459340464802622,366,366,False
6wvt,6wvt_B,6wvt_I,0_7797_1,3j8a,0_7797_0,3j8a_D,3j8a_A,1.0789844088598106,53.563687984107226,366,366,True
6wvt,6wvt_B,6wvt_I,0_7797_1,5yu8,0_7797_10,5yu8_B,5yu8_A,2.618653246918243,52.17239403258217,360,360,True
6wvt,6wvt_B,6wvt_I,0_7797_1,5yu8,0_7797_12,5yu8_C,5yu8_A,2.618653246918243,6.450940960579387,360,360,True
6wvt,6wvt_H,6wvt_I,0_7797_1,3j8a,0_7797_1,3j8a_A,3j8a_B,1.0629896061054038,1.2064189490683759,366,366,True
6wvt,6wvt_H,6wvt_I,0_7797_1,3j8a,0_7797_0,3j8a_D,3j8a_A,1.0813273811539759,53.12420889183205,366,366,False
6wvt,6wvt_H,6wvt_I,0_7797_1,5yu8,0_7797_10,5yu8_B,5yu8_A,2.6186174261875066,57.83077563247244,360,360,False
6wvt,6wvt_H,6wvt_I,0_7797_1,5yu8,0_7797_12,5yu8_C,5yu8_A,2.6186487530885367,8.242284838847054,360,360,False
6wvt,6wvt_E,6wvt_F,0_7797_1,3j8a,0_7797_1,3j8a_A,3j8a_B,1.0790175468768168,1.3003481371633472,366,366,False
6wvt,6wvt_E,6wvt_F,0_7797_1,3j8a,0_7797_0,3j8a_D,3j8a_A,1.0790175468768168,53.647268534280954,366,366,True
6wvt,6wvt_E,6wvt_F,0_7797_1,5yu8,0_7797_10,5yu8_B,5yu8_A,2.618661531241113,52.23036919439338,360,360,True
6wvt,6wvt_E,6wvt_F,0_7797_1,5yu8,0_7797_12,5yu8_C,5yu8_A,2.618661531241113,6.26869631498157,360,360,True
7ad9,7ad9_B,7ad9_D,0_7797_0,3j8a,0_7797_1,3j8a_A,3j8a_B,1.085374346855809,53.08200868212157,366,366,False
7ad9,7ad9_B,7ad9_D,0_7797_0,3j8a,0_7797_0,3j8a_D,3j8a_A,1.085374346855809,1.374199858421608,366,366,True
7ad9,7ad9_B,7ad9_D,0_7797_0,5yu8,0_7797_10,5yu8_B,5yu8_A,2.719307339719056,8.701086881205917,360,360,True
7ad9,7ad9_B,7ad9_D,0_7797_0,5yu8,0_7797_12,5yu8_C,5yu8_A,2.719307339719056,55.324595103830774,360,360,True
7ad9,7ad9_B,7ad9_H,0_7797_1,3j8a,0_7797_1,3j8a_A,3j8a_B,1.085374346855809,1.2709921508237674,366,366,False
7ad9,7ad9_B,7ad9_H,0_7797_1,3j8a,0_7797_0,3j8a_D,3j8a_A,1.085374346855809,53.52626676050023,366,366,True
7ad9,7ad9_B,7ad9_H,0_7797_1,5yu8,0_7797_10,5yu8_B,5yu8_A,2.719307339719056,52.14564341385803,360,360,True
7ad9,7ad9_B,7ad9_H,0_7797_1,5yu8,0_7797_12,5yu8_C,5yu8_A,2.719307339719056,6.57452694531864,360,360,True
7ad9,7ad9_F,7ad9_D,0_7797_1,3j8a,0_7797_1,3j8a_A,3j8a_B,1.070828915278763,1.3770726087926979,366,366,True
7ad9,7ad9_F,7ad9_D,0_7797_1,3j8a,0_7797_0,3j8a_D,3j8a_A,1.0930718705329634,53.43559081555794,366,366,False
7ad9,7ad9_F,7ad9_D,0_7797_1,5yu8,0_7797_10,5yu8_B,5yu8_A,2.71926210984775,58.047486981270744,360,360,False
7ad9,7ad9_F,7ad9_D,0_7797_1,5yu8,0_7797_12,5yu8_C,5yu8_A,2.7192882901815483,8.500801704403912,360,360,False
7ad9,7ad9_D,7ad9_H,0_7797_0,3j8a,0_7797_1,3j8a_A,3j8a_B,1.0853642104573629,53.01534911479762,366,366,False
7ad9,7ad9_D,7ad9_H,0_7797_0,3j8a,0_7797_0,3j8a_D,3j8a_A,1.0853642104573629,1.3710258504777084,366,366,True
7ad9,7ad9_D,7ad9_H,0_7797_0,5yu8,0_7797_10,5yu8_B,5yu8_A,2.719286321397814,8.706109065640629,360,360,True
7ad9,7ad9_D,7ad9_H,0_7797_0,5yu8,0_7797_12,5yu8_C,5yu8_A,2.719286321397814,55.27118382390029,360,360,True
7ad9,7ad9_F,7ad9_H,0_7797_0,3j8a,0_7797_1,3j8a_A,3j8a_B,1.070828915278763,53.225453882015316,366,366,True
7ad9,7ad9_F,7ad9_H,0_7797_0,3j8a,0_7797_0,3j8a_D,3j8a_A,1.0930718705329634,1.6555116889384316,366,366,False
7ad9,7ad9_F,7ad9_H,0_7797_0,5yu8,0_7797_10,5yu8_B,5yu8_A,2.71926210984775,8.06427291100385,360,360,False
7ad9,7ad9_F,7ad9_H,0_7797_0,5yu8,0_7797_12,5yu8_C,5yu8_A,2.7192882901815483,49.13774220629187,360,360,False
7ad9,7ad9_F,7ad9_I,0_7797_0,3j8a,0_7797_1,3j8a_A,3j8a_B,1.0853519557804399,52.9899413674742,366,366,False
7ad9,7ad9_F,7ad9_I,0_7797_0,3j8a,0_7797_0,3j8a_D,3j8a_A,1.0853519557804399,1.4003513490591097,366,366,True
7ad9,7ad9_F,7ad9_I,0_7797_0,5yu8,0_7797_10,5yu8_B,5yu8_A,2.719280359401524,8.656810255420753,360,360,True
7ad9,7ad9_F,7ad9_I,0_7797_0,5yu8,0_7797_12,5yu8_C,5yu8_A,2.719280359401524,55.251774022286206,360,360,True
7ad9,7ad9_H,7ad9_I,0_7797_1,3j8a,0_7797_1,3j8a_A,3j8a_B,1.0853585297212665,1.2784976224691262,366,366,False
7ad9,7ad9_H,7ad9_I,0_7797_1,3j8a,0_7797_0,3j8a_D,3j8a_A,1.0853585297212665,53.571679871584045,366,366,True
7ad9,7ad9_H,7ad9_I,0_7797_1,5yu8,0_7797_10,5yu8_B,5yu8_A,2.719292468057232,52.16209592125279,360,360,True
7ad9,7ad9_H,7ad9_I,0_7797_1,5yu8,0_7797_12,5yu8_C,5yu8_A,2.719292468057232,6.286377812761812,360,360,True
7ahn,7ahn_A,7ahn_B,0_7797_0,3j8a,0_7797_1,3j8a_A,3j8a_B,1.0480784352403876,52.52832464884787,362,362,False
7ahn,7ahn_A,7ahn_B,0_7797_0,3j8a,0_7797_0,3j8a_D,3j8a_A,1.0480784352403876,1.5527063278011142,362,362,True
7ahn,7ahn_A,7ahn_B,0_7797_0,5yu8,0_7797_10,5yu8_B,5yu8_A,2.749732212327981,8.715360158211698,360,360,True
7ahn,7ahn_A,7ahn_B,0_7797_0,5yu8,0_7797_12,5yu8_C,5yu8_A,2.749732212327981,54.84885617617751,360,360,True
7ahn,7ahn_C,7ahn_A,0_7797_1,3j8a,0_7797_1,3j8a_A,3j8a_B,1.0396160633462872,1.3449982530151887,362,362,True
7ahn,7ahn_C,7ahn_A,0_7797_1,3j8a,0_7797_0,3j8a_D,3j8a_A,1.0559110008964492,52.92522451638548,362,362,False
7ahn,7ahn_C,7ahn_A,0_7797_1,5yu8,0_7797_10,5yu8_B,5yu8_A,2.7497059810770605,57.66143724342903,360,360,False
7ahn,7ahn_C,7ahn_A,0_7797_1,5yu8,0_7797_12,5yu8_C,5yu8_A,2.7497318958998727,7.984617421428625,360,360,False
7ahn,7ahn_C,7ahn_B,0_7797_0,3j8a,0_7797_1,3j8a_A,3j8a_B,1.0396160633462872,53.267190097804125,362,362,True
7ahn,7ahn_C,7ahn_B,0_7797_0,3j8a,0_7797_0,3j8a_D,3j8a_A,1.0559110008964492,1.1948952682183824,362,362,False
7ahn,7ahn_C,7ahn_B,0_7797_0,5yu8,0_7797_10,5yu8_B,5yu8_A,2.7497059810770605,7.638423554372014,360,360,False
7ahn,7ahn_C,7ahn_B,0_7797_0,5yu8,0_7797_12,5yu8_C,5yu8_A,2.7497318958998727,49.27315001855251,360,360,False
7ahn,7ahn_D,7ahn_B,0_7797_1,3j8a,0_7797_1,3j8a_A,3j8a_B,1.039590510532393,1.128170971500495,362,362,True
7ahn,7ahn_D,7ahn_B,0_7797_1,3j8a,0_7797_0,3j8a_D,3j8a_A,1.055883555685671,53.00417436611517,362,362,False
7ahn,7ahn_D,7ahn_B,0_7797_1,5yu8,0_7797_10,5yu8_B,5yu8_A,2.7497084182151568,57.732723417820054,360,360,False
7ahn,7ahn_D,7ahn_B,0_7797_1,5yu8,0_7797_12,5yu8_C,5yu8_A,2.749734333965752,8.102646030967618,360,360,False
7ahn,7ahn_C,7ahn_D,0_7797_0,3j8a,0_7797_1,3j8a_A,3j8a_B,1.0481305377630754,52.54045391197404,362,362,False
7ahn,7ahn_C,7ahn_D,0_7797_0,3j8a,0_7797_0,3j8a_D,3j8a_A,1.0481305377630754,1.5497447988444664,362,362,True
7ahn,7ahn_C,7ahn_D,0_7797_0,5yu8,0_7797_10,5yu8_B,5yu8_A,2.749724972421913,8.712407735047265,360,360,True
7ahn,7ahn_C,7ahn_D,0_7797_0,5yu8,0_7797_12,5yu8_C,5yu8_A,2.749724972421913,54.8531305816633,360,360,True
7ahn,7ahn_C,7ahn_E,0_7797_1,3j8a,0_7797_1,3j8a_A,3j8a_B,1.0481305377630754,1.5072945302699088,362,362,False
7ahn,7ahn_C,7ahn_E,0_7797_1,3j8a,0_7797_0,3j8a_D,3j8a_A,1.0481305377630754,53.78537135420542,362,362,True
7ahn,7ahn_C,7ahn_E,0_7797_1,5yu8,0_7797_10,5yu8_B,5yu8_A,2.749724972421913,52.610103574642444,360,360,True
7ahn,7ahn_C,7ahn_E,0_7797_1,5yu8,0_7797_12,5yu8_C,5yu8_A,2.749724972421913,6.284490862163219,360,360,True
7ahn,7ahn_E,7ahn_D,0_7797_0,3j8a,0_7797_1,3j8a_A,3j8a_B,1.0395939229553364,53.289971792129904,362,362,True
7ahn,7ahn_E,7ahn_D,0_7797_0,3j8a,0_7797_0,3j8a_D,3j8a_A,1.0558904766198565,1.1883781494956047,362,362,False
7ahn,7ahn_E,7ahn_D,0_7797_0,5yu8,0_7797_10,5yu8_B,5yu8_A,2.7496930061694314,7.603522145286699,360,360,False
7ahn,7ahn_E,7ahn_D,0_7797_0,5yu8,0_7797_12,5yu8_C,5yu8_A,2.749718916276429,49.29017935552333,360,360,False
7ahq,7ahq_A,7ahq_B,0_7797_0,3j8a,0_7797_1,3j8a_A,3j8a_B,1.3531109702412725,52.54411181365035,366,366,False
7ahq,7ahq_A,7ahq_B,0_7797_0,3j8a,0_7797_0,3j8a_D,3j8a_A,1.3531109702412725,2.057697777263586,366,366,True
7ahq,7ahq_A,7ahq_B,0_7797_0,5yu8,0_7797_10,5yu8_B,5yu8_A,2.699719205857286,8.674954390532358,360,360,True
7ahq,7ahq_A,7ahq_B,0_7797_0,5yu8,0_7797_12,5yu8_C,5yu8_A,2.699719205857286,55.0573812409312,360,360,True
7ahq,7ahq_A,7ahq_C,0_7797_1,3j8a,0_7797_1,3j8a_A,3j8a_B,1.3531109702412725,2.2044847197553907,366,366,False
7ahq,7ahq_A,7ahq_C,0_7797_1,3j8a,0_7797_0,3j8a_D,3j8a_A,1.3531109702412725,54.445568503636835,366,366,True
7ahq,7ahq_A,7ahq_C,0_7797_1,5yu8,0_7797_10,5yu8_B,5yu8_A,2.699719205857286,52.904123563951266,360,360,True
7ahq,7ahq_A,7ahq_C,0_7797_1,5yu8,0_7797_12,5yu8_C,5yu8_A,2.699719205857286,6.028408829206163,360,360,True
7ahq,7ahq_B,7ahq_C,0_7797_0,3j8a,0_7797_1,3j8a_A,3j8a_B,1.353108104959899,52.48527450762746,366,366,False
7ahq,7ahq_B,7ahq_C,0_7797_0,3j8a,0_7797_0,3j8a_D,3j8a_A,1.353108104959899,2.118821566135421,366,366,True
7ahq,7ahq_B,7ahq_C,0_7797_0,5yu8,0_7797_10,5yu8_B,5yu8_A,2.699747768752259,8.795440121753956,360,360,True
7ahq,7ahq_B,7ahq_C,0_7797_0,5yu8,0_7797_12,5yu8_C,5yu8_A,2.699747768752259,55.00902185379652,360,360,True
7ahq,7ahq_B,7ahq_D,0_7797_1,3j8a,0_7797_1,3j8a_A,3j8a_B,1.353108104959899,2.1741503649375864,366,366,False
7ahq,7ahq_B,7ahq_D,0_7797_1,3j8a,0_7797_0,3j8a_D,3j8a_A,1.353108104959899,54.42915245979468,366,366,True
7ahq,7ahq_B,7ahq_D,0_7797_1,5yu8,0_7797_10,5yu8_B,5yu8_A,2.699747768752259,52.89079796597998,360,360,True
7ahq,7ahq_B,7ahq_D,0_7797_1,5yu8,0_7797_12,5yu8_C,5yu8_A,2.699747768752259,6.067769527227979,360,360,True
7ahq,7ahq_C,7ahq_D,0_7797_0,3j8a,0_7797_1,3j8a_A,3j8a_B,1.3531079225186933,52.386386142578516,366,366,False
7ahq,7ahq_C,7ahq_D,0_7797_0,3j8a,0_7797_0,3j8a_D,3j8a_A,1.3531079225186933,2.206384841147191,366,366,True
7ahq,7ahq_C,7ahq_D,0_7797_0,5yu8,0_7797_10,5yu8_B,5yu8_A,2.6997482675704596,8.876064722923543,360,360,True
7ahq,7ahq_C,7ahq_D,0_7797_0,5yu8,0_7797_12,5yu8_C,5yu8_A,2.6997482675704596,54.91202914097978,360,360,True
7ahq,7ahq_C,7ahq_E,0_7797_1,3j8a,0_7797_1,3j8a_A,3j8a_B,1.3531079225186933,2.164468513892879,366,366,False
7ahq,7ahq_C,7ahq_E,0_7797_1,3j8a,0_7797_0,3j8a_D,3j8a_A,1.3531079225186933,54.43310352238735,366,366,True
7ahq,7ahq_C,7ahq_E,0_7797_1,5yu8,0_7797_10,5yu8_B,5yu8_A,2.6997482675704596,52.89531784695686,360,360,True
7ahq,7ahq_C,7ahq_E,0_7797_1,5yu8,0_7797_12,5yu8_C,5yu8_A,2.6997482675704596,6.096140864507526,360,360,True
7ahq,7ahq_D,7ahq_E,0_7797_0,3j8a,0_7797_1,3j8a_A,3j8a_B,1.3531204516453927,52.33807320713979,366,366,False
7ahq,7ahq_D,7ahq_E,0_7797_0,3j8a,0_7797_0,3j8a_D,3j8a_A,1.3531204516453927,2.2389526353741913,366,366,True
7ahq,7ahq_D,7ahq_E,0_7797_0,5yu8,0_7797_10,5yu8_B,5yu8_A,2.6997277210375468,8.892494883671597,360,360,True
7ahq,7ahq_D,7ahq_E,0_7797_0,5yu8,0_7797_12,5yu8_C,5yu8_A,2.6997277210375468,54.8590606188591,360,360,True
7aln,7aln_A,7aln_B,0_7797_1,3j8a,0_7797_1,3j8a_A,3j8a_B,1.1020808754974438,2.072591669912636,366,366,False
7aln,7aln_A,7aln_B,0_7797_1,3j8a,0_7797_0,3j8a_D,3j8a_A,1.1020808754974438,53.97017472216529,366,366,True
7aln,7aln_A,7aln_B,0_7797_1,5yu8,0_7797_10,5yu8_B,5yu8_A,2.65724862756592,52.75431363288434,359,359,True
7aln,7aln_A,7aln_B,0_7797_1,5yu8,0_7797_12,5yu8_C,5yu8_A,2.65724862756592,6.259363367696601,359,359,True
7aln,7aln_A,7aln_C,0_7797_1,3j8a,0_7797_1,3j8a_A,3j8a_B,1.0996817190883097,1.6292619278094598,366,366,True
7aln,7aln_A,7aln_C,0_7797_1,3j8a,0_7797_0,3j8a_D,3j8a_A,1.1096808148835222,53.114084408170996,366,366,False
7aln,7aln_A,7aln_C,0_7797_1,5yu8,0_7797_10,5yu8_B,5yu8_A,2.6572314492127695,57.49414328424681,359,359,False
7aln,7aln_A,7aln_C,0_7797_1,5yu8,0_7797_12,5yu8_C,5yu8_A,2.657256428752631,8.232186722216573,359,359,False
7aln,7aln_A,7aln_D,0_7797_0,3j8a,0_7797_1,3j8a_A,3j8a_B,1.1020808754974438,52.36179306639484,366,366,False
7aln,7aln_A,7aln_D,0_7797_0,3j8a,0_7797_0,3j8a_D,3j8a_A,1.1020808754974438,2.261587032517468,366,366,True
7aln,7aln_A,7aln_D,0_7797_0,5yu8,0_7797_10,5yu8_B,5yu8_A,2.65724862756592,8.929113249486742,359,359,True
7aln,7aln_A,7aln_D,0_7797_0,5yu8,0_7797_12,5yu8_C,5yu8_A,2.65724862756592,54.42850275426855,359,359,True
7aln,7aln_A,7aln_E,0_7797_0,3j8a,0_7797_1,3j8a_A,3j8a_B,1.0996817190883097,53.154737629944016,366,366,True
7aln,7aln_A,7aln_E,0_7797_0,3j8a,0_7797_0,3j8a_D,3j8a_A,1.1096808148835222,2.1450887613026914,366,366,False
7aln,7aln_A,7aln_E,0_7797_0,5yu8,0_7797_10,5yu8_B,5yu8_A,2.6572314492127695,8.07813487935516,359,359,False
7aln,7aln_A,7aln_E,0_7797_0,5yu8,0_7797_12,5yu8_C,5yu8_A,2.657256428752631,49.34994314221067,359,359,False
7aln,7aln_B,7aln_D,0_7797_0,3j8a,0_7797_1,3j8a_A,3j8a_B,1.1003030117939088,53.386032181217026,366,366,True
7aln,7aln_B,7aln_D,0_7797_0,3j8a,0_7797_0,3j8a_D,3j8a_A,1.1102480776822956,2.0706293799513773,366,366,False
7aln,7aln_B,7aln_D,0_7797_0,5yu8,0_7797_10,5yu8_B,5yu8_A,2.6576277250328864,7.848594217465764,359,359,False
7aln,7aln_B,7aln_D,0_7797_0,5yu8,0_7797_12,5yu8_C,5yu8_A,2.657652572119921,49.55402132796789,359,359,False
7aln,7aln_C,7aln_E,0_7797_0,3j8a,0_7797_1,3j8a_A,3j8a_B,1.1025203457298145,52.22547226868539,366,366,False
7aln,7aln_C,7aln_E,0_7797_0,3j8a,0_7797_0,3j8a_D,3j8a_A,1.1025203457298145,2.4624024996865015,366,366,True
7aln,7aln_C,7aln_E,0_7797_0,5yu8,0_7797_10,5yu8_B,5yu8_A,2.6580723202728174,8.937121514435416,359,359,True
7aln,7aln_C,7aln_E,0_7797_0,5yu8,0_7797_12,5yu8_C,5yu8_A,2.6580723202728174,54.28573890065937,359,359,True
7aln,7aln_D,7aln_E,0_7797_1,3j8a,0_7797_1,3j8a_A,3j8a_B,1.0997519214944054,1.5574021478264293,366,366,True
7aln,7aln_D,7aln_E,0_7797_1,3j8a,0_7797_0,3j8a_D,3j8a_A,1.1096900959014455,53.14260730288783,366,366,False
7aln,7aln_D,7aln_E,0_7797_1,5yu8,0_7797_10,5yu8_B,5yu8_A,2.6577821022837442,57.525507662186016,359,359,False
7aln,7aln_D,7aln_E,0_7797_1,5yu8,0_7797_12,5yu8_C,5yu8_A,2.6578070089060257,8.213418859713084,359,359,False
7bt7,7bt7_A,7bt7_B,0_7797_0,3j8a,0_7797_1,3j8a_A,3j8a_B,1.0872703455540838,52.89601424332727,366,366,False
7bt7,7bt7_A,7bt7_B,0_7797_0,3j8a,0_7797_0,3j8a_D,3j8a_A,1.0872703455540838,1.342366761465988,366,366,True
7bt7,7bt7_A,7bt7_B,0_7797_0,5yu8,0_7797_10,5yu8_B,5yu8_A,2.634213671490096,8.329918902093992,359,359,True
7bt7,7bt7_A,7bt7_B,0_7797_0,5yu8,0_7797_12,5yu8_C,5yu8_A,2.634213671490096,55.04913137073364,359,359,True
7bt7,7bt7_A,7bt7_C,0_7797_1,3j8a,0_7797_1,3j8a_A,3j8a_B,1.0872703455540838,1.1640211063729045,366,366,False
7bt7,7bt7_A,7bt7_C,0_7797_1,3j8a,0_7797_0,3j8a_D,3j8a_A,1.0872703455540838,53.53813281141144,366,366,True
7bt7,7bt7_A,7bt7_C,0_7797_1,5yu8,0_7797_10,5yu8_B,5yu8_A,2.634213671490096,52.29873574007421,359,359,True
7bt7,7bt7_A,7bt7_C,0_7797_1,5yu8,0_7797_12,5yu8_C,5yu8_A,2.634213671490096,6.425072947620619,359,359,True
7bt7,7bt7_B,7bt7_C,0_7797_0,3j8a,0_7797_1,3j8a_A,3j8a_B,1.126774597732529,52.96995572324141,366,366,False
7bt7,7bt7_B,7bt7_C,0_7797_0,3j8a,0_7797_0,3j8a_D,3j8a_A,1.126774597732529,1.308846557267571,366,366,True
7bt7,7bt7_B,7bt7_C,0_7797_0,5yu8,0_7797_10,5yu8_B,5yu8_A,2.6251054490347583,8.394798630448065,359,359,True
7bt7,7bt7_B,7bt7_C,0_7797_0,5yu8,0_7797_12,5yu8_C,5yu8_A,2.6251054490347583,55.13161390351657,359,359,True
7bt7,7bt7_B,7bt7_D,0_7797_1,3j8a,0_7797_1,3j8a_A,3j8a_B,1.126774597732529,1.1517065950249175,366,366,False
7bt7,7bt7_B,7bt7_D,0_7797_1,3j8a,0_7797_0,3j8a_D,3j8a_A,1.126774597732529,53.478593171470855,366,366,True
7bt7,7bt7_B,7bt7_D,0_7797_1,5yu8,0_7797_10,5yu8_B,5yu8_A,2.6251054490347583,52.241956903752346,359,359,True
7bt7,7bt7_B,7bt7_D,0_7797_1,5yu8,0_7797_12,5yu8_C,5yu8_A,2.6251054490347583,6.450910990206471,359,359,True
7bt7,7bt7_C,7bt7_D,0_7797_0,3j8a,0_7797_1,3j8a_A,3j8a_B,1.1030318644980237,52.92743538176916,366,366,False
7bt7,7bt7_C,7bt7_D,0_7797_0,3j8a,0_7797_0,3j8a_D,3j8a_A,1.1030318644980237,1.3132236576819767,366,366,True
7bt7,7bt7_C,7bt7_D,0_7797_0,5yu8,0_7797_10,5yu8_B,5yu8_A,2.6406968454943214,8.377374909386171,359,359,True
7bt7,7bt7_C,7bt7_D,0_7797_0,5yu8,0_7797_12,5yu8_C,5yu8_A,2.6406968454943214,55.12802187120404,359,359,True
7bt7,7bt7_C,7bt7_E,0_7797_1,3j8a,0_7797_1,3j8a_A,3j8a_B,1.1030318644980237,1.2111651355250366,366,366,False
7bt7,7bt7_C,7bt7_E,0_7797_1,3j8a,0_7797_0,3j8a_D,3j8a_A,1.1030318644980237,53.51739898358978,366,366,True
7bt7,7bt7_C,7bt7_E,0_7797_1,5yu8,0_7797_10,5yu8_B,5yu8_A,2.6406968454943214,52.24053487389192,359,359,True
7bt7,7bt7_C,7bt7_E,0_7797_1,5yu8,0_7797_12,5yu8_C,5yu8_A,2.6406968454943214,6.484610138396094,359,359,True
7bt7,7bt7_D,7bt7_E,0_7797_0,3j8a,0_7797_1,3j8a_A,3j8a_B,1.1009575794760456,52.88421320193066,366,366,False
7bt7,7bt7_D,7bt7_E,0_7797_0,3j8a,0_7797_0,3j8a_D,3j8a_A,1.1009575794760456,1.3947647144085673,366,366,True
7bt7,7bt7_D,7bt7_E,0_7797_0,5yu8,0_7797_10,5yu8_B,5yu8_A,2.642251563372858,8.377305729100673,359,359,True
7bt7,7bt7_D,7bt7_E,0_7797_0,5yu8,0_7797_12,5yu8_C,5yu8_A,2.642251563372858,55.08395174126566,359,359,True
7bti,7bti_A,7bti_B,0_7797_0,3j8a,0_7797_1,3j8a_A,3j8a_B,1.0440382192322923,52.92515333172136,362,366,False
7bti,7bti_A,7bti_B,0_7797_0,3j8a,0_7797_0,3j8a_D,3j8a_A,1.0440382192322923,1.5808478910826216,362,366,True
7bti,7bti_A,7bti_B,0_7797_0,5yu8,0_7797_10,5yu8_B,5yu8_A,2.6248700648129635,9.031072380165316,355,359,True
7bti,7bti_A,7bti_B,0_7797_0,5yu8,0_7797_12,5yu8_C,5yu8_A,2.6248700648129635,55.218478041754146,355,359,True
7bti,7bti_A,7bti_C,0_7797_1,3j8a,0_7797_1,3j8a_A,3j8a_B,1.0440382192322923,1.496326932785828,362,366,False
7bti,7bti_A,7bti_C,0_7797_1,3j8a,0_7797_0,3j8a_D,3j8a_A,1.0440382192322923,54.196750839057145,362,366,True
7bti,7bti_A,7bti_C,0_7797_1,5yu8,0_7797_10,5yu8_B,5yu8_A,2.6248700648129635,52.880270004853315,355,359,True
7bti,7bti_A,7bti_C,0_7797_1,5yu8,0_7797_12,5yu8_C,5yu8_A,2.6248700648129635,6.6872930693440376,355,359,True
7bti,7bti_B,7bti_C,0_7797_0,3j8a,0_7797_1,3j8a_A,3j8a_B,1.0305316116172158,52.95260271541395,366,366,False
7bti,7bti_B,7bti_C,0_7797_0,3j8a,0_7797_0,3j8a_D,3j8a_A,1.0305316116172158,1.5184286153007098,366,366,True
7bti,7bti_B,7bti_C,0_7797_0,5yu8,0_7797_10,5yu8_B,5yu8_A,2.6434498278643352,8.727749299768817,359,359,True
7bti,7bti_B,7bti_C,0_7797_0,5yu8,0_7797_12,5yu8_C,5yu8_A,2.6434498278643352,55.12319285525381,359,359,True
7bti,7bti_B,7bti_D,0_7797_1,3j8a,0_7797_1,3j8a_A,3j8a_B,1.0305316116172158,1.5088823628650025,366,366,False
7bti,7bti_B,7bti_D,0_7797_1,3j8a,0_7797_0,3j8a_D,3j8a_A,1.0305316116172158,54.15680436675221,366,366,True
7bti,7bti_B,7bti_D,0_7797_1,5yu8,0_7797_10,5yu8_B,5yu8_A,2.6434498278643352,52.91872497131059,359,359,True
7bti,7bti_B,7bti_D,0_7797_1,5yu8,0_7797_12,5yu8_C,5yu8_A,2.6434498278643352,6.479981098604583,359,359,True
7bti,7bti_C,7bti_D,0_7797_0,3j8a,0_7797_1,3j8a_A,3j8a_B,1.0235414129052807,52.944167669362486,366,366,False
7bti,7bti_C,7bti_D,0_7797_0,3j8a,0_7797_0,3j8a_D,3j8a_A,1.0235414129052807,1.5364804697394627,366,366,True
7bti,7bti_C,7bti_D,0_7797_0,5yu8,0_7797_10,5yu8_B,5yu8_A,2.660201400682136,8.704779327387495,359,359,True
7bti,7bti_C,7bti_D,0_7797_0,5yu8,0_7797_12,5yu8_C,5yu8_A,2.660201400682136,55.12793539509232,359,359,True
7bti,7bti_C,7bti_E,0_7797_1,3j8a,0_7797_1,3j8a_A,3j8a_B,1.0235414129052807,1.4641451506142966,366,362,False
7bti,7bti_C,7bti_E,0_7797_1,3j8a,0_7797_0,3j8a_D,3j8a_A,1.0235414129052807,53.99822016468315,366,362,True
7bti,7bti_C,7bti_E,0_7797_1,5yu8,0_7797_10,5yu8_B,5yu8_A,2.660201400682136,52.85298228061325,359,355,True
7bti,7bti_C,7bti_E,0_7797_1,5yu8,0_7797_12,5yu8_C,5yu8_A,2.660201400682136,6.350509985150745,359,355,True
7bti,7bti_D,7bti_E,0_7797_0,3j8a,0_7797_1,3j8a_A,3j8a_B,1.0671810857452972,52.78501989411061,366,362,False
7bti,7bti_D,7bti_E,0_7797_0,3j8a,0_7797_0,3j8a_D,3j8a_A,1.0671810857452972,1.5193366571338187,366,362,True
7bti,7bti_D,7bti_E,0_7797_0,5yu8,0_7797_10,5yu8_B,5yu8_A,2.6509129136664393,8.706721638345426,359,355,True
7bti,7bti_D,7bti_E,0_7797_0,5yu8,0_7797_12,5yu8_C,5yu8_A,2.6509129136664393,54.940540907860026,359,355,True
7jh7,7jh7_A,7jh7_B,0_7797_1,3j8a,0_7797_1,3j8a_A,3j8a_B,1.1144160648797852,1.220871907430674,366,366,True
7jh7,7jh7_A,7jh7_B,0_7797_1,3j8a,0_7797_0,3j8a_D,3j8a_A,1.1378080346082844,53.10836967006939,366,366,False
7jh7,7jh7_A,7jh7_B,0_7797_1,5yu8,0_7797_10,5yu8_B,5yu8_A,2.6471836517475325,57.67737698373859,360,360,False
7jh7,7jh7_A,7jh7_B,0_7797_1,5yu8,0_7797_12,5yu8_C,5yu8_A,2.647206707004257,8.101683165159677,360,360,False
7jh7,7jh7_E,7jh7_D,0_7797_1,3j8a,0_7797_1,3j8a_A,3j8a_B,1.1219483031808544,1.3703585267827667,366,366,True
7jh7,7jh7_E,7jh7_D,0_7797_1,3j8a,0_7797_0,3j8a_D,3j8a_A,1.1438402810870845,53.18453140732727,366,366,False
7jh7,7jh7_E,7jh7_D,0_7797_1,5yu8,0_7797_10,5yu8_B,5yu8_A,2.6448208558844395,57.74824265986431,360,360,False
7jh7,7jh7_E,7jh7_D,0_7797_1,5yu8,0_7797_12,5yu8_C,5yu8_A,2.644843757752293,8.148543882019295,360,360,False
7jh7,7jh7_A,7jh7_C,0_7797_1,3j8a,0_7797_1,3j8a_A,3j8a_B,1.128751035900511,1.568461980731876,366,366,False
7jh7,7jh7_A,7jh7_C,0_7797_1,3j8a,0_7797_0,3j8a_D,3j8a_A,1.128751035900511,53.543958950982905,366,366,True
7jh7,7jh7_A,7jh7_C,0_7797_1,5yu8,0_7797_10,5yu8_B,5yu8_A,2.647199453339238,52.18355642890814,360,360,True
7jh7,7jh7_A,7jh7_C,0_7797_1,5yu8,0_7797_12,5yu8_C,5yu8_A,2.647199453339238,5.749943431751565,360,360,True
7jh7,7jh7_C,7jh7_E,0_7797_0,3j8a,0_7797_1,3j8a_A,3j8a_B,1.124100413902687,52.829969134001985,366,366,True
7jh7,7jh7_C,7jh7_E,0_7797_0,3j8a,0_7797_0,3j8a_D,3j8a_A,1.1463317593092948,1.6949587315427008,366,366,False
7jh7,7jh7_C,7jh7_E,0_7797_0,5yu8,0_7797_10,5yu8_B,5yu8_A,2.642917054530305,8.155784520569519,360,360,False
7jh7,7jh7_C,7jh7_E,0_7797_0,5yu8,0_7797_12,5yu8_C,5yu8_A,2.6429401025328843,48.949018541488805,360,360,False
7jh7,7jh7_A,7jh7_D,0_7797_0,3j8a,0_7797_1,3j8a_A,3j8a_B,1.1144160648797852,53.1308327708635,366,366,True
7jh7,7jh7_A,7jh7_D,0_7797_0,3j8a,0_7797_0,3j8a_D,3j8a_A,1.1378080346082844,1.6831413772126744,366,366,False
7jh7,7jh7_A,7jh7_D,0_7797_0,5yu8,0_7797_10,5yu8_B,5yu8_A,2.6471836517475325,7.862705228467501,360,360,False
7jh7,7jh7_A,7jh7_D,0_7797_0,5yu8,0_7797_12,5yu8_C,5yu8_A,2.647206707004257,49.23888651729043,360,360,False
7jh7,7jh7_A,7jh7_E,0_7797_0,3j8a,0_7797_1,3j8a_A,3j8a_B,1.128751035900511,52.363885468421444,366,366,False
7jh7,7jh7_A,7jh7_E,0_7797_0,3j8a,0_7797_0,3j8a_D,3j8a_A,1.128751035900511,1.8111996841382436,366,366,True
7jh7,7jh7_A,7jh7_E,0_7797_0,5yu8,0_7797_10,5yu8_B,5yu8_A,2.647199453339238,7.704806822094641,360,360,True
7jh7,7jh7_A,7jh7_E,0_7797_0,5yu8,0_7797_12,5yu8_C,5yu8_A,2.647199453339238,54.51898534357906,360,360,True
7jh7,7jh7_B,7jh7_D,0_7797_0,3j8a,0_7797_1,3j8a_A,3j8a_B,1.1283720087958338,52.5416740907512,366,366,False
7jh7,7jh7_B,7jh7_D,0_7797_0,3j8a,0_7797_0,3j8a_D,3j8a_A,1.1283720087958338,1.7172999358181347,366,366,True
7jh7,7jh7_B,7jh7_D,0_7797_0,5yu8,0_7797_10,5yu8_B,5yu8_A,2.650186143480291,7.763222246232561,360,360,True
7jh7,7jh7_B,7jh7_D,0_7797_0,5yu8,0_7797_12,5yu8_C,5yu8_A,2.650186143480291,54.71127819238483,360,360,True
7p1g,7p1g_A,7p1g_B,0_7797_0,3j8a,0_7797_1,3j8a_A,3j8a_B,1.319044282327373,52.57148772046962,366,366,False
7p1g,7p1g_A,7p1g_B,0_7797_0,3j8a,0_7797_0,3j8a_D,3j8a_A,1.319044282327373,1.966005490885987,366,366,True
7p1g,7p1g_A,7p1g_B,0_7797_0,5yu8,0_7797_10,5yu8_B,5yu8_A,2.791737652818173,9.037013483361836,360,360,True
7p1g,7p1g_A,7p1g_B,0_7797_0,5yu8,0_7797_12,5yu8_C,5yu8_A,2.791737652818173,54.85772430085304,360,360,True
7p1g,7p1g_C,7p1g_A,0_7797_1,3j8a,0_7797_1,3j8a_A,3j8a_B,1.3186518024714546,1.6670348512400068,366,366,True
7p1g,7p1g_C,7p1g_A,0_7797_1,3j8a,0_7797_0,3j8a_D,3j8a_A,1.32795054364513,52.86793542812554,366,366,False
7p1g,7p1g_C,7p1g_A,0_7797_1,5yu8,0_7797_10,5yu8_B,5yu8_A,2.7917331674608734,57.50350397364118,360,360,False
7p1g,7p1g_C,7p1g_A,0_7797_1,5yu8,0_7797_12,5yu8_C,5yu8_A,2.791754921592092,8.714096342166028,360,360,False
7p1g,7p1g_C,7p1g_B,0_7797_0,3j8a,0_7797_1,3j8a_A,3j8a_B,1.3186518024714546,52.86289814680942,366,366,True
7p1g,7p1g_C,7p1g_B,0_7797_0,3j8a,0_7797_0,3j8a_D,3j8a_A,1.32795054364513,1.8558526577574412,366,366,False
7p1g,7p1g_C,7p1g_B,0_7797_0,5yu8,0_7797_10,5yu8_B,5yu8_A,2.7917331674608734,8.106202247301573,360,360,False
7p1g,7p1g_C,7p1g_B,0_7797_0,5yu8,0_7797_12,5yu8_C,5yu8_A,2.791754921592092,48.83131319774296,360,360,False
7p1g,7p1g_B,7p1g_D,0_7797_1,3j8a,0_7797_1,3j8a_A,3j8a_B,1.3190573226744535,1.7973283530447217,366,366,False
7p1g,7p1g_B,7p1g_D,0_7797_1,3j8a,0_7797_0,3j8a_D,3j8a_A,1.3190573226744535,53.20915584614578,366,366,True
7p1g,7p1g_B,7p1g_D,0_7797_1,5yu8,0_7797_10,5yu8_B,5yu8_A,2.7917530921324705,51.83910955926175,360,360,True
7p1g,7p1g_B,7p1g_D,0_7797_1,5yu8,0_7797_12,5yu8_C,5yu8_A,2.7917530921324705,6.527429232981775,360,360,True
7p1g,7p1g_C,7p1g_D,0_7797_0,3j8a,0_7797_1,3j8a_A,3j8a_B,1.3190431527826147,52.46580366289686,366,366,False
7p1g,7p1g_C,7p1g_D,0_7797_0,3j8a,0_7797_0,3j8a_D,3j8a_A,1.3190431527826147,1.9760254159408996,366,366,True
7p1g,7p1g_C,7p1g_D,0_7797_0,5yu8,0_7797_10,5yu8_B,5yu8_A,2.7917470648503646,8.871293246589236,360,360,True
7p1g,7p1g_C,7p1g_D,0_7797_0,5yu8,0_7797_12,5yu8_C,5yu8_A,2.7917470648503646,54.73251608075587,360,360,True
7p1g,7p1g_C,7p1g_E,0_7797_1,3j8a,0_7797_1,3j8a_A,3j8a_B,1.3190431527826147,1.6550556838195403,366,366,False
7p1g,7p1g_C,7p1g_E,0_7797_1,3j8a,0_7797_0,3j8a_D,3j8a_A,1.3190431527826147,52.91764583839193,366,366,True
7p1g,7p1g_C,7p1g_E,0_7797_1,5yu8,0_7797_10,5yu8_B,5yu8_A,2.7917470648503646,51.55426747363,360,360,True
7p1g,7p1g_C,7p1g_E,0_7797_1,5yu8,0_7797_12,5yu8_C,5yu8_A,2.7917470648503646,6.722689407820046,360,360,True
7p1g,7p1g_D,7p1g_E,0_7797_0,3j8a,0_7797_1,3j8a_A,3j8a_B,1.319033179309294,52.410236118250744,366,366,False
7p1g,7p1g_D,7p1g_E,0_7797_0,3j8a,0_7797_0,3j8a_D,3j8a_A,1.319033179309294,2.1405932436781145,366,366,True
7p1g,7p1g_D,7p1g_E,0_7797_0,5yu8,0_7797_10,5yu8_B,5yu8_A,2.791720101371468,8.852314107560183,360,360,True
7p1g,7p1g_D,7p1g_E,0_7797_0,5yu8,0_7797_12,5yu8_C,5yu8_A,2.791720101371468,54.66089298724348,360,360,True
7pdz,7pdz_I,7pdz_J,0_7797_0,3j8a,0_7797_1,3j8a_A,3j8a_B,1.4084934564953868,52.67144838882809,366,366,False
7pdz,7pdz_I,7pdz_J,0_7797_0,3j8a,0_7797_0,3j8a_D,3j8a_A,1.4084934564953868,2.062083309027406,366,366,True
7pdz,7pdz_I,7pdz_J,0_7797_0,5yu8,0_7797_10,5yu8_B,5yu8_A,2.511576341968295,8.236923736294,360,360,True
7pdz,7pdz_I,7pdz_J,0_7797_0,5yu8,0_7797_12,5yu8_C,5yu8_A,2.511576341968295,54.85222827039133,360,360,True
7pdz,7pdz_I,7pdz_K,0_7797_1,3j8a,0_7797_1,3j8a_A,3j8a_B,1.4084934564953868,2.084743108959843,366,366,False
7pdz,7pdz_I,7pdz_K,0_7797_1,3j8a,0_7797_0,3j8a_D,3j8a_A,1.4084934564953868,54.04818822921195,366,366,True
7pdz,7pdz_I,7pdz_K,0_7797_1,5yu8,0_7797_10,5yu8_B,5yu8_A,2.511576341968295,52.745803431783735,360,360,True
7pdz,7pdz_I,7pdz_K,0_7797_1,5yu8,0_7797_12,5yu8_C,5yu8_A,2.511576341968295,6.467431846669173,360,360,True
7pdz,7pdz_J,7pdz_K,0_7797_0,3j8a,0_7797_1,3j8a_A,3j8a_B,1.1759681746829558,52.541850808876525,366,366,False
7pdz,7pdz_J,7pdz_K,0_7797_0,3j8a,0_7797_0,3j8a_D,3j8a_A,1.1759681746829558,1.900517876948561,366,366,True
7pdz,7pdz_J,7pdz_K,0_7797_0,5yu8,0_7797_10,5yu8_B,5yu8_A,2.750998412571745,8.874530843231325,360,360,True
7pdz,7pdz_J,7pdz_K,0_7797_0,5yu8,0_7797_12,5yu8_C,5yu8_A,2.750998412571745,54.72579479481638,360,360,True
7pdz,7pdz_J,7pdz_L,0_7797_1,3j8a,0_7797_1,3j8a_A,3j8a_B,1.1759681746829558,1.8167162458216812,366,366,False
7pdz,7pdz_J,7pdz_L,0_7797_1,3j8a,0_7797_0,3j8a_D,3j8a_A,1.1759681746829558,54.120202260500704,366,366,True
7pdz,7pdz_J,7pdz_L,0_7797_1,5yu8,0_7797_10,5yu8_B,5yu8_A,2.750998412571745,52.8152852444329,360,360,True
7pdz,7pdz_J,7pdz_L,0_7797_1,5yu8,0_7797_12,5yu8_C,5yu8_A,2.750998412571745,6.513947818680498,360,360,True
7pdz,7pdz_K,7pdz_L,0_7797_0,3j8a,0_7797_1,3j8a_A,3j8a_B,1.1073308464949048,53.01116718785493,366,366,False
7pdz,7pdz_K,7pdz_L,0_7797_0,3j8a,0_7797_0,3j8a_D,3j8a_A,1.1073308464949048,1.4467160460321962,366,366,True
7pdz,7pdz_K,7pdz_L,0_7797_0,5yu8,0_7797_10,5yu8_B,5yu8_A,2.6887668572111934,8.72178298107188,360,360,True
7pdz,7pdz_K,7pdz_L,0_7797_0,5yu8,0_7797_12,5yu8_C,5yu8_A,2.6887668572111934,55.11715488649341,360,360,True
7pdz,7pdz_K,7pdz_N,0_7797_1,3j8a,0_7797_1,3j8a_A,3j8a_B,1.1073308464949048,1.2979562859988136,366,366,False
7pdz,7pdz_K,7pdz_N,0_7797_1,3j8a,0_7797_0,3j8a_D,3j8a_A,1.1073308464949048,53.59328169610961,366,366,True
7pdz,7pdz_K,7pdz_N,0_7797_1,5yu8,0_7797_10,5yu8_B,5yu8_A,2.6887668572111934,52.28073293691904,360,360,True
7pdz,7pdz_K,7pdz_N,0_7797_1,5yu8,0_7797_12,5yu8_C,5yu8_A,2.6887668572111934,6.285406009859577,360,360,True
7pdz,7pdz_L,7pdz_N,0_7797_0,3j8a,0_7797_1,3j8a_A,3j8a_B,1.086180927322343,52.8461510020924,366,366,False
7pdz,7pdz_L,7pdz_N,0_7797_0,3j8a,0_7797_0,3j8a_D,3j8a_A,1.086180927322343,1.6189707364450001,366,366,True
7pdz,7pdz_L,7pdz_N,0_7797_0,5yu8,0_7797_10,5yu8_B,5yu8_A,2.7787495441881718,8.865380280918027,360,360,True
7pdz,7pdz_L,7pdz_N,0_7797_0,5yu8,0_7797_12,5yu8_C,5yu8_A,2.7787495441881718,55.015924760272114,360,360,True
7pdz,7pdz_L,7pdz_O,0_7797_1,3j8a,0_7797_1,3j8a_A,3j8a_B,1.086180927322343,1.6085202655353887,366,366,False
7pdz,7pdz_L,7pdz_O,0_7797_1,3j8a,0_7797_0,3j8a_D,3j8a_A,1.086180927322343,53.868696497397195,366,366,True
7pdz,7pdz_L,7pdz_O,0_7797_1,5yu8,0_7797_10,5yu8_B,5yu8_A,2.7787495441881718,52.61054277812454,360,360,True
7pdz,7pdz_L,7pdz_O,0_7797_1,5yu8,0_7797_12,5yu8_C,5yu8_A,2.7787495441881718,6.49883513887978,360,360,True
7pdz,7pdz_N,7pdz_O,0_7797_0,3j8a,0_7797_1,3j8a_A,3j8a_B,1.1005925502572813,52.884496605773634,366,366,False
7pdz,7pdz_N,7pdz_O,0_7797_0,3j8a,0_7797_0,3j8a_D,3j8a_A,1.1005925502572813,1.616199310454915,366,366,True
7pdz,7pdz_N,7pdz_O,0_7797_0,5yu8,0_7797_10,5yu8_B,5yu8_A,2.673575717604999,8.752241157091817,360,360,True
7pdz,7pdz_N,7pdz_O,0_7797_0,5yu8,0_7797_12,5yu8_C,5yu8_A,2.673575717604999,55.113137436020736,360,360,True
7r8v,7r8v_B,7r8v_A,0_7797_1,3j8a,0_7797_1,3j8a_A,3j8a_B,1.0998977545886635,1.8888110022808717,366,366,True
7r8v,7r8v_B,7r8v_A,0_7797_1,3j8a,0_7797_0,3j8a_D,3j8a_A,1.1240418709401945,54.30982363975127,366,366,False
7r8v,7r8v_B,7r8v_A,0_7797_1,5yu8,0_7797_10,5yu8_B,5yu8_A,2.6576068296273516,58.89360126887489,360,360,False
7r8v,7r8v_B,7r8v_A,0_7797_1,5yu8,0_7797_12,5yu8_C,5yu8_A,2.6576327959991803,8.478648415320524,360,360,False
7r8v,7r8v_A,7r8v_D,0_7797_0,3j8a,0_7797_1,3j8a_A,3j8a_B,1.1211305872273647,52.72193897837242,366,366,False
7r8v,7r8v_A,7r8v_D,0_7797_0,3j8a,0_7797_0,3j8a_D,3j8a_A,1.1211305872273647,1.5275211116044187,366,366,True
7r8v,7r8v_A,7r8v_D,0_7797_0,5yu8,0_7797_10,5yu8_B,5yu8_A,2.657627066808227,8.34790889039455,360,360,True
7r8v,7r8v_A,7r8v_D,0_7797_0,5yu8,0_7797_12,5yu8_C,5yu8_A,2.657627066808227,54.907360220952,360,360,True
7r8v,7r8v_B,7r8v_C,0_7797_1,3j8a,0_7797_1,3j8a_A,3j8a_B,1.121116909410723,1.8779931744195903,366,366,False
7r8v,7r8v_B,7r8v_C,0_7797_1,3j8a,0_7797_0,3j8a_D,3j8a_A,1.121116909410723,54.29252852065253,366,366,True
7r8v,7r8v_B,7r8v_C,0_7797_1,5yu8,0_7797_10,5yu8_B,5yu8_A,2.657624690143825,52.99827429996727,360,360,True
7r8v,7r8v_B,7r8v_C,0_7797_1,5yu8,0_7797_12,5yu8_C,5yu8_A,2.657624690143825,6.491705362973299,360,360,True
7r8v,7r8v_B,7r8v_D,0_7797_0,3j8a,0_7797_1,3j8a_A,3j8a_B,1.0998977545886635,52.72071316166198,366,366,True
7r8v,7r8v_B,7r8v_D,0_7797_0,3j8a,0_7797_0,3j8a_D,3j8a_A,1.1240418709401945,1.5879861995616604,366,366,False
7r8v,7r8v_B,7r8v_D,0_7797_0,5yu8,0_7797_10,5yu8_B,5yu8_A,2.6576068296273516,8.331778333613281,360,360,False
7r8v,7r8v_B,7r8v_D,0_7797_0,5yu8,0_7797_12,5yu8_C,5yu8_A,2.6576327959991803,48.707088697499245,360,360,False
7r8v,7r8v_B,7r8v_E,0_7797_0,3j8a,0_7797_1,3j8a_A,3j8a_B,1.121116909410723,52.69289296456566,366,366,False
7r8v,7r8v_B,7r8v_E,0_7797_0,3j8a,0_7797_0,3j8a_D,3j8a_A,1.121116909410723,1.5480516772786421,366,366,True
7r8v,7r8v_B,7r8v_E,0_7797_0,5yu8,0_7797_10,5yu8_B,5yu8_A,2.657624690143825,8.314022947477802,360,360,True
7r8v,7r8v_B,7r8v_E,0_7797_0,5yu8,0_7797_12,5yu8_C,5yu8_A,2.657624690143825,54.877080806481395,360,360,True
7r8v,7r8v_C,7r8v_E,0_7797_0,3j8a,0_7797_1,3j8a_A,3j8a_B,1.0998913207063528,52.743026352254574,366,366,True
7r8v,7r8v_C,7r8v_E,0_7797_0,3j8a,0_7797_0,3j8a_D,3j8a_A,1.1240405177958672,1.5704940949978814,366,366,False
7r8v,7r8v_C,7r8v_E,0_7797_0,5yu8,0_7797_10,5yu8_B,5yu8_A,2.6576240386120458,8.303600610952964,360,360,False
7r8v,7r8v_C,7r8v_E,0_7797_0,5yu8,0_7797_12,5yu8_C,5yu8_A,2.657650004693816,48.73008656463305,360,360,False
7r8v,7r8v_D,7r8v_E,0_7797_1,3j8a,0_7797_1,3j8a_A,3j8a_B,1.1211458586183145,1.8883180988919472,366,366,False
7r8v,7r8v_D,7r8v_E,0_7797_1,3j8a,0_7797_0,3j8a_D,3j8a_A,1.1211458586183145,54.28527747763671,366,366,True
7r8v,7r8v_D,7r8v_E,0_7797_1,5yu8,0_7797_10,5yu8_B,5yu8_A,2.65759098521138,52.991868185463886,360,360,True
7r8v,7r8v_D,7r8v_E,0_7797_1,5yu8,0_7797_12,5yu8_C,5yu8_A,2.65759098521138,6.516277969027512,360,360,True
7r94,7r94_B,7r94_A,0_7797_0,3j8a,0_7797_1,3j8a_A,3j8a_B,1.0717182426546343,53.24104247988318,366,366,True
7r94,7r94_B,7r94_A,0_7797_0,3j8a,0_7797_0,3j8a_D,3j8a_A,1.0962120279874874,1.2285172292049467,366,366,False
7r94,7r94_B,7r94_A,0_7797_0,5yu8,0_7797_10,5yu8_B,5yu8_A,2.640440775463629,7.815718990222768,359,359,False
7r94,7r94_B,7r94_A,0_7797_0,5yu8,0_7797_12,5yu8_C,5yu8_A,2.6404678897401435,49.18756006341163,359,359,False
7r94,7r94_C,7r94_A,0_7797_1,3j8a,0_7797_1,3j8a_A,3j8a_B,1.0747929608369826,1.3033419277160918,366,366,True
7r94,7r94_C,7r94_A,0_7797_1,3j8a,0_7797_0,3j8a_D,3j8a_A,1.0986995417913117,53.704191501167095,366,366,False
7r94,7r94_C,7r94_A,0_7797_1,5yu8,0_7797_10,5yu8_B,5yu8_A,2.634916634702381,58.34677402893067,359,359,False
7r94,7r94_C,7r94_A,0_7797_1,5yu8,0_7797_12,5yu8_C,5yu8_A,2.634943441006393,8.258527035184404,359,359,False
7r94,7r94_C,7r94_B,0_7797_0,3j8a,0_7797_1,3j8a_A,3j8a_B,1.0747929608369826,53.22775055215666,366,366,True
7r94,7r94_C,7r94_B,0_7797_0,3j8a,0_7797_0,3j8a_D,3j8a_A,1.0986995417913117,1.2412741202835058,366,366,False
7r94,7r94_C,7r94_B,0_7797_0,5yu8,0_7797_10,5yu8_B,5yu8_A,2.634916634702381,7.838405351658414,359,359,False
7r94,7r94_C,7r94_B,0_7797_0,5yu8,0_7797_12,5yu8_C,5yu8_A,2.634943441006393,49.17601048069419,359,359,False
7r94,7r94_B,7r94_D,0_7797_1,3j8a,0_7797_1,3j8a_A,3j8a_B,1.0941045451744589,1.3391373752403957,366,366,False
7r94,7r94_B,7r94_D,0_7797_1,3j8a,0_7797_0,3j8a_D,3j8a_A,1.0941045451744589,53.980393417144455,366,366,True
7r94,7r94_B,7r94_D,0_7797_1,5yu8,0_7797_10,5yu8_B,5yu8_A,2.6404592599300845,52.64136030306207,359,359,True
7r94,7r94_B,7r94_D,0_7797_1,5yu8,0_7797_12,5yu8_C,5yu8_A,2.6404592599300845,6.37354168679451,359,359,True
7r94,7r94_C,7r94_D,0_7797_0,3j8a,0_7797_1,3j8a_A,3j8a_B,1.0971113365875267,52.89674474725317,366,366,False
7r94,7r94_C,7r94_D,0_7797_0,3j8a,0_7797_0,3j8a_D,3j8a_A,1.0971113365875267,1.341617666571532,366,366,True
7r94,7r94_C,7r94_D,0_7797_0,5yu8,0_7797_10,5yu8_B,5yu8_A,2.6349342687560635,8.309681143151451,359,359,True
7r94,7r94_C,7r94_D,0_7797_0,5yu8,0_7797_12,5yu8_C,5yu8_A,2.6349342687560635,55.18650223287192,359,359,True
7r94,7r94_C,7r94_E,0_7797_1,3j8a,0_7797_1,3j8a_A,3j8a_B,1.0971113365875267,1.3311022687331773,366,366,False
7r94,7r94_C,7r94_E,0_7797_1,3j8a,0_7797_0,3j8a_D,3j8a_A,1.0971113365875267,53.96682345559463,366,366,True
7r94,7r94_C,7r94_E,0_7797_1,5yu8,0_7797_10,5yu8_B,5yu8_A,2.6349342687560635,52.63227073969294,359,359,True
7r94,7r94_C,7r94_E,0_7797_1,5yu8,0_7797_12,5yu8_C,5yu8_A,2.6349342687560635,6.386067729944645,359,359,True
7r94,7r94_D,7r94_E,0_7797_0,3j8a,0_7797_1,3j8a_A,3j8a_B,1.0998618401375848,52.89285342646804,366,366,False
7r94,7r94_D,7r94_E,0_7797_0,3j8a,0_7797_0,3j8a_D,3j8a_A,1.0998618401375848,1.3464175779692447,366,366,True
7r94,7r94_D,7r94_E,0_7797_0,5yu8,0_7797_10,5yu8_B,5yu8_A,2.6296643797930543,8.330445099424596,359,359,True
7r94,7r94_D,7r94_E,0_7797_0,5yu8,0_7797_12,5yu8_C,5yu8_A,2.6296643797930543,55.18882781391898,359,359,True
7tpt,7tpt_H,7tpt_I,0_7797_0,3j8a,0_7797_1,3j8a_A,3j8a_B,1.068469080062236,53.159997191357,366,366,True
7tpt,7tpt_H,7tpt_I,0_7797_0,3j8a,0_7797_0,3j8a_D,3j8a_A,1.0785449061341152,1.4638889401580142,366,366,False
7tpt,7tpt_H,7tpt_I,0_7797_0,5yu8,0_7797_10,5yu8_B,5yu8_A,2.6245336410088127,8.303185610871616,360,360,False
7tpt,7tpt_H,7tpt_I,0_7797_0,5yu8,0_7797_12,5yu8_C,5yu8_A,2.624566068163128,49.05290683079622,360,360,False
7tpt,7tpt_H,7tpt_J,0_7797_33,3j8a,0_7797_1,3j8a_A,3j8a_B,1.068469080062236,1.6162270149530824,366,366,True
7tpt,7tpt_H,7tpt_J,0_7797_33,3j8a,0_7797_0,3j8a_D,3j8a_A,1.0785449061341152,54.41270041359914,366,366,False
7tpt,7tpt_H,7tpt_J,0_7797_33,5yu8,0_7797_10,5yu8_B,5yu8_A,2.6245336410088127,59.0551124165955,360,360,False
7tpt,7tpt_H,7tpt_J,0_7797_33,5yu8,0_7797_12,5yu8_C,5yu8_A,2.624566068163128,8.727092002949613,360,360,False
7tpt,7tpt_I,7tpt_J,0_7797_0,3j8a,0_7797_1,3j8a_A,3j8a_B,1.0112120136344203,53.530110073454885,366,366,True
7tpt,7tpt_I,7tpt_J,0_7797_0,3j8a,0_7797_0,3j8a_D,3j8a_A,1.0396962508716265,1.4142690994599123,366,366,False
7tpt,7tpt_I,7tpt_J,0_7797_0,5yu8,0_7797_10,5yu8_B,5yu8_A,2.634550143274523,7.951887276223745,360,360,False
7tpt,7tpt_I,7tpt_J,0_7797_0,5yu8,0_7797_12,5yu8_C,5yu8_A,2.6345837266823415,49.416794056807746,360,360,False
7tpt,7tpt_I,7tpt_K,0_7797_33,3j8a,0_7797_1,3j8a_A,3j8a_B,1.0112120136344203,1.9839306482295926,366,366,True
7tpt,7tpt_I,7tpt_K,0_7797_33,3j8a,0_7797_0,3j8a_D,3j8a_A,1.0396962508716265,53.94386520431591,366,366,False
7tpt,7tpt_I,7tpt_K,0_7797_33,5yu8,0_7797_10,5yu8_B,5yu8_A,2.634550143274523,58.58985699713419,360,360,False
7tpt,7tpt_I,7tpt_K,0_7797_33,5yu8,0_7797_12,5yu8_C,5yu8_A,2.6345837266823415,8.176746392510196,360,360,False
7tpt,7tpt_J,7tpt_K,0_7797_34,3j8a,0_7797_1,3j8a_A,3j8a_B,1.011395625209223,53.55266876091328,366,366,True
7tpt,7tpt_J,7tpt_K,0_7797_34,3j8a,0_7797_0,3j8a_D,3j8a_A,1.0399108584970982,1.231669347719364,366,366,False
7tpt,7tpt_J,7tpt_K,0_7797_34,5yu8,0_7797_10,5yu8_B,5yu8_A,2.6342975826823594,7.814383743853385,360,360,False
7tpt,7tpt_J,7tpt_K,0_7797_34,5yu8,0_7797_12,5yu8_C,5yu8_A,2.6343311974930272,49.43022945215433,360,360,False
7tpt,7tpt_L,7tpt_M,0_7797_34,3j8a,0_7797_1,3j8a_A,3j8a_B,1.0113506833914891,53.80118370671213,366,366,True
7tpt,7tpt_L,7tpt_M,0_7797_34,3j8a,0_7797_0,3j8a_D,3j8a_A,1.0398615808838767,1.3855683925610425,366,366,False
7tpt,7tpt_L,7tpt_M,0_7797_34,5yu8,0_7797_10,5yu8_B,5yu8_A,2.634308368630121,7.539695239606905,360,360,False
7tpt,7tpt_L,7tpt_M,0_7797_34,5yu8,0_7797_12,5yu8_C,5yu8_A,2.6343419813765734,49.653706848662736,360,360,False
7tpt,7tpt_L,7tpt_N,0_7797_35,3j8a,0_7797_1,3j8a_A,3j8a_B,1.0113506833914891,1.7142656849244147,366,366,True
7tpt,7tpt_L,7tpt_N,0_7797_35,3j8a,0_7797_0,3j8a_D,3j8a_A,1.0398615808838767,53.89412663268708,366,366,False
7tpt,7tpt_L,7tpt_N,0_7797_35,5yu8,0_7797_10,5yu8_B,5yu8_A,2.634308368630121,58.51733521937273,360,360,False
7tpt,7tpt_L,7tpt_N,0_7797_35,5yu8,0_7797_12,5yu8_C,5yu8_A,2.6343419813765734,7.872640936021317,360,360,False
7tpt,7tpt_M,7tpt_N,0_7797_34,3j8a,0_7797_1,3j8a_A,3j8a_B,1.0088666162391169,54.001348776462905,366,366,True
7tpt,7tpt_M,7tpt_N,0_7797_34,3j8a,0_7797_0,3j8a_D,3j8a_A,1.0387044830188636,1.3578717447636106,366,366,False
7tpt,7tpt_M,7tpt_N,0_7797_34,5yu8,0_7797_10,5yu8_B,5yu8_A,2.643610994698965,7.3397604112655435,360,360,False
7tpt,7tpt_M,7tpt_N,0_7797_34,5yu8,0_7797_12,5yu8_C,5yu8_A,2.643643084865357,49.84513884938399,360,360,False
7tpt,7tpt_M,7tpt_O,0_7797_35,3j8a,0_7797_1,3j8a_A,3j8a_B,1.0088666162391169,1.792097155105651,366,366,True
7tpt,7tpt_M,7tpt_O,0_7797_35,3j8a,0_7797_0,3j8a_D,3j8a_A,1.0387044830188636,53.8679131432815,366,366,False
7tpt,7tpt_M,7tpt_O,0_7797_35,5yu8,0_7797_10,5yu8_B,5yu8_A,2.643610994698965,58.489642526667794,360,360,False
7tpt,7tpt_M,7tpt_O,0_7797_35,5yu8,0_7797_12,5yu8_C,5yu8_A,2.643643084865357,7.817618243506201,360,360,False
7tpt,7tpt_N,7tpt_O,0_7797_0,3j8a,0_7797_1,3j8a_A,3j8a_B,1.011918018647046,53.84955747243797,366,366,True
7tpt,7tpt_N,7tpt_O,0_7797_0,3j8a,0_7797_0,3j8a_D,3j8a_A,1.0397958252509396,1.414464458983265,366,366,False
7tpt,7tpt_N,7tpt_O,0_7797_0,5yu8,0_7797_10,5yu8_B,5yu8_A,2.6342979934946174,7.557618097700344,360,360,False
7tpt,7tpt_N,7tpt_O,0_7797_0,5yu8,0_7797_12,5yu8_C,5yu8_A,2.634331602765199,49.686449238972344,360,360,False
7tpt,7tpt_N,7tpt_P,0_7797_1,3j8a,0_7797_1,3j8a_A,3j8a_B,1.011918018647046,1.808074593847735,366,366,True
7tpt,7tpt_N,7tpt_P,0_7797_1,3j8a,0_7797_0,3j8a_D,3j8a_A,1.0397958252509396,53.945437285335736,366,366,False
7tpt,7tpt_N,7tpt_P,0_7797_1,5yu8,0_7797_10,5yu8_B,5yu8_A,2.6342979934946174,58.58021987542556,360,360,False
7tpt,7tpt_N,7tpt_P,0_7797_1,5yu8,0_7797_12,5yu8_C,5yu8_A,2.634331602765199,7.994726845743428,360,360,False
7tpt,7tpt_O,7tpt_P,0_7797_0,3j8a,0_7797_1,3j8a_A,3j8a_B,1.0691420517929127,53.38192155521797,366,366,True
7tpt,7tpt_O,7tpt_P,0_7797_0,3j8a,0_7797_0,3j8a_D,3j8a_A,1.083144817972816,1.6488106913944218,366,366,False
7tpt,7tpt_O,7tpt_P,0_7797_0,5yu8,0_7797_10,5yu8_B,5yu8_A,2.610592271542621,8.154887150305223,360,360,False
7tpt,7tpt_O,7tpt_P,0_7797_0,5yu8,0_7797_12,5yu8_C,5yu8_A,2.61062103548938,49.372953618042914,360,360,False
7tpt,7tpt_O,7tpt_Q,0_7797_33,3j8a,0_7797_1,3j8a_A,3j8a_B,1.0691420517929127,1.7662738046503443,366,366,True
7tpt,7tpt_O,7tpt_Q,0_7797_33,3j8a,0_7797_0,3j8a_D,3j8a_A,1.083144817972816,54.53872793249046,366,366,False
7tpt,7tpt_O,7tpt_Q,0_7797_33,5yu8,0_7797_10,5yu8_B,5yu8_A,2.610592271542621,59.08813597474411,360,360,False
7tpt,7tpt_O,7tpt_Q,0_7797_33,5yu8,0_7797_12,5yu8_C,5yu8_A,2.61062103548938,8.801208690344597,360,360,False
7tpt,7tpt_P,7tpt_Q,0_7797_0,3j8a,0_7797_1,3j8a_A,3j8a_B,1.0389461098368684,53.51700997300067,366,366,True
7tpt,7tpt_P,7tpt_Q,0_7797_0,3j8a,0_7797_0,3j8a_D,3j8a_A,1.063538078357048,1.8194337705020436,366,366,False
7tpt,7tpt_P,7tpt_Q,0_7797_0,5yu8,0_7797_10,5yu8_B,5yu8_A,2.6432880622166937,8.113419372708147,360,360,False
7tpt,7tpt_P,7tpt_Q,0_7797_0,5yu8,0_7797_12,5yu8_C,5yu8_A,2.6433245209091725,49.41281185326279,360,360,False
7tpt,7tpt_P,7tpt_R,0_7797_1,3j8a,0_7797_1,3j8a_A,3j8a_B,1.0389461098368684,2.6596858208474883,366,366,True
7tpt,7tpt_P,7tpt_R,0_7797_1,3j8a,0_7797_0,3j8a_D,3j8a_A,1.063538078357048,54.21635098985767,366,366,False
7tpt,7tpt_P,7tpt_R,0_7797_1,5yu8,0_7797_10,5yu8_B,5yu8_A,2.6432880622166937,58.828889707476876,360,360,False
7tpt,7tpt_P,7tpt_R,0_7797_1,5yu8,0_7797_12,5yu8_C,5yu8_A,2.6433245209091725,8.202178658185195,360,360,False
7tpt,7tpt_Q,7tpt_R,0_7797_0,3j8a,0_7797_1,3j8a_A,3j8a_B,1.0054665716447773,53.650102361381826,366,366,True
7tpt,7tpt_Q,7tpt_R,0_7797_0,3j8a,0_7797_0,3j8a_D,3j8a_A,1.0340664733001406,1.2749294315881605,366,366,False
7tpt,7tpt_Q,7tpt_R,0_7797_0,5yu8,0_7797_10,5yu8_B,5yu8_A,2.636883023310985,7.771069109110871,360,360,False
7tpt,7tpt_Q,7tpt_R,0_7797_0,5yu8,0_7797_12,5yu8_C,5yu8_A,2.6369162012608918,49.49441876341111,360,360,False
7tpt,7tpt_Q,7tpt_S,0_7797_1,3j8a,0_7797_1,3j8a_A,3j8a_B,1.0054665716447773,1.6587287246868314,366,366,True
7tpt,7tpt_Q,7tpt_S,0_7797_1,3j8a,0_7797_0,3j8a_D,3j8a_A,1.0340664733001406,54.138475105117955,366,366,False
7tpt,7tpt_Q,7tpt_S,0_7797_1,5yu8,0_7797_10,5yu8_B,5yu8_A,2.636883023310985,58.789128088650955,360,360,False
7tpt,7tpt_Q,7tpt_S,0_7797_1,5yu8,0_7797_12,5yu8_C,5yu8_A,2.6369162012608918,8.22314494543404,360,360,False
7tpt,7tpt_R,7tpt_S,0_7797_0,3j8a,0_7797_1,3j8a_A,3j8a_B,1.0130547656855664,53.58670791316021,366,366,True
7tpt,7tpt_R,7tpt_S,0_7797_0,3j8a,0_7797_0,3j8a_D,3j8a_A,1.0411917988736585,1.3289412960272509,366,366,False
7tpt,7tpt_R,7tpt_S,0_7797_0,5yu8,0_7797_10,5yu8_B,5yu8_A,2.634322600111748,7.736073978641643,360,360,False
7tpt,7tpt_R,7tpt_S,0_7797_0,5yu8,0_7797_12,5yu8_C,5yu8_A,2.6343562119659962,49.43402724445423,360,360,False
7tpt,7tpt_R,7tpt_T,0_7797_33,3j8a,0_7797_1,3j8a_A,3j8a_B,1.0130547656855664,1.6367651028660062,366,366,True
7tpt,7tpt_R,7tpt_T,0_7797_33,3j8a,0_7797_0,3j8a_D,3j8a_A,1.0411917988736585,53.977718405299974,366,366,False
7tpt,7tpt_R,7tpt_T,0_7797_33,5yu8,0_7797_10,5yu8_B,5yu8_A,2.634322600111748,58.6257618077245,360,360,False
7tpt,7tpt_R,7tpt_T,0_7797_33,5yu8,0_7797_12,5yu8_C,5yu8_A,2.6343562119659962,8.007352983543965,360,360,False
7tpt,7tpt_S,7tpt_T,0_7797_34,3j8a,0_7797_1,3j8a_A,3j8a_B,1.0113806516126194,53.95733795658274,366,366,True
7tpt,7tpt_S,7tpt_T,0_7797_34,3j8a,0_7797_0,3j8a_D,3j8a_A,1.0398964906371702,1.2929670678283811,366,366,False
7tpt,7tpt_S,7tpt_T,0_7797_34,5yu8,0_7797_10,5yu8_B,5yu8_A,2.634321939190054,7.307023732606757,360,360,False
7tpt,7tpt_S,7tpt_T,0_7797_34,5yu8,0_7797_12,5yu8_C,5yu8_A,2.634355552255387,49.826751602446436,360,360,False
7tpt,7tpt_S,7tpt_U,0_7797_33,3j8a,0_7797_1,3j8a_A,3j8a_B,1.0113806516126194,1.8013579978590328,366,366,True
7tpt,7tpt_S,7tpt_U,0_7797_33,3j8a,0_7797_0,3j8a_D,3j8a_A,1.0398964906371702,53.599737314383766,366,366,False
7tpt,7tpt_S,7tpt_U,0_7797_33,5yu8,0_7797_10,5yu8_B,5yu8_A,2.634321939190054,58.20693346231958,360,360,False
7tpt,7tpt_S,7tpt_U,0_7797_33,5yu8,0_7797_12,5yu8_C,5yu8_A,2.634355552255387,7.522132592653163,360,360,False
7tpt,7tpt_T,7tpt_U,0_7797_34,3j8a,0_7797_1,3j8a_A,3j8a_B,1.0113862399066447,53.65015672426074,366,366,True
7tpt,7tpt_T,7tpt_U,0_7797_34,3j8a,0_7797_0,3j8a_D,3j8a_A,1.039900889742412,1.2011227273575573,366,366,False
7tpt,7tpt_T,7tpt_U,0_7797_34,5yu8,0_7797_10,5yu8_B,5yu8_A,2.634312899301172,7.724422325787056,360,360,False
7tpt,7tpt_T,7tpt_U,0_7797_34,5yu8,0_7797_12,5yu8_C,5yu8_A,2.6343465161018322,49.51262872546874,360,360,False
7utj,7utj_A,7utj_B,0_7797_0,3j8a,0_7797_1,3j8a_A,3j8a_B,1.2084606592774088,52.674381488974916,366,366,False
7utj,7utj_A,7utj_B,0_7797_0,3j8a,0_7797_0,3j8a_D,3j8a_A,1.2084606592774088,1.5091068398577605,366,366,True
7utj,7utj_A,7utj_B,0_7797_0,5yu8,0_7797_10,5yu8_B,5yu8_A,2.679820820163327,8.350565826647635,359,359,True
7utj,7utj_A,7utj_B,0_7797_0,5yu8,0_7797_12,5yu8_C,5yu8_A,2.679820820163327,54.98059190858832,359,359,True
7utj,7utj_A,7utj_C,0_7797_1,3j8a,0_7797_1,3j8a_A,3j8a_B,1.2084606592774088,1.3154522819710115,366,366,False
7utj,7utj_A,7utj_C,0_7797_1,3j8a,0_7797_0,3j8a_D,3j8a_A,1.2084606592774088,53.59210042235865,366,366,True
7utj,7utj_A,7utj_C,0_7797_1,5yu8,0_7797_10,5yu8_B,5yu8_A,2.679820820163327,52.22723179517223,359,359,True
7utj,7utj_A,7utj_C,0_7797_1,5yu8,0_7797_12,5yu8_C,5yu8_A,2.679820820163327,6.344086164885144,359,359,True
7utj,7utj_B,7utj_C,0_7797_0,3j8a,0_7797_1,3j8a_A,3j8a_B,1.2081416348214928,52.68830237752963,366,366,False
7utj,7utj_B,7utj_C,0_7797_0,3j8a,0_7797_0,3j8a_D,3j8a_A,1.2081416348214928,1.5145058965161087,366,366,True
7utj,7utj_B,7utj_C,0_7797_0,5yu8,0_7797_10,5yu8_B,5yu8_A,2.679982493644127,8.410383779248878,359,359,True
7utj,7utj_B,7utj_C,0_7797_0,5yu8,0_7797_12,5yu8_C,5yu8_A,2.679982493644127,54.996565209384904,359,359,True
7utj,7utj_B,7utj_D,0_7797_1,3j8a,0_7797_1,3j8a_A,3j8a_B,1.2081416348214928,1.3113392483624,366,366,False
7utj,7utj_B,7utj_D,0_7797_1,3j8a,0_7797_0,3j8a_D,3j8a_A,1.2081416348214928,53.56785815431331,366,366,True
7utj,7utj_B,7utj_D,0_7797_1,5yu8,0_7797_10,5yu8_B,5yu8_A,2.679982493644127,52.20274395197605,359,359,True
7utj,7utj_B,7utj_D,0_7797_1,5yu8,0_7797_12,5yu8_C,5yu8_A,2.679982493644127,6.35393962176074,359,359,True
7utj,7utj_C,7utj_D,0_7797_0,3j8a,0_7797_1,3j8a_A,3j8a_B,1.2087136744382543,52.68313665294004,366,366,False
7utj,7utj_C,7utj_D,0_7797_0,3j8a,0_7797_0,3j8a_D,3j8a_A,1.2087136744382543,1.5185107704174137,366,366,True
7utj,7utj_C,7utj_D,0_7797_0,5yu8,0_7797_10,5yu8_B,5yu8_A,2.680061420704936,8.399942407022976,359,359,True
7utj,7utj_C,7utj_D,0_7797_0,5yu8,0_7797_12,5yu8_C,5yu8_A,2.680061420704936,54.991920599023565,359,359,True
7utj,7utj_C,7utj_E,0_7797_1,3j8a,0_7797_1,3j8a_A,3j8a_B,1.2087136744382543,1.3044586378235439,366,366,False
7utj,7utj_C,7utj_E,0_7797_1,3j8a,0_7797_0,3j8a_D,3j8a_A,1.2087136744382543,53.5855626630792,366,366,True
7utj,7utj_C,7utj_E,0_7797_1,5yu8,0_7797_10,5yu8_B,5yu8_A,2.680061420704936,52.2267675907832,359,359,True
7utj,7utj_C,7utj_E,0_7797_1,5yu8,0_7797_12,5yu8_C,5yu8_A,2.680061420704936,6.363534390132094,359,359,True
7utj,7utj_D,7utj_E,0_7797_0,3j8a,0_7797_1,3j8a_A,3j8a_B,1.2085858822001156,52.67029863403562,366,366,False
7utj,7utj_D,7utj_E,0_7797_0,3j8a,0_7797_0,3j8a_D,3j8a_A,1.2085858822001156,1.5312863142305833,366,366,True
7utj,7utj_D,7utj_E,0_7797_0,5yu8,0_7797_10,5yu8_B,5yu8_A,2.6801838668940805,8.408465002518593,359,359,True
7utj,7utj_D,7utj_E,0_7797_0,5yu8,0_7797_12,5yu8_C,5yu8_A,2.6801838668940805,54.98199581826525,359,359,True
7utj,7utj_D,7utj_F,0_7797_1,3j8a,0_7797_1,3j8a_A,3j8a_B,1.2085858822001156,1.3099680893131362,366,366,False
7utj,7utj_D,7utj_F,0_7797_1,3j8a,0_7797_0,3j8a_D,3j8a_A,1.2085858822001156,53.57281660411316,366,366,True
7utj,7utj_D,7utj_F,0_7797_1,5yu8,0_7797_10,5yu8_B,5yu8_A,2.6801838668940805,52.21252380420487,359,359,True
7utj,7utj_D,7utj_F,0_7797_1,5yu8,0_7797_12,5yu8_C,5yu8_A,2.6801838668940805,6.388581770111339,359,359,True
7utj,7utj_E,7utj_F,0_7797_0,3j8a,0_7797_1,3j8a_A,3j8a_B,1.2083193018217844,52.660983852258845,366,366,False
7utj,7utj_E,7utj_F,0_7797_0,3j8a,0_7797_0,3j8a_D,3j8a_A,1.2083193018217844,1.5408331766875754,366,366,True
7utj,7utj_E,7utj_F,0_7797_0,5yu8,0_7797_10,5yu8_B,5yu8_A,2.6797047119748103,8.423658824188013,359,359,True
7utj,7utj_E,7utj_F,0_7797_0,5yu8,0_7797_12,5yu8_C,5yu8_A,2.6797047119748103,54.97070868398114,359,359,True
7uuw,7uuw_A,7uuw_B,0_7797_0,3j8a,0_7797_1,3j8a_A,3j8a_B,1.1192396060638101,52.865199773082715,366,366,False
7uuw,7uuw_A,7uuw_B,0_7797_0,3j8a,0_7797_0,3j8a_D,3j8a_A,1.1192396060638101,1.3750995326686521,366,366,True
7uuw,7uuw_A,7uuw_B,0_7797_0,5yu8,0_7797_10,5yu8_B,5yu8_A,2.667155929578178,8.403045977494632,359,359,True
7uuw,7uuw_A,7uuw_B,0_7797_0,5yu8,0_7797_12,5yu8_C,5yu8_A,2.667155929578178,55.14755933327261,359,359,True
7uuw,7uuw_A,7uuw_C,0_7797_1,3j8a,0_7797_1,3j8a_A,3j8a_B,1.1192396060638101,1.3283622033930773,366,366,False
7uuw,7uuw_A,7uuw_C,0_7797_1,3j8a,0_7797_0,3j8a_D,3j8a_A,1.1192396060638101,53.908812126236484,366,366,True
7uuw,7uuw_A,7uuw_C,0_7797_1,5yu8,0_7797_10,5yu8_B,5yu8_A,2.667155929578178,52.56080194477525,359,359,True
7uuw,7uuw_A,7uuw_C,0_7797_1,5yu8,0_7797_12,5yu8_C,5yu8_A,2.667155929578178,6.335951907763644,359,359,True
7uuw,7uuw_B,7uuw_C,0_7797_0,3j8a,0_7797_1,3j8a_A,3j8a_B,1.1192108812324295,52.84952421416163,366,366,False
7uuw,7uuw_B,7uuw_C,0_7797_0,3j8a,0_7797_0,3j8a_D,3j8a_A,1.1192108812324295,1.3879961299143397,366,366,True
7uuw,7uuw_B,7uuw_C,0_7797_0,5yu8,0_7797_10,5yu8_B,5yu8_A,2.6671487032682695,8.405100407011354,359,359,True
7uuw,7uuw_B,7uuw_C,0_7797_0,5yu8,0_7797_12,5yu8_C,5yu8_A,2.6671487032682695,55.1321522323328,359,359,True
7uuw,7uuw_B,7uuw_D,0_7797_1,3j8a,0_7797_1,3j8a_A,3j8a_B,1.1192108812324295,1.336987116875422,366,366,False
7uuw,7uuw_B,7uuw_D,0_7797_1,3j8a,0_7797_0,3j8a_D,3j8a_A,1.1192108812324295,53.92289843924843,366,366,True
7uuw,7uuw_B,7uuw_D,0_7797_1,5yu8,0_7797_10,5yu8_B,5yu8_A,2.6671487032682695,52.5729970726961,359,359,True
7uuw,7uuw_B,7uuw_D,0_7797_1,5yu8,0_7797_12,5yu8_C,5yu8_A,2.6671487032682695,6.323379534709186,359,359,True
7uuw,7uuw_C,7uuw_D,0_7797_0,3j8a,0_7797_1,3j8a_A,3j8a_B,1.119249666274909,52.853880011363486,366,366,False
7uuw,7uuw_C,7uuw_D,0_7797_0,3j8a,0_7797_0,3j8a_D,3j8a_A,1.119249666274909,1.3935522746284081,366,366,True
7uuw,7uuw_C,7uuw_D,0_7797_0,5yu8,0_7797_10,5yu8_B,5yu8_A,2.6671355290556584,8.427565176207466,359,359,True
7uuw,7uuw_C,7uuw_D,0_7797_0,5yu8,0_7797_12,5yu8_C,5yu8_A,2.6671355290556584,55.13945678950584,359,359,True
7uuw,7uuw_C,7uuw_E,0_7797_1,3j8a,0_7797_1,3j8a_A,3j8a_B,1.119249666274909,1.330684368804091,366,366,False
7uuw,7uuw_C,7uuw_E,0_7797_1,3j8a,0_7797_0,3j8a_D,3j8a_A,1.119249666274909,53.912414498027076,366,366,True
7uuw,7uuw_C,7uuw_E,0_7797_1,5yu8,0_7797_10,5yu8_B,5yu8_A,2.6671355290556584,52.56838071828917,359,359,True
7uuw,7uuw_C,7uuw_E,0_7797_1,5yu8,0_7797_12,5yu8_C,5yu8_A,2.6671355290556584,6.372979104811113,359,359,True
7uuw,7uuw_D,7uuw_E,0_7797_0,3j8a,0_7797_1,3j8a_A,3j8a_B,1.1192478763845337,52.83542658274883,366,366,False
7uuw,7uuw_D,7uuw_E,0_7797_0,3j8a,0_7797_0,3j8a_D,3j8a_A,1.1192478763845337,1.4005524194697792,366,366,True
7uuw,7uuw_D,7uuw_E,0_7797_0,5yu8,0_7797_10,5yu8_B,5yu8_A,2.6671580121736764,8.404984126448833,359,359,True
7uuw,7uuw_D,7uuw_E,0_7797_0,5yu8,0_7797_12,5yu8_C,5yu8_A,2.6671580121736764,55.117876912183334,359,359,True
7uuw,7uuw_D,7uuw_F,0_7797_1,3j8a,0_7797_1,3j8a_A,3j8a_B,1.1192478763845337,1.3462437600531731,366,366,False
7uuw,7uuw_D,7uuw_F,0_7797_1,3j8a,0_7797_0,3j8a_D,3j8a_A,1.1192478763845337,53.93052078744692,366,366,True
7uuw,7uuw_D,7uuw_F,0_7797_1,5yu8,0_7797_10,5yu8_B,5yu8_A,2.6671580121736764,52.58065434010996,359,359,True
7uuw,7uuw_D,7uuw_F,0_7797_1,5yu8,0_7797_12,5yu8_C,5yu8_A,2.6671580121736764,6.327323134410052,359,359,True
7uuw,7uuw_E,7uuw_F,0_7797_0,3j8a,0_7797_1,3j8a_A,3j8a_B,1.1192565854391814,52.82920642141387,366,366,False
7uuw,7uuw_E,7uuw_F,0_7797_0,3j8a,0_7797_0,3j8a_D,3j8a_A,1.1192565854391814,1.4031926394776486,366,366,True
7uuw,7uuw_E,7uuw_F,0_7797_0,5yu8,0_7797_10,5yu8_B,5yu8_A,2.6671720743583807,8.39401562070365,359,359,True
7uuw,7uuw_E,7uuw_F,0_7797_0,5yu8,0_7797_12,5yu8_C,5yu8_A,2.6671720743583807,55.111113153364855,359,359,True
7uxf,7uxf_A,7uxf_B,0_7797_0,3j8a,0_7797_1,3j8a_A,3j8a_B,1.1569575785338666,52.92835131228279,366,366,False
7uxf,7uxf_A,7uxf_B,0_7797_0,3j8a,0_7797_0,3j8a_D,3j8a_A,1.1569575785338666,1.3383007585106592,366,366,True
7uxf,7uxf_A,7uxf_B,0_7797_0,5yu8,0_7797_10,5yu8_B,5yu8_A,2.6689891014202414,8.43827281645826,359,359,True
7uxf,7uxf_A,7uxf_B,0_7797_0,5yu8,0_7797_12,5yu8_C,5yu8_A,2.6689891014202414,55.074984797526035,359,359,True
7uxf,7uxf_A,7uxf_C,0_7797_1,3j8a,0_7797_1,3j8a_A,3j8a_B,1.1569575785338666,1.2089550072600628,366,366,False
7uxf,7uxf_A,7uxf_C,0_7797_1,3j8a,0_7797_0,3j8a_D,3j8a_A,1.1569575785338666,53.48287676785718,366,366,True
7uxf,7uxf_A,7uxf_C,0_7797_1,5yu8,0_7797_10,5yu8_B,5yu8_A,2.6689891014202414,52.24993876706374,359,359,True
7uxf,7uxf_A,7uxf_C,0_7797_1,5yu8,0_7797_12,5yu8_C,5yu8_A,2.6689891014202414,6.391737728683277,359,359,True
7uxf,7uxf_B,7uxf_C,0_7797_0,3j8a,0_7797_1,3j8a_A,3j8a_B,1.157183519783427,52.92789915441411,366,366,False
7uxf,7uxf_B,7uxf_C,0_7797_0,3j8a,0_7797_0,3j8a_D,3j8a_A,1.157183519783427,1.3370741211452475,366,366,True
7uxf,7uxf_B,7uxf_C,0_7797_0,5yu8,0_7797_10,5yu8_B,5yu8_A,2.6690462830854615,8.43241367899122,359,359,True
7uxf,7uxf_B,7uxf_C,0_7797_0,5yu8,0_7797_12,5yu8_C,5yu8_A,2.6690462830854615,55.074375171687656,359,359,True
7uxf,7uxf_B,7uxf_D,0_7797_1,3j8a,0_7797_1,3j8a_A,3j8a_B,1.157183519783427,1.210818075646133,366,366,False
7uxf,7uxf_B,7uxf_D,0_7797_1,3j8a,0_7797_0,3j8a_D,3j8a_A,1.157183519783427,53.47799185688761,366,366,True
7uxf,7uxf_B,7uxf_D,0_7797_1,5yu8,0_7797_10,5yu8_B,5yu8_A,2.6690462830854615,52.24361492134805,359,359,True
7uxf,7uxf_B,7uxf_D,0_7797_1,5yu8,0_7797_12,5yu8_C,5yu8_A,2.6690462830854615,6.39320791058066,359,359,True
7uxf,7uxf_C,7uxf_D,0_7797_0,3j8a,0_7797_1,3j8a_A,3j8a_B,1.1567064777824767,52.91229484607081,366,366,False
7uxf,7uxf_C,7uxf_D,0_7797_0,3j8a,0_7797_0,3j8a_D,3j8a_A,1.1567064777824767,1.3485233664992995,366,366,True
7uxf,7uxf_C,7uxf_D,0_7797_0,5yu8,0_7797_10,5yu8_B,5yu8_A,2.6691620264773386,8.435592055185245,359,359,True
7uxf,7uxf_C,7uxf_D,0_7797_0,5yu8,0_7797_12,5yu8_C,5yu8_A,2.6691620264773386,55.05779359054559,359,359,True
7uxf,7uxf_C,7uxf_E,0_7797_1,3j8a,0_7797_1,3j8a_A,3j8a_B,1.1567064777824767,1.2203823959869031,366,366,False
7uxf,7uxf_C,7uxf_E,0_7797_1,3j8a,0_7797_0,3j8a_D,3j8a_A,1.1567064777824767,53.50967592046705,366,366,True
7uxf,7uxf_C,7uxf_E,0_7797_1,5yu8,0_7797_10,5yu8_B,5yu8_A,2.6691620264773386,52.275296149627955,359,359,True
7uxf,7uxf_C,7uxf_E,0_7797_1,5yu8,0_7797_12,5yu8_C,5yu8_A,2.6691620264773386,6.372828461193545,359,359,True
7uxf,7uxf_D,7uxf_E,0_7797_0,3j8a,0_7797_1,3j8a_A,3j8a_B,1.1586678951285747,52.9415217928928,366,366,False
7uxf,7uxf_D,7uxf_E,0_7797_0,3j8a,0_7797_0,3j8a_D,3j8a_A,1.1586678951285747,1.3316534711389878,366,366,True
7uxf,7uxf_D,7uxf_E,0_7797_0,5yu8,0_7797_10,5yu8_B,5yu8_A,2.668507020405466,8.43580690132036,359,359,True
7uxf,7uxf_D,7uxf_E,0_7797_0,5yu8,0_7797_12,5yu8_C,5yu8_A,2.668507020405466,55.08891517899717,359,359,True
7uxf,7uxf_D,7uxf_F,0_7797_1,3j8a,0_7797_1,3j8a_A,3j8a_B,1.1586678951285747,1.1988158769152868,366,366,False
7uxf,7uxf_D,7uxf_F,0_7797_1,3j8a,0_7797_0,3j8a_D,3j8a_A,1.1586678951285747,53.4512074958905,366,366,True
7uxf,7uxf_D,7uxf_F,0_7797_1,5yu8,0_7797_10,5yu8_B,5yu8_A,2.668507020405466,52.221977283961195,359,359,True
7uxf,7uxf_D,7uxf_F,0_7797_1,5yu8,0_7797_12,5yu8_C,5yu8_A,2.668507020405466,6.428205392604419,359,359,True
7uxf,7uxf_E,7uxf_F,0_7797_0,3j8a,0_7797_1,3j8a_A,3j8a_B,1.1570752523378125,52.910964753366876,366,366,False
7uxf,7uxf_E,7uxf_F,0_7797_0,3j8a,0_7797_0,3j8a_D,3j8a_A,1.1570752523378125,1.345851361053235,366,366,True
7uxf,7uxf_E,7uxf_F,0_7797_0,5yu8,0_7797_10,5yu8_B,5yu8_A,2.6690872015016014,8.424219045772883,359,359,True
7uxf,7uxf_E,7uxf_F,0_7797_0,5yu8,0_7797_12,5yu8_C,5yu8_A,2.6690872015016014,55.056618455843704,359,359,True
7z7h,7z7h_B,7z7h_A,0_7797_0,3j8a,0_7797_1,3j8a_A,3j8a_B,1.2123713067236401,53.37432637304566,366,366,True
7z7h,7z7h_B,7z7h_A,0_7797_0,3j8a,0_7797_0,3j8a_D,3j8a_A,1.2345444784322988,2.2454545288589283,366,366,False
7z7h,7z7h_B,7z7h_A,0_7797_0,5yu8,0_7797_10,5yu8_B,5yu8_A,2.6330028959695877,8.48065855270515,360,360,False
7z7h,7z7h_B,7z7h_A,0_7797_0,5yu8,0_7797_12,5yu8_C,5yu8_A,2.63303001194509,49.195992762000046,360,360,False
7z7h,7z7h_C,7z7h_A,0_7797_1,3j8a,0_7797_1,3j8a_A,3j8a_B,1.1341535594411192,2.3828672157343407,366,366,True
7z7h,7z7h_C,7z7h_A,0_7797_1,3j8a,0_7797_0,3j8a_D,3j8a_A,1.1648704161292842,54.90394102014145,366,366,False
7z7h,7z7h_C,7z7h_A,0_7797_1,5yu8,0_7797_10,5yu8_B,5yu8_A,2.6775987390847953,59.598699691736286,360,360,False
7z7h,7z7h_C,7z7h_A,0_7797_1,5yu8,0_7797_12,5yu8_C,5yu8_A,2.6776264313875235,8.725325065665226,360,360,False
7z7h,7z7h_B,7z7h_C,0_7797_0,3j8a,0_7797_1,3j8a_A,3j8a_B,1.2453489112123097,53.54245314146598,366,366,False
7z7h,7z7h_B,7z7h_C,0_7797_0,3j8a,0_7797_0,3j8a_D,3j8a_A,1.2453489112123097,1.561827135365814,366,366,True
7z7h,7z7h_B,7z7h_C,0_7797_0,5yu8,0_7797_10,5yu8_B,5yu8_A,2.6330199193140986,8.513964285231902,360,360,True
7z7h,7z7h_B,7z7h_C,0_7797_0,5yu8,0_7797_12,5yu8_C,5yu8_A,2.6330199193140986,55.72595583254808,360,360,True
7z7h,7z7h_D,7z7h_B,0_7797_1,3j8a,0_7797_1,3j8a_A,3j8a_B,1.161271989284804,2.52427834983854,366,366,True
7z7h,7z7h_D,7z7h_B,0_7797_1,3j8a,0_7797_0,3j8a_D,3j8a_A,1.1857432135845367,54.607357992287234,366,366,False
7z7h,7z7h_D,7z7h_B,0_7797_1,5yu8,0_7797_10,5yu8_B,5yu8_A,2.641041796941433,59.17294599996178,360,360,False
7z7h,7z7h_D,7z7h_B,0_7797_1,5yu8,0_7797_12,5yu8_C,5yu8_A,2.641076557388106,8.037380772696093,360,360,False
7z7h,7z7h_D,7z7h_C,0_7797_0,3j8a,0_7797_1,3j8a_A,3j8a_B,1.161271989284804,53.6834857454823,366,366,True
7z7h,7z7h_D,7z7h_C,0_7797_0,3j8a,0_7797_0,3j8a_D,3j8a_A,1.1857432135845367,2.301643719638866,366,366,False
7z7h,7z7h_D,7z7h_C,0_7797_0,5yu8,0_7797_10,5yu8_B,5yu8_A,2.641041796941433,8.183850954821231,360,360,False
7z7h,7z7h_D,7z7h_C,0_7797_0,5yu8,0_7797_12,5yu8_C,5yu8_A,2.641076557388106,49.49391649149022,360,360,False
7z7h,7z7h_E,7z7h_C,0_7797_1,3j8a,0_7797_1,3j8a_A,3j8a_B,1.1687109003686382,2.467828453203021,366,366,True
7z7h,7z7h_E,7z7h_C,0_7797_1,3j8a,0_7797_0,3j8a_D,3j8a_A,1.1910532604986308,55.01811702891951,366,366,False
7z7h,7z7h_E,7z7h_C,0_7797_1,5yu8,0_7797_10,5yu8_B,5yu8_A,2.6217749736523595,59.71623175430725,360,360,False
7z7h,7z7h_E,7z7h_C,0_7797_1,5yu8,0_7797_12,5yu8_C,5yu8_A,2.6217965793981675,8.960805610284766,360,360,False
7z7h,7z7h_D,7z7h_E,0_7797_0,3j8a,0_7797_1,3j8a_A,3j8a_B,1.1995009893402055,53.37580313338692,366,366,False
7z7h,7z7h_D,7z7h_E,0_7797_0,3j8a,0_7797_0,3j8a_D,3j8a_A,1.1995009893402055,1.8593132227257099,366,366,True
7z7h,7z7h_D,7z7h_E,0_7797_0,5yu8,0_7797_10,5yu8_B,5yu8_A,2.64106599508035,8.783113880198057,360,360,True
7z7h,7z7h_D,7z7h_E,0_7797_0,5yu8,0_7797_12,5yu8_C,5yu8_A,2.64106599508035,55.585633255420646,360,360,True
7z7i,7z7i_B,7z7i_A,0_7797_0,3j8a,0_7797_1,3j8a_A,3j8a_B,1.0529040589720078,53.885218605260114,366,366,True
7z7i,7z7i_B,7z7i_A,0_7797_0,3j8a,0_7797_0,3j8a_D,3j8a_A,1.0757119647200035,1.877432955249188,366,366,False
7z7i,7z7i_B,7z7i_A,0_7797_0,5yu8,0_7797_10,5yu8_B,5yu8_A,2.607835274371126,7.688560079643137,360,360,False
7z7i,7z7i_B,7z7i_A,0_7797_0,5yu8,0_7797_12,5yu8_C,5yu8_A,2.6078720981777166,49.70337191822872,360,360,False
7z7i,7z7i_C,7z7i_A,0_7797_1,3j8a,0_7797_1,3j8a_A,3j8a_B,1.052894861200006,2.1270884368471044,366,366,True
7z7i,7z7i_C,7z7i_A,0_7797_1,3j8a,0_7797_0,3j8a_D,3j8a_A,1.0757051094469359,54.772595092632905,366,366,False
7z7i,7z7i_C,7z7i_A,0_7797_1,5yu8,0_7797_10,5yu8_B,5yu8_A,2.6078316521084517,59.363347931858485,360,360,False
7z7i,7z7i_C,7z7i_A,0_7797_1,5yu8,0_7797_12,5yu8_C,5yu8_A,2.6078684820025964,8.493626443168791,360,360,False
7z7i,7z7i_B,7z7i_C,0_7797_0,3j8a,0_7797_1,3j8a_A,3j8a_B,1.0816723935746437,53.2904605907286,366,366,False
7z7i,7z7i_B,7z7i_C,0_7797_0,3j8a,0_7797_0,3j8a_D,3j8a_A,1.0816723935746437,1.908160903204089,366,366,True
7z7i,7z7i_B,7z7i_C,0_7797_0,5yu8,0_7797_10,5yu8_B,5yu8_A,2.6078608744847718,9.044000086830408,360,360,True
7z7i,7z7i_B,7z7i_C,0_7797_0,5yu8,0_7797_12,5yu8_C,5yu8_A,2.6078608744847718,55.52910999017039,360,360,True
7z7i,7z7i_D,7z7i_B,0_7797_1,3j8a,0_7797_1,3j8a_A,3j8a_B,1.0528934848120044,2.171207830420946,366,366,True
7z7i,7z7i_D,7z7i_B,0_7797_1,3j8a,0_7797_0,3j8a_D,3j8a_A,1.0757064446137725,54.71470646090871,366,366,False
7z7i,7z7i_D,7z7i_B,0_7797_1,5yu8,0_7797_10,5yu8_B,5yu8_A,2.6078464220420594,59.30206167490724,360,360,False
7z7i,7z7i_D,7z7i_B,0_7797_1,5yu8,0_7797_12,5yu8_C,5yu8_A,2.6078832496251434,8.417498074374095,360,360,False
7z7i,7z7i_D,7z7i_C,0_7797_0,3j8a,0_7797_1,3j8a_A,3j8a_B,1.0528934848120044,53.52164189222424,366,366,True
7z7i,7z7i_D,7z7i_C,0_7797_0,3j8a,0_7797_0,3j8a_D,3j8a_A,1.0757064446137725,1.678762687242007,366,366,False
7z7i,7z7i_D,7z7i_C,0_7797_0,5yu8,0_7797_10,5yu8_B,5yu8_A,2.6078464220420594,7.964423951849307,360,360,False
7z7i,7z7i_D,7z7i_C,0_7797_0,5yu8,0_7797_12,5yu8_C,5yu8_A,2.6078832496251434,49.38160520828378,360,360,False
7z7i,7z7i_E,7z7i_C,0_7797_1,3j8a,0_7797_1,3j8a_A,3j8a_B,1.0529028377674305,2.171224428459675,366,366,True
7z7i,7z7i_E,7z7i_C,0_7797_1,3j8a,0_7797_0,3j8a_D,3j8a_A,1.0757143345137463,54.714706793180945,366,366,False
7z7i,7z7i_E,7z7i_C,0_7797_1,5yu8,0_7797_10,5yu8_B,5yu8_A,2.607841612141664,59.30204675316232,360,360,False
7z7i,7z7i_E,7z7i_C,0_7797_1,5yu8,0_7797_12,5yu8_C,5yu8_A,2.6078784375743704,8.417459743061574,360,360,False
7z7i,7z7i_D,7z7i_E,0_7797_0,3j8a,0_7797_1,3j8a_A,3j8a_B,1.081665937336067,53.18163111697181,366,366,False
7z7i,7z7i_D,7z7i_E,0_7797_0,3j8a,0_7797_0,3j8a_D,3j8a_A,1.081665937336067,1.761060028308456,366,366,True
7z7i,7z7i_D,7z7i_E,0_7797_0,5yu8,0_7797_10,5yu8_B,5yu8_A,2.6078720253232044,8.89060742056336,360,360,True
7z7i,7z7i_D,7z7i_E,0_7797_0,5yu8,0_7797_12,5yu8_C,5yu8_A,2.6078720253232044,55.396593745658734,360,360,True
7ztc,7ztc_A,7ztc_B,0_7797_0,3j8a,0_7797_1,3j8a_A,3j8a_B,0.9777683326608435,53.17528052471029,365,365,False
7ztc,7ztc_A,7ztc_B,0_7797_0,3j8a,0_7797_0,3j8a_D,3j8a_A,0.9777683326608435,1.325773280028369,365,365,True
7ztc,7ztc_A,7ztc_B,0_7797_0,5yu8,0_7797_10,5yu8_B,5yu8_A,2.6144054969665813,8.08392444956272,355,355,True
7ztc,7ztc_A,7ztc_B,0_7797_0,5yu8,0_7797_12,5yu8_C,5yu8_A,2.6144054969665813,55.2499647196217,355,355,True
7ztc,7ztc_A,7ztc_C,0_7797_1,3j8a,0_7797_1,3j8a_A,3j8a_B,0.9777683326608435,1.6116628795012087,365,365,False
7ztc,7ztc_A,7ztc_C,0_7797_1,3j8a,0_7797_0,3j8a_D,3j8a_A,0.9777683326608435,54.31622763840385,365,365,True
7ztc,7ztc_A,7ztc_C,0_7797_1,5yu8,0_7797_10,5yu8_B,5yu8_A,2.6144054969665813,53.005025116558336,355,355,True
7ztc,7ztc_A,7ztc_C,0_7797_1,5yu8,0_7797_12,5yu8_C,5yu8_A,2.6144054969665813,6.137768068388323,355,355,True
7ztc,7ztc_B,7ztc_C,0_7797_0,3j8a,0_7797_1,3j8a_A,3j8a_B,0.9594461881369793,53.177093906307306,365,365,False
7ztc,7ztc_B,7ztc_C,0_7797_0,3j8a,0_7797_0,3j8a_D,3j8a_A,0.9594461881369793,1.331602648081439,365,365,True
7ztc,7ztc_B,7ztc_C,0_7797_0,5yu8,0_7797_10,5yu8_B,5yu8_A,2.6019097480690254,8.157044473521422,355,355,True
7ztc,7ztc_B,7ztc_C,0_7797_0,5yu8,0_7797_12,5yu8_C,5yu8_A,2.6019097480690254,55.272640499443355,355,355,True
7ztc,7ztc_B,7ztc_D,0_7797_1,3j8a,0_7797_1,3j8a_A,3j8a_B,0.9594461881369793,1.6414147652114144,365,365,False
7ztc,7ztc_B,7ztc_D,0_7797_1,3j8a,0_7797_0,3j8a_D,3j8a_A,0.9594461881369793,54.33157908001335,365,365,True
7ztc,7ztc_B,7ztc_D,0_7797_1,5yu8,0_7797_10,5yu8_B,5yu8_A,2.6019097480690254,53.03378040206979,355,355,True
7ztc,7ztc_B,7ztc_D,0_7797_1,5yu8,0_7797_12,5yu8_C,5yu8_A,2.6019097480690254,6.246890203286373,355,355,True
7ztc,7ztc_C,7ztc_D,0_7797_0,3j8a,0_7797_1,3j8a_A,3j8a_B,0.9662758557644497,53.084302567872605,365,365,False
7ztc,7ztc_C,7ztc_D,0_7797_0,3j8a,0_7797_0,3j8a_D,3j8a_A,0.9662758557644497,1.384021241739823,365,365,True
7ztc,7ztc_C,7ztc_D,0_7797_0,5yu8,0_7797_10,5yu8_B,5yu8_A,2.590572638890541,8.141740532250676,355,355,True
7ztc,7ztc_C,7ztc_D,0_7797_0,5yu8,0_7797_12,5yu8_C,5yu8_A,2.590572638890541,55.21783777639682,355,355,True
7ztc,7ztc_C,7ztc_E,0_7797_1,3j8a,0_7797_1,3j8a_A,3j8a_B,0.9662758557644497,1.6719900564469032,365,365,False
7ztc,7ztc_C,7ztc_E,0_7797_1,3j8a,0_7797_0,3j8a_D,3j8a_A,0.9662758557644497,54.40867501952993,365,365,True
7ztc,7ztc_C,7ztc_E,0_7797_1,5yu8,0_7797_10,5yu8_B,5yu8_A,2.590572638890541,53.06427397858195,355,355,True
7ztc,7ztc_C,7ztc_E,0_7797_1,5yu8,0_7797_12,5yu8_C,5yu8_A,2.590572638890541,6.2224863595419695,355,355,True
7ztc,7ztc_D,7ztc_E,0_7797_0,3j8a,0_7797_1,3j8a_A,3j8a_B,0.9698751125686658,53.08979235744341,365,365,False
7ztc,7ztc_D,7ztc_E,0_7797_0,3j8a,0_7797_0,3j8a_D,3j8a_A,0.9698751125686658,1.3621164963267642,365,365,True
7ztc,7ztc_D,7ztc_E,0_7797_0,5yu8,0_7797_10,5yu8_B,5yu8_A,2.599656002487981,8.091239055772927,355,355,True
7ztc,7ztc_D,7ztc_E,0_7797_0,5yu8,0_7797_12,5yu8_C,5yu8_A,2.599656002487981,55.20805739002009,355,355,True
7ztc,7ztc_D,7ztc_F,0_7797_1,3j8a,0_7797_1,3j8a_A,3j8a_B,0.9698751125686658,1.66799228969595,365,365,False
7ztc,7ztc_D,7ztc_F,0_7797_1,3j8a,0_7797_0,3j8a_D,3j8a_A,0.9698751125686658,54.42265460812092,365,365,True
7ztc,7ztc_D,7ztc_F,0_7797_1,5yu8,0_7797_10,5yu8_B,5yu8_A,2.599656002487981,53.08051966481443,355,355,True
7ztc,7ztc_D,7ztc_F,0_7797_1,5yu8,0_7797_12,5yu8_C,5yu8_A,2.599656002487981,6.126995689004513,355,355,True
7ztc,7ztc_E,7ztc_F,0_7797_0,3j8a,0_7797_1,3j8a_A,3j8a_B,0.9620541079162843,53.15424512683922,365,365,False
7ztc,7ztc_E,7ztc_F,0_7797_0,3j8a,0_7797_0,3j8a_D,3j8a_A,0.9620541079162843,1.346591478508077,365,365,True
7ztc,7ztc_E,7ztc_F,0_7797_0,5yu8,0_7797_10,5yu8_B,5yu8_A,2.603781139096823,8.108072141407881,355,355,True
7ztc,7ztc_E,7ztc_F,0_7797_0,5yu8,0_7797_12,5yu8_C,5yu8_A,2.603781139096823,55.25494536887995,355,355,True
7ztc,7ztc_E,7ztc_G,0_7797_1,3j8a,0_7797_1,3j8a_A,3j8a_B,0.9620541079162843,1.6553288869560023,365,365,False
7ztc,7ztc_E,7ztc_G,0_7797_1,3j8a,0_7797_0,3j8a_D,3j8a_A,0.9620541079162843,54.35983395514586,365,365,True
7ztc,7ztc_E,7ztc_G,0_7797_1,5yu8,0_7797_10,5yu8_B,5yu8_A,2.603781139096823,53.04259676766354,355,355,True
7ztc,7ztc_E,7ztc_G,0_7797_1,5yu8,0_7797_12,5yu8_C,5yu8_A,2.603781139096823,6.2372819050346,355,355,True
7ztc,7ztc_F,7ztc_G,0_7797_0,3j8a,0_7797_1,3j8a_A,3j8a_B,0.9691465382405018,53.13458559375811,365,365,False
7ztc,7ztc_F,7ztc_G,0_7797_0,3j8a,0_7797_0,3j8a_D,3j8a_A,0.9691465382405018,1.3526425174066916,365,365,True
7ztc,7ztc_F,7ztc_G,0_7797_0,5yu8,0_7797_10,5yu8_B,5yu8_A,2.5792929807981984,8.079110708478922,355,355,True
7ztc,7ztc_F,7ztc_G,0_7797_0,5yu8,0_7797_12,5yu8_C,5yu8_A,2.5792929807981984,55.24881123909935,355,355,True
7ztc,7ztc_F,7ztc_H,0_7797_1,3j8a,0_7797_1,3j8a_A,3j8a_B,0.9691465382405018,1.6383815492497507,365,365,False
7ztc,7ztc_F,7ztc_H,0_7797_1,3j8a,0_7797_0,3j8a_D,3j8a_A,0.9691465382405018,54.36974862022749,365,365,True
7ztc,7ztc_F,7ztc_H,0_7797_1,5yu8,0_7797_10,5yu8_B,5yu8_A,2.5792929807981984,53.0282139287486,355,355,True
7ztc,7ztc_F,7ztc_H,0_7797_1,5yu8,0_7797_12,5yu8_C,5yu8_A,2.5792929807981984,6.159476457316638,355,355,True
7ztc,7ztc_G,7ztc_H,0_7797_0,3j8a,0_7797_1,3j8a_A,3j8a_B,0.980909285215202,53.19165361706413,365,365,False
7ztc,7ztc_G,7ztc_H,0_7797_0,3j8a,0_7797_0,3j8a_D,3j8a_A,0.980909285215202,1.322218605718449,365,365,True
7ztc,7ztc_G,7ztc_H,0_7797_0,5yu8,0_7797_10,5yu8_B,5yu8_A,2.6007167941973703,8.1223577612087,355,355,True
7ztc,7ztc_G,7ztc_H,0_7797_0,5yu8,0_7797_12,5yu8_C,5yu8_A,2.6007167941973703,55.27165150201455,355,355,True
8a2r,8a2r_A,8a2r_B,0_7797_0,3j8a,0_7797_1,3j8a_A,3j8a_B,1.0481454064878248,53.03531269277098,362,362,True
8a2r,8a2r_A,8a2r_B,0_7797_0,3j8a,0_7797_0,3j8a_D,3j8a_A,1.0661609976721604,1.2386304011901017,362,362,False
8a2r,8a2r_A,8a2r_B,0_7797_0,5yu8,0_7797_10,5yu8_B,5yu8_A,2.717965482309831,7.810686652517016,360,360,False
8a2r,8a2r_A,8a2r_B,0_7797_0,5yu8,0_7797_12,5yu8_C,5yu8_A,2.717989408628895,49.10029295988023,360,360,False
8a2r,8a2r_C,8a2r_A,0_7797_1,3j8a,0_7797_1,3j8a_A,3j8a_B,1.0599102441311132,1.2732287250106729,362,362,False
8a2r,8a2r_C,8a2r_A,0_7797_1,3j8a,0_7797_0,3j8a_D,3j8a_A,1.0599102441311132,53.557960816213125,362,362,True
8a2r,8a2r_C,8a2r_A,0_7797_1,5yu8,0_7797_10,5yu8_B,5yu8_A,2.7180015317346156,52.403414551909385,360,360,True
8a2r,8a2r_C,8a2r_A,0_7797_1,5yu8,0_7797_12,5yu8_C,5yu8_A,2.7180015317346156,6.550335284612146,360,360,True
8a2r,8a2r_C,8a2r_B,0_7797_0,3j8a,0_7797_1,3j8a_A,3j8a_B,1.0599102441311132,52.542842636093695,362,362,False
8a2r,8a2r_C,8a2r_B,0_7797_0,3j8a,0_7797_0,3j8a_D,3j8a_A,1.0599102441311132,1.685789149366514,362,362,True
8a2r,8a2r_C,8a2r_B,0_7797_0,5yu8,0_7797_10,5yu8_B,5yu8_A,2.7180015317346156,9.00861826467851,360,360,True
8a2r,8a2r_C,8a2r_B,0_7797_0,5yu8,0_7797_12,5yu8_C,5yu8_A,2.7180015317346156,54.88830622501387,360,360,True
8a2r,8a2r_B,8a2r_D,0_7797_1,3j8a,0_7797_1,3j8a_A,3j8a_B,1.0481748329094918,1.1808324793580525,362,362,True
8a2r,8a2r_B,8a2r_D,0_7797_1,3j8a,0_7797_0,3j8a_D,3j8a_A,1.0661922659327898,53.121660538965244,362,362,False
8a2r,8a2r_B,8a2r_D,0_7797_1,5yu8,0_7797_10,5yu8_B,5yu8_A,2.7180026052139294,57.84960353449102,360,360,False
8a2r,8a2r_B,8a2r_D,0_7797_1,5yu8,0_7797_12,5yu8_C,5yu8_A,2.7180265340558587,8.143809106232926,360,360,False
8a2r,8a2r_C,8a2r_D,0_7797_0,3j8a,0_7797_1,3j8a_A,3j8a_B,1.0481603899277572,53.088817773517945,362,362,True
8a2r,8a2r_C,8a2r_D,0_7797_0,3j8a,0_7797_0,3j8a_D,3j8a_A,1.0661790620820852,1.2425404712706316,362,362,False
8a2r,8a2r_C,8a2r_D,0_7797_0,5yu8,0_7797_10,5yu8_B,5yu8_A,2.7179842864573125,7.775880017969299,360,360,False
8a2r,8a2r_C,8a2r_D,0_7797_0,5yu8,0_7797_12,5yu8_C,5yu8_A,2.718008214974458,49.14649905422353,360,360,False
8a2r,8a2r_C,8a2r_E,0_7797_1,3j8a,0_7797_1,3j8a_A,3j8a_B,1.0481603899277572,1.243056179449972,362,362,True
8a2r,8a2r_C,8a2r_E,0_7797_1,3j8a,0_7797_0,3j8a_D,3j8a_A,1.0661790620820852,53.1544976837323,362,362,False
8a2r,8a2r_C,8a2r_E,0_7797_1,5yu8,0_7797_10,5yu8_B,5yu8_A,2.7179842864573125,57.88840110943768,360,360,False
8a2r,8a2r_C,8a2r_E,0_7797_1,5yu8,0_7797_12,5yu8_C,5yu8_A,2.718008214974458,8.242641510709587,360,360,False
8a2r,8a2r_D,8a2r_E,0_7797_0,3j8a,0_7797_1,3j8a_A,3j8a_B,1.0481513248322138,53.26400820901566,362,362,True
8a2r,8a2r_D,8a2r_E,0_7797_0,3j8a,0_7797_0,3j8a_D,3j8a_A,1.0661695750289557,1.1951347131267267,362,362,False
8a2r,8a2r_D,8a2r_E,0_7797_0,5yu8,0_7797_10,5yu8_B,5yu8_A,2.7179871537993208,7.623207448296452,360,360,False
8a2r,8a2r_D,8a2r_E,0_7797_0,5yu8,0_7797_12,5yu8_C,5yu8_A,2.718011079084965,49.30803287738597,360,360,False
8a2s,8a2s_A,8a2s_B,0_7797_0,3j8a,0_7797_1,3j8a_A,3j8a_B,1.072254028176859,52.88444874420369,363,363,True
8a2s,8a2s_A,8a2s_B,0_7797_0,3j8a,0_7797_0,3j8a_D,3j8a_A,1.0871305581460935,1.2445860629017629,363,363,False
8a2s,8a2s_A,8a2s_B,0_7797_0,5yu8,0_7797_10,5yu8_B,5yu8_A,2.638855872180479,7.9065982673284365,360,360,False
8a2s,8a2s_A,8a2s_B,0_7797_0,5yu8,0_7797_12,5yu8_C,5yu8_A,2.638882727409687,48.988863591253654,360,360,False
8a2s,8a2s_C,8a2s_A,0_7797_1,3j8a,0_7797_1,3j8a_A,3j8a_B,1.0818379883685267,1.1679678934157869,363,363,False
8a2s,8a2s_C,8a2s_A,0_7797_1,3j8a,0_7797_0,3j8a_D,3j8a_A,1.0818379883685267,53.46752108135212,363,363,True
8a2s,8a2s_C,8a2s_A,0_7797_1,5yu8,0_7797_10,5yu8_B,5yu8_A,2.6388596283443353,52.31714439661215,360,360,True
8a2s,8a2s_C,8a2s_A,0_7797_1,5yu8,0_7797_12,5yu8_C,5yu8_A,2.6388596283443353,6.389388076297931,360,360,True
8a2s,8a2s_C,8a2s_B,0_7797_0,3j8a,0_7797_1,3j8a_A,3j8a_B,1.0818379883685267,52.625223172901585,363,363,False
8a2s,8a2s_C,8a2s_B,0_7797_0,3j8a,0_7797_0,3j8a_D,3j8a_A,1.0818379883685267,1.3874133346483082,363,363,True
8a2s,8a2s_C,8a2s_B,0_7797_0,5yu8,0_7797_10,5yu8_B,5yu8_A,2.6388596283443353,8.448616221258298,360,360,True
8a2s,8a2s_C,8a2s_B,0_7797_0,5yu8,0_7797_12,5yu8_C,5yu8_A,2.6388596283443353,54.929615474463226,360,360,True
8a2s,8a2s_B,8a2s_D,0_7797_1,3j8a,0_7797_1,3j8a_A,3j8a_B,1.0722355641375636,1.105622493166563,363,363,True
8a2s,8a2s_B,8a2s_D,0_7797_1,3j8a,0_7797_0,3j8a_D,3j8a_A,1.0871171923048095,53.3073358388552,363,363,False
8a2s,8a2s_B,8a2s_D,0_7797_1,5yu8,0_7797_10,5yu8_B,5yu8_A,2.63885032797413,58.016740442977316,360,360,False
8a2s,8a2s_B,8a2s_D,0_7797_1,5yu8,0_7797_12,5yu8_C,5yu8_A,2.6388771892685208,8.308526406698093,360,360,False
8a2s,8a2s_C,8a2s_D,0_7797_0,3j8a,0_7797_1,3j8a_A,3j8a_B,1.072273949257069,52.98931553706856,363,363,True
8a2s,8a2s_C,8a2s_D,0_7797_0,3j8a,0_7797_0,3j8a_D,3j8a_A,1.087148067624677,1.2020414114337767,363,363,False
8a2s,8a2s_C,8a2s_D,0_7797_0,5yu8,0_7797_10,5yu8_B,5yu8_A,2.6388403232468933,7.802389292488433,360,360,False
8a2s,8a2s_C,8a2s_D,0_7797_0,5yu8,0_7797_12,5yu8_C,5yu8_A,2.638867179742057,49.08479956953668,360,360,False
8a2s,8a2s_C,8a2s_E,0_7797_1,3j8a,0_7797_1,3j8a_A,3j8a_B,1.072273949257069,1.1113998482220622,363,363,True
8a2s,8a2s_C,8a2s_E,0_7797_1,3j8a,0_7797_0,3j8a_D,3j8a_A,1.087148067624677,53.24618145211176,363,363,False
8a2s,8a2s_C,8a2s_E,0_7797_1,5yu8,0_7797_10,5yu8_B,5yu8_A,2.6388403232468933,57.95249999690266,360,360,False
8a2s,8a2s_C,8a2s_E,0_7797_1,5yu8,0_7797_12,5yu8_C,5yu8_A,2.638867179742057,8.247291735935365,360,360,False
8a2s,8a2s_D,8a2s_E,0_7797_0,3j8a,0_7797_1,3j8a_A,3j8a_B,1.0722704407921602,53.00424238882182,363,363,True
8a2s,8a2s_D,8a2s_E,0_7797_0,3j8a,0_7797_0,3j8a_D,3j8a_A,1.087141063892665,1.1767175275180888,363,363,False
8a2s,8a2s_D,8a2s_E,0_7797_0,5yu8,0_7797_10,5yu8_B,5yu8_A,2.6388355809958117,7.782372095401221,360,360,False
8a2s,8a2s_D,8a2s_E,0_7797_0,5yu8,0_7797_12,5yu8_C,5yu8_A,2.638862436100539,49.09177828299648,360,360,False
8a2t,8a2t_A,8a2t_B,0_7797_0,3j8a,0_7797_1,3j8a_A,3j8a_B,1.0457876276837188,52.89923799426904,362,362,True
8a2t,8a2t_A,8a2t_B,0_7797_0,3j8a,0_7797_0,3j8a_D,3j8a_A,1.0632695178608895,1.1976259667100646,362,362,False
8a2t,8a2t_A,8a2t_B,0_7797_0,5yu8,0_7797_10,5yu8_B,5yu8_A,2.7233949855561814,7.967675753143752,360,360,False
8a2t,8a2t_A,8a2t_B,0_7797_0,5yu8,0_7797_12,5yu8_C,5yu8_A,2.7234191231893825,48.93636280113308,360,360,False
8a2t,8a2t_C,8a2t_A,0_7797_1,3j8a,0_7797_1,3j8a_A,3j8a_B,1.0577865343910011,1.1946489756064151,362,362,False
8a2t,8a2t_C,8a2t_A,0_7797_1,3j8a,0_7797_0,3j8a_D,3j8a_A,1.0577865343910011,53.53851823732811,362,362,True
8a2t,8a2t_C,8a2t_A,0_7797_1,5yu8,0_7797_10,5yu8_B,5yu8_A,2.7234119182722276,52.335788338583534,360,360,True
8a2t,8a2t_C,8a2t_A,0_7797_1,5yu8,0_7797_12,5yu8_C,5yu8_A,2.7234119182722276,6.353511749914621,360,360,True
8a2t,8a2t_C,8a2t_B,0_7797_0,3j8a,0_7797_1,3j8a_A,3j8a_B,1.0577865343910011,52.64573026761959,362,362,False
8a2t,8a2t_C,8a2t_B,0_7797_0,3j8a,0_7797_0,3j8a_D,3j8a_A,1.0577865343910011,1.372228192584365,362,362,True
8a2t,8a2t_C,8a2t_B,0_7797_0,5yu8,0_7797_10,5yu8_B,5yu8_A,2.7234119182722276,8.63193246470801,360,360,True
8a2t,8a2t_C,8a2t_B,0_7797_0,5yu8,0_7797_12,5yu8_C,5yu8_A,2.7234119182722276,54.96496609832029,360,360,True
8a2t,8a2t_B,8a2t_D,0_7797_1,3j8a,0_7797_1,3j8a_A,3j8a_B,1.0457738910644554,1.0830584314955154,362,362,True
8a2t,8a2t_B,8a2t_D,0_7797_1,3j8a,0_7797_0,3j8a_D,3j8a_A,1.0632519430260838,53.27014457540723,362,362,False
8a2t,8a2t_B,8a2t_D,0_7797_1,5yu8,0_7797_10,5yu8_B,5yu8_A,2.723394276121581,58.00606665083199,360,360,False
8a2t,8a2t_B,8a2t_D,0_7797_1,5yu8,0_7797_12,5yu8_C,5yu8_A,2.723418418207039,8.315727068821463,360,360,False
8a2t,8a2t_C,8a2t_D,0_7797_0,3j8a,0_7797_1,3j8a_A,3j8a_B,1.0457780036454358,52.99430312917224,362,362,True
8a2t,8a2t_C,8a2t_D,0_7797_0,3j8a,0_7797_0,3j8a_D,3j8a_A,1.0632584573606623,1.1623832863573087,362,362,False
8a2t,8a2t_C,8a2t_D,0_7797_0,5yu8,0_7797_10,5yu8_B,5yu8_A,2.7233940007071458,7.865058963735198,360,360,False
8a2t,8a2t_C,8a2t_D,0_7797_0,5yu8,0_7797_12,5yu8_C,5yu8_A,2.7234181453190285,49.024918894425504,360,360,False
8a2t,8a2t_C,8a2t_E,0_7797_1,3j8a,0_7797_1,3j8a_A,3j8a_B,1.0457780036454358,1.1214001783088121,362,362,True
8a2t,8a2t_C,8a2t_E,0_7797_1,3j8a,0_7797_0,3j8a_D,3j8a_A,1.0632584573606623,53.20277816162269,362,362,False
8a2t,8a2t_C,8a2t_E,0_7797_1,5yu8,0_7797_10,5yu8_B,5yu8_A,2.7233940007071458,57.94036150859893,360,360,False
8a2t,8a2t_C,8a2t_E,0_7797_1,5yu8,0_7797_12,5yu8_C,5yu8_A,2.7234181453190285,8.241301450175364,360,360,False
8a2t,8a2t_D,8a2t_E,0_7797_0,3j8a,0_7797_1,3j8a_A,3j8a_B,1.045782908938378,53.13772003206603,362,362,True
8a2t,8a2t_D,8a2t_E,0_7797_0,3j8a,0_7797_0,3j8a_D,3j8a_A,1.0632603699811443,1.1362351947291771,362,362,False
8a2t,8a2t_D,8a2t_E,0_7797_0,5yu8,0_7797_10,5yu8_B,5yu8_A,2.723368155526165,7.738203326758439,360,360,False
8a2t,8a2t_D,8a2t_E,0_7797_0,5yu8,0_7797_12,5yu8_C,5yu8_A,2.7233922983770276,49.17128372849459,360,360,False
8a2u,8a2u_A,8a2u_B,0_7797_0,3j8a,0_7797_1,3j8a_A,3j8a_B,1.0365187283322277,53.09570974485756,362,362,True
8a2u,8a2u_A,8a2u_B,0_7797_0,3j8a,0_7797_0,3j8a_D,3j8a_A,1.0556548103813932,1.1817805151328136,362,362,False
8a2u,8a2u_A,8a2u_B,0_7797_0,5yu8,0_7797_10,5yu8_B,5yu8_A,2.6921570907378123,7.801534751283252,360,360,False
8a2u,8a2u_A,8a2u_B,0_7797_0,5yu8,0_7797_12,5yu8_C,5yu8_A,2.692180862719326,49.13392934008508,360,360,False
8a2u,8a2u_C,8a2u_A,0_7797_1,3j8a,0_7797_1,3j8a_A,3j8a_B,1.0480575147828288,1.2544562251980194,362,362,False
8a2u,8a2u_C,8a2u_A,0_7797_1,3j8a,0_7797_0,3j8a_D,3j8a_A,1.0480575147828288,53.583162056374476,362,362,True
8a2u,8a2u_C,8a2u_A,0_7797_1,5yu8,0_7797_10,5yu8_B,5yu8_A,2.6921688903186594,52.37500594520254,360,360,True
8a2u,8a2u_C,8a2u_A,0_7797_1,5yu8,0_7797_12,5yu8_C,5yu8_A,2.6921688903186594,6.23448216794882,360,360,True
8a2u,8a2u_C,8a2u_B,0_7797_0,3j8a,0_7797_1,3j8a_A,3j8a_B,1.0480575147828288,52.663988325136806,362,362,False
8a2u,8a2u_C,8a2u_B,0_7797_0,3j8a,0_7797_0,3j8a_D,3j8a_A,1.0480575147828288,1.3701422469922222,362,362,True
8a2u,8a2u_C,8a2u_B,0_7797_0,5yu8,0_7797_10,5yu8_B,5yu8_A,2.6921688903186594,8.577485021343808,360,360,True
8a2u,8a2u_C,8a2u_B,0_7797_0,5yu8,0_7797_12,5yu8_C,5yu8_A,2.6921688903186594,54.9815453511313,360,360,True
8a2u,8a2u_B,8a2u_D,0_7797_1,3j8a,0_7797_1,3j8a_A,3j8a_B,1.0364972124353553,1.1289834533330592,362,362,True
8a2u,8a2u_B,8a2u_D,0_7797_1,3j8a,0_7797_0,3j8a_D,3j8a_A,1.0556370367785182,53.14528262330452,362,362,False
8a2u,8a2u_B,8a2u_D,0_7797_1,5yu8,0_7797_10,5yu8_B,5yu8_A,2.6921796106780405,57.87883935335278,360,360,False
8a2u,8a2u_B,8a2u_D,0_7797_1,5yu8,0_7797_12,5yu8_C,5yu8_A,2.692203379656123,8.206329210924846,360,360,False
8a2u,8a2u_C,8a2u_D,0_7797_0,3j8a,0_7797_1,3j8a_A,3j8a_B,1.0365154886028543,53.11207125186652,362,362,True
8a2u,8a2u_C,8a2u_D,0_7797_0,3j8a,0_7797_0,3j8a_D,3j8a_A,1.0556569398321198,1.187782561297859,362,362,False
8a2u,8a2u_C,8a2u_D,0_7797_0,5yu8,0_7797_10,5yu8_B,5yu8_A,2.692151855089088,7.734657007559379,360,360,False
8a2u,8a2u_C,8a2u_D,0_7797_0,5yu8,0_7797_12,5yu8_C,5yu8_A,2.6921756289432675,49.1602606437965,360,360,False
8a2u,8a2u_C,8a2u_E,0_7797_1,3j8a,0_7797_1,3j8a_A,3j8a_B,1.0365154886028543,1.103758653139126,362,362,True
8a2u,8a2u_C,8a2u_E,0_7797_1,3j8a,0_7797_0,3j8a_D,3j8a_A,1.0556569398321198,53.18647397440885,362,362,False
8a2u,8a2u_C,8a2u_E,0_7797_1,5yu8,0_7797_10,5yu8_B,5yu8_A,2.692151855089088,57.91859142092113,360,360,False
8a2u,8a2u_C,8a2u_E,0_7797_1,5yu8,0_7797_12,5yu8_C,5yu8_A,2.6921756289432675,8.241836662454196,360,360,False
8a2u,8a2u_D,8a2u_E,0_7797_0,3j8a,0_7797_1,3j8a_A,3j8a_B,1.0365158449876894,53.320819154962976,362,362,True
8a2u,8a2u_D,8a2u_E,0_7797_0,3j8a,0_7797_0,3j8a_D,3j8a_A,1.055654303882021,1.1682031642089092,362,362,False
8a2u,8a2u_D,8a2u_E,0_7797_0,5yu8,0_7797_10,5yu8_B,5yu8_A,2.6921489332060733,7.564313267235769,360,360,False
8a2u,8a2u_D,8a2u_E,0_7797_0,5yu8,0_7797_12,5yu8_C,5yu8_A,2.692172700680845,49.35284018970367,360,360,False
8a2y,8a2y_A,8a2y_B,0_7797_0,3j8a,0_7797_1,3j8a_A,3j8a_B,1.0515453411212619,52.86617227622686,363,363,True
8a2y,8a2y_A,8a2y_B,0_7797_0,3j8a,0_7797_0,3j8a_D,3j8a_A,1.065675873559634,1.2428139729027798,363,363,False
8a2y,8a2y_A,8a2y_B,0_7797_0,5yu8,0_7797_10,5yu8_B,5yu8_A,2.647015378365903,7.944625303912038,360,360,False
8a2y,8a2y_A,8a2y_B,0_7797_0,5yu8,0_7797_12,5yu8_C,5yu8_A,2.6470409580601815,48.97689768851492,360,360,False
8a2y,8a2y_C,8a2y_A,0_7797_1,3j8a,0_7797_1,3j8a_A,3j8a_B,1.0600751614974586,1.1489470280620588,363,363,False
8a2y,8a2y_C,8a2y_A,0_7797_1,3j8a,0_7797_0,3j8a_D,3j8a_A,1.0600751614974586,53.454101258591294,363,363,True
8a2y,8a2y_C,8a2y_A,0_7797_1,5yu8,0_7797_10,5yu8_B,5yu8_A,2.647023069869956,52.314497126812256,360,360,True
8a2y,8a2y_C,8a2y_A,0_7797_1,5yu8,0_7797_12,5yu8_C,5yu8_A,2.647023069869956,6.433667078109035,360,360,True
8a2y,8a2y_C,8a2y_B,0_7797_0,3j8a,0_7797_1,3j8a_A,3j8a_B,1.0600751614974586,52.67923822424901,363,363,False
8a2y,8a2y_C,8a2y_B,0_7797_0,3j8a,0_7797_0,3j8a_D,3j8a_A,1.0600751614974586,1.3682237158917803,363,363,True
8a2y,8a2y_C,8a2y_B,0_7797_0,5yu8,0_7797_10,5yu8_B,5yu8_A,2.647023069869956,8.484793607891458,360,360,True
8a2y,8a2y_C,8a2y_B,0_7797_0,5yu8,0_7797_12,5yu8_C,5yu8_A,2.647023069869956,54.967521052613755,360,360,True
8a2y,8a2y_B,8a2y_D,0_7797_1,3j8a,0_7797_1,3j8a_A,3j8a_B,1.0515369295328407,1.0999028961586474,363,363,True
8a2y,8a2y_B,8a2y_D,0_7797_1,3j8a,0_7797_0,3j8a_D,3j8a_A,1.0656705366215715,53.291833527038506,363,363,False
8a2y,8a2y_B,8a2y_D,0_7797_1,5yu8,0_7797_10,5yu8_B,5yu8_A,2.6470090761403333,57.990695049718354,360,360,False
8a2y,8a2y_B,8a2y_D,0_7797_1,5yu8,0_7797_12,5yu8_C,5yu8_A,2.6470346583522137,8.26602063444146,360,360,False
8a2y,8a2y_C,8a2y_D,0_7797_0,3j8a,0_7797_1,3j8a_A,3j8a_B,1.051511115519095,52.925802865490645,363,363,True
8a2y,8a2y_C,8a2y_D,0_7797_0,3j8a,0_7797_0,3j8a_D,3j8a_A,1.0656462700996716,1.2206003819844236,363,363,False
8a2y,8a2y_C,8a2y_D,0_7797_0,5yu8,0_7797_10,5yu8_B,5yu8_A,2.6470041665709725,7.850881629419668,360,360,False
8a2y,8a2y_C,8a2y_D,0_7797_0,5yu8,0_7797_12,5yu8_C,5yu8_A,2.6470297476028217,49.02807994030586,360,360,False
8a2y,8a2y_C,8a2y_E,0_7797_1,3j8a,0_7797_1,3j8a_A,3j8a_B,1.051511115519095,1.1053409309703128,363,363,True
8a2y,8a2y_C,8a2y_E,0_7797_1,3j8a,0_7797_0,3j8a_D,3j8a_A,1.0656462700996716,53.25285130663939,363,363,False
8a2y,8a2y_C,8a2y_E,0_7797_1,5yu8,0_7797_10,5yu8_B,5yu8_A,2.6470041665709725,57.94983834094281,360,360,False
8a2y,8a2y_C,8a2y_E,0_7797_1,5yu8,0_7797_12,5yu8_C,5yu8_A,2.6470297476028217,8.303746936311056,360,360,False
8a2y,8a2y_D,8a2y_E,0_7797_0,3j8a,0_7797_1,3j8a_A,3j8a_B,1.051535023277906,53.23039711095102,363,363,True
8a2y,8a2y_D,8a2y_E,0_7797_0,3j8a,0_7797_0,3j8a_D,3j8a_A,1.0656688092738784,1.1712025889920425,363,363,False
8a2y,8a2y_D,8a2y_E,0_7797_0,5yu8,0_7797_10,5yu8_B,5yu8_A,2.6470183259679914,7.53995139842509,360,360,False
8a2y,8a2y_D,8a2y_E,0_7797_0,5yu8,0_7797_12,5yu8_C,5yu8_A,2.6470439055672403,49.32647852749479,360,360,False
8a2z,8a2z_A,8a2z_B,0_7797_0,3j8a,0_7797_1,3j8a_A,3j8a_B,1.0561971773911731,52.87466967288871,362,362,True
8a2z,8a2z_A,8a2z_B,0_7797_0,3j8a,0_7797_0,3j8a_D,3j8a_A,1.0708679983349658,1.2224928492159106,362,362,False
8a2z,8a2z_A,8a2z_B,0_7797_0,5yu8,0_7797_10,5yu8_B,5yu8_A,2.7466378531753834,7.932019120413979,360,360,False
8a2z,8a2z_A,8a2z_B,0_7797_0,5yu8,0_7797_12,5yu8_C,5yu8_A,2.74666086082765,48.91766924443908,360,360,False
8a2z,8a2z_C,8a2z_A,0_7797_1,3j8a,0_7797_1,3j8a_A,3j8a_B,1.0679401940447246,1.1047857630068811,362,362,False
8a2z,8a2z_C,8a2z_A,0_7797_1,3j8a,0_7797_0,3j8a_D,3j8a_A,1.0679401940447246,53.342484986374416,362,362,True
8a2z,8a2z_C,8a2z_A,0_7797_1,5yu8,0_7797_10,5yu8_B,5yu8_A,2.7466902364468577,52.144576103960624,360,360,True
8a2z,8a2z_C,8a2z_A,0_7797_1,5yu8,0_7797_12,5yu8_C,5yu8_A,2.7466902364468577,6.489765367059102,360,360,True
8a2z,8a2z_C,8a2z_B,0_7797_0,3j8a,0_7797_1,3j8a_A,3j8a_B,1.0679401940447246,52.6577261333491,362,362,False
8a2z,8a2z_C,8a2z_B,0_7797_0,3j8a,0_7797_0,3j8a_D,3j8a_A,1.0679401940447246,1.365653993243078,362,362,True
8a2z,8a2z_C,8a2z_B,0_7797_0,5yu8,0_7797_10,5yu8_B,5yu8_A,2.7466902364468577,8.639878302722876,360,360,True
8a2z,8a2z_C,8a2z_B,0_7797_0,5yu8,0_7797_12,5yu8_C,5yu8_A,2.7466902364468577,54.99820660139838,360,360,True
8a2z,8a2z_B,8a2z_D,0_7797_1,3j8a,0_7797_1,3j8a_A,3j8a_B,1.05621933700324,1.0773599361976112,362,362,True
8a2z,8a2z_B,8a2z_D,0_7797_1,3j8a,0_7797_0,3j8a_D,3j8a_A,1.070889601189819,53.19192467760541,362,362,False
8a2z,8a2z_B,8a2z_D,0_7797_1,5yu8,0_7797_10,5yu8_B,5yu8_A,2.7466447022435783,57.94851105565266,360,360,False
8a2z,8a2z_B,8a2z_D,0_7797_1,5yu8,0_7797_12,5yu8_C,5yu8_A,2.746667703134666,8.337836753292224,360,360,False
8a2z,8a2z_C,8a2z_D,0_7797_0,3j8a,0_7797_1,3j8a_A,3j8a_B,1.0561840397294648,52.94026064852139,362,362,True
8a2z,8a2z_C,8a2z_D,0_7797_0,3j8a,0_7797_0,3j8a_D,3j8a_A,1.0708515030717656,1.1873150914052393,362,362,False
8a2z,8a2z_C,8a2z_D,0_7797_0,5yu8,0_7797_10,5yu8_B,5yu8_A,2.7466730953187932,7.899722704386247,360,360,False
8a2z,8a2z_C,8a2z_D,0_7797_0,5yu8,0_7797_12,5yu8_C,5yu8_A,2.7466960969792926,48.97097059587293,360,360,False
8a2z,8a2z_C,8a2z_E,0_7797_1,3j8a,0_7797_1,3j8a_A,3j8a_B,1.0561840397294648,1.1444283023654074,362,362,True
8a2z,8a2z_C,8a2z_E,0_7797_1,3j8a,0_7797_0,3j8a_D,3j8a_A,1.0708515030717656,53.149021463870774,362,362,False
8a2z,8a2z_C,8a2z_E,0_7797_1,5yu8,0_7797_10,5yu8_B,5yu8_A,2.7466730953187932,57.90613035436132,360,360,False
8a2z,8a2z_C,8a2z_E,0_7797_1,5yu8,0_7797_12,5yu8_C,5yu8_A,2.7466960969792926,8.257562090374735,360,360,False
8a2z,8a2z_D,8a2z_E,0_7797_0,3j8a,0_7797_1,3j8a_A,3j8a_B,1.0562101947432805,53.091057276089884,362,362,True
8a2z,8a2z_D,8a2z_E,0_7797_0,3j8a,0_7797_0,3j8a_D,3j8a_A,1.0708833899622963,1.153755823870059,362,362,False
8a2z,8a2z_D,8a2z_E,0_7797_0,5yu8,0_7797_10,5yu8_B,5yu8_A,2.7466623409295505,7.739314094188382,360,360,False
8a2z,8a2z_D,8a2z_E,0_7797_0,5yu8,0_7797_12,5yu8_C,5yu8_A,2.7466853464140435,49.12163762370204,360,360,False
8c4c,8c4c_A,8c4c_B,0_7797_0,3j8a,0_7797_1,3j8a_A,3j8a_B,1.2984050280500745,53.13611154480262,366,366,True
8c4c,8c4c_A,8c4c_B,0_7797_0,3j8a,0_7797_0,3j8a_D,3j8a_A,1.3182943128515456,1.4123378295272515,366,366,False
8c4c,8c4c_A,8c4c_B,0_7797_0,5yu8,0_7797_10,5yu8_B,5yu8_A,2.6666209070555444,7.685615007220777,360,360,False
8c4c,8c4c_A,8c4c_B,0_7797_0,5yu8,0_7797_12,5yu8_C,5yu8_A,2.66664885895192,49.1634639420101,360,360,False
8c4c,8c4c_A,8c4c_C,0_7797_1,3j8a,0_7797_1,3j8a_A,3j8a_B,1.2984050280500745,1.3528391174361303,366,366,True
8c4c,8c4c_A,8c4c_C,0_7797_1,3j8a,0_7797_0,3j8a_D,3j8a_A,1.3182943128515456,53.05476595591988,366,366,False
8c4c,8c4c_A,8c4c_C,0_7797_1,5yu8,0_7797_10,5yu8_B,5yu8_A,2.6666209070555444,57.65531883624275,360,360,False
8c4c,8c4c_A,8c4c_C,0_7797_1,5yu8,0_7797_12,5yu8_C,5yu8_A,2.66664885895192,8.026398495699974,360,360,False
8c4c,8c4c_B,8c4c_C,0_7797_0,3j8a,0_7797_1,3j8a_A,3j8a_B,1.2309995726212501,53.135471421220444,366,366,True
8c4c,8c4c_B,8c4c_C,0_7797_0,3j8a,0_7797_0,3j8a_D,3j8a_A,1.255521791351944,1.3539610308725931,366,366,False
8c4c,8c4c_B,8c4c_C,0_7797_0,5yu8,0_7797_10,5yu8_B,5yu8_A,2.6897997885167997,7.666279126997249,360,360,False
8c4c,8c4c_B,8c4c_C,0_7797_0,5yu8,0_7797_12,5yu8_C,5yu8_A,2.689826306355876,49.15885028721035,360,360,False
8c4c,8c4c_B,8c4c_D,0_7797_1,3j8a,0_7797_1,3j8a_A,3j8a_B,1.2309995726212501,1.2777093722830812,366,366,True
8c4c,8c4c_B,8c4c_D,0_7797_1,3j8a,0_7797_0,3j8a_D,3j8a_A,1.255521791351944,53.05628594781149,366,366,False
8c4c,8c4c_B,8c4c_D,0_7797_1,5yu8,0_7797_10,5yu8_B,5yu8_A,2.6897997885167997,57.65303053826786,360,360,False
8c4c,8c4c_B,8c4c_D,0_7797_1,5yu8,0_7797_12,5yu8_C,5yu8_A,2.689826306355876,8.098018714235515,360,360,False
8c4c,8c4c_C,8c4c_D,0_7797_0,3j8a,0_7797_1,3j8a_A,3j8a_B,1.1985815660641033,53.17165053533771,366,366,True
8c4c,8c4c_C,8c4c_D,0_7797_0,3j8a,0_7797_0,3j8a_D,3j8a_A,1.2168077195974818,1.3444703415371326,366,366,False
8c4c,8c4c_C,8c4c_D,0_7797_0,5yu8,0_7797_10,5yu8_B,5yu8_A,2.6744843301382613,7.756037682411506,360,360,False
8c4c,8c4c_C,8c4c_D,0_7797_0,5yu8,0_7797_12,5yu8_C,5yu8_A,2.6745076603750952,49.10678149651324,360,360,False
8c4c,8c4c_C,8c4c_E,0_7797_1,3j8a,0_7797_1,3j8a_A,3j8a_B,1.1985815660641033,1.2916180785987255,366,366,True
8c4c,8c4c_C,8c4c_E,0_7797_1,3j8a,0_7797_0,3j8a_D,3j8a_A,1.2168077195974818,53.06741692977685,366,366,False
8c4c,8c4c_C,8c4c_E,0_7797_1,5yu8,0_7797_10,5yu8_B,5yu8_A,2.6744843301382613,57.73655645349578,360,360,False
8c4c,8c4c_C,8c4c_E,0_7797_1,5yu8,0_7797_12,5yu8_C,5yu8_A,2.6745076603750952,8.249642197629546,360,360,False
8c4c,8c4c_D,8c4c_E,0_7797_0,3j8a,0_7797_1,3j8a_A,3j8a_B,1.1708533516723958,53.125054815705006,366,366,True
8c4c,8c4c_D,8c4c_E,0_7797_0,3j8a,0_7797_0,3j8a_D,3j8a_A,1.1861925755610057,1.3737572932426214,366,366,False
8c4c,8c4c_D,8c4c_E,0_7797_0,5yu8,0_7797_10,5yu8_B,5yu8_A,2.658761658679458,7.678675259993384,360,360,False
8c4c,8c4c_D,8c4c_E,0_7797_0,5yu8,0_7797_12,5yu8_C,5yu8_A,2.658787048270916,49.188833133435736,360,360,False
8c4c,8c4c_D,8c4c_F,0_7797_1,3j8a,0_7797_1,3j8a_A,3j8a_B,1.1708533516723958,1.3690603275328872,366,366,True
8c4c,8c4c_D,8c4c_F,0_7797_1,3j8a,0_7797_0,3j8a_D,3j8a_A,1.1861925755610057,53.12149246685038,366,366,False
8c4c,8c4c_D,8c4c_F,0_7797_1,5yu8,0_7797_10,5yu8_B,5yu8_A,2.658761658679458,57.657309143408256,360,360,False
8c4c,8c4c_D,8c4c_F,0_7797_1,5yu8,0_7797_12,5yu8_C,5yu8_A,2.658787048270916,8.03553563369411,360,360,False
8c4c,8c4c_E,8c4c_F,0_7797_0,3j8a,0_7797_1,3j8a_A,3j8a_B,1.1739334220815747,53.106026356503676,366,366,True
8c4c,8c4c_E,8c4c_F,0_7797_0,3j8a,0_7797_0,3j8a_D,3j8a_A,1.192429337411186,1.340941256195421,366,366,False
8c4c,8c4c_E,8c4c_F,0_7797_0,5yu8,0_7797_10,5yu8_B,5yu8_A,2.63840266843267,7.656013182967128,360,360,False
8c4c,8c4c_E,8c4c_F,0_7797_0,5yu8,0_7797_12,5yu8_C,5yu8_A,2.6384281318798686,49.168620794994226,360,360,False
8c4c,8c4c_E,8c4c_G,0_7797_1,3j8a,0_7797_1,3j8a_A,3j8a_B,1.1739334220815747,1.3112310436788157,366,366,True
8c4c,8c4c_E,8c4c_G,0_7797_1,3j8a,0_7797_0,3j8a_D,3j8a_A,1.192429337411186,53.09201963766266,366,366,False
8c4c,8c4c_E,8c4c_G,0_7797_1,5yu8,0_7797_10,5yu8_B,5yu8_A,2.63840266843267,57.65564040165385,360,360,False
8c4c,8c4c_E,8c4c_G,0_7797_1,5yu8,0_7797_12,5yu8_C,5yu8_A,2.6384281318798686,7.9928197991988466,360,360,False
8c4c,8c4c_F,8c4c_G,0_7797_0,3j8a,0_7797_1,3j8a_A,3j8a_B,1.1974870546917569,53.08912181905484,366,366,True
8c4c,8c4c_F,8c4c_G,0_7797_0,3j8a,0_7797_0,3j8a_D,3j8a_A,1.215382070428827,1.3618382443668564,366,366,False
8c4c,8c4c_F,8c4c_G,0_7797_0,5yu8,0_7797_10,5yu8_B,5yu8_A,2.6494061421385053,7.755441524356094,360,360,False
8c4c,8c4c_F,8c4c_G,0_7797_0,5yu8,0_7797_12,5yu8_C,5yu8_A,2.649431035570332,49.06048685114709,360,360,False
8c4c,8c4c_F,8c4c_H,0_7797_1,3j8a,0_7797_1,3j8a_A,3j8a_B,1.1974870546917569,1.2678358950740893,366,366,True
8c4c,8c4c_F,8c4c_H,0_7797_1,3j8a,0_7797_0,3j8a_D,3j8a_A,1.215382070428827,53.06977421702814,366,366,False
8c4c,8c4c_F,8c4c_H,0_7797_1,5yu8,0_7797_10,5yu8_B,5yu8_A,2.6494061421385053,57.73544407283398,360,360,False
8c4c,8c4c_F,8c4c_H,0_7797_1,5yu8,0_7797_12,5yu8_C,5yu8_A,2.649431035570332,8.202146612751063,360,360,False
8c4c,8c4c_G,8c4c_H,0_7797_0,3j8a,0_7797_1,3j8a_A,3j8a_B,1.2092058736622955,53.15062696178078,366,366,True
8c4c,8c4c_G,8c4c_H,0_7797_0,3j8a,0_7797_0,3j8a_D,3j8a_A,1.2269055629382886,1.3735184459556788,366,366,False
8c4c,8c4c_G,8c4c_H,0_7797_0,5yu8,0_7797_10,5yu8_B,5yu8_A,2.67767759894975,7.745029504988261,360,360,False
8c4c,8c4c_G,8c4c_H,0_7797_0,5yu8,0_7797_12,5yu8_C,5yu8_A,2.6777025024734225,49.113142465151256,360,360,False
8c4e,8c4e_A,8c4e_B,0_7797_0,3j8a,0_7797_1,3j8a_A,3j8a_B,1.2988346552374956,53.110234742582904,366,366,True
8c4e,8c4e_A,8c4e_B,0_7797_0,3j8a,0_7797_0,3j8a_D,3j8a_A,1.318732569586965,1.485990592417603,366,366,False
8c4e,8c4e_A,8c4e_B,0_7797_0,5yu8,0_7797_10,5yu8_B,5yu8_A,2.6494157273563403,7.728969602319437,360,360,False
8c4e,8c4e_A,8c4e_B,0_7797_0,5yu8,0_7797_12,5yu8_C,5yu8_A,2.649443054560737,49.16466491192616,360,360,False
8c4e,8c4e_A,8c4e_C,0_7797_1,3j8a,0_7797_1,3j8a_A,3j8a_B,1.2988346552374956,1.3829251630581851,366,366,True
8c4e,8c4e_A,8c4e_C,0_7797_1,3j8a,0_7797_0,3j8a_D,3j8a_A,1.318732569586965,53.05102069429944,366,366,False
8c4e,8c4e_A,8c4e_C,0_7797_1,5yu8,0_7797_10,5yu8_B,5yu8_A,2.6494157273563403,57.632038410751086,360,360,False
8c4e,8c4e_A,8c4e_C,0_7797_1,5yu8,0_7797_12,5yu8_C,5yu8_A,2.649443054560737,8.032514845226467,360,360,False
8c4e,8c4e_B,8c4e_C,0_7797_0,3j8a,0_7797_1,3j8a_A,3j8a_B,1.247175032315629,53.156243356535,366,366,True
8c4e,8c4e_B,8c4e_C,0_7797_0,3j8a,0_7797_0,3j8a_D,3j8a_A,1.2728077452674569,1.4017604099675038,366,366,False
8c4e,8c4e_B,8c4e_C,0_7797_0,5yu8,0_7797_10,5yu8_B,5yu8_A,2.6939717841889563,7.662672184482467,360,360,False
8c4e,8c4e_B,8c4e_C,0_7797_0,5yu8,0_7797_12,5yu8_C,5yu8_A,2.693998580966124,49.20114108056111,360,360,False
8c4e,8c4e_B,8c4e_D,0_7797_1,3j8a,0_7797_1,3j8a_A,3j8a_B,1.247175032315629,1.2890017277945554,366,366,True
8c4e,8c4e_B,8c4e_D,0_7797_1,3j8a,0_7797_0,3j8a_D,3j8a_A,1.2728077452674569,53.05151962429097,366,366,False
8c4e,8c4e_B,8c4e_D,0_7797_1,5yu8,0_7797_10,5yu8_B,5yu8_A,2.6939717841889563,57.63464830368889,360,360,False
8c4e,8c4e_B,8c4e_D,0_7797_1,5yu8,0_7797_12,5yu8_C,5yu8_A,2.693998580966124,8.093922481125729,360,360,False
8c4e,8c4e_C,8c4e_D,0_7797_0,3j8a,0_7797_1,3j8a_A,3j8a_B,1.2080634928921372,53.14233957989383,366,366,True
8c4e,8c4e_C,8c4e_D,0_7797_0,3j8a,0_7797_0,3j8a_D,3j8a_A,1.2272678663998855,1.4169709597696727,366,366,False
8c4e,8c4e_C,8c4e_D,0_7797_0,5yu8,0_7797_10,5yu8_B,5yu8_A,2.685573500044367,7.843483622858188,360,360,False
8c4e,8c4e_C,8c4e_D,0_7797_0,5yu8,0_7797_12,5yu8_C,5yu8_A,2.685596754370531,49.08738231466555,360,360,False
8c4e,8c4e_C,8c4e_E,0_7797_1,3j8a,0_7797_1,3j8a_A,3j8a_B,1.2080634928921372,1.2972413843370618,366,366,True
8c4e,8c4e_C,8c4e_E,0_7797_1,3j8a,0_7797_0,3j8a_D,3j8a_A,1.2272678663998855,53.11671655526706,366,366,False
8c4e,8c4e_C,8c4e_E,0_7797_1,5yu8,0_7797_10,5yu8_B,5yu8_A,2.685573500044367,57.781137287523116,360,360,False
8c4e,8c4e_C,8c4e_E,0_7797_1,5yu8,0_7797_12,5yu8_C,5yu8_A,2.685596754370531,8.348572142167964,360,360,False
8c4e,8c4e_D,8c4e_E,0_7797_0,3j8a,0_7797_1,3j8a_A,3j8a_B,1.1839708867039378,53.08681910342376,366,366,True
8c4e,8c4e_D,8c4e_E,0_7797_0,3j8a,0_7797_0,3j8a_D,3j8a_A,1.1991267769709049,1.473663829252168,366,366,False
8c4e,8c4e_D,8c4e_E,0_7797_0,5yu8,0_7797_10,5yu8_B,5yu8_A,2.6709627115383863,7.788229821669726,360,360,False
8c4e,8c4e_D,8c4e_E,0_7797_0,5yu8,0_7797_12,5yu8_C,5yu8_A,2.6709871735255653,49.1560041867315,360,360,False
8c4e,8c4e_D,8c4e_F,0_7797_1,3j8a,0_7797_1,3j8a_A,3j8a_B,1.1839708867039378,1.3928597469209014,366,366,True
8c4e,8c4e_D,8c4e_F,0_7797_1,3j8a,0_7797_0,3j8a_D,3j8a_A,1.1991267769709049,53.1531310877954,366,366,False
8c4e,8c4e_D,8c4e_F,0_7797_1,5yu8,0_7797_10,5yu8_B,5yu8_A,2.6709627115383863,57.689943425322106,360,360,False
8c4e,8c4e_D,8c4e_F,0_7797_1,5yu8,0_7797_12,5yu8_C,5yu8_A,2.6709871735255653,8.10403876134244,360,360,False
8c4e,8c4e_E,8c4e_F,0_7797_0,3j8a,0_7797_1,3j8a_A,3j8a_B,1.1790866545074166,53.071360271686615,366,366,True
8c4e,8c4e_E,8c4e_F,0_7797_0,3j8a,0_7797_0,3j8a_D,3j8a_A,1.1977316055083658,1.3872984547322973,366,366,False
8c4e,8c4e_E,8c4e_F,0_7797_0,5yu8,0_7797_10,5yu8_B,5yu8_A,2.638900659490751,7.730257585808282,360,360,False
8c4e,8c4e_E,8c4e_F,0_7797_0,5yu8,0_7797_12,5yu8_C,5yu8_A,2.638925613029868,49.14386938197705,360,360,False
8c4e,8c4e_E,8c4e_G,0_7797_1,3j8a,0_7797_1,3j8a_A,3j8a_B,1.1790866545074166,1.3257252450036474,366,366,True
8c4e,8c4e_E,8c4e_G,0_7797_1,3j8a,0_7797_0,3j8a_D,3j8a_A,1.1977316055083658,53.10434402441507,366,366,False
8c4e,8c4e_E,8c4e_G,0_7797_1,5yu8,0_7797_10,5yu8_B,5yu8_A,2.638900659490751,57.666359522928126,360,360,False
8c4e,8c4e_E,8c4e_G,0_7797_1,5yu8,0_7797_12,5yu8_C,5yu8_A,2.638925613029868,8.035546218197453,360,360,False
8c4e,8c4e_F,8c4e_G,0_7797_0,3j8a,0_7797_1,3j8a_A,3j8a_B,1.1999574899162984,53.08924404272321,366,366,True
8c4e,8c4e_F,8c4e_G,0_7797_0,3j8a,0_7797_0,3j8a_D,3j8a_A,1.2173805130491282,1.3887374907490448,366,366,False
8c4e,8c4e_F,8c4e_G,0_7797_0,5yu8,0_7797_10,5yu8_B,5yu8_A,2.6432586334589154,7.7974460211044825,360,360,False
8c4e,8c4e_F,8c4e_G,0_7797_0,5yu8,0_7797_12,5yu8_C,5yu8_A,2.643283872269826,49.075057953878826,360,360,False
8c4e,8c4e_F,8c4e_H,0_7797_1,3j8a,0_7797_1,3j8a_A,3j8a_B,1.1999574899162984,1.2890561336131385,366,366,True
8c4e,8c4e_F,8c4e_H,0_7797_1,3j8a,0_7797_0,3j8a_D,3j8a_A,1.2173805130491282,53.05174573235896,366,366,False
8c4e,8c4e_F,8c4e_H,0_7797_1,5yu8,0_7797_10,5yu8_B,5yu8_A,2.6432586334589154,57.71124808718379,360,360,False
8c4e,8c4e_F,8c4e_H,0_7797_1,5yu8,0_7797_12,5yu8_C,5yu8_A,2.643283872269826,8.202268970204138,360,360,False
8c4e,8c4e_G,8c4e_H,0_7797_0,3j8a,0_7797_1,3j8a_A,3j8a_B,1.2085697748197373,53.07835348630878,366,366,True
8c4e,8c4e_G,8c4e_H,0_7797_0,3j8a,0_7797_0,3j8a_D,3j8a_A,1.2263907714833824,1.451333257848211,366,366,False
8c4e,8c4e_G,8c4e_H,0_7797_0,5yu8,0_7797_10,5yu8_B,5yu8_A,2.683795620751659,7.868892303253254,360,360,False
8c4e,8c4e_G,8c4e_H,0_7797_0,5yu8,0_7797_12,5yu8_C,5yu8_A,2.6838201118350646,49.0511357902084,360,360,False
8ccn,8ccn_A,8ccn_B,0_7797_0,3j8a,0_7797_1,3j8a_A,3j8a_B,1.0988161500329714,53.68176051513278,366,366,True
8ccn,8ccn_A,8ccn_B,0_7797_0,3j8a,0_7797_0,3j8a_D,3j8a_A,1.1207855394482726,1.8445418864614418,366,366,False
8ccn,8ccn_A,8ccn_B,0_7797_0,5yu8,0_7797_10,5yu8_B,5yu8_A,2.4947239290015673,7.717939328748558,360,360,False
8ccn,8ccn_A,8ccn_B,0_7797_0,5yu8,0_7797_12,5yu8_C,5yu8_A,2.494757187000857,49.64667855985991,360,360,False
8ccn,8ccn_A,8ccn_C,0_7797_1,3j8a,0_7797_1,3j8a_A,3j8a_B,1.0988161500329714,2.13458968757329,366,366,True
8ccn,8ccn_A,8ccn_C,0_7797_1,3j8a,0_7797_0,3j8a_D,3j8a_A,1.1207855394482726,54.62544556795351,366,366,False
8ccn,8ccn_A,8ccn_C,0_7797_1,5yu8,0_7797_10,5yu8_B,5yu8_A,2.4947239290015673,59.10896913441356,360,360,False
8ccn,8ccn_A,8ccn_C,0_7797_1,5yu8,0_7797_12,5yu8_C,5yu8_A,2.494757187000857,8.271269663902716,360,360,False
8ccn,8ccn_B,8ccn_C,0_7797_0,3j8a,0_7797_1,3j8a_A,3j8a_B,1.0988026101183035,53.682230589874635,366,366,True
8ccn,8ccn_B,8ccn_C,0_7797_0,3j8a,0_7797_0,3j8a_D,3j8a_A,1.1207750748139482,1.8426469409429975,366,366,False
8ccn,8ccn_B,8ccn_C,0_7797_0,5yu8,0_7797_10,5yu8_B,5yu8_A,2.494723973040851,7.712839063913631,360,360,False
8ccn,8ccn_B,8ccn_C,0_7797_0,5yu8,0_7797_12,5yu8_C,5yu8_A,2.494757237819547,49.64762292058978,360,360,False
8ccn,8ccn_B,8ccn_D,0_7797_1,3j8a,0_7797_1,3j8a_A,3j8a_B,1.0988026101183035,2.129974105386787,366,366,True
8ccn,8ccn_B,8ccn_D,0_7797_1,3j8a,0_7797_0,3j8a_D,3j8a_A,1.1207750748139482,54.6233881075991,366,366,False
8ccn,8ccn_B,8ccn_D,0_7797_1,5yu8,0_7797_10,5yu8_B,5yu8_A,2.494723973040851,59.10671823997305,360,360,False
8ccn,8ccn_B,8ccn_D,0_7797_1,5yu8,0_7797_12,5yu8_C,5yu8_A,2.494757237819547,8.273933937376123,360,360,False
8ccn,8ccn_C,8ccn_D,0_7797_0,3j8a,0_7797_1,3j8a_A,3j8a_B,1.0988178935838333,53.697654869384074,366,366,True
8ccn,8ccn_C,8ccn_D,0_7797_0,3j8a,0_7797_0,3j8a_D,3j8a_A,1.120785753540404,1.8411940582738844,366,366,False
8ccn,8ccn_C,8ccn_D,0_7797_0,5yu8,0_7797_10,5yu8_B,5yu8_A,2.4947282488873324,7.6955860749278076,360,360,False
8ccn,8ccn_C,8ccn_D,0_7797_0,5yu8,0_7797_12,5yu8_C,5yu8_A,2.494761507792708,49.66277970900672,360,360,False
8ccn,8ccn_C,8ccn_E,0_7797_1,3j8a,0_7797_1,3j8a_A,3j8a_B,1.0988178935838333,2.1344789403272055,366,366,True
8ccn,8ccn_C,8ccn_E,0_7797_1,3j8a,0_7797_0,3j8a_D,3j8a_A,1.120785753540404,54.61006133860548,366,366,False
8ccn,8ccn_C,8ccn_E,0_7797_1,5yu8,0_7797_10,5yu8_B,5yu8_A,2.4947282488873324,59.092564250030286,360,360,False
8ccn,8ccn_C,8ccn_E,0_7797_1,5yu8,0_7797_12,5yu8_C,5yu8_A,2.494761507792708,8.247090500574258,360,360,False
8ccn,8ccn_D,8ccn_E,0_7797_0,3j8a,0_7797_1,3j8a_A,3j8a_B,1.0988398348120625,53.69742240679737,366,366,True
8ccn,8ccn_D,8ccn_E,0_7797_0,3j8a,0_7797_0,3j8a_D,3j8a_A,1.1208079053030036,1.837670840024939,366,366,False
8ccn,8ccn_D,8ccn_E,0_7797_0,5yu8,0_7797_10,5yu8_B,5yu8_A,2.4946999988829632,7.691328259726076,360,360,False
8ccn,8ccn_D,8ccn_E,0_7797_0,5yu8,0_7797_12,5yu8_C,5yu8_A,2.4947332566538414,49.662750477789906,360,360,False
8ccn,8ccn_D,8ccn_F,0_7797_1,3j8a,0_7797_1,3j8a_A,3j8a_B,1.0988398348120625,2.131884088668134,366,366,True
8ccn,8ccn_D,8ccn_F,0_7797_1,3j8a,0_7797_0,3j8a_D,3j8a_A,1.1208079053030036,54.59583503655122,366,366,False
8ccn,8ccn_D,8ccn_F,0_7797_1,5yu8,0_7797_10,5yu8_B,5yu8_A,2.4946999988829632,59.077575618326996,360,360,False
8ccn,8ccn_D,8ccn_F,0_7797_1,5yu8,0_7797_12,5yu8_C,5yu8_A,2.4947332566538414,8.237732218461826,360,360,False
8ccn,8ccn_E,8ccn_F,0_7797_0,3j8a,0_7797_1,3j8a_A,3j8a_B,1.0988070614679302,53.69378756730088,366,366,True
8ccn,8ccn_E,8ccn_F,0_7797_0,3j8a,0_7797_0,3j8a_D,3j8a_A,1.1207773595956587,1.8275389662834702,366,366,False
8ccn,8ccn_E,8ccn_F,0_7797_0,5yu8,0_7797_10,5yu8_B,5yu8_A,2.4947348729681686,7.688121400568932,360,360,False
8ccn,8ccn_E,8ccn_F,0_7797_0,5yu8,0_7797_12,5yu8_C,5yu8_A,2.494768129844693,49.659919576081506,360,360,False
8cco,8cco_A,8cco_B,0_7797_0,3j8a,0_7797_1,3j8a_A,3j8a_B,1.0727504279151412,53.694107932655115,366,366,True
8cco,8cco_A,8cco_B,0_7797_0,3j8a,0_7797_0,3j8a_D,3j8a_A,1.0954090956183227,1.8090777663824529,366,366,False
8cco,8cco_A,8cco_B,0_7797_0,5yu8,0_7797_10,5yu8_B,5yu8_A,2.540860252924734,7.721162448727803,360,360,False
8cco,8cco_A,8cco_B,0_7797_0,5yu8,0_7797_12,5yu8_C,5yu8_A,2.5408927756839828,49.63968958340347,360,360,False
8cco,8cco_A,8cco_C,0_7797_1,3j8a,0_7797_1,3j8a_A,3j8a_B,1.0727504279151412,2.166915231525577,366,366,True
8cco,8cco_A,8cco_C,0_7797_1,3j8a,0_7797_0,3j8a_D,3j8a_A,1.0954090956183227,54.606789390617955,366,366,False
8cco,8cco_A,8cco_C,0_7797_1,5yu8,0_7797_10,5yu8_B,5yu8_A,2.540860252924734,59.10432242229516,360,360,False
8cco,8cco_A,8cco_C,0_7797_1,5yu8,0_7797_12,5yu8_C,5yu8_A,2.5408927756839828,8.262093374145092,360,360,False
8cco,8cco_B,8cco_C,0_7797_0,3j8a,0_7797_1,3j8a_A,3j8a_B,1.0727543181842296,53.69581578899675,366,366,True
8cco,8cco_B,8cco_C,0_7797_0,3j8a,0_7797_0,3j8a_D,3j8a_A,1.0954111039007486,1.8126996350557012,366,366,False
8cco,8cco_B,8cco_C,0_7797_0,5yu8,0_7797_10,5yu8_B,5yu8_A,2.540847278632082,7.723013788856205,360,360,False
8cco,8cco_B,8cco_C,0_7797_0,5yu8,0_7797_12,5yu8_C,5yu8_A,2.5408798092934894,49.640475393651336,360,360,False
8cco,8cco_B,8cco_D,0_7797_1,3j8a,0_7797_1,3j8a_A,3j8a_B,1.0727543181842296,2.1682943164456714,366,366,True
8cco,8cco_B,8cco_D,0_7797_1,3j8a,0_7797_0,3j8a_D,3j8a_A,1.0954111039007486,54.6087192040373,366,366,False
8cco,8cco_B,8cco_D,0_7797_1,5yu8,0_7797_10,5yu8_B,5yu8_A,2.540847278632082,59.10665255017829,360,360,False
8cco,8cco_B,8cco_D,0_7797_1,5yu8,0_7797_12,5yu8_C,5yu8_A,2.5408798092934894,8.262217683500593,360,360,False
8cco,8cco_C,8cco_D,0_7797_0,3j8a,0_7797_1,3j8a_A,3j8a_B,1.0727363155101772,53.69315181483973,366,366,True
8cco,8cco_C,8cco_D,0_7797_0,3j8a,0_7797_0,3j8a_D,3j8a_A,1.0953936719320447,1.8118828875437283,366,366,False
8cco,8cco_C,8cco_D,0_7797_0,5yu8,0_7797_10,5yu8_B,5yu8_A,2.5408511802401588,7.722118707667448,360,360,False
8cco,8cco_C,8cco_D,0_7797_0,5yu8,0_7797_12,5yu8_C,5yu8_A,2.540883710019407,49.63774016356148,360,360,False
8cco,8cco_C,8cco_E,0_7797_1,3j8a,0_7797_1,3j8a_A,3j8a_B,1.0727363155101772,2.1701057721305186,366,366,True
8cco,8cco_C,8cco_E,0_7797_1,3j8a,0_7797_0,3j8a_D,3j8a_A,1.0953936719320447,54.60982434587349,366,366,False
8cco,8cco_C,8cco_E,0_7797_1,5yu8,0_7797_10,5yu8_B,5yu8_A,2.5408511802401588,59.107716479270856,360,360,False
8cco,8cco_C,8cco_E,0_7797_1,5yu8,0_7797_12,5yu8_C,5yu8_A,2.540883710019407,8.261570777667528,360,360,False
8cco,8cco_D,8cco_E,0_7797_0,3j8a,0_7797_1,3j8a_A,3j8a_B,1.072746040758727,53.692825804505325,366,366,True
8cco,8cco_D,8cco_E,0_7797_0,3j8a,0_7797_0,3j8a_D,3j8a_A,1.09540338510102,1.81453416870822,366,366,False
8cco,8cco_D,8cco_E,0_7797_0,5yu8,0_7797_10,5yu8_B,5yu8_A,2.5408723033068688,7.725853056758676,360,360,False
8cco,8cco_D,8cco_E,0_7797_0,5yu8,0_7797_12,5yu8_C,5yu8_A,2.5409048271515045,49.63730156810531,360,360,False
8cco,8cco_D,8cco_F,0_7797_1,3j8a,0_7797_1,3j8a_A,3j8a_B,1.072746040758727,2.1709374436187576,366,366,True
8cco,8cco_D,8cco_F,0_7797_1,3j8a,0_7797_0,3j8a_D,3j8a_A,1.09540338510102,54.607823695622464,366,366,False
8cco,8cco_D,8cco_F,0_7797_1,5yu8,0_7797_10,5yu8_B,5yu8_A,2.5408723033068688,59.10559904415357,360,360,False
8cco,8cco_D,8cco_F,0_7797_1,5yu8,0_7797_12,5yu8_C,5yu8_A,2.5409048271515045,8.259352103788272,360,360,False
8cco,8cco_E,8cco_F,0_7797_0,3j8a,0_7797_1,3j8a_A,3j8a_B,1.072773928035673,53.68919483210599,366,366,True
8cco,8cco_E,8cco_F,0_7797_0,3j8a,0_7797_0,3j8a_D,3j8a_A,1.0954310948891008,1.8068700501675508,366,366,False
8cco,8cco_E,8cco_F,0_7797_0,5yu8,0_7797_10,5yu8_B,5yu8_A,2.540858648582738,7.7221621475186515,360,360,False
8cco,8cco_E,8cco_F,0_7797_0,5yu8,0_7797_12,5yu8_C,5yu8_A,2.540891171090114,49.63416574007736,360,360,False
8d15,8d15_A,8d15_B,0_7797_0,3j8a,0_7797_1,3j8a_A,3j8a_B,1.0994361771310992,53.02923558428818,366,366,True
8d15,8d15_A,8d15_B,0_7797_0,3j8a,0_7797_0,3j8a_D,3j8a_A,1.1229390674261694,1.562878250219048,366,366,False
8d15,8d15_A,8d15_B,0_7797_0,5yu8,0_7797_10,5yu8_B,5yu8_A,2.6643521826039485,8.137029692760263,360,360,False
8d15,8d15_A,8d15_B,0_7797_0,5yu8,0_7797_12,5yu8_C,5yu8_A,2.664376645471284,48.93104460735668,360,360,False
8d15,8d15_A,8d15_C,0_7797_1,3j8a,0_7797_1,3j8a_A,3j8a_B,1.0994361771310992,1.6841349625505224,366,366,True
8d15,8d15_A,8d15_C,0_7797_1,3j8a,0_7797_0,3j8a_D,3j8a_A,1.1229390674261694,54.31907059374178,366,366,False
8d15,8d15_A,8d15_C,0_7797_1,5yu8,0_7797_10,5yu8_B,5yu8_A,2.6643521826039485,58.986871288036916,360,360,False
8d15,8d15_A,8d15_C,0_7797_1,5yu8,0_7797_12,5yu8_C,5yu8_A,2.664376645471284,8.724093265236037,360,360,False
8d15,8d15_B,8d15_C,0_7797_0,3j8a,0_7797_1,3j8a_A,3j8a_B,1.1278820785761976,53.38280362816799,366,366,True
8d15,8d15_B,8d15_C,0_7797_0,3j8a,0_7797_0,3j8a_D,3j8a_A,1.151821934564163,1.576754474543107,366,366,False
8d15,8d15_B,8d15_C,0_7797_0,5yu8,0_7797_10,5yu8_B,5yu8_A,2.6697232276034795,7.824960301775439,360,360,False
8d15,8d15_B,8d15_C,0_7797_0,5yu8,0_7797_12,5yu8_C,5yu8_A,2.6697523660597735,49.33608953394095,360,360,False
8d15,8d15_B,8d15_D,0_7797_1,3j8a,0_7797_1,3j8a_A,3j8a_B,1.1278820785761976,2.03514464985111,366,366,True
8d15,8d15_B,8d15_D,0_7797_1,3j8a,0_7797_0,3j8a_D,3j8a_A,1.151821934564163,53.91598648314604,366,366,False
8d15,8d15_B,8d15_D,0_7797_1,5yu8,0_7797_10,5yu8_B,5yu8_A,2.6697232276034795,58.50156167729076,360,360,False
8d15,8d15_B,8d15_D,0_7797_1,5yu8,0_7797_12,5yu8_C,5yu8_A,2.6697523660597735,7.829063079160554,360,360,False
8d15,8d15_C,8d15_D,0_7797_0,3j8a,0_7797_1,3j8a_A,3j8a_B,1.0533394944942611,53.06063763990219,366,366,True
8d15,8d15_C,8d15_D,0_7797_0,3j8a,0_7797_0,3j8a_D,3j8a_A,1.0772427582940893,1.5184045114174305,366,366,False
8d15,8d15_C,8d15_D,0_7797_0,5yu8,0_7797_10,5yu8_B,5yu8_A,2.630165452995964,8.211710328748065,360,360,False
8d15,8d15_C,8d15_D,0_7797_0,5yu8,0_7797_12,5yu8_C,5yu8_A,2.6301947539242856,48.975868172677295,360,360,False
8d15,8d15_C,8d15_E,0_7797_1,3j8a,0_7797_1,3j8a_A,3j8a_B,1.0533394944942611,1.7035374828994665,366,366,True
8d15,8d15_C,8d15_E,0_7797_1,3j8a,0_7797_0,3j8a_D,3j8a_A,1.0772427582940893,54.33255899159745,366,366,False
8d15,8d15_C,8d15_E,0_7797_1,5yu8,0_7797_10,5yu8_B,5yu8_A,2.630165452995964,58.99964158549421,360,360,False
8d15,8d15_C,8d15_E,0_7797_1,5yu8,0_7797_12,5yu8_C,5yu8_A,2.6301947539242856,8.764985146332629,360,360,False
8d15,8d15_D,8d15_E,0_7797_0,3j8a,0_7797_1,3j8a_A,3j8a_B,1.0711585005448412,53.04151219431453,366,366,True
8d15,8d15_D,8d15_E,0_7797_0,3j8a,0_7797_0,3j8a_D,3j8a_A,1.0916603726736536,1.7779334868541172,366,366,False
8d15,8d15_D,8d15_E,0_7797_0,5yu8,0_7797_10,5yu8_B,5yu8_A,2.678493068788643,8.34036327789374,360,360,False
8d15,8d15_D,8d15_E,0_7797_0,5yu8,0_7797_12,5yu8_C,5yu8_A,2.678519406515914,48.967470953053486,360,360,False
8d15,8d15_D,8d15_F,0_7797_1,3j8a,0_7797_1,3j8a_A,3j8a_B,1.0711585005448412,2.1659128848074154,366,366,True
8d15,8d15_D,8d15_F,0_7797_1,3j8a,0_7797_0,3j8a_D,3j8a_A,1.0916603726736536,54.1218520960828,366,366,False
8d15,8d15_D,8d15_F,0_7797_1,5yu8,0_7797_10,5yu8_B,5yu8_A,2.678493068788643,58.78274832564374,360,360,False
8d15,8d15_D,8d15_F,0_7797_1,5yu8,0_7797_12,5yu8_C,5yu8_A,2.678519406515914,8.288673565620622,360,360,False
8d15,8d15_E,8d15_F,0_7797_0,3j8a,0_7797_1,3j8a_A,3j8a_B,1.0671118825686694,52.9501330355151,366,366,True
8d15,8d15_E,8d15_F,0_7797_0,3j8a,0_7797_0,3j8a_D,3j8a_A,1.088474867733766,1.3786668726121538,366,366,False
8d15,8d15_E,8d15_F,0_7797_0,5yu8,0_7797_10,5yu8_B,5yu8_A,2.6236352245089187,8.191938498348671,360,360,False
8d15,8d15_E,8d15_F,0_7797_0,5yu8,0_7797_12,5yu8_C,5yu8_A,2.623662794030789,48.90574181066164,360,360,False
8d15,8d15_E,8d15_G,0_7797_1,3j8a,0_7797_1,3j8a_A,3j8a_B,1.0671118825686694,1.8685658166924803,366,366,True
8d15,8d15_E,8d15_G,0_7797_1,3j8a,0_7797_0,3j8a_D,3j8a_A,1.088474867733766,54.336522529933376,366,366,False
8d15,8d15_E,8d15_G,0_7797_1,5yu8,0_7797_10,5yu8_B,5yu8_A,2.6236352245089187,58.98993383241914,360,360,False
8d15,8d15_E,8d15_G,0_7797_1,5yu8,0_7797_12,5yu8_C,5yu8_A,2.623662794030789,8.646623926853286,360,360,False
8d15,8d15_F,8d15_G,0_7797_0,3j8a,0_7797_1,3j8a_A,3j8a_B,1.0494628804714374,52.92952501336257,366,366,True
8d15,8d15_F,8d15_G,0_7797_0,3j8a,0_7797_0,3j8a_D,3j8a_A,1.0754128788200623,1.783452759217907,366,366,False
8d15,8d15_F,8d15_G,0_7797_0,5yu8,0_7797_10,5yu8_B,5yu8_A,2.63427273129098,8.49558946922892,360,360,False
8d15,8d15_F,8d15_G,0_7797_0,5yu8,0_7797_12,5yu8_C,5yu8_A,2.6343019592012267,48.86412171579579,360,360,False
8d16,8d16_A,8d16_B,0_7797_0,3j8a,0_7797_1,3j8a_A,3j8a_B,1.0909859420190924,53.16812893563976,366,366,True
8d16,8d16_A,8d16_B,0_7797_0,3j8a,0_7797_0,3j8a_D,3j8a_A,1.1143437039323132,1.3001875509764078,366,366,False
8d16,8d16_A,8d16_B,0_7797_0,5yu8,0_7797_10,5yu8_B,5yu8_A,2.7051702510625635,7.8973789146863,360,360,False
8d16,8d16_A,8d16_B,0_7797_0,5yu8,0_7797_12,5yu8_C,5yu8_A,2.7051967189433563,49.12635300297456,360,360,False
8d16,8d16_A,8d16_C,0_7797_1,3j8a,0_7797_1,3j8a_A,3j8a_B,1.0909859420190924,1.3535297650262268,366,366,True
8d16,8d16_A,8d16_C,0_7797_1,3j8a,0_7797_0,3j8a_D,3j8a_A,1.1143437039323132,53.96556754343772,366,366,False
8d16,8d16_A,8d16_C,0_7797_1,5yu8,0_7797_10,5yu8_B,5yu8_A,2.7051702510625635,58.58462853207128,360,360,False
8d16,8d16_A,8d16_C,0_7797_1,5yu8,0_7797_12,5yu8_C,5yu8_A,2.7051967189433563,8.547674510302464,360,360,False
8d16,8d16_B,8d16_C,0_7797_0,3j8a,0_7797_1,3j8a_A,3j8a_B,1.0566546298672461,53.42405703167563,366,366,True
8d16,8d16_B,8d16_C,0_7797_0,3j8a,0_7797_0,3j8a_D,3j8a_A,1.080190521561318,1.3124121124450416,366,366,False
8d16,8d16_B,8d16_C,0_7797_0,5yu8,0_7797_10,5yu8_B,5yu8_A,2.6468478460697504,7.719408668440846,360,360,False
8d16,8d16_B,8d16_C,0_7797_0,5yu8,0_7797_12,5yu8_C,5yu8_A,2.64687951033953,49.31941773617044,360,360,False
8d16,8d16_B,8d16_D,0_7797_1,3j8a,0_7797_1,3j8a_A,3j8a_B,1.0566546298672461,1.4891515354245728,366,366,True
8d16,8d16_B,8d16_D,0_7797_1,3j8a,0_7797_0,3j8a_D,3j8a_A,1.080190521561318,53.56846181157255,366,366,False
8d16,8d16_B,8d16_D,0_7797_1,5yu8,0_7797_10,5yu8_B,5yu8_A,2.6468478460697504,58.21256292315757,360,360,False
8d16,8d16_B,8d16_D,0_7797_1,5yu8,0_7797_12,5yu8_C,5yu8_A,2.64687951033953,7.8217830792818,360,360,False
8d16,8d16_C,8d16_D,0_7797_0,3j8a,0_7797_1,3j8a_A,3j8a_B,1.0588243133574864,53.161397940872355,366,366,True
8d16,8d16_C,8d16_D,0_7797_0,3j8a,0_7797_0,3j8a_D,3j8a_A,1.0745613187411078,1.3117449753305734,366,366,False
8d16,8d16_C,8d16_D,0_7797_0,5yu8,0_7797_10,5yu8_B,5yu8_A,2.6351920371919855,7.929162898060904,360,360,False
8d16,8d16_C,8d16_D,0_7797_0,5yu8,0_7797_12,5yu8_C,5yu8_A,2.6352199311724025,49.151771568593524,360,360,False
8d16,8d16_C,8d16_E,0_7797_1,3j8a,0_7797_1,3j8a_A,3j8a_B,1.0588243133574864,1.325965469416135,366,366,True
8d16,8d16_C,8d16_E,0_7797_1,3j8a,0_7797_0,3j8a_D,3j8a_A,1.0745613187411078,54.04392213111218,366,366,False
8d16,8d16_C,8d16_E,0_7797_1,5yu8,0_7797_10,5yu8_B,5yu8_A,2.6351920371919855,58.65289614355853,360,360,False
8d16,8d16_C,8d16_E,0_7797_1,5yu8,0_7797_12,5yu8_C,5yu8_A,2.6352199311724025,8.694787050947168,360,360,False
8d16,8d16_D,8d16_E,0_7797_0,3j8a,0_7797_1,3j8a_A,3j8a_B,1.0340042901689144,53.27575780749242,366,366,True
8d16,8d16_D,8d16_E,0_7797_0,3j8a,0_7797_0,3j8a_D,3j8a_A,1.0566390694778462,1.4831429746609053,366,366,False
8d16,8d16_D,8d16_E,0_7797_0,5yu8,0_7797_10,5yu8_B,5yu8_A,2.6043860513236807,7.952937241860904,360,360,False
8d16,8d16_D,8d16_E,0_7797_0,5yu8,0_7797_12,5yu8_C,5yu8_A,2.6044137349936363,49.227428059935455,360,360,False
8d16,8d16_D,8d16_F,0_7797_1,3j8a,0_7797_1,3j8a_A,3j8a_B,1.0340042901689144,1.659461077100226,366,366,True
8d16,8d16_D,8d16_F,0_7797_1,3j8a,0_7797_0,3j8a_D,3j8a_A,1.0566390694778462,53.645771857498566,366,366,False
8d16,8d16_D,8d16_F,0_7797_1,5yu8,0_7797_10,5yu8_B,5yu8_A,2.6043860513236807,58.250890746980346,360,360,False
8d16,8d16_D,8d16_F,0_7797_1,5yu8,0_7797_12,5yu8_C,5yu8_A,2.6044137349936363,7.9531650753528575,360,360,False
8d16,8d16_E,8d16_F,0_7797_0,3j8a,0_7797_1,3j8a_A,3j8a_B,1.025647885137807,53.228233097528346,366,366,True
8d16,8d16_E,8d16_F,0_7797_0,3j8a,0_7797_0,3j8a_D,3j8a_A,1.0466842254718582,1.1882745251426883,366,366,False
8d16,8d16_E,8d16_F,0_7797_0,5yu8,0_7797_10,5yu8_B,5yu8_A,2.647750222925325,7.871374518611926,360,360,False
8d16,8d16_E,8d16_F,0_7797_0,5yu8,0_7797_12,5yu8_C,5yu8_A,2.6477794746101138,49.18894766168576,360,360,False
8d16,8d16_E,8d16_G,0_7797_1,3j8a,0_7797_1,3j8a_A,3j8a_B,1.025647885137807,1.2894612615228538,366,366,True
8d16,8d16_E,8d16_G,0_7797_1,3j8a,0_7797_0,3j8a_D,3j8a_A,1.0466842254718582,53.93757091037199,366,366,False
8d16,8d16_E,8d16_G,0_7797_1,5yu8,0_7797_10,5yu8_B,5yu8_A,2.647750222925325,58.56415730392002,360,360,False
8d16,8d16_E,8d16_G,0_7797_1,5yu8,0_7797_12,5yu8_C,5yu8_A,2.6477794746101138,8.516274780716783,360,360,False
8d16,8d16_F,8d16_G,0_7797_0,3j8a,0_7797_1,3j8a_A,3j8a_B,1.0313143723110547,53.1422971135028,366,366,True
8d16,8d16_F,8d16_G,0_7797_0,3j8a,0_7797_0,3j8a_D,3j8a_A,1.0541753566989294,1.5160899570478328,366,366,False
8d16,8d16_F,8d16_G,0_7797_0,5yu8,0_7797_10,5yu8_B,5yu8_A,2.609246053646985,8.166661728173525,360,360,False
8d16,8d16_F,8d16_G,0_7797_0,5yu8,0_7797_12,5yu8_C,5yu8_A,2.609272610860513,49.08032961595779,360,360,False
8d17,8d17_A,8d17_B,0_7797_0,3j8a,0_7797_1,3j8a_A,3j8a_B,1.174822684658808,52.90753842178941,366,366,True
8d17,8d17_A,8d17_B,0_7797_0,3j8a,0_7797_0,3j8a_D,3j8a_A,1.197785661076702,1.5025094428621757,366,366,False
8d17,8d17_A,8d17_B,0_7797_0,5yu8,0_7797_10,5yu8_B,5yu8_A,2.6969307785737557,8.171260475780228,360,360,False
8d17,8d17_A,8d17_B,0_7797_0,5yu8,0_7797_12,5yu8_C,5yu8_A,2.6969574223960175,48.85258932257083,360,360,False
8d17,8d17_A,8d17_C,0_7797_1,3j8a,0_7797_1,3j8a_A,3j8a_B,1.174822684658808,1.9173544618879965,366,366,True
8d17,8d17_A,8d17_C,0_7797_1,3j8a,0_7797_0,3j8a_D,3j8a_A,1.197785661076702,54.27204409746985,366,366,False
8d17,8d17_A,8d17_C,0_7797_1,5yu8,0_7797_10,5yu8_B,5yu8_A,2.6969307785737557,58.93411108414088,360,360,False
8d17,8d17_A,8d17_C,0_7797_1,5yu8,0_7797_12,5yu8_C,5yu8_A,2.6969574223960175,8.475607379207403,360,360,False
8d17,8d17_B,8d17_C,0_7797_0,3j8a,0_7797_1,3j8a_A,3j8a_B,1.1175450501487658,52.82618615506424,366,366,True
8d17,8d17_B,8d17_C,0_7797_0,3j8a,0_7797_0,3j8a_D,3j8a_A,1.1427283798810692,1.6787142566680775,366,366,False
8d17,8d17_B,8d17_C,0_7797_0,5yu8,0_7797_10,5yu8_B,5yu8_A,2.6703586783999445,8.310243712554,360,360,False
8d17,8d17_B,8d17_C,0_7797_0,5yu8,0_7797_12,5yu8_C,5yu8_A,2.67038346105006,48.778635542594394,360,360,False
8d17,8d17_B,8d17_D,0_7797_1,3j8a,0_7797_1,3j8a_A,3j8a_B,1.1175450501487658,1.9286199776955313,366,366,True
8d17,8d17_B,8d17_D,0_7797_1,3j8a,0_7797_0,3j8a_D,3j8a_A,1.1427283798810692,54.20906484900455,366,366,False
8d17,8d17_B,8d17_D,0_7797_1,5yu8,0_7797_10,5yu8_B,5yu8_A,2.6703586783999445,58.84609040557181,360,360,False
8d17,8d17_B,8d17_D,0_7797_1,5yu8,0_7797_12,5yu8_C,5yu8_A,2.67038346105006,8.355739774877657,360,360,False
8d17,8d17_C,8d17_D,0_7797_0,3j8a,0_7797_1,3j8a_A,3j8a_B,1.133832846225755,52.85034948157286,366,366,True
8d17,8d17_C,8d17_D,0_7797_0,3j8a,0_7797_0,3j8a_D,3j8a_A,1.1570457673689845,1.5765325103848276,366,366,False
8d17,8d17_C,8d17_D,0_7797_0,5yu8,0_7797_10,5yu8_B,5yu8_A,2.6830143000724855,8.272465006722129,360,360,False
8d17,8d17_C,8d17_D,0_7797_0,5yu8,0_7797_12,5yu8_C,5yu8_A,2.6830397770368286,48.829157396696836,360,360,False
8d17,8d17_C,8d17_E,0_7797_1,3j8a,0_7797_1,3j8a_A,3j8a_B,1.133832846225755,1.8715851767371132,366,366,True
8d17,8d17_C,8d17_E,0_7797_1,3j8a,0_7797_0,3j8a_D,3j8a_A,1.1570457673689845,54.2936323665399,366,366,False
8d17,8d17_C,8d17_E,0_7797_1,5yu8,0_7797_10,5yu8_B,5yu8_A,2.6830143000724855,58.92175795321446,360,360,False
8d17,8d17_C,8d17_E,0_7797_1,5yu8,0_7797_12,5yu8_C,5yu8_A,2.6830397770368286,8.456041223176372,360,360,False
8d17,8d17_D,8d17_E,0_7797_0,3j8a,0_7797_1,3j8a_A,3j8a_B,1.1102105702498657,52.7147345959386,366,366,True
8d17,8d17_D,8d17_E,0_7797_0,3j8a,0_7797_0,3j8a_D,3j8a_A,1.1317249103960136,1.7756273152360234,366,366,False
8d17,8d17_D,8d17_E,0_7797_0,5yu8,0_7797_10,5yu8_B,5yu8_A,2.6773256489487247,8.546277828179813,360,360,False
8d17,8d17_D,8d17_E,0_7797_0,5yu8,0_7797_12,5yu8_C,5yu8_A,2.677350449541198,48.63857751090378,360,360,False
8d17,8d17_D,8d17_F,0_7797_1,3j8a,0_7797_1,3j8a_A,3j8a_B,1.1102105702498657,1.9871020331292817,366,366,True
8d17,8d17_D,8d17_F,0_7797_1,3j8a,0_7797_0,3j8a_D,3j8a_A,1.1317249103960136,54.283409103469936,366,366,False
8d17,8d17_D,8d17_F,0_7797_1,5yu8,0_7797_10,5yu8_B,5yu8_A,2.6773256489487247,58.96512741864488,360,360,False
8d17,8d17_D,8d17_F,0_7797_1,5yu8,0_7797_12,5yu8_C,5yu8_A,2.677350449541198,8.52134938623929,360,360,False
8d17,8d17_E,8d17_F,0_7797_0,3j8a,0_7797_1,3j8a_A,3j8a_B,1.100499417156349,52.69510517827064,366,366,True
8d17,8d17_E,8d17_F,0_7797_0,3j8a,0_7797_0,3j8a_D,3j8a_A,1.1246488504645178,1.6559047797484157,366,366,False
8d17,8d17_E,8d17_F,0_7797_0,5yu8,0_7797_10,5yu8_B,5yu8_A,2.660870089308306,8.448599556041776,360,360,False
8d17,8d17_E,8d17_F,0_7797_0,5yu8,0_7797_12,5yu8_C,5yu8_A,2.6608961071727006,48.675118078609685,360,360,False
8d17,8d17_E,8d17_G,0_7797_1,3j8a,0_7797_1,3j8a_A,3j8a_B,1.100499417156349,1.9005659128253107,366,366,True
8d17,8d17_E,8d17_G,0_7797_1,3j8a,0_7797_0,3j8a_D,3j8a_A,1.1246488504645178,54.35153285980158,366,366,False
8d17,8d17_E,8d17_G,0_7797_1,5yu8,0_7797_10,5yu8_B,5yu8_A,2.660870089308306,58.99621301454137,360,360,False
8d17,8d17_E,8d17_G,0_7797_1,5yu8,0_7797_12,5yu8_C,5yu8_A,2.6608961071727006,8.537126149006736,360,360,False
8d17,8d17_F,8d17_G,0_7797_0,3j8a,0_7797_1,3j8a_A,3j8a_B,1.0907977749920232,52.61969287010257,366,366,True
8d17,8d17_F,8d17_G,0_7797_0,3j8a,0_7797_0,3j8a_D,3j8a_A,1.1144819120683715,1.7779451307543552,366,366,False
8d17,8d17_F,8d17_G,0_7797_0,5yu8,0_7797_10,5yu8_B,5yu8_A,2.6660602366124664,8.590063452925103,360,360,False
8d17,8d17_F,8d17_G,0_7797_0,5yu8,0_7797_12,5yu8_C,5yu8_A,2.666084024883044,48.58831629794906,360,360,False
8d18,8d18_A,8d18_B,0_7797_0,3j8a,0_7797_1,3j8a_A,3j8a_B,1.1820606648449299,52.970836760673905,366,366,True
8d18,8d18_A,8d18_B,0_7797_0,3j8a,0_7797_0,3j8a_D,3j8a_A,1.2047118866156576,1.4591291025924307,366,366,False
8d18,8d18_A,8d18_B,0_7797_0,5yu8,0_7797_10,5yu8_B,5yu8_A,2.708699967843445,8.114545497634074,360,360,False
8d18,8d18_A,8d18_B,0_7797_0,5yu8,0_7797_12,5yu8_C,5yu8_A,2.7087242973436325,48.89770562883461,360,360,False
8d18,8d18_A,8d18_C,0_7797_1,3j8a,0_7797_1,3j8a_A,3j8a_B,1.1820606648449299,1.891641847284186,366,366,True
8d18,8d18_A,8d18_C,0_7797_1,3j8a,0_7797_0,3j8a_D,3j8a_A,1.2047118866156576,54.2406884174655,366,366,False
8d18,8d18_A,8d18_C,0_7797_1,5yu8,0_7797_10,5yu8_B,5yu8_A,2.708699967843445,58.91244841837155,360,360,False
8d18,8d18_A,8d18_C,0_7797_1,5yu8,0_7797_12,5yu8_C,5yu8_A,2.7087242973436325,8.433215132893142,360,360,False
8d18,8d18_B,8d18_C,0_7797_0,3j8a,0_7797_1,3j8a_A,3j8a_B,1.1110129746013524,52.8452623152908,366,366,True
8d18,8d18_B,8d18_C,0_7797_0,3j8a,0_7797_0,3j8a_D,3j8a_A,1.138087393537522,1.684069445664508,366,366,False
8d18,8d18_B,8d18_C,0_7797_0,5yu8,0_7797_10,5yu8_B,5yu8_A,2.669325310942299,8.302869219721543,360,360,False
8d18,8d18_B,8d18_C,0_7797_0,5yu8,0_7797_12,5yu8_C,5yu8_A,2.6693525346963383,48.81397445309952,360,360,False
8d18,8d18_B,8d18_D,0_7797_1,3j8a,0_7797_1,3j8a_A,3j8a_B,1.1110129746013524,1.979816551386535,366,366,True
8d18,8d18_B,8d18_D,0_7797_1,3j8a,0_7797_0,3j8a_D,3j8a_A,1.138087393537522,54.239363588863924,366,366,False
8d18,8d18_B,8d18_D,0_7797_1,5yu8,0_7797_10,5yu8_B,5yu8_A,2.669325310942299,58.862147230864174,360,360,False
8d18,8d18_B,8d18_D,0_7797_1,5yu8,0_7797_12,5yu8_C,5yu8_A,2.6693525346963383,8.358550128206458,360,360,False
8d18,8d18_C,8d18_D,0_7797_0,3j8a,0_7797_1,3j8a_A,3j8a_B,1.1257934919051256,52.81059779509815,366,366,True
8d18,8d18_C,8d18_D,0_7797_0,3j8a,0_7797_0,3j8a_D,3j8a_A,1.1466565831564879,1.65495805397959,366,366,False
8d18,8d18_C,8d18_D,0_7797_0,5yu8,0_7797_10,5yu8_B,5yu8_A,2.6697139442365634,8.362602085521184,360,360,False
8d18,8d18_C,8d18_D,0_7797_0,5yu8,0_7797_12,5yu8_C,5yu8_A,2.6697385938666836,48.74466561621972,360,360,False
8d18,8d18_C,8d18_E,0_7797_1,3j8a,0_7797_1,3j8a_A,3j8a_B,1.1257934919051256,1.8773137690960637,366,366,True
8d18,8d18_C,8d18_E,0_7797_1,3j8a,0_7797_0,3j8a_D,3j8a_A,1.1466565831564879,54.31999457223301,366,366,False
8d18,8d18_C,8d18_E,0_7797_1,5yu8,0_7797_10,5yu8_B,5yu8_A,2.6697139442365634,58.98613678086884,360,360,False
8d18,8d18_C,8d18_E,0_7797_1,5yu8,0_7797_12,5yu8_C,5yu8_A,2.6697385938666836,8.562190580446302,360,360,False
8d18,8d18_D,8d18_E,0_7797_0,3j8a,0_7797_1,3j8a_A,3j8a_B,1.1194079260755814,52.74518300718038,366,366,True
8d18,8d18_D,8d18_E,0_7797_0,3j8a,0_7797_0,3j8a_D,3j8a_A,1.1434980193989905,1.7338613253635655,366,366,False
8d18,8d18_D,8d18_E,0_7797_0,5yu8,0_7797_10,5yu8_B,5yu8_A,2.6695086190445196,8.402570914286867,360,360,False
8d18,8d18_D,8d18_E,0_7797_0,5yu8,0_7797_12,5yu8_C,5yu8_A,2.6695343045271693,48.75046495127199,360,360,False
8d18,8d18_D,8d18_F,0_7797_1,3j8a,0_7797_1,3j8a_A,3j8a_B,1.1194079260755814,1.9786650882727541,366,366,True
8d18,8d18_D,8d18_F,0_7797_1,3j8a,0_7797_0,3j8a_D,3j8a_A,1.1434980193989905,54.28696639539511,366,366,False
8d18,8d18_D,8d18_F,0_7797_1,5yu8,0_7797_10,5yu8_B,5yu8_A,2.6695086190445196,58.885697559171795,360,360,False
8d18,8d18_D,8d18_F,0_7797_1,5yu8,0_7797_12,5yu8_C,5yu8_A,2.6695343045271693,8.397450965184955,360,360,False
8d18,8d18_E,8d18_F,0_7797_0,3j8a,0_7797_1,3j8a_A,3j8a_B,1.083073772552546,52.72791757193258,366,366,True
8d18,8d18_E,8d18_F,0_7797_0,3j8a,0_7797_0,3j8a_D,3j8a_A,1.1084226777150714,1.6384911295398923,366,366,False
8d18,8d18_E,8d18_F,0_7797_0,5yu8,0_7797_10,5yu8_B,5yu8_A,2.698018456925842,8.424130966327652,360,360,False
8d18,8d18_E,8d18_F,0_7797_0,5yu8,0_7797_12,5yu8_C,5yu8_A,2.6980452567627347,48.69255511013033,360,360,False
8d18,8d18_E,8d18_G,0_7797_1,3j8a,0_7797_1,3j8a_A,3j8a_B,1.083073772552546,1.8840169141390493,366,366,True
8d18,8d18_E,8d18_G,0_7797_1,3j8a,0_7797_0,3j8a_D,3j8a_A,1.1084226777150714,54.28901154631895,366,366,False
8d18,8d18_E,8d18_G,0_7797_1,5yu8,0_7797_10,5yu8_B,5yu8_A,2.698018456925842,58.9327863872883,360,360,False
8d18,8d18_E,8d18_G,0_7797_1,5yu8,0_7797_12,5yu8_C,5yu8_A,2.6980452567627347,8.484538574603137,360,360,False
8d18,8d18_F,8d18_G,0_7797_0,3j8a,0_7797_1,3j8a_A,3j8a_B,1.1159397750299187,52.60741224010595,366,366,True
8d18,8d18_F,8d18_G,0_7797_0,3j8a,0_7797_0,3j8a_D,3j8a_A,1.1399231704714228,1.768802688729298,366,366,False
8d18,8d18_F,8d18_G,0_7797_0,5yu8,0_7797_10,5yu8_B,5yu8_A,2.6886971742831127,8.58770874409277,360,360,False
8d18,8d18_F,8d18_G,0_7797_0,5yu8,0_7797_12,5yu8_C,5yu8_A,2.6887233281439955,48.589993239373165,360,360,False
8dd0,8dd0_A,8dd0_B,0_7797_0,3j8a,0_7797_1,3j8a_A,3j8a_B,1.0007699887493147,53.13982607750576,366,366,False
8dd0,8dd0_A,8dd0_B,0_7797_0,3j8a,0_7797_0,3j8a_D,3j8a_A,1.0007699887493147,1.2447677330388556,366,366,True
8dd0,8dd0_A,8dd0_B,0_7797_0,5yu8,0_7797_10,5yu8_B,5yu8_A,2.6257504293144955,8.45985438355353,360,360,True
8dd0,8dd0_A,8dd0_B,0_7797_0,5yu8,0_7797_12,5yu8_C,5yu8_A,2.6257504293144955,55.35810065358746,360,360,True
8dd0,8dd0_A,8dd0_C,0_7797_1,3j8a,0_7797_1,3j8a_A,3j8a_B,1.0007699887493147,1.3006934110190371,366,366,False
8dd0,8dd0_A,8dd0_C,0_7797_1,3j8a,0_7797_0,3j8a_D,3j8a_A,1.0007699887493147,54.028892535589925,366,366,True
8dd0,8dd0_A,8dd0_C,0_7797_1,5yu8,0_7797_10,5yu8_B,5yu8_A,2.6257504293144955,52.75905390359406,360,360,True
8dd0,8dd0_A,8dd0_C,0_7797_1,5yu8,0_7797_12,5yu8_C,5yu8_A,2.6257504293144955,6.360020956698491,360,360,True
8dd0,8dd0_B,8dd0_C,0_7797_0,3j8a,0_7797_1,3j8a_A,3j8a_B,1.0007558151500158,53.05700056676944,366,366,False
8dd0,8dd0_B,8dd0_C,0_7797_0,3j8a,0_7797_0,3j8a_D,3j8a_A,1.0007558151500158,1.2930950511615062,366,366,True
8dd0,8dd0_B,8dd0_C,0_7797_0,5yu8,0_7797_10,5yu8_B,5yu8_A,2.6257962821487704,8.408135210653786,360,360,True
8dd0,8dd0_B,8dd0_C,0_7797_0,5yu8,0_7797_12,5yu8_C,5yu8_A,2.6257962821487704,55.27455951465251,360,360,True
8dd0,8dd0_B,8dd0_D,0_7797_1,3j8a,0_7797_1,3j8a_A,3j8a_B,1.0007558151500158,1.3006777961217173,366,366,False
8dd0,8dd0_B,8dd0_D,0_7797_1,3j8a,0_7797_0,3j8a_D,3j8a_A,1.0007558151500158,54.02885811686351,366,366,True
8dd0,8dd0_B,8dd0_D,0_7797_1,5yu8,0_7797_10,5yu8_B,5yu8_A,2.6257962821487704,52.759013942887236,360,360,True
8dd0,8dd0_B,8dd0_D,0_7797_1,5yu8,0_7797_12,5yu8_C,5yu8_A,2.6257962821487704,6.360103034799316,360,360,True
8dd0,8dd0_C,8dd0_D,0_7797_0,3j8a,0_7797_1,3j8a_A,3j8a_B,1.0007791100021957,53.0086573776407,366,366,False
8dd0,8dd0_C,8dd0_D,0_7797_0,3j8a,0_7797_0,3j8a_D,3j8a_A,1.0007791100021957,1.336916272381065,366,366,True
8dd0,8dd0_C,8dd0_D,0_7797_0,5yu8,0_7797_10,5yu8_B,5yu8_A,2.6257989347490662,8.481274818735203,360,360,True
8dd0,8dd0_C,8dd0_D,0_7797_0,5yu8,0_7797_12,5yu8_C,5yu8_A,2.6257989347490662,55.22972818425118,360,360,True
8dd0,8dd0_C,8dd0_E,0_7797_1,3j8a,0_7797_1,3j8a_A,3j8a_B,1.0007791100021957,1.3190252576634702,366,366,False
8dd0,8dd0_C,8dd0_E,0_7797_1,3j8a,0_7797_0,3j8a_D,3j8a_A,1.0007791100021957,54.068221335489994,366,366,True
8dd0,8dd0_C,8dd0_E,0_7797_1,5yu8,0_7797_10,5yu8_B,5yu8_A,2.6257989347490662,52.808657353247305,360,360,True
8dd0,8dd0_C,8dd0_E,0_7797_1,5yu8,0_7797_12,5yu8_C,5yu8_A,2.6257989347490662,6.390090357962632,360,360,True
8dd0,8dd0_D,8dd0_E,0_7797_0,3j8a,0_7797_1,3j8a_A,3j8a_B,1.0007843972976074,52.97130356693658,366,366,False
8dd0,8dd0_D,8dd0_E,0_7797_0,3j8a,0_7797_0,3j8a_D,3j8a_A,1.0007843972976074,1.3252645065394588,366,366,True
8dd0,8dd0_D,8dd0_E,0_7797_0,5yu8,0_7797_10,5yu8_B,5yu8_A,2.625800490979906,8.404917901503099,360,360,True
8dd0,8dd0_D,8dd0_E,0_7797_0,5yu8,0_7797_12,5yu8_C,5yu8_A,2.625800490979906,55.189070267443526,360,360,True
8dd0,8dd0_D,8dd0_F,0_7797_1,3j8a,0_7797_1,3j8a_A,3j8a_B,1.0007843972976074,1.3190832290774788,366,366,False
8dd0,8dd0_D,8dd0_F,0_7797_1,3j8a,0_7797_0,3j8a_D,3j8a_A,1.0007843972976074,54.06833238643436,366,366,True
8dd0,8dd0_D,8dd0_F,0_7797_1,5yu8,0_7797_10,5yu8_B,5yu8_A,2.625800490979906,52.808762469953706,360,360,True
8dd0,8dd0_D,8dd0_F,0_7797_1,5yu8,0_7797_12,5yu8_C,5yu8_A,2.625800490979906,6.389932237537502,360,360,True
8dd0,8dd0_E,8dd0_F,0_7797_0,3j8a,0_7797_1,3j8a_A,3j8a_B,1.0007959668433963,53.05156552495656,366,366,False
8dd0,8dd0_E,8dd0_F,0_7797_0,3j8a,0_7797_0,3j8a_D,3j8a_A,1.0007959668433963,1.3120726686698492,366,366,True
8dd0,8dd0_E,8dd0_F,0_7797_0,5yu8,0_7797_10,5yu8_B,5yu8_A,2.6258005451849775,8.58009619214693,360,360,True
8dd0,8dd0_E,8dd0_F,0_7797_0,5yu8,0_7797_12,5yu8_C,5yu8_A,2.6258005451849775,55.274736449170156,360,360,True
8e9b,8e9b_H,8e9b_I,0_7797_0,3j8a,0_7797_1,3j8a_A,3j8a_B,1.077645930130179,53.181431036587895,366,366,True
8e9b,8e9b_H,8e9b_I,0_7797_0,3j8a,0_7797_0,3j8a_D,3j8a_A,1.0883284634020103,1.4704899364168416,366,366,False
8e9b,8e9b_H,8e9b_I,0_7797_0,5yu8,0_7797_10,5yu8_B,5yu8_A,2.613816196213108,8.129283379036208,360,360,False
8e9b,8e9b_H,8e9b_I,0_7797_0,5yu8,0_7797_12,5yu8_C,5yu8_A,2.613845209683259,49.19990017522831,360,360,False
8e9b,8e9b_M,8e9b_N,0_7797_0,3j8a,0_7797_1,3j8a_A,3j8a_B,1.067184121449827,53.37228753069523,366,366,True
8e9b,8e9b_M,8e9b_N,0_7797_0,3j8a,0_7797_0,3j8a_D,3j8a_A,1.081828361962742,1.3260464524891502,366,366,False
8e9b,8e9b_M,8e9b_N,0_7797_0,5yu8,0_7797_10,5yu8_B,5yu8_A,2.6548811084834116,7.749881249740055,360,360,False
8e9b,8e9b_M,8e9b_N,0_7797_0,5yu8,0_7797_12,5yu8_C,5yu8_A,2.654909544295296,49.32495786032661,360,360,False
8e9b,8e9b_M,8e9b_O,0_7797_1,3j8a,0_7797_1,3j8a_A,3j8a_B,1.067184121449827,1.4028356834147508,366,366,True
8e9b,8e9b_M,8e9b_O,0_7797_1,3j8a,0_7797_0,3j8a_D,3j8a_A,1.081828361962742,53.705854350783625,366,366,False
8e9b,8e9b_M,8e9b_O,0_7797_1,5yu8,0_7797_10,5yu8_B,5yu8_A,2.6548811084834116,58.295789609738264,360,360,False
8e9b,8e9b_M,8e9b_O,0_7797_1,5yu8,0_7797_12,5yu8_C,5yu8_A,2.654909544295296,8.120027934289313,360,360,False
8e9b,8e9b_N,8e9b_O,0_7797_0,3j8a,0_7797_1,3j8a_A,3j8a_B,1.068882551473092,53.31268997788113,366,366,True
8e9b,8e9b_N,8e9b_O,0_7797_0,3j8a,0_7797_0,3j8a_D,3j8a_A,1.0867162618495114,1.264470811967301,366,366,False
8e9b,8e9b_N,8e9b_O,0_7797_0,5yu8,0_7797_10,5yu8_B,5yu8_A,2.645791692342951,7.723549158156466,360,360,False
8e9b,8e9b_N,8e9b_O,0_7797_0,5yu8,0_7797_12,5yu8_C,5yu8_A,2.6458202498503476,49.31021291480509,360,360,False
8e9b,8e9b_N,8e9b_P,0_7797_1,3j8a,0_7797_1,3j8a_A,3j8a_B,1.068882551473092,1.2974667019019972,366,366,True
8e9b,8e9b_N,8e9b_P,0_7797_1,3j8a,0_7797_0,3j8a_D,3j8a_A,1.0867162618495114,53.90655011849159,366,366,False
8e9b,8e9b_N,8e9b_P,0_7797_1,5yu8,0_7797_10,5yu8_B,5yu8_A,2.645791692342951,58.47054951664208,360,360,False
8e9b,8e9b_N,8e9b_P,0_7797_1,5yu8,0_7797_12,5yu8_C,5yu8_A,2.6458202498503476,8.56573322491184,360,360,False
8e9b,8e9b_O,8e9b_P,0_7797_0,3j8a,0_7797_1,3j8a_A,3j8a_B,1.0844466315860322,53.600150499697506,366,366,True
8e9b,8e9b_O,8e9b_P,0_7797_0,3j8a,0_7797_0,3j8a_D,3j8a_A,1.1001035685636216,1.6409242433090134,366,366,False
8e9b,8e9b_O,8e9b_P,0_7797_0,5yu8,0_7797_10,5yu8_B,5yu8_A,2.6214465051797813,7.695254129720621,360,360,False
8e9b,8e9b_O,8e9b_P,0_7797_0,5yu8,0_7797_12,5yu8_C,5yu8_A,2.6214747879778946,49.54454281541863,360,360,False
8e9b,8e9b_O,8e9b_Q,0_7797_1,3j8a,0_7797_1,3j8a_A,3j8a_B,1.0844466315860322,1.9193497220321791,366,366,True
8e9b,8e9b_O,8e9b_Q,0_7797_1,3j8a,0_7797_0,3j8a_D,3j8a_A,1.1001035685636216,53.60636010466756,366,366,False
8e9b,8e9b_O,8e9b_Q,0_7797_1,5yu8,0_7797_10,5yu8_B,5yu8_A,2.6214465051797813,58.17109252393779,360,360,False
8e9b,8e9b_O,8e9b_Q,0_7797_1,5yu8,0_7797_12,5yu8_C,5yu8_A,2.6214747879778946,7.787098992239272,360,360,False
8e9b,8e9b_P,8e9b_Q,0_7797_0,3j8a,0_7797_1,3j8a_A,3j8a_B,1.0873544004965232,53.248307407784374,366,366,True
8e9b,8e9b_P,8e9b_Q,0_7797_0,3j8a,0_7797_0,3j8a_D,3j8a_A,1.1044343910926178,1.2345430694053112,366,366,False
8e9b,8e9b_P,8e9b_Q,0_7797_0,5yu8,0_7797_10,5yu8_B,5yu8_A,2.64475932940205,7.7854924117161355,360,360,False
8e9b,8e9b_P,8e9b_Q,0_7797_0,5yu8,0_7797_12,5yu8_C,5yu8_A,2.644792754907048,49.22948635838741,360,360,False
8e9b,8e9b_P,8e9b_R,0_7797_1,3j8a,0_7797_1,3j8a_A,3j8a_B,1.0873544004965232,1.3417885684995448,366,366,True
8e9b,8e9b_P,8e9b_R,0_7797_1,3j8a,0_7797_0,3j8a_D,3j8a_A,1.1044343910926178,53.939739842230495,366,366,False
8e9b,8e9b_P,8e9b_R,0_7797_1,5yu8,0_7797_10,5yu8_B,5yu8_A,2.64475932940205,58.47471902894325,360,360,False
8e9b,8e9b_P,8e9b_R,0_7797_1,5yu8,0_7797_12,5yu8_C,5yu8_A,2.644792754907048,8.458862534473797,360,360,False
8e9b,8e9b_Q,8e9b_R,0_7797_0,3j8a,0_7797_1,3j8a_A,3j8a_B,1.052408658230616,53.47411768824929,366,366,True
8e9b,8e9b_Q,8e9b_R,0_7797_0,3j8a,0_7797_0,3j8a_D,3j8a_A,1.0764325243791568,1.3228405037730335,366,366,False
8e9b,8e9b_Q,8e9b_R,0_7797_0,5yu8,0_7797_10,5yu8_B,5yu8_A,2.632906121368003,7.598195599203736,360,360,False
8e9b,8e9b_Q,8e9b_R,0_7797_0,5yu8,0_7797_12,5yu8_C,5yu8_A,2.632937006779871,49.49566962414007,360,360,False
8efh,8efh_B,8efh_D,0_7797_0,3j8a,0_7797_1,3j8a_A,3j8a_B,1.0251820223558412,53.07173137349593,366,366,False
8efh,8efh_B,8efh_D,0_7797_0,3j8a,0_7797_0,3j8a_D,3j8a_A,1.0251820223558412,1.3874594172171142,366,366,True
8efh,8efh_B,8efh_D,0_7797_0,5yu8,0_7797_10,5yu8_B,5yu8_A,2.6240452888820682,8.44138415877485,360,360,True
8efh,8efh_B,8efh_D,0_7797_0,5yu8,0_7797_12,5yu8_C,5yu8_A,2.6240452888820682,55.3379316459947,360,360,True
8efh,8efh_F,8efh_B,0_7797_1,3j8a,0_7797_1,3j8a_A,3j8a_B,1.011022359391633,1.4957563314746112,366,366,True
8efh,8efh_F,8efh_B,0_7797_1,3j8a,0_7797_0,3j8a_D,3j8a_A,1.035542597813265,54.1000628645754,366,366,False
8efh,8efh_F,8efh_B,0_7797_1,5yu8,0_7797_10,5yu8_B,5yu8_A,2.641958814041142,58.71119873162922,360,360,False
8efh,8efh_F,8efh_B,0_7797_1,5yu8,0_7797_12,5yu8_C,5yu8_A,2.6419876716087893,8.288698678998552,360,360,False
8efh,8efh_C,8efh_E,0_7797_0,3j8a,0_7797_1,3j8a_A,3j8a_B,0.9978700287171692,53.393877371495265,366,366,True
8efh,8efh_C,8efh_E,0_7797_0,3j8a,0_7797_0,3j8a_D,3j8a_A,1.0249551665854604,1.284940827533718,366,366,False
8efh,8efh_C,8efh_E,0_7797_0,5yu8,0_7797_10,5yu8_B,5yu8_A,2.64776125616364,7.873004340739527,360,360,False
8efh,8efh_C,8efh_E,0_7797_0,5yu8,0_7797_12,5yu8_C,5yu8_A,2.6477888943378343,49.35801049583574,360,360,False
8efh,8efh_F,8efh_C,0_7797_1,3j8a,0_7797_1,3j8a_A,3j8a_B,1.037376434962174,1.5183136702621924,366,366,False
8efh,8efh_F,8efh_C,0_7797_1,3j8a,0_7797_0,3j8a_D,3j8a_A,1.037376434962174,54.3528027176474,366,366,True
8efh,8efh_F,8efh_C,0_7797_1,5yu8,0_7797_10,5yu8_B,5yu8_A,2.641975833670682,53.04787398773755,360,360,True
8efh,8efh_F,8efh_C,0_7797_1,5yu8,0_7797_12,5yu8_C,5yu8_A,2.641975833670682,6.424823666973668,360,360,True
8efh,8efh_D,8efh_E,0_7797_1,3j8a,0_7797_1,3j8a_A,3j8a_B,1.0159122393336126,1.5975386321755067,366,366,False
8efh,8efh_D,8efh_E,0_7797_1,3j8a,0_7797_0,3j8a_D,3j8a_A,1.0159122393336126,54.45084691298578,366,366,True
8efh,8efh_D,8efh_E,0_7797_1,5yu8,0_7797_10,5yu8_B,5yu8_A,2.6426896026825695,53.15045358383195,360,360,True
8efh,8efh_D,8efh_E,0_7797_1,5yu8,0_7797_12,5yu8_C,5yu8_A,2.6426896026825695,6.401471522517943,360,360,True
8efh,8efh_F,8efh_D,0_7797_0,3j8a,0_7797_1,3j8a_A,3j8a_B,1.011022359391633,53.40418693202574,366,366,True
8efh,8efh_F,8efh_D,0_7797_0,3j8a,0_7797_0,3j8a_D,3j8a_A,1.035542597813265,1.2734223985042863,366,366,False
8efh,8efh_F,8efh_D,0_7797_0,5yu8,0_7797_10,5yu8_B,5yu8_A,2.641958814041142,7.872297061350902,360,360,False
8efh,8efh_F,8efh_D,0_7797_0,5yu8,0_7797_12,5yu8_C,5yu8_A,2.6419876716087893,49.35458806804077,360,360,False
8efh,8efh_F,8efh_E,0_7797_0,3j8a,0_7797_1,3j8a_A,3j8a_B,1.037376434962174,53.10196243632557,366,366,False
8efh,8efh_F,8efh_E,0_7797_0,3j8a,0_7797_0,3j8a_D,3j8a_A,1.037376434962174,1.4350340463515543,366,366,True
8efh,8efh_F,8efh_E,0_7797_0,5yu8,0_7797_10,5yu8_B,5yu8_A,2.641975833670682,8.428779736876619,360,360,True
8efh,8efh_F,8efh_E,0_7797_0,5yu8,0_7797_12,5yu8_C,5yu8_A,2.641975833670682,55.35644305247272,360,360,True
8efi,8efi_B,8efi_D,0_7797_0,3j8a,0_7797_1,3j8a_A,3j8a_B,1.0122465667699194,53.04579886123576,366,366,False
8efi,8efi_B,8efi_D,0_7797_0,3j8a,0_7797_0,3j8a_D,3j8a_A,1.0122465667699194,1.36461224683834,366,366,True
8efi,8efi_B,8efi_D,0_7797_0,5yu8,0_7797_10,5yu8_B,5yu8_A,2.64354892629737,8.469399285860254,360,360,True
8efi,8efi_B,8efi_D,0_7797_0,5yu8,0_7797_12,5yu8_C,5yu8_A,2.64354892629737,55.30432881363401,360,360,True
8efi,8efi_B,8efi_F,0_7797_1,3j8a,0_7797_1,3j8a_A,3j8a_B,1.0122465667699194,1.4156048704381876,366,366,False
8efi,8efi_B,8efi_F,0_7797_1,3j8a,0_7797_0,3j8a_D,3j8a_A,1.0122465667699194,54.29414176280463,366,366,True
8efi,8efi_B,8efi_F,0_7797_1,5yu8,0_7797_10,5yu8_B,5yu8_A,2.64354892629737,52.97987064367034,360,360,True
8efi,8efi_B,8efi_F,0_7797_1,5yu8,0_7797_12,5yu8_C,5yu8_A,2.64354892629737,6.391206584916933,360,360,True
8efi,8efi_C,8efi_E,0_7797_0,3j8a,0_7797_1,3j8a_A,3j8a_B,0.9823052003439008,53.41993336822505,366,366,True
8efi,8efi_C,8efi_E,0_7797_0,3j8a,0_7797_0,3j8a_D,3j8a_A,1.010642199090287,1.2411422759332436,366,366,False
8efi,8efi_C,8efi_E,0_7797_0,5yu8,0_7797_10,5yu8_B,5yu8_A,2.620894168446072,7.840933627526506,360,360,False
8efi,8efi_C,8efi_E,0_7797_0,5yu8,0_7797_12,5yu8_C,5yu8_A,2.620921285518316,49.366520697173684,360,360,False
8efi,8efi_C,8efi_F,0_7797_1,3j8a,0_7797_1,3j8a_A,3j8a_B,0.9823052003439008,1.3848381384056978,366,366,True
8efi,8efi_C,8efi_F,0_7797_1,3j8a,0_7797_0,3j8a_D,3j8a_A,1.010642199090287,54.04990660697721,366,366,False
8efi,8efi_C,8efi_F,0_7797_1,5yu8,0_7797_10,5yu8_B,5yu8_A,2.620894168446072,58.66319715889964,360,360,False
8efi,8efi_C,8efi_F,0_7797_1,5yu8,0_7797_12,5yu8_C,5yu8_A,2.620921285518316,8.333325682197605,360,360,False
8efi,8efi_D,8efi_E,0_7797_1,3j8a,0_7797_1,3j8a_A,3j8a_B,1.006225666023451,1.501021465227297,366,366,False
8efi,8efi_D,8efi_E,0_7797_1,3j8a,0_7797_0,3j8a_D,3j8a_A,1.006225666023451,54.38444200888631,366,366,True
8efi,8efi_D,8efi_E,0_7797_1,5yu8,0_7797_10,5yu8_B,5yu8_A,2.6155889110509674,53.06307693796264,360,360,True
8efi,8efi_D,8efi_E,0_7797_1,5yu8,0_7797_12,5yu8_C,5yu8_A,2.6155889110509674,6.335539865070251,360,360,True
8efi,8efi_D,8efi_F,0_7797_0,3j8a,0_7797_1,3j8a_A,3j8a_B,1.006225666023451,53.043587561606294,366,366,False
8efi,8efi_D,8efi_F,0_7797_0,3j8a,0_7797_0,3j8a_D,3j8a_A,1.006225666023451,1.3717805166092305,366,366,True
8efi,8efi_D,8efi_F,0_7797_0,5yu8,0_7797_10,5yu8_B,5yu8_A,2.6155889110509674,8.443821963951143,360,360,True
8efi,8efi_D,8efi_F,0_7797_0,5yu8,0_7797_12,5yu8_C,5yu8_A,2.6155889110509674,55.29798994890154,360,360,True
8efi,8efi_E,8efi_F,0_7797_0,3j8a,0_7797_1,3j8a_A,3j8a_B,1.0155663324897508,53.45658466703009,366,366,True
8efi,8efi_E,8efi_F,0_7797_0,3j8a,0_7797_0,3j8a_D,3j8a_A,1.0453014319730205,1.249359027139627,366,366,False
8efi,8efi_E,8efi_F,0_7797_0,5yu8,0_7797_10,5yu8_B,5yu8_A,2.6200524403511305,7.830335196891278,360,360,False
8efi,8efi_E,8efi_F,0_7797_0,5yu8,0_7797_12,5yu8_C,5yu8_A,2.6200760858961463,49.36484155323838,360,360,False
8enc,8enc_B,8enc_D,0_7797_0,3j8a,0_7797_1,3j8a_A,3j8a_B,1.0127272200725885,53.03567147316189,366,366,False
8enc,8enc_B,8enc_D,0_7797_0,3j8a,0_7797_0,3j8a_D,3j8a_A,1.0127272200725885,1.3742999036440176,366,366,True
8enc,8enc_B,8enc_D,0_7797_0,5yu8,0_7797_10,5yu8_B,5yu8_A,2.6344238626924517,8.453604744022025,360,360,True
8enc,8enc_B,8enc_D,0_7797_0,5yu8,0_7797_12,5yu8_C,5yu8_A,2.6344238626924517,55.29176000911723,360,360,True
8enc,8enc_B,8enc_F,0_7797_1,3j8a,0_7797_1,3j8a_A,3j8a_B,1.0127272200725885,1.4467475443309468,366,366,False
8enc,8enc_B,8enc_F,0_7797_1,3j8a,0_7797_0,3j8a_D,3j8a_A,1.0127272200725885,54.34113332311095,366,366,True
8enc,8enc_B,8enc_F,0_7797_1,5yu8,0_7797_10,5yu8_B,5yu8_A,2.6344238626924517,53.02818838524979,360,360,True
8enc,8enc_B,8enc_F,0_7797_1,5yu8,0_7797_12,5yu8_C,5yu8_A,2.6344238626924517,6.366906688557844,360,360,True
8enc,8enc_C,8enc_E,0_7797_0,3j8a,0_7797_1,3j8a_A,3j8a_B,0.9862980072651163,53.42830887982887,366,366,True
8enc,8enc_C,8enc_E,0_7797_0,3j8a,0_7797_0,3j8a_D,3j8a_A,1.0141864100987572,1.2418846108801445,366,366,False
8enc,8enc_C,8enc_E,0_7797_0,5yu8,0_7797_10,5yu8_B,5yu8_A,2.621032003225885,7.825473813152329,360,360,False
8enc,8enc_C,8enc_E,0_7797_0,5yu8,0_7797_12,5yu8_C,5yu8_A,2.6210590789934822,49.37562551044851,360,360,False
8enc,8enc_C,8enc_F,0_7797_1,3j8a,0_7797_1,3j8a_A,3j8a_B,0.9862980072651163,1.3848986034105595,366,366,True
8enc,8enc_C,8enc_F,0_7797_1,3j8a,0_7797_0,3j8a_D,3j8a_A,1.0141864100987572,54.04135768117006,366,366,False
8enc,8enc_C,8enc_F,0_7797_1,5yu8,0_7797_10,5yu8_B,5yu8_A,2.621032003225885,58.65137203642049,360,360,False
8enc,8enc_C,8enc_F,0_7797_1,5yu8,0_7797_12,5yu8_C,5yu8_A,2.6210590789934822,8.30138936278848,360,360,False
8enc,8enc_D,8enc_E,0_7797_1,3j8a,0_7797_1,3j8a_A,3j8a_B,1.0036385067103615,1.5102779185551591,366,366,False
8enc,8enc_D,8enc_E,0_7797_1,3j8a,0_7797_0,3j8a_D,3j8a_A,1.0036385067103615,54.400115956285674,366,366,True
8enc,8enc_D,8enc_E,0_7797_1,5yu8,0_7797_10,5yu8_B,5yu8_A,2.607854385011372,53.07852894115599,360,360,True
8enc,8enc_D,8enc_E,0_7797_1,5yu8,0_7797_12,5yu8_C,5yu8_A,2.607854385011372,6.319813929592074,360,360,True
8enc,8enc_D,8enc_F,0_7797_0,3j8a,0_7797_1,3j8a_A,3j8a_B,1.0036385067103615,53.027662676042645,366,366,False
8enc,8enc_D,8enc_F,0_7797_0,3j8a,0_7797_0,3j8a_D,3j8a_A,1.0036385067103615,1.387636185373174,366,366,True
8enc,8enc_D,8enc_F,0_7797_0,5yu8,0_7797_10,5yu8_B,5yu8_A,2.607854385011372,8.429147134288442,360,360,True
8enc,8enc_D,8enc_F,0_7797_0,5yu8,0_7797_12,5yu8_C,5yu8_A,2.607854385011372,55.28354639192586,360,360,True
8enc,8enc_E,8enc_F,0_7797_0,3j8a,0_7797_1,3j8a_A,3j8a_B,1.014220685414323,53.4911542306094,366,366,True
8enc,8enc_E,8enc_F,0_7797_0,3j8a,0_7797_0,3j8a_D,3j8a_A,1.044306127286055,1.2339215803747705,366,366,False
8enc,8enc_E,8enc_F,0_7797_0,5yu8,0_7797_10,5yu8_B,5yu8_A,2.616812409670968,7.799356669503017,360,360,False
8enc,8enc_E,8enc_F,0_7797_0,5yu8,0_7797_12,5yu8_C,5yu8_A,2.6168356913028323,49.39627813743678,360,360,False
8f8p,8f8p_A,8f8p_B,0_7797_0,3j8a,0_7797_1,3j8a_A,3j8a_B,1.0178892290086838,53.06550818836156,366,366,True
8f8p,8f8p_A,8f8p_B,0_7797_0,3j8a,0_7797_0,3j8a_D,3j8a_A,1.0328507891718084,1.2977604957492037,366,366,False
8f8p,8f8p_A,8f8p_B,0_7797_0,5yu8,0_7797_10,5yu8_B,5yu8_A,2.6354685920041736,8.076689847373494,360,360,False
8f8p,8f8p_A,8f8p_B,0_7797_0,5yu8,0_7797_12,5yu8_C,5yu8_A,2.635496981930103,49.05980866820703,360,360,False
8f8p,8f8p_A,8f8p_C,0_7797_1,3j8a,0_7797_1,3j8a_A,3j8a_B,1.0178892290086838,1.3093303294209948,366,366,True
8f8p,8f8p_A,8f8p_C,0_7797_1,3j8a,0_7797_0,3j8a_D,3j8a_A,1.0328507891718084,53.995947767469715,366,366,False
8f8p,8f8p_A,8f8p_C,0_7797_1,5yu8,0_7797_10,5yu8_B,5yu8_A,2.6354685920041736,58.55302557677998,360,360,False
8f8p,8f8p_A,8f8p_C,0_7797_1,5yu8,0_7797_12,5yu8_C,5yu8_A,2.635496981930103,8.462422516569308,360,360,False
8f8p,8f8p_B,8f8p_C,0_7797_0,3j8a,0_7797_1,3j8a_A,3j8a_B,1.017881163886482,53.01980510271808,366,366,True
8f8p,8f8p_B,8f8p_C,0_7797_0,3j8a,0_7797_0,3j8a_D,3j8a_A,1.032840703543328,1.3187037476640826,366,366,False
8f8p,8f8p_B,8f8p_C,0_7797_0,5yu8,0_7797_10,5yu8_B,5yu8_A,2.6354435031850825,8.123064750912256,360,360,False
8f8p,8f8p_B,8f8p_C,0_7797_0,5yu8,0_7797_12,5yu8_C,5yu8_A,2.6354718864984155,49.01198372462476,360,360,False
8f8p,8f8p_B,8f8p_D,0_7797_1,3j8a,0_7797_1,3j8a_A,3j8a_B,1.017881163886482,1.3525757255169073,366,366,True
8f8p,8f8p_B,8f8p_D,0_7797_1,3j8a,0_7797_0,3j8a_D,3j8a_A,1.032840703543328,54.0698025760896,366,366,False
8f8p,8f8p_B,8f8p_D,0_7797_1,5yu8,0_7797_10,5yu8_B,5yu8_A,2.6354435031850825,58.6358572927504,360,360,False
8f8p,8f8p_B,8f8p_D,0_7797_1,5yu8,0_7797_12,5yu8_C,5yu8_A,2.6354718864984155,8.569816360120855,360,360,False
8f8p,8f8p_C,8f8p_D,0_7797_0,3j8a,0_7797_1,3j8a_A,3j8a_B,1.017891242841972,53.126579671888926,366,366,True
8f8p,8f8p_C,8f8p_D,0_7797_0,3j8a,0_7797_0,3j8a_D,3j8a_A,1.0328475034747975,1.222434867668575,366,366,False
8f8p,8f8p_C,8f8p_D,0_7797_0,5yu8,0_7797_10,5yu8_B,5yu8_A,2.6354521722899937,7.945139289523178,360,360,False
8f8p,8f8p_C,8f8p_D,0_7797_0,5yu8,0_7797_12,5yu8_C,5yu8_A,2.6354805502482352,49.11524257522688,360,360,False
8f8p,8f8p_C,8f8p_E,0_7797_1,3j8a,0_7797_1,3j8a_A,3j8a_B,1.017891242841972,1.4675738611109894,366,366,True
8f8p,8f8p_C,8f8p_E,0_7797_1,3j8a,0_7797_0,3j8a_D,3j8a_A,1.0328475034747975,54.171761080948265,366,366,False
8f8p,8f8p_C,8f8p_E,0_7797_1,5yu8,0_7797_10,5yu8_B,5yu8_A,2.6354521722899937,58.75341412346662,360,360,False
8f8p,8f8p_C,8f8p_E,0_7797_1,5yu8,0_7797_12,5yu8_C,5yu8_A,2.6354805502482352,8.767504855515154,360,360,False
8f8p,8f8p_D,8f8p_E,0_7797_0,3j8a,0_7797_1,3j8a_A,3j8a_B,1.0178943458417486,53.5364986050971,366,366,True
8f8p,8f8p_D,8f8p_E,0_7797_0,3j8a,0_7797_0,3j8a_D,3j8a_A,1.0328535914543417,1.1965028590112676,366,366,False
8f8p,8f8p_D,8f8p_E,0_7797_0,5yu8,0_7797_10,5yu8_B,5yu8_A,2.635443475776631,7.446353899613956,360,360,False
8f8p,8f8p_D,8f8p_E,0_7797_0,5yu8,0_7797_12,5yu8_C,5yu8_A,2.6354718635301144,49.49121959939644,360,360,False
8f8q,8f8q_A,8f8q_B,0_7797_0,3j8a,0_7797_1,3j8a_A,3j8a_B,1.0142724425462095,53.214372678995964,366,366,True
8f8q,8f8q_A,8f8q_B,0_7797_0,3j8a,0_7797_0,3j8a_D,3j8a_A,1.0305640851900932,1.2727323396948194,366,366,False
8f8q,8f8q_A,8f8q_B,0_7797_0,5yu8,0_7797_10,5yu8_B,5yu8_A,2.6290733682560496,7.9157720946589505,360,360,False
8f8q,8f8q_A,8f8q_B,0_7797_0,5yu8,0_7797_12,5yu8_C,5yu8_A,2.6291017943104524,49.19720123281462,360,360,False
8f8q,8f8q_A,8f8q_C,0_7797_1,3j8a,0_7797_1,3j8a_A,3j8a_B,1.0142724425462095,1.2939631086113808,366,366,True
8f8q,8f8q_A,8f8q_C,0_7797_1,3j8a,0_7797_0,3j8a_D,3j8a_A,1.0305640851900932,53.88864583612998,366,366,False
8f8q,8f8q_A,8f8q_C,0_7797_1,5yu8,0_7797_10,5yu8_B,5yu8_A,2.6290733682560496,58.44070041522458,360,360,False
8f8q,8f8q_A,8f8q_C,0_7797_1,5yu8,0_7797_12,5yu8_C,5yu8_A,2.6291017943104524,8.29282804014612,360,360,False
8f8q,8f8q_B,8f8q_C,0_7797_0,3j8a,0_7797_1,3j8a_A,3j8a_B,1.0203827332895614,53.20805239791932,366,366,True
8f8q,8f8q_B,8f8q_C,0_7797_0,3j8a,0_7797_0,3j8a_D,3j8a_A,1.037597891718459,1.2209395823333853,366,366,False
8f8q,8f8q_B,8f8q_C,0_7797_0,5yu8,0_7797_10,5yu8_B,5yu8_A,2.6479254902483103,7.892224928830747,360,360,False
8f8q,8f8q_B,8f8q_C,0_7797_0,5yu8,0_7797_12,5yu8_C,5yu8_A,2.647953303943685,49.20659877343151,360,360,False
8f8q,8f8q_B,8f8q_D,0_7797_1,3j8a,0_7797_1,3j8a_A,3j8a_B,1.0203827332895614,1.2951869707269401,366,366,True
8f8q,8f8q_B,8f8q_D,0_7797_1,3j8a,0_7797_0,3j8a_D,3j8a_A,1.037597891718459,53.907886195416616,366,366,False
8f8q,8f8q_B,8f8q_D,0_7797_1,5yu8,0_7797_10,5yu8_B,5yu8_A,2.6479254902483103,58.450749614717594,360,360,False
8f8q,8f8q_B,8f8q_D,0_7797_1,5yu8,0_7797_12,5yu8_C,5yu8_A,2.647953303943685,8.301323281813074,360,360,False
8f8q,8f8q_C,8f8q_D,0_7797_0,3j8a,0_7797_1,3j8a_A,3j8a_B,1.0068836125354994,53.16140620434708,366,366,True
8f8q,8f8q_C,8f8q_D,0_7797_0,3j8a,0_7797_0,3j8a_D,3j8a_A,1.023872255725603,1.2397566847995247,366,366,False
8f8q,8f8q_C,8f8q_D,0_7797_0,5yu8,0_7797_10,5yu8_B,5yu8_A,2.643684801089995,7.927058097401194,360,360,False
8f8q,8f8q_C,8f8q_D,0_7797_0,5yu8,0_7797_12,5yu8_C,5yu8_A,2.643713310822204,49.165653783359176,360,360,False
8f8q,8f8q_C,8f8q_E,0_7797_1,3j8a,0_7797_1,3j8a_A,3j8a_B,1.0068836125354994,1.3118431583706487,366,366,True
8f8q,8f8q_C,8f8q_E,0_7797_1,3j8a,0_7797_0,3j8a_D,3j8a_A,1.023872255725603,53.98018789686927,366,366,False
8f8q,8f8q_C,8f8q_E,0_7797_1,5yu8,0_7797_10,5yu8_B,5yu8_A,2.643684801089995,58.52768469983929,360,360,False
8f8q,8f8q_C,8f8q_E,0_7797_1,5yu8,0_7797_12,5yu8_C,5yu8_A,2.643713310822204,8.419943357132034,360,360,False
8f8q,8f8q_D,8f8q_E,0_7797_0,3j8a,0_7797_1,3j8a_A,3j8a_B,1.0165191117896577,53.29005515766296,366,366,True
8f8q,8f8q_D,8f8q_E,0_7797_0,3j8a,0_7797_0,3j8a_D,3j8a_A,1.0342426975988794,1.1707903192337925,366,366,False
8f8q,8f8q_D,8f8q_E,0_7797_0,5yu8,0_7797_10,5yu8_B,5yu8_A,2.632730957180486,7.748267582759921,360,360,False
8f8q,8f8q_D,8f8q_E,0_7797_0,5yu8,0_7797_12,5yu8_C,5yu8_A,2.6327586288129523,49.271588477885125,360,360,False
8f8q,8f8q_D,8f8q_F,0_7797_1,3j8a,0_7797_1,3j8a_A,3j8a_B,1.0165191117896577,1.45997682577473,366,366,True
8f8q,8f8q_D,8f8q_F,0_7797_1,3j8a,0_7797_0,3j8a_D,3j8a_A,1.0342426975988794,54.054750143650715,366,366,False
8f8q,8f8q_D,8f8q_F,0_7797_1,5yu8,0_7797_10,5yu8_B,5yu8_A,2.632730957180486,58.64860755927697,360,360,False
8f8q,8f8q_D,8f8q_F,0_7797_1,5yu8,0_7797_12,5yu8_C,5yu8_A,2.6327586288129523,8.607553177165416,360,360,False
8f8q,8f8q_E,8f8q_F,0_7797_0,3j8a,0_7797_1,3j8a_A,3j8a_B,1.0198546481852342,53.70648167365861,366,366,True
8f8q,8f8q_E,8f8q_F,0_7797_0,3j8a,0_7797_0,3j8a_D,3j8a_A,1.0348356585305132,1.353325362278486,366,366,False
8f8q,8f8q_E,8f8q_F,0_7797_0,5yu8,0_7797_10,5yu8_B,5yu8_A,2.6444511241644504,7.240890965374703,360,360,False
8f8q,8f8q_E,8f8q_F,0_7797_0,5yu8,0_7797_12,5yu8_C,5yu8_A,2.644478331862196,49.6706615555956,360,360,False
8f8r,8f8r_A,8f8r_B,0_7797_0,3j8a,0_7797_1,3j8a_A,3j8a_B,1.0045562060355395,53.30231204920472,366,366,True
8f8r,8f8r_A,8f8r_B,0_7797_0,3j8a,0_7797_0,3j8a_D,3j8a_A,1.0187097191617458,1.298888180201284,366,366,False
8f8r,8f8r_A,8f8r_B,0_7797_0,5yu8,0_7797_10,5yu8_B,5yu8_A,2.6251124580371146,7.902772002461839,360,360,False
8f8r,8f8r_A,8f8r_B,0_7797_0,5yu8,0_7797_12,5yu8_C,5yu8_A,2.625139204789281,49.30832547454569,360,360,False
8f8r,8f8r_A,8f8r_C,0_7797_1,3j8a,0_7797_1,3j8a_A,3j8a_B,1.0045562060355395,1.3555657709964517,366,366,True
8f8r,8f8r_A,8f8r_C,0_7797_1,3j8a,0_7797_0,3j8a_D,3j8a_A,1.0187097191617458,53.97674252046883,366,366,False
8f8r,8f8r_A,8f8r_C,0_7797_1,5yu8,0_7797_10,5yu8_B,5yu8_A,2.6251124580371146,58.51550247597586,360,360,False
8f8r,8f8r_A,8f8r_C,0_7797_1,5yu8,0_7797_12,5yu8_C,5yu8_A,2.625139204789281,8.270065529706253,360,360,False
8f8r,8f8r_B,8f8r_C,0_7797_0,3j8a,0_7797_1,3j8a_A,3j8a_B,1.0149115842127476,53.236848617387395,366,366,True
8f8r,8f8r_B,8f8r_C,0_7797_0,3j8a,0_7797_0,3j8a_D,3j8a_A,1.0330910198996892,1.2713169023961468,366,366,False
8f8r,8f8r_B,8f8r_C,0_7797_0,5yu8,0_7797_10,5yu8_B,5yu8_A,2.627467409033644,7.923406335457755,360,360,False
8f8r,8f8r_B,8f8r_C,0_7797_0,5yu8,0_7797_12,5yu8_C,5yu8_A,2.6274925561909415,49.23332435485411,360,360,False
8f8r,8f8r_B,8f8r_D,0_7797_1,3j8a,0_7797_1,3j8a_A,3j8a_B,1.0149115842127476,1.396441818717249,366,366,True
8f8r,8f8r_B,8f8r_D,0_7797_1,3j8a,0_7797_0,3j8a_D,3j8a_A,1.0330910198996892,53.99061504401968,366,366,False
8f8r,8f8r_B,8f8r_D,0_7797_1,5yu8,0_7797_10,5yu8_B,5yu8_A,2.627467409033644,58.5377414514171,360,360,False
8f8r,8f8r_B,8f8r_D,0_7797_1,5yu8,0_7797_12,5yu8_C,5yu8_A,2.6274925561909415,8.24128133480183,360,360,False
8f8r,8f8r_C,8f8r_D,0_7797_0,3j8a,0_7797_1,3j8a_A,3j8a_B,1.0154268193643747,53.22980756653917,366,366,True
8f8r,8f8r_C,8f8r_D,0_7797_0,3j8a,0_7797_0,3j8a_D,3j8a_A,1.0297528119527435,1.197607726331508,366,366,False
8f8r,8f8r_C,8f8r_D,0_7797_0,5yu8,0_7797_10,5yu8_B,5yu8_A,2.6154574977499965,7.875227584240836,360,360,False
8f8r,8f8r_C,8f8r_D,0_7797_0,5yu8,0_7797_12,5yu8_C,5yu8_A,2.6154841884559543,49.23971702297155,360,360,False
8f8r,8f8r_C,8f8r_E,0_7797_1,3j8a,0_7797_1,3j8a_A,3j8a_B,1.0154268193643747,1.3337357957288687,366,366,True
8f8r,8f8r_C,8f8r_E,0_7797_1,3j8a,0_7797_0,3j8a_D,3j8a_A,1.0297528119527435,53.9887393771186,366,366,False
8f8r,8f8r_C,8f8r_E,0_7797_1,5yu8,0_7797_10,5yu8_B,5yu8_A,2.6154574977499965,58.524913744096565,360,360,False
8f8r,8f8r_C,8f8r_E,0_7797_1,5yu8,0_7797_12,5yu8_C,5yu8_A,2.6154841884559543,8.307353703073238,360,360,False
8f8r,8f8r_D,8f8r_E,0_7797_0,3j8a,0_7797_1,3j8a_A,3j8a_B,1.0007200226098643,53.265988921459886,366,366,True
8f8r,8f8r_D,8f8r_E,0_7797_0,3j8a,0_7797_0,3j8a_D,3j8a_A,1.013270345175764,1.1957812960188547,366,366,False
8f8r,8f8r_D,8f8r_E,0_7797_0,5yu8,0_7797_10,5yu8_B,5yu8_A,2.602518965036004,7.866183431194687,360,360,False
8f8r,8f8r_D,8f8r_E,0_7797_0,5yu8,0_7797_12,5yu8_C,5yu8_A,2.6025445693393263,49.248496023199266,360,360,False
8f8r,8f8r_D,8f8r_F,0_7797_1,3j8a,0_7797_1,3j8a_A,3j8a_B,1.0007200226098643,1.2700143046844845,366,366,True
8f8r,8f8r_D,8f8r_F,0_7797_1,3j8a,0_7797_0,3j8a_D,3j8a_A,1.013270345175764,53.94188594948788,366,366,False
8f8r,8f8r_D,8f8r_F,0_7797_1,5yu8,0_7797_10,5yu8_B,5yu8_A,2.602518965036004,58.49391574060323,360,359,False
8f8r,8f8r_D,8f8r_F,0_7797_1,5yu8,0_7797_12,5yu8_C,5yu8_A,2.6025445693393263,8.31181468697001,360,359,False
8f8r,8f8r_E,8f8r_F,0_7797_0,3j8a,0_7797_1,3j8a_A,3j8a_B,1.0195550299187708,53.28548101675905,366,366,True
8f8r,8f8r_E,8f8r_F,0_7797_0,3j8a,0_7797_0,3j8a_D,3j8a_A,1.0320631572648973,1.2332134309146656,366,366,False
8f8r,8f8r_E,8f8r_F,0_7797_0,5yu8,0_7797_10,5yu8_B,5yu8_A,2.6206851046087882,7.841875969523775,360,359,False
8f8r,8f8r_E,8f8r_F,0_7797_0,5yu8,0_7797_12,5yu8_C,5yu8_A,2.6207128290035033,49.28562662810451,360,359,False
8f8r,8f8r_E,8f8r_G,0_7797_1,3j8a,0_7797_1,3j8a_A,3j8a_B,1.0195550299187708,1.3950940910839655,366,366,True
8f8r,8f8r_E,8f8r_G,0_7797_1,3j8a,0_7797_0,3j8a_D,3j8a_A,1.0320631572648973,54.10173479411151,366,366,False
8f8r,8f8r_E,8f8r_G,0_7797_1,5yu8,0_7797_10,5yu8_B,5yu8_A,2.6206851046087882,58.67497268263409,360,359,False
8f8r,8f8r_E,8f8r_G,0_7797_1,5yu8,0_7797_12,5yu8_C,5yu8_A,2.6207128290035033,8.467075279803252,360,359,False
8f8r,8f8r_F,8f8r_G,0_7797_0,3j8a,0_7797_1,3j8a_A,3j8a_B,1.0225083953833654,53.44660642308558,366,366,True
8f8r,8f8r_F,8f8r_G,0_7797_0,3j8a,0_7797_0,3j8a_D,3j8a_A,1.0366216437117992,1.3921466871144619,366,366,False
8f8r,8f8r_F,8f8r_G,0_7797_0,5yu8,0_7797_10,5yu8_B,5yu8_A,2.5911058409266294,7.688010565520194,359,359,False
8f8r,8f8r_F,8f8r_G,0_7797_0,5yu8,0_7797_12,5yu8_C,5yu8_A,2.5911344431172667,49.45119607093124,359,359,False
8f8s,8f8s_A,8f8s_B,0_7797_10,3j8a,0_7797_1,3j8a_A,3j8a_B,2.3787963089352724,55.95899158189659,355,356,True
8f8s,8f8s_A,8f8s_B,0_7797_10,3j8a,0_7797_0,3j8a_D,3j8a_A,2.3817088224880956,4.85811016355502,355,356,False
8f8s,8f8s_A,8f8s_B,0_7797_10,5yu8,0_7797_10,5yu8_B,5yu8_A,1.2033279681646751,3.3100652492411395,357,358,False
8f8s,8f8s_A,8f8s_B,0_7797_10,5yu8,0_7797_12,5yu8_C,5yu8_A,1.2033271200540085,52.10466635173735,357,358,False
8f8s,8f8s_A,8f8s_C,0_7797_1,3j8a,0_7797_1,3j8a_A,3j8a_B,2.3787963089352724,5.295636565615363,355,366,True
8f8s,8f8s_A,8f8s_C,0_7797_1,3j8a,0_7797_0,3j8a_D,3j8a_A,2.3817088224880956,51.08047756928941,355,366,False
8f8s,8f8s_A,8f8s_C,0_7797_1,5yu8,0_7797_10,5yu8_B,5yu8_A,1.2033279681646751,55.27741371649568,357,360,False
8f8s,8f8s_A,8f8s_C,0_7797_1,5yu8,0_7797_12,5yu8_C,5yu8_A,1.2033271200540085,5.6951543969095635,357,360,False
8f8s,8f8s_B,8f8s_C,0_7797_10,3j8a,0_7797_1,3j8a_A,3j8a_B,2.375887793747051,56.412072809000705,356,366,True
8f8s,8f8s_B,8f8s_C,0_7797_10,3j8a,0_7797_0,3j8a_D,3j8a_A,2.3789717387018725,4.180325036100999,356,366,False
8f8s,8f8s_B,8f8s_C,0_7797_10,5yu8,0_7797_10,5yu8_B,5yu8_A,1.0624802407875833,4.486270246723911,358,360,False
8f8s,8f8s_B,8f8s_C,0_7797_10,5yu8,0_7797_12,5yu8_C,5yu8_A,1.0624862982425418,52.39380035912297,358,360,False
8f8s,8f8s_B,8f8s_D,0_7797_1,3j8a,0_7797_1,3j8a_A,3j8a_B,2.375887793747051,5.614420400331018,356,366,True
8f8s,8f8s_B,8f8s_D,0_7797_1,3j8a,0_7797_0,3j8a_D,3j8a_A,2.3789717387018725,50.868001321958594,356,366,False
8f8s,8f8s_B,8f8s_D,0_7797_1,5yu8,0_7797_10,5yu8_B,5yu8_A,1.0624802407875833,55.095225181942745,358,360,False
8f8s,8f8s_B,8f8s_D,0_7797_1,5yu8,0_7797_12,5yu8_C,5yu8_A,1.0624862982425418,5.704753636573634,358,360,False
8f8s,8f8s_C,8f8s_D,0_7797_0,3j8a,0_7797_1,3j8a_A,3j8a_B,1.032136745865299,53.254744701420634,366,366,True
8f8s,8f8s_C,8f8s_D,0_7797_0,3j8a,0_7797_0,3j8a_D,3j8a_A,1.0514366976654177,1.2547792707166265,366,366,False
8f8s,8f8s_C,8f8s_D,0_7797_0,5yu8,0_7797_10,5yu8_B,5yu8_A,2.6457938947187856,7.839208731183303,360,360,False
8f8s,8f8s_C,8f8s_D,0_7797_0,5yu8,0_7797_12,5yu8_C,5yu8_A,2.645822842096926,49.238419548219596,360,360,False
8f8s,8f8s_C,8f8s_E,0_7797_1,3j8a,0_7797_1,3j8a_A,3j8a_B,1.032136745865299,1.2518388804126965,366,366,True
8f8s,8f8s_C,8f8s_E,0_7797_1,3j8a,0_7797_0,3j8a_D,3j8a_A,1.0514366976654177,53.920615646443345,366,366,False
8f8s,8f8s_C,8f8s_E,0_7797_1,5yu8,0_7797_10,5yu8_B,5yu8_A,2.6457938947187856,58.45468881934494,360,360,False
8f8s,8f8s_C,8f8s_E,0_7797_1,5yu8,0_7797_12,5yu8_C,5yu8_A,2.645822842096926,8.362313142966334,360,360,False
8f8s,8f8s_D,8f8s_E,0_7797_0,3j8a,0_7797_1,3j8a_A,3j8a_B,1.0201604745038912,53.30619168197523,366,366,True
8f8s,8f8s_D,8f8s_E,0_7797_0,3j8a,0_7797_0,3j8a_D,3j8a_A,1.0404087840507676,1.2508921881033899,366,366,False
8f8s,8f8s_D,8f8s_E,0_7797_0,5yu8,0_7797_10,5yu8_B,5yu8_A,2.6340935581911356,7.814411919294917,360,360,False
8f8s,8f8s_D,8f8s_E,0_7797_0,5yu8,0_7797_12,5yu8_C,5yu8_A,2.634122110244541,49.29121301051461,360,360,False
8f8s,8f8s_D,8f8s_F,0_7797_1,3j8a,0_7797_1,3j8a_A,3j8a_B,1.0201604745038912,1.2649082933481728,366,366,True
8f8s,8f8s_D,8f8s_F,0_7797_1,3j8a,0_7797_0,3j8a_D,3j8a_A,1.0404087840507676,53.889714481969385,366,366,False
8f8s,8f8s_D,8f8s_F,0_7797_1,5yu8,0_7797_10,5yu8_B,5yu8_A,2.6340935581911356,58.433263644027974,360,360,False
8f8s,8f8s_D,8f8s_F,0_7797_1,5yu8,0_7797_12,5yu8_C,5yu8_A,2.634122110244541,8.307668475230791,360,360,False
8f8s,8f8s_E,8f8s_F,0_7797_0,3j8a,0_7797_1,3j8a_A,3j8a_B,1.0153358677337423,53.27145524734031,366,366,True
8f8s,8f8s_E,8f8s_F,0_7797_0,3j8a,0_7797_0,3j8a_D,3j8a_A,1.0342224449348298,1.2878714405688891,366,366,False
8f8s,8f8s_E,8f8s_F,0_7797_0,5yu8,0_7797_10,5yu8_B,5yu8_A,2.6448537062660513,7.880807097334298,360,360,False
8f8s,8f8s_E,8f8s_F,0_7797_0,5yu8,0_7797_12,5yu8_C,5yu8_A,2.6448819895191553,49.25805466205987,360,360,False
8f8s,8f8s_E,8f8s_G,0_7797_1,3j8a,0_7797_1,3j8a_A,3j8a_B,1.0153358677337423,1.2489663884967415,366,366,True
8f8s,8f8s_E,8f8s_G,0_7797_1,3j8a,0_7797_0,3j8a_D,3j8a_A,1.0342224449348298,53.90418062730307,366,366,False
8f8s,8f8s_E,8f8s_G,0_7797_1,5yu8,0_7797_10,5yu8_B,5yu8_A,2.6448537062660513,58.43771442086144,360,360,False
8f8s,8f8s_E,8f8s_G,0_7797_1,5yu8,0_7797_12,5yu8_C,5yu8_A,2.6448819895191553,8.29074600528549,360,360,False
8f8s,8f8s_F,8f8s_G,0_7797_0,3j8a,0_7797_1,3j8a_A,3j8a_B,1.0124773234370943,53.246547323768226,366,366,True
8f8s,8f8s_F,8f8s_G,0_7797_0,3j8a,0_7797_0,3j8a_D,3j8a_A,1.030764704557773,1.2869574290502868,366,366,False
8f8s,8f8s_F,8f8s_G,0_7797_0,5yu8,0_7797_10,5yu8_B,5yu8_A,2.6539970777252075,7.9097425553739615,360,360,False
8f8s,8f8s_F,8f8s_G,0_7797_0,5yu8,0_7797_12,5yu8_C,5yu8_A,2.6540252480033515,49.25184816193022,360,360,False
8f8t,8f8t_A,8f8t_B,0_7797_37,3j8a,0_7797_1,3j8a_A,3j8a_B,2.788457901041538,57.013201199050165,366,366,True
8f8t,8f8t_A,8f8t_B,0_7797_37,3j8a,0_7797_0,3j8a_D,3j8a_A,2.7845497315188252,5.3892712011224955,366,366,False
8f8t,8f8t_A,8f8t_B,0_7797_37,5yu8,0_7797_10,5yu8_B,5yu8_A,1.1017029973173629,4.141229543579643,360,360,False
8f8t,8f8t_A,8f8t_B,0_7797_37,5yu8,0_7797_12,5yu8_C,5yu8_A,1.101715474496692,52.003707285835794,360,360,False
8f8t,8f8t_A,8f8t_C,0_7797_1,3j8a,0_7797_1,3j8a_A,3j8a_B,2.788457901041538,6.48750375530287,366,366,True
8f8t,8f8t_A,8f8t_C,0_7797_1,3j8a,0_7797_0,3j8a_D,3j8a_A,2.7845497315188252,50.33676097043801,366,366,False
8f8t,8f8t_A,8f8t_C,0_7797_1,5yu8,0_7797_10,5yu8_B,5yu8_A,1.1017029973173629,55.633394758147816,360,360,False
8f8t,8f8t_A,8f8t_C,0_7797_1,5yu8,0_7797_12,5yu8_C,5yu8_A,1.101715474496692,5.9087867944253025,360,360,False
8f8t,8f8t_B,8f8t_C,0_7797_0,3j8a,0_7797_1,3j8a_A,3j8a_B,1.5755507530616826,54.8862943871678,366,366,True
8f8t,8f8t_B,8f8t_C,0_7797_0,3j8a,0_7797_0,3j8a_D,3j8a_A,1.59229708808537,2.1030526895227584,366,366,False
8f8t,8f8t_B,8f8t_C,0_7797_0,5yu8,0_7797_10,5yu8_B,5yu8_A,2.091999987481331,6.491946166290044,360,360,False
8f8t,8f8t_B,8f8t_C,0_7797_0,5yu8,0_7797_12,5yu8_C,5yu8_A,2.092031636667111,50.40455812048198,360,360,False
8f8t,8f8t_B,8f8t_D,0_7797_1,3j8a,0_7797_1,3j8a_A,3j8a_B,1.5755507530616826,2.6597182358461433,366,366,True
8f8t,8f8t_B,8f8t_D,0_7797_1,3j8a,0_7797_0,3j8a_D,3j8a_A,1.59229708808537,52.39972301949474,366,366,False
8f8t,8f8t_B,8f8t_D,0_7797_1,5yu8,0_7797_10,5yu8_B,5yu8_A,2.091999987481331,57.287853115184525,360,360,False
8f8t,8f8t_B,8f8t_D,0_7797_1,5yu8,0_7797_12,5yu8_C,5yu8_A,2.092031636667111,6.7444189825890755,360,360,False
8f8t,8f8t_C,8f8t_D,0_7797_0,3j8a,0_7797_1,3j8a_A,3j8a_B,1.0052674479715549,53.33223799840202,366,366,True
8f8t,8f8t_C,8f8t_D,0_7797_0,3j8a,0_7797_0,3j8a_D,3j8a_A,1.017502581437734,1.2145241843746963,366,366,False
8f8t,8f8t_C,8f8t_D,0_7797_0,5yu8,0_7797_10,5yu8_B,5yu8_A,2.6373463929443846,7.757149984898615,360,360,False
8f8t,8f8t_C,8f8t_D,0_7797_0,5yu8,0_7797_12,5yu8_C,5yu8_A,2.6373755963134116,49.347965665462496,360,360,False
8f8t,8f8t_C,8f8t_E,0_7797_1,3j8a,0_7797_1,3j8a_A,3j8a_B,1.0052674479715549,1.2029000810545607,366,366,True
8f8t,8f8t_C,8f8t_E,0_7797_1,3j8a,0_7797_0,3j8a_D,3j8a_A,1.017502581437734,53.91552280689802,366,366,False
8f8t,8f8t_C,8f8t_E,0_7797_1,5yu8,0_7797_10,5yu8_B,5yu8_A,2.6373463929443846,58.404635472930195,360,360,False
8f8t,8f8t_C,8f8t_E,0_7797_1,5yu8,0_7797_12,5yu8_C,5yu8_A,2.6373755963134116,8.230649643080458,360,360,False
8f8t,8f8t_D,8f8t_E,0_7797_0,3j8a,0_7797_1,3j8a_A,3j8a_B,0.9896060582103199,53.32947243298766,366,366,True
8f8t,8f8t_D,8f8t_E,0_7797_0,3j8a,0_7797_0,3j8a_D,3j8a_A,1.0058172150643443,1.2395784669066108,366,366,False
8f8t,8f8t_D,8f8t_E,0_7797_0,5yu8,0_7797_10,5yu8_B,5yu8_A,2.629605228346982,7.8188418855319135,360,360,False
8f8t,8f8t_D,8f8t_E,0_7797_0,5yu8,0_7797_12,5yu8_C,5yu8_A,2.629634800668819,49.3310196084729,360,360,False
8f8t,8f8t_D,8f8t_F,0_7797_1,3j8a,0_7797_1,3j8a_A,3j8a_B,0.9896060582103199,1.2626586948124656,366,366,True
8f8t,8f8t_D,8f8t_F,0_7797_1,3j8a,0_7797_0,3j8a_D,3j8a_A,1.0058172150643443,53.94259251531383,366,366,False
8f8t,8f8t_D,8f8t_F,0_7797_1,5yu8,0_7797_10,5yu8_B,5yu8_A,2.629605228346982,58.467469786676446,360,360,False
8f8t,8f8t_D,8f8t_F,0_7797_1,5yu8,0_7797_12,5yu8_C,5yu8_A,2.629634800668819,8.282508705877087,360,360,False
8f8t,8f8t_E,8f8t_F,0_7797_0,3j8a,0_7797_1,3j8a_A,3j8a_B,0.9828835201844891,53.301318335746494,366,366,True
8f8t,8f8t_E,8f8t_F,0_7797_0,3j8a,0_7797_0,3j8a_D,3j8a_A,1.000997758411155,1.236707609884232,366,366,False
8f8t,8f8t_E,8f8t_F,0_7797_0,5yu8,0_7797_10,5yu8_B,5yu8_A,2.6311551778082354,7.862557096188748,360,360,False
8f8t,8f8t_E,8f8t_F,0_7797_0,5yu8,0_7797_12,5yu8_C,5yu8_A,2.6311850960051757,49.2878167626429,360,360,False
8f8t,8f8t_E,8f8t_G,0_7797_1,3j8a,0_7797_1,3j8a_A,3j8a_B,0.9828835201844891,1.246571461187162,366,366,True
8f8t,8f8t_E,8f8t_G,0_7797_1,3j8a,0_7797_0,3j8a_D,3j8a_A,1.000997758411155,53.92237571015426,366,366,False
8f8t,8f8t_E,8f8t_G,0_7797_1,5yu8,0_7797_10,5yu8_B,5yu8_A,2.6311551778082354,58.45667637563688,360,360,False
8f8t,8f8t_E,8f8t_G,0_7797_1,5yu8,0_7797_12,5yu8_C,5yu8_A,2.6311850960051757,8.258783118685276,360,360,False
8f8t,8f8t_F,8f8t_G,0_7797_0,3j8a,0_7797_1,3j8a_A,3j8a_B,0.9803733734496562,53.299714810931654,366,366,True
8f8t,8f8t_F,8f8t_G,0_7797_0,3j8a,0_7797_0,3j8a_D,3j8a_A,0.998055782799738,1.224980541174325,366,366,False
8f8t,8f8t_F,8f8t_G,0_7797_0,5yu8,0_7797_10,5yu8_B,5yu8_A,2.6348665957993163,7.873063279949915,360,360,False
8f8t,8f8t_F,8f8t_G,0_7797_0,5yu8,0_7797_12,5yu8_C,5yu8_A,2.634896200451573,49.29484407649161,360,360,False
8iah,8iah_A,8iah_B,0_7797_0,3j8a,0_7797_1,3j8a_A,3j8a_B,1.3595547978413831,53.57463669211893,366,366,True
8iah,8iah_A,8iah_B,0_7797_0,3j8a,0_7797_0,3j8a_D,3j8a_A,1.3761893629670467,2.125530303286028,366,366,False
8iah,8iah_A,8iah_B,0_7797_0,5yu8,0_7797_10,5yu8_B,5yu8_A,2.468071159635017,7.799386610076447,360,360,False
8iah,8iah_A,8iah_B,0_7797_0,5yu8,0_7797_12,5yu8_C,5yu8_A,2.468103846060915,49.16777065444357,360,360,False
8iah,8iah_A,8iah_C,0_7797_1,3j8a,0_7797_1,3j8a_A,3j8a_B,1.3595547978413831,1.9441502181975314,366,366,True
8iah,8iah_A,8iah_C,0_7797_1,3j8a,0_7797_0,3j8a_D,3j8a_A,1.3761893629670467,54.120262423237776,366,366,False
8iah,8iah_A,8iah_C,0_7797_1,5yu8,0_7797_10,5yu8_B,5yu8_A,2.468071159635017,59.18923517708444,360,360,False
8iah,8iah_A,8iah_C,0_7797_1,5yu8,0_7797_12,5yu8_C,5yu8_A,2.468103846060915,8.530661413879152,360,360,False
8iah,8iah_B,8iah_C,0_7797_0,3j8a,0_7797_1,3j8a_A,3j8a_B,1.5022014506065442,54.50655471465532,366,366,True
8iah,8iah_B,8iah_C,0_7797_0,3j8a,0_7797_0,3j8a_D,3j8a_A,1.5150633846119368,1.7301236006217404,366,366,False
8iah,8iah_B,8iah_C,0_7797_0,5yu8,0_7797_10,5yu8_B,5yu8_A,2.380569399836,6.890056920497412,360,360,False
8iah,8iah_B,8iah_C,0_7797_0,5yu8,0_7797_12,5yu8_C,5yu8_A,2.380601625668991,50.10059694633342,360,360,False
8iah,8iah_B,8iah_D,0_7797_1,3j8a,0_7797_1,3j8a_A,3j8a_B,1.5022014506065442,2.181253237111887,366,366,True
8iah,8iah_B,8iah_D,0_7797_1,3j8a,0_7797_0,3j8a_D,3j8a_A,1.5150633846119368,53.37228131135617,366,366,False
8iah,8iah_B,8iah_D,0_7797_1,5yu8,0_7797_10,5yu8_B,5yu8_A,2.380569399836,58.21093364432487,360,360,False
8iah,8iah_B,8iah_D,0_7797_1,5yu8,0_7797_12,5yu8_C,5yu8_A,2.380601625668991,7.34277306323617,360,360,False
8iah,8iah_C,8iah_D,0_7797_0,3j8a,0_7797_1,3j8a_A,3j8a_B,1.0042765620091492,53.79520483745158,366,366,True
8iah,8iah_C,8iah_D,0_7797_0,3j8a,0_7797_0,3j8a_D,3j8a_A,1.0344775087767961,1.3836769436878216,366,366,False
8iah,8iah_C,8iah_D,0_7797_0,5yu8,0_7797_10,5yu8_B,5yu8_A,2.6330992966241764,7.497562890021695,360,360,False
8iah,8iah_C,8iah_D,0_7797_0,5yu8,0_7797_12,5yu8_C,5yu8_A,2.633129169402362,49.64597674744812,360,360,False
8iah,8iah_C,8iah_E,0_7797_1,3j8a,0_7797_1,3j8a_A,3j8a_B,1.0042765620091492,1.8125368074853951,366,366,True
8iah,8iah_C,8iah_E,0_7797_1,3j8a,0_7797_0,3j8a_D,3j8a_A,1.0344775087767961,54.1184811919497,366,366,False
8iah,8iah_C,8iah_E,0_7797_1,5yu8,0_7797_10,5yu8_B,5yu8_A,2.6330992966241764,58.726815863660505,360,360,False
8iah,8iah_C,8iah_E,0_7797_1,5yu8,0_7797_12,5yu8_C,5yu8_A,2.633129169402362,8.077747526930857,360,360,False
8iah,8iah_D,8iah_E,0_7797_0,3j8a,0_7797_1,3j8a_A,3j8a_B,1.0038369466435755,53.55406669217775,366,366,True
8iah,8iah_D,8iah_E,0_7797_0,3j8a,0_7797_0,3j8a_D,3j8a_A,1.0349538458654337,1.5130876010468788,366,366,False
8iah,8iah_D,8iah_E,0_7797_0,5yu8,0_7797_10,5yu8_B,5yu8_A,2.660340679595618,7.840550135971182,360,360,False
8iah,8iah_D,8iah_E,0_7797_0,5yu8,0_7797_12,5yu8_C,5yu8_A,2.660369968815001,49.459094943252616,360,360,False
8iah,8iah_D,8iah_F,0_7797_1,3j8a,0_7797_1,3j8a_A,3j8a_B,1.0038369466435755,1.8384607359742227,366,366,True
8iah,8iah_D,8iah_F,0_7797_1,3j8a,0_7797_0,3j8a_D,3j8a_A,1.0349538458654337,54.30202564308597,366,366,False
8iah,8iah_D,8iah_F,0_7797_1,5yu8,0_7797_10,5yu8_B,5yu8_A,2.660340679595618,58.87782073097289,360,360,False
8iah,8iah_D,8iah_F,0_7797_1,5yu8,0_7797_12,5yu8_C,5yu8_A,2.660369968815001,8.278399976890737,360,360,False
8iah,8iah_E,8iah_F,0_7797_0,3j8a,0_7797_1,3j8a_A,3j8a_B,1.0260741178472093,53.473969478849256,366,366,True
8iah,8iah_E,8iah_F,0_7797_0,3j8a,0_7797_0,3j8a_D,3j8a_A,1.0573804130594995,1.4019308605925684,366,366,False
8iah,8iah_E,8iah_F,0_7797_0,5yu8,0_7797_10,5yu8_B,5yu8_A,2.7208773449616976,7.821485076555402,360,360,False
8iah,8iah_E,8iah_F,0_7797_0,5yu8,0_7797_12,5yu8_C,5yu8_A,2.7209086955774042,49.35746949379984,360,360,False
8iah,8iah_E,8iah_G,0_7797_1,3j8a,0_7797_1,3j8a_A,3j8a_B,1.0260741178472093,1.7418234779904143,366,366,True
8iah,8iah_E,8iah_G,0_7797_1,3j8a,0_7797_0,3j8a_D,3j8a_A,1.0573804130594995,54.37202146793574,366,366,False
8iah,8iah_E,8iah_G,0_7797_1,5yu8,0_7797_10,5yu8_B,5yu8_A,2.7208773449616976,58.97734928608127,360,360,False
8iah,8iah_E,8iah_G,0_7797_1,5yu8,0_7797_12,5yu8_C,5yu8_A,2.7209086955774042,8.42594444195902,360,360,False
8iah,8iah_F,8iah_G,0_7797_0,3j8a,0_7797_1,3j8a_A,3j8a_B,1.0051151320196252,53.58500928804106,366,366,True
8iah,8iah_F,8iah_G,0_7797_0,3j8a,0_7797_0,3j8a_D,3j8a_A,1.0355031344138965,1.4528560851723171,366,366,False
8iah,8iah_F,8iah_G,0_7797_0,5yu8,0_7797_10,5yu8_B,5yu8_A,2.690886716797595,7.814357262542495,360,360,False
8iah,8iah_F,8iah_G,0_7797_0,5yu8,0_7797_12,5yu8_C,5yu8_A,2.6909167450865255,49.46494050563452,360,360,False
8iah,8iah_F,8iah_H,0_7797_1,3j8a,0_7797_1,3j8a_A,3j8a_B,1.0051151320196252,1.8057227279655506,366,366,True
8iah,8iah_F,8iah_H,0_7797_1,3j8a,0_7797_0,3j8a_D,3j8a_A,1.0355031344138965,54.26663432876647,366,366,False
8iah,8iah_F,8iah_H,0_7797_1,5yu8,0_7797_10,5yu8_B,5yu8_A,2.690886716797595,58.87839486526136,360,360,False
8iah,8iah_F,8iah_H,0_7797_1,5yu8,0_7797_12,5yu8_C,5yu8_A,2.6909167450865255,8.273905694994898,360,360,False
8iah,8iah_G,8iah_H,0_7797_0,3j8a,0_7797_1,3j8a_A,3j8a_B,1.0131488541285831,53.45909001856536,366,366,True
8iah,8iah_G,8iah_H,0_7797_0,3j8a,0_7797_0,3j8a_D,3j8a_A,1.0434948598495442,1.396659696919069,366,366,False
8iah,8iah_G,8iah_H,0_7797_0,5yu8,0_7797_10,5yu8_B,5yu8_A,2.667564180364608,7.867514815372744,360,360,False
8iah,8iah_G,8iah_H,0_7797_0,5yu8,0_7797_12,5yu8_C,5yu8_A,2.6675958293624116,49.315114210676,360,360,False
8iah,8iah_G,8iah_I,0_7797_1,3j8a,0_7797_1,3j8a_A,3j8a_B,1.0131488541285831,1.7217167216189875,366,366,True
8iah,8iah_G,8iah_I,0_7797_1,3j8a,0_7797_0,3j8a_D,3j8a_A,1.0434948598495442,54.404936072187944,366,366,False
8iah,8iah_G,8iah_I,0_7797_1,5yu8,0_7797_10,5yu8_B,5yu8_A,2.667564180364608,59.04943257644898,360,360,False
8iah,8iah_G,8iah_I,0_7797_1,5yu8,0_7797_12,5yu8_C,5yu8_A,2.6675958293624116,8.514249622543653,360,360,False
8iah,8iah_H,8iah_I,0_7797_0,3j8a,0_7797_1,3j8a_A,3j8a_B,1.0012008605415608,53.60817651092559,366,366,True
8iah,8iah_H,8iah_I,0_7797_0,3j8a,0_7797_0,3j8a_D,3j8a_A,1.0316182903377284,1.4370855197981325,366,366,False
8iah,8iah_H,8iah_I,0_7797_0,5yu8,0_7797_10,5yu8_B,5yu8_A,2.6472404786218453,7.706363284587418,360,360,False
8iah,8iah_H,8iah_I,0_7797_0,5yu8,0_7797_12,5yu8_C,5yu8_A,2.6472702018973187,49.50517426496255,360,360,False
8iah,8iah_H,8iah_J,0_7797_1,3j8a,0_7797_1,3j8a_A,3j8a_B,1.0012008605415608,1.885714648457171,366,366,True
8iah,8iah_H,8iah_J,0_7797_1,3j8a,0_7797_0,3j8a_D,3j8a_A,1.0316182903377284,54.35346759663999,366,366,False
8iah,8iah_H,8iah_J,0_7797_1,5yu8,0_7797_10,5yu8_B,5yu8_A,2.6472404786218453,58.95733330976475,360,360,False
8iah,8iah_H,8iah_J,0_7797_1,5yu8,0_7797_12,5yu8_C,5yu8_A,2.6472702018973187,8.317766324764433,360,360,False
8iah,8iah_I,8iah_J,0_7797_0,3j8a,0_7797_1,3j8a_A,3j8a_B,1.0073102489930235,53.680407462630065,366,366,True
8iah,8iah_I,8iah_J,0_7797_0,3j8a,0_7797_0,3j8a_D,3j8a_A,1.0370591565244944,1.445344746806457,366,366,False
8iah,8iah_I,8iah_J,0_7797_0,5yu8,0_7797_10,5yu8_B,5yu8_A,2.6202593067318345,7.544786566111356,360,360,False
8iah,8iah_I,8iah_J,0_7797_0,5yu8,0_7797_12,5yu8_C,5yu8_A,2.620287616772478,49.54139934132934,360,360,False
8iah,8iah_I,8iah_K,0_7797_1,3j8a,0_7797_1,3j8a_A,3j8a_B,1.0073102489930235,1.938555447399099,366,366,True
8iah,8iah_I,8iah_K,0_7797_1,3j8a,0_7797_0,3j8a_D,3j8a_A,1.0370591565244944,54.25449670788854,366,366,False
8iah,8iah_I,8iah_K,0_7797_1,5yu8,0_7797_10,5yu8_B,5yu8_A,2.6202593067318345,58.86218587756647,360,360,False
8iah,8iah_I,8iah_K,0_7797_1,5yu8,0_7797_12,5yu8_C,5yu8_A,2.620287616772478,8.705954295634639,360,360,False
8iah,8iah_J,8iah_K,0_7797_0,3j8a,0_7797_1,3j8a_A,3j8a_B,1.0169059353240755,53.982266425819994,366,366,True
8iah,8iah_J,8iah_K,0_7797_0,3j8a,0_7797_0,3j8a_D,3j8a_A,1.0485116584821634,2.115402702024963,366,366,False
8iah,8iah_J,8iah_K,0_7797_0,5yu8,0_7797_10,5yu8_B,5yu8_A,2.5788341096650917,7.748736145378562,360,360,False
8iah,8iah_J,8iah_K,0_7797_0,5yu8,0_7797_12,5yu8_C,5yu8_A,2.5788666607503474,49.86838752273401,360,360,False
8iah,8iah_J,8iah_L,0_7797_1,3j8a,0_7797_1,3j8a_A,3j8a_B,1.0169059353240755,1.7762627961452513,366,366,True
8iah,8iah_J,8iah_L,0_7797_1,3j8a,0_7797_0,3j8a_D,3j8a_A,1.0485116584821634,54.07152669410341,366,366,False
8iah,8iah_J,8iah_L,0_7797_1,5yu8,0_7797_10,5yu8_B,5yu8_A,2.5788341096650917,58.67027331475233,360,360,False
8iah,8iah_J,8iah_L,0_7797_1,5yu8,0_7797_12,5yu8_C,5yu8_A,2.5788666607503474,8.335859689790524,360,360,False
8iah,8iah_K,8iah_L,0_7797_0,3j8a,0_7797_1,3j8a_A,3j8a_B,1.0132374210434114,54.133867464134745,366,366,True
8iah,8iah_K,8iah_L,0_7797_0,3j8a,0_7797_0,3j8a_D,3j8a_A,1.0292120478115703,2.8137979740257015,366,366,False
8iah,8iah_K,8iah_L,0_7797_0,5yu8,0_7797_10,5yu8_B,5yu8_A,2.590878884016741,7.8807841229387225,360,360,False
8iah,8iah_K,8iah_L,0_7797_0,5yu8,0_7797_12,5yu8_C,5yu8_A,2.5909084586708118,50.16752426257922,360,360,False
8iai,8iai_A,8iai_B,0_7797_0,3j8a,0_7797_1,3j8a_A,3j8a_B,1.3389626422707854,53.49391409461749,366,366,True
8iai,8iai_A,8iai_B,0_7797_0,3j8a,0_7797_0,3j8a_D,3j8a_A,1.3549797153799277,2.118449416362878,366,366,False
8iai,8iai_A,8iai_B,0_7797_0,5yu8,0_7797_10,5yu8_B,5yu8_A,2.4718553373001395,7.868251827852075,360,360,False
8iai,8iai_A,8iai_B,0_7797_0,5yu8,0_7797_12,5yu8_C,5yu8_A,2.471883929051554,49.09435592982979,360,360,False
8iai,8iai_A,8iai_C,0_7797_1,3j8a,0_7797_1,3j8a_A,3j8a_B,1.3389626422707854,1.9701304039961829,366,366,True
8iai,8iai_A,8iai_C,0_7797_1,3j8a,0_7797_0,3j8a_D,3j8a_A,1.3549797153799277,54.18068096169402,366,366,False
8iai,8iai_A,8iai_C,0_7797_1,5yu8,0_7797_10,5yu8_B,5yu8_A,2.4718553373001395,59.24254901715501,360,360,False
8iai,8iai_A,8iai_C,0_7797_1,5yu8,0_7797_12,5yu8_C,5yu8_A,2.471883929051554,8.646037771530303,360,360,False
8iai,8iai_B,8iai_C,0_7797_0,3j8a,0_7797_1,3j8a_A,3j8a_B,1.489196850142365,54.605889011916894,366,366,True
8iai,8iai_B,8iai_C,0_7797_0,3j8a,0_7797_0,3j8a_D,3j8a_A,1.505133604515966,1.839160975836163,366,366,False
8iai,8iai_B,8iai_C,0_7797_0,5yu8,0_7797_10,5yu8_B,5yu8_A,2.3715320909542013,6.786325537872647,360,360,False
8iai,8iai_B,8iai_C,0_7797_0,5yu8,0_7797_12,5yu8_C,5yu8_A,2.3715664194940507,50.152334848532945,360,360,False
8iai,8iai_B,8iai_D,0_7797_1,3j8a,0_7797_1,3j8a_A,3j8a_B,1.489196850142365,2.347409056877163,366,366,True
8iai,8iai_B,8iai_D,0_7797_1,3j8a,0_7797_0,3j8a_D,3j8a_A,1.505133604515966,53.205811801898214,366,366,False
8iai,8iai_B,8iai_D,0_7797_1,5yu8,0_7797_10,5yu8_B,5yu8_A,2.3715320909542013,58.07735617257938,360,360,False
8iai,8iai_B,8iai_D,0_7797_1,5yu8,0_7797_12,5yu8_C,5yu8_A,2.3715664194940507,7.206478041483443,360,360,False
8iai,8iai_C,8iai_D,0_7797_0,3j8a,0_7797_1,3j8a_A,3j8a_B,1.0232143543342553,53.69251798461419,366,366,True
8iai,8iai_C,8iai_D,0_7797_0,3j8a,0_7797_0,3j8a_D,3j8a_A,1.0532101106775755,1.3601704409701285,366,366,False
8iai,8iai_C,8iai_D,0_7797_0,5yu8,0_7797_10,5yu8_B,5yu8_A,2.632556889726873,7.594639393093812,360,360,False
8iai,8iai_C,8iai_D,0_7797_0,5yu8,0_7797_12,5yu8_C,5yu8_A,2.632587608909637,49.54450892417673,360,360,False
8iai,8iai_C,8iai_E,0_7797_1,3j8a,0_7797_1,3j8a_A,3j8a_B,1.0232143543342553,1.750324802812898,366,366,True
8iai,8iai_C,8iai_E,0_7797_1,3j8a,0_7797_0,3j8a_D,3j8a_A,1.0532101106775755,54.166283335720564,366,366,False
8iai,8iai_C,8iai_E,0_7797_1,5yu8,0_7797_10,5yu8_B,5yu8_A,2.632556889726873,58.77848543349903,360,360,False
8iai,8iai_C,8iai_E,0_7797_1,5yu8,0_7797_12,5yu8_C,5yu8_A,2.632587608909637,8.185863805643047,360,360,False
8iai,8iai_D,8iai_E,0_7797_0,3j8a,0_7797_1,3j8a_A,3j8a_B,1.0060741031216276,53.51734990047806,366,366,True
8iai,8iai_D,8iai_E,0_7797_0,3j8a,0_7797_0,3j8a_D,3j8a_A,1.035045365954072,1.4765086853562128,366,366,False
8iai,8iai_D,8iai_E,0_7797_0,5yu8,0_7797_10,5yu8_B,5yu8_A,2.676137116801231,7.839031588178443,360,360,False
8iai,8iai_D,8iai_E,0_7797_0,5yu8,0_7797_12,5yu8_C,5yu8_A,2.676168084172074,49.41739187426002,360,360,False
8iai,8iai_D,8iai_F,0_7797_1,3j8a,0_7797_1,3j8a_A,3j8a_B,1.0060741031216276,1.779686920634396,366,366,True
8iai,8iai_D,8iai_F,0_7797_1,3j8a,0_7797_0,3j8a_D,3j8a_A,1.035045365954072,54.2995652031374,366,366,False
8iai,8iai_D,8iai_F,0_7797_1,5yu8,0_7797_10,5yu8_B,5yu8_A,2.676137116801231,58.87704035357169,360,360,False
8iai,8iai_D,8iai_F,0_7797_1,5yu8,0_7797_12,5yu8_C,5yu8_A,2.676168084172074,8.3049659040546,360,360,False
8iai,8iai_E,8iai_F,0_7797_0,3j8a,0_7797_1,3j8a_A,3j8a_B,1.0267586764594894,53.46505291059791,366,366,True
8iai,8iai_E,8iai_F,0_7797_0,3j8a,0_7797_0,3j8a_D,3j8a_A,1.05736277104411,1.4141048483386796,366,366,False
8iai,8iai_E,8iai_F,0_7797_0,5yu8,0_7797_10,5yu8_B,5yu8_A,2.72692340170163,7.843984276867275,360,360,False
8iai,8iai_E,8iai_F,0_7797_0,5yu8,0_7797_12,5yu8_C,5yu8_A,2.726954422465003,49.34279544988893,360,360,False
8iai,8iai_E,8iai_G,0_7797_1,3j8a,0_7797_1,3j8a_A,3j8a_B,1.0267586764594894,1.744289821720226,366,366,True
8iai,8iai_E,8iai_G,0_7797_1,3j8a,0_7797_0,3j8a_D,3j8a_A,1.05736277104411,54.38516901787789,366,366,False
8iai,8iai_E,8iai_G,0_7797_1,5yu8,0_7797_10,5yu8_B,5yu8_A,2.72692340170163,58.999491371394484,360,360,False
8iai,8iai_E,8iai_G,0_7797_1,5yu8,0_7797_12,5yu8_C,5yu8_A,2.726954422465003,8.522348477867016,360,360,False
8iai,8iai_F,8iai_G,0_7797_0,3j8a,0_7797_1,3j8a_A,3j8a_B,1.0105350076226312,53.61065174701851,366,366,True
8iai,8iai_F,8iai_G,0_7797_0,3j8a,0_7797_0,3j8a_D,3j8a_A,1.0374012034837419,1.442475933426167,366,366,False
8iai,8iai_F,8iai_G,0_7797_0,5yu8,0_7797_10,5yu8_B,5yu8_A,2.6713707836459557,7.690112455855591,360,360,False
8iai,8iai_F,8iai_G,0_7797_0,5yu8,0_7797_12,5yu8_C,5yu8_A,2.671400846121234,49.50492061859251,360,360,False
8iai,8iai_F,8iai_H,0_7797_1,3j8a,0_7797_1,3j8a_A,3j8a_B,1.0105350076226312,1.7844896863234991,366,366,True
8iai,8iai_F,8iai_H,0_7797_1,3j8a,0_7797_0,3j8a_D,3j8a_A,1.0374012034837419,54.21137421427794,366,366,False
8iai,8iai_F,8iai_H,0_7797_1,5yu8,0_7797_10,5yu8_B,5yu8_A,2.6713707836459557,58.80125769050994,360,360,False
8iai,8iai_F,8iai_H,0_7797_1,5yu8,0_7797_12,5yu8_C,5yu8_A,2.671400846121234,8.166848898778218,360,360,False
8iai,8iai_G,8iai_H,0_7797_0,3j8a,0_7797_1,3j8a_A,3j8a_B,1.0169518946509168,53.56564035570438,366,366,True
8iai,8iai_G,8iai_H,0_7797_0,3j8a,0_7797_0,3j8a_D,3j8a_A,1.0455172200675087,1.3914388205341282,366,366,False
8iai,8iai_G,8iai_H,0_7797_0,5yu8,0_7797_10,5yu8_B,5yu8_A,2.6823497098549165,7.710111432345493,360,360,False
8iai,8iai_G,8iai_H,0_7797_0,5yu8,0_7797_12,5yu8_C,5yu8_A,2.6823806369936354,49.43219438427404,360,360,False
8iai,8iai_G,8iai_I,0_7797_1,3j8a,0_7797_1,3j8a_A,3j8a_B,1.0169518946509168,1.6827993925113696,366,366,True
8iai,8iai_G,8iai_I,0_7797_1,3j8a,0_7797_0,3j8a_D,3j8a_A,1.0455172200675087,54.289592541548615,366,366,False
8iai,8iai_G,8iai_I,0_7797_1,5yu8,0_7797_10,5yu8_B,5yu8_A,2.6823497098549165,58.91184543786073,360,360,False
8iai,8iai_G,8iai_I,0_7797_1,5yu8,0_7797_12,5yu8_C,5yu8_A,2.6823806369936354,8.365415701228734,360,360,False
8iai,8iai_H,8iai_I,0_7797_0,3j8a,0_7797_1,3j8a_A,3j8a_B,1.0213492939623208,53.67321273304291,366,366,True
8iai,8iai_H,8iai_I,0_7797_0,3j8a,0_7797_0,3j8a_D,3j8a_A,1.0500709900561644,1.4553697056951749,366,366,False
8iai,8iai_H,8iai_I,0_7797_0,5yu8,0_7797_10,5yu8_B,5yu8_A,2.6438435925460375,7.619100184099777,360,360,False
8iai,8iai_H,8iai_I,0_7797_0,5yu8,0_7797_12,5yu8_C,5yu8_A,2.643873015121967,49.56782759761398,360,360,False
8iai,8iai_H,8iai_J,0_7797_1,3j8a,0_7797_1,3j8a_A,3j8a_B,1.0213492939623208,1.8235692798778746,366,366,True
8iai,8iai_H,8iai_J,0_7797_1,3j8a,0_7797_0,3j8a_D,3j8a_A,1.0500709900561644,54.25783092188657,366,366,False
8iai,8iai_H,8iai_J,0_7797_1,5yu8,0_7797_10,5yu8_B,5yu8_A,2.6438435925460375,58.85213907244232,360,360,False
8iai,8iai_H,8iai_J,0_7797_1,5yu8,0_7797_12,5yu8_C,5yu8_A,2.643873015121967,8.18866384389564,360,360,False
8iai,8iai_I,8iai_J,0_7797_0,3j8a,0_7797_1,3j8a_A,3j8a_B,1.0241119675352706,53.618004481451976,366,366,True
8iai,8iai_I,8iai_J,0_7797_0,3j8a,0_7797_0,3j8a_D,3j8a_A,1.0546310633960605,1.490389262969243,366,366,False
8iai,8iai_I,8iai_J,0_7797_0,5yu8,0_7797_10,5yu8_B,5yu8_A,2.6347351718035905,7.650436654051546,360,360,False
8iai,8iai_I,8iai_J,0_7797_0,5yu8,0_7797_12,5yu8_C,5yu8_A,2.6347660345547013,49.484274358532986,360,360,False
8iai,8iai_I,8iai_K,0_7797_1,3j8a,0_7797_1,3j8a_A,3j8a_B,1.0241119675352706,1.827012834105154,366,366,True
8iai,8iai_I,8iai_K,0_7797_1,3j8a,0_7797_0,3j8a_D,3j8a_A,1.0546310633960605,54.54132355071392,366,366,False
8iai,8iai_I,8iai_K,0_7797_1,5yu8,0_7797_10,5yu8_B,5yu8_A,2.6347351718035905,59.18758123412208,360,359,False
8iai,8iai_I,8iai_K,0_7797_1,5yu8,0_7797_12,5yu8_C,5yu8_A,2.6347660345547013,9.075848965238025,360,359,False
8iai,8iai_J,8iai_K,0_7797_0,3j8a,0_7797_1,3j8a_A,3j8a_B,1.0441404568995933,54.445552867780435,366,366,True
8iai,8iai_J,8iai_K,0_7797_0,3j8a,0_7797_0,3j8a_D,3j8a_A,1.070198254532284,2.3296403957740948,366,366,False
8iai,8iai_J,8iai_K,0_7797_0,5yu8,0_7797_10,5yu8_B,5yu8_A,2.570156131670501,7.069308034566008,360,359,False
8iai,8iai_J,8iai_K,0_7797_0,5yu8,0_7797_12,5yu8_C,5yu8_A,2.5701836653588814,50.32680609904403,360,359,False
8ib2,8ib2_B,8ib2_C,0_7797_0,3j8a,0_7797_1,3j8a_A,3j8a_B,1.4199792084229643,54.46680811502731,366,366,True
8ib2,8ib2_B,8ib2_C,0_7797_0,3j8a,0_7797_0,3j8a_D,3j8a_A,1.4346657755757042,1.6926948099361534,366,366,False
8ib2,8ib2_B,8ib2_C,0_7797_0,5yu8,0_7797_10,5yu8_B,5yu8_A,2.3864008465913926,6.91791316330738,360,360,False
8ib2,8ib2_B,8ib2_C,0_7797_0,5yu8,0_7797_12,5yu8_C,5yu8_A,2.386432444149449,50.075253306989715,360,360,False
8ib2,8ib2_B,8ib2_D,0_7797_1,3j8a,0_7797_1,3j8a_A,3j8a_B,1.4199792084229643,2.098904296639191,366,366,True
8ib2,8ib2_B,8ib2_D,0_7797_1,3j8a,0_7797_0,3j8a_D,3j8a_A,1.4346657755757042,53.429077299870436,366,366,False
8ib2,8ib2_B,8ib2_D,0_7797_1,5yu8,0_7797_10,5yu8_B,5yu8_A,2.3864008465913926,58.25880952481554,360,360,False
8ib2,8ib2_B,8ib2_D,0_7797_1,5yu8,0_7797_12,5yu8_C,5yu8_A,2.386432444149449,7.412762786497247,360,360,False
8ib2,8ib2_C,8ib2_D,0_7797_0,3j8a,0_7797_1,3j8a_A,3j8a_B,1.0114802307320379,53.81828007477003,366,366,True
8ib2,8ib2_C,8ib2_D,0_7797_0,3j8a,0_7797_0,3j8a_D,3j8a_A,1.0426686443987085,1.3979353129660226,366,366,False
8ib2,8ib2_C,8ib2_D,0_7797_0,5yu8,0_7797_10,5yu8_B,5yu8_A,2.643990887040079,7.486048824445092,360,360,False
8ib2,8ib2_C,8ib2_D,0_7797_0,5yu8,0_7797_12,5yu8_C,5yu8_A,2.6440182296226142,49.66443278461883,360,360,False
8ib2,8ib2_C,8ib2_E,0_7797_1,3j8a,0_7797_1,3j8a_A,3j8a_B,1.0114802307320379,1.8299290202015794,366,366,True
8ib2,8ib2_C,8ib2_E,0_7797_1,3j8a,0_7797_0,3j8a_D,3j8a_A,1.0426686443987085,54.10183705714501,366,366,False
8ib2,8ib2_C,8ib2_E,0_7797_1,5yu8,0_7797_10,5yu8_B,5yu8_A,2.643990887040079,58.712014198516506,360,360,False
8ib2,8ib2_C,8ib2_E,0_7797_1,5yu8,0_7797_12,5yu8_C,5yu8_A,2.6440182296226142,8.047208563826366,360,360,False
8ib2,8ib2_D,8ib2_E,0_7797_0,3j8a,0_7797_1,3j8a_A,3j8a_B,1.0019169653704083,53.602654229535275,366,366,True
8ib2,8ib2_D,8ib2_E,0_7797_0,3j8a,0_7797_0,3j8a_D,3j8a_A,1.0340511048999719,1.495761769487958,366,366,False
8ib2,8ib2_D,8ib2_E,0_7797_0,5yu8,0_7797_10,5yu8_B,5yu8_A,2.6591019525887094,7.792375030298547,360,360,False
8ib2,8ib2_D,8ib2_E,0_7797_0,5yu8,0_7797_12,5yu8_C,5yu8_A,2.6591313543515245,49.4873896842786,360,360,False
8ib2,8ib2_D,8ib2_F,0_7797_1,3j8a,0_7797_1,3j8a_A,3j8a_B,1.0019169653704083,1.8293359509078382,366,366,True
8ib2,8ib2_D,8ib2_F,0_7797_1,3j8a,0_7797_0,3j8a_D,3j8a_A,1.0340511048999719,54.26024699162986,366,366,False
8ib2,8ib2_D,8ib2_F,0_7797_1,5yu8,0_7797_10,5yu8_B,5yu8_A,2.6591019525887094,58.84891953357119,360,360,False
8ib2,8ib2_D,8ib2_F,0_7797_1,5yu8,0_7797_12,5yu8_C,5yu8_A,2.6591313543515245,8.230761928203126,360,360,False
8ib2,8ib2_E,8ib2_F,0_7797_0,3j8a,0_7797_1,3j8a_A,3j8a_B,1.028402911885177,53.50217134471252,366,366,True
8ib2,8ib2_E,8ib2_F,0_7797_0,3j8a,0_7797_0,3j8a_D,3j8a_A,1.059656668704553,1.4064739370876753,366,366,False
8ib2,8ib2_E,8ib2_F,0_7797_0,5yu8,0_7797_10,5yu8_B,5yu8_A,2.71390760310977,7.816499778299917,360,360,False
8ib2,8ib2_E,8ib2_F,0_7797_0,5yu8,0_7797_12,5yu8_C,5yu8_A,2.713936843779961,49.373369115310204,360,360,False
8oi8,8oi8_A,8oi8_B,0_7797_0,3j8a,0_7797_1,3j8a_A,3j8a_B,1.05415839002908,53.04864736667559,363,363,True
8oi8,8oi8_A,8oi8_B,0_7797_0,3j8a,0_7797_0,3j8a_D,3j8a_A,1.072781693938739,1.1977671634369078,363,363,False
8oi8,8oi8_A,8oi8_B,0_7797_0,5yu8,0_7797_10,5yu8_B,5yu8_A,2.6017343435321796,7.560691121105058,356,356,False
8oi8,8oi8_A,8oi8_B,0_7797_0,5yu8,0_7797_12,5yu8_C,5yu8_A,2.601760653355948,49.18810055504105,356,356,False
8oi8,8oi8_C,8oi8_A,0_7797_1,3j8a,0_7797_1,3j8a_A,3j8a_B,1.0695089684308423,1.2055612390405666,363,363,False
8oi8,8oi8_C,8oi8_A,0_7797_1,3j8a,0_7797_0,3j8a_D,3j8a_A,1.0695089684308423,53.56618393228368,363,363,True
8oi8,8oi8_C,8oi8_A,0_7797_1,5yu8,0_7797_10,5yu8_B,5yu8_A,2.6017637346766764,52.403791322973284,356,356,True
8oi8,8oi8_C,8oi8_A,0_7797_1,5yu8,0_7797_12,5yu8_C,5yu8_A,2.6017637346766764,6.372091285397822,356,356,True
8oi8,8oi8_C,8oi8_B,0_7797_0,3j8a,0_7797_1,3j8a_A,3j8a_B,1.0695089684308423,52.778431373722825,363,363,False
8oi8,8oi8_C,8oi8_B,0_7797_0,3j8a,0_7797_0,3j8a_D,3j8a_A,1.0695089684308423,1.2923020462069197,363,363,True
8oi8,8oi8_C,8oi8_B,0_7797_0,5yu8,0_7797_10,5yu8_B,5yu8_A,2.6017637346766764,8.367894310899626,356,356,True
8oi8,8oi8_C,8oi8_B,0_7797_0,5yu8,0_7797_12,5yu8_C,5yu8_A,2.6017637346766764,54.97366175474251,356,356,True
8oi8,8oi8_B,8oi8_D,0_7797_1,3j8a,0_7797_1,3j8a_A,3j8a_B,1.0541493711589303,1.145230542943018,363,363,True
8oi8,8oi8_B,8oi8_D,0_7797_1,3j8a,0_7797_0,3j8a_D,3j8a_A,1.072765449065664,53.262965954840105,363,363,False
8oi8,8oi8_B,8oi8_D,0_7797_1,5yu8,0_7797_10,5yu8_B,5yu8_A,2.6017161576512238,57.772258122138254,356,356,False
8oi8,8oi8_B,8oi8_D,0_7797_1,5yu8,0_7797_12,5yu8_C,5yu8_A,2.601742473994546,7.959524773313425,356,356,False
8oi8,8oi8_C,8oi8_D,0_7797_0,3j8a,0_7797_1,3j8a_A,3j8a_B,1.0541609904487126,52.93061014199641,363,363,True
8oi8,8oi8_C,8oi8_D,0_7797_0,3j8a,0_7797_0,3j8a_D,3j8a_A,1.072782494283154,1.1874474583503654,363,363,False
8oi8,8oi8_C,8oi8_D,0_7797_0,5yu8,0_7797_10,5yu8_B,5yu8_A,2.60174723417764,7.639780411360151,356,356,False
8oi8,8oi8_C,8oi8_D,0_7797_0,5yu8,0_7797_12,5yu8_C,5yu8_A,2.6017735428650965,49.07509500488806,356,356,False
8oi8,8oi8_C,8oi8_E,0_7797_1,3j8a,0_7797_1,3j8a_A,3j8a_B,1.0541609904487126,1.1904803968574638,363,363,True
8oi8,8oi8_C,8oi8_E,0_7797_1,3j8a,0_7797_0,3j8a_D,3j8a_A,1.072782494283154,53.37795859767107,363,363,False
8oi8,8oi8_C,8oi8_E,0_7797_1,5yu8,0_7797_10,5yu8_B,5yu8_A,2.60174723417764,57.90098470005932,356,356,False
8oi8,8oi8_C,8oi8_E,0_7797_1,5yu8,0_7797_12,5yu8_C,5yu8_A,2.6017735428650965,8.110105983828156,356,356,False
8oi8,8oi8_D,8oi8_E,0_7797_0,3j8a,0_7797_1,3j8a_A,3j8a_B,1.0541376804674905,53.168121240194296,363,363,True
8oi8,8oi8_D,8oi8_E,0_7797_0,3j8a,0_7797_0,3j8a_D,3j8a_A,1.0727581907298518,1.1426224637665583,363,363,False
8oi8,8oi8_D,8oi8_E,0_7797_0,5yu8,0_7797_10,5yu8_B,5yu8_A,2.6017288653446933,7.387929186814921,356,356,False
8oi8,8oi8_D,8oi8_E,0_7797_0,5yu8,0_7797_12,5yu8_C,5yu8_A,2.6017551837481325,49.31139975803571,356,356,False
8ord,8ord_A,8ord_B,0_7797_1,3j8a,0_7797_1,3j8a_A,3j8a_B,1.0934388008080274,1.1184105909258661,366,366,False
8ord,8ord_A,8ord_B,0_7797_1,3j8a,0_7797_0,3j8a_D,3j8a_A,1.0934388008080274,53.51307440611635,366,366,True
8ord,8ord_A,8ord_B,0_7797_1,5yu8,0_7797_10,5yu8_B,5yu8_A,2.6642032041214962,52.26765519796241,360,360,True
8ord,8ord_A,8ord_B,0_7797_1,5yu8,0_7797_12,5yu8_C,5yu8_A,2.6642032041214962,6.398183108009596,360,360,True
8ord,8ord_A,8ord_C,0_7797_0,3j8a,0_7797_1,3j8a_A,3j8a_B,1.0934388008080274,52.82373061508847,366,366,False
8ord,8ord_A,8ord_C,0_7797_0,3j8a,0_7797_0,3j8a_D,3j8a_A,1.0934388008080274,1.5240369791112298,366,366,True
8ord,8ord_A,8ord_C,0_7797_0,5yu8,0_7797_10,5yu8_B,5yu8_A,2.6642032041214962,8.69058627672608,360,360,True
8ord,8ord_A,8ord_C,0_7797_0,5yu8,0_7797_12,5yu8_C,5yu8_A,2.6642032041214962,55.02746642121375,360,360,True
8ord,8ord_A,8ord_D,0_7797_0,3j8a,0_7797_1,3j8a_A,3j8a_B,1.0899974186266346,53.26880416801843,366,366,True
8ord,8ord_A,8ord_D,0_7797_0,3j8a,0_7797_0,3j8a_D,3j8a_A,1.0960107905557945,1.2503719476331543,366,366,False
8ord,8ord_A,8ord_D,0_7797_0,5yu8,0_7797_10,5yu8_B,5yu8_A,2.6641858399514136,7.598198684267241,360,360,False
8ord,8ord_A,8ord_D,0_7797_0,5yu8,0_7797_12,5yu8_C,5yu8_A,2.664206708453809,49.26882461514373,360,360,False
8ord,8ord_A,8ord_E,0_7797_1,3j8a,0_7797_1,3j8a_A,3j8a_B,1.0899974186266346,1.1682738851801235,366,366,True
8ord,8ord_A,8ord_E,0_7797_1,3j8a,0_7797_0,3j8a_D,3j8a_A,1.0960107905557945,53.28860751426106,366,366,False
8ord,8ord_A,8ord_E,0_7797_1,5yu8,0_7797_10,5yu8_B,5yu8_A,2.6641858399514136,57.850515554644396,360,360,False
8ord,8ord_A,8ord_E,0_7797_1,5yu8,0_7797_12,5yu8_C,5yu8_A,2.664206708453809,8.190906793361554,360,360,False
8ord,8ord_B,8ord_C,0_7797_0,3j8a,0_7797_1,3j8a_A,3j8a_B,1.0542972488195261,53.031421167871514,366,366,True
8ord,8ord_B,8ord_C,0_7797_0,3j8a,0_7797_0,3j8a_D,3j8a_A,1.0615898192446191,1.375284934589926,366,366,False
8ord,8ord_B,8ord_C,0_7797_0,5yu8,0_7797_10,5yu8_B,5yu8_A,2.6178038882504784,7.856212999130798,360,360,False
8ord,8ord_B,8ord_C,0_7797_0,5yu8,0_7797_12,5yu8_C,5yu8_A,2.6178295787040193,49.08484725747565,360,360,False
8ord,8ord_C,8ord_D,0_7797_1,3j8a,0_7797_1,3j8a_A,3j8a_B,1.1084954441267059,1.1582676969993722,366,366,True
8ord,8ord_C,8ord_D,0_7797_1,3j8a,0_7797_0,3j8a_D,3j8a_A,1.1231344448229676,53.35896879275252,366,366,False
8ord,8ord_C,8ord_D,0_7797_1,5yu8,0_7797_10,5yu8_B,5yu8_A,2.641615489563939,57.91084558498762,360,360,False
8ord,8ord_C,8ord_D,0_7797_1,5yu8,0_7797_12,5yu8_C,5yu8_A,2.641638375697901,8.233490867987216,360,360,False
8ord,8ord_D,8ord_E,0_7797_0,3j8a,0_7797_1,3j8a_A,3j8a_B,1.0897928384984912,53.40543901953614,366,366,True
8ord,8ord_D,8ord_E,0_7797_0,3j8a,0_7797_0,3j8a_D,3j8a_A,1.097116357023838,1.2319761922915238,366,366,False
8ord,8ord_D,8ord_E,0_7797_0,5yu8,0_7797_10,5yu8_B,5yu8_A,2.696618613585936,7.457993513067767,360,360,False
8ord,8ord_D,8ord_E,0_7797_0,5yu8,0_7797_12,5yu8_C,5yu8_A,2.6966460808848485,49.392259200710605,360,360,False
8p94,8p94_H,8p94_J,0_7797_1,3j8a,0_7797_1,3j8a_A,3j8a_B,1.1317292992276493,1.396672177878477,366,366,False
8p94,8p94_H,8p94_J,0_7797_1,3j8a,0_7797_0,3j8a_D,3j8a_A,1.1317292992276493,53.895930497699965,366,366,True
8p94,8p94_H,8p94_J,0_7797_1,5yu8,0_7797_10,5yu8_B,5yu8_A,2.715208312943999,52.60826469156018,360,360,True
8p94,8p94_H,8p94_J,0_7797_1,5yu8,0_7797_12,5yu8_C,5yu8_A,2.715208312943999,6.149501292254685,360,360,True
8p94,8p94_H,8p94_K,0_7797_0,3j8a,0_7797_1,3j8a_A,3j8a_B,1.1317292992276493,52.9737696963043,366,366,False
8p94,8p94_H,8p94_K,0_7797_0,3j8a,0_7797_0,3j8a_D,3j8a_A,1.1317292992276493,1.4134307890934825,366,366,True
8p94,8p94_H,8p94_K,0_7797_0,5yu8,0_7797_10,5yu8_B,5yu8_A,2.715208312943999,8.45522749269458,360,360,True
8p94,8p94_H,8p94_K,0_7797_0,5yu8,0_7797_12,5yu8_C,5yu8_A,2.715208312943999,55.13062654753706,360,360,True
8p94,8p94_H,8p94_W,0_7797_0,3j8a,0_7797_1,3j8a_A,3j8a_B,1.1201188281823158,54.02222292071865,366,366,True
8p94,8p94_H,8p94_W,0_7797_0,3j8a,0_7797_0,3j8a_D,3j8a_A,1.134221377186483,1.5601731782530115,366,366,False
8p94,8p94_H,8p94_W,0_7797_0,5yu8,0_7797_10,5yu8_B,5yu8_A,2.715190425163664,6.912141669871218,360,360,False
8p94,8p94_H,8p94_W,0_7797_0,5yu8,0_7797_12,5yu8_C,5yu8_A,2.7152144442009263,49.988789143594836,360,360,False
8p94,8p94_J,8p94_K,0_7797_0,3j8a,0_7797_1,3j8a_A,3j8a_B,1.1011717310107088,53.17751021237401,366,366,True
8p94,8p94_J,8p94_K,0_7797_0,3j8a,0_7797_0,3j8a_D,3j8a_A,1.1053313312516688,1.3180393845076424,366,366,False
8p94,8p94_J,8p94_K,0_7797_0,5yu8,0_7797_10,5yu8_B,5yu8_A,2.689500106278081,7.748075465087691,360,360,False
8p94,8p94_J,8p94_K,0_7797_0,5yu8,0_7797_12,5yu8_C,5yu8_A,2.689525455985513,49.31277376687188,360,360,False
8p94,8p94_K,8p94_W,0_7797_1,3j8a,0_7797_1,3j8a_A,3j8a_B,1.1144374323806883,1.4542635833655755,366,366,True
8p94,8p94_K,8p94_W,0_7797_1,3j8a,0_7797_0,3j8a_D,3j8a_A,1.1331320745732985,53.679131154455874,366,366,False
8p94,8p94_K,8p94_W,0_7797_1,5yu8,0_7797_10,5yu8_B,5yu8_A,2.603413159031295,58.21075596307916,360,360,False
8p94,8p94_K,8p94_W,0_7797_1,5yu8,0_7797_12,5yu8_C,5yu8_A,2.603435720350421,8.638886497404972,360,360,False
8p94,8p94_N,8p94_O,0_7797_0,3j8a,0_7797_1,3j8a_A,3j8a_B,1.075202924021886,53.122292208331416,366,366,True
8p94,8p94_N,8p94_O,0_7797_0,3j8a,0_7797_0,3j8a_D,3j8a_A,1.0968891979499311,1.2832960676787974,366,366,False
8p94,8p94_N,8p94_O,0_7797_0,5yu8,0_7797_10,5yu8_B,5yu8_A,2.6567789521472562,7.782882364047906,360,360,False
8p94,8p94_N,8p94_O,0_7797_0,5yu8,0_7797_12,5yu8_C,5yu8_A,2.6568045334185433,49.208885800605344,360,360,False
8p94,8p94_N,8p94_P,0_7797_1,3j8a,0_7797_1,3j8a_A,3j8a_B,1.075202924021886,1.2965800192211552,366,366,True
8p94,8p94_N,8p94_P,0_7797_1,3j8a,0_7797_0,3j8a_D,3j8a_A,1.0968891979499311,53.75039091914781,366,366,False
8p94,8p94_N,8p94_P,0_7797_1,5yu8,0_7797_10,5yu8_B,5yu8_A,2.6567789521472562,58.19308729811068,360,360,False
8p94,8p94_N,8p94_P,0_7797_1,5yu8,0_7797_12,5yu8_C,5yu8_A,2.6568045334185433,8.238124488539318,360,360,False
8p94,8p94_O,8p94_P,0_7797_0,3j8a,0_7797_1,3j8a_A,3j8a_B,1.105032851540996,53.03213403353737,366,366,True
8p94,8p94_O,8p94_P,0_7797_0,3j8a,0_7797_0,3j8a_D,3j8a_A,1.1260930997738938,1.4141485030137162,366,366,False
8p94,8p94_O,8p94_P,0_7797_0,5yu8,0_7797_10,5yu8_B,5yu8_A,2.6497340237158897,7.968471720815037,360,360,False
8p94,8p94_O,8p94_P,0_7797_0,5yu8,0_7797_12,5yu8_C,5yu8_A,2.649758114010014,49.106202879517035,360,360,False
8p94,8p94_O,8p94_Q,0_7797_1,3j8a,0_7797_1,3j8a_A,3j8a_B,1.105032851540996,1.3557193179669722,366,366,True
8p94,8p94_O,8p94_Q,0_7797_1,3j8a,0_7797_0,3j8a_D,3j8a_A,1.1260930997738938,53.883327167648574,366,366,False
8p94,8p94_O,8p94_Q,0_7797_1,5yu8,0_7797_10,5yu8_B,5yu8_A,2.6497340237158897,58.35624546709676,360,360,False
8p94,8p94_O,8p94_Q,0_7797_1,5yu8,0_7797_12,5yu8_C,5yu8_A,2.649758114010014,8.51048264507296,360,360,False
8p94,8p94_P,8p94_Q,0_7797_0,3j8a,0_7797_1,3j8a_A,3j8a_B,1.1077348886013276,53.13763896751293,366,366,True
8p94,8p94_P,8p94_Q,0_7797_0,3j8a,0_7797_0,3j8a_D,3j8a_A,1.1303473285534846,1.522262053925701,366,366,False
8p94,8p94_P,8p94_Q,0_7797_0,5yu8,0_7797_10,5yu8_B,5yu8_A,2.6755271352919205,7.896694023331369,360,360,False
8p94,8p94_P,8p94_Q,0_7797_0,5yu8,0_7797_12,5yu8_C,5yu8_A,2.6755528048073964,49.237503954504035,360,360,False
8p94,8p94_P,8p94_R,0_7797_1,3j8a,0_7797_1,3j8a_A,3j8a_B,1.1077348886013276,1.804845466729896,366,366,True
8p94,8p94_P,8p94_R,0_7797_1,3j8a,0_7797_0,3j8a_D,3j8a_A,1.1303473285534846,53.710219726500576,366,366,False
8p94,8p94_P,8p94_R,0_7797_1,5yu8,0_7797_10,5yu8_B,5yu8_A,2.6755271352919205,58.16223307301523,360,360,False
8p94,8p94_P,8p94_R,0_7797_1,5yu8,0_7797_12,5yu8_C,5yu8_A,2.6755528048073964,8.10995962660891,360,360,False
8p94,8p94_Q,8p94_R,0_7797_0,3j8a,0_7797_1,3j8a_A,3j8a_B,1.085565294482677,53.03913199916132,366,366,True
8p94,8p94_Q,8p94_R,0_7797_0,3j8a,0_7797_0,3j8a_D,3j8a_A,1.1008244049297362,1.3846001878124052,366,366,False
8p94,8p94_Q,8p94_R,0_7797_0,5yu8,0_7797_10,5yu8_B,5yu8_A,2.6858509205537846,7.938005123711231,360,360,False
8p94,8p94_Q,8p94_R,0_7797_0,5yu8,0_7797_12,5yu8_C,5yu8_A,2.685879759951622,49.074921300211116,360,360,False
8p94,8p94_Q,8p94_S,0_7797_1,3j8a,0_7797_1,3j8a_A,3j8a_B,1.085565294482677,1.3140642270889682,366,366,True
8p94,8p94_Q,8p94_S,0_7797_1,3j8a,0_7797_0,3j8a_D,3j8a_A,1.1008244049297362,53.75171404114379,366,366,False
8p94,8p94_Q,8p94_S,0_7797_1,5yu8,0_7797_10,5yu8_B,5yu8_A,2.6858509205537846,58.24895409997068,360,360,False
8p94,8p94_Q,8p94_S,0_7797_1,5yu8,0_7797_12,5yu8_C,5yu8_A,2.685879759951622,8.336306173139096,360,360,False
8p94,8p94_R,8p94_S,0_7797_0,3j8a,0_7797_1,3j8a_A,3j8a_B,1.1185505932863538,53.23525060776022,366,366,True
8p94,8p94_R,8p94_S,0_7797_0,3j8a,0_7797_0,3j8a_D,3j8a_A,1.1381949871926629,1.2245613036691303,366,366,False
8p94,8p94_R,8p94_S,0_7797_0,5yu8,0_7797_10,5yu8_B,5yu8_A,2.664223507470114,7.601426857485073,360,360,False
8p94,8p94_R,8p94_S,0_7797_0,5yu8,0_7797_12,5yu8_C,5yu8_A,2.6642481143054892,49.29239431559662,360,360,False
8pvx,8pvx_A,8pvx_B,0_7797_0,3j8a,0_7797_1,3j8a_A,3j8a_B,1.124727963615165,52.98934857832487,366,366,False
8pvx,8pvx_A,8pvx_B,0_7797_0,3j8a,0_7797_0,3j8a_D,3j8a_A,1.124727963615165,1.390455226474673,366,366,True
8pvx,8pvx_A,8pvx_B,0_7797_0,5yu8,0_7797_10,5yu8_B,5yu8_A,2.6931437494240287,8.273772141573962,360,360,True
8pvx,8pvx_A,8pvx_B,0_7797_0,5yu8,0_7797_12,5yu8_C,5yu8_A,2.6931437494240287,55.230788462714195,360,360,True
8pvx,8pvx_C,8pvx_A,0_7797_1,3j8a,0_7797_1,3j8a_A,3j8a_B,1.1187776604078363,1.1858373907039197,366,366,True
8pvx,8pvx_C,8pvx_A,0_7797_1,3j8a,0_7797_0,3j8a_D,3j8a_A,1.1396153893247882,53.260630114934706,366,366,False
8pvx,8pvx_C,8pvx_A,0_7797_1,5yu8,0_7797_10,5yu8_B,5yu8_A,2.707326658864464,57.91456765072708,360,360,False
8pvx,8pvx_C,8pvx_A,0_7797_1,5yu8,0_7797_12,5yu8_C,5yu8_A,2.7073509396303144,8.134296165710174,360,360,False
8pvx,8pvx_C,8pvx_B,0_7797_0,3j8a,0_7797_1,3j8a_A,3j8a_B,1.1187776604078363,53.161930757141626,366,366,True
8pvx,8pvx_C,8pvx_B,0_7797_0,3j8a,0_7797_0,3j8a_D,3j8a_A,1.1396153893247882,1.281226813812528,366,366,False
8pvx,8pvx_C,8pvx_B,0_7797_0,5yu8,0_7797_10,5yu8_B,5yu8_A,2.707326658864464,7.976498073624807,360,360,False
8pvx,8pvx_C,8pvx_B,0_7797_0,5yu8,0_7797_12,5yu8_C,5yu8_A,2.7073509396303144,49.03092004606071,360,360,False
8pvx,8pvx_D,8pvx_B,0_7797_1,3j8a,0_7797_1,3j8a_A,3j8a_B,1.117004406010714,1.3663758274537823,366,366,True
8pvx,8pvx_D,8pvx_B,0_7797_1,3j8a,0_7797_0,3j8a_D,3j8a_A,1.1399784164825115,53.39811746113141,366,366,False
8pvx,8pvx_D,8pvx_B,0_7797_1,5yu8,0_7797_10,5yu8_B,5yu8_A,2.7287944053162954,58.07494095338377,360,360,False
8pvx,8pvx_D,8pvx_B,0_7797_1,5yu8,0_7797_12,5yu8_C,5yu8_A,2.7288189938597105,8.250997237971001,360,360,False
8pvx,8pvx_C,8pvx_D,0_7797_0,3j8a,0_7797_1,3j8a_A,3j8a_B,1.13884178955216,53.08904488499434,366,366,False
8pvx,8pvx_C,8pvx_D,0_7797_0,3j8a,0_7797_0,3j8a_D,3j8a_A,1.13884178955216,1.3266738012801371,366,366,True
8pvx,8pvx_C,8pvx_D,0_7797_0,5yu8,0_7797_10,5yu8_B,5yu8_A,2.7073443230520056,8.066163016866543,360,360,True
8pvx,8pvx_C,8pvx_D,0_7797_0,5yu8,0_7797_12,5yu8_C,5yu8_A,2.7073443230520056,55.336138766029556,360,360,True
8pvx,8pvx_C,8pvx_E,0_7797_1,3j8a,0_7797_1,3j8a_A,3j8a_B,1.13884178955216,1.2960651736392261,366,366,False
8pvx,8pvx_C,8pvx_E,0_7797_1,3j8a,0_7797_0,3j8a_D,3j8a_A,1.13884178955216,53.621736743560724,366,366,True
8pvx,8pvx_C,8pvx_E,0_7797_1,5yu8,0_7797_10,5yu8_B,5yu8_A,2.7073443230520056,52.16432840794508,360,360,True
8pvx,8pvx_C,8pvx_E,0_7797_1,5yu8,0_7797_12,5yu8_C,5yu8_A,2.7073443230520056,6.217386159703198,360,360,True
8pvx,8pvx_E,8pvx_D,0_7797_0,3j8a,0_7797_1,3j8a_A,3j8a_B,1.1533658231076387,53.339691480023525,366,366,True
8pvx,8pvx_E,8pvx_D,0_7797_0,3j8a,0_7797_0,3j8a_D,3j8a_A,1.174452241564992,1.2936817322442398,366,366,False
8pvx,8pvx_E,8pvx_D,0_7797_0,5yu8,0_7797_10,5yu8_B,5yu8_A,2.7176665832215305,7.786095526421984,360,360,False
8pvx,8pvx_E,8pvx_D,0_7797_0,5yu8,0_7797_12,5yu8_C,5yu8_A,2.717689794974833,49.192917870994584,360,360,False
8r3h,8r3h_F,8r3h_H,0_7797_0,3j8a,0_7797_1,3j8a_A,3j8a_B,1.0568062739422168,52.95803273346488,366,366,True
8r3h,8r3h_F,8r3h_H,0_7797_0,3j8a,0_7797_0,3j8a_D,3j8a_A,1.0792730134173063,1.363760459888428,366,366,False
8r3h,8r3h_F,8r3h_H,0_7797_0,5yu8,0_7797_10,5yu8_B,5yu8_A,2.6321130024436434,7.934679634879396,357,357,False
8r3h,8r3h_F,8r3h_H,0_7797_0,5yu8,0_7797_12,5yu8_C,5yu8_A,2.6321367205652724,49.00038471154076,357,357,False
8r3h,8r3h_F,8r3h_I,0_7797_0,3j8a,0_7797_1,3j8a_A,3j8a_B,1.0756893648873662,52.82812795387653,366,366,False
8r3h,8r3h_F,8r3h_I,0_7797_0,3j8a,0_7797_0,3j8a_D,3j8a_A,1.0756893648873662,1.438281559883249,366,366,True
8r3h,8r3h_F,8r3h_I,0_7797_0,5yu8,0_7797_10,5yu8_B,5yu8_A,2.6321284406561913,8.454020208975438,357,357,True
8r3h,8r3h_F,8r3h_I,0_7797_0,5yu8,0_7797_12,5yu8_C,5yu8_A,2.6321284406561913,54.97334986032212,357,357,True
8r3h,8r3h_F,8r3h_J,0_7797_1,3j8a,0_7797_1,3j8a_A,3j8a_B,1.0568062739422168,1.3232643680106169,366,366,True
8r3h,8r3h_F,8r3h_J,0_7797_1,3j8a,0_7797_0,3j8a_D,3j8a_A,1.0792730134173063,53.81581371458417,366,366,False
8r3h,8r3h_F,8r3h_J,0_7797_1,5yu8,0_7797_10,5yu8_B,5yu8_A,2.6321130024436434,58.24213461127776,357,357,False
8r3h,8r3h_F,8r3h_J,0_7797_1,5yu8,0_7797_12,5yu8_C,5yu8_A,2.6321367205652724,8.280605039479065,357,357,False
8r3h,8r3h_G,8r3h_H,0_7797_1,3j8a,0_7797_1,3j8a_A,3j8a_B,1.0841508254917986,1.3521583090529832,366,366,False
8r3h,8r3h_G,8r3h_H,0_7797_1,3j8a,0_7797_0,3j8a_D,3j8a_A,1.0841508254917986,53.90981433965619,366,366,True
8r3h,8r3h_G,8r3h_H,0_7797_1,5yu8,0_7797_10,5yu8_B,5yu8_A,2.6261413501493878,52.60331373492666,357,357,True
8r3h,8r3h_G,8r3h_H,0_7797_1,5yu8,0_7797_12,5yu8_C,5yu8_A,2.6261413501493878,6.4166063696192435,357,357,True
8r3h,8r3h_G,8r3h_J,0_7797_0,3j8a,0_7797_1,3j8a_A,3j8a_B,1.0841508254917986,52.82268140108903,366,366,False
8r3h,8r3h_G,8r3h_J,0_7797_0,3j8a,0_7797_0,3j8a_D,3j8a_A,1.0841508254917986,1.427559169169487,366,366,True
8r3h,8r3h_G,8r3h_J,0_7797_0,5yu8,0_7797_10,5yu8_B,5yu8_A,2.6261413501493878,8.469578691015329,357,357,True
8r3h,8r3h_G,8r3h_J,0_7797_0,5yu8,0_7797_12,5yu8_C,5yu8_A,2.6261413501493878,54.96239356703442,357,357,True
8r3h,8r3h_H,8r3h_I,0_7797_1,3j8a,0_7797_1,3j8a_A,3j8a_B,1.0778845878616747,1.3597516863843555,366,366,False
8r3h,8r3h_H,8r3h_I,0_7797_1,3j8a,0_7797_0,3j8a_D,3j8a_A,1.0778845878616747,53.914203557772076,366,366,True
8r3h,8r3h_H,8r3h_I,0_7797_1,5yu8,0_7797_10,5yu8_B,5yu8_A,2.630359921627753,52.64710296895293,357,357,True
8r3h,8r3h_H,8r3h_I,0_7797_1,5yu8,0_7797_12,5yu8_C,5yu8_A,2.630359921627753,6.39871156875967,357,357,True
8r3h,8r3h_H,8r3h_J,0_7797_0,3j8a,0_7797_1,3j8a_A,3j8a_B,1.0583150321491106,52.96821922431464,366,366,True
8r3h,8r3h_H,8r3h_J,0_7797_0,3j8a,0_7797_0,3j8a_D,3j8a_A,1.0814216330253543,1.3492472862018452,366,366,False
8r3h,8r3h_H,8r3h_J,0_7797_0,5yu8,0_7797_10,5yu8_B,5yu8_A,2.6303430858252965,7.896733652578612,357,357,False
8r3h,8r3h_H,8r3h_J,0_7797_0,5yu8,0_7797_12,5yu8_C,5yu8_A,2.6303691039673596,49.04199689848417,357,357,False
8thx,8thx_A,8thx_B,0_7797_0,3j8a,0_7797_1,3j8a_A,3j8a_B,1.1506121454752496,53.044503637405384,366,366,True
8thx,8thx_A,8thx_B,0_7797_0,3j8a,0_7797_0,3j8a_D,3j8a_A,1.1740492000968121,1.6617463086326283,366,366,False
8thx,8thx_A,8thx_B,0_7797_0,5yu8,0_7797_10,5yu8_B,5yu8_A,2.5437906099120657,8.043036648918692,360,360,False
8thx,8thx_A,8thx_B,0_7797_0,5yu8,0_7797_12,5yu8_C,5yu8_A,2.5438187918669812,49.13687298274127,360,360,False
8thx,8thx_A,8thx_C,0_7797_1,3j8a,0_7797_1,3j8a_A,3j8a_B,1.1506121454752496,1.4078195361000214,366,366,True
8thx,8thx_A,8thx_C,0_7797_1,3j8a,0_7797_0,3j8a_D,3j8a_A,1.1740492000968121,53.38759696740513,366,366,False
8thx,8thx_A,8thx_C,0_7797_1,5yu8,0_7797_10,5yu8_B,5yu8_A,2.5437906099120657,57.903638406050455,360,360,False
8thx,8thx_A,8thx_C,0_7797_1,5yu8,0_7797_12,5yu8_C,5yu8_A,2.5438187918669812,8.415108263740246,360,360,False
8thx,8thx_B,8thx_C,0_7797_0,3j8a,0_7797_1,3j8a_A,3j8a_B,1.1506044862451565,53.08628460383946,366,366,True
8thx,8thx_B,8thx_C,0_7797_0,3j8a,0_7797_0,3j8a_D,3j8a_A,1.1740480792933041,1.6058734274755653,366,366,False
8thx,8thx_B,8thx_C,0_7797_0,5yu8,0_7797_10,5yu8_B,5yu8_A,2.543824432163158,7.967045620771035,360,360,False
8thx,8thx_B,8thx_C,0_7797_0,5yu8,0_7797_12,5yu8_C,5yu8_A,2.543852611403974,49.18126462781059,360,360,False
8thx,8thx_B,8thx_D,0_7797_1,3j8a,0_7797_1,3j8a_A,3j8a_B,1.1506044862451565,1.4426996706543813,366,366,True
8thx,8thx_B,8thx_D,0_7797_1,3j8a,0_7797_0,3j8a_D,3j8a_A,1.1740480792933041,53.329140006685535,366,366,False
8thx,8thx_B,8thx_D,0_7797_1,5yu8,0_7797_10,5yu8_B,5yu8_A,2.543824432163158,57.849490269245614,360,360,False
8thx,8thx_B,8thx_D,0_7797_1,5yu8,0_7797_12,5yu8_C,5yu8_A,2.543852611403974,8.339389091012446,360,360,False
8thx,8thx_C,8thx_D,0_7797_0,3j8a,0_7797_1,3j8a_A,3j8a_B,1.1506194795634905,53.05078894534702,366,366,True
8thx,8thx_C,8thx_D,0_7797_0,3j8a,0_7797_0,3j8a_D,3j8a_A,1.1740546112717654,1.5546622260547214,366,366,False
8thx,8thx_C,8thx_D,0_7797_0,5yu8,0_7797_10,5yu8_B,5yu8_A,2.543779538736894,7.953799953316157,360,360,False
8thx,8thx_C,8thx_D,0_7797_0,5yu8,0_7797_12,5yu8_C,5yu8_A,2.5438077136244055,49.14696096726874,360,360,False
8thx,8thx_C,8thx_E,0_7797_1,3j8a,0_7797_1,3j8a_A,3j8a_B,1.1506194795634905,1.3366367427495531,366,366,True
8thx,8thx_C,8thx_E,0_7797_1,3j8a,0_7797_0,3j8a_D,3j8a_A,1.1740546112717654,53.357705433886736,366,366,False
8thx,8thx_C,8thx_E,0_7797_1,5yu8,0_7797_10,5yu8_B,5yu8_A,2.543779538736894,57.873328338589175,360,360,False
8thx,8thx_C,8thx_E,0_7797_1,5yu8,0_7797_12,5yu8_C,5yu8_A,2.5438077136244055,8.350072859547648,360,360,False
8thx,8thx_D,8thx_E,0_7797_0,3j8a,0_7797_1,3j8a_A,3j8a_B,1.150676863590429,53.063442821901724,366,366,True
8thx,8thx_D,8thx_E,0_7797_0,3j8a,0_7797_0,3j8a_D,3j8a_A,1.1741151481181027,1.5983825917779007,366,366,False
8thx,8thx_D,8thx_E,0_7797_0,5yu8,0_7797_10,5yu8_B,5yu8_A,2.5438493357459446,7.956178309544176,360,360,False
8thx,8thx_D,8thx_E,0_7797_0,5yu8,0_7797_12,5yu8_C,5yu8_A,2.543877524241038,49.16079303951945,360,360,False
8thy,8thy_A,8thy_B,0_7797_0,3j8a,0_7797_1,3j8a_A,3j8a_B,1.1578994002854175,52.984154555651976,366,366,True
8thy,8thy_A,8thy_B,0_7797_0,3j8a,0_7797_0,3j8a_D,3j8a_A,1.1730879589567371,1.6666229111347164,366,366,False
8thy,8thy_A,8thy_B,0_7797_0,5yu8,0_7797_10,5yu8_B,5yu8_A,2.5532475894040383,8.182281126294132,360,360,False
8thy,8thy_A,8thy_B,0_7797_0,5yu8,0_7797_12,5yu8_C,5yu8_A,2.5532758291774673,49.0191131748001,360,360,False
8thy,8thy_A,8thy_C,0_7797_1,3j8a,0_7797_1,3j8a_A,3j8a_B,1.1578994002854175,1.4771166873912656,366,366,True
8thy,8thy_A,8thy_C,0_7797_1,3j8a,0_7797_0,3j8a_D,3j8a_A,1.1730879589567371,53.568128946014035,366,366,False
8thy,8thy_A,8thy_C,0_7797_1,5yu8,0_7797_10,5yu8_B,5yu8_A,2.5532475894040383,58.13330225858508,360,360,False
8thy,8thy_A,8thy_C,0_7797_1,5yu8,0_7797_12,5yu8_C,5yu8_A,2.5532758291774673,8.642315618883138,360,360,False
8thy,8thy_B,8thy_C,0_7797_0,3j8a,0_7797_1,3j8a_A,3j8a_B,1.157910473180012,53.07801429595825,366,366,True
8thy,8thy_B,8thy_C,0_7797_0,3j8a,0_7797_0,3j8a_D,3j8a_A,1.1730907940475932,1.5698396944778055,366,366,False
8thy,8thy_B,8thy_C,0_7797_0,5yu8,0_7797_10,5yu8_B,5yu8_A,2.5532311899406284,8.034169472358824,360,360,False
8thy,8thy_B,8thy_C,0_7797_0,5yu8,0_7797_12,5yu8_C,5yu8_A,2.553259426379719,49.10803957636147,360,360,False
8thy,8thy_B,8thy_D,0_7797_1,3j8a,0_7797_1,3j8a_A,3j8a_B,1.157910473180012,1.3810358045113422,366,366,True
8thy,8thy_B,8thy_D,0_7797_1,3j8a,0_7797_0,3j8a_D,3j8a_A,1.1730907940475932,53.47274448549807,366,366,False
8thy,8thy_B,8thy_D,0_7797_1,5yu8,0_7797_10,5yu8_B,5yu8_A,2.5532311899406284,58.02959159576944,360,360,False
8thy,8thy_B,8thy_D,0_7797_1,5yu8,0_7797_12,5yu8_C,5yu8_A,2.553259426379719,8.46827181887382,360,360,False
8thy,8thy_C,8thy_D,0_7797_0,3j8a,0_7797_1,3j8a_A,3j8a_B,1.157874905134704,53.05913458770107,366,366,True
8thy,8thy_C,8thy_D,0_7797_0,3j8a,0_7797_0,3j8a_D,3j8a_A,1.1730597849794662,1.5733912807116548,366,366,False
8thy,8thy_C,8thy_D,0_7797_0,5yu8,0_7797_10,5yu8_B,5yu8_A,2.553198010481858,8.053954077626873,360,360,False
8thy,8thy_C,8thy_D,0_7797_0,5yu8,0_7797_12,5yu8_C,5yu8_A,2.5532262475245386,49.09038415824988,360,360,False
8thy,8thy_C,8thy_E,0_7797_1,3j8a,0_7797_1,3j8a_A,3j8a_B,1.157874905134704,1.3755268599482255,366,366,True
8thy,8thy_C,8thy_E,0_7797_1,3j8a,0_7797_0,3j8a_D,3j8a_A,1.1730597849794662,53.472486363083355,366,366,False
8thy,8thy_C,8thy_E,0_7797_1,5yu8,0_7797_10,5yu8_B,5yu8_A,2.553198010481858,58.02947238795962,360,360,False
8thy,8thy_C,8thy_E,0_7797_1,5yu8,0_7797_12,5yu8_C,5yu8_A,2.5532262475245386,8.469532488296887,360,360,False
8thy,8thy_D,8thy_E,0_7797_0,3j8a,0_7797_1,3j8a_A,3j8a_B,1.157844673769804,53.0551639418856,366,366,True
8thy,8thy_D,8thy_E,0_7797_0,3j8a,0_7797_0,3j8a_D,3j8a_A,1.1730300365960449,1.5903140556525552,366,366,False
8thy,8thy_D,8thy_E,0_7797_0,5yu8,0_7797_10,5yu8_B,5yu8_A,2.553197490952584,8.067957463732709,360,360,False
8thy,8thy_D,8thy_E,0_7797_0,5yu8,0_7797_12,5yu8_C,5yu8_A,2.5532257321899205,49.08912230589314,360,360,False
8uee,8uee_F,8uee_H,0_7797_0,3j8a,0_7797_1,3j8a_A,3j8a_B,1.0112997504090475,53.226481902229445,366,366,True
8uee,8uee_F,8uee_H,0_7797_0,3j8a,0_7797_0,3j8a_D,3j8a_A,1.0326838295335528,1.2092431296427109,366,366,False
8uee,8uee_F,8uee_H,0_7797_0,5yu8,0_7797_10,5yu8_B,5yu8_A,2.6483984371766227,7.845636249985174,360,360,False
8uee,8uee_F,8uee_H,0_7797_0,5yu8,0_7797_12,5yu8_C,5yu8_A,2.6484253990357773,49.182165049187084,360,360,False
8uee,8uee_F,8uee_J,0_7797_1,3j8a,0_7797_1,3j8a_A,3j8a_B,1.0112997504090475,1.7099476299790761,366,366,True
8uee,8uee_F,8uee_J,0_7797_1,3j8a,0_7797_0,3j8a_D,3j8a_A,1.0326838295335528,54.067144031047484,366,366,False
8uee,8uee_F,8uee_J,0_7797_1,5yu8,0_7797_10,5yu8_B,5yu8_A,2.6483984371766227,58.67750345681211,360,360,False
8uee,8uee_F,8uee_J,0_7797_1,5yu8,0_7797_12,5yu8_C,5yu8_A,2.6484253990357773,8.287347455689781,360,360,False
8uee,8uee_H,8uee_I,0_7797_1,3j8a,0_7797_1,3j8a_A,3j8a_B,1.0130241495821264,1.649908418465623,366,366,True
8uee,8uee_H,8uee_I,0_7797_1,3j8a,0_7797_0,3j8a_D,3j8a_A,1.0337665604177677,53.99588595519353,366,366,False
8uee,8uee_H,8uee_I,0_7797_1,5yu8,0_7797_10,5yu8_B,5yu8_A,2.6277549215062166,58.5492868856793,360,360,False
8uee,8uee_H,8uee_I,0_7797_1,5yu8,0_7797_12,5yu8_C,5yu8_A,2.627781485603455,8.108718348089273,360,360,False
8uee,8uee_H,8uee_J,0_7797_0,3j8a,0_7797_1,3j8a_A,3j8a_B,1.0130241495821264,53.136376204531494,366,366,True
8uee,8uee_H,8uee_J,0_7797_0,3j8a,0_7797_0,3j8a_D,3j8a_A,1.0337665604177677,1.344507002963844,366,366,False
8uee,8uee_H,8uee_J,0_7797_0,5yu8,0_7797_10,5yu8_B,5yu8_A,2.6277549215062166,7.825224907843169,360,360,False
8uee,8uee_H,8uee_J,0_7797_0,5yu8,0_7797_12,5yu8_C,5yu8_A,2.627781485603455,49.14332640779319,360,360,False
8uee,8uee_I,8uee_J,0_7797_0,3j8a,0_7797_1,3j8a_A,3j8a_B,1.1178260238969655,52.889283248320744,366,366,False
8uee,8uee_I,8uee_J,0_7797_0,3j8a,0_7797_0,3j8a_D,3j8a_A,1.1178260238969655,1.4873703703183039,366,366,True
8uee,8uee_I,8uee_J,0_7797_0,5yu8,0_7797_10,5yu8_B,5yu8_A,2.6910834242788657,8.581605536558605,360,360,True
8uee,8uee_I,8uee_J,0_7797_0,5yu8,0_7797_12,5yu8_C,5yu8_A,2.6910834242788657,55.238562077974336,360,360,True
8uee,8uee_I,8uee_K,0_7797_0,3j8a,0_7797_1,3j8a_A,3j8a_B,1.0913295509599716,53.387767934130856,366,366,True
8uee,8uee_I,8uee_K,0_7797_0,3j8a,0_7797_0,3j8a_D,3j8a_A,1.1170256251668886,1.2325246523972953,366,366,False
8uee,8uee_I,8uee_K,0_7797_0,5yu8,0_7797_10,5yu8_B,5yu8_A,2.6910631868135297,7.758278132905726,360,360,False
8uee,8uee_I,8uee_K,0_7797_0,5yu8,0_7797_12,5yu8_C,5yu8_A,2.691091009310991,49.234294002663844,360,360,False
8uee,8uee_I,8uee_M,0_7797_1,3j8a,0_7797_1,3j8a_A,3j8a_B,1.0913295509599716,1.6595293669408888,366,366,True
8uee,8uee_I,8uee_M,0_7797_1,3j8a,0_7797_0,3j8a_D,3j8a_A,1.1170256251668886,54.089117840397556,366,366,False
8uee,8uee_I,8uee_M,0_7797_1,5yu8,0_7797_10,5yu8_B,5yu8_A,2.6910631868135297,58.779537288116444,360,360,False
8uee,8uee_I,8uee_M,0_7797_1,5yu8,0_7797_12,5yu8_C,5yu8_A,2.691091009310991,8.493990020918552,360,360,False
8uee,8uee_J,8uee_K,0_7797_1,3j8a,0_7797_1,3j8a_A,3j8a_B,1.05934358565203,1.4306130323100408,366,366,True
8uee,8uee_J,8uee_K,0_7797_1,3j8a,0_7797_0,3j8a_D,3j8a_A,1.080309667925535,53.893152455503355,366,366,False
8uee,8uee_J,8uee_K,0_7797_1,5yu8,0_7797_10,5yu8_B,5yu8_A,2.639112893693197,58.527483167531074,360,360,False
8uee,8uee_J,8uee_K,0_7797_1,5yu8,0_7797_12,5yu8_C,5yu8_A,2.639141101277356,8.218039793282252,360,360,False
8uee,8uee_K,8uee_L,0_7797_1,3j8a,0_7797_1,3j8a_A,3j8a_B,1.030129323249076,1.6741607634518467,366,366,True
8uee,8uee_K,8uee_L,0_7797_1,3j8a,0_7797_0,3j8a_D,3j8a_A,1.0545416457741024,53.80850974609506,366,366,False
8uee,8uee_K,8uee_L,0_7797_1,5yu8,0_7797_10,5yu8_B,5yu8_A,2.654165517733983,58.39779336027428,360,360,False
8uee,8uee_K,8uee_L,0_7797_1,5yu8,0_7797_12,5yu8_C,5yu8_A,2.654191873120674,7.888115543619893,360,360,False
8uee,8uee_K,8uee_M,0_7797_0,3j8a,0_7797_1,3j8a_A,3j8a_B,1.030129323249076,53.482019953931626,366,366,True
8uee,8uee_K,8uee_M,0_7797_0,3j8a,0_7797_0,3j8a_D,3j8a_A,1.0545416457741024,1.395225109458344,366,366,False
8uee,8uee_K,8uee_M,0_7797_0,5yu8,0_7797_10,5yu8_B,5yu8_A,2.654165517733983,7.564732242223325,360,360,False
8uee,8uee_K,8uee_M,0_7797_0,5yu8,0_7797_12,5yu8_C,5yu8_A,2.654191873120674,49.38754492582824,360,360,False
8uee,8uee_L,8uee_M,0_7797_0,3j8a,0_7797_1,3j8a_A,3j8a_B,1.0802838668124295,53.07730595458616,366,366,False
8uee,8uee_L,8uee_M,0_7797_0,3j8a,0_7797_0,3j8a_D,3j8a_A,1.0802838668124295,1.4194811359157535,366,366,True
8uee,8uee_L,8uee_M,0_7797_0,5yu8,0_7797_10,5yu8_B,5yu8_A,2.7010931370126037,8.581972632304554,360,360,True
8uee,8uee_L,8uee_M,0_7797_0,5yu8,0_7797_12,5yu8_C,5yu8_A,2.7010931370126037,55.37781451341248,360,360,True
8uxw,8uxw_H,8uxw_I,0_7797_0,3j8a,0_7797_1,3j8a_A,3j8a_B,1.1741882311851553,53.01204708120924,366,366,True
8uxw,8uxw_H,8uxw_I,0_7797_0,3j8a,0_7797_0,3j8a_D,3j8a_A,1.1831006961178576,1.5335305115006865,366,366,False
8uxw,8uxw_H,8uxw_I,0_7797_0,5yu8,0_7797_10,5yu8_B,5yu8_A,2.6108074383186435,8.030452902181498,360,360,False
8uxw,8uxw_H,8uxw_I,0_7797_0,5yu8,0_7797_12,5yu8_C,5yu8_A,2.610831192326361,49.082592906053804,360,360,False
8uxw,8uxw_M,8uxw_N,0_7797_0,3j8a,0_7797_1,3j8a_A,3j8a_B,1.1467149311894145,53.031917783430295,366,366,True
8uxw,8uxw_M,8uxw_N,0_7797_0,3j8a,0_7797_0,3j8a_D,3j8a_A,1.1652187104616196,1.4599253488692812,366,366,False
8uxw,8uxw_M,8uxw_N,0_7797_0,5yu8,0_7797_10,5yu8_B,5yu8_A,2.641779041457694,7.908390771387056,360,360,False
8uxw,8uxw_M,8uxw_N,0_7797_0,5yu8,0_7797_12,5yu8_C,5yu8_A,2.6418051389446906,49.08823897610608,360,360,False
8uxw,8uxw_M,8uxw_O,0_7797_1,3j8a,0_7797_1,3j8a_A,3j8a_B,1.1467149311894145,1.3096051310380379,366,366,True
8uxw,8uxw_M,8uxw_O,0_7797_1,3j8a,0_7797_0,3j8a_D,3j8a_A,1.1652187104616196,53.31273258020995,366,366,False
8uxw,8uxw_M,8uxw_O,0_7797_1,5yu8,0_7797_10,5yu8_B,5yu8_A,2.641779041457694,57.882435944274434,360,360,False
8uxw,8uxw_M,8uxw_O,0_7797_1,5yu8,0_7797_12,5yu8_C,5yu8_A,2.6418051389446906,8.311244392855418,360,360,False
8uxw,8uxw_N,8uxw_O,0_7797_0,3j8a,0_7797_1,3j8a_A,3j8a_B,1.1778282145893104,52.95067214896129,366,366,True
8uxw,8uxw_N,8uxw_O,0_7797_0,3j8a,0_7797_0,3j8a_D,3j8a_A,1.195209640995021,1.4523031917804459,366,366,False
8uxw,8uxw_N,8uxw_O,0_7797_0,5yu8,0_7797_10,5yu8_B,5yu8_A,2.649758059438406,7.862762883119649,360,360,False
8uxw,8uxw_N,8uxw_O,0_7797_0,5yu8,0_7797_12,5yu8_C,5yu8_A,2.6497856804129043,49.0265910250628,360,360,False
8uxw,8uxw_N,8uxw_P,0_7797_1,3j8a,0_7797_1,3j8a_A,3j8a_B,1.1778282145893104,1.357747731239906,366,366,True
8uxw,8uxw_N,8uxw_P,0_7797_1,3j8a,0_7797_0,3j8a_D,3j8a_A,1.195209640995021,53.36619100522908,366,366,False
8uxw,8uxw_N,8uxw_P,0_7797_1,5yu8,0_7797_10,5yu8_B,5yu8_A,2.649758059438406,57.89085651248628,360,360,False
8uxw,8uxw_N,8uxw_P,0_7797_1,5yu8,0_7797_12,5yu8_C,5yu8_A,2.6497856804129043,8.506700190907955,360,360,False
8uxw,8uxw_O,8uxw_P,0_7797_0,3j8a,0_7797_1,3j8a_A,3j8a_B,1.22816955388333,53.23193843796756,366,366,True
8uxw,8uxw_O,8uxw_P,0_7797_0,3j8a,0_7797_0,3j8a_D,3j8a_A,1.2407643828910975,1.629535712483987,366,366,False
8uxw,8uxw_O,8uxw_P,0_7797_0,5yu8,0_7797_10,5yu8_B,5yu8_A,2.6455775858656962,7.766228673567117,360,360,False
8uxw,8uxw_O,8uxw_P,0_7797_0,5yu8,0_7797_12,5yu8_C,5yu8_A,2.64560250031536,49.290629779989764,360,360,False
8uxw,8uxw_O,8uxw_Q,0_7797_1,3j8a,0_7797_1,3j8a_A,3j8a_B,1.22816955388333,1.7074284496447243,366,366,True
8uxw,8uxw_O,8uxw_Q,0_7797_1,3j8a,0_7797_0,3j8a_D,3j8a_A,1.2407643828910975,53.13760009482216,366,366,False
8uxw,8uxw_O,8uxw_Q,0_7797_1,5yu8,0_7797_10,5yu8_B,5yu8_A,2.6455775858656962,57.64171289238073,360,360,False
8uxw,8uxw_O,8uxw_Q,0_7797_1,5yu8,0_7797_12,5yu8_C,5yu8_A,2.64560250031536,7.801230130603305,360,360,False
8uxw,8uxw_P,8uxw_Q,0_7797_0,3j8a,0_7797_1,3j8a_A,3j8a_B,1.2069800722296602,52.7625304311614,366,366,True
8uxw,8uxw_P,8uxw_Q,0_7797_0,3j8a,0_7797_0,3j8a_D,3j8a_A,1.22007336246207,1.439512083886236,366,366,False
8uxw,8uxw_P,8uxw_Q,0_7797_0,5yu8,0_7797_10,5yu8_B,5yu8_A,2.689692466925544,7.982358036430294,360,360,False
8uxw,8uxw_P,8uxw_Q,0_7797_0,5yu8,0_7797_12,5yu8_C,5yu8_A,2.689718598251794,48.84473850844773,360,360,False
8uxw,8uxw_P,8uxw_R,0_7797_1,3j8a,0_7797_1,3j8a_A,3j8a_B,1.2069800722296602,1.4773082901706531,366,366,True
8uxw,8uxw_P,8uxw_R,0_7797_1,3j8a,0_7797_0,3j8a_D,3j8a_A,1.22007336246207,53.55396079831537,366,366,False
8uxw,8uxw_P,8uxw_R,0_7797_1,5yu8,0_7797_10,5yu8_B,5yu8_A,2.689692466925544,58.041777427382975,360,360,False
8uxw,8uxw_P,8uxw_R,0_7797_1,5yu8,0_7797_12,5yu8_C,5yu8_A,2.689718598251794,8.682001811660246,360,360,False
8uxw,8uxw_Q,8uxw_R,0_7797_0,3j8a,0_7797_1,3j8a_A,3j8a_B,1.1944466431402363,53.20135278539391,366,366,True
8uxw,8uxw_Q,8uxw_R,0_7797_0,3j8a,0_7797_0,3j8a_D,3j8a_A,1.2134866856339732,1.380850242481853,366,366,False
8uxw,8uxw_Q,8uxw_R,0_7797_0,5yu8,0_7797_10,5yu8_B,5yu8_A,2.6674368029694517,7.5601972664085295,360,360,False
8uxw,8uxw_Q,8uxw_R,0_7797_0,5yu8,0_7797_12,5yu8_C,5yu8_A,2.667460370592597,49.30162984571369,360,360,False
8uxx,8uxx_H,8uxx_I,0_7797_0,3j8a,0_7797_1,3j8a_A,3j8a_B,1.140514044571437,53.01154329299927,366,366,True
8uxx,8uxx_H,8uxx_I,0_7797_0,3j8a,0_7797_0,3j8a_D,3j8a_A,1.1554880041539217,1.4935647304823605,366,366,False
8uxx,8uxx_H,8uxx_I,0_7797_0,5yu8,0_7797_10,5yu8_B,5yu8_A,2.605393101033153,8.048305415113528,360,360,False
8uxx,8uxx_H,8uxx_I,0_7797_0,5yu8,0_7797_12,5yu8_C,5yu8_A,2.6054164059264897,49.04811173182278,360,360,False
8uxx,8uxx_M,8uxx_N,0_7797_0,3j8a,0_7797_1,3j8a_A,3j8a_B,1.1352082342734164,53.01737242397876,366,366,True
8uxx,8uxx_M,8uxx_N,0_7797_0,3j8a,0_7797_0,3j8a_D,3j8a_A,1.1519810239489194,1.411672491910868,366,366,False
8uxx,8uxx_M,8uxx_N,0_7797_0,5yu8,0_7797_10,5yu8_B,5yu8_A,2.6556381623926484,7.940601239209282,360,360,False
8uxx,8uxx_M,8uxx_N,0_7797_0,5yu8,0_7797_12,5yu8_C,5yu8_A,2.6556662382766114,49.06737111407223,360,360,False
8uxx,8uxx_M,8uxx_O,0_7797_1,3j8a,0_7797_1,3j8a_A,3j8a_B,1.1352082342734164,1.279652444258647,366,366,True
8uxx,8uxx_M,8uxx_O,0_7797_1,3j8a,0_7797_0,3j8a_D,3j8a_A,1.1519810239489194,53.335294427751876,366,366,False
8uxx,8uxx_M,8uxx_O,0_7797_1,5yu8,0_7797_10,5yu8_B,5yu8_A,2.6556381623926484,57.91526044699527,360,360,False
8uxx,8uxx_M,8uxx_O,0_7797_1,5yu8,0_7797_12,5yu8_C,5yu8_A,2.6556662382766114,8.334202099770053,360,360,False
8uxx,8uxx_N,8uxx_O,0_7797_0,3j8a,0_7797_1,3j8a_A,3j8a_B,1.159115347961191,52.898206178831664,366,366,True
8uxx,8uxx_N,8uxx_O,0_7797_0,3j8a,0_7797_0,3j8a_D,3j8a_A,1.1753759157021644,1.4922146142998134,366,366,False
8uxx,8uxx_N,8uxx_O,0_7797_0,5yu8,0_7797_10,5yu8_B,5yu8_A,2.6422985787667197,7.935068420440538,360,360,False
8uxx,8uxx_N,8uxx_O,0_7797_0,5yu8,0_7797_12,5yu8_C,5yu8_A,2.6423266787578505,48.98548761734579,360,360,False
8uxx,8uxx_N,8uxx_P,0_7797_1,3j8a,0_7797_1,3j8a_A,3j8a_B,1.159115347961191,1.3382273776799007,366,366,True
8uxx,8uxx_N,8uxx_P,0_7797_1,3j8a,0_7797_0,3j8a_D,3j8a_A,1.1753759157021644,53.479289607122524,366,366,False
8uxx,8uxx_N,8uxx_P,0_7797_1,5yu8,0_7797_10,5yu8_B,5yu8_A,2.6422985787667197,58.018983015851084,360,360,False
8uxx,8uxx_N,8uxx_P,0_7797_1,5yu8,0_7797_12,5yu8_C,5yu8_A,2.6423266787578505,8.515754175365608,360,360,False
8uxx,8uxx_O,8uxx_P,0_7797_0,3j8a,0_7797_1,3j8a_A,3j8a_B,1.2100242152273581,53.113301777347615,366,366,True
8uxx,8uxx_O,8uxx_P,0_7797_0,3j8a,0_7797_0,3j8a_D,3j8a_A,1.222707066937789,1.5671824849081615,366,366,False
8uxx,8uxx_O,8uxx_P,0_7797_0,5yu8,0_7797_10,5yu8_B,5yu8_A,2.6031984313555956,7.859866929695867,360,360,False
8uxx,8uxx_O,8uxx_P,0_7797_0,5yu8,0_7797_12,5yu8_C,5yu8_A,2.603223937138728,49.18733654265413,360,360,False
8uxx,8uxx_O,8uxx_Q,0_7797_1,3j8a,0_7797_1,3j8a_A,3j8a_B,1.2100242152273581,1.5759477333101697,366,366,True
8uxx,8uxx_O,8uxx_Q,0_7797_1,3j8a,0_7797_0,3j8a_D,3j8a_A,1.222707066937789,53.26935687163158,366,366,False
8uxx,8uxx_O,8uxx_Q,0_7797_1,5yu8,0_7797_10,5yu8_B,5yu8_A,2.6031984313555956,57.78330584264655,360,360,False
8uxx,8uxx_O,8uxx_Q,0_7797_1,5yu8,0_7797_12,5yu8_C,5yu8_A,2.603223937138728,7.943175711278371,360,360,False
8uxx,8uxx_P,8uxx_Q,0_7797_0,3j8a,0_7797_1,3j8a_A,3j8a_B,1.1726391806232774,52.93971299636273,366,366,True
8uxx,8uxx_P,8uxx_Q,0_7797_0,3j8a,0_7797_0,3j8a_D,3j8a_A,1.1882599316513833,1.3486199166503956,366,366,False
8uxx,8uxx_P,8uxx_Q,0_7797_0,5yu8,0_7797_10,5yu8_B,5yu8_A,2.6620160564020097,7.859162381089052,360,360,False
8uxx,8uxx_P,8uxx_Q,0_7797_0,5yu8,0_7797_12,5yu8_C,5yu8_A,2.6620429367487164,48.96420933622345,360,360,False
8uxx,8uxx_P,8uxx_R,0_7797_1,3j8a,0_7797_1,3j8a_A,3j8a_B,1.1726391806232774,1.2943925867154138,366,366,True
8uxx,8uxx_P,8uxx_R,0_7797_1,3j8a,0_7797_0,3j8a_D,3j8a_A,1.1882599316513833,53.435817523196626,366,366,False
8uxx,8uxx_P,8uxx_R,0_7797_1,5yu8,0_7797_10,5yu8_B,5yu8_A,2.6620160564020097,57.982215906937355,360,360,False
8uxx,8uxx_P,8uxx_R,0_7797_1,5yu8,0_7797_12,5yu8_C,5yu8_A,2.6620429367487164,8.4181016951615,360,360,False
8uxx,8uxx_Q,8uxx_R,0_7797_0,3j8a,0_7797_1,3j8a_A,3j8a_B,1.180090517333699,53.183431174271256,366,366,True
8uxx,8uxx_Q,8uxx_R,0_7797_0,3j8a,0_7797_0,3j8a_D,3j8a_A,1.2013547277597898,1.3673750716485917,366,366,False
8uxx,8uxx_Q,8uxx_R,0_7797_0,5yu8,0_7797_10,5yu8_B,5yu8_A,2.6419467461827453,7.5635344666496005,360,360,False
8uxx,8uxx_Q,8uxx_R,0_7797_0,5yu8,0_7797_12,5yu8_C,5yu8_A,2.641969791426872,49.29928616629357,360,360,False
8uz0,8uz0_J,8uz0_K,0_7797_0,3j8a,0_7797_1,3j8a_A,3j8a_B,1.1939284418129446,52.982030104521954,366,366,True
8uz0,8uz0_J,8uz0_K,0_7797_0,3j8a,0_7797_0,3j8a_D,3j8a_A,1.2141736541279884,1.4176719861411953,366,366,False
8uz0,8uz0_J,8uz0_K,0_7797_0,5yu8,0_7797_10,5yu8_B,5yu8_A,2.6685219742561124,7.905004134830615,360,360,False
8uz0,8uz0_J,8uz0_K,0_7797_0,5yu8,0_7797_12,5yu8_C,5yu8_A,2.668546667483226,49.063755221541605,360,360,False
8uz0,8uz0_J,8uz0_L,0_7797_1,3j8a,0_7797_1,3j8a_A,3j8a_B,1.1939284418129446,1.26611510909901,366,366,True
8uz0,8uz0_J,8uz0_L,0_7797_1,3j8a,0_7797_0,3j8a_D,3j8a_A,1.2141736541279884,53.405222287770854,366,366,False
8uz0,8uz0_J,8uz0_L,0_7797_1,5yu8,0_7797_10,5yu8_B,5yu8_A,2.6685219742561124,57.8965146113899,360,360,False
8uz0,8uz0_J,8uz0_L,0_7797_1,5yu8,0_7797_12,5yu8_C,5yu8_A,2.668546667483226,8.314761689941879,360,360,False
8uz0,8uz0_K,8uz0_L,0_7797_0,3j8a,0_7797_1,3j8a_A,3j8a_B,1.149739318349942,52.98465303779936,366,366,True
8uz0,8uz0_K,8uz0_L,0_7797_0,3j8a,0_7797_0,3j8a_D,3j8a_A,1.1696549319274137,1.4132466486296842,366,366,False
8uz0,8uz0_K,8uz0_L,0_7797_0,5yu8,0_7797_10,5yu8_B,5yu8_A,2.6654634320816415,7.8878958898518645,360,360,False
8uz0,8uz0_K,8uz0_L,0_7797_0,5yu8,0_7797_12,5yu8_C,5yu8_A,2.66549089393569,49.04334952506823,360,360,False
8uz0,8uz0_K,8uz0_M,0_7797_1,3j8a,0_7797_1,3j8a_A,3j8a_B,1.149739318349942,1.2320469101736093,366,366,True
8uz0,8uz0_K,8uz0_M,0_7797_1,3j8a,0_7797_0,3j8a_D,3j8a_A,1.1696549319274137,53.34708824386885,366,366,False
8uz0,8uz0_K,8uz0_M,0_7797_1,5yu8,0_7797_10,5yu8_B,5yu8_A,2.6654634320816415,57.86354624544403,360,360,False
8uz0,8uz0_K,8uz0_M,0_7797_1,5yu8,0_7797_12,5yu8_C,5yu8_A,2.66549089393569,8.276999381058909,360,360,False
8uz0,8uz0_L,8uz0_M,0_7797_0,3j8a,0_7797_1,3j8a_A,3j8a_B,1.1780096940900795,52.98042333510771,366,366,True
8uz0,8uz0_L,8uz0_M,0_7797_0,3j8a,0_7797_0,3j8a_D,3j8a_A,1.1927733987625553,1.4241553935450895,366,366,False
8uz0,8uz0_L,8uz0_M,0_7797_0,5yu8,0_7797_10,5yu8_B,5yu8_A,2.6632997824234246,7.835468840344745,360,360,False
8uz0,8uz0_L,8uz0_M,0_7797_0,5yu8,0_7797_12,5yu8_C,5yu8_A,2.6633260785375623,49.09277838968774,360,360,False
8uz0,8uz0_L,8uz0_N,0_7797_1,3j8a,0_7797_1,3j8a_A,3j8a_B,1.1780096940900795,1.2533104039804632,366,366,True
8uz0,8uz0_L,8uz0_N,0_7797_1,3j8a,0_7797_0,3j8a_D,3j8a_A,1.1927733987625553,53.361131044452925,366,366,False
8uz0,8uz0_L,8uz0_N,0_7797_1,5yu8,0_7797_10,5yu8_B,5yu8_A,2.6632997824234246,57.82374170228192,360,360,False
8uz0,8uz0_L,8uz0_N,0_7797_1,5yu8,0_7797_12,5yu8_C,5yu8_A,2.6633260785375623,8.234794894929045,360,360,False
8uz0,8uz0_M,8uz0_N,0_7797_0,3j8a,0_7797_1,3j8a_A,3j8a_B,1.1659012764152172,52.99744246451877,366,366,True
8uz0,8uz0_M,8uz0_N,0_7797_0,3j8a,0_7797_0,3j8a_D,3j8a_A,1.179893353306739,1.4273611735714966,366,366,False
8uz0,8uz0_M,8uz0_N,0_7797_0,5yu8,0_7797_10,5yu8_B,5yu8_A,2.665671284328052,7.852208376855451,360,360,False
8uz0,8uz0_M,8uz0_N,0_7797_0,5yu8,0_7797_12,5yu8_C,5yu8_A,2.665697031267004,49.08019498792915,360,360,False
8uz0,8uz0_M,8uz0_O,0_7797_1,3j8a,0_7797_1,3j8a_A,3j8a_B,1.1659012764152172,1.2493184564650262,366,366,True
8uz0,8uz0_M,8uz0_O,0_7797_1,3j8a,0_7797_0,3j8a_D,3j8a_A,1.179893353306739,53.326131280936195,366,366,False
8uz0,8uz0_M,8uz0_O,0_7797_1,5yu8,0_7797_10,5yu8_B,5yu8_A,2.665671284328052,57.8199460078581,360,360,False
8uz0,8uz0_M,8uz0_O,0_7797_1,5yu8,0_7797_12,5yu8_C,5yu8_A,2.665697031267004,8.245198512142514,360,360,False
8uz0,8uz0_N,8uz0_O,0_7797_0,3j8a,0_7797_1,3j8a_A,3j8a_B,1.17761795182223,53.008420824718755,366,366,True
8uz0,8uz0_N,8uz0_O,0_7797_0,3j8a,0_7797_0,3j8a_D,3j8a_A,1.1916259663150623,1.4127901942949272,366,366,False
8uz0,8uz0_N,8uz0_O,0_7797_0,5yu8,0_7797_10,5yu8_B,5yu8_A,2.6688728894367615,7.8353934338129125,360,360,False
8uz0,8uz0_N,8uz0_O,0_7797_0,5yu8,0_7797_12,5yu8_C,5yu8_A,2.668900084805106,49.09037008847639,360,360,False
8uz0,8uz0_N,8uz0_P,0_7797_1,3j8a,0_7797_1,3j8a_A,3j8a_B,1.17761795182223,1.2487904222477137,366,366,True
8uz0,8uz0_N,8uz0_P,0_7797_1,3j8a,0_7797_0,3j8a_D,3j8a_A,1.1916259663150623,53.32357454310669,366,366,False
8uz0,8uz0_N,8uz0_P,0_7797_1,5yu8,0_7797_10,5yu8_B,5yu8_A,2.6688728894367615,57.817652761703236,360,360,False
8uz0,8uz0_N,8uz0_P,0_7797_1,5yu8,0_7797_12,5yu8_C,5yu8_A,2.668900084805106,8.251136155064216,360,360,False
8uz0,8uz0_O,8uz0_P,0_7797_0,3j8a,0_7797_1,3j8a_A,3j8a_B,1.1743259897413447,53.016035570743135,366,366,True
8uz0,8uz0_O,8uz0_P,0_7797_0,3j8a,0_7797_0,3j8a_D,3j8a_A,1.1912099831249512,1.3916993067673367,366,366,False
8uz0,8uz0_O,8uz0_P,0_7797_0,5yu8,0_7797_10,5yu8_B,5yu8_A,2.669108115964715,7.820668995722861,360,360,False
8uz0,8uz0_O,8uz0_P,0_7797_0,5yu8,0_7797_12,5yu8_C,5yu8_A,2.6691359010618547,49.093739832848435,360,360,False
8uz0,8uz0_O,8uz0_Q,0_7797_1,3j8a,0_7797_1,3j8a_A,3j8a_B,1.1743259897413447,1.2381340171753616,366,366,True
8uz0,8uz0_O,8uz0_Q,0_7797_1,3j8a,0_7797_0,3j8a_D,3j8a_A,1.1912099831249512,53.34199510765253,366,366,False
8uz0,8uz0_O,8uz0_Q,0_7797_1,5yu8,0_7797_10,5yu8_B,5yu8_A,2.669108115964715,57.84089401527426,360,360,False
8uz0,8uz0_O,8uz0_Q,0_7797_1,5yu8,0_7797_12,5yu8_C,5yu8_A,2.6691359010618547,8.255419014547991,360,360,False
8uz0,8uz0_P,8uz0_Q,0_7797_0,3j8a,0_7797_1,3j8a_A,3j8a_B,1.1716980018528564,53.0386884772163,366,366,True
8uz0,8uz0_P,8uz0_Q,0_7797_0,3j8a,0_7797_0,3j8a_D,3j8a_A,1.1875045544281926,1.3850381523273052,366,366,False
8uz0,8uz0_P,8uz0_Q,0_7797_0,5yu8,0_7797_10,5yu8_B,5yu8_A,2.670089055144544,7.83765657485277,360,360,False
8uz0,8uz0_P,8uz0_Q,0_7797_0,5yu8,0_7797_12,5yu8_C,5yu8_A,2.670115844074444,49.09423279731001,360,360,False
8uz0,8uz0_P,8uz0_R,0_7797_1,3j8a,0_7797_1,3j8a_A,3j8a_B,1.1716980018528564,1.222490612308628,366,366,True
8uz0,8uz0_P,8uz0_R,0_7797_1,3j8a,0_7797_0,3j8a_D,3j8a_A,1.1875045544281926,53.331413595591215,366,366,False
8uz0,8uz0_P,8uz0_R,0_7797_1,5yu8,0_7797_10,5yu8_B,5yu8_A,2.670089055144544,57.849497622888194,360,360,False
8uz0,8uz0_P,8uz0_R,0_7797_1,5yu8,0_7797_12,5yu8_C,5yu8_A,2.670115844074444,8.231221185386335,360,360,False
8uz0,8uz0_Q,8uz0_R,0_7797_0,3j8a,0_7797_1,3j8a_A,3j8a_B,1.1694998677810042,52.99458919049166,366,366,True
8uz0,8uz0_Q,8uz0_R,0_7797_0,3j8a,0_7797_0,3j8a_D,3j8a_A,1.1862021841676302,1.4131509153219455,366,366,False
8uz0,8uz0_Q,8uz0_R,0_7797_0,5yu8,0_7797_10,5yu8_B,5yu8_A,2.6742205664884593,7.8559406907463725,360,360,False
8uz0,8uz0_Q,8uz0_R,0_7797_0,5yu8,0_7797_12,5yu8_C,5yu8_A,2.6742477909387605,49.08093710176793,360,360,False
8uz1,8uz1_J,8uz1_K,0_7797_0,3j8a,0_7797_1,3j8a_A,3j8a_B,1.1194714865357371,53.23120951399104,366,366,True
8uz1,8uz1_J,8uz1_K,0_7797_0,3j8a,0_7797_0,3j8a_D,3j8a_A,1.1347485393582049,1.3241607747618078,366,366,False
8uz1,8uz1_J,8uz1_K,0_7797_0,5yu8,0_7797_10,5yu8_B,5yu8_A,2.618702288145129,7.854313679683323,360,360,False
8uz1,8uz1_J,8uz1_K,0_7797_0,5yu8,0_7797_12,5yu8_C,5yu8_A,2.618728462215797,49.213580976258456,360,360,False
8uz1,8uz1_J,8uz1_L,0_7797_1,3j8a,0_7797_1,3j8a_A,3j8a_B,1.1194714865357371,1.2136828242959519,366,366,True
8uz1,8uz1_J,8uz1_L,0_7797_1,3j8a,0_7797_0,3j8a_D,3j8a_A,1.1347485393582049,53.316819517812625,366,366,False
8uz1,8uz1_J,8uz1_L,0_7797_1,5yu8,0_7797_10,5yu8_B,5yu8_A,2.618702288145129,57.89641138490033,360,360,False
8uz1,8uz1_J,8uz1_L,0_7797_1,5yu8,0_7797_12,5yu8_C,5yu8_A,2.618728462215797,8.306152560938337,360,360,False
8uz1,8uz1_K,8uz1_L,0_7797_0,3j8a,0_7797_1,3j8a_A,3j8a_B,1.0716979786204563,53.12850895516763,366,366,True
8uz1,8uz1_K,8uz1_L,0_7797_0,3j8a,0_7797_0,3j8a_D,3j8a_A,1.087161029834903,1.3138849729700288,366,366,False
8uz1,8uz1_K,8uz1_L,0_7797_0,5yu8,0_7797_10,5yu8_B,5yu8_A,2.619295154431229,7.827168427123809,360,360,False
8uz1,8uz1_K,8uz1_L,0_7797_0,5yu8,0_7797_12,5yu8_C,5yu8_A,2.6193217045701784,49.2083222682312,360,360,False
8uz1,8uz1_K,8uz1_M,0_7797_1,3j8a,0_7797_1,3j8a_A,3j8a_B,1.0716979786204563,1.1737461234634536,366,366,True
8uz1,8uz1_K,8uz1_M,0_7797_1,3j8a,0_7797_0,3j8a_D,3j8a_A,1.087161029834903,53.41554573802865,366,366,False
8uz1,8uz1_K,8uz1_M,0_7797_1,5yu8,0_7797_10,5yu8_B,5yu8_A,2.619295154431229,57.900192514649724,360,360,False
8uz1,8uz1_K,8uz1_M,0_7797_1,5yu8,0_7797_12,5yu8_C,5yu8_A,2.6193217045701784,8.258600489801829,360,360,False
8uz1,8uz1_L,8uz1_M,0_7797_0,3j8a,0_7797_1,3j8a_A,3j8a_B,1.079923584617329,53.16644525948746,366,366,True
8uz1,8uz1_L,8uz1_M,0_7797_0,3j8a,0_7797_0,3j8a_D,3j8a_A,1.096171571035841,1.3091653163410863,366,366,False
8uz1,8uz1_L,8uz1_M,0_7797_0,5yu8,0_7797_10,5yu8_B,5yu8_A,2.6342036044725203,7.801772248235388,360,360,False
8uz1,8uz1_L,8uz1_M,0_7797_0,5yu8,0_7797_12,5yu8_C,5yu8_A,2.6342327487485893,49.2227866528284,360,360,False
8uz1,8uz1_L,8uz1_N,0_7797_1,3j8a,0_7797_1,3j8a_A,3j8a_B,1.079923584617329,1.1813394853917332,366,366,True
8uz1,8uz1_L,8uz1_N,0_7797_1,3j8a,0_7797_0,3j8a_D,3j8a_A,1.096171571035841,53.363611523771446,366,366,False
8uz1,8uz1_L,8uz1_N,0_7797_1,5yu8,0_7797_10,5yu8_B,5yu8_A,2.6342036044725203,57.872969067524814,360,360,False
8uz1,8uz1_L,8uz1_N,0_7797_1,5yu8,0_7797_12,5yu8_C,5yu8_A,2.6342327487485893,8.256351959027612,360,360,False
8uz1,8uz1_M,8uz1_N,0_7797_0,3j8a,0_7797_1,3j8a_A,3j8a_B,1.0816602655730885,53.1577938817354,366,366,True
8uz1,8uz1_M,8uz1_N,0_7797_0,3j8a,0_7797_0,3j8a_D,3j8a_A,1.0959881384443577,1.3239548521914932,366,366,False
8uz1,8uz1_M,8uz1_N,0_7797_0,5yu8,0_7797_10,5yu8_B,5yu8_A,2.595404400202216,7.770077648075524,360,360,False
8uz1,8uz1_M,8uz1_N,0_7797_0,5yu8,0_7797_12,5yu8_C,5yu8_A,2.5954315695214345,49.248153377558864,360,360,False
8uz1,8uz1_M,8uz1_O,0_7797_1,3j8a,0_7797_1,3j8a_A,3j8a_B,1.0816602655730885,1.1796445908687827,366,366,True
8uz1,8uz1_M,8uz1_O,0_7797_1,3j8a,0_7797_0,3j8a_D,3j8a_A,1.0959881384443577,53.366530429157095,366,366,False
8uz1,8uz1_M,8uz1_O,0_7797_1,5yu8,0_7797_10,5yu8_B,5yu8_A,2.595404400202216,57.84408874331216,360,360,False
8uz1,8uz1_M,8uz1_O,0_7797_1,5yu8,0_7797_12,5yu8_C,5yu8_A,2.5954315695214345,8.212886961619878,360,360,False
8uz1,8uz1_N,8uz1_O,0_7797_0,3j8a,0_7797_1,3j8a_A,3j8a_B,1.087416075093453,53.15897099251286,366,366,True
8uz1,8uz1_N,8uz1_O,0_7797_0,3j8a,0_7797_0,3j8a_D,3j8a_A,1.1044270282168167,1.3249879618695635,366,366,False
8uz1,8uz1_N,8uz1_O,0_7797_0,5yu8,0_7797_10,5yu8_B,5yu8_A,2.6115735455467037,7.800468119878817,360,360,False
8uz1,8uz1_N,8uz1_O,0_7797_0,5yu8,0_7797_12,5yu8_C,5yu8_A,2.6115998459360945,49.23120816760993,360,360,False
8uz1,8uz1_N,8uz1_P,0_7797_1,3j8a,0_7797_1,3j8a_A,3j8a_B,1.087416075093453,1.1941330217288273,366,366,True
8uz1,8uz1_N,8uz1_P,0_7797_1,3j8a,0_7797_0,3j8a_D,3j8a_A,1.1044270282168167,53.35115694089629,366,366,False
8uz1,8uz1_N,8uz1_P,0_7797_1,5yu8,0_7797_10,5yu8_B,5yu8_A,2.6115735455467037,57.85256966907052,360,360,False
8uz1,8uz1_N,8uz1_P,0_7797_1,5yu8,0_7797_12,5yu8_C,5yu8_A,2.6115998459360945,8.224396353306862,360,360,False
8uz1,8uz1_O,8uz1_P,0_7797_0,3j8a,0_7797_1,3j8a_A,3j8a_B,1.085990958048702,53.12840526490781,366,366,True
8uz1,8uz1_O,8uz1_P,0_7797_0,3j8a,0_7797_0,3j8a_D,3j8a_A,1.0985905242863945,1.339336440232035,366,366,False
8uz1,8uz1_O,8uz1_P,0_7797_0,5yu8,0_7797_10,5yu8_B,5yu8_A,2.6137473975552856,7.800943801426568,360,360,False
8uz1,8uz1_O,8uz1_P,0_7797_0,5yu8,0_7797_12,5yu8_C,5yu8_A,2.613776439987485,49.22080925198845,360,360,False
8uz1,8uz1_O,8uz1_Q,0_7797_1,3j8a,0_7797_1,3j8a_A,3j8a_B,1.085990958048702,1.1925413412070582,366,366,True
8uz1,8uz1_O,8uz1_Q,0_7797_1,3j8a,0_7797_0,3j8a_D,3j8a_A,1.0985905242863945,53.41073339833818,366,366,False
8uz1,8uz1_O,8uz1_Q,0_7797_1,5yu8,0_7797_10,5yu8_B,5yu8_A,2.6137473975552856,57.904195831084614,360,360,False
8uz1,8uz1_O,8uz1_Q,0_7797_1,5yu8,0_7797_12,5yu8_C,5yu8_A,2.613776439987485,8.283136025526602,360,360,False
8uz1,8uz1_P,8uz1_Q,0_7797_0,3j8a,0_7797_1,3j8a_A,3j8a_B,1.0890852624148855,53.19131085263435,366,366,True
8uz1,8uz1_P,8uz1_Q,0_7797_0,3j8a,0_7797_0,3j8a_D,3j8a_A,1.1068755411907514,1.3353294270557825,366,366,False
8uz1,8uz1_P,8uz1_Q,0_7797_0,5yu8,0_7797_10,5yu8_B,5yu8_A,2.6080561196056293,7.760378867309095,360,360,False
8uz1,8uz1_P,8uz1_Q,0_7797_0,5yu8,0_7797_12,5yu8_C,5yu8_A,2.608084449530951,49.271685787927666,360,360,False
8uz1,8uz1_P,8uz1_R,0_7797_1,3j8a,0_7797_1,3j8a_A,3j8a_B,1.0890852624148855,1.18366998989801,366,366,True
8uz1,8uz1_P,8uz1_R,0_7797_1,3j8a,0_7797_0,3j8a_D,3j8a_A,1.1068755411907514,53.376305072897544,366,366,False
8uz1,8uz1_P,8uz1_R,0_7797_1,5yu8,0_7797_10,5yu8_B,5yu8_A,2.6080561196056293,57.87140543358273,360,360,False
8uz1,8uz1_P,8uz1_R,0_7797_1,5yu8,0_7797_12,5yu8_C,5yu8_A,2.608084449530951,8.194453579065827,360,360,False
8uz1,8uz1_Q,8uz1_R,0_7797_0,3j8a,0_7797_1,3j8a_A,3j8a_B,1.083805240143583,53.208019917945514,366,366,True
8uz1,8uz1_Q,8uz1_R,0_7797_0,3j8a,0_7797_0,3j8a_D,3j8a_A,1.1026171849297126,1.348338230200892,366,366,False
8uz1,8uz1_Q,8uz1_R,0_7797_0,5yu8,0_7797_10,5yu8_B,5yu8_A,2.609016135400206,7.804497996121167,360,360,False
8uz1,8uz1_Q,8uz1_R,0_7797_0,5yu8,0_7797_12,5yu8_C,5yu8_A,2.609043138557757,49.27423767073662,360,360,False
8v2o,8v2o_A,8v2o_B,0_7797_0,3j8a,0_7797_1,3j8a_A,3j8a_B,1.1093219359754056,53.01484120491479,366,366,True
8v2o,8v2o_A,8v2o_B,0_7797_0,3j8a,0_7797_0,3j8a_D,3j8a_A,1.1244000362360087,1.3328026831445878,366,366,False
8v2o,8v2o_A,8v2o_B,0_7797_0,5yu8,0_7797_10,5yu8_B,5yu8_A,2.654689514622401,7.949252929685828,360,360,False
8v2o,8v2o_A,8v2o_B,0_7797_0,5yu8,0_7797_12,5yu8_C,5yu8_A,2.6547164620446835,49.04709899833778,360,360,False
8v2o,8v2o_A,8v2o_C,0_7797_1,3j8a,0_7797_1,3j8a_A,3j8a_B,1.1093219359754056,1.2298421129864388,366,366,True
8v2o,8v2o_A,8v2o_C,0_7797_1,3j8a,0_7797_0,3j8a_D,3j8a_A,1.1244000362360087,53.52256115950687,366,366,False
8v2o,8v2o_A,8v2o_C,0_7797_1,5yu8,0_7797_10,5yu8_B,5yu8_A,2.654689514622401,58.072932127143986,360,360,False
8v2o,8v2o_A,8v2o_C,0_7797_1,5yu8,0_7797_12,5yu8_C,5yu8_A,2.6547164620446835,8.316832162175613,360,360,False
8v2o,8v2o_B,8v2o_C,0_7797_0,3j8a,0_7797_1,3j8a_A,3j8a_B,1.1049970882071356,53.04707061336124,366,366,True
8v2o,8v2o_B,8v2o_C,0_7797_0,3j8a,0_7797_0,3j8a_D,3j8a_A,1.120377541403995,1.3074165355327676,366,366,False
8v2o,8v2o_B,8v2o_C,0_7797_0,5yu8,0_7797_10,5yu8_B,5yu8_A,2.653955258932207,7.892269175209145,360,360,False
8v2o,8v2o_B,8v2o_C,0_7797_0,5yu8,0_7797_12,5yu8_C,5yu8_A,2.6539819971673566,49.07810106262714,360,360,False
8v2o,8v2o_B,8v2o_D,0_7797_1,3j8a,0_7797_1,3j8a_A,3j8a_B,1.1049970882071356,1.2003472493330967,366,366,True
8v2o,8v2o_B,8v2o_D,0_7797_1,3j8a,0_7797_0,3j8a_D,3j8a_A,1.120377541403995,53.492079376276564,366,366,False
8v2o,8v2o_B,8v2o_D,0_7797_1,5yu8,0_7797_10,5yu8_B,5yu8_A,2.653955258932207,58.03927055461148,360,360,False
8v2o,8v2o_B,8v2o_D,0_7797_1,5yu8,0_7797_12,5yu8_C,5yu8_A,2.6539819971673566,8.292183665554308,360,360,False
8v2o,8v2o_C,8v2o_D,0_7797_0,3j8a,0_7797_1,3j8a_A,3j8a_B,1.1108298323254582,53.050660156535926,366,366,True
8v2o,8v2o_C,8v2o_D,0_7797_0,3j8a,0_7797_0,3j8a_D,3j8a_A,1.1271874102504094,1.2952968672908165,366,366,False
8v2o,8v2o_C,8v2o_D,0_7797_0,5yu8,0_7797_10,5yu8_B,5yu8_A,2.6477577211848238,7.888766641606982,360,360,False
8v2o,8v2o_C,8v2o_D,0_7797_0,5yu8,0_7797_12,5yu8_C,5yu8_A,2.6477840473220926,49.07756115106666,360,360,False
8v2o,8v2o_C,8v2o_E,0_7797_1,3j8a,0_7797_1,3j8a_A,3j8a_B,1.1108298323254582,1.1945876872892804,366,366,True
8v2o,8v2o_C,8v2o_E,0_7797_1,3j8a,0_7797_0,3j8a_D,3j8a_A,1.1271874102504094,53.506826430540585,366,366,False
8v2o,8v2o_C,8v2o_E,0_7797_1,5yu8,0_7797_10,5yu8_B,5yu8_A,2.6477577211848238,58.055984071785666,360,360,False
8v2o,8v2o_C,8v2o_E,0_7797_1,5yu8,0_7797_12,5yu8_C,5yu8_A,2.6477840473220926,8.318179487219824,360,360,False
8v2o,8v2o_D,8v2o_E,0_7797_0,3j8a,0_7797_1,3j8a_A,3j8a_B,1.1063649653413947,53.07870202040116,366,366,True
8v2o,8v2o_D,8v2o_E,0_7797_0,3j8a,0_7797_0,3j8a_D,3j8a_A,1.1232338533492567,1.2757479995223782,366,366,False
8v2o,8v2o_D,8v2o_E,0_7797_0,5yu8,0_7797_10,5yu8_B,5yu8_A,2.648163512954882,7.844862788134527,360,360,False
8v2o,8v2o_D,8v2o_E,0_7797_0,5yu8,0_7797_12,5yu8_C,5yu8_A,2.648190140209534,49.11000181905629,360,360,False
8v2z,8v2z_A,8v2z_B,0_7797_0,3j8a,0_7797_1,3j8a_A,3j8a_B,1.0652679615474971,53.195583911551026,366,366,True
8v2z,8v2z_A,8v2z_B,0_7797_0,3j8a,0_7797_0,3j8a_D,3j8a_A,1.0828580288564913,1.1930446106179193,366,366,False
8v2z,8v2z_A,8v2z_B,0_7797_0,5yu8,0_7797_10,5yu8_B,5yu8_A,2.6144761769333047,7.733285355728231,360,360,False
8v2z,8v2z_A,8v2z_B,0_7797_0,5yu8,0_7797_12,5yu8_C,5yu8_A,2.6145043792408282,49.21961077371907,360,360,False
8v2z,8v2z_A,8v2z_C,0_7797_1,3j8a,0_7797_1,3j8a_A,3j8a_B,1.0652679615474971,1.1707635010858635,366,366,True
8v2z,8v2z_A,8v2z_C,0_7797_1,3j8a,0_7797_0,3j8a_D,3j8a_A,1.0828580288564913,53.5493220557096,366,366,False
8v2z,8v2z_A,8v2z_C,0_7797_1,5yu8,0_7797_10,5yu8_B,5yu8_A,2.6144761769333047,58.08051917450434,360,360,False
8v2z,8v2z_A,8v2z_C,0_7797_1,5yu8,0_7797_12,5yu8_C,5yu8_A,2.6145043792408282,8.17485927115306,360,360,False
8v2z,8v2z_B,8v2z_C,0_7797_0,3j8a,0_7797_1,3j8a_A,3j8a_B,1.066942054944545,53.20609986199509,366,366,True
8v2z,8v2z_B,8v2z_C,0_7797_0,3j8a,0_7797_0,3j8a_D,3j8a_A,1.0847827196856459,1.1819094839215332,366,366,False
8v2z,8v2z_B,8v2z_C,0_7797_0,5yu8,0_7797_10,5yu8_B,5yu8_A,2.6171692040680674,7.7305331198566805,360,360,False
8v2z,8v2z_B,8v2z_C,0_7797_0,5yu8,0_7797_12,5yu8_C,5yu8_A,2.61719672114312,49.21852398221347,360,360,False
8v2z,8v2z_B,8v2z_D,0_7797_1,3j8a,0_7797_1,3j8a_A,3j8a_B,1.066942054944545,1.1610497079251403,366,366,True
8v2z,8v2z_B,8v2z_D,0_7797_1,3j8a,0_7797_0,3j8a_D,3j8a_A,1.0847827196856459,53.53492034786531,366,366,False
8v2z,8v2z_B,8v2z_D,0_7797_1,5yu8,0_7797_10,5yu8_B,5yu8_A,2.6171692040680674,58.074958789904166,360,360,False
8v2z,8v2z_B,8v2z_D,0_7797_1,5yu8,0_7797_12,5yu8_C,5yu8_A,2.61719672114312,8.173131265732609,360,360,False
8v2z,8v2z_C,8v2z_D,0_7797_0,3j8a,0_7797_1,3j8a_A,3j8a_B,1.0654205255761222,53.2044801839827,366,366,True
8v2z,8v2z_C,8v2z_D,0_7797_0,3j8a,0_7797_0,3j8a_D,3j8a_A,1.0815513910928347,1.1789852274816117,366,366,False
8v2z,8v2z_C,8v2z_D,0_7797_0,5yu8,0_7797_10,5yu8_B,5yu8_A,2.615367825199874,7.724483258005537,360,360,False
8v2z,8v2z_C,8v2z_D,0_7797_0,5yu8,0_7797_12,5yu8_C,5yu8_A,2.6153949389499527,49.22347092637192,360,360,False
8v2z,8v2z_C,8v2z_E,0_7797_1,3j8a,0_7797_1,3j8a_A,3j8a_B,1.0654205255761222,1.1599767958074756,366,366,True
8v2z,8v2z_C,8v2z_E,0_7797_1,3j8a,0_7797_0,3j8a_D,3j8a_A,1.0815513910928347,53.53595270786497,366,366,False
8v2z,8v2z_C,8v2z_E,0_7797_1,5yu8,0_7797_10,5yu8_B,5yu8_A,2.615367825199874,58.066085376552245,360,360,False
8v2z,8v2z_C,8v2z_E,0_7797_1,5yu8,0_7797_12,5yu8_C,5yu8_A,2.6153949389499527,8.171143881063701,360,360,False
8v2z,8v2z_D,8v2z_E,0_7797_0,3j8a,0_7797_1,3j8a_A,3j8a_B,1.0640658360027622,53.19796101169405,366,366,True
8v2z,8v2z_D,8v2z_E,0_7797_0,3j8a,0_7797_0,3j8a_D,3j8a_A,1.080159591362183,1.1896792052649938,366,366,False
8v2z,8v2z_D,8v2z_E,0_7797_0,5yu8,0_7797_10,5yu8_B,5yu8_A,2.6159181425880154,7.735721482088661,360,360,False
8v2z,8v2z_D,8v2z_E,0_7797_0,5yu8,0_7797_12,5yu8_C,5yu8_A,2.6159455319497797,49.21732761533914,360,360,False
8v30,8v30_A,8v30_B,0_7797_0,3j8a,0_7797_1,3j8a_A,3j8a_B,1.0290049276217936,53.16412838509047,366,366,True
8v30,8v30_A,8v30_B,0_7797_0,3j8a,0_7797_0,3j8a_D,3j8a_A,1.047081495639207,1.3839468065904654,366,366,False
8v30,8v30_A,8v30_B,0_7797_0,5yu8,0_7797_10,5yu8_B,5yu8_A,2.6966677835698643,7.972075331409303,360,360,False
8v30,8v30_A,8v30_B,0_7797_0,5yu8,0_7797_12,5yu8_C,5yu8_A,2.696695877004991,49.18960236677924,360,360,False
8v30,8v30_A,8v30_C,0_7797_1,3j8a,0_7797_1,3j8a_A,3j8a_B,1.0290049276217936,1.4633607656174903,366,366,True
8v30,8v30_A,8v30_C,0_7797_1,3j8a,0_7797_0,3j8a_D,3j8a_A,1.047081495639207,54.06808529405245,366,366,False
8v30,8v30_A,8v30_C,0_7797_1,5yu8,0_7797_10,5yu8_B,5yu8_A,2.6966677835698643,58.54435501939393,360,360,False
8v30,8v30_A,8v30_C,0_7797_1,5yu8,0_7797_12,5yu8_C,5yu8_A,2.696695877004991,8.387310436131337,360,360,False
8v30,8v30_B,8v30_C,0_7797_0,3j8a,0_7797_1,3j8a_A,3j8a_B,1.0307251023687283,53.15833255060248,366,366,True
8v30,8v30_B,8v30_C,0_7797_0,3j8a,0_7797_0,3j8a_D,3j8a_A,1.0491329172685293,1.393579498618014,366,366,False
8v30,8v30_B,8v30_C,0_7797_0,5yu8,0_7797_10,5yu8_B,5yu8_A,2.692717489588239,7.976378816850501,360,360,False
8v30,8v30_B,8v30_C,0_7797_0,5yu8,0_7797_12,5yu8_C,5yu8_A,2.692745481521652,49.185757181556454,360,360,False
8v30,8v30_B,8v30_D,0_7797_1,3j8a,0_7797_1,3j8a_A,3j8a_B,1.0307251023687283,1.478342732330219,366,366,True
8v30,8v30_B,8v30_D,0_7797_1,3j8a,0_7797_0,3j8a_D,3j8a_A,1.0491329172685293,54.09001984857626,366,366,False
8v30,8v30_B,8v30_D,0_7797_1,5yu8,0_7797_10,5yu8_B,5yu8_A,2.692717489588239,58.566283910982484,360,360,False
8v30,8v30_B,8v30_D,0_7797_1,5yu8,0_7797_12,5yu8_C,5yu8_A,2.692745481521652,8.406891722559665,360,360,False
8v30,8v30_C,8v30_D,0_7797_0,3j8a,0_7797_1,3j8a_A,3j8a_B,1.0319991939298137,53.16737942195836,366,366,True
8v30,8v30_C,8v30_D,0_7797_0,3j8a,0_7797_0,3j8a_D,3j8a_A,1.0504986533932512,1.3967083896902899,366,366,False
8v30,8v30_C,8v30_D,0_7797_0,5yu8,0_7797_10,5yu8_B,5yu8_A,2.690941534245381,7.956770420071487,360,360,False
8v30,8v30_C,8v30_D,0_7797_0,5yu8,0_7797_12,5yu8_C,5yu8_A,2.690969571943152,49.19717653109254,360,360,False
8v30,8v30_C,8v30_E,0_7797_1,3j8a,0_7797_1,3j8a_A,3j8a_B,1.0319991939298137,1.506472560509144,366,366,True
8v30,8v30_C,8v30_E,0_7797_1,3j8a,0_7797_0,3j8a_D,3j8a_A,1.0504986533932512,54.110684577190256,366,366,False
8v30,8v30_C,8v30_E,0_7797_1,5yu8,0_7797_10,5yu8_B,5yu8_A,2.690941534245381,58.583729273917236,360,360,False
8v30,8v30_C,8v30_E,0_7797_1,5yu8,0_7797_12,5yu8_C,5yu8_A,2.690969571943152,8.413958234550435,360,360,False
8v30,8v30_D,8v30_E,0_7797_0,3j8a,0_7797_1,3j8a_A,3j8a_B,1.0314472499510612,53.22036877579912,366,366,True
8v30,8v30_D,8v30_E,0_7797_0,3j8a,0_7797_0,3j8a_D,3j8a_A,1.0500942614236903,1.3876975820575281,366,366,False
8v30,8v30_D,8v30_E,0_7797_0,5yu8,0_7797_10,5yu8_B,5yu8_A,2.68628949735237,7.907583803134016,360,360,False
8v30,8v30_D,8v30_E,0_7797_0,5yu8,0_7797_12,5yu8_C,5yu8_A,2.686317192843682,49.239721058242836,360,360,False
8vaa,8vaa_A,8vaa_B,0_7797_0,3j8a,0_7797_1,3j8a_A,3j8a_B,1.0101721053084807,53.72114725929151,366,366,True
8vaa,8vaa_A,8vaa_B,0_7797_0,3j8a,0_7797_0,3j8a_D,3j8a_A,1.037572238767203,1.6012907572787476,366,366,False
8vaa,8vaa_A,8vaa_B,0_7797_0,5yu8,0_7797_10,5yu8_B,5yu8_A,2.5794541787344545,7.6467682686920595,359,359,False
8vaa,8vaa_A,8vaa_B,0_7797_0,5yu8,0_7797_12,5yu8_C,5yu8_A,2.57948333195952,49.551843879973276,359,359,False
8vaa,8vaa_A,8vaa_C,0_7797_1,3j8a,0_7797_1,3j8a_A,3j8a_B,1.0101721053084807,2.1980240529419146,366,366,True
8vaa,8vaa_A,8vaa_C,0_7797_1,3j8a,0_7797_0,3j8a_D,3j8a_A,1.037572238767203,54.41733382131533,366,366,False
8vaa,8vaa_A,8vaa_C,0_7797_1,5yu8,0_7797_10,5yu8_B,5yu8_A,2.5794541787344545,59.01987938928862,359,359,False
8vaa,8vaa_A,8vaa_C,0_7797_1,5yu8,0_7797_12,5yu8_C,5yu8_A,2.57948333195952,8.095020216800531,359,359,False
8vaa,8vaa_B,8vaa_C,0_7797_0,3j8a,0_7797_1,3j8a_A,3j8a_B,1.0079876848311902,53.69370904029333,366,366,True
8vaa,8vaa_B,8vaa_C,0_7797_0,3j8a,0_7797_0,3j8a_D,3j8a_A,1.0348766416047703,1.6041416108744975,366,366,False
8vaa,8vaa_B,8vaa_C,0_7797_0,5yu8,0_7797_10,5yu8_B,5yu8_A,2.577805567634955,7.666763637397974,359,359,False
8vaa,8vaa_B,8vaa_C,0_7797_0,5yu8,0_7797_12,5yu8_C,5yu8_A,2.577834501576692,49.53755793215181,359,359,False
8vaa,8vaa_B,8vaa_D,0_7797_1,3j8a,0_7797_1,3j8a_A,3j8a_B,1.0079876848311902,2.174833960164418,366,366,True
8vaa,8vaa_B,8vaa_D,0_7797_1,3j8a,0_7797_0,3j8a_D,3j8a_A,1.0348766416047703,54.42932342487952,366,366,False
8vaa,8vaa_B,8vaa_D,0_7797_1,5yu8,0_7797_10,5yu8_B,5yu8_A,2.577805567634955,59.0186755892923,359,359,False
8vaa,8vaa_B,8vaa_D,0_7797_1,5yu8,0_7797_12,5yu8_C,5yu8_A,2.577834501576692,8.112921502332018,359,359,False
8vaa,8vaa_C,8vaa_D,0_7797_0,3j8a,0_7797_1,3j8a_A,3j8a_B,1.006587282567536,53.74539148931225,366,366,True
8vaa,8vaa_C,8vaa_D,0_7797_0,3j8a,0_7797_0,3j8a_D,3j8a_A,1.033455620175197,1.5751264805229408,366,366,False
8vaa,8vaa_C,8vaa_D,0_7797_0,5yu8,0_7797_10,5yu8_B,5yu8_A,2.5764933801249366,7.623164726275233,359,359,False
8vaa,8vaa_C,8vaa_D,0_7797_0,5yu8,0_7797_12,5yu8_C,5yu8_A,2.576521535653395,49.57598928705399,359,359,False
8vaa,8vaa_C,8vaa_E,0_7797_1,3j8a,0_7797_1,3j8a_A,3j8a_B,1.006587282567536,2.1762106385119635,366,366,True
8vaa,8vaa_C,8vaa_E,0_7797_1,3j8a,0_7797_0,3j8a_D,3j8a_A,1.033455620175197,54.38606446001857,366,366,False
8vaa,8vaa_C,8vaa_E,0_7797_1,5yu8,0_7797_10,5yu8_B,5yu8_A,2.5764933801249366,58.985472994475145,359,359,False
8vaa,8vaa_C,8vaa_E,0_7797_1,5yu8,0_7797_12,5yu8_C,5yu8_A,2.576521535653395,8.075792319131216,359,359,False
8vaa,8vaa_D,8vaa_E,0_7797_0,3j8a,0_7797_1,3j8a_A,3j8a_B,0.9997133815758864,53.67760946906742,366,366,True
8vaa,8vaa_D,8vaa_E,0_7797_0,3j8a,0_7797_0,3j8a_D,3j8a_A,1.02631691400768,1.5754005259780595,366,366,False
8vaa,8vaa_D,8vaa_E,0_7797_0,5yu8,0_7797_10,5yu8_B,5yu8_A,2.5747347228330715,7.658090192848518,359,359,False
8vaa,8vaa_D,8vaa_E,0_7797_0,5yu8,0_7797_12,5yu8_C,5yu8_A,2.5747637862369994,49.5226775112669,359,359,False
8vaa,8vaa_D,8vaa_F,0_7797_1,3j8a,0_7797_1,3j8a_A,3j8a_B,0.9997133815758864,2.140098602457453,366,366,True
8vaa,8vaa_D,8vaa_F,0_7797_1,3j8a,0_7797_0,3j8a_D,3j8a_A,1.02631691400768,54.43344721013003,366,366,False
8vaa,8vaa_D,8vaa_F,0_7797_1,5yu8,0_7797_10,5yu8_B,5yu8_A,2.5747347228330715,59.01980157902342,359,359,False
8vaa,8vaa_D,8vaa_F,0_7797_1,5yu8,0_7797_12,5yu8_C,5yu8_A,2.5747637862369994,8.118355693450976,359,359,False
8vaa,8vaa_E,8vaa_F,0_7797_0,3j8a,0_7797_1,3j8a_A,3j8a_B,1.001072964494781,53.74023462242816,366,366,True
8vaa,8vaa_E,8vaa_F,0_7797_0,3j8a,0_7797_0,3j8a_D,3j8a_A,1.0276741756397323,1.5523786031287548,366,366,False
8vaa,8vaa_E,8vaa_F,0_7797_0,5yu8,0_7797_10,5yu8_B,5yu8_A,2.576917829044611,7.578709449960872,359,359,False
8vaa,8vaa_E,8vaa_F,0_7797_0,5yu8,0_7797_12,5yu8_C,5yu8_A,2.576946630030772,49.593941476481326,359,359,False
8vaa,8vaa_E,8vaa_G,0_7797_1,3j8a,0_7797_1,3j8a_A,3j8a_B,1.001072964494781,2.127074815582573,366,366,True
8vaa,8vaa_E,8vaa_G,0_7797_1,3j8a,0_7797_0,3j8a_D,3j8a_A,1.0276741756397323,54.39618563959687,366,366,False
8vaa,8vaa_E,8vaa_G,0_7797_1,5yu8,0_7797_10,5yu8_B,5yu8_A,2.576917829044611,58.9696647527937,359,359,False
8vaa,8vaa_E,8vaa_G,0_7797_1,5yu8,0_7797_12,5yu8_C,5yu8_A,2.576946630030772,8.057378859836982,359,359,False
8vaa,8vaa_F,8vaa_G,0_7797_0,3j8a,0_7797_1,3j8a_A,3j8a_B,1.0054621807094322,53.7149111273452,366,366,True
8vaa,8vaa_F,8vaa_G,0_7797_0,3j8a,0_7797_0,3j8a_D,3j8a_A,1.03187997100664,1.5895723845330212,366,366,False
8vaa,8vaa_F,8vaa_G,0_7797_0,5yu8,0_7797_10,5yu8_B,5yu8_A,2.5750645000361434,7.640784501282227,359,359,False
8vaa,8vaa_F,8vaa_G,0_7797_0,5yu8,0_7797_12,5yu8_C,5yu8_A,2.5750940747692974,49.556863182677,359,359,False
8vaa,8vaa_F,8vaa_H,0_7797_1,3j8a,0_7797_1,3j8a_A,3j8a_B,1.0054621807094322,2.1706373757858963,366,366,True
8vaa,8vaa_F,8vaa_H,0_7797_1,3j8a,0_7797_0,3j8a_D,3j8a_A,1.03187997100664,54.43085827112095,366,366,False
8vaa,8vaa_F,8vaa_H,0_7797_1,5yu8,0_7797_10,5yu8_B,5yu8_A,2.5750645000361434,59.017564373510815,359,359,False
8vaa,8vaa_F,8vaa_H,0_7797_1,5yu8,0_7797_12,5yu8_C,5yu8_A,2.5750940747692974,8.098855906812394,359,359,False
8vaa,8vaa_G,8vaa_H,0_7797_0,3j8a,0_7797_1,3j8a_A,3j8a_B,1.0118876811067599,53.683682548826035,366,366,True
8vaa,8vaa_G,8vaa_H,0_7797_0,3j8a,0_7797_0,3j8a_D,3j8a_A,1.0400272754691107,1.5984501791254575,366,366,False
8vaa,8vaa_G,8vaa_H,0_7797_0,5yu8,0_7797_10,5yu8_B,5yu8_A,2.5769652585977645,7.663533852675463,359,359,False
8vaa,8vaa_G,8vaa_H,0_7797_0,5yu8,0_7797_12,5yu8_C,5yu8_A,2.5769947324569697,49.53365548766736,359,359,False
8vaa,8vaa_G,8vaa_I,0_7797_1,3j8a,0_7797_1,3j8a_A,3j8a_B,1.0118876811067599,2.2013766758182074,366,366,True
8vaa,8vaa_G,8vaa_I,0_7797_1,3j8a,0_7797_0,3j8a_D,3j8a_A,1.0400272754691107,54.4461113547567,366,366,False
8vaa,8vaa_G,8vaa_I,0_7797_1,5yu8,0_7797_10,5yu8_B,5yu8_A,2.5769652585977645,59.03120323866595,359,359,False
8vaa,8vaa_G,8vaa_I,0_7797_1,5yu8,0_7797_12,5yu8_C,5yu8_A,2.5769947324569697,8.106944886258988,359,359,False
8vaa,8vaa_H,8vaa_I,0_7797_0,3j8a,0_7797_1,3j8a_A,3j8a_B,1.0111701480936586,53.66314752333497,366,366,True
8vaa,8vaa_H,8vaa_I,0_7797_0,3j8a,0_7797_0,3j8a_D,3j8a_A,1.038312651650041,1.6012186134482798,366,366,False
8vaa,8vaa_H,8vaa_I,0_7797_0,5yu8,0_7797_10,5yu8_B,5yu8_A,2.5783509887790674,7.696496957318641,359,359,False
8vaa,8vaa_H,8vaa_I,0_7797_0,5yu8,0_7797_12,5yu8_C,5yu8_A,2.5783797384580063,49.5046682832756,359,359,False
8vaa,8vaa_H,8vaa_J,0_7797_1,3j8a,0_7797_1,3j8a_A,3j8a_B,1.0111701480936586,2.1926370838032816,366,366,True
8vaa,8vaa_H,8vaa_J,0_7797_1,3j8a,0_7797_0,3j8a_D,3j8a_A,1.038312651650041,54.44473644843159,366,366,False
8vaa,8vaa_H,8vaa_J,0_7797_1,5yu8,0_7797_10,5yu8_B,5yu8_A,2.5783509887790674,59.03763443285766,359,359,False
8vaa,8vaa_H,8vaa_J,0_7797_1,5yu8,0_7797_12,5yu8_C,5yu8_A,2.5783797384580063,8.123479973917993,359,359,False
8vaa,8vaa_I,8vaa_J,0_7797_0,3j8a,0_7797_1,3j8a_A,3j8a_B,1.0103942298991087,53.68414312222193,366,366,True
8vaa,8vaa_I,8vaa_J,0_7797_0,3j8a,0_7797_0,3j8a_D,3j8a_A,1.0378662188576357,1.5730224044650316,366,366,False
8vaa,8vaa_I,8vaa_J,0_7797_0,5yu8,0_7797_10,5yu8_B,5yu8_A,2.5828815246098866,7.664672572093576,359,359,False
8vaa,8vaa_I,8vaa_J,0_7797_0,5yu8,0_7797_12,5yu8_C,5yu8_A,2.582911075250234,49.53391463034853,359,359,False
8vfm,8vfm_J,8vfm_M,0_7797_0,3j8a,0_7797_1,3j8a_A,3j8a_B,1.1066954280789696,52.92925199724793,366,366,False
8vfm,8vfm_J,8vfm_M,0_7797_0,3j8a,0_7797_0,3j8a_D,3j8a_A,1.1066954280789696,1.3816875041769245,366,366,True
8vfm,8vfm_J,8vfm_M,0_7797_0,5yu8,0_7797_10,5yu8_B,5yu8_A,2.655479380927234,8.491556317603209,360,360,True
8vfm,8vfm_J,8vfm_M,0_7797_0,5yu8,0_7797_12,5yu8_C,5yu8_A,2.655479380927234,55.19556291155233,360,360,True
8vfm,8vfm_J,8vfm_S,0_7797_1,3j8a,0_7797_1,3j8a_A,3j8a_B,1.1066954280789696,1.3445565910998671,366,366,False
8vfm,8vfm_J,8vfm_S,0_7797_1,3j8a,0_7797_0,3j8a_D,3j8a_A,1.1066954280789696,53.66049513579456,366,366,True
8vfm,8vfm_J,8vfm_S,0_7797_1,5yu8,0_7797_10,5yu8_B,5yu8_A,2.655479380927234,52.32343312966988,360,360,True
8vfm,8vfm_J,8vfm_S,0_7797_1,5yu8,0_7797_12,5yu8_C,5yu8_A,2.655479380927234,6.3401340598684754,360,360,True
8vfm,8vfm_J,8vfm_W,0_7797_0,3j8a,0_7797_1,3j8a_A,3j8a_B,1.0881611105234776,53.30567355696929,366,366,True
8vfm,8vfm_J,8vfm_W,0_7797_0,3j8a,0_7797_0,3j8a_D,3j8a_A,1.1117094728593901,1.211354859192279,366,366,False
8vfm,8vfm_J,8vfm_W,0_7797_0,5yu8,0_7797_10,5yu8_B,5yu8_A,2.6554608419905725,7.718621884861457,360,360,False
8vfm,8vfm_J,8vfm_W,0_7797_0,5yu8,0_7797_12,5yu8_C,5yu8_A,2.655489726874185,49.239934520347035,360,360,False
8vfm,8vfm_L,8vfm_N,0_7797_0,3j8a,0_7797_1,3j8a_A,3j8a_B,1.1067240284438757,53.07142247841029,366,366,False
8vfm,8vfm_L,8vfm_N,0_7797_0,3j8a,0_7797_0,3j8a_D,3j8a_A,1.1067240284438757,1.3288282237559261,366,366,True
8vfm,8vfm_L,8vfm_N,0_7797_0,5yu8,0_7797_10,5yu8_B,5yu8_A,2.6554871716900195,8.548282447227194,360,360,True
8vfm,8vfm_L,8vfm_N,0_7797_0,5yu8,0_7797_12,5yu8_C,5yu8_A,2.6554871716900195,55.347495094304804,360,360,True
8vfm,8vfm_L,8vfm_R,0_7797_1,3j8a,0_7797_1,3j8a_A,3j8a_B,1.1067240284438757,1.2910338466366342,366,366,False
8vfm,8vfm_L,8vfm_R,0_7797_1,3j8a,0_7797_0,3j8a_D,3j8a_A,1.1067240284438757,53.61905272616533,366,366,True
8vfm,8vfm_L,8vfm_R,0_7797_1,5yu8,0_7797_10,5yu8_B,5yu8_A,2.6554871716900195,52.30919781532901,360,360,True
8vfm,8vfm_L,8vfm_R,0_7797_1,5yu8,0_7797_12,5yu8_C,5yu8_A,2.6554871716900195,6.4905684728696444,360,360,True
8vfm,8vfm_L,8vfm_S,0_7797_1,3j8a,0_7797_1,3j8a_A,3j8a_B,1.0881921550634113,1.315456632104733,366,366,True
8vfm,8vfm_L,8vfm_S,0_7797_1,3j8a,0_7797_0,3j8a_D,3j8a_A,1.1117401962210969,53.42373391311391,366,366,False
8vfm,8vfm_L,8vfm_S,0_7797_1,5yu8,0_7797_10,5yu8_B,5yu8_A,2.655468633139698,58.06689133228058,360,360,False
8vfm,8vfm_L,8vfm_S,0_7797_1,5yu8,0_7797_12,5yu8_C,5yu8_A,2.655497519593864,8.369675235150503,360,360,False
8vfm,8vfm_L,8vfm_U,0_7797_0,3j8a,0_7797_1,3j8a_A,3j8a_B,1.0881921550634113,53.1176896426452,366,366,True
8vfm,8vfm_L,8vfm_U,0_7797_0,3j8a,0_7797_0,3j8a_D,3j8a_A,1.1117401962210969,1.3730388402051052,366,366,False
8vfm,8vfm_L,8vfm_U,0_7797_0,5yu8,0_7797_10,5yu8_B,5yu8_A,2.655468633139698,7.9808017290540105,360,360,False
8vfm,8vfm_L,8vfm_U,0_7797_0,5yu8,0_7797_12,5yu8_C,5yu8_A,2.655497519593864,49.06039271586625,360,360,False
8vfm,8vfm_M,8vfm_S,0_7797_0,3j8a,0_7797_1,3j8a_A,3j8a_B,1.1066691388207228,52.92050411815986,366,366,False
8vfm,8vfm_M,8vfm_S,0_7797_0,3j8a,0_7797_0,3j8a_D,3j8a_A,1.1066691388207228,1.3047299408274213,366,366,True
8vfm,8vfm_M,8vfm_S,0_7797_0,5yu8,0_7797_10,5yu8_B,5yu8_A,2.6554814618862204,8.434431323265141,360,360,True
8vfm,8vfm_M,8vfm_S,0_7797_0,5yu8,0_7797_12,5yu8_C,5yu8_A,2.6554814618862204,55.18544568350758,360,360,True
8vfm,8vfm_M,8vfm_U,0_7797_1,3j8a,0_7797_1,3j8a_A,3j8a_B,1.1066691388207228,1.1935345547626572,366,366,False
8vfm,8vfm_M,8vfm_U,0_7797_1,3j8a,0_7797_0,3j8a_D,3j8a_A,1.1066691388207228,53.57716148047977,366,366,True
8vfm,8vfm_M,8vfm_U,0_7797_1,5yu8,0_7797_10,5yu8_B,5yu8_A,2.6554814618862204,52.240865422244845,360,360,True
8vfm,8vfm_M,8vfm_U,0_7797_1,5yu8,0_7797_12,5yu8_C,5yu8_A,2.6554814618862204,6.17226729548464,360,360,True
8vfm,8vfm_M,8vfm_W,0_7797_1,3j8a,0_7797_1,3j8a_A,3j8a_B,1.088130430149338,1.2105359530619073,366,366,True
8vfm,8vfm_M,8vfm_W,0_7797_1,3j8a,0_7797_0,3j8a_D,3j8a_A,1.1116855618247712,53.26031880964876,366,366,False
8vfm,8vfm_M,8vfm_W,0_7797_1,5yu8,0_7797_10,5yu8_B,5yu8_A,2.655462925433493,57.89577020848302,360,360,False
8vfm,8vfm_M,8vfm_W,0_7797_1,5yu8,0_7797_12,5yu8_C,5yu8_A,2.655491811304826,8.21613254491223,360,360,False
8vfm,8vfm_N,8vfm_R,0_7797_0,3j8a,0_7797_1,3j8a_A,3j8a_B,1.1066840170480605,52.88417812109486,366,366,False
8vfm,8vfm_N,8vfm_R,0_7797_0,3j8a,0_7797_0,3j8a_D,3j8a_A,1.1066840170480605,1.3313582874979435,366,366,True
8vfm,8vfm_N,8vfm_R,0_7797_0,5yu8,0_7797_10,5yu8_B,5yu8_A,2.655476274865124,8.397480541010806,360,360,True
8vfm,8vfm_N,8vfm_R,0_7797_0,5yu8,0_7797_12,5yu8_C,5yu8_A,2.655476274865124,55.155153636177666,360,360,True
8vfm,8vfm_N,8vfm_U,0_7797_1,3j8a,0_7797_1,3j8a_A,3j8a_B,1.0881448071099373,1.255204541975452,366,366,True
8vfm,8vfm_N,8vfm_U,0_7797_1,3j8a,0_7797_0,3j8a_D,3j8a_A,1.111697997653166,53.18166732346721,366,366,False
8vfm,8vfm_N,8vfm_U,0_7797_1,5yu8,0_7797_10,5yu8_B,5yu8_A,2.655457731883731,57.81886662012121,360,360,False
8vfm,8vfm_N,8vfm_U,0_7797_1,5yu8,0_7797_12,5yu8_C,5yu8_A,2.6554866210493375,8.129329524110835,360,360,False
8vfm,8vfm_S,8vfm_U,0_7797_0,3j8a,0_7797_1,3j8a_A,3j8a_B,1.106670559413298,53.07340314757266,366,366,False
8vfm,8vfm_S,8vfm_U,0_7797_0,3j8a,0_7797_0,3j8a_D,3j8a_A,1.106670559413298,1.4151709217449533,366,366,True
8vfm,8vfm_S,8vfm_U,0_7797_0,5yu8,0_7797_10,5yu8_B,5yu8_A,2.6554787782156035,8.731221033747833,360,360,True
8vfm,8vfm_S,8vfm_U,0_7797_0,5yu8,0_7797_12,5yu8_C,5yu8_A,2.6554787782156035,55.37416824458742,360,360,True
8viz,8viz_A,8viz_B,0_7797_0,3j8a,0_7797_1,3j8a_A,3j8a_B,0.9815150602136157,53.49352910427649,366,366,True
8viz,8viz_A,8viz_B,0_7797_0,3j8a,0_7797_0,3j8a_D,3j8a_A,0.9985686231087862,1.173677326343073,366,366,False
8viz,8viz_A,8viz_B,0_7797_0,5yu8,0_7797_10,5yu8_B,5yu8_A,2.618209508555937,7.62372308045382,360,360,False
8viz,8viz_A,8viz_B,0_7797_0,5yu8,0_7797_12,5yu8_C,5yu8_A,2.6182371922849743,49.49685277593014,360,360,False
8viz,8viz_A,8viz_C,0_7797_1,3j8a,0_7797_1,3j8a_A,3j8a_B,0.9815150602136157,1.215868387431665,366,366,True
8viz,8viz_A,8viz_C,0_7797_1,3j8a,0_7797_0,3j8a_D,3j8a_A,0.9985686231087862,53.8516823518879,366,366,False
8viz,8viz_A,8viz_C,0_7797_1,5yu8,0_7797_10,5yu8_B,5yu8_A,2.618209508555937,58.39014137271842,360,360,False
8viz,8viz_A,8viz_C,0_7797_1,5yu8,0_7797_12,5yu8_C,5yu8_A,2.6182371922849743,8.249953787805657,360,360,False
8viz,8viz_B,8viz_C,0_7797_0,3j8a,0_7797_1,3j8a_A,3j8a_B,0.9867721427448455,53.46234936767731,366,366,True
8viz,8viz_B,8viz_C,0_7797_0,3j8a,0_7797_0,3j8a_D,3j8a_A,1.0063360210342651,1.220551748831131,366,366,False
8viz,8viz_B,8viz_C,0_7797_0,5yu8,0_7797_10,5yu8_B,5yu8_A,2.6014548491523657,7.672553472112012,360,360,False
8viz,8viz_B,8viz_C,0_7797_0,5yu8,0_7797_12,5yu8_C,5yu8_A,2.6014834615917892,49.449635620784655,360,360,False
8viz,8viz_B,8viz_D,0_7797_1,3j8a,0_7797_1,3j8a_A,3j8a_B,0.9867721427448455,1.2368567821012293,366,366,True
8viz,8viz_B,8viz_D,0_7797_1,3j8a,0_7797_0,3j8a_D,3j8a_A,1.0063360210342651,53.74288996893726,366,366,False
8viz,8viz_B,8viz_D,0_7797_1,5yu8,0_7797_10,5yu8_B,5yu8_A,2.6014548491523657,58.274220503689115,360,360,False
8viz,8viz_B,8viz_D,0_7797_1,5yu8,0_7797_12,5yu8_C,5yu8_A,2.6014834615917892,8.008106948373003,360,360,False
8viz,8viz_C,8viz_D,0_7797_0,3j8a,0_7797_1,3j8a_A,3j8a_B,0.9900789133638337,53.43356203774579,366,366,True
8viz,8viz_C,8viz_D,0_7797_0,3j8a,0_7797_0,3j8a_D,3j8a_A,1.008335402499236,1.1524406157193154,366,366,False
8viz,8viz_C,8viz_D,0_7797_0,5yu8,0_7797_10,5yu8_B,5yu8_A,2.6286656098471104,7.7321716245927385,360,360,False
8viz,8viz_C,8viz_D,0_7797_0,5yu8,0_7797_12,5yu8_C,5yu8_A,2.628695720346406,49.43116065807337,360,360,False
8viz,8viz_C,8viz_E,0_7797_1,3j8a,0_7797_1,3j8a_A,3j8a_B,0.9900789133638337,1.3496040797305453,366,366,True
8viz,8viz_C,8viz_E,0_7797_1,3j8a,0_7797_0,3j8a_D,3j8a_A,1.008335402499236,53.95264778084003,366,366,False
8viz,8viz_C,8viz_E,0_7797_1,5yu8,0_7797_10,5yu8_B,5yu8_A,2.6286656098471104,58.5208451363603,360,360,False
8viz,8viz_C,8viz_E,0_7797_1,5yu8,0_7797_12,5yu8_C,5yu8_A,2.628695720346406,8.206813993682436,360,360,False
8viz,8viz_D,8viz_E,0_7797_0,3j8a,0_7797_1,3j8a_A,3j8a_B,0.9747406752799594,53.19302849341437,366,366,True
8viz,8viz_D,8viz_E,0_7797_0,3j8a,0_7797_0,3j8a_D,3j8a_A,0.9891813599094209,1.3856959412042629,366,366,False
8viz,8viz_D,8viz_E,0_7797_0,5yu8,0_7797_10,5yu8_B,5yu8_A,2.625280382018368,7.944938507653153,360,360,False
8viz,8viz_D,8viz_E,0_7797_0,5yu8,0_7797_12,5yu8_C,5yu8_A,2.6253084924972017,49.17051811775898,360,360,False
8viz,8viz_D,8viz_F,0_7797_1,3j8a,0_7797_1,3j8a_A,3j8a_B,0.9747406752799594,3.2068847199013777,366,366,True
8viz,8viz_D,8viz_F,0_7797_1,3j8a,0_7797_0,3j8a_D,3j8a_A,0.9891813599094209,54.83978443285244,366,366,False
8viz,8viz_D,8viz_F,0_7797_1,5yu8,0_7797_10,5yu8_B,5yu8_A,2.625280382018368,59.53814832222566,360,360,False
8viz,8viz_D,8viz_F,0_7797_1,5yu8,0_7797_12,5yu8_C,5yu8_A,2.6253084924972017,10.248447634698767,360,360,False
8viz,8viz_E,8viz_F,0_7797_0,3j8a,0_7797_1,3j8a_A,3j8a_B,1.0818902210061407,55.00529791334443,366,366,True
8viz,8viz_E,8viz_F,0_7797_0,3j8a,0_7797_0,3j8a_D,3j8a_A,1.0966182688198218,3.474263675935013,366,366,False
8viz,8viz_E,8viz_F,0_7797_0,5yu8,0_7797_10,5yu8_B,5yu8_A,2.3961505492947937,6.645972023937681,360,360,False
8viz,8viz_E,8viz_F,0_7797_0,5yu8,0_7797_12,5yu8_C,5yu8_A,2.3961770808833056,51.06839558607253,360,360,False
8vkh,8vkh_A,8vkh_B,0_7797_0,3j8a,0_7797_1,3j8a_A,3j8a_B,0.9694146066952617,53.5741477120475,366,366,True
8vkh,8vkh_A,8vkh_B,0_7797_0,3j8a,0_7797_0,3j8a_D,3j8a_A,0.9866180697262351,1.1413698798682734,366,366,False
8vkh,8vkh_A,8vkh_B,0_7797_0,5yu8,0_7797_10,5yu8_B,5yu8_A,2.630470624825305,7.583985766309196,360,360,False
8vkh,8vkh_A,8vkh_B,0_7797_0,5yu8,0_7797_12,5yu8_C,5yu8_A,2.6304970326813293,49.5597210108712,360,360,False
8vkh,8vkh_A,8vkh_C,0_7797_1,3j8a,0_7797_1,3j8a_A,3j8a_B,0.9694146066952617,1.1685831392882922,366,366,True
8vkh,8vkh_A,8vkh_C,0_7797_1,3j8a,0_7797_0,3j8a_D,3j8a_A,0.9866180697262351,53.81466851591194,366,366,False
8vkh,8vkh_A,8vkh_C,0_7797_1,5yu8,0_7797_10,5yu8_B,5yu8_A,2.630470624825305,58.36318153944995,360,360,False
8vkh,8vkh_A,8vkh_C,0_7797_1,5yu8,0_7797_12,5yu8_C,5yu8_A,2.6304970326813293,8.196703689729638,360,360,False
8vkh,8vkh_B,8vkh_C,0_7797_0,3j8a,0_7797_1,3j8a_A,3j8a_B,0.973231011445891,53.514990114501714,366,366,True
8vkh,8vkh_B,8vkh_C,0_7797_0,3j8a,0_7797_0,3j8a_D,3j8a_A,0.9916273540501048,1.2000121635131795,366,366,False
8vkh,8vkh_B,8vkh_C,0_7797_0,5yu8,0_7797_10,5yu8_B,5yu8_A,2.6193894881753823,7.658684876715376,360,360,False
8vkh,8vkh_B,8vkh_C,0_7797_0,5yu8,0_7797_12,5yu8_C,5yu8_A,2.6194180414855497,49.50508381993755,360,360,False
8vkh,8vkh_B,8vkh_D,0_7797_1,3j8a,0_7797_1,3j8a_A,3j8a_B,0.973231011445891,1.2625434669886402,366,366,True
8vkh,8vkh_B,8vkh_D,0_7797_1,3j8a,0_7797_0,3j8a_D,3j8a_A,0.9916273540501048,53.75396642322612,366,366,False
8vkh,8vkh_B,8vkh_D,0_7797_1,5yu8,0_7797_10,5yu8_B,5yu8_A,2.6193894881753823,58.28021519507975,360,360,False
8vkh,8vkh_B,8vkh_D,0_7797_1,5yu8,0_7797_12,5yu8_C,5yu8_A,2.6194180414855497,7.9734126734429,360,360,False
8vkh,8vkh_C,8vkh_D,0_7797_0,3j8a,0_7797_1,3j8a_A,3j8a_B,0.983722692254809,53.36896186918719,366,366,True
8vkh,8vkh_C,8vkh_D,0_7797_0,3j8a,0_7797_0,3j8a_D,3j8a_A,0.9988897278070817,1.1442803807718165,366,366,False
8vkh,8vkh_C,8vkh_D,0_7797_0,5yu8,0_7797_10,5yu8_B,5yu8_A,2.633422518926347,7.86248637634733,360,360,False
8vkh,8vkh_C,8vkh_D,0_7797_0,5yu8,0_7797_12,5yu8_C,5yu8_A,2.6334530852272375,49.3511006044418,360,360,False
8vkh,8vkh_C,8vkh_E,0_7797_1,3j8a,0_7797_1,3j8a_A,3j8a_B,0.983722692254809,2.0273128952058967,366,366,True
8vkh,8vkh_C,8vkh_E,0_7797_1,3j8a,0_7797_0,3j8a_D,3j8a_A,0.9988897278070817,54.18713455076857,366,366,False
8vkh,8vkh_C,8vkh_E,0_7797_1,5yu8,0_7797_10,5yu8_B,5yu8_A,2.633422518926347,58.83288906067291,360,360,False
8vkh,8vkh_C,8vkh_E,0_7797_1,5yu8,0_7797_12,5yu8_C,5yu8_A,2.6334530852272375,8.942304406725743,360,360,False
8vkh,8vkh_D,8vkh_E,0_7797_0,3j8a,0_7797_1,3j8a_A,3j8a_B,0.9660095331713092,53.88686775912972,366,366,True
8vkh,8vkh_D,8vkh_E,0_7797_0,3j8a,0_7797_0,3j8a_D,3j8a_A,0.9769824684743634,2.1408245318311057,366,366,False
8vkh,8vkh_D,8vkh_E,0_7797_0,5yu8,0_7797_10,5yu8_B,5yu8_A,2.630154546971035,7.326493279103439,360,360,False
8vkh,8vkh_D,8vkh_E,0_7797_0,5yu8,0_7797_12,5yu8_C,5yu8_A,2.630181868493577,49.94721751364332,360,360,False
8vkh,8vkh_D,8vkh_F,0_7797_1,3j8a,0_7797_1,3j8a_A,3j8a_B,0.9660095331713092,3.0470857910256535,366,366,True
8vkh,8vkh_D,8vkh_F,0_7797_1,3j8a,0_7797_0,3j8a_D,3j8a_A,0.9769824684743634,54.78706210608676,366,366,False
8vkh,8vkh_D,8vkh_F,0_7797_1,5yu8,0_7797_10,5yu8_B,5yu8_A,2.630154546971035,59.48019906971948,360,360,False
8vkh,8vkh_D,8vkh_F,0_7797_1,5yu8,0_7797_12,5yu8_C,5yu8_A,2.630181868493577,10.076057007991333,360,360,False
8vkh,8vkh_E,8vkh_F,0_7797_44,3j8a,0_7797_1,3j8a_A,3j8a_B,1.3662229919998952,55.82356233816418,366,366,True
8vkh,8vkh_E,8vkh_F,0_7797_44,3j8a,0_7797_0,3j8a_D,3j8a_A,1.3772627358759184,6.00345954509822,366,366,False
8vkh,8vkh_E,8vkh_F,0_7797_44,5yu8,0_7797_10,5yu8_B,5yu8_A,1.9373557658856861,8.26701267200141,360,360,False
8vkh,8vkh_E,8vkh_F,0_7797_44,5yu8,0_7797_12,5yu8_C,5yu8_A,1.9373808624274598,51.914041627662364,360,360,False
8w36,8w36_A,8w36_B,0_7797_0,3j8a,0_7797_1,3j8a_A,3j8a_B,1.1277163465678883,53.18380631537535,366,366,True
8w36,8w36_A,8w36_B,0_7797_0,3j8a,0_7797_0,3j8a_D,3j8a_A,1.1457483529394479,1.3058225167235837,366,366,False
8w36,8w36_A,8w36_B,0_7797_0,5yu8,0_7797_10,5yu8_B,5yu8_A,2.6629149860902324,7.704952919432708,360,360,False
8w36,8w36_A,8w36_B,0_7797_0,5yu8,0_7797_12,5yu8_C,5yu8_A,2.662943108373413,49.223571872209725,360,360,False
8w36,8w36_C,8w36_A,0_7797_1,3j8a,0_7797_1,3j8a_A,3j8a_B,1.1409665071401214,1.1632796686100904,366,366,False
8w36,8w36_C,8w36_A,0_7797_1,3j8a,0_7797_0,3j8a_D,3j8a_A,1.1409665071401214,53.35703925542709,366,366,True
8w36,8w36_C,8w36_A,0_7797_1,5yu8,0_7797_10,5yu8_B,5yu8_A,2.6629242097242303,52.111728748174386,360,360,True
8w36,8w36_C,8w36_A,0_7797_1,5yu8,0_7797_12,5yu8_C,5yu8_A,2.6629242097242303,6.353523798529867,360,360,True
8w36,8w36_C,8w36_B,0_7797_0,3j8a,0_7797_1,3j8a_A,3j8a_B,1.1409665071401214,53.00565960186984,366,366,False
8w36,8w36_C,8w36_B,0_7797_0,3j8a,0_7797_0,3j8a_D,3j8a_A,1.1409665071401214,1.321888938959937,366,366,True
8w36,8w36_C,8w36_B,0_7797_0,5yu8,0_7797_10,5yu8_B,5yu8_A,2.6629242097242303,8.375100743099388,360,360,True
8w36,8w36_C,8w36_B,0_7797_0,5yu8,0_7797_12,5yu8_C,5yu8_A,2.6629242097242303,55.16591021943252,360,360,True
8w36,8w36_D,8w36_B,0_7797_1,3j8a,0_7797_1,3j8a_A,3j8a_B,1.1409782163539153,1.292796458302881,366,366,False
8w36,8w36_D,8w36_B,0_7797_1,3j8a,0_7797_0,3j8a_D,3j8a_A,1.1409782163539153,53.53025461773725,366,366,True
8w36,8w36_D,8w36_B,0_7797_1,5yu8,0_7797_10,5yu8_B,5yu8_A,2.662930060280521,52.29420199205804,360,360,True
8w36,8w36_D,8w36_B,0_7797_1,5yu8,0_7797_12,5yu8_C,5yu8_A,2.662930060280521,6.389075435307496,360,360,True
8w36,8w36_D,8w36_C,0_7797_0,3j8a,0_7797_1,3j8a_A,3j8a_B,1.1409782163539153,52.8278310708731,366,366,False
8w36,8w36_D,8w36_C,0_7797_0,3j8a,0_7797_0,3j8a_D,3j8a_A,1.1409782163539153,1.4317805864095083,366,366,True
8w36,8w36_D,8w36_C,0_7797_0,5yu8,0_7797_10,5yu8_B,5yu8_A,2.662930060280521,8.489732395368147,360,360,True
8w36,8w36_D,8w36_C,0_7797_0,5yu8,0_7797_12,5yu8_C,5yu8_A,2.662930060280521,54.989348312572396,360,360,True
8w36,8w36_C,8w36_E,0_7797_1,3j8a,0_7797_1,3j8a_A,3j8a_B,1.1277151498341118,1.2388881261538072,366,366,True
8w36,8w36_C,8w36_E,0_7797_1,3j8a,0_7797_0,3j8a_D,3j8a_A,1.145746150327004,53.395971294508534,366,366,False
8w36,8w36_C,8w36_E,0_7797_1,5yu8,0_7797_10,5yu8_B,5yu8_A,2.6629040007026585,57.936766381260476,360,360,False
8w36,8w36_C,8w36_E,0_7797_1,5yu8,0_7797_12,5yu8_C,5yu8_A,2.662932121936232,8.41626158717866,360,360,False
8w36,8w36_D,8w36_E,0_7797_0,3j8a,0_7797_1,3j8a_A,3j8a_B,1.127728417312643,53.173663529266314,366,366,True
8w36,8w36_D,8w36_E,0_7797_0,3j8a,0_7797_0,3j8a_D,3j8a_A,1.1457628614095126,1.3155277696671168,366,366,False
8w36,8w36_D,8w36_E,0_7797_0,5yu8,0_7797_10,5yu8_B,5yu8_A,2.6629098477096886,7.747763091465368,360,360,False
8w36,8w36_D,8w36_E,0_7797_0,5yu8,0_7797_12,5yu8_C,5yu8_A,2.662937974176441,49.21276450554671,360,360,False
8zb7,8zb7_C,8zb7_A,0_7797_0,3j8a,0_7797_1,3j8a_A,3j8a_B,1.0682656844595142,52.90674469933571,366,366,False
8zb7,8zb7_C,8zb7_A,0_7797_0,3j8a,0_7797_0,3j8a_D,3j8a_A,1.0682656844595142,1.4071678096520608,366,366,True
8zb7,8zb7_C,8zb7_A,0_7797_0,5yu8,0_7797_10,5yu8_B,5yu8_A,2.6168850145758547,8.49854923860253,360,360,True
8zb7,8zb7_C,8zb7_A,0_7797_0,5yu8,0_7797_12,5yu8_C,5yu8_A,2.6168850145758547,55.15539139680426,360,360,True
8zb7,8zb7_E,8zb7_A,0_7797_1,3j8a,0_7797_1,3j8a_A,3j8a_B,1.0660456135133507,1.3284954834636011,366,366,False
8zb7,8zb7_E,8zb7_A,0_7797_1,3j8a,0_7797_0,3j8a_D,3j8a_A,1.0660456135133507,54.00844288872769,366,366,True
8zb7,8zb7_E,8zb7_A,0_7797_1,5yu8,0_7797_10,5yu8_B,5yu8_A,2.600237791901305,52.70059937646557,360,360,True
8zb7,8zb7_E,8zb7_A,0_7797_1,5yu8,0_7797_12,5yu8_C,5yu8_A,2.600237791901305,6.425713208675848,360,360,True
8zb7,8zb7_B,8zb7_D,0_7797_0,3j8a,0_7797_1,3j8a_A,3j8a_B,1.0534004979358909,52.87958633227179,366,366,False
8zb7,8zb7_B,8zb7_D,0_7797_0,3j8a,0_7797_0,3j8a_D,3j8a_A,1.0534004979358909,1.4254642010439724,366,366,True
8zb7,8zb7_B,8zb7_D,0_7797_0,5yu8,0_7797_10,5yu8_B,5yu8_A,2.612940339685805,8.497011309050011,360,360,True
8zb7,8zb7_B,8zb7_D,0_7797_0,5yu8,0_7797_12,5yu8_C,5yu8_A,2.612940339685805,55.14279336533498,360,360,True
8zb7,8zb7_B,8zb7_F,0_7797_1,3j8a,0_7797_1,3j8a_A,3j8a_B,1.0534004979358909,1.3221736934051722,366,366,False
8zb7,8zb7_B,8zb7_F,0_7797_1,3j8a,0_7797_0,3j8a_D,3j8a_A,1.0534004979358909,54.00321089032775,366,366,True
8zb7,8zb7_B,8zb7_F,0_7797_1,5yu8,0_7797_10,5yu8_B,5yu8_A,2.612940339685805,52.71011702670736,360,360,True
8zb7,8zb7_B,8zb7_F,0_7797_1,5yu8,0_7797_12,5yu8_C,5yu8_A,2.612940339685805,6.478645378210646,360,360,True
8zb7,8zb7_C,8zb7_E,0_7797_0,3j8a,0_7797_1,3j8a_A,3j8a_B,1.0429049290725614,53.116000634685676,366,366,True
8zb7,8zb7_C,8zb7_E,0_7797_0,3j8a,0_7797_0,3j8a_D,3j8a_A,1.070756860724099,1.3540383527810596,366,366,False
8zb7,8zb7_C,8zb7_E,0_7797_0,5yu8,0_7797_10,5yu8_B,5yu8_A,2.6168683724697646,8.044232043013798,360,360,False
8zb7,8zb7_C,8zb7_E,0_7797_0,5yu8,0_7797_12,5yu8_C,5yu8_A,2.6168978638862304,49.09009515557273,360,360,False
8zb7,8zb7_C,8zb7_F,0_7797_1,3j8a,0_7797_1,3j8a_A,3j8a_B,1.0429049290725614,1.2854685192515114,366,366,True
8zb7,8zb7_C,8zb7_F,0_7797_1,3j8a,0_7797_0,3j8a_D,3j8a_A,1.070756860724099,53.80994654654593,366,366,False
8zb7,8zb7_C,8zb7_F,0_7797_1,5yu8,0_7797_10,5yu8_B,5yu8_A,2.6168683724697646,58.43539217913108,360,360,False
8zb7,8zb7_C,8zb7_F,0_7797_1,5yu8,0_7797_12,5yu8_C,5yu8_A,2.6168978638862304,8.407021125873198,360,360,False
8zb7,8zb7_D,8zb7_E,0_7797_1,3j8a,0_7797_1,3j8a_A,3j8a_B,1.0666771423145007,1.3468029520427558,366,366,False
8zb7,8zb7_D,8zb7_E,0_7797_1,3j8a,0_7797_0,3j8a_D,3j8a_A,1.0666771423145007,54.025363810667564,366,366,True
8zb7,8zb7_D,8zb7_E,0_7797_1,5yu8,0_7797_10,5yu8_B,5yu8_A,2.608308602755305,52.72820873253155,360,360,True
8zb7,8zb7_D,8zb7_E,0_7797_1,5yu8,0_7797_12,5yu8_C,5yu8_A,2.608308602755305,6.449250392612395,360,360,True
8zb7,8zb7_D,8zb7_F,0_7797_0,3j8a,0_7797_1,3j8a_A,3j8a_B,1.0666771423145007,52.85824027368199,366,366,False
8zb7,8zb7_D,8zb7_F,0_7797_0,3j8a,0_7797_0,3j8a_D,3j8a_A,1.0666771423145007,1.4386895916674434,366,366,True
8zb7,8zb7_D,8zb7_F,0_7797_0,5yu8,0_7797_10,5yu8_B,5yu8_A,2.608308602755305,8.474165805109449,360,360,True
8zb7,8zb7_D,8zb7_F,0_7797_0,5yu8,0_7797_12,5yu8_C,5yu8_A,2.608308602755305,55.11204276712884,360,360,True
8zb7,8zb7_E,8zb7_F,0_7797_0,3j8a,0_7797_1,3j8a_A,3j8a_B,1.041254438298265,53.15309215983079,366,366,True
8zb7,8zb7_E,8zb7_F,0_7797_0,3j8a,0_7797_0,3j8a_D,3j8a_A,1.0694830607956614,1.335527363265299,366,366,False
8zb7,8zb7_E,8zb7_F,0_7797_0,5yu8,0_7797_10,5yu8_B,5yu8_A,2.60022070538906,7.9987637808727285,360,360,False
8zb7,8zb7_E,8zb7_F,0_7797_0,5yu8,0_7797_12,5yu8_C,5yu8_A,2.6002489849575188,49.13668080481595,360,360,False
8zbm,8zbm_E,8zbm_H,0_7797_0,3j8a,0_7797_1,3j8a_A,3j8a_B,1.0266203327927927,53.133594979128844,366,366,False
8zbm,8zbm_E,8zbm_H,0_7797_0,3j8a,0_7797_0,3j8a_D,3j8a_A,1.0266203327927927,1.233103712269709,366,366,True
8zbm,8zbm_E,8zbm_H,0_7797_0,5yu8,0_7797_10,5yu8_B,5yu8_A,2.616668293723715,8.505090102484377,360,360,True
8zbm,8zbm_E,8zbm_H,0_7797_0,5yu8,0_7797_12,5yu8_C,5yu8_A,2.616668293723715,55.372183885646706,360,360,True
8zbm,8zbm_E,8zbm_O,0_7797_1,3j8a,0_7797_1,3j8a_A,3j8a_B,1.0066113622751902,1.1389346196293342,366,366,True
8zbm,8zbm_E,8zbm_O,0_7797_1,3j8a,0_7797_0,3j8a_D,3j8a_A,1.0333730972756845,53.63510620273784,366,366,False
8zbm,8zbm_E,8zbm_O,0_7797_1,5yu8,0_7797_10,5yu8_B,5yu8_A,2.616652171202606,58.24116467895422,360,360,False
8zbm,8zbm_E,8zbm_O,0_7797_1,5yu8,0_7797_12,5yu8_C,5yu8_A,2.6166805670916955,8.331749274233818,360,360,False
8zbm,8zbm_E,8zbm_Q,0_7797_0,3j8a,0_7797_1,3j8a_A,3j8a_B,1.0066113622751902,53.31855855804233,366,366,True
8zbm,8zbm_E,8zbm_Q,0_7797_0,3j8a,0_7797_0,3j8a_D,3j8a_A,1.0333730972756845,1.1880171488489522,366,366,False
8zbm,8zbm_E,8zbm_Q,0_7797_0,5yu8,0_7797_10,5yu8_B,5yu8_A,2.616652171202606,7.820806399237639,360,360,False
8zbm,8zbm_E,8zbm_Q,0_7797_0,5yu8,0_7797_12,5yu8_C,5yu8_A,2.6166805670916955,49.30338823964687,360,360,False
8zbm,8zbm_H,8zbm_Q,0_7797_1,3j8a,0_7797_1,3j8a_A,3j8a_B,1.0153916009631907,1.1388145121218451,366,366,True
8zbm,8zbm_H,8zbm_Q,0_7797_1,3j8a,0_7797_0,3j8a_D,3j8a_A,1.0424806999201974,53.615771984687846,366,366,False
8zbm,8zbm_H,8zbm_Q,0_7797_1,5yu8,0_7797_10,5yu8_B,5yu8_A,2.6210601007499377,58.22470227106336,360,360,False
8zbm,8zbm_H,8zbm_Q,0_7797_1,5yu8,0_7797_12,5yu8_C,5yu8_A,2.621088597977609,8.318428619826166,360,360,False
8zbm,8zbm_O,8zbm_P,0_7797_1,3j8a,0_7797_1,3j8a_A,3j8a_B,1.0104358391299382,1.139213444616724,366,366,True
8zbm,8zbm_O,8zbm_P,0_7797_1,3j8a,0_7797_0,3j8a_D,3j8a_A,1.036114501264574,53.61309951994244,366,366,False
8zbm,8zbm_O,8zbm_P,0_7797_1,5yu8,0_7797_10,5yu8_B,5yu8_A,2.6010344625332658,58.21262452442244,360,360,False
8zbm,8zbm_O,8zbm_P,0_7797_1,5yu8,0_7797_12,5yu8_C,5yu8_A,2.6010621570853063,8.291273748216444,360,360,False
8zbm,8zbm_O,8zbm_Q,0_7797_0,3j8a,0_7797_1,3j8a_A,3j8a_B,1.029405586561352,53.0908805799978,366,366,False
8zbm,8zbm_O,8zbm_Q,0_7797_0,3j8a,0_7797_0,3j8a_D,3j8a_A,1.029405586561352,1.242566908354853,366,366,True
8zbm,8zbm_O,8zbm_Q,0_7797_0,5yu8,0_7797_10,5yu8_B,5yu8_A,2.6010506226722283,8.480813827206738,360,360,True
8zbm,8zbm_O,8zbm_Q,0_7797_0,5yu8,0_7797_12,5yu8_C,5yu8_A,2.6010506226722283,55.32309832016213,360,360,True
8zbm,8zbm_O,8zbm_R,0_7797_0,3j8a,0_7797_1,3j8a_A,3j8a_B,1.0104358391299382,53.33717585628765,366,366,True
8zbm,8zbm_O,8zbm_R,0_7797_0,3j8a,0_7797_0,3j8a_D,3j8a_A,1.036114501264574,1.1856729238144548,366,366,False
8zbm,8zbm_O,8zbm_R,0_7797_0,5yu8,0_7797_10,5yu8_B,5yu8_A,2.6010344625332658,7.794380838338347,360,360,False
8zbm,8zbm_O,8zbm_R,0_7797_0,5yu8,0_7797_12,5yu8_C,5yu8_A,2.6010621570853063,49.32968139178307,360,360,False
8zbm,8zbm_P,8zbm_R,0_7797_0,3j8a,0_7797_1,3j8a_A,3j8a_B,1.0335602731147229,53.086426700473424,366,366,False
8zbm,8zbm_P,8zbm_R,0_7797_0,3j8a,0_7797_0,3j8a_D,3j8a_A,1.0335602731147229,1.251164277625729,366,366,True
8zbm,8zbm_P,8zbm_R,0_7797_0,5yu8,0_7797_10,5yu8_B,5yu8_A,2.6000571851203524,8.485626198096444,360,360,True
8zbm,8zbm_P,8zbm_R,0_7797_0,5yu8,0_7797_12,5yu8_C,5yu8_A,2.6000571851203524,55.31899560232294,360,360,True
8zbm,8zbm_Q,8zbm_R,0_7797_1,3j8a,0_7797_1,3j8a_A,3j8a_B,1.0122757742472202,1.1336565456933108,366,366,True
8zbm,8zbm_Q,8zbm_R,0_7797_1,3j8a,0_7797_0,3j8a_D,3j8a_A,1.0377421912549143,53.61319466002226,366,366,False
8zbm,8zbm_Q,8zbm_R,0_7797_1,5yu8,0_7797_10,5yu8_B,5yu8_A,2.609595165259853,58.21346948170316,360,360,False
8zbm,8zbm_Q,8zbm_R,0_7797_1,5yu8,0_7797_12,5yu8_C,5yu8_A,2.6096229712735983,8.292271355536505,360,360,False
8zbn,8zbn_B,8zbn_I,0_7797_0,3j8a,0_7797_1,3j8a_A,3j8a_B,1.0331472724865562,52.940506367407316,366,366,False
8zbn,8zbn_B,8zbn_I,0_7797_0,3j8a,0_7797_0,3j8a_D,3j8a_A,1.0331472724865562,1.3481289384187891,366,366,True
8zbn,8zbn_B,8zbn_I,0_7797_0,5yu8,0_7797_10,5yu8_B,5yu8_A,2.6020504299756655,8.487199574199906,359,359,True
8zbn,8zbn_B,8zbn_I,0_7797_0,5yu8,0_7797_12,5yu8_C,5yu8_A,2.6020504299756655,55.2003405874637,359,359,True
8zbn,8zbn_B,8zbn_J,0_7797_1,3j8a,0_7797_1,3j8a_A,3j8a_B,1.0331472724865562,1.2760197129460147,366,366,False
8zbn,8zbn_B,8zbn_J,0_7797_1,3j8a,0_7797_0,3j8a_D,3j8a_A,1.0331472724865562,53.968968787966844,366,366,True
8zbn,8zbn_B,8zbn_J,0_7797_1,5yu8,0_7797_10,5yu8_B,5yu8_A,2.6020504299756655,52.659619046494406,359,359,True
8zbn,8zbn_B,8zbn_J,0_7797_1,5yu8,0_7797_12,5yu8_C,5yu8_A,2.6020504299756655,6.471867510555251,359,359,True
8zbn,8zbn_B,8zbn_K,0_7797_1,3j8a,0_7797_1,3j8a_A,3j8a_B,1.0121586591989207,1.2385905108244757,366,366,True
8zbn,8zbn_B,8zbn_K,0_7797_1,3j8a,0_7797_0,3j8a_D,3j8a_A,1.0352052877499343,53.77239065748913,366,366,False
8zbn,8zbn_B,8zbn_K,0_7797_1,5yu8,0_7797_10,5yu8_B,5yu8_A,2.6020322564144807,58.388932069393924,359,359,False
8zbn,8zbn_B,8zbn_K,0_7797_1,5yu8,0_7797_12,5yu8_C,5yu8_A,2.602060199002769,8.374251660783523,359,359,False
8zbn,8zbn_B,8zbn_M,0_7797_0,3j8a,0_7797_1,3j8a_A,3j8a_B,1.0121586591989207,53.16935524867278,366,366,True
8zbn,8zbn_B,8zbn_M,0_7797_0,3j8a,0_7797_0,3j8a_D,3j8a_A,1.0352052877499343,1.291690797722693,366,366,False
8zbn,8zbn_B,8zbn_M,0_7797_0,5yu8,0_7797_10,5yu8_B,5yu8_A,2.6020322564144807,7.977927880483662,359,359,False
8zbn,8zbn_B,8zbn_M,0_7797_0,5yu8,0_7797_12,5yu8_C,5yu8_A,2.602060199002769,49.145252476339024,359,359,False
8zbn,8zbn_I,8zbn_D,0_7797_1,3j8a,0_7797_1,3j8a_A,3j8a_B,1.0330947885506314,1.2676477604598109,366,366,False
8zbn,8zbn_I,8zbn_D,0_7797_1,3j8a,0_7797_0,3j8a_D,3j8a_A,1.0330947885506314,53.96284230612104,366,366,True
8zbn,8zbn_I,8zbn_D,0_7797_1,5yu8,0_7797_10,5yu8_B,5yu8_A,2.604730924682622,52.65056282906834,359,359,True
8zbn,8zbn_I,8zbn_D,0_7797_1,5yu8,0_7797_12,5yu8_C,5yu8_A,2.604730924682622,6.486696559131316,359,359,True
8zbn,8zbn_J,8zbn_D,0_7797_0,3j8a,0_7797_1,3j8a_A,3j8a_B,1.038137070139944,52.94737332585954,366,366,False
8zbn,8zbn_J,8zbn_D,0_7797_0,3j8a,0_7797_0,3j8a_D,3j8a_A,1.038137070139944,1.3446040130419803,366,366,True
8zbn,8zbn_J,8zbn_D,0_7797_0,5yu8,0_7797_10,5yu8_B,5yu8_A,2.6108561498071436,8.495045815434173,359,359,True
8zbn,8zbn_J,8zbn_D,0_7797_0,5yu8,0_7797_12,5yu8_C,5yu8_A,2.6108561498071436,55.210172557184855,359,359,True
8zbn,8zbn_I,8zbn_J,0_7797_0,3j8a,0_7797_1,3j8a_A,3j8a_B,1.0330947885506314,52.94693975372139,366,366,False
8zbn,8zbn_I,8zbn_J,0_7797_0,3j8a,0_7797_0,3j8a_D,3j8a_A,1.0330947885506314,1.350798385406257,366,366,True
8zbn,8zbn_I,8zbn_J,0_7797_0,5yu8,0_7797_10,5yu8_B,5yu8_A,2.604730924682622,8.504856120558989,359,359,True
8zbn,8zbn_I,8zbn_J,0_7797_0,5yu8,0_7797_12,5yu8_C,5yu8_A,2.604730924682622,55.21042330558774,359,359,True
8zbn,8zbn_I,8zbn_M,0_7797_1,3j8a,0_7797_1,3j8a_A,3j8a_B,1.0101000399416569,1.2395713613425992,366,366,True
8zbn,8zbn_I,8zbn_M,0_7797_1,3j8a,0_7797_0,3j8a_D,3j8a_A,1.0343849141913155,53.776733020898696,366,366,False
8zbn,8zbn_I,8zbn_M,0_7797_1,5yu8,0_7797_10,5yu8_B,5yu8_A,2.604712640822119,58.39809495765661,359,359,False
8zbn,8zbn_I,8zbn_M,0_7797_1,5yu8,0_7797_12,5yu8_C,5yu8_A,2.6047410949569825,8.393877278764977,359,359,False
8zbn,8zbn_K,8zbn_M,0_7797_0,3j8a,0_7797_1,3j8a_A,3j8a_B,1.0328105186336214,52.93409900510072,366,366,False
8zbn,8zbn_K,8zbn_M,0_7797_0,3j8a,0_7797_0,3j8a_D,3j8a_A,1.0328105186336214,1.3545852899212882,366,366,True
8zbn,8zbn_K,8zbn_M,0_7797_0,5yu8,0_7797_10,5yu8_B,5yu8_A,2.6009066940287076,8.488663481366236,359,359,True
8zbn,8zbn_K,8zbn_M,0_7797_0,5yu8,0_7797_12,5yu8_C,5yu8_A,2.6009066940287076,55.19052852344506,359,359,True
8zix,8zix_A,8zix_B,0_7797_1,3j8a,0_7797_1,3j8a_A,3j8a_B,1.0125171138824756,1.1502295411421164,366,366,False
8zix,8zix_A,8zix_B,0_7797_1,3j8a,0_7797_0,3j8a_D,3j8a_A,1.0125171138824756,53.735474558377796,366,366,True
8zix,8zix_A,8zix_B,0_7797_1,5yu8,0_7797_10,5yu8_B,5yu8_A,2.611968067899367,52.49954669704281,360,360,True
8zix,8zix_A,8zix_B,0_7797_1,5yu8,0_7797_12,5yu8_C,5yu8_A,2.611968067899367,6.50200778183242,360,360,True
8zix,8zix_A,8zix_E,0_7797_0,3j8a,0_7797_1,3j8a_A,3j8a_B,1.0125171138824756,53.23998550267013,366,366,False
8zix,8zix_A,8zix_E,0_7797_0,3j8a,0_7797_0,3j8a_D,3j8a_A,1.0125171138824756,1.175659126511642,366,366,True
8zix,8zix_A,8zix_E,0_7797_0,5yu8,0_7797_10,5yu8_B,5yu8_A,2.611968067899367,8.471557846644744,360,360,True
8zix,8zix_A,8zix_E,0_7797_0,5yu8,0_7797_12,5yu8_C,5yu8_A,2.611968067899367,55.4522703570694,360,360,True
8zix,8zix_P,8zix_A,0_7797_1,3j8a,0_7797_1,3j8a_A,3j8a_B,1.014640441453998,1.1292039977805983,366,366,False
8zix,8zix_P,8zix_A,0_7797_1,3j8a,0_7797_0,3j8a_D,3j8a_A,1.014640441453998,53.74720570084707,366,366,True
8zix,8zix_P,8zix_A,0_7797_1,5yu8,0_7797_10,5yu8_B,5yu8_A,2.6170734985622683,52.5030907266216,360,360,True
8zix,8zix_P,8zix_A,0_7797_1,5yu8,0_7797_12,5yu8_C,5yu8_A,2.6170734985622683,6.523896084099764,360,360,True
8zix,8zix_R,8zix_A,0_7797_0,3j8a,0_7797_1,3j8a_A,3j8a_B,1.010927185755718,53.257689927408805,366,366,False
8zix,8zix_R,8zix_A,0_7797_0,3j8a,0_7797_0,3j8a_D,3j8a_A,1.010927185755718,1.1619025464285404,366,366,True
8zix,8zix_R,8zix_A,0_7797_0,5yu8,0_7797_10,5yu8_B,5yu8_A,2.619100048244755,8.463786826825334,360,360,True
8zix,8zix_R,8zix_A,0_7797_0,5yu8,0_7797_12,5yu8_C,5yu8_A,2.619100048244755,55.46775928846515,360,360,True
8zix,8zix_E,8zix_B,0_7797_0,3j8a,0_7797_1,3j8a_A,3j8a_B,1.032895072675255,53.23806599656195,366,366,False
8zix,8zix_E,8zix_B,0_7797_0,3j8a,0_7797_0,3j8a_D,3j8a_A,1.032895072675255,1.190516386046582,366,366,True
8zix,8zix_E,8zix_B,0_7797_0,5yu8,0_7797_10,5yu8_B,5yu8_A,2.617089748380589,8.461246233941795,360,360,True
8zix,8zix_E,8zix_B,0_7797_0,5yu8,0_7797_12,5yu8_C,5yu8_A,2.617089748380589,55.44205722652995,360,360,True
8zix,8zix_B,8zix_F,0_7797_0,3j8a,0_7797_1,3j8a_A,3j8a_B,1.0436209176574907,53.23822755088759,366,366,False
8zix,8zix_B,8zix_F,0_7797_0,3j8a,0_7797_0,3j8a_D,3j8a_A,1.0436209176574907,1.1894706755013695,366,366,True
8zix,8zix_B,8zix_F,0_7797_0,5yu8,0_7797_10,5yu8_B,5yu8_A,2.6136606930182946,8.462544807158812,360,360,True
8zix,8zix_B,8zix_F,0_7797_0,5yu8,0_7797_12,5yu8_C,5yu8_A,2.6136606930182946,55.44623670504277,360,360,True
8zix,8zix_E,8zix_F,0_7797_1,3j8a,0_7797_1,3j8a_A,3j8a_B,1.032895072675255,1.1464593022839213,366,366,False
8zix,8zix_E,8zix_F,0_7797_1,3j8a,0_7797_0,3j8a_D,3j8a_A,1.032895072675255,53.71825669693057,366,366,True
8zix,8zix_E,8zix_F,0_7797_1,5yu8,0_7797_10,5yu8_B,5yu8_A,2.617089748380589,52.47690907842749,360,360,True
8zix,8zix_E,8zix_F,0_7797_1,5yu8,0_7797_12,5yu8_C,5yu8_A,2.617089748380589,6.465584584857939,360,360,True
8zix,8zix_R,8zix_E,0_7797_1,3j8a,0_7797_1,3j8a_A,3j8a_B,1.010927185755718,1.1503112207217794,366,366,False
8zix,8zix_R,8zix_E,0_7797_1,3j8a,0_7797_0,3j8a_D,3j8a_A,1.010927185755718,53.72925787533834,366,366,True
8zix,8zix_R,8zix_E,0_7797_1,5yu8,0_7797_10,5yu8_B,5yu8_A,2.619100048244755,52.492697000462975,360,360,True
8zix,8zix_R,8zix_E,0_7797_1,5yu8,0_7797_12,5yu8_C,5yu8_A,2.619100048244755,6.5378873871761485,360,360,True
8zix,8zix_P,8zix_R,0_7797_0,3j8a,0_7797_1,3j8a_A,3j8a_B,1.014640441453998,53.25888107493219,366,366,False
8zix,8zix_P,8zix_R,0_7797_0,3j8a,0_7797_0,3j8a_D,3j8a_A,1.014640441453998,1.1665942754985308,366,366,True
8zix,8zix_P,8zix_R,0_7797_0,5yu8,0_7797_10,5yu8_B,5yu8_A,2.6170734985622683,8.470109407151885,360,360,True
8zix,8zix_P,8zix_R,0_7797_0,5yu8,0_7797_12,5yu8_C,5yu8_A,2.6170734985622683,55.48201473601767,360,360,True
9az4,9az4_A,9az4_B,0_7797_0,3j8a,0_7797_1,3j8a_A,3j8a_B,1.0455834741374588,52.829398083759,366,366,True
9az4,9az4_A,9az4_B,0_7797_0,3j8a,0_7797_0,3j8a_D,3j8a_A,1.0566880167570747,1.5898401258587205,366,366,False
9az4,9az4_A,9az4_B,0_7797_0,5yu8,0_7797_10,5yu8_B,5yu8_A,2.660264371954908,8.164532926789272,360,360,False
9az4,9az4_A,9az4_B,0_7797_0,5yu8,0_7797_12,5yu8_C,5yu8_A,2.6602882519331383,48.88929843641483,360,360,False
9az4,9az4_A,9az4_C,0_7797_1,3j8a,0_7797_1,3j8a_A,3j8a_B,1.0455834741374588,1.260787098972313,366,366,True
9az4,9az4_A,9az4_C,0_7797_1,3j8a,0_7797_0,3j8a_D,3j8a_A,1.0566880167570747,53.70709126015896,366,366,False
9az4,9az4_A,9az4_C,0_7797_1,5yu8,0_7797_10,5yu8_B,5yu8_A,2.660264371954908,58.28366889215283,360,360,False
9az4,9az4_A,9az4_C,0_7797_1,5yu8,0_7797_12,5yu8_C,5yu8_A,2.6602882519331383,8.422544868980772,360,360,False
9az4,9az4_B,9az4_C,0_7797_0,3j8a,0_7797_1,3j8a_A,3j8a_B,1.0698162801815367,52.930678857978286,366,366,True
9az4,9az4_B,9az4_C,0_7797_0,3j8a,0_7797_0,3j8a_D,3j8a_A,1.08224319282644,1.6070610625593924,366,366,False
9az4,9az4_B,9az4_C,0_7797_0,5yu8,0_7797_10,5yu8_B,5yu8_A,2.64371377602207,7.979845923346547,360,360,False
9az4,9az4_B,9az4_C,0_7797_0,5yu8,0_7797_12,5yu8_C,5yu8_A,2.643739339344597,48.929362067305796,360,360,False
9az4,9az4_B,9az4_D,0_7797_1,3j8a,0_7797_1,3j8a_A,3j8a_B,1.0698162801815367,1.2929590710861474,366,366,True
9az4,9az4_B,9az4_D,0_7797_1,3j8a,0_7797_0,3j8a_D,3j8a_A,1.08224319282644,53.6931576359234,366,366,False
9az4,9az4_B,9az4_D,0_7797_1,5yu8,0_7797_10,5yu8_B,5yu8_A,2.64371377602207,58.295543155008886,360,360,False
9az4,9az4_B,9az4_D,0_7797_1,5yu8,0_7797_12,5yu8_C,5yu8_A,2.643739339344597,8.463034402237527,360,360,False
9az4,9az4_C,9az4_D,0_7797_0,3j8a,0_7797_1,3j8a_A,3j8a_B,1.1242362730036353,53.30590622001321,366,366,True
9az4,9az4_C,9az4_D,0_7797_0,3j8a,0_7797_0,3j8a_D,3j8a_A,1.1339309683267418,1.5225200897082531,366,366,False
9az4,9az4_C,9az4_D,0_7797_0,5yu8,0_7797_10,5yu8_B,5yu8_A,2.6391088327630174,7.5481999977808645,360,360,False
9az4,9az4_C,9az4_D,0_7797_0,5yu8,0_7797_12,5yu8_C,5yu8_A,2.6391315875616264,49.24650210963227,360,360,False
9az4,9az4_C,9az4_E,0_7797_1,3j8a,0_7797_1,3j8a_A,3j8a_B,1.1242362730036353,1.2876539237183966,366,366,True
9az4,9az4_C,9az4_E,0_7797_1,3j8a,0_7797_0,3j8a_D,3j8a_A,1.1339309683267418,53.58564095731972,366,366,False
9az4,9az4_C,9az4_E,0_7797_1,5yu8,0_7797_10,5yu8_B,5yu8_A,2.6391088327630174,58.1969085829042,360,360,False
9az4,9az4_C,9az4_E,0_7797_1,5yu8,0_7797_12,5yu8_C,5yu8_A,2.6391315875616264,8.256692784491571,360,360,False
9az4,9az4_D,9az4_E,0_7797_0,3j8a,0_7797_1,3j8a_A,3j8a_B,1.1528938576338685,53.60120858003918,366,366,True
9az4,9az4_D,9az4_E,0_7797_0,3j8a,0_7797_0,3j8a_D,3j8a_A,1.1662982582414503,1.514037413417145,366,366,False
9az4,9az4_D,9az4_E,0_7797_0,5yu8,0_7797_10,5yu8_B,5yu8_A,2.6675228286820176,7.132296700483597,360,360,False
9az4,9az4_D,9az4_E,0_7797_0,5yu8,0_7797_12,5yu8_C,5yu8_A,2.6675455493925995,49.51919820079634,360,360,False
9az4,9az4_D,9az4_F,0_7797_1,3j8a,0_7797_1,3j8a_A,3j8a_B,1.1528938576338685,1.8783563178025648,366,366,True
9az4,9az4_D,9az4_F,0_7797_1,3j8a,0_7797_0,3j8a_D,3j8a_A,1.1662982582414503,53.751702256574056,366,366,False
9az4,9az4_D,9az4_F,0_7797_1,5yu8,0_7797_10,5yu8_B,5yu8_A,2.6675228286820176,58.40086872440208,360,360,False
9az4,9az4_D,9az4_F,0_7797_1,5yu8,0_7797_12,5yu8_C,5yu8_A,2.6675455493925995,8.677303380402076,360,360,False
9az4,9az4_E,9az4_F,0_7797_0,3j8a,0_7797_1,3j8a_A,3j8a_B,1.2000911816497706,54.65625962145146,366,366,True
9az4,9az4_E,9az4_F,0_7797_0,3j8a,0_7797_0,3j8a_D,3j8a_A,1.2117619618483875,2.5745035197702744,366,366,False
9az4,9az4_E,9az4_F,0_7797_0,5yu8,0_7797_10,5yu8_B,5yu8_A,2.5571042677465736,6.551770782504641,360,360,False
9az4,9az4_E,9az4_F,0_7797_0,5yu8,0_7797_12,5yu8_C,5yu8_A,2.5571300914759525,50.55524143967078,360,360,False
9az6,9az6_A,9az6_B,0_7797_0,3j8a,0_7797_1,3j8a_A,3j8a_B,1.1527691114833478,53.13224758662829,366,366,True
9az6,9az6_A,9az6_B,0_7797_0,3j8a,0_7797_0,3j8a_D,3j8a_A,1.1698968186804777,1.3090776858119393,366,366,False
9az6,9az6_A,9az6_B,0_7797_0,5yu8,0_7797_10,5yu8_B,5yu8_A,2.593800744819068,7.763246707601662,360,360,False
9az6,9az6_A,9az6_B,0_7797_0,5yu8,0_7797_12,5yu8_C,5yu8_A,2.593827180476743,49.111712523778785,360,360,False
9az6,9az6_A,9az6_C,0_7797_1,3j8a,0_7797_1,3j8a_A,3j8a_B,1.1527691114833478,1.2696040405583988,366,366,True
9az6,9az6_A,9az6_C,0_7797_1,3j8a,0_7797_0,3j8a_D,3j8a_A,1.1698968186804777,53.29781460290491,366,366,False
9az6,9az6_A,9az6_C,0_7797_1,5yu8,0_7797_10,5yu8_B,5yu8_A,2.593800744819068,57.941715239538304,360,360,False
9az6,9az6_A,9az6_C,0_7797_1,5yu8,0_7797_12,5yu8_C,5yu8_A,2.593827180476743,8.175183033075193,360,360,False
9az6,9az6_B,9az6_C,0_7797_0,3j8a,0_7797_1,3j8a_A,3j8a_B,1.18453220944642,53.156247836436506,366,366,True
9az6,9az6_B,9az6_C,0_7797_0,3j8a,0_7797_0,3j8a_D,3j8a_A,1.1991669909697702,1.2861557771083456,366,366,False
9az6,9az6_B,9az6_C,0_7797_0,5yu8,0_7797_10,5yu8_B,5yu8_A,2.608562037520056,7.6958850392345495,360,360,False
9az6,9az6_B,9az6_C,0_7797_0,5yu8,0_7797_12,5yu8_C,5yu8_A,2.6085880767798684,49.15599913659415,360,360,False
9az6,9az6_B,9az6_D,0_7797_1,3j8a,0_7797_1,3j8a_A,3j8a_B,1.18453220944642,1.2736996215838776,366,366,True
9az6,9az6_B,9az6_D,0_7797_1,3j8a,0_7797_0,3j8a_D,3j8a_A,1.1991669909697702,53.2437408545741,366,366,False
9az6,9az6_B,9az6_D,0_7797_1,5yu8,0_7797_10,5yu8_B,5yu8_A,2.608562037520056,57.86503142245751,360,360,False
9az6,9az6_B,9az6_D,0_7797_1,5yu8,0_7797_12,5yu8_C,5yu8_A,2.6085880767798684,8.01619080867434,360,360,False
9az6,9az6_C,9az6_D,0_7797_0,3j8a,0_7797_1,3j8a_A,3j8a_B,1.1563993180288838,53.143501902882726,366,366,True
9az6,9az6_C,9az6_D,0_7797_0,3j8a,0_7797_0,3j8a_D,3j8a_A,1.174418195296902,1.300968340245633,366,366,False
9az6,9az6_C,9az6_D,0_7797_0,5yu8,0_7797_10,5yu8_B,5yu8_A,2.6156558122488147,7.765256868649215,360,360,False
9az6,9az6_C,9az6_D,0_7797_0,5yu8,0_7797_12,5yu8_C,5yu8_A,2.6156822894586678,49.113918226268986,360,360,False
9az6,9az6_C,9az6_E,0_7797_1,3j8a,0_7797_1,3j8a_A,3j8a_B,1.1563993180288838,1.297071870026014,366,366,True
9az6,9az6_C,9az6_E,0_7797_1,3j8a,0_7797_0,3j8a_D,3j8a_A,1.174418195296902,53.31414491670296,366,366,False
9az6,9az6_C,9az6_E,0_7797_1,5yu8,0_7797_10,5yu8_B,5yu8_A,2.6156558122488147,57.981826223780125,360,360,False
9az6,9az6_C,9az6_E,0_7797_1,5yu8,0_7797_12,5yu8_C,5yu8_A,2.6156822894586678,8.199479343081062,360,360,False
9az6,9az6_D,9az6_E,0_7797_0,3j8a,0_7797_1,3j8a_A,3j8a_B,1.1680637736469208,53.13016620479259,366,366,True
9az6,9az6_D,9az6_E,0_7797_0,3j8a,0_7797_0,3j8a_D,3j8a_A,1.1846789232769757,1.2911632855410813,366,366,False
9az6,9az6_D,9az6_E,0_7797_0,5yu8,0_7797_10,5yu8_B,5yu8_A,2.6242622098049964,7.749000514716426,360,360,False
9az6,9az6_D,9az6_E,0_7797_0,5yu8,0_7797_12,5yu8_C,5yu8_A,2.624287394429583,49.09466743677243,360,360,False
9azp,9azp_A,9azp_B,0_7797_0,3j8a,0_7797_1,3j8a_A,3j8a_B,1.0256857647538264,53.03949368052653,366,366,True
9azp,9azp_A,9azp_B,0_7797_0,3j8a,0_7797_0,3j8a_D,3j8a_A,1.0377665357294352,1.320807038792783,366,366,False
9azp,9azp_A,9azp_B,0_7797_0,5yu8,0_7797_10,5yu8_B,5yu8_A,2.6559831748418703,7.963339012484698,360,360,False
9azp,9azp_A,9azp_B,0_7797_0,5yu8,0_7797_12,5yu8_C,5yu8_A,2.6560066814350436,49.052960674752796,360,360,False
9azp,9azp_A,9azp_C,0_7797_1,3j8a,0_7797_1,3j8a_A,3j8a_B,1.0256857647538264,1.2325133515381053,366,366,True
9azp,9azp_A,9azp_C,0_7797_1,3j8a,0_7797_0,3j8a_D,3j8a_A,1.0377665357294352,53.6907948188126,366,366,False
9azp,9azp_A,9azp_C,0_7797_1,5yu8,0_7797_10,5yu8_B,5yu8_A,2.6559831748418703,58.28064918585898,360,360,False
9azp,9azp_A,9azp_C,0_7797_1,5yu8,0_7797_12,5yu8_C,5yu8_A,2.6560066814350436,8.348181028388375,360,360,False
9azp,9azp_B,9azp_C,0_7797_0,3j8a,0_7797_1,3j8a_A,3j8a_B,1.0640603906915655,53.14056831815266,366,366,True
9azp,9azp_B,9azp_C,0_7797_0,3j8a,0_7797_0,3j8a_D,3j8a_A,1.0783881284845662,1.3021482599702046,366,366,False
9azp,9azp_B,9azp_C,0_7797_0,5yu8,0_7797_10,5yu8_B,5yu8_A,2.6416687235990626,7.75933622677426,360,360,False
9azp,9azp_B,9azp_C,0_7797_0,5yu8,0_7797_12,5yu8_C,5yu8_A,2.6416932903584702,49.12372239614252,360,360,False
9azp,9azp_B,9azp_D,0_7797_1,3j8a,0_7797_1,3j8a_A,3j8a_B,1.0640603906915655,1.2102389266011426,366,366,True
9azp,9azp_B,9azp_D,0_7797_1,3j8a,0_7797_0,3j8a_D,3j8a_A,1.0783881284845662,53.626290530618185,366,366,False
9azp,9azp_B,9azp_D,0_7797_1,5yu8,0_7797_10,5yu8_B,5yu8_A,2.6416687235990626,58.21433249944116,360,360,False
9azp,9azp_B,9azp_D,0_7797_1,5yu8,0_7797_12,5yu8_C,5yu8_A,2.6416932903584702,8.31617142813203,360,360,False
9azp,9azp_C,9azp_D,0_7797_0,3j8a,0_7797_1,3j8a_A,3j8a_B,1.0913681213916155,53.421092540201876,366,366,True
9azp,9azp_C,9azp_D,0_7797_0,3j8a,0_7797_0,3j8a_D,3j8a_A,1.1019554135908045,1.2560974145365023,366,366,False
9azp,9azp_C,9azp_D,0_7797_0,5yu8,0_7797_10,5yu8_B,5yu8_A,2.6292724565180916,7.452170188554954,360,360,False
9azp,9azp_C,9azp_D,0_7797_0,5yu8,0_7797_12,5yu8_C,5yu8_A,2.629296614073778,49.3782211244309,360,360,False
9azp,9azp_C,9azp_E,0_7797_1,3j8a,0_7797_1,3j8a_A,3j8a_B,1.0913681213916155,1.1768972418112544,366,366,True
9azp,9azp_C,9azp_E,0_7797_1,3j8a,0_7797_0,3j8a_D,3j8a_A,1.1019554135908045,53.484585027088,366,366,False
9azp,9azp_C,9azp_E,0_7797_1,5yu8,0_7797_10,5yu8_B,5yu8_A,2.6292724565180916,58.04786675668016,360,360,False
9azp,9azp_C,9azp_E,0_7797_1,5yu8,0_7797_12,5yu8_C,5yu8_A,2.629296614073778,8.146773302568148,360,360,False
9azp,9azp_D,9azp_E,0_7797_0,3j8a,0_7797_1,3j8a_A,3j8a_B,1.123477404808939,53.47397374095383,366,366,True
9azp,9azp_D,9azp_E,0_7797_0,3j8a,0_7797_0,3j8a_D,3j8a_A,1.1376940927885284,1.2361395692217219,366,366,False
9azp,9azp_D,9azp_E,0_7797_0,5yu8,0_7797_10,5yu8_B,5yu8_A,2.663940829412683,7.422060460409674,360,360,False
9azp,9azp_D,9azp_E,0_7797_0,5yu8,0_7797_12,5yu8_C,5yu8_A,2.6639635465697378,49.40483328536837,360,360,False
9azp,9azp_D,9azp_F,0_7797_1,3j8a,0_7797_1,3j8a_A,3j8a_B,1.123477404808939,1.5875454027458513,366,366,True
9azp,9azp_D,9azp_F,0_7797_1,3j8a,0_7797_0,3j8a_D,3j8a_A,1.1376940927885284,53.82761996713348,366,366,False
9azp,9azp_D,9azp_F,0_7797_1,5yu8,0_7797_10,5yu8_B,5yu8_A,2.663940829412683,58.445889884967265,360,360,False
9azp,9azp_D,9azp_F,0_7797_1,5yu8,0_7797_12,5yu8_C,5yu8_A,2.6639635465697378,8.527039526363717,360,360,False
9azp,9azp_E,9azp_F,0_7797_0,3j8a,0_7797_1,3j8a_A,3j8a_B,1.1221080269206487,54.102081292715695,366,366,True
9azp,9azp_E,9azp_F,0_7797_0,3j8a,0_7797_0,3j8a_D,3j8a_A,1.1322990041847476,2.0625057307421235,366,366,False
9azp,9azp_E,9azp_F,0_7797_0,5yu8,0_7797_10,5yu8_B,5yu8_A,2.6132526009124697,6.96053782158208,360,360,False
9azp,9azp_E,9azp_F,0_7797_0,5yu8,0_7797_12,5yu8_C,5yu8_A,2.6132771974796913,50.053800246078474,360,360,False
9azp,9azp_E,9azp_I,0_7797_40,3j8a,0_7797_1,3j8a_A,3j8a_B,1.1221080269206487,7.457617643534821,366,366,True
9azp,9azp_E,9azp_I,0_7797_40,3j8a,0_7797_0,3j8a_D,3j8a_A,1.1322990041847476,56.24956464528201,366,366,False
9azp,9azp_E,9azp_I,0_7797_40,5yu8,0_7797_10,5yu8_B,5yu8_A,2.6132526009124697,61.03746667000653,360,360,False
9azp,9azp_E,9azp_I,0_7797_40,5yu8,0_7797_12,5yu8_C,5yu8_A,2.6132771974796913,13.548888589581043,360,360,False
9azq,9azq_A,9azq_B,0_7797_0,3j8a,0_7797_1,3j8a_A,3j8a_B,1.0414094394135744,53.225414449580406,366,366,True
9azq,9azq_A,9azq_B,0_7797_0,3j8a,0_7797_0,3j8a_D,3j8a_A,1.0565581018552357,1.186413209012975,366,366,False
9azq,9azq_A,9azq_B,0_7797_0,5yu8,0_7797_10,5yu8_B,5yu8_A,2.6297539551531712,7.791498687184349,360,360,False
9azq,9azq_A,9azq_B,0_7797_0,5yu8,0_7797_12,5yu8_C,5yu8_A,2.6297802652829656,49.22095575552584,360,360,False
9azq,9azq_A,9azq_C,0_7797_1,3j8a,0_7797_1,3j8a_A,3j8a_B,1.0414094394135744,1.2753146617923197,366,366,True
9azq,9azq_A,9azq_C,0_7797_1,3j8a,0_7797_0,3j8a_D,3j8a_A,1.0565581018552357,53.77727136173843,366,366,False
9azq,9azq_A,9azq_C,0_7797_1,5yu8,0_7797_10,5yu8_B,5yu8_A,2.6297539551531712,58.33632635992197,360,360,False
9azq,9azq_A,9azq_C,0_7797_1,5yu8,0_7797_12,5yu8_C,5yu8_A,2.6297802652829656,8.212987369822251,360,360,False
9azq,9azq_B,9azq_C,0_7797_0,3j8a,0_7797_1,3j8a_A,3j8a_B,1.0608382620755206,53.23643758274706,366,366,True
9azq,9azq_B,9azq_C,0_7797_0,3j8a,0_7797_0,3j8a_D,3j8a_A,1.0740031841324613,1.1789353314323225,366,366,False
9azq,9azq_B,9azq_C,0_7797_0,5yu8,0_7797_10,5yu8_B,5yu8_A,2.625944645916213,7.6895200275702145,360,360,False
9azq,9azq_B,9azq_C,0_7797_0,5yu8,0_7797_12,5yu8_C,5yu8_A,2.625970162897192,49.22382132145057,360,360,False
9azq,9azq_B,9azq_D,0_7797_1,3j8a,0_7797_1,3j8a_A,3j8a_B,1.0608382620755206,1.2577762831061476,366,366,True
9azq,9azq_B,9azq_D,0_7797_1,3j8a,0_7797_0,3j8a_D,3j8a_A,1.0740031841324613,53.727834273689574,366,366,False
9azq,9azq_B,9azq_D,0_7797_1,5yu8,0_7797_10,5yu8_B,5yu8_A,2.625944645916213,58.27991318015483,360,360,False
9azq,9azq_B,9azq_D,0_7797_1,5yu8,0_7797_12,5yu8_C,5yu8_A,2.625970162897192,8.278371272625392,360,360,False
9azq,9azq_C,9azq_D,0_7797_0,3j8a,0_7797_1,3j8a_A,3j8a_B,1.0825776820576125,53.54674611634381,366,366,True
9azq,9azq_C,9azq_D,0_7797_0,3j8a,0_7797_0,3j8a_D,3j8a_A,1.0948594094340338,1.142343842179663,366,366,False
9azq,9azq_C,9azq_D,0_7797_0,5yu8,0_7797_10,5yu8_B,5yu8_A,2.5963885270383797,7.336805499295666,360,360,False
9azq,9azq_C,9azq_D,0_7797_0,5yu8,0_7797_12,5yu8_C,5yu8_A,2.5964139960520787,49.49412983841106,360,360,False
9azq,9azq_C,9azq_E,0_7797_1,3j8a,0_7797_1,3j8a_A,3j8a_B,1.0825776820576125,1.2497223760634661,366,366,True
9azq,9azq_C,9azq_E,0_7797_1,3j8a,0_7797_0,3j8a_D,3j8a_A,1.0948594094340338,53.523887015835776,366,366,False
9azq,9azq_C,9azq_E,0_7797_1,5yu8,0_7797_10,5yu8_B,5yu8_A,2.5963885270383797,58.06713707076123,360,360,False
9azq,9azq_C,9azq_E,0_7797_1,5yu8,0_7797_12,5yu8_C,5yu8_A,2.5964139960520787,8.015691682640684,360,360,False
9azq,9azq_D,9azq_E,0_7797_0,3j8a,0_7797_1,3j8a_A,3j8a_B,1.0811502761171654,53.58203177190934,366,366,True
9azq,9azq_D,9azq_E,0_7797_0,3j8a,0_7797_0,3j8a_D,3j8a_A,1.096784377109276,1.186987561266414,366,366,False
9azq,9azq_D,9azq_E,0_7797_0,5yu8,0_7797_10,5yu8_B,5yu8_A,2.6152350668849365,7.279855882506006,360,360,False
9azq,9azq_D,9azq_E,0_7797_0,5yu8,0_7797_12,5yu8_C,5yu8_A,2.6152604638858667,49.50029726656119,360,360,False
9azq,9azq_D,9azq_F,0_7797_1,3j8a,0_7797_1,3j8a_A,3j8a_B,1.0811502761171654,1.4652499731954336,366,366,True
9azq,9azq_D,9azq_F,0_7797_1,3j8a,0_7797_0,3j8a_D,3j8a_A,1.096784377109276,53.58233635395827,366,366,False
9azq,9azq_D,9azq_F,0_7797_1,5yu8,0_7797_10,5yu8_B,5yu8_A,2.6152350668849365,58.14102400538597,360,360,False
9azq,9azq_D,9azq_F,0_7797_1,5yu8,0_7797_12,5yu8_C,5yu8_A,2.6152604638858667,8.047561827790977,360,360,False
9azq,9azq_E,9azq_F,0_7797_0,3j8a,0_7797_1,3j8a_A,3j8a_B,1.072405677584615,53.84176801759029,366,366,True
9azq,9azq_E,9azq_F,0_7797_0,3j8a,0_7797_0,3j8a_D,3j8a_A,1.0865989955389468,1.4952958587014176,366,366,False
9azq,9azq_E,9azq_F,0_7797_0,5yu8,0_7797_10,5yu8_B,5yu8_A,2.619576537519192,6.970705689256796,360,360,False
9azq,9azq_E,9azq_F,0_7797_0,5yu8,0_7797_12,5yu8_C,5yu8_A,2.6196018835975363,49.78450297220796,360,360,False
9azq,9azq_E,9azq_I,0_7797_41,3j8a,0_7797_1,3j8a_A,3j8a_B,1.072405677584615,2.4051101198399487,366,366,True
9azq,9azq_E,9azq_I,0_7797_41,3j8a,0_7797_0,3j8a_D,3j8a_A,1.0865989955389468,54.16344248051547,366,366,False
9azq,9azq_E,9azq_I,0_7797_41,5yu8,0_7797_10,5yu8_B,5yu8_A,2.619576537519192,58.692608388986294,360,360,False
9azq,9azq_E,9azq_I,0_7797_41,5yu8,0_7797_12,5yu8_C,5yu8_A,2.6196018835975363,8.897290174171154,360,360,False
9azq,9azq_F,9azq_I,0_7797_42,3j8a,0_7797_1,3j8a_A,3j8a_B,1.1796855806889261,53.98356352904602,366,366,True
9azq,9azq_F,9azq_I,0_7797_42,3j8a,0_7797_0,3j8a_D,3j8a_A,1.1914355673398016,3.7060876659645143,366,366,False
9azq,9azq_F,9azq_I,0_7797_42,5yu8,0_7797_10,5yu8_B,5yu8_A,2.403466516436937,8.541695095315303,360,360,False
9azq,9azq_F,9azq_I,0_7797_42,5yu8,0_7797_12,5yu8_C,5yu8_A,2.403486028187854,49.869496350729776,360,360,False
9b03,9b03_A,9b03_B,0_7797_0,3j8a,0_7797_1,3j8a_A,3j8a_B,1.0409859052207675,52.79311568623787,366,366,True
9b03,9b03_A,9b03_B,0_7797_0,3j8a,0_7797_0,3j8a_D,3j8a_A,1.0496122021308505,1.732116710554487,366,366,False
9b03,9b03_A,9b03_B,0_7797_0,5yu8,0_7797_10,5yu8_B,5yu8_A,2.63403874810098,8.16628354689549,360,360,False
9b03,9b03_A,9b03_B,0_7797_0,5yu8,0_7797_12,5yu8_C,5yu8_A,2.63406239883052,48.859780403625265,360,360,False
9b03,9b03_A,9b03_C,0_7797_1,3j8a,0_7797_1,3j8a_A,3j8a_B,1.0409859052207675,1.35541166127439,366,366,True
9b03,9b03_A,9b03_C,0_7797_1,3j8a,0_7797_0,3j8a_D,3j8a_A,1.0496122021308505,53.775007315205286,366,366,False
9b03,9b03_A,9b03_C,0_7797_1,5yu8,0_7797_10,5yu8_B,5yu8_A,2.63403874810098,58.33971505317459,360,360,False
9b03,9b03_A,9b03_C,0_7797_1,5yu8,0_7797_12,5yu8_C,5yu8_A,2.63406239883052,8.39237858257701,360,360,False
9b03,9b03_B,9b03_C,0_7797_0,3j8a,0_7797_1,3j8a_A,3j8a_B,1.134652855741877,52.892105439915944,366,366,True
9b03,9b03_B,9b03_C,0_7797_0,3j8a,0_7797_0,3j8a_D,3j8a_A,1.1399229365458188,1.8012904934503327,366,366,False
9b03,9b03_B,9b03_C,0_7797_0,5yu8,0_7797_10,5yu8_B,5yu8_A,2.6737755549397697,8.007561444689701,360,360,False
9b03,9b03_B,9b03_C,0_7797_0,5yu8,0_7797_12,5yu8_C,5yu8_A,2.673798790747811,48.910205587177934,360,360,False
9b03,9b03_B,9b03_D,0_7797_1,3j8a,0_7797_1,3j8a_A,3j8a_B,1.134652855741877,1.409466442242653,366,366,True
9b03,9b03_B,9b03_D,0_7797_1,3j8a,0_7797_0,3j8a_D,3j8a_A,1.1399229365458188,53.66963021483185,366,366,False
9b03,9b03_B,9b03_D,0_7797_1,5yu8,0_7797_10,5yu8_B,5yu8_A,2.6737755549397697,58.240281455745524,360,360,False
9b03,9b03_B,9b03_D,0_7797_1,5yu8,0_7797_12,5yu8_C,5yu8_A,2.673798790747811,8.239908804153385,360,360,False
9b03,9b03_C,9b03_D,0_7797_0,3j8a,0_7797_1,3j8a_A,3j8a_B,1.1700664662390177,53.15951771543018,366,366,True
9b03,9b03_C,9b03_D,0_7797_0,3j8a,0_7797_0,3j8a_D,3j8a_A,1.1774091312485002,1.8175746912652249,366,366,False
9b03,9b03_C,9b03_D,0_7797_0,5yu8,0_7797_10,5yu8_B,5yu8_A,2.6999602910382468,7.722161974913411,360,360,False
9b03,9b03_C,9b03_D,0_7797_0,5yu8,0_7797_12,5yu8_C,5yu8_A,2.6999840091855414,49.10524973153958,360,360,False
9b03,9b03_C,9b03_E,0_7797_1,3j8a,0_7797_1,3j8a_A,3j8a_B,1.1700664662390177,1.389093389135498,366,366,True
9b03,9b03_C,9b03_E,0_7797_1,3j8a,0_7797_0,3j8a_D,3j8a_A,1.1774091312485002,53.66700468129144,366,366,False
9b03,9b03_C,9b03_E,0_7797_1,5yu8,0_7797_10,5yu8_B,5yu8_A,2.6999602910382468,58.28907546037794,360,360,False
9b03,9b03_C,9b03_E,0_7797_1,5yu8,0_7797_12,5yu8_C,5yu8_A,2.6999840091855414,8.397056184157316,360,360,False
9b03,9b03_D,9b03_E,0_7797_0,3j8a,0_7797_1,3j8a_A,3j8a_B,1.2262413578236724,53.382140293277956,366,366,True
9b03,9b03_D,9b03_E,0_7797_0,3j8a,0_7797_0,3j8a_D,3j8a_A,1.234754470903821,1.5779853092104188,366,366,False
9b03,9b03_D,9b03_E,0_7797_0,5yu8,0_7797_10,5yu8_B,5yu8_A,2.71839359031681,7.462431389911608,360,360,False
9b03,9b03_D,9b03_E,0_7797_0,5yu8,0_7797_12,5yu8_C,5yu8_A,2.718416672875209,49.29014949912379,360,360,False
9b03,9b03_D,9b03_F,0_7797_1,3j8a,0_7797_1,3j8a_A,3j8a_B,1.2262413578236724,1.3186697491626513,366,366,True
9b03,9b03_D,9b03_F,0_7797_1,3j8a,0_7797_0,3j8a_D,3j8a_A,1.234754470903821,53.60562720406148,366,366,False
9b03,9b03_D,9b03_F,0_7797_1,5yu8,0_7797_10,5yu8_B,5yu8_A,2.71839359031681,58.202788016862144,360,360,False
9b03,9b03_D,9b03_F,0_7797_1,5yu8,0_7797_12,5yu8_C,5yu8_A,2.718416672875209,8.187634149121294,360,360,False
9b03,9b03_E,9b03_F,0_7797_0,3j8a,0_7797_1,3j8a_A,3j8a_B,1.253482777293925,53.65218019675885,366,366,True
9b03,9b03_E,9b03_F,0_7797_0,3j8a,0_7797_0,3j8a_D,3j8a_A,1.2651595055762073,1.4386315522739108,366,366,False
9b03,9b03_E,9b03_F,0_7797_0,5yu8,0_7797_10,5yu8_B,5yu8_A,2.7645726869699905,7.27201050071904,360,360,False
9b03,9b03_E,9b03_F,0_7797_0,5yu8,0_7797_12,5yu8_C,5yu8_A,2.76459584183846,49.54505788409369,360,360,False
9b0k,9b0k_A,9b0k_B,0_7797_0,3j8a,0_7797_1,3j8a_A,3j8a_B,1.0409859052207675,52.79311568623787,366,366,True
9b0k,9b0k_A,9b0k_B,0_7797_0,3j8a,0_7797_0,3j8a_D,3j8a_A,1.0496122021308505,1.732116710554487,366,366,False
9b0k,9b0k_A,9b0k_B,0_7797_0,5yu8,0_7797_10,5yu8_B,5yu8_A,2.63403874810098,8.16628354689549,360,360,False
9b0k,9b0k_A,9b0k_B,0_7797_0,5yu8,0_7797_12,5yu8_C,5yu8_A,2.63406239883052,48.859780403625265,360,360,False
9b0k,9b0k_A,9b0k_C,0_7797_1,3j8a,0_7797_1,3j8a_A,3j8a_B,1.0409859052207675,1.35541166127439,366,366,True
9b0k,9b0k_A,9b0k_C,0_7797_1,3j8a,0_7797_0,3j8a_D,3j8a_A,1.0496122021308505,53.775007315205286,366,366,False
9b0k,9b0k_A,9b0k_C,0_7797_1,5yu8,0_7797_10,5yu8_B,5yu8_A,2.63403874810098,58.33971505317459,360,360,False
9b0k,9b0k_A,9b0k_C,0_7797_1,5yu8,0_7797_12,5yu8_C,5yu8_A,2.63406239883052,8.39237858257701,360,360,False
9b0k,9b0k_B,9b0k_C,0_7797_0,3j8a,0_7797_1,3j8a_A,3j8a_B,1.134652855741877,52.892105439915944,366,366,True
9b0k,9b0k_B,9b0k_C,0_7797_0,3j8a,0_7797_0,3j8a_D,3j8a_A,1.1399229365458188,1.8012904934503327,366,366,False
9b0k,9b0k_B,9b0k_C,0_7797_0,5yu8,0_7797_10,5yu8_B,5yu8_A,2.6737755549397697,8.007561444689701,360,360,False
9b0k,9b0k_B,9b0k_C,0_7797_0,5yu8,0_7797_12,5yu8_C,5yu8_A,2.673798790747811,48.910205587177934,360,360,False
9b0k,9b0k_B,9b0k_D,0_7797_1,3j8a,0_7797_1,3j8a_A,3j8a_B,1.134652855741877,1.409466442242653,366,366,True
9b0k,9b0k_B,9b0k_D,0_7797_1,3j8a,0_7797_0,3j8a_D,3j8a_A,1.1399229365458188,53.66963021483185,366,366,False
9b0k,9b0k_B,9b0k_D,0_7797_1,5yu8,0_7797_10,5yu8_B,5yu8_A,2.6737755549397697,58.240281455745524,360,360,False
9b0k,9b0k_B,9b0k_D,0_7797_1,5yu8,0_7797_12,5yu8_C,5yu8_A,2.673798790747811,8.239908804153385,360,360,False
9b0k,9b0k_C,9b0k_D,0_7797_0,3j8a,0_7797_1,3j8a_A,3j8a_B,1.1700664662390177,53.15951771543018,366,366,True
9b0k,9b0k_C,9b0k_D,0_7797_0,3j8a,0_7797_0,3j8a_D,3j8a_A,1.1774091312485002,1.8175746912652249,366,366,False
9b0k,9b0k_C,9b0k_D,0_7797_0,5yu8,0_7797_10,5yu8_B,5yu8_A,2.6999602910382468,7.722161974913411,360,360,False
9b0k,9b0k_C,9b0k_D,0_7797_0,5yu8,0_7797_12,5yu8_C,5yu8_A,2.6999840091855414,49.10524973153958,360,360,False
9b0k,9b0k_C,9b0k_E,0_7797_1,3j8a,0_7797_1,3j8a_A,3j8a_B,1.1700664662390177,1.389093389135498,366,366,True
9b0k,9b0k_C,9b0k_E,0_7797_1,3j8a,0_7797_0,3j8a_D,3j8a_A,1.1774091312485002,53.66700468129144,366,366,False
9b0k,9b0k_C,9b0k_E,0_7797_1,5yu8,0_7797_10,5yu8_B,5yu8_A,2.6999602910382468,58.28907546037794,360,360,False
9b0k,9b0k_C,9b0k_E,0_7797_1,5yu8,0_7797_12,5yu8_C,5yu8_A,2.6999840091855414,8.397056184157316,360,360,False
9b0k,9b0k_D,9b0k_E,0_7797_0,3j8a,0_7797_1,3j8a_A,3j8a_B,1.2262413578236724,53.382140293277956,366,366,True
9b0k,9b0k_D,9b0k_E,0_7797_0,3j8a,0_7797_0,3j8a_D,3j8a_A,1.234754470903821,1.5779853092104188,366,366,False
9b0k,9b0k_D,9b0k_E,0_7797_0,5yu8,0_7797_10,5yu8_B,5yu8_A,2.71839359031681,7.462431389911608,360,360,False
9b0k,9b0k_D,9b0k_E,0_7797_0,5yu8,0_7797_12,5yu8_C,5yu8_A,2.718416672875209,49.29014949912379,360,360,False
9b0k,9b0k_D,9b0k_F,0_7797_1,3j8a,0_7797_1,3j8a_A,3j8a_B,1.2262413578236724,1.3186697491626513,366,366,True
9b0k,9b0k_D,9b0k_F,0_7797_1,3j8a,0_7797_0,3j8a_D,3j8a_A,1.234754470903821,53.60562720406148,366,366,False
9b0k,9b0k_D,9b0k_F,0_7797_1,5yu8,0_7797_10,5yu8_B,5yu8_A,2.71839359031681,58.202788016862144,360,360,False
9b0k,9b0k_D,9b0k_F,0_7797_1,5yu8,0_7797_12,5yu8_C,5yu8_A,2.718416672875209,8.187634149121294,360,360,False
9b0k,9b0k_E,9b0k_F,0_7797_0,3j8a,0_7797_1,3j8a_A,3j8a_B,1.253482777293925,53.65218019675885,366,366,True
9b0k,9b0k_E,9b0k_F,0_7797_0,3j8a,0_7797_0,3j8a_D,3j8a_A,1.2651595055762073,1.4386315522739108,366,366,False
9b0k,9b0k_E,9b0k_F,0_7797_0,5yu8,0_7797_10,5yu8_B,5yu8_A,2.7645726869699905,7.27201050071904,360,360,False
9b0k,9b0k_E,9b0k_F,0_7797_0,5yu8,0_7797_12,5yu8_C,5yu8_A,2.76459584183846,49.54505788409369,360,360,False
9b27,9b27_A,9b27_B,0_7797_0,3j8a,0_7797_1,3j8a_A,3j8a_B,1.0246246832450483,53.46857384380007,366,366,True
9b27,9b27_A,9b27_B,0_7797_0,3j8a,0_7797_0,3j8a_D,3j8a_A,1.0395076792558287,1.242064818433365,366,366,False
9b27,9b27_A,9b27_B,0_7797_0,5yu8,0_7797_10,5yu8_B,5yu8_A,2.6764432294409177,7.689973524960038,360,360,False
9b27,9b27_A,9b27_B,0_7797_0,5yu8,0_7797_12,5yu8_C,5yu8_A,2.6764697581719177,49.41855176656381,360,360,False
9b27,9b27_A,9b27_C,0_7797_1,3j8a,0_7797_1,3j8a_A,3j8a_B,1.0246246832450483,1.4076702614981345,366,366,True
9b27,9b27_A,9b27_C,0_7797_1,3j8a,0_7797_0,3j8a_D,3j8a_A,1.0395076792558287,53.86976689491548,366,366,False
9b27,9b27_A,9b27_C,0_7797_1,5yu8,0_7797_10,5yu8_B,5yu8_A,2.6764432294409177,58.43194496163708,360,360,False
9b27,9b27_A,9b27_C,0_7797_1,5yu8,0_7797_12,5yu8_C,5yu8_A,2.6764697581719177,8.128864667258604,360,360,False
9b27,9b27_B,9b27_C,0_7797_0,3j8a,0_7797_1,3j8a_A,3j8a_B,1.0286378805027867,53.351343823167,366,366,True
9b27,9b27_B,9b27_C,0_7797_0,3j8a,0_7797_0,3j8a_D,3j8a_A,1.0402732216121373,1.2469117370475702,366,366,False
9b27,9b27_B,9b27_C,0_7797_0,5yu8,0_7797_10,5yu8_B,5yu8_A,2.6347000526119677,7.7860034917656105,360,360,False
9b27,9b27_B,9b27_C,0_7797_0,5yu8,0_7797_12,5yu8_C,5yu8_A,2.634728743562612,49.327608414174165,360,360,False
9b27,9b27_B,9b27_D,0_7797_1,3j8a,0_7797_1,3j8a_A,3j8a_B,1.0286378805027867,1.4086416627513136,366,366,True
9b27,9b27_B,9b27_D,0_7797_1,3j8a,0_7797_0,3j8a_D,3j8a_A,1.0402732216121373,53.93313119495531,366,366,False
9b27,9b27_B,9b27_D,0_7797_1,5yu8,0_7797_10,5yu8_B,5yu8_A,2.6347000526119677,58.46717935408734,360,360,False
9b27,9b27_B,9b27_D,0_7797_1,5yu8,0_7797_12,5yu8_C,5yu8_A,2.634728743562612,8.21262606134562,360,360,False
9b27,9b27_C,9b27_D,0_7797_0,3j8a,0_7797_1,3j8a_A,3j8a_B,1.0234825908321827,53.291529930451745,366,366,True
9b27,9b27_C,9b27_D,0_7797_0,3j8a,0_7797_0,3j8a_D,3j8a_A,1.0368076796292014,1.2398948337307443,366,366,False
9b27,9b27_C,9b27_D,0_7797_0,5yu8,0_7797_10,5yu8_B,5yu8_A,2.676041186772689,7.850587155957647,360,360,False
9b27,9b27_C,9b27_D,0_7797_0,5yu8,0_7797_12,5yu8_C,5yu8_A,2.67606789760681,49.22393610885827,360,360,False
9b27,9b27_C,9b27_E,0_7797_1,3j8a,0_7797_1,3j8a_A,3j8a_B,1.0234825908321827,1.3632952493484818,366,366,True
9b27,9b27_C,9b27_E,0_7797_1,3j8a,0_7797_0,3j8a_D,3j8a_A,1.0368076796292014,54.008276918992706,366,366,False
9b27,9b27_C,9b27_E,0_7797_1,5yu8,0_7797_10,5yu8_B,5yu8_A,2.676041186772689,58.599343171892805,360,360,False
9b27,9b27_C,9b27_E,0_7797_1,5yu8,0_7797_12,5yu8_C,5yu8_A,2.67606789760681,8.430097408993674,360,360,False
9b27,9b27_D,9b27_E,0_7797_0,3j8a,0_7797_1,3j8a_A,3j8a_B,1.031486349533941,53.466586411403675,366,366,True
9b27,9b27_D,9b27_E,0_7797_0,3j8a,0_7797_0,3j8a_D,3j8a_A,1.0482282339246276,1.3752881464688052,366,366,False
9b27,9b27_D,9b27_E,0_7797_0,5yu8,0_7797_10,5yu8_B,5yu8_A,2.6641627819796394,7.646457409416901,360,360,False
9b27,9b27_D,9b27_E,0_7797_0,5yu8,0_7797_12,5yu8_C,5yu8_A,2.6641889858496306,49.423447662292915,360,360,False
9b27,9b27_D,9b27_F,0_7797_1,3j8a,0_7797_1,3j8a_A,3j8a_B,1.031486349533941,1.3711257142260622,366,366,True
9b27,9b27_D,9b27_F,0_7797_1,3j8a,0_7797_0,3j8a_D,3j8a_A,1.0482282339246276,53.8744683723066,366,366,False
9b27,9b27_D,9b27_F,0_7797_1,5yu8,0_7797_10,5yu8_B,5yu8_A,2.6641627819796394,58.43367293141434,360,360,False
9b27,9b27_D,9b27_F,0_7797_1,5yu8,0_7797_12,5yu8_C,5yu8_A,2.6641889858496306,8.174933611300766,360,360,False
9b27,9b27_E,9b27_F,0_7797_0,3j8a,0_7797_1,3j8a_A,3j8a_B,1.0597919664980757,53.439496446103675,366,366,True
9b27,9b27_E,9b27_F,0_7797_0,3j8a,0_7797_0,3j8a_D,3j8a_A,1.0735249004895875,2.172885238583543,366,366,False
9b27,9b27_E,9b27_F,0_7797_0,5yu8,0_7797_10,5yu8_B,5yu8_A,2.5645830797532354,8.133608606619491,360,360,False
9b27,9b27_E,9b27_F,0_7797_0,5yu8,0_7797_12,5yu8_C,5yu8_A,2.5646104218003676,49.385265845518596,360,360,False
9b3d,9b3d_A,9b3d_B,0_7797_0,3j8a,0_7797_1,3j8a_A,3j8a_B,1.0397522510828678,52.8452782931803,366,366,True
9b3d,9b3d_A,9b3d_B,0_7797_0,3j8a,0_7797_0,3j8a_D,3j8a_A,1.0510925729823728,1.568226820781618,366,366,False
9b3d,9b3d_A,9b3d_B,0_7797_0,5yu8,0_7797_10,5yu8_B,5yu8_A,2.6364004511033006,8.148720592117686,360,360,False
9b3d,9b3d_A,9b3d_B,0_7797_0,5yu8,0_7797_12,5yu8_C,5yu8_A,2.6364233080145727,48.88168649979603,360,360,False
9b3d,9b3d_A,9b3d_C,0_7797_1,3j8a,0_7797_1,3j8a_A,3j8a_B,1.0397522510828678,1.5495926679101022,366,366,True
9b3d,9b3d_A,9b3d_C,0_7797_1,3j8a,0_7797_0,3j8a_D,3j8a_A,1.0510925729823728,53.91649123768009,366,366,False
9b3d,9b3d_A,9b3d_C,0_7797_1,5yu8,0_7797_10,5yu8_B,5yu8_A,2.6364004511033006,58.49589032609599,360,360,False
9b3d,9b3d_A,9b3d_C,0_7797_1,5yu8,0_7797_12,5yu8_C,5yu8_A,2.6364233080145727,8.254097299350482,360,360,False
9b3d,9b3d_B,9b3d_C,0_7797_0,3j8a,0_7797_1,3j8a_A,3j8a_B,1.0869357670731739,52.89116386505412,366,366,True
9b3d,9b3d_B,9b3d_C,0_7797_0,3j8a,0_7797_0,3j8a_D,3j8a_A,1.0953067316504381,1.6287013592329713,366,366,False
9b3d,9b3d_B,9b3d_C,0_7797_0,5yu8,0_7797_10,5yu8_B,5yu8_A,2.64383883344706,8.054924703634253,360,360,False
9b3d,9b3d_B,9b3d_C,0_7797_0,5yu8,0_7797_12,5yu8_C,5yu8_A,2.6438633127330418,48.88725346929778,360,360,False
9b3d,9b3d_B,9b3d_D,0_7797_1,3j8a,0_7797_1,3j8a_A,3j8a_B,1.0869357670731739,1.5077132439900534,366,366,True
9b3d,9b3d_B,9b3d_D,0_7797_1,3j8a,0_7797_0,3j8a_D,3j8a_A,1.0953067316504381,53.93336176186138,366,366,False
9b3d,9b3d_B,9b3d_D,0_7797_1,5yu8,0_7797_10,5yu8_B,5yu8_A,2.64383883344706,58.52452678199872,360,360,False
9b3d,9b3d_B,9b3d_D,0_7797_1,5yu8,0_7797_12,5yu8_C,5yu8_A,2.6438633127330418,8.373841231125306,360,360,False
9b3d,9b3d_C,9b3d_D,0_7797_0,3j8a,0_7797_1,3j8a_A,3j8a_B,1.1238700899627607,53.1117505139452,366,366,True
9b3d,9b3d_C,9b3d_D,0_7797_0,3j8a,0_7797_0,3j8a_D,3j8a_A,1.1347671492705707,1.5808162265958734,366,366,False
9b3d,9b3d_C,9b3d_D,0_7797_0,5yu8,0_7797_10,5yu8_B,5yu8_A,2.659515357082441,7.798980663056941,360,360,False
9b3d,9b3d_C,9b3d_D,0_7797_0,5yu8,0_7797_12,5yu8_C,5yu8_A,2.65953921735282,49.05569897753516,360,360,False
9b3d,9b3d_C,9b3d_E,0_7797_1,3j8a,0_7797_1,3j8a_A,3j8a_B,1.1238700899627607,1.494703673985162,366,366,True
9b3d,9b3d_C,9b3d_E,0_7797_1,3j8a,0_7797_0,3j8a_D,3j8a_A,1.1347671492705707,53.90044776605582,366,366,False
9b3d,9b3d_C,9b3d_E,0_7797_1,5yu8,0_7797_10,5yu8_B,5yu8_A,2.659515357082441,58.52449050782705,360,360,False
9b3d,9b3d_C,9b3d_E,0_7797_1,5yu8,0_7797_12,5yu8_C,5yu8_A,2.65953921735282,8.38223234037175,360,360,False
9b3d,9b3d_D,9b3d_E,0_7797_0,3j8a,0_7797_1,3j8a_A,3j8a_B,1.1656280264602978,53.38297657525174,366,366,True
9b3d,9b3d_D,9b3d_E,0_7797_0,3j8a,0_7797_0,3j8a_D,3j8a_A,1.1775960133896926,1.4895574544479595,366,366,False
9b3d,9b3d_D,9b3d_E,0_7797_0,5yu8,0_7797_10,5yu8_B,5yu8_A,2.6569871794836883,7.535046147012691,360,360,False
9b3d,9b3d_D,9b3d_E,0_7797_0,5yu8,0_7797_12,5yu8_C,5yu8_A,2.657009893072307,49.284555211858354,360,360,False
9b3d,9b3d_D,9b3d_F,0_7797_1,3j8a,0_7797_1,3j8a_A,3j8a_B,1.1656280264602978,1.4396600346383177,366,366,True
9b3d,9b3d_D,9b3d_F,0_7797_1,3j8a,0_7797_0,3j8a_D,3j8a_A,1.1775960133896926,53.80418904926598,366,366,False
9b3d,9b3d_D,9b3d_F,0_7797_1,5yu8,0_7797_10,5yu8_B,5yu8_A,2.6569871794836883,58.404274745280354,360,360,False
9b3d,9b3d_D,9b3d_F,0_7797_1,5yu8,0_7797_12,5yu8_C,5yu8_A,2.657009893072307,8.159535567190522,360,360,False
9b3d,9b3d_E,9b3d_F,0_7797_0,3j8a,0_7797_1,3j8a_A,3j8a_B,1.1654008924797405,53.5655213860092,366,366,True
9b3d,9b3d_E,9b3d_F,0_7797_0,3j8a,0_7797_0,3j8a_D,3j8a_A,1.1782118166455315,1.362314381959854,366,366,False
9b3d,9b3d_E,9b3d_F,0_7797_0,5yu8,0_7797_10,5yu8_B,5yu8_A,2.6795362733115335,7.470635663770895,360,360,False
9b3d,9b3d_E,9b3d_F,0_7797_0,5yu8,0_7797_12,5yu8_C,5yu8_A,2.679560580336329,49.44979541217293,360,360,False
9c21,9c21_A,9c21_B,0_7797_1,3j8a,0_7797_1,3j8a_A,3j8a_B,1.1709966999811006,1.3665338522887114,365,365,True
9c21,9c21_A,9c21_B,0_7797_1,3j8a,0_7797_0,3j8a_D,3j8a_A,1.1887567073419136,53.20850581180982,365,365,False
9c21,9c21_A,9c21_B,0_7797_1,5yu8,0_7797_10,5yu8_B,5yu8_A,2.7088696767501355,57.62935030285235,359,359,False
9c21,9c21_A,9c21_B,0_7797_1,5yu8,0_7797_12,5yu8_C,5yu8_A,2.7088929403999997,8.10472748558271,359,359,False
9c21,9c21_A,9c21_D,0_7797_0,3j8a,0_7797_1,3j8a_A,3j8a_B,1.1709966999811006,53.2260401720832,365,365,True
9c21,9c21_A,9c21_D,0_7797_0,3j8a,0_7797_0,3j8a_D,3j8a_A,1.1887567073419136,1.5927469493877917,365,365,False
9c21,9c21_A,9c21_D,0_7797_0,5yu8,0_7797_10,5yu8_B,5yu8_A,2.7088696767501355,7.80205180454814,359,359,False
9c21,9c21_A,9c21_D,0_7797_0,5yu8,0_7797_12,5yu8_C,5yu8_A,2.7088929403999997,49.27374645126581,359,359,False
9c21,9c21_B,9c21_C,0_7797_1,3j8a,0_7797_1,3j8a_A,3j8a_B,1.1710362098607068,1.3272330568614286,365,365,True
9c21,9c21_B,9c21_C,0_7797_1,3j8a,0_7797_0,3j8a_D,3j8a_A,1.1887955318619434,53.24616263040839,365,365,False
9c21,9c21_B,9c21_C,0_7797_1,5yu8,0_7797_10,5yu8_B,5yu8_A,2.708888573397913,57.66643077878711,359,359,False
9c21,9c21_B,9c21_C,0_7797_1,5yu8,0_7797_12,5yu8_C,5yu8_A,2.7089118360316897,8.234353769147175,359,359,False
9c21,9c21_B,9c21_D,0_7797_0,3j8a,0_7797_1,3j8a_A,3j8a_B,1.1804647919612983,52.932982636765296,365,365,False
9c21,9c21_B,9c21_D,0_7797_0,3j8a,0_7797_0,3j8a_D,3j8a_A,1.1804647919612983,1.476247702268103,365,365,True
9c21,9c21_B,9c21_D,0_7797_0,5yu8,0_7797_10,5yu8_B,5yu8_A,2.708903745912975,8.265860840033756,359,359,True
9c21,9c21_B,9c21_D,0_7797_0,5yu8,0_7797_12,5yu8_C,5yu8_A,2.708903745912975,54.989828760261375,359,359,True
9c21,9c21_B,9c21_E,0_7797_0,3j8a,0_7797_1,3j8a_A,3j8a_B,1.1710362098607068,53.17699333168431,365,365,True
9c21,9c21_B,9c21_E,0_7797_0,3j8a,0_7797_0,3j8a_D,3j8a_A,1.1887955318619434,1.5788225254947734,365,365,False
9c21,9c21_B,9c21_E,0_7797_0,5yu8,0_7797_10,5yu8_B,5yu8_A,2.708888573397913,7.83151955746866,359,359,False
9c21,9c21_B,9c21_E,0_7797_0,5yu8,0_7797_12,5yu8_C,5yu8_A,2.7089118360316897,49.23371421213608,359,359,False
9c21,9c21_C,9c21_E,0_7797_0,3j8a,0_7797_1,3j8a_A,3j8a_B,1.1804180662307744,52.911071843417126,365,365,False
9c21,9c21_C,9c21_E,0_7797_0,3j8a,0_7797_0,3j8a_D,3j8a_A,1.1804180662307744,1.489602898215092,365,365,True
9c21,9c21_C,9c21_E,0_7797_0,5yu8,0_7797_10,5yu8_B,5yu8_A,2.7088858458719978,8.283451048062009,359,359,True
9c21,9c21_C,9c21_E,0_7797_0,5yu8,0_7797_12,5yu8_C,5yu8_A,2.7088858458719978,54.969242754182424,359,359,True
9c21,9c21_C,9c21_F,0_7797_0,3j8a,0_7797_1,3j8a_A,3j8a_B,1.170990318256359,53.16235811754551,365,365,True
9c21,9c21_C,9c21_F,0_7797_0,3j8a,0_7797_0,3j8a_D,3j8a_A,1.1887510050643146,1.5735065949295726,365,365,False
9c21,9c21_C,9c21_F,0_7797_0,5yu8,0_7797_10,5yu8_B,5yu8_A,2.708870672189428,7.839973956852278,359,359,False
9c21,9c21_C,9c21_F,0_7797_0,5yu8,0_7797_12,5yu8_C,5yu8_A,2.7088939348434438,49.22131401987061,359,359,False
9c21,9c21_D,9c21_E,0_7797_1,3j8a,0_7797_1,3j8a_A,3j8a_B,1.1710139406038313,1.334573793903049,365,365,True
9c21,9c21_D,9c21_E,0_7797_1,3j8a,0_7797_0,3j8a_D,3j8a_A,1.1887680004837111,53.23579615003886,365,365,False
9c21,9c21_D,9c21_E,0_7797_1,5yu8,0_7797_10,5yu8_B,5yu8_A,2.708870274532125,57.655463045685856,359,359,False
9c21,9c21_D,9c21_E,0_7797_1,5yu8,0_7797_12,5yu8_C,5yu8_A,2.708893537914946,8.229947305497452,359,359,False
9c21,9c21_E,9c21_F,0_7797_1,3j8a,0_7797_1,3j8a_A,3j8a_B,1.1709968438523974,1.3253177099589146,365,365,True
9c21,9c21_E,9c21_F,0_7797_1,3j8a,0_7797_0,3j8a_D,3j8a_A,1.188760729186987,53.250201994999806,365,365,False
9c21,9c21_E,9c21_F,0_7797_1,5yu8,0_7797_10,5yu8_B,5yu8_A,2.708855766246418,57.67060439530815,359,359,False
9c21,9c21_E,9c21_F,0_7797_1,5yu8,0_7797_12,5yu8_C,5yu8_A,2.708879025652629,8.237024848299376,359,359,False
9duu,9duu_A,9duu_B,0_7797_0,3j8a,0_7797_1,3j8a_A,3j8a_B,1.189890027634124,52.71235514121801,366,366,False
9duu,9duu_A,9duu_B,0_7797_0,3j8a,0_7797_0,3j8a_D,3j8a_A,1.189890027634124,1.6840800167279855,366,366,True
9duu,9duu_A,9duu_B,0_7797_0,5yu8,0_7797_10,5yu8_B,5yu8_A,2.759884128882445,8.777382842037918,360,360,True
9duu,9duu_A,9duu_B,0_7797_0,5yu8,0_7797_12,5yu8_C,5yu8_A,2.759884128882445,55.014342596407516,360,360,True
9duu,9duu_A,9duu_C,0_7797_45,3j8a,0_7797_1,3j8a_A,3j8a_B,1.189890027634124,1.403790506597353,366,366,False
9duu,9duu_A,9duu_C,0_7797_45,3j8a,0_7797_0,3j8a_D,3j8a_A,1.189890027634124,53.800154406474846,366,366,True
9duu,9duu_A,9duu_C,0_7797_45,5yu8,0_7797_10,5yu8_B,5yu8_A,2.759884128882445,52.42653574602077,360,360,True
9duu,9duu_A,9duu_C,0_7797_45,5yu8,0_7797_12,5yu8_C,5yu8_A,2.759884128882445,6.515224626458243,360,360,True
9duu,9duu_B,9duu_C,0_7797_0,3j8a,0_7797_1,3j8a_A,3j8a_B,1.1904370055777482,52.71404701371239,366,366,False
9duu,9duu_B,9duu_C,0_7797_0,3j8a,0_7797_0,3j8a_D,3j8a_A,1.1904370055777482,1.6843499690652814,366,366,True
9duu,9duu_B,9duu_C,0_7797_0,5yu8,0_7797_10,5yu8_B,5yu8_A,2.7430834209114767,8.783480964497413,360,360,True
9duu,9duu_B,9duu_C,0_7797_0,5yu8,0_7797_12,5yu8_C,5yu8_A,2.7430834209114767,55.00983597981798,360,360,True
9duu,9duu_B,9duu_D,0_7797_45,3j8a,0_7797_1,3j8a_A,3j8a_B,1.1904370055777482,1.4104985105262848,366,366,False
9duu,9duu_B,9duu_D,0_7797_45,3j8a,0_7797_0,3j8a_D,3j8a_A,1.1904370055777482,53.799269004252615,366,366,True
9duu,9duu_B,9duu_D,0_7797_45,5yu8,0_7797_10,5yu8_B,5yu8_A,2.7430834209114767,52.43910044821917,360,360,True
9duu,9duu_B,9duu_D,0_7797_45,5yu8,0_7797_12,5yu8_C,5yu8_A,2.7430834209114767,6.523107548726095,360,360,True
9duu,9duu_C,9duu_D,0_7797_0,3j8a,0_7797_1,3j8a_A,3j8a_B,1.1911895130039818,52.73018766300361,366,366,False
9duu,9duu_C,9duu_D,0_7797_0,3j8a,0_7797_0,3j8a_D,3j8a_A,1.1911895130039818,1.6733852687328596,366,366,True
9duu,9duu_C,9duu_D,0_7797_0,5yu8,0_7797_10,5yu8_B,5yu8_A,2.749148699455549,8.751152804693145,360,360,True
9duu,9duu_C,9duu_D,0_7797_0,5yu8,0_7797_12,5yu8_C,5yu8_A,2.749148699455549,55.018176155328504,360,360,True
9duu,9duu_C,9duu_E,0_7797_45,3j8a,0_7797_1,3j8a_A,3j8a_B,1.1911895130039818,1.409367724271926,366,366,False
9duu,9duu_C,9duu_E,0_7797_45,3j8a,0_7797_0,3j8a_D,3j8a_A,1.1911895130039818,53.783207541744346,366,366,True
9duu,9duu_C,9duu_E,0_7797_45,5yu8,0_7797_10,5yu8_B,5yu8_A,2.749148699455549,52.41920906836456,360,360,True
9duu,9duu_C,9duu_E,0_7797_45,5yu8,0_7797_12,5yu8_C,5yu8_A,2.749148699455549,6.495579582346102,360,360,True
9duu,9duu_D,9duu_E,0_7797_0,3j8a,0_7797_1,3j8a_A,3j8a_B,1.2037471066004546,52.680591343262094,366,366,False
9duu,9duu_D,9duu_E,0_7797_0,3j8a,0_7797_0,3j8a_D,3j8a_A,1.2037471066004546,1.7203402266602121,366,366,True
9duu,9duu_D,9duu_E,0_7797_0,5yu8,0_7797_10,5yu8_B,5yu8_A,2.766940709978401,8.771020931311067,360,360,True
9duu,9duu_D,9duu_E,0_7797_0,5yu8,0_7797_12,5yu8_C,5yu8_A,2.766940709978401,54.99024946162427,360,360,True
9duu,9duu_D,9duu_F,0_7797_45,3j8a,0_7797_1,3j8a_A,3j8a_B,1.2037471066004546,1.4282437690027268,366,366,False
9duu,9duu_D,9duu_F,0_7797_45,3j8a,0_7797_0,3j8a_D,3j8a_A,1.2037471066004546,53.804781281384805,366,366,True
9duu,9duu_D,9duu_F,0_7797_45,5yu8,0_7797_10,5yu8_B,5yu8_A,2.766940709978401,52.4415704611981,360,360,True
9duu,9duu_D,9duu_F,0_7797_45,5yu8,0_7797_12,5yu8_C,5yu8_A,2.766940709978401,6.4653277863818195,360,360,True
9duu,9duu_E,9duu_F,0_7797_0,3j8a,0_7797_1,3j8a_A,3j8a_B,1.2147303342595765,52.67881302370863,366,366,False
9duu,9duu_E,9duu_F,0_7797_0,3j8a,0_7797_0,3j8a_D,3j8a_A,1.2147303342595765,1.764773204127768,366,366,True
9duu,9duu_E,9duu_F,0_7797_0,5yu8,0_7797_10,5yu8_B,5yu8_A,2.7559484294403878,8.766854132657226,360,360,True
9duu,9duu_E,9duu_F,0_7797_0,5yu8,0_7797_12,5yu8_C,5yu8_A,2.7559484294403878,55.03844972715507,360,360,True
9duv,9duv_A,9duv_B,0_7797_0,3j8a,0_7797_1,3j8a_A,3j8a_B,1.0942779572579437,52.880770370875375,366,366,False
9duv,9duv_A,9duv_B,0_7797_0,3j8a,0_7797_0,3j8a_D,3j8a_A,1.0942779572579437,1.5551029738857947,366,366,True
9duv,9duv_A,9duv_B,0_7797_0,5yu8,0_7797_10,5yu8_B,5yu8_A,2.772063506300057,8.809105383684862,360,360,True
9duv,9duv_A,9duv_B,0_7797_0,5yu8,0_7797_12,5yu8_C,5yu8_A,2.772063506300057,55.04391175321685,360,360,True
9duv,9duv_A,9duv_C,0_7797_45,3j8a,0_7797_1,3j8a_A,3j8a_B,1.0942779572579437,1.2658002960030261,366,366,False
9duv,9duv_A,9duv_C,0_7797_45,3j8a,0_7797_0,3j8a_D,3j8a_A,1.0942779572579437,53.681086339877965,366,366,True
9duv,9duv_A,9duv_C,0_7797_45,5yu8,0_7797_10,5yu8_B,5yu8_A,2.772063506300057,52.40276210889891,360,360,True
9duv,9duv_A,9duv_C,0_7797_45,5yu8,0_7797_12,5yu8_C,5yu8_A,2.772063506300057,6.455094846107921,360,360,True
9duv,9duv_B,9duv_C,0_7797_0,3j8a,0_7797_1,3j8a_A,3j8a_B,1.104606301354742,52.81624756460679,366,366,False
9duv,9duv_B,9duv_C,0_7797_0,3j8a,0_7797_0,3j8a_D,3j8a_A,1.104606301354742,1.5728648959644185,366,366,True
9duv,9duv_B,9duv_C,0_7797_0,5yu8,0_7797_10,5yu8_B,5yu8_A,2.762281822600467,8.785416522744617,360,360,True
9duv,9duv_B,9duv_C,0_7797_0,5yu8,0_7797_12,5yu8_C,5yu8_A,2.762281822600467,54.97308297838318,360,360,True
9duv,9duv_B,9duv_D,0_7797_45,3j8a,0_7797_1,3j8a_A,3j8a_B,1.104606301354742,1.2912699817576228,366,366,False
9duv,9duv_B,9duv_D,0_7797_45,3j8a,0_7797_0,3j8a_D,3j8a_A,1.104606301354742,53.734234055197646,366,366,True
9duv,9duv_B,9duv_D,0_7797_45,5yu8,0_7797_10,5yu8_B,5yu8_A,2.762281822600467,52.469284841608705,360,360,True
9duv,9duv_B,9duv_D,0_7797_45,5yu8,0_7797_12,5yu8_C,5yu8_A,2.762281822600467,6.443270640607823,360,360,True
9duv,9duv_C,9duv_D,0_7797_0,3j8a,0_7797_1,3j8a_A,3j8a_B,1.1006988510758278,52.85857079750311,366,366,False
9duv,9duv_C,9duv_D,0_7797_0,3j8a,0_7797_0,3j8a_D,3j8a_A,1.1006988510758278,1.5322522891660844,366,366,True
9duv,9duv_C,9duv_D,0_7797_0,5yu8,0_7797_10,5yu8_B,5yu8_A,2.777403220550182,8.76762141339609,360,360,True
9duv,9duv_C,9duv_D,0_7797_0,5yu8,0_7797_12,5yu8_C,5yu8_A,2.777403220550182,55.01651116919454,360,360,True
9duv,9duv_C,9duv_E,0_7797_45,3j8a,0_7797_1,3j8a_A,3j8a_B,1.1006988510758278,1.2898718548823878,366,366,False
9duv,9duv_C,9duv_E,0_7797_45,3j8a,0_7797_0,3j8a_D,3j8a_A,1.1006988510758278,53.694741123903334,366,366,True
9duv,9duv_C,9duv_E,0_7797_45,5yu8,0_7797_10,5yu8_B,5yu8_A,2.777403220550182,52.42578902390028,360,360,True
9duv,9duv_C,9duv_E,0_7797_45,5yu8,0_7797_12,5yu8_C,5yu8_A,2.777403220550182,6.410868804796987,360,360,True
9duv,9duv_D,9duv_E,0_7797_0,3j8a,0_7797_1,3j8a_A,3j8a_B,1.0950365331066325,52.85048023679611,366,366,False
9duv,9duv_D,9duv_E,0_7797_0,3j8a,0_7797_0,3j8a_D,3j8a_A,1.0950365331066325,1.567149159912497,366,366,True
9duv,9duv_D,9duv_E,0_7797_0,5yu8,0_7797_10,5yu8_B,5yu8_A,2.772100561938777,8.779473482412559,360,360,True
9duv,9duv_D,9duv_E,0_7797_0,5yu8,0_7797_12,5yu8_C,5yu8_A,2.772100561938777,55.02219712589077,360,360,True
9duv,9duv_D,9duv_F,0_7797_45,3j8a,0_7797_1,3j8a_A,3j8a_B,1.0950365331066325,1.2690958298403967,366,366,False
9duv,9duv_D,9duv_F,0_7797_45,3j8a,0_7797_0,3j8a_D,3j8a_A,1.0950365331066325,53.68207313683366,366,366,True
9duv,9duv_D,9duv_F,0_7797_45,5yu8,0_7797_10,5yu8_B,5yu8_A,2.772100561938777,52.412086528836504,360,360,True
9duv,9duv_D,9duv_F,0_7797_45,5yu8,0_7797_12,5yu8_C,5yu8_A,2.772100561938777,6.418377932632659,360,360,True
9duv,9duv_E,9duv_F,0_7797_0,3j8a,0_7797_1,3j8a_A,3j8a_B,1.1155383704781072,52.79720354297007,366,366,False
9duv,9duv_E,9duv_F,0_7797_0,3j8a,0_7797_0,3j8a_D,3j8a_A,1.1155383704781072,1.5998106923473625,366,366,True
9duv,9duv_E,9duv_F,0_7797_0,5yu8,0_7797_10,5yu8_B,5yu8_A,2.761414172640877,8.769674857647388,360,360,True
9duv,9duv_E,9duv_F,0_7797_0,5yu8,0_7797_12,5yu8_C,5yu8_A,2.761414172640877,54.994673337801345,360,360,True
9dva,9dva_A,9dva_B,0_7797_1,3j8a,0_7797_1,3j8a_A,3j8a_B,1.060665207104019,1.875901463500227,366,366,False
9dva,9dva_A,9dva_B,0_7797_1,3j8a,0_7797_0,3j8a_D,3j8a_A,1.060665207104019,54.68723621775827,366,366,True
9dva,9dva_A,9dva_B,0_7797_1,5yu8,0_7797_10,5yu8_B,5yu8_A,2.683974368482252,53.313257444929796,360,360,True
9dva,9dva_A,9dva_B,0_7797_1,5yu8,0_7797_12,5yu8_C,5yu8_A,2.683974368482252,6.456343371493386,360,360,True
9dva,9dva_A,9dva_D,0_7797_0,3j8a,0_7797_1,3j8a_A,3j8a_B,1.060665207104019,53.131587751672605,366,366,False
9dva,9dva_A,9dva_D,0_7797_0,3j8a,0_7797_0,3j8a_D,3j8a_A,1.060665207104019,1.4369684685554467,366,366,True
9dva,9dva_A,9dva_D,0_7797_0,5yu8,0_7797_10,5yu8_B,5yu8_A,2.683974368482252,8.204961810305782,360,360,True
9dva,9dva_A,9dva_D,0_7797_0,5yu8,0_7797_12,5yu8_C,5yu8_A,2.683974368482252,55.411523675165526,360,360,True
9dva,9dva_B,9dva_C,0_7797_1,3j8a,0_7797_1,3j8a_A,3j8a_B,1.0492346047273766,1.8755228398116153,366,366,False
9dva,9dva_B,9dva_C,0_7797_1,3j8a,0_7797_0,3j8a_D,3j8a_A,1.0492346047273766,54.61146396421531,366,366,True
9dva,9dva_B,9dva_C,0_7797_1,5yu8,0_7797_10,5yu8_B,5yu8_A,2.681108522413368,53.20663425817967,360,360,True
9dva,9dva_B,9dva_C,0_7797_1,5yu8,0_7797_12,5yu8_C,5yu8_A,2.681108522413368,6.353957607510827,360,360,True
9dva,9dva_B,9dva_D,0_7797_0,3j8a,0_7797_1,3j8a_A,3j8a_B,1.0182032496945561,53.47763137566735,366,366,True
9dva,9dva_B,9dva_D,0_7797_0,3j8a,0_7797_0,3j8a_D,3j8a_A,1.0443294032228985,1.644872374010987,366,366,False
9dva,9dva_B,9dva_D,0_7797_0,5yu8,0_7797_10,5yu8_B,5yu8_A,2.6810926818862035,8.089117930393327,360,360,False
9dva,9dva_B,9dva_D,0_7797_0,5yu8,0_7797_12,5yu8_C,5yu8_A,2.6811207919785844,49.33548741084007,360,360,False
9dva,9dva_B,9dva_E,0_7797_0,3j8a,0_7797_1,3j8a_A,3j8a_B,1.0492346047273766,53.21641953000024,366,366,False
9dva,9dva_B,9dva_E,0_7797_0,3j8a,0_7797_0,3j8a_D,3j8a_A,1.0492346047273766,1.486964865592739,366,366,True
9dva,9dva_B,9dva_E,0_7797_0,5yu8,0_7797_10,5yu8_B,5yu8_A,2.681108522413368,8.178316175526739,360,360,True
9dva,9dva_B,9dva_E,0_7797_0,5yu8,0_7797_12,5yu8_C,5yu8_A,2.681108522413368,55.53387063186617,360,360,True
9dva,9dva_C,9dva_E,0_7797_0,3j8a,0_7797_1,3j8a_A,3j8a_B,1.0451822589363922,53.5677323066105,366,366,True
9dva,9dva_C,9dva_E,0_7797_0,3j8a,0_7797_0,3j8a_D,3j8a_A,1.075252306325572,1.5841467873858308,366,366,False
9dva,9dva_C,9dva_E,0_7797_0,5yu8,0_7797_10,5yu8_B,5yu8_A,2.6585539428371585,7.888439929868288,360,360,False
9dva,9dva_C,9dva_E,0_7797_0,5yu8,0_7797_12,5yu8_C,5yu8_A,2.658581335972677,49.41831542038028,360,360,False
9dva,9dva_D,9dva_E,0_7797_1,3j8a,0_7797_1,3j8a_A,3j8a_B,1.047884642503538,1.8778270791844878,366,366,False
9dva,9dva_D,9dva_E,0_7797_1,3j8a,0_7797_0,3j8a_D,3j8a_A,1.047884642503538,54.684276685604836,366,366,True
9dva,9dva_D,9dva_E,0_7797_1,5yu8,0_7797_10,5yu8_B,5yu8_A,2.657953269252025,53.33625595006187,360,360,True
9dva,9dva_D,9dva_E,0_7797_1,5yu8,0_7797_12,5yu8_C,5yu8_A,2.657953269252025,6.487176075326104,360,360,True
9e2e,9e2e_A,9e2e_B,0_7797_0,3j8a,0_7797_1,3j8a_A,3j8a_B,1.0332399471179177,53.202040592144655,366,366,False
9e2e,9e2e_A,9e2e_B,0_7797_0,3j8a,0_7797_0,3j8a_D,3j8a_A,1.0332399471179177,1.2433582501451763,366,366,True
9e2e,9e2e_A,9e2e_B,0_7797_0,5yu8,0_7797_10,5yu8_B,5yu8_A,2.6376276306445368,8.3880613504437,360,360,True
9e2e,9e2e_A,9e2e_B,0_7797_0,5yu8,0_7797_12,5yu8_C,5yu8_A,2.6376276306445368,55.425967662637724,360,360,True
9e2e,9e2e_A,9e2e_C,0_7797_1,3j8a,0_7797_1,3j8a_A,3j8a_B,1.0332399471179177,1.2281042480056987,366,366,False
9e2e,9e2e_A,9e2e_C,0_7797_1,3j8a,0_7797_0,3j8a_D,3j8a_A,1.0332399471179177,53.96687850604509,366,366,True
9e2e,9e2e_A,9e2e_C,0_7797_1,5yu8,0_7797_10,5yu8_B,5yu8_A,2.6376276306445368,52.689196334144675,360,360,True
9e2e,9e2e_A,9e2e_C,0_7797_1,5yu8,0_7797_12,5yu8_C,5yu8_A,2.6376276306445368,6.49667007825684,360,360,True
9e2e,9e2e_B,9e2e_C,0_7797_0,3j8a,0_7797_1,3j8a_A,3j8a_B,0.9966128877112634,53.16787871923542,366,366,False
9e2e,9e2e_B,9e2e_C,0_7797_0,3j8a,0_7797_0,3j8a_D,3j8a_A,0.9966128877112634,1.2231024980321035,366,366,True
9e2e,9e2e_B,9e2e_C,0_7797_0,5yu8,0_7797_10,5yu8_B,5yu8_A,2.641608192991978,8.413993232164026,360,360,True
9e2e,9e2e_B,9e2e_C,0_7797_0,5yu8,0_7797_12,5yu8_C,5yu8_A,2.641608192991978,55.361173889965606,360,360,True
9e2e,9e2e_B,9e2e_D,0_7797_1,3j8a,0_7797_1,3j8a_A,3j8a_B,0.9966128877112634,1.2806084868442398,366,366,False
9e2e,9e2e_B,9e2e_D,0_7797_1,3j8a,0_7797_0,3j8a_D,3j8a_A,0.9966128877112634,54.07719998124501,366,366,True
9e2e,9e2e_B,9e2e_D,0_7797_1,5yu8,0_7797_10,5yu8_B,5yu8_A,2.641608192991978,52.81567531789864,360,360,True
9e2e,9e2e_B,9e2e_D,0_7797_1,5yu8,0_7797_12,5yu8_C,5yu8_A,2.641608192991978,6.33712838931243,360,360,True
9e2e,9e2e_C,9e2e_D,0_7797_0,3j8a,0_7797_1,3j8a_A,3j8a_B,0.9806391717112999,53.07778424913606,366,366,False
9e2e,9e2e_C,9e2e_D,0_7797_0,3j8a,0_7797_0,3j8a_D,3j8a_A,0.9806391717112999,1.348879828138231,366,366,True
9e2e,9e2e_C,9e2e_D,0_7797_0,5yu8,0_7797_10,5yu8_B,5yu8_A,2.6762105561835674,8.555123545908408,360,360,True
9e2e,9e2e_C,9e2e_D,0_7797_0,5yu8,0_7797_12,5yu8_C,5yu8_A,2.6762105561835674,55.289653962606664,360,360,True
9e2e,9e2e_C,9e2e_E,0_7797_1,3j8a,0_7797_1,3j8a_A,3j8a_B,0.9806391717112999,1.3165893134601436,366,366,False
9e2e,9e2e_C,9e2e_E,0_7797_1,3j8a,0_7797_0,3j8a_D,3j8a_A,0.9806391717112999,54.05928721546376,366,366,True
9e2e,9e2e_C,9e2e_E,0_7797_1,5yu8,0_7797_10,5yu8_B,5yu8_A,2.6762105561835674,52.806194739211016,360,360,True
9e2e,9e2e_C,9e2e_E,0_7797_1,5yu8,0_7797_12,5yu8_C,5yu8_A,2.6762105561835674,6.461292045825392,360,360,True
9e2e,9e2e_D,9e2e_E,0_7797_0,3j8a,0_7797_1,3j8a_A,3j8a_B,0.9866877407736102,53.091919152227646,366,366,False
9e2e,9e2e_D,9e2e_E,0_7797_0,3j8a,0_7797_0,3j8a_D,3j8a_A,0.9866877407736102,1.2993175197067248,366,366,True
9e2e,9e2e_D,9e2e_E,0_7797_0,5yu8,0_7797_10,5yu8_B,5yu8_A,2.662479898318287,8.514676015982005,360,360,True
9e2e,9e2e_D,9e2e_E,0_7797_0,5yu8,0_7797_12,5yu8_C,5yu8_A,2.662479898318287,55.283174453023214,360,360,True
9e2e,9e2e_D,9e2e_F,0_7797_1,3j8a,0_7797_1,3j8a_A,3j8a_B,0.9866877407736102,1.3082807694436809,366,366,False
9e2e,9e2e_D,9e2e_F,0_7797_1,3j8a,0_7797_0,3j8a_D,3j8a_A,0.9866877407736102,54.121588631855815,366,366,True
9e2e,9e2e_D,9e2e_F,0_7797_1,5yu8,0_7797_10,5yu8_B,5yu8_A,2.662479898318287,52.87381620542873,360,360,True
9e2e,9e2e_D,9e2e_F,0_7797_1,5yu8,0_7797_12,5yu8_C,5yu8_A,2.662479898318287,6.42452558030364,360,360,True
9e2e,9e2e_E,9e2e_F,0_7797_0,3j8a,0_7797_1,3j8a_A,3j8a_B,1.0114855441332993,53.149696801312935,366,366,False
9e2e,9e2e_E,9e2e_F,0_7797_0,3j8a,0_7797_0,3j8a_D,3j8a_A,1.0114855441332993,1.31594964986721,366,366,True
9e2e,9e2e_E,9e2e_F,0_7797_0,5yu8,0_7797_10,5yu8_B,5yu8_A,2.647236813946994,8.583496810194944,360,360,True
9e2e,9e2e_E,9e2e_F,0_7797_0,5yu8,0_7797_12,5yu8_C,5yu8_A,2.647236813946994,55.34931024641581,360,360,True
9go5,9go5_A,9go5_B,0_7797_0,3j8a,0_7797_1,3j8a_A,3j8a_B,1.147593433925675,52.951628007994074,366,366,True
9go5,9go5_A,9go5_B,0_7797_0,3j8a,0_7797_0,3j8a_D,3j8a_A,1.16436346727692,1.471576793689271,366,366,False
9go5,9go5_A,9go5_B,0_7797_0,5yu8,0_7797_10,5yu8_B,5yu8_A,2.623538556556676,8.05856740660176,360,360,False
9go5,9go5_A,9go5_B,0_7797_0,5yu8,0_7797_12,5yu8_C,5yu8_A,2.62356821774664,49.015498726046495,360,360,False
9go5,9go5_A,9go5_C,0_7797_0,3j8a,0_7797_1,3j8a_A,3j8a_B,1.1618732425013392,52.91336217818011,366,366,False
9go5,9go5_A,9go5_C,0_7797_0,3j8a,0_7797_0,3j8a_D,3j8a_A,1.1618732425013392,1.6569327113324466,366,366,True
9go5,9go5_A,9go5_C,0_7797_0,5yu8,0_7797_10,5yu8_B,5yu8_A,2.623558941370339,8.93406273729265,360,360,True
9go5,9go5_A,9go5_C,0_7797_0,5yu8,0_7797_12,5yu8_C,5yu8_A,2.623558941370339,55.07954417038072,360,360,True
9go5,9go5_A,9go5_D,0_7797_1,3j8a,0_7797_1,3j8a_A,3j8a_B,1.1618732425013392,1.3748405686381744,366,366,False
9go5,9go5_A,9go5_D,0_7797_1,3j8a,0_7797_0,3j8a_D,3j8a_A,1.1618732425013392,53.707786440409485,366,366,True
9go5,9go5_A,9go5_D,0_7797_1,5yu8,0_7797_10,5yu8_B,5yu8_A,2.623558941370339,52.508124734516656,360,360,True
9go5,9go5_A,9go5_D,0_7797_1,5yu8,0_7797_12,5yu8_C,5yu8_A,2.623558941370339,6.535562720124119,360,360,True
9go5,9go5_A,9go5_E,0_7797_1,3j8a,0_7797_1,3j8a_A,3j8a_B,1.147593433925675,1.3769774312778005,366,366,True
9go5,9go5_A,9go5_E,0_7797_1,3j8a,0_7797_0,3j8a_D,3j8a_A,1.16436346727692,53.76781228219773,366,366,False
9go5,9go5_A,9go5_E,0_7797_1,5yu8,0_7797_10,5yu8_B,5yu8_A,2.623538556556676,58.271811727143955,360,360,False
9go5,9go5_A,9go5_E,0_7797_1,5yu8,0_7797_12,5yu8_C,5yu8_A,2.62356821774664,8.512747917985537,360,360,False
9go5,9go5_B,9go5_C,0_7797_1,3j8a,0_7797_1,3j8a_A,3j8a_B,1.161572936618352,1.3654745274652176,366,366,False
9go5,9go5_B,9go5_C,0_7797_1,3j8a,0_7797_0,3j8a_D,3j8a_A,1.161572936618352,53.70743744798537,366,366,True
9go5,9go5_B,9go5_C,0_7797_1,5yu8,0_7797_10,5yu8_B,5yu8_A,2.623469302712243,52.50260875716498,360,360,True
9go5,9go5_B,9go5_C,0_7797_1,5yu8,0_7797_12,5yu8_C,5yu8_A,2.623469302712243,6.49668310628039,360,360,True
9go5,9go5_B,9go5_E,0_7797_0,3j8a,0_7797_1,3j8a_A,3j8a_B,1.1472835363192466,52.93044057747524,366,366,True
9go5,9go5_B,9go5_E,0_7797_0,3j8a,0_7797_0,3j8a_D,3j8a_A,1.1640544494134335,1.4558953853803351,366,366,False
9go5,9go5_B,9go5_E,0_7797_0,5yu8,0_7797_10,5yu8_B,5yu8_A,2.6234489146920326,8.059639696416014,360,360,False
9go5,9go5_B,9go5_E,0_7797_0,5yu8,0_7797_12,5yu8_C,5yu8_A,2.6234785815315123,48.9853640089027,360,360,False
9go5,9go5_C,9go5_D,0_7797_0,3j8a,0_7797_1,3j8a_A,3j8a_B,1.161602242635117,52.88457720210221,366,366,False
9go5,9go5_C,9go5_D,0_7797_0,3j8a,0_7797_0,3j8a_D,3j8a_A,1.161602242635117,1.660540672983669,366,366,True
9go5,9go5_C,9go5_D,0_7797_0,5yu8,0_7797_10,5yu8_B,5yu8_A,2.6235181674653583,8.910138854737419,360,360,True
9go5,9go5_C,9go5_D,0_7797_0,5yu8,0_7797_12,5yu8_C,5yu8_A,2.6235181674653583,55.05017221348327,360,360,True
9gob,9gob_A,9gob_B,0_7797_0,3j8a,0_7797_1,3j8a_A,3j8a_B,1.1331771737333247,53.08399506413994,366,366,True
9gob,9gob_A,9gob_B,0_7797_0,3j8a,0_7797_0,3j8a_D,3j8a_A,1.151062604326257,1.377438941602749,366,366,False
9gob,9gob_A,9gob_B,0_7797_0,5yu8,0_7797_10,5yu8_B,5yu8_A,2.6454873875991454,7.8854175351188225,360,360,False
9gob,9gob_A,9gob_B,0_7797_0,5yu8,0_7797_12,5yu8_C,5yu8_A,2.6455145759728413,49.06836518717334,360,360,False
9gob,9gob_C,9gob_A,0_7797_1,3j8a,0_7797_1,3j8a_A,3j8a_B,1.1565846876514527,1.28363174003509,366,366,False
9gob,9gob_C,9gob_A,0_7797_1,3j8a,0_7797_0,3j8a_D,3j8a_A,1.1565846876514527,53.48088166512906,366,366,True
9gob,9gob_C,9gob_A,0_7797_1,5yu8,0_7797_10,5yu8_B,5yu8_A,2.6514533601156702,52.172061685891606,360,360,True
9gob,9gob_C,9gob_A,0_7797_1,5yu8,0_7797_12,5yu8_C,5yu8_A,2.6514533601156702,6.373623252954947,360,360,True
9gob,9gob_C,9gob_B,0_7797_0,3j8a,0_7797_1,3j8a_A,3j8a_B,1.1565846876514527,52.72173809834397,366,366,False
9gob,9gob_C,9gob_B,0_7797_0,3j8a,0_7797_0,3j8a_D,3j8a_A,1.1565846876514527,1.4908418416026632,366,366,True
9gob,9gob_C,9gob_B,0_7797_0,5yu8,0_7797_10,5yu8_B,5yu8_A,2.6514533601156702,8.405615954662728,360,360,True
9gob,9gob_C,9gob_B,0_7797_0,5yu8,0_7797_12,5yu8_C,5yu8_A,2.6514533601156702,54.960368057181235,360,360,True
9gob,9gob_B,9gob_D,0_7797_1,3j8a,0_7797_1,3j8a_A,3j8a_B,1.1326367746479462,1.252974661086936,366,366,True
9gob,9gob_B,9gob_D,0_7797_1,3j8a,0_7797_0,3j8a_D,3j8a_A,1.151483693644267,53.138907102674445,366,366,False
9gob,9gob_B,9gob_D,0_7797_1,5yu8,0_7797_10,5yu8_B,5yu8_A,2.657693578676464,57.770379283173824,360,360,False
9gob,9gob_B,9gob_D,0_7797_1,5yu8,0_7797_12,5yu8_C,5yu8_A,2.6577196731738253,8.259625931428438,360,360,False
9gob,9gob_C,9gob_D,0_7797_0,3j8a,0_7797_1,3j8a_A,3j8a_B,1.1493796697848464,53.176554568321954,366,366,True
9gob,9gob_C,9gob_D,0_7797_0,3j8a,0_7797_0,3j8a_D,3j8a_A,1.1669088104086198,1.3458098981341464,366,366,False
9gob,9gob_C,9gob_D,0_7797_0,5yu8,0_7797_10,5yu8_B,5yu8_A,2.6514349094526426,7.733597835436515,360,360,False
9gob,9gob_C,9gob_D,0_7797_0,5yu8,0_7797_12,5yu8_C,5yu8_A,2.651460515811242,49.16449722646161,360,360,False
9gob,9gob_C,9gob_E,0_7797_1,3j8a,0_7797_1,3j8a_A,3j8a_B,1.1493796697848464,1.315881581576583,366,366,True
9gob,9gob_C,9gob_E,0_7797_1,3j8a,0_7797_0,3j8a_D,3j8a_A,1.1669088104086198,53.08539381104805,366,366,False
9gob,9gob_C,9gob_E,0_7797_1,5yu8,0_7797_10,5yu8_B,5yu8_A,2.6514349094526426,57.70308382254483,360,360,False
9gob,9gob_C,9gob_E,0_7797_1,5yu8,0_7797_12,5yu8_C,5yu8_A,2.651460515811242,8.167621888680198,360,360,False
9gob,9gob_E,9gob_D,0_7797_0,3j8a,0_7797_1,3j8a_A,3j8a_B,1.2320254230077925,52.72112204506901,366,366,False
9gob,9gob_E,9gob_D,0_7797_0,3j8a,0_7797_0,3j8a_D,3j8a_A,1.2320254230077925,1.4813885835520761,366,366,True
9gob,9gob_E,9gob_D,0_7797_0,5yu8,0_7797_10,5yu8_B,5yu8_A,2.6583306631981807,8.419257974566204,360,360,True
9gob,9gob_E,9gob_D,0_7797_0,5yu8,0_7797_12,5yu8_C,5yu8_A,2.6583306631981807,55.03789627200773,360,360,True
9hm9,9hm9_A,9hm9_B,0_7797_0,3j8a,0_7797_1,3j8a_A,3j8a_B,1.1010249786791069,53.086205414147976,366,366,True
9hm9,9hm9_A,9hm9_B,0_7797_0,3j8a,0_7797_0,3j8a_D,3j8a_A,1.1182699996086487,1.3430961008036992,366,366,False
9hm9,9hm9_A,9hm9_B,0_7797_0,5yu8,0_7797_10,5yu8_B,5yu8_A,2.639829895455412,7.8851268853239045,360,360,False
9hm9,9hm9_A,9hm9_B,0_7797_0,5yu8,0_7797_12,5yu8_C,5yu8_A,2.6398563250653533,49.07552107204029,360,360,False
9hm9,9hm9_C,9hm9_A,0_7797_1,3j8a,0_7797_1,3j8a_A,3j8a_B,1.1289839774432084,1.2152233953314104,366,366,False
9hm9,9hm9_C,9hm9_A,0_7797_1,3j8a,0_7797_0,3j8a_D,3j8a_A,1.1289839774432084,53.461483251070575,366,366,True
9hm9,9hm9_C,9hm9_A,0_7797_1,5yu8,0_7797_10,5yu8_B,5yu8_A,2.6410579292512644,52.14800808001627,360,360,True
9hm9,9hm9_C,9hm9_A,0_7797_1,5yu8,0_7797_12,5yu8_C,5yu8_A,2.6410579292512644,6.412436216155923,360,360,True
9hm9,9hm9_C,9hm9_B,0_7797_0,3j8a,0_7797_1,3j8a_A,3j8a_B,1.1289839774432084,52.802353652755265,366,366,False
9hm9,9hm9_C,9hm9_B,0_7797_0,3j8a,0_7797_0,3j8a_D,3j8a_A,1.1289839774432084,1.4368660749351045,366,366,True
9hm9,9hm9_C,9hm9_B,0_7797_0,5yu8,0_7797_10,5yu8_B,5yu8_A,2.6410579292512644,8.432021470456602,360,360,True
9hm9,9hm9_C,9hm9_B,0_7797_0,5yu8,0_7797_12,5yu8_C,5yu8_A,2.6410579292512644,55.04120614855295,360,360,True
9hm9,9hm9_B,9hm9_D,0_7797_1,3j8a,0_7797_1,3j8a_A,3j8a_B,1.1122677233164426,1.2260395187469655,366,366,True
9hm9,9hm9_B,9hm9_D,0_7797_1,3j8a,0_7797_0,3j8a_D,3j8a_A,1.1301544670289132,53.19999202684629,366,366,False
9hm9,9hm9_B,9hm9_D,0_7797_1,5yu8,0_7797_10,5yu8_B,5yu8_A,2.6476910365368824,57.81917742774809,360,360,False
9hm9,9hm9_B,9hm9_D,0_7797_1,5yu8,0_7797_12,5yu8_C,5yu8_A,2.6477171166805746,8.253460997523735,360,360,False
9hm9,9hm9_C,9hm9_D,0_7797_0,3j8a,0_7797_1,3j8a_A,3j8a_B,1.1230728739451845,53.14674492903112,366,366,True
9hm9,9hm9_C,9hm9_D,0_7797_0,3j8a,0_7797_0,3j8a_D,3j8a_A,1.139255284058191,1.2886217910150415,366,366,False
9hm9,9hm9_C,9hm9_D,0_7797_0,5yu8,0_7797_10,5yu8_B,5yu8_A,2.641039485535143,7.7755081856592145,360,360,False
9hm9,9hm9_C,9hm9_D,0_7797_0,5yu8,0_7797_12,5yu8_C,5yu8_A,2.641065654761623,49.12336609770158,360,360,False
9hm9,9hm9_C,9hm9_E,0_7797_1,3j8a,0_7797_1,3j8a_A,3j8a_B,1.1230728739451845,1.2529058514433116,366,366,True
9hm9,9hm9_C,9hm9_E,0_7797_1,3j8a,0_7797_0,3j8a_D,3j8a_A,1.139255284058191,53.159970242063444,366,366,False
9hm9,9hm9_C,9hm9_E,0_7797_1,5yu8,0_7797_10,5yu8_B,5yu8_A,2.641039485535143,57.78220060969077,360,360,False
9hm9,9hm9_C,9hm9_E,0_7797_1,5yu8,0_7797_12,5yu8_C,5yu8_A,2.641065654761623,8.24129575719974,360,360,False
9hm9,9hm9_E,9hm9_D,0_7797_0,3j8a,0_7797_1,3j8a_A,3j8a_B,1.2005017043621944,52.812568254314556,366,366,False
9hm9,9hm9_E,9hm9_D,0_7797_0,3j8a,0_7797_0,3j8a_D,3j8a_A,1.2005017043621944,1.433855248103734,366,366,True
9hm9,9hm9_E,9hm9_D,0_7797_0,5yu8,0_7797_10,5yu8_B,5yu8_A,2.641275718891589,8.474966601309346,360,360,True
9hm9,9hm9_E,9hm9_D,0_7797_0,5yu8,0_7797_12,5yu8_C,5yu8_A,2.641275718891589,55.117468170382224,360,360,True
9p1i,9p1i_Q,9p1i_R,0_7797_0,3j8a,0_7797_1,3j8a_A,3j8a_B,1.2045347710173588,52.88350137602665,366,366,False
9p1i,9p1i_Q,9p1i_R,0_7797_0,3j8a,0_7797_0,3j8a_D,3j8a_A,1.2045347710173588,1.4213147301110705,366,366,True
9p1i,9p1i_Q,9p1i_R,0_7797_0,5yu8,0_7797_10,5yu8_B,5yu8_A,2.712715956664106,8.423093365651672,360,360,True
9p1i,9p1i_Q,9p1i_R,0_7797_0,5yu8,0_7797_12,5yu8_C,5yu8_A,2.712715956664106,54.98222095988579,360,360,True
9p1i,9p1i_Q,9p1i_S,0_7797_1,3j8a,0_7797_1,3j8a_A,3j8a_B,1.1977163671247244,1.2670991671954386,366,366,True
9p1i,9p1i_Q,9p1i_S,0_7797_1,3j8a,0_7797_0,3j8a_D,3j8a_A,1.2092353499903792,53.42141107863023,366,366,False
9p1i,9p1i_Q,9p1i_S,0_7797_1,5yu8,0_7797_10,5yu8_B,5yu8_A,2.7126961515060612,57.878753210162095,360,360,False
9p1i,9p1i_Q,9p1i_S,0_7797_1,5yu8,0_7797_12,5yu8_C,5yu8_A,2.7127235240439753,8.189845956291043,360,360,False
9p1i,9p1i_Q,9p1i_T,0_7797_0,3j8a,0_7797_1,3j8a_A,3j8a_B,1.1977163671247244,53.107509515234874,366,366,True
9p1i,9p1i_Q,9p1i_T,0_7797_0,3j8a,0_7797_0,3j8a_D,3j8a_A,1.2092353499903792,1.3821400682801308,366,366,False
9p1i,9p1i_Q,9p1i_T,0_7797_0,5yu8,0_7797_10,5yu8_B,5yu8_A,2.7126961515060612,7.7194157330135456,360,360,False
9p1i,9p1i_Q,9p1i_T,0_7797_0,5yu8,0_7797_12,5yu8_C,5yu8_A,2.7127235240439753,49.19768059071458,360,360,False
9p1i,9p1i_Q,9p1i_W,0_7797_1,3j8a,0_7797_1,3j8a_A,3j8a_B,1.2045347710173588,1.327037325535228,366,366,False
9p1i,9p1i_Q,9p1i_W,0_7797_1,3j8a,0_7797_0,3j8a_D,3j8a_A,1.2045347710173588,53.5804865052997,366,366,True
9p1i,9p1i_Q,9p1i_W,0_7797_1,5yu8,0_7797_10,5yu8_B,5yu8_A,2.712715956664106,52.37800163300694,360,360,True
9p1i,9p1i_Q,9p1i_W,0_7797_1,5yu8,0_7797_12,5yu8_C,5yu8_A,2.712715956664106,6.291834086132043,360,360,True
9p1i,9p1i_R,9p1i_T,0_7797_1,3j8a,0_7797_1,3j8a_A,3j8a_B,1.2016811233628777,1.2628513716882177,366,366,True
9p1i,9p1i_R,9p1i_T,0_7797_1,3j8a,0_7797_0,3j8a_D,3j8a_A,1.2153008820495708,53.38532553429839,366,366,False
9p1i,9p1i_R,9p1i_T,0_7797_1,5yu8,0_7797_10,5yu8_B,5yu8_A,2.7162191840414227,57.865280365499395,360,360,False
9p1i,9p1i_R,9p1i_T,0_7797_1,5yu8,0_7797_12,5yu8_C,5yu8_A,2.716246639371352,8.176163832085662,360,360,False
9p1i,9p1i_R,9p1i_W,0_7797_0,3j8a,0_7797_1,3j8a_A,3j8a_B,1.2090607487855682,52.868217591960345,366,366,False
9p1i,9p1i_R,9p1i_W,0_7797_0,3j8a,0_7797_0,3j8a_D,3j8a_A,1.2090607487855682,1.41275091240187,366,366,True
9p1i,9p1i_R,9p1i_W,0_7797_0,5yu8,0_7797_10,5yu8_B,5yu8_A,2.7162390239493286,8.404263457234519,360,360,True
9p1i,9p1i_R,9p1i_W,0_7797_0,5yu8,0_7797_12,5yu8_C,5yu8_A,2.7162390239493286,54.984057542289726,360,360,True
9p1i,9p1i_R,9p1i_X,0_7797_1,3j8a,0_7797_1,3j8a_A,3j8a_B,1.2090607487855682,1.357320474542357,366,366,False
9p1i,9p1i_R,9p1i_X,0_7797_1,3j8a,0_7797_0,3j8a_D,3j8a_A,1.2090607487855682,53.61709299658154,366,366,True
9p1i,9p1i_R,9p1i_X,0_7797_1,5yu8,0_7797_10,5yu8_B,5yu8_A,2.7162390239493286,52.38428479399818,360,360,True
9p1i,9p1i_R,9p1i_X,0_7797_1,5yu8,0_7797_12,5yu8_C,5yu8_A,2.7162390239493286,6.2489052680591275,360,360,True
9p1i,9p1i_S,9p1i_T,0_7797_0,3j8a,0_7797_1,3j8a_A,3j8a_B,1.1927186118542272,52.880595320887586,366,366,False
9p1i,9p1i_S,9p1i_T,0_7797_0,3j8a,0_7797_0,3j8a_D,3j8a_A,1.1927186118542272,1.4106761710740667,366,366,True
9p1i,9p1i_S,9p1i_T,0_7797_0,5yu8,0_7797_10,5yu8_B,5yu8_A,2.704428338518603,8.406135417272695,360,360,True
9p1i,9p1i_S,9p1i_T,0_7797_0,5yu8,0_7797_12,5yu8_C,5yu8_A,2.704428338518603,54.98983561689032,360,360,True
9p1i,9p1i_S,9p1i_U,0_7797_1,3j8a,0_7797_1,3j8a_A,3j8a_B,1.1846548878210228,1.2787707525792642,366,366,True
9p1i,9p1i_S,9p1i_U,0_7797_1,3j8a,0_7797_0,3j8a_D,3j8a_A,1.198048000730267,53.41521731696166,366,366,False
9p1i,9p1i_S,9p1i_U,0_7797_1,5yu8,0_7797_10,5yu8_B,5yu8_A,2.7044086704312766,57.88530239443549,360,360,False
9p1i,9p1i_S,9p1i_U,0_7797_1,5yu8,0_7797_12,5yu8_C,5yu8_A,2.7044366315244663,8.205717741904442,360,360,False
9p1i,9p1i_S,9p1i_V,0_7797_0,3j8a,0_7797_1,3j8a_A,3j8a_B,1.1846548878210228,53.08708553092083,366,366,True
9p1i,9p1i_S,9p1i_V,0_7797_0,3j8a,0_7797_0,3j8a_D,3j8a_A,1.198048000730267,1.4242568350595908,366,366,False
9p1i,9p1i_S,9p1i_V,0_7797_0,5yu8,0_7797_10,5yu8_B,5yu8_A,2.7044086704312766,7.749599496107166,360,360,False
9p1i,9p1i_S,9p1i_V,0_7797_0,5yu8,0_7797_12,5yu8_C,5yu8_A,2.7044366315244663,49.164354201777435,360,360,False
9p1i,9p1i_T,9p1i_V,0_7797_1,3j8a,0_7797_1,3j8a_A,3j8a_B,1.1843082402199976,1.2891514991925812,366,366,True
9p1i,9p1i_T,9p1i_V,0_7797_1,3j8a,0_7797_0,3j8a_D,3j8a_A,1.1974852956310669,53.37447158118191,366,366,False
9p1i,9p1i_T,9p1i_V,0_7797_1,5yu8,0_7797_10,5yu8_B,5yu8_A,2.699874187862201,57.85240676943399,360,360,False
9p1i,9p1i_T,9p1i_V,0_7797_1,5yu8,0_7797_12,5yu8_C,5yu8_A,2.6999026349410076,8.186302202905752,360,360,False
9p1i,9p1i_U,9p1i_V,0_7797_0,3j8a,0_7797_1,3j8a_A,3j8a_B,1.1931626850222739,52.88003684311056,366,366,False
9p1i,9p1i_U,9p1i_V,0_7797_0,3j8a,0_7797_0,3j8a_D,3j8a_A,1.1931626850222739,1.4234571237096614,366,366,True
9p1i,9p1i_U,9p1i_V,0_7797_0,5yu8,0_7797_10,5yu8_B,5yu8_A,2.709784121350777,8.435483402465067,360,360,True
9p1i,9p1i_U,9p1i_V,0_7797_0,5yu8,0_7797_12,5yu8_C,5yu8_A,2.709784121350777,55.003885839454696,360,360,True
9p1i,9p1i_W,9p1i_X,0_7797_0,3j8a,0_7797_1,3j8a_A,3j8a_B,1.1993671363590404,52.881641532168445,366,366,False
9p1i,9p1i_W,9p1i_X,0_7797_0,3j8a,0_7797_0,3j8a_D,3j8a_A,1.1993671363590404,1.4119335977810081,366,366,True
9p1i,9p1i_W,9p1i_X,0_7797_0,5yu8,0_7797_10,5yu8_B,5yu8_A,2.7173820746947626,8.387855269689977,360,360,True
9p1i,9p1i_W,9p1i_X,0_7797_0,5yu8,0_7797_12,5yu8_C,5yu8_A,2.7173820746947626,55.000531410866174,360,360,True
9p1i,9p1i_W,9p1i_Y,0_7797_1,3j8a,0_7797_1,3j8a_A,3j8a_B,1.1993671363590404,1.330454780148405,366,366,False
9p1i,9p1i_W,9p1i_Y,0_7797_1,3j8a,0_7797_0,3j8a_D,3j8a_A,1.1993671363590404,53.59414766776107,366,366,True
9p1i,9p1i_W,9p1i_Y,0_7797_1,5yu8,0_7797_10,5yu8_B,5yu8_A,2.7173820746947626,52.36600885343914,360,360,True
9p1i,9p1i_W,9p1i_Y,0_7797_1,5yu8,0_7797_12,5yu8_C,5yu8_A,2.7173820746947626,6.272949569054287,360,360,True
9p1i,9p1i_X,9p1i_Y,0_7797_0,3j8a,0_7797_1,3j8a_A,3j8a_B,1.2135079949199647,52.890820956991035,366,366,False
9p1i,9p1i_X,9p1i_Y,0_7797_0,3j8a,0_7797_0,3j8a_D,3j8a_A,1.2135079949199647,1.4114240471679858,366,366,True
9p1i,9p1i_X,9p1i_Y,0_7797_0,5yu8,0_7797_10,5yu8_B,5yu8_A,2.7029786750354705,8.411826079690591,360,360,True
9p1i,9p1i_X,9p1i_Y,0_7797_0,5yu8,0_7797_12,5yu8_C,5yu8_A,2.7029786750354705,55.00189794076885,360,360,True
9p1i,9p1i_X,9p1i_Z,0_7797_1,3j8a,0_7797_1,3j8a_A,3j8a_B,1.2135079949199647,1.3295020604731584,366,366,False
9p1i,9p1i_X,9p1i_Z,0_7797_1,3j8a,0_7797_0,3j8a_D,3j8a_A,1.2135079949199647,53.59340744117394,366,366,True
9p1i,9p1i_X,9p1i_Z,0_7797_1,5yu8,0_7797_10,5yu8_B,5yu8_A,2.7029786750354705,52.373866973574295,360,360,True
9p1i,9p1i_X,9p1i_Z,0_7797_1,5yu8,0_7797_12,5yu8_C,5yu8_A,2.7029786750354705,6.287196782766859,360,360,True
9p1i,9p1i_Y,9p1i_Z,0_7797_0,3j8a,0_7797_1,3j8a_A,3j8a_B,1.2035511514500445,52.884945568492334,366,366,False
9p1i,9p1i_Y,9p1i_Z,0_7797_0,3j8a,0_7797_0,3j8a_D,3j8a_A,1.2035511514500445,1.4087969285357977,366,366,True
9p1i,9p1i_Y,9p1i_Z,0_7797_0,5yu8,0_7797_10,5yu8_B,5yu8_A,2.701058316654915,8.390992146159649,360,360,True
9p1i,9p1i_Y,9p1i_Z,0_7797_0,5yu8,0_7797_12,5yu8_C,5yu8_A,2.701058316654915,54.99281292360848,360,360,True
9p1i,9p1i_Y,9p1i_a,0_7797_1,3j8a,0_7797_1,3j8a_A,3j8a_B,1.2035511514500445,1.3348203254686952,366,366,False
9p1i,9p1i_Y,9p1i_a,0_7797_1,3j8a,0_7797_0,3j8a_D,3j8a_A,1.2035511514500445,53.592304117318804,366,366,True
9p1i,9p1i_Y,9p1i_a,0_7797_1,5yu8,0_7797_10,5yu8_B,5yu8_A,2.701058316654915,52.376988402233614,360,360,True
9p1i,9p1i_Y,9p1i_a,0_7797_1,5yu8,0_7797_12,5yu8_C,5yu8_A,2.701058316654915,6.262741251855667,360,360,True
9p1i,9p1i_Z,9p1i_a,0_7797_0,3j8a,0_7797_1,3j8a_A,3j8a_B,1.2024944975168603,52.87267223587409,366,366,False
9p1i,9p1i_Z,9p1i_a,0_7797_0,3j8a,0_7797_0,3j8a_D,3j8a_A,1.2024944975168603,1.4279087871748755,366,366,True
9p1i,9p1i_Z,9p1i_a,0_7797_0,5yu8,0_7797_10,5yu8_B,5yu8_A,2.7054640775474823,8.425141217114854,360,360,True
9p1i,9p1i_Z,9p1i_a,0_7797_0,5yu8,0_7797_12,5yu8_C,5yu8_A,2.7054640775474823,54.996189367442994,360,360,True
9p1i,9p1i_Z,9p1i_b,0_7797_1,3j8a,0_7797_1,3j8a_A,3j8a_B,1.2024944975168603,1.352309283121611,366,366,False
9p1i,9p1i_Z,9p1i_b,0_7797_1,3j8a,0_7797_0,3j8a_D,3j8a_A,1.2024944975168603,53.60530828500724,366,366,True
9p1i,9p1i_Z,9p1i_b,0_7797_1,5yu8,0_7797_10,5yu8_B,5yu8_A,2.7054640775474823,52.38966364077008,360,360,True
9p1i,9p1i_Z,9p1i_b,0_7797_1,5yu8,0_7797_12,5yu8_C,5yu8_A,2.7054640775474823,6.293243031200338,360,360,True
9p1i,9p1i_a,9p1i_b,0_7797_0,3j8a,0_7797_1,3j8a_A,3j8a_B,1.2112065887135808,52.902367961035054,366,366,False
9p1i,9p1i_a,9p1i_b,0_7797_0,3j8a,0_7797_0,3j8a_D,3j8a_A,1.2112065887135808,1.420106087376853,366,366,True
9p1i,9p1i_a,9p1i_b,0_7797_0,5yu8,0_7797_10,5yu8_B,5yu8_A,2.7106910263882074,8.43329371796129,360,360,True
9p1i,9p1i_a,9p1i_b,0_7797_0,5yu8,0_7797_12,5yu8_C,5yu8_A,2.7106910263882074,55.02790031008074,360,360,True
9p3d,9p3d_Q,9p3d_R,0_7797_0,3j8a,0_7797_1,3j8a_A,3j8a_B,1.1592587276280502,53.21994673332313,366,366,True
9p3d,9p3d_Q,9p3d_R,0_7797_0,3j8a,0_7797_0,3j8a_D,3j8a_A,1.178229765402307,1.2653607740252946,366,366,False
9p3d,9p3d_Q,9p3d_R,0_7797_0,5yu8,0_7797_10,5yu8_B,5yu8_A,2.6673268699895223,7.6550752428655064,360,360,False
9p3d,9p3d_Q,9p3d_R,0_7797_0,5yu8,0_7797_12,5yu8_C,5yu8_A,2.6673540194809204,49.230565956962046,360,360,False
9p3d,9p3d_Q,9p3d_S,0_7797_1,3j8a,0_7797_1,3j8a_A,3j8a_B,1.1592587276280502,1.237705430235018,366,366,True
9p3d,9p3d_Q,9p3d_S,0_7797_1,3j8a,0_7797_0,3j8a_D,3j8a_A,1.178229765402307,53.39321319343381,366,366,False
9p3d,9p3d_Q,9p3d_S,0_7797_1,5yu8,0_7797_10,5yu8_B,5yu8_A,2.6673268699895223,57.947872827446666,360,360,False
9p3d,9p3d_Q,9p3d_S,0_7797_1,5yu8,0_7797_12,5yu8_C,5yu8_A,2.6673540194809204,8.151784793116791,360,360,False
9p3d,9p3d_R,9p3d_S,0_7797_0,3j8a,0_7797_1,3j8a_A,3j8a_B,1.1512351185959375,53.26850591357385,366,366,True
9p3d,9p3d_R,9p3d_S,0_7797_0,3j8a,0_7797_0,3j8a_D,3j8a_A,1.1682846100795352,1.2267528917685862,366,366,False
9p3d,9p3d_R,9p3d_S,0_7797_0,5yu8,0_7797_10,5yu8_B,5yu8_A,2.6668781567945823,7.597952473516296,360,360,False
9p3d,9p3d_R,9p3d_S,0_7797_0,5yu8,0_7797_12,5yu8_C,5yu8_A,2.6669037674898743,49.28582954259972,360,360,False
9p3d,9p3d_R,9p3d_T,0_7797_1,3j8a,0_7797_1,3j8a_A,3j8a_B,1.1512351185959375,1.2061233242313074,366,366,True
9p3d,9p3d_R,9p3d_T,0_7797_1,3j8a,0_7797_0,3j8a_D,3j8a_A,1.1682846100795352,53.363219571948946,366,366,False
9p3d,9p3d_R,9p3d_T,0_7797_1,5yu8,0_7797_10,5yu8_B,5yu8_A,2.6668781567945823,57.89983424520368,360,360,False
9p3d,9p3d_R,9p3d_T,0_7797_1,5yu8,0_7797_12,5yu8_C,5yu8_A,2.6669037674898743,8.055580670973693,360,360,False
9p3d,9p3d_S,9p3d_T,0_7797_0,3j8a,0_7797_1,3j8a_A,3j8a_B,1.1297878832491135,53.26303183533505,366,366,True
9p3d,9p3d_S,9p3d_T,0_7797_0,3j8a,0_7797_0,3j8a_D,3j8a_A,1.1454037161508819,1.2279859805194648,366,366,False
9p3d,9p3d_S,9p3d_T,0_7797_0,5yu8,0_7797_10,5yu8_B,5yu8_A,2.6740222024255678,7.615493199853188,360,360,False
9p3d,9p3d_S,9p3d_T,0_7797_0,5yu8,0_7797_12,5yu8_C,5yu8_A,2.674048185416395,49.29164891226481,360,360,False
9p3d,9p3d_S,9p3d_U,0_7797_1,3j8a,0_7797_1,3j8a_A,3j8a_B,1.1297878832491135,1.2071065461953783,366,366,True
9p3d,9p3d_S,9p3d_U,0_7797_1,3j8a,0_7797_0,3j8a_D,3j8a_A,1.1454037161508819,53.35678174059004,366,366,False
9p3d,9p3d_S,9p3d_U,0_7797_1,5yu8,0_7797_10,5yu8_B,5yu8_A,2.6740222024255678,57.883638783471035,360,360,False
9p3d,9p3d_S,9p3d_U,0_7797_1,5yu8,0_7797_12,5yu8_C,5yu8_A,2.674048185416395,8.073058794140824,360,360,False
9p3d,9p3d_T,9p3d_U,0_7797_0,3j8a,0_7797_1,3j8a_A,3j8a_B,1.1191322136554238,53.24051835368803,366,366,True
9p3d,9p3d_T,9p3d_U,0_7797_0,3j8a,0_7797_0,3j8a_D,3j8a_A,1.1376710560951182,1.2231989840354591,366,366,False
9p3d,9p3d_T,9p3d_U,0_7797_0,5yu8,0_7797_10,5yu8_B,5yu8_A,2.6494604300843254,7.651018706342147,360,360,False
9p3d,9p3d_T,9p3d_U,0_7797_0,5yu8,0_7797_12,5yu8_C,5yu8_A,2.649488152843047,49.26850322442734,360,360,False
9p3d,9p3d_T,9p3d_V,0_7797_1,3j8a,0_7797_1,3j8a_A,3j8a_B,1.1191322136554238,1.232867315854243,366,366,True
9p3d,9p3d_T,9p3d_V,0_7797_1,3j8a,0_7797_0,3j8a_D,3j8a_A,1.1376710560951182,53.365455944930055,366,366,False
9p3d,9p3d_T,9p3d_V,0_7797_1,5yu8,0_7797_10,5yu8_B,5yu8_A,2.6494604300843254,57.90036868504932,360,360,False
9p3d,9p3d_T,9p3d_V,0_7797_1,5yu8,0_7797_12,5yu8_C,5yu8_A,2.649488152843047,8.118302673693927,360,360,False
9p3d,9p3d_U,9p3d_V,0_7797_0,3j8a,0_7797_1,3j8a_A,3j8a_B,1.1145161651398912,53.2359697020117,366,366,True
9p3d,9p3d_U,9p3d_V,0_7797_0,3j8a,0_7797_0,3j8a_D,3j8a_A,1.1296136381154804,1.2486839639550615,366,366,False
9p3d,9p3d_U,9p3d_V,0_7797_0,5yu8,0_7797_10,5yu8_B,5yu8_A,2.6857825381786657,7.628794331668243,360,360,False
9p3d,9p3d_U,9p3d_V,0_7797_0,5yu8,0_7797_12,5yu8_C,5yu8_A,2.6858086846872817,49.257238121996735,360,360,False
9p3d,9p3d_U,9p3d_W,0_7797_1,3j8a,0_7797_1,3j8a_A,3j8a_B,1.1145161651398912,1.219956726707622,366,366,True
9p3d,9p3d_U,9p3d_W,0_7797_1,3j8a,0_7797_0,3j8a_D,3j8a_A,1.1296136381154804,53.38785995242766,366,366,False
9p3d,9p3d_U,9p3d_W,0_7797_1,5yu8,0_7797_10,5yu8_B,5yu8_A,2.6857825381786657,57.920664479173944,360,360,False
9p3d,9p3d_U,9p3d_W,0_7797_1,5yu8,0_7797_12,5yu8_C,5yu8_A,2.6858086846872817,8.107341199922095,360,360,False
9p3d,9p3d_V,9p3d_W,0_7797_0,3j8a,0_7797_1,3j8a_A,3j8a_B,1.147818968766025,53.22754630011839,366,366,True
9p3d,9p3d_V,9p3d_W,0_7797_0,3j8a,0_7797_0,3j8a_D,3j8a_A,1.1674346392192603,1.2466033424048197,366,366,False
9p3d,9p3d_V,9p3d_W,0_7797_0,5yu8,0_7797_10,5yu8_B,5yu8_A,2.6630691962498405,7.638034884019966,360,360,False
9p3d,9p3d_V,9p3d_W,0_7797_0,5yu8,0_7797_12,5yu8_C,5yu8_A,2.663094930993443,49.25831805468073,360,360,False
9p3d,9p3d_V,9p3d_X,0_7797_1,3j8a,0_7797_1,3j8a_A,3j8a_B,1.147818968766025,1.2221383745854517,366,366,True
9p3d,9p3d_V,9p3d_X,0_7797_1,3j8a,0_7797_0,3j8a_D,3j8a_A,1.1674346392192603,53.383834833026405,366,366,False
9p3d,9p3d_V,9p3d_X,0_7797_1,5yu8,0_7797_10,5yu8_B,5yu8_A,2.6630691962498405,57.91628369325153,360,360,False
9p3d,9p3d_V,9p3d_X,0_7797_1,5yu8,0_7797_12,5yu8_C,5yu8_A,2.663094930993443,8.088784863956592,360,360,False
9p3d,9p3d_W,9p3d_X,0_7797_0,3j8a,0_7797_1,3j8a_A,3j8a_B,1.136876740144561,53.24858576598497,366,366,True
9p3d,9p3d_W,9p3d_X,0_7797_0,3j8a,0_7797_0,3j8a_D,3j8a_A,1.1539290589333526,1.214545525072988,366,366,False
9p3d,9p3d_W,9p3d_X,0_7797_0,5yu8,0_7797_10,5yu8_B,5yu8_A,2.669770676311526,7.608180366344496,360,360,False
9p3d,9p3d_W,9p3d_X,0_7797_0,5yu8,0_7797_12,5yu8_C,5yu8_A,2.6697989754439373,49.28306275376654,360,360,False
9p3d,9p3d_W,9p3d_Y,0_7797_1,3j8a,0_7797_1,3j8a_A,3j8a_B,1.136876740144561,1.2201485754971133,366,366,True
9p3d,9p3d_W,9p3d_Y,0_7797_1,3j8a,0_7797_0,3j8a_D,3j8a_A,1.1539290589333526,53.3431342082712,366,366,False
9p3d,9p3d_W,9p3d_Y,0_7797_1,5yu8,0_7797_10,5yu8_B,5yu8_A,2.669770676311526,57.86709652736814,360,360,False
9p3d,9p3d_W,9p3d_Y,0_7797_1,5yu8,0_7797_12,5yu8_C,5yu8_A,2.6697989754439373,8.038411943376767,360,360,False
9p3d,9p3d_X,9p3d_Y,0_7797_0,3j8a,0_7797_1,3j8a_A,3j8a_B,1.1092367098728133,53.22957311029231,366,366,True
9p3d,9p3d_X,9p3d_Y,0_7797_0,3j8a,0_7797_0,3j8a_D,3j8a_A,1.1309796134844095,1.2428775809789305,366,366,False
9p3d,9p3d_X,9p3d_Y,0_7797_0,5yu8,0_7797_10,5yu8_B,5yu8_A,2.669281541514157,7.6431082641755435,360,360,False
9p3d,9p3d_X,9p3d_Y,0_7797_0,5yu8,0_7797_12,5yu8_C,5yu8_A,2.6693053109563074,49.24843947566462,360,360,False
9p3d,9p3d_X,9p3d_Z,0_7797_1,3j8a,0_7797_1,3j8a_A,3j8a_B,1.1092367098728133,1.2168597054153114,366,366,True
9p3d,9p3d_X,9p3d_Z,0_7797_1,3j8a,0_7797_0,3j8a_D,3j8a_A,1.1309796134844095,53.381475184923396,366,366,False
9p3d,9p3d_X,9p3d_Z,0_7797_1,5yu8,0_7797_10,5yu8_B,5yu8_A,2.669281541514157,57.92034802208948,360,360,False
9p3d,9p3d_X,9p3d_Z,0_7797_1,5yu8,0_7797_12,5yu8_C,5yu8_A,2.6693053109563074,8.113306056051268,360,360,False
9p3d,9p3d_Y,9p3d_Z,0_7797_0,3j8a,0_7797_1,3j8a_A,3j8a_B,1.1366810729127608,53.24289669269742,366,366,True
9p3d,9p3d_Y,9p3d_Z,0_7797_0,3j8a,0_7797_0,3j8a_D,3j8a_A,1.155207126267935,1.2425467635247625,366,366,False
9p3d,9p3d_Y,9p3d_Z,0_7797_0,5yu8,0_7797_10,5yu8_B,5yu8_A,2.6717121165513946,7.636444905814243,360,360,False
9p3d,9p3d_Y,9p3d_Z,0_7797_0,5yu8,0_7797_12,5yu8_C,5yu8_A,2.6717373478585924,49.26917134678057,360,360,False
9p3d,9p3d_Y,9p3d_a,0_7797_1,3j8a,0_7797_1,3j8a_A,3j8a_B,1.1366810729127608,1.2278816153615484,366,366,True
9p3d,9p3d_Y,9p3d_a,0_7797_1,3j8a,0_7797_0,3j8a_D,3j8a_A,1.155207126267935,53.38128990218349,366,366,False
9p3d,9p3d_Y,9p3d_a,0_7797_1,5yu8,0_7797_10,5yu8_B,5yu8_A,2.6717121165513946,57.91784999038808,360,360,False
9p3d,9p3d_Y,9p3d_a,0_7797_1,5yu8,0_7797_12,5yu8_C,5yu8_A,2.6717373478585924,8.111865310506634,360,360,False
9p3d,9p3d_Z,9p3d_a,0_7797_0,3j8a,0_7797_1,3j8a_A,3j8a_B,1.1327563705559898,53.2488636174444,366,366,True
9p3d,9p3d_Z,9p3d_a,0_7797_0,3j8a,0_7797_0,3j8a_D,3j8a_A,1.1457523954124351,1.250965794572968,366,366,False
9p3d,9p3d_Z,9p3d_a,0_7797_0,5yu8,0_7797_10,5yu8_B,5yu8_A,2.6485693418636065,7.606204905472463,360,360,False
9p3d,9p3d_Z,9p3d_a,0_7797_0,5yu8,0_7797_12,5yu8_C,5yu8_A,2.648596906025506,49.28195279175734,360,360,False
9q7k,9q7k_A,9q7k_B,0_7797_10,3j8a,0_7797_1,3j8a_A,3j8a_B,2.6489166036922986,58.30762779113777,356,356,True
9q7k,9q7k_A,9q7k_B,0_7797_10,3j8a,0_7797_0,3j8a_D,3j8a_A,2.6518569508522147,7.339435112730182,356,356,False
9q7k,9q7k_A,9q7k_B,0_7797_10,5yu8,0_7797_10,5yu8_B,5yu8_A,0.6079830838978546,1.1121563959409548,359,359,False
9q7k,9q7k_A,9q7k_B,0_7797_10,5yu8,0_7797_12,5yu8_C,5yu8_A,0.6079866515664978,54.516647099186194,359,359,False
9q7k,9q7k_A,9q7k_C,0_7797_12,3j8a,0_7797_1,3j8a_A,3j8a_B,2.6489166036922986,8.295435960536514,356,356,True
9q7k,9q7k_A,9q7k_C,0_7797_12,3j8a,0_7797_0,3j8a_D,3j8a_A,2.6518569508522147,49.89105152864986,356,356,False
9q7k,9q7k_A,9q7k_C,0_7797_12,5yu8,0_7797_10,5yu8_B,5yu8_A,0.6079830838978546,54.325772067958276,359,359,False
9q7k,9q7k_A,9q7k_C,0_7797_12,5yu8,0_7797_12,5yu8_C,5yu8_A,0.6079866515664978,0.9804682878070311,359,359,False
9q7k,9q7k_B,9q7k_C,0_7797_10,3j8a,0_7797_1,3j8a_A,3j8a_B,2.563694237722652,58.44299639181214,356,356,True
9q7k,9q7k_B,9q7k_C,0_7797_10,3j8a,0_7797_0,3j8a_D,3j8a_A,2.5651137849101606,7.51171228472699,356,356,False
9q7k,9q7k_B,9q7k_C,0_7797_10,5yu8,0_7797_10,5yu8_B,5yu8_A,0.5812122006720934,0.8412278116758519,359,359,False
9q7k,9q7k_B,9q7k_C,0_7797_10,5yu8,0_7797_12,5yu8_C,5yu8_A,0.5812238459690601,54.66308226557218,359,359,False
9q7k,9q7k_B,9q7k_D,0_7797_12,3j8a,0_7797_1,3j8a_A,3j8a_B,2.563694237722652,8.146069986162262,356,356,True
9q7k,9q7k_B,9q7k_D,0_7797_12,3j8a,0_7797_0,3j8a_D,3j8a_A,2.5651137849101606,49.95392863241674,356,356,False
9q7k,9q7k_B,9q7k_D,0_7797_12,5yu8,0_7797_10,5yu8_B,5yu8_A,0.5812122006720934,54.41449800650798,359,359,False
9q7k,9q7k_B,9q7k_D,0_7797_12,5yu8,0_7797_12,5yu8_C,5yu8_A,0.5812238459690601,0.7953303896408763,359,359,False
9q7k,9q7k_C,9q7k_D,0_7797_10,3j8a,0_7797_1,3j8a_A,3j8a_B,2.522620277307855,58.13724322383729,356,356,True
9q7k,9q7k_C,9q7k_D,0_7797_10,3j8a,0_7797_0,3j8a_D,3j8a_A,2.5257464539867294,7.113253269521662,356,356,False
9q7k,9q7k_C,9q7k_D,0_7797_10,5yu8,0_7797_10,5yu8_B,5yu8_A,0.4986728302682584,0.9018743596095202,359,359,False
9q7k,9q7k_C,9q7k_D,0_7797_10,5yu8,0_7797_12,5yu8_C,5yu8_A,0.4986791285591661,54.32514827816991,359,359,False
9q7k,9q7k_C,9q7k_E,0_7797_12,3j8a,0_7797_1,3j8a_A,3j8a_B,2.522620277307855,7.774827620480112,356,356,True
9q7k,9q7k_C,9q7k_E,0_7797_12,3j8a,0_7797_0,3j8a_D,3j8a_A,2.5257464539867294,50.26843737430059,356,356,False
9q7k,9q7k_C,9q7k_E,0_7797_12,5yu8,0_7797_10,5yu8_B,5yu8_A,0.4986728302682584,54.73577684985016,359,359,False
9q7k,9q7k_C,9q7k_E,0_7797_12,5yu8,0_7797_12,5yu8_C,5yu8_A,0.4986791285591661,0.8837467882940859,359,359,False
9q7k,9q7k_D,9q7k_E,0_7797_10,3j8a,0_7797_1,3j8a_A,3j8a_B,2.52320812654263,58.13683569670279,356,356,True
9q7k,9q7k_D,9q7k_E,0_7797_10,3j8a,0_7797_0,3j8a_D,3j8a_A,2.526620682919616,7.201318116901186,356,356,False
9q7k,9q7k_D,9q7k_E,0_7797_10,5yu8,0_7797_10,5yu8_B,5yu8_A,0.48612276588396497,0.7851576626450146,359,359,False
9q7k,9q7k_D,9q7k_E,0_7797_10,5yu8,0_7797_12,5yu8_C,5yu8_A,0.4861298312271992,54.32663324111256,359,359,False
9q7l,9q7l_A,9q7l_B,0_7797_10,3j8a,0_7797_1,3j8a_A,3j8a_B,2.5784511347631556,58.220121419727434,356,356,True
9q7l,9q7l_A,9q7l_B,0_7797_10,3j8a,0_7797_0,3j8a_D,3j8a_A,2.5818270188892267,7.188899818049523,356,356,False
9q7l,9q7l_A,9q7l_B,0_7797_10,5yu8,0_7797_10,5yu8_B,5yu8_A,0.5833238224790983,0.8717775514374376,359,359,False
9q7l,9q7l_A,9q7l_B,0_7797_10,5yu8,0_7797_12,5yu8_C,5yu8_A,0.5833314854534563,54.41621264367281,359,359,False
9q7l,9q7l_A,9q7l_C,0_7797_12,3j8a,0_7797_1,3j8a_A,3j8a_B,2.5784511347631556,7.791854113014825,356,356,True
9q7l,9q7l_A,9q7l_C,0_7797_12,3j8a,0_7797_0,3j8a_D,3j8a_A,2.5818270188892267,50.30277438053632,356,356,False
9q7l,9q7l_A,9q7l_C,0_7797_12,5yu8,0_7797_10,5yu8_B,5yu8_A,0.5833238224790983,54.76317357515928,359,359,False
9q7l,9q7l_A,9q7l_C,0_7797_12,5yu8,0_7797_12,5yu8_C,5yu8_A,0.5833314854534563,0.8239933865526516,359,359,False
9q7l,9q7l_B,9q7l_C,0_7797_10,3j8a,0_7797_1,3j8a_A,3j8a_B,2.548437035504172,58.01587105094981,356,356,True
9q7l,9q7l_B,9q7l_C,0_7797_10,3j8a,0_7797_0,3j8a_D,3j8a_A,2.5513105705417476,7.038004612259481,356,356,False
9q7l,9q7l_B,9q7l_C,0_7797_10,5yu8,0_7797_10,5yu8_B,5yu8_A,0.6189177582339112,0.8721822493484553,359,359,False
9q7l,9q7l_B,9q7l_C,0_7797_10,5yu8,0_7797_12,5yu8_C,5yu8_A,0.6189227285333302,54.199660600716996,359,359,False
9q7l,9q7l_B,9q7l_D,0_7797_12,3j8a,0_7797_1,3j8a_A,3j8a_B,2.548437035504172,7.200355076800381,356,356,True
9q7l,9q7l_B,9q7l_D,0_7797_12,3j8a,0_7797_0,3j8a_D,3j8a_A,2.5513105705417476,50.579589022185644,356,356,False
9q7l,9q7l_B,9q7l_D,0_7797_12,5yu8,0_7797_10,5yu8_B,5yu8_A,0.6189177582339112,55.06919798708509,359,359,False
9q7l,9q7l_B,9q7l_D,0_7797_12,5yu8,0_7797_12,5yu8_C,5yu8_A,0.6189227285333302,1.2842921957730657,359,359,False
9q7l,9q7l_C,9q7l_D,0_7797_10,3j8a,0_7797_1,3j8a_A,3j8a_B,2.5946152501217385,58.259829143500205,356,356,True
9q7l,9q7l_C,9q7l_D,0_7797_10,3j8a,0_7797_0,3j8a_D,3j8a_A,2.5973441467867815,7.274319293452068,356,356,False
9q7l,9q7l_C,9q7l_D,0_7797_10,5yu8,0_7797_10,5yu8_B,5yu8_A,0.5871211243003691,1.1239426431609283,359,359,False
9q7l,9q7l_C,9q7l_D,0_7797_10,5yu8,0_7797_12,5yu8_C,5yu8_A,0.5871279706964738,54.41551734682748,359,359,False
9q7l,9q7l_C,9q7l_E,0_7797_12,3j8a,0_7797_1,3j8a_A,3j8a_B,2.5946152501217385,7.733525823491042,356,356,True
9q7l,9q7l_C,9q7l_E,0_7797_12,3j8a,0_7797_0,3j8a_D,3j8a_A,2.5973441467867815,50.19724954076558,356,356,False
9q7l,9q7l_C,9q7l_E,0_7797_12,5yu8,0_7797_10,5yu8_B,5yu8_A,0.5871211243003691,54.6642659204331,359,359,False
9q7l,9q7l_C,9q7l_E,0_7797_12,5yu8,0_7797_12,5yu8_C,5yu8_A,0.5871279706964738,0.8686747870253381,359,359,False
9q7l,9q7l_D,9q7l_E,0_7797_31,3j8a,0_7797_1,3j8a_A,3j8a_B,2.4685582991713755,58.22340829297323,356,356,True
9q7l,9q7l_D,9q7l_E,0_7797_31,3j8a,0_7797_0,3j8a_D,3j8a_A,2.473667753103727,7.2131465024060075,356,356,False
9q7l,9q7l_D,9q7l_E,0_7797_31,5yu8,0_7797_10,5yu8_B,5yu8_A,0.7833376725160364,0.9742042767705377,359,359,False
9q7l,9q7l_D,9q7l_E,0_7797_31,5yu8,0_7797_12,5yu8_C,5yu8_A,0.7833445106427209,54.34563668105489,359,359,False
9q7m,9q7m_A,9q7m_B,0_7797_10,3j8a,0_7797_1,3j8a_A,3j8a_B,2.5560833832358907,58.244943256811965,356,356,True
9q7m,9q7m_A,9q7m_B,0_7797_10,3j8a,0_7797_0,3j8a_D,3j8a_A,2.559427190887455,7.311749057502683,356,356,False
9q7m,9q7m_A,9q7m_B,0_7797_10,5yu8,0_7797_10,5yu8_B,5yu8_A,0.5327372853314649,0.8061034631108522,359,359,False
9q7m,9q7m_A,9q7m_B,0_7797_10,5yu8,0_7797_12,5yu8_C,5yu8_A,0.5327403892308592,54.42917164435078,359,359,False
9q7m,9q7m_A,9q7m_C,0_7797_12,3j8a,0_7797_1,3j8a_A,3j8a_B,2.5560833832358907,7.813145269650673,356,356,True
9q7m,9q7m_A,9q7m_C,0_7797_12,3j8a,0_7797_0,3j8a_D,3j8a_A,2.559427190887455,50.25287859638017,356,356,False
9q7m,9q7m_A,9q7m_C,0_7797_12,5yu8,0_7797_10,5yu8_B,5yu8_A,0.5327372853314649,54.718092865313864,359,359,False
9q7m,9q7m_A,9q7m_C,0_7797_12,5yu8,0_7797_12,5yu8_C,5yu8_A,0.5327403892308592,0.754393534801923,359,359,False
9q7m,9q7m_B,9q7m_C,0_7797_10,3j8a,0_7797_1,3j8a_A,3j8a_B,2.577807614212371,58.29140803848943,356,356,True
9q7m,9q7m_B,9q7m_C,0_7797_10,3j8a,0_7797_0,3j8a_D,3j8a_A,2.5808968772049967,7.353416279899868,356,356,False
9q7m,9q7m_B,9q7m_C,0_7797_10,5yu8,0_7797_10,5yu8_B,5yu8_A,0.520765628138698,0.8159558301726575,359,359,False
9q7m,9q7m_B,9q7m_C,0_7797_10,5yu8,0_7797_12,5yu8_C,5yu8_A,0.5207759183974379,54.478845491470246,359,359,False
9q7m,9q7m_B,9q7m_D,0_7797_12,3j8a,0_7797_1,3j8a_A,3j8a_B,2.577807614212371,7.793962356857317,356,356,True
9q7m,9q7m_B,9q7m_D,0_7797_12,3j8a,0_7797_0,3j8a_D,3j8a_A,2.5808968772049967,50.212875676715086,356,356,False
9q7m,9q7m_B,9q7m_D,0_7797_12,5yu8,0_7797_10,5yu8_B,5yu8_A,0.520765628138698,54.671242535875386,359,359,False
9q7m,9q7m_B,9q7m_D,0_7797_12,5yu8,0_7797_12,5yu8_C,5yu8_A,0.5207759183974379,0.7392158052255887,359,359,False
9q7m,9q7m_C,9q7m_D,0_7797_10,3j8a,0_7797_1,3j8a_A,3j8a_B,2.565603231449897,58.24636968232847,356,356,True
9q7m,9q7m_C,9q7m_D,0_7797_10,3j8a,0_7797_0,3j8a_D,3j8a_A,2.569385793598593,7.289807856924066,356,356,False
9q7m,9q7m_C,9q7m_D,0_7797_10,5yu8,0_7797_10,5yu8_B,5yu8_A,0.5414629193680015,0.8461037951056412,359,359,False
9q7m,9q7m_C,9q7m_D,0_7797_10,5yu8,0_7797_12,5yu8_C,5yu8_A,0.5414610855742934,54.41530018757268,359,359,False
9q7m,9q7m_C,9q7m_E,0_7797_12,3j8a,0_7797_1,3j8a_A,3j8a_B,2.565603231449897,7.586059200398571,356,356,True
9q7m,9q7m_C,9q7m_E,0_7797_12,3j8a,0_7797_0,3j8a_D,3j8a_A,2.569385793598593,50.28602194839511,356,356,False
9q7m,9q7m_C,9q7m_E,0_7797_12,5yu8,0_7797_10,5yu8_B,5yu8_A,0.5414629193680015,54.77382779558888,359,359,False
9q7m,9q7m_C,9q7m_E,0_7797_12,5yu8,0_7797_12,5yu8_C,5yu8_A,0.5414610855742934,0.8731711285351822,359,359,False
9q7m,9q7m_D,9q7m_E,0_7797_10,3j8a,0_7797_1,3j8a_A,3j8a_B,2.5191639275931546,58.32039717924594,356,356,True
9q7m,9q7m_D,9q7m_E,0_7797_10,3j8a,0_7797_0,3j8a_D,3j8a_A,2.5238875630428006,7.414506893194866,356,356,False
9q7m,9q7m_D,9q7m_E,0_7797_10,5yu8,0_7797_10,5yu8_B,5yu8_A,0.5455523823944195,0.9673104740082068,359,359,False
9q7m,9q7m_D,9q7m_E,0_7797_10,5yu8,0_7797_12,5yu8_C,5yu8_A,0.5455721781542717,54.4870059551211,359,359,False
9q7n,9q7n_A,9q7n_B,0_7797_10,3j8a,0_7797_1,3j8a_A,3j8a_B,2.5383154194409037,57.9539267332347,356,356,True
9q7n,9q7n_A,9q7n_B,0_7797_10,3j8a,0_7797_0,3j8a_D,3j8a_A,2.54228494781821,7.120610312797014,356,356,False
9q7n,9q7n_A,9q7n_B,0_7797_10,5yu8,0_7797_10,5yu8_B,5yu8_A,0.49039445309330676,0.5600156362071628,359,359,False
9q7n,9q7n_A,9q7n_B,0_7797_10,5yu8,0_7797_12,5yu8_C,5yu8_A,0.49040058265161546,54.178867282827994,359,359,False
9q7n,9q7n_A,9q7n_C,0_7797_12,3j8a,0_7797_1,3j8a_A,3j8a_B,2.5383154194409037,7.749150560410995,356,356,True
9q7n,9q7n_A,9q7n_C,0_7797_12,3j8a,0_7797_0,3j8a_D,3j8a_A,2.54228494781821,50.10923568862796,356,356,False
9q7n,9q7n_A,9q7n_C,0_7797_12,5yu8,0_7797_10,5yu8_B,5yu8_A,0.49039445309330676,54.570896789261376,359,359,False
9q7n,9q7n_A,9q7n_C,0_7797_12,5yu8,0_7797_12,5yu8_C,5yu8_A,0.49040058265161546,0.6061043310724449,359,359,False
9q7n,9q7n_B,9q7n_C,0_7797_10,3j8a,0_7797_1,3j8a_A,3j8a_B,2.552507854782734,58.07065229441355,356,356,True
9q7n,9q7n_B,9q7n_C,0_7797_10,3j8a,0_7797_0,3j8a_D,3j8a_A,2.556184386324683,7.247744766303768,356,356,False
9q7n,9q7n_B,9q7n_C,0_7797_10,5yu8,0_7797_10,5yu8_B,5yu8_A,0.47477776262803906,0.5961686119256654,359,359,False
9q7n,9q7n_B,9q7n_C,0_7797_10,5yu8,0_7797_12,5yu8_C,5yu8_A,0.4747767882856608,54.26899094908844,359,359,False
9q7n,9q7n_B,9q7n_D,0_7797_12,3j8a,0_7797_1,3j8a_A,3j8a_B,2.552507854782734,7.8073538946542245,356,356,True
9q7n,9q7n_B,9q7n_D,0_7797_12,3j8a,0_7797_0,3j8a_D,3j8a_A,2.556184386324683,50.02939974466263,356,356,False
9q7n,9q7n_B,9q7n_D,0_7797_12,5yu8,0_7797_10,5yu8_B,5yu8_A,0.47477776262803906,54.50817771199973,359,359,False
9q7n,9q7n_B,9q7n_D,0_7797_12,5yu8,0_7797_12,5yu8_C,5yu8_A,0.4747767882856608,0.5929009163524843,359,359,False
9q7n,9q7n_C,9q7n_D,0_7797_10,3j8a,0_7797_1,3j8a_A,3j8a_B,2.554019261105032,58.16167628081372,356,356,True
9q7n,9q7n_C,9q7n_D,0_7797_10,3j8a,0_7797_0,3j8a_D,3j8a_A,2.556707647428478,7.339371467047223,356,356,False
9q7n,9q7n_C,9q7n_D,0_7797_10,5yu8,0_7797_10,5yu8_B,5yu8_A,0.4735098304381948,0.6721534921587403,359,359,False
9q7n,9q7n_C,9q7n_D,0_7797_10,5yu8,0_7797_12,5yu8_C,5yu8_A,0.47351245437519995,54.363029063761736,359,359,False
9q7n,9q7n_C,9q7n_E,0_7797_12,3j8a,0_7797_1,3j8a_A,3j8a_B,2.554019261105032,8.040686150989496,356,356,True
9q7n,9q7n_C,9q7n_E,0_7797_12,3j8a,0_7797_0,3j8a_D,3j8a_A,2.556707647428478,49.855184613698576,356,356,False
9q7n,9q7n_C,9q7n_E,0_7797_12,5yu8,0_7797_10,5yu8_B,5yu8_A,0.4735098304381948,54.30735968395815,359,359,False
9q7n,9q7n_C,9q7n_E,0_7797_12,5yu8,0_7797_12,5yu8_C,5yu8_A,0.47351245437519995,0.6015312826762542,359,359,False
9q7n,9q7n_D,9q7n_E,0_7797_10,3j8a,0_7797_1,3j8a_A,3j8a_B,2.555220213255428,57.9145157637242,356,356,True
9q7n,9q7n_D,9q7n_E,0_7797_10,3j8a,0_7797_0,3j8a_D,3j8a_A,2.5584475316772,7.074448659763701,356,356,False
9q7n,9q7n_D,9q7n_E,0_7797_10,5yu8,0_7797_10,5yu8_B,5yu8_A,0.5032694123803452,0.6414963542294585,359,359,False
9q7n,9q7n_D,9q7n_E,0_7797_10,5yu8,0_7797_12,5yu8_C,5yu8_A,0.5032686621918735,54.11762936418999,359,359,False
9q7o,9q7o_A,9q7o_B,0_7797_31,3j8a,0_7797_1,3j8a_A,3j8a_B,2.803914171102986,57.27223202428577,366,355,True
9q7o,9q7o_A,9q7o_B,0_7797_31,3j8a,0_7797_0,3j8a_D,3j8a_A,2.801732707916636,6.098107536747315,366,355,False
9q7o,9q7o_A,9q7o_B,0_7797_31,5yu8,0_7797_10,5yu8_B,5yu8_A,1.0663481418738128,3.0470209894158637,360,358,False
9q7o,9q7o_A,9q7o_B,0_7797_31,5yu8,0_7797_12,5yu8_C,5yu8_A,1.0663466265662191,52.340314475909864,360,358,False
9q7o,9q7o_A,9q7o_C,0_7797_1,3j8a,0_7797_1,3j8a_A,3j8a_B,2.803914171102986,6.899666563213974,366,366,True
9q7o,9q7o_A,9q7o_C,0_7797_1,3j8a,0_7797_0,3j8a_D,3j8a_A,2.801732707916636,50.05153160894189,366,366,False
9q7o,9q7o_A,9q7o_C,0_7797_1,5yu8,0_7797_10,5yu8_B,5yu8_A,1.0663481418738128,55.177178669483006,360,360,False
9q7o,9q7o_A,9q7o_C,0_7797_1,5yu8,0_7797_12,5yu8_C,5yu8_A,1.0663466265662191,5.506303498004444,360,360,False
9q7o,9q7o_B,9q7o_C,0_7797_37,3j8a,0_7797_1,3j8a_A,3j8a_B,2.2534876819154674,56.29542961543849,355,366,True
9q7o,9q7o_B,9q7o_C,0_7797_37,3j8a,0_7797_0,3j8a_D,3j8a_A,2.257655708373043,3.969309264415384,355,366,False
9q7o,9q7o_B,9q7o_C,0_7797_37,5yu8,0_7797_10,5yu8_B,5yu8_A,1.1493197415758367,4.533088989080559,358,360,False
9q7o,9q7o_B,9q7o_C,0_7797_37,5yu8,0_7797_12,5yu8_C,5yu8_A,1.1493232597104681,52.34209020116895,358,360,False
9q7o,9q7o_B,9q7o_D,0_7797_1,3j8a,0_7797_1,3j8a_A,3j8a_B,2.2534876819154674,5.311948935926091,355,366,True
9q7o,9q7o_B,9q7o_D,0_7797_1,3j8a,0_7797_0,3j8a_D,3j8a_A,2.257655708373043,51.025989554747994,355,366,False
9q7o,9q7o_B,9q7o_D,0_7797_1,5yu8,0_7797_10,5yu8_B,5yu8_A,1.1493197415758367,55.20120725756349,358,360,False
9q7o,9q7o_B,9q7o_D,0_7797_1,5yu8,0_7797_12,5yu8_C,5yu8_A,1.1493232597104681,5.712227467926235,358,360,False
9q7o,9q7o_C,9q7o_D,0_7797_0,3j8a,0_7797_1,3j8a_A,3j8a_B,1.0285530789463952,53.360702303730875,366,366,True
9q7o,9q7o_C,9q7o_D,0_7797_0,3j8a,0_7797_0,3j8a_D,3j8a_A,1.0398352105100086,1.1908315268228866,366,366,False
9q7o,9q7o_C,9q7o_D,0_7797_0,5yu8,0_7797_10,5yu8_B,5yu8_A,2.6263585256032376,7.691874842307946,360,360,False
9q7o,9q7o_C,9q7o_D,0_7797_0,5yu8,0_7797_12,5yu8_C,5yu8_A,2.6263869886544744,49.37215536380326,360,360,False
9q7o,9q7o_C,9q7o_E,0_7797_1,3j8a,0_7797_1,3j8a_A,3j8a_B,1.0285530789463952,1.1909846243812925,366,366,True
9q7o,9q7o_C,9q7o_E,0_7797_1,3j8a,0_7797_0,3j8a_D,3j8a_A,1.0398352105100086,53.901920988493416,366,366,False
9q7o,9q7o_C,9q7o_E,0_7797_1,5yu8,0_7797_10,5yu8_B,5yu8_A,2.6263585256032376,58.40171474818221,360,360,False
9q7o,9q7o_C,9q7o_E,0_7797_1,5yu8,0_7797_12,5yu8_C,5yu8_A,2.6263869886544744,8.288232538615823,360,360,False
9q7o,9q7o_D,9q7o_E,0_7797_0,3j8a,0_7797_1,3j8a_A,3j8a_B,1.0306699468986944,53.40928643235852,366,366,True
9q7o,9q7o_D,9q7o_E,0_7797_0,3j8a,0_7797_0,3j8a_D,3j8a_A,1.040961930862523,1.2274144017354374,366,366,False
9q7o,9q7o_D,9q7o_E,0_7797_0,5yu8,0_7797_10,5yu8_B,5yu8_A,2.619352637133978,7.701049638560023,360,360,False
9q7o,9q7o_D,9q7o_E,0_7797_0,5yu8,0_7797_12,5yu8_C,5yu8_A,2.6193797691013527,49.4103110286436,360,360,False
9qew,9qew_A,9qew_B,0_7797_0,3j8a,0_7797_1,3j8a_A,3j8a_B,1.1249885736844725,53.2040720007059,366,366,True
9qew,9qew_A,9qew_B,0_7797_0,3j8a,0_7797_0,3j8a_D,3j8a_A,1.1434121185852464,1.2020469024395017,366,366,False
9qew,9qew_A,9qew_B,0_7797_0,5yu8,0_7797_10,5yu8_B,5yu8_A,2.6550396331167785,7.5992838901768165,360,360,False
9qew,9qew_A,9qew_B,0_7797_0,5yu8,0_7797_12,5yu8_C,5yu8_A,2.6550673157242137,49.24565754041893,360,360,False
9qew,9qew_C,9qew_A,0_7797_1,3j8a,0_7797_1,3j8a_A,3j8a_B,1.1390319469710048,1.2389684800764313,366,366,False
9qew,9qew_C,9qew_A,0_7797_1,3j8a,0_7797_0,3j8a_D,3j8a_A,1.1390319469710048,53.47198700823146,366,366,True
9qew,9qew_C,9qew_A,0_7797_1,5yu8,0_7797_10,5yu8_B,5yu8_A,2.655110108797141,52.26612638973259,360,360,True
9qew,9qew_C,9qew_A,0_7797_1,5yu8,0_7797_12,5yu8_C,5yu8_A,2.655110108797141,6.452957910790387,360,360,True
9qew,9qew_C,9qew_B,0_7797_0,3j8a,0_7797_1,3j8a_A,3j8a_B,1.1390319469710048,53.04284712158228,366,366,False
9qew,9qew_C,9qew_B,0_7797_0,3j8a,0_7797_0,3j8a_D,3j8a_A,1.1390319469710048,1.292618583702225,366,366,True
9qew,9qew_C,9qew_B,0_7797_0,5yu8,0_7797_10,5yu8_B,5yu8_A,2.655110108797141,8.479403061459008,360,360,True
9qew,9qew_C,9qew_B,0_7797_0,5yu8,0_7797_12,5yu8_C,5yu8_A,2.655110108797141,55.178538155292934,360,360,True
9qew,9qew_B,9qew_D,0_7797_1,3j8a,0_7797_1,3j8a_A,3j8a_B,1.1249966345249838,1.1724707322425203,366,366,True
9qew,9qew_B,9qew_D,0_7797_1,3j8a,0_7797_0,3j8a_D,3j8a_A,1.1434212282786682,53.36478809949696,366,366,False
9qew,9qew_B,9qew_D,0_7797_1,5yu8,0_7797_10,5yu8_B,5yu8_A,2.655063359992547,57.862871012779564,360,360,False
9qew,9qew_B,9qew_D,0_7797_1,5yu8,0_7797_12,5yu8_C,5yu8_A,2.6550910347186747,8.159628928426875,360,360,False
9qew,9qew_C,9qew_D,0_7797_0,3j8a,0_7797_1,3j8a_A,3j8a_B,1.1250137927786623,53.13542307174144,366,366,True
9qew,9qew_C,9qew_D,0_7797_0,3j8a,0_7797_0,3j8a_D,3j8a_A,1.1434343206018969,1.2439321988695449,366,366,False
9qew,9qew_C,9qew_D,0_7797_0,5yu8,0_7797_10,5yu8_B,5yu8_A,2.655090024495791,7.696842169757251,360,360,False
9qew,9qew_C,9qew_D,0_7797_0,5yu8,0_7797_12,5yu8_C,5yu8_A,2.655117699624574,49.18278439887744,360,360,False
9qew,9qew_C,9qew_E,0_7797_1,3j8a,0_7797_1,3j8a_A,3j8a_B,1.1250137927786623,1.2266989893948113,366,366,True
9qew,9qew_C,9qew_E,0_7797_1,3j8a,0_7797_0,3j8a_D,3j8a_A,1.1434343206018969,53.46741217325521,366,366,False
9qew,9qew_C,9qew_E,0_7797_1,5yu8,0_7797_10,5yu8_B,5yu8_A,2.655090024495791,57.97319176360442,360,360,False
9qew,9qew_C,9qew_E,0_7797_1,5yu8,0_7797_12,5yu8_C,5yu8_A,2.655117699624574,8.321662236874333,360,360,False
9qew,9qew_D,9qew_E,0_7797_0,3j8a,0_7797_1,3j8a_A,3j8a_B,1.1250367655260505,53.27397798810408,366,366,True
9qew,9qew_D,9qew_E,0_7797_0,3j8a,0_7797_0,3j8a_D,3j8a_A,1.1434622776827592,1.2314906806925159,366,366,False
9qew,9qew_D,9qew_E,0_7797_0,5yu8,0_7797_10,5yu8_B,5yu8_A,2.655090180826996,7.558862208249075,360,360,False
9qew,9qew_D,9qew_E,0_7797_0,5yu8,0_7797_12,5yu8_C,5yu8_A,2.655117857244902,49.31045945427735,360,360,False
9qey,9qey_A,9qey_B,0_7797_0,3j8a,0_7797_1,3j8a_A,3j8a_B,1.100700581065291,53.06246578810676,366,366,True
9qey,9qey_A,9qey_B,0_7797_0,3j8a,0_7797_0,3j8a_D,3j8a_A,1.1171719371989952,1.263152145525098,366,366,False
9qey,9qey_A,9qey_B,0_7797_0,5yu8,0_7797_10,5yu8_B,5yu8_A,2.6513849869610704,7.710901498487555,360,360,False
9qey,9qey_A,9qey_B,0_7797_0,5yu8,0_7797_12,5yu8_C,5yu8_A,2.6514114137862754,49.12405216564653,360,360,False
9qey,9qey_A,9qey_C,0_7797_1,3j8a,0_7797_1,3j8a_A,3j8a_B,1.100700581065291,1.2229244939884896,366,366,True
9qey,9qey_A,9qey_C,0_7797_1,3j8a,0_7797_0,3j8a_D,3j8a_A,1.1171719371989952,53.52738443848565,366,366,False
9qey,9qey_A,9qey_C,0_7797_1,5yu8,0_7797_10,5yu8_B,5yu8_A,2.6513849869610704,58.036935176588806,360,360,False
9qey,9qey_A,9qey_C,0_7797_1,5yu8,0_7797_12,5yu8_C,5yu8_A,2.6514114137862754,8.30153454872503,360,360,False
9qey,9qey_B,9qey_C,0_7797_0,3j8a,0_7797_1,3j8a_A,3j8a_B,1.1159906483423254,53.19826875715757,366,366,True
9qey,9qey_B,9qey_C,0_7797_0,3j8a,0_7797_0,3j8a_D,3j8a_A,1.1320418843604168,1.2201594189607985,366,366,False
9qey,9qey_B,9qey_C,0_7797_0,5yu8,0_7797_10,5yu8_B,5yu8_A,2.650940950677086,7.5636092696801445,360,360,False
9qey,9qey_B,9qey_C,0_7797_0,5yu8,0_7797_12,5yu8_C,5yu8_A,2.6509675542563578,49.22263388498114,360,360,False
9qey,9qey_B,9qey_D,0_7797_1,3j8a,0_7797_1,3j8a_A,3j8a_B,1.1159906483423254,1.146681478784928,366,366,True
9qey,9qey_B,9qey_D,0_7797_1,3j8a,0_7797_0,3j8a_D,3j8a_A,1.1320418843604168,53.414552494036016,366,366,False
9qey,9qey_B,9qey_D,0_7797_1,5yu8,0_7797_10,5yu8_B,5yu8_A,2.650940950677086,57.92948703443311,360,360,False
9qey,9qey_B,9qey_D,0_7797_1,5yu8,0_7797_12,5yu8_C,5yu8_A,2.6509675542563578,8.17415526694716,360,360,False
9qey,9qey_C,9qey_D,0_7797_0,3j8a,0_7797_1,3j8a_A,3j8a_B,1.131958101135839,53.31848262450928,366,366,True
9qey,9qey_C,9qey_D,0_7797_0,3j8a,0_7797_0,3j8a_D,3j8a_A,1.1492433078294728,1.1719939196702978,366,366,False
9qey,9qey_C,9qey_D,0_7797_0,5yu8,0_7797_10,5yu8_B,5yu8_A,2.6570392463467667,7.501062984143582,360,360,False
9qey,9qey_C,9qey_D,0_7797_0,5yu8,0_7797_12,5yu8_C,5yu8_A,2.6570656359959233,49.33683857015908,360,360,False
9qey,9qey_C,9qey_E,0_7797_1,3j8a,0_7797_1,3j8a_A,3j8a_B,1.131958101135839,1.1475821355327744,366,366,True
9qey,9qey_C,9qey_E,0_7797_1,3j8a,0_7797_0,3j8a_D,3j8a_A,1.1492433078294728,53.441936631593464,366,366,False
9qey,9qey_C,9qey_E,0_7797_1,5yu8,0_7797_10,5yu8_B,5yu8_A,2.6570392463467667,57.954103098304046,360,360,False
9qey,9qey_C,9qey_E,0_7797_1,5yu8,0_7797_12,5yu8_C,5yu8_A,2.6570656359959233,8.228037971815553,360,360,False
9qey,9qey_D,9qey_E,0_7797_0,3j8a,0_7797_1,3j8a_A,3j8a_B,1.111960943772563,53.38047463347877,366,366,True
9qey,9qey_D,9qey_E,0_7797_0,3j8a,0_7797_0,3j8a_D,3j8a_A,1.128799302871793,1.2002198092982757,366,366,False
9qey,9qey_D,9qey_E,0_7797_0,5yu8,0_7797_10,5yu8_B,5yu8_A,2.6611411493606143,7.474143994115177,360,360,False
9qey,9qey_D,9qey_E,0_7797_0,5yu8,0_7797_12,5yu8_C,5yu8_A,2.661168445868967,49.391189576493986,360,360,False
9qf2,9qf2_A,9qf2_B,0_7797_50,3j8a,0_7797_1,3j8a_A,3j8a_B,1.3265133168878236,54.513789958772946,362,362,True
9qf2,9qf2_A,9qf2_B,0_7797_50,3j8a,0_7797_0,3j8a_D,3j8a_A,1.345412840359752,2.4530436932915625,362,362,False
9qf2,9qf2_A,9qf2_B,0_7797_50,5yu8,0_7797_10,5yu8_B,5yu8_A,2.145727777459921,5.614186587350174,360,360,False
9qf2,9qf2_A,9qf2_B,0_7797_50,5yu8,0_7797_12,5yu8_C,5yu8_A,2.1457529566336953,50.53051371669869,360,360,False
9qf2,9qf2_C,9qf2_A,0_7797_1,3j8a,0_7797_1,3j8a_A,3j8a_B,1.3533642834903103,2.038165417257073,362,362,False
9qf2,9qf2_C,9qf2_A,0_7797_1,3j8a,0_7797_0,3j8a_D,3j8a_A,1.3533642834903103,53.28653124221695,362,362,True
9qf2,9qf2_C,9qf2_A,0_7797_1,5yu8,0_7797_10,5yu8_B,5yu8_A,2.1479349310652673,52.13187457064085,360,360,True
9qf2,9qf2_C,9qf2_A,0_7797_1,5yu8,0_7797_12,5yu8_C,5yu8_A,2.1479349310652673,5.58408216916868,360,360,True
9qf2,9qf2_C,9qf2_B,0_7797_50,3j8a,0_7797_1,3j8a_A,3j8a_B,1.3533642834903103,53.31675823216761,362,362,False
9qf2,9qf2_C,9qf2_B,0_7797_50,3j8a,0_7797_0,3j8a_D,3j8a_A,1.3533642834903103,2.587228619666485,362,362,True
9qf2,9qf2_C,9qf2_B,0_7797_50,5yu8,0_7797_10,5yu8_B,5yu8_A,2.1479349310652673,6.3608150174346365,360,360,True
9qf2,9qf2_C,9qf2_B,0_7797_50,5yu8,0_7797_12,5yu8_C,5yu8_A,2.1479349310652673,55.59622643030869,360,360,True
9qf2,9qf2_B,9qf2_D,0_7797_1,3j8a,0_7797_1,3j8a_A,3j8a_B,1.3335861598032792,2.654252538736382,362,362,True
9qf2,9qf2_B,9qf2_D,0_7797_1,3j8a,0_7797_0,3j8a_D,3j8a_A,1.353213538474526,52.151104206533155,362,362,False
9qf2,9qf2_B,9qf2_D,0_7797_1,5yu8,0_7797_10,5yu8_B,5yu8_A,2.147876063932612,56.92505082935786,360,360,False
9qf2,9qf2_B,9qf2_D,0_7797_1,5yu8,0_7797_12,5yu8_C,5yu8_A,2.147900828942311,6.330775243774548,360,360,False
9qf2,9qf2_C,9qf2_D,0_7797_50,3j8a,0_7797_1,3j8a_A,3j8a_B,1.3351618023986338,54.59626352571153,362,362,True
9qf2,9qf2_C,9qf2_D,0_7797_50,3j8a,0_7797_0,3j8a_D,3j8a_A,1.3552129042507108,2.4821424312407534,362,362,False
9qf2,9qf2_C,9qf2_D,0_7797_50,5yu8,0_7797_10,5yu8_B,5yu8_A,2.1479179598232356,5.543155564231819,360,360,False
9qf2,9qf2_C,9qf2_D,0_7797_50,5yu8,0_7797_12,5yu8_C,5yu8_A,2.147942897154575,50.60504128983771,360,360,False
9qf2,9qf2_C,9qf2_E,0_7797_1,3j8a,0_7797_1,3j8a_A,3j8a_B,1.3351618023986338,2.6828189437336203,362,362,True
9qf2,9qf2_C,9qf2_E,0_7797_1,3j8a,0_7797_0,3j8a_D,3j8a_A,1.3552129042507108,52.13904068822331,362,362,False
9qf2,9qf2_C,9qf2_E,0_7797_1,5yu8,0_7797_10,5yu8_B,5yu8_A,2.1479179598232356,56.91143682238444,360,360,False
9qf2,9qf2_C,9qf2_E,0_7797_1,5yu8,0_7797_12,5yu8_C,5yu8_A,2.147942897154575,6.31070536329949,360,360,False
9qf2,9qf2_D,9qf2_E,0_7797_50,3j8a,0_7797_1,3j8a_A,3j8a_B,1.3251138983532698,54.601718304508424,362,362,True
9qf2,9qf2_D,9qf2_E,0_7797_50,3j8a,0_7797_0,3j8a_D,3j8a_A,1.3440613341678924,2.471746111213151,362,362,False
9qf2,9qf2_D,9qf2_E,0_7797_50,5yu8,0_7797_10,5yu8_B,5yu8_A,2.145179937936919,5.541807739696431,360,360,False
9qf2,9qf2_D,9qf2_E,0_7797_50,5yu8,0_7797_12,5yu8_C,5yu8_A,2.1452052462212543,50.608871378256474,360,360,False
9qfb,9qfb_A,9qfb_B,0_7797_50,3j8a,0_7797_1,3j8a_A,3j8a_B,1.3340306353158031,54.48218171221419,362,362,True
9qfb,9qfb_A,9qfb_B,0_7797_50,3j8a,0_7797_0,3j8a_D,3j8a_A,1.3533424047627496,2.4176250951314735,362,362,False
9qfb,9qfb_A,9qfb_B,0_7797_50,5yu8,0_7797_10,5yu8_B,5yu8_A,2.1358231716528944,5.622484102978723,360,360,False
9qfb,9qfb_A,9qfb_B,0_7797_50,5yu8,0_7797_12,5yu8_C,5yu8_A,2.1358465949674894,50.50299661385411,360,360,False
9qfb,9qfb_A,9qfb_C,0_7797_1,3j8a,0_7797_1,3j8a_A,3j8a_B,1.3340306353158031,2.713060562138573,362,362,True
9qfb,9qfb_A,9qfb_C,0_7797_1,3j8a,0_7797_0,3j8a_D,3j8a_A,1.3533424047627496,52.194775285423205,362,362,False
9qfb,9qfb_A,9qfb_C,0_7797_1,5yu8,0_7797_10,5yu8_B,5yu8_A,2.1358231716528944,56.96954845001106,360,360,False
9qfb,9qfb_A,9qfb_C,0_7797_1,5yu8,0_7797_12,5yu8_C,5yu8_A,2.1358465949674894,6.283273808982863,360,360,False
9qfb,9qfb_B,9qfb_C,0_7797_50,3j8a,0_7797_1,3j8a_A,3j8a_B,1.3418262245725072,54.51075313564953,362,362,True
9qfb,9qfb_B,9qfb_C,0_7797_50,3j8a,0_7797_0,3j8a_D,3j8a_A,1.36130407493284,2.440023658414491,362,362,False
9qfb,9qfb_B,9qfb_C,0_7797_50,5yu8,0_7797_10,5yu8_B,5yu8_A,2.1331834714889184,5.587665439447982,360,360,False
9qfb,9qfb_B,9qfb_C,0_7797_50,5yu8,0_7797_12,5yu8_C,5yu8_A,2.133206510761198,50.53270686493008,360,360,False
9qfb,9qfb_B,9qfb_D,0_7797_1,3j8a,0_7797_1,3j8a_A,3j8a_B,1.3418262245725072,2.7283863016550582,362,362,True
9qfb,9qfb_B,9qfb_D,0_7797_1,3j8a,0_7797_0,3j8a_D,3j8a_A,1.36130407493284,52.17790917419311,362,362,False
9qfb,9qfb_B,9qfb_D,0_7797_1,5yu8,0_7797_10,5yu8_B,5yu8_A,2.1331834714889184,56.950135799557216,360,360,False
9qfb,9qfb_B,9qfb_D,0_7797_1,5yu8,0_7797_12,5yu8_C,5yu8_A,2.133206510761198,6.254851493614208,360,360,False
9qfb,9qfb_C,9qfb_D,0_7797_50,3j8a,0_7797_1,3j8a_A,3j8a_B,1.3412702774227105,54.535686239870344,362,362,True
9qfb,9qfb_C,9qfb_D,0_7797_50,3j8a,0_7797_0,3j8a_D,3j8a_A,1.3602971255440255,2.457531005848374,362,362,False
9qfb,9qfb_C,9qfb_D,0_7797_50,5yu8,0_7797_10,5yu8_B,5yu8_A,2.1275894345168855,5.579826739537199,360,360,False
9qfb,9qfb_C,9qfb_D,0_7797_50,5yu8,0_7797_12,5yu8_C,5yu8_A,2.127613072274806,50.54605456735244,360,360,False
9qfb,9qfb_C,9qfb_E,0_7797_1,3j8a,0_7797_1,3j8a_A,3j8a_B,1.3412702774227105,2.7525027012034076,362,362,True
9qfb,9qfb_C,9qfb_E,0_7797_1,3j8a,0_7797_0,3j8a_D,3j8a_A,1.3602971255440255,52.1610512838693,362,362,False
9qfb,9qfb_C,9qfb_E,0_7797_1,5yu8,0_7797_10,5yu8_B,5yu8_A,2.1275894345168855,56.94217109481188,360,360,False
9qfb,9qfb_C,9qfb_E,0_7797_1,5yu8,0_7797_12,5yu8_C,5yu8_A,2.127613072274806,6.235576584910844,360,360,False
9qfb,9qfb_D,9qfb_E,0_7797_50,3j8a,0_7797_1,3j8a_A,3j8a_B,1.338965508034254,54.53065359114034,362,362,True
9qfb,9qfb_D,9qfb_E,0_7797_50,3j8a,0_7797_0,3j8a_D,3j8a_A,1.357661300208119,2.445160817565812,362,362,False
9qfb,9qfb_D,9qfb_E,0_7797_50,5yu8,0_7797_10,5yu8_B,5yu8_A,2.1337044448476705,5.587966675345881,360,360,False
9qfb,9qfb_D,9qfb_E,0_7797_50,5yu8,0_7797_12,5yu8_C,5yu8_A,2.1337274402210498,50.54182243986504,360,360,False
9qfb,9qfb_D,9qfb_F,0_7797_1,3j8a,0_7797_1,3j8a_A,3j8a_B,1.338965508034254,2.7705735284988107,362,362,True
9qfb,9qfb_D,9qfb_F,0_7797_1,3j8a,0_7797_0,3j8a_D,3j8a_A,1.357661300208119,52.17388248929177,362,362,False
9qfb,9qfb_D,9qfb_F,0_7797_1,5yu8,0_7797_10,5yu8_B,5yu8_A,2.1337044448476705,56.95865880760037,360,360,False
9qfb,9qfb_D,9qfb_F,0_7797_1,5yu8,0_7797_12,5yu8_C,5yu8_A,2.1337274402210498,6.245202208373584,360,360,False
9qfb,9qfb_E,9qfb_F,0_7797_50,3j8a,0_7797_1,3j8a_A,3j8a_B,1.3361108730893019,54.51298515110578,362,362,True
9qfb,9qfb_E,9qfb_F,0_7797_50,3j8a,0_7797_0,3j8a_D,3j8a_A,1.3554999608944567,2.4540817651189073,362,362,False
9qfb,9qfb_E,9qfb_F,0_7797_50,5yu8,0_7797_10,5yu8_B,5yu8_A,2.1268724162632586,5.587968256046824,360,360,False
9qfb,9qfb_E,9qfb_F,0_7797_50,5yu8,0_7797_12,5yu8_C,5yu8_A,2.126895971359074,50.52915207440736,360,360,False
9qfb,9qfb_E,9qfb_G,0_7797_1,3j8a,0_7797_1,3j8a_A,3j8a_B,1.3361108730893019,2.767924956472233,362,362,True
9qfb,9qfb_E,9qfb_G,0_7797_1,3j8a,0_7797_0,3j8a_D,3j8a_A,1.3554999608944567,52.182523883303844,362,362,False
9qfb,9qfb_E,9qfb_G,0_7797_1,5yu8,0_7797_10,5yu8_B,5yu8_A,2.1268724162632586,56.95968073699802,360,360,False
9qfb,9qfb_E,9qfb_G,0_7797_1,5yu8,0_7797_12,5yu8_C,5yu8_A,2.126895971359074,6.239943783014763,360,360,False
9qfb,9qfb_F,9qfb_G,0_7797_50,3j8a,0_7797_1,3j8a_A,3j8a_B,1.336780500501341,54.54529959895087,362,362,True
9qfb,9qfb_F,9qfb_G,0_7797_50,3j8a,0_7797_0,3j8a_D,3j8a_A,1.3552876138075824,2.4566062625246414,362,362,False
9qfb,9qfb_F,9qfb_G,0_7797_50,5yu8,0_7797_10,5yu8_B,5yu8_A,2.1347987530369528,5.565064149722699,360,360,False
9qfb,9qfb_F,9qfb_G,0_7797_50,5yu8,0_7797_12,5yu8_C,5yu8_A,2.134822455804159,50.56106783157835,360,360,False
9qfd,9qfd_A,9qfd_B,0_7797_50,3j8a,0_7797_1,3j8a_A,3j8a_B,2.5434760072064178,57.31120103401847,355,355,True
9qfd,9qfd_A,9qfd_B,0_7797_50,3j8a,0_7797_0,3j8a_D,3j8a_A,2.546228407456075,6.639385313983034,355,355,False
9qfd,9qfd_A,9qfd_B,0_7797_50,5yu8,0_7797_10,5yu8_B,5yu8_A,0.5355703842844763,0.9175286023401917,358,358,False
9qfd,9qfd_A,9qfd_B,0_7797_50,5yu8,0_7797_12,5yu8_C,5yu8_A,0.5355602806716725,53.616758911922894,358,358,False
9qfd,9qfd_A,9qfd_C,0_7797_12,3j8a,0_7797_1,3j8a_A,3j8a_B,2.5434760072064178,7.301135838210671,355,355,True
9qfd,9qfd_A,9qfd_C,0_7797_12,3j8a,0_7797_0,3j8a_D,3j8a_A,2.546228407456075,49.77503493527973,355,355,False
9qfd,9qfd_A,9qfd_C,0_7797_12,5yu8,0_7797_10,5yu8_B,5yu8_A,0.5355703842844763,54.20292681917094,358,358,False
9qfd,9qfd_A,9qfd_C,0_7797_12,5yu8,0_7797_12,5yu8_C,5yu8_A,0.5355602806716725,0.973124660747217,358,358,False
9qfd,9qfd_B,9qfd_C,0_7797_50,3j8a,0_7797_1,3j8a_A,3j8a_B,2.5444547877221195,57.31049611825975,355,355,True
9qfd,9qfd_B,9qfd_C,0_7797_50,3j8a,0_7797_0,3j8a_D,3j8a_A,2.5472643975049136,6.6423068545569475,355,355,False
9qfd,9qfd_B,9qfd_C,0_7797_50,5yu8,0_7797_10,5yu8_B,5yu8_A,0.5319598695562566,0.9160914981364997,358,358,False
9qfd,9qfd_B,9qfd_C,0_7797_50,5yu8,0_7797_12,5yu8_C,5yu8_A,0.5319497191508986,53.61496667592336,358,358,False
9qfd,9qfd_B,9qfd_D,0_7797_12,3j8a,0_7797_1,3j8a_A,3j8a_B,2.5444547877221195,7.302831770680774,355,355,True
9qfd,9qfd_B,9qfd_D,0_7797_12,3j8a,0_7797_0,3j8a_D,3j8a_A,2.5472643975049136,49.77076616664036,355,355,False
9qfd,9qfd_B,9qfd_D,0_7797_12,5yu8,0_7797_10,5yu8_B,5yu8_A,0.5319598695562566,54.19842878662313,358,358,False
9qfd,9qfd_B,9qfd_D,0_7797_12,5yu8,0_7797_12,5yu8_C,5yu8_A,0.5319497191508986,0.981375152481228,358,358,False
9qfd,9qfd_C,9qfd_D,0_7797_50,3j8a,0_7797_1,3j8a_A,3j8a_B,2.5483703325883886,57.318924844382,355,355,True
9qfd,9qfd_C,9qfd_D,0_7797_50,3j8a,0_7797_0,3j8a_D,3j8a_A,2.5512164720012014,6.65126436817091,355,355,False
9qfd,9qfd_C,9qfd_D,0_7797_50,5yu8,0_7797_10,5yu8_B,5yu8_A,0.5318407084789213,0.9098907684825555,358,358,False
9qfd,9qfd_C,9qfd_D,0_7797_50,5yu8,0_7797_12,5yu8_C,5yu8_A,0.5318276284649024,53.625202701814196,358,358,False
9qfd,9qfd_C,9qfd_E,0_7797_12,3j8a,0_7797_1,3j8a_A,3j8a_B,2.5483703325883886,7.311257702996222,355,355,True
9qfd,9qfd_C,9qfd_E,0_7797_12,3j8a,0_7797_0,3j8a_D,3j8a_A,2.5512164720012014,49.76508772004894,355,355,False
9qfd,9qfd_C,9qfd_E,0_7797_12,5yu8,0_7797_10,5yu8_B,5yu8_A,0.5318407084789213,54.19124409669626,358,358,False
9qfd,9qfd_C,9qfd_E,0_7797_12,5yu8,0_7797_12,5yu8_C,5yu8_A,0.5318276284649024,0.9708555486453644,358,358,False
9qfd,9qfd_D,9qfd_E,0_7797_50,3j8a,0_7797_1,3j8a_A,3j8a_B,2.545242645252821,57.306286401596005,355,355,True
9qfd,9qfd_D,9qfd_E,0_7797_50,3j8a,0_7797_0,3j8a_D,3j8a_A,2.5478757721813396,6.6378617843622845,355,355,False
9qfd,9qfd_D,9qfd_E,0_7797_50,5yu8,0_7797_10,5yu8_B,5yu8_A,0.5351847597185193,0.9164602497232247,358,358,False
9qfd,9qfd_D,9qfd_E,0_7797_50,5yu8,0_7797_12,5yu8_C,5yu8_A,0.5351740926243428,53.61010065417621,358,358,False
9qfd,9qfd_D,9qfd_F,0_7797_12,3j8a,0_7797_1,3j8a_A,3j8a_B,2.545242645252821,7.302049770745453,355,355,True
9qfd,9qfd_D,9qfd_F,0_7797_12,3j8a,0_7797_0,3j8a_D,3j8a_A,2.5478757721813396,49.774631416461844,355,355,False
9qfd,9qfd_D,9qfd_F,0_7797_12,5yu8,0_7797_10,5yu8_B,5yu8_A,0.5351847597185193,54.202007223668765,358,358,False
9qfd,9qfd_D,9qfd_F,0_7797_12,5yu8,0_7797_12,5yu8_C,5yu8_A,0.5351740926243428,0.9810970268619973,358,358,False
9qfd,9qfd_E,9qfd_F,0_7797_50,3j8a,0_7797_1,3j8a_A,3j8a_B,2.544115959903651,57.299983130711816,355,355,True
9qfd,9qfd_E,9qfd_F,0_7797_50,3j8a,0_7797_0,3j8a_D,3j8a_A,2.5467921711630095,6.633377449048671,355,355,False
9qfd,9qfd_E,9qfd_F,0_7797_50,5yu8,0_7797_10,5yu8_B,5yu8_A,0.5319506164014168,0.9297321808563205,358,358,False
9qfd,9qfd_E,9qfd_F,0_7797_50,5yu8,0_7797_12,5yu8_C,5yu8_A,0.5319377945143303,53.60290689385464,358,358,False
9qfd,9qfd_E,9qfd_G,0_7797_12,3j8a,0_7797_1,3j8a_A,3j8a_B,2.544115959903651,7.291874027795651,355,355,True
9qfd,9qfd_E,9qfd_G,0_7797_12,3j8a,0_7797_0,3j8a_D,3j8a_A,2.5467921711630095,49.77717683056837,355,355,False
9qfd,9qfd_E,9qfd_G,0_7797_12,5yu8,0_7797_10,5yu8_B,5yu8_A,0.5319506164014168,54.20497235061148,358,358,False
9qfd,9qfd_E,9qfd_G,0_7797_12,5yu8,0_7797_12,5yu8_C,5yu8_A,0.5319377945143303,0.99199237186916,358,358,False
9qfd,9qfd_F,9qfd_G,0_7797_50,3j8a,0_7797_1,3j8a_A,3j8a_B,2.5438204668284397,57.30284281125653,355,355,True
9qfd,9qfd_F,9qfd_G,0_7797_50,3j8a,0_7797_0,3j8a_D,3j8a_A,2.5467635075056014,6.635221568778345,355,355,False
9qfd,9qfd_F,9qfd_G,0_7797_50,5yu8,0_7797_10,5yu8_B,5yu8_A,0.5384712098234535,0.9349538443460247,358,358,False
9qfd,9qfd_F,9qfd_G,0_7797_50,5yu8,0_7797_12,5yu8_C,5yu8_A,0.5384596703024565,53.60420168471896,358,358,False
9qfe,9qfe_A,9qfe_B,0_7797_50,3j8a,0_7797_1,3j8a_A,3j8a_B,2.5305663184448743,57.22110498604894,355,362,True
9qfe,9qfe_A,9qfe_B,0_7797_50,3j8a,0_7797_0,3j8a_D,3j8a_A,2.533118415620513,6.017909206743648,355,362,False
9qfe,9qfe_A,9qfe_B,0_7797_50,5yu8,0_7797_10,5yu8_B,5yu8_A,0.5224046966623087,3.1181057618193724,358,360,False
9qfe,9qfe_A,9qfe_B,0_7797_50,5yu8,0_7797_12,5yu8_C,5yu8_A,0.522389040038268,53.588512147508474,358,360,False
9qfe,9qfe_A,9qfe_C,0_7797_12,3j8a,0_7797_1,3j8a_A,3j8a_B,2.5305663184448743,7.270941073407815,355,355,True
9qfe,9qfe_A,9qfe_C,0_7797_12,3j8a,0_7797_0,3j8a_D,3j8a_A,2.533118415620513,49.79675028678737,355,355,False
9qfe,9qfe_A,9qfe_C,0_7797_12,5yu8,0_7797_10,5yu8_B,5yu8_A,0.5224046966623087,54.20711321713957,358,358,False
9qfe,9qfe_A,9qfe_C,0_7797_12,5yu8,0_7797_12,5yu8_C,5yu8_A,0.522389040038268,1.1307499852014062,358,358,False
9qfe,9qfe_B,9qfe_C,0_7797_50,3j8a,0_7797_1,3j8a_A,3j8a_B,1.3088858273198147,54.18108395958274,362,355,True
9qfe,9qfe_B,9qfe_C,0_7797_50,3j8a,0_7797_0,3j8a_D,3j8a_A,1.3272822951859555,3.678813021717065,362,355,False
9qfe,9qfe_B,9qfe_C,0_7797_50,5yu8,0_7797_10,5yu8_B,5yu8_A,2.127175962893878,5.224944400723015,360,358,False
9qfe,9qfe_B,9qfe_C,0_7797_50,5yu8,0_7797_12,5yu8_C,5yu8_A,2.127198827344593,50.205245328347495,360,358,False
9qfe,9qfe_B,9qfe_D,0_7797_1,3j8a,0_7797_1,3j8a_A,3j8a_B,1.3088858273198147,3.006139590230217,362,362,True
9qfe,9qfe_B,9qfe_D,0_7797_1,3j8a,0_7797_0,3j8a_D,3j8a_A,1.3272822951859555,52.222047969028736,362,362,False
9qfe,9qfe_B,9qfe_D,0_7797_1,5yu8,0_7797_10,5yu8_B,5yu8_A,2.127175962893878,57.035004552330534,360,360,False
9qfe,9qfe_B,9qfe_D,0_7797_1,5yu8,0_7797_12,5yu8_C,5yu8_A,2.127198827344593,6.5392650832638815,360,360,False
9qfe,9qfe_C,9qfe_D,0_7797_50,3j8a,0_7797_1,3j8a_A,3j8a_B,2.5644101334389906,57.558234620084924,355,362,True
9qfe,9qfe_C,9qfe_D,0_7797_50,3j8a,0_7797_0,3j8a_D,3j8a_A,2.5668633223717268,6.420011787437358,355,362,False
9qfe,9qfe_C,9qfe_D,0_7797_50,5yu8,0_7797_10,5yu8_B,5yu8_A,0.5404662650030255,3.044776694788083,358,360,False
9qfe,9qfe_C,9qfe_D,0_7797_50,5yu8,0_7797_12,5yu8_C,5yu8_A,0.5404519966831609,53.89366880854915,358,360,False
9qfe,9qfe_C,9qfe_E,0_7797_12,3j8a,0_7797_1,3j8a_A,3j8a_B,2.5644101334389906,7.464970543915837,355,355,True
9qfe,9qfe_C,9qfe_E,0_7797_12,3j8a,0_7797_0,3j8a_D,3j8a_A,2.5668633223717268,49.68412409021728,355,355,False
9qfe,9qfe_C,9qfe_E,0_7797_12,5yu8,0_7797_10,5yu8_B,5yu8_A,0.5404662650030255,54.09613086993905,358,358,False
9qfe,9qfe_C,9qfe_E,0_7797_12,5yu8,0_7797_12,5yu8_C,5yu8_A,0.5404519966831609,1.2155208011757883,358,358,False
9qfe,9qfe_D,9qfe_E,0_7797_50,3j8a,0_7797_1,3j8a_A,3j8a_B,1.329558692563549,54.48754969109137,362,355,True
9qfe,9qfe_D,9qfe_E,0_7797_50,3j8a,0_7797_0,3j8a_D,3j8a_A,1.348500153919409,3.772285816646267,362,355,False
9qfe,9qfe_D,9qfe_E,0_7797_50,5yu8,0_7797_10,5yu8_B,5yu8_A,2.149127837389556,4.910184323907481,360,358,False
9qfe,9qfe_D,9qfe_E,0_7797_50,5yu8,0_7797_12,5yu8_C,5yu8_A,2.1491519856722863,50.475123149555195,360,358,False
9qfe,9qfe_D,9qfe_F,0_7797_1,3j8a,0_7797_1,3j8a_A,3j8a_B,1.329558692563549,3.0019280528712797,362,362,True
9qfe,9qfe_D,9qfe_F,0_7797_1,3j8a,0_7797_0,3j8a_D,3j8a_A,1.348500153919409,52.18182908247621,362,362,False
9qfe,9qfe_D,9qfe_F,0_7797_1,5yu8,0_7797_10,5yu8_B,5yu8_A,2.149127837389556,57.001125669724765,360,360,False
9qfe,9qfe_D,9qfe_F,0_7797_1,5yu8,0_7797_12,5yu8_C,5yu8_A,2.1491519856722863,6.4448306833563676,360,360,False
9qfe,9qfe_E,9qfe_F,0_7797_50,3j8a,0_7797_1,3j8a_A,3j8a_B,2.5644500164929345,57.65962326812789,355,362,True
9qfe,9qfe_E,9qfe_F,0_7797_50,3j8a,0_7797_0,3j8a_D,3j8a_A,2.5677886735540905,6.303727443030891,355,362,False
9qfe,9qfe_E,9qfe_F,0_7797_50,5yu8,0_7797_10,5yu8_B,5yu8_A,0.529571548537461,2.7813586819162004,358,360,False
9qfe,9qfe_E,9qfe_F,0_7797_50,5yu8,0_7797_12,5yu8_C,5yu8_A,0.5295640514096348,53.97292876502896,358,360,False
9qfe,9qfe_E,9qfe_G,0_7797_12,3j8a,0_7797_1,3j8a_A,3j8a_B,2.5644500164929345,7.485177585616419,355,355,True
9qfe,9qfe_E,9qfe_G,0_7797_12,3j8a,0_7797_0,3j8a_D,3j8a_A,2.5677886735540905,49.67736369115831,355,355,False
9qfe,9qfe_E,9qfe_G,0_7797_12,5yu8,0_7797_10,5yu8_B,5yu8_A,0.529571548537461,54.07708994399401,358,358,False
9qfe,9qfe_E,9qfe_G,0_7797_12,5yu8,0_7797_12,5yu8_C,5yu8_A,0.5295640514096348,1.2395106285162352,358,358,False
9qfe,9qfe_F,9qfe_G,0_7797_50,3j8a,0_7797_1,3j8a_A,3j8a_B,1.3266907145249078,54.53375032743938,362,355,True
9qfe,9qfe_F,9qfe_G,0_7797_50,3j8a,0_7797_0,3j8a_D,3j8a_A,1.3458490733806272,3.722562120914413,362,355,False
9qfe,9qfe_F,9qfe_G,0_7797_50,5yu8,0_7797_10,5yu8_B,5yu8_A,2.141296702680723,4.990532489347974,360,358,False
9qfe,9qfe_F,9qfe_G,0_7797_50,5yu8,0_7797_12,5yu8_C,5yu8_A,2.141321935246466,50.54038987544478,360,358,False
9qfg,9qfg_A,9qfg_B,0_7797_50,3j8a,0_7797_1,3j8a_A,3j8a_B,2.517427523591149,57.101776414154536,355,362,True
9qfg,9qfg_A,9qfg_B,0_7797_50,3j8a,0_7797_0,3j8a_D,3j8a_A,2.519929933829447,5.660695180260224,355,362,False
9qfg,9qfg_A,9qfg_B,0_7797_50,5yu8,0_7797_10,5yu8_B,5yu8_A,0.5485937675974581,3.0633940005869285,358,360,False
9qfg,9qfg_A,9qfg_B,0_7797_50,5yu8,0_7797_12,5yu8_C,5yu8_A,0.5485804258095384,53.42996328806333,358,360,False
9qfg,9qfg_A,9qfg_C,0_7797_51,3j8a,0_7797_1,3j8a_A,3j8a_B,2.517427523591149,6.435180210422395,355,356,True
9qfg,9qfg_A,9qfg_C,0_7797_51,3j8a,0_7797_0,3j8a_D,3j8a_A,2.519929933829447,49.53475104449501,355,356,False
9qfg,9qfg_A,9qfg_C,0_7797_51,5yu8,0_7797_10,5yu8_B,5yu8_A,0.5485937675974581,53.88599774403228,358,359,False
9qfg,9qfg_A,9qfg_C,0_7797_51,5yu8,0_7797_12,5yu8_C,5yu8_A,0.5485804258095384,3.121294407864708,358,359,False
9qfg,9qfg_B,9qfg_C,0_7797_50,3j8a,0_7797_1,3j8a_A,3j8a_B,1.2951841212106825,54.39145345263205,362,356,True
9qfg,9qfg_B,9qfg_C,0_7797_50,3j8a,0_7797_0,3j8a_D,3j8a_A,1.315293846998041,2.381335275256332,362,356,False
9qfg,9qfg_B,9qfg_C,0_7797_50,5yu8,0_7797_10,5yu8_B,5yu8_A,2.146038329251176,5.6539948505378765,360,359,False
9qfg,9qfg_B,9qfg_C,0_7797_50,5yu8,0_7797_12,5yu8_C,5yu8_A,2.1460615438976807,50.42059605419945,360,359,False
9qfg,9qfg_B,9qfg_D,0_7797_1,3j8a,0_7797_1,3j8a_A,3j8a_B,1.2951841212106825,2.8420037531513764,362,362,True
9qfg,9qfg_B,9qfg_D,0_7797_1,3j8a,0_7797_0,3j8a_D,3j8a_A,1.315293846998041,52.194452602360705,362,362,False
9qfg,9qfg_B,9qfg_D,0_7797_1,5yu8,0_7797_10,5yu8_B,5yu8_A,2.146038329251176,56.969577373638955,360,360,False
9qfg,9qfg_B,9qfg_D,0_7797_1,5yu8,0_7797_12,5yu8_C,5yu8_A,2.1460615438976807,6.311529752399559,360,360,False
9qfg,9qfg_C,9qfg_D,0_7797_50,3j8a,0_7797_1,3j8a_A,3j8a_B,1.3620093070008465,54.73606598380079,356,362,True
9qfg,9qfg_C,9qfg_D,0_7797_50,3j8a,0_7797_0,3j8a_D,3j8a_A,1.3785174973639585,2.8369827175280267,356,362,False
9qfg,9qfg_C,9qfg_D,0_7797_50,5yu8,0_7797_10,5yu8_B,5yu8_A,2.0927623428688977,5.18695363261903,359,360,False
9qfg,9qfg_C,9qfg_D,0_7797_50,5yu8,0_7797_12,5yu8_C,5yu8_A,2.0927799414241135,50.89427004722739,359,360,False
9qfg,9qfg_C,9qfg_E,0_7797_1,3j8a,0_7797_1,3j8a_A,3j8a_B,1.3620093070008465,2.936385831322786,356,362,True
9qfg,9qfg_C,9qfg_E,0_7797_1,3j8a,0_7797_0,3j8a_D,3j8a_A,1.3785174973639585,52.059165802251215,356,362,False
9qfg,9qfg_C,9qfg_E,0_7797_1,5yu8,0_7797_10,5yu8_B,5yu8_A,2.0927623428688977,56.698103566192756,359,360,False
9qfg,9qfg_C,9qfg_E,0_7797_1,5yu8,0_7797_12,5yu8_C,5yu8_A,2.0927799414241135,5.8409226077102625,359,360,False
9qfg,9qfg_D,9qfg_E,0_7797_50,3j8a,0_7797_1,3j8a_A,3j8a_B,1.315307427279586,54.56508238928226,362,362,True
9qfg,9qfg_D,9qfg_E,0_7797_50,3j8a,0_7797_0,3j8a_D,3j8a_A,1.3341926831096342,2.440925365934319,362,362,False
9qfg,9qfg_D,9qfg_E,0_7797_50,5yu8,0_7797_10,5yu8_B,5yu8_A,2.152331272709921,5.579325584458981,360,360,False
9qfg,9qfg_D,9qfg_E,0_7797_50,5yu8,0_7797_12,5yu8_C,5yu8_A,2.1523554493498014,50.55659411067333,360,360,False
9qfg,9qfg_D,9qfg_F,0_7797_1,3j8a,0_7797_1,3j8a_A,3j8a_B,1.315307427279586,2.657798319725223,362,362,True
9qfg,9qfg_D,9qfg_F,0_7797_1,3j8a,0_7797_0,3j8a_D,3j8a_A,1.3341926831096342,52.31250728045204,362,362,False
9qfg,9qfg_D,9qfg_F,0_7797_1,5yu8,0_7797_10,5yu8_B,5yu8_A,2.152331272709921,57.10203662222299,360,360,False
9qfg,9qfg_D,9qfg_F,0_7797_1,5yu8,0_7797_12,5yu8_C,5yu8_A,2.1523554493498014,6.461168007030893,360,360,False
9qfg,9qfg_E,9qfg_F,0_7797_50,3j8a,0_7797_1,3j8a_A,3j8a_B,1.3282279814343663,54.86612117271932,362,362,True
9qfg,9qfg_E,9qfg_F,0_7797_50,3j8a,0_7797_0,3j8a_D,3j8a_A,1.3472617946801815,2.859225069661616,362,362,False
9qfg,9qfg_E,9qfg_F,0_7797_50,5yu8,0_7797_10,5yu8_B,5yu8_A,2.1329025927920044,5.232464345728414,360,360,False
9qfg,9qfg_E,9qfg_F,0_7797_50,5yu8,0_7797_12,5yu8_C,5yu8_A,2.1329272606748773,50.85347002043244,360,360,False
9qfg,9qfg_E,9qfg_G,0_7797_1,3j8a,0_7797_1,3j8a_A,3j8a_B,1.3282279814343663,2.9142339611990153,362,362,True
9qfg,9qfg_E,9qfg_G,0_7797_1,3j8a,0_7797_0,3j8a_D,3j8a_A,1.3472617946801815,52.08691707878816,362,362,False
9qfg,9qfg_E,9qfg_G,0_7797_1,5yu8,0_7797_10,5yu8_B,5yu8_A,2.1329025927920044,56.86054172911549,360,360,False
9qfg,9qfg_E,9qfg_G,0_7797_1,5yu8,0_7797_12,5yu8_C,5yu8_A,2.1329272606748773,6.033668933984463,360,360,False
9qfg,9qfg_F,9qfg_G,0_7797_50,3j8a,0_7797_1,3j8a_A,3j8a_B,1.3418130833892048,54.83053566814232,362,362,True
9qfg,9qfg_F,9qfg_G,0_7797_50,3j8a,0_7797_0,3j8a_D,3j8a_A,1.362897529303799,2.6495929299267753,362,362,False
9qfg,9qfg_F,9qfg_G,0_7797_50,5yu8,0_7797_10,5yu8_B,5yu8_A,2.147471517909078,5.336795834040963,360,360,False
9qfg,9qfg_F,9qfg_G,0_7797_50,5yu8,0_7797_12,5yu8_C,5yu8_A,2.147493083663702,50.82303438114676,360,360,False
9qfj,9qfj_A,9qfj_B,0_7797_50,3j8a,0_7797_1,3j8a_A,3j8a_B,2.524092700435056,57.582109209876094,355,355,True
9qfj,9qfj_A,9qfj_B,0_7797_50,3j8a,0_7797_0,3j8a_D,3j8a_A,2.527574599053543,6.802705043653022,355,355,False
9qfj,9qfj_A,9qfj_B,0_7797_50,5yu8,0_7797_10,5yu8_B,5yu8_A,0.545470449711658,0.737011602533847,358,358,False
9qfj,9qfj_A,9qfj_B,0_7797_50,5yu8,0_7797_12,5yu8_C,5yu8_A,0.5454638504748412,53.86075690106979,358,358,False
9qfj,9qfj_A,9qfj_C,0_7797_12,3j8a,0_7797_1,3j8a_A,3j8a_B,2.524092700435056,7.172647373233962,355,355,True
9qfj,9qfj_A,9qfj_C,0_7797_12,3j8a,0_7797_0,3j8a_D,3j8a_A,2.527574599053543,49.72371051896715,355,355,False
9qfj,9qfj_A,9qfj_C,0_7797_12,5yu8,0_7797_10,5yu8_B,5yu8_A,0.545470449711658,54.150445886235424,358,358,False
9qfj,9qfj_A,9qfj_C,0_7797_12,5yu8,0_7797_12,5yu8_C,5yu8_A,0.5454638504748412,1.1364955410279918,358,358,False
9qfj,9qfj_B,9qfj_C,0_7797_50,3j8a,0_7797_1,3j8a_A,3j8a_B,2.524092015779493,57.57908822120512,355,355,True
9qfj,9qfj_B,9qfj_C,0_7797_50,3j8a,0_7797_0,3j8a_D,3j8a_A,2.5275718227738984,6.7933541970894105,355,355,False
9qfj,9qfj_B,9qfj_C,0_7797_50,5yu8,0_7797_10,5yu8_B,5yu8_A,0.5454729011712208,0.7490432468764597,358,358,False
9qfj,9qfj_B,9qfj_C,0_7797_50,5yu8,0_7797_12,5yu8_C,5yu8_A,0.5454662826193839,53.857159731632805,358,358,False
9qfj,9qfj_B,9qfj_D,0_7797_12,3j8a,0_7797_1,3j8a_A,3j8a_B,2.524092015779493,7.1742880982324655,355,355,True
9qfj,9qfj_B,9qfj_D,0_7797_12,3j8a,0_7797_0,3j8a_D,3j8a_A,2.5275718227738984,49.734303571593195,355,355,False
9qfj,9qfj_B,9qfj_D,0_7797_12,5yu8,0_7797_10,5yu8_B,5yu8_A,0.5454729011712208,54.161938020027094,358,358,False
9qfj,9qfj_B,9qfj_D,0_7797_12,5yu8,0_7797_12,5yu8_C,5yu8_A,0.5454662826193839,1.1177372426237986,358,358,False
9qfj,9qfj_C,9qfj_D,0_7797_50,3j8a,0_7797_1,3j8a_A,3j8a_B,2.524104868054984,57.558517050108186,355,355,True
9qfj,9qfj_C,9qfj_D,0_7797_50,3j8a,0_7797_0,3j8a_D,3j8a_A,2.5275848627468216,6.779808913348963,355,355,False
9qfj,9qfj_C,9qfj_D,0_7797_50,5yu8,0_7797_10,5yu8_B,5yu8_A,0.5454138723085294,0.7514245370183485,358,358,False
9qfj,9qfj_C,9qfj_D,0_7797_50,5yu8,0_7797_12,5yu8_C,5yu8_A,0.5454072604324212,53.835971552638796,358,358,False
9qfj,9qfj_C,9qfj_E,0_7797_12,3j8a,0_7797_1,3j8a_A,3j8a_B,2.524104868054984,7.172480342426299,355,355,True
9qfj,9qfj_C,9qfj_E,0_7797_12,3j8a,0_7797_0,3j8a_D,3j8a_A,2.5275848627468216,49.730694558581824,355,355,False
9qfj,9qfj_C,9qfj_E,0_7797_12,5yu8,0_7797_10,5yu8_B,5yu8_A,0.5454138723085294,54.158548977737276,358,358,False
9qfj,9qfj_C,9qfj_E,0_7797_12,5yu8,0_7797_12,5yu8_C,5yu8_A,0.5454072604324212,1.1222457892652555,358,358,False
9qfj,9qfj_D,9qfj_E,0_7797_50,3j8a,0_7797_1,3j8a_A,3j8a_B,2.5241058567104027,57.56589252674504,355,355,True
9qfj,9qfj_D,9qfj_E,0_7797_50,3j8a,0_7797_0,3j8a_D,3j8a_A,2.527585424398965,6.7916148110213825,355,355,False
9qfj,9qfj_D,9qfj_E,0_7797_50,5yu8,0_7797_10,5yu8_B,5yu8_A,0.5454404523799263,0.7589512676298592,358,358,False
9qfj,9qfj_D,9qfj_E,0_7797_50,5yu8,0_7797_12,5yu8_C,5yu8_A,0.5454338357301067,53.84520437988175,358,358,False
9qfk,9qfk_A,9qfk_B,0_7797_50,3j8a,0_7797_1,3j8a_A,3j8a_B,1.4002335283476044,55.12662434510492,362,362,True
9qfk,9qfk_A,9qfk_B,0_7797_50,3j8a,0_7797_0,3j8a_D,3j8a_A,1.4203349270951902,2.969814112864764,362,362,False
9qfk,9qfk_A,9qfk_B,0_7797_50,5yu8,0_7797_10,5yu8_B,5yu8_A,1.9792879120752451,4.918126494672196,360,360,False
9qfk,9qfk_A,9qfk_B,0_7797_50,5yu8,0_7797_12,5yu8_C,5yu8_A,1.9793114336162474,51.17924398101912,360,360,False
9qfk,9qfk_A,9qfk_C,0_7797_1,3j8a,0_7797_1,3j8a_A,3j8a_B,1.4002335283476044,3.312230997919516,362,362,True
9qfk,9qfk_A,9qfk_C,0_7797_1,3j8a,0_7797_0,3j8a_D,3j8a_A,1.4203349270951902,51.804881304916734,362,362,False
9qfk,9qfk_A,9qfk_C,0_7797_1,5yu8,0_7797_10,5yu8_B,5yu8_A,1.9792879120752451,56.50652086410253,360,360,False
9qfk,9qfk_A,9qfk_C,0_7797_1,5yu8,0_7797_12,5yu8_C,5yu8_A,1.9793114336162474,5.526035499997622,360,360,False
9qfk,9qfk_B,9qfk_C,0_7797_50,3j8a,0_7797_1,3j8a_A,3j8a_B,1.3440241679899438,55.05487475397311,362,362,True
9qfk,9qfk_B,9qfk_C,0_7797_50,3j8a,0_7797_0,3j8a_D,3j8a_A,1.3616524597755186,2.8768613191327126,362,362,False
9qfk,9qfk_B,9qfk_C,0_7797_50,5yu8,0_7797_10,5yu8_B,5yu8_A,2.1013546098213474,5.004297093514483,360,360,False
9qfk,9qfk_B,9qfk_C,0_7797_50,5yu8,0_7797_12,5yu8_C,5yu8_A,2.1013753576964125,51.089041776710516,360,360,False
9qfk,9qfk_B,9qfk_D,0_7797_1,3j8a,0_7797_1,3j8a_A,3j8a_B,1.3440241679899438,3.116885429603499,362,362,True
9qfk,9qfk_B,9qfk_D,0_7797_1,3j8a,0_7797_0,3j8a_D,3j8a_A,1.3616524597755186,51.86225238715859,362,362,False
9qfk,9qfk_B,9qfk_D,0_7797_1,5yu8,0_7797_10,5yu8_B,5yu8_A,2.1013546098213474,56.5952707021119,360,360,False
9qfk,9qfk_B,9qfk_D,0_7797_1,5yu8,0_7797_12,5yu8_C,5yu8_A,2.1013753576964125,5.705677455060137,360,360,False
9qfk,9qfk_C,9qfk_D,0_7797_50,3j8a,0_7797_1,3j8a_A,3j8a_B,1.3645218544542324,54.93188429439865,362,362,True
9qfk,9qfk_C,9qfk_D,0_7797_50,3j8a,0_7797_0,3j8a_D,3j8a_A,1.3840145417977652,2.7349174277671477,362,362,False
9qfk,9qfk_C,9qfk_D,0_7797_50,5yu8,0_7797_10,5yu8_B,5yu8_A,2.039252240566224,5.169736744656455,360,360,False
9qfk,9qfk_C,9qfk_D,0_7797_50,5yu8,0_7797_12,5yu8_C,5yu8_A,2.039272454183138,50.963165174158696,360,360,False
9qfk,9qfk_C,9qfk_E,0_7797_1,3j8a,0_7797_1,3j8a_A,3j8a_B,1.3645218544542324,3.0406529826231723,362,362,True
9qfk,9qfk_C,9qfk_E,0_7797_1,3j8a,0_7797_0,3j8a_D,3j8a_A,1.3840145417977652,51.93577034426284,362,362,False
9qfk,9qfk_C,9qfk_E,0_7797_1,5yu8,0_7797_10,5yu8_B,5yu8_A,2.039252240566224,56.67195255702955,360,360,False
9qfk,9qfk_C,9qfk_E,0_7797_1,5yu8,0_7797_12,5yu8_C,5yu8_A,2.039272454183138,5.87374969112085,360,360,False
9qfk,9qfk_D,9qfk_E,0_7797_50,3j8a,0_7797_1,3j8a_A,3j8a_B,1.3392102201517284,54.83203501052188,362,362,True
9qfk,9qfk_D,9qfk_E,0_7797_50,3j8a,0_7797_0,3j8a_D,3j8a_A,1.3562922965076951,2.665720580419625,362,362,False
9qfk,9qfk_D,9qfk_E,0_7797_50,5yu8,0_7797_10,5yu8_B,5yu8_A,2.086161628011548,5.267999253363166,360,360,False
9qfk,9qfk_D,9qfk_E,0_7797_50,5yu8,0_7797_12,5yu8_C,5yu8_A,2.086183070030557,50.8515476954612,360,360,False
9qfk,9qfk_D,9qfk_F,0_7797_1,3j8a,0_7797_1,3j8a_A,3j8a_B,1.3392102201517284,2.884260114236405,362,362,True
9qfk,9qfk_D,9qfk_F,0_7797_1,3j8a,0_7797_0,3j8a_D,3j8a_A,1.3562922965076951,52.08675308144073,362,362,False
9qfk,9qfk_D,9qfk_F,0_7797_1,5yu8,0_7797_10,5yu8_B,5yu8_A,2.086161628011548,56.84672712249404,360,360,False
9qfk,9qfk_D,9qfk_F,0_7797_1,5yu8,0_7797_12,5yu8_C,5yu8_A,2.086183070030557,6.073780119108564,360,360,False
9qfk,9qfk_E,9qfk_F,0_7797_50,3j8a,0_7797_1,3j8a_A,3j8a_B,1.3286896257134029,54.81474243056672,362,362,True
9qfk,9qfk_E,9qfk_F,0_7797_50,3j8a,0_7797_0,3j8a_D,3j8a_A,1.3477656637477387,2.6462637117815597,362,362,False
9qfk,9qfk_E,9qfk_F,0_7797_50,5yu8,0_7797_10,5yu8_B,5yu8_A,2.115461789888959,5.273326288013527,360,360,False
9qfk,9qfk_E,9qfk_F,0_7797_50,5yu8,0_7797_12,5yu8_C,5yu8_A,2.1154853646142526,50.83690655926926,360,360,False
9qfk,9qfk_E,9qfk_G,0_7797_1,3j8a,0_7797_1,3j8a_A,3j8a_B,1.3286896257134029,2.8636005987392594,362,362,True
9qfk,9qfk_E,9qfk_G,0_7797_1,3j8a,0_7797_0,3j8a_D,3j8a_A,1.3477656637477387,52.07639819247296,362,362,False
9qfk,9qfk_E,9qfk_G,0_7797_1,5yu8,0_7797_10,5yu8_B,5yu8_A,2.115461789888959,56.81623399540836,360,360,False
9qfk,9qfk_E,9qfk_G,0_7797_1,5yu8,0_7797_12,5yu8_C,5yu8_A,2.1154853646142526,6.0362226799741165,360,360,False
9qfk,9qfk_F,9qfk_G,0_7797_50,3j8a,0_7797_1,3j8a_A,3j8a_B,1.342646195548314,54.93392980993312,362,362,True
9qfk,9qfk_F,9qfk_G,0_7797_50,3j8a,0_7797_0,3j8a_D,3j8a_A,1.359752371912785,2.7555658546128976,362,362,False
9qfk,9qfk_F,9qfk_G,0_7797_50,5yu8,0_7797_10,5yu8_B,5yu8_A,2.1103133924371127,5.17945348828136,360,360,False
9qfk,9qfk_F,9qfk_G,0_7797_50,5yu8,0_7797_12,5yu8_C,5yu8_A,2.1103339894962954,50.94462576269189,360,360,False
9qfo,9qfo_A,9qfo_B,0_7797_50,3j8a,0_7797_1,3j8a_A,3j8a_B,2.5113382133757582,57.734907894064804,355,355,True
9qfo,9qfo_A,9qfo_B,0_7797_50,3j8a,0_7797_0,3j8a_D,3j8a_A,2.5131102206428957,6.9356174442916565,355,355,False
9qfo,9qfo_A,9qfo_B,0_7797_50,5yu8,0_7797_10,5yu8_B,5yu8_A,0.6547892048595441,0.9828737407506025,358,358,False
9qfo,9qfo_A,9qfo_B,0_7797_50,5yu8,0_7797_12,5yu8_C,5yu8_A,0.6547880882694979,54.00682238333752,358,358,False
9qfo,9qfo_A,9qfo_C,0_7797_12,3j8a,0_7797_1,3j8a_A,3j8a_B,2.5113382133757582,7.382891309450475,355,355,True
9qfo,9qfo_A,9qfo_C,0_7797_12,3j8a,0_7797_0,3j8a_D,3j8a_A,2.5131102206428957,49.54571629198371,355,355,False
9qfo,9qfo_A,9qfo_C,0_7797_12,5yu8,0_7797_10,5yu8_B,5yu8_A,0.6547892048595441,53.96664153304968,358,358,False
9qfo,9qfo_A,9qfo_C,0_7797_12,5yu8,0_7797_12,5yu8_C,5yu8_A,0.6547880882694979,1.053056384697182,358,358,False
9qfo,9qfo_B,9qfo_C,0_7797_50,3j8a,0_7797_1,3j8a_A,3j8a_B,2.538566396162815,57.906560442455806,355,355,True
9qfo,9qfo_B,9qfo_C,0_7797_50,3j8a,0_7797_0,3j8a_D,3j8a_A,2.541282367322524,7.1212175855392745,355,355,False
9qfo,9qfo_B,9qfo_C,0_7797_50,5yu8,0_7797_10,5yu8_B,5yu8_A,0.5586382470871755,0.6759607614586858,358,358,False
9qfo,9qfo_B,9qfo_C,0_7797_50,5yu8,0_7797_12,5yu8_C,5yu8_A,0.5586317123193104,54.18933755838161,358,358,False
9qfo,9qfo_B,9qfo_D,0_7797_12,3j8a,0_7797_1,3j8a_A,3j8a_B,2.538566396162815,7.439074315477938,355,355,True
9qfo,9qfo_B,9qfo_D,0_7797_12,3j8a,0_7797_0,3j8a_D,3j8a_A,2.541282367322524,49.521490969374725,355,355,False
9qfo,9qfo_B,9qfo_D,0_7797_12,5yu8,0_7797_10,5yu8_B,5yu8_A,0.5586382470871755,53.94652628121902,358,358,False
9qfo,9qfo_B,9qfo_D,0_7797_12,5yu8,0_7797_12,5yu8_C,5yu8_A,0.5586317123193104,1.0290629321918758,358,358,False
9qfo,9qfo_C,9qfo_D,0_7797_50,3j8a,0_7797_1,3j8a_A,3j8a_B,2.5059638073527273,57.66478661236464,355,355,True
9qfo,9qfo_C,9qfo_D,0_7797_50,3j8a,0_7797_0,3j8a_D,3j8a_A,2.5090422100763603,6.806150946576572,355,355,False
9qfo,9qfo_C,9qfo_D,0_7797_50,5yu8,0_7797_10,5yu8_B,5yu8_A,0.540577907030465,0.9417773588004854,358,358,False
9qfo,9qfo_C,9qfo_D,0_7797_50,5yu8,0_7797_12,5yu8_C,5yu8_A,0.5405751217252057,53.934191150062595,358,358,False
9qfo,9qfo_C,9qfo_E,0_7797_12,3j8a,0_7797_1,3j8a_A,3j8a_B,2.5059638073527273,7.21760486820931,355,355,True
9qfo,9qfo_C,9qfo_E,0_7797_12,3j8a,0_7797_0,3j8a_D,3j8a_A,2.5090422100763603,49.67912757592766,355,355,False
9qfo,9qfo_C,9qfo_E,0_7797_12,5yu8,0_7797_10,5yu8_B,5yu8_A,0.540577907030465,54.10269357496925,358,358,False
9qfo,9qfo_C,9qfo_E,0_7797_12,5yu8,0_7797_12,5yu8_C,5yu8_A,0.5405751217252057,1.0614246642684169,358,358,False
9qfo,9qfo_D,9qfo_E,0_7797_50,3j8a,0_7797_1,3j8a_A,3j8a_B,2.528635788572832,57.63649939005874,355,355,True
9qfo,9qfo_D,9qfo_E,0_7797_50,3j8a,0_7797_0,3j8a_D,3j8a_A,2.532216077885313,6.828857123659167,355,355,False
9qfo,9qfo_D,9qfo_E,0_7797_50,5yu8,0_7797_10,5yu8_B,5yu8_A,0.5365282766989956,0.7821012384897635,358,358,False
9qfo,9qfo_D,9qfo_E,0_7797_50,5yu8,0_7797_12,5yu8_C,5yu8_A,0.5365213062442579,53.915918311775165,358,358,False
9qfo,9qfo_D,9qfo_F,0_7797_12,3j8a,0_7797_1,3j8a_A,3j8a_B,2.528635788572832,7.272910673816897,355,355,True
9qfo,9qfo_D,9qfo_F,0_7797_12,3j8a,0_7797_0,3j8a_D,3j8a_A,2.532216077885313,49.649724098699494,355,355,False
9qfo,9qfo_D,9qfo_F,0_7797_12,5yu8,0_7797_10,5yu8_B,5yu8_A,0.5365282766989956,54.07070604185203,358,358,False
9qfo,9qfo_D,9qfo_F,0_7797_12,5yu8,0_7797_12,5yu8_C,5yu8_A,0.5365213062442579,1.056726061915153,358,358,False
9qfo,9qfo_E,9qfo_F,0_7797_50,3j8a,0_7797_1,3j8a_A,3j8a_B,2.522085259251399,57.58871852306918,355,355,True
9qfo,9qfo_E,9qfo_F,0_7797_50,3j8a,0_7797_0,3j8a_D,3j8a_A,2.5251039063875154,6.808146371061428,355,355,False
9qfo,9qfo_E,9qfo_F,0_7797_50,5yu8,0_7797_10,5yu8_B,5yu8_A,0.5323476745830859,0.7785977671586825,358,358,False
9qfo,9qfo_E,9qfo_F,0_7797_50,5yu8,0_7797_12,5yu8_C,5yu8_A,0.5323377284852288,53.873918024685736,358,358,False
9qfq,9qfq_A,9qfq_B,0_7797_50,3j8a,0_7797_1,3j8a_A,3j8a_B,2.5430941224967003,57.66449944610273,355,355,True
9qfq,9qfq_A,9qfq_B,0_7797_50,3j8a,0_7797_0,3j8a_D,3j8a_A,2.546546690303463,6.88075825915356,355,355,False
9qfq,9qfq_A,9qfq_B,0_7797_50,5yu8,0_7797_10,5yu8_B,5yu8_A,0.5280238174457831,0.739762790078788,358,358,False
9qfq,9qfq_A,9qfq_B,0_7797_50,5yu8,0_7797_12,5yu8_C,5yu8_A,0.5280058452143788,53.947455805084765,358,358,False
9qfq,9qfq_A,9qfq_C,0_7797_12,3j8a,0_7797_1,3j8a_A,3j8a_B,2.5430941224967003,7.380832465309836,355,355,True
9qfq,9qfq_A,9qfq_C,0_7797_12,3j8a,0_7797_0,3j8a_D,3j8a_A,2.546546690303463,49.594322406236536,355,355,False
9qfq,9qfq_A,9qfq_C,0_7797_12,5yu8,0_7797_10,5yu8_B,5yu8_A,0.5280238174457831,54.02204478987044,358,358,False
9qfq,9qfq_A,9qfq_C,0_7797_12,5yu8,0_7797_12,5yu8_C,5yu8_A,0.5280058452143788,1.015147283907871,358,358,False
9qfq,9qfq_B,9qfq_C,0_7797_50,3j8a,0_7797_1,3j8a_A,3j8a_B,2.533293508535736,57.582932304523894,355,355,True
9qfq,9qfq_B,9qfq_C,0_7797_50,3j8a,0_7797_0,3j8a_D,3j8a_A,2.5365904153591177,6.870784574283378,355,355,False
9qfq,9qfq_B,9qfq_C,0_7797_50,5yu8,0_7797_10,5yu8_B,5yu8_A,0.5089748470385385,0.704071847127299,358,358,False
9qfq,9qfq_B,9qfq_C,0_7797_50,5yu8,0_7797_12,5yu8_C,5yu8_A,0.5089546988773536,53.875868855888214,358,358,False
9qfq,9qfq_B,9qfq_D,0_7797_12,3j8a,0_7797_1,3j8a_A,3j8a_B,2.533293508535736,7.395563262650327,355,355,True
9qfq,9qfq_B,9qfq_D,0_7797_12,3j8a,0_7797_0,3j8a_D,3j8a_A,2.5365904153591177,49.72286410204172,355,355,False
9qfq,9qfq_B,9qfq_D,0_7797_12,5yu8,0_7797_10,5yu8_B,5yu8_A,0.5089748470385385,54.17400612680878,358,358,False
9qfq,9qfq_B,9qfq_D,0_7797_12,5yu8,0_7797_12,5yu8_C,5yu8_A,0.5089546988773536,0.9449881451270841,358,358,False
9qfq,9qfq_C,9qfq_D,0_7797_50,3j8a,0_7797_1,3j8a_A,3j8a_B,2.551805224435207,57.66046709296278,355,355,True
9qfq,9qfq_C,9qfq_D,0_7797_50,3j8a,0_7797_0,3j8a_D,3j8a_A,2.5550109344952268,7.213986459890834,355,355,False
9qfq,9qfq_C,9qfq_D,0_7797_50,5yu8,0_7797_10,5yu8_B,5yu8_A,0.5143249394396495,0.7940722469743078,358,358,False
9qfq,9qfq_C,9qfq_D,0_7797_50,5yu8,0_7797_12,5yu8_C,5yu8_A,0.5143072390207741,53.945547791419656,358,358,False
9qfq,9qfq_C,9qfq_E,0_7797_12,3j8a,0_7797_1,3j8a_A,3j8a_B,2.551805224435207,8.665806981319053,355,355,True
9qfq,9qfq_C,9qfq_E,0_7797_12,3j8a,0_7797_0,3j8a_D,3j8a_A,2.5550109344952268,48.5971231226724,355,355,False
9qfq,9qfq_C,9qfq_E,0_7797_12,5yu8,0_7797_10,5yu8_B,5yu8_A,0.5143249394396495,52.905474450389875,358,358,False
9qfq,9qfq_C,9qfq_E,0_7797_12,5yu8,0_7797_12,5yu8_C,5yu8_A,0.5143072390207741,2.049416444959064,358,358,False
9qfq,9qfq_D,9qfq_E,0_7797_10,3j8a,0_7797_1,3j8a_A,3j8a_B,2.659401433476278,57.5539361436254,355,355,True
9qfq,9qfq_D,9qfq_E,0_7797_10,3j8a,0_7797_0,3j8a_D,3j8a_A,2.6631142517287874,7.064686030298607,355,355,False
9qfq,9qfq_D,9qfq_E,0_7797_10,5yu8,0_7797_10,5yu8_B,5yu8_A,0.5080860078673513,2.1873099120071626,358,358,False
9qfq,9qfq_D,9qfq_E,0_7797_10,5yu8,0_7797_12,5yu8_C,5yu8_A,0.5080658668055973,53.95757909115393,358,358,False
9qfw,9qfw_A,9qfw_B,0_7797_10,3j8a,0_7797_1,3j8a_A,3j8a_B,2.5425816278685587,57.66462943361279,355,355,True
9qfw,9qfw_A,9qfw_B,0_7797_10,3j8a,0_7797_0,3j8a_D,3j8a_A,2.544451514963043,6.872681612674829,355,355,False
9qfw,9qfw_A,9qfw_B,0_7797_10,5yu8,0_7797_10,5yu8_B,5yu8_A,0.54879280825517,0.7477309158864996,358,358,False
9qfw,9qfw_A,9qfw_B,0_7797_10,5yu8,0_7797_12,5yu8_C,5yu8_A,0.5487762473838215,53.940673536040755,358,358,False
9qfw,9qfw_A,9qfw_C,0_7797_12,3j8a,0_7797_1,3j8a_A,3j8a_B,2.5425816278685587,7.373208214991408,355,355,True
9qfw,9qfw_A,9qfw_C,0_7797_12,3j8a,0_7797_0,3j8a_D,3j8a_A,2.544451514963043,49.60379576655415,355,355,False
9qfw,9qfw_A,9qfw_C,0_7797_12,5yu8,0_7797_10,5yu8_B,5yu8_A,0.54879280825517,54.035772231623795,358,358,False
9qfw,9qfw_A,9qfw_C,0_7797_12,5yu8,0_7797_12,5yu8_C,5yu8_A,0.5487762473838215,1.0529702102921146,358,358,False
9qfw,9qfw_B,9qfw_C,0_7797_50,3j8a,0_7797_1,3j8a_A,3j8a_B,2.5301865185078687,57.594307052753955,355,355,True
9qfw,9qfw_B,9qfw_C,0_7797_50,3j8a,0_7797_0,3j8a_D,3j8a_A,2.5331263224634584,6.871397808453713,355,355,False
9qfw,9qfw_B,9qfw_C,0_7797_50,5yu8,0_7797_10,5yu8_B,5yu8_A,0.5242595534020561,0.7372285739037276,358,358,False
9qfw,9qfw_B,9qfw_C,0_7797_50,5yu8,0_7797_12,5yu8_C,5yu8_A,0.524241530196112,53.88147579086166,358,358,False
9qfw,9qfw_B,9qfw_D,0_7797_12,3j8a,0_7797_1,3j8a_A,3j8a_B,2.5301865185078687,7.401362997391147,355,355,True
9qfw,9qfw_B,9qfw_D,0_7797_12,3j8a,0_7797_0,3j8a_D,3j8a_A,2.5331263224634584,49.721413251750214,355,355,False
9qfw,9qfw_B,9qfw_D,0_7797_12,5yu8,0_7797_10,5yu8_B,5yu8_A,0.5242595534020561,54.178278548749105,358,358,False
9qfw,9qfw_B,9qfw_D,0_7797_12,5yu8,0_7797_12,5yu8_C,5yu8_A,0.524241530196112,0.9317131224450589,358,358,False
9qfw,9qfw_C,9qfw_D,0_7797_10,3j8a,0_7797_1,3j8a_A,3j8a_B,2.5465299913201194,57.66223985016272,355,355,True
9qfw,9qfw_C,9qfw_D,0_7797_10,3j8a,0_7797_0,3j8a_D,3j8a_A,2.549384133267996,7.220949768515109,355,355,False
9qfw,9qfw_C,9qfw_D,0_7797_10,5yu8,0_7797_10,5yu8_B,5yu8_A,0.5171649952708414,0.8112573735535367,358,358,False
9qfw,9qfw_C,9qfw_D,0_7797_10,5yu8,0_7797_12,5yu8_C,5yu8_A,0.5171455470387587,53.93775192551707,358,358,False
9qfw,9qfw_C,9qfw_E,0_7797_12,3j8a,0_7797_1,3j8a_A,3j8a_B,2.5465299913201194,8.783959816644156,355,355,True
9qfw,9qfw_C,9qfw_E,0_7797_12,3j8a,0_7797_0,3j8a_D,3j8a_A,2.549384133267996,48.56367203580467,355,355,False
9qfw,9qfw_C,9qfw_E,0_7797_12,5yu8,0_7797_10,5yu8_B,5yu8_A,0.5171649952708414,52.88379593309617,358,358,False
9qfw,9qfw_C,9qfw_E,0_7797_12,5yu8,0_7797_12,5yu8_C,5yu8_A,0.5171455470387587,2.0467277365779353,358,358,False
9qfw,9qfw_D,9qfw_E,0_7797_10,3j8a,0_7797_1,3j8a_A,3j8a_B,2.668747346612806,57.478806941804905,355,355,True
9qfw,9qfw_D,9qfw_E,0_7797_10,3j8a,0_7797_0,3j8a_D,3j8a_A,2.672013812988522,7.046926745314946,355,355,False
9qfw,9qfw_D,9qfw_E,0_7797_10,5yu8,0_7797_10,5yu8_B,5yu8_A,0.5122517567291955,2.268573935732794,358,358,False
9qfw,9qfw_D,9qfw_E,0_7797_10,5yu8,0_7797_12,5yu8_C,5yu8_A,0.5122251983478145,53.88461087990203,358,358,False
9qgk,9qgk_F,9qgk_H,0_7797_0,3j8a,0_7797_1,3j8a_A,3j8a_B,1.1341932819621259,53.14680793538603,366,366,True
9qgk,9qgk_F,9qgk_H,0_7797_0,3j8a,0_7797_0,3j8a_D,3j8a_A,1.1532459409157638,1.3506209316571176,366,366,False
9qgk,9qgk_F,9qgk_H,0_7797_0,5yu8,0_7797_10,5yu8_B,5yu8_A,2.7047570159365626,7.8773410329892775,360,360,False
9qgk,9qgk_F,9qgk_H,0_7797_0,5yu8,0_7797_12,5yu8_C,5yu8_A,2.704781517176139,49.09312876688327,360,360,False
9qgk,9qgk_F,9qgk_I,0_7797_0,3j8a,0_7797_1,3j8a_A,3j8a_B,1.1506415300601989,52.81557418497275,366,366,False
9qgk,9qgk_F,9qgk_I,0_7797_0,3j8a,0_7797_0,3j8a_D,3j8a_A,1.1506415300601989,1.466142596647127,366,366,True
9qgk,9qgk_F,9qgk_I,0_7797_0,5yu8,0_7797_10,5yu8_B,5yu8_A,2.704774078081317,8.508417170840838,360,360,True
9qgk,9qgk_F,9qgk_I,0_7797_0,5yu8,0_7797_12,5yu8_C,5yu8_A,2.704774078081317,55.09933544632088,360,360,True
9qgk,9qgk_F,9qgk_J,0_7797_1,3j8a,0_7797_1,3j8a_A,3j8a_B,1.1341932819621259,1.254623043544943,366,366,True
9qgk,9qgk_F,9qgk_J,0_7797_1,3j8a,0_7797_0,3j8a_D,3j8a_A,1.1532459409157638,53.46113214124684,366,366,False
9qgk,9qgk_F,9qgk_J,0_7797_1,5yu8,0_7797_10,5yu8_B,5yu8_A,2.7047570159365626,58.06627399124019,360,360,False
9qgk,9qgk_F,9qgk_J,0_7797_1,5yu8,0_7797_12,5yu8_C,5yu8_A,2.704781517176139,8.284452967435731,360,360,False
9qgk,9qgk_G,9qgk_H,0_7797_1,3j8a,0_7797_1,3j8a_A,3j8a_B,1.1239461753025684,1.3488368678786566,366,366,False
9qgk,9qgk_G,9qgk_H,0_7797_1,3j8a,0_7797_0,3j8a_D,3j8a_A,1.1239461753025684,53.82656888269969,366,366,True
9qgk,9qgk_G,9qgk_H,0_7797_1,5yu8,0_7797_10,5yu8_B,5yu8_A,2.7074885091196204,52.43235756592875,360,360,True
9qgk,9qgk_G,9qgk_H,0_7797_1,5yu8,0_7797_12,5yu8_C,5yu8_A,2.7074885091196204,6.381049024448385,360,360,True
9qgk,9qgk_G,9qgk_J,0_7797_0,3j8a,0_7797_1,3j8a_A,3j8a_B,1.1239461753025684,52.741155191713425,366,366,False
9qgk,9qgk_G,9qgk_J,0_7797_0,3j8a,0_7797_0,3j8a_D,3j8a_A,1.1239461753025684,1.4884913312976087,366,366,True
9qgk,9qgk_G,9qgk_J,0_7797_0,5yu8,0_7797_10,5yu8_B,5yu8_A,2.7074885091196204,8.545214536549445,360,360,True
9qgk,9qgk_G,9qgk_J,0_7797_0,5yu8,0_7797_12,5yu8_C,5yu8_A,2.7074885091196204,55.04250268805839,360,360,True
9qgk,9qgk_H,9qgk_I,0_7797_1,3j8a,0_7797_1,3j8a_A,3j8a_B,1.1524993863925415,1.3848276160571746,366,366,False
9qgk,9qgk_H,9qgk_I,0_7797_1,3j8a,0_7797_0,3j8a_D,3j8a_A,1.1524993863925415,53.85581913808985,366,366,True
9qgk,9qgk_H,9qgk_I,0_7797_1,5yu8,0_7797_10,5yu8_B,5yu8_A,2.6934611618822215,52.504222595017005,360,360,True
9qgk,9qgk_H,9qgk_I,0_7797_1,5yu8,0_7797_12,5yu8_C,5yu8_A,2.6934611618822215,6.339035661831056,360,360,True
9qgk,9qgk_H,9qgk_J,0_7797_0,3j8a,0_7797_1,3j8a_A,3j8a_B,1.132973417121524,53.20954526496133,366,366,True
9qgk,9qgk_H,9qgk_J,0_7797_0,3j8a,0_7797_0,3j8a_D,3j8a_A,1.155291660960835,1.306049441552629,366,366,False
9qgk,9qgk_H,9qgk_J,0_7797_0,5yu8,0_7797_10,5yu8_B,5yu8_A,2.693443136366357,7.836776687188341,360,360,False
9qgk,9qgk_H,9qgk_J,0_7797_0,5yu8,0_7797_12,5yu8_C,5yu8_A,2.6934675136270148,49.12643379759235,360,360,False
9sgk,9sgk_F,9sgk_H,0_7797_0,3j8a,0_7797_1,3j8a_A,3j8a_B,1.1458805069123237,53.26066803346365,366,366,True
9sgk,9sgk_F,9sgk_H,0_7797_0,3j8a,0_7797_0,3j8a_D,3j8a_A,1.1635552395130373,1.6034237795606416,366,366,False
9sgk,9sgk_F,9sgk_H,0_7797_0,5yu8,0_7797_10,5yu8_B,5yu8_A,2.714378835455735,8.066670700666993,360,360,False
9sgk,9sgk_F,9sgk_H,0_7797_0,5yu8,0_7797_12,5yu8_C,5yu8_A,2.7144065159345434,49.08412179441988,360,360,False
9sgk,9sgk_F,9sgk_I,0_7797_0,3j8a,0_7797_1,3j8a_A,3j8a_B,1.1742621193077052,53.03436153477555,366,366,False
9sgk,9sgk_F,9sgk_I,0_7797_0,3j8a,0_7797_0,3j8a_D,3j8a_A,1.1742621193077052,1.7893761058344702,366,366,True
9sgk,9sgk_F,9sgk_I,0_7797_0,5yu8,0_7797_10,5yu8_B,5yu8_A,2.7143969203926073,8.779900655482091,360,360,True
9sgk,9sgk_F,9sgk_I,0_7797_0,5yu8,0_7797_12,5yu8_C,5yu8_A,2.7143969203926073,55.443810489835435,360,360,True
9sgk,9sgk_F,9sgk_J,0_7797_1,3j8a,0_7797_1,3j8a_A,3j8a_B,1.1458805069123237,2.2272547874169413,366,366,True
9sgk,9sgk_F,9sgk_J,0_7797_1,3j8a,0_7797_0,3j8a_D,3j8a_A,1.1635552395130373,54.551998374061,366,366,False
9sgk,9sgk_F,9sgk_J,0_7797_1,5yu8,0_7797_10,5yu8_B,5yu8_A,2.714378835455735,59.24532511086857,360,360,False
9sgk,9sgk_F,9sgk_J,0_7797_1,5yu8,0_7797_12,5yu8_C,5yu8_A,2.7144065159345434,8.526413414931582,360,360,False
9sgk,9sgk_G,9sgk_H,0_7797_1,3j8a,0_7797_1,3j8a_A,3j8a_B,1.1156650863814424,2.2093511921767064,366,366,False
9sgk,9sgk_G,9sgk_H,0_7797_1,3j8a,0_7797_0,3j8a_D,3j8a_A,1.1156650863814424,54.70106758661003,366,366,True
9sgk,9sgk_G,9sgk_H,0_7797_1,5yu8,0_7797_10,5yu8_B,5yu8_A,2.7406540184748978,53.31867928029767,360,360,True
9sgk,9sgk_G,9sgk_H,0_7797_1,5yu8,0_7797_12,5yu8_C,5yu8_A,2.7406540184748978,6.5687817659636325,360,360,True
9sgk,9sgk_G,9sgk_J,0_7797_0,3j8a,0_7797_1,3j8a_A,3j8a_B,1.1156650863814424,53.07878618227373,366,366,False
9sgk,9sgk_G,9sgk_J,0_7797_0,3j8a,0_7797_0,3j8a_D,3j8a_A,1.1156650863814424,1.814941619726648,366,366,True
9sgk,9sgk_G,9sgk_J,0_7797_0,5yu8,0_7797_10,5yu8_B,5yu8_A,2.7406540184748978,8.811996172820752,360,360,True
9sgk,9sgk_G,9sgk_J,0_7797_0,5yu8,0_7797_12,5yu8_C,5yu8_A,2.7406540184748978,55.41918532653347,360,360,True
9sgk,9sgk_H,9sgk_I,0_7797_1,3j8a,0_7797_1,3j8a_A,3j8a_B,1.0973729103169205,2.2179545173352664,366,366,False
9sgk,9sgk_H,9sgk_I,0_7797_1,3j8a,0_7797_0,3j8a_D,3j8a_A,1.0973729103169205,54.7909548991023,366,366,True
9sgk,9sgk_H,9sgk_I,0_7797_1,5yu8,0_7797_10,5yu8_B,5yu8_A,2.7066654892601414,53.4863248280937,360,360,True
9sgk,9sgk_H,9sgk_I,0_7797_1,5yu8,0_7797_12,5yu8_C,5yu8_A,2.7066654892601414,6.576277919862875,360,360,True
9sgk,9sgk_H,9sgk_J,0_7797_0,3j8a,0_7797_1,3j8a_A,3j8a_B,1.0659743958708432,53.39729607324229,366,366,True
9sgk,9sgk_H,9sgk_J,0_7797_0,3j8a,0_7797_0,3j8a_D,3j8a_A,1.0889871681456798,1.6253531733345832,366,366,False
9sgk,9sgk_H,9sgk_J,0_7797_0,5yu8,0_7797_10,5yu8_B,5yu8_A,2.7066454097740467,7.880676584617541,360,360,False
9sgk,9sgk_H,9sgk_J,0_7797_0,5yu8,0_7797_12,5yu8_C,5yu8_A,2.706674513171052,49.22238571238291,360,360,False
9xye,9xye_A,9xye_B,0_7797_31,3j8a,0_7797_1,3j8a_A,3j8a_B,2.90972751844424,56.3902249516513,366,366,True
9xye,9xye_A,9xye_B,0_7797_31,3j8a,0_7797_0,3j8a_D,3j8a_A,2.9054600624116222,5.75552239773863,366,366,False
9xye,9xye_A,9xye_B,0_7797_31,5yu8,0_7797_10,5yu8_B,5yu8_A,1.1920837771599664,4.42865277919825,360,360,False
9xye,9xye_A,9xye_B,0_7797_31,5yu8,0_7797_12,5yu8_C,5yu8_A,1.192086199953893,51.35081384379103,360,360,False
9xye,9xye_A,9xye_C,0_7797_1,3j8a,0_7797_1,3j8a_A,3j8a_B,2.90972751844424,5.675468254100579,366,366,True
9xye,9xye_A,9xye_C,0_7797_1,3j8a,0_7797_0,3j8a_D,3j8a_A,2.9054600624116222,50.54732727439005,366,366,False
9xye,9xye_A,9xye_C,0_7797_1,5yu8,0_7797_10,5yu8_B,5yu8_A,1.1920837771599664,55.88843814633388,360,360,False
9xye,9xye_A,9xye_C,0_7797_1,5yu8,0_7797_12,5yu8_C,5yu8_A,1.192086199953893,6.6882300105433625,360,360,False
9xye,9xye_B,9xye_C,0_7797_37,3j8a,0_7797_1,3j8a_A,3j8a_B,2.658414082475953,57.06520905651989,366,366,True
9xye,9xye_B,9xye_C,0_7797_37,3j8a,0_7797_0,3j8a_D,3j8a_A,2.655934964483655,5.124486189419299,366,366,False
9xye,9xye_B,9xye_C,0_7797_37,5yu8,0_7797_10,5yu8_B,5yu8_A,1.1261103443296934,4.737695653677563,360,360,False
9xye,9xye_B,9xye_C,0_7797_37,5yu8,0_7797_12,5yu8_C,5yu8_A,1.1261132254088735,52.17763116195159,360,360,False
9xye,9xye_B,9xye_D,0_7797_1,3j8a,0_7797_1,3j8a_A,3j8a_B,2.658414082475953,6.75851871742886,366,366,True
9xye,9xye_B,9xye_D,0_7797_1,3j8a,0_7797_0,3j8a_D,3j8a_A,2.655934964483655,49.98912685709665,366,366,False
9xye,9xye_B,9xye_D,0_7797_1,5yu8,0_7797_10,5yu8_B,5yu8_A,1.1261103443296934,55.03848201906604,360,360,False
9xye,9xye_B,9xye_D,0_7797_1,5yu8,0_7797_12,5yu8_C,5yu8_A,1.1261132254088735,5.954966703559365,360,360,False
9xye,9xye_C,9xye_D,0_7797_0,3j8a,0_7797_1,3j8a_A,3j8a_B,1.0169113327474033,53.31696625871848,366,366,True
9xye,9xye_C,9xye_D,0_7797_0,3j8a,0_7797_0,3j8a_D,3j8a_A,1.0297440763628876,1.1208040842599583,366,366,False
9xye,9xye_C,9xye_D,0_7797_0,5yu8,0_7797_10,5yu8_B,5yu8_A,2.6206656879990016,7.7089952747609045,360,360,False
9xye,9xye_C,9xye_D,0_7797_0,5yu8,0_7797_12,5yu8_C,5yu8_A,2.6206915827935213,49.315983000818285,360,360,False
9xye,9xye_C,9xye_E,0_7797_1,3j8a,0_7797_1,3j8a_A,3j8a_B,1.0169113327474033,1.0776927252912534,366,366,True
9xye,9xye_C,9xye_E,0_7797_1,3j8a,0_7797_0,3j8a_D,3j8a_A,1.0297440763628876,53.60002502608645,366,366,False
9xye,9xye_C,9xye_E,0_7797_1,5yu8,0_7797_10,5yu8_B,5yu8_A,2.6206656879990016,58.14290761998683,360,360,False
9xye,9xye_C,9xye_E,0_7797_1,5yu8,0_7797_12,5yu8_C,5yu8_A,2.6206915827935213,8.285484350887042,360,360,False
9xye,9xye_D,9xye_E,0_7797_0,3j8a,0_7797_1,3j8a_A,3j8a_B,1.0223531865285227,53.362599571398924,366,366,True
9xye,9xye_D,9xye_E,0_7797_0,3j8a,0_7797_0,3j8a_D,3j8a_A,1.03580919270157,1.1525870064697197,366,366,False
9xye,9xye_D,9xye_E,0_7797_0,5yu8,0_7797_10,5yu8_B,5yu8_A,2.616719443668936,7.692589057959157,360,360,False
9xye,9xye_D,9xye_E,0_7797_0,5yu8,0_7797_12,5yu8_C,5yu8_A,2.6167450167732893,49.37326643727138,360,360,False
9y52,9y52_A,9y52_B,0_7797_10,3j8a,0_7797_1,3j8a_A,3j8a_B,3.2302081519138826,59.423080304518116,366,359,True
9y52,9y52_A,9y52_B,0_7797_10,3j8a,0_7797_0,3j8a_D,3j8a_A,3.2255242801445605,8.947175425067387,366,359,False
9y52,9y52_A,9y52_B,0_7797_10,5yu8,0_7797_10,5yu8_B,5yu8_A,0.7468470142463917,1.1608541109167945,360,360,False
9y52,9y52_A,9y52_B,0_7797_10,5yu8,0_7797_12,5yu8_C,5yu8_A,0.7468464350233864,54.55479851285132,360,360,False
9y52,9y52_A,9y52_C,0_7797_12,3j8a,0_7797_1,3j8a_A,3j8a_B,3.2302081519138826,10.055906320532085,366,356,True
9y52,9y52_A,9y52_C,0_7797_12,3j8a,0_7797_0,3j8a_D,3j8a_A,3.2255242801445605,48.41826386677384,366,356,False
9y52,9y52_A,9y52_C,0_7797_12,5yu8,0_7797_10,5yu8_B,5yu8_A,0.7468470142463917,53.95063613879191,360,359,False
9y52,9y52_A,9y52_C,0_7797_12,5yu8,0_7797_12,5yu8_C,5yu8_A,0.7468464350233864,0.8503281852940942,360,359,False
9y52,9y52_B,9y52_C,0_7797_10,3j8a,0_7797_1,3j8a_A,3j8a_B,2.612281362367847,58.63472509896311,359,356,True
9y52,9y52_B,9y52_C,0_7797_10,3j8a,0_7797_0,3j8a_D,3j8a_A,2.6134448292611028,7.815632666601687,359,356,False
9y52,9y52_B,9y52_C,0_7797_10,5yu8,0_7797_10,5yu8_B,5yu8_A,0.5788357439872066,0.8428719653639596,360,359,False
9y52,9y52_B,9y52_C,0_7797_10,5yu8,0_7797_12,5yu8_C,5yu8_A,0.5788470522996467,54.6065857135533,360,359,False
9y52,9y52_B,9y52_D,0_7797_12,3j8a,0_7797_1,3j8a_A,3j8a_B,2.612281362367847,8.44515936760664,359,356,True
9y52,9y52_B,9y52_D,0_7797_12,3j8a,0_7797_0,3j8a_D,3j8a_A,2.6134448292611028,49.43308293649977,359,356,False
9y52,9y52_B,9y52_D,0_7797_12,5yu8,0_7797_10,5yu8_B,5yu8_A,0.5788357439872066,54.13450602647025,360,359,False
9y52,9y52_B,9y52_D,0_7797_12,5yu8,0_7797_12,5yu8_C,5yu8_A,0.5788470522996467,0.6616038635067304,360,359,False
9y52,9y52_C,9y52_D,0_7797_10,3j8a,0_7797_1,3j8a_A,3j8a_B,2.508390529225865,58.13935353916524,356,356,True
9y52,9y52_C,9y52_D,0_7797_10,3j8a,0_7797_0,3j8a_D,3j8a_A,2.511644114436437,7.150634647986444,356,356,False
9y52,9y52_C,9y52_D,0_7797_10,5yu8,0_7797_10,5yu8_B,5yu8_A,0.4744198434147333,0.7938285401644235,359,359,False
9y52,9y52_C,9y52_D,0_7797_10,5yu8,0_7797_12,5yu8_C,5yu8_A,0.47442303762786553,54.350279422442696,359,359,False
9y52,9y52_C,9y52_E,0_7797_12,3j8a,0_7797_1,3j8a_A,3j8a_B,2.508390529225865,7.750876668333198,356,356,True
9y52,9y52_C,9y52_E,0_7797_12,3j8a,0_7797_0,3j8a_D,3j8a_A,2.511644114436437,49.95871206007833,356,356,False
9y52,9y52_C,9y52_E,0_7797_12,5yu8,0_7797_10,5yu8_B,5yu8_A,0.4744198434147333,54.422305053663976,359,359,False
9y52,9y52_C,9y52_E,0_7797_12,5yu8,0_7797_12,5yu8_C,5yu8_A,0.47442303762786553,0.6673025044375579,359,359,False
9y52,9y52_D,9y52_E,0_7797_10,3j8a,0_7797_1,3j8a_A,3j8a_B,2.527917755924587,58.03106404610578,356,356,True
9y52,9y52_D,9y52_E,0_7797_10,3j8a,0_7797_0,3j8a_D,3j8a_A,2.5313780876728957,7.120818155996248,356,356,False
9y52,9y52_D,9y52_E,0_7797_10,5yu8,0_7797_10,5yu8_B,5yu8_A,0.4643206155002251,0.6405341321146528,359,359,False
9y52,9y52_D,9y52_E,0_7797_10,5yu8,0_7797_12,5yu8_C,5yu8_A,0.4643295251198013,54.24378689332746,359,359,False
9y9j,9y9j_A,9y9j_B,0_7797_52,3j8a,0_7797_1,3j8a_A,3j8a_B,3.4070710138161093,59.674426700912306,366,366,True
9y9j,9y9j_A,9y9j_B,0_7797_52,3j8a,0_7797_0,3j8a_D,3j8a_A,3.402357712218948,9.346641649174083,366,366,False
9y9j,9y9j_A,9y9j_B,0_7797_52,5yu8,0_7797_10,5yu8_B,5yu8_A,0.8650183481049475,3.182474423366708,360,360,False
9y9j,9y9j_A,9y9j_B,0_7797_52,5yu8,0_7797_12,5yu8_C,5yu8_A,0.8649986134459736,54.62258031449277,360,360,False
9y9j,9y9j_A,9y9j_C,0_7797_12,3j8a,0_7797_1,3j8a_A,3j8a_B,3.4070710138161093,9.869510200017277,366,356,True
9y9j,9y9j_A,9y9j_C,0_7797_12,3j8a,0_7797_0,3j8a_D,3j8a_A,3.402357712218948,48.82088277483646,366,356,False
9y9j,9y9j_A,9y9j_C,0_7797_12,5yu8,0_7797_10,5yu8_B,5yu8_A,0.8650183481049475,54.4990028763816,360,359,False
9y9j,9y9j_A,9y9j_C,0_7797_12,5yu8,0_7797_12,5yu8_C,5yu8_A,0.8649986134459736,1.381725696772669,360,359,False
9y9j,9y9j_B,9y9j_C,0_7797_10,3j8a,0_7797_1,3j8a_A,3j8a_B,2.973204638291534,58.88990037235258,366,356,True
9y9j,9y9j_B,9y9j_C,0_7797_10,3j8a,0_7797_0,3j8a_D,3j8a_A,2.971946224026784,7.870460977768793,366,356,False
9y9j,9y9j_B,9y9j_C,0_7797_10,5yu8,0_7797_10,5yu8_B,5yu8_A,0.7276998455606094,1.2890083769013687,360,359,False
9y9j,9y9j_B,9y9j_C,0_7797_10,5yu8,0_7797_12,5yu8_C,5yu8_A,0.7277214448683192,54.08665081389724,360,359,False
9y9j,9y9j_B,9y9j_D,0_7797_12,3j8a,0_7797_1,3j8a_A,3j8a_B,2.973204638291534,8.711896349217849,366,356,True
9y9j,9y9j_B,9y9j_D,0_7797_12,3j8a,0_7797_0,3j8a_D,3j8a_A,2.971946224026784,49.51965492886899,366,356,False
9y9j,9y9j_B,9y9j_D,0_7797_12,5yu8,0_7797_10,5yu8_B,5yu8_A,0.7276998455606094,54.92079004175956,360,359,False
9y9j,9y9j_B,9y9j_D,0_7797_12,5yu8,0_7797_12,5yu8_C,5yu8_A,0.7277214448683192,1.2323740574848911,360,359,False
9y9j,9y9j_C,9y9j_D,0_7797_10,3j8a,0_7797_1,3j8a_A,3j8a_B,2.507732918673818,57.97392767512394,356,356,True
9y9j,9y9j_C,9y9j_D,0_7797_10,3j8a,0_7797_0,3j8a_D,3j8a_A,2.5111891115300597,6.996383905510495,356,356,False
9y9j,9y9j_C,9y9j_D,0_7797_10,5yu8,0_7797_10,5yu8_B,5yu8_A,0.5073423015647492,0.874604761901231,359,359,False
9y9j,9y9j_C,9y9j_D,0_7797_10,5yu8,0_7797_12,5yu8_C,5yu8_A,0.5073508261945836,54.17317789002033,359,359,False
9y9j,9y9j_C,9y9j_E,0_7797_12,3j8a,0_7797_1,3j8a_A,3j8a_B,2.507732918673818,7.512675108447141,356,356,True
9y9j,9y9j_C,9y9j_E,0_7797_12,3j8a,0_7797_0,3j8a_D,3j8a_A,2.5111891115300597,50.37278999778692,356,356,False
9y9j,9y9j_C,9y9j_E,0_7797_12,5yu8,0_7797_10,5yu8_B,5yu8_A,0.5073423015647492,54.854372769553194,359,359,False
9y9j,9y9j_C,9y9j_E,0_7797_12,5yu8,0_7797_12,5yu8_C,5yu8_A,0.5073508261945836,0.973496015803792,359,359,False
9y9j,9y9j_D,9y9j_E,0_7797_10,3j8a,0_7797_1,3j8a_A,3j8a_B,2.5368940518309384,58.06200477515519,356,356,True
9y9j,9y9j_D,9y9j_E,0_7797_10,3j8a,0_7797_0,3j8a_D,3j8a_A,2.540220158754143,7.081184730571615,356,356,False
9y9j,9y9j_D,9y9j_E,0_7797_10,5yu8,0_7797_10,5yu8_B,5yu8_A,0.4886204349620159,0.8926575009980607,359,359,False
9y9j,9y9j_D,9y9j_E,0_7797_10,5yu8,0_7797_12,5yu8_C,5yu8_A,0.4886259122777528,54.25132351271983,359,359,False
9y9l,9y9l_A,9y9l_B,0_7797_10,3j8a,0_7797_1,3j8a_A,3j8a_B,2.576844495659095,58.22273202771001,356,356,True
9y9l,9y9l_A,9y9l_B,0_7797_10,3j8a,0_7797_0,3j8a_D,3j8a_A,2.579670017291366,7.335253160772128,356,356,False
9y9l,9y9l_A,9y9l_B,0_7797_10,5yu8,0_7797_10,5yu8_B,5yu8_A,0.4870408806758091,0.7113260940606198,359,359,False
9y9l,9y9l_A,9y9l_B,0_7797_10,5yu8,0_7797_12,5yu8_C,5yu8_A,0.487048402100805,54.41306142633737,359,359,False
9y9l,9y9l_A,9y9l_C,0_7797_12,3j8a,0_7797_1,3j8a_A,3j8a_B,2.576844495659095,7.77395857061969,356,356,True
9y9l,9y9l_A,9y9l_C,0_7797_12,3j8a,0_7797_0,3j8a_D,3j8a_A,2.579670017291366,50.24535020025742,356,356,False
9y9l,9y9l_A,9y9l_C,0_7797_12,5yu8,0_7797_10,5yu8_B,5yu8_A,0.4870408806758091,54.71846936132886,359,359,False
9y9l,9y9l_A,9y9l_C,0_7797_12,5yu8,0_7797_12,5yu8_C,5yu8_A,0.487048402100805,0.7341871086514683,359,359,False
9y9l,9y9l_B,9y9l_C,0_7797_10,3j8a,0_7797_1,3j8a_A,3j8a_B,2.563510958116256,58.413192934518655,356,356,True
9y9l,9y9l_B,9y9l_C,0_7797_10,3j8a,0_7797_0,3j8a_D,3j8a_A,2.5667857755641417,7.5899541758376925,356,356,False
9y9l,9y9l_B,9y9l_C,0_7797_10,5yu8,0_7797_10,5yu8_B,5yu8_A,0.48538682574724035,0.8983763736960454,359,359,False
9y9l,9y9l_B,9y9l_C,0_7797_10,5yu8,0_7797_12,5yu8_C,5yu8_A,0.4853934876510472,54.59746879153555,359,359,False
9y9l,9y9l_B,9y9l_D,0_7797_12,3j8a,0_7797_1,3j8a_A,3j8a_B,2.563510958116256,7.622710305719218,356,356,True
9y9l,9y9l_B,9y9l_D,0_7797_12,3j8a,0_7797_0,3j8a_D,3j8a_A,2.5667857755641417,50.2847222913292,356,356,False
9y9l,9y9l_B,9y9l_D,0_7797_12,5yu8,0_7797_10,5yu8_B,5yu8_A,0.48538682574724035,54.755230230115856,359,359,False
9y9l,9y9l_B,9y9l_D,0_7797_12,5yu8,0_7797_12,5yu8_C,5yu8_A,0.4853934876510472,0.8128687668081995,359,359,False
9y9l,9y9l_C,9y9l_D,0_7797_10,3j8a,0_7797_1,3j8a_A,3j8a_B,2.5652701736048407,58.63540921077898,356,356,True
9y9l,9y9l_C,9y9l_D,0_7797_10,3j8a,0_7797_0,3j8a_D,3j8a_A,2.5689469304738375,7.63977249410047,356,356,False
9y9l,9y9l_C,9y9l_D,0_7797_10,5yu8,0_7797_10,5yu8_B,5yu8_A,0.5001192383155841,1.2218674097700177,359,359,False
9y9l,9y9l_C,9y9l_D,0_7797_10,5yu8,0_7797_12,5yu8_C,5yu8_A,0.5001233319375723,54.777047881839444,359,359,False
9y9l,9y9l_C,9y9l_E,0_7797_12,3j8a,0_7797_1,3j8a_A,3j8a_B,2.5652701736048407,7.552486978386959,356,356,True
9y9l,9y9l_C,9y9l_E,0_7797_12,3j8a,0_7797_0,3j8a_D,3j8a_A,2.5689469304738375,50.063990769430966,356,356,False
9y9l,9y9l_C,9y9l_E,0_7797_12,5yu8,0_7797_10,5yu8_B,5yu8_A,0.5001192383155841,54.5314228621843,359,359,False
9y9l,9y9l_C,9y9l_E,0_7797_12,5yu8,0_7797_12,5yu8_C,5yu8_A,0.5001233319375723,1.2526498358709268,359,359,False
9y9l,9y9l_D,9y9l_E,0_7797_53,3j8a,0_7797_1,3j8a_A,3j8a_B,2.514775990430976,58.74562370050315,356,356,True
9y9l,9y9l_D,9y9l_E,0_7797_53,3j8a,0_7797_0,3j8a_D,3j8a_A,2.5186057499231387,7.650403145777096,356,356,False
9y9l,9y9l_D,9y9l_E,0_7797_53,5yu8,0_7797_10,5yu8_B,5yu8_A,0.5828360853533151,1.6672340989999923,359,359,False
9y9l,9y9l_D,9y9l_E,0_7797_53,5yu8,0_7797_12,5yu8_C,5yu8_A,0.5828434393581082,54.9096885751664,359,359,False
9y9m,9y9m_A,9y9m_B,0_7797_53,3j8a,0_7797_1,3j8a_A,3j8a_B,2.5892500556513682,58.23670911735682,356,356,True
9y9m,9y9m_A,9y9m_B,0_7797_53,3j8a,0_7797_0,3j8a_D,3j8a_A,2.59227489711732,7.348786829064181,356,356,False
9y9m,9y9m_A,9y9m_B,0_7797_53,5yu8,0_7797_10,5yu8_B,5yu8_A,0.4818648313314759,0.6903438905865318,359,359,False
9y9m,9y9m_A,9y9m_B,0_7797_53,5yu8,0_7797_12,5yu8_C,5yu8_A,0.481870378502247,54.429678673022764,359,359,False
9y9m,9y9m_A,9y9m_C,0_7797_12,3j8a,0_7797_1,3j8a_A,3j8a_B,2.5892500556513682,7.748779814529539,356,356,True
9y9m,9y9m_A,9y9m_C,0_7797_12,3j8a,0_7797_0,3j8a_D,3j8a_A,2.59227489711732,50.239945442095824,356,356,False
9y9m,9y9m_A,9y9m_C,0_7797_12,5yu8,0_7797_10,5yu8_B,5yu8_A,0.4818648313314759,54.71062453985976,359,359,False
9y9m,9y9m_A,9y9m_C,0_7797_12,5yu8,0_7797_12,5yu8_C,5yu8_A,0.481870378502247,0.731265949577364,359,359,False
9y9m,9y9m_B,9y9m_C,0_7797_10,3j8a,0_7797_1,3j8a_A,3j8a_B,2.5814278011707046,58.329582709023555,356,356,True
9y9m,9y9m_B,9y9m_C,0_7797_10,3j8a,0_7797_0,3j8a_D,3j8a_A,2.5846435596537045,7.46067668616898,356,356,False
9y9m,9y9m_B,9y9m_C,0_7797_10,5yu8,0_7797_10,5yu8_B,5yu8_A,0.4779097513906028,0.8732912208887461,359,359,False
9y9m,9y9m_B,9y9m_C,0_7797_10,5yu8,0_7797_12,5yu8_C,5yu8_A,0.47791056272926796,54.50816889446783,359,359,False
9y9m,9y9m_B,9y9m_D,0_7797_12,3j8a,0_7797_1,3j8a_A,3j8a_B,2.5814278011707046,7.45229436097959,356,356,True
9y9m,9y9m_B,9y9m_D,0_7797_12,3j8a,0_7797_0,3j8a_D,3j8a_A,2.5846435596537045,50.30781046689304,356,356,False
9y9m,9y9m_B,9y9m_D,0_7797_12,5yu8,0_7797_10,5yu8_B,5yu8_A,0.4779097513906028,54.76674201542723,359,359,False
9y9m,9y9m_B,9y9m_D,0_7797_12,5yu8,0_7797_12,5yu8_C,5yu8_A,0.47791056272926796,1.0604917407289913,359,359,False
9y9m,9y9m_C,9y9m_D,0_7797_53,3j8a,0_7797_1,3j8a_A,3j8a_B,2.5426658018514505,58.504965440120316,356,356,True
9y9m,9y9m_C,9y9m_D,0_7797_53,3j8a,0_7797_0,3j8a_D,3j8a_A,2.5458750903432708,7.373186922582607,356,356,False
9y9m,9y9m_C,9y9m_D,0_7797_53,5yu8,0_7797_10,5yu8_B,5yu8_A,0.4955420962775134,1.318640286476531,359,359,False
9y9m,9y9m_C,9y9m_D,0_7797_53,5yu8,0_7797_12,5yu8_C,5yu8_A,0.4955487867865362,54.658945834036956,359,359,False
9y9m,9y9m_C,9y9m_E,0_7797_12,3j8a,0_7797_1,3j8a_A,3j8a_B,2.5426658018514505,7.427741112964997,356,356,True
9y9m,9y9m_C,9y9m_E,0_7797_12,3j8a,0_7797_0,3j8a_D,3j8a_A,2.5458750903432708,50.17531640940491,356,356,False
9y9m,9y9m_C,9y9m_E,0_7797_12,5yu8,0_7797_10,5yu8_B,5yu8_A,0.4955420962775134,54.6479221166325,359,359,False
9y9m,9y9m_C,9y9m_E,0_7797_12,5yu8,0_7797_12,5yu8_C,5yu8_A,0.4955487867865362,1.1725096119158482,359,359,False
9y9m,9y9m_D,9y9m_E,0_7797_53,3j8a,0_7797_1,3j8a_A,3j8a_B,2.385938806593174,58.382640049059674,356,356,True
9y9m,9y9m_D,9y9m_E,0_7797_53,3j8a,0_7797_0,3j8a_D,3j8a_A,2.388850981715666,7.283964173296981,356,356,False
9y9m,9y9m_D,9y9m_E,0_7797_53,5yu8,0_7797_10,5yu8_B,5yu8_A,0.8080715663756898,1.5037319985468753,359,359,False
9y9m,9y9m_D,9y9m_E,0_7797_53,5yu8,0_7797_12,5yu8_C,5yu8_A,0.808087469702784,54.50761672858616,359,359,False
9y9p,9y9p_A,9y9p_B,0_7797_10,3j8a,0_7797_1,3j8a_A,3j8a_B,2.5472256487442086,57.83777869205905,356,356,True
9y9p,9y9p_A,9y9p_B,0_7797_10,3j8a,0_7797_0,3j8a_D,3j8a_A,2.5509085834858065,7.0293729279978665,356,356,False
9y9p,9y9p_A,9y9p_B,0_7797_10,5yu8,0_7797_10,5yu8_B,5yu8_A,0.4109882020724514,0.4491822215086839,359,359,False
9y9p,9y9p_A,9y9p_B,0_7797_10,5yu8,0_7797_12,5yu8_C,5yu8_A,0.4109872384723735,54.09045108092623,359,359,False
9y9p,9y9p_A,9y9p_C,0_7797_12,3j8a,0_7797_1,3j8a_A,3j8a_B,2.5472256487442086,7.785683796523628,356,356,True
9y9p,9y9p_A,9y9p_C,0_7797_12,3j8a,0_7797_0,3j8a_D,3j8a_A,2.5509085834858065,49.90340105385456,356,356,False
9y9p,9y9p_A,9y9p_C,0_7797_12,5yu8,0_7797_10,5yu8_B,5yu8_A,0.4109882020724514,54.355621366624504,359,359,False
9y9p,9y9p_A,9y9p_C,0_7797_12,5yu8,0_7797_12,5yu8_C,5yu8_A,0.4109872384723735,0.44980814581989964,359,359,False
9y9p,9y9p_B,9y9p_C,0_7797_10,3j8a,0_7797_1,3j8a_A,3j8a_B,2.5471899704200687,57.83906652370027,356,356,True
9y9p,9y9p_B,9y9p_C,0_7797_10,3j8a,0_7797_0,3j8a_D,3j8a_A,2.5508716535281564,7.031574263204501,356,356,False
9y9p,9y9p_B,9y9p_C,0_7797_10,5yu8,0_7797_10,5yu8_B,5yu8_A,0.4109739039200435,0.44878964214813394,359,359,False
9y9p,9y9p_B,9y9p_C,0_7797_10,5yu8,0_7797_12,5yu8_C,5yu8_A,0.4109729357022378,54.091525416286295,359,359,False
9y9p,9y9p_B,9y9p_D,0_7797_12,3j8a,0_7797_1,3j8a_A,3j8a_B,2.5471899704200687,7.784056852427541,356,356,True
9y9p,9y9p_B,9y9p_D,0_7797_12,3j8a,0_7797_0,3j8a_D,3j8a_A,2.5508716535281564,49.90625674086225,356,356,False
9y9p,9y9p_B,9y9p_D,0_7797_12,5yu8,0_7797_10,5yu8_B,5yu8_A,0.4109739039200435,54.35877676349088,359,359,False
9y9p,9y9p_B,9y9p_D,0_7797_12,5yu8,0_7797_12,5yu8_C,5yu8_A,0.4109729357022378,0.4508851351068056,359,359,False
9y9p,9y9p_C,9y9p_D,0_7797_10,3j8a,0_7797_1,3j8a_A,3j8a_B,2.547143062437613,57.8443567819466,356,356,True
9y9p,9y9p_C,9y9p_D,0_7797_10,3j8a,0_7797_0,3j8a_D,3j8a_A,2.5508235763940204,7.037840971225956,356,356,False
9y9p,9y9p_C,9y9p_D,0_7797_10,5yu8,0_7797_10,5yu8_B,5yu8_A,0.41098320201355537,0.4463794670882912,359,359,False
9y9p,9y9p_C,9y9p_D,0_7797_10,5yu8,0_7797_12,5yu8_C,5yu8_A,0.41098222498365117,54.09635658221597,359,359,False
9y9p,9y9p_C,9y9p_E,0_7797_12,3j8a,0_7797_1,3j8a_A,3j8a_B,2.547143062437613,7.7863023126139295,356,356,True
9y9p,9y9p_C,9y9p_E,0_7797_12,3j8a,0_7797_0,3j8a_D,3j8a_A,2.5508235763940204,49.905871357602514,356,356,False
9y9p,9y9p_C,9y9p_E,0_7797_12,5yu8,0_7797_10,5yu8_B,5yu8_A,0.41098320201355537,54.35826576488258,359,359,False
9y9p,9y9p_C,9y9p_E,0_7797_12,5yu8,0_7797_12,5yu8_C,5yu8_A,0.41098222498365117,0.45037926384207116,359,359,False
9y9p,9y9p_D,9y9p_E,0_7797_10,3j8a,0_7797_1,3j8a_A,3j8a_B,2.5471816139769397,57.85047308387261,356,356,True
9y9p,9y9p_D,9y9p_E,0_7797_10,3j8a,0_7797_0,3j8a_D,3j8a_A,2.5508632011289536,7.043883086234314,356,356,False
9y9p,9y9p_D,9y9p_E,0_7797_10,5yu8,0_7797_10,5yu8_B,5yu8_A,0.4109787798161879,0.44453657087121484,359,359,False
9y9p,9y9p_D,9y9p_E,0_7797_10,5yu8,0_7797_12,5yu8_C,5yu8_A,0.41097782100642866,54.101675415811144,359,359,False
9yim,9yim_A,9yim_B,0_7797_0,3j8a,0_7797_1,3j8a_A,3j8a_B,1.022470928639804,53.279172770005765,366,366,True
9yim,9yim_A,9yim_B,0_7797_0,3j8a,0_7797_0,3j8a_D,3j8a_A,1.0360388736462711,1.1616481150191378,366,366,False
9yim,9yim_A,9yim_B,0_7797_0,5yu8,0_7797_10,5yu8_B,5yu8_A,2.6338547628018416,7.75726659611535,360,360,False
9yim,9yim_A,9yim_B,0_7797_0,5yu8,0_7797_12,5yu8_C,5yu8_A,2.633882288676997,49.28469190977677,360,360,False
9yim,9yim_A,9yim_C,0_7797_1,3j8a,0_7797_1,3j8a_A,3j8a_B,1.022470928639804,1.1667231289753808,366,366,True
9yim,9yim_A,9yim_C,0_7797_1,3j8a,0_7797_0,3j8a_D,3j8a_A,1.0360388736462711,53.71671562230347,366,366,False
9yim,9yim_A,9yim_C,0_7797_1,5yu8,0_7797_10,5yu8_B,5yu8_A,2.6338547628018416,58.25206332876377,360,360,False
9yim,9yim_A,9yim_C,0_7797_1,5yu8,0_7797_12,5yu8_C,5yu8_A,2.633882288676997,8.244112903862181,360,360,False
9yim,9yim_B,9yim_C,0_7797_0,3j8a,0_7797_1,3j8a_A,3j8a_B,1.0354276543908791,53.25638291064176,366,366,True
9yim,9yim_B,9yim_C,0_7797_0,3j8a,0_7797_0,3j8a_D,3j8a_A,1.048969779632927,1.1628585645932996,366,366,False
9yim,9yim_B,9yim_C,0_7797_0,5yu8,0_7797_10,5yu8_B,5yu8_A,2.6352240123878947,7.787483341445862,360,360,False
9yim,9yim_B,9yim_C,0_7797_0,5yu8,0_7797_12,5yu8_C,5yu8_A,2.6352508235957908,49.24559410951049,360,360,False
9yim,9yim_B,9yim_D,0_7797_1,3j8a,0_7797_1,3j8a_A,3j8a_B,1.0354276543908791,1.2041233555863553,366,366,True
9yim,9yim_B,9yim_D,0_7797_1,3j8a,0_7797_0,3j8a_D,3j8a_A,1.048969779632927,53.72985676205053,366,366,False
9yim,9yim_B,9yim_D,0_7797_1,5yu8,0_7797_10,5yu8_B,5yu8_A,2.6352240123878947,58.286703848067205,360,360,False
9yim,9yim_B,9yim_D,0_7797_1,5yu8,0_7797_12,5yu8_C,5yu8_A,2.6352508235957908,8.332361114493331,360,360,False
9yim,9yim_C,9yim_D,0_7797_0,3j8a,0_7797_1,3j8a_A,3j8a_B,1.0306591557977165,53.35857501262851,366,366,True
9yim,9yim_C,9yim_D,0_7797_0,3j8a,0_7797_0,3j8a_D,3j8a_A,1.0444127856951266,1.1422609620371074,366,366,False
9yim,9yim_C,9yim_D,0_7797_0,5yu8,0_7797_10,5yu8_B,5yu8_A,2.634363067170359,7.600632738782075,360,360,False
9yim,9yim_C,9yim_D,0_7797_0,5yu8,0_7797_12,5yu8_C,5yu8_A,2.634390657669948,49.34839112588541,360,360,False
9yim,9yim_C,9yim_E,0_7797_1,3j8a,0_7797_1,3j8a_A,3j8a_B,1.0306591557977165,1.3926996081243797,366,366,True
9yim,9yim_C,9yim_E,0_7797_1,3j8a,0_7797_0,3j8a_D,3j8a_A,1.0444127856951266,53.91875130358257,366,366,False
9yim,9yim_C,9yim_E,0_7797_1,5yu8,0_7797_10,5yu8_B,5yu8_A,2.634363067170359,58.50873665124271,360,360,False
9yim,9yim_C,9yim_E,0_7797_1,5yu8,0_7797_12,5yu8_C,5yu8_A,2.634390657669948,8.536573934875268,360,360,False
9yim,9yim_D,9yim_E,0_7797_0,3j8a,0_7797_1,3j8a_A,3j8a_B,1.0410659458548102,53.88409708976275,366,366,True
9yim,9yim_D,9yim_E,0_7797_0,3j8a,0_7797_0,3j8a_D,3j8a_A,1.0578282330150515,1.4259001645100733,366,366,False
9yim,9yim_D,9yim_E,0_7797_0,5yu8,0_7797_10,5yu8_B,5yu8_A,2.6282598199658365,6.983671161038658,360,360,False
9yim,9yim_D,9yim_E,0_7797_0,5yu8,0_7797_12,5yu8_C,5yu8_A,2.6282871633314833,49.86381307688149,360,360,False
9zbl,9zbl_A,9zbl_B,0_7797_0,3j8a,0_7797_1,3j8a_A,3j8a_B,1.0582246506945694,53.14926825356648,366,366,False
9zbl,9zbl_A,9zbl_B,0_7797_0,3j8a,0_7797_0,3j8a_D,3j8a_A,1.0582246506945694,1.165157569603563,366,366,True
9zbl,9zbl_A,9zbl_B,0_7797_0,5yu8,0_7797_10,5yu8_B,5yu8_A,2.603896004312686,8.260810882231167,360,360,True
9zbl,9zbl_A,9zbl_B,0_7797_0,5yu8,0_7797_12,5yu8_C,5yu8_A,2.603896004312686,55.282723277005076,360,360,True
9zbl,9zbl_A,9zbl_C,0_7797_1,3j8a,0_7797_1,3j8a_A,3j8a_B,1.0582246506945694,1.184729088019888,366,366,False
9zbl,9zbl_A,9zbl_C,0_7797_1,3j8a,0_7797_0,3j8a_D,3j8a_A,1.0582246506945694,53.741232377296114,366,366,True
9zbl,9zbl_A,9zbl_C,0_7797_1,5yu8,0_7797_10,5yu8_B,5yu8_A,2.603896004312686,52.52046343147833,360,360,True
9zbl,9zbl_A,9zbl_C,0_7797_1,5yu8,0_7797_12,5yu8_C,5yu8_A,2.603896004312686,6.386641635561429,360,360,True
9zbl,9zbl_B,9zbl_C,0_7797_0,3j8a,0_7797_1,3j8a_A,3j8a_B,1.0598817779439749,53.136726935423496,366,366,False
9zbl,9zbl_B,9zbl_C,0_7797_0,3j8a,0_7797_0,3j8a_D,3j8a_A,1.0598817779439749,1.1648430170643205,366,366,True
9zbl,9zbl_B,9zbl_C,0_7797_0,5yu8,0_7797_10,5yu8_B,5yu8_A,2.6000530439353686,8.25105218592485,360,360,True
9zbl,9zbl_B,9zbl_C,0_7797_0,5yu8,0_7797_12,5yu8_C,5yu8_A,2.6000530439353686,55.26526464310818,360,360,True
9zbl,9zbl_B,9zbl_D,0_7797_1,3j8a,0_7797_1,3j8a_A,3j8a_B,1.0598817779439749,1.1899864257578494,366,366,False
9zbl,9zbl_B,9zbl_D,0_7797_1,3j8a,0_7797_0,3j8a_D,3j8a_A,1.0598817779439749,53.73387186123105,366,366,True
9zbl,9zbl_B,9zbl_D,0_7797_1,5yu8,0_7797_10,5yu8_B,5yu8_A,2.6000530439353686,52.52592093620362,360,360,True
9zbl,9zbl_B,9zbl_D,0_7797_1,5yu8,0_7797_12,5yu8_C,5yu8_A,2.6000530439353686,6.4083992594215555,360,360,True
9zbl,9zbl_C,9zbl_D,0_7797_0,3j8a,0_7797_1,3j8a_A,3j8a_B,1.056104349050406,53.141881954535414,366,366,False
9zbl,9zbl_C,9zbl_D,0_7797_0,3j8a,0_7797_0,3j8a_D,3j8a_A,1.056104349050406,1.1569924008615706,366,366,True
9zbl,9zbl_C,9zbl_D,0_7797_0,5yu8,0_7797_10,5yu8_B,5yu8_A,2.6019535759667125,8.238292312080208,360,360,True
9zbl,9zbl_C,9zbl_D,0_7797_0,5yu8,0_7797_12,5yu8_C,5yu8_A,2.6019535759667125,55.27709607751244,360,360,True
9zbl,9zbl_C,9zbl_E,0_7797_1,3j8a,0_7797_1,3j8a_A,3j8a_B,1.056104349050406,1.1758893008656661,366,366,False
9zbl,9zbl_C,9zbl_E,0_7797_1,3j8a,0_7797_0,3j8a_D,3j8a_A,1.056104349050406,53.73032072322502,366,366,True
9zbl,9zbl_C,9zbl_E,0_7797_1,5yu8,0_7797_10,5yu8_B,5yu8_A,2.6019535759667125,52.50694589319222,360,360,True
9zbl,9zbl_C,9zbl_E,0_7797_1,5yu8,0_7797_12,5yu8_C,5yu8_A,2.6019535759667125,6.3832781766160345,360,360,True
9zbl,9zbl_D,9zbl_E,0_7797_0,3j8a,0_7797_1,3j8a_A,3j8a_B,1.0541672208227544,53.15315153657346,366,366,False
9zbl,9zbl_D,9zbl_E,0_7797_0,3j8a,0_7797_0,3j8a_D,3j8a_A,1.0541672208227544,1.1587293796900726,366,366,True
9zbl,9zbl_D,9zbl_E,0_7797_0,5yu8,0_7797_10,5yu8_B,5yu8_A,2.599202353822372,8.246575853770816,360,360,True
9zbl,9zbl_D,9zbl_E,0_7797_0,5yu8,0_7797_12,5yu8_C,5yu8_A,2.599202353822372,55.28055760465416,360,360,True
9zbl,9zbl_D,9zbl_F,0_7797_1,3j8a,0_7797_1,3j8a_A,3j8a_B,1.0541672208227544,1.1814201025179651,366,366,False
9zbl,9zbl_D,9zbl_F,0_7797_1,3j8a,0_7797_0,3j8a_D,3j8a_A,1.0541672208227544,53.72436715273427,366,366,True
9zbl,9zbl_D,9zbl_F,0_7797_1,5yu8,0_7797_10,5yu8_B,5yu8_A,2.599202353822372,52.51207521475266,360,360,True
9zbl,9zbl_D,9zbl_F,0_7797_1,5yu8,0_7797_12,5yu8_C,5yu8_A,2.599202353822372,6.392630329010957,360,360,True
9zbl,9zbl_E,9zbl_F,0_7797_0,3j8a,0_7797_1,3j8a_A,3j8a_B,1.054356742715527,53.14808356296049,366,366,False
9zbl,9zbl_E,9zbl_F,0_7797_0,3j8a,0_7797_0,3j8a_D,3j8a_A,1.054356742715527,1.161494392278384,366,366,True
9zbl,9zbl_E,9zbl_F,0_7797_0,5yu8,0_7797_10,5yu8_B,5yu8_A,2.609179831039864,8.247671832014406,360,360,True
9zbl,9zbl_E,9zbl_F,0_7797_0,5yu8,0_7797_12,5yu8_C,5yu8_A,2.609179831039864,55.28016631039187,360,360,True
9zbp,9zbp_A,9zbp_B,0_7797_0,3j8a,0_7797_1,3j8a_A,3j8a_B,1.080414689388635,53.112717948594515,366,366,False
9zbp,9zbp_A,9zbp_B,0_7797_0,3j8a,0_7797_0,3j8a_D,3j8a_A,1.080414689388635,1.169799728261169,366,366,True
9zbp,9zbp_A,9zbp_B,0_7797_0,5yu8,0_7797_10,5yu8_B,5yu8_A,2.601678881780165,8.27725734199074,360,360,True
9zbp,9zbp_A,9zbp_B,0_7797_0,5yu8,0_7797_12,5yu8_C,5yu8_A,2.601678881780165,55.24949559662924,360,360,True
9zbp,9zbp_A,9zbp_C,0_7797_1,3j8a,0_7797_1,3j8a_A,3j8a_B,1.080414689388635,1.1281205287834535,366,366,False
9zbp,9zbp_A,9zbp_C,0_7797_1,3j8a,0_7797_0,3j8a_D,3j8a_A,1.080414689388635,53.54267218832184,366,366,True
9zbp,9zbp_A,9zbp_C,0_7797_1,5yu8,0_7797_10,5yu8_B,5yu8_A,2.601678881780165,52.32463302149857,360,360,True
9zbp,9zbp_A,9zbp_C,0_7797_1,5yu8,0_7797_12,5yu8_C,5yu8_A,2.601678881780165,6.39880108370752,360,360,True
9zbp,9zbp_B,9zbp_C,0_7797_0,3j8a,0_7797_1,3j8a_A,3j8a_B,1.0807212331723581,53.08395659516532,366,366,False
9zbp,9zbp_B,9zbp_C,0_7797_0,3j8a,0_7797_0,3j8a_D,3j8a_A,1.0807212331723581,1.176722008372539,366,366,True
9zbp,9zbp_B,9zbp_C,0_7797_0,5yu8,0_7797_10,5yu8_B,5yu8_A,2.6050542360071365,8.247785231301352,360,360,True
9zbp,9zbp_B,9zbp_C,0_7797_0,5yu8,0_7797_12,5yu8_C,5yu8_A,2.6050542360071365,55.22054622032099,360,360,True
9zbp,9zbp_B,9zbp_D,0_7797_1,3j8a,0_7797_1,3j8a_A,3j8a_B,1.0807212331723581,1.1430796007502082,366,366,False
9zbp,9zbp_B,9zbp_D,0_7797_1,3j8a,0_7797_0,3j8a_D,3j8a_A,1.0807212331723581,53.5554586582678,366,366,True
9zbp,9zbp_B,9zbp_D,0_7797_1,5yu8,0_7797_10,5yu8_B,5yu8_A,2.6050542360071365,52.33082319462383,360,360,True
9zbp,9zbp_B,9zbp_D,0_7797_1,5yu8,0_7797_12,5yu8_C,5yu8_A,2.6050542360071365,6.383275255553186,360,360,True
9zbp,9zbp_C,9zbp_D,0_7797_0,3j8a,0_7797_1,3j8a_A,3j8a_B,1.0778502655291886,53.1099628445036,366,366,False
9zbp,9zbp_C,9zbp_D,0_7797_0,3j8a,0_7797_0,3j8a_D,3j8a_A,1.0778502655291886,1.1645795251434112,366,366,True
9zbp,9zbp_C,9zbp_D,0_7797_0,5yu8,0_7797_10,5yu8_B,5yu8_A,2.6011155372211845,8.250191721269056,360,360,True
9zbp,9zbp_C,9zbp_D,0_7797_0,5yu8,0_7797_12,5yu8_C,5yu8_A,2.6011155372211845,55.23273935634037,360,360,True
9zbp,9zbp_C,9zbp_E,0_7797_1,3j8a,0_7797_1,3j8a_A,3j8a_B,1.0778502655291886,1.1239398117392423,366,366,False
9zbp,9zbp_C,9zbp_E,0_7797_1,3j8a,0_7797_0,3j8a_D,3j8a_A,1.0778502655291886,53.53464747327691,366,366,True
9zbp,9zbp_C,9zbp_E,0_7797_1,5yu8,0_7797_10,5yu8_B,5yu8_A,2.6011155372211845,52.31788859264738,360,360,True
9zbp,9zbp_C,9zbp_E,0_7797_1,5yu8,0_7797_12,5yu8_C,5yu8_A,2.6011155372211845,6.3722190610250635,360,360,True
9zbp,9zbp_D,9zbp_E,0_7797_0,3j8a,0_7797_1,3j8a_A,3j8a_B,1.0774172243455855,53.10737744894847,366,366,False
9zbp,9zbp_D,9zbp_E,0_7797_0,3j8a,0_7797_0,3j8a_D,3j8a_A,1.0774172243455855,1.1699261906429936,366,366,True
9zbp,9zbp_D,9zbp_E,0_7797_0,5yu8,0_7797_10,5yu8_B,5yu8_A,2.597062256069909,8.268767884315961,360,360,True
9zbp,9zbp_D,9zbp_E,0_7797_0,5yu8,0_7797_12,5yu8_C,5yu8_A,2.597062256069909,55.231198614978325,360,360,True
9zbp,9zbp_D,9zbp_F,0_7797_1,3j8a,0_7797_1,3j8a_A,3j8a_B,1.0774172243455855,1.1325953755176368,366,366,False
9zbp,9zbp_D,9zbp_F,0_7797_1,3j8a,0_7797_0,3j8a_D,3j8a_A,1.0774172243455855,53.53670832766701,366,366,True
9zbp,9zbp_D,9zbp_F,0_7797_1,5yu8,0_7797_10,5yu8_B,5yu8_A,2.597062256069909,52.33195426903078,360,360,True
9zbp,9zbp_D,9zbp_F,0_7797_1,5yu8,0_7797_12,5yu8_C,5yu8_A,2.597062256069909,6.380064645269838,360,360,True
9zbp,9zbp_E,9zbp_F,0_7797_0,3j8a,0_7797_1,3j8a_A,3j8a_B,1.0762171110648757,53.09409647230547,366,366,False
9zbp,9zbp_E,9zbp_F,0_7797_0,3j8a,0_7797_0,3j8a_D,3j8a_A,1.0762171110648757,1.184585661085627,366,366,True
9zbp,9zbp_E,9zbp_F,0_7797_0,5yu8,0_7797_10,5yu8_B,5yu8_A,2.6105627935566367,8.275801349256843,360,360,True
9zbp,9zbp_E,9zbp_F,0_7797_0,5yu8,0_7797_12,5yu8_C,5yu8_A,2.6105627935566367,55.229053960556826,360,360,True
9zzi,9zzi_A,9zzi_B,0_7797_0,3j8a,0_7797_1,3j8a_A,3j8a_B,1.0940882722698555,53.0746101718315,366,366,True
9zzi,9zzi_A,9zzi_B,0_7797_0,3j8a,0_7797_0,3j8a_D,3j8a_A,1.1109845598691654,1.247500856967045,366,366,False
9zzi,9zzi_A,9zzi_B,0_7797_0,5yu8,0_7797_10,5yu8_B,5yu8_A,2.658118164144959,7.8433370697878715,360,360,False
9zzi,9zzi_A,9zzi_B,0_7797_0,5yu8,0_7797_12,5yu8_C,5yu8_A,2.6581457053398765,49.105459451876854,360,360,False
9zzi,9zzi_A,9zzi_C,0_7797_1,3j8a,0_7797_1,3j8a_A,3j8a_B,1.0940882722698555,1.2038219840625484,366,366,True
9zzi,9zzi_A,9zzi_C,0_7797_1,3j8a,0_7797_0,3j8a_D,3j8a_A,1.1109845598691654,53.56088801896473,366,366,False
9zzi,9zzi_A,9zzi_C,0_7797_1,5yu8,0_7797_10,5yu8_B,5yu8_A,2.658118164144959,58.108740142896856,360,360,False
9zzi,9zzi_A,9zzi_C,0_7797_1,5yu8,0_7797_12,5yu8_C,5yu8_A,2.6581457053398765,8.237920267082341,360,360,False
9zzi,9zzi_B,9zzi_C,0_7797_0,3j8a,0_7797_1,3j8a_A,3j8a_B,1.0940949627860386,53.076340779650664,366,366,True
9zzi,9zzi_B,9zzi_C,0_7797_0,3j8a,0_7797_0,3j8a_D,3j8a_A,1.1109868591020835,1.2468380190193842,366,366,False
9zzi,9zzi_B,9zzi_C,0_7797_0,5yu8,0_7797_10,5yu8_B,5yu8_A,2.6581239449691663,7.845332140291103,360,360,False
9zzi,9zzi_B,9zzi_C,0_7797_0,5yu8,0_7797_12,5yu8_C,5yu8_A,2.6581514845391205,49.10694691881771,360,360,False
9zzi,9zzi_B,9zzi_D,0_7797_1,3j8a,0_7797_1,3j8a_A,3j8a_B,1.0940949627860386,1.203755364602458,366,366,True
9zzi,9zzi_B,9zzi_D,0_7797_1,3j8a,0_7797_0,3j8a_D,3j8a_A,1.1109868591020835,53.56648714654505,366,366,False
9zzi,9zzi_B,9zzi_D,0_7797_1,5yu8,0_7797_10,5yu8_B,5yu8_A,2.6581239449691663,58.114805309591986,360,360,False
9zzi,9zzi_B,9zzi_D,0_7797_1,5yu8,0_7797_12,5yu8_C,5yu8_A,2.6581514845391205,8.242961381385502,360,360,False
9zzi,9zzi_C,9zzi_D,0_7797_0,3j8a,0_7797_1,3j8a_A,3j8a_B,1.0940740335890136,53.0533590234757,366,366,True
9zzi,9zzi_C,9zzi_D,0_7797_0,3j8a,0_7797_0,3j8a_D,3j8a_A,1.1109649360482927,1.2573574791851228,366,366,False
9zzi,9zzi_C,9zzi_D,0_7797_0,5yu8,0_7797_10,5yu8_B,5yu8_A,2.658104580253657,7.87120512782802,360,360,False
9zzi,9zzi_C,9zzi_D,0_7797_0,5yu8,0_7797_12,5yu8_C,5yu8_A,2.6581321145899564,49.08350330953327,360,360,False
9zzi,9zzi_C,9zzi_E,0_7797_1,3j8a,0_7797_1,3j8a_A,3j8a_B,1.0940740335890136,1.2100710038931335,366,366,True
9zzi,9zzi_C,9zzi_E,0_7797_1,3j8a,0_7797_0,3j8a_D,3j8a_A,1.1109649360482927,53.583736955253684,366,366,False
9zzi,9zzi_C,9zzi_E,0_7797_1,5yu8,0_7797_10,5yu8_B,5yu8_A,2.658104580253657,58.13328281365011,360,360,False
9zzi,9zzi_C,9zzi_E,0_7797_1,5yu8,0_7797_12,5yu8_C,5yu8_A,2.6581321145899564,8.271538436622045,360,360,False
9zzi,9zzi_D,9zzi_E,0_7797_0,3j8a,0_7797_1,3j8a_A,3j8a_B,1.0940853159651895,53.07301370876642,366,366,True
9zzi,9zzi_D,9zzi_E,0_7797_0,3j8a,0_7797_0,3j8a_D,3j8a_A,1.1109765832328644,1.249240228791762,366,366,False
9zzi,9zzi_D,9zzi_E,0_7797_0,5yu8,0_7797_10,5yu8_B,5yu8_A,2.6580929411405254,7.847725507396562,360,360,False
9zzi,9zzi_D,9zzi_E,0_7797_0,5yu8,0_7797_12,5yu8_C,5yu8_A,2.65812047786058,49.1036752843548,360,360,False
9zzj,9zzj_A,9zzj_B,0_7797_37,3j8a,0_7797_1,3j8a_A,3j8a_B,2.09874881802645,54.67680162999185,355,366,True
9zzj,9zzj_A,9zzj_B,0_7797_37,3j8a,0_7797_0,3j8a_D,3j8a_A,2.1035511918854897,4.060713651992945,355,366,False
9zzj,9zzj_A,9zzj_B,0_7797_37,5yu8,0_7797_10,5yu8_B,5yu8_A,1.2643049114947165,6.04845596748596,354,360,False
9zzj,9zzj_A,9zzj_B,0_7797_37,5yu8,0_7797_12,5yu8_C,5yu8_A,1.2643212967597828,50.86778392928453,354,360,False
9zzj,9zzj_A,9zzj_C,0_7797_1,3j8a,0_7797_1,3j8a_A,3j8a_B,2.09874881802645,2.740796010120621,355,366,True
9zzj,9zzj_A,9zzj_C,0_7797_1,3j8a,0_7797_0,3j8a_D,3j8a_A,2.1035511918854897,52.44386775106846,355,366,False
9zzj,9zzj_A,9zzj_C,0_7797_1,5yu8,0_7797_10,5yu8_B,5yu8_A,1.2643049114947165,56.77500345949369,354,360,False
9zzj,9zzj_A,9zzj_C,0_7797_1,5yu8,0_7797_12,5yu8_C,5yu8_A,1.2643212967597828,6.530374305778368,354,360,False
9zzj,9zzj_B,9zzj_C,0_7797_0,3j8a,0_7797_1,3j8a_A,3j8a_B,1.6874222640182033,54.77444808602608,366,366,True
9zzj,9zzj_B,9zzj_C,0_7797_0,3j8a,0_7797_0,3j8a_D,3j8a_A,1.69605482237358,2.1464071832439915,366,366,False
9zzj,9zzj_B,9zzj_C,0_7797_0,5yu8,0_7797_10,5yu8_B,5yu8_A,2.113089811768989,6.55370865204791,360,360,False
9zzj,9zzj_B,9zzj_C,0_7797_0,5yu8,0_7797_12,5yu8_C,5yu8_A,2.1131201113547555,50.30510949966371,360,360,False
9zzj,9zzj_B,9zzj_D,0_7797_1,3j8a,0_7797_1,3j8a_A,3j8a_B,1.6874222640182033,2.6185309463483546,366,366,True
9zzj,9zzj_B,9zzj_D,0_7797_1,3j8a,0_7797_0,3j8a_D,3j8a_A,1.69605482237358,52.222402091294214,366,366,False
9zzj,9zzj_B,9zzj_D,0_7797_1,5yu8,0_7797_10,5yu8_B,5yu8_A,2.113089811768989,57.08449584319449,360,360,False
9zzj,9zzj_B,9zzj_D,0_7797_1,5yu8,0_7797_12,5yu8_C,5yu8_A,2.1131201113547555,6.860737629722916,360,360,False
9zzj,9zzj_C,9zzj_D,0_7797_0,3j8a,0_7797_1,3j8a_A,3j8a_B,1.0806800502651188,53.33419541429557,366,366,True
9zzj,9zzj_C,9zzj_D,0_7797_0,3j8a,0_7797_0,3j8a_D,3j8a_A,1.09621699609104,1.222034653006848,366,366,False
9zzj,9zzj_C,9zzj_D,0_7797_0,5yu8,0_7797_10,5yu8_B,5yu8_A,2.6720618681356774,7.800312048900003,360,360,False
9zzj,9zzj_C,9zzj_D,0_7797_0,5yu8,0_7797_12,5yu8_C,5yu8_A,2.6720920159728903,49.28621744491657,360,360,False
9zzj,9zzj_C,9zzj_E,0_7797_1,3j8a,0_7797_1,3j8a_A,3j8a_B,1.0806800502651188,1.1850899535939026,366,366,True
9zzj,9zzj_C,9zzj_E,0_7797_1,3j8a,0_7797_0,3j8a_D,3j8a_A,1.09621699609104,53.702502146668564,366,366,False
9zzj,9zzj_C,9zzj_E,0_7797_1,5yu8,0_7797_10,5yu8_B,5yu8_A,2.6720618681356774,58.28886481398708,360,360,False
9zzj,9zzj_C,9zzj_E,0_7797_1,5yu8,0_7797_12,5yu8_C,5yu8_A,2.6720920159728903,8.373128053024494,360,360,False
9zzj,9zzj_D,9zzj_E,0_7797_0,3j8a,0_7797_1,3j8a_A,3j8a_B,1.0582369497466377,53.286758926219605,366,366,True
9zzj,9zzj_D,9zzj_E,0_7797_0,3j8a,0_7797_0,3j8a_D,3j8a_A,1.0779547201588346,1.2524818479272524,366,366,False
9zzj,9zzj_D,9zzj_E,0_7797_0,5yu8,0_7797_10,5yu8_B,5yu8_A,2.6645871384287427,7.825083841528205,360,360,False
9zzj,9zzj_D,9zzj_E,0_7797_0,5yu8,0_7797_12,5yu8_C,5yu8_A,2.6646151156303914,49.26223301495615,360,360,False
9zzm,9zzm_A,9zzm_B,0_7797_54,3j8a,0_7797_1,3j8a_A,3j8a_B,2.227824547151525,55.097452013390914,366,366,True
9zzm,9zzm_A,9zzm_B,0_7797_54,3j8a,0_7797_0,3j8a_D,3j8a_A,2.2341580633830342,4.626767377268023,366,366,False
9zzm,9zzm_A,9zzm_B,0_7797_54,5yu8,0_7797_10,5yu8_B,5yu8_A,1.2992425899663025,6.672442281231848,360,360,False
9zzm,9zzm_A,9zzm_B,0_7797_54,5yu8,0_7797_12,5yu8_C,5yu8_A,1.2992642321730845,50.4994062710325,360,360,False
9zzm,9zzm_A,9zzm_C,0_7797_1,3j8a,0_7797_1,3j8a_A,3j8a_B,2.227824547151525,2.906813848634082,366,366,True
9zzm,9zzm_A,9zzm_C,0_7797_1,3j8a,0_7797_0,3j8a_D,3j8a_A,2.2341580633830342,52.10599997710549,366,366,False
9zzm,9zzm_A,9zzm_C,0_7797_1,5yu8,0_7797_10,5yu8_B,5yu8_A,1.2992425899663025,57.250868403804986,360,360,False
9zzm,9zzm_A,9zzm_C,0_7797_1,5yu8,0_7797_12,5yu8_C,5yu8_A,1.2992642321730845,7.231423424966295,360,360,False
9zzm,9zzm_B,9zzm_C,0_7797_0,3j8a,0_7797_1,3j8a_A,3j8a_B,1.6957919554902539,54.776352713431756,366,366,True
9zzm,9zzm_B,9zzm_C,0_7797_0,3j8a,0_7797_0,3j8a_D,3j8a_A,1.7079411597493255,2.1573826811269536,366,366,False
9zzm,9zzm_B,9zzm_C,0_7797_0,5yu8,0_7797_10,5yu8_B,5yu8_A,2.060185922605105,6.6964712620366855,360,360,False
9zzm,9zzm_B,9zzm_C,0_7797_0,5yu8,0_7797_12,5yu8_C,5yu8_A,2.060216248691076,50.17210552835948,360,360,False
9zzm,9zzm_B,9zzm_D,0_7797_1,3j8a,0_7797_1,3j8a_A,3j8a_B,1.6957919554902539,2.7451090421305757,366,366,True
9zzm,9zzm_B,9zzm_D,0_7797_1,3j8a,0_7797_0,3j8a_D,3j8a_A,1.7079411597493255,52.14161945105587,366,366,False
9zzm,9zzm_B,9zzm_D,0_7797_1,5yu8,0_7797_10,5yu8_B,5yu8_A,2.060185922605105,57.125229397494245,360,360,False
9zzm,9zzm_B,9zzm_D,0_7797_1,5yu8,0_7797_12,5yu8_C,5yu8_A,2.060216248691076,6.9195022972556055,360,360,False
9zzm,9zzm_B,9zzm_O,0_7797_55,3j8a,0_7797_1,3j8a_A,3j8a_B,1.7146335094206544,6.330794664050924,366,356,False
9zzm,9zzm_B,9zzm_O,0_7797_55,3j8a,0_7797_0,3j8a_D,3j8a_A,1.7146335094206544,56.78249169444984,366,356,True
9zzm,9zzm_B,9zzm_O,0_7797_55,5yu8,0_7797_10,5yu8_B,5yu8_A,2.0602047267337755,54.53428877879193,360,358,True
9zzm,9zzm_B,9zzm_O,0_7797_55,5yu8,0_7797_12,5yu8_C,5yu8_A,2.0602047267337755,2.8462377082860244,360,358,True
9zzm,9zzm_C,9zzm_D,0_7797_0,3j8a,0_7797_1,3j8a_A,3j8a_B,1.0693625793561383,53.28394382470551,366,366,True
9zzm,9zzm_C,9zzm_D,0_7797_0,3j8a,0_7797_0,3j8a_D,3j8a_A,1.0846190142114898,1.2064282834682523,366,366,False
9zzm,9zzm_C,9zzm_D,0_7797_0,5yu8,0_7797_10,5yu8_B,5yu8_A,2.601948698177177,7.783386689413754,360,360,False
9zzm,9zzm_C,9zzm_D,0_7797_0,5yu8,0_7797_12,5yu8_C,5yu8_A,2.601977316557564,49.267537813337206,360,360,False
9zzm,9zzm_C,9zzm_E,0_7797_1,3j8a,0_7797_1,3j8a_A,3j8a_B,1.0693625793561383,1.157341225206544,366,366,True
9zzm,9zzm_C,9zzm_E,0_7797_1,3j8a,0_7797_0,3j8a_D,3j8a_A,1.0846190142114898,53.660286703523816,366,366,False
9zzm,9zzm_C,9zzm_E,0_7797_1,5yu8,0_7797_10,5yu8_B,5yu8_A,2.601948698177177,58.212686825555885,360,360,False
9zzm,9zzm_C,9zzm_E,0_7797_1,5yu8,0_7797_12,5yu8_C,5yu8_A,2.601977316557564,8.372646681709094,360,360,False
9zzm,9zzm_D,9zzm_E,0_7797_0,3j8a,0_7797_1,3j8a_A,3j8a_B,1.0632648701756267,53.31927176764499,366,366,True
9zzm,9zzm_D,9zzm_E,0_7797_0,3j8a,0_7797_0,3j8a_D,3j8a_A,1.0814431536916842,1.2219310854849024,366,366,False
9zzm,9zzm_D,9zzm_E,0_7797_0,5yu8,0_7797_10,5yu8_B,5yu8_A,2.657287647540082,7.774116672064895,360,360,False
9zzm,9zzm_D,9zzm_E,0_7797_0,5yu8,0_7797_12,5yu8_C,5yu8_A,2.6573161538526784,49.284794278170835,360,360,False
