gene_PL,gene_population,ABP,shared_substitutions,cross_gene_positions_total,footprint_positions,shared_substitutions_in_footprint,cross_gene_positions_in_footprint,fraction_cross_gene_positions_contacted,fraction_footprint_positions_cross_gene,mean_ASA_at_cross_gene_positions,positions_contributing_to_ASA,observed_chain_position_records,contacted_P60709_positions,footprint_P60709_positions
ACTA1,ACTA2,Actin-interacting protein 1,10,10,82,2,2,0.2,0.024390243902439025,7.4,2,9,307; 367,37; 38; 39; 40; 41; 43; 44; 45; 46; 47; 48; 49; 50; 51; 52; 53; 64; 66; 68; 78; 79; 80; 83; 84; 87; 118; 122; 125; 126; 128; 166; 167; 169; 221; 222; 224; 225; 226; 228; 229; 230; 232; 233; 234; 235; 238; 254; 276; 307; 308; 310; 311; 314; 315; 318; 319; 320; 321; 323; 324; 325; 326; 327; 328; 329; 330; 354; 355; 358; 360; 361; 362; 363; 364; 365; 366; 367; 368; 369; 372; 373; 375
ACTA1,ACTA2,Actin-related protein 2,10,10,52,2,2,0.2,0.038461538461538464,33.52,2,10,195; 266,38; 39; 40; 41; 42; 43; 44; 45; 46; 47; 48; 49; 50; 53; 60; 61; 62; 63; 64; 65; 66; 67; 188; 191; 192; 194; 195; 196; 197; 199; 200; 201; 202; 203; 204; 205; 208; 227; 230; 231; 241; 242; 243; 244; 245; 246; 247; 252; 266; 267; 268; 270
ACTA1,ACTA2,Actin-related protein 2/3 complex subunit 1,10,10,27,1,1,0.1,0.037037037037037035,4.55,1,2,352,4; 23; 24; 25; 44; 45; 46; 47; 48; 142; 143; 144; 145; 146; 147; 148; 333; 334; 340; 341; 344; 345; 348; 349; 350; 351; 352
ACTA1,ACTA2,Actin-related protein 2/3 complex subunit 1B,10,10,22,0,0,0.0,0.0,,0,0,,23; 24; 25; 44; 45; 46; 47; 48; 142; 143; 144; 145; 146; 147; 148; 341; 344; 345; 348; 349; 350; 351
ACTA1,ACTA2,Actin-related protein 2/3 complex subunit 2,10,10,76,5,5,0.5,0.06578947368421052,24.288999999999998,5,15,114; 195; 198; 356; 367,4; 5; 6; 7; 8; 21; 22; 23; 24; 28; 46; 48; 49; 50; 51; 75; 76; 77; 79; 83; 87; 94; 95; 96; 99; 100; 101; 102; 113; 114; 115; 117; 118; 121; 122; 125; 130; 131; 195; 196; 197; 198; 228; 229; 231; 232; 233; 234; 235; 236; 237; 238; 239; 240; 241; 245; 246; 247; 248; 249; 254; 279; 283; 320; 321; 322; 323; 324; 351; 356; 362; 363; 364; 365; 366; 367
ACTA1,ACTA2,Actin-related protein 2/3 complex subunit 3,10,10,22,0,0,0.0,0.0,,0,0,,4; 5; 46; 47; 48; 49; 87; 91; 92; 95; 97; 99; 125; 126; 128; 350; 351; 353; 354; 355; 361; 373
ACTA1,ACTA2,Actin-related protein 2/3 complex subunit 4,10,10,30,0,0,0.0,0.0,,0,0,,21; 28; 50; 51; 52; 79; 80; 83; 84; 87; 90; 91; 92; 93; 94; 95; 96; 97; 98; 99; 100; 101; 118; 121; 122; 125; 126; 127; 128; 359
ACTA1,ACTA2,Actin-related protein 2/3 complex subunit 5-like protein,10,10,8,0,0,0.0,0.0,,0,0,,37; 38; 39; 40; 41; 51; 66; 68
ACTA1,ACTA2,Actin-related protein 3,10,10,76,2,2,0.2,0.02631578947368421,31.666666666666668,2,6,198; 367,37; 38; 39; 40; 41; 42; 43; 44; 45; 46; 47; 48; 49; 50; 51; 53; 60; 61; 62; 63; 64; 65; 117; 121; 124; 125; 128; 133; 143; 198; 200; 202; 204; 205; 208; 224; 227; 228; 230; 231; 232; 233; 234; 237; 238; 239; 240; 241; 242; 243; 244; 245; 246; 247; 248; 249; 346; 351; 354; 355; 359; 360; 361; 362; 363; 364; 365; 366; 367; 368; 369; 371; 372; 373; 374; 375
ACTA1,ACTA2,Adducin 1,10,10,88,2,2,0.2,0.022727272727272728,57.775000000000006,2,4,332; 352,4; 5; 6; 16; 21; 23; 24; 25; 26; 27; 28; 29; 30; 38; 39; 40; 41; 42; 43; 44; 45; 46; 47; 48; 49; 50; 51; 56; 93; 95; 96; 97; 100; 101; 133; 143; 144; 145; 146; 147; 148; 149; 166; 167; 168; 169; 173; 214; 215; 222; 224; 225; 228; 279; 280; 283; 284; 285; 286; 287; 288; 290; 292; 295; 296; 305; 332; 333; 334; 336; 337; 340; 341; 344; 345; 346; 348; 349; 350; 351; 352; 354; 355; 371; 372; 373; 374; 375
ACTA1,ACTA2,Adenylyl cyclase-associated protein 1,10,10,49,2,2,0.2,0.04081632653061224,21.525,2,4,195; 266,32; 40; 43; 44; 45; 46; 47; 48; 49; 50; 53; 56; 57; 59; 60; 61; 62; 63; 64; 65; 88; 91; 92; 93; 95; 188; 191; 195; 202; 203; 204; 205; 207; 208; 210; 211; 215; 240; 241; 242; 243; 244; 245; 256; 265; 266; 267; 268; 270
ACTA1,ACTA2,Afadin,10,10,10,0,0,0.0,0.0,,0,0,,6; 21; 22; 23; 24; 25; 28; 348; 349; 350
ACTA1,ACTA2,Alpha-catenin-like protein hmp-1,10,10,55,1,1,0.1,0.01818181818181818,26.26,1,5,332,21; 23; 24; 25; 26; 27; 28; 29; 30; 44; 45; 46; 47; 48; 49; 50; 51; 52; 53; 54; 57; 84; 87; 88; 91; 92; 93; 94; 95; 96; 97; 99; 100; 142; 143; 144; 145; 146; 147; 148; 296; 328; 330; 332; 333; 334; 336; 337; 341; 344; 345; 348; 349; 350; 351
ACTA1,ACTA2,Beta-adducin,10,10,132,6,6,0.6,0.045454545454545456,60.836666666666666,6,10,114; 195; 266; 332; 352; 367,5; 6; 16; 21; 23; 24; 25; 26; 27; 28; 29; 30; 38; 39; 40; 41; 42; 43; 44; 45; 46; 47; 48; 49; 50; 51; 56; 95; 96; 97; 100; 101; 113; 114; 117; 118; 121; 124; 125; 126; 128; 133; 143; 144; 145; 146; 147; 148; 149; 167; 168; 169; 172; 188; 195; 196; 214; 223; 224; 227; 228; 230; 231; 232; 233; 234; 236; 237; 251; 252; 253; 256; 263; 265; 266; 279; 283; 287; 288; 290; 291; 292; 295; 296; 305; 310; 311; 314; 318; 319; 320; 321; 322; 323; 324; 326; 327; 328; 329; 330; 331; 332; 333; 334; 336; 337; 338; 340; 341; 344; 345; 346; 348; 349; 350; 351; 352; 354; 355; 359; 362; 363; 364; 365; 366; 367; 368; 371; 372; 373; 374; 375
ACTA1,ACTA2,Catenin alpha-1,10,10,78,1,1,0.1,0.01282051282051282,33.80833333333333,1,12,332,21; 23; 24; 25; 26; 27; 28; 29; 30; 44; 45; 46; 47; 48; 49; 50; 51; 52; 53; 56; 57; 59; 60; 61; 62; 84; 87; 91; 92; 93; 94; 95; 96; 97; 99; 126; 127; 142; 143; 144; 145; 146; 147; 148; 149; 167; 169; 211; 215; 216; 238; 239; 240; 241; 242; 243; 247; 288; 291; 296; 305; 324; 328; 329; 330; 331; 332; 333; 334; 336; 337; 341; 344; 345; 348; 349; 350; 351
ACTA1,ACTA2,Cell invasion protein SipA,10,10,134,6,6,0.6,0.04477611940298507,48.029160731244055,6,124,114; 195; 198; 266; 352; 367,37; 38; 39; 40; 41; 42; 43; 44; 45; 46; 47; 48; 49; 51; 66; 67; 68; 69; 70; 71; 72; 73; 75; 76; 77; 78; 79; 80; 83; 84; 112; 113; 114; 117; 118; 121; 125; 126; 133; 139; 143; 158; 169; 170; 172; 173; 179; 183; 184; 187; 195; 196; 197; 198; 199; 200; 201; 202; 203; 204; 205; 206; 208; 222; 223; 224; 225; 227; 228; 230; 231; 232; 233; 234; 237; 239; 242; 243; 244; 246; 247; 248; 249; 251; 252; 253; 256; 263; 265; 266; 267; 268; 269; 270; 271; 275; 276; 279; 280; 283; 284; 285; 286; 287; 288; 290; 312; 315; 316; 318; 319; 320; 321; 322; 323; 346; 351; 352; 354; 355; 361; 362; 363; 364; 365; 366; 367; 368; 369; 371; 372; 373; 374; 375
ACTA1,ACTA2,Cofilin,10,10,82,2,2,0.2,0.024390243902439025,70.578125,2,64,332; 352,16; 23; 24; 25; 26; 27; 28; 29; 30; 31; 32; 46; 47; 48; 49; 50; 53; 56; 57; 59; 60; 61; 88; 91; 92; 93; 94; 95; 96; 97; 100; 133; 134; 135; 136; 139; 140; 143; 144; 145; 146; 147; 148; 149; 157; 166; 167; 168; 169; 207; 210; 211; 214; 215; 288; 291; 292; 296; 305; 326; 328; 330; 331; 332; 333; 334; 336; 337; 338; 341; 342; 344; 345; 346; 348; 349; 350; 351; 352; 354; 355; 375
ACTA1,ACTA2,Cofilin (UNC-60B),10,10,71,2,2,0.2,0.028169014084507043,77.94166666666666,2,12,332; 352,16; 23; 25; 26; 27; 28; 29; 30; 31; 32; 47; 49; 50; 53; 56; 57; 59; 60; 61; 91; 92; 93; 94; 95; 96; 97; 100; 133; 135; 139; 140; 143; 144; 145; 146; 147; 148; 149; 167; 168; 169; 207; 210; 211; 214; 215; 291; 296; 305; 326; 328; 330; 332; 333; 334; 336; 337; 338; 341; 342; 344; 345; 346; 348; 349; 350; 351; 352; 354; 355; 375
ACTA1,ACTA2,Cofilin-1,10,10,76,2,2,0.2,0.02631578947368421,68.57096774193548,2,62,332; 352,21; 23; 24; 25; 26; 27; 28; 29; 30; 31; 44; 45; 50; 51; 53; 56; 57; 60; 61; 87; 88; 91; 92; 93; 94; 95; 96; 97; 99; 100; 101; 133; 140; 142; 143; 144; 145; 146; 147; 148; 149; 166; 167; 168; 169; 214; 215; 288; 291; 292; 295; 296; 305; 326; 328; 330; 331; 332; 333; 334; 336; 337; 338; 341; 342; 343; 345; 346; 348; 349; 350; 351; 352; 354; 355; 375
ACTA1,ACTA2,Cofilin-2,10,10,77,2,2,0.2,0.025974025974025976,59.17570028011205,2,76,332; 352,4; 5; 21; 23; 24; 25; 26; 27; 28; 29; 30; 31; 50; 53; 56; 57; 60; 61; 88; 91; 92; 93; 94; 95; 96; 97; 99; 100; 101; 133; 134; 135; 136; 139; 140; 143; 144; 145; 146; 147; 148; 149; 166; 167; 168; 169; 214; 215; 291; 292; 295; 296; 305; 326; 328; 330; 331; 332; 333; 334; 336; 337; 338; 341; 342; 345; 346; 348; 349; 350; 351; 352; 353; 354; 355; 374; 375
ACTA1,ACTA2,"Coronin-1B,Methylated-DNA--protein-cysteine methyltransferase",10,10,98,4,4,0.4,0.04081632653061224,35.92271564327485,4,73,114; 198; 356; 367,6; 37; 38; 39; 40; 41; 42; 49; 50; 51; 52; 66; 68; 75; 76; 77; 78; 79; 80; 81; 83; 84; 87; 91; 92; 95; 96; 97; 99; 100; 101; 102; 114; 115; 117; 118; 121; 122; 124; 125; 126; 127; 128; 130; 131; 169; 196; 198; 222; 224; 225; 230; 231; 232; 233; 234; 235; 237; 239; 246; 247; 248; 249; 250; 251; 252; 265; 270; 279; 315; 316; 318; 319; 320; 321; 322; 323; 350; 351; 353; 354; 355; 356; 357; 358; 359; 360; 361; 362; 363; 364; 365; 366; 367; 368; 369; 372; 373
ACTA1,ACTA2,Dematin actin binding protein,10,10,125,5,5,0.5,0.04,55.682380952380946,5,21,266; 307; 332; 356; 367,2; 3; 4; 5; 6; 21; 22; 23; 24; 25; 26; 27; 28; 38; 39; 40; 41; 42; 43; 44; 45; 46; 47; 48; 49; 50; 51; 95; 96; 97; 99; 100; 101; 102; 121; 125; 130; 131; 133; 143; 144; 145; 146; 147; 168; 169; 172; 215; 216; 218; 219; 221; 222; 223; 224; 226; 229; 230; 231; 232; 233; 234; 235; 237; 238; 239; 240; 241; 247; 249; 259; 262; 263; 264; 265; 266; 268; 269; 270; 271; 272; 273; 275; 276; 305; 307; 308; 312; 315; 316; 318; 319; 320; 330; 332; 333; 334; 337; 340; 341; 344; 345; 347; 348; 350; 351; 353; 354; 355; 356; 358; 359; 360; 361; 362; 363; 364; 365; 366; 367; 371; 372; 373; 374; 375
ACTA1,ACTA2,Epididymis secretory protein Li 37,10,10,43,0,0,0.0,0.0,,0,0,,23; 24; 25; 44; 45; 46; 47; 48; 49; 50; 51; 52; 53; 54; 56; 57; 61; 84; 87; 88; 91; 92; 93; 95; 96; 97; 98; 99; 100; 143; 144; 146; 147; 148; 167; 334; 341; 344; 345; 348; 349; 350; 351
ACTA1,ACTA2,F-actin-capping protein subunit alpha-1,10,10,46,2,2,0.2,0.043478260869565216,51.854166666666664,2,7,266; 352,116; 133; 139; 143; 146; 147; 148; 166; 167; 168; 169; 170; 171; 172; 173; 263; 265; 266; 268; 269; 270; 271; 272; 283; 284; 285; 286; 287; 288; 289; 290; 342; 345; 346; 349; 350; 351; 352; 354; 355; 369; 371; 372; 373; 374; 375
ACTA1,ACTA2,F-actin-capping protein subunit beta,10,10,45,1,1,0.1,0.022222222222222223,99.1,1,4,352,113; 133; 139; 142; 143; 146; 147; 148; 166; 167; 168; 169; 173; 176; 224; 272; 276; 279; 280; 283; 284; 285; 286; 287; 288; 290; 320; 345; 346; 348; 349; 350; 351; 352; 354; 355; 364; 365; 368; 369; 371; 372; 373; 374; 375
ACTA1,ACTA2,Filamin-A,10,10,58,0,0,0.0,0.0,,0,0,,21; 24; 25; 26; 27; 28; 29; 30; 31; 44; 45; 46; 47; 48; 49; 50; 52; 53; 54; 56; 57; 60; 61; 83; 84; 87; 88; 91; 92; 93; 94; 95; 96; 97; 98; 100; 126; 142; 143; 144; 145; 146; 147; 148; 149; 167; 333; 334; 335; 336; 337; 341; 345; 348; 349; 350; 351; 354
ACTA1,ACTA2,Gelsolin,10,10,119,3,3,0.3,0.025210084033613446,22.45,3,6,266; 332; 352,2; 3; 4; 22; 23; 24; 25; 26; 27; 28; 29; 30; 31; 37; 38; 39; 40; 41; 42; 43; 44; 45; 46; 47; 48; 49; 50; 51; 52; 54; 56; 57; 60; 61; 66; 68; 84; 87; 88; 91; 92; 93; 95; 96; 97; 98; 99; 100; 126; 127; 128; 133; 140; 142; 143; 144; 145; 146; 147; 148; 149; 166; 167; 168; 169; 221; 222; 223; 224; 259; 262; 263; 264; 265; 266; 269; 270; 271; 272; 273; 275; 276; 291; 292; 295; 296; 311; 312; 314; 315; 316; 318; 319; 326; 328; 329; 330; 332; 334; 337; 338; 340; 341; 342; 344; 345; 346; 348; 349; 350; 351; 352; 353; 354; 355; 372; 373; 374; 375
ACTA1,ACTA2,Inositol-trisphosphate 3-kinase A,10,10,37,1,1,0.1,0.02702702702702703,21.0,1,1,332,22; 23; 24; 25; 26; 44; 45; 46; 47; 48; 49; 50; 51; 53; 87; 91; 92; 142; 143; 144; 145; 146; 147; 148; 167; 332; 333; 334; 337; 340; 341; 344; 345; 348; 349; 350; 351
ACTA1,ACTA2,Inverted formin-2,10,10,112,5,5,0.5,0.044642857142857144,31.393333333333334,5,17,114; 332; 352; 356; 367,5; 6; 21; 22; 23; 24; 25; 26; 27; 28; 44; 45; 46; 47; 48; 49; 50; 79; 80; 83; 87; 91; 92; 93; 94; 95; 96; 98; 99; 101; 114; 117; 118; 121; 122; 124; 125; 126; 127; 128; 130; 131; 142; 143; 144; 145; 146; 147; 148; 149; 166; 167; 168; 169; 216; 229; 231; 232; 233; 234; 235; 237; 238; 239; 240; 241; 242; 243; 244; 245; 247; 249; 291; 292; 295; 296; 322; 323; 324; 325; 326; 327; 328; 330; 332; 334; 341; 344; 345; 346; 348; 349; 350; 351; 352; 353; 354; 355; 356; 358; 359; 360; 361; 362; 363; 364; 365; 366; 367; 368; 369; 373
ACTA1,ACTA2,Isoform 2 of F-actin-capping protein subunit beta,10,10,46,1,1,0.1,0.021739130434782608,98.05,1,2,352,110; 133; 136; 139; 143; 145; 146; 147; 148; 166; 167; 168; 169; 170; 171; 172; 173; 176; 224; 272; 276; 277; 279; 280; 283; 284; 285; 286; 288; 290; 320; 345; 346; 348; 349; 350; 351; 352; 354; 355; 361; 364; 369; 372; 373; 375
ACTA1,ACTA2,"Isoform A2 of Troponin T, cardiac muscle",10,10,36,2,2,0.2,0.05555555555555555,9.1,2,2,332; 352,25; 41; 42; 43; 44; 45; 46; 47; 48; 49; 50; 133; 136; 143; 144; 145; 146; 147; 148; 167; 168; 332; 333; 334; 341; 345; 349; 350; 351; 352; 354; 355; 371; 372; 373; 375
ACTA1,ACTA2,Leiomodin-2,10,10,93,5,5,0.5,0.053763440860215055,45.79333333333334,5,13,114; 195; 198; 352; 367,37; 38; 39; 40; 41; 42; 43; 44; 45; 46; 47; 48; 49; 50; 51; 52; 66; 68; 69; 70; 72; 75; 76; 77; 78; 79; 80; 81; 83; 84; 112; 114; 117; 118; 121; 122; 124; 125; 126; 167; 168; 169; 195; 196; 197; 198; 199; 224; 244; 245; 246; 247; 248; 249; 262; 263; 264; 265; 269; 270; 271; 272; 273; 275; 276; 279; 280; 283; 290; 318; 319; 320; 321; 322; 323; 349; 351; 352; 354; 355; 359; 361; 362; 363; 364; 365; 366; 367; 369; 371; 372; 373; 374
ACTA1,ACTA2,"Maltose/maltodextrin-binding periplasmic protein,Adenylate cyclase ExoY",10,10,53,0,0,0.0,0.0,,0,0,,16; 21; 23; 24; 25; 26; 27; 28; 29; 30; 31; 32; 44; 45; 46; 47; 56; 57; 59; 87; 90; 91; 92; 93; 94; 95; 96; 97; 99; 128; 142; 143; 144; 145; 146; 147; 148; 210; 211; 214; 305; 333; 334; 335; 336; 337; 341; 344; 345; 348; 349; 350; 351
ACTA1,ACTA2,"Maltose/maltodextrin-binding periplasmic protein,TccC3",10,10,44,1,1,0.1,0.022727272727272728,13.2,1,1,332,25; 44; 45; 46; 47; 48; 49; 50; 53; 56; 57; 60; 61; 88; 92; 93; 95; 142; 143; 144; 145; 146; 147; 148; 149; 167; 168; 291; 292; 295; 296; 326; 328; 329; 330; 332; 333; 334; 341; 345; 348; 349; 350; 351
ACTA1,ACTA2,Myosin heavy chain 4,10,10,52,1,1,0.1,0.019230769230769232,13.383333333333333,1,6,332,5; 6; 21; 22; 23; 24; 25; 26; 27; 28; 29; 30; 44; 45; 46; 47; 48; 49; 50; 56; 94; 95; 96; 101; 142; 143; 145; 146; 147; 148; 305; 310; 311; 314; 328; 329; 330; 331; 332; 333; 334; 336; 337; 341; 344; 345; 348; 349; 350; 351; 353; 354
ACTA1,ACTA2,"Myosin-14,Alpha-actinin A",10,10,53,2,2,0.2,0.03773584905660377,27.725,2,4,332; 352,3; 4; 22; 23; 24; 25; 26; 27; 28; 29; 30; 44; 45; 46; 47; 48; 49; 50; 56; 91; 93; 95; 96; 97; 100; 142; 143; 144; 145; 146; 147; 148; 167; 168; 305; 314; 328; 329; 330; 332; 333; 334; 337; 341; 344; 345; 348; 349; 350; 351; 352; 353; 354
ACTA1,ACTA2,Myosin-6,10,10,42,1,1,0.1,0.023809523809523808,0.1,1,1,332,23; 24; 25; 26; 27; 28; 29; 30; 44; 45; 46; 47; 48; 56; 93; 94; 95; 96; 142; 143; 146; 147; 148; 305; 311; 314; 328; 330; 332; 333; 334; 336; 337; 341; 344; 345; 348; 349; 350; 351; 353; 354
ACTA1,ACTA2,Myosin-7,10,10,54,1,1,0.1,0.018518518518518517,14.554545454545455,1,11,332,6; 21; 22; 23; 24; 25; 26; 27; 28; 29; 30; 44; 45; 46; 47; 48; 49; 50; 56; 93; 94; 95; 96; 97; 101; 142; 143; 145; 146; 147; 148; 149; 296; 305; 311; 314; 328; 329; 330; 331; 332; 333; 334; 336; 337; 341; 344; 345; 348; 349; 350; 351; 353; 354
ACTA1,ACTA2,Myosin-A,10,10,49,1,1,0.1,0.02040816326530612,48.1,1,1,332,6; 23; 24; 25; 26; 27; 28; 30; 44; 45; 46; 47; 48; 49; 50; 57; 87; 91; 92; 95; 96; 97; 142; 143; 145; 146; 147; 148; 167; 305; 328; 329; 330; 331; 332; 333; 334; 335; 336; 337; 341; 344; 345; 348; 349; 350; 351; 353; 354
ACTA1,ACTA2,Plastin-3,10,10,46,0,0,0.0,0.0,,0,0,,5; 23; 24; 25; 44; 45; 46; 47; 49; 50; 51; 52; 53; 54; 57; 61; 84; 87; 88; 90; 91; 92; 93; 94; 95; 96; 97; 98; 99; 100; 101; 143; 144; 146; 147; 148; 167; 169; 334; 341; 344; 345; 348; 349; 350; 351
ACTA1,ACTA2,Profilin-1,10,10,29,0,0,0.0,0.0,,0,0,,113; 116; 133; 136; 166; 167; 169; 170; 171; 172; 173; 284; 285; 286; 287; 288; 289; 290; 354; 355; 361; 365; 368; 369; 371; 372; 373; 374; 375
ACTA1,ACTA2,Protein diaphanous homolog 1,10,10,66,2,2,0.2,0.030303030303030304,52.8,2,2,352; 367,5; 6; 7; 22; 23; 24; 25; 44; 45; 46; 47; 48; 50; 61; 80; 83; 118; 121; 125; 126; 128; 143; 144; 145; 146; 147; 148; 149; 166; 167; 168; 169; 233; 234; 239; 292; 296; 318; 319; 321; 323; 324; 326; 328; 330; 340; 341; 344; 345; 346; 347; 348; 349; 350; 351; 352; 353; 355; 359; 362; 363; 364; 365; 366; 367; 372
ACTA1,ACTA2,Spectrin beta chain,10,10,76,2,2,0.2,0.02631578947368421,20.13,2,11,307; 332,2; 3; 21; 23; 24; 25; 26; 27; 28; 29; 30; 31; 44; 45; 46; 47; 48; 49; 50; 51; 52; 53; 54; 56; 57; 58; 61; 83; 84; 87; 88; 90; 91; 92; 93; 94; 95; 96; 97; 98; 99; 100; 124; 125; 128; 142; 143; 144; 145; 146; 147; 148; 167; 214; 215; 305; 306; 307; 308; 309; 331; 332; 333; 334; 335; 336; 337; 341; 345; 348; 349; 350; 351; 359; 362; 363
ACTA1,ACTA2,Src substrate cortactin,10,10,65,2,2,0.2,0.03076923076923077,68.25,2,2,307; 332,16; 18; 26; 27; 28; 29; 30; 31; 32; 45; 46; 47; 48; 56; 57; 59; 60; 61; 62; 144; 145; 146; 147; 148; 149; 166; 167; 207; 208; 210; 211; 214; 215; 217; 221; 240; 241; 242; 243; 288; 289; 291; 292; 295; 296; 298; 302; 305; 306; 307; 308; 309; 310; 311; 314; 328; 329; 330; 331; 332; 333; 334; 335; 336; 337
ACTA1,ACTA2,Talin-1,10,10,72,3,3,0.3,0.041666666666666664,59.16166666666667,3,13,332; 356; 367,3; 4; 5; 23; 24; 25; 44; 45; 46; 47; 48; 49; 50; 51; 52; 53; 57; 83; 84; 87; 91; 92; 97; 98; 99; 100; 101; 102; 121; 124; 125; 126; 127; 128; 129; 130; 131; 143; 144; 145; 146; 147; 148; 328; 329; 330; 331; 332; 333; 334; 340; 341; 344; 345; 348; 349; 350; 351; 353; 354; 356; 358; 359; 360; 361; 362; 363; 364; 365; 366; 367; 373
ACTA1,ACTA2,Tropomodulin-1,10,10,132,6,6,0.6,0.045454545454545456,48.61111111111111,6,22,114; 195; 198; 266; 307; 367,32; 37; 38; 39; 40; 41; 42; 43; 44; 45; 46; 47; 48; 49; 50; 51; 52; 53; 54; 56; 57; 59; 60; 61; 62; 63; 64; 66; 68; 69; 72; 75; 76; 77; 78; 79; 80; 81; 83; 84; 87; 88; 91; 92; 93; 95; 98; 99; 112; 114; 117; 118; 121; 122; 124; 125; 126; 127; 128; 195; 196; 197; 198; 199; 200; 201; 202; 204; 205; 207; 208; 210; 211; 213; 214; 215; 216; 217; 218; 219; 220; 221; 224; 226; 232; 233; 235; 236; 238; 239; 240; 241; 242; 243; 244; 245; 246; 247; 248; 249; 254; 262; 263; 264; 265; 266; 273; 275; 276; 279; 283; 294; 305; 306; 307; 308; 311; 316; 318; 319; 320; 321; 322; 323; 335; 359; 362; 363; 364; 365; 366; 367
ACTA1,ACTA2,Tropomyosin alpha-1 chain,10,10,35,1,1,0.1,0.02857142857142857,22.795833333333334,1,24,307,25; 147; 215; 216; 217; 218; 219; 220; 221; 222; 225; 226; 235; 236; 238; 241; 254; 291; 295; 307; 308; 311; 314; 315; 318; 323; 324; 325; 326; 327; 328; 329; 330; 333; 334
ACTA1,ACTA2,Tropomyosin beta chain,10,10,11,1,1,0.1,0.09090909090909091,34.800000000000004,1,3,307,218; 219; 220; 221; 222; 226; 238; 254; 307; 308; 311
ACTA1,ACTA2,Tropomyosin-1.9,10,10,17,1,1,0.1,0.058823529411764705,42.45,1,2,332,24; 25; 26; 27; 30; 144; 145; 147; 326; 328; 330; 332; 333; 334; 337; 341; 345
ACTA1,ACTA2,"Troponin T2, cardiac type",10,10,34,2,2,0.2,0.058823529411764705,12.900000000000002,2,3,332; 352,24; 25; 41; 42; 43; 44; 45; 46; 47; 48; 49; 51; 133; 143; 144; 145; 146; 147; 148; 332; 333; 334; 341; 345; 349; 351; 352; 354; 355; 371; 372; 373; 374; 375
ACTA1,ACTA2,Unconventional myosin-Ib,10,10,66,1,1,0.1,0.015151515151515152,64.63333333333334,1,3,332,2; 4; 6; 21; 22; 23; 24; 25; 26; 27; 28; 29; 30; 31; 44; 45; 46; 47; 48; 49; 50; 51; 56; 87; 91; 92; 93; 95; 96; 97; 98; 99; 100; 127; 128; 142; 143; 144; 145; 146; 147; 148; 305; 310; 311; 314; 327; 328; 329; 330; 331; 332; 333; 334; 335; 336; 337; 341; 344; 345; 348; 349; 350; 351; 353; 354
ACTA1,ACTA2,Utrophin,10,10,51,0,0,0.0,0.0,,0,0,,21; 24; 25; 26; 27; 28; 29; 30; 31; 44; 45; 46; 47; 48; 49; 50; 51; 52; 53; 54; 56; 57; 61; 84; 87; 88; 91; 92; 93; 94; 95; 96; 97; 98; 99; 143; 144; 146; 147; 148; 149; 167; 333; 334; 337; 341; 345; 348; 349; 350; 351
ACTA1,ACTA2,Vibrio VopV,10,10,95,4,4,0.4,0.042105263157894736,60.17659090909092,4,33,114; 195; 198; 367,35; 37; 38; 39; 66; 67; 68; 69; 70; 71; 72; 73; 75; 76; 77; 78; 79; 80; 81; 110; 111; 112; 114; 115; 117; 118; 121; 125; 173; 176; 177; 179; 183; 184; 187; 190; 194; 195; 196; 197; 198; 199; 200; 201; 202; 203; 205; 206; 239; 240; 241; 242; 244; 245; 246; 247; 248; 249; 262; 263; 264; 265; 267; 268; 269; 270; 271; 272; 273; 275; 276; 279; 280; 283; 284; 285; 286; 287; 290; 294; 318; 319; 320; 321; 322; 323; 324; 359; 362; 363; 364; 365; 366; 367; 368
ACTA1,ACTA2,Vinculin,10,10,65,2,2,0.2,0.03076923076923077,93.4,2,4,332; 356,5; 23; 24; 25; 26; 44; 45; 46; 47; 48; 49; 50; 51; 52; 53; 57; 61; 80; 83; 84; 87; 88; 91; 92; 93; 95; 96; 97; 99; 100; 102; 126; 127; 130; 131; 142; 143; 144; 145; 146; 147; 148; 296; 328; 330; 331; 332; 333; 334; 337; 341; 344; 345; 348; 349; 350; 351; 353; 354; 355; 356; 358; 360; 361; 373
ACTA1,ACTA2,VopV,10,10,85,3,3,0.3,0.03529411764705882,73.76717171717172,3,35,114; 198; 367,35; 37; 39; 63; 66; 67; 68; 69; 70; 71; 72; 73; 75; 76; 77; 78; 79; 81; 84; 110; 111; 112; 114; 115; 117; 118; 121; 125; 126; 128; 173; 176; 177; 179; 183; 187; 194; 196; 197; 198; 199; 200; 201; 202; 203; 204; 205; 206; 239; 241; 242; 244; 245; 246; 247; 248; 249; 268; 269; 270; 271; 272; 276; 279; 280; 283; 284; 285; 286; 287; 288; 290; 318; 319; 320; 321; 322; 323; 324; 362; 363; 364; 365; 366; 367
ACTA1,ACTA2,"WD repeat-containing protein 1,Methylated-DNA--protein-cysteine methyltransferase",10,10,52,2,2,0.2,0.038461538461538464,17.2,2,4,356; 367,166; 169; 171; 221; 222; 224; 225; 226; 228; 229; 230; 232; 233; 234; 235; 238; 270; 276; 311; 314; 315; 316; 318; 319; 320; 321; 322; 323; 324; 325; 326; 327; 328; 330; 353; 354; 355; 356; 358; 360; 361; 362; 363; 364; 365; 366; 367; 368; 369; 372; 373; 375
ACTA1,ACTA2,beta-cardiac myosin II,10,10,38,1,1,0.1,0.02631578947368421,5.1,1,1,332,22; 23; 24; 25; 26; 27; 28; 29; 30; 44; 45; 46; 47; 48; 56; 142; 143; 145; 146; 147; 148; 311; 314; 328; 329; 330; 332; 333; 334; 337; 341; 344; 345; 348; 349; 350; 351; 354
ACTA1,ACTB,Actin-interacting protein 1,5,4,82,2,1,0.25,0.012195121951219513,17.916666666666668,1,6,46,37; 38; 39; 40; 41; 43; 44; 45; 46; 47; 48; 49; 50; 51; 52; 53; 64; 66; 68; 78; 79; 80; 83; 84; 87; 118; 122; 125; 126; 128; 166; 167; 169; 221; 222; 224; 225; 226; 228; 229; 230; 232; 233; 234; 235; 238; 254; 276; 307; 308; 310; 311; 314; 315; 318; 319; 320; 321; 323; 324; 325; 326; 327; 328; 329; 330; 354; 355; 358; 360; 361; 362; 363; 364; 365; 366; 367; 368; 369; 372; 373; 375
ACTA1,ACTB,Actin-related protein 2,5,4,52,2,1,0.25,0.019230769230769232,32.48,1,5,46,38; 39; 40; 41; 42; 43; 44; 45; 46; 47; 48; 49; 50; 53; 60; 61; 62; 63; 64; 65; 66; 67; 188; 191; 192; 194; 195; 196; 197; 199; 200; 201; 202; 203; 204; 205; 208; 227; 230; 231; 241; 242; 243; 244; 245; 246; 247; 252; 266; 267; 268; 270
ACTA1,ACTB,Actin-related protein 2/3 complex subunit 1,5,4,27,2,1,0.25,0.037037037037037035,65.93333333333334,1,3,46,4; 23; 24; 25; 44; 45; 46; 47; 48; 142; 143; 144; 145; 146; 147; 148; 333; 334; 340; 341; 344; 345; 348; 349; 350; 351; 352
ACTA1,ACTB,Actin-related protein 2/3 complex subunit 1B,5,4,22,2,1,0.25,0.045454545454545456,50.2,1,1,46,23; 24; 25; 44; 45; 46; 47; 48; 142; 143; 144; 145; 146; 147; 148; 341; 344; 345; 348; 349; 350; 351
ACTA1,ACTB,Actin-related protein 2/3 complex subunit 2,5,4,76,2,1,0.25,0.013157894736842105,12.1,1,2,46,4; 5; 6; 7; 8; 21; 22; 23; 24; 28; 46; 48; 49; 50; 51; 75; 76; 77; 79; 83; 87; 94; 95; 96; 99; 100; 101; 102; 113; 114; 115; 117; 118; 121; 122; 125; 130; 131; 195; 196; 197; 198; 228; 229; 231; 232; 233; 234; 235; 236; 237; 238; 239; 240; 241; 245; 246; 247; 248; 249; 254; 279; 283; 320; 321; 322; 323; 324; 351; 356; 362; 363; 364; 365; 366; 367
ACTA1,ACTB,Actin-related protein 2/3 complex subunit 3,5,4,22,3,2,0.5,0.09090909090909091,30.425,2,3,46; 92,4; 5; 46; 47; 48; 49; 87; 91; 92; 95; 97; 99; 125; 126; 128; 350; 351; 353; 354; 355; 361; 373
ACTA1,ACTB,Actin-related protein 2/3 complex subunit 4,5,4,30,1,1,0.25,0.03333333333333333,14.52,1,5,92,21; 28; 50; 51; 52; 79; 80; 83; 84; 87; 90; 91; 92; 93; 94; 95; 96; 97; 98; 99; 100; 101; 118; 121; 122; 125; 126; 127; 128; 359
ACTA1,ACTB,Actin-related protein 2/3 complex subunit 5-like protein,5,4,8,0,0,0.0,0.0,,0,0,,37; 38; 39; 40; 41; 51; 66; 68
ACTA1,ACTB,Actin-related protein 3,5,4,76,2,1,0.25,0.013157894736842105,56.51666666666667,1,6,46,37; 38; 39; 40; 41; 42; 43; 44; 45; 46; 47; 48; 49; 50; 51; 53; 60; 61; 62; 63; 64; 65; 117; 121; 124; 125; 128; 133; 143; 198; 200; 202; 204; 205; 208; 224; 227; 228; 230; 231; 232; 233; 234; 237; 238; 239; 240; 241; 242; 243; 244; 245; 246; 247; 248; 249; 346; 351; 354; 355; 359; 360; 361; 362; 363; 364; 365; 366; 367; 368; 369; 371; 372; 373; 374; 375
ACTA1,ACTB,Adducin 1,5,4,88,3,2,0.5,0.022727272727272728,43.175,2,3,46; 295,4; 5; 6; 16; 21; 23; 24; 25; 26; 27; 28; 29; 30; 38; 39; 40; 41; 42; 43; 44; 45; 46; 47; 48; 49; 50; 51; 56; 93; 95; 96; 97; 100; 101; 133; 143; 144; 145; 146; 147; 148; 149; 166; 167; 168; 169; 173; 214; 215; 222; 224; 225; 228; 279; 280; 283; 284; 285; 286; 287; 288; 290; 292; 295; 296; 305; 332; 333; 334; 336; 337; 340; 341; 344; 345; 346; 348; 349; 350; 351; 352; 354; 355; 371; 372; 373; 374; 375
ACTA1,ACTB,Adenylyl cyclase-associated protein 1,5,4,49,3,2,0.5,0.04081632653061224,43.0,2,12,46; 92,32; 40; 43; 44; 45; 46; 47; 48; 49; 50; 53; 56; 57; 59; 60; 61; 62; 63; 64; 65; 88; 91; 92; 93; 95; 188; 191; 195; 202; 203; 204; 205; 207; 208; 210; 211; 215; 240; 241; 242; 243; 244; 245; 256; 265; 266; 267; 268; 270
ACTA1,ACTB,Afadin,5,4,10,0,0,0.0,0.0,,0,0,,6; 21; 22; 23; 24; 25; 28; 348; 349; 350
ACTA1,ACTB,Alpha-catenin-like protein hmp-1,5,4,55,3,2,0.5,0.03636363636363636,65.75,2,10,46; 92,21; 23; 24; 25; 26; 27; 28; 29; 30; 44; 45; 46; 47; 48; 49; 50; 51; 52; 53; 54; 57; 84; 87; 88; 91; 92; 93; 94; 95; 96; 97; 99; 100; 142; 143; 144; 145; 146; 147; 148; 296; 328; 330; 332; 333; 334; 336; 337; 341; 344; 345; 348; 349; 350; 351
ACTA1,ACTB,Beta-adducin,5,4,132,3,2,0.5,0.015151515151515152,51.900000000000006,2,3,46; 295,5; 6; 16; 21; 23; 24; 25; 26; 27; 28; 29; 30; 38; 39; 40; 41; 42; 43; 44; 45; 46; 47; 48; 49; 50; 51; 56; 95; 96; 97; 100; 101; 113; 114; 117; 118; 121; 124; 125; 126; 128; 133; 143; 144; 145; 146; 147; 148; 149; 167; 168; 169; 172; 188; 195; 196; 214; 223; 224; 227; 228; 230; 231; 232; 233; 234; 236; 237; 251; 252; 253; 256; 263; 265; 266; 279; 283; 287; 288; 290; 291; 292; 295; 296; 305; 310; 311; 314; 318; 319; 320; 321; 322; 323; 324; 326; 327; 328; 329; 330; 331; 332; 333; 334; 336; 337; 338; 340; 341; 344; 345; 346; 348; 349; 350; 351; 352; 354; 355; 359; 362; 363; 364; 365; 366; 367; 368; 371; 372; 373; 374; 375
ACTA1,ACTB,Catenin alpha-1,5,4,78,3,2,0.5,0.02564102564102564,72.03928571428571,2,28,46; 92,21; 23; 24; 25; 26; 27; 28; 29; 30; 44; 45; 46; 47; 48; 49; 50; 51; 52; 53; 56; 57; 59; 60; 61; 62; 84; 87; 91; 92; 93; 94; 95; 96; 97; 99; 126; 127; 142; 143; 144; 145; 146; 147; 148; 149; 167; 169; 211; 215; 216; 238; 239; 240; 241; 242; 243; 247; 288; 291; 296; 305; 324; 328; 329; 330; 331; 332; 333; 334; 336; 337; 341; 344; 345; 348; 349; 350; 351
ACTA1,ACTB,Cell invasion protein SipA,5,4,134,2,1,0.25,0.007462686567164179,16.833333333333332,1,12,46,37; 38; 39; 40; 41; 42; 43; 44; 45; 46; 47; 48; 49; 51; 66; 67; 68; 69; 70; 71; 72; 73; 75; 76; 77; 78; 79; 80; 83; 84; 112; 113; 114; 117; 118; 121; 125; 126; 133; 139; 143; 158; 169; 170; 172; 173; 179; 183; 184; 187; 195; 196; 197; 198; 199; 200; 201; 202; 203; 204; 205; 206; 208; 222; 223; 224; 225; 227; 228; 230; 231; 232; 233; 234; 237; 239; 242; 243; 244; 246; 247; 248; 249; 251; 252; 253; 256; 263; 265; 266; 267; 268; 269; 270; 271; 275; 276; 279; 280; 283; 284; 285; 286; 287; 288; 290; 312; 315; 316; 318; 319; 320; 321; 322; 323; 346; 351; 352; 354; 355; 361; 362; 363; 364; 365; 366; 367; 368; 369; 371; 372; 373; 374; 375
ACTA1,ACTB,Cofilin,5,4,82,3,2,0.5,0.024390243902439025,18.642307692307693,2,27,46; 92,16; 23; 24; 25; 26; 27; 28; 29; 30; 31; 32; 46; 47; 48; 49; 50; 53; 56; 57; 59; 60; 61; 88; 91; 92; 93; 94; 95; 96; 97; 100; 133; 134; 135; 136; 139; 140; 143; 144; 145; 146; 147; 148; 149; 157; 166; 167; 168; 169; 207; 210; 211; 214; 215; 288; 291; 292; 296; 305; 326; 328; 330; 331; 332; 333; 334; 336; 337; 338; 341; 342; 344; 345; 346; 348; 349; 350; 351; 352; 354; 355; 375
ACTA1,ACTB,Cofilin (UNC-60B),5,4,71,1,1,0.25,0.014084507042253521,24.400000000000002,1,6,92,16; 23; 25; 26; 27; 28; 29; 30; 31; 32; 47; 49; 50; 53; 56; 57; 59; 60; 61; 91; 92; 93; 94; 95; 96; 97; 100; 133; 135; 139; 140; 143; 144; 145; 146; 147; 148; 149; 167; 168; 169; 207; 210; 211; 214; 215; 291; 296; 305; 326; 328; 330; 332; 333; 334; 336; 337; 338; 341; 342; 344; 345; 346; 348; 349; 350; 351; 352; 354; 355; 375
ACTA1,ACTB,Cofilin-1,5,4,76,2,2,0.5,0.02631578947368421,41.29635416666667,2,62,92; 295,21; 23; 24; 25; 26; 27; 28; 29; 30; 31; 44; 45; 50; 51; 53; 56; 57; 60; 61; 87; 88; 91; 92; 93; 94; 95; 96; 97; 99; 100; 101; 133; 140; 142; 143; 144; 145; 146; 147; 148; 149; 166; 167; 168; 169; 214; 215; 288; 291; 292; 295; 296; 305; 326; 328; 330; 331; 332; 333; 334; 336; 337; 338; 341; 342; 343; 345; 346; 348; 349; 350; 351; 352; 354; 355; 375
ACTA1,ACTB,Cofilin-2,5,4,77,2,2,0.5,0.025974025974025976,36.57666666666667,2,32,92; 295,4; 5; 21; 23; 24; 25; 26; 27; 28; 29; 30; 31; 50; 53; 56; 57; 60; 61; 88; 91; 92; 93; 94; 95; 96; 97; 99; 100; 101; 133; 134; 135; 136; 139; 140; 143; 144; 145; 146; 147; 148; 149; 166; 167; 168; 169; 214; 215; 291; 292; 295; 296; 305; 326; 328; 330; 331; 332; 333; 334; 336; 337; 338; 341; 342; 345; 346; 348; 349; 350; 351; 352; 353; 354; 355; 374; 375
ACTA1,ACTB,"Coronin-1B,Methylated-DNA--protein-cysteine methyltransferase",5,4,98,2,2,0.5,0.02040816326530612,56.76388888888889,2,19,92; 357,6; 37; 38; 39; 40; 41; 42; 49; 50; 51; 52; 66; 68; 75; 76; 77; 78; 79; 80; 81; 83; 84; 87; 91; 92; 95; 96; 97; 99; 100; 101; 102; 114; 115; 117; 118; 121; 122; 124; 125; 126; 127; 128; 130; 131; 169; 196; 198; 222; 224; 225; 230; 231; 232; 233; 234; 235; 237; 239; 246; 247; 248; 249; 250; 251; 252; 265; 270; 279; 315; 316; 318; 319; 320; 321; 322; 323; 350; 351; 353; 354; 355; 356; 357; 358; 359; 360; 361; 362; 363; 364; 365; 366; 367; 368; 369; 372; 373
ACTA1,ACTB,Dematin actin binding protein,5,4,125,2,1,0.25,0.008,11.75,1,6,46,2; 3; 4; 5; 6; 21; 22; 23; 24; 25; 26; 27; 28; 38; 39; 40; 41; 42; 43; 44; 45; 46; 47; 48; 49; 50; 51; 95; 96; 97; 99; 100; 101; 102; 121; 125; 130; 131; 133; 143; 144; 145; 146; 147; 168; 169; 172; 215; 216; 218; 219; 221; 222; 223; 224; 226; 229; 230; 231; 232; 233; 234; 235; 237; 238; 239; 240; 241; 247; 249; 259; 262; 263; 264; 265; 266; 268; 269; 270; 271; 272; 273; 275; 276; 305; 307; 308; 312; 315; 316; 318; 319; 320; 330; 332; 333; 334; 337; 340; 341; 344; 345; 347; 348; 350; 351; 353; 354; 355; 356; 358; 359; 360; 361; 362; 363; 364; 365; 366; 367; 371; 372; 373; 374; 375
ACTA1,ACTB,Epididymis secretory protein Li 37,5,4,43,3,2,0.5,0.046511627906976744,83.8590909090909,2,22,46; 92,23; 24; 25; 44; 45; 46; 47; 48; 49; 50; 51; 52; 53; 54; 56; 57; 61; 84; 87; 88; 91; 92; 93; 95; 96; 97; 98; 99; 100; 143; 144; 146; 147; 148; 167; 334; 341; 344; 345; 348; 349; 350; 351
ACTA1,ACTB,F-actin-capping protein subunit alpha-1,5,4,46,0,0,0.0,0.0,,0,0,,116; 133; 139; 143; 146; 147; 148; 166; 167; 168; 169; 170; 171; 172; 173; 263; 265; 266; 268; 269; 270; 271; 272; 283; 284; 285; 286; 287; 288; 289; 290; 342; 345; 346; 349; 350; 351; 352; 354; 355; 369; 371; 372; 373; 374; 375
ACTA1,ACTB,F-actin-capping protein subunit beta,5,4,45,0,0,0.0,0.0,,0,0,,113; 133; 139; 142; 143; 146; 147; 148; 166; 167; 168; 169; 173; 176; 224; 272; 276; 279; 280; 283; 284; 285; 286; 287; 288; 290; 320; 345; 346; 348; 349; 350; 351; 352; 354; 355; 364; 365; 368; 369; 371; 372; 373; 374; 375
ACTA1,ACTB,Filamin-A,5,4,58,3,2,0.5,0.034482758620689655,81.42,2,10,46; 92,21; 24; 25; 26; 27; 28; 29; 30; 31; 44; 45; 46; 47; 48; 49; 50; 52; 53; 54; 56; 57; 60; 61; 83; 84; 87; 88; 91; 92; 93; 94; 95; 96; 97; 98; 100; 126; 142; 143; 144; 145; 146; 147; 148; 149; 167; 333; 334; 335; 336; 337; 341; 345; 348; 349; 350; 351; 354
ACTA1,ACTB,Gelsolin,5,4,119,4,3,0.75,0.025210084033613446,23.1875,3,13,46; 92; 295,2; 3; 4; 22; 23; 24; 25; 26; 27; 28; 29; 30; 31; 37; 38; 39; 40; 41; 42; 43; 44; 45; 46; 47; 48; 49; 50; 51; 52; 54; 56; 57; 60; 61; 66; 68; 84; 87; 88; 91; 92; 93; 95; 96; 97; 98; 99; 100; 126; 127; 128; 133; 140; 142; 143; 144; 145; 146; 147; 148; 149; 166; 167; 168; 169; 221; 222; 223; 224; 259; 262; 263; 264; 265; 266; 269; 270; 271; 272; 273; 275; 276; 291; 292; 295; 296; 311; 312; 314; 315; 316; 318; 319; 326; 328; 329; 330; 332; 334; 337; 338; 340; 341; 342; 344; 345; 346; 348; 349; 350; 351; 352; 353; 354; 355; 372; 373; 374; 375
ACTA1,ACTB,Inositol-trisphosphate 3-kinase A,5,4,37,3,2,0.5,0.05405405405405406,57.44,2,6,46; 92,22; 23; 24; 25; 26; 44; 45; 46; 47; 48; 49; 50; 51; 53; 87; 91; 92; 142; 143; 144; 145; 146; 147; 148; 167; 332; 333; 334; 337; 340; 341; 344; 345; 348; 349; 350; 351
ACTA1,ACTB,Inverted formin-2,5,4,112,4,3,0.75,0.026785714285714284,22.058333333333334,3,6,46; 92; 295,5; 6; 21; 22; 23; 24; 25; 26; 27; 28; 44; 45; 46; 47; 48; 49; 50; 79; 80; 83; 87; 91; 92; 93; 94; 95; 96; 98; 99; 101; 114; 117; 118; 121; 122; 124; 125; 126; 127; 128; 130; 131; 142; 143; 144; 145; 146; 147; 148; 149; 166; 167; 168; 169; 216; 229; 231; 232; 233; 234; 235; 237; 238; 239; 240; 241; 242; 243; 244; 245; 247; 249; 291; 292; 295; 296; 322; 323; 324; 325; 326; 327; 328; 330; 332; 334; 341; 344; 345; 346; 348; 349; 350; 351; 352; 353; 354; 355; 356; 358; 359; 360; 361; 362; 363; 364; 365; 366; 367; 368; 369; 373
ACTA1,ACTB,Isoform 2 of F-actin-capping protein subunit beta,5,4,46,0,0,0.0,0.0,,0,0,,110; 133; 136; 139; 143; 145; 146; 147; 148; 166; 167; 168; 169; 170; 171; 172; 173; 176; 224; 272; 276; 277; 279; 280; 283; 284; 285; 286; 288; 290; 320; 345; 346; 348; 349; 350; 351; 352; 354; 355; 361; 364; 369; 372; 373; 375
ACTA1,ACTB,"Isoform A2 of Troponin T, cardiac muscle",5,4,36,2,1,0.25,0.027777777777777776,82.4,1,2,46,25; 41; 42; 43; 44; 45; 46; 47; 48; 49; 50; 133; 136; 143; 144; 145; 146; 147; 148; 167; 168; 332; 333; 334; 341; 345; 349; 350; 351; 352; 354; 355; 371; 372; 373; 375
ACTA1,ACTB,Leiomodin-2,5,4,93,2,1,0.25,0.010752688172043012,60.366666666666674,1,3,46,37; 38; 39; 40; 41; 42; 43; 44; 45; 46; 47; 48; 49; 50; 51; 52; 66; 68; 69; 70; 72; 75; 76; 77; 78; 79; 80; 81; 83; 84; 112; 114; 117; 118; 121; 122; 124; 125; 126; 167; 168; 169; 195; 196; 197; 198; 199; 224; 244; 245; 246; 247; 248; 249; 262; 263; 264; 265; 269; 270; 271; 272; 273; 275; 276; 279; 280; 283; 290; 318; 319; 320; 321; 322; 323; 349; 351; 352; 354; 355; 359; 361; 362; 363; 364; 365; 366; 367; 369; 371; 372; 373; 374
ACTA1,ACTB,"Maltose/maltodextrin-binding periplasmic protein,Adenylate cyclase ExoY",5,4,53,3,2,0.5,0.03773584905660377,73.625,2,7,46; 92,16; 21; 23; 24; 25; 26; 27; 28; 29; 30; 31; 32; 44; 45; 46; 47; 56; 57; 59; 87; 90; 91; 92; 93; 94; 95; 96; 97; 99; 128; 142; 143; 144; 145; 146; 147; 148; 210; 211; 214; 305; 333; 334; 335; 336; 337; 341; 344; 345; 348; 349; 350; 351
ACTA1,ACTB,"Maltose/maltodextrin-binding periplasmic protein,TccC3",5,4,44,4,3,0.75,0.06818181818181818,34.53333333333333,3,3,46; 92; 295,25; 44; 45; 46; 47; 48; 49; 50; 53; 56; 57; 60; 61; 88; 92; 93; 95; 142; 143; 144; 145; 146; 147; 148; 149; 167; 168; 291; 292; 295; 296; 326; 328; 329; 330; 332; 333; 334; 341; 345; 348; 349; 350; 351
ACTA1,ACTB,Myosin heavy chain 4,5,4,52,2,1,0.25,0.019230769230769232,53.05,1,4,46,5; 6; 21; 22; 23; 24; 25; 26; 27; 28; 29; 30; 44; 45; 46; 47; 48; 49; 50; 56; 94; 95; 96; 101; 142; 143; 145; 146; 147; 148; 305; 310; 311; 314; 328; 329; 330; 331; 332; 333; 334; 336; 337; 341; 344; 345; 348; 349; 350; 351; 353; 354
ACTA1,ACTB,"Myosin-14,Alpha-actinin A",5,4,53,2,1,0.25,0.018867924528301886,80.25,1,2,46,3; 4; 22; 23; 24; 25; 26; 27; 28; 29; 30; 44; 45; 46; 47; 48; 49; 50; 56; 91; 93; 95; 96; 97; 100; 142; 143; 144; 145; 146; 147; 148; 167; 168; 305; 314; 328; 329; 330; 332; 333; 334; 337; 341; 344; 345; 348; 349; 350; 351; 352; 353; 354
ACTA1,ACTB,Myosin-6,5,4,42,2,1,0.25,0.023809523809523808,64.45,1,4,46,23; 24; 25; 26; 27; 28; 29; 30; 44; 45; 46; 47; 48; 56; 93; 94; 95; 96; 142; 143; 146; 147; 148; 305; 311; 314; 328; 330; 332; 333; 334; 336; 337; 341; 344; 345; 348; 349; 350; 351; 353; 354
ACTA1,ACTB,Myosin-7,5,4,54,2,1,0.25,0.018518518518518517,61.462500000000006,1,8,46,6; 21; 22; 23; 24; 25; 26; 27; 28; 29; 30; 44; 45; 46; 47; 48; 49; 50; 56; 93; 94; 95; 96; 97; 101; 142; 143; 145; 146; 147; 148; 149; 296; 305; 311; 314; 328; 329; 330; 331; 332; 333; 334; 336; 337; 341; 344; 345; 348; 349; 350; 351; 353; 354
ACTA1,ACTB,Myosin-A,5,4,49,3,2,0.5,0.04081632653061224,60.5,2,2,46; 92,6; 23; 24; 25; 26; 27; 28; 30; 44; 45; 46; 47; 48; 49; 50; 57; 87; 91; 92; 95; 96; 97; 142; 143; 145; 146; 147; 148; 167; 305; 328; 329; 330; 331; 332; 333; 334; 335; 336; 337; 341; 344; 345; 348; 349; 350; 351; 353; 354
ACTA1,ACTB,Plastin-3,5,4,46,3,2,0.5,0.043478260869565216,91.0,2,6,46; 92,5; 23; 24; 25; 44; 45; 46; 47; 49; 50; 51; 52; 53; 54; 57; 61; 84; 87; 88; 90; 91; 92; 93; 94; 95; 96; 97; 98; 99; 100; 101; 143; 144; 146; 147; 148; 167; 169; 334; 341; 344; 345; 348; 349; 350; 351
ACTA1,ACTB,Profilin-1,5,4,29,0,0,0.0,0.0,,0,0,,113; 116; 133; 136; 166; 167; 169; 170; 171; 172; 173; 284; 285; 286; 287; 288; 289; 290; 354; 355; 361; 365; 368; 369; 371; 372; 373; 374; 375
ACTA1,ACTB,Protein diaphanous homolog 1,5,4,66,2,1,0.25,0.015151515151515152,57.05,1,2,46,5; 6; 7; 22; 23; 24; 25; 44; 45; 46; 47; 48; 50; 61; 80; 83; 118; 121; 125; 126; 128; 143; 144; 145; 146; 147; 148; 149; 166; 167; 168; 169; 233; 234; 239; 292; 296; 318; 319; 321; 323; 324; 326; 328; 330; 340; 341; 344; 345; 346; 347; 348; 349; 350; 351; 352; 353; 355; 359; 362; 363; 364; 365; 366; 367; 372
ACTA1,ACTB,Spectrin beta chain,5,4,76,3,2,0.5,0.02631578947368421,83.471875,2,32,46; 92,2; 3; 21; 23; 24; 25; 26; 27; 28; 29; 30; 31; 44; 45; 46; 47; 48; 49; 50; 51; 52; 53; 54; 56; 57; 58; 61; 83; 84; 87; 88; 90; 91; 92; 93; 94; 95; 96; 97; 98; 99; 100; 124; 125; 128; 142; 143; 144; 145; 146; 147; 148; 167; 214; 215; 305; 306; 307; 308; 309; 331; 332; 333; 334; 335; 336; 337; 341; 345; 348; 349; 350; 351; 359; 362; 363
ACTA1,ACTB,Src substrate cortactin,5,4,65,3,2,0.5,0.03076923076923077,41.7,2,2,46; 295,16; 18; 26; 27; 28; 29; 30; 31; 32; 45; 46; 47; 48; 56; 57; 59; 60; 61; 62; 144; 145; 146; 147; 148; 149; 166; 167; 207; 208; 210; 211; 214; 215; 217; 221; 240; 241; 242; 243; 288; 289; 291; 292; 295; 296; 298; 302; 305; 306; 307; 308; 309; 310; 311; 314; 328; 329; 330; 331; 332; 333; 334; 335; 336; 337
ACTA1,ACTB,Talin-1,5,4,72,3,2,0.5,0.027777777777777776,51.725,2,6,46; 92,3; 4; 5; 23; 24; 25; 44; 45; 46; 47; 48; 49; 50; 51; 52; 53; 57; 83; 84; 87; 91; 92; 97; 98; 99; 100; 101; 102; 121; 124; 125; 126; 127; 128; 129; 130; 131; 143; 144; 145; 146; 147; 148; 328; 329; 330; 331; 332; 333; 334; 340; 341; 344; 345; 348; 349; 350; 351; 353; 354; 356; 358; 359; 360; 361; 362; 363; 364; 365; 366; 367; 373
ACTA1,ACTB,Tropomodulin-1,5,4,132,3,2,0.5,0.015151515151515152,76.38333333333333,2,6,46; 92,32; 37; 38; 39; 40; 41; 42; 43; 44; 45; 46; 47; 48; 49; 50; 51; 52; 53; 54; 56; 57; 59; 60; 61; 62; 63; 64; 66; 68; 69; 72; 75; 76; 77; 78; 79; 80; 81; 83; 84; 87; 88; 91; 92; 93; 95; 98; 99; 112; 114; 117; 118; 121; 122; 124; 125; 126; 127; 128; 195; 196; 197; 198; 199; 200; 201; 202; 204; 205; 207; 208; 210; 211; 213; 214; 215; 216; 217; 218; 219; 220; 221; 224; 226; 232; 233; 235; 236; 238; 239; 240; 241; 242; 243; 244; 245; 246; 247; 248; 249; 254; 262; 263; 264; 265; 266; 273; 275; 276; 279; 283; 294; 305; 306; 307; 308; 311; 316; 318; 319; 320; 321; 322; 323; 335; 359; 362; 363; 364; 365; 366; 367
ACTA1,ACTB,Tropomyosin alpha-1 chain,5,4,35,1,1,0.25,0.02857142857142857,10.5,1,1,295,25; 147; 215; 216; 217; 218; 219; 220; 221; 222; 225; 226; 235; 236; 238; 241; 254; 291; 295; 307; 308; 311; 314; 315; 318; 323; 324; 325; 326; 327; 328; 329; 330; 333; 334
ACTA1,ACTB,Tropomyosin beta chain,5,4,11,0,0,0.0,0.0,,0,0,,218; 219; 220; 221; 222; 226; 238; 254; 307; 308; 311
ACTA1,ACTB,Tropomyosin-1.9,5,4,17,0,0,0.0,0.0,,0,0,,24; 25; 26; 27; 30; 144; 145; 147; 326; 328; 330; 332; 333; 334; 337; 341; 345
ACTA1,ACTB,"Troponin T2, cardiac type",5,4,34,2,1,0.25,0.029411764705882353,81.6,1,2,46,24; 25; 41; 42; 43; 44; 45; 46; 47; 48; 49; 51; 133; 143; 144; 145; 146; 147; 148; 332; 333; 334; 341; 345; 349; 351; 352; 354; 355; 371; 372; 373; 374; 375
ACTA1,ACTB,Unconventional myosin-Ib,5,4,66,3,2,0.5,0.030303030303030304,49.93333333333334,2,6,46; 92,2; 4; 6; 21; 22; 23; 24; 25; 26; 27; 28; 29; 30; 31; 44; 45; 46; 47; 48; 49; 50; 51; 56; 87; 91; 92; 93; 95; 96; 97; 98; 99; 100; 127; 128; 142; 143; 144; 145; 146; 147; 148; 305; 310; 311; 314; 327; 328; 329; 330; 331; 332; 333; 334; 335; 336; 337; 341; 344; 345; 348; 349; 350; 351; 353; 354
ACTA1,ACTB,Utrophin,5,4,51,3,2,0.5,0.0392156862745098,93.70000000000002,2,6,46; 92,21; 24; 25; 26; 27; 28; 29; 30; 31; 44; 45; 46; 47; 48; 49; 50; 51; 52; 53; 54; 56; 57; 61; 84; 87; 88; 91; 92; 93; 94; 95; 96; 97; 98; 99; 143; 144; 146; 147; 148; 149; 167; 333; 334; 337; 341; 345; 348; 349; 350; 351
ACTA1,ACTB,Vibrio VopV,5,4,95,0,0,0.0,0.0,,0,0,,35; 37; 38; 39; 66; 67; 68; 69; 70; 71; 72; 73; 75; 76; 77; 78; 79; 80; 81; 110; 111; 112; 114; 115; 117; 118; 121; 125; 173; 176; 177; 179; 183; 184; 187; 190; 194; 195; 196; 197; 198; 199; 200; 201; 202; 203; 205; 206; 239; 240; 241; 242; 244; 245; 246; 247; 248; 249; 262; 263; 264; 265; 267; 268; 269; 270; 271; 272; 273; 275; 276; 279; 280; 283; 284; 285; 286; 287; 290; 294; 318; 319; 320; 321; 322; 323; 324; 359; 362; 363; 364; 365; 366; 367; 368
ACTA1,ACTB,Vinculin,5,4,65,3,2,0.5,0.03076923076923077,77.25,2,4,46; 92,5; 23; 24; 25; 26; 44; 45; 46; 47; 48; 49; 50; 51; 52; 53; 57; 61; 80; 83; 84; 87; 88; 91; 92; 93; 95; 96; 97; 99; 100; 102; 126; 127; 130; 131; 142; 143; 144; 145; 146; 147; 148; 296; 328; 330; 331; 332; 333; 334; 337; 341; 344; 345; 348; 349; 350; 351; 353; 354; 355; 356; 358; 360; 361; 373
ACTA1,ACTB,VopV,5,4,85,0,0,0.0,0.0,,0,0,,35; 37; 39; 63; 66; 67; 68; 69; 70; 71; 72; 73; 75; 76; 77; 78; 79; 81; 84; 110; 111; 112; 114; 115; 117; 118; 121; 125; 126; 128; 173; 176; 177; 179; 183; 187; 194; 196; 197; 198; 199; 200; 201; 202; 203; 204; 205; 206; 239; 241; 242; 244; 245; 246; 247; 248; 249; 268; 269; 270; 271; 272; 276; 279; 280; 283; 284; 285; 286; 287; 288; 290; 318; 319; 320; 321; 322; 323; 324; 362; 363; 364; 365; 366; 367
ACTA1,ACTB,"WD repeat-containing protein 1,Methylated-DNA--protein-cysteine methyltransferase",5,4,52,0,0,0.0,0.0,,0,0,,166; 169; 171; 221; 222; 224; 225; 226; 228; 229; 230; 232; 233; 234; 235; 238; 270; 276; 311; 314; 315; 316; 318; 319; 320; 321; 322; 323; 324; 325; 326; 327; 328; 330; 353; 354; 355; 356; 358; 360; 361; 362; 363; 364; 365; 366; 367; 368; 369; 372; 373; 375
ACTA1,ACTB,beta-cardiac myosin II,5,4,38,2,1,0.25,0.02631578947368421,33.7,1,1,46,22; 23; 24; 25; 26; 27; 28; 29; 30; 44; 45; 46; 47; 48; 56; 142; 143; 145; 146; 147; 148; 311; 314; 328; 329; 330; 332; 333; 334; 337; 341; 344; 345; 348; 349; 350; 351; 354
ACTA1,ACTC1,Actin-interacting protein 1,4,4,82,1,1,0.25,0.012195121951219513,7.5,1,1,66,37; 38; 39; 40; 41; 43; 44; 45; 46; 47; 48; 49; 50; 51; 52; 53; 64; 66; 68; 78; 79; 80; 83; 84; 87; 118; 122; 125; 126; 128; 166; 167; 169; 221; 222; 224; 225; 226; 228; 229; 230; 232; 233; 234; 235; 238; 254; 276; 307; 308; 310; 311; 314; 315; 318; 319; 320; 321; 323; 324; 325; 326; 327; 328; 329; 330; 354; 355; 358; 360; 361; 362; 363; 364; 365; 366; 367; 368; 369; 372; 373; 375
ACTA1,ACTC1,Actin-related protein 2,4,4,52,1,1,0.25,0.019230769230769232,33.2,1,5,66,38; 39; 40; 41; 42; 43; 44; 45; 46; 47; 48; 49; 50; 53; 60; 61; 62; 63; 64; 65; 66; 67; 188; 191; 192; 194; 195; 196; 197; 199; 200; 201; 202; 203; 204; 205; 208; 227; 230; 231; 241; 242; 243; 244; 245; 246; 247; 252; 266; 267; 268; 270
ACTA1,ACTC1,Actin-related protein 2/3 complex subunit 1,4,4,27,1,1,0.25,0.037037037037037035,4.55,1,2,352,4; 23; 24; 25; 44; 45; 46; 47; 48; 142; 143; 144; 145; 146; 147; 148; 333; 334; 340; 341; 344; 345; 348; 349; 350; 351; 352
ACTA1,ACTC1,Actin-related protein 2/3 complex subunit 1B,4,4,22,0,0,0.0,0.0,,0,0,,23; 24; 25; 44; 45; 46; 47; 48; 142; 143; 144; 145; 146; 147; 148; 341; 344; 345; 348; 349; 350; 351
ACTA1,ACTC1,Actin-related protein 2/3 complex subunit 2,4,4,76,1,1,0.25,0.013157894736842105,43.525,1,4,198,4; 5; 6; 7; 8; 21; 22; 23; 24; 28; 46; 48; 49; 50; 51; 75; 76; 77; 79; 83; 87; 94; 95; 96; 99; 100; 101; 102; 113; 114; 115; 117; 118; 121; 122; 125; 130; 131; 195; 196; 197; 198; 228; 229; 231; 232; 233; 234; 235; 236; 237; 238; 239; 240; 241; 245; 246; 247; 248; 249; 254; 279; 283; 320; 321; 322; 323; 324; 351; 356; 362; 363; 364; 365; 366; 367
ACTA1,ACTC1,Actin-related protein 2/3 complex subunit 3,4,4,22,0,0,0.0,0.0,,0,0,,4; 5; 46; 47; 48; 49; 87; 91; 92; 95; 97; 99; 125; 126; 128; 350; 351; 353; 354; 355; 361; 373
ACTA1,ACTC1,Actin-related protein 2/3 complex subunit 4,4,4,30,0,0,0.0,0.0,,0,0,,21; 28; 50; 51; 52; 79; 80; 83; 84; 87; 90; 91; 92; 93; 94; 95; 96; 97; 98; 99; 100; 101; 118; 121; 122; 125; 126; 127; 128; 359
ACTA1,ACTC1,Actin-related protein 2/3 complex subunit 5-like protein,4,4,8,1,1,0.25,0.125,58.3,1,1,66,37; 38; 39; 40; 41; 51; 66; 68
ACTA1,ACTC1,Actin-related protein 3,4,4,76,1,1,0.25,0.013157894736842105,13.9,1,3,198,37; 38; 39; 40; 41; 42; 43; 44; 45; 46; 47; 48; 49; 50; 51; 53; 60; 61; 62; 63; 64; 65; 117; 121; 124; 125; 128; 133; 143; 198; 200; 202; 204; 205; 208; 224; 227; 228; 230; 231; 232; 233; 234; 237; 238; 239; 240; 241; 242; 243; 244; 245; 246; 247; 248; 249; 346; 351; 354; 355; 359; 360; 361; 362; 363; 364; 365; 366; 367; 368; 369; 371; 372; 373; 374; 375
ACTA1,ACTC1,Adducin 1,4,4,88,1,1,0.25,0.011363636363636364,90.2,1,2,352,4; 5; 6; 16; 21; 23; 24; 25; 26; 27; 28; 29; 30; 38; 39; 40; 41; 42; 43; 44; 45; 46; 47; 48; 49; 50; 51; 56; 93; 95; 96; 97; 100; 101; 133; 143; 144; 145; 146; 147; 148; 149; 166; 167; 168; 169; 173; 214; 215; 222; 224; 225; 228; 279; 280; 283; 284; 285; 286; 287; 288; 290; 292; 295; 296; 305; 332; 333; 334; 336; 337; 340; 341; 344; 345; 346; 348; 349; 350; 351; 352; 354; 355; 371; 372; 373; 374; 375
ACTA1,ACTC1,Adenylyl cyclase-associated protein 1,4,4,49,0,0,0.0,0.0,,0,0,,32; 40; 43; 44; 45; 46; 47; 48; 49; 50; 53; 56; 57; 59; 60; 61; 62; 63; 64; 65; 88; 91; 92; 93; 95; 188; 191; 195; 202; 203; 204; 205; 207; 208; 210; 211; 215; 240; 241; 242; 243; 244; 245; 256; 265; 266; 267; 268; 270
ACTA1,ACTC1,Afadin,4,4,10,0,0,0.0,0.0,,0,0,,6; 21; 22; 23; 24; 25; 28; 348; 349; 350
ACTA1,ACTC1,Alpha-catenin-like protein hmp-1,4,4,55,0,0,0.0,0.0,,0,0,,21; 23; 24; 25; 26; 27; 28; 29; 30; 44; 45; 46; 47; 48; 49; 50; 51; 52; 53; 54; 57; 84; 87; 88; 91; 92; 93; 94; 95; 96; 97; 99; 100; 142; 143; 144; 145; 146; 147; 148; 296; 328; 330; 332; 333; 334; 336; 337; 341; 344; 345; 348; 349; 350; 351
ACTA1,ACTC1,Beta-adducin,4,4,132,1,1,0.25,0.007575757575757576,83.0,1,1,352,5; 6; 16; 21; 23; 24; 25; 26; 27; 28; 29; 30; 38; 39; 40; 41; 42; 43; 44; 45; 46; 47; 48; 49; 50; 51; 56; 95; 96; 97; 100; 101; 113; 114; 117; 118; 121; 124; 125; 126; 128; 133; 143; 144; 145; 146; 147; 148; 149; 167; 168; 169; 172; 188; 195; 196; 214; 223; 224; 227; 228; 230; 231; 232; 233; 234; 236; 237; 251; 252; 253; 256; 263; 265; 266; 279; 283; 287; 288; 290; 291; 292; 295; 296; 305; 310; 311; 314; 318; 319; 320; 321; 322; 323; 324; 326; 327; 328; 329; 330; 331; 332; 333; 334; 336; 337; 338; 340; 341; 344; 345; 346; 348; 349; 350; 351; 352; 354; 355; 359; 362; 363; 364; 365; 366; 367; 368; 371; 372; 373; 374; 375
ACTA1,ACTC1,Catenin alpha-1,4,4,78,0,0,0.0,0.0,,0,0,,21; 23; 24; 25; 26; 27; 28; 29; 30; 44; 45; 46; 47; 48; 49; 50; 51; 52; 53; 56; 57; 59; 60; 61; 62; 84; 87; 91; 92; 93; 94; 95; 96; 97; 99; 126; 127; 142; 143; 144; 145; 146; 147; 148; 149; 167; 169; 211; 215; 216; 238; 239; 240; 241; 242; 243; 247; 288; 291; 296; 305; 324; 328; 329; 330; 331; 332; 333; 334; 336; 337; 341; 344; 345; 348; 349; 350; 351
ACTA1,ACTC1,Cell invasion protein SipA,4,4,134,4,4,1.0,0.029850746268656716,41.99767628205128,4,49,66; 72; 198; 352,37; 38; 39; 40; 41; 42; 43; 44; 45; 46; 47; 48; 49; 51; 66; 67; 68; 69; 70; 71; 72; 73; 75; 76; 77; 78; 79; 80; 83; 84; 112; 113; 114; 117; 118; 121; 125; 126; 133; 139; 143; 158; 169; 170; 172; 173; 179; 183; 184; 187; 195; 196; 197; 198; 199; 200; 201; 202; 203; 204; 205; 206; 208; 222; 223; 224; 225; 227; 228; 230; 231; 232; 233; 234; 237; 239; 242; 243; 244; 246; 247; 248; 249; 251; 252; 253; 256; 263; 265; 266; 267; 268; 269; 270; 271; 275; 276; 279; 280; 283; 284; 285; 286; 287; 288; 290; 312; 315; 316; 318; 319; 320; 321; 322; 323; 346; 351; 352; 354; 355; 361; 362; 363; 364; 365; 366; 367; 368; 369; 371; 372; 373; 374; 375
ACTA1,ACTC1,Cofilin,4,4,82,1,1,0.25,0.012195121951219513,98.575,1,32,352,16; 23; 24; 25; 26; 27; 28; 29; 30; 31; 32; 46; 47; 48; 49; 50; 53; 56; 57; 59; 60; 61; 88; 91; 92; 93; 94; 95; 96; 97; 100; 133; 134; 135; 136; 139; 140; 143; 144; 145; 146; 147; 148; 149; 157; 166; 167; 168; 169; 207; 210; 211; 214; 215; 288; 291; 292; 296; 305; 326; 328; 330; 331; 332; 333; 334; 336; 337; 338; 341; 342; 344; 345; 346; 348; 349; 350; 351; 352; 354; 355; 375
ACTA1,ACTC1,Cofilin (UNC-60B),4,4,71,1,1,0.25,0.014084507042253521,100.0,1,6,352,16; 23; 25; 26; 27; 28; 29; 30; 31; 32; 47; 49; 50; 53; 56; 57; 59; 60; 61; 91; 92; 93; 94; 95; 96; 97; 100; 133; 135; 139; 140; 143; 144; 145; 146; 147; 148; 149; 167; 168; 169; 207; 210; 211; 214; 215; 291; 296; 305; 326; 328; 330; 332; 333; 334; 336; 337; 338; 341; 342; 344; 345; 346; 348; 349; 350; 351; 352; 354; 355; 375
ACTA1,ACTC1,Cofilin-1,4,4,76,1,1,0.25,0.013157894736842105,99.45806451612903,1,31,352,21; 23; 24; 25; 26; 27; 28; 29; 30; 31; 44; 45; 50; 51; 53; 56; 57; 60; 61; 87; 88; 91; 92; 93; 94; 95; 96; 97; 99; 100; 101; 133; 140; 142; 143; 144; 145; 146; 147; 148; 149; 166; 167; 168; 169; 214; 215; 288; 291; 292; 295; 296; 305; 326; 328; 330; 331; 332; 333; 334; 336; 337; 338; 341; 342; 343; 345; 346; 348; 349; 350; 351; 352; 354; 355; 375
ACTA1,ACTC1,Cofilin-2,4,4,77,1,1,0.25,0.012987012987012988,99.16904761904763,1,42,352,4; 5; 21; 23; 24; 25; 26; 27; 28; 29; 30; 31; 50; 53; 56; 57; 60; 61; 88; 91; 92; 93; 94; 95; 96; 97; 99; 100; 101; 133; 134; 135; 136; 139; 140; 143; 144; 145; 146; 147; 148; 149; 166; 167; 168; 169; 214; 215; 291; 292; 295; 296; 305; 326; 328; 330; 331; 332; 333; 334; 336; 337; 338; 341; 342; 345; 346; 348; 349; 350; 351; 352; 353; 354; 355; 374; 375
ACTA1,ACTC1,"Coronin-1B,Methylated-DNA--protein-cysteine methyltransferase",4,4,98,2,2,0.5,0.02040816326530612,24.860416666666666,2,36,66; 198,6; 37; 38; 39; 40; 41; 42; 49; 50; 51; 52; 66; 68; 75; 76; 77; 78; 79; 80; 81; 83; 84; 87; 91; 92; 95; 96; 97; 99; 100; 101; 102; 114; 115; 117; 118; 121; 122; 124; 125; 126; 127; 128; 130; 131; 169; 196; 198; 222; 224; 225; 230; 231; 232; 233; 234; 235; 237; 239; 246; 247; 248; 249; 250; 251; 252; 265; 270; 279; 315; 316; 318; 319; 320; 321; 322; 323; 350; 351; 353; 354; 355; 356; 357; 358; 359; 360; 361; 362; 363; 364; 365; 366; 367; 368; 369; 372; 373
ACTA1,ACTC1,Dematin actin binding protein,4,4,125,0,0,0.0,0.0,,0,0,,2; 3; 4; 5; 6; 21; 22; 23; 24; 25; 26; 27; 28; 38; 39; 40; 41; 42; 43; 44; 45; 46; 47; 48; 49; 50; 51; 95; 96; 97; 99; 100; 101; 102; 121; 125; 130; 131; 133; 143; 144; 145; 146; 147; 168; 169; 172; 215; 216; 218; 219; 221; 222; 223; 224; 226; 229; 230; 231; 232; 233; 234; 235; 237; 238; 239; 240; 241; 247; 249; 259; 262; 263; 264; 265; 266; 268; 269; 270; 271; 272; 273; 275; 276; 305; 307; 308; 312; 315; 316; 318; 319; 320; 330; 332; 333; 334; 337; 340; 341; 344; 345; 347; 348; 350; 351; 353; 354; 355; 356; 358; 359; 360; 361; 362; 363; 364; 365; 366; 367; 371; 372; 373; 374; 375
ACTA1,ACTC1,Epididymis secretory protein Li 37,4,4,43,0,0,0.0,0.0,,0,0,,23; 24; 25; 44; 45; 46; 47; 48; 49; 50; 51; 52; 53; 54; 56; 57; 61; 84; 87; 88; 91; 92; 93; 95; 96; 97; 98; 99; 100; 143; 144; 146; 147; 148; 167; 334; 341; 344; 345; 348; 349; 350; 351
ACTA1,ACTC1,F-actin-capping protein subunit alpha-1,4,4,46,1,1,0.25,0.021739130434782608,97.475,1,4,352,116; 133; 139; 143; 146; 147; 148; 166; 167; 168; 169; 170; 171; 172; 173; 263; 265; 266; 268; 269; 270; 271; 272; 283; 284; 285; 286; 287; 288; 289; 290; 342; 345; 346; 349; 350; 351; 352; 354; 355; 369; 371; 372; 373; 374; 375
ACTA1,ACTC1,F-actin-capping protein subunit beta,4,4,45,1,1,0.25,0.022222222222222223,99.1,1,4,352,113; 133; 139; 142; 143; 146; 147; 148; 166; 167; 168; 169; 173; 176; 224; 272; 276; 279; 280; 283; 284; 285; 286; 287; 288; 290; 320; 345; 346; 348; 349; 350; 351; 352; 354; 355; 364; 365; 368; 369; 371; 372; 373; 374; 375
ACTA1,ACTC1,Filamin-A,4,4,58,0,0,0.0,0.0,,0,0,,21; 24; 25; 26; 27; 28; 29; 30; 31; 44; 45; 46; 47; 48; 49; 50; 52; 53; 54; 56; 57; 60; 61; 83; 84; 87; 88; 91; 92; 93; 94; 95; 96; 97; 98; 100; 126; 142; 143; 144; 145; 146; 147; 148; 149; 167; 333; 334; 335; 336; 337; 341; 345; 348; 349; 350; 351; 354
ACTA1,ACTC1,Gelsolin,4,4,119,2,2,0.5,0.01680672268907563,64.4,2,4,66; 352,2; 3; 4; 22; 23; 24; 25; 26; 27; 28; 29; 30; 31; 37; 38; 39; 40; 41; 42; 43; 44; 45; 46; 47; 48; 49; 50; 51; 52; 54; 56; 57; 60; 61; 66; 68; 84; 87; 88; 91; 92; 93; 95; 96; 97; 98; 99; 100; 126; 127; 128; 133; 140; 142; 143; 144; 145; 146; 147; 148; 149; 166; 167; 168; 169; 221; 222; 223; 224; 259; 262; 263; 264; 265; 266; 269; 270; 271; 272; 273; 275; 276; 291; 292; 295; 296; 311; 312; 314; 315; 316; 318; 319; 326; 328; 329; 330; 332; 334; 337; 338; 340; 341; 342; 344; 345; 346; 348; 349; 350; 351; 352; 353; 354; 355; 372; 373; 374; 375
ACTA1,ACTC1,Inositol-trisphosphate 3-kinase A,4,4,37,0,0,0.0,0.0,,0,0,,22; 23; 24; 25; 26; 44; 45; 46; 47; 48; 49; 50; 51; 53; 87; 91; 92; 142; 143; 144; 145; 146; 147; 148; 167; 332; 333; 334; 337; 340; 341; 344; 345; 348; 349; 350; 351
ACTA1,ACTC1,Inverted formin-2,4,4,112,1,1,0.25,0.008928571428571428,47.95,1,4,352,5; 6; 21; 22; 23; 24; 25; 26; 27; 28; 44; 45; 46; 47; 48; 49; 50; 79; 80; 83; 87; 91; 92; 93; 94; 95; 96; 98; 99; 101; 114; 117; 118; 121; 122; 124; 125; 126; 127; 128; 130; 131; 142; 143; 144; 145; 146; 147; 148; 149; 166; 167; 168; 169; 216; 229; 231; 232; 233; 234; 235; 237; 238; 239; 240; 241; 242; 243; 244; 245; 247; 249; 291; 292; 295; 296; 322; 323; 324; 325; 326; 327; 328; 330; 332; 334; 341; 344; 345; 346; 348; 349; 350; 351; 352; 353; 354; 355; 356; 358; 359; 360; 361; 362; 363; 364; 365; 366; 367; 368; 369; 373
ACTA1,ACTC1,Isoform 2 of F-actin-capping protein subunit beta,4,4,46,1,1,0.25,0.021739130434782608,98.05,1,2,352,110; 133; 136; 139; 143; 145; 146; 147; 148; 166; 167; 168; 169; 170; 171; 172; 173; 176; 224; 272; 276; 277; 279; 280; 283; 284; 285; 286; 288; 290; 320; 345; 346; 348; 349; 350; 351; 352; 354; 355; 361; 364; 369; 372; 373; 375
ACTA1,ACTC1,"Isoform A2 of Troponin T, cardiac muscle",4,4,36,1,1,0.25,0.027777777777777776,7.8,1,1,352,25; 41; 42; 43; 44; 45; 46; 47; 48; 49; 50; 133; 136; 143; 144; 145; 146; 147; 148; 167; 168; 332; 333; 334; 341; 345; 349; 350; 351; 352; 354; 355; 371; 372; 373; 375
ACTA1,ACTC1,Leiomodin-2,4,4,93,4,4,1.0,0.043010752688172046,28.633333333333333,4,8,66; 72; 198; 352,37; 38; 39; 40; 41; 42; 43; 44; 45; 46; 47; 48; 49; 50; 51; 52; 66; 68; 69; 70; 72; 75; 76; 77; 78; 79; 80; 81; 83; 84; 112; 114; 117; 118; 121; 122; 124; 125; 126; 167; 168; 169; 195; 196; 197; 198; 199; 224; 244; 245; 246; 247; 248; 249; 262; 263; 264; 265; 269; 270; 271; 272; 273; 275; 276; 279; 280; 283; 290; 318; 319; 320; 321; 322; 323; 349; 351; 352; 354; 355; 359; 361; 362; 363; 364; 365; 366; 367; 369; 371; 372; 373; 374
ACTA1,ACTC1,"Maltose/maltodextrin-binding periplasmic protein,Adenylate cyclase ExoY",4,4,53,0,0,0.0,0.0,,0,0,,16; 21; 23; 24; 25; 26; 27; 28; 29; 30; 31; 32; 44; 45; 46; 47; 56; 57; 59; 87; 90; 91; 92; 93; 94; 95; 96; 97; 99; 128; 142; 143; 144; 145; 146; 147; 148; 210; 211; 214; 305; 333; 334; 335; 336; 337; 341; 344; 345; 348; 349; 350; 351
ACTA1,ACTC1,"Maltose/maltodextrin-binding periplasmic protein,TccC3",4,4,44,0,0,0.0,0.0,,0,0,,25; 44; 45; 46; 47; 48; 49; 50; 53; 56; 57; 60; 61; 88; 92; 93; 95; 142; 143; 144; 145; 146; 147; 148; 149; 167; 168; 291; 292; 295; 296; 326; 328; 329; 330; 332; 333; 334; 341; 345; 348; 349; 350; 351
ACTA1,ACTC1,Myosin heavy chain 4,4,4,52,0,0,0.0,0.0,,0,0,,5; 6; 21; 22; 23; 24; 25; 26; 27; 28; 29; 30; 44; 45; 46; 47; 48; 49; 50; 56; 94; 95; 96; 101; 142; 143; 145; 146; 147; 148; 305; 310; 311; 314; 328; 329; 330; 331; 332; 333; 334; 336; 337; 341; 344; 345; 348; 349; 350; 351; 353; 354
ACTA1,ACTC1,"Myosin-14,Alpha-actinin A",4,4,53,1,1,0.25,0.018867924528301886,17.95,1,2,352,3; 4; 22; 23; 24; 25; 26; 27; 28; 29; 30; 44; 45; 46; 47; 48; 49; 50; 56; 91; 93; 95; 96; 97; 100; 142; 143; 144; 145; 146; 147; 148; 167; 168; 305; 314; 328; 329; 330; 332; 333; 334; 337; 341; 344; 345; 348; 349; 350; 351; 352; 353; 354
ACTA1,ACTC1,Myosin-6,4,4,42,0,0,0.0,0.0,,0,0,,23; 24; 25; 26; 27; 28; 29; 30; 44; 45; 46; 47; 48; 56; 93; 94; 95; 96; 142; 143; 146; 147; 148; 305; 311; 314; 328; 330; 332; 333; 334; 336; 337; 341; 344; 345; 348; 349; 350; 351; 353; 354
ACTA1,ACTC1,Myosin-7,4,4,54,0,0,0.0,0.0,,0,0,,6; 21; 22; 23; 24; 25; 26; 27; 28; 29; 30; 44; 45; 46; 47; 48; 49; 50; 56; 93; 94; 95; 96; 97; 101; 142; 143; 145; 146; 147; 148; 149; 296; 305; 311; 314; 328; 329; 330; 331; 332; 333; 334; 336; 337; 341; 344; 345; 348; 349; 350; 351; 353; 354
ACTA1,ACTC1,Myosin-A,4,4,49,0,0,0.0,0.0,,0,0,,6; 23; 24; 25; 26; 27; 28; 30; 44; 45; 46; 47; 48; 49; 50; 57; 87; 91; 92; 95; 96; 97; 142; 143; 145; 146; 147; 148; 167; 305; 328; 329; 330; 331; 332; 333; 334; 335; 336; 337; 341; 344; 345; 348; 349; 350; 351; 353; 354
ACTA1,ACTC1,Plastin-3,4,4,46,0,0,0.0,0.0,,0,0,,5; 23; 24; 25; 44; 45; 46; 47; 49; 50; 51; 52; 53; 54; 57; 61; 84; 87; 88; 90; 91; 92; 93; 94; 95; 96; 97; 98; 99; 100; 101; 143; 144; 146; 147; 148; 167; 169; 334; 341; 344; 345; 348; 349; 350; 351
ACTA1,ACTC1,Profilin-1,4,4,29,0,0,0.0,0.0,,0,0,,113; 116; 133; 136; 166; 167; 169; 170; 171; 172; 173; 284; 285; 286; 287; 288; 289; 290; 354; 355; 361; 365; 368; 369; 371; 372; 373; 374; 375
ACTA1,ACTC1,Protein diaphanous homolog 1,4,4,66,1,1,0.25,0.015151515151515152,46.6,1,1,352,5; 6; 7; 22; 23; 24; 25; 44; 45; 46; 47; 48; 50; 61; 80; 83; 118; 121; 125; 126; 128; 143; 144; 145; 146; 147; 148; 149; 166; 167; 168; 169; 233; 234; 239; 292; 296; 318; 319; 321; 323; 324; 326; 328; 330; 340; 341; 344; 345; 346; 347; 348; 349; 350; 351; 352; 353; 355; 359; 362; 363; 364; 365; 366; 367; 372
ACTA1,ACTC1,Spectrin beta chain,4,4,76,0,0,0.0,0.0,,0,0,,2; 3; 21; 23; 24; 25; 26; 27; 28; 29; 30; 31; 44; 45; 46; 47; 48; 49; 50; 51; 52; 53; 54; 56; 57; 58; 61; 83; 84; 87; 88; 90; 91; 92; 93; 94; 95; 96; 97; 98; 99; 100; 124; 125; 128; 142; 143; 144; 145; 146; 147; 148; 167; 214; 215; 305; 306; 307; 308; 309; 331; 332; 333; 334; 335; 336; 337; 341; 345; 348; 349; 350; 351; 359; 362; 363
ACTA1,ACTC1,Src substrate cortactin,4,4,65,0,0,0.0,0.0,,0,0,,16; 18; 26; 27; 28; 29; 30; 31; 32; 45; 46; 47; 48; 56; 57; 59; 60; 61; 62; 144; 145; 146; 147; 148; 149; 166; 167; 207; 208; 210; 211; 214; 215; 217; 221; 240; 241; 242; 243; 288; 289; 291; 292; 295; 296; 298; 302; 305; 306; 307; 308; 309; 310; 311; 314; 328; 329; 330; 331; 332; 333; 334; 335; 336; 337
ACTA1,ACTC1,Talin-1,4,4,72,0,0,0.0,0.0,,0,0,,3; 4; 5; 23; 24; 25; 44; 45; 46; 47; 48; 49; 50; 51; 52; 53; 57; 83; 84; 87; 91; 92; 97; 98; 99; 100; 101; 102; 121; 124; 125; 126; 127; 128; 129; 130; 131; 143; 144; 145; 146; 147; 148; 328; 329; 330; 331; 332; 333; 334; 340; 341; 344; 345; 348; 349; 350; 351; 353; 354; 356; 358; 359; 360; 361; 362; 363; 364; 365; 366; 367; 373
ACTA1,ACTC1,Tropomodulin-1,4,4,132,3,3,0.75,0.022727272727272728,38.47777777777778,3,12,66; 72; 198,32; 37; 38; 39; 40; 41; 42; 43; 44; 45; 46; 47; 48; 49; 50; 51; 52; 53; 54; 56; 57; 59; 60; 61; 62; 63; 64; 66; 68; 69; 72; 75; 76; 77; 78; 79; 80; 81; 83; 84; 87; 88; 91; 92; 93; 95; 98; 99; 112; 114; 117; 118; 121; 122; 124; 125; 126; 127; 128; 195; 196; 197; 198; 199; 200; 201; 202; 204; 205; 207; 208; 210; 211; 213; 214; 215; 216; 217; 218; 219; 220; 221; 224; 226; 232; 233; 235; 236; 238; 239; 240; 241; 242; 243; 244; 245; 246; 247; 248; 249; 254; 262; 263; 264; 265; 266; 273; 275; 276; 279; 283; 294; 305; 306; 307; 308; 311; 316; 318; 319; 320; 321; 322; 323; 335; 359; 362; 363; 364; 365; 366; 367
ACTA1,ACTC1,Tropomyosin alpha-1 chain,4,4,35,0,0,0.0,0.0,,0,0,,25; 147; 215; 216; 217; 218; 219; 220; 221; 222; 225; 226; 235; 236; 238; 241; 254; 291; 295; 307; 308; 311; 314; 315; 318; 323; 324; 325; 326; 327; 328; 329; 330; 333; 334
ACTA1,ACTC1,Tropomyosin beta chain,4,4,11,0,0,0.0,0.0,,0,0,,218; 219; 220; 221; 222; 226; 238; 254; 307; 308; 311
ACTA1,ACTC1,Tropomyosin-1.9,4,4,17,0,0,0.0,0.0,,0,0,,24; 25; 26; 27; 30; 144; 145; 147; 326; 328; 330; 332; 333; 334; 337; 341; 345
ACTA1,ACTC1,"Troponin T2, cardiac type",4,4,34,1,1,0.25,0.029411764705882353,1.1,1,1,352,24; 25; 41; 42; 43; 44; 45; 46; 47; 48; 49; 51; 133; 143; 144; 145; 146; 147; 148; 332; 333; 334; 341; 345; 349; 351; 352; 354; 355; 371; 372; 373; 374; 375
ACTA1,ACTC1,Unconventional myosin-Ib,4,4,66,0,0,0.0,0.0,,0,0,,2; 4; 6; 21; 22; 23; 24; 25; 26; 27; 28; 29; 30; 31; 44; 45; 46; 47; 48; 49; 50; 51; 56; 87; 91; 92; 93; 95; 96; 97; 98; 99; 100; 127; 128; 142; 143; 144; 145; 146; 147; 148; 305; 310; 311; 314; 327; 328; 329; 330; 331; 332; 333; 334; 335; 336; 337; 341; 344; 345; 348; 349; 350; 351; 353; 354
ACTA1,ACTC1,Utrophin,4,4,51,0,0,0.0,0.0,,0,0,,21; 24; 25; 26; 27; 28; 29; 30; 31; 44; 45; 46; 47; 48; 49; 50; 51; 52; 53; 54; 56; 57; 61; 84; 87; 88; 91; 92; 93; 94; 95; 96; 97; 98; 99; 143; 144; 146; 147; 148; 149; 167; 333; 334; 337; 341; 345; 348; 349; 350; 351
ACTA1,ACTC1,Vibrio VopV,4,4,95,3,3,0.75,0.031578947368421054,75.65363636363638,3,32,66; 72; 198,35; 37; 38; 39; 66; 67; 68; 69; 70; 71; 72; 73; 75; 76; 77; 78; 79; 80; 81; 110; 111; 112; 114; 115; 117; 118; 121; 125; 173; 176; 177; 179; 183; 184; 187; 190; 194; 195; 196; 197; 198; 199; 200; 201; 202; 203; 205; 206; 239; 240; 241; 242; 244; 245; 246; 247; 248; 249; 262; 263; 264; 265; 267; 268; 269; 270; 271; 272; 273; 275; 276; 279; 280; 283; 284; 285; 286; 287; 290; 294; 318; 319; 320; 321; 322; 323; 324; 359; 362; 363; 364; 365; 366; 367; 368
ACTA1,ACTC1,Vinculin,4,4,65,0,0,0.0,0.0,,0,0,,5; 23; 24; 25; 26; 44; 45; 46; 47; 48; 49; 50; 51; 52; 53; 57; 61; 80; 83; 84; 87; 88; 91; 92; 93; 95; 96; 97; 99; 100; 102; 126; 127; 130; 131; 142; 143; 144; 145; 146; 147; 148; 296; 328; 330; 331; 332; 333; 334; 337; 341; 344; 345; 348; 349; 350; 351; 353; 354; 355; 356; 358; 360; 361; 373
ACTA1,ACTC1,VopV,4,4,85,3,3,0.75,0.03529411764705882,72.0060606060606,3,35,66; 72; 198,35; 37; 39; 63; 66; 67; 68; 69; 70; 71; 72; 73; 75; 76; 77; 78; 79; 81; 84; 110; 111; 112; 114; 115; 117; 118; 121; 125; 126; 128; 173; 176; 177; 179; 183; 187; 194; 196; 197; 198; 199; 200; 201; 202; 203; 204; 205; 206; 239; 241; 242; 244; 245; 246; 247; 248; 249; 268; 269; 270; 271; 272; 276; 279; 280; 283; 284; 285; 286; 287; 288; 290; 318; 319; 320; 321; 322; 323; 324; 362; 363; 364; 365; 366; 367
ACTA1,ACTC1,"WD repeat-containing protein 1,Methylated-DNA--protein-cysteine methyltransferase",4,4,52,0,0,0.0,0.0,,0,0,,166; 169; 171; 221; 222; 224; 225; 226; 228; 229; 230; 232; 233; 234; 235; 238; 270; 276; 311; 314; 315; 316; 318; 319; 320; 321; 322; 323; 324; 325; 326; 327; 328; 330; 353; 354; 355; 356; 358; 360; 361; 362; 363; 364; 365; 366; 367; 368; 369; 372; 373; 375
ACTA1,ACTC1,beta-cardiac myosin II,4,4,38,0,0,0.0,0.0,,0,0,,22; 23; 24; 25; 26; 27; 28; 29; 30; 44; 45; 46; 47; 48; 56; 142; 143; 145; 146; 147; 148; 311; 314; 328; 329; 330; 332; 333; 334; 337; 341; 344; 345; 348; 349; 350; 351; 354
ACTA1,ACTG1,Actin-interacting protein 1,22,18,82,5,4,0.2222222222222222,0.04878048780487805,12.1375,4,12,41; 46; 68; 307,37; 38; 39; 40; 41; 43; 44; 45; 46; 47; 48; 49; 50; 51; 52; 53; 64; 66; 68; 78; 79; 80; 83; 84; 87; 118; 122; 125; 126; 128; 166; 167; 169; 221; 222; 224; 225; 226; 228; 229; 230; 232; 233; 234; 235; 238; 254; 276; 307; 308; 310; 311; 314; 315; 318; 319; 320; 321; 323; 324; 325; 326; 327; 328; 329; 330; 354; 355; 358; 360; 361; 362; 363; 364; 365; 366; 367; 368; 369; 372; 373; 375
ACTA1,ACTG1,Actin-related protein 2,22,18,52,6,4,0.2222222222222222,0.07692307692307693,31.26333333333333,4,17,41; 46; 227; 268,38; 39; 40; 41; 42; 43; 44; 45; 46; 47; 48; 49; 50; 53; 60; 61; 62; 63; 64; 65; 66; 67; 188; 191; 192; 194; 195; 196; 197; 199; 200; 201; 202; 203; 204; 205; 208; 227; 230; 231; 241; 242; 243; 244; 245; 246; 247; 252; 266; 267; 268; 270
ACTA1,ACTG1,Actin-related protein 2/3 complex subunit 1,22,18,27,5,3,0.16666666666666666,0.1111111111111111,28.211111111111112,3,5,4; 46; 333,4; 23; 24; 25; 44; 45; 46; 47; 48; 142; 143; 144; 145; 146; 147; 148; 333; 334; 340; 341; 344; 345; 348; 349; 350; 351; 352
ACTA1,ACTG1,Actin-related protein 2/3 complex subunit 1B,22,18,22,2,1,0.05555555555555555,0.045454545454545456,50.2,1,1,46,23; 24; 25; 44; 45; 46; 47; 48; 142; 143; 144; 145; 146; 147; 148; 341; 344; 345; 348; 349; 350; 351
ACTA1,ACTG1,Actin-related protein 2/3 complex subunit 2,22,18,76,4,3,0.16666666666666666,0.039473684210526314,28.639999999999997,3,9,4; 46; 114,4; 5; 6; 7; 8; 21; 22; 23; 24; 28; 46; 48; 49; 50; 51; 75; 76; 77; 79; 83; 87; 94; 95; 96; 99; 100; 101; 102; 113; 114; 115; 117; 118; 121; 122; 125; 130; 131; 195; 196; 197; 198; 228; 229; 231; 232; 233; 234; 235; 236; 237; 238; 239; 240; 241; 245; 246; 247; 248; 249; 254; 279; 283; 320; 321; 322; 323; 324; 351; 356; 362; 363; 364; 365; 366; 367
ACTA1,ACTG1,Actin-related protein 2/3 complex subunit 3,22,18,22,5,3,0.16666666666666666,0.13636363636363635,25.71666666666667,3,5,4; 46; 92,4; 5; 46; 47; 48; 49; 87; 91; 92; 95; 97; 99; 125; 126; 128; 350; 351; 353; 354; 355; 361; 373
ACTA1,ACTG1,Actin-related protein 2/3 complex subunit 4,22,18,30,3,2,0.1111111111111111,0.06666666666666667,7.359999999999999,2,6,92; 93,21; 28; 50; 51; 52; 79; 80; 83; 84; 87; 90; 91; 92; 93; 94; 95; 96; 97; 98; 99; 100; 101; 118; 121; 122; 125; 126; 127; 128; 359
ACTA1,ACTG1,Actin-related protein 2/3 complex subunit 5-like protein,22,18,8,2,2,0.1111111111111111,0.25,12.8,2,2,41; 68,37; 38; 39; 40; 41; 51; 66; 68
ACTA1,ACTG1,Actin-related protein 3,22,18,76,5,3,0.16666666666666666,0.039473684210526314,32.86150793650794,3,17,41; 46; 227,37; 38; 39; 40; 41; 42; 43; 44; 45; 46; 47; 48; 49; 50; 51; 53; 60; 61; 62; 63; 64; 65; 117; 121; 124; 125; 128; 133; 143; 198; 200; 202; 204; 205; 208; 224; 227; 228; 230; 231; 232; 233; 234; 237; 238; 239; 240; 241; 242; 243; 244; 245; 246; 247; 248; 249; 346; 351; 354; 355; 359; 360; 361; 362; 363; 364; 365; 366; 367; 368; 369; 371; 372; 373; 374; 375
ACTA1,ACTG1,Adducin 1,22,18,88,8,6,0.3333333333333333,0.06818181818181818,32.425000000000004,6,10,4; 41; 46; 93; 332; 333,4; 5; 6; 16; 21; 23; 24; 25; 26; 27; 28; 29; 30; 38; 39; 40; 41; 42; 43; 44; 45; 46; 47; 48; 49; 50; 51; 56; 93; 95; 96; 97; 100; 101; 133; 143; 144; 145; 146; 147; 148; 149; 166; 167; 168; 169; 173; 214; 215; 222; 224; 225; 228; 279; 280; 283; 284; 285; 286; 287; 288; 290; 292; 295; 296; 305; 332; 333; 334; 336; 337; 340; 341; 344; 345; 346; 348; 349; 350; 351; 352; 354; 355; 371; 372; 373; 374; 375
ACTA1,ACTG1,Adenylyl cyclase-associated protein 1,22,18,49,6,4,0.2222222222222222,0.08163265306122448,40.27916666666667,4,20,46; 92; 93; 268,32; 40; 43; 44; 45; 46; 47; 48; 49; 50; 53; 56; 57; 59; 60; 61; 62; 63; 64; 65; 88; 91; 92; 93; 95; 188; 191; 195; 202; 203; 204; 205; 207; 208; 210; 211; 215; 240; 241; 242; 243; 244; 245; 256; 265; 266; 267; 268; 270
ACTA1,ACTG1,Afadin,22,18,10,0,0,0.0,0.0,,0,0,,6; 21; 22; 23; 24; 25; 28; 348; 349; 350
ACTA1,ACTG1,Alpha-catenin-like protein hmp-1,22,18,55,8,5,0.2777777777777778,0.09090909090909091,41.26199999999999,5,30,46; 92; 93; 332; 333,21; 23; 24; 25; 26; 27; 28; 29; 30; 44; 45; 46; 47; 48; 49; 50; 51; 52; 53; 54; 57; 84; 87; 88; 91; 92; 93; 94; 95; 96; 97; 99; 100; 142; 143; 144; 145; 146; 147; 148; 296; 328; 330; 332; 333; 334; 336; 337; 341; 344; 345; 348; 349; 350; 351
ACTA1,ACTG1,Beta-adducin,22,18,132,9,6,0.3333333333333333,0.045454545454545456,56.47416666666667,6,13,41; 46; 114; 227; 332; 333,5; 6; 16; 21; 23; 24; 25; 26; 27; 28; 29; 30; 38; 39; 40; 41; 42; 43; 44; 45; 46; 47; 48; 49; 50; 51; 56; 95; 96; 97; 100; 101; 113; 114; 117; 118; 121; 124; 125; 126; 128; 133; 143; 144; 145; 146; 147; 148; 149; 167; 168; 169; 172; 188; 195; 196; 214; 223; 224; 227; 228; 230; 231; 232; 233; 234; 236; 237; 251; 252; 253; 256; 263; 265; 266; 279; 283; 287; 288; 290; 291; 292; 295; 296; 305; 310; 311; 314; 318; 319; 320; 321; 322; 323; 324; 326; 327; 328; 329; 330; 331; 332; 333; 334; 336; 337; 338; 340; 341; 344; 345; 346; 348; 349; 350; 351; 352; 354; 355; 359; 362; 363; 364; 365; 366; 367; 368; 371; 372; 373; 374; 375
ACTA1,ACTG1,Catenin alpha-1,22,18,78,8,5,0.2777777777777778,0.0641025641025641,47.065952380952375,5,82,46; 92; 93; 332; 333,21; 23; 24; 25; 26; 27; 28; 29; 30; 44; 45; 46; 47; 48; 49; 50; 51; 52; 53; 56; 57; 59; 60; 61; 62; 84; 87; 91; 92; 93; 94; 95; 96; 97; 99; 126; 127; 142; 143; 144; 145; 146; 147; 148; 149; 167; 169; 211; 215; 216; 238; 239; 240; 241; 242; 243; 247; 288; 291; 296; 305; 324; 328; 329; 330; 331; 332; 333; 334; 336; 337; 341; 344; 345; 348; 349; 350; 351
ACTA1,ACTG1,Cell invasion protein SipA,22,18,134,10,8,0.4444444444444444,0.05970149253731343,43.11188409391535,8,122,41; 46; 68; 71; 114; 227; 268; 269,37; 38; 39; 40; 41; 42; 43; 44; 45; 46; 47; 48; 49; 51; 66; 67; 68; 69; 70; 71; 72; 73; 75; 76; 77; 78; 79; 80; 83; 84; 112; 113; 114; 117; 118; 121; 125; 126; 133; 139; 143; 158; 169; 170; 172; 173; 179; 183; 184; 187; 195; 196; 197; 198; 199; 200; 201; 202; 203; 204; 205; 206; 208; 222; 223; 224; 225; 227; 228; 230; 231; 232; 233; 234; 237; 239; 242; 243; 244; 246; 247; 248; 249; 251; 252; 253; 256; 263; 265; 266; 267; 268; 269; 270; 271; 275; 276; 279; 280; 283; 284; 285; 286; 287; 288; 290; 312; 315; 316; 318; 319; 320; 321; 322; 323; 346; 351; 352; 354; 355; 361; 362; 363; 364; 365; 366; 367; 368; 369; 371; 372; 373; 374; 375
ACTA1,ACTG1,Cofilin,22,18,82,8,5,0.2777777777777778,0.06097560975609756,26.53229774535809,5,143,46; 92; 93; 332; 333,16; 23; 24; 25; 26; 27; 28; 29; 30; 31; 32; 46; 47; 48; 49; 50; 53; 56; 57; 59; 60; 61; 88; 91; 92; 93; 94; 95; 96; 97; 100; 133; 134; 135; 136; 139; 140; 143; 144; 145; 146; 147; 148; 149; 157; 166; 167; 168; 169; 207; 210; 211; 214; 215; 288; 291; 292; 296; 305; 326; 328; 330; 331; 332; 333; 334; 336; 337; 338; 341; 342; 344; 345; 346; 348; 349; 350; 351; 352; 354; 355; 375
ACTA1,ACTG1,Cofilin (UNC-60B),22,18,71,6,4,0.2222222222222222,0.056338028169014086,33.666666666666664,4,30,92; 93; 332; 333,16; 23; 25; 26; 27; 28; 29; 30; 31; 32; 47; 49; 50; 53; 56; 57; 59; 60; 61; 91; 92; 93; 94; 95; 96; 97; 100; 133; 135; 139; 140; 143; 144; 145; 146; 147; 148; 149; 167; 168; 169; 207; 210; 211; 214; 215; 291; 296; 305; 326; 328; 330; 332; 333; 334; 336; 337; 338; 341; 342; 344; 345; 346; 348; 349; 350; 351; 352; 354; 355; 375
ACTA1,ACTG1,Cofilin-1,22,18,76,6,4,0.2222222222222222,0.05263157894736842,47.11903517614601,4,114,92; 93; 332; 333,21; 23; 24; 25; 26; 27; 28; 29; 30; 31; 44; 45; 50; 51; 53; 56; 57; 60; 61; 87; 88; 91; 92; 93; 94; 95; 96; 97; 99; 100; 101; 133; 140; 142; 143; 144; 145; 146; 147; 148; 149; 166; 167; 168; 169; 214; 215; 288; 291; 292; 295; 296; 305; 326; 328; 330; 331; 332; 333; 334; 336; 337; 338; 341; 342; 343; 345; 346; 348; 349; 350; 351; 352; 354; 355; 375
ACTA1,ACTG1,Cofilin-2,22,18,77,7,5,0.2777777777777778,0.06493506493506493,31.61024836601307,5,109,4; 92; 93; 332; 333,4; 5; 21; 23; 24; 25; 26; 27; 28; 29; 30; 31; 50; 53; 56; 57; 60; 61; 88; 91; 92; 93; 94; 95; 96; 97; 99; 100; 101; 133; 134; 135; 136; 139; 140; 143; 144; 145; 146; 147; 148; 149; 166; 167; 168; 169; 214; 215; 291; 292; 295; 296; 305; 326; 328; 330; 331; 332; 333; 334; 336; 337; 338; 341; 342; 345; 346; 348; 349; 350; 351; 352; 353; 354; 355; 374; 375
ACTA1,ACTG1,"Coronin-1B,Methylated-DNA--protein-cysteine methyltransferase",22,18,98,6,5,0.2777777777777778,0.05102040816326531,30.84717320261438,5,64,41; 68; 92; 114; 357,6; 37; 38; 39; 40; 41; 42; 49; 50; 51; 52; 66; 68; 75; 76; 77; 78; 79; 80; 81; 83; 84; 87; 91; 92; 95; 96; 97; 99; 100; 101; 102; 114; 115; 117; 118; 121; 122; 124; 125; 126; 127; 128; 130; 131; 169; 196; 198; 222; 224; 225; 230; 231; 232; 233; 234; 235; 237; 239; 246; 247; 248; 249; 250; 251; 252; 265; 270; 279; 315; 316; 318; 319; 320; 321; 322; 323; 350; 351; 353; 354; 355; 356; 357; 358; 359; 360; 361; 362; 363; 364; 365; 366; 367; 368; 369; 372; 373
ACTA1,ACTG1,Dematin actin binding protein,22,18,125,10,8,0.4444444444444444,0.064,30.35044642857143,8,47,4; 41; 46; 268; 269; 307; 332; 333,2; 3; 4; 5; 6; 21; 22; 23; 24; 25; 26; 27; 28; 38; 39; 40; 41; 42; 43; 44; 45; 46; 47; 48; 49; 50; 51; 95; 96; 97; 99; 100; 101; 102; 121; 125; 130; 131; 133; 143; 144; 145; 146; 147; 168; 169; 172; 215; 216; 218; 219; 221; 222; 223; 224; 226; 229; 230; 231; 232; 233; 234; 235; 237; 238; 239; 240; 241; 247; 249; 259; 262; 263; 264; 265; 266; 268; 269; 270; 271; 272; 273; 275; 276; 305; 307; 308; 312; 315; 316; 318; 319; 320; 330; 332; 333; 334; 337; 340; 341; 344; 345; 347; 348; 350; 351; 353; 354; 355; 356; 358; 359; 360; 361; 362; 363; 364; 365; 366; 367; 371; 372; 373; 374; 375
ACTA1,ACTG1,Epididymis secretory protein Li 37,22,18,43,5,3,0.16666666666666666,0.06976744186046512,68.01818181818182,3,33,46; 92; 93,23; 24; 25; 44; 45; 46; 47; 48; 49; 50; 51; 52; 53; 54; 56; 57; 61; 84; 87; 88; 91; 92; 93; 95; 96; 97; 98; 99; 100; 143; 144; 146; 147; 148; 167; 334; 341; 344; 345; 348; 349; 350; 351
ACTA1,ACTG1,F-actin-capping protein subunit alpha-1,22,18,46,2,2,0.1111111111111111,0.043478260869565216,42.80833333333334,2,12,268; 269,116; 133; 139; 143; 146; 147; 148; 166; 167; 168; 169; 170; 171; 172; 173; 263; 265; 266; 268; 269; 270; 271; 272; 283; 284; 285; 286; 287; 288; 289; 290; 342; 345; 346; 349; 350; 351; 352; 354; 355; 369; 371; 372; 373; 374; 375
ACTA1,ACTG1,F-actin-capping protein subunit beta,22,18,45,0,0,0.0,0.0,,0,0,,113; 133; 139; 142; 143; 146; 147; 148; 166; 167; 168; 169; 173; 176; 224; 272; 276; 279; 280; 283; 284; 285; 286; 287; 288; 290; 320; 345; 346; 348; 349; 350; 351; 352; 354; 355; 364; 365; 368; 369; 371; 372; 373; 374; 375
ACTA1,ACTG1,Filamin-A,22,18,58,7,4,0.2222222222222222,0.06896551724137931,65.135,4,20,46; 92; 93; 333,21; 24; 25; 26; 27; 28; 29; 30; 31; 44; 45; 46; 47; 48; 49; 50; 52; 53; 54; 56; 57; 60; 61; 83; 84; 87; 88; 91; 92; 93; 94; 95; 96; 97; 98; 100; 126; 142; 143; 144; 145; 146; 147; 148; 149; 167; 333; 334; 335; 336; 337; 341; 345; 348; 349; 350; 351; 354
ACTA1,ACTG1,Gelsolin,22,18,119,10,8,0.4444444444444444,0.06722689075630252,25.847812499999996,8,32,4; 41; 46; 68; 92; 93; 269; 332,2; 3; 4; 22; 23; 24; 25; 26; 27; 28; 29; 30; 31; 37; 38; 39; 40; 41; 42; 43; 44; 45; 46; 47; 48; 49; 50; 51; 52; 54; 56; 57; 60; 61; 66; 68; 84; 87; 88; 91; 92; 93; 95; 96; 97; 98; 99; 100; 126; 127; 128; 133; 140; 142; 143; 144; 145; 146; 147; 148; 149; 166; 167; 168; 169; 221; 222; 223; 224; 259; 262; 263; 264; 265; 266; 269; 270; 271; 272; 273; 275; 276; 291; 292; 295; 296; 311; 312; 314; 315; 316; 318; 319; 326; 328; 329; 330; 332; 334; 337; 338; 340; 341; 342; 344; 345; 346; 348; 349; 350; 351; 352; 353; 354; 355; 372; 373; 374; 375
ACTA1,ACTG1,Inositol-trisphosphate 3-kinase A,22,18,37,7,4,0.2222222222222222,0.10810810810810811,37.05571428571429,4,14,46; 92; 332; 333,22; 23; 24; 25; 26; 44; 45; 46; 47; 48; 49; 50; 51; 53; 87; 91; 92; 142; 143; 144; 145; 146; 147; 148; 167; 332; 333; 334; 337; 340; 341; 344; 345; 348; 349; 350; 351
ACTA1,ACTG1,Inverted formin-2,22,18,112,7,5,0.2777777777777778,0.044642857142857144,12.09,5,8,46; 92; 93; 114; 332,5; 6; 21; 22; 23; 24; 25; 26; 27; 28; 44; 45; 46; 47; 48; 49; 50; 79; 80; 83; 87; 91; 92; 93; 94; 95; 96; 98; 99; 101; 114; 117; 118; 121; 122; 124; 125; 126; 127; 128; 130; 131; 142; 143; 144; 145; 146; 147; 148; 149; 166; 167; 168; 169; 216; 229; 231; 232; 233; 234; 235; 237; 238; 239; 240; 241; 242; 243; 244; 245; 247; 249; 291; 292; 295; 296; 322; 323; 324; 325; 326; 327; 328; 330; 332; 334; 341; 344; 345; 346; 348; 349; 350; 351; 352; 353; 354; 355; 356; 358; 359; 360; 361; 362; 363; 364; 365; 366; 367; 368; 369; 373
ACTA1,ACTG1,Isoform 2 of F-actin-capping protein subunit beta,22,18,46,0,0,0.0,0.0,,0,0,,110; 133; 136; 139; 143; 145; 146; 147; 148; 166; 167; 168; 169; 170; 171; 172; 173; 176; 224; 272; 276; 277; 279; 280; 283; 284; 285; 286; 288; 290; 320; 345; 346; 348; 349; 350; 351; 352; 354; 355; 361; 364; 369; 372; 373; 375
ACTA1,ACTG1,"Isoform A2 of Troponin T, cardiac muscle",22,18,36,6,4,0.2222222222222222,0.1111111111111111,38.9125,4,6,41; 46; 332; 333,25; 41; 42; 43; 44; 45; 46; 47; 48; 49; 50; 133; 136; 143; 144; 145; 146; 147; 148; 167; 168; 332; 333; 334; 341; 345; 349; 350; 351; 352; 354; 355; 371; 372; 373; 375
ACTA1,ACTG1,Leiomodin-2,22,18,93,6,5,0.2777777777777778,0.053763440860215055,35.21333333333333,5,14,41; 46; 68; 114; 269,37; 38; 39; 40; 41; 42; 43; 44; 45; 46; 47; 48; 49; 50; 51; 52; 66; 68; 69; 70; 72; 75; 76; 77; 78; 79; 80; 81; 83; 84; 112; 114; 117; 118; 121; 122; 124; 125; 126; 167; 168; 169; 195; 196; 197; 198; 199; 224; 244; 245; 246; 247; 248; 249; 262; 263; 264; 265; 269; 270; 271; 272; 273; 275; 276; 279; 280; 283; 290; 318; 319; 320; 321; 322; 323; 349; 351; 352; 354; 355; 359; 361; 362; 363; 364; 365; 366; 367; 369; 371; 372; 373; 374
ACTA1,ACTG1,"Maltose/maltodextrin-binding periplasmic protein,Adenylate cyclase ExoY",22,18,53,7,4,0.2222222222222222,0.07547169811320754,64.0625,4,17,46; 92; 93; 333,16; 21; 23; 24; 25; 26; 27; 28; 29; 30; 31; 32; 44; 45; 46; 47; 56; 57; 59; 87; 90; 91; 92; 93; 94; 95; 96; 97; 99; 128; 142; 143; 144; 145; 146; 147; 148; 210; 211; 214; 305; 333; 334; 335; 336; 337; 341; 344; 345; 348; 349; 350; 351
ACTA1,ACTG1,"Maltose/maltodextrin-binding periplasmic protein,TccC3",22,18,44,8,5,0.2777777777777778,0.11363636363636363,18.68,5,5,46; 92; 93; 332; 333,25; 44; 45; 46; 47; 48; 49; 50; 53; 56; 57; 60; 61; 88; 92; 93; 95; 142; 143; 144; 145; 146; 147; 148; 149; 167; 168; 291; 292; 295; 296; 326; 328; 329; 330; 332; 333; 334; 341; 345; 348; 349; 350; 351
ACTA1,ACTG1,Myosin heavy chain 4,22,18,52,5,3,0.16666666666666666,0.057692307692307696,40.32777777777778,3,16,46; 332; 333,5; 6; 21; 22; 23; 24; 25; 26; 27; 28; 29; 30; 44; 45; 46; 47; 48; 49; 50; 56; 94; 95; 96; 101; 142; 143; 145; 146; 147; 148; 305; 310; 311; 314; 328; 329; 330; 331; 332; 333; 334; 336; 337; 341; 344; 345; 348; 349; 350; 351; 353; 354
ACTA1,ACTG1,"Myosin-14,Alpha-actinin A",22,18,53,7,5,0.2777777777777778,0.09433962264150944,46.24,5,9,4; 46; 93; 332; 333,3; 4; 22; 23; 24; 25; 26; 27; 28; 29; 30; 44; 45; 46; 47; 48; 49; 50; 56; 91; 93; 95; 96; 97; 100; 142; 143; 144; 145; 146; 147; 148; 167; 168; 305; 314; 328; 329; 330; 332; 333; 334; 337; 341; 344; 345; 348; 349; 350; 351; 352; 353; 354
ACTA1,ACTG1,Myosin-6,22,18,42,6,4,0.2222222222222222,0.09523809523809523,37.295833333333334,4,17,46; 93; 332; 333,23; 24; 25; 26; 27; 28; 29; 30; 44; 45; 46; 47; 48; 56; 93; 94; 95; 96; 142; 143; 146; 147; 148; 305; 311; 314; 328; 330; 332; 333; 334; 336; 337; 341; 344; 345; 348; 349; 350; 351; 353; 354
ACTA1,ACTG1,Myosin-7,22,18,54,6,4,0.2222222222222222,0.07407407407407407,34.655884740259744,4,37,46; 93; 332; 333,6; 21; 22; 23; 24; 25; 26; 27; 28; 29; 30; 44; 45; 46; 47; 48; 49; 50; 56; 93; 94; 95; 96; 97; 101; 142; 143; 145; 146; 147; 148; 149; 296; 305; 311; 314; 328; 329; 330; 331; 332; 333; 334; 336; 337; 341; 344; 345; 348; 349; 350; 351; 353; 354
ACTA1,ACTG1,Myosin-A,22,18,49,7,4,0.2222222222222222,0.08163265306122448,57.474999999999994,4,4,46; 92; 332; 333,6; 23; 24; 25; 26; 27; 28; 30; 44; 45; 46; 47; 48; 49; 50; 57; 87; 91; 92; 95; 96; 97; 142; 143; 145; 146; 147; 148; 167; 305; 328; 329; 330; 331; 332; 333; 334; 335; 336; 337; 341; 344; 345; 348; 349; 350; 351; 353; 354
ACTA1,ACTG1,Plastin-3,22,18,46,5,3,0.16666666666666666,0.06521739130434782,73.56666666666666,3,9,46; 92; 93,5; 23; 24; 25; 44; 45; 46; 47; 49; 50; 51; 52; 53; 54; 57; 61; 84; 87; 88; 90; 91; 92; 93; 94; 95; 96; 97; 98; 99; 100; 101; 143; 144; 146; 147; 148; 167; 169; 334; 341; 344; 345; 348; 349; 350; 351
ACTA1,ACTG1,Profilin-1,22,18,29,0,0,0.0,0.0,,0,0,,113; 116; 133; 136; 166; 167; 169; 170; 171; 172; 173; 284; 285; 286; 287; 288; 289; 290; 354; 355; 361; 365; 368; 369; 371; 372; 373; 374; 375
ACTA1,ACTG1,Protein diaphanous homolog 1,22,18,66,2,1,0.05555555555555555,0.015151515151515152,57.05,1,2,46,5; 6; 7; 22; 23; 24; 25; 44; 45; 46; 47; 48; 50; 61; 80; 83; 118; 121; 125; 126; 128; 143; 144; 145; 146; 147; 148; 149; 166; 167; 168; 169; 233; 234; 239; 292; 296; 318; 319; 321; 323; 324; 326; 328; 330; 340; 341; 344; 345; 346; 347; 348; 349; 350; 351; 352; 353; 355; 359; 362; 363; 364; 365; 366; 367; 372
ACTA1,ACTG1,Spectrin beta chain,22,18,76,9,6,0.3333333333333333,0.07894736842105263,53.81291666666666,6,69,46; 92; 93; 307; 332; 333,2; 3; 21; 23; 24; 25; 26; 27; 28; 29; 30; 31; 44; 45; 46; 47; 48; 49; 50; 51; 52; 53; 54; 56; 57; 58; 61; 83; 84; 87; 88; 90; 91; 92; 93; 94; 95; 96; 97; 98; 99; 100; 124; 125; 128; 142; 143; 144; 145; 146; 147; 148; 167; 214; 215; 305; 306; 307; 308; 309; 331; 332; 333; 334; 335; 336; 337; 341; 345; 348; 349; 350; 351; 359; 362; 363
ACTA1,ACTG1,Src substrate cortactin,22,18,65,6,4,0.2222222222222222,0.06153846153846154,62.775000000000006,4,4,46; 307; 332; 333,16; 18; 26; 27; 28; 29; 30; 31; 32; 45; 46; 47; 48; 56; 57; 59; 60; 61; 62; 144; 145; 146; 147; 148; 149; 166; 167; 207; 208; 210; 211; 214; 215; 217; 221; 240; 241; 242; 243; 288; 289; 291; 292; 295; 296; 298; 302; 305; 306; 307; 308; 309; 310; 311; 314; 328; 329; 330; 331; 332; 333; 334; 335; 336; 337
ACTA1,ACTG1,Talin-1,22,18,72,8,5,0.2777777777777778,0.06944444444444445,43.470333333333336,5,18,4; 46; 92; 332; 333,3; 4; 5; 23; 24; 25; 44; 45; 46; 47; 48; 49; 50; 51; 52; 53; 57; 83; 84; 87; 91; 92; 97; 98; 99; 100; 101; 102; 121; 124; 125; 126; 127; 128; 129; 130; 131; 143; 144; 145; 146; 147; 148; 328; 329; 330; 331; 332; 333; 334; 340; 341; 344; 345; 348; 349; 350; 351; 353; 354; 356; 358; 359; 360; 361; 362; 363; 364; 365; 366; 367; 373
ACTA1,ACTG1,Tropomodulin-1,22,18,132,9,7,0.3888888888888889,0.05303030303030303,45.17142857142858,7,18,41; 46; 68; 92; 93; 114; 307,32; 37; 38; 39; 40; 41; 42; 43; 44; 45; 46; 47; 48; 49; 50; 51; 52; 53; 54; 56; 57; 59; 60; 61; 62; 63; 64; 66; 68; 69; 72; 75; 76; 77; 78; 79; 80; 81; 83; 84; 87; 88; 91; 92; 93; 95; 98; 99; 112; 114; 117; 118; 121; 122; 124; 125; 126; 127; 128; 195; 196; 197; 198; 199; 200; 201; 202; 204; 205; 207; 208; 210; 211; 213; 214; 215; 216; 217; 218; 219; 220; 221; 224; 226; 232; 233; 235; 236; 238; 239; 240; 241; 242; 243; 244; 245; 246; 247; 248; 249; 254; 262; 263; 264; 265; 266; 273; 275; 276; 279; 283; 294; 305; 306; 307; 308; 311; 316; 318; 319; 320; 321; 322; 323; 335; 359; 362; 363; 364; 365; 366; 367
ACTA1,ACTG1,Tropomyosin alpha-1 chain,22,18,35,3,2,0.1111111111111111,0.05714285714285714,24.702916666666667,2,34,307; 333,25; 147; 215; 216; 217; 218; 219; 220; 221; 222; 225; 226; 235; 236; 238; 241; 254; 291; 295; 307; 308; 311; 314; 315; 318; 323; 324; 325; 326; 327; 328; 329; 330; 333; 334
ACTA1,ACTG1,Tropomyosin beta chain,22,18,11,1,1,0.05555555555555555,0.09090909090909091,34.800000000000004,1,3,307,218; 219; 220; 221; 222; 226; 238; 254; 307; 308; 311
ACTA1,ACTG1,Tropomyosin-1.9,22,18,17,3,2,0.1111111111111111,0.11764705882352941,33.45,2,4,332; 333,24; 25; 26; 27; 30; 144; 145; 147; 326; 328; 330; 332; 333; 334; 337; 341; 345
ACTA1,ACTG1,"Troponin T2, cardiac type",22,18,34,6,4,0.2222222222222222,0.11764705882352941,37.0,4,8,41; 46; 332; 333,24; 25; 41; 42; 43; 44; 45; 46; 47; 48; 49; 51; 133; 143; 144; 145; 146; 147; 148; 332; 333; 334; 341; 345; 349; 351; 352; 354; 355; 371; 372; 373; 374; 375
ACTA1,ACTG1,Unconventional myosin-Ib,22,18,66,9,6,0.3333333333333333,0.09090909090909091,43.061111111111124,6,18,4; 46; 92; 93; 332; 333,2; 4; 6; 21; 22; 23; 24; 25; 26; 27; 28; 29; 30; 31; 44; 45; 46; 47; 48; 49; 50; 51; 56; 87; 91; 92; 93; 95; 96; 97; 98; 99; 100; 127; 128; 142; 143; 144; 145; 146; 147; 148; 305; 310; 311; 314; 327; 328; 329; 330; 331; 332; 333; 334; 335; 336; 337; 341; 344; 345; 348; 349; 350; 351; 353; 354
ACTA1,ACTG1,Utrophin,22,18,51,7,4,0.2222222222222222,0.0784313725490196,70.28333333333335,4,12,46; 92; 93; 333,21; 24; 25; 26; 27; 28; 29; 30; 31; 44; 45; 46; 47; 48; 49; 50; 51; 52; 53; 54; 56; 57; 61; 84; 87; 88; 91; 92; 93; 94; 95; 96; 97; 98; 99; 143; 144; 146; 147; 148; 149; 167; 333; 334; 337; 341; 345; 348; 349; 350; 351
ACTA1,ACTG1,Vibrio VopV,22,18,95,6,6,0.3333333333333333,0.06315789473684211,43.32386363636363,6,57,68; 71; 111; 114; 268; 269,35; 37; 38; 39; 66; 67; 68; 69; 70; 71; 72; 73; 75; 76; 77; 78; 79; 80; 81; 110; 111; 112; 114; 115; 117; 118; 121; 125; 173; 176; 177; 179; 183; 184; 187; 190; 194; 195; 196; 197; 198; 199; 200; 201; 202; 203; 205; 206; 239; 240; 241; 242; 244; 245; 246; 247; 248; 249; 262; 263; 264; 265; 267; 268; 269; 270; 271; 272; 273; 275; 276; 279; 280; 283; 284; 285; 286; 287; 290; 294; 318; 319; 320; 321; 322; 323; 324; 359; 362; 363; 364; 365; 366; 367; 368
ACTA1,ACTG1,Vinculin,22,18,65,8,5,0.2777777777777778,0.07692307692307693,65.85,5,9,46; 92; 93; 332; 333,5; 23; 24; 25; 26; 44; 45; 46; 47; 48; 49; 50; 51; 52; 53; 57; 61; 80; 83; 84; 87; 88; 91; 92; 93; 95; 96; 97; 99; 100; 102; 126; 127; 130; 131; 142; 143; 144; 145; 146; 147; 148; 296; 328; 330; 331; 332; 333; 334; 337; 341; 344; 345; 348; 349; 350; 351; 353; 354; 355; 356; 358; 360; 361; 373
ACTA1,ACTG1,VopV,22,18,85,6,6,0.3333333333333333,0.07058823529411765,37.501111111111115,6,62,68; 71; 111; 114; 268; 269,35; 37; 39; 63; 66; 67; 68; 69; 70; 71; 72; 73; 75; 76; 77; 78; 79; 81; 84; 110; 111; 112; 114; 115; 117; 118; 121; 125; 126; 128; 173; 176; 177; 179; 183; 187; 194; 196; 197; 198; 199; 200; 201; 202; 203; 204; 205; 206; 239; 241; 242; 244; 245; 246; 247; 248; 249; 268; 269; 270; 271; 272; 276; 279; 280; 283; 284; 285; 286; 287; 288; 290; 318; 319; 320; 321; 322; 323; 324; 362; 363; 364; 365; 366; 367
ACTA1,ACTG1,"WD repeat-containing protein 1,Methylated-DNA--protein-cysteine methyltransferase",22,18,52,0,0,0.0,0.0,,0,0,,166; 169; 171; 221; 222; 224; 225; 226; 228; 229; 230; 232; 233; 234; 235; 238; 270; 276; 311; 314; 315; 316; 318; 319; 320; 321; 322; 323; 324; 325; 326; 327; 328; 330; 353; 354; 355; 356; 358; 360; 361; 362; 363; 364; 365; 366; 367; 368; 369; 372; 373; 375
ACTA1,ACTG1,beta-cardiac myosin II,22,18,38,5,3,0.16666666666666666,0.07894736842105263,30.233333333333334,3,3,46; 332; 333,22; 23; 24; 25; 26; 27; 28; 29; 30; 44; 45; 46; 47; 48; 56; 142; 143; 145; 146; 147; 148; 311; 314; 328; 329; 330; 332; 333; 334; 337; 341; 344; 345; 348; 349; 350; 351; 354
ACTA1,ACTG2,Actin-interacting protein 1,23,21,82,8,7,0.3333333333333333,0.08536585365853659,25.556643990929707,7,33,40; 46; 224; 233; 254; 276; 307,37; 38; 39; 40; 41; 43; 44; 45; 46; 47; 48; 49; 50; 51; 52; 53; 64; 66; 68; 78; 79; 80; 83; 84; 87; 118; 122; 125; 126; 128; 166; 167; 169; 221; 222; 224; 225; 226; 228; 229; 230; 232; 233; 234; 235; 238; 254; 276; 307; 308; 310; 311; 314; 315; 318; 319; 320; 321; 323; 324; 325; 326; 327; 328; 329; 330; 354; 355; 358; 360; 361; 362; 363; 364; 365; 366; 367; 368; 369; 372; 373; 375
ACTA1,ACTG2,Actin-related protein 2,23,21,52,3,3,0.14285714285714285,0.057692307692307696,44.800000000000004,3,19,40; 46; 195,38; 39; 40; 41; 42; 43; 44; 45; 46; 47; 48; 49; 50; 53; 60; 61; 62; 63; 64; 65; 66; 67; 188; 191; 192; 194; 195; 196; 197; 199; 200; 201; 202; 203; 204; 205; 208; 227; 230; 231; 241; 242; 243; 244; 245; 246; 247; 252; 266; 267; 268; 270
ACTA1,ACTG2,Actin-related protein 2/3 complex subunit 1,23,21,27,2,2,0.09523809523809523,0.07407407407407407,34.46666666666667,2,4,46; 333,4; 23; 24; 25; 44; 45; 46; 47; 48; 142; 143; 144; 145; 146; 147; 148; 333; 334; 340; 341; 344; 345; 348; 349; 350; 351; 352
ACTA1,ACTG2,Actin-related protein 2/3 complex subunit 1B,23,21,22,1,1,0.047619047619047616,0.045454545454545456,50.2,1,1,46,23; 24; 25; 44; 45; 46; 47; 48; 142; 143; 144; 145; 146; 147; 148; 341; 344; 345; 348; 349; 350; 351
ACTA1,ACTG2,Actin-related protein 2/3 complex subunit 2,23,21,76,7,6,0.2857142857142857,0.07894736842105263,29.815,6,18,46; 117; 195; 233; 239; 254,4; 5; 6; 7; 8; 21; 22; 23; 24; 28; 46; 48; 49; 50; 51; 75; 76; 77; 79; 83; 87; 94; 95; 96; 99; 100; 101; 102; 113; 114; 115; 117; 118; 121; 122; 125; 130; 131; 195; 196; 197; 198; 228; 229; 231; 232; 233; 234; 235; 236; 237; 238; 239; 240; 241; 245; 246; 247; 248; 249; 254; 279; 283; 320; 321; 322; 323; 324; 351; 356; 362; 363; 364; 365; 366; 367
ACTA1,ACTG2,Actin-related protein 2/3 complex subunit 3,23,21,22,1,1,0.047619047619047616,0.045454545454545456,31.75,1,2,46,4; 5; 46; 47; 48; 49; 87; 91; 92; 95; 97; 99; 125; 126; 128; 350; 351; 353; 354; 355; 361; 373
ACTA1,ACTG2,Actin-related protein 2/3 complex subunit 4,23,21,30,1,1,0.047619047619047616,0.03333333333333333,0.2,1,1,93,21; 28; 50; 51; 52; 79; 80; 83; 84; 87; 90; 91; 92; 93; 94; 95; 96; 97; 98; 99; 100; 101; 118; 121; 122; 125; 126; 127; 128; 359
ACTA1,ACTG2,Actin-related protein 2/3 complex subunit 5-like protein,23,21,8,1,1,0.047619047619047616,0.125,29.9,1,1,40,37; 38; 39; 40; 41; 51; 66; 68
ACTA1,ACTG2,Actin-related protein 3,23,21,76,6,6,0.2857142857142857,0.07894736842105263,40.09277777777778,6,27,40; 46; 117; 224; 233; 239,37; 38; 39; 40; 41; 42; 43; 44; 45; 46; 47; 48; 49; 50; 51; 53; 60; 61; 62; 63; 64; 65; 117; 121; 124; 125; 128; 133; 143; 198; 200; 202; 204; 205; 208; 224; 227; 228; 230; 231; 232; 233; 234; 237; 238; 239; 240; 241; 242; 243; 244; 245; 246; 247; 248; 249; 346; 351; 354; 355; 359; 360; 361; 362; 363; 364; 365; 366; 367; 368; 369; 371; 372; 373; 374; 375
ACTA1,ACTG2,Adducin 1,23,21,88,6,6,0.2857142857142857,0.06818181818181818,32.550000000000004,6,10,40; 46; 93; 224; 332; 333,4; 5; 6; 16; 21; 23; 24; 25; 26; 27; 28; 29; 30; 38; 39; 40; 41; 42; 43; 44; 45; 46; 47; 48; 49; 50; 51; 56; 93; 95; 96; 97; 100; 101; 133; 143; 144; 145; 146; 147; 148; 149; 166; 167; 168; 169; 173; 214; 215; 222; 224; 225; 228; 279; 280; 283; 284; 285; 286; 287; 288; 290; 292; 295; 296; 305; 332; 333; 334; 336; 337; 340; 341; 344; 345; 346; 348; 349; 350; 351; 352; 354; 355; 371; 372; 373; 374; 375
ACTA1,ACTG2,Adenylyl cyclase-associated protein 1,23,21,49,4,4,0.19047619047619047,0.08163265306122448,15.7875,4,15,40; 46; 93; 195,32; 40; 43; 44; 45; 46; 47; 48; 49; 50; 53; 56; 57; 59; 60; 61; 62; 63; 64; 65; 88; 91; 92; 93; 95; 188; 191; 195; 202; 203; 204; 205; 207; 208; 210; 211; 215; 240; 241; 242; 243; 244; 245; 256; 265; 266; 267; 268; 270
ACTA1,ACTG2,Afadin,23,21,10,0,0,0.0,0.0,,0,0,,6; 21; 22; 23; 24; 25; 28; 348; 349; 350
ACTA1,ACTG2,Alpha-catenin-like protein hmp-1,23,21,55,4,4,0.19047619047619047,0.07272727272727272,35.3675,4,25,46; 93; 332; 333,21; 23; 24; 25; 26; 27; 28; 29; 30; 44; 45; 46; 47; 48; 49; 50; 51; 52; 53; 54; 57; 84; 87; 88; 91; 92; 93; 94; 95; 96; 97; 99; 100; 142; 143; 144; 145; 146; 147; 148; 296; 328; 330; 332; 333; 334; 336; 337; 341; 344; 345; 348; 349; 350; 351
ACTA1,ACTG2,Beta-adducin,23,21,132,9,9,0.42857142857142855,0.06818181818181818,40.42722222222223,9,16,40; 46; 117; 195; 224; 233; 263; 332; 333,5; 6; 16; 21; 23; 24; 25; 26; 27; 28; 29; 30; 38; 39; 40; 41; 42; 43; 44; 45; 46; 47; 48; 49; 50; 51; 56; 95; 96; 97; 100; 101; 113; 114; 117; 118; 121; 124; 125; 126; 128; 133; 143; 144; 145; 146; 147; 148; 149; 167; 168; 169; 172; 188; 195; 196; 214; 223; 224; 227; 228; 230; 231; 232; 233; 234; 236; 237; 251; 252; 253; 256; 263; 265; 266; 279; 283; 287; 288; 290; 291; 292; 295; 296; 305; 310; 311; 314; 318; 319; 320; 321; 322; 323; 324; 326; 327; 328; 329; 330; 331; 332; 333; 334; 336; 337; 338; 340; 341; 344; 345; 346; 348; 349; 350; 351; 352; 354; 355; 359; 362; 363; 364; 365; 366; 367; 368; 371; 372; 373; 374; 375
ACTA1,ACTG2,Catenin alpha-1,23,21,78,5,5,0.23809523809523808,0.0641025641025641,47.611666666666665,5,70,46; 93; 239; 332; 333,21; 23; 24; 25; 26; 27; 28; 29; 30; 44; 45; 46; 47; 48; 49; 50; 51; 52; 53; 56; 57; 59; 60; 61; 62; 84; 87; 91; 92; 93; 94; 95; 96; 97; 99; 126; 127; 142; 143; 144; 145; 146; 147; 148; 149; 167; 169; 211; 215; 216; 238; 239; 240; 241; 242; 243; 247; 288; 291; 296; 305; 324; 328; 329; 330; 331; 332; 333; 334; 336; 337; 341; 344; 345; 348; 349; 350; 351
ACTA1,ACTG2,Cell invasion protein SipA,23,21,134,11,11,0.5238095238095238,0.08208955223880597,33.94412107772402,11,153,40; 46; 71; 117; 183; 195; 224; 233; 239; 263; 276,37; 38; 39; 40; 41; 42; 43; 44; 45; 46; 47; 48; 49; 51; 66; 67; 68; 69; 70; 71; 72; 73; 75; 76; 77; 78; 79; 80; 83; 84; 112; 113; 114; 117; 118; 121; 125; 126; 133; 139; 143; 158; 169; 170; 172; 173; 179; 183; 184; 187; 195; 196; 197; 198; 199; 200; 201; 202; 203; 204; 205; 206; 208; 222; 223; 224; 225; 227; 228; 230; 231; 232; 233; 234; 237; 239; 242; 243; 244; 246; 247; 248; 249; 251; 252; 253; 256; 263; 265; 266; 267; 268; 269; 270; 271; 275; 276; 279; 280; 283; 284; 285; 286; 287; 288; 290; 312; 315; 316; 318; 319; 320; 321; 322; 323; 346; 351; 352; 354; 355; 361; 362; 363; 364; 365; 366; 367; 368; 369; 371; 372; 373; 374; 375
ACTA1,ACTG2,Cofilin,23,21,82,4,4,0.19047619047619047,0.04878048780487805,27.144218335543766,4,117,46; 93; 332; 333,16; 23; 24; 25; 26; 27; 28; 29; 30; 31; 32; 46; 47; 48; 49; 50; 53; 56; 57; 59; 60; 61; 88; 91; 92; 93; 94; 95; 96; 97; 100; 133; 134; 135; 136; 139; 140; 143; 144; 145; 146; 147; 148; 149; 157; 166; 167; 168; 169; 207; 210; 211; 214; 215; 288; 291; 292; 296; 305; 326; 328; 330; 331; 332; 333; 334; 336; 337; 338; 341; 342; 344; 345; 346; 348; 349; 350; 351; 352; 354; 355; 375
ACTA1,ACTG2,Cofilin (UNC-60B),23,21,71,3,3,0.14285714285714285,0.04225352112676056,36.75555555555555,3,24,93; 332; 333,16; 23; 25; 26; 27; 28; 29; 30; 31; 32; 47; 49; 50; 53; 56; 57; 59; 60; 61; 91; 92; 93; 94; 95; 96; 97; 100; 133; 135; 139; 140; 143; 144; 145; 146; 147; 148; 149; 167; 168; 169; 207; 210; 211; 214; 215; 291; 296; 305; 326; 328; 330; 332; 333; 334; 336; 337; 338; 341; 342; 344; 345; 346; 348; 349; 350; 351; 352; 354; 355; 375
ACTA1,ACTG2,Cofilin-1,23,21,76,3,3,0.14285714285714285,0.039473684210526314,39.62225523486135,3,82,93; 332; 333,21; 23; 24; 25; 26; 27; 28; 29; 30; 31; 44; 45; 50; 51; 53; 56; 57; 60; 61; 87; 88; 91; 92; 93; 94; 95; 96; 97; 99; 100; 101; 133; 140; 142; 143; 144; 145; 146; 147; 148; 149; 166; 167; 168; 169; 214; 215; 288; 291; 292; 295; 296; 305; 326; 328; 330; 331; 332; 333; 334; 336; 337; 338; 341; 342; 343; 345; 346; 348; 349; 350; 351; 352; 354; 355; 375
ACTA1,ACTG2,Cofilin-2,23,21,77,3,3,0.14285714285714285,0.03896103896103896,31.704858387799565,3,73,93; 332; 333,4; 5; 21; 23; 24; 25; 26; 27; 28; 29; 30; 31; 50; 53; 56; 57; 60; 61; 88; 91; 92; 93; 94; 95; 96; 97; 99; 100; 101; 133; 134; 135; 136; 139; 140; 143; 144; 145; 146; 147; 148; 149; 166; 167; 168; 169; 214; 215; 291; 292; 295; 296; 305; 326; 328; 330; 331; 332; 333; 334; 336; 337; 338; 341; 342; 345; 346; 348; 349; 350; 351; 352; 353; 354; 355; 374; 375
ACTA1,ACTG2,"Coronin-1B,Methylated-DNA--protein-cysteine methyltransferase",23,21,98,5,5,0.23809523809523808,0.05102040816326531,22.573939393939394,5,70,40; 117; 224; 233; 239,6; 37; 38; 39; 40; 41; 42; 49; 50; 51; 52; 66; 68; 75; 76; 77; 78; 79; 80; 81; 83; 84; 87; 91; 92; 95; 96; 97; 99; 100; 101; 102; 114; 115; 117; 118; 121; 122; 124; 125; 126; 127; 128; 130; 131; 169; 196; 198; 222; 224; 225; 230; 231; 232; 233; 234; 235; 237; 239; 246; 247; 248; 249; 250; 251; 252; 265; 270; 279; 315; 316; 318; 319; 320; 321; 322; 323; 350; 351; 353; 354; 355; 356; 357; 358; 359; 360; 361; 362; 363; 364; 365; 366; 367; 368; 369; 372; 373
ACTA1,ACTG2,Dematin actin binding protein,23,21,125,11,11,0.5238095238095238,0.088,41.95487012987012,11,51,40; 46; 224; 233; 239; 263; 272; 276; 307; 332; 333,2; 3; 4; 5; 6; 21; 22; 23; 24; 25; 26; 27; 28; 38; 39; 40; 41; 42; 43; 44; 45; 46; 47; 48; 49; 50; 51; 95; 96; 97; 99; 100; 101; 102; 121; 125; 130; 131; 133; 143; 144; 145; 146; 147; 168; 169; 172; 215; 216; 218; 219; 221; 222; 223; 224; 226; 229; 230; 231; 232; 233; 234; 235; 237; 238; 239; 240; 241; 247; 249; 259; 262; 263; 264; 265; 266; 268; 269; 270; 271; 272; 273; 275; 276; 305; 307; 308; 312; 315; 316; 318; 319; 320; 330; 332; 333; 334; 337; 340; 341; 344; 345; 347; 348; 350; 351; 353; 354; 355; 356; 358; 359; 360; 361; 362; 363; 364; 365; 366; 367; 371; 372; 373; 374; 375
ACTA1,ACTG2,Epididymis secretory protein Li 37,23,21,43,2,2,0.09523809523809523,0.046511627906976744,52.61818181818181,2,22,46; 93,23; 24; 25; 44; 45; 46; 47; 48; 49; 50; 51; 52; 53; 54; 56; 57; 61; 84; 87; 88; 91; 92; 93; 95; 96; 97; 98; 99; 100; 143; 144; 146; 147; 148; 167; 334; 341; 344; 345; 348; 349; 350; 351
ACTA1,ACTG2,F-actin-capping protein subunit alpha-1,23,21,46,2,2,0.09523809523809523,0.043478260869565216,8.9,2,10,263; 272,116; 133; 139; 143; 146; 147; 148; 166; 167; 168; 169; 170; 171; 172; 173; 263; 265; 266; 268; 269; 270; 271; 272; 283; 284; 285; 286; 287; 288; 289; 290; 342; 345; 346; 349; 350; 351; 352; 354; 355; 369; 371; 372; 373; 374; 375
ACTA1,ACTG2,F-actin-capping protein subunit beta,23,21,45,3,3,0.14285714285714285,0.06666666666666667,27.675,3,10,224; 272; 276,113; 133; 139; 142; 143; 146; 147; 148; 166; 167; 168; 169; 173; 176; 224; 272; 276; 279; 280; 283; 284; 285; 286; 287; 288; 290; 320; 345; 346; 348; 349; 350; 351; 352; 354; 355; 364; 365; 368; 369; 371; 372; 373; 374; 375
ACTA1,ACTG2,Filamin-A,23,21,58,3,3,0.14285714285714285,0.05172413793103448,54.946666666666665,3,15,46; 93; 333,21; 24; 25; 26; 27; 28; 29; 30; 31; 44; 45; 46; 47; 48; 49; 50; 52; 53; 54; 56; 57; 60; 61; 83; 84; 87; 88; 91; 92; 93; 94; 95; 96; 97; 98; 100; 126; 142; 143; 144; 145; 146; 147; 148; 149; 167; 333; 334; 335; 336; 337; 341; 345; 348; 349; 350; 351; 354
ACTA1,ACTG2,Gelsolin,23,21,119,8,8,0.38095238095238093,0.06722689075630252,30.171875,8,22,40; 46; 93; 224; 263; 272; 276; 332,2; 3; 4; 22; 23; 24; 25; 26; 27; 28; 29; 30; 31; 37; 38; 39; 40; 41; 42; 43; 44; 45; 46; 47; 48; 49; 50; 51; 52; 54; 56; 57; 60; 61; 66; 68; 84; 87; 88; 91; 92; 93; 95; 96; 97; 98; 99; 100; 126; 127; 128; 133; 140; 142; 143; 144; 145; 146; 147; 148; 149; 166; 167; 168; 169; 221; 222; 223; 224; 259; 262; 263; 264; 265; 266; 269; 270; 271; 272; 273; 275; 276; 291; 292; 295; 296; 311; 312; 314; 315; 316; 318; 319; 326; 328; 329; 330; 332; 334; 337; 338; 340; 341; 342; 344; 345; 346; 348; 349; 350; 351; 352; 353; 354; 355; 372; 373; 374; 375
ACTA1,ACTG2,Inositol-trisphosphate 3-kinase A,23,21,37,3,3,0.14285714285714285,0.08108108108108109,38.107619047619046,3,13,46; 332; 333,22; 23; 24; 25; 26; 44; 45; 46; 47; 48; 49; 50; 51; 53; 87; 91; 92; 142; 143; 144; 145; 146; 147; 148; 167; 332; 333; 334; 337; 340; 341; 344; 345; 348; 349; 350; 351
ACTA1,ACTG2,Inverted formin-2,23,21,112,6,6,0.2857142857142857,0.05357142857142857,36.23611111111111,6,15,46; 93; 117; 233; 239; 332,5; 6; 21; 22; 23; 24; 25; 26; 27; 28; 44; 45; 46; 47; 48; 49; 50; 79; 80; 83; 87; 91; 92; 93; 94; 95; 96; 98; 99; 101; 114; 117; 118; 121; 122; 124; 125; 126; 127; 128; 130; 131; 142; 143; 144; 145; 146; 147; 148; 149; 166; 167; 168; 169; 216; 229; 231; 232; 233; 234; 235; 237; 238; 239; 240; 241; 242; 243; 244; 245; 247; 249; 291; 292; 295; 296; 322; 323; 324; 325; 326; 327; 328; 330; 332; 334; 341; 344; 345; 346; 348; 349; 350; 351; 352; 353; 354; 355; 356; 358; 359; 360; 361; 362; 363; 364; 365; 366; 367; 368; 369; 373
ACTA1,ACTG2,Isoform 2 of F-actin-capping protein subunit beta,23,21,46,3,3,0.14285714285714285,0.06521739130434782,33.266666666666666,3,6,224; 272; 276,110; 133; 136; 139; 143; 145; 146; 147; 148; 166; 167; 168; 169; 170; 171; 172; 173; 176; 224; 272; 276; 277; 279; 280; 283; 284; 285; 286; 288; 290; 320; 345; 346; 348; 349; 350; 351; 352; 354; 355; 361; 364; 369; 372; 373; 375
ACTA1,ACTG2,"Isoform A2 of Troponin T, cardiac muscle",23,21,36,3,3,0.14285714285714285,0.08333333333333333,39.23333333333334,3,4,46; 332; 333,25; 41; 42; 43; 44; 45; 46; 47; 48; 49; 50; 133; 136; 143; 144; 145; 146; 147; 148; 167; 168; 332; 333; 334; 341; 345; 349; 350; 351; 352; 354; 355; 371; 372; 373; 375
ACTA1,ACTG2,Leiomodin-2,23,21,93,8,8,0.38095238095238093,0.08602150537634409,42.86666666666667,8,23,40; 46; 117; 195; 224; 263; 272; 276,37; 38; 39; 40; 41; 42; 43; 44; 45; 46; 47; 48; 49; 50; 51; 52; 66; 68; 69; 70; 72; 75; 76; 77; 78; 79; 80; 81; 83; 84; 112; 114; 117; 118; 121; 122; 124; 125; 126; 167; 168; 169; 195; 196; 197; 198; 199; 224; 244; 245; 246; 247; 248; 249; 262; 263; 264; 265; 269; 270; 271; 272; 273; 275; 276; 279; 280; 283; 290; 318; 319; 320; 321; 322; 323; 349; 351; 352; 354; 355; 359; 361; 362; 363; 364; 365; 366; 367; 369; 371; 372; 373; 374
ACTA1,ACTG2,"Maltose/maltodextrin-binding periplasmic protein,Adenylate cyclase ExoY",23,21,53,3,3,0.14285714285714285,0.05660377358490566,56.71666666666667,3,12,46; 93; 333,16; 21; 23; 24; 25; 26; 27; 28; 29; 30; 31; 32; 44; 45; 46; 47; 56; 57; 59; 87; 90; 91; 92; 93; 94; 95; 96; 97; 99; 128; 142; 143; 144; 145; 146; 147; 148; 210; 211; 214; 305; 333; 334; 335; 336; 337; 341; 344; 345; 348; 349; 350; 351
ACTA1,ACTG2,"Maltose/maltodextrin-binding periplasmic protein,TccC3",23,21,44,4,4,0.19047619047619047,0.09090909090909091,21.349999999999998,4,4,46; 93; 332; 333,25; 44; 45; 46; 47; 48; 49; 50; 53; 56; 57; 60; 61; 88; 92; 93; 95; 142; 143; 144; 145; 146; 147; 148; 149; 167; 168; 291; 292; 295; 296; 326; 328; 329; 330; 332; 333; 334; 341; 345; 348; 349; 350; 351
ACTA1,ACTG2,Myosin heavy chain 4,23,21,52,3,3,0.14285714285714285,0.057692307692307696,40.32777777777778,3,16,46; 332; 333,5; 6; 21; 22; 23; 24; 25; 26; 27; 28; 29; 30; 44; 45; 46; 47; 48; 49; 50; 56; 94; 95; 96; 101; 142; 143; 145; 146; 147; 148; 305; 310; 311; 314; 328; 329; 330; 331; 332; 333; 334; 336; 337; 341; 344; 345; 348; 349; 350; 351; 353; 354
ACTA1,ACTG2,"Myosin-14,Alpha-actinin A",23,21,53,4,4,0.19047619047619047,0.07547169811320754,42.225,4,7,46; 93; 332; 333,3; 4; 22; 23; 24; 25; 26; 27; 28; 29; 30; 44; 45; 46; 47; 48; 49; 50; 56; 91; 93; 95; 96; 97; 100; 142; 143; 144; 145; 146; 147; 148; 167; 168; 305; 314; 328; 329; 330; 332; 333; 334; 337; 341; 344; 345; 348; 349; 350; 351; 352; 353; 354
ACTA1,ACTG2,Myosin-6,23,21,42,4,4,0.19047619047619047,0.09523809523809523,37.295833333333334,4,17,46; 93; 332; 333,23; 24; 25; 26; 27; 28; 29; 30; 44; 45; 46; 47; 48; 56; 93; 94; 95; 96; 142; 143; 146; 147; 148; 305; 311; 314; 328; 330; 332; 333; 334; 336; 337; 341; 344; 345; 348; 349; 350; 351; 353; 354
ACTA1,ACTG2,Myosin-7,23,21,54,4,4,0.19047619047619047,0.07407407407407407,34.655884740259744,4,37,46; 93; 332; 333,6; 21; 22; 23; 24; 25; 26; 27; 28; 29; 30; 44; 45; 46; 47; 48; 49; 50; 56; 93; 94; 95; 96; 97; 101; 142; 143; 145; 146; 147; 148; 149; 296; 305; 311; 314; 328; 329; 330; 331; 332; 333; 334; 336; 337; 341; 344; 345; 348; 349; 350; 351; 353; 354
ACTA1,ACTG2,Myosin-A,23,21,49,3,3,0.14285714285714285,0.061224489795918366,58.70000000000001,3,3,46; 332; 333,6; 23; 24; 25; 26; 27; 28; 30; 44; 45; 46; 47; 48; 49; 50; 57; 87; 91; 92; 95; 96; 97; 142; 143; 145; 146; 147; 148; 167; 305; 328; 329; 330; 331; 332; 333; 334; 335; 336; 337; 341; 344; 345; 348; 349; 350; 351; 353; 354
ACTA1,ACTG2,Plastin-3,23,21,46,2,2,0.09523809523809523,0.043478260869565216,60.45,2,6,46; 93,5; 23; 24; 25; 44; 45; 46; 47; 49; 50; 51; 52; 53; 54; 57; 61; 84; 87; 88; 90; 91; 92; 93; 94; 95; 96; 97; 98; 99; 100; 101; 143; 144; 146; 147; 148; 167; 169; 334; 341; 344; 345; 348; 349; 350; 351
ACTA1,ACTG2,Profilin-1,23,21,29,0,0,0.0,0.0,,0,0,,113; 116; 133; 136; 166; 167; 169; 170; 171; 172; 173; 284; 285; 286; 287; 288; 289; 290; 354; 355; 361; 365; 368; 369; 371; 372; 373; 374; 375
ACTA1,ACTG2,Protein diaphanous homolog 1,23,21,66,3,3,0.14285714285714285,0.045454545454545456,25.0,3,5,46; 233; 239,5; 6; 7; 22; 23; 24; 25; 44; 45; 46; 47; 48; 50; 61; 80; 83; 118; 121; 125; 126; 128; 143; 144; 145; 146; 147; 148; 149; 166; 167; 168; 169; 233; 234; 239; 292; 296; 318; 319; 321; 323; 324; 326; 328; 330; 340; 341; 344; 345; 346; 347; 348; 349; 350; 351; 352; 353; 355; 359; 362; 363; 364; 365; 366; 367; 372
ACTA1,ACTG2,Spectrin beta chain,23,21,76,5,5,0.23809523809523808,0.06578947368421052,45.628,5,53,46; 93; 307; 332; 333,2; 3; 21; 23; 24; 25; 26; 27; 28; 29; 30; 31; 44; 45; 46; 47; 48; 49; 50; 51; 52; 53; 54; 56; 57; 58; 61; 83; 84; 87; 88; 90; 91; 92; 93; 94; 95; 96; 97; 98; 99; 100; 124; 125; 128; 142; 143; 144; 145; 146; 147; 148; 167; 214; 215; 305; 306; 307; 308; 309; 331; 332; 333; 334; 335; 336; 337; 341; 345; 348; 349; 350; 351; 359; 362; 363
ACTA1,ACTG2,Src substrate cortactin,23,21,65,4,4,0.19047619047619047,0.06153846153846154,62.775000000000006,4,4,46; 307; 332; 333,16; 18; 26; 27; 28; 29; 30; 31; 32; 45; 46; 47; 48; 56; 57; 59; 60; 61; 62; 144; 145; 146; 147; 148; 149; 166; 167; 207; 208; 210; 211; 214; 215; 217; 221; 240; 241; 242; 243; 288; 289; 291; 292; 295; 296; 298; 302; 305; 306; 307; 308; 309; 310; 311; 314; 328; 329; 330; 331; 332; 333; 334; 335; 336; 337
ACTA1,ACTG2,Talin-1,23,21,72,3,3,0.14285714285714285,0.041666666666666664,56.72555555555556,3,12,46; 332; 333,3; 4; 5; 23; 24; 25; 44; 45; 46; 47; 48; 49; 50; 51; 52; 53; 57; 83; 84; 87; 91; 92; 97; 98; 99; 100; 101; 102; 121; 124; 125; 126; 127; 128; 129; 130; 131; 143; 144; 145; 146; 147; 148; 328; 329; 330; 331; 332; 333; 334; 340; 341; 344; 345; 348; 349; 350; 351; 353; 354; 356; 358; 359; 360; 361; 362; 363; 364; 365; 366; 367; 373
ACTA1,ACTG2,Tropomodulin-1,23,21,132,13,12,0.5714285714285714,0.09090909090909091,46.387499999999996,12,33,40; 46; 93; 117; 195; 224; 233; 239; 254; 263; 276; 307,32; 37; 38; 39; 40; 41; 42; 43; 44; 45; 46; 47; 48; 49; 50; 51; 52; 53; 54; 56; 57; 59; 60; 61; 62; 63; 64; 66; 68; 69; 72; 75; 76; 77; 78; 79; 80; 81; 83; 84; 87; 88; 91; 92; 93; 95; 98; 99; 112; 114; 117; 118; 121; 122; 124; 125; 126; 127; 128; 195; 196; 197; 198; 199; 200; 201; 202; 204; 205; 207; 208; 210; 211; 213; 214; 215; 216; 217; 218; 219; 220; 221; 224; 226; 232; 233; 235; 236; 238; 239; 240; 241; 242; 243; 244; 245; 246; 247; 248; 249; 254; 262; 263; 264; 265; 266; 273; 275; 276; 279; 283; 294; 305; 306; 307; 308; 311; 316; 318; 319; 320; 321; 322; 323; 335; 359; 362; 363; 364; 365; 366; 367
ACTA1,ACTG2,Tropomyosin alpha-1 chain,23,21,35,4,3,0.14285714285714285,0.08571428571428572,28.71763071895425,3,51,254; 307; 333,25; 147; 215; 216; 217; 218; 219; 220; 221; 222; 225; 226; 235; 236; 238; 241; 254; 291; 295; 307; 308; 311; 314; 315; 318; 323; 324; 325; 326; 327; 328; 329; 330; 333; 334
ACTA1,ACTG2,Tropomyosin beta chain,23,21,11,3,2,0.09523809523809523,0.18181818181818182,34.5,2,6,254; 307,218; 219; 220; 221; 222; 226; 238; 254; 307; 308; 311
ACTA1,ACTG2,Tropomyosin-1.9,23,21,17,2,2,0.09523809523809523,0.11764705882352941,33.45,2,4,332; 333,24; 25; 26; 27; 30; 144; 145; 147; 326; 328; 330; 332; 333; 334; 337; 341; 345
ACTA1,ACTG2,"Troponin T2, cardiac type",23,21,34,3,3,0.14285714285714285,0.08823529411764706,40.9,3,6,46; 332; 333,24; 25; 41; 42; 43; 44; 45; 46; 47; 48; 49; 51; 133; 143; 144; 145; 146; 147; 148; 332; 333; 334; 341; 345; 349; 351; 352; 354; 355; 371; 372; 373; 374; 375
ACTA1,ACTG2,Unconventional myosin-Ib,23,21,66,4,4,0.19047619047619047,0.06060606060606061,54.733333333333334,4,12,46; 93; 332; 333,2; 4; 6; 21; 22; 23; 24; 25; 26; 27; 28; 29; 30; 31; 44; 45; 46; 47; 48; 49; 50; 51; 56; 87; 91; 92; 93; 95; 96; 97; 98; 99; 100; 127; 128; 142; 143; 144; 145; 146; 147; 148; 305; 310; 311; 314; 327; 328; 329; 330; 331; 332; 333; 334; 335; 336; 337; 341; 344; 345; 348; 349; 350; 351; 353; 354
ACTA1,ACTG2,Utrophin,23,21,51,3,3,0.14285714285714285,0.058823529411764705,61.366666666666674,3,9,46; 93; 333,21; 24; 25; 26; 27; 28; 29; 30; 31; 44; 45; 46; 47; 48; 49; 50; 51; 52; 53; 54; 56; 57; 61; 84; 87; 88; 91; 92; 93; 94; 95; 96; 97; 98; 99; 143; 144; 146; 147; 148; 149; 167; 333; 334; 337; 341; 345; 348; 349; 350; 351
ACTA1,ACTG2,Vibrio VopV,23,21,95,8,8,0.38095238095238093,0.08421052631578947,37.18356060606061,8,69,71; 117; 183; 195; 239; 263; 272; 276,35; 37; 38; 39; 66; 67; 68; 69; 70; 71; 72; 73; 75; 76; 77; 78; 79; 80; 81; 110; 111; 112; 114; 115; 117; 118; 121; 125; 173; 176; 177; 179; 183; 184; 187; 190; 194; 195; 196; 197; 198; 199; 200; 201; 202; 203; 205; 206; 239; 240; 241; 242; 244; 245; 246; 247; 248; 249; 262; 263; 264; 265; 267; 268; 269; 270; 271; 272; 273; 275; 276; 279; 280; 283; 284; 285; 286; 287; 290; 294; 318; 319; 320; 321; 322; 323; 324; 359; 362; 363; 364; 365; 366; 367; 368
ACTA1,ACTG2,Vinculin,23,21,65,4,4,0.19047619047619047,0.06153846153846154,63.699999999999996,4,7,46; 93; 332; 333,5; 23; 24; 25; 26; 44; 45; 46; 47; 48; 49; 50; 51; 52; 53; 57; 61; 80; 83; 84; 87; 88; 91; 92; 93; 95; 96; 97; 99; 100; 102; 126; 127; 130; 131; 142; 143; 144; 145; 146; 147; 148; 296; 328; 330; 331; 332; 333; 334; 337; 341; 344; 345; 348; 349; 350; 351; 353; 354; 355; 356; 358; 360; 361; 373
ACTA1,ACTG2,VopV,23,21,85,6,6,0.2857142857142857,0.07058823529411765,39.12924242424243,6,67,71; 117; 183; 239; 272; 276,35; 37; 39; 63; 66; 67; 68; 69; 70; 71; 72; 73; 75; 76; 77; 78; 79; 81; 84; 110; 111; 112; 114; 115; 117; 118; 121; 125; 126; 128; 173; 176; 177; 179; 183; 187; 194; 196; 197; 198; 199; 200; 201; 202; 203; 204; 205; 206; 239; 241; 242; 244; 245; 246; 247; 248; 249; 268; 269; 270; 271; 272; 276; 279; 280; 283; 284; 285; 286; 287; 288; 290; 318; 319; 320; 321; 322; 323; 324; 362; 363; 364; 365; 366; 367
ACTA1,ACTG2,"WD repeat-containing protein 1,Methylated-DNA--protein-cysteine methyltransferase",23,21,52,3,3,0.14285714285714285,0.057692307692307696,25.833333333333332,3,6,224; 233; 276,166; 169; 171; 221; 222; 224; 225; 226; 228; 229; 230; 232; 233; 234; 235; 238; 270; 276; 311; 314; 315; 316; 318; 319; 320; 321; 322; 323; 324; 325; 326; 327; 328; 330; 353; 354; 355; 356; 358; 360; 361; 362; 363; 364; 365; 366; 367; 368; 369; 372; 373; 375
ACTA1,ACTG2,beta-cardiac myosin II,23,21,38,3,3,0.14285714285714285,0.07894736842105263,30.233333333333334,3,3,46; 332; 333,22; 23; 24; 25; 26; 27; 28; 29; 30; 44; 45; 46; 47; 48; 56; 142; 143; 145; 146; 147; 148; 311; 314; 328; 329; 330; 332; 333; 334; 337; 341; 344; 345; 348; 349; 350; 351; 354
ACTA2,ACTC1,Actin-interacting protein 1,1,1,82,0,0,0.0,0.0,,0,0,,37; 38; 39; 40; 41; 43; 44; 45; 46; 47; 48; 49; 50; 51; 52; 53; 64; 66; 68; 78; 79; 80; 83; 84; 87; 118; 122; 125; 126; 128; 166; 167; 169; 221; 222; 224; 225; 226; 228; 229; 230; 232; 233; 234; 235; 238; 254; 276; 307; 308; 310; 311; 314; 315; 318; 319; 320; 321; 323; 324; 325; 326; 327; 328; 329; 330; 354; 355; 358; 360; 361; 362; 363; 364; 365; 366; 367; 368; 369; 372; 373; 375
ACTA2,ACTC1,Actin-related protein 2,1,1,52,0,0,0.0,0.0,,0,0,,38; 39; 40; 41; 42; 43; 44; 45; 46; 47; 48; 49; 50; 53; 60; 61; 62; 63; 64; 65; 66; 67; 188; 191; 192; 194; 195; 196; 197; 199; 200; 201; 202; 203; 204; 205; 208; 227; 230; 231; 241; 242; 243; 244; 245; 246; 247; 252; 266; 267; 268; 270
ACTA2,ACTC1,Actin-related protein 2/3 complex subunit 1,1,1,27,0,0,0.0,0.0,,0,0,,4; 23; 24; 25; 44; 45; 46; 47; 48; 142; 143; 144; 145; 146; 147; 148; 333; 334; 340; 341; 344; 345; 348; 349; 350; 351; 352
ACTA2,ACTC1,Actin-related protein 2/3 complex subunit 1B,1,1,22,0,0,0.0,0.0,,0,0,,23; 24; 25; 44; 45; 46; 47; 48; 142; 143; 144; 145; 146; 147; 148; 341; 344; 345; 348; 349; 350; 351
ACTA2,ACTC1,Actin-related protein 2/3 complex subunit 2,1,1,76,0,0,0.0,0.0,,0,0,,4; 5; 6; 7; 8; 21; 22; 23; 24; 28; 46; 48; 49; 50; 51; 75; 76; 77; 79; 83; 87; 94; 95; 96; 99; 100; 101; 102; 113; 114; 115; 117; 118; 121; 122; 125; 130; 131; 195; 196; 197; 198; 228; 229; 231; 232; 233; 234; 235; 236; 237; 238; 239; 240; 241; 245; 246; 247; 248; 249; 254; 279; 283; 320; 321; 322; 323; 324; 351; 356; 362; 363; 364; 365; 366; 367
ACTA2,ACTC1,Actin-related protein 2/3 complex subunit 3,1,1,22,0,0,0.0,0.0,,0,0,,4; 5; 46; 47; 48; 49; 87; 91; 92; 95; 97; 99; 125; 126; 128; 350; 351; 353; 354; 355; 361; 373
ACTA2,ACTC1,Actin-related protein 2/3 complex subunit 4,1,1,30,0,0,0.0,0.0,,0,0,,21; 28; 50; 51; 52; 79; 80; 83; 84; 87; 90; 91; 92; 93; 94; 95; 96; 97; 98; 99; 100; 101; 118; 121; 122; 125; 126; 127; 128; 359
ACTA2,ACTC1,Actin-related protein 2/3 complex subunit 5-like protein,1,1,8,0,0,0.0,0.0,,0,0,,37; 38; 39; 40; 41; 51; 66; 68
ACTA2,ACTC1,Actin-related protein 3,1,1,76,0,0,0.0,0.0,,0,0,,37; 38; 39; 40; 41; 42; 43; 44; 45; 46; 47; 48; 49; 50; 51; 53; 60; 61; 62; 63; 64; 65; 117; 121; 124; 125; 128; 133; 143; 198; 200; 202; 204; 205; 208; 224; 227; 228; 230; 231; 232; 233; 234; 237; 238; 239; 240; 241; 242; 243; 244; 245; 246; 247; 248; 249; 346; 351; 354; 355; 359; 360; 361; 362; 363; 364; 365; 366; 367; 368; 369; 371; 372; 373; 374; 375
ACTA2,ACTC1,Adducin 1,1,1,88,0,0,0.0,0.0,,0,0,,4; 5; 6; 16; 21; 23; 24; 25; 26; 27; 28; 29; 30; 38; 39; 40; 41; 42; 43; 44; 45; 46; 47; 48; 49; 50; 51; 56; 93; 95; 96; 97; 100; 101; 133; 143; 144; 145; 146; 147; 148; 149; 166; 167; 168; 169; 173; 214; 215; 222; 224; 225; 228; 279; 280; 283; 284; 285; 286; 287; 288; 290; 292; 295; 296; 305; 332; 333; 334; 336; 337; 340; 341; 344; 345; 346; 348; 349; 350; 351; 352; 354; 355; 371; 372; 373; 374; 375
ACTA2,ACTC1,Adenylyl cyclase-associated protein 1,1,1,49,0,0,0.0,0.0,,0,0,,32; 40; 43; 44; 45; 46; 47; 48; 49; 50; 53; 56; 57; 59; 60; 61; 62; 63; 64; 65; 88; 91; 92; 93; 95; 188; 191; 195; 202; 203; 204; 205; 207; 208; 210; 211; 215; 240; 241; 242; 243; 244; 245; 256; 265; 266; 267; 268; 270
ACTA2,ACTC1,Afadin,1,1,10,0,0,0.0,0.0,,0,0,,6; 21; 22; 23; 24; 25; 28; 348; 349; 350
ACTA2,ACTC1,Alpha-catenin-like protein hmp-1,1,1,55,0,0,0.0,0.0,,0,0,,21; 23; 24; 25; 26; 27; 28; 29; 30; 44; 45; 46; 47; 48; 49; 50; 51; 52; 53; 54; 57; 84; 87; 88; 91; 92; 93; 94; 95; 96; 97; 99; 100; 142; 143; 144; 145; 146; 147; 148; 296; 328; 330; 332; 333; 334; 336; 337; 341; 344; 345; 348; 349; 350; 351
ACTA2,ACTC1,Beta-adducin,1,1,132,0,0,0.0,0.0,,0,0,,5; 6; 16; 21; 23; 24; 25; 26; 27; 28; 29; 30; 38; 39; 40; 41; 42; 43; 44; 45; 46; 47; 48; 49; 50; 51; 56; 95; 96; 97; 100; 101; 113; 114; 117; 118; 121; 124; 125; 126; 128; 133; 143; 144; 145; 146; 147; 148; 149; 167; 168; 169; 172; 188; 195; 196; 214; 223; 224; 227; 228; 230; 231; 232; 233; 234; 236; 237; 251; 252; 253; 256; 263; 265; 266; 279; 283; 287; 288; 290; 291; 292; 295; 296; 305; 310; 311; 314; 318; 319; 320; 321; 322; 323; 324; 326; 327; 328; 329; 330; 331; 332; 333; 334; 336; 337; 338; 340; 341; 344; 345; 346; 348; 349; 350; 351; 352; 354; 355; 359; 362; 363; 364; 365; 366; 367; 368; 371; 372; 373; 374; 375
ACTA2,ACTC1,Catenin alpha-1,1,1,78,0,0,0.0,0.0,,0,0,,21; 23; 24; 25; 26; 27; 28; 29; 30; 44; 45; 46; 47; 48; 49; 50; 51; 52; 53; 56; 57; 59; 60; 61; 62; 84; 87; 91; 92; 93; 94; 95; 96; 97; 99; 126; 127; 142; 143; 144; 145; 146; 147; 148; 149; 167; 169; 211; 215; 216; 238; 239; 240; 241; 242; 243; 247; 288; 291; 296; 305; 324; 328; 329; 330; 331; 332; 333; 334; 336; 337; 341; 344; 345; 348; 349; 350; 351
ACTA2,ACTC1,Cell invasion protein SipA,1,1,134,0,0,0.0,0.0,,0,0,,37; 38; 39; 40; 41; 42; 43; 44; 45; 46; 47; 48; 49; 51; 66; 67; 68; 69; 70; 71; 72; 73; 75; 76; 77; 78; 79; 80; 83; 84; 112; 113; 114; 117; 118; 121; 125; 126; 133; 139; 143; 158; 169; 170; 172; 173; 179; 183; 184; 187; 195; 196; 197; 198; 199; 200; 201; 202; 203; 204; 205; 206; 208; 222; 223; 224; 225; 227; 228; 230; 231; 232; 233; 234; 237; 239; 242; 243; 244; 246; 247; 248; 249; 251; 252; 253; 256; 263; 265; 266; 267; 268; 269; 270; 271; 275; 276; 279; 280; 283; 284; 285; 286; 287; 288; 290; 312; 315; 316; 318; 319; 320; 321; 322; 323; 346; 351; 352; 354; 355; 361; 362; 363; 364; 365; 366; 367; 368; 369; 371; 372; 373; 374; 375
ACTA2,ACTC1,Cofilin,1,1,82,0,0,0.0,0.0,,0,0,,16; 23; 24; 25; 26; 27; 28; 29; 30; 31; 32; 46; 47; 48; 49; 50; 53; 56; 57; 59; 60; 61; 88; 91; 92; 93; 94; 95; 96; 97; 100; 133; 134; 135; 136; 139; 140; 143; 144; 145; 146; 147; 148; 149; 157; 166; 167; 168; 169; 207; 210; 211; 214; 215; 288; 291; 292; 296; 305; 326; 328; 330; 331; 332; 333; 334; 336; 337; 338; 341; 342; 344; 345; 346; 348; 349; 350; 351; 352; 354; 355; 375
ACTA2,ACTC1,Cofilin (UNC-60B),1,1,71,0,0,0.0,0.0,,0,0,,16; 23; 25; 26; 27; 28; 29; 30; 31; 32; 47; 49; 50; 53; 56; 57; 59; 60; 61; 91; 92; 93; 94; 95; 96; 97; 100; 133; 135; 139; 140; 143; 144; 145; 146; 147; 148; 149; 167; 168; 169; 207; 210; 211; 214; 215; 291; 296; 305; 326; 328; 330; 332; 333; 334; 336; 337; 338; 341; 342; 344; 345; 346; 348; 349; 350; 351; 352; 354; 355; 375
ACTA2,ACTC1,Cofilin-1,1,1,76,0,0,0.0,0.0,,0,0,,21; 23; 24; 25; 26; 27; 28; 29; 30; 31; 44; 45; 50; 51; 53; 56; 57; 60; 61; 87; 88; 91; 92; 93; 94; 95; 96; 97; 99; 100; 101; 133; 140; 142; 143; 144; 145; 146; 147; 148; 149; 166; 167; 168; 169; 214; 215; 288; 291; 292; 295; 296; 305; 326; 328; 330; 331; 332; 333; 334; 336; 337; 338; 341; 342; 343; 345; 346; 348; 349; 350; 351; 352; 354; 355; 375
ACTA2,ACTC1,Cofilin-2,1,1,77,0,0,0.0,0.0,,0,0,,4; 5; 21; 23; 24; 25; 26; 27; 28; 29; 30; 31; 50; 53; 56; 57; 60; 61; 88; 91; 92; 93; 94; 95; 96; 97; 99; 100; 101; 133; 134; 135; 136; 139; 140; 143; 144; 145; 146; 147; 148; 149; 166; 167; 168; 169; 214; 215; 291; 292; 295; 296; 305; 326; 328; 330; 331; 332; 333; 334; 336; 337; 338; 341; 342; 345; 346; 348; 349; 350; 351; 352; 353; 354; 355; 374; 375
ACTA2,ACTC1,"Coronin-1B,Methylated-DNA--protein-cysteine methyltransferase",1,1,98,0,0,0.0,0.0,,0,0,,6; 37; 38; 39; 40; 41; 42; 49; 50; 51; 52; 66; 68; 75; 76; 77; 78; 79; 80; 81; 83; 84; 87; 91; 92; 95; 96; 97; 99; 100; 101; 102; 114; 115; 117; 118; 121; 122; 124; 125; 126; 127; 128; 130; 131; 169; 196; 198; 222; 224; 225; 230; 231; 232; 233; 234; 235; 237; 239; 246; 247; 248; 249; 250; 251; 252; 265; 270; 279; 315; 316; 318; 319; 320; 321; 322; 323; 350; 351; 353; 354; 355; 356; 357; 358; 359; 360; 361; 362; 363; 364; 365; 366; 367; 368; 369; 372; 373
ACTA2,ACTC1,Dematin actin binding protein,1,1,125,0,0,0.0,0.0,,0,0,,2; 3; 4; 5; 6; 21; 22; 23; 24; 25; 26; 27; 28; 38; 39; 40; 41; 42; 43; 44; 45; 46; 47; 48; 49; 50; 51; 95; 96; 97; 99; 100; 101; 102; 121; 125; 130; 131; 133; 143; 144; 145; 146; 147; 168; 169; 172; 215; 216; 218; 219; 221; 222; 223; 224; 226; 229; 230; 231; 232; 233; 234; 235; 237; 238; 239; 240; 241; 247; 249; 259; 262; 263; 264; 265; 266; 268; 269; 270; 271; 272; 273; 275; 276; 305; 307; 308; 312; 315; 316; 318; 319; 320; 330; 332; 333; 334; 337; 340; 341; 344; 345; 347; 348; 350; 351; 353; 354; 355; 356; 358; 359; 360; 361; 362; 363; 364; 365; 366; 367; 371; 372; 373; 374; 375
ACTA2,ACTC1,Epididymis secretory protein Li 37,1,1,43,0,0,0.0,0.0,,0,0,,23; 24; 25; 44; 45; 46; 47; 48; 49; 50; 51; 52; 53; 54; 56; 57; 61; 84; 87; 88; 91; 92; 93; 95; 96; 97; 98; 99; 100; 143; 144; 146; 147; 148; 167; 334; 341; 344; 345; 348; 349; 350; 351
ACTA2,ACTC1,F-actin-capping protein subunit alpha-1,1,1,46,0,0,0.0,0.0,,0,0,,116; 133; 139; 143; 146; 147; 148; 166; 167; 168; 169; 170; 171; 172; 173; 263; 265; 266; 268; 269; 270; 271; 272; 283; 284; 285; 286; 287; 288; 289; 290; 342; 345; 346; 349; 350; 351; 352; 354; 355; 369; 371; 372; 373; 374; 375
ACTA2,ACTC1,F-actin-capping protein subunit beta,1,1,45,0,0,0.0,0.0,,0,0,,113; 133; 139; 142; 143; 146; 147; 148; 166; 167; 168; 169; 173; 176; 224; 272; 276; 279; 280; 283; 284; 285; 286; 287; 288; 290; 320; 345; 346; 348; 349; 350; 351; 352; 354; 355; 364; 365; 368; 369; 371; 372; 373; 374; 375
ACTA2,ACTC1,Filamin-A,1,1,58,0,0,0.0,0.0,,0,0,,21; 24; 25; 26; 27; 28; 29; 30; 31; 44; 45; 46; 47; 48; 49; 50; 52; 53; 54; 56; 57; 60; 61; 83; 84; 87; 88; 91; 92; 93; 94; 95; 96; 97; 98; 100; 126; 142; 143; 144; 145; 146; 147; 148; 149; 167; 333; 334; 335; 336; 337; 341; 345; 348; 349; 350; 351; 354
ACTA2,ACTC1,Gelsolin,1,1,119,0,0,0.0,0.0,,0,0,,2; 3; 4; 22; 23; 24; 25; 26; 27; 28; 29; 30; 31; 37; 38; 39; 40; 41; 42; 43; 44; 45; 46; 47; 48; 49; 50; 51; 52; 54; 56; 57; 60; 61; 66; 68; 84; 87; 88; 91; 92; 93; 95; 96; 97; 98; 99; 100; 126; 127; 128; 133; 140; 142; 143; 144; 145; 146; 147; 148; 149; 166; 167; 168; 169; 221; 222; 223; 224; 259; 262; 263; 264; 265; 266; 269; 270; 271; 272; 273; 275; 276; 291; 292; 295; 296; 311; 312; 314; 315; 316; 318; 319; 326; 328; 329; 330; 332; 334; 337; 338; 340; 341; 342; 344; 345; 346; 348; 349; 350; 351; 352; 353; 354; 355; 372; 373; 374; 375
ACTA2,ACTC1,Inositol-trisphosphate 3-kinase A,1,1,37,0,0,0.0,0.0,,0,0,,22; 23; 24; 25; 26; 44; 45; 46; 47; 48; 49; 50; 51; 53; 87; 91; 92; 142; 143; 144; 145; 146; 147; 148; 167; 332; 333; 334; 337; 340; 341; 344; 345; 348; 349; 350; 351
ACTA2,ACTC1,Inverted formin-2,1,1,112,0,0,0.0,0.0,,0,0,,5; 6; 21; 22; 23; 24; 25; 26; 27; 28; 44; 45; 46; 47; 48; 49; 50; 79; 80; 83; 87; 91; 92; 93; 94; 95; 96; 98; 99; 101; 114; 117; 118; 121; 122; 124; 125; 126; 127; 128; 130; 131; 142; 143; 144; 145; 146; 147; 148; 149; 166; 167; 168; 169; 216; 229; 231; 232; 233; 234; 235; 237; 238; 239; 240; 241; 242; 243; 244; 245; 247; 249; 291; 292; 295; 296; 322; 323; 324; 325; 326; 327; 328; 330; 332; 334; 341; 344; 345; 346; 348; 349; 350; 351; 352; 353; 354; 355; 356; 358; 359; 360; 361; 362; 363; 364; 365; 366; 367; 368; 369; 373
ACTA2,ACTC1,Isoform 2 of F-actin-capping protein subunit beta,1,1,46,0,0,0.0,0.0,,0,0,,110; 133; 136; 139; 143; 145; 146; 147; 148; 166; 167; 168; 169; 170; 171; 172; 173; 176; 224; 272; 276; 277; 279; 280; 283; 284; 285; 286; 288; 290; 320; 345; 346; 348; 349; 350; 351; 352; 354; 355; 361; 364; 369; 372; 373; 375
ACTA2,ACTC1,"Isoform A2 of Troponin T, cardiac muscle",1,1,36,0,0,0.0,0.0,,0,0,,25; 41; 42; 43; 44; 45; 46; 47; 48; 49; 50; 133; 136; 143; 144; 145; 146; 147; 148; 167; 168; 332; 333; 334; 341; 345; 349; 350; 351; 352; 354; 355; 371; 372; 373; 375
ACTA2,ACTC1,Leiomodin-2,1,1,93,0,0,0.0,0.0,,0,0,,37; 38; 39; 40; 41; 42; 43; 44; 45; 46; 47; 48; 49; 50; 51; 52; 66; 68; 69; 70; 72; 75; 76; 77; 78; 79; 80; 81; 83; 84; 112; 114; 117; 118; 121; 122; 124; 125; 126; 167; 168; 169; 195; 196; 197; 198; 199; 224; 244; 245; 246; 247; 248; 249; 262; 263; 264; 265; 269; 270; 271; 272; 273; 275; 276; 279; 280; 283; 290; 318; 319; 320; 321; 322; 323; 349; 351; 352; 354; 355; 359; 361; 362; 363; 364; 365; 366; 367; 369; 371; 372; 373; 374
ACTA2,ACTC1,"Maltose/maltodextrin-binding periplasmic protein,Adenylate cyclase ExoY",1,1,53,0,0,0.0,0.0,,0,0,,16; 21; 23; 24; 25; 26; 27; 28; 29; 30; 31; 32; 44; 45; 46; 47; 56; 57; 59; 87; 90; 91; 92; 93; 94; 95; 96; 97; 99; 128; 142; 143; 144; 145; 146; 147; 148; 210; 211; 214; 305; 333; 334; 335; 336; 337; 341; 344; 345; 348; 349; 350; 351
ACTA2,ACTC1,"Maltose/maltodextrin-binding periplasmic protein,TccC3",1,1,44,0,0,0.0,0.0,,0,0,,25; 44; 45; 46; 47; 48; 49; 50; 53; 56; 57; 60; 61; 88; 92; 93; 95; 142; 143; 144; 145; 146; 147; 148; 149; 167; 168; 291; 292; 295; 296; 326; 328; 329; 330; 332; 333; 334; 341; 345; 348; 349; 350; 351
ACTA2,ACTC1,Myosin heavy chain 4,1,1,52,0,0,0.0,0.0,,0,0,,5; 6; 21; 22; 23; 24; 25; 26; 27; 28; 29; 30; 44; 45; 46; 47; 48; 49; 50; 56; 94; 95; 96; 101; 142; 143; 145; 146; 147; 148; 305; 310; 311; 314; 328; 329; 330; 331; 332; 333; 334; 336; 337; 341; 344; 345; 348; 349; 350; 351; 353; 354
ACTA2,ACTC1,"Myosin-14,Alpha-actinin A",1,1,53,0,0,0.0,0.0,,0,0,,3; 4; 22; 23; 24; 25; 26; 27; 28; 29; 30; 44; 45; 46; 47; 48; 49; 50; 56; 91; 93; 95; 96; 97; 100; 142; 143; 144; 145; 146; 147; 148; 167; 168; 305; 314; 328; 329; 330; 332; 333; 334; 337; 341; 344; 345; 348; 349; 350; 351; 352; 353; 354
ACTA2,ACTC1,Myosin-6,1,1,42,0,0,0.0,0.0,,0,0,,23; 24; 25; 26; 27; 28; 29; 30; 44; 45; 46; 47; 48; 56; 93; 94; 95; 96; 142; 143; 146; 147; 148; 305; 311; 314; 328; 330; 332; 333; 334; 336; 337; 341; 344; 345; 348; 349; 350; 351; 353; 354
ACTA2,ACTC1,Myosin-7,1,1,54,0,0,0.0,0.0,,0,0,,6; 21; 22; 23; 24; 25; 26; 27; 28; 29; 30; 44; 45; 46; 47; 48; 49; 50; 56; 93; 94; 95; 96; 97; 101; 142; 143; 145; 146; 147; 148; 149; 296; 305; 311; 314; 328; 329; 330; 331; 332; 333; 334; 336; 337; 341; 344; 345; 348; 349; 350; 351; 353; 354
ACTA2,ACTC1,Myosin-A,1,1,49,0,0,0.0,0.0,,0,0,,6; 23; 24; 25; 26; 27; 28; 30; 44; 45; 46; 47; 48; 49; 50; 57; 87; 91; 92; 95; 96; 97; 142; 143; 145; 146; 147; 148; 167; 305; 328; 329; 330; 331; 332; 333; 334; 335; 336; 337; 341; 344; 345; 348; 349; 350; 351; 353; 354
ACTA2,ACTC1,Plastin-3,1,1,46,0,0,0.0,0.0,,0,0,,5; 23; 24; 25; 44; 45; 46; 47; 49; 50; 51; 52; 53; 54; 57; 61; 84; 87; 88; 90; 91; 92; 93; 94; 95; 96; 97; 98; 99; 100; 101; 143; 144; 146; 147; 148; 167; 169; 334; 341; 344; 345; 348; 349; 350; 351
ACTA2,ACTC1,Profilin-1,1,1,29,0,0,0.0,0.0,,0,0,,113; 116; 133; 136; 166; 167; 169; 170; 171; 172; 173; 284; 285; 286; 287; 288; 289; 290; 354; 355; 361; 365; 368; 369; 371; 372; 373; 374; 375
ACTA2,ACTC1,Protein diaphanous homolog 1,1,1,66,0,0,0.0,0.0,,0,0,,5; 6; 7; 22; 23; 24; 25; 44; 45; 46; 47; 48; 50; 61; 80; 83; 118; 121; 125; 126; 128; 143; 144; 145; 146; 147; 148; 149; 166; 167; 168; 169; 233; 234; 239; 292; 296; 318; 319; 321; 323; 324; 326; 328; 330; 340; 341; 344; 345; 346; 347; 348; 349; 350; 351; 352; 353; 355; 359; 362; 363; 364; 365; 366; 367; 372
ACTA2,ACTC1,Spectrin beta chain,1,1,76,0,0,0.0,0.0,,0,0,,2; 3; 21; 23; 24; 25; 26; 27; 28; 29; 30; 31; 44; 45; 46; 47; 48; 49; 50; 51; 52; 53; 54; 56; 57; 58; 61; 83; 84; 87; 88; 90; 91; 92; 93; 94; 95; 96; 97; 98; 99; 100; 124; 125; 128; 142; 143; 144; 145; 146; 147; 148; 167; 214; 215; 305; 306; 307; 308; 309; 331; 332; 333; 334; 335; 336; 337; 341; 345; 348; 349; 350; 351; 359; 362; 363
ACTA2,ACTC1,Src substrate cortactin,1,1,65,0,0,0.0,0.0,,0,0,,16; 18; 26; 27; 28; 29; 30; 31; 32; 45; 46; 47; 48; 56; 57; 59; 60; 61; 62; 144; 145; 146; 147; 148; 149; 166; 167; 207; 208; 210; 211; 214; 215; 217; 221; 240; 241; 242; 243; 288; 289; 291; 292; 295; 296; 298; 302; 305; 306; 307; 308; 309; 310; 311; 314; 328; 329; 330; 331; 332; 333; 334; 335; 336; 337
ACTA2,ACTC1,Talin-1,1,1,72,0,0,0.0,0.0,,0,0,,3; 4; 5; 23; 24; 25; 44; 45; 46; 47; 48; 49; 50; 51; 52; 53; 57; 83; 84; 87; 91; 92; 97; 98; 99; 100; 101; 102; 121; 124; 125; 126; 127; 128; 129; 130; 131; 143; 144; 145; 146; 147; 148; 328; 329; 330; 331; 332; 333; 334; 340; 341; 344; 345; 348; 349; 350; 351; 353; 354; 356; 358; 359; 360; 361; 362; 363; 364; 365; 366; 367; 373
ACTA2,ACTC1,Tropomodulin-1,1,1,132,0,0,0.0,0.0,,0,0,,32; 37; 38; 39; 40; 41; 42; 43; 44; 45; 46; 47; 48; 49; 50; 51; 52; 53; 54; 56; 57; 59; 60; 61; 62; 63; 64; 66; 68; 69; 72; 75; 76; 77; 78; 79; 80; 81; 83; 84; 87; 88; 91; 92; 93; 95; 98; 99; 112; 114; 117; 118; 121; 122; 124; 125; 126; 127; 128; 195; 196; 197; 198; 199; 200; 201; 202; 204; 205; 207; 208; 210; 211; 213; 214; 215; 216; 217; 218; 219; 220; 221; 224; 226; 232; 233; 235; 236; 238; 239; 240; 241; 242; 243; 244; 245; 246; 247; 248; 249; 254; 262; 263; 264; 265; 266; 273; 275; 276; 279; 283; 294; 305; 306; 307; 308; 311; 316; 318; 319; 320; 321; 322; 323; 335; 359; 362; 363; 364; 365; 366; 367
ACTA2,ACTC1,Tropomyosin alpha-1 chain,1,1,35,0,0,0.0,0.0,,0,0,,25; 147; 215; 216; 217; 218; 219; 220; 221; 222; 225; 226; 235; 236; 238; 241; 254; 291; 295; 307; 308; 311; 314; 315; 318; 323; 324; 325; 326; 327; 328; 329; 330; 333; 334
ACTA2,ACTC1,Tropomyosin beta chain,1,1,11,0,0,0.0,0.0,,0,0,,218; 219; 220; 221; 222; 226; 238; 254; 307; 308; 311
ACTA2,ACTC1,Tropomyosin-1.9,1,1,17,0,0,0.0,0.0,,0,0,,24; 25; 26; 27; 30; 144; 145; 147; 326; 328; 330; 332; 333; 334; 337; 341; 345
ACTA2,ACTC1,"Troponin T2, cardiac type",1,1,34,0,0,0.0,0.0,,0,0,,24; 25; 41; 42; 43; 44; 45; 46; 47; 48; 49; 51; 133; 143; 144; 145; 146; 147; 148; 332; 333; 334; 341; 345; 349; 351; 352; 354; 355; 371; 372; 373; 374; 375
ACTA2,ACTC1,Unconventional myosin-Ib,1,1,66,0,0,0.0,0.0,,0,0,,2; 4; 6; 21; 22; 23; 24; 25; 26; 27; 28; 29; 30; 31; 44; 45; 46; 47; 48; 49; 50; 51; 56; 87; 91; 92; 93; 95; 96; 97; 98; 99; 100; 127; 128; 142; 143; 144; 145; 146; 147; 148; 305; 310; 311; 314; 327; 328; 329; 330; 331; 332; 333; 334; 335; 336; 337; 341; 344; 345; 348; 349; 350; 351; 353; 354
ACTA2,ACTC1,Utrophin,1,1,51,0,0,0.0,0.0,,0,0,,21; 24; 25; 26; 27; 28; 29; 30; 31; 44; 45; 46; 47; 48; 49; 50; 51; 52; 53; 54; 56; 57; 61; 84; 87; 88; 91; 92; 93; 94; 95; 96; 97; 98; 99; 143; 144; 146; 147; 148; 149; 167; 333; 334; 337; 341; 345; 348; 349; 350; 351
ACTA2,ACTC1,Vibrio VopV,1,1,95,1,1,1.0,0.010526315789473684,21.900000000000002,1,11,177,35; 37; 38; 39; 66; 67; 68; 69; 70; 71; 72; 73; 75; 76; 77; 78; 79; 80; 81; 110; 111; 112; 114; 115; 117; 118; 121; 125; 173; 176; 177; 179; 183; 184; 187; 190; 194; 195; 196; 197; 198; 199; 200; 201; 202; 203; 205; 206; 239; 240; 241; 242; 244; 245; 246; 247; 248; 249; 262; 263; 264; 265; 267; 268; 269; 270; 271; 272; 273; 275; 276; 279; 280; 283; 284; 285; 286; 287; 290; 294; 318; 319; 320; 321; 322; 323; 324; 359; 362; 363; 364; 365; 366; 367; 368
ACTA2,ACTC1,Vinculin,1,1,65,0,0,0.0,0.0,,0,0,,5; 23; 24; 25; 26; 44; 45; 46; 47; 48; 49; 50; 51; 52; 53; 57; 61; 80; 83; 84; 87; 88; 91; 92; 93; 95; 96; 97; 99; 100; 102; 126; 127; 130; 131; 142; 143; 144; 145; 146; 147; 148; 296; 328; 330; 331; 332; 333; 334; 337; 341; 344; 345; 348; 349; 350; 351; 353; 354; 355; 356; 358; 360; 361; 373
ACTA2,ACTC1,VopV,1,1,85,1,1,1.0,0.011764705882352941,24.675,1,12,177,35; 37; 39; 63; 66; 67; 68; 69; 70; 71; 72; 73; 75; 76; 77; 78; 79; 81; 84; 110; 111; 112; 114; 115; 117; 118; 121; 125; 126; 128; 173; 176; 177; 179; 183; 187; 194; 196; 197; 198; 199; 200; 201; 202; 203; 204; 205; 206; 239; 241; 242; 244; 245; 246; 247; 248; 249; 268; 269; 270; 271; 272; 276; 279; 280; 283; 284; 285; 286; 287; 288; 290; 318; 319; 320; 321; 322; 323; 324; 362; 363; 364; 365; 366; 367
ACTA2,ACTC1,"WD repeat-containing protein 1,Methylated-DNA--protein-cysteine methyltransferase",1,1,52,0,0,0.0,0.0,,0,0,,166; 169; 171; 221; 222; 224; 225; 226; 228; 229; 230; 232; 233; 234; 235; 238; 270; 276; 311; 314; 315; 316; 318; 319; 320; 321; 322; 323; 324; 325; 326; 327; 328; 330; 353; 354; 355; 356; 358; 360; 361; 362; 363; 364; 365; 366; 367; 368; 369; 372; 373; 375
ACTA2,ACTC1,beta-cardiac myosin II,1,1,38,0,0,0.0,0.0,,0,0,,22; 23; 24; 25; 26; 27; 28; 29; 30; 44; 45; 46; 47; 48; 56; 142; 143; 145; 146; 147; 148; 311; 314; 328; 329; 330; 332; 333; 334; 337; 341; 344; 345; 348; 349; 350; 351; 354
ACTA2,ACTG2,Actin-interacting protein 1,3,3,82,3,3,1.0,0.036585365853658534,21.477142857142855,3,19,37; 44; 254,37; 38; 39; 40; 41; 43; 44; 45; 46; 47; 48; 49; 50; 51; 52; 53; 64; 66; 68; 78; 79; 80; 83; 84; 87; 118; 122; 125; 126; 128; 166; 167; 169; 221; 222; 224; 225; 226; 228; 229; 230; 232; 233; 234; 235; 238; 254; 276; 307; 308; 310; 311; 314; 315; 318; 319; 320; 321; 323; 324; 325; 326; 327; 328; 329; 330; 354; 355; 358; 360; 361; 362; 363; 364; 365; 366; 367; 368; 369; 372; 373; 375
ACTA2,ACTG2,Actin-related protein 2,3,3,52,1,1,0.3333333333333333,0.019230769230769232,91.96000000000001,1,5,44,38; 39; 40; 41; 42; 43; 44; 45; 46; 47; 48; 49; 50; 53; 60; 61; 62; 63; 64; 65; 66; 67; 188; 191; 192; 194; 195; 196; 197; 199; 200; 201; 202; 203; 204; 205; 208; 227; 230; 231; 241; 242; 243; 244; 245; 246; 247; 252; 266; 267; 268; 270
ACTA2,ACTG2,Actin-related protein 2/3 complex subunit 1,3,3,27,1,1,0.3333333333333333,0.037037037037037035,14.799999999999999,1,3,44,4; 23; 24; 25; 44; 45; 46; 47; 48; 142; 143; 144; 145; 146; 147; 148; 333; 334; 340; 341; 344; 345; 348; 349; 350; 351; 352
ACTA2,ACTG2,Actin-related protein 2/3 complex subunit 1B,3,3,22,1,1,0.3333333333333333,0.045454545454545456,18.2,1,1,44,23; 24; 25; 44; 45; 46; 47; 48; 142; 143; 144; 145; 146; 147; 148; 341; 344; 345; 348; 349; 350; 351
ACTA2,ACTG2,Actin-related protein 2/3 complex subunit 2,3,3,76,1,1,0.3333333333333333,0.013157894736842105,2.05,1,2,254,4; 5; 6; 7; 8; 21; 22; 23; 24; 28; 46; 48; 49; 50; 51; 75; 76; 77; 79; 83; 87; 94; 95; 96; 99; 100; 101; 102; 113; 114; 115; 117; 118; 121; 122; 125; 130; 131; 195; 196; 197; 198; 228; 229; 231; 232; 233; 234; 235; 236; 237; 238; 239; 240; 241; 245; 246; 247; 248; 249; 254; 279; 283; 320; 321; 322; 323; 324; 351; 356; 362; 363; 364; 365; 366; 367
ACTA2,ACTG2,Actin-related protein 2/3 complex subunit 3,3,3,22,0,0,0.0,0.0,,0,0,,4; 5; 46; 47; 48; 49; 87; 91; 92; 95; 97; 99; 125; 126; 128; 350; 351; 353; 354; 355; 361; 373
ACTA2,ACTG2,Actin-related protein 2/3 complex subunit 4,3,3,30,0,0,0.0,0.0,,0,0,,21; 28; 50; 51; 52; 79; 80; 83; 84; 87; 90; 91; 92; 93; 94; 95; 96; 97; 98; 99; 100; 101; 118; 121; 122; 125; 126; 127; 128; 359
ACTA2,ACTG2,Actin-related protein 2/3 complex subunit 5-like protein,3,3,8,1,1,0.3333333333333333,0.125,24.9,1,1,37,37; 38; 39; 40; 41; 51; 66; 68
ACTA2,ACTG2,Actin-related protein 3,3,3,76,2,2,0.6666666666666666,0.02631578947368421,47.25,2,9,37; 44,37; 38; 39; 40; 41; 42; 43; 44; 45; 46; 47; 48; 49; 50; 51; 53; 60; 61; 62; 63; 64; 65; 117; 121; 124; 125; 128; 133; 143; 198; 200; 202; 204; 205; 208; 224; 227; 228; 230; 231; 232; 233; 234; 237; 238; 239; 240; 241; 242; 243; 244; 245; 246; 247; 248; 249; 346; 351; 354; 355; 359; 360; 361; 362; 363; 364; 365; 366; 367; 368; 369; 371; 372; 373; 374; 375
ACTA2,ACTG2,Adducin 1,3,3,88,1,1,0.3333333333333333,0.011363636363636364,9.95,1,2,44,4; 5; 6; 16; 21; 23; 24; 25; 26; 27; 28; 29; 30; 38; 39; 40; 41; 42; 43; 44; 45; 46; 47; 48; 49; 50; 51; 56; 93; 95; 96; 97; 100; 101; 133; 143; 144; 145; 146; 147; 148; 149; 166; 167; 168; 169; 173; 214; 215; 222; 224; 225; 228; 279; 280; 283; 284; 285; 286; 287; 288; 290; 292; 295; 296; 305; 332; 333; 334; 336; 337; 340; 341; 344; 345; 346; 348; 349; 350; 351; 352; 354; 355; 371; 372; 373; 374; 375
ACTA2,ACTG2,Adenylyl cyclase-associated protein 1,3,3,49,1,1,0.3333333333333333,0.02040816326530612,45.85,1,6,44,32; 40; 43; 44; 45; 46; 47; 48; 49; 50; 53; 56; 57; 59; 60; 61; 62; 63; 64; 65; 88; 91; 92; 93; 95; 188; 191; 195; 202; 203; 204; 205; 207; 208; 210; 211; 215; 240; 241; 242; 243; 244; 245; 256; 265; 266; 267; 268; 270
ACTA2,ACTG2,Afadin,3,3,10,0,0,0.0,0.0,,0,0,,6; 21; 22; 23; 24; 25; 28; 348; 349; 350
ACTA2,ACTG2,Alpha-catenin-like protein hmp-1,3,3,55,1,1,0.3333333333333333,0.01818181818181818,19.5,1,5,44,21; 23; 24; 25; 26; 27; 28; 29; 30; 44; 45; 46; 47; 48; 49; 50; 51; 52; 53; 54; 57; 84; 87; 88; 91; 92; 93; 94; 95; 96; 97; 99; 100; 142; 143; 144; 145; 146; 147; 148; 296; 328; 330; 332; 333; 334; 336; 337; 341; 344; 345; 348; 349; 350; 351
ACTA2,ACTG2,Beta-adducin,3,3,132,1,1,0.3333333333333333,0.007575757575757576,7.4,1,1,44,5; 6; 16; 21; 23; 24; 25; 26; 27; 28; 29; 30; 38; 39; 40; 41; 42; 43; 44; 45; 46; 47; 48; 49; 50; 51; 56; 95; 96; 97; 100; 101; 113; 114; 117; 118; 121; 124; 125; 126; 128; 133; 143; 144; 145; 146; 147; 148; 149; 167; 168; 169; 172; 188; 195; 196; 214; 223; 224; 227; 228; 230; 231; 232; 233; 234; 236; 237; 251; 252; 253; 256; 263; 265; 266; 279; 283; 287; 288; 290; 291; 292; 295; 296; 305; 310; 311; 314; 318; 319; 320; 321; 322; 323; 324; 326; 327; 328; 329; 330; 331; 332; 333; 334; 336; 337; 338; 340; 341; 344; 345; 346; 348; 349; 350; 351; 352; 354; 355; 359; 362; 363; 364; 365; 366; 367; 368; 371; 372; 373; 374; 375
ACTA2,ACTG2,Catenin alpha-1,3,3,78,1,1,0.3333333333333333,0.01282051282051282,16.942857142857143,1,14,44,21; 23; 24; 25; 26; 27; 28; 29; 30; 44; 45; 46; 47; 48; 49; 50; 51; 52; 53; 56; 57; 59; 60; 61; 62; 84; 87; 91; 92; 93; 94; 95; 96; 97; 99; 126; 127; 142; 143; 144; 145; 146; 147; 148; 149; 167; 169; 211; 215; 216; 238; 239; 240; 241; 242; 243; 247; 288; 291; 296; 305; 324; 328; 329; 330; 331; 332; 333; 334; 336; 337; 341; 344; 345; 348; 349; 350; 351
ACTA2,ACTG2,Cell invasion protein SipA,3,3,134,2,2,0.6666666666666666,0.014925373134328358,12.214285714285715,2,28,37; 44,37; 38; 39; 40; 41; 42; 43; 44; 45; 46; 47; 48; 49; 51; 66; 67; 68; 69; 70; 71; 72; 73; 75; 76; 77; 78; 79; 80; 83; 84; 112; 113; 114; 117; 118; 121; 125; 126; 133; 139; 143; 158; 169; 170; 172; 173; 179; 183; 184; 187; 195; 196; 197; 198; 199; 200; 201; 202; 203; 204; 205; 206; 208; 222; 223; 224; 225; 227; 228; 230; 231; 232; 233; 234; 237; 239; 242; 243; 244; 246; 247; 248; 249; 251; 252; 253; 256; 263; 265; 266; 267; 268; 269; 270; 271; 275; 276; 279; 280; 283; 284; 285; 286; 287; 288; 290; 312; 315; 316; 318; 319; 320; 321; 322; 323; 346; 351; 352; 354; 355; 361; 362; 363; 364; 365; 366; 367; 368; 369; 371; 372; 373; 374; 375
ACTA2,ACTG2,Cofilin,3,3,82,0,0,0.0,0.0,,0,0,,16; 23; 24; 25; 26; 27; 28; 29; 30; 31; 32; 46; 47; 48; 49; 50; 53; 56; 57; 59; 60; 61; 88; 91; 92; 93; 94; 95; 96; 97; 100; 133; 134; 135; 136; 139; 140; 143; 144; 145; 146; 147; 148; 149; 157; 166; 167; 168; 169; 207; 210; 211; 214; 215; 288; 291; 292; 296; 305; 326; 328; 330; 331; 332; 333; 334; 336; 337; 338; 341; 342; 344; 345; 346; 348; 349; 350; 351; 352; 354; 355; 375
ACTA2,ACTG2,Cofilin (UNC-60B),3,3,71,0,0,0.0,0.0,,0,0,,16; 23; 25; 26; 27; 28; 29; 30; 31; 32; 47; 49; 50; 53; 56; 57; 59; 60; 61; 91; 92; 93; 94; 95; 96; 97; 100; 133; 135; 139; 140; 143; 144; 145; 146; 147; 148; 149; 167; 168; 169; 207; 210; 211; 214; 215; 291; 296; 305; 326; 328; 330; 332; 333; 334; 336; 337; 338; 341; 342; 344; 345; 346; 348; 349; 350; 351; 352; 354; 355; 375
ACTA2,ACTG2,Cofilin-1,3,3,76,1,1,0.3333333333333333,0.013157894736842105,13.1,1,1,44,21; 23; 24; 25; 26; 27; 28; 29; 30; 31; 44; 45; 50; 51; 53; 56; 57; 60; 61; 87; 88; 91; 92; 93; 94; 95; 96; 97; 99; 100; 101; 133; 140; 142; 143; 144; 145; 146; 147; 148; 149; 166; 167; 168; 169; 214; 215; 288; 291; 292; 295; 296; 305; 326; 328; 330; 331; 332; 333; 334; 336; 337; 338; 341; 342; 343; 345; 346; 348; 349; 350; 351; 352; 354; 355; 375
ACTA2,ACTG2,Cofilin-2,3,3,77,0,0,0.0,0.0,,0,0,,4; 5; 21; 23; 24; 25; 26; 27; 28; 29; 30; 31; 50; 53; 56; 57; 60; 61; 88; 91; 92; 93; 94; 95; 96; 97; 99; 100; 101; 133; 134; 135; 136; 139; 140; 143; 144; 145; 146; 147; 148; 149; 166; 167; 168; 169; 214; 215; 291; 292; 295; 296; 305; 326; 328; 330; 331; 332; 333; 334; 336; 337; 338; 341; 342; 345; 346; 348; 349; 350; 351; 352; 353; 354; 355; 374; 375
ACTA2,ACTG2,"Coronin-1B,Methylated-DNA--protein-cysteine methyltransferase",3,3,98,1,1,0.3333333333333333,0.01020408163265306,82.05925925925925,1,27,37,6; 37; 38; 39; 40; 41; 42; 49; 50; 51; 52; 66; 68; 75; 76; 77; 78; 79; 80; 81; 83; 84; 87; 91; 92; 95; 96; 97; 99; 100; 101; 102; 114; 115; 117; 118; 121; 122; 124; 125; 126; 127; 128; 130; 131; 169; 196; 198; 222; 224; 225; 230; 231; 232; 233; 234; 235; 237; 239; 246; 247; 248; 249; 250; 251; 252; 265; 270; 279; 315; 316; 318; 319; 320; 321; 322; 323; 350; 351; 353; 354; 355; 356; 357; 358; 359; 360; 361; 362; 363; 364; 365; 366; 367; 368; 369; 372; 373
ACTA2,ACTG2,Dematin actin binding protein,3,3,125,1,1,0.3333333333333333,0.008,5.516666666666667,1,6,44,2; 3; 4; 5; 6; 21; 22; 23; 24; 25; 26; 27; 28; 38; 39; 40; 41; 42; 43; 44; 45; 46; 47; 48; 49; 50; 51; 95; 96; 97; 99; 100; 101; 102; 121; 125; 130; 131; 133; 143; 144; 145; 146; 147; 168; 169; 172; 215; 216; 218; 219; 221; 222; 223; 224; 226; 229; 230; 231; 232; 233; 234; 235; 237; 238; 239; 240; 241; 247; 249; 259; 262; 263; 264; 265; 266; 268; 269; 270; 271; 272; 273; 275; 276; 305; 307; 308; 312; 315; 316; 318; 319; 320; 330; 332; 333; 334; 337; 340; 341; 344; 345; 347; 348; 350; 351; 353; 354; 355; 356; 358; 359; 360; 361; 362; 363; 364; 365; 366; 367; 371; 372; 373; 374; 375
ACTA2,ACTG2,Epididymis secretory protein Li 37,3,3,43,1,1,0.3333333333333333,0.023255813953488372,11.945454545454545,1,11,44,23; 24; 25; 44; 45; 46; 47; 48; 49; 50; 51; 52; 53; 54; 56; 57; 61; 84; 87; 88; 91; 92; 93; 95; 96; 97; 98; 99; 100; 143; 144; 146; 147; 148; 167; 334; 341; 344; 345; 348; 349; 350; 351
ACTA2,ACTG2,F-actin-capping protein subunit alpha-1,3,3,46,0,0,0.0,0.0,,0,0,,116; 133; 139; 143; 146; 147; 148; 166; 167; 168; 169; 170; 171; 172; 173; 263; 265; 266; 268; 269; 270; 271; 272; 283; 284; 285; 286; 287; 288; 289; 290; 342; 345; 346; 349; 350; 351; 352; 354; 355; 369; 371; 372; 373; 374; 375
ACTA2,ACTG2,F-actin-capping protein subunit beta,3,3,45,0,0,0.0,0.0,,0,0,,113; 133; 139; 142; 143; 146; 147; 148; 166; 167; 168; 169; 173; 176; 224; 272; 276; 279; 280; 283; 284; 285; 286; 287; 288; 290; 320; 345; 346; 348; 349; 350; 351; 352; 354; 355; 364; 365; 368; 369; 371; 372; 373; 374; 375
ACTA2,ACTG2,Filamin-A,3,3,58,1,1,0.3333333333333333,0.017241379310344827,19.6,1,5,44,21; 24; 25; 26; 27; 28; 29; 30; 31; 44; 45; 46; 47; 48; 49; 50; 52; 53; 54; 56; 57; 60; 61; 83; 84; 87; 88; 91; 92; 93; 94; 95; 96; 97; 98; 100; 126; 142; 143; 144; 145; 146; 147; 148; 149; 167; 333; 334; 335; 336; 337; 341; 345; 348; 349; 350; 351; 354
ACTA2,ACTG2,Gelsolin,3,3,119,2,2,0.6666666666666666,0.01680672268907563,22.15,2,7,37; 44,2; 3; 4; 22; 23; 24; 25; 26; 27; 28; 29; 30; 31; 37; 38; 39; 40; 41; 42; 43; 44; 45; 46; 47; 48; 49; 50; 51; 52; 54; 56; 57; 60; 61; 66; 68; 84; 87; 88; 91; 92; 93; 95; 96; 97; 98; 99; 100; 126; 127; 128; 133; 140; 142; 143; 144; 145; 146; 147; 148; 149; 166; 167; 168; 169; 221; 222; 223; 224; 259; 262; 263; 264; 265; 266; 269; 270; 271; 272; 273; 275; 276; 291; 292; 295; 296; 311; 312; 314; 315; 316; 318; 319; 326; 328; 329; 330; 332; 334; 337; 338; 340; 341; 342; 344; 345; 346; 348; 349; 350; 351; 352; 353; 354; 355; 372; 373; 374; 375
ACTA2,ACTG2,Inositol-trisphosphate 3-kinase A,3,3,37,1,1,0.3333333333333333,0.02702702702702703,14.8,1,5,44,22; 23; 24; 25; 26; 44; 45; 46; 47; 48; 49; 50; 51; 53; 87; 91; 92; 142; 143; 144; 145; 146; 147; 148; 167; 332; 333; 334; 337; 340; 341; 344; 345; 348; 349; 350; 351
ACTA2,ACTG2,Inverted formin-2,3,3,112,1,1,0.3333333333333333,0.008928571428571428,32.55,1,2,44,5; 6; 21; 22; 23; 24; 25; 26; 27; 28; 44; 45; 46; 47; 48; 49; 50; 79; 80; 83; 87; 91; 92; 93; 94; 95; 96; 98; 99; 101; 114; 117; 118; 121; 122; 124; 125; 126; 127; 128; 130; 131; 142; 143; 144; 145; 146; 147; 148; 149; 166; 167; 168; 169; 216; 229; 231; 232; 233; 234; 235; 237; 238; 239; 240; 241; 242; 243; 244; 245; 247; 249; 291; 292; 295; 296; 322; 323; 324; 325; 326; 327; 328; 330; 332; 334; 341; 344; 345; 346; 348; 349; 350; 351; 352; 353; 354; 355; 356; 358; 359; 360; 361; 362; 363; 364; 365; 366; 367; 368; 369; 373
ACTA2,ACTG2,Isoform 2 of F-actin-capping protein subunit beta,3,3,46,0,0,0.0,0.0,,0,0,,110; 133; 136; 139; 143; 145; 146; 147; 148; 166; 167; 168; 169; 170; 171; 172; 173; 176; 224; 272; 276; 277; 279; 280; 283; 284; 285; 286; 288; 290; 320; 345; 346; 348; 349; 350; 351; 352; 354; 355; 361; 364; 369; 372; 373; 375
ACTA2,ACTG2,"Isoform A2 of Troponin T, cardiac muscle",3,3,36,1,1,0.3333333333333333,0.027777777777777776,13.850000000000001,1,2,44,25; 41; 42; 43; 44; 45; 46; 47; 48; 49; 50; 133; 136; 143; 144; 145; 146; 147; 148; 167; 168; 332; 333; 334; 341; 345; 349; 350; 351; 352; 354; 355; 371; 372; 373; 375
ACTA2,ACTG2,Leiomodin-2,3,3,93,2,2,0.6666666666666666,0.021505376344086023,51.733333333333334,2,5,37; 44,37; 38; 39; 40; 41; 42; 43; 44; 45; 46; 47; 48; 49; 50; 51; 52; 66; 68; 69; 70; 72; 75; 76; 77; 78; 79; 80; 81; 83; 84; 112; 114; 117; 118; 121; 122; 124; 125; 126; 167; 168; 169; 195; 196; 197; 198; 199; 224; 244; 245; 246; 247; 248; 249; 262; 263; 264; 265; 269; 270; 271; 272; 273; 275; 276; 279; 280; 283; 290; 318; 319; 320; 321; 322; 323; 349; 351; 352; 354; 355; 359; 361; 362; 363; 364; 365; 366; 367; 369; 371; 372; 373; 374
ACTA2,ACTG2,"Maltose/maltodextrin-binding periplasmic protein,Adenylate cyclase ExoY",3,3,53,1,1,0.3333333333333333,0.018867924528301886,17.950000000000003,1,2,44,16; 21; 23; 24; 25; 26; 27; 28; 29; 30; 31; 32; 44; 45; 46; 47; 56; 57; 59; 87; 90; 91; 92; 93; 94; 95; 96; 97; 99; 128; 142; 143; 144; 145; 146; 147; 148; 210; 211; 214; 305; 333; 334; 335; 336; 337; 341; 344; 345; 348; 349; 350; 351
ACTA2,ACTG2,"Maltose/maltodextrin-binding periplasmic protein,TccC3",3,3,44,1,1,0.3333333333333333,0.022727272727272728,30.0,1,1,44,25; 44; 45; 46; 47; 48; 49; 50; 53; 56; 57; 60; 61; 88; 92; 93; 95; 142; 143; 144; 145; 146; 147; 148; 149; 167; 168; 291; 292; 295; 296; 326; 328; 329; 330; 332; 333; 334; 341; 345; 348; 349; 350; 351
ACTA2,ACTG2,Myosin heavy chain 4,3,3,52,1,1,0.3333333333333333,0.019230769230769232,16.375,1,4,44,5; 6; 21; 22; 23; 24; 25; 26; 27; 28; 29; 30; 44; 45; 46; 47; 48; 49; 50; 56; 94; 95; 96; 101; 142; 143; 145; 146; 147; 148; 305; 310; 311; 314; 328; 329; 330; 331; 332; 333; 334; 336; 337; 341; 344; 345; 348; 349; 350; 351; 353; 354
ACTA2,ACTG2,"Myosin-14,Alpha-actinin A",3,3,53,1,1,0.3333333333333333,0.018867924528301886,19.5,1,2,44,3; 4; 22; 23; 24; 25; 26; 27; 28; 29; 30; 44; 45; 46; 47; 48; 49; 50; 56; 91; 93; 95; 96; 97; 100; 142; 143; 144; 145; 146; 147; 148; 167; 168; 305; 314; 328; 329; 330; 332; 333; 334; 337; 341; 344; 345; 348; 349; 350; 351; 352; 353; 354
ACTA2,ACTG2,Myosin-6,3,3,42,1,1,0.3333333333333333,0.023809523809523808,25.175,1,4,44,23; 24; 25; 26; 27; 28; 29; 30; 44; 45; 46; 47; 48; 56; 93; 94; 95; 96; 142; 143; 146; 147; 148; 305; 311; 314; 328; 330; 332; 333; 334; 336; 337; 341; 344; 345; 348; 349; 350; 351; 353; 354
ACTA2,ACTG2,Myosin-7,3,3,54,1,1,0.3333333333333333,0.018518518518518517,20.525,1,8,44,6; 21; 22; 23; 24; 25; 26; 27; 28; 29; 30; 44; 45; 46; 47; 48; 49; 50; 56; 93; 94; 95; 96; 97; 101; 142; 143; 145; 146; 147; 148; 149; 296; 305; 311; 314; 328; 329; 330; 331; 332; 333; 334; 336; 337; 341; 344; 345; 348; 349; 350; 351; 353; 354
ACTA2,ACTG2,Myosin-A,3,3,49,1,1,0.3333333333333333,0.02040816326530612,13.3,1,1,44,6; 23; 24; 25; 26; 27; 28; 30; 44; 45; 46; 47; 48; 49; 50; 57; 87; 91; 92; 95; 96; 97; 142; 143; 145; 146; 147; 148; 167; 305; 328; 329; 330; 331; 332; 333; 334; 335; 336; 337; 341; 344; 345; 348; 349; 350; 351; 353; 354
ACTA2,ACTG2,Plastin-3,3,3,46,1,1,0.3333333333333333,0.021739130434782608,12.166666666666666,1,3,44,5; 23; 24; 25; 44; 45; 46; 47; 49; 50; 51; 52; 53; 54; 57; 61; 84; 87; 88; 90; 91; 92; 93; 94; 95; 96; 97; 98; 99; 100; 101; 143; 144; 146; 147; 148; 167; 169; 334; 341; 344; 345; 348; 349; 350; 351
ACTA2,ACTG2,Profilin-1,3,3,29,0,0,0.0,0.0,,0,0,,113; 116; 133; 136; 166; 167; 169; 170; 171; 172; 173; 284; 285; 286; 287; 288; 289; 290; 354; 355; 361; 365; 368; 369; 371; 372; 373; 374; 375
ACTA2,ACTG2,Protein diaphanous homolog 1,3,3,66,1,1,0.3333333333333333,0.015151515151515152,1.5,1,1,44,5; 6; 7; 22; 23; 24; 25; 44; 45; 46; 47; 48; 50; 61; 80; 83; 118; 121; 125; 126; 128; 143; 144; 145; 146; 147; 148; 149; 166; 167; 168; 169; 233; 234; 239; 292; 296; 318; 319; 321; 323; 324; 326; 328; 330; 340; 341; 344; 345; 346; 347; 348; 349; 350; 351; 352; 353; 355; 359; 362; 363; 364; 365; 366; 367; 372
ACTA2,ACTG2,Spectrin beta chain,3,3,76,1,1,0.3333333333333333,0.013157894736842105,10.20625,1,16,44,2; 3; 21; 23; 24; 25; 26; 27; 28; 29; 30; 31; 44; 45; 46; 47; 48; 49; 50; 51; 52; 53; 54; 56; 57; 58; 61; 83; 84; 87; 88; 90; 91; 92; 93; 94; 95; 96; 97; 98; 99; 100; 124; 125; 128; 142; 143; 144; 145; 146; 147; 148; 167; 214; 215; 305; 306; 307; 308; 309; 331; 332; 333; 334; 335; 336; 337; 341; 345; 348; 349; 350; 351; 359; 362; 363
ACTA2,ACTG2,Src substrate cortactin,3,3,65,0,0,0.0,0.0,,0,0,,16; 18; 26; 27; 28; 29; 30; 31; 32; 45; 46; 47; 48; 56; 57; 59; 60; 61; 62; 144; 145; 146; 147; 148; 149; 166; 167; 207; 208; 210; 211; 214; 215; 217; 221; 240; 241; 242; 243; 288; 289; 291; 292; 295; 296; 298; 302; 305; 306; 307; 308; 309; 310; 311; 314; 328; 329; 330; 331; 332; 333; 334; 335; 336; 337
ACTA2,ACTG2,Talin-1,3,3,72,1,1,0.3333333333333333,0.013888888888888888,7.325,1,4,44,3; 4; 5; 23; 24; 25; 44; 45; 46; 47; 48; 49; 50; 51; 52; 53; 57; 83; 84; 87; 91; 92; 97; 98; 99; 100; 101; 102; 121; 124; 125; 126; 127; 128; 129; 130; 131; 143; 144; 145; 146; 147; 148; 328; 329; 330; 331; 332; 333; 334; 340; 341; 344; 345; 348; 349; 350; 351; 353; 354; 356; 358; 359; 360; 361; 362; 363; 364; 365; 366; 367; 373
ACTA2,ACTG2,Tropomodulin-1,3,3,132,3,3,1.0,0.022727272727272728,82.08888888888889,3,8,37; 44; 254,32; 37; 38; 39; 40; 41; 42; 43; 44; 45; 46; 47; 48; 49; 50; 51; 52; 53; 54; 56; 57; 59; 60; 61; 62; 63; 64; 66; 68; 69; 72; 75; 76; 77; 78; 79; 80; 81; 83; 84; 87; 88; 91; 92; 93; 95; 98; 99; 112; 114; 117; 118; 121; 122; 124; 125; 126; 127; 128; 195; 196; 197; 198; 199; 200; 201; 202; 204; 205; 207; 208; 210; 211; 213; 214; 215; 216; 217; 218; 219; 220; 221; 224; 226; 232; 233; 235; 236; 238; 239; 240; 241; 242; 243; 244; 245; 246; 247; 248; 249; 254; 262; 263; 264; 265; 266; 273; 275; 276; 279; 283; 294; 305; 306; 307; 308; 311; 316; 318; 319; 320; 321; 322; 323; 335; 359; 362; 363; 364; 365; 366; 367
ACTA2,ACTG2,Tropomyosin alpha-1 chain,3,3,35,1,1,0.3333333333333333,0.02857142857142857,36.747058823529414,1,17,254,25; 147; 215; 216; 217; 218; 219; 220; 221; 222; 225; 226; 235; 236; 238; 241; 254; 291; 295; 307; 308; 311; 314; 315; 318; 323; 324; 325; 326; 327; 328; 329; 330; 333; 334
ACTA2,ACTG2,Tropomyosin beta chain,3,3,11,1,1,0.3333333333333333,0.09090909090909091,34.199999999999996,1,3,254,218; 219; 220; 221; 222; 226; 238; 254; 307; 308; 311
ACTA2,ACTG2,Tropomyosin-1.9,3,3,17,0,0,0.0,0.0,,0,0,,24; 25; 26; 27; 30; 144; 145; 147; 326; 328; 330; 332; 333; 334; 337; 341; 345
ACTA2,ACTG2,"Troponin T2, cardiac type",3,3,34,1,1,0.3333333333333333,0.029411764705882353,8.2,1,2,44,24; 25; 41; 42; 43; 44; 45; 46; 47; 48; 49; 51; 133; 143; 144; 145; 146; 147; 148; 332; 333; 334; 341; 345; 349; 351; 352; 354; 355; 371; 372; 373; 374; 375
ACTA2,ACTG2,Unconventional myosin-Ib,3,3,66,1,1,0.3333333333333333,0.015151515151515152,18.85,1,2,44,2; 4; 6; 21; 22; 23; 24; 25; 26; 27; 28; 29; 30; 31; 44; 45; 46; 47; 48; 49; 50; 51; 56; 87; 91; 92; 93; 95; 96; 97; 98; 99; 100; 127; 128; 142; 143; 144; 145; 146; 147; 148; 305; 310; 311; 314; 327; 328; 329; 330; 331; 332; 333; 334; 335; 336; 337; 341; 344; 345; 348; 349; 350; 351; 353; 354
ACTA2,ACTG2,Utrophin,3,3,51,1,1,0.3333333333333333,0.0196078431372549,7.800000000000001,1,3,44,21; 24; 25; 26; 27; 28; 29; 30; 31; 44; 45; 46; 47; 48; 49; 50; 51; 52; 53; 54; 56; 57; 61; 84; 87; 88; 91; 92; 93; 94; 95; 96; 97; 98; 99; 143; 144; 146; 147; 148; 149; 167; 333; 334; 337; 341; 345; 348; 349; 350; 351
ACTA2,ACTG2,Vibrio VopV,3,3,95,1,1,0.3333333333333333,0.010526315789473684,27.727272727272727,1,11,37,35; 37; 38; 39; 66; 67; 68; 69; 70; 71; 72; 73; 75; 76; 77; 78; 79; 80; 81; 110; 111; 112; 114; 115; 117; 118; 121; 125; 173; 176; 177; 179; 183; 184; 187; 190; 194; 195; 196; 197; 198; 199; 200; 201; 202; 203; 205; 206; 239; 240; 241; 242; 244; 245; 246; 247; 248; 249; 262; 263; 264; 265; 267; 268; 269; 270; 271; 272; 273; 275; 276; 279; 280; 283; 284; 285; 286; 287; 290; 294; 318; 319; 320; 321; 322; 323; 324; 359; 362; 363; 364; 365; 366; 367; 368
ACTA2,ACTG2,Vinculin,3,3,65,1,1,0.3333333333333333,0.015384615384615385,10.8,1,2,44,5; 23; 24; 25; 26; 44; 45; 46; 47; 48; 49; 50; 51; 52; 53; 57; 61; 80; 83; 84; 87; 88; 91; 92; 93; 95; 96; 97; 99; 100; 102; 126; 127; 130; 131; 142; 143; 144; 145; 146; 147; 148; 296; 328; 330; 331; 332; 333; 334; 337; 341; 344; 345; 348; 349; 350; 351; 353; 354; 355; 356; 358; 360; 361; 373
ACTA2,ACTG2,VopV,3,3,85,1,1,0.3333333333333333,0.011764705882352941,65.13333333333334,1,12,37,35; 37; 39; 63; 66; 67; 68; 69; 70; 71; 72; 73; 75; 76; 77; 78; 79; 81; 84; 110; 111; 112; 114; 115; 117; 118; 121; 125; 126; 128; 173; 176; 177; 179; 183; 187; 194; 196; 197; 198; 199; 200; 201; 202; 203; 204; 205; 206; 239; 241; 242; 244; 245; 246; 247; 248; 249; 268; 269; 270; 271; 272; 276; 279; 280; 283; 284; 285; 286; 287; 288; 290; 318; 319; 320; 321; 322; 323; 324; 362; 363; 364; 365; 366; 367
ACTA2,ACTG2,"WD repeat-containing protein 1,Methylated-DNA--protein-cysteine methyltransferase",3,3,52,0,0,0.0,0.0,,0,0,,166; 169; 171; 221; 222; 224; 225; 226; 228; 229; 230; 232; 233; 234; 235; 238; 270; 276; 311; 314; 315; 316; 318; 319; 320; 321; 322; 323; 324; 325; 326; 327; 328; 330; 353; 354; 355; 356; 358; 360; 361; 362; 363; 364; 365; 366; 367; 368; 369; 372; 373; 375
ACTA2,ACTG2,beta-cardiac myosin II,3,3,38,1,1,0.3333333333333333,0.02631578947368421,13.8,1,1,44,22; 23; 24; 25; 26; 27; 28; 29; 30; 44; 45; 46; 47; 48; 56; 142; 143; 145; 146; 147; 148; 311; 314; 328; 329; 330; 332; 333; 334; 337; 341; 344; 345; 348; 349; 350; 351; 354
ACTB,ACTA1,Actin-interacting protein 1,8,8,82,0,0,0.0,0.0,,0,0,,37; 38; 39; 40; 41; 43; 44; 45; 46; 47; 48; 49; 50; 51; 52; 53; 64; 66; 68; 78; 79; 80; 83; 84; 87; 118; 122; 125; 126; 128; 166; 167; 169; 221; 222; 224; 225; 226; 228; 229; 230; 232; 233; 234; 235; 238; 254; 276; 307; 308; 310; 311; 314; 315; 318; 319; 320; 321; 323; 324; 325; 326; 327; 328; 329; 330; 354; 355; 358; 360; 361; 362; 363; 364; 365; 366; 367; 368; 369; 372; 373; 375
ACTB,ACTA1,Actin-related protein 2,8,8,52,1,1,0.125,0.019230769230769232,11.86,1,5,60,38; 39; 40; 41; 42; 43; 44; 45; 46; 47; 48; 49; 50; 53; 60; 61; 62; 63; 64; 65; 66; 67; 188; 191; 192; 194; 195; 196; 197; 199; 200; 201; 202; 203; 204; 205; 208; 227; 230; 231; 241; 242; 243; 244; 245; 246; 247; 252; 266; 267; 268; 270
ACTB,ACTA1,Actin-related protein 2/3 complex subunit 1,8,8,27,1,1,0.125,0.037037037037037035,16.2,1,3,24,4; 23; 24; 25; 44; 45; 46; 47; 48; 142; 143; 144; 145; 146; 147; 148; 333; 334; 340; 341; 344; 345; 348; 349; 350; 351; 352
ACTB,ACTA1,Actin-related protein 2/3 complex subunit 1B,8,8,22,1,1,0.125,0.045454545454545456,6.75,1,2,24,23; 24; 25; 44; 45; 46; 47; 48; 142; 143; 144; 145; 146; 147; 148; 341; 344; 345; 348; 349; 350; 351
ACTB,ACTA1,Actin-related protein 2/3 complex subunit 2,8,8,76,2,2,0.25,0.02631578947368421,15.933333333333334,2,5,24; 75,4; 5; 6; 7; 8; 21; 22; 23; 24; 28; 46; 48; 49; 50; 51; 75; 76; 77; 79; 83; 87; 94; 95; 96; 99; 100; 101; 102; 113; 114; 115; 117; 118; 121; 122; 125; 130; 131; 195; 196; 197; 198; 228; 229; 231; 232; 233; 234; 235; 236; 237; 238; 239; 240; 241; 245; 246; 247; 248; 249; 254; 279; 283; 320; 321; 322; 323; 324; 351; 356; 362; 363; 364; 365; 366; 367
ACTB,ACTA1,Actin-related protein 2/3 complex subunit 3,8,8,22,0,0,0.0,0.0,,0,0,,4; 5; 46; 47; 48; 49; 87; 91; 92; 95; 97; 99; 125; 126; 128; 350; 351; 353; 354; 355; 361; 373
ACTB,ACTA1,Actin-related protein 2/3 complex subunit 4,8,8,30,0,0,0.0,0.0,,0,0,,21; 28; 50; 51; 52; 79; 80; 83; 84; 87; 90; 91; 92; 93; 94; 95; 96; 97; 98; 99; 100; 101; 118; 121; 122; 125; 126; 127; 128; 359
ACTB,ACTA1,Actin-related protein 2/3 complex subunit 5-like protein,8,8,8,0,0,0.0,0.0,,0,0,,37; 38; 39; 40; 41; 51; 66; 68
ACTB,ACTA1,Actin-related protein 3,8,8,76,1,1,0.125,0.013157894736842105,10.74,1,5,60,37; 38; 39; 40; 41; 42; 43; 44; 45; 46; 47; 48; 49; 50; 51; 53; 60; 61; 62; 63; 64; 65; 117; 121; 124; 125; 128; 133; 143; 198; 200; 202; 204; 205; 208; 224; 227; 228; 230; 231; 232; 233; 234; 237; 238; 239; 240; 241; 242; 243; 244; 245; 246; 247; 248; 249; 346; 351; 354; 355; 359; 360; 361; 362; 363; 364; 365; 366; 367; 368; 369; 371; 372; 373; 374; 375
ACTB,ACTA1,Adducin 1,8,8,88,1,1,0.125,0.011363636363636364,37.125,1,4,24,4; 5; 6; 16; 21; 23; 24; 25; 26; 27; 28; 29; 30; 38; 39; 40; 41; 42; 43; 44; 45; 46; 47; 48; 49; 50; 51; 56; 93; 95; 96; 97; 100; 101; 133; 143; 144; 145; 146; 147; 148; 149; 166; 167; 168; 169; 173; 214; 215; 222; 224; 225; 228; 279; 280; 283; 284; 285; 286; 287; 288; 290; 292; 295; 296; 305; 332; 333; 334; 336; 337; 340; 341; 344; 345; 346; 348; 349; 350; 351; 352; 354; 355; 371; 372; 373; 374; 375
ACTB,ACTA1,Adenylyl cyclase-associated protein 1,8,8,49,1,1,0.125,0.02040816326530612,95.76666666666667,1,6,60,32; 40; 43; 44; 45; 46; 47; 48; 49; 50; 53; 56; 57; 59; 60; 61; 62; 63; 64; 65; 88; 91; 92; 93; 95; 188; 191; 195; 202; 203; 204; 205; 207; 208; 210; 211; 215; 240; 241; 242; 243; 244; 245; 256; 265; 266; 267; 268; 270
ACTB,ACTA1,Afadin,8,8,10,1,1,0.125,0.1,64.1,1,1,24,6; 21; 22; 23; 24; 25; 28; 348; 349; 350
ACTB,ACTA1,Alpha-catenin-like protein hmp-1,8,8,55,1,1,0.125,0.01818181818181818,29.82,1,10,24,21; 23; 24; 25; 26; 27; 28; 29; 30; 44; 45; 46; 47; 48; 49; 50; 51; 52; 53; 54; 57; 84; 87; 88; 91; 92; 93; 94; 95; 96; 97; 99; 100; 142; 143; 144; 145; 146; 147; 148; 296; 328; 330; 332; 333; 334; 336; 337; 341; 344; 345; 348; 349; 350; 351
ACTB,ACTA1,Beta-adducin,8,8,132,1,1,0.125,0.007575757575757576,33.4,1,3,24,5; 6; 16; 21; 23; 24; 25; 26; 27; 28; 29; 30; 38; 39; 40; 41; 42; 43; 44; 45; 46; 47; 48; 49; 50; 51; 56; 95; 96; 97; 100; 101; 113; 114; 117; 118; 121; 124; 125; 126; 128; 133; 143; 144; 145; 146; 147; 148; 149; 167; 168; 169; 172; 188; 195; 196; 214; 223; 224; 227; 228; 230; 231; 232; 233; 234; 236; 237; 251; 252; 253; 256; 263; 265; 266; 279; 283; 287; 288; 290; 291; 292; 295; 296; 305; 310; 311; 314; 318; 319; 320; 321; 322; 323; 324; 326; 327; 328; 329; 330; 331; 332; 333; 334; 336; 337; 338; 340; 341; 344; 345; 346; 348; 349; 350; 351; 352; 354; 355; 359; 362; 363; 364; 365; 366; 367; 368; 371; 372; 373; 374; 375
ACTB,ACTA1,Catenin alpha-1,8,8,78,2,2,0.25,0.02564102564102564,28.148214285714285,2,30,24; 60,21; 23; 24; 25; 26; 27; 28; 29; 30; 44; 45; 46; 47; 48; 49; 50; 51; 52; 53; 56; 57; 59; 60; 61; 62; 84; 87; 91; 92; 93; 94; 95; 96; 97; 99; 126; 127; 142; 143; 144; 145; 146; 147; 148; 149; 167; 169; 211; 215; 216; 238; 239; 240; 241; 242; 243; 247; 288; 291; 296; 305; 324; 328; 329; 330; 331; 332; 333; 334; 336; 337; 341; 344; 345; 348; 349; 350; 351
ACTB,ACTA1,Cell invasion protein SipA,8,8,134,2,2,0.25,0.014925373134328358,27.132857142857144,2,17,75; 312,37; 38; 39; 40; 41; 42; 43; 44; 45; 46; 47; 48; 49; 51; 66; 67; 68; 69; 70; 71; 72; 73; 75; 76; 77; 78; 79; 80; 83; 84; 112; 113; 114; 117; 118; 121; 125; 126; 133; 139; 143; 158; 169; 170; 172; 173; 179; 183; 184; 187; 195; 196; 197; 198; 199; 200; 201; 202; 203; 204; 205; 206; 208; 222; 223; 224; 225; 227; 228; 230; 231; 232; 233; 234; 237; 239; 242; 243; 244; 246; 247; 248; 249; 251; 252; 253; 256; 263; 265; 266; 267; 268; 269; 270; 271; 275; 276; 279; 280; 283; 284; 285; 286; 287; 288; 290; 312; 315; 316; 318; 319; 320; 321; 322; 323; 346; 351; 352; 354; 355; 361; 362; 363; 364; 365; 366; 367; 368; 369; 371; 372; 373; 374; 375
ACTB,ACTA1,Cofilin,8,8,82,2,2,0.25,0.024390243902439025,9.34375,2,10,24; 60,16; 23; 24; 25; 26; 27; 28; 29; 30; 31; 32; 46; 47; 48; 49; 50; 53; 56; 57; 59; 60; 61; 88; 91; 92; 93; 94; 95; 96; 97; 100; 133; 134; 135; 136; 139; 140; 143; 144; 145; 146; 147; 148; 149; 157; 166; 167; 168; 169; 207; 210; 211; 214; 215; 288; 291; 292; 296; 305; 326; 328; 330; 331; 332; 333; 334; 336; 337; 338; 341; 342; 344; 345; 346; 348; 349; 350; 351; 352; 354; 355; 375
ACTB,ACTA1,Cofilin (UNC-60B),8,8,71,1,1,0.125,0.014084507042253521,0.5,1,1,60,16; 23; 25; 26; 27; 28; 29; 30; 31; 32; 47; 49; 50; 53; 56; 57; 59; 60; 61; 91; 92; 93; 94; 95; 96; 97; 100; 133; 135; 139; 140; 143; 144; 145; 146; 147; 148; 149; 167; 168; 169; 207; 210; 211; 214; 215; 291; 296; 305; 326; 328; 330; 332; 333; 334; 336; 337; 338; 341; 342; 344; 345; 346; 348; 349; 350; 351; 352; 354; 355; 375
ACTB,ACTA1,Cofilin-1,8,8,76,2,2,0.25,0.02631578947368421,17.125862068965517,2,31,24; 60,21; 23; 24; 25; 26; 27; 28; 29; 30; 31; 44; 45; 50; 51; 53; 56; 57; 60; 61; 87; 88; 91; 92; 93; 94; 95; 96; 97; 99; 100; 101; 133; 140; 142; 143; 144; 145; 146; 147; 148; 149; 166; 167; 168; 169; 214; 215; 288; 291; 292; 295; 296; 305; 326; 328; 330; 331; 332; 333; 334; 336; 337; 338; 341; 342; 343; 345; 346; 348; 349; 350; 351; 352; 354; 355; 375
ACTB,ACTA1,Cofilin-2,8,8,77,2,2,0.25,0.025974025974025976,9.395,2,21,24; 60,4; 5; 21; 23; 24; 25; 26; 27; 28; 29; 30; 31; 50; 53; 56; 57; 60; 61; 88; 91; 92; 93; 94; 95; 96; 97; 99; 100; 101; 133; 134; 135; 136; 139; 140; 143; 144; 145; 146; 147; 148; 149; 166; 167; 168; 169; 214; 215; 291; 292; 295; 296; 305; 326; 328; 330; 331; 332; 333; 334; 336; 337; 338; 341; 342; 345; 346; 348; 349; 350; 351; 352; 353; 354; 355; 374; 375
ACTB,ACTA1,"Coronin-1B,Methylated-DNA--protein-cysteine methyltransferase",8,8,98,1,1,0.125,0.01020408163265306,5.4,1,1,75,6; 37; 38; 39; 40; 41; 42; 49; 50; 51; 52; 66; 68; 75; 76; 77; 78; 79; 80; 81; 83; 84; 87; 91; 92; 95; 96; 97; 99; 100; 101; 102; 114; 115; 117; 118; 121; 122; 124; 125; 126; 127; 128; 130; 131; 169; 196; 198; 222; 224; 225; 230; 231; 232; 233; 234; 235; 237; 239; 246; 247; 248; 249; 250; 251; 252; 265; 270; 279; 315; 316; 318; 319; 320; 321; 322; 323; 350; 351; 353; 354; 355; 356; 357; 358; 359; 360; 361; 362; 363; 364; 365; 366; 367; 368; 369; 372; 373
ACTB,ACTA1,Dematin actin binding protein,8,8,125,2,2,0.25,0.016,88.20416666666668,2,18,24; 312,2; 3; 4; 5; 6; 21; 22; 23; 24; 25; 26; 27; 28; 38; 39; 40; 41; 42; 43; 44; 45; 46; 47; 48; 49; 50; 51; 95; 96; 97; 99; 100; 101; 102; 121; 125; 130; 131; 133; 143; 144; 145; 146; 147; 168; 169; 172; 215; 216; 218; 219; 221; 222; 223; 224; 226; 229; 230; 231; 232; 233; 234; 235; 237; 238; 239; 240; 241; 247; 249; 259; 262; 263; 264; 265; 266; 268; 269; 270; 271; 272; 273; 275; 276; 305; 307; 308; 312; 315; 316; 318; 319; 320; 330; 332; 333; 334; 337; 340; 341; 344; 345; 347; 348; 350; 351; 353; 354; 355; 356; 358; 359; 360; 361; 362; 363; 364; 365; 366; 367; 371; 372; 373; 374; 375
ACTB,ACTA1,Epididymis secretory protein Li 37,8,8,43,1,1,0.125,0.023255813953488372,5.211111111111111,1,9,24,23; 24; 25; 44; 45; 46; 47; 48; 49; 50; 51; 52; 53; 54; 56; 57; 61; 84; 87; 88; 91; 92; 93; 95; 96; 97; 98; 99; 100; 143; 144; 146; 147; 148; 167; 334; 341; 344; 345; 348; 349; 350; 351
ACTB,ACTA1,F-actin-capping protein subunit alpha-1,8,8,46,0,0,0.0,0.0,,0,0,,116; 133; 139; 143; 146; 147; 148; 166; 167; 168; 169; 170; 171; 172; 173; 263; 265; 266; 268; 269; 270; 271; 272; 283; 284; 285; 286; 287; 288; 289; 290; 342; 345; 346; 349; 350; 351; 352; 354; 355; 369; 371; 372; 373; 374; 375
ACTB,ACTA1,F-actin-capping protein subunit beta,8,8,45,0,0,0.0,0.0,,0,0,,113; 133; 139; 142; 143; 146; 147; 148; 166; 167; 168; 169; 173; 176; 224; 272; 276; 279; 280; 283; 284; 285; 286; 287; 288; 290; 320; 345; 346; 348; 349; 350; 351; 352; 354; 355; 364; 365; 368; 369; 371; 372; 373; 374; 375
ACTB,ACTA1,Filamin-A,8,8,58,2,2,0.25,0.034482758620689655,10.28,2,10,24; 60,21; 24; 25; 26; 27; 28; 29; 30; 31; 44; 45; 46; 47; 48; 49; 50; 52; 53; 54; 56; 57; 60; 61; 83; 84; 87; 88; 91; 92; 93; 94; 95; 96; 97; 98; 100; 126; 142; 143; 144; 145; 146; 147; 148; 149; 167; 333; 334; 335; 336; 337; 341; 345; 348; 349; 350; 351; 354
ACTB,ACTA1,Gelsolin,8,8,119,3,3,0.375,0.025210084033613446,61.12083333333334,3,25,24; 60; 312,2; 3; 4; 22; 23; 24; 25; 26; 27; 28; 29; 30; 31; 37; 38; 39; 40; 41; 42; 43; 44; 45; 46; 47; 48; 49; 50; 51; 52; 54; 56; 57; 60; 61; 66; 68; 84; 87; 88; 91; 92; 93; 95; 96; 97; 98; 99; 100; 126; 127; 128; 133; 140; 142; 143; 144; 145; 146; 147; 148; 149; 166; 167; 168; 169; 221; 222; 223; 224; 259; 262; 263; 264; 265; 266; 269; 270; 271; 272; 273; 275; 276; 291; 292; 295; 296; 311; 312; 314; 315; 316; 318; 319; 326; 328; 329; 330; 332; 334; 337; 338; 340; 341; 342; 344; 345; 346; 348; 349; 350; 351; 352; 353; 354; 355; 372; 373; 374; 375
ACTB,ACTA1,Inositol-trisphosphate 3-kinase A,8,8,37,1,1,0.125,0.02702702702702703,15.057142857142859,1,7,24,22; 23; 24; 25; 26; 44; 45; 46; 47; 48; 49; 50; 51; 53; 87; 91; 92; 142; 143; 144; 145; 146; 147; 148; 167; 332; 333; 334; 337; 340; 341; 344; 345; 348; 349; 350; 351
ACTB,ACTA1,Inverted formin-2,8,8,112,1,1,0.125,0.008928571428571428,50.775,1,8,24,5; 6; 21; 22; 23; 24; 25; 26; 27; 28; 44; 45; 46; 47; 48; 49; 50; 79; 80; 83; 87; 91; 92; 93; 94; 95; 96; 98; 99; 101; 114; 117; 118; 121; 122; 124; 125; 126; 127; 128; 130; 131; 142; 143; 144; 145; 146; 147; 148; 149; 166; 167; 168; 169; 216; 229; 231; 232; 233; 234; 235; 237; 238; 239; 240; 241; 242; 243; 244; 245; 247; 249; 291; 292; 295; 296; 322; 323; 324; 325; 326; 327; 328; 330; 332; 334; 341; 344; 345; 346; 348; 349; 350; 351; 352; 353; 354; 355; 356; 358; 359; 360; 361; 362; 363; 364; 365; 366; 367; 368; 369; 373
ACTB,ACTA1,Isoform 2 of F-actin-capping protein subunit beta,8,8,46,1,1,0.125,0.021739130434782608,9.7,1,1,110,110; 133; 136; 139; 143; 145; 146; 147; 148; 166; 167; 168; 169; 170; 171; 172; 173; 176; 224; 272; 276; 277; 279; 280; 283; 284; 285; 286; 288; 290; 320; 345; 346; 348; 349; 350; 351; 352; 354; 355; 361; 364; 369; 372; 373; 375
ACTB,ACTA1,"Isoform A2 of Troponin T, cardiac muscle",8,8,36,0,0,0.0,0.0,,0,0,,25; 41; 42; 43; 44; 45; 46; 47; 48; 49; 50; 133; 136; 143; 144; 145; 146; 147; 148; 167; 168; 332; 333; 334; 341; 345; 349; 350; 351; 352; 354; 355; 371; 372; 373; 375
ACTB,ACTA1,Leiomodin-2,8,8,93,1,1,0.125,0.010752688172043012,26.5,1,2,75,37; 38; 39; 40; 41; 42; 43; 44; 45; 46; 47; 48; 49; 50; 51; 52; 66; 68; 69; 70; 72; 75; 76; 77; 78; 79; 80; 81; 83; 84; 112; 114; 117; 118; 121; 122; 124; 125; 126; 167; 168; 169; 195; 196; 197; 198; 199; 224; 244; 245; 246; 247; 248; 249; 262; 263; 264; 265; 269; 270; 271; 272; 273; 275; 276; 279; 280; 283; 290; 318; 319; 320; 321; 322; 323; 349; 351; 352; 354; 355; 359; 361; 362; 363; 364; 365; 366; 367; 369; 371; 372; 373; 374
ACTB,ACTA1,"Maltose/maltodextrin-binding periplasmic protein,Adenylate cyclase ExoY",8,8,53,1,1,0.125,0.018867924528301886,32.2,1,5,24,16; 21; 23; 24; 25; 26; 27; 28; 29; 30; 31; 32; 44; 45; 46; 47; 56; 57; 59; 87; 90; 91; 92; 93; 94; 95; 96; 97; 99; 128; 142; 143; 144; 145; 146; 147; 148; 210; 211; 214; 305; 333; 334; 335; 336; 337; 341; 344; 345; 348; 349; 350; 351
ACTB,ACTA1,"Maltose/maltodextrin-binding periplasmic protein,TccC3",8,8,44,1,1,0.125,0.022727272727272728,8.0,1,1,60,25; 44; 45; 46; 47; 48; 49; 50; 53; 56; 57; 60; 61; 88; 92; 93; 95; 142; 143; 144; 145; 146; 147; 148; 149; 167; 168; 291; 292; 295; 296; 326; 328; 329; 330; 332; 333; 334; 341; 345; 348; 349; 350; 351
ACTB,ACTA1,Myosin heavy chain 4,8,8,52,1,1,0.125,0.019230769230769232,72.25,1,6,24,5; 6; 21; 22; 23; 24; 25; 26; 27; 28; 29; 30; 44; 45; 46; 47; 48; 49; 50; 56; 94; 95; 96; 101; 142; 143; 145; 146; 147; 148; 305; 310; 311; 314; 328; 329; 330; 331; 332; 333; 334; 336; 337; 341; 344; 345; 348; 349; 350; 351; 353; 354
ACTB,ACTA1,"Myosin-14,Alpha-actinin A",8,8,53,1,1,0.125,0.018867924528301886,75.7,1,2,24,3; 4; 22; 23; 24; 25; 26; 27; 28; 29; 30; 44; 45; 46; 47; 48; 49; 50; 56; 91; 93; 95; 96; 97; 100; 142; 143; 144; 145; 146; 147; 148; 167; 168; 305; 314; 328; 329; 330; 332; 333; 334; 337; 341; 344; 345; 348; 349; 350; 351; 352; 353; 354
ACTB,ACTA1,Myosin-6,8,8,42,1,1,0.125,0.023809523809523808,23.849999999999998,1,6,24,23; 24; 25; 26; 27; 28; 29; 30; 44; 45; 46; 47; 48; 56; 93; 94; 95; 96; 142; 143; 146; 147; 148; 305; 311; 314; 328; 330; 332; 333; 334; 336; 337; 341; 344; 345; 348; 349; 350; 351; 353; 354
ACTB,ACTA1,Myosin-7,8,8,54,1,1,0.125,0.018518518518518517,77.75454545454545,1,11,24,6; 21; 22; 23; 24; 25; 26; 27; 28; 29; 30; 44; 45; 46; 47; 48; 49; 50; 56; 93; 94; 95; 96; 97; 101; 142; 143; 145; 146; 147; 148; 149; 296; 305; 311; 314; 328; 329; 330; 331; 332; 333; 334; 336; 337; 341; 344; 345; 348; 349; 350; 351; 353; 354
ACTB,ACTA1,Myosin-A,8,8,49,1,1,0.125,0.02040816326530612,47.8,1,1,24,6; 23; 24; 25; 26; 27; 28; 30; 44; 45; 46; 47; 48; 49; 50; 57; 87; 91; 92; 95; 96; 97; 142; 143; 145; 146; 147; 148; 167; 305; 328; 329; 330; 331; 332; 333; 334; 335; 336; 337; 341; 344; 345; 348; 349; 350; 351; 353; 354
ACTB,ACTA1,Plastin-3,8,8,46,1,1,0.125,0.021739130434782608,6.166666666666667,1,3,24,5; 23; 24; 25; 44; 45; 46; 47; 49; 50; 51; 52; 53; 54; 57; 61; 84; 87; 88; 90; 91; 92; 93; 94; 95; 96; 97; 98; 99; 100; 101; 143; 144; 146; 147; 148; 167; 169; 334; 341; 344; 345; 348; 349; 350; 351
ACTB,ACTA1,Profilin-1,8,8,29,0,0,0.0,0.0,,0,0,,113; 116; 133; 136; 166; 167; 169; 170; 171; 172; 173; 284; 285; 286; 287; 288; 289; 290; 354; 355; 361; 365; 368; 369; 371; 372; 373; 374; 375
ACTB,ACTA1,Protein diaphanous homolog 1,8,8,66,1,1,0.125,0.015151515151515152,16.1,1,4,24,5; 6; 7; 22; 23; 24; 25; 44; 45; 46; 47; 48; 50; 61; 80; 83; 118; 121; 125; 126; 128; 143; 144; 145; 146; 147; 148; 149; 166; 167; 168; 169; 233; 234; 239; 292; 296; 318; 319; 321; 323; 324; 326; 328; 330; 340; 341; 344; 345; 346; 347; 348; 349; 350; 351; 352; 353; 355; 359; 362; 363; 364; 365; 366; 367; 372
ACTB,ACTA1,Spectrin beta chain,8,8,76,1,1,0.125,0.013157894736842105,23.275,1,16,24,2; 3; 21; 23; 24; 25; 26; 27; 28; 29; 30; 31; 44; 45; 46; 47; 48; 49; 50; 51; 52; 53; 54; 56; 57; 58; 61; 83; 84; 87; 88; 90; 91; 92; 93; 94; 95; 96; 97; 98; 99; 100; 124; 125; 128; 142; 143; 144; 145; 146; 147; 148; 167; 214; 215; 305; 306; 307; 308; 309; 331; 332; 333; 334; 335; 336; 337; 341; 345; 348; 349; 350; 351; 359; 362; 363
ACTB,ACTA1,Src substrate cortactin,8,8,65,1,1,0.125,0.015384615384615385,65.55,1,2,60,16; 18; 26; 27; 28; 29; 30; 31; 32; 45; 46; 47; 48; 56; 57; 59; 60; 61; 62; 144; 145; 146; 147; 148; 149; 166; 167; 207; 208; 210; 211; 214; 215; 217; 221; 240; 241; 242; 243; 288; 289; 291; 292; 295; 296; 298; 302; 305; 306; 307; 308; 309; 310; 311; 314; 328; 329; 330; 331; 332; 333; 334; 335; 336; 337
ACTB,ACTA1,Talin-1,8,8,72,1,1,0.125,0.013888888888888888,20.166666666666668,1,3,24,3; 4; 5; 23; 24; 25; 44; 45; 46; 47; 48; 49; 50; 51; 52; 53; 57; 83; 84; 87; 91; 92; 97; 98; 99; 100; 101; 102; 121; 124; 125; 126; 127; 128; 129; 130; 131; 143; 144; 145; 146; 147; 148; 328; 329; 330; 331; 332; 333; 334; 340; 341; 344; 345; 348; 349; 350; 351; 353; 354; 356; 358; 359; 360; 361; 362; 363; 364; 365; 366; 367; 373
ACTB,ACTA1,Tropomodulin-1,8,8,132,2,2,0.25,0.015151515151515152,37.45,2,9,60; 75,32; 37; 38; 39; 40; 41; 42; 43; 44; 45; 46; 47; 48; 49; 50; 51; 52; 53; 54; 56; 57; 59; 60; 61; 62; 63; 64; 66; 68; 69; 72; 75; 76; 77; 78; 79; 80; 81; 83; 84; 87; 88; 91; 92; 93; 95; 98; 99; 112; 114; 117; 118; 121; 122; 124; 125; 126; 127; 128; 195; 196; 197; 198; 199; 200; 201; 202; 204; 205; 207; 208; 210; 211; 213; 214; 215; 216; 217; 218; 219; 220; 221; 224; 226; 232; 233; 235; 236; 238; 239; 240; 241; 242; 243; 244; 245; 246; 247; 248; 249; 254; 262; 263; 264; 265; 266; 273; 275; 276; 279; 283; 294; 305; 306; 307; 308; 311; 316; 318; 319; 320; 321; 322; 323; 335; 359; 362; 363; 364; 365; 366; 367
ACTB,ACTA1,Tropomyosin alpha-1 chain,8,8,35,0,0,0.0,0.0,,0,0,,25; 147; 215; 216; 217; 218; 219; 220; 221; 222; 225; 226; 235; 236; 238; 241; 254; 291; 295; 307; 308; 311; 314; 315; 318; 323; 324; 325; 326; 327; 328; 329; 330; 333; 334
ACTB,ACTA1,Tropomyosin beta chain,8,8,11,0,0,0.0,0.0,,0,0,,218; 219; 220; 221; 222; 226; 238; 254; 307; 308; 311
ACTB,ACTA1,Tropomyosin-1.9,8,8,17,1,1,0.125,0.058823529411764705,20.35,1,2,24,24; 25; 26; 27; 30; 144; 145; 147; 326; 328; 330; 332; 333; 334; 337; 341; 345
ACTB,ACTA1,"Troponin T2, cardiac type",8,8,34,1,1,0.125,0.029411764705882353,3.85,1,2,24,24; 25; 41; 42; 43; 44; 45; 46; 47; 48; 49; 51; 133; 143; 144; 145; 146; 147; 148; 332; 333; 334; 341; 345; 349; 351; 352; 354; 355; 371; 372; 373; 374; 375
ACTB,ACTA1,Unconventional myosin-Ib,8,8,66,1,1,0.125,0.015151515151515152,73.23333333333333,1,3,24,2; 4; 6; 21; 22; 23; 24; 25; 26; 27; 28; 29; 30; 31; 44; 45; 46; 47; 48; 49; 50; 51; 56; 87; 91; 92; 93; 95; 96; 97; 98; 99; 100; 127; 128; 142; 143; 144; 145; 146; 147; 148; 305; 310; 311; 314; 327; 328; 329; 330; 331; 332; 333; 334; 335; 336; 337; 341; 344; 345; 348; 349; 350; 351; 353; 354
ACTB,ACTA1,Utrophin,8,8,51,1,1,0.125,0.0196078431372549,22.53333333333333,1,3,24,21; 24; 25; 26; 27; 28; 29; 30; 31; 44; 45; 46; 47; 48; 49; 50; 51; 52; 53; 54; 56; 57; 61; 84; 87; 88; 91; 92; 93; 94; 95; 96; 97; 98; 99; 143; 144; 146; 147; 148; 149; 167; 333; 334; 337; 341; 345; 348; 349; 350; 351
ACTB,ACTA1,Vibrio VopV,8,8,95,2,2,0.25,0.021052631578947368,46.65,2,21,75; 110,35; 37; 38; 39; 66; 67; 68; 69; 70; 71; 72; 73; 75; 76; 77; 78; 79; 80; 81; 110; 111; 112; 114; 115; 117; 118; 121; 125; 173; 176; 177; 179; 183; 184; 187; 190; 194; 195; 196; 197; 198; 199; 200; 201; 202; 203; 205; 206; 239; 240; 241; 242; 244; 245; 246; 247; 248; 249; 262; 263; 264; 265; 267; 268; 269; 270; 271; 272; 273; 275; 276; 279; 280; 283; 284; 285; 286; 287; 290; 294; 318; 319; 320; 321; 322; 323; 324; 359; 362; 363; 364; 365; 366; 367; 368
ACTB,ACTA1,Vinculin,8,8,65,1,1,0.125,0.015384615384615385,13.95,1,2,24,5; 23; 24; 25; 26; 44; 45; 46; 47; 48; 49; 50; 51; 52; 53; 57; 61; 80; 83; 84; 87; 88; 91; 92; 93; 95; 96; 97; 99; 100; 102; 126; 127; 130; 131; 142; 143; 144; 145; 146; 147; 148; 296; 328; 330; 331; 332; 333; 334; 337; 341; 344; 345; 348; 349; 350; 351; 353; 354; 355; 356; 358; 360; 361; 373
ACTB,ACTA1,VopV,8,8,85,2,2,0.25,0.023529411764705882,36.24166666666667,2,24,75; 110,35; 37; 39; 63; 66; 67; 68; 69; 70; 71; 72; 73; 75; 76; 77; 78; 79; 81; 84; 110; 111; 112; 114; 115; 117; 118; 121; 125; 126; 128; 173; 176; 177; 179; 183; 187; 194; 196; 197; 198; 199; 200; 201; 202; 203; 204; 205; 206; 239; 241; 242; 244; 245; 246; 247; 248; 249; 268; 269; 270; 271; 272; 276; 279; 280; 283; 284; 285; 286; 287; 288; 290; 318; 319; 320; 321; 322; 323; 324; 362; 363; 364; 365; 366; 367
ACTB,ACTA1,"WD repeat-containing protein 1,Methylated-DNA--protein-cysteine methyltransferase",8,8,52,0,0,0.0,0.0,,0,0,,166; 169; 171; 221; 222; 224; 225; 226; 228; 229; 230; 232; 233; 234; 235; 238; 270; 276; 311; 314; 315; 316; 318; 319; 320; 321; 322; 323; 324; 325; 326; 327; 328; 330; 353; 354; 355; 356; 358; 360; 361; 362; 363; 364; 365; 366; 367; 368; 369; 372; 373; 375
ACTB,ACTA1,beta-cardiac myosin II,8,8,38,1,1,0.125,0.02631578947368421,77.5,1,1,24,22; 23; 24; 25; 26; 27; 28; 29; 30; 44; 45; 46; 47; 48; 56; 142; 143; 145; 146; 147; 148; 311; 314; 328; 329; 330; 332; 333; 334; 337; 341; 344; 345; 348; 349; 350; 351; 354
ACTB,ACTA2,Actin-interacting protein 1,5,5,82,0,0,0.0,0.0,,0,0,,37; 38; 39; 40; 41; 43; 44; 45; 46; 47; 48; 49; 50; 51; 52; 53; 64; 66; 68; 78; 79; 80; 83; 84; 87; 118; 122; 125; 126; 128; 166; 167; 169; 221; 222; 224; 225; 226; 228; 229; 230; 232; 233; 234; 235; 238; 254; 276; 307; 308; 310; 311; 314; 315; 318; 319; 320; 321; 323; 324; 325; 326; 327; 328; 329; 330; 354; 355; 358; 360; 361; 362; 363; 364; 365; 366; 367; 368; 369; 372; 373; 375
ACTB,ACTA2,Actin-related protein 2,5,5,52,2,2,0.4,0.038461538461538464,35.040000000000006,2,10,60; 195,38; 39; 40; 41; 42; 43; 44; 45; 46; 47; 48; 49; 50; 53; 60; 61; 62; 63; 64; 65; 66; 67; 188; 191; 192; 194; 195; 196; 197; 199; 200; 201; 202; 203; 204; 205; 208; 227; 230; 231; 241; 242; 243; 244; 245; 246; 247; 252; 266; 267; 268; 270
ACTB,ACTA2,Actin-related protein 2/3 complex subunit 1,5,5,27,0,0,0.0,0.0,,0,0,,4; 23; 24; 25; 44; 45; 46; 47; 48; 142; 143; 144; 145; 146; 147; 148; 333; 334; 340; 341; 344; 345; 348; 349; 350; 351; 352
ACTB,ACTA2,Actin-related protein 2/3 complex subunit 1B,5,5,22,0,0,0.0,0.0,,0,0,,23; 24; 25; 44; 45; 46; 47; 48; 142; 143; 144; 145; 146; 147; 148; 341; 344; 345; 348; 349; 350; 351
ACTB,ACTA2,Actin-related protein 2/3 complex subunit 2,5,5,76,1,1,0.2,0.013157894736842105,1.0,1,1,195,4; 5; 6; 7; 8; 21; 22; 23; 24; 28; 46; 48; 49; 50; 51; 75; 76; 77; 79; 83; 87; 94; 95; 96; 99; 100; 101; 102; 113; 114; 115; 117; 118; 121; 122; 125; 130; 131; 195; 196; 197; 198; 228; 229; 231; 232; 233; 234; 235; 236; 237; 238; 239; 240; 241; 245; 246; 247; 248; 249; 254; 279; 283; 320; 321; 322; 323; 324; 351; 356; 362; 363; 364; 365; 366; 367
ACTB,ACTA2,Actin-related protein 2/3 complex subunit 3,5,5,22,0,0,0.0,0.0,,0,0,,4; 5; 46; 47; 48; 49; 87; 91; 92; 95; 97; 99; 125; 126; 128; 350; 351; 353; 354; 355; 361; 373
ACTB,ACTA2,Actin-related protein 2/3 complex subunit 4,5,5,30,0,0,0.0,0.0,,0,0,,21; 28; 50; 51; 52; 79; 80; 83; 84; 87; 90; 91; 92; 93; 94; 95; 96; 97; 98; 99; 100; 101; 118; 121; 122; 125; 126; 127; 128; 359
ACTB,ACTA2,Actin-related protein 2/3 complex subunit 5-like protein,5,5,8,0,0,0.0,0.0,,0,0,,37; 38; 39; 40; 41; 51; 66; 68
ACTB,ACTA2,Actin-related protein 3,5,5,76,1,1,0.2,0.013157894736842105,10.74,1,5,60,37; 38; 39; 40; 41; 42; 43; 44; 45; 46; 47; 48; 49; 50; 51; 53; 60; 61; 62; 63; 64; 65; 117; 121; 124; 125; 128; 133; 143; 198; 200; 202; 204; 205; 208; 224; 227; 228; 230; 231; 232; 233; 234; 237; 238; 239; 240; 241; 242; 243; 244; 245; 246; 247; 248; 249; 346; 351; 354; 355; 359; 360; 361; 362; 363; 364; 365; 366; 367; 368; 369; 371; 372; 373; 374; 375
ACTB,ACTA2,Adducin 1,5,5,88,0,0,0.0,0.0,,0,0,,4; 5; 6; 16; 21; 23; 24; 25; 26; 27; 28; 29; 30; 38; 39; 40; 41; 42; 43; 44; 45; 46; 47; 48; 49; 50; 51; 56; 93; 95; 96; 97; 100; 101; 133; 143; 144; 145; 146; 147; 148; 149; 166; 167; 168; 169; 173; 214; 215; 222; 224; 225; 228; 279; 280; 283; 284; 285; 286; 287; 288; 290; 292; 295; 296; 305; 332; 333; 334; 336; 337; 340; 341; 344; 345; 346; 348; 349; 350; 351; 352; 354; 355; 371; 372; 373; 374; 375
ACTB,ACTA2,Adenylyl cyclase-associated protein 1,5,5,49,2,2,0.4,0.04081632653061224,53.55833333333333,2,8,60; 195,32; 40; 43; 44; 45; 46; 47; 48; 49; 50; 53; 56; 57; 59; 60; 61; 62; 63; 64; 65; 88; 91; 92; 93; 95; 188; 191; 195; 202; 203; 204; 205; 207; 208; 210; 211; 215; 240; 241; 242; 243; 244; 245; 256; 265; 266; 267; 268; 270
ACTB,ACTA2,Afadin,5,5,10,0,0,0.0,0.0,,0,0,,6; 21; 22; 23; 24; 25; 28; 348; 349; 350
ACTB,ACTA2,Alpha-catenin-like protein hmp-1,5,5,55,0,0,0.0,0.0,,0,0,,21; 23; 24; 25; 26; 27; 28; 29; 30; 44; 45; 46; 47; 48; 49; 50; 51; 52; 53; 54; 57; 84; 87; 88; 91; 92; 93; 94; 95; 96; 97; 99; 100; 142; 143; 144; 145; 146; 147; 148; 296; 328; 330; 332; 333; 334; 336; 337; 341; 344; 345; 348; 349; 350; 351
ACTB,ACTA2,Beta-adducin,5,5,132,1,1,0.2,0.007575757575757576,21.0,1,1,195,5; 6; 16; 21; 23; 24; 25; 26; 27; 28; 29; 30; 38; 39; 40; 41; 42; 43; 44; 45; 46; 47; 48; 49; 50; 51; 56; 95; 96; 97; 100; 101; 113; 114; 117; 118; 121; 124; 125; 126; 128; 133; 143; 144; 145; 146; 147; 148; 149; 167; 168; 169; 172; 188; 195; 196; 214; 223; 224; 227; 228; 230; 231; 232; 233; 234; 236; 237; 251; 252; 253; 256; 263; 265; 266; 279; 283; 287; 288; 290; 291; 292; 295; 296; 305; 310; 311; 314; 318; 319; 320; 321; 322; 323; 324; 326; 327; 328; 329; 330; 331; 332; 333; 334; 336; 337; 338; 340; 341; 344; 345; 346; 348; 349; 350; 351; 352; 354; 355; 359; 362; 363; 364; 365; 366; 367; 368; 371; 372; 373; 374; 375
ACTB,ACTA2,Catenin alpha-1,5,5,78,1,1,0.2,0.01282051282051282,27.4,1,2,60,21; 23; 24; 25; 26; 27; 28; 29; 30; 44; 45; 46; 47; 48; 49; 50; 51; 52; 53; 56; 57; 59; 60; 61; 62; 84; 87; 91; 92; 93; 94; 95; 96; 97; 99; 126; 127; 142; 143; 144; 145; 146; 147; 148; 149; 167; 169; 211; 215; 216; 238; 239; 240; 241; 242; 243; 247; 288; 291; 296; 305; 324; 328; 329; 330; 331; 332; 333; 334; 336; 337; 341; 344; 345; 348; 349; 350; 351
ACTB,ACTA2,Cell invasion protein SipA,5,5,134,1,1,0.2,0.007462686567164179,20.0375,1,16,195,37; 38; 39; 40; 41; 42; 43; 44; 45; 46; 47; 48; 49; 51; 66; 67; 68; 69; 70; 71; 72; 73; 75; 76; 77; 78; 79; 80; 83; 84; 112; 113; 114; 117; 118; 121; 125; 126; 133; 139; 143; 158; 169; 170; 172; 173; 179; 183; 184; 187; 195; 196; 197; 198; 199; 200; 201; 202; 203; 204; 205; 206; 208; 222; 223; 224; 225; 227; 228; 230; 231; 232; 233; 234; 237; 239; 242; 243; 244; 246; 247; 248; 249; 251; 252; 253; 256; 263; 265; 266; 267; 268; 269; 270; 271; 275; 276; 279; 280; 283; 284; 285; 286; 287; 288; 290; 312; 315; 316; 318; 319; 320; 321; 322; 323; 346; 351; 352; 354; 355; 361; 362; 363; 364; 365; 366; 367; 368; 369; 371; 372; 373; 374; 375
ACTB,ACTA2,Cofilin,5,5,82,1,1,0.2,0.012195121951219513,3.3375,1,8,60,16; 23; 24; 25; 26; 27; 28; 29; 30; 31; 32; 46; 47; 48; 49; 50; 53; 56; 57; 59; 60; 61; 88; 91; 92; 93; 94; 95; 96; 97; 100; 133; 134; 135; 136; 139; 140; 143; 144; 145; 146; 147; 148; 149; 157; 166; 167; 168; 169; 207; 210; 211; 214; 215; 288; 291; 292; 296; 305; 326; 328; 330; 331; 332; 333; 334; 336; 337; 338; 341; 342; 344; 345; 346; 348; 349; 350; 351; 352; 354; 355; 375
ACTB,ACTA2,Cofilin (UNC-60B),5,5,71,1,1,0.2,0.014084507042253521,0.5,1,1,60,16; 23; 25; 26; 27; 28; 29; 30; 31; 32; 47; 49; 50; 53; 56; 57; 59; 60; 61; 91; 92; 93; 94; 95; 96; 97; 100; 133; 135; 139; 140; 143; 144; 145; 146; 147; 148; 149; 167; 168; 169; 207; 210; 211; 214; 215; 291; 296; 305; 326; 328; 330; 332; 333; 334; 336; 337; 338; 341; 342; 344; 345; 346; 348; 349; 350; 351; 352; 354; 355; 375
ACTB,ACTA2,Cofilin-1,5,5,76,1,1,0.2,0.013157894736842105,20.1,1,2,60,21; 23; 24; 25; 26; 27; 28; 29; 30; 31; 44; 45; 50; 51; 53; 56; 57; 60; 61; 87; 88; 91; 92; 93; 94; 95; 96; 97; 99; 100; 101; 133; 140; 142; 143; 144; 145; 146; 147; 148; 149; 166; 167; 168; 169; 214; 215; 288; 291; 292; 295; 296; 305; 326; 328; 330; 331; 332; 333; 334; 336; 337; 338; 341; 342; 343; 345; 346; 348; 349; 350; 351; 352; 354; 355; 375
ACTB,ACTA2,Cofilin-2,5,5,77,1,1,0.2,0.012987012987012988,13.0,1,1,60,4; 5; 21; 23; 24; 25; 26; 27; 28; 29; 30; 31; 50; 53; 56; 57; 60; 61; 88; 91; 92; 93; 94; 95; 96; 97; 99; 100; 101; 133; 134; 135; 136; 139; 140; 143; 144; 145; 146; 147; 148; 149; 166; 167; 168; 169; 214; 215; 291; 292; 295; 296; 305; 326; 328; 330; 331; 332; 333; 334; 336; 337; 338; 341; 342; 345; 346; 348; 349; 350; 351; 352; 353; 354; 355; 374; 375
ACTB,ACTA2,"Coronin-1B,Methylated-DNA--protein-cysteine methyltransferase",5,5,98,0,0,0.0,0.0,,0,0,,6; 37; 38; 39; 40; 41; 42; 49; 50; 51; 52; 66; 68; 75; 76; 77; 78; 79; 80; 81; 83; 84; 87; 91; 92; 95; 96; 97; 99; 100; 101; 102; 114; 115; 117; 118; 121; 122; 124; 125; 126; 127; 128; 130; 131; 169; 196; 198; 222; 224; 225; 230; 231; 232; 233; 234; 235; 237; 239; 246; 247; 248; 249; 250; 251; 252; 265; 270; 279; 315; 316; 318; 319; 320; 321; 322; 323; 350; 351; 353; 354; 355; 356; 357; 358; 359; 360; 361; 362; 363; 364; 365; 366; 367; 368; 369; 372; 373
ACTB,ACTA2,Dematin actin binding protein,5,5,125,0,0,0.0,0.0,,0,0,,2; 3; 4; 5; 6; 21; 22; 23; 24; 25; 26; 27; 28; 38; 39; 40; 41; 42; 43; 44; 45; 46; 47; 48; 49; 50; 51; 95; 96; 97; 99; 100; 101; 102; 121; 125; 130; 131; 133; 143; 144; 145; 146; 147; 168; 169; 172; 215; 216; 218; 219; 221; 222; 223; 224; 226; 229; 230; 231; 232; 233; 234; 235; 237; 238; 239; 240; 241; 247; 249; 259; 262; 263; 264; 265; 266; 268; 269; 270; 271; 272; 273; 275; 276; 305; 307; 308; 312; 315; 316; 318; 319; 320; 330; 332; 333; 334; 337; 340; 341; 344; 345; 347; 348; 350; 351; 353; 354; 355; 356; 358; 359; 360; 361; 362; 363; 364; 365; 366; 367; 371; 372; 373; 374; 375
ACTB,ACTA2,Epididymis secretory protein Li 37,5,5,43,0,0,0.0,0.0,,0,0,,23; 24; 25; 44; 45; 46; 47; 48; 49; 50; 51; 52; 53; 54; 56; 57; 61; 84; 87; 88; 91; 92; 93; 95; 96; 97; 98; 99; 100; 143; 144; 146; 147; 148; 167; 334; 341; 344; 345; 348; 349; 350; 351
ACTB,ACTA2,F-actin-capping protein subunit alpha-1,5,5,46,0,0,0.0,0.0,,0,0,,116; 133; 139; 143; 146; 147; 148; 166; 167; 168; 169; 170; 171; 172; 173; 263; 265; 266; 268; 269; 270; 271; 272; 283; 284; 285; 286; 287; 288; 289; 290; 342; 345; 346; 349; 350; 351; 352; 354; 355; 369; 371; 372; 373; 374; 375
ACTB,ACTA2,F-actin-capping protein subunit beta,5,5,45,0,0,0.0,0.0,,0,0,,113; 133; 139; 142; 143; 146; 147; 148; 166; 167; 168; 169; 173; 176; 224; 272; 276; 279; 280; 283; 284; 285; 286; 287; 288; 290; 320; 345; 346; 348; 349; 350; 351; 352; 354; 355; 364; 365; 368; 369; 371; 372; 373; 374; 375
ACTB,ACTA2,Filamin-A,5,5,58,1,1,0.2,0.017241379310344827,1.38,1,5,60,21; 24; 25; 26; 27; 28; 29; 30; 31; 44; 45; 46; 47; 48; 49; 50; 52; 53; 54; 56; 57; 60; 61; 83; 84; 87; 88; 91; 92; 93; 94; 95; 96; 97; 98; 100; 126; 142; 143; 144; 145; 146; 147; 148; 149; 167; 333; 334; 335; 336; 337; 341; 345; 348; 349; 350; 351; 354
ACTB,ACTA2,Gelsolin,5,5,119,1,1,0.2,0.008403361344537815,36.9875,1,8,60,2; 3; 4; 22; 23; 24; 25; 26; 27; 28; 29; 30; 31; 37; 38; 39; 40; 41; 42; 43; 44; 45; 46; 47; 48; 49; 50; 51; 52; 54; 56; 57; 60; 61; 66; 68; 84; 87; 88; 91; 92; 93; 95; 96; 97; 98; 99; 100; 126; 127; 128; 133; 140; 142; 143; 144; 145; 146; 147; 148; 149; 166; 167; 168; 169; 221; 222; 223; 224; 259; 262; 263; 264; 265; 266; 269; 270; 271; 272; 273; 275; 276; 291; 292; 295; 296; 311; 312; 314; 315; 316; 318; 319; 326; 328; 329; 330; 332; 334; 337; 338; 340; 341; 342; 344; 345; 346; 348; 349; 350; 351; 352; 353; 354; 355; 372; 373; 374; 375
ACTB,ACTA2,Inositol-trisphosphate 3-kinase A,5,5,37,0,0,0.0,0.0,,0,0,,22; 23; 24; 25; 26; 44; 45; 46; 47; 48; 49; 50; 51; 53; 87; 91; 92; 142; 143; 144; 145; 146; 147; 148; 167; 332; 333; 334; 337; 340; 341; 344; 345; 348; 349; 350; 351
ACTB,ACTA2,Inverted formin-2,5,5,112,0,0,0.0,0.0,,0,0,,5; 6; 21; 22; 23; 24; 25; 26; 27; 28; 44; 45; 46; 47; 48; 49; 50; 79; 80; 83; 87; 91; 92; 93; 94; 95; 96; 98; 99; 101; 114; 117; 118; 121; 122; 124; 125; 126; 127; 128; 130; 131; 142; 143; 144; 145; 146; 147; 148; 149; 166; 167; 168; 169; 216; 229; 231; 232; 233; 234; 235; 237; 238; 239; 240; 241; 242; 243; 244; 245; 247; 249; 291; 292; 295; 296; 322; 323; 324; 325; 326; 327; 328; 330; 332; 334; 341; 344; 345; 346; 348; 349; 350; 351; 352; 353; 354; 355; 356; 358; 359; 360; 361; 362; 363; 364; 365; 366; 367; 368; 369; 373
ACTB,ACTA2,Isoform 2 of F-actin-capping protein subunit beta,5,5,46,0,0,0.0,0.0,,0,0,,110; 133; 136; 139; 143; 145; 146; 147; 148; 166; 167; 168; 169; 170; 171; 172; 173; 176; 224; 272; 276; 277; 279; 280; 283; 284; 285; 286; 288; 290; 320; 345; 346; 348; 349; 350; 351; 352; 354; 355; 361; 364; 369; 372; 373; 375
ACTB,ACTA2,"Isoform A2 of Troponin T, cardiac muscle",5,5,36,0,0,0.0,0.0,,0,0,,25; 41; 42; 43; 44; 45; 46; 47; 48; 49; 50; 133; 136; 143; 144; 145; 146; 147; 148; 167; 168; 332; 333; 334; 341; 345; 349; 350; 351; 352; 354; 355; 371; 372; 373; 375
ACTB,ACTA2,Leiomodin-2,5,5,93,1,1,0.2,0.010752688172043012,6.133333333333333,1,3,195,37; 38; 39; 40; 41; 42; 43; 44; 45; 46; 47; 48; 49; 50; 51; 52; 66; 68; 69; 70; 72; 75; 76; 77; 78; 79; 80; 81; 83; 84; 112; 114; 117; 118; 121; 122; 124; 125; 126; 167; 168; 169; 195; 196; 197; 198; 199; 224; 244; 245; 246; 247; 248; 249; 262; 263; 264; 265; 269; 270; 271; 272; 273; 275; 276; 279; 280; 283; 290; 318; 319; 320; 321; 322; 323; 349; 351; 352; 354; 355; 359; 361; 362; 363; 364; 365; 366; 367; 369; 371; 372; 373; 374
ACTB,ACTA2,"Maltose/maltodextrin-binding periplasmic protein,Adenylate cyclase ExoY",5,5,53,0,0,0.0,0.0,,0,0,,16; 21; 23; 24; 25; 26; 27; 28; 29; 30; 31; 32; 44; 45; 46; 47; 56; 57; 59; 87; 90; 91; 92; 93; 94; 95; 96; 97; 99; 128; 142; 143; 144; 145; 146; 147; 148; 210; 211; 214; 305; 333; 334; 335; 336; 337; 341; 344; 345; 348; 349; 350; 351
ACTB,ACTA2,"Maltose/maltodextrin-binding periplasmic protein,TccC3",5,5,44,1,1,0.2,0.022727272727272728,8.0,1,1,60,25; 44; 45; 46; 47; 48; 49; 50; 53; 56; 57; 60; 61; 88; 92; 93; 95; 142; 143; 144; 145; 146; 147; 148; 149; 167; 168; 291; 292; 295; 296; 326; 328; 329; 330; 332; 333; 334; 341; 345; 348; 349; 350; 351
ACTB,ACTA2,Myosin heavy chain 4,5,5,52,0,0,0.0,0.0,,0,0,,5; 6; 21; 22; 23; 24; 25; 26; 27; 28; 29; 30; 44; 45; 46; 47; 48; 49; 50; 56; 94; 95; 96; 101; 142; 143; 145; 146; 147; 148; 305; 310; 311; 314; 328; 329; 330; 331; 332; 333; 334; 336; 337; 341; 344; 345; 348; 349; 350; 351; 353; 354
ACTB,ACTA2,"Myosin-14,Alpha-actinin A",5,5,53,0,0,0.0,0.0,,0,0,,3; 4; 22; 23; 24; 25; 26; 27; 28; 29; 30; 44; 45; 46; 47; 48; 49; 50; 56; 91; 93; 95; 96; 97; 100; 142; 143; 144; 145; 146; 147; 148; 167; 168; 305; 314; 328; 329; 330; 332; 333; 334; 337; 341; 344; 345; 348; 349; 350; 351; 352; 353; 354
ACTB,ACTA2,Myosin-6,5,5,42,0,0,0.0,0.0,,0,0,,23; 24; 25; 26; 27; 28; 29; 30; 44; 45; 46; 47; 48; 56; 93; 94; 95; 96; 142; 143; 146; 147; 148; 305; 311; 314; 328; 330; 332; 333; 334; 336; 337; 341; 344; 345; 348; 349; 350; 351; 353; 354
ACTB,ACTA2,Myosin-7,5,5,54,0,0,0.0,0.0,,0,0,,6; 21; 22; 23; 24; 25; 26; 27; 28; 29; 30; 44; 45; 46; 47; 48; 49; 50; 56; 93; 94; 95; 96; 97; 101; 142; 143; 145; 146; 147; 148; 149; 296; 305; 311; 314; 328; 329; 330; 331; 332; 333; 334; 336; 337; 341; 344; 345; 348; 349; 350; 351; 353; 354
ACTB,ACTA2,Myosin-A,5,5,49,0,0,0.0,0.0,,0,0,,6; 23; 24; 25; 26; 27; 28; 30; 44; 45; 46; 47; 48; 49; 50; 57; 87; 91; 92; 95; 96; 97; 142; 143; 145; 146; 147; 148; 167; 305; 328; 329; 330; 331; 332; 333; 334; 335; 336; 337; 341; 344; 345; 348; 349; 350; 351; 353; 354
ACTB,ACTA2,Plastin-3,5,5,46,0,0,0.0,0.0,,0,0,,5; 23; 24; 25; 44; 45; 46; 47; 49; 50; 51; 52; 53; 54; 57; 61; 84; 87; 88; 90; 91; 92; 93; 94; 95; 96; 97; 98; 99; 100; 101; 143; 144; 146; 147; 148; 167; 169; 334; 341; 344; 345; 348; 349; 350; 351
ACTB,ACTA2,Profilin-1,5,5,29,0,0,0.0,0.0,,0,0,,113; 116; 133; 136; 166; 167; 169; 170; 171; 172; 173; 284; 285; 286; 287; 288; 289; 290; 354; 355; 361; 365; 368; 369; 371; 372; 373; 374; 375
ACTB,ACTA2,Protein diaphanous homolog 1,5,5,66,0,0,0.0,0.0,,0,0,,5; 6; 7; 22; 23; 24; 25; 44; 45; 46; 47; 48; 50; 61; 80; 83; 118; 121; 125; 126; 128; 143; 144; 145; 146; 147; 148; 149; 166; 167; 168; 169; 233; 234; 239; 292; 296; 318; 319; 321; 323; 324; 326; 328; 330; 340; 341; 344; 345; 346; 347; 348; 349; 350; 351; 352; 353; 355; 359; 362; 363; 364; 365; 366; 367; 372
ACTB,ACTA2,Spectrin beta chain,5,5,76,0,0,0.0,0.0,,0,0,,2; 3; 21; 23; 24; 25; 26; 27; 28; 29; 30; 31; 44; 45; 46; 47; 48; 49; 50; 51; 52; 53; 54; 56; 57; 58; 61; 83; 84; 87; 88; 90; 91; 92; 93; 94; 95; 96; 97; 98; 99; 100; 124; 125; 128; 142; 143; 144; 145; 146; 147; 148; 167; 214; 215; 305; 306; 307; 308; 309; 331; 332; 333; 334; 335; 336; 337; 341; 345; 348; 349; 350; 351; 359; 362; 363
ACTB,ACTA2,Src substrate cortactin,5,5,65,2,2,0.4,0.03076923076923077,82.775,2,3,60; 302,16; 18; 26; 27; 28; 29; 30; 31; 32; 45; 46; 47; 48; 56; 57; 59; 60; 61; 62; 144; 145; 146; 147; 148; 149; 166; 167; 207; 208; 210; 211; 214; 215; 217; 221; 240; 241; 242; 243; 288; 289; 291; 292; 295; 296; 298; 302; 305; 306; 307; 308; 309; 310; 311; 314; 328; 329; 330; 331; 332; 333; 334; 335; 336; 337
ACTB,ACTA2,Talin-1,5,5,72,0,0,0.0,0.0,,0,0,,3; 4; 5; 23; 24; 25; 44; 45; 46; 47; 48; 49; 50; 51; 52; 53; 57; 83; 84; 87; 91; 92; 97; 98; 99; 100; 101; 102; 121; 124; 125; 126; 127; 128; 129; 130; 131; 143; 144; 145; 146; 147; 148; 328; 329; 330; 331; 332; 333; 334; 340; 341; 344; 345; 348; 349; 350; 351; 353; 354; 356; 358; 359; 360; 361; 362; 363; 364; 365; 366; 367; 373
ACTB,ACTA2,Tropomodulin-1,5,5,132,2,2,0.4,0.015151515151515152,29.73333333333333,2,7,60; 195,32; 37; 38; 39; 40; 41; 42; 43; 44; 45; 46; 47; 48; 49; 50; 51; 52; 53; 54; 56; 57; 59; 60; 61; 62; 63; 64; 66; 68; 69; 72; 75; 76; 77; 78; 79; 80; 81; 83; 84; 87; 88; 91; 92; 93; 95; 98; 99; 112; 114; 117; 118; 121; 122; 124; 125; 126; 127; 128; 195; 196; 197; 198; 199; 200; 201; 202; 204; 205; 207; 208; 210; 211; 213; 214; 215; 216; 217; 218; 219; 220; 221; 224; 226; 232; 233; 235; 236; 238; 239; 240; 241; 242; 243; 244; 245; 246; 247; 248; 249; 254; 262; 263; 264; 265; 266; 273; 275; 276; 279; 283; 294; 305; 306; 307; 308; 311; 316; 318; 319; 320; 321; 322; 323; 335; 359; 362; 363; 364; 365; 366; 367
ACTB,ACTA2,Tropomyosin alpha-1 chain,5,5,35,0,0,0.0,0.0,,0,0,,25; 147; 215; 216; 217; 218; 219; 220; 221; 222; 225; 226; 235; 236; 238; 241; 254; 291; 295; 307; 308; 311; 314; 315; 318; 323; 324; 325; 326; 327; 328; 329; 330; 333; 334
ACTB,ACTA2,Tropomyosin beta chain,5,5,11,0,0,0.0,0.0,,0,0,,218; 219; 220; 221; 222; 226; 238; 254; 307; 308; 311
ACTB,ACTA2,Tropomyosin-1.9,5,5,17,0,0,0.0,0.0,,0,0,,24; 25; 26; 27; 30; 144; 145; 147; 326; 328; 330; 332; 333; 334; 337; 341; 345
ACTB,ACTA2,"Troponin T2, cardiac type",5,5,34,0,0,0.0,0.0,,0,0,,24; 25; 41; 42; 43; 44; 45; 46; 47; 48; 49; 51; 133; 143; 144; 145; 146; 147; 148; 332; 333; 334; 341; 345; 349; 351; 352; 354; 355; 371; 372; 373; 374; 375
ACTB,ACTA2,Unconventional myosin-Ib,5,5,66,0,0,0.0,0.0,,0,0,,2; 4; 6; 21; 22; 23; 24; 25; 26; 27; 28; 29; 30; 31; 44; 45; 46; 47; 48; 49; 50; 51; 56; 87; 91; 92; 93; 95; 96; 97; 98; 99; 100; 127; 128; 142; 143; 144; 145; 146; 147; 148; 305; 310; 311; 314; 327; 328; 329; 330; 331; 332; 333; 334; 335; 336; 337; 341; 344; 345; 348; 349; 350; 351; 353; 354
ACTB,ACTA2,Utrophin,5,5,51,0,0,0.0,0.0,,0,0,,21; 24; 25; 26; 27; 28; 29; 30; 31; 44; 45; 46; 47; 48; 49; 50; 51; 52; 53; 54; 56; 57; 61; 84; 87; 88; 91; 92; 93; 94; 95; 96; 97; 98; 99; 143; 144; 146; 147; 148; 149; 167; 333; 334; 337; 341; 345; 348; 349; 350; 351
ACTB,ACTA2,Vibrio VopV,5,5,95,1,1,0.2,0.010526315789473684,0.1,1,1,195,35; 37; 38; 39; 66; 67; 68; 69; 70; 71; 72; 73; 75; 76; 77; 78; 79; 80; 81; 110; 111; 112; 114; 115; 117; 118; 121; 125; 173; 176; 177; 179; 183; 184; 187; 190; 194; 195; 196; 197; 198; 199; 200; 201; 202; 203; 205; 206; 239; 240; 241; 242; 244; 245; 246; 247; 248; 249; 262; 263; 264; 265; 267; 268; 269; 270; 271; 272; 273; 275; 276; 279; 280; 283; 284; 285; 286; 287; 290; 294; 318; 319; 320; 321; 322; 323; 324; 359; 362; 363; 364; 365; 366; 367; 368
ACTB,ACTA2,Vinculin,5,5,65,0,0,0.0,0.0,,0,0,,5; 23; 24; 25; 26; 44; 45; 46; 47; 48; 49; 50; 51; 52; 53; 57; 61; 80; 83; 84; 87; 88; 91; 92; 93; 95; 96; 97; 99; 100; 102; 126; 127; 130; 131; 142; 143; 144; 145; 146; 147; 148; 296; 328; 330; 331; 332; 333; 334; 337; 341; 344; 345; 348; 349; 350; 351; 353; 354; 355; 356; 358; 360; 361; 373
ACTB,ACTA2,VopV,5,5,85,0,0,0.0,0.0,,0,0,,35; 37; 39; 63; 66; 67; 68; 69; 70; 71; 72; 73; 75; 76; 77; 78; 79; 81; 84; 110; 111; 112; 114; 115; 117; 118; 121; 125; 126; 128; 173; 176; 177; 179; 183; 187; 194; 196; 197; 198; 199; 200; 201; 202; 203; 204; 205; 206; 239; 241; 242; 244; 245; 246; 247; 248; 249; 268; 269; 270; 271; 272; 276; 279; 280; 283; 284; 285; 286; 287; 288; 290; 318; 319; 320; 321; 322; 323; 324; 362; 363; 364; 365; 366; 367
ACTB,ACTA2,"WD repeat-containing protein 1,Methylated-DNA--protein-cysteine methyltransferase",5,5,52,0,0,0.0,0.0,,0,0,,166; 169; 171; 221; 222; 224; 225; 226; 228; 229; 230; 232; 233; 234; 235; 238; 270; 276; 311; 314; 315; 316; 318; 319; 320; 321; 322; 323; 324; 325; 326; 327; 328; 330; 353; 354; 355; 356; 358; 360; 361; 362; 363; 364; 365; 366; 367; 368; 369; 372; 373; 375
ACTB,ACTA2,beta-cardiac myosin II,5,5,38,0,0,0.0,0.0,,0,0,,22; 23; 24; 25; 26; 27; 28; 29; 30; 44; 45; 46; 47; 48; 56; 142; 143; 145; 146; 147; 148; 311; 314; 328; 329; 330; 332; 333; 334; 337; 341; 344; 345; 348; 349; 350; 351; 354
ACTB,ACTC1,Actin-interacting protein 1,4,4,82,1,1,0.25,0.012195121951219513,72.2,1,1,53,37; 38; 39; 40; 41; 43; 44; 45; 46; 47; 48; 49; 50; 51; 52; 53; 64; 66; 68; 78; 79; 80; 83; 84; 87; 118; 122; 125; 126; 128; 166; 167; 169; 221; 222; 224; 225; 226; 228; 229; 230; 232; 233; 234; 235; 238; 254; 276; 307; 308; 310; 311; 314; 315; 318; 319; 320; 321; 323; 324; 325; 326; 327; 328; 329; 330; 354; 355; 358; 360; 361; 362; 363; 364; 365; 366; 367; 368; 369; 372; 373; 375
ACTB,ACTC1,Actin-related protein 2,4,4,52,1,1,0.25,0.019230769230769232,36.666666666666664,1,3,53,38; 39; 40; 41; 42; 43; 44; 45; 46; 47; 48; 49; 50; 53; 60; 61; 62; 63; 64; 65; 66; 67; 188; 191; 192; 194; 195; 196; 197; 199; 200; 201; 202; 203; 204; 205; 208; 227; 230; 231; 241; 242; 243; 244; 245; 246; 247; 252; 266; 267; 268; 270
ACTB,ACTC1,Actin-related protein 2/3 complex subunit 1,4,4,27,1,1,0.25,0.037037037037037035,46.9,1,3,146,4; 23; 24; 25; 44; 45; 46; 47; 48; 142; 143; 144; 145; 146; 147; 148; 333; 334; 340; 341; 344; 345; 348; 349; 350; 351; 352
ACTB,ACTC1,Actin-related protein 2/3 complex subunit 1B,4,4,22,1,1,0.25,0.045454545454545456,82.9,1,2,146,23; 24; 25; 44; 45; 46; 47; 48; 142; 143; 144; 145; 146; 147; 148; 341; 344; 345; 348; 349; 350; 351
ACTB,ACTC1,Actin-related protein 2/3 complex subunit 2,4,4,76,0,0,0.0,0.0,,0,0,,4; 5; 6; 7; 8; 21; 22; 23; 24; 28; 46; 48; 49; 50; 51; 75; 76; 77; 79; 83; 87; 94; 95; 96; 99; 100; 101; 102; 113; 114; 115; 117; 118; 121; 122; 125; 130; 131; 195; 196; 197; 198; 228; 229; 231; 232; 233; 234; 235; 236; 237; 238; 239; 240; 241; 245; 246; 247; 248; 249; 254; 279; 283; 320; 321; 322; 323; 324; 351; 356; 362; 363; 364; 365; 366; 367
ACTB,ACTC1,Actin-related protein 2/3 complex subunit 3,4,4,22,0,0,0.0,0.0,,0,0,,4; 5; 46; 47; 48; 49; 87; 91; 92; 95; 97; 99; 125; 126; 128; 350; 351; 353; 354; 355; 361; 373
ACTB,ACTC1,Actin-related protein 2/3 complex subunit 4,4,4,30,0,0,0.0,0.0,,0,0,,21; 28; 50; 51; 52; 79; 80; 83; 84; 87; 90; 91; 92; 93; 94; 95; 96; 97; 98; 99; 100; 101; 118; 121; 122; 125; 126; 127; 128; 359
ACTB,ACTC1,Actin-related protein 2/3 complex subunit 5-like protein,4,4,8,0,0,0.0,0.0,,0,0,,37; 38; 39; 40; 41; 51; 66; 68
ACTB,ACTC1,Actin-related protein 3,4,4,76,1,1,0.25,0.013157894736842105,73.22,1,5,53,37; 38; 39; 40; 41; 42; 43; 44; 45; 46; 47; 48; 49; 50; 51; 53; 60; 61; 62; 63; 64; 65; 117; 121; 124; 125; 128; 133; 143; 198; 200; 202; 204; 205; 208; 224; 227; 228; 230; 231; 232; 233; 234; 237; 238; 239; 240; 241; 242; 243; 244; 245; 246; 247; 248; 249; 346; 351; 354; 355; 359; 360; 361; 362; 363; 364; 365; 366; 367; 368; 369; 371; 372; 373; 374; 375
ACTB,ACTC1,Adducin 1,4,4,88,1,1,0.25,0.011363636363636364,41.21666666666667,1,6,146,4; 5; 6; 16; 21; 23; 24; 25; 26; 27; 28; 29; 30; 38; 39; 40; 41; 42; 43; 44; 45; 46; 47; 48; 49; 50; 51; 56; 93; 95; 96; 97; 100; 101; 133; 143; 144; 145; 146; 147; 148; 149; 166; 167; 168; 169; 173; 214; 215; 222; 224; 225; 228; 279; 280; 283; 284; 285; 286; 287; 288; 290; 292; 295; 296; 305; 332; 333; 334; 336; 337; 340; 341; 344; 345; 346; 348; 349; 350; 351; 352; 354; 355; 371; 372; 373; 374; 375
ACTB,ACTC1,Adenylyl cyclase-associated protein 1,4,4,49,1,1,0.25,0.02040816326530612,37.12,1,5,53,32; 40; 43; 44; 45; 46; 47; 48; 49; 50; 53; 56; 57; 59; 60; 61; 62; 63; 64; 65; 88; 91; 92; 93; 95; 188; 191; 195; 202; 203; 204; 205; 207; 208; 210; 211; 215; 240; 241; 242; 243; 244; 245; 256; 265; 266; 267; 268; 270
ACTB,ACTC1,Afadin,4,4,10,0,0,0.0,0.0,,0,0,,6; 21; 22; 23; 24; 25; 28; 348; 349; 350
ACTB,ACTC1,Alpha-catenin-like protein hmp-1,4,4,55,2,2,0.5,0.03636363636363636,50.0,2,8,53; 146,21; 23; 24; 25; 26; 27; 28; 29; 30; 44; 45; 46; 47; 48; 49; 50; 51; 52; 53; 54; 57; 84; 87; 88; 91; 92; 93; 94; 95; 96; 97; 99; 100; 142; 143; 144; 145; 146; 147; 148; 296; 328; 330; 332; 333; 334; 336; 337; 341; 344; 345; 348; 349; 350; 351
ACTB,ACTC1,Beta-adducin,4,4,132,1,1,0.25,0.007575757575757576,56.083333333333336,1,6,146,5; 6; 16; 21; 23; 24; 25; 26; 27; 28; 29; 30; 38; 39; 40; 41; 42; 43; 44; 45; 46; 47; 48; 49; 50; 51; 56; 95; 96; 97; 100; 101; 113; 114; 117; 118; 121; 124; 125; 126; 128; 133; 143; 144; 145; 146; 147; 148; 149; 167; 168; 169; 172; 188; 195; 196; 214; 223; 224; 227; 228; 230; 231; 232; 233; 234; 236; 237; 251; 252; 253; 256; 263; 265; 266; 279; 283; 287; 288; 290; 291; 292; 295; 296; 305; 310; 311; 314; 318; 319; 320; 321; 322; 323; 324; 326; 327; 328; 329; 330; 331; 332; 333; 334; 336; 337; 338; 340; 341; 344; 345; 346; 348; 349; 350; 351; 352; 354; 355; 359; 362; 363; 364; 365; 366; 367; 368; 371; 372; 373; 374; 375
ACTB,ACTC1,Catenin alpha-1,4,4,78,2,2,0.5,0.02564102564102564,77.50714285714285,2,28,53; 146,21; 23; 24; 25; 26; 27; 28; 29; 30; 44; 45; 46; 47; 48; 49; 50; 51; 52; 53; 56; 57; 59; 60; 61; 62; 84; 87; 91; 92; 93; 94; 95; 96; 97; 99; 126; 127; 142; 143; 144; 145; 146; 147; 148; 149; 167; 169; 211; 215; 216; 238; 239; 240; 241; 242; 243; 247; 288; 291; 296; 305; 324; 328; 329; 330; 331; 332; 333; 334; 336; 337; 341; 344; 345; 348; 349; 350; 351
ACTB,ACTC1,Cell invasion protein SipA,4,4,134,1,1,0.25,0.007462686567164179,64.8875,1,8,72,37; 38; 39; 40; 41; 42; 43; 44; 45; 46; 47; 48; 49; 51; 66; 67; 68; 69; 70; 71; 72; 73; 75; 76; 77; 78; 79; 80; 83; 84; 112; 113; 114; 117; 118; 121; 125; 126; 133; 139; 143; 158; 169; 170; 172; 173; 179; 183; 184; 187; 195; 196; 197; 198; 199; 200; 201; 202; 203; 204; 205; 206; 208; 222; 223; 224; 225; 227; 228; 230; 231; 232; 233; 234; 237; 239; 242; 243; 244; 246; 247; 248; 249; 251; 252; 253; 256; 263; 265; 266; 267; 268; 269; 270; 271; 275; 276; 279; 280; 283; 284; 285; 286; 287; 288; 290; 312; 315; 316; 318; 319; 320; 321; 322; 323; 346; 351; 352; 354; 355; 361; 362; 363; 364; 365; 366; 367; 368; 369; 371; 372; 373; 374; 375
ACTB,ACTC1,Cofilin,4,4,82,2,2,0.5,0.024390243902439025,66.69496527777778,2,50,53; 146,16; 23; 24; 25; 26; 27; 28; 29; 30; 31; 32; 46; 47; 48; 49; 50; 53; 56; 57; 59; 60; 61; 88; 91; 92; 93; 94; 95; 96; 97; 100; 133; 134; 135; 136; 139; 140; 143; 144; 145; 146; 147; 148; 149; 157; 166; 167; 168; 169; 207; 210; 211; 214; 215; 288; 291; 292; 296; 305; 326; 328; 330; 331; 332; 333; 334; 336; 337; 338; 341; 342; 344; 345; 346; 348; 349; 350; 351; 352; 354; 355; 375
ACTB,ACTC1,Cofilin (UNC-60B),4,4,71,2,2,0.5,0.028169014084507043,71.79166666666667,2,8,53; 146,16; 23; 25; 26; 27; 28; 29; 30; 31; 32; 47; 49; 50; 53; 56; 57; 59; 60; 61; 91; 92; 93; 94; 95; 96; 97; 100; 133; 135; 139; 140; 143; 144; 145; 146; 147; 148; 149; 167; 168; 169; 207; 210; 211; 214; 215; 291; 296; 305; 326; 328; 330; 332; 333; 334; 336; 337; 338; 341; 342; 344; 345; 346; 348; 349; 350; 351; 352; 354; 355; 375
ACTB,ACTC1,Cofilin-1,4,4,76,2,2,0.5,0.02631578947368421,56.02395833333333,2,41,53; 146,21; 23; 24; 25; 26; 27; 28; 29; 30; 31; 44; 45; 50; 51; 53; 56; 57; 60; 61; 87; 88; 91; 92; 93; 94; 95; 96; 97; 99; 100; 101; 133; 140; 142; 143; 144; 145; 146; 147; 148; 149; 166; 167; 168; 169; 214; 215; 288; 291; 292; 295; 296; 305; 326; 328; 330; 331; 332; 333; 334; 336; 337; 338; 341; 342; 343; 345; 346; 348; 349; 350; 351; 352; 354; 355; 375
ACTB,ACTC1,Cofilin-2,4,4,77,2,2,0.5,0.025974025974025976,59.54404761904762,2,45,53; 146,4; 5; 21; 23; 24; 25; 26; 27; 28; 29; 30; 31; 50; 53; 56; 57; 60; 61; 88; 91; 92; 93; 94; 95; 96; 97; 99; 100; 101; 133; 134; 135; 136; 139; 140; 143; 144; 145; 146; 147; 148; 149; 166; 167; 168; 169; 214; 215; 291; 292; 295; 296; 305; 326; 328; 330; 331; 332; 333; 334; 336; 337; 338; 341; 342; 345; 346; 348; 349; 350; 351; 352; 353; 354; 355; 374; 375
ACTB,ACTC1,"Coronin-1B,Methylated-DNA--protein-cysteine methyltransferase",4,4,98,0,0,0.0,0.0,,0,0,,6; 37; 38; 39; 40; 41; 42; 49; 50; 51; 52; 66; 68; 75; 76; 77; 78; 79; 80; 81; 83; 84; 87; 91; 92; 95; 96; 97; 99; 100; 101; 102; 114; 115; 117; 118; 121; 122; 124; 125; 126; 127; 128; 130; 131; 169; 196; 198; 222; 224; 225; 230; 231; 232; 233; 234; 235; 237; 239; 246; 247; 248; 249; 250; 251; 252; 265; 270; 279; 315; 316; 318; 319; 320; 321; 322; 323; 350; 351; 353; 354; 355; 356; 357; 358; 359; 360; 361; 362; 363; 364; 365; 366; 367; 368; 369; 372; 373
ACTB,ACTC1,Dematin actin binding protein,4,4,125,2,2,0.5,0.016,22.811904761904763,2,19,2; 146,2; 3; 4; 5; 6; 21; 22; 23; 24; 25; 26; 27; 28; 38; 39; 40; 41; 42; 43; 44; 45; 46; 47; 48; 49; 50; 51; 95; 96; 97; 99; 100; 101; 102; 121; 125; 130; 131; 133; 143; 144; 145; 146; 147; 168; 169; 172; 215; 216; 218; 219; 221; 222; 223; 224; 226; 229; 230; 231; 232; 233; 234; 235; 237; 238; 239; 240; 241; 247; 249; 259; 262; 263; 264; 265; 266; 268; 269; 270; 271; 272; 273; 275; 276; 305; 307; 308; 312; 315; 316; 318; 319; 320; 330; 332; 333; 334; 337; 340; 341; 344; 345; 347; 348; 350; 351; 353; 354; 355; 356; 358; 359; 360; 361; 362; 363; 364; 365; 366; 367; 371; 372; 373; 374; 375
ACTB,ACTC1,Epididymis secretory protein Li 37,4,4,43,2,2,0.5,0.046511627906976744,45.356565656565664,2,20,53; 146,23; 24; 25; 44; 45; 46; 47; 48; 49; 50; 51; 52; 53; 54; 56; 57; 61; 84; 87; 88; 91; 92; 93; 95; 96; 97; 98; 99; 100; 143; 144; 146; 147; 148; 167; 334; 341; 344; 345; 348; 349; 350; 351
ACTB,ACTC1,F-actin-capping protein subunit alpha-1,4,4,46,1,1,0.25,0.021739130434782608,30.7,1,2,146,116; 133; 139; 143; 146; 147; 148; 166; 167; 168; 169; 170; 171; 172; 173; 263; 265; 266; 268; 269; 270; 271; 272; 283; 284; 285; 286; 287; 288; 289; 290; 342; 345; 346; 349; 350; 351; 352; 354; 355; 369; 371; 372; 373; 374; 375
ACTB,ACTC1,F-actin-capping protein subunit beta,4,4,45,1,1,0.25,0.022222222222222223,42.099999999999994,1,4,146,113; 133; 139; 142; 143; 146; 147; 148; 166; 167; 168; 169; 173; 176; 224; 272; 276; 279; 280; 283; 284; 285; 286; 287; 288; 290; 320; 345; 346; 348; 349; 350; 351; 352; 354; 355; 364; 365; 368; 369; 371; 372; 373; 374; 375
ACTB,ACTC1,Filamin-A,4,4,58,2,2,0.5,0.034482758620689655,78.84,2,8,53; 146,21; 24; 25; 26; 27; 28; 29; 30; 31; 44; 45; 46; 47; 48; 49; 50; 52; 53; 54; 56; 57; 60; 61; 83; 84; 87; 88; 91; 92; 93; 94; 95; 96; 97; 98; 100; 126; 142; 143; 144; 145; 146; 147; 148; 149; 167; 333; 334; 335; 336; 337; 341; 345; 348; 349; 350; 351; 354
ACTB,ACTC1,Gelsolin,4,4,119,2,2,0.5,0.01680672268907563,77.9375,2,14,2; 146,2; 3; 4; 22; 23; 24; 25; 26; 27; 28; 29; 30; 31; 37; 38; 39; 40; 41; 42; 43; 44; 45; 46; 47; 48; 49; 50; 51; 52; 54; 56; 57; 60; 61; 66; 68; 84; 87; 88; 91; 92; 93; 95; 96; 97; 98; 99; 100; 126; 127; 128; 133; 140; 142; 143; 144; 145; 146; 147; 148; 149; 166; 167; 168; 169; 221; 222; 223; 224; 259; 262; 263; 264; 265; 266; 269; 270; 271; 272; 273; 275; 276; 291; 292; 295; 296; 311; 312; 314; 315; 316; 318; 319; 326; 328; 329; 330; 332; 334; 337; 338; 340; 341; 342; 344; 345; 346; 348; 349; 350; 351; 352; 353; 354; 355; 372; 373; 374; 375
ACTB,ACTC1,Inositol-trisphosphate 3-kinase A,4,4,37,2,2,0.5,0.05405405405405406,48.88214285714285,2,9,53; 146,22; 23; 24; 25; 26; 44; 45; 46; 47; 48; 49; 50; 51; 53; 87; 91; 92; 142; 143; 144; 145; 146; 147; 148; 167; 332; 333; 334; 337; 340; 341; 344; 345; 348; 349; 350; 351
ACTB,ACTC1,Inverted formin-2,4,4,112,1,1,0.25,0.008928571428571428,66.36363636363636,1,11,146,5; 6; 21; 22; 23; 24; 25; 26; 27; 28; 44; 45; 46; 47; 48; 49; 50; 79; 80; 83; 87; 91; 92; 93; 94; 95; 96; 98; 99; 101; 114; 117; 118; 121; 122; 124; 125; 126; 127; 128; 130; 131; 142; 143; 144; 145; 146; 147; 148; 149; 166; 167; 168; 169; 216; 229; 231; 232; 233; 234; 235; 237; 238; 239; 240; 241; 242; 243; 244; 245; 247; 249; 291; 292; 295; 296; 322; 323; 324; 325; 326; 327; 328; 330; 332; 334; 341; 344; 345; 346; 348; 349; 350; 351; 352; 353; 354; 355; 356; 358; 359; 360; 361; 362; 363; 364; 365; 366; 367; 368; 369; 373
ACTB,ACTC1,Isoform 2 of F-actin-capping protein subunit beta,4,4,46,1,1,0.25,0.021739130434782608,55.35,1,2,146,110; 133; 136; 139; 143; 145; 146; 147; 148; 166; 167; 168; 169; 170; 171; 172; 173; 176; 224; 272; 276; 277; 279; 280; 283; 284; 285; 286; 288; 290; 320; 345; 346; 348; 349; 350; 351; 352; 354; 355; 361; 364; 369; 372; 373; 375
ACTB,ACTC1,"Isoform A2 of Troponin T, cardiac muscle",4,4,36,1,1,0.25,0.027777777777777776,92.35,1,2,146,25; 41; 42; 43; 44; 45; 46; 47; 48; 49; 50; 133; 136; 143; 144; 145; 146; 147; 148; 167; 168; 332; 333; 334; 341; 345; 349; 350; 351; 352; 354; 355; 371; 372; 373; 375
ACTB,ACTC1,Leiomodin-2,4,4,93,1,1,0.25,0.010752688172043012,2.7,1,1,72,37; 38; 39; 40; 41; 42; 43; 44; 45; 46; 47; 48; 49; 50; 51; 52; 66; 68; 69; 70; 72; 75; 76; 77; 78; 79; 80; 81; 83; 84; 112; 114; 117; 118; 121; 122; 124; 125; 126; 167; 168; 169; 195; 196; 197; 198; 199; 224; 244; 245; 246; 247; 248; 249; 262; 263; 264; 265; 269; 270; 271; 272; 273; 275; 276; 279; 280; 283; 290; 318; 319; 320; 321; 322; 323; 349; 351; 352; 354; 355; 359; 361; 362; 363; 364; 365; 366; 367; 369; 371; 372; 373; 374
ACTB,ACTC1,"Maltose/maltodextrin-binding periplasmic protein,Adenylate cyclase ExoY",4,4,53,1,1,0.25,0.018867924528301886,72.1,1,5,146,16; 21; 23; 24; 25; 26; 27; 28; 29; 30; 31; 32; 44; 45; 46; 47; 56; 57; 59; 87; 90; 91; 92; 93; 94; 95; 96; 97; 99; 128; 142; 143; 144; 145; 146; 147; 148; 210; 211; 214; 305; 333; 334; 335; 336; 337; 341; 344; 345; 348; 349; 350; 351
ACTB,ACTC1,"Maltose/maltodextrin-binding periplasmic protein,TccC3",4,4,44,2,2,0.5,0.045454545454545456,70.45,2,2,53; 146,25; 44; 45; 46; 47; 48; 49; 50; 53; 56; 57; 60; 61; 88; 92; 93; 95; 142; 143; 144; 145; 146; 147; 148; 149; 167; 168; 291; 292; 295; 296; 326; 328; 329; 330; 332; 333; 334; 341; 345; 348; 349; 350; 351
ACTB,ACTC1,Myosin heavy chain 4,4,4,52,1,1,0.25,0.019230769230769232,60.03333333333333,1,6,146,5; 6; 21; 22; 23; 24; 25; 26; 27; 28; 29; 30; 44; 45; 46; 47; 48; 49; 50; 56; 94; 95; 96; 101; 142; 143; 145; 146; 147; 148; 305; 310; 311; 314; 328; 329; 330; 331; 332; 333; 334; 336; 337; 341; 344; 345; 348; 349; 350; 351; 353; 354
ACTB,ACTC1,"Myosin-14,Alpha-actinin A",4,4,53,1,1,0.25,0.018867924528301886,63.1,1,2,146,3; 4; 22; 23; 24; 25; 26; 27; 28; 29; 30; 44; 45; 46; 47; 48; 49; 50; 56; 91; 93; 95; 96; 97; 100; 142; 143; 144; 145; 146; 147; 148; 167; 168; 305; 314; 328; 329; 330; 332; 333; 334; 337; 341; 344; 345; 348; 349; 350; 351; 352; 353; 354
ACTB,ACTC1,Myosin-6,4,4,42,1,1,0.25,0.023809523809523808,47.25,1,6,146,23; 24; 25; 26; 27; 28; 29; 30; 44; 45; 46; 47; 48; 56; 93; 94; 95; 96; 142; 143; 146; 147; 148; 305; 311; 314; 328; 330; 332; 333; 334; 336; 337; 341; 344; 345; 348; 349; 350; 351; 353; 354
ACTB,ACTC1,Myosin-7,4,4,54,1,1,0.25,0.018518518518518517,53.7,1,11,146,6; 21; 22; 23; 24; 25; 26; 27; 28; 29; 30; 44; 45; 46; 47; 48; 49; 50; 56; 93; 94; 95; 96; 97; 101; 142; 143; 145; 146; 147; 148; 149; 296; 305; 311; 314; 328; 329; 330; 331; 332; 333; 334; 336; 337; 341; 344; 345; 348; 349; 350; 351; 353; 354
ACTB,ACTC1,Myosin-A,4,4,49,1,1,0.25,0.02040816326530612,42.1,1,1,146,6; 23; 24; 25; 26; 27; 28; 30; 44; 45; 46; 47; 48; 49; 50; 57; 87; 91; 92; 95; 96; 97; 142; 143; 145; 146; 147; 148; 167; 305; 328; 329; 330; 331; 332; 333; 334; 335; 336; 337; 341; 344; 345; 348; 349; 350; 351; 353; 354
ACTB,ACTC1,Plastin-3,4,4,46,2,2,0.5,0.043478260869565216,51.35,2,6,53; 146,5; 23; 24; 25; 44; 45; 46; 47; 49; 50; 51; 52; 53; 54; 57; 61; 84; 87; 88; 90; 91; 92; 93; 94; 95; 96; 97; 98; 99; 100; 101; 143; 144; 146; 147; 148; 167; 169; 334; 341; 344; 345; 348; 349; 350; 351
ACTB,ACTC1,Profilin-1,4,4,29,0,0,0.0,0.0,,0,0,,113; 116; 133; 136; 166; 167; 169; 170; 171; 172; 173; 284; 285; 286; 287; 288; 289; 290; 354; 355; 361; 365; 368; 369; 371; 372; 373; 374; 375
ACTB,ACTC1,Protein diaphanous homolog 1,4,4,66,1,1,0.25,0.015151515151515152,80.15,1,4,146,5; 6; 7; 22; 23; 24; 25; 44; 45; 46; 47; 48; 50; 61; 80; 83; 118; 121; 125; 126; 128; 143; 144; 145; 146; 147; 148; 149; 166; 167; 168; 169; 233; 234; 239; 292; 296; 318; 319; 321; 323; 324; 326; 328; 330; 340; 341; 344; 345; 346; 347; 348; 349; 350; 351; 352; 353; 355; 359; 362; 363; 364; 365; 366; 367; 372
ACTB,ACTC1,Spectrin beta chain,4,4,76,3,3,0.75,0.039473684210526314,36.11666666666667,3,33,2; 53; 146,2; 3; 21; 23; 24; 25; 26; 27; 28; 29; 30; 31; 44; 45; 46; 47; 48; 49; 50; 51; 52; 53; 54; 56; 57; 58; 61; 83; 84; 87; 88; 90; 91; 92; 93; 94; 95; 96; 97; 98; 99; 100; 124; 125; 128; 142; 143; 144; 145; 146; 147; 148; 167; 214; 215; 305; 306; 307; 308; 309; 331; 332; 333; 334; 335; 336; 337; 341; 345; 348; 349; 350; 351; 359; 362; 363
ACTB,ACTC1,Src substrate cortactin,4,4,65,1,1,0.25,0.015384615384615385,39.6,1,1,146,16; 18; 26; 27; 28; 29; 30; 31; 32; 45; 46; 47; 48; 56; 57; 59; 60; 61; 62; 144; 145; 146; 147; 148; 149; 166; 167; 207; 208; 210; 211; 214; 215; 217; 221; 240; 241; 242; 243; 288; 289; 291; 292; 295; 296; 298; 302; 305; 306; 307; 308; 309; 310; 311; 314; 328; 329; 330; 331; 332; 333; 334; 335; 336; 337
ACTB,ACTC1,Talin-1,4,4,72,2,2,0.5,0.027777777777777776,21.6,2,9,53; 146,3; 4; 5; 23; 24; 25; 44; 45; 46; 47; 48; 49; 50; 51; 52; 53; 57; 83; 84; 87; 91; 92; 97; 98; 99; 100; 101; 102; 121; 124; 125; 126; 127; 128; 129; 130; 131; 143; 144; 145; 146; 147; 148; 328; 329; 330; 331; 332; 333; 334; 340; 341; 344; 345; 348; 349; 350; 351; 353; 354; 356; 358; 359; 360; 361; 362; 363; 364; 365; 366; 367; 373
ACTB,ACTC1,Tropomodulin-1,4,4,132,2,2,0.5,0.015151515151515152,49.358333333333334,2,9,53; 72,32; 37; 38; 39; 40; 41; 42; 43; 44; 45; 46; 47; 48; 49; 50; 51; 52; 53; 54; 56; 57; 59; 60; 61; 62; 63; 64; 66; 68; 69; 72; 75; 76; 77; 78; 79; 80; 81; 83; 84; 87; 88; 91; 92; 93; 95; 98; 99; 112; 114; 117; 118; 121; 122; 124; 125; 126; 127; 128; 195; 196; 197; 198; 199; 200; 201; 202; 204; 205; 207; 208; 210; 211; 213; 214; 215; 216; 217; 218; 219; 220; 221; 224; 226; 232; 233; 235; 236; 238; 239; 240; 241; 242; 243; 244; 245; 246; 247; 248; 249; 254; 262; 263; 264; 265; 266; 273; 275; 276; 279; 283; 294; 305; 306; 307; 308; 311; 316; 318; 319; 320; 321; 322; 323; 335; 359; 362; 363; 364; 365; 366; 367
ACTB,ACTC1,Tropomyosin alpha-1 chain,4,4,35,0,0,0.0,0.0,,0,0,,25; 147; 215; 216; 217; 218; 219; 220; 221; 222; 225; 226; 235; 236; 238; 241; 254; 291; 295; 307; 308; 311; 314; 315; 318; 323; 324; 325; 326; 327; 328; 329; 330; 333; 334
ACTB,ACTC1,Tropomyosin beta chain,4,4,11,0,0,0.0,0.0,,0,0,,218; 219; 220; 221; 222; 226; 238; 254; 307; 308; 311
ACTB,ACTC1,Tropomyosin-1.9,4,4,17,0,0,0.0,0.0,,0,0,,24; 25; 26; 27; 30; 144; 145; 147; 326; 328; 330; 332; 333; 334; 337; 341; 345
ACTB,ACTC1,"Troponin T2, cardiac type",4,4,34,1,1,0.25,0.029411764705882353,89.85,1,2,146,24; 25; 41; 42; 43; 44; 45; 46; 47; 48; 49; 51; 133; 143; 144; 145; 146; 147; 148; 332; 333; 334; 341; 345; 349; 351; 352; 354; 355; 371; 372; 373; 374; 375
ACTB,ACTC1,Unconventional myosin-Ib,4,4,66,2,2,0.5,0.030303030303030304,26.650000000000002,2,4,2; 146,2; 4; 6; 21; 22; 23; 24; 25; 26; 27; 28; 29; 30; 31; 44; 45; 46; 47; 48; 49; 50; 51; 56; 87; 91; 92; 93; 95; 96; 97; 98; 99; 100; 127; 128; 142; 143; 144; 145; 146; 147; 148; 305; 310; 311; 314; 327; 328; 329; 330; 331; 332; 333; 334; 335; 336; 337; 341; 344; 345; 348; 349; 350; 351; 353; 354
ACTB,ACTC1,Utrophin,4,4,51,2,2,0.5,0.0392156862745098,49.58333333333333,2,6,53; 146,21; 24; 25; 26; 27; 28; 29; 30; 31; 44; 45; 46; 47; 48; 49; 50; 51; 52; 53; 54; 56; 57; 61; 84; 87; 88; 91; 92; 93; 94; 95; 96; 97; 98; 99; 143; 144; 146; 147; 148; 149; 167; 333; 334; 337; 341; 345; 348; 349; 350; 351
ACTB,ACTC1,Vibrio VopV,4,4,95,1,1,0.25,0.010526315789473684,95.0909090909091,1,11,72,35; 37; 38; 39; 66; 67; 68; 69; 70; 71; 72; 73; 75; 76; 77; 78; 79; 80; 81; 110; 111; 112; 114; 115; 117; 118; 121; 125; 173; 176; 177; 179; 183; 184; 187; 190; 194; 195; 196; 197; 198; 199; 200; 201; 202; 203; 205; 206; 239; 240; 241; 242; 244; 245; 246; 247; 248; 249; 262; 263; 264; 265; 267; 268; 269; 270; 271; 272; 273; 275; 276; 279; 280; 283; 284; 285; 286; 287; 290; 294; 318; 319; 320; 321; 322; 323; 324; 359; 362; 363; 364; 365; 366; 367; 368
ACTB,ACTC1,Vinculin,4,4,65,2,2,0.5,0.03076923076923077,66.3,2,4,53; 146,5; 23; 24; 25; 26; 44; 45; 46; 47; 48; 49; 50; 51; 52; 53; 57; 61; 80; 83; 84; 87; 88; 91; 92; 93; 95; 96; 97; 99; 100; 102; 126; 127; 130; 131; 142; 143; 144; 145; 146; 147; 148; 296; 328; 330; 331; 332; 333; 334; 337; 341; 344; 345; 348; 349; 350; 351; 353; 354; 355; 356; 358; 360; 361; 373
ACTB,ACTC1,VopV,4,4,85,1,1,0.25,0.011764705882352941,81.06666666666666,1,12,72,35; 37; 39; 63; 66; 67; 68; 69; 70; 71; 72; 73; 75; 76; 77; 78; 79; 81; 84; 110; 111; 112; 114; 115; 117; 118; 121; 125; 126; 128; 173; 176; 177; 179; 183; 187; 194; 196; 197; 198; 199; 200; 201; 202; 203; 204; 205; 206; 239; 241; 242; 244; 245; 246; 247; 248; 249; 268; 269; 270; 271; 272; 276; 279; 280; 283; 284; 285; 286; 287; 288; 290; 318; 319; 320; 321; 322; 323; 324; 362; 363; 364; 365; 366; 367
ACTB,ACTC1,"WD repeat-containing protein 1,Methylated-DNA--protein-cysteine methyltransferase",4,4,52,0,0,0.0,0.0,,0,0,,166; 169; 171; 221; 222; 224; 225; 226; 228; 229; 230; 232; 233; 234; 235; 238; 270; 276; 311; 314; 315; 316; 318; 319; 320; 321; 322; 323; 324; 325; 326; 327; 328; 330; 353; 354; 355; 356; 358; 360; 361; 362; 363; 364; 365; 366; 367; 368; 369; 372; 373; 375
ACTB,ACTC1,beta-cardiac myosin II,4,4,38,1,1,0.25,0.02631578947368421,54.7,1,1,146,22; 23; 24; 25; 26; 27; 28; 29; 30; 44; 45; 46; 47; 48; 56; 142; 143; 145; 146; 147; 148; 311; 314; 328; 329; 330; 332; 333; 334; 337; 341; 344; 345; 348; 349; 350; 351; 354
ACTB,ACTG1,Actin-interacting protein 1,10,9,82,0,0,0.0,0.0,,0,0,,37; 38; 39; 40; 41; 43; 44; 45; 46; 47; 48; 49; 50; 51; 52; 53; 64; 66; 68; 78; 79; 80; 83; 84; 87; 118; 122; 125; 126; 128; 166; 167; 169; 221; 222; 224; 225; 226; 228; 229; 230; 232; 233; 234; 235; 238; 254; 276; 307; 308; 310; 311; 314; 315; 318; 319; 320; 321; 323; 324; 325; 326; 327; 328; 329; 330; 354; 355; 358; 360; 361; 362; 363; 364; 365; 366; 367; 368; 369; 372; 373; 375
ACTB,ACTG1,Actin-related protein 2,10,9,52,4,4,0.4444444444444444,0.07692307692307693,27.765,4,20,60; 199; 201; 268,38; 39; 40; 41; 42; 43; 44; 45; 46; 47; 48; 49; 50; 53; 60; 61; 62; 63; 64; 65; 66; 67; 188; 191; 192; 194; 195; 196; 197; 199; 200; 201; 202; 203; 204; 205; 208; 227; 230; 231; 241; 242; 243; 244; 245; 246; 247; 252; 266; 267; 268; 270
ACTB,ACTG1,Actin-related protein 2/3 complex subunit 1,10,9,27,0,0,0.0,0.0,,0,0,,4; 23; 24; 25; 44; 45; 46; 47; 48; 142; 143; 144; 145; 146; 147; 148; 333; 334; 340; 341; 344; 345; 348; 349; 350; 351; 352
ACTB,ACTG1,Actin-related protein 2/3 complex subunit 1B,10,9,22,0,0,0.0,0.0,,0,0,,23; 24; 25; 44; 45; 46; 47; 48; 142; 143; 144; 145; 146; 147; 148; 341; 344; 345; 348; 349; 350; 351
ACTB,ACTG1,Actin-related protein 2/3 complex subunit 2,10,9,76,1,1,0.1111111111111111,0.013157894736842105,3.9,1,2,75,4; 5; 6; 7; 8; 21; 22; 23; 24; 28; 46; 48; 49; 50; 51; 75; 76; 77; 79; 83; 87; 94; 95; 96; 99; 100; 101; 102; 113; 114; 115; 117; 118; 121; 122; 125; 130; 131; 195; 196; 197; 198; 228; 229; 231; 232; 233; 234; 235; 236; 237; 238; 239; 240; 241; 245; 246; 247; 248; 249; 254; 279; 283; 320; 321; 322; 323; 324; 351; 356; 362; 363; 364; 365; 366; 367
ACTB,ACTG1,Actin-related protein 2/3 complex subunit 3,10,9,22,0,0,0.0,0.0,,0,0,,4; 5; 46; 47; 48; 49; 87; 91; 92; 95; 97; 99; 125; 126; 128; 350; 351; 353; 354; 355; 361; 373
ACTB,ACTG1,Actin-related protein 2/3 complex subunit 4,10,9,30,0,0,0.0,0.0,,0,0,,21; 28; 50; 51; 52; 79; 80; 83; 84; 87; 90; 91; 92; 93; 94; 95; 96; 97; 98; 99; 100; 101; 118; 121; 122; 125; 126; 127; 128; 359
ACTB,ACTG1,Actin-related protein 2/3 complex subunit 5-like protein,10,9,8,0,0,0.0,0.0,,0,0,,37; 38; 39; 40; 41; 51; 66; 68
ACTB,ACTG1,Actin-related protein 3,10,9,76,1,1,0.1111111111111111,0.013157894736842105,10.74,1,5,60,37; 38; 39; 40; 41; 42; 43; 44; 45; 46; 47; 48; 49; 50; 51; 53; 60; 61; 62; 63; 64; 65; 117; 121; 124; 125; 128; 133; 143; 198; 200; 202; 204; 205; 208; 224; 227; 228; 230; 231; 232; 233; 234; 237; 238; 239; 240; 241; 242; 243; 244; 245; 246; 247; 248; 249; 346; 351; 354; 355; 359; 360; 361; 362; 363; 364; 365; 366; 367; 368; 369; 371; 372; 373; 374; 375
ACTB,ACTG1,Adducin 1,10,9,88,0,0,0.0,0.0,,0,0,,4; 5; 6; 16; 21; 23; 24; 25; 26; 27; 28; 29; 30; 38; 39; 40; 41; 42; 43; 44; 45; 46; 47; 48; 49; 50; 51; 56; 93; 95; 96; 97; 100; 101; 133; 143; 144; 145; 146; 147; 148; 149; 166; 167; 168; 169; 173; 214; 215; 222; 224; 225; 228; 279; 280; 283; 284; 285; 286; 287; 288; 290; 292; 295; 296; 305; 332; 333; 334; 336; 337; 340; 341; 344; 345; 346; 348; 349; 350; 351; 352; 354; 355; 371; 372; 373; 374; 375
ACTB,ACTG1,Adenylyl cyclase-associated protein 1,10,9,49,2,2,0.2222222222222222,0.04081632653061224,78.05833333333334,2,8,60; 268,32; 40; 43; 44; 45; 46; 47; 48; 49; 50; 53; 56; 57; 59; 60; 61; 62; 63; 64; 65; 88; 91; 92; 93; 95; 188; 191; 195; 202; 203; 204; 205; 207; 208; 210; 211; 215; 240; 241; 242; 243; 244; 245; 256; 265; 266; 267; 268; 270
ACTB,ACTG1,Afadin,10,9,10,0,0,0.0,0.0,,0,0,,6; 21; 22; 23; 24; 25; 28; 348; 349; 350
ACTB,ACTG1,Alpha-catenin-like protein hmp-1,10,9,55,0,0,0.0,0.0,,0,0,,21; 23; 24; 25; 26; 27; 28; 29; 30; 44; 45; 46; 47; 48; 49; 50; 51; 52; 53; 54; 57; 84; 87; 88; 91; 92; 93; 94; 95; 96; 97; 99; 100; 142; 143; 144; 145; 146; 147; 148; 296; 328; 330; 332; 333; 334; 336; 337; 341; 344; 345; 348; 349; 350; 351
ACTB,ACTG1,Beta-adducin,10,9,132,0,0,0.0,0.0,,0,0,,5; 6; 16; 21; 23; 24; 25; 26; 27; 28; 29; 30; 38; 39; 40; 41; 42; 43; 44; 45; 46; 47; 48; 49; 50; 51; 56; 95; 96; 97; 100; 101; 113; 114; 117; 118; 121; 124; 125; 126; 128; 133; 143; 144; 145; 146; 147; 148; 149; 167; 168; 169; 172; 188; 195; 196; 214; 223; 224; 227; 228; 230; 231; 232; 233; 234; 236; 237; 251; 252; 253; 256; 263; 265; 266; 279; 283; 287; 288; 290; 291; 292; 295; 296; 305; 310; 311; 314; 318; 319; 320; 321; 322; 323; 324; 326; 327; 328; 329; 330; 331; 332; 333; 334; 336; 337; 338; 340; 341; 344; 345; 346; 348; 349; 350; 351; 352; 354; 355; 359; 362; 363; 364; 365; 366; 367; 368; 371; 372; 373; 374; 375
ACTB,ACTG1,Catenin alpha-1,10,9,78,1,1,0.1111111111111111,0.01282051282051282,27.4,1,2,60,21; 23; 24; 25; 26; 27; 28; 29; 30; 44; 45; 46; 47; 48; 49; 50; 51; 52; 53; 56; 57; 59; 60; 61; 62; 84; 87; 91; 92; 93; 94; 95; 96; 97; 99; 126; 127; 142; 143; 144; 145; 146; 147; 148; 149; 167; 169; 211; 215; 216; 238; 239; 240; 241; 242; 243; 247; 288; 291; 296; 305; 324; 328; 329; 330; 331; 332; 333; 334; 336; 337; 341; 344; 345; 348; 349; 350; 351
ACTB,ACTG1,Cell invasion protein SipA,10,9,134,7,6,0.6666666666666666,0.04477611940298507,30.884841269841274,6,70,73; 75; 199; 201; 268; 312,37; 38; 39; 40; 41; 42; 43; 44; 45; 46; 47; 48; 49; 51; 66; 67; 68; 69; 70; 71; 72; 73; 75; 76; 77; 78; 79; 80; 83; 84; 112; 113; 114; 117; 118; 121; 125; 126; 133; 139; 143; 158; 169; 170; 172; 173; 179; 183; 184; 187; 195; 196; 197; 198; 199; 200; 201; 202; 203; 204; 205; 206; 208; 222; 223; 224; 225; 227; 228; 230; 231; 232; 233; 234; 237; 239; 242; 243; 244; 246; 247; 248; 249; 251; 252; 253; 256; 263; 265; 266; 267; 268; 269; 270; 271; 275; 276; 279; 280; 283; 284; 285; 286; 287; 288; 290; 312; 315; 316; 318; 319; 320; 321; 322; 323; 346; 351; 352; 354; 355; 361; 362; 363; 364; 365; 366; 367; 368; 369; 371; 372; 373; 374; 375
ACTB,ACTG1,Cofilin,10,9,82,1,1,0.1111111111111111,0.012195121951219513,3.3375,1,8,60,16; 23; 24; 25; 26; 27; 28; 29; 30; 31; 32; 46; 47; 48; 49; 50; 53; 56; 57; 59; 60; 61; 88; 91; 92; 93; 94; 95; 96; 97; 100; 133; 134; 135; 136; 139; 140; 143; 144; 145; 146; 147; 148; 149; 157; 166; 167; 168; 169; 207; 210; 211; 214; 215; 288; 291; 292; 296; 305; 326; 328; 330; 331; 332; 333; 334; 336; 337; 338; 341; 342; 344; 345; 346; 348; 349; 350; 351; 352; 354; 355; 375
ACTB,ACTG1,Cofilin (UNC-60B),10,9,71,1,1,0.1111111111111111,0.014084507042253521,0.5,1,1,60,16; 23; 25; 26; 27; 28; 29; 30; 31; 32; 47; 49; 50; 53; 56; 57; 59; 60; 61; 91; 92; 93; 94; 95; 96; 97; 100; 133; 135; 139; 140; 143; 144; 145; 146; 147; 148; 149; 167; 168; 169; 207; 210; 211; 214; 215; 291; 296; 305; 326; 328; 330; 332; 333; 334; 336; 337; 338; 341; 342; 344; 345; 346; 348; 349; 350; 351; 352; 354; 355; 375
ACTB,ACTG1,Cofilin-1,10,9,76,1,1,0.1111111111111111,0.013157894736842105,20.1,1,2,60,21; 23; 24; 25; 26; 27; 28; 29; 30; 31; 44; 45; 50; 51; 53; 56; 57; 60; 61; 87; 88; 91; 92; 93; 94; 95; 96; 97; 99; 100; 101; 133; 140; 142; 143; 144; 145; 146; 147; 148; 149; 166; 167; 168; 169; 214; 215; 288; 291; 292; 295; 296; 305; 326; 328; 330; 331; 332; 333; 334; 336; 337; 338; 341; 342; 343; 345; 346; 348; 349; 350; 351; 352; 354; 355; 375
ACTB,ACTG1,Cofilin-2,10,9,77,1,1,0.1111111111111111,0.012987012987012988,13.0,1,1,60,4; 5; 21; 23; 24; 25; 26; 27; 28; 29; 30; 31; 50; 53; 56; 57; 60; 61; 88; 91; 92; 93; 94; 95; 96; 97; 99; 100; 101; 133; 134; 135; 136; 139; 140; 143; 144; 145; 146; 147; 148; 149; 166; 167; 168; 169; 214; 215; 291; 292; 295; 296; 305; 326; 328; 330; 331; 332; 333; 334; 336; 337; 338; 341; 342; 345; 346; 348; 349; 350; 351; 352; 353; 354; 355; 374; 375
ACTB,ACTG1,"Coronin-1B,Methylated-DNA--protein-cysteine methyltransferase",10,9,98,1,1,0.1111111111111111,0.01020408163265306,5.4,1,1,75,6; 37; 38; 39; 40; 41; 42; 49; 50; 51; 52; 66; 68; 75; 76; 77; 78; 79; 80; 81; 83; 84; 87; 91; 92; 95; 96; 97; 99; 100; 101; 102; 114; 115; 117; 118; 121; 122; 124; 125; 126; 127; 128; 130; 131; 169; 196; 198; 222; 224; 225; 230; 231; 232; 233; 234; 235; 237; 239; 246; 247; 248; 249; 250; 251; 252; 265; 270; 279; 315; 316; 318; 319; 320; 321; 322; 323; 350; 351; 353; 354; 355; 356; 357; 358; 359; 360; 361; 362; 363; 364; 365; 366; 367; 368; 369; 372; 373
ACTB,ACTG1,Dematin actin binding protein,10,9,125,2,2,0.2222222222222222,0.016,49.37500000000001,2,9,268; 312,2; 3; 4; 5; 6; 21; 22; 23; 24; 25; 26; 27; 28; 38; 39; 40; 41; 42; 43; 44; 45; 46; 47; 48; 49; 50; 51; 95; 96; 97; 99; 100; 101; 102; 121; 125; 130; 131; 133; 143; 144; 145; 146; 147; 168; 169; 172; 215; 216; 218; 219; 221; 222; 223; 224; 226; 229; 230; 231; 232; 233; 234; 235; 237; 238; 239; 240; 241; 247; 249; 259; 262; 263; 264; 265; 266; 268; 269; 270; 271; 272; 273; 275; 276; 305; 307; 308; 312; 315; 316; 318; 319; 320; 330; 332; 333; 334; 337; 340; 341; 344; 345; 347; 348; 350; 351; 353; 354; 355; 356; 358; 359; 360; 361; 362; 363; 364; 365; 366; 367; 371; 372; 373; 374; 375
ACTB,ACTG1,Epididymis secretory protein Li 37,10,9,43,0,0,0.0,0.0,,0,0,,23; 24; 25; 44; 45; 46; 47; 48; 49; 50; 51; 52; 53; 54; 56; 57; 61; 84; 87; 88; 91; 92; 93; 95; 96; 97; 98; 99; 100; 143; 144; 146; 147; 148; 167; 334; 341; 344; 345; 348; 349; 350; 351
ACTB,ACTG1,F-actin-capping protein subunit alpha-1,10,9,46,1,1,0.1111111111111111,0.021739130434782608,64.98333333333333,1,6,268,116; 133; 139; 143; 146; 147; 148; 166; 167; 168; 169; 170; 171; 172; 173; 263; 265; 266; 268; 269; 270; 271; 272; 283; 284; 285; 286; 287; 288; 289; 290; 342; 345; 346; 349; 350; 351; 352; 354; 355; 369; 371; 372; 373; 374; 375
ACTB,ACTG1,F-actin-capping protein subunit beta,10,9,45,0,0,0.0,0.0,,0,0,,113; 133; 139; 142; 143; 146; 147; 148; 166; 167; 168; 169; 173; 176; 224; 272; 276; 279; 280; 283; 284; 285; 286; 287; 288; 290; 320; 345; 346; 348; 349; 350; 351; 352; 354; 355; 364; 365; 368; 369; 371; 372; 373; 374; 375
ACTB,ACTG1,Filamin-A,10,9,58,1,1,0.1111111111111111,0.017241379310344827,1.38,1,5,60,21; 24; 25; 26; 27; 28; 29; 30; 31; 44; 45; 46; 47; 48; 49; 50; 52; 53; 54; 56; 57; 60; 61; 83; 84; 87; 88; 91; 92; 93; 94; 95; 96; 97; 98; 100; 126; 142; 143; 144; 145; 146; 147; 148; 149; 167; 333; 334; 335; 336; 337; 341; 345; 348; 349; 350; 351; 354
ACTB,ACTG1,Gelsolin,10,9,119,2,2,0.2222222222222222,0.01680672268907563,65.19375,2,9,60; 312,2; 3; 4; 22; 23; 24; 25; 26; 27; 28; 29; 30; 31; 37; 38; 39; 40; 41; 42; 43; 44; 45; 46; 47; 48; 49; 50; 51; 52; 54; 56; 57; 60; 61; 66; 68; 84; 87; 88; 91; 92; 93; 95; 96; 97; 98; 99; 100; 126; 127; 128; 133; 140; 142; 143; 144; 145; 146; 147; 148; 149; 166; 167; 168; 169; 221; 222; 223; 224; 259; 262; 263; 264; 265; 266; 269; 270; 271; 272; 273; 275; 276; 291; 292; 295; 296; 311; 312; 314; 315; 316; 318; 319; 326; 328; 329; 330; 332; 334; 337; 338; 340; 341; 342; 344; 345; 346; 348; 349; 350; 351; 352; 353; 354; 355; 372; 373; 374; 375
ACTB,ACTG1,Inositol-trisphosphate 3-kinase A,10,9,37,0,0,0.0,0.0,,0,0,,22; 23; 24; 25; 26; 44; 45; 46; 47; 48; 49; 50; 51; 53; 87; 91; 92; 142; 143; 144; 145; 146; 147; 148; 167; 332; 333; 334; 337; 340; 341; 344; 345; 348; 349; 350; 351
ACTB,ACTG1,Inverted formin-2,10,9,112,0,0,0.0,0.0,,0,0,,5; 6; 21; 22; 23; 24; 25; 26; 27; 28; 44; 45; 46; 47; 48; 49; 50; 79; 80; 83; 87; 91; 92; 93; 94; 95; 96; 98; 99; 101; 114; 117; 118; 121; 122; 124; 125; 126; 127; 128; 130; 131; 142; 143; 144; 145; 146; 147; 148; 149; 166; 167; 168; 169; 216; 229; 231; 232; 233; 234; 235; 237; 238; 239; 240; 241; 242; 243; 244; 245; 247; 249; 291; 292; 295; 296; 322; 323; 324; 325; 326; 327; 328; 330; 332; 334; 341; 344; 345; 346; 348; 349; 350; 351; 352; 353; 354; 355; 356; 358; 359; 360; 361; 362; 363; 364; 365; 366; 367; 368; 369; 373
ACTB,ACTG1,Isoform 2 of F-actin-capping protein subunit beta,10,9,46,0,0,0.0,0.0,,0,0,,110; 133; 136; 139; 143; 145; 146; 147; 148; 166; 167; 168; 169; 170; 171; 172; 173; 176; 224; 272; 276; 277; 279; 280; 283; 284; 285; 286; 288; 290; 320; 345; 346; 348; 349; 350; 351; 352; 354; 355; 361; 364; 369; 372; 373; 375
ACTB,ACTG1,"Isoform A2 of Troponin T, cardiac muscle",10,9,36,0,0,0.0,0.0,,0,0,,25; 41; 42; 43; 44; 45; 46; 47; 48; 49; 50; 133; 136; 143; 144; 145; 146; 147; 148; 167; 168; 332; 333; 334; 341; 345; 349; 350; 351; 352; 354; 355; 371; 372; 373; 375
ACTB,ACTG1,Leiomodin-2,10,9,93,2,2,0.2222222222222222,0.021505376344086023,14.0,2,5,75; 199,37; 38; 39; 40; 41; 42; 43; 44; 45; 46; 47; 48; 49; 50; 51; 52; 66; 68; 69; 70; 72; 75; 76; 77; 78; 79; 80; 81; 83; 84; 112; 114; 117; 118; 121; 122; 124; 125; 126; 167; 168; 169; 195; 196; 197; 198; 199; 224; 244; 245; 246; 247; 248; 249; 262; 263; 264; 265; 269; 270; 271; 272; 273; 275; 276; 279; 280; 283; 290; 318; 319; 320; 321; 322; 323; 349; 351; 352; 354; 355; 359; 361; 362; 363; 364; 365; 366; 367; 369; 371; 372; 373; 374
ACTB,ACTG1,"Maltose/maltodextrin-binding periplasmic protein,Adenylate cyclase ExoY",10,9,53,0,0,0.0,0.0,,0,0,,16; 21; 23; 24; 25; 26; 27; 28; 29; 30; 31; 32; 44; 45; 46; 47; 56; 57; 59; 87; 90; 91; 92; 93; 94; 95; 96; 97; 99; 128; 142; 143; 144; 145; 146; 147; 148; 210; 211; 214; 305; 333; 334; 335; 336; 337; 341; 344; 345; 348; 349; 350; 351
ACTB,ACTG1,"Maltose/maltodextrin-binding periplasmic protein,TccC3",10,9,44,1,1,0.1111111111111111,0.022727272727272728,8.0,1,1,60,25; 44; 45; 46; 47; 48; 49; 50; 53; 56; 57; 60; 61; 88; 92; 93; 95; 142; 143; 144; 145; 146; 147; 148; 149; 167; 168; 291; 292; 295; 296; 326; 328; 329; 330; 332; 333; 334; 341; 345; 348; 349; 350; 351
ACTB,ACTG1,Myosin heavy chain 4,10,9,52,0,0,0.0,0.0,,0,0,,5; 6; 21; 22; 23; 24; 25; 26; 27; 28; 29; 30; 44; 45; 46; 47; 48; 49; 50; 56; 94; 95; 96; 101; 142; 143; 145; 146; 147; 148; 305; 310; 311; 314; 328; 329; 330; 331; 332; 333; 334; 336; 337; 341; 344; 345; 348; 349; 350; 351; 353; 354
ACTB,ACTG1,"Myosin-14,Alpha-actinin A",10,9,53,0,0,0.0,0.0,,0,0,,3; 4; 22; 23; 24; 25; 26; 27; 28; 29; 30; 44; 45; 46; 47; 48; 49; 50; 56; 91; 93; 95; 96; 97; 100; 142; 143; 144; 145; 146; 147; 148; 167; 168; 305; 314; 328; 329; 330; 332; 333; 334; 337; 341; 344; 345; 348; 349; 350; 351; 352; 353; 354
ACTB,ACTG1,Myosin-6,10,9,42,0,0,0.0,0.0,,0,0,,23; 24; 25; 26; 27; 28; 29; 30; 44; 45; 46; 47; 48; 56; 93; 94; 95; 96; 142; 143; 146; 147; 148; 305; 311; 314; 328; 330; 332; 333; 334; 336; 337; 341; 344; 345; 348; 349; 350; 351; 353; 354
ACTB,ACTG1,Myosin-7,10,9,54,0,0,0.0,0.0,,0,0,,6; 21; 22; 23; 24; 25; 26; 27; 28; 29; 30; 44; 45; 46; 47; 48; 49; 50; 56; 93; 94; 95; 96; 97; 101; 142; 143; 145; 146; 147; 148; 149; 296; 305; 311; 314; 328; 329; 330; 331; 332; 333; 334; 336; 337; 341; 344; 345; 348; 349; 350; 351; 353; 354
ACTB,ACTG1,Myosin-A,10,9,49,0,0,0.0,0.0,,0,0,,6; 23; 24; 25; 26; 27; 28; 30; 44; 45; 46; 47; 48; 49; 50; 57; 87; 91; 92; 95; 96; 97; 142; 143; 145; 146; 147; 148; 167; 305; 328; 329; 330; 331; 332; 333; 334; 335; 336; 337; 341; 344; 345; 348; 349; 350; 351; 353; 354
ACTB,ACTG1,Plastin-3,10,9,46,0,0,0.0,0.0,,0,0,,5; 23; 24; 25; 44; 45; 46; 47; 49; 50; 51; 52; 53; 54; 57; 61; 84; 87; 88; 90; 91; 92; 93; 94; 95; 96; 97; 98; 99; 100; 101; 143; 144; 146; 147; 148; 167; 169; 334; 341; 344; 345; 348; 349; 350; 351
ACTB,ACTG1,Profilin-1,10,9,29,0,0,0.0,0.0,,0,0,,113; 116; 133; 136; 166; 167; 169; 170; 171; 172; 173; 284; 285; 286; 287; 288; 289; 290; 354; 355; 361; 365; 368; 369; 371; 372; 373; 374; 375
ACTB,ACTG1,Protein diaphanous homolog 1,10,9,66,0,0,0.0,0.0,,0,0,,5; 6; 7; 22; 23; 24; 25; 44; 45; 46; 47; 48; 50; 61; 80; 83; 118; 121; 125; 126; 128; 143; 144; 145; 146; 147; 148; 149; 166; 167; 168; 169; 233; 234; 239; 292; 296; 318; 319; 321; 323; 324; 326; 328; 330; 340; 341; 344; 345; 346; 347; 348; 349; 350; 351; 352; 353; 355; 359; 362; 363; 364; 365; 366; 367; 372
ACTB,ACTG1,Spectrin beta chain,10,9,76,0,0,0.0,0.0,,0,0,,2; 3; 21; 23; 24; 25; 26; 27; 28; 29; 30; 31; 44; 45; 46; 47; 48; 49; 50; 51; 52; 53; 54; 56; 57; 58; 61; 83; 84; 87; 88; 90; 91; 92; 93; 94; 95; 96; 97; 98; 99; 100; 124; 125; 128; 142; 143; 144; 145; 146; 147; 148; 167; 214; 215; 305; 306; 307; 308; 309; 331; 332; 333; 334; 335; 336; 337; 341; 345; 348; 349; 350; 351; 359; 362; 363
ACTB,ACTG1,Src substrate cortactin,10,9,65,1,1,0.1111111111111111,0.015384615384615385,65.55,1,2,60,16; 18; 26; 27; 28; 29; 30; 31; 32; 45; 46; 47; 48; 56; 57; 59; 60; 61; 62; 144; 145; 146; 147; 148; 149; 166; 167; 207; 208; 210; 211; 214; 215; 217; 221; 240; 241; 242; 243; 288; 289; 291; 292; 295; 296; 298; 302; 305; 306; 307; 308; 309; 310; 311; 314; 328; 329; 330; 331; 332; 333; 334; 335; 336; 337
ACTB,ACTG1,Talin-1,10,9,72,0,0,0.0,0.0,,0,0,,3; 4; 5; 23; 24; 25; 44; 45; 46; 47; 48; 49; 50; 51; 52; 53; 57; 83; 84; 87; 91; 92; 97; 98; 99; 100; 101; 102; 121; 124; 125; 126; 127; 128; 129; 130; 131; 143; 144; 145; 146; 147; 148; 328; 329; 330; 331; 332; 333; 334; 340; 341; 344; 345; 348; 349; 350; 351; 353; 354; 356; 358; 359; 360; 361; 362; 363; 364; 365; 366; 367; 373
ACTB,ACTG1,Tropomodulin-1,10,9,132,4,4,0.4444444444444444,0.030303030303030304,31.066666666666666,4,18,60; 75; 199; 201,32; 37; 38; 39; 40; 41; 42; 43; 44; 45; 46; 47; 48; 49; 50; 51; 52; 53; 54; 56; 57; 59; 60; 61; 62; 63; 64; 66; 68; 69; 72; 75; 76; 77; 78; 79; 80; 81; 83; 84; 87; 88; 91; 92; 93; 95; 98; 99; 112; 114; 117; 118; 121; 122; 124; 125; 126; 127; 128; 195; 196; 197; 198; 199; 200; 201; 202; 204; 205; 207; 208; 210; 211; 213; 214; 215; 216; 217; 218; 219; 220; 221; 224; 226; 232; 233; 235; 236; 238; 239; 240; 241; 242; 243; 244; 245; 246; 247; 248; 249; 254; 262; 263; 264; 265; 266; 273; 275; 276; 279; 283; 294; 305; 306; 307; 308; 311; 316; 318; 319; 320; 321; 322; 323; 335; 359; 362; 363; 364; 365; 366; 367
ACTB,ACTG1,Tropomyosin alpha-1 chain,10,9,35,0,0,0.0,0.0,,0,0,,25; 147; 215; 216; 217; 218; 219; 220; 221; 222; 225; 226; 235; 236; 238; 241; 254; 291; 295; 307; 308; 311; 314; 315; 318; 323; 324; 325; 326; 327; 328; 329; 330; 333; 334
ACTB,ACTG1,Tropomyosin beta chain,10,9,11,0,0,0.0,0.0,,0,0,,218; 219; 220; 221; 222; 226; 238; 254; 307; 308; 311
ACTB,ACTG1,Tropomyosin-1.9,10,9,17,0,0,0.0,0.0,,0,0,,24; 25; 26; 27; 30; 144; 145; 147; 326; 328; 330; 332; 333; 334; 337; 341; 345
ACTB,ACTG1,"Troponin T2, cardiac type",10,9,34,0,0,0.0,0.0,,0,0,,24; 25; 41; 42; 43; 44; 45; 46; 47; 48; 49; 51; 133; 143; 144; 145; 146; 147; 148; 332; 333; 334; 341; 345; 349; 351; 352; 354; 355; 371; 372; 373; 374; 375
ACTB,ACTG1,Unconventional myosin-Ib,10,9,66,0,0,0.0,0.0,,0,0,,2; 4; 6; 21; 22; 23; 24; 25; 26; 27; 28; 29; 30; 31; 44; 45; 46; 47; 48; 49; 50; 51; 56; 87; 91; 92; 93; 95; 96; 97; 98; 99; 100; 127; 128; 142; 143; 144; 145; 146; 147; 148; 305; 310; 311; 314; 327; 328; 329; 330; 331; 332; 333; 334; 335; 336; 337; 341; 344; 345; 348; 349; 350; 351; 353; 354
ACTB,ACTG1,Utrophin,10,9,51,0,0,0.0,0.0,,0,0,,21; 24; 25; 26; 27; 28; 29; 30; 31; 44; 45; 46; 47; 48; 49; 50; 51; 52; 53; 54; 56; 57; 61; 84; 87; 88; 91; 92; 93; 94; 95; 96; 97; 98; 99; 143; 144; 146; 147; 148; 149; 167; 333; 334; 337; 341; 345; 348; 349; 350; 351
ACTB,ACTG1,Vibrio VopV,10,9,95,7,6,0.6666666666666666,0.06315789473684211,44.98577441077441,6,62,73; 75; 111; 199; 201; 268,35; 37; 38; 39; 66; 67; 68; 69; 70; 71; 72; 73; 75; 76; 77; 78; 79; 80; 81; 110; 111; 112; 114; 115; 117; 118; 121; 125; 173; 176; 177; 179; 183; 184; 187; 190; 194; 195; 196; 197; 198; 199; 200; 201; 202; 203; 205; 206; 239; 240; 241; 242; 244; 245; 246; 247; 248; 249; 262; 263; 264; 265; 267; 268; 269; 270; 271; 272; 273; 275; 276; 279; 280; 283; 284; 285; 286; 287; 290; 294; 318; 319; 320; 321; 322; 323; 324; 359; 362; 363; 364; 365; 366; 367; 368
ACTB,ACTG1,Vinculin,10,9,65,0,0,0.0,0.0,,0,0,,5; 23; 24; 25; 26; 44; 45; 46; 47; 48; 49; 50; 51; 52; 53; 57; 61; 80; 83; 84; 87; 88; 91; 92; 93; 95; 96; 97; 99; 100; 102; 126; 127; 130; 131; 142; 143; 144; 145; 146; 147; 148; 296; 328; 330; 331; 332; 333; 334; 337; 341; 344; 345; 348; 349; 350; 351; 353; 354; 355; 356; 358; 360; 361; 373
ACTB,ACTG1,VopV,10,9,85,7,6,0.6666666666666666,0.07058823529411765,39.151781949934126,6,74,73; 75; 111; 199; 201; 268,35; 37; 39; 63; 66; 67; 68; 69; 70; 71; 72; 73; 75; 76; 77; 78; 79; 81; 84; 110; 111; 112; 114; 115; 117; 118; 121; 125; 126; 128; 173; 176; 177; 179; 183; 187; 194; 196; 197; 198; 199; 200; 201; 202; 203; 204; 205; 206; 239; 241; 242; 244; 245; 246; 247; 248; 249; 268; 269; 270; 271; 272; 276; 279; 280; 283; 284; 285; 286; 287; 288; 290; 318; 319; 320; 321; 322; 323; 324; 362; 363; 364; 365; 366; 367
ACTB,ACTG1,"WD repeat-containing protein 1,Methylated-DNA--protein-cysteine methyltransferase",10,9,52,0,0,0.0,0.0,,0,0,,166; 169; 171; 221; 222; 224; 225; 226; 228; 229; 230; 232; 233; 234; 235; 238; 270; 276; 311; 314; 315; 316; 318; 319; 320; 321; 322; 323; 324; 325; 326; 327; 328; 330; 353; 354; 355; 356; 358; 360; 361; 362; 363; 364; 365; 366; 367; 368; 369; 372; 373; 375
ACTB,ACTG1,beta-cardiac myosin II,10,9,38,0,0,0.0,0.0,,0,0,,22; 23; 24; 25; 26; 27; 28; 29; 30; 44; 45; 46; 47; 48; 56; 142; 143; 145; 146; 147; 148; 311; 314; 328; 329; 330; 332; 333; 334; 337; 341; 344; 345; 348; 349; 350; 351; 354
ACTB,ACTG2,Actin-interacting protein 1,14,14,82,1,1,0.07142857142857142,0.012195121951219513,56.81428571428571,1,7,40,37; 38; 39; 40; 41; 43; 44; 45; 46; 47; 48; 49; 50; 51; 52; 53; 64; 66; 68; 78; 79; 80; 83; 84; 87; 118; 122; 125; 126; 128; 166; 167; 169; 221; 222; 224; 225; 226; 228; 229; 230; 232; 233; 234; 235; 238; 254; 276; 307; 308; 310; 311; 314; 315; 318; 319; 320; 321; 323; 324; 325; 326; 327; 328; 329; 330; 354; 355; 358; 360; 361; 362; 363; 364; 365; 366; 367; 368; 369; 372; 373; 375
ACTB,ACTG2,Actin-related protein 2,14,14,52,3,3,0.21428571428571427,0.057692307692307696,44.48666666666667,3,19,40; 195; 197,38; 39; 40; 41; 42; 43; 44; 45; 46; 47; 48; 49; 50; 53; 60; 61; 62; 63; 64; 65; 66; 67; 188; 191; 192; 194; 195; 196; 197; 199; 200; 201; 202; 203; 204; 205; 208; 227; 230; 231; 241; 242; 243; 244; 245; 246; 247; 252; 266; 267; 268; 270
ACTB,ACTG2,Actin-related protein 2/3 complex subunit 1,14,14,27,1,1,0.07142857142857142,0.037037037037037035,16.2,1,3,24,4; 23; 24; 25; 44; 45; 46; 47; 48; 142; 143; 144; 145; 146; 147; 148; 333; 334; 340; 341; 344; 345; 348; 349; 350; 351; 352
ACTB,ACTG2,Actin-related protein 2/3 complex subunit 1B,14,14,22,1,1,0.07142857142857142,0.045454545454545456,6.75,1,2,24,23; 24; 25; 44; 45; 46; 47; 48; 142; 143; 144; 145; 146; 147; 148; 341; 344; 345; 348; 349; 350; 351
ACTB,ACTG2,Actin-related protein 2/3 complex subunit 2,14,14,76,5,5,0.35714285714285715,0.06578947368421052,31.03333333333333,5,11,7; 24; 117; 195; 197,4; 5; 6; 7; 8; 21; 22; 23; 24; 28; 46; 48; 49; 50; 51; 75; 76; 77; 79; 83; 87; 94; 95; 96; 99; 100; 101; 102; 113; 114; 115; 117; 118; 121; 122; 125; 130; 131; 195; 196; 197; 198; 228; 229; 231; 232; 233; 234; 235; 236; 237; 238; 239; 240; 241; 245; 246; 247; 248; 249; 254; 279; 283; 320; 321; 322; 323; 324; 351; 356; 362; 363; 364; 365; 366; 367
ACTB,ACTG2,Actin-related protein 2/3 complex subunit 3,14,14,22,0,0,0.0,0.0,,0,0,,4; 5; 46; 47; 48; 49; 87; 91; 92; 95; 97; 99; 125; 126; 128; 350; 351; 353; 354; 355; 361; 373
ACTB,ACTG2,Actin-related protein 2/3 complex subunit 4,14,14,30,0,0,0.0,0.0,,0,0,,21; 28; 50; 51; 52; 79; 80; 83; 84; 87; 90; 91; 92; 93; 94; 95; 96; 97; 98; 99; 100; 101; 118; 121; 122; 125; 126; 127; 128; 359
ACTB,ACTG2,Actin-related protein 2/3 complex subunit 5-like protein,14,14,8,1,1,0.07142857142857142,0.125,29.9,1,1,40,37; 38; 39; 40; 41; 51; 66; 68
ACTB,ACTG2,Actin-related protein 3,14,14,76,3,3,0.21428571428571427,0.039473684210526314,30.573333333333334,3,8,40; 117; 371,37; 38; 39; 40; 41; 42; 43; 44; 45; 46; 47; 48; 49; 50; 51; 53; 60; 61; 62; 63; 64; 65; 117; 121; 124; 125; 128; 133; 143; 198; 200; 202; 204; 205; 208; 224; 227; 228; 230; 231; 232; 233; 234; 237; 238; 239; 240; 241; 242; 243; 244; 245; 246; 247; 248; 249; 346; 351; 354; 355; 359; 360; 361; 362; 363; 364; 365; 366; 367; 368; 369; 371; 372; 373; 374; 375
ACTB,ACTG2,Adducin 1,14,14,88,6,6,0.42857142857142855,0.06818181818181818,21.395833333333332,6,12,24; 40; 56; 290; 305; 371,4; 5; 6; 16; 21; 23; 24; 25; 26; 27; 28; 29; 30; 38; 39; 40; 41; 42; 43; 44; 45; 46; 47; 48; 49; 50; 51; 56; 93; 95; 96; 97; 100; 101; 133; 143; 144; 145; 146; 147; 148; 149; 166; 167; 168; 169; 173; 214; 215; 222; 224; 225; 228; 279; 280; 283; 284; 285; 286; 287; 288; 290; 292; 295; 296; 305; 332; 333; 334; 336; 337; 340; 341; 344; 345; 346; 348; 349; 350; 351; 352; 354; 355; 371; 372; 373; 374; 375
ACTB,ACTG2,Adenylyl cyclase-associated protein 1,14,14,49,3,3,0.21428571428571427,0.061224489795918366,24.29444444444444,3,9,40; 56; 195,32; 40; 43; 44; 45; 46; 47; 48; 49; 50; 53; 56; 57; 59; 60; 61; 62; 63; 64; 65; 88; 91; 92; 93; 95; 188; 191; 195; 202; 203; 204; 205; 207; 208; 210; 211; 215; 240; 241; 242; 243; 244; 245; 256; 265; 266; 267; 268; 270
ACTB,ACTG2,Afadin,14,14,10,1,1,0.07142857142857142,0.1,64.1,1,1,24,6; 21; 22; 23; 24; 25; 28; 348; 349; 350
ACTB,ACTG2,Alpha-catenin-like protein hmp-1,14,14,55,1,1,0.07142857142857142,0.01818181818181818,29.82,1,10,24,21; 23; 24; 25; 26; 27; 28; 29; 30; 44; 45; 46; 47; 48; 49; 50; 51; 52; 53; 54; 57; 84; 87; 88; 91; 92; 93; 94; 95; 96; 97; 99; 100; 142; 143; 144; 145; 146; 147; 148; 296; 328; 330; 332; 333; 334; 336; 337; 341; 344; 345; 348; 349; 350; 351
ACTB,ACTG2,Beta-adducin,14,14,132,8,8,0.5714285714285714,0.06060606060606061,32.793749999999996,8,11,24; 40; 56; 117; 195; 290; 305; 371,5; 6; 16; 21; 23; 24; 25; 26; 27; 28; 29; 30; 38; 39; 40; 41; 42; 43; 44; 45; 46; 47; 48; 49; 50; 51; 56; 95; 96; 97; 100; 101; 113; 114; 117; 118; 121; 124; 125; 126; 128; 133; 143; 144; 145; 146; 147; 148; 149; 167; 168; 169; 172; 188; 195; 196; 214; 223; 224; 227; 228; 230; 231; 232; 233; 234; 236; 237; 251; 252; 253; 256; 263; 265; 266; 279; 283; 287; 288; 290; 291; 292; 295; 296; 305; 310; 311; 314; 318; 319; 320; 321; 322; 323; 324; 326; 327; 328; 329; 330; 331; 332; 333; 334; 336; 337; 338; 340; 341; 344; 345; 346; 348; 349; 350; 351; 352; 354; 355; 359; 362; 363; 364; 365; 366; 367; 368; 371; 372; 373; 374; 375
ACTB,ACTG2,Catenin alpha-1,14,14,78,3,3,0.21428571428571427,0.038461538461538464,20.182142857142857,3,35,24; 56; 305,21; 23; 24; 25; 26; 27; 28; 29; 30; 44; 45; 46; 47; 48; 49; 50; 51; 52; 53; 56; 57; 59; 60; 61; 62; 84; 87; 91; 92; 93; 94; 95; 96; 97; 99; 126; 127; 142; 143; 144; 145; 146; 147; 148; 149; 167; 169; 211; 215; 216; 238; 239; 240; 241; 242; 243; 247; 288; 291; 296; 305; 324; 328; 329; 330; 331; 332; 333; 334; 336; 337; 341; 344; 345; 348; 349; 350; 351
ACTB,ACTG2,Cell invasion protein SipA,14,14,134,7,7,0.5,0.05223880597014925,33.79092025699169,7,91,40; 117; 195; 197; 206; 290; 371,37; 38; 39; 40; 41; 42; 43; 44; 45; 46; 47; 48; 49; 51; 66; 67; 68; 69; 70; 71; 72; 73; 75; 76; 77; 78; 79; 80; 83; 84; 112; 113; 114; 117; 118; 121; 125; 126; 133; 139; 143; 158; 169; 170; 172; 173; 179; 183; 184; 187; 195; 196; 197; 198; 199; 200; 201; 202; 203; 204; 205; 206; 208; 222; 223; 224; 225; 227; 228; 230; 231; 232; 233; 234; 237; 239; 242; 243; 244; 246; 247; 248; 249; 251; 252; 253; 256; 263; 265; 266; 267; 268; 269; 270; 271; 275; 276; 279; 280; 283; 284; 285; 286; 287; 288; 290; 312; 315; 316; 318; 319; 320; 321; 322; 323; 346; 351; 352; 354; 355; 361; 362; 363; 364; 365; 366; 367; 368; 369; 371; 372; 373; 374; 375
ACTB,ACTG2,Cofilin,14,14,82,3,3,0.21428571428571427,0.036585365853658534,28.412820512820513,3,54,24; 56; 305,16; 23; 24; 25; 26; 27; 28; 29; 30; 31; 32; 46; 47; 48; 49; 50; 53; 56; 57; 59; 60; 61; 88; 91; 92; 93; 94; 95; 96; 97; 100; 133; 134; 135; 136; 139; 140; 143; 144; 145; 146; 147; 148; 149; 157; 166; 167; 168; 169; 207; 210; 211; 214; 215; 288; 291; 292; 296; 305; 326; 328; 330; 331; 332; 333; 334; 336; 337; 338; 341; 342; 344; 345; 346; 348; 349; 350; 351; 352; 354; 355; 375
ACTB,ACTG2,Cofilin (UNC-60B),14,14,71,2,2,0.14285714285714285,0.028169014084507043,36.1,2,12,56; 305,16; 23; 25; 26; 27; 28; 29; 30; 31; 32; 47; 49; 50; 53; 56; 57; 59; 60; 61; 91; 92; 93; 94; 95; 96; 97; 100; 133; 135; 139; 140; 143; 144; 145; 146; 147; 148; 149; 167; 168; 169; 207; 210; 211; 214; 215; 291; 296; 305; 326; 328; 330; 332; 333; 334; 336; 337; 338; 341; 342; 344; 345; 346; 348; 349; 350; 351; 352; 354; 355; 375
ACTB,ACTG2,Cofilin-1,14,14,76,3,3,0.21428571428571427,0.039473684210526314,16.096060823754787,3,64,24; 56; 305,21; 23; 24; 25; 26; 27; 28; 29; 30; 31; 44; 45; 50; 51; 53; 56; 57; 60; 61; 87; 88; 91; 92; 93; 94; 95; 96; 97; 99; 100; 101; 133; 140; 142; 143; 144; 145; 146; 147; 148; 149; 166; 167; 168; 169; 214; 215; 288; 291; 292; 295; 296; 305; 326; 328; 330; 331; 332; 333; 334; 336; 337; 338; 341; 342; 343; 345; 346; 348; 349; 350; 351; 352; 354; 355; 375
ACTB,ACTG2,Cofilin-2,14,14,77,3,3,0.21428571428571427,0.03896103896103896,10.16388888888889,3,54,24; 56; 305,4; 5; 21; 23; 24; 25; 26; 27; 28; 29; 30; 31; 50; 53; 56; 57; 60; 61; 88; 91; 92; 93; 94; 95; 96; 97; 99; 100; 101; 133; 134; 135; 136; 139; 140; 143; 144; 145; 146; 147; 148; 149; 166; 167; 168; 169; 214; 215; 291; 292; 295; 296; 305; 326; 328; 330; 331; 332; 333; 334; 336; 337; 338; 341; 342; 345; 346; 348; 349; 350; 351; 352; 353; 354; 355; 374; 375
ACTB,ACTG2,"Coronin-1B,Methylated-DNA--protein-cysteine methyltransferase",14,14,98,2,2,0.14285714285714285,0.02040816326530612,8.616666666666665,2,4,40; 117,6; 37; 38; 39; 40; 41; 42; 49; 50; 51; 52; 66; 68; 75; 76; 77; 78; 79; 80; 81; 83; 84; 87; 91; 92; 95; 96; 97; 99; 100; 101; 102; 114; 115; 117; 118; 121; 122; 124; 125; 126; 127; 128; 130; 131; 169; 196; 198; 222; 224; 225; 230; 231; 232; 233; 234; 235; 237; 239; 246; 247; 248; 249; 250; 251; 252; 265; 270; 279; 315; 316; 318; 319; 320; 321; 322; 323; 350; 351; 353; 354; 355; 356; 357; 358; 359; 360; 361; 362; 363; 364; 365; 366; 367; 368; 369; 372; 373
ACTB,ACTG2,Dematin actin binding protein,14,14,125,4,4,0.2857142857142857,0.032,32.87708333333333,4,27,24; 40; 305; 371,2; 3; 4; 5; 6; 21; 22; 23; 24; 25; 26; 27; 28; 38; 39; 40; 41; 42; 43; 44; 45; 46; 47; 48; 49; 50; 51; 95; 96; 97; 99; 100; 101; 102; 121; 125; 130; 131; 133; 143; 144; 145; 146; 147; 168; 169; 172; 215; 216; 218; 219; 221; 222; 223; 224; 226; 229; 230; 231; 232; 233; 234; 235; 237; 238; 239; 240; 241; 247; 249; 259; 262; 263; 264; 265; 266; 268; 269; 270; 271; 272; 273; 275; 276; 305; 307; 308; 312; 315; 316; 318; 319; 320; 330; 332; 333; 334; 337; 340; 341; 344; 345; 347; 348; 350; 351; 353; 354; 355; 356; 358; 359; 360; 361; 362; 363; 364; 365; 366; 367; 371; 372; 373; 374; 375
ACTB,ACTG2,Epididymis secretory protein Li 37,14,14,43,2,2,0.14285714285714285,0.046511627906976744,3.1805555555555554,2,13,24; 56,23; 24; 25; 44; 45; 46; 47; 48; 49; 50; 51; 52; 53; 54; 56; 57; 61; 84; 87; 88; 91; 92; 93; 95; 96; 97; 98; 99; 100; 143; 144; 146; 147; 148; 167; 334; 341; 344; 345; 348; 349; 350; 351
ACTB,ACTG2,F-actin-capping protein subunit alpha-1,14,14,46,2,2,0.14285714285714285,0.043478260869565216,35.79,2,10,290; 371,116; 133; 139; 143; 146; 147; 148; 166; 167; 168; 169; 170; 171; 172; 173; 263; 265; 266; 268; 269; 270; 271; 272; 283; 284; 285; 286; 287; 288; 289; 290; 342; 345; 346; 349; 350; 351; 352; 354; 355; 369; 371; 372; 373; 374; 375
ACTB,ACTG2,F-actin-capping protein subunit beta,14,14,45,2,2,0.14285714285714285,0.044444444444444446,7.0,2,2,290; 371,113; 133; 139; 142; 143; 146; 147; 148; 166; 167; 168; 169; 173; 176; 224; 272; 276; 279; 280; 283; 284; 285; 286; 287; 288; 290; 320; 345; 346; 348; 349; 350; 351; 352; 354; 355; 364; 365; 368; 369; 371; 372; 373; 374; 375
ACTB,ACTG2,Filamin-A,14,14,58,2,2,0.14285714285714285,0.034482758620689655,22.939999999999998,2,10,24; 56,21; 24; 25; 26; 27; 28; 29; 30; 31; 44; 45; 46; 47; 48; 49; 50; 52; 53; 54; 56; 57; 60; 61; 83; 84; 87; 88; 91; 92; 93; 94; 95; 96; 97; 98; 100; 126; 142; 143; 144; 145; 146; 147; 148; 149; 167; 333; 334; 335; 336; 337; 341; 345; 348; 349; 350; 351; 354
ACTB,ACTG2,Gelsolin,14,14,119,3,3,0.21428571428571427,0.025210084033613446,42.87083333333334,3,29,24; 40; 56,2; 3; 4; 22; 23; 24; 25; 26; 27; 28; 29; 30; 31; 37; 38; 39; 40; 41; 42; 43; 44; 45; 46; 47; 48; 49; 50; 51; 52; 54; 56; 57; 60; 61; 66; 68; 84; 87; 88; 91; 92; 93; 95; 96; 97; 98; 99; 100; 126; 127; 128; 133; 140; 142; 143; 144; 145; 146; 147; 148; 149; 166; 167; 168; 169; 221; 222; 223; 224; 259; 262; 263; 264; 265; 266; 269; 270; 271; 272; 273; 275; 276; 291; 292; 295; 296; 311; 312; 314; 315; 316; 318; 319; 326; 328; 329; 330; 332; 334; 337; 338; 340; 341; 342; 344; 345; 346; 348; 349; 350; 351; 352; 353; 354; 355; 372; 373; 374; 375
ACTB,ACTG2,Inositol-trisphosphate 3-kinase A,14,14,37,1,1,0.07142857142857142,0.02702702702702703,15.057142857142859,1,7,24,22; 23; 24; 25; 26; 44; 45; 46; 47; 48; 49; 50; 51; 53; 87; 91; 92; 142; 143; 144; 145; 146; 147; 148; 167; 332; 333; 334; 337; 340; 341; 344; 345; 348; 349; 350; 351
ACTB,ACTG2,Inverted formin-2,14,14,112,2,2,0.14285714285714285,0.017857142857142856,47.1375,2,11,24; 117,5; 6; 21; 22; 23; 24; 25; 26; 27; 28; 44; 45; 46; 47; 48; 49; 50; 79; 80; 83; 87; 91; 92; 93; 94; 95; 96; 98; 99; 101; 114; 117; 118; 121; 122; 124; 125; 126; 127; 128; 130; 131; 142; 143; 144; 145; 146; 147; 148; 149; 166; 167; 168; 169; 216; 229; 231; 232; 233; 234; 235; 237; 238; 239; 240; 241; 242; 243; 244; 245; 247; 249; 291; 292; 295; 296; 322; 323; 324; 325; 326; 327; 328; 330; 332; 334; 341; 344; 345; 346; 348; 349; 350; 351; 352; 353; 354; 355; 356; 358; 359; 360; 361; 362; 363; 364; 365; 366; 367; 368; 369; 373
ACTB,ACTG2,Isoform 2 of F-actin-capping protein subunit beta,14,14,46,1,1,0.07142857142857142,0.021739130434782608,6.1,1,1,290,110; 133; 136; 139; 143; 145; 146; 147; 148; 166; 167; 168; 169; 170; 171; 172; 173; 176; 224; 272; 276; 277; 279; 280; 283; 284; 285; 286; 288; 290; 320; 345; 346; 348; 349; 350; 351; 352; 354; 355; 361; 364; 369; 372; 373; 375
ACTB,ACTG2,"Isoform A2 of Troponin T, cardiac muscle",14,14,36,1,1,0.07142857142857142,0.027777777777777776,15.15,1,2,371,25; 41; 42; 43; 44; 45; 46; 47; 48; 49; 50; 133; 136; 143; 144; 145; 146; 147; 148; 167; 168; 332; 333; 334; 341; 345; 349; 350; 351; 352; 354; 355; 371; 372; 373; 375
ACTB,ACTG2,Leiomodin-2,14,14,93,6,6,0.42857142857142855,0.06451612903225806,34.44444444444445,6,14,40; 117; 195; 197; 290; 371,37; 38; 39; 40; 41; 42; 43; 44; 45; 46; 47; 48; 49; 50; 51; 52; 66; 68; 69; 70; 72; 75; 76; 77; 78; 79; 80; 81; 83; 84; 112; 114; 117; 118; 121; 122; 124; 125; 126; 167; 168; 169; 195; 196; 197; 198; 199; 224; 244; 245; 246; 247; 248; 249; 262; 263; 264; 265; 269; 270; 271; 272; 273; 275; 276; 279; 280; 283; 290; 318; 319; 320; 321; 322; 323; 349; 351; 352; 354; 355; 359; 361; 362; 363; 364; 365; 366; 367; 369; 371; 372; 373; 374
ACTB,ACTG2,"Maltose/maltodextrin-binding periplasmic protein,Adenylate cyclase ExoY",14,14,53,3,3,0.21428571428571427,0.05660377358490566,48.300000000000004,3,15,24; 56; 305,16; 21; 23; 24; 25; 26; 27; 28; 29; 30; 31; 32; 44; 45; 46; 47; 56; 57; 59; 87; 90; 91; 92; 93; 94; 95; 96; 97; 99; 128; 142; 143; 144; 145; 146; 147; 148; 210; 211; 214; 305; 333; 334; 335; 336; 337; 341; 344; 345; 348; 349; 350; 351
ACTB,ACTG2,"Maltose/maltodextrin-binding periplasmic protein,TccC3",14,14,44,1,1,0.07142857142857142,0.022727272727272728,27.2,1,1,56,25; 44; 45; 46; 47; 48; 49; 50; 53; 56; 57; 60; 61; 88; 92; 93; 95; 142; 143; 144; 145; 146; 147; 148; 149; 167; 168; 291; 292; 295; 296; 326; 328; 329; 330; 332; 333; 334; 341; 345; 348; 349; 350; 351
ACTB,ACTG2,Myosin heavy chain 4,14,14,52,3,3,0.21428571428571427,0.057692307692307696,28.875555555555554,3,17,24; 56; 305,5; 6; 21; 22; 23; 24; 25; 26; 27; 28; 29; 30; 44; 45; 46; 47; 48; 49; 50; 56; 94; 95; 96; 101; 142; 143; 145; 146; 147; 148; 305; 310; 311; 314; 328; 329; 330; 331; 332; 333; 334; 336; 337; 341; 344; 345; 348; 349; 350; 351; 353; 354
ACTB,ACTG2,"Myosin-14,Alpha-actinin A",14,14,53,3,3,0.21428571428571427,0.05660377358490566,36.666666666666664,3,6,24; 56; 305,3; 4; 22; 23; 24; 25; 26; 27; 28; 29; 30; 44; 45; 46; 47; 48; 49; 50; 56; 91; 93; 95; 96; 97; 100; 142; 143; 144; 145; 146; 147; 148; 167; 168; 305; 314; 328; 329; 330; 332; 333; 334; 337; 341; 344; 345; 348; 349; 350; 351; 352; 353; 354
ACTB,ACTG2,Myosin-6,14,14,42,3,3,0.21428571428571427,0.07142857142857142,13.444444444444445,3,18,24; 56; 305,23; 24; 25; 26; 27; 28; 29; 30; 44; 45; 46; 47; 48; 56; 93; 94; 95; 96; 142; 143; 146; 147; 148; 305; 311; 314; 328; 330; 332; 333; 334; 336; 337; 341; 344; 345; 348; 349; 350; 351; 353; 354
ACTB,ACTG2,Myosin-7,14,14,54,3,3,0.21428571428571427,0.05555555555555555,32.318518518518516,3,31,24; 56; 305,6; 21; 22; 23; 24; 25; 26; 27; 28; 29; 30; 44; 45; 46; 47; 48; 49; 50; 56; 93; 94; 95; 96; 97; 101; 142; 143; 145; 146; 147; 148; 149; 296; 305; 311; 314; 328; 329; 330; 331; 332; 333; 334; 336; 337; 341; 344; 345; 348; 349; 350; 351; 353; 354
ACTB,ACTG2,Myosin-A,14,14,49,2,2,0.14285714285714285,0.04081632653061224,31.799999999999997,2,2,24; 305,6; 23; 24; 25; 26; 27; 28; 30; 44; 45; 46; 47; 48; 49; 50; 57; 87; 91; 92; 95; 96; 97; 142; 143; 145; 146; 147; 148; 167; 305; 328; 329; 330; 331; 332; 333; 334; 335; 336; 337; 341; 344; 345; 348; 349; 350; 351; 353; 354
ACTB,ACTG2,Plastin-3,14,14,46,1,1,0.07142857142857142,0.021739130434782608,6.166666666666667,1,3,24,5; 23; 24; 25; 44; 45; 46; 47; 49; 50; 51; 52; 53; 54; 57; 61; 84; 87; 88; 90; 91; 92; 93; 94; 95; 96; 97; 98; 99; 100; 101; 143; 144; 146; 147; 148; 167; 169; 334; 341; 344; 345; 348; 349; 350; 351
ACTB,ACTG2,Profilin-1,14,14,29,2,2,0.14285714285714285,0.06896551724137931,39.1,2,2,290; 371,113; 116; 133; 136; 166; 167; 169; 170; 171; 172; 173; 284; 285; 286; 287; 288; 289; 290; 354; 355; 361; 365; 368; 369; 371; 372; 373; 374; 375
ACTB,ACTG2,Protein diaphanous homolog 1,14,14,66,2,2,0.14285714285714285,0.030303030303030304,31.7,2,5,7; 24,5; 6; 7; 22; 23; 24; 25; 44; 45; 46; 47; 48; 50; 61; 80; 83; 118; 121; 125; 126; 128; 143; 144; 145; 146; 147; 148; 149; 166; 167; 168; 169; 233; 234; 239; 292; 296; 318; 319; 321; 323; 324; 326; 328; 330; 340; 341; 344; 345; 346; 347; 348; 349; 350; 351; 352; 353; 355; 359; 362; 363; 364; 365; 366; 367; 372
ACTB,ACTG2,Spectrin beta chain,14,14,76,3,3,0.21428571428571427,0.039473684210526314,42.342619047619046,3,40,24; 56; 305,2; 3; 21; 23; 24; 25; 26; 27; 28; 29; 30; 31; 44; 45; 46; 47; 48; 49; 50; 51; 52; 53; 54; 56; 57; 58; 61; 83; 84; 87; 88; 90; 91; 92; 93; 94; 95; 96; 97; 98; 99; 100; 124; 125; 128; 142; 143; 144; 145; 146; 147; 148; 167; 214; 215; 305; 306; 307; 308; 309; 331; 332; 333; 334; 335; 336; 337; 341; 345; 348; 349; 350; 351; 359; 362; 363
ACTB,ACTG2,Src substrate cortactin,14,14,65,2,2,0.14285714285714285,0.03076923076923077,67.625,2,3,56; 305,16; 18; 26; 27; 28; 29; 30; 31; 32; 45; 46; 47; 48; 56; 57; 59; 60; 61; 62; 144; 145; 146; 147; 148; 149; 166; 167; 207; 208; 210; 211; 214; 215; 217; 221; 240; 241; 242; 243; 288; 289; 291; 292; 295; 296; 298; 302; 305; 306; 307; 308; 309; 310; 311; 314; 328; 329; 330; 331; 332; 333; 334; 335; 336; 337
ACTB,ACTG2,Talin-1,14,14,72,1,1,0.07142857142857142,0.013888888888888888,20.166666666666668,1,3,24,3; 4; 5; 23; 24; 25; 44; 45; 46; 47; 48; 49; 50; 51; 52; 53; 57; 83; 84; 87; 91; 92; 97; 98; 99; 100; 101; 102; 121; 124; 125; 126; 127; 128; 129; 130; 131; 143; 144; 145; 146; 147; 148; 328; 329; 330; 331; 332; 333; 334; 340; 341; 344; 345; 348; 349; 350; 351; 353; 354; 356; 358; 359; 360; 361; 362; 363; 364; 365; 366; 367; 373
ACTB,ACTG2,Tropomodulin-1,14,14,132,6,6,0.42857142857142855,0.045454545454545456,37.56527777777777,6,18,40; 56; 117; 195; 197; 305,32; 37; 38; 39; 40; 41; 42; 43; 44; 45; 46; 47; 48; 49; 50; 51; 52; 53; 54; 56; 57; 59; 60; 61; 62; 63; 64; 66; 68; 69; 72; 75; 76; 77; 78; 79; 80; 81; 83; 84; 87; 88; 91; 92; 93; 95; 98; 99; 112; 114; 117; 118; 121; 122; 124; 125; 126; 127; 128; 195; 196; 197; 198; 199; 200; 201; 202; 204; 205; 207; 208; 210; 211; 213; 214; 215; 216; 217; 218; 219; 220; 221; 224; 226; 232; 233; 235; 236; 238; 239; 240; 241; 242; 243; 244; 245; 246; 247; 248; 249; 254; 262; 263; 264; 265; 266; 273; 275; 276; 279; 283; 294; 305; 306; 307; 308; 311; 316; 318; 319; 320; 321; 322; 323; 335; 359; 362; 363; 364; 365; 366; 367
ACTB,ACTG2,Tropomyosin alpha-1 chain,14,14,35,0,0,0.0,0.0,,0,0,,25; 147; 215; 216; 217; 218; 219; 220; 221; 222; 225; 226; 235; 236; 238; 241; 254; 291; 295; 307; 308; 311; 314; 315; 318; 323; 324; 325; 326; 327; 328; 329; 330; 333; 334
ACTB,ACTG2,Tropomyosin beta chain,14,14,11,0,0,0.0,0.0,,0,0,,218; 219; 220; 221; 222; 226; 238; 254; 307; 308; 311
ACTB,ACTG2,Tropomyosin-1.9,14,14,17,1,1,0.07142857142857142,0.058823529411764705,20.35,1,2,24,24; 25; 26; 27; 30; 144; 145; 147; 326; 328; 330; 332; 333; 334; 337; 341; 345
ACTB,ACTG2,"Troponin T2, cardiac type",14,14,34,2,2,0.14285714285714285,0.058823529411764705,16.4,2,4,24; 371,24; 25; 41; 42; 43; 44; 45; 46; 47; 48; 49; 51; 133; 143; 144; 145; 146; 147; 148; 332; 333; 334; 341; 345; 349; 351; 352; 354; 355; 371; 372; 373; 374; 375
ACTB,ACTG2,Unconventional myosin-Ib,14,14,66,3,3,0.21428571428571427,0.045454545454545456,33.19444444444444,3,6,24; 56; 305,2; 4; 6; 21; 22; 23; 24; 25; 26; 27; 28; 29; 30; 31; 44; 45; 46; 47; 48; 49; 50; 51; 56; 87; 91; 92; 93; 95; 96; 97; 98; 99; 100; 127; 128; 142; 143; 144; 145; 146; 147; 148; 305; 310; 311; 314; 327; 328; 329; 330; 331; 332; 333; 334; 335; 336; 337; 341; 344; 345; 348; 349; 350; 351; 353; 354
ACTB,ACTG2,Utrophin,14,14,51,2,2,0.14285714285714285,0.0392156862745098,26.0,2,6,24; 56,21; 24; 25; 26; 27; 28; 29; 30; 31; 44; 45; 46; 47; 48; 49; 50; 51; 52; 53; 54; 56; 57; 61; 84; 87; 88; 91; 92; 93; 94; 95; 96; 97; 98; 99; 143; 144; 146; 147; 148; 149; 167; 333; 334; 337; 341; 345; 348; 349; 350; 351
ACTB,ACTG2,Vibrio VopV,14,14,95,5,5,0.35714285714285715,0.05263157894736842,48.001636363636365,5,43,117; 195; 197; 206; 290,35; 37; 38; 39; 66; 67; 68; 69; 70; 71; 72; 73; 75; 76; 77; 78; 79; 80; 81; 110; 111; 112; 114; 115; 117; 118; 121; 125; 173; 176; 177; 179; 183; 184; 187; 190; 194; 195; 196; 197; 198; 199; 200; 201; 202; 203; 205; 206; 239; 240; 241; 242; 244; 245; 246; 247; 248; 249; 262; 263; 264; 265; 267; 268; 269; 270; 271; 272; 273; 275; 276; 279; 280; 283; 284; 285; 286; 287; 290; 294; 318; 319; 320; 321; 322; 323; 324; 359; 362; 363; 364; 365; 366; 367; 368
ACTB,ACTG2,Vinculin,14,14,65,1,1,0.07142857142857142,0.015384615384615385,13.95,1,2,24,5; 23; 24; 25; 26; 44; 45; 46; 47; 48; 49; 50; 51; 52; 53; 57; 61; 80; 83; 84; 87; 88; 91; 92; 93; 95; 96; 97; 99; 100; 102; 126; 127; 130; 131; 142; 143; 144; 145; 146; 147; 148; 296; 328; 330; 331; 332; 333; 334; 337; 341; 344; 345; 348; 349; 350; 351; 353; 354; 355; 356; 358; 360; 361; 373
ACTB,ACTG2,VopV,14,14,85,4,4,0.2857142857142857,0.047058823529411764,52.3092803030303,4,46,117; 197; 206; 290,35; 37; 39; 63; 66; 67; 68; 69; 70; 71; 72; 73; 75; 76; 77; 78; 79; 81; 84; 110; 111; 112; 114; 115; 117; 118; 121; 125; 126; 128; 173; 176; 177; 179; 183; 187; 194; 196; 197; 198; 199; 200; 201; 202; 203; 204; 205; 206; 239; 241; 242; 244; 245; 246; 247; 248; 249; 268; 269; 270; 271; 272; 276; 279; 280; 283; 284; 285; 286; 287; 288; 290; 318; 319; 320; 321; 322; 323; 324; 362; 363; 364; 365; 366; 367
ACTB,ACTG2,"WD repeat-containing protein 1,Methylated-DNA--protein-cysteine methyltransferase",14,14,52,0,0,0.0,0.0,,0,0,,166; 169; 171; 221; 222; 224; 225; 226; 228; 229; 230; 232; 233; 234; 235; 238; 270; 276; 311; 314; 315; 316; 318; 319; 320; 321; 322; 323; 324; 325; 326; 327; 328; 330; 353; 354; 355; 356; 358; 360; 361; 362; 363; 364; 365; 366; 367; 368; 369; 372; 373; 375
ACTB,ACTG2,beta-cardiac myosin II,14,14,38,2,2,0.14285714285714285,0.05263157894736842,42.55,2,2,24; 56,22; 23; 24; 25; 26; 27; 28; 29; 30; 44; 45; 46; 47; 48; 56; 142; 143; 145; 146; 147; 148; 311; 314; 328; 329; 330; 332; 333; 334; 337; 341; 344; 345; 348; 349; 350; 351; 354
ACTC1,ACTA1,Actin-interacting protein 1,1,1,82,0,0,0.0,0.0,,0,0,,37; 38; 39; 40; 41; 43; 44; 45; 46; 47; 48; 49; 50; 51; 52; 53; 64; 66; 68; 78; 79; 80; 83; 84; 87; 118; 122; 125; 126; 128; 166; 167; 169; 221; 222; 224; 225; 226; 228; 229; 230; 232; 233; 234; 235; 238; 254; 276; 307; 308; 310; 311; 314; 315; 318; 319; 320; 321; 323; 324; 325; 326; 327; 328; 329; 330; 354; 355; 358; 360; 361; 362; 363; 364; 365; 366; 367; 368; 369; 372; 373; 375
ACTC1,ACTA1,Actin-related protein 2,1,1,52,0,0,0.0,0.0,,0,0,,38; 39; 40; 41; 42; 43; 44; 45; 46; 47; 48; 49; 50; 53; 60; 61; 62; 63; 64; 65; 66; 67; 188; 191; 192; 194; 195; 196; 197; 199; 200; 201; 202; 203; 204; 205; 208; 227; 230; 231; 241; 242; 243; 244; 245; 246; 247; 252; 266; 267; 268; 270
ACTC1,ACTA1,Actin-related protein 2/3 complex subunit 1,1,1,27,0,0,0.0,0.0,,0,0,,4; 23; 24; 25; 44; 45; 46; 47; 48; 142; 143; 144; 145; 146; 147; 148; 333; 334; 340; 341; 344; 345; 348; 349; 350; 351; 352
ACTC1,ACTA1,Actin-related protein 2/3 complex subunit 1B,1,1,22,0,0,0.0,0.0,,0,0,,23; 24; 25; 44; 45; 46; 47; 48; 142; 143; 144; 145; 146; 147; 148; 341; 344; 345; 348; 349; 350; 351
ACTC1,ACTA1,Actin-related protein 2/3 complex subunit 2,1,1,76,1,1,1.0,0.013157894736842105,3.425,1,4,99,4; 5; 6; 7; 8; 21; 22; 23; 24; 28; 46; 48; 49; 50; 51; 75; 76; 77; 79; 83; 87; 94; 95; 96; 99; 100; 101; 102; 113; 114; 115; 117; 118; 121; 122; 125; 130; 131; 195; 196; 197; 198; 228; 229; 231; 232; 233; 234; 235; 236; 237; 238; 239; 240; 241; 245; 246; 247; 248; 249; 254; 279; 283; 320; 321; 322; 323; 324; 351; 356; 362; 363; 364; 365; 366; 367
ACTC1,ACTA1,Actin-related protein 2/3 complex subunit 3,1,1,22,1,1,1.0,0.045454545454545456,25.3,1,3,99,4; 5; 46; 47; 48; 49; 87; 91; 92; 95; 97; 99; 125; 126; 128; 350; 351; 353; 354; 355; 361; 373
ACTC1,ACTA1,Actin-related protein 2/3 complex subunit 4,1,1,30,1,1,1.0,0.03333333333333333,54.46,1,5,99,21; 28; 50; 51; 52; 79; 80; 83; 84; 87; 90; 91; 92; 93; 94; 95; 96; 97; 98; 99; 100; 101; 118; 121; 122; 125; 126; 127; 128; 359
ACTC1,ACTA1,Actin-related protein 2/3 complex subunit 5-like protein,1,1,8,0,0,0.0,0.0,,0,0,,37; 38; 39; 40; 41; 51; 66; 68
ACTC1,ACTA1,Actin-related protein 3,1,1,76,0,0,0.0,0.0,,0,0,,37; 38; 39; 40; 41; 42; 43; 44; 45; 46; 47; 48; 49; 50; 51; 53; 60; 61; 62; 63; 64; 65; 117; 121; 124; 125; 128; 133; 143; 198; 200; 202; 204; 205; 208; 224; 227; 228; 230; 231; 232; 233; 234; 237; 238; 239; 240; 241; 242; 243; 244; 245; 246; 247; 248; 249; 346; 351; 354; 355; 359; 360; 361; 362; 363; 364; 365; 366; 367; 368; 369; 371; 372; 373; 374; 375
ACTC1,ACTA1,Adducin 1,1,1,88,0,0,0.0,0.0,,0,0,,4; 5; 6; 16; 21; 23; 24; 25; 26; 27; 28; 29; 30; 38; 39; 40; 41; 42; 43; 44; 45; 46; 47; 48; 49; 50; 51; 56; 93; 95; 96; 97; 100; 101; 133; 143; 144; 145; 146; 147; 148; 149; 166; 167; 168; 169; 173; 214; 215; 222; 224; 225; 228; 279; 280; 283; 284; 285; 286; 287; 288; 290; 292; 295; 296; 305; 332; 333; 334; 336; 337; 340; 341; 344; 345; 346; 348; 349; 350; 351; 352; 354; 355; 371; 372; 373; 374; 375
ACTC1,ACTA1,Adenylyl cyclase-associated protein 1,1,1,49,0,0,0.0,0.0,,0,0,,32; 40; 43; 44; 45; 46; 47; 48; 49; 50; 53; 56; 57; 59; 60; 61; 62; 63; 64; 65; 88; 91; 92; 93; 95; 188; 191; 195; 202; 203; 204; 205; 207; 208; 210; 211; 215; 240; 241; 242; 243; 244; 245; 256; 265; 266; 267; 268; 270
ACTC1,ACTA1,Afadin,1,1,10,0,0,0.0,0.0,,0,0,,6; 21; 22; 23; 24; 25; 28; 348; 349; 350
ACTC1,ACTA1,Alpha-catenin-like protein hmp-1,1,1,55,1,1,1.0,0.01818181818181818,13.84,1,5,99,21; 23; 24; 25; 26; 27; 28; 29; 30; 44; 45; 46; 47; 48; 49; 50; 51; 52; 53; 54; 57; 84; 87; 88; 91; 92; 93; 94; 95; 96; 97; 99; 100; 142; 143; 144; 145; 146; 147; 148; 296; 328; 330; 332; 333; 334; 336; 337; 341; 344; 345; 348; 349; 350; 351
ACTC1,ACTA1,Beta-adducin,1,1,132,0,0,0.0,0.0,,0,0,,5; 6; 16; 21; 23; 24; 25; 26; 27; 28; 29; 30; 38; 39; 40; 41; 42; 43; 44; 45; 46; 47; 48; 49; 50; 51; 56; 95; 96; 97; 100; 101; 113; 114; 117; 118; 121; 124; 125; 126; 128; 133; 143; 144; 145; 146; 147; 148; 149; 167; 168; 169; 172; 188; 195; 196; 214; 223; 224; 227; 228; 230; 231; 232; 233; 234; 236; 237; 251; 252; 253; 256; 263; 265; 266; 279; 283; 287; 288; 290; 291; 292; 295; 296; 305; 310; 311; 314; 318; 319; 320; 321; 322; 323; 324; 326; 327; 328; 329; 330; 331; 332; 333; 334; 336; 337; 338; 340; 341; 344; 345; 346; 348; 349; 350; 351; 352; 354; 355; 359; 362; 363; 364; 365; 366; 367; 368; 371; 372; 373; 374; 375
ACTC1,ACTA1,Catenin alpha-1,1,1,78,1,1,1.0,0.01282051282051282,5.93076923076923,1,13,99,21; 23; 24; 25; 26; 27; 28; 29; 30; 44; 45; 46; 47; 48; 49; 50; 51; 52; 53; 56; 57; 59; 60; 61; 62; 84; 87; 91; 92; 93; 94; 95; 96; 97; 99; 126; 127; 142; 143; 144; 145; 146; 147; 148; 149; 167; 169; 211; 215; 216; 238; 239; 240; 241; 242; 243; 247; 288; 291; 296; 305; 324; 328; 329; 330; 331; 332; 333; 334; 336; 337; 341; 344; 345; 348; 349; 350; 351
ACTC1,ACTA1,Cell invasion protein SipA,1,1,134,0,0,0.0,0.0,,0,0,,37; 38; 39; 40; 41; 42; 43; 44; 45; 46; 47; 48; 49; 51; 66; 67; 68; 69; 70; 71; 72; 73; 75; 76; 77; 78; 79; 80; 83; 84; 112; 113; 114; 117; 118; 121; 125; 126; 133; 139; 143; 158; 169; 170; 172; 173; 179; 183; 184; 187; 195; 196; 197; 198; 199; 200; 201; 202; 203; 204; 205; 206; 208; 222; 223; 224; 225; 227; 228; 230; 231; 232; 233; 234; 237; 239; 242; 243; 244; 246; 247; 248; 249; 251; 252; 253; 256; 263; 265; 266; 267; 268; 269; 270; 271; 275; 276; 279; 280; 283; 284; 285; 286; 287; 288; 290; 312; 315; 316; 318; 319; 320; 321; 322; 323; 346; 351; 352; 354; 355; 361; 362; 363; 364; 365; 366; 367; 368; 369; 371; 372; 373; 374; 375
ACTC1,ACTA1,Cofilin,1,1,82,0,0,0.0,0.0,,0,0,,16; 23; 24; 25; 26; 27; 28; 29; 30; 31; 32; 46; 47; 48; 49; 50; 53; 56; 57; 59; 60; 61; 88; 91; 92; 93; 94; 95; 96; 97; 100; 133; 134; 135; 136; 139; 140; 143; 144; 145; 146; 147; 148; 149; 157; 166; 167; 168; 169; 207; 210; 211; 214; 215; 288; 291; 292; 296; 305; 326; 328; 330; 331; 332; 333; 334; 336; 337; 338; 341; 342; 344; 345; 346; 348; 349; 350; 351; 352; 354; 355; 375
ACTC1,ACTA1,Cofilin (UNC-60B),1,1,71,0,0,0.0,0.0,,0,0,,16; 23; 25; 26; 27; 28; 29; 30; 31; 32; 47; 49; 50; 53; 56; 57; 59; 60; 61; 91; 92; 93; 94; 95; 96; 97; 100; 133; 135; 139; 140; 143; 144; 145; 146; 147; 148; 149; 167; 168; 169; 207; 210; 211; 214; 215; 291; 296; 305; 326; 328; 330; 332; 333; 334; 336; 337; 338; 341; 342; 344; 345; 346; 348; 349; 350; 351; 352; 354; 355; 375
ACTC1,ACTA1,Cofilin-1,1,1,76,1,1,1.0,0.013157894736842105,7.036666666666666,1,30,99,21; 23; 24; 25; 26; 27; 28; 29; 30; 31; 44; 45; 50; 51; 53; 56; 57; 60; 61; 87; 88; 91; 92; 93; 94; 95; 96; 97; 99; 100; 101; 133; 140; 142; 143; 144; 145; 146; 147; 148; 149; 166; 167; 168; 169; 214; 215; 288; 291; 292; 295; 296; 305; 326; 328; 330; 331; 332; 333; 334; 336; 337; 338; 341; 342; 343; 345; 346; 348; 349; 350; 351; 352; 354; 355; 375
ACTC1,ACTA1,Cofilin-2,1,1,77,1,1,1.0,0.012987012987012988,10.152000000000001,1,25,99,4; 5; 21; 23; 24; 25; 26; 27; 28; 29; 30; 31; 50; 53; 56; 57; 60; 61; 88; 91; 92; 93; 94; 95; 96; 97; 99; 100; 101; 133; 134; 135; 136; 139; 140; 143; 144; 145; 146; 147; 148; 149; 166; 167; 168; 169; 214; 215; 291; 292; 295; 296; 305; 326; 328; 330; 331; 332; 333; 334; 336; 337; 338; 341; 342; 345; 346; 348; 349; 350; 351; 352; 353; 354; 355; 374; 375
ACTC1,ACTA1,"Coronin-1B,Methylated-DNA--protein-cysteine methyltransferase",1,1,98,1,1,1.0,0.01020408163265306,10.28,1,30,99,6; 37; 38; 39; 40; 41; 42; 49; 50; 51; 52; 66; 68; 75; 76; 77; 78; 79; 80; 81; 83; 84; 87; 91; 92; 95; 96; 97; 99; 100; 101; 102; 114; 115; 117; 118; 121; 122; 124; 125; 126; 127; 128; 130; 131; 169; 196; 198; 222; 224; 225; 230; 231; 232; 233; 234; 235; 237; 239; 246; 247; 248; 249; 250; 251; 252; 265; 270; 279; 315; 316; 318; 319; 320; 321; 322; 323; 350; 351; 353; 354; 355; 356; 357; 358; 359; 360; 361; 362; 363; 364; 365; 366; 367; 368; 369; 372; 373
ACTC1,ACTA1,Dematin actin binding protein,1,1,125,1,1,1.0,0.008,8.25,1,2,99,2; 3; 4; 5; 6; 21; 22; 23; 24; 25; 26; 27; 28; 38; 39; 40; 41; 42; 43; 44; 45; 46; 47; 48; 49; 50; 51; 95; 96; 97; 99; 100; 101; 102; 121; 125; 130; 131; 133; 143; 144; 145; 146; 147; 168; 169; 172; 215; 216; 218; 219; 221; 222; 223; 224; 226; 229; 230; 231; 232; 233; 234; 235; 237; 238; 239; 240; 241; 247; 249; 259; 262; 263; 264; 265; 266; 268; 269; 270; 271; 272; 273; 275; 276; 305; 307; 308; 312; 315; 316; 318; 319; 320; 330; 332; 333; 334; 337; 340; 341; 344; 345; 347; 348; 350; 351; 353; 354; 355; 356; 358; 359; 360; 361; 362; 363; 364; 365; 366; 367; 371; 372; 373; 374; 375
ACTC1,ACTA1,Epididymis secretory protein Li 37,1,1,43,1,1,1.0,0.023255813953488372,12.645454545454545,1,11,99,23; 24; 25; 44; 45; 46; 47; 48; 49; 50; 51; 52; 53; 54; 56; 57; 61; 84; 87; 88; 91; 92; 93; 95; 96; 97; 98; 99; 100; 143; 144; 146; 147; 148; 167; 334; 341; 344; 345; 348; 349; 350; 351
ACTC1,ACTA1,F-actin-capping protein subunit alpha-1,1,1,46,0,0,0.0,0.0,,0,0,,116; 133; 139; 143; 146; 147; 148; 166; 167; 168; 169; 170; 171; 172; 173; 263; 265; 266; 268; 269; 270; 271; 272; 283; 284; 285; 286; 287; 288; 289; 290; 342; 345; 346; 349; 350; 351; 352; 354; 355; 369; 371; 372; 373; 374; 375
ACTC1,ACTA1,F-actin-capping protein subunit beta,1,1,45,0,0,0.0,0.0,,0,0,,113; 133; 139; 142; 143; 146; 147; 148; 166; 167; 168; 169; 173; 176; 224; 272; 276; 279; 280; 283; 284; 285; 286; 287; 288; 290; 320; 345; 346; 348; 349; 350; 351; 352; 354; 355; 364; 365; 368; 369; 371; 372; 373; 374; 375
ACTC1,ACTA1,Filamin-A,1,1,58,0,0,0.0,0.0,,0,0,,21; 24; 25; 26; 27; 28; 29; 30; 31; 44; 45; 46; 47; 48; 49; 50; 52; 53; 54; 56; 57; 60; 61; 83; 84; 87; 88; 91; 92; 93; 94; 95; 96; 97; 98; 100; 126; 142; 143; 144; 145; 146; 147; 148; 149; 167; 333; 334; 335; 336; 337; 341; 345; 348; 349; 350; 351; 354
ACTC1,ACTA1,Gelsolin,1,1,119,1,1,1.0,0.008403361344537815,50.84285714285714,1,7,99,2; 3; 4; 22; 23; 24; 25; 26; 27; 28; 29; 30; 31; 37; 38; 39; 40; 41; 42; 43; 44; 45; 46; 47; 48; 49; 50; 51; 52; 54; 56; 57; 60; 61; 66; 68; 84; 87; 88; 91; 92; 93; 95; 96; 97; 98; 99; 100; 126; 127; 128; 133; 140; 142; 143; 144; 145; 146; 147; 148; 149; 166; 167; 168; 169; 221; 222; 223; 224; 259; 262; 263; 264; 265; 266; 269; 270; 271; 272; 273; 275; 276; 291; 292; 295; 296; 311; 312; 314; 315; 316; 318; 319; 326; 328; 329; 330; 332; 334; 337; 338; 340; 341; 342; 344; 345; 346; 348; 349; 350; 351; 352; 353; 354; 355; 372; 373; 374; 375
ACTC1,ACTA1,Inositol-trisphosphate 3-kinase A,1,1,37,0,0,0.0,0.0,,0,0,,22; 23; 24; 25; 26; 44; 45; 46; 47; 48; 49; 50; 51; 53; 87; 91; 92; 142; 143; 144; 145; 146; 147; 148; 167; 332; 333; 334; 337; 340; 341; 344; 345; 348; 349; 350; 351
ACTC1,ACTA1,Inverted formin-2,1,1,112,1,1,1.0,0.008928571428571428,25.72,1,5,99,5; 6; 21; 22; 23; 24; 25; 26; 27; 28; 44; 45; 46; 47; 48; 49; 50; 79; 80; 83; 87; 91; 92; 93; 94; 95; 96; 98; 99; 101; 114; 117; 118; 121; 122; 124; 125; 126; 127; 128; 130; 131; 142; 143; 144; 145; 146; 147; 148; 149; 166; 167; 168; 169; 216; 229; 231; 232; 233; 234; 235; 237; 238; 239; 240; 241; 242; 243; 244; 245; 247; 249; 291; 292; 295; 296; 322; 323; 324; 325; 326; 327; 328; 330; 332; 334; 341; 344; 345; 346; 348; 349; 350; 351; 352; 353; 354; 355; 356; 358; 359; 360; 361; 362; 363; 364; 365; 366; 367; 368; 369; 373
ACTC1,ACTA1,Isoform 2 of F-actin-capping protein subunit beta,1,1,46,0,0,0.0,0.0,,0,0,,110; 133; 136; 139; 143; 145; 146; 147; 148; 166; 167; 168; 169; 170; 171; 172; 173; 176; 224; 272; 276; 277; 279; 280; 283; 284; 285; 286; 288; 290; 320; 345; 346; 348; 349; 350; 351; 352; 354; 355; 361; 364; 369; 372; 373; 375
ACTC1,ACTA1,"Isoform A2 of Troponin T, cardiac muscle",1,1,36,0,0,0.0,0.0,,0,0,,25; 41; 42; 43; 44; 45; 46; 47; 48; 49; 50; 133; 136; 143; 144; 145; 146; 147; 148; 167; 168; 332; 333; 334; 341; 345; 349; 350; 351; 352; 354; 355; 371; 372; 373; 375
ACTC1,ACTA1,Leiomodin-2,1,1,93,0,0,0.0,0.0,,0,0,,37; 38; 39; 40; 41; 42; 43; 44; 45; 46; 47; 48; 49; 50; 51; 52; 66; 68; 69; 70; 72; 75; 76; 77; 78; 79; 80; 81; 83; 84; 112; 114; 117; 118; 121; 122; 124; 125; 126; 167; 168; 169; 195; 196; 197; 198; 199; 224; 244; 245; 246; 247; 248; 249; 262; 263; 264; 265; 269; 270; 271; 272; 273; 275; 276; 279; 280; 283; 290; 318; 319; 320; 321; 322; 323; 349; 351; 352; 354; 355; 359; 361; 362; 363; 364; 365; 366; 367; 369; 371; 372; 373; 374
ACTC1,ACTA1,"Maltose/maltodextrin-binding periplasmic protein,Adenylate cyclase ExoY",1,1,53,1,1,1.0,0.018867924528301886,14.719999999999999,1,5,99,16; 21; 23; 24; 25; 26; 27; 28; 29; 30; 31; 32; 44; 45; 46; 47; 56; 57; 59; 87; 90; 91; 92; 93; 94; 95; 96; 97; 99; 128; 142; 143; 144; 145; 146; 147; 148; 210; 211; 214; 305; 333; 334; 335; 336; 337; 341; 344; 345; 348; 349; 350; 351
ACTC1,ACTA1,"Maltose/maltodextrin-binding periplasmic protein,TccC3",1,1,44,0,0,0.0,0.0,,0,0,,25; 44; 45; 46; 47; 48; 49; 50; 53; 56; 57; 60; 61; 88; 92; 93; 95; 142; 143; 144; 145; 146; 147; 148; 149; 167; 168; 291; 292; 295; 296; 326; 328; 329; 330; 332; 333; 334; 341; 345; 348; 349; 350; 351
ACTC1,ACTA1,Myosin heavy chain 4,1,1,52,0,0,0.0,0.0,,0,0,,5; 6; 21; 22; 23; 24; 25; 26; 27; 28; 29; 30; 44; 45; 46; 47; 48; 49; 50; 56; 94; 95; 96; 101; 142; 143; 145; 146; 147; 148; 305; 310; 311; 314; 328; 329; 330; 331; 332; 333; 334; 336; 337; 341; 344; 345; 348; 349; 350; 351; 353; 354
ACTC1,ACTA1,"Myosin-14,Alpha-actinin A",1,1,53,0,0,0.0,0.0,,0,0,,3; 4; 22; 23; 24; 25; 26; 27; 28; 29; 30; 44; 45; 46; 47; 48; 49; 50; 56; 91; 93; 95; 96; 97; 100; 142; 143; 144; 145; 146; 147; 148; 167; 168; 305; 314; 328; 329; 330; 332; 333; 334; 337; 341; 344; 345; 348; 349; 350; 351; 352; 353; 354
ACTC1,ACTA1,Myosin-6,1,1,42,0,0,0.0,0.0,,0,0,,23; 24; 25; 26; 27; 28; 29; 30; 44; 45; 46; 47; 48; 56; 93; 94; 95; 96; 142; 143; 146; 147; 148; 305; 311; 314; 328; 330; 332; 333; 334; 336; 337; 341; 344; 345; 348; 349; 350; 351; 353; 354
ACTC1,ACTA1,Myosin-7,1,1,54,0,0,0.0,0.0,,0,0,,6; 21; 22; 23; 24; 25; 26; 27; 28; 29; 30; 44; 45; 46; 47; 48; 49; 50; 56; 93; 94; 95; 96; 97; 101; 142; 143; 145; 146; 147; 148; 149; 296; 305; 311; 314; 328; 329; 330; 331; 332; 333; 334; 336; 337; 341; 344; 345; 348; 349; 350; 351; 353; 354
ACTC1,ACTA1,Myosin-A,1,1,49,0,0,0.0,0.0,,0,0,,6; 23; 24; 25; 26; 27; 28; 30; 44; 45; 46; 47; 48; 49; 50; 57; 87; 91; 92; 95; 96; 97; 142; 143; 145; 146; 147; 148; 167; 305; 328; 329; 330; 331; 332; 333; 334; 335; 336; 337; 341; 344; 345; 348; 349; 350; 351; 353; 354
ACTC1,ACTA1,Plastin-3,1,1,46,1,1,1.0,0.021739130434782608,11.1,1,3,99,5; 23; 24; 25; 44; 45; 46; 47; 49; 50; 51; 52; 53; 54; 57; 61; 84; 87; 88; 90; 91; 92; 93; 94; 95; 96; 97; 98; 99; 100; 101; 143; 144; 146; 147; 148; 167; 169; 334; 341; 344; 345; 348; 349; 350; 351
ACTC1,ACTA1,Profilin-1,1,1,29,0,0,0.0,0.0,,0,0,,113; 116; 133; 136; 166; 167; 169; 170; 171; 172; 173; 284; 285; 286; 287; 288; 289; 290; 354; 355; 361; 365; 368; 369; 371; 372; 373; 374; 375
ACTC1,ACTA1,Protein diaphanous homolog 1,1,1,66,0,0,0.0,0.0,,0,0,,5; 6; 7; 22; 23; 24; 25; 44; 45; 46; 47; 48; 50; 61; 80; 83; 118; 121; 125; 126; 128; 143; 144; 145; 146; 147; 148; 149; 166; 167; 168; 169; 233; 234; 239; 292; 296; 318; 319; 321; 323; 324; 326; 328; 330; 340; 341; 344; 345; 346; 347; 348; 349; 350; 351; 352; 353; 355; 359; 362; 363; 364; 365; 366; 367; 372
ACTC1,ACTA1,Spectrin beta chain,1,1,76,1,1,1.0,0.013157894736842105,16.206666666666667,1,15,99,2; 3; 21; 23; 24; 25; 26; 27; 28; 29; 30; 31; 44; 45; 46; 47; 48; 49; 50; 51; 52; 53; 54; 56; 57; 58; 61; 83; 84; 87; 88; 90; 91; 92; 93; 94; 95; 96; 97; 98; 99; 100; 124; 125; 128; 142; 143; 144; 145; 146; 147; 148; 167; 214; 215; 305; 306; 307; 308; 309; 331; 332; 333; 334; 335; 336; 337; 341; 345; 348; 349; 350; 351; 359; 362; 363
ACTC1,ACTA1,Src substrate cortactin,1,1,65,0,0,0.0,0.0,,0,0,,16; 18; 26; 27; 28; 29; 30; 31; 32; 45; 46; 47; 48; 56; 57; 59; 60; 61; 62; 144; 145; 146; 147; 148; 149; 166; 167; 207; 208; 210; 211; 214; 215; 217; 221; 240; 241; 242; 243; 288; 289; 291; 292; 295; 296; 298; 302; 305; 306; 307; 308; 309; 310; 311; 314; 328; 329; 330; 331; 332; 333; 334; 335; 336; 337
ACTC1,ACTA1,Talin-1,1,1,72,1,1,1.0,0.013888888888888888,91.875,1,4,99,3; 4; 5; 23; 24; 25; 44; 45; 46; 47; 48; 49; 50; 51; 52; 53; 57; 83; 84; 87; 91; 92; 97; 98; 99; 100; 101; 102; 121; 124; 125; 126; 127; 128; 129; 130; 131; 143; 144; 145; 146; 147; 148; 328; 329; 330; 331; 332; 333; 334; 340; 341; 344; 345; 348; 349; 350; 351; 353; 354; 356; 358; 359; 360; 361; 362; 363; 364; 365; 366; 367; 373
ACTC1,ACTA1,Tropomodulin-1,1,1,132,1,1,1.0,0.007575757575757576,14.866666666666667,1,3,99,32; 37; 38; 39; 40; 41; 42; 43; 44; 45; 46; 47; 48; 49; 50; 51; 52; 53; 54; 56; 57; 59; 60; 61; 62; 63; 64; 66; 68; 69; 72; 75; 76; 77; 78; 79; 80; 81; 83; 84; 87; 88; 91; 92; 93; 95; 98; 99; 112; 114; 117; 118; 121; 122; 124; 125; 126; 127; 128; 195; 196; 197; 198; 199; 200; 201; 202; 204; 205; 207; 208; 210; 211; 213; 214; 215; 216; 217; 218; 219; 220; 221; 224; 226; 232; 233; 235; 236; 238; 239; 240; 241; 242; 243; 244; 245; 246; 247; 248; 249; 254; 262; 263; 264; 265; 266; 273; 275; 276; 279; 283; 294; 305; 306; 307; 308; 311; 316; 318; 319; 320; 321; 322; 323; 335; 359; 362; 363; 364; 365; 366; 367
ACTC1,ACTA1,Tropomyosin alpha-1 chain,1,1,35,0,0,0.0,0.0,,0,0,,25; 147; 215; 216; 217; 218; 219; 220; 221; 222; 225; 226; 235; 236; 238; 241; 254; 291; 295; 307; 308; 311; 314; 315; 318; 323; 324; 325; 326; 327; 328; 329; 330; 333; 334
ACTC1,ACTA1,Tropomyosin beta chain,1,1,11,0,0,0.0,0.0,,0,0,,218; 219; 220; 221; 222; 226; 238; 254; 307; 308; 311
ACTC1,ACTA1,Tropomyosin-1.9,1,1,17,0,0,0.0,0.0,,0,0,,24; 25; 26; 27; 30; 144; 145; 147; 326; 328; 330; 332; 333; 334; 337; 341; 345
ACTC1,ACTA1,"Troponin T2, cardiac type",1,1,34,0,0,0.0,0.0,,0,0,,24; 25; 41; 42; 43; 44; 45; 46; 47; 48; 49; 51; 133; 143; 144; 145; 146; 147; 148; 332; 333; 334; 341; 345; 349; 351; 352; 354; 355; 371; 372; 373; 374; 375
ACTC1,ACTA1,Unconventional myosin-Ib,1,1,66,1,1,1.0,0.015151515151515152,21.166666666666668,1,3,99,2; 4; 6; 21; 22; 23; 24; 25; 26; 27; 28; 29; 30; 31; 44; 45; 46; 47; 48; 49; 50; 51; 56; 87; 91; 92; 93; 95; 96; 97; 98; 99; 100; 127; 128; 142; 143; 144; 145; 146; 147; 148; 305; 310; 311; 314; 327; 328; 329; 330; 331; 332; 333; 334; 335; 336; 337; 341; 344; 345; 348; 349; 350; 351; 353; 354
ACTC1,ACTA1,Utrophin,1,1,51,1,1,1.0,0.0196078431372549,4.866666666666667,1,3,99,21; 24; 25; 26; 27; 28; 29; 30; 31; 44; 45; 46; 47; 48; 49; 50; 51; 52; 53; 54; 56; 57; 61; 84; 87; 88; 91; 92; 93; 94; 95; 96; 97; 98; 99; 143; 144; 146; 147; 148; 149; 167; 333; 334; 337; 341; 345; 348; 349; 350; 351
ACTC1,ACTA1,Vibrio VopV,1,1,95,0,0,0.0,0.0,,0,0,,35; 37; 38; 39; 66; 67; 68; 69; 70; 71; 72; 73; 75; 76; 77; 78; 79; 80; 81; 110; 111; 112; 114; 115; 117; 118; 121; 125; 173; 176; 177; 179; 183; 184; 187; 190; 194; 195; 196; 197; 198; 199; 200; 201; 202; 203; 205; 206; 239; 240; 241; 242; 244; 245; 246; 247; 248; 249; 262; 263; 264; 265; 267; 268; 269; 270; 271; 272; 273; 275; 276; 279; 280; 283; 284; 285; 286; 287; 290; 294; 318; 319; 320; 321; 322; 323; 324; 359; 362; 363; 364; 365; 366; 367; 368
ACTC1,ACTA1,Vinculin,1,1,65,1,1,1.0,0.015384615384615385,56.55,1,2,99,5; 23; 24; 25; 26; 44; 45; 46; 47; 48; 49; 50; 51; 52; 53; 57; 61; 80; 83; 84; 87; 88; 91; 92; 93; 95; 96; 97; 99; 100; 102; 126; 127; 130; 131; 142; 143; 144; 145; 146; 147; 148; 296; 328; 330; 331; 332; 333; 334; 337; 341; 344; 345; 348; 349; 350; 351; 353; 354; 355; 356; 358; 360; 361; 373
ACTC1,ACTA1,VopV,1,1,85,0,0,0.0,0.0,,0,0,,35; 37; 39; 63; 66; 67; 68; 69; 70; 71; 72; 73; 75; 76; 77; 78; 79; 81; 84; 110; 111; 112; 114; 115; 117; 118; 121; 125; 126; 128; 173; 176; 177; 179; 183; 187; 194; 196; 197; 198; 199; 200; 201; 202; 203; 204; 205; 206; 239; 241; 242; 244; 245; 246; 247; 248; 249; 268; 269; 270; 271; 272; 276; 279; 280; 283; 284; 285; 286; 287; 288; 290; 318; 319; 320; 321; 322; 323; 324; 362; 363; 364; 365; 366; 367
ACTC1,ACTA1,"WD repeat-containing protein 1,Methylated-DNA--protein-cysteine methyltransferase",1,1,52,0,0,0.0,0.0,,0,0,,166; 169; 171; 221; 222; 224; 225; 226; 228; 229; 230; 232; 233; 234; 235; 238; 270; 276; 311; 314; 315; 316; 318; 319; 320; 321; 322; 323; 324; 325; 326; 327; 328; 330; 353; 354; 355; 356; 358; 360; 361; 362; 363; 364; 365; 366; 367; 368; 369; 372; 373; 375
ACTC1,ACTA1,beta-cardiac myosin II,1,1,38,0,0,0.0,0.0,,0,0,,22; 23; 24; 25; 26; 27; 28; 29; 30; 44; 45; 46; 47; 48; 56; 142; 143; 145; 146; 147; 148; 311; 314; 328; 329; 330; 332; 333; 334; 337; 341; 344; 345; 348; 349; 350; 351; 354
ACTC1,ACTB,Actin-interacting protein 1,2,2,82,1,1,0.5,0.012195121951219513,49.8,1,1,126,37; 38; 39; 40; 41; 43; 44; 45; 46; 47; 48; 49; 50; 51; 52; 53; 64; 66; 68; 78; 79; 80; 83; 84; 87; 118; 122; 125; 126; 128; 166; 167; 169; 221; 222; 224; 225; 226; 228; 229; 230; 232; 233; 234; 235; 238; 254; 276; 307; 308; 310; 311; 314; 315; 318; 319; 320; 321; 323; 324; 325; 326; 327; 328; 329; 330; 354; 355; 358; 360; 361; 362; 363; 364; 365; 366; 367; 368; 369; 372; 373; 375
ACTC1,ACTB,Actin-related protein 2,2,2,52,0,0,0.0,0.0,,0,0,,38; 39; 40; 41; 42; 43; 44; 45; 46; 47; 48; 49; 50; 53; 60; 61; 62; 63; 64; 65; 66; 67; 188; 191; 192; 194; 195; 196; 197; 199; 200; 201; 202; 203; 204; 205; 208; 227; 230; 231; 241; 242; 243; 244; 245; 246; 247; 252; 266; 267; 268; 270
ACTC1,ACTB,Actin-related protein 2/3 complex subunit 1,2,2,27,0,0,0.0,0.0,,0,0,,4; 23; 24; 25; 44; 45; 46; 47; 48; 142; 143; 144; 145; 146; 147; 148; 333; 334; 340; 341; 344; 345; 348; 349; 350; 351; 352
ACTC1,ACTB,Actin-related protein 2/3 complex subunit 1B,2,2,22,0,0,0.0,0.0,,0,0,,23; 24; 25; 44; 45; 46; 47; 48; 142; 143; 144; 145; 146; 147; 148; 341; 344; 345; 348; 349; 350; 351
ACTC1,ACTB,Actin-related protein 2/3 complex subunit 2,2,2,76,1,1,0.5,0.013157894736842105,3.55,1,2,113,4; 5; 6; 7; 8; 21; 22; 23; 24; 28; 46; 48; 49; 50; 51; 75; 76; 77; 79; 83; 87; 94; 95; 96; 99; 100; 101; 102; 113; 114; 115; 117; 118; 121; 122; 125; 130; 131; 195; 196; 197; 198; 228; 229; 231; 232; 233; 234; 235; 236; 237; 238; 239; 240; 241; 245; 246; 247; 248; 249; 254; 279; 283; 320; 321; 322; 323; 324; 351; 356; 362; 363; 364; 365; 366; 367
ACTC1,ACTB,Actin-related protein 2/3 complex subunit 3,2,2,22,1,1,0.5,0.045454545454545456,35.63333333333333,1,3,126,4; 5; 46; 47; 48; 49; 87; 91; 92; 95; 97; 99; 125; 126; 128; 350; 351; 353; 354; 355; 361; 373
ACTC1,ACTB,Actin-related protein 2/3 complex subunit 4,2,2,30,1,1,0.5,0.03333333333333333,89.56,1,5,126,21; 28; 50; 51; 52; 79; 80; 83; 84; 87; 90; 91; 92; 93; 94; 95; 96; 97; 98; 99; 100; 101; 118; 121; 122; 125; 126; 127; 128; 359
ACTC1,ACTB,Actin-related protein 2/3 complex subunit 5-like protein,2,2,8,0,0,0.0,0.0,,0,0,,37; 38; 39; 40; 41; 51; 66; 68
ACTC1,ACTB,Actin-related protein 3,2,2,76,0,0,0.0,0.0,,0,0,,37; 38; 39; 40; 41; 42; 43; 44; 45; 46; 47; 48; 49; 50; 51; 53; 60; 61; 62; 63; 64; 65; 117; 121; 124; 125; 128; 133; 143; 198; 200; 202; 204; 205; 208; 224; 227; 228; 230; 231; 232; 233; 234; 237; 238; 239; 240; 241; 242; 243; 244; 245; 246; 247; 248; 249; 346; 351; 354; 355; 359; 360; 361; 362; 363; 364; 365; 366; 367; 368; 369; 371; 372; 373; 374; 375
ACTC1,ACTB,Adducin 1,2,2,88,0,0,0.0,0.0,,0,0,,4; 5; 6; 16; 21; 23; 24; 25; 26; 27; 28; 29; 30; 38; 39; 40; 41; 42; 43; 44; 45; 46; 47; 48; 49; 50; 51; 56; 93; 95; 96; 97; 100; 101; 133; 143; 144; 145; 146; 147; 148; 149; 166; 167; 168; 169; 173; 214; 215; 222; 224; 225; 228; 279; 280; 283; 284; 285; 286; 287; 288; 290; 292; 295; 296; 305; 332; 333; 334; 336; 337; 340; 341; 344; 345; 346; 348; 349; 350; 351; 352; 354; 355; 371; 372; 373; 374; 375
ACTC1,ACTB,Adenylyl cyclase-associated protein 1,2,2,49,0,0,0.0,0.0,,0,0,,32; 40; 43; 44; 45; 46; 47; 48; 49; 50; 53; 56; 57; 59; 60; 61; 62; 63; 64; 65; 88; 91; 92; 93; 95; 188; 191; 195; 202; 203; 204; 205; 207; 208; 210; 211; 215; 240; 241; 242; 243; 244; 245; 256; 265; 266; 267; 268; 270
ACTC1,ACTB,Afadin,2,2,10,0,0,0.0,0.0,,0,0,,6; 21; 22; 23; 24; 25; 28; 348; 349; 350
ACTC1,ACTB,Alpha-catenin-like protein hmp-1,2,2,55,0,0,0.0,0.0,,0,0,,21; 23; 24; 25; 26; 27; 28; 29; 30; 44; 45; 46; 47; 48; 49; 50; 51; 52; 53; 54; 57; 84; 87; 88; 91; 92; 93; 94; 95; 96; 97; 99; 100; 142; 143; 144; 145; 146; 147; 148; 296; 328; 330; 332; 333; 334; 336; 337; 341; 344; 345; 348; 349; 350; 351
ACTC1,ACTB,Beta-adducin,2,2,132,2,2,1.0,0.015151515151515152,24.0,2,2,113; 126,5; 6; 16; 21; 23; 24; 25; 26; 27; 28; 29; 30; 38; 39; 40; 41; 42; 43; 44; 45; 46; 47; 48; 49; 50; 51; 56; 95; 96; 97; 100; 101; 113; 114; 117; 118; 121; 124; 125; 126; 128; 133; 143; 144; 145; 146; 147; 148; 149; 167; 168; 169; 172; 188; 195; 196; 214; 223; 224; 227; 228; 230; 231; 232; 233; 234; 236; 237; 251; 252; 253; 256; 263; 265; 266; 279; 283; 287; 288; 290; 291; 292; 295; 296; 305; 310; 311; 314; 318; 319; 320; 321; 322; 323; 324; 326; 327; 328; 329; 330; 331; 332; 333; 334; 336; 337; 338; 340; 341; 344; 345; 346; 348; 349; 350; 351; 352; 354; 355; 359; 362; 363; 364; 365; 366; 367; 368; 371; 372; 373; 374; 375
ACTC1,ACTB,Catenin alpha-1,2,2,78,1,1,0.5,0.01282051282051282,9.4,1,11,126,21; 23; 24; 25; 26; 27; 28; 29; 30; 44; 45; 46; 47; 48; 49; 50; 51; 52; 53; 56; 57; 59; 60; 61; 62; 84; 87; 91; 92; 93; 94; 95; 96; 97; 99; 126; 127; 142; 143; 144; 145; 146; 147; 148; 149; 167; 169; 211; 215; 216; 238; 239; 240; 241; 242; 243; 247; 288; 291; 296; 305; 324; 328; 329; 330; 331; 332; 333; 334; 336; 337; 341; 344; 345; 348; 349; 350; 351
ACTC1,ACTB,Cell invasion protein SipA,2,2,134,2,2,1.0,0.014925373134328358,13.4875,2,14,113; 126,37; 38; 39; 40; 41; 42; 43; 44; 45; 46; 47; 48; 49; 51; 66; 67; 68; 69; 70; 71; 72; 73; 75; 76; 77; 78; 79; 80; 83; 84; 112; 113; 114; 117; 118; 121; 125; 126; 133; 139; 143; 158; 169; 170; 172; 173; 179; 183; 184; 187; 195; 196; 197; 198; 199; 200; 201; 202; 203; 204; 205; 206; 208; 222; 223; 224; 225; 227; 228; 230; 231; 232; 233; 234; 237; 239; 242; 243; 244; 246; 247; 248; 249; 251; 252; 253; 256; 263; 265; 266; 267; 268; 269; 270; 271; 275; 276; 279; 280; 283; 284; 285; 286; 287; 288; 290; 312; 315; 316; 318; 319; 320; 321; 322; 323; 346; 351; 352; 354; 355; 361; 362; 363; 364; 365; 366; 367; 368; 369; 371; 372; 373; 374; 375
ACTC1,ACTB,Cofilin,2,2,82,0,0,0.0,0.0,,0,0,,16; 23; 24; 25; 26; 27; 28; 29; 30; 31; 32; 46; 47; 48; 49; 50; 53; 56; 57; 59; 60; 61; 88; 91; 92; 93; 94; 95; 96; 97; 100; 133; 134; 135; 136; 139; 140; 143; 144; 145; 146; 147; 148; 149; 157; 166; 167; 168; 169; 207; 210; 211; 214; 215; 288; 291; 292; 296; 305; 326; 328; 330; 331; 332; 333; 334; 336; 337; 338; 341; 342; 344; 345; 346; 348; 349; 350; 351; 352; 354; 355; 375
ACTC1,ACTB,Cofilin (UNC-60B),2,2,71,0,0,0.0,0.0,,0,0,,16; 23; 25; 26; 27; 28; 29; 30; 31; 32; 47; 49; 50; 53; 56; 57; 59; 60; 61; 91; 92; 93; 94; 95; 96; 97; 100; 133; 135; 139; 140; 143; 144; 145; 146; 147; 148; 149; 167; 168; 169; 207; 210; 211; 214; 215; 291; 296; 305; 326; 328; 330; 332; 333; 334; 336; 337; 338; 341; 342; 344; 345; 346; 348; 349; 350; 351; 352; 354; 355; 375
ACTC1,ACTB,Cofilin-1,2,2,76,0,0,0.0,0.0,,0,0,,21; 23; 24; 25; 26; 27; 28; 29; 30; 31; 44; 45; 50; 51; 53; 56; 57; 60; 61; 87; 88; 91; 92; 93; 94; 95; 96; 97; 99; 100; 101; 133; 140; 142; 143; 144; 145; 146; 147; 148; 149; 166; 167; 168; 169; 214; 215; 288; 291; 292; 295; 296; 305; 326; 328; 330; 331; 332; 333; 334; 336; 337; 338; 341; 342; 343; 345; 346; 348; 349; 350; 351; 352; 354; 355; 375
ACTC1,ACTB,Cofilin-2,2,2,77,0,0,0.0,0.0,,0,0,,4; 5; 21; 23; 24; 25; 26; 27; 28; 29; 30; 31; 50; 53; 56; 57; 60; 61; 88; 91; 92; 93; 94; 95; 96; 97; 99; 100; 101; 133; 134; 135; 136; 139; 140; 143; 144; 145; 146; 147; 148; 149; 166; 167; 168; 169; 214; 215; 291; 292; 295; 296; 305; 326; 328; 330; 331; 332; 333; 334; 336; 337; 338; 341; 342; 345; 346; 348; 349; 350; 351; 352; 353; 354; 355; 374; 375
ACTC1,ACTB,"Coronin-1B,Methylated-DNA--protein-cysteine methyltransferase",2,2,98,1,1,0.5,0.01020408163265306,64.54444444444445,1,27,126,6; 37; 38; 39; 40; 41; 42; 49; 50; 51; 52; 66; 68; 75; 76; 77; 78; 79; 80; 81; 83; 84; 87; 91; 92; 95; 96; 97; 99; 100; 101; 102; 114; 115; 117; 118; 121; 122; 124; 125; 126; 127; 128; 130; 131; 169; 196; 198; 222; 224; 225; 230; 231; 232; 233; 234; 235; 237; 239; 246; 247; 248; 249; 250; 251; 252; 265; 270; 279; 315; 316; 318; 319; 320; 321; 322; 323; 350; 351; 353; 354; 355; 356; 357; 358; 359; 360; 361; 362; 363; 364; 365; 366; 367; 368; 369; 372; 373
ACTC1,ACTB,Dematin actin binding protein,2,2,125,0,0,0.0,0.0,,0,0,,2; 3; 4; 5; 6; 21; 22; 23; 24; 25; 26; 27; 28; 38; 39; 40; 41; 42; 43; 44; 45; 46; 47; 48; 49; 50; 51; 95; 96; 97; 99; 100; 101; 102; 121; 125; 130; 131; 133; 143; 144; 145; 146; 147; 168; 169; 172; 215; 216; 218; 219; 221; 222; 223; 224; 226; 229; 230; 231; 232; 233; 234; 235; 237; 238; 239; 240; 241; 247; 249; 259; 262; 263; 264; 265; 266; 268; 269; 270; 271; 272; 273; 275; 276; 305; 307; 308; 312; 315; 316; 318; 319; 320; 330; 332; 333; 334; 337; 340; 341; 344; 345; 347; 348; 350; 351; 353; 354; 355; 356; 358; 359; 360; 361; 362; 363; 364; 365; 366; 367; 371; 372; 373; 374; 375
ACTC1,ACTB,Epididymis secretory protein Li 37,2,2,43,0,0,0.0,0.0,,0,0,,23; 24; 25; 44; 45; 46; 47; 48; 49; 50; 51; 52; 53; 54; 56; 57; 61; 84; 87; 88; 91; 92; 93; 95; 96; 97; 98; 99; 100; 143; 144; 146; 147; 148; 167; 334; 341; 344; 345; 348; 349; 350; 351
ACTC1,ACTB,F-actin-capping protein subunit alpha-1,2,2,46,0,0,0.0,0.0,,0,0,,116; 133; 139; 143; 146; 147; 148; 166; 167; 168; 169; 170; 171; 172; 173; 263; 265; 266; 268; 269; 270; 271; 272; 283; 284; 285; 286; 287; 288; 289; 290; 342; 345; 346; 349; 350; 351; 352; 354; 355; 369; 371; 372; 373; 374; 375
ACTC1,ACTB,F-actin-capping protein subunit beta,2,2,45,1,1,0.5,0.022222222222222223,6.1,1,1,113,113; 133; 139; 142; 143; 146; 147; 148; 166; 167; 168; 169; 173; 176; 224; 272; 276; 279; 280; 283; 284; 285; 286; 287; 288; 290; 320; 345; 346; 348; 349; 350; 351; 352; 354; 355; 364; 365; 368; 369; 371; 372; 373; 374; 375
ACTC1,ACTB,Filamin-A,2,2,58,1,1,0.5,0.017241379310344827,1.8,1,5,126,21; 24; 25; 26; 27; 28; 29; 30; 31; 44; 45; 46; 47; 48; 49; 50; 52; 53; 54; 56; 57; 60; 61; 83; 84; 87; 88; 91; 92; 93; 94; 95; 96; 97; 98; 100; 126; 142; 143; 144; 145; 146; 147; 148; 149; 167; 333; 334; 335; 336; 337; 341; 345; 348; 349; 350; 351; 354
ACTC1,ACTB,Gelsolin,2,2,119,1,1,0.5,0.008403361344537815,11.816666666666668,1,6,126,2; 3; 4; 22; 23; 24; 25; 26; 27; 28; 29; 30; 31; 37; 38; 39; 40; 41; 42; 43; 44; 45; 46; 47; 48; 49; 50; 51; 52; 54; 56; 57; 60; 61; 66; 68; 84; 87; 88; 91; 92; 93; 95; 96; 97; 98; 99; 100; 126; 127; 128; 133; 140; 142; 143; 144; 145; 146; 147; 148; 149; 166; 167; 168; 169; 221; 222; 223; 224; 259; 262; 263; 264; 265; 266; 269; 270; 271; 272; 273; 275; 276; 291; 292; 295; 296; 311; 312; 314; 315; 316; 318; 319; 326; 328; 329; 330; 332; 334; 337; 338; 340; 341; 342; 344; 345; 346; 348; 349; 350; 351; 352; 353; 354; 355; 372; 373; 374; 375
ACTC1,ACTB,Inositol-trisphosphate 3-kinase A,2,2,37,0,0,0.0,0.0,,0,0,,22; 23; 24; 25; 26; 44; 45; 46; 47; 48; 49; 50; 51; 53; 87; 91; 92; 142; 143; 144; 145; 146; 147; 148; 167; 332; 333; 334; 337; 340; 341; 344; 345; 348; 349; 350; 351
ACTC1,ACTB,Inverted formin-2,2,2,112,1,1,0.5,0.008928571428571428,28.53,1,10,126,5; 6; 21; 22; 23; 24; 25; 26; 27; 28; 44; 45; 46; 47; 48; 49; 50; 79; 80; 83; 87; 91; 92; 93; 94; 95; 96; 98; 99; 101; 114; 117; 118; 121; 122; 124; 125; 126; 127; 128; 130; 131; 142; 143; 144; 145; 146; 147; 148; 149; 166; 167; 168; 169; 216; 229; 231; 232; 233; 234; 235; 237; 238; 239; 240; 241; 242; 243; 244; 245; 247; 249; 291; 292; 295; 296; 322; 323; 324; 325; 326; 327; 328; 330; 332; 334; 341; 344; 345; 346; 348; 349; 350; 351; 352; 353; 354; 355; 356; 358; 359; 360; 361; 362; 363; 364; 365; 366; 367; 368; 369; 373
ACTC1,ACTB,Isoform 2 of F-actin-capping protein subunit beta,2,2,46,0,0,0.0,0.0,,0,0,,110; 133; 136; 139; 143; 145; 146; 147; 148; 166; 167; 168; 169; 170; 171; 172; 173; 176; 224; 272; 276; 277; 279; 280; 283; 284; 285; 286; 288; 290; 320; 345; 346; 348; 349; 350; 351; 352; 354; 355; 361; 364; 369; 372; 373; 375
ACTC1,ACTB,"Isoform A2 of Troponin T, cardiac muscle",2,2,36,0,0,0.0,0.0,,0,0,,25; 41; 42; 43; 44; 45; 46; 47; 48; 49; 50; 133; 136; 143; 144; 145; 146; 147; 148; 167; 168; 332; 333; 334; 341; 345; 349; 350; 351; 352; 354; 355; 371; 372; 373; 375
ACTC1,ACTB,Leiomodin-2,2,2,93,1,1,0.5,0.010752688172043012,28.933333333333334,1,3,126,37; 38; 39; 40; 41; 42; 43; 44; 45; 46; 47; 48; 49; 50; 51; 52; 66; 68; 69; 70; 72; 75; 76; 77; 78; 79; 80; 81; 83; 84; 112; 114; 117; 118; 121; 122; 124; 125; 126; 167; 168; 169; 195; 196; 197; 198; 199; 224; 244; 245; 246; 247; 248; 249; 262; 263; 264; 265; 269; 270; 271; 272; 273; 275; 276; 279; 280; 283; 290; 318; 319; 320; 321; 322; 323; 349; 351; 352; 354; 355; 359; 361; 362; 363; 364; 365; 366; 367; 369; 371; 372; 373; 374
ACTC1,ACTB,"Maltose/maltodextrin-binding periplasmic protein,Adenylate cyclase ExoY",2,2,53,0,0,0.0,0.0,,0,0,,16; 21; 23; 24; 25; 26; 27; 28; 29; 30; 31; 32; 44; 45; 46; 47; 56; 57; 59; 87; 90; 91; 92; 93; 94; 95; 96; 97; 99; 128; 142; 143; 144; 145; 146; 147; 148; 210; 211; 214; 305; 333; 334; 335; 336; 337; 341; 344; 345; 348; 349; 350; 351
ACTC1,ACTB,"Maltose/maltodextrin-binding periplasmic protein,TccC3",2,2,44,0,0,0.0,0.0,,0,0,,25; 44; 45; 46; 47; 48; 49; 50; 53; 56; 57; 60; 61; 88; 92; 93; 95; 142; 143; 144; 145; 146; 147; 148; 149; 167; 168; 291; 292; 295; 296; 326; 328; 329; 330; 332; 333; 334; 341; 345; 348; 349; 350; 351
ACTC1,ACTB,Myosin heavy chain 4,2,2,52,0,0,0.0,0.0,,0,0,,5; 6; 21; 22; 23; 24; 25; 26; 27; 28; 29; 30; 44; 45; 46; 47; 48; 49; 50; 56; 94; 95; 96; 101; 142; 143; 145; 146; 147; 148; 305; 310; 311; 314; 328; 329; 330; 331; 332; 333; 334; 336; 337; 341; 344; 345; 348; 349; 350; 351; 353; 354
ACTC1,ACTB,"Myosin-14,Alpha-actinin A",2,2,53,0,0,0.0,0.0,,0,0,,3; 4; 22; 23; 24; 25; 26; 27; 28; 29; 30; 44; 45; 46; 47; 48; 49; 50; 56; 91; 93; 95; 96; 97; 100; 142; 143; 144; 145; 146; 147; 148; 167; 168; 305; 314; 328; 329; 330; 332; 333; 334; 337; 341; 344; 345; 348; 349; 350; 351; 352; 353; 354
ACTC1,ACTB,Myosin-6,2,2,42,0,0,0.0,0.0,,0,0,,23; 24; 25; 26; 27; 28; 29; 30; 44; 45; 46; 47; 48; 56; 93; 94; 95; 96; 142; 143; 146; 147; 148; 305; 311; 314; 328; 330; 332; 333; 334; 336; 337; 341; 344; 345; 348; 349; 350; 351; 353; 354
ACTC1,ACTB,Myosin-7,2,2,54,0,0,0.0,0.0,,0,0,,6; 21; 22; 23; 24; 25; 26; 27; 28; 29; 30; 44; 45; 46; 47; 48; 49; 50; 56; 93; 94; 95; 96; 97; 101; 142; 143; 145; 146; 147; 148; 149; 296; 305; 311; 314; 328; 329; 330; 331; 332; 333; 334; 336; 337; 341; 344; 345; 348; 349; 350; 351; 353; 354
ACTC1,ACTB,Myosin-A,2,2,49,0,0,0.0,0.0,,0,0,,6; 23; 24; 25; 26; 27; 28; 30; 44; 45; 46; 47; 48; 49; 50; 57; 87; 91; 92; 95; 96; 97; 142; 143; 145; 146; 147; 148; 167; 305; 328; 329; 330; 331; 332; 333; 334; 335; 336; 337; 341; 344; 345; 348; 349; 350; 351; 353; 354
ACTC1,ACTB,Plastin-3,2,2,46,0,0,0.0,0.0,,0,0,,5; 23; 24; 25; 44; 45; 46; 47; 49; 50; 51; 52; 53; 54; 57; 61; 84; 87; 88; 90; 91; 92; 93; 94; 95; 96; 97; 98; 99; 100; 101; 143; 144; 146; 147; 148; 167; 169; 334; 341; 344; 345; 348; 349; 350; 351
ACTC1,ACTB,Profilin-1,2,2,29,1,1,0.5,0.034482758620689655,23.8,1,1,113,113; 116; 133; 136; 166; 167; 169; 170; 171; 172; 173; 284; 285; 286; 287; 288; 289; 290; 354; 355; 361; 365; 368; 369; 371; 372; 373; 374; 375
ACTC1,ACTB,Protein diaphanous homolog 1,2,2,66,1,1,0.5,0.015151515151515152,37.150000000000006,1,2,126,5; 6; 7; 22; 23; 24; 25; 44; 45; 46; 47; 48; 50; 61; 80; 83; 118; 121; 125; 126; 128; 143; 144; 145; 146; 147; 148; 149; 166; 167; 168; 169; 233; 234; 239; 292; 296; 318; 319; 321; 323; 324; 326; 328; 330; 340; 341; 344; 345; 346; 347; 348; 349; 350; 351; 352; 353; 355; 359; 362; 363; 364; 365; 366; 367; 372
ACTC1,ACTB,Spectrin beta chain,2,2,76,0,0,0.0,0.0,,0,0,,2; 3; 21; 23; 24; 25; 26; 27; 28; 29; 30; 31; 44; 45; 46; 47; 48; 49; 50; 51; 52; 53; 54; 56; 57; 58; 61; 83; 84; 87; 88; 90; 91; 92; 93; 94; 95; 96; 97; 98; 99; 100; 124; 125; 128; 142; 143; 144; 145; 146; 147; 148; 167; 214; 215; 305; 306; 307; 308; 309; 331; 332; 333; 334; 335; 336; 337; 341; 345; 348; 349; 350; 351; 359; 362; 363
ACTC1,ACTB,Src substrate cortactin,2,2,65,0,0,0.0,0.0,,0,0,,16; 18; 26; 27; 28; 29; 30; 31; 32; 45; 46; 47; 48; 56; 57; 59; 60; 61; 62; 144; 145; 146; 147; 148; 149; 166; 167; 207; 208; 210; 211; 214; 215; 217; 221; 240; 241; 242; 243; 288; 289; 291; 292; 295; 296; 298; 302; 305; 306; 307; 308; 309; 310; 311; 314; 328; 329; 330; 331; 332; 333; 334; 335; 336; 337
ACTC1,ACTB,Talin-1,2,2,72,1,1,0.5,0.013888888888888888,86.95,1,4,126,3; 4; 5; 23; 24; 25; 44; 45; 46; 47; 48; 49; 50; 51; 52; 53; 57; 83; 84; 87; 91; 92; 97; 98; 99; 100; 101; 102; 121; 124; 125; 126; 127; 128; 129; 130; 131; 143; 144; 145; 146; 147; 148; 328; 329; 330; 331; 332; 333; 334; 340; 341; 344; 345; 348; 349; 350; 351; 353; 354; 356; 358; 359; 360; 361; 362; 363; 364; 365; 366; 367; 373
ACTC1,ACTB,Tropomodulin-1,2,2,132,1,1,0.5,0.007575757575757576,49.949999999999996,1,6,126,32; 37; 38; 39; 40; 41; 42; 43; 44; 45; 46; 47; 48; 49; 50; 51; 52; 53; 54; 56; 57; 59; 60; 61; 62; 63; 64; 66; 68; 69; 72; 75; 76; 77; 78; 79; 80; 81; 83; 84; 87; 88; 91; 92; 93; 95; 98; 99; 112; 114; 117; 118; 121; 122; 124; 125; 126; 127; 128; 195; 196; 197; 198; 199; 200; 201; 202; 204; 205; 207; 208; 210; 211; 213; 214; 215; 216; 217; 218; 219; 220; 221; 224; 226; 232; 233; 235; 236; 238; 239; 240; 241; 242; 243; 244; 245; 246; 247; 248; 249; 254; 262; 263; 264; 265; 266; 273; 275; 276; 279; 283; 294; 305; 306; 307; 308; 311; 316; 318; 319; 320; 321; 322; 323; 335; 359; 362; 363; 364; 365; 366; 367
ACTC1,ACTB,Tropomyosin alpha-1 chain,2,2,35,0,0,0.0,0.0,,0,0,,25; 147; 215; 216; 217; 218; 219; 220; 221; 222; 225; 226; 235; 236; 238; 241; 254; 291; 295; 307; 308; 311; 314; 315; 318; 323; 324; 325; 326; 327; 328; 329; 330; 333; 334
ACTC1,ACTB,Tropomyosin beta chain,2,2,11,0,0,0.0,0.0,,0,0,,218; 219; 220; 221; 222; 226; 238; 254; 307; 308; 311
ACTC1,ACTB,Tropomyosin-1.9,2,2,17,0,0,0.0,0.0,,0,0,,24; 25; 26; 27; 30; 144; 145; 147; 326; 328; 330; 332; 333; 334; 337; 341; 345
ACTC1,ACTB,"Troponin T2, cardiac type",2,2,34,0,0,0.0,0.0,,0,0,,24; 25; 41; 42; 43; 44; 45; 46; 47; 48; 49; 51; 133; 143; 144; 145; 146; 147; 148; 332; 333; 334; 341; 345; 349; 351; 352; 354; 355; 371; 372; 373; 374; 375
ACTC1,ACTB,Unconventional myosin-Ib,2,2,66,0,0,0.0,0.0,,0,0,,2; 4; 6; 21; 22; 23; 24; 25; 26; 27; 28; 29; 30; 31; 44; 45; 46; 47; 48; 49; 50; 51; 56; 87; 91; 92; 93; 95; 96; 97; 98; 99; 100; 127; 128; 142; 143; 144; 145; 146; 147; 148; 305; 310; 311; 314; 327; 328; 329; 330; 331; 332; 333; 334; 335; 336; 337; 341; 344; 345; 348; 349; 350; 351; 353; 354
ACTC1,ACTB,Utrophin,2,2,51,0,0,0.0,0.0,,0,0,,21; 24; 25; 26; 27; 28; 29; 30; 31; 44; 45; 46; 47; 48; 49; 50; 51; 52; 53; 54; 56; 57; 61; 84; 87; 88; 91; 92; 93; 94; 95; 96; 97; 98; 99; 143; 144; 146; 147; 148; 149; 167; 333; 334; 337; 341; 345; 348; 349; 350; 351
ACTC1,ACTB,Vibrio VopV,2,2,95,0,0,0.0,0.0,,0,0,,35; 37; 38; 39; 66; 67; 68; 69; 70; 71; 72; 73; 75; 76; 77; 78; 79; 80; 81; 110; 111; 112; 114; 115; 117; 118; 121; 125; 173; 176; 177; 179; 183; 184; 187; 190; 194; 195; 196; 197; 198; 199; 200; 201; 202; 203; 205; 206; 239; 240; 241; 242; 244; 245; 246; 247; 248; 249; 262; 263; 264; 265; 267; 268; 269; 270; 271; 272; 273; 275; 276; 279; 280; 283; 284; 285; 286; 287; 290; 294; 318; 319; 320; 321; 322; 323; 324; 359; 362; 363; 364; 365; 366; 367; 368
ACTC1,ACTB,Vinculin,2,2,65,1,1,0.5,0.015384615384615385,8.600000000000001,1,2,126,5; 23; 24; 25; 26; 44; 45; 46; 47; 48; 49; 50; 51; 52; 53; 57; 61; 80; 83; 84; 87; 88; 91; 92; 93; 95; 96; 97; 99; 100; 102; 126; 127; 130; 131; 142; 143; 144; 145; 146; 147; 148; 296; 328; 330; 331; 332; 333; 334; 337; 341; 344; 345; 348; 349; 350; 351; 353; 354; 355; 356; 358; 360; 361; 373
ACTC1,ACTB,VopV,2,2,85,1,1,0.5,0.011764705882352941,2.3333333333333335,1,3,126,35; 37; 39; 63; 66; 67; 68; 69; 70; 71; 72; 73; 75; 76; 77; 78; 79; 81; 84; 110; 111; 112; 114; 115; 117; 118; 121; 125; 126; 128; 173; 176; 177; 179; 183; 187; 194; 196; 197; 198; 199; 200; 201; 202; 203; 204; 205; 206; 239; 241; 242; 244; 245; 246; 247; 248; 249; 268; 269; 270; 271; 272; 276; 279; 280; 283; 284; 285; 286; 287; 288; 290; 318; 319; 320; 321; 322; 323; 324; 362; 363; 364; 365; 366; 367
ACTC1,ACTB,"WD repeat-containing protein 1,Methylated-DNA--protein-cysteine methyltransferase",2,2,52,0,0,0.0,0.0,,0,0,,166; 169; 171; 221; 222; 224; 225; 226; 228; 229; 230; 232; 233; 234; 235; 238; 270; 276; 311; 314; 315; 316; 318; 319; 320; 321; 322; 323; 324; 325; 326; 327; 328; 330; 353; 354; 355; 356; 358; 360; 361; 362; 363; 364; 365; 366; 367; 368; 369; 372; 373; 375
ACTC1,ACTB,beta-cardiac myosin II,2,2,38,0,0,0.0,0.0,,0,0,,22; 23; 24; 25; 26; 27; 28; 29; 30; 44; 45; 46; 47; 48; 56; 142; 143; 145; 146; 147; 148; 311; 314; 328; 329; 330; 332; 333; 334; 337; 341; 344; 345; 348; 349; 350; 351; 354
ACTC1,ACTG2,Actin-interacting protein 1,6,6,82,2,2,0.3333333333333333,0.024390243902439025,26.08,2,6,126; 254,37; 38; 39; 40; 41; 43; 44; 45; 46; 47; 48; 49; 50; 51; 52; 53; 64; 66; 68; 78; 79; 80; 83; 84; 87; 118; 122; 125; 126; 128; 166; 167; 169; 221; 222; 224; 225; 226; 228; 229; 230; 232; 233; 234; 235; 238; 254; 276; 307; 308; 310; 311; 314; 315; 318; 319; 320; 321; 323; 324; 325; 326; 327; 328; 329; 330; 354; 355; 358; 360; 361; 362; 363; 364; 365; 366; 367; 368; 369; 372; 373; 375
ACTC1,ACTG2,Actin-related protein 2,6,6,52,0,0,0.0,0.0,,0,0,,38; 39; 40; 41; 42; 43; 44; 45; 46; 47; 48; 49; 50; 53; 60; 61; 62; 63; 64; 65; 66; 67; 188; 191; 192; 194; 195; 196; 197; 199; 200; 201; 202; 203; 204; 205; 208; 227; 230; 231; 241; 242; 243; 244; 245; 246; 247; 252; 266; 267; 268; 270
ACTC1,ACTG2,Actin-related protein 2/3 complex subunit 1,6,6,27,0,0,0.0,0.0,,0,0,,4; 23; 24; 25; 44; 45; 46; 47; 48; 142; 143; 144; 145; 146; 147; 148; 333; 334; 340; 341; 344; 345; 348; 349; 350; 351; 352
ACTC1,ACTG2,Actin-related protein 2/3 complex subunit 1B,6,6,22,0,0,0.0,0.0,,0,0,,23; 24; 25; 44; 45; 46; 47; 48; 142; 143; 144; 145; 146; 147; 148; 341; 344; 345; 348; 349; 350; 351
ACTC1,ACTG2,Actin-related protein 2/3 complex subunit 2,6,6,76,2,2,0.3333333333333333,0.02631578947368421,2.8,2,4,113; 254,4; 5; 6; 7; 8; 21; 22; 23; 24; 28; 46; 48; 49; 50; 51; 75; 76; 77; 79; 83; 87; 94; 95; 96; 99; 100; 101; 102; 113; 114; 115; 117; 118; 121; 122; 125; 130; 131; 195; 196; 197; 198; 228; 229; 231; 232; 233; 234; 235; 236; 237; 238; 239; 240; 241; 245; 246; 247; 248; 249; 254; 279; 283; 320; 321; 322; 323; 324; 351; 356; 362; 363; 364; 365; 366; 367
ACTC1,ACTG2,Actin-related protein 2/3 complex subunit 3,6,6,22,1,1,0.16666666666666666,0.045454545454545456,35.63333333333333,1,3,126,4; 5; 46; 47; 48; 49; 87; 91; 92; 95; 97; 99; 125; 126; 128; 350; 351; 353; 354; 355; 361; 373
ACTC1,ACTG2,Actin-related protein 2/3 complex subunit 4,6,6,30,1,1,0.16666666666666666,0.03333333333333333,89.56,1,5,126,21; 28; 50; 51; 52; 79; 80; 83; 84; 87; 90; 91; 92; 93; 94; 95; 96; 97; 98; 99; 100; 101; 118; 121; 122; 125; 126; 127; 128; 359
ACTC1,ACTG2,Actin-related protein 2/3 complex subunit 5-like protein,6,6,8,0,0,0.0,0.0,,0,0,,37; 38; 39; 40; 41; 51; 66; 68
ACTC1,ACTG2,Actin-related protein 3,6,6,76,0,0,0.0,0.0,,0,0,,37; 38; 39; 40; 41; 42; 43; 44; 45; 46; 47; 48; 49; 50; 51; 53; 60; 61; 62; 63; 64; 65; 117; 121; 124; 125; 128; 133; 143; 198; 200; 202; 204; 205; 208; 224; 227; 228; 230; 231; 232; 233; 234; 237; 238; 239; 240; 241; 242; 243; 244; 245; 246; 247; 248; 249; 346; 351; 354; 355; 359; 360; 361; 362; 363; 364; 365; 366; 367; 368; 369; 371; 372; 373; 374; 375
ACTC1,ACTG2,Adducin 1,6,6,88,0,0,0.0,0.0,,0,0,,4; 5; 6; 16; 21; 23; 24; 25; 26; 27; 28; 29; 30; 38; 39; 40; 41; 42; 43; 44; 45; 46; 47; 48; 49; 50; 51; 56; 93; 95; 96; 97; 100; 101; 133; 143; 144; 145; 146; 147; 148; 149; 166; 167; 168; 169; 173; 214; 215; 222; 224; 225; 228; 279; 280; 283; 284; 285; 286; 287; 288; 290; 292; 295; 296; 305; 332; 333; 334; 336; 337; 340; 341; 344; 345; 346; 348; 349; 350; 351; 352; 354; 355; 371; 372; 373; 374; 375
ACTC1,ACTG2,Adenylyl cyclase-associated protein 1,6,6,49,0,0,0.0,0.0,,0,0,,32; 40; 43; 44; 45; 46; 47; 48; 49; 50; 53; 56; 57; 59; 60; 61; 62; 63; 64; 65; 88; 91; 92; 93; 95; 188; 191; 195; 202; 203; 204; 205; 207; 208; 210; 211; 215; 240; 241; 242; 243; 244; 245; 256; 265; 266; 267; 268; 270
ACTC1,ACTG2,Afadin,6,6,10,0,0,0.0,0.0,,0,0,,6; 21; 22; 23; 24; 25; 28; 348; 349; 350
ACTC1,ACTG2,Alpha-catenin-like protein hmp-1,6,6,55,0,0,0.0,0.0,,0,0,,21; 23; 24; 25; 26; 27; 28; 29; 30; 44; 45; 46; 47; 48; 49; 50; 51; 52; 53; 54; 57; 84; 87; 88; 91; 92; 93; 94; 95; 96; 97; 99; 100; 142; 143; 144; 145; 146; 147; 148; 296; 328; 330; 332; 333; 334; 336; 337; 341; 344; 345; 348; 349; 350; 351
ACTC1,ACTG2,Beta-adducin,6,6,132,2,2,0.3333333333333333,0.015151515151515152,24.0,2,2,113; 126,5; 6; 16; 21; 23; 24; 25; 26; 27; 28; 29; 30; 38; 39; 40; 41; 42; 43; 44; 45; 46; 47; 48; 49; 50; 51; 56; 95; 96; 97; 100; 101; 113; 114; 117; 118; 121; 124; 125; 126; 128; 133; 143; 144; 145; 146; 147; 148; 149; 167; 168; 169; 172; 188; 195; 196; 214; 223; 224; 227; 228; 230; 231; 232; 233; 234; 236; 237; 251; 252; 253; 256; 263; 265; 266; 279; 283; 287; 288; 290; 291; 292; 295; 296; 305; 310; 311; 314; 318; 319; 320; 321; 322; 323; 324; 326; 327; 328; 329; 330; 331; 332; 333; 334; 336; 337; 338; 340; 341; 344; 345; 346; 348; 349; 350; 351; 352; 354; 355; 359; 362; 363; 364; 365; 366; 367; 368; 371; 372; 373; 374; 375
ACTC1,ACTG2,Catenin alpha-1,6,6,78,1,1,0.16666666666666666,0.01282051282051282,9.4,1,11,126,21; 23; 24; 25; 26; 27; 28; 29; 30; 44; 45; 46; 47; 48; 49; 50; 51; 52; 53; 56; 57; 59; 60; 61; 62; 84; 87; 91; 92; 93; 94; 95; 96; 97; 99; 126; 127; 142; 143; 144; 145; 146; 147; 148; 149; 167; 169; 211; 215; 216; 238; 239; 240; 241; 242; 243; 247; 288; 291; 296; 305; 324; 328; 329; 330; 331; 332; 333; 334; 336; 337; 341; 344; 345; 348; 349; 350; 351
ACTC1,ACTG2,Cell invasion protein SipA,6,6,134,4,4,0.6666666666666666,0.029850746268656716,33.375892857142865,4,35,113; 126; 269; 275,37; 38; 39; 40; 41; 42; 43; 44; 45; 46; 47; 48; 49; 51; 66; 67; 68; 69; 70; 71; 72; 73; 75; 76; 77; 78; 79; 80; 83; 84; 112; 113; 114; 117; 118; 121; 125; 126; 133; 139; 143; 158; 169; 170; 172; 173; 179; 183; 184; 187; 195; 196; 197; 198; 199; 200; 201; 202; 203; 204; 205; 206; 208; 222; 223; 224; 225; 227; 228; 230; 231; 232; 233; 234; 237; 239; 242; 243; 244; 246; 247; 248; 249; 251; 252; 253; 256; 263; 265; 266; 267; 268; 269; 270; 271; 275; 276; 279; 280; 283; 284; 285; 286; 287; 288; 290; 312; 315; 316; 318; 319; 320; 321; 322; 323; 346; 351; 352; 354; 355; 361; 362; 363; 364; 365; 366; 367; 368; 369; 371; 372; 373; 374; 375
ACTC1,ACTG2,Cofilin,6,6,82,0,0,0.0,0.0,,0,0,,16; 23; 24; 25; 26; 27; 28; 29; 30; 31; 32; 46; 47; 48; 49; 50; 53; 56; 57; 59; 60; 61; 88; 91; 92; 93; 94; 95; 96; 97; 100; 133; 134; 135; 136; 139; 140; 143; 144; 145; 146; 147; 148; 149; 157; 166; 167; 168; 169; 207; 210; 211; 214; 215; 288; 291; 292; 296; 305; 326; 328; 330; 331; 332; 333; 334; 336; 337; 338; 341; 342; 344; 345; 346; 348; 349; 350; 351; 352; 354; 355; 375
ACTC1,ACTG2,Cofilin (UNC-60B),6,6,71,0,0,0.0,0.0,,0,0,,16; 23; 25; 26; 27; 28; 29; 30; 31; 32; 47; 49; 50; 53; 56; 57; 59; 60; 61; 91; 92; 93; 94; 95; 96; 97; 100; 133; 135; 139; 140; 143; 144; 145; 146; 147; 148; 149; 167; 168; 169; 207; 210; 211; 214; 215; 291; 296; 305; 326; 328; 330; 332; 333; 334; 336; 337; 338; 341; 342; 344; 345; 346; 348; 349; 350; 351; 352; 354; 355; 375
ACTC1,ACTG2,Cofilin-1,6,6,76,0,0,0.0,0.0,,0,0,,21; 23; 24; 25; 26; 27; 28; 29; 30; 31; 44; 45; 50; 51; 53; 56; 57; 60; 61; 87; 88; 91; 92; 93; 94; 95; 96; 97; 99; 100; 101; 133; 140; 142; 143; 144; 145; 146; 147; 148; 149; 166; 167; 168; 169; 214; 215; 288; 291; 292; 295; 296; 305; 326; 328; 330; 331; 332; 333; 334; 336; 337; 338; 341; 342; 343; 345; 346; 348; 349; 350; 351; 352; 354; 355; 375
ACTC1,ACTG2,Cofilin-2,6,6,77,0,0,0.0,0.0,,0,0,,4; 5; 21; 23; 24; 25; 26; 27; 28; 29; 30; 31; 50; 53; 56; 57; 60; 61; 88; 91; 92; 93; 94; 95; 96; 97; 99; 100; 101; 133; 134; 135; 136; 139; 140; 143; 144; 145; 146; 147; 148; 149; 166; 167; 168; 169; 214; 215; 291; 292; 295; 296; 305; 326; 328; 330; 331; 332; 333; 334; 336; 337; 338; 341; 342; 345; 346; 348; 349; 350; 351; 352; 353; 354; 355; 374; 375
ACTC1,ACTG2,"Coronin-1B,Methylated-DNA--protein-cysteine methyltransferase",6,6,98,1,1,0.16666666666666666,0.01020408163265306,64.54444444444445,1,27,126,6; 37; 38; 39; 40; 41; 42; 49; 50; 51; 52; 66; 68; 75; 76; 77; 78; 79; 80; 81; 83; 84; 87; 91; 92; 95; 96; 97; 99; 100; 101; 102; 114; 115; 117; 118; 121; 122; 124; 125; 126; 127; 128; 130; 131; 169; 196; 198; 222; 224; 225; 230; 231; 232; 233; 234; 235; 237; 239; 246; 247; 248; 249; 250; 251; 252; 265; 270; 279; 315; 316; 318; 319; 320; 321; 322; 323; 350; 351; 353; 354; 355; 356; 357; 358; 359; 360; 361; 362; 363; 364; 365; 366; 367; 368; 369; 372; 373
ACTC1,ACTG2,Dematin actin binding protein,6,6,125,2,2,0.3333333333333333,0.016,26.625,2,12,269; 275,2; 3; 4; 5; 6; 21; 22; 23; 24; 25; 26; 27; 28; 38; 39; 40; 41; 42; 43; 44; 45; 46; 47; 48; 49; 50; 51; 95; 96; 97; 99; 100; 101; 102; 121; 125; 130; 131; 133; 143; 144; 145; 146; 147; 168; 169; 172; 215; 216; 218; 219; 221; 222; 223; 224; 226; 229; 230; 231; 232; 233; 234; 235; 237; 238; 239; 240; 241; 247; 249; 259; 262; 263; 264; 265; 266; 268; 269; 270; 271; 272; 273; 275; 276; 305; 307; 308; 312; 315; 316; 318; 319; 320; 330; 332; 333; 334; 337; 340; 341; 344; 345; 347; 348; 350; 351; 353; 354; 355; 356; 358; 359; 360; 361; 362; 363; 364; 365; 366; 367; 371; 372; 373; 374; 375
ACTC1,ACTG2,Epididymis secretory protein Li 37,6,6,43,0,0,0.0,0.0,,0,0,,23; 24; 25; 44; 45; 46; 47; 48; 49; 50; 51; 52; 53; 54; 56; 57; 61; 84; 87; 88; 91; 92; 93; 95; 96; 97; 98; 99; 100; 143; 144; 146; 147; 148; 167; 334; 341; 344; 345; 348; 349; 350; 351
ACTC1,ACTG2,F-actin-capping protein subunit alpha-1,6,6,46,1,1,0.16666666666666666,0.021739130434782608,20.633333333333333,1,6,269,116; 133; 139; 143; 146; 147; 148; 166; 167; 168; 169; 170; 171; 172; 173; 263; 265; 266; 268; 269; 270; 271; 272; 283; 284; 285; 286; 287; 288; 289; 290; 342; 345; 346; 349; 350; 351; 352; 354; 355; 369; 371; 372; 373; 374; 375
ACTC1,ACTG2,F-actin-capping protein subunit beta,6,6,45,1,1,0.16666666666666666,0.022222222222222223,6.1,1,1,113,113; 133; 139; 142; 143; 146; 147; 148; 166; 167; 168; 169; 173; 176; 224; 272; 276; 279; 280; 283; 284; 285; 286; 287; 288; 290; 320; 345; 346; 348; 349; 350; 351; 352; 354; 355; 364; 365; 368; 369; 371; 372; 373; 374; 375
ACTC1,ACTG2,Filamin-A,6,6,58,1,1,0.16666666666666666,0.017241379310344827,1.8,1,5,126,21; 24; 25; 26; 27; 28; 29; 30; 31; 44; 45; 46; 47; 48; 49; 50; 52; 53; 54; 56; 57; 60; 61; 83; 84; 87; 88; 91; 92; 93; 94; 95; 96; 97; 98; 100; 126; 142; 143; 144; 145; 146; 147; 148; 149; 167; 333; 334; 335; 336; 337; 341; 345; 348; 349; 350; 351; 354
ACTC1,ACTG2,Gelsolin,6,6,119,3,3,0.5,0.025210084033613446,36.605555555555554,3,8,126; 269; 275,2; 3; 4; 22; 23; 24; 25; 26; 27; 28; 29; 30; 31; 37; 38; 39; 40; 41; 42; 43; 44; 45; 46; 47; 48; 49; 50; 51; 52; 54; 56; 57; 60; 61; 66; 68; 84; 87; 88; 91; 92; 93; 95; 96; 97; 98; 99; 100; 126; 127; 128; 133; 140; 142; 143; 144; 145; 146; 147; 148; 149; 166; 167; 168; 169; 221; 222; 223; 224; 259; 262; 263; 264; 265; 266; 269; 270; 271; 272; 273; 275; 276; 291; 292; 295; 296; 311; 312; 314; 315; 316; 318; 319; 326; 328; 329; 330; 332; 334; 337; 338; 340; 341; 342; 344; 345; 346; 348; 349; 350; 351; 352; 353; 354; 355; 372; 373; 374; 375
ACTC1,ACTG2,Inositol-trisphosphate 3-kinase A,6,6,37,0,0,0.0,0.0,,0,0,,22; 23; 24; 25; 26; 44; 45; 46; 47; 48; 49; 50; 51; 53; 87; 91; 92; 142; 143; 144; 145; 146; 147; 148; 167; 332; 333; 334; 337; 340; 341; 344; 345; 348; 349; 350; 351
ACTC1,ACTG2,Inverted formin-2,6,6,112,1,1,0.16666666666666666,0.008928571428571428,28.53,1,10,126,5; 6; 21; 22; 23; 24; 25; 26; 27; 28; 44; 45; 46; 47; 48; 49; 50; 79; 80; 83; 87; 91; 92; 93; 94; 95; 96; 98; 99; 101; 114; 117; 118; 121; 122; 124; 125; 126; 127; 128; 130; 131; 142; 143; 144; 145; 146; 147; 148; 149; 166; 167; 168; 169; 216; 229; 231; 232; 233; 234; 235; 237; 238; 239; 240; 241; 242; 243; 244; 245; 247; 249; 291; 292; 295; 296; 322; 323; 324; 325; 326; 327; 328; 330; 332; 334; 341; 344; 345; 346; 348; 349; 350; 351; 352; 353; 354; 355; 356; 358; 359; 360; 361; 362; 363; 364; 365; 366; 367; 368; 369; 373
ACTC1,ACTG2,Isoform 2 of F-actin-capping protein subunit beta,6,6,46,0,0,0.0,0.0,,0,0,,110; 133; 136; 139; 143; 145; 146; 147; 148; 166; 167; 168; 169; 170; 171; 172; 173; 176; 224; 272; 276; 277; 279; 280; 283; 284; 285; 286; 288; 290; 320; 345; 346; 348; 349; 350; 351; 352; 354; 355; 361; 364; 369; 372; 373; 375
ACTC1,ACTG2,"Isoform A2 of Troponin T, cardiac muscle",6,6,36,0,0,0.0,0.0,,0,0,,25; 41; 42; 43; 44; 45; 46; 47; 48; 49; 50; 133; 136; 143; 144; 145; 146; 147; 148; 167; 168; 332; 333; 334; 341; 345; 349; 350; 351; 352; 354; 355; 371; 372; 373; 375
ACTC1,ACTG2,Leiomodin-2,6,6,93,3,3,0.5,0.03225806451612903,25.333333333333332,3,9,126; 269; 275,37; 38; 39; 40; 41; 42; 43; 44; 45; 46; 47; 48; 49; 50; 51; 52; 66; 68; 69; 70; 72; 75; 76; 77; 78; 79; 80; 81; 83; 84; 112; 114; 117; 118; 121; 122; 124; 125; 126; 167; 168; 169; 195; 196; 197; 198; 199; 224; 244; 245; 246; 247; 248; 249; 262; 263; 264; 265; 269; 270; 271; 272; 273; 275; 276; 279; 280; 283; 290; 318; 319; 320; 321; 322; 323; 349; 351; 352; 354; 355; 359; 361; 362; 363; 364; 365; 366; 367; 369; 371; 372; 373; 374
ACTC1,ACTG2,"Maltose/maltodextrin-binding periplasmic protein,Adenylate cyclase ExoY",6,6,53,0,0,0.0,0.0,,0,0,,16; 21; 23; 24; 25; 26; 27; 28; 29; 30; 31; 32; 44; 45; 46; 47; 56; 57; 59; 87; 90; 91; 92; 93; 94; 95; 96; 97; 99; 128; 142; 143; 144; 145; 146; 147; 148; 210; 211; 214; 305; 333; 334; 335; 336; 337; 341; 344; 345; 348; 349; 350; 351
ACTC1,ACTG2,"Maltose/maltodextrin-binding periplasmic protein,TccC3",6,6,44,0,0,0.0,0.0,,0,0,,25; 44; 45; 46; 47; 48; 49; 50; 53; 56; 57; 60; 61; 88; 92; 93; 95; 142; 143; 144; 145; 146; 147; 148; 149; 167; 168; 291; 292; 295; 296; 326; 328; 329; 330; 332; 333; 334; 341; 345; 348; 349; 350; 351
ACTC1,ACTG2,Myosin heavy chain 4,6,6,52,0,0,0.0,0.0,,0,0,,5; 6; 21; 22; 23; 24; 25; 26; 27; 28; 29; 30; 44; 45; 46; 47; 48; 49; 50; 56; 94; 95; 96; 101; 142; 143; 145; 146; 147; 148; 305; 310; 311; 314; 328; 329; 330; 331; 332; 333; 334; 336; 337; 341; 344; 345; 348; 349; 350; 351; 353; 354
ACTC1,ACTG2,"Myosin-14,Alpha-actinin A",6,6,53,0,0,0.0,0.0,,0,0,,3; 4; 22; 23; 24; 25; 26; 27; 28; 29; 30; 44; 45; 46; 47; 48; 49; 50; 56; 91; 93; 95; 96; 97; 100; 142; 143; 144; 145; 146; 147; 148; 167; 168; 305; 314; 328; 329; 330; 332; 333; 334; 337; 341; 344; 345; 348; 349; 350; 351; 352; 353; 354
ACTC1,ACTG2,Myosin-6,6,6,42,0,0,0.0,0.0,,0,0,,23; 24; 25; 26; 27; 28; 29; 30; 44; 45; 46; 47; 48; 56; 93; 94; 95; 96; 142; 143; 146; 147; 148; 305; 311; 314; 328; 330; 332; 333; 334; 336; 337; 341; 344; 345; 348; 349; 350; 351; 353; 354
ACTC1,ACTG2,Myosin-7,6,6,54,0,0,0.0,0.0,,0,0,,6; 21; 22; 23; 24; 25; 26; 27; 28; 29; 30; 44; 45; 46; 47; 48; 49; 50; 56; 93; 94; 95; 96; 97; 101; 142; 143; 145; 146; 147; 148; 149; 296; 305; 311; 314; 328; 329; 330; 331; 332; 333; 334; 336; 337; 341; 344; 345; 348; 349; 350; 351; 353; 354
ACTC1,ACTG2,Myosin-A,6,6,49,0,0,0.0,0.0,,0,0,,6; 23; 24; 25; 26; 27; 28; 30; 44; 45; 46; 47; 48; 49; 50; 57; 87; 91; 92; 95; 96; 97; 142; 143; 145; 146; 147; 148; 167; 305; 328; 329; 330; 331; 332; 333; 334; 335; 336; 337; 341; 344; 345; 348; 349; 350; 351; 353; 354
ACTC1,ACTG2,Plastin-3,6,6,46,0,0,0.0,0.0,,0,0,,5; 23; 24; 25; 44; 45; 46; 47; 49; 50; 51; 52; 53; 54; 57; 61; 84; 87; 88; 90; 91; 92; 93; 94; 95; 96; 97; 98; 99; 100; 101; 143; 144; 146; 147; 148; 167; 169; 334; 341; 344; 345; 348; 349; 350; 351
ACTC1,ACTG2,Profilin-1,6,6,29,1,1,0.16666666666666666,0.034482758620689655,23.8,1,1,113,113; 116; 133; 136; 166; 167; 169; 170; 171; 172; 173; 284; 285; 286; 287; 288; 289; 290; 354; 355; 361; 365; 368; 369; 371; 372; 373; 374; 375
ACTC1,ACTG2,Protein diaphanous homolog 1,6,6,66,1,1,0.16666666666666666,0.015151515151515152,37.150000000000006,1,2,126,5; 6; 7; 22; 23; 24; 25; 44; 45; 46; 47; 48; 50; 61; 80; 83; 118; 121; 125; 126; 128; 143; 144; 145; 146; 147; 148; 149; 166; 167; 168; 169; 233; 234; 239; 292; 296; 318; 319; 321; 323; 324; 326; 328; 330; 340; 341; 344; 345; 346; 347; 348; 349; 350; 351; 352; 353; 355; 359; 362; 363; 364; 365; 366; 367; 372
ACTC1,ACTG2,Spectrin beta chain,6,6,76,0,0,0.0,0.0,,0,0,,2; 3; 21; 23; 24; 25; 26; 27; 28; 29; 30; 31; 44; 45; 46; 47; 48; 49; 50; 51; 52; 53; 54; 56; 57; 58; 61; 83; 84; 87; 88; 90; 91; 92; 93; 94; 95; 96; 97; 98; 99; 100; 124; 125; 128; 142; 143; 144; 145; 146; 147; 148; 167; 214; 215; 305; 306; 307; 308; 309; 331; 332; 333; 334; 335; 336; 337; 341; 345; 348; 349; 350; 351; 359; 362; 363
ACTC1,ACTG2,Src substrate cortactin,6,6,65,0,0,0.0,0.0,,0,0,,16; 18; 26; 27; 28; 29; 30; 31; 32; 45; 46; 47; 48; 56; 57; 59; 60; 61; 62; 144; 145; 146; 147; 148; 149; 166; 167; 207; 208; 210; 211; 214; 215; 217; 221; 240; 241; 242; 243; 288; 289; 291; 292; 295; 296; 298; 302; 305; 306; 307; 308; 309; 310; 311; 314; 328; 329; 330; 331; 332; 333; 334; 335; 336; 337
ACTC1,ACTG2,Talin-1,6,6,72,1,1,0.16666666666666666,0.013888888888888888,86.95,1,4,126,3; 4; 5; 23; 24; 25; 44; 45; 46; 47; 48; 49; 50; 51; 52; 53; 57; 83; 84; 87; 91; 92; 97; 98; 99; 100; 101; 102; 121; 124; 125; 126; 127; 128; 129; 130; 131; 143; 144; 145; 146; 147; 148; 328; 329; 330; 331; 332; 333; 334; 340; 341; 344; 345; 348; 349; 350; 351; 353; 354; 356; 358; 359; 360; 361; 362; 363; 364; 365; 366; 367; 373
ACTC1,ACTG2,Tropomodulin-1,6,6,132,3,3,0.5,0.022727272727272728,77.30555555555556,3,12,126; 254; 275,32; 37; 38; 39; 40; 41; 42; 43; 44; 45; 46; 47; 48; 49; 50; 51; 52; 53; 54; 56; 57; 59; 60; 61; 62; 63; 64; 66; 68; 69; 72; 75; 76; 77; 78; 79; 80; 81; 83; 84; 87; 88; 91; 92; 93; 95; 98; 99; 112; 114; 117; 118; 121; 122; 124; 125; 126; 127; 128; 195; 196; 197; 198; 199; 200; 201; 202; 204; 205; 207; 208; 210; 211; 213; 214; 215; 216; 217; 218; 219; 220; 221; 224; 226; 232; 233; 235; 236; 238; 239; 240; 241; 242; 243; 244; 245; 246; 247; 248; 249; 254; 262; 263; 264; 265; 266; 273; 275; 276; 279; 283; 294; 305; 306; 307; 308; 311; 316; 318; 319; 320; 321; 322; 323; 335; 359; 362; 363; 364; 365; 366; 367
ACTC1,ACTG2,Tropomyosin alpha-1 chain,6,6,35,1,1,0.16666666666666666,0.02857142857142857,36.747058823529414,1,17,254,25; 147; 215; 216; 217; 218; 219; 220; 221; 222; 225; 226; 235; 236; 238; 241; 254; 291; 295; 307; 308; 311; 314; 315; 318; 323; 324; 325; 326; 327; 328; 329; 330; 333; 334
ACTC1,ACTG2,Tropomyosin beta chain,6,6,11,1,1,0.16666666666666666,0.09090909090909091,34.199999999999996,1,3,254,218; 219; 220; 221; 222; 226; 238; 254; 307; 308; 311
ACTC1,ACTG2,Tropomyosin-1.9,6,6,17,0,0,0.0,0.0,,0,0,,24; 25; 26; 27; 30; 144; 145; 147; 326; 328; 330; 332; 333; 334; 337; 341; 345
ACTC1,ACTG2,"Troponin T2, cardiac type",6,6,34,0,0,0.0,0.0,,0,0,,24; 25; 41; 42; 43; 44; 45; 46; 47; 48; 49; 51; 133; 143; 144; 145; 146; 147; 148; 332; 333; 334; 341; 345; 349; 351; 352; 354; 355; 371; 372; 373; 374; 375
ACTC1,ACTG2,Unconventional myosin-Ib,6,6,66,0,0,0.0,0.0,,0,0,,2; 4; 6; 21; 22; 23; 24; 25; 26; 27; 28; 29; 30; 31; 44; 45; 46; 47; 48; 49; 50; 51; 56; 87; 91; 92; 93; 95; 96; 97; 98; 99; 100; 127; 128; 142; 143; 144; 145; 146; 147; 148; 305; 310; 311; 314; 327; 328; 329; 330; 331; 332; 333; 334; 335; 336; 337; 341; 344; 345; 348; 349; 350; 351; 353; 354
ACTC1,ACTG2,Utrophin,6,6,51,0,0,0.0,0.0,,0,0,,21; 24; 25; 26; 27; 28; 29; 30; 31; 44; 45; 46; 47; 48; 49; 50; 51; 52; 53; 54; 56; 57; 61; 84; 87; 88; 91; 92; 93; 94; 95; 96; 97; 98; 99; 143; 144; 146; 147; 148; 149; 167; 333; 334; 337; 341; 345; 348; 349; 350; 351
ACTC1,ACTG2,Vibrio VopV,6,6,95,2,2,0.3333333333333333,0.021052631578947368,32.6875,2,20,269; 275,35; 37; 38; 39; 66; 67; 68; 69; 70; 71; 72; 73; 75; 76; 77; 78; 79; 80; 81; 110; 111; 112; 114; 115; 117; 118; 121; 125; 173; 176; 177; 179; 183; 184; 187; 190; 194; 195; 196; 197; 198; 199; 200; 201; 202; 203; 205; 206; 239; 240; 241; 242; 244; 245; 246; 247; 248; 249; 262; 263; 264; 265; 267; 268; 269; 270; 271; 272; 273; 275; 276; 279; 280; 283; 284; 285; 286; 287; 290; 294; 318; 319; 320; 321; 322; 323; 324; 359; 362; 363; 364; 365; 366; 367; 368
ACTC1,ACTG2,Vinculin,6,6,65,1,1,0.16666666666666666,0.015384615384615385,8.600000000000001,1,2,126,5; 23; 24; 25; 26; 44; 45; 46; 47; 48; 49; 50; 51; 52; 53; 57; 61; 80; 83; 84; 87; 88; 91; 92; 93; 95; 96; 97; 99; 100; 102; 126; 127; 130; 131; 142; 143; 144; 145; 146; 147; 148; 296; 328; 330; 331; 332; 333; 334; 337; 341; 344; 345; 348; 349; 350; 351; 353; 354; 355; 356; 358; 360; 361; 373
ACTC1,ACTG2,VopV,6,6,85,2,2,0.3333333333333333,0.023529411764705882,26.12916666666667,2,15,126; 269,35; 37; 39; 63; 66; 67; 68; 69; 70; 71; 72; 73; 75; 76; 77; 78; 79; 81; 84; 110; 111; 112; 114; 115; 117; 118; 121; 125; 126; 128; 173; 176; 177; 179; 183; 187; 194; 196; 197; 198; 199; 200; 201; 202; 203; 204; 205; 206; 239; 241; 242; 244; 245; 246; 247; 248; 249; 268; 269; 270; 271; 272; 276; 279; 280; 283; 284; 285; 286; 287; 288; 290; 318; 319; 320; 321; 322; 323; 324; 362; 363; 364; 365; 366; 367
ACTC1,ACTG2,"WD repeat-containing protein 1,Methylated-DNA--protein-cysteine methyltransferase",6,6,52,0,0,0.0,0.0,,0,0,,166; 169; 171; 221; 222; 224; 225; 226; 228; 229; 230; 232; 233; 234; 235; 238; 270; 276; 311; 314; 315; 316; 318; 319; 320; 321; 322; 323; 324; 325; 326; 327; 328; 330; 353; 354; 355; 356; 358; 360; 361; 362; 363; 364; 365; 366; 367; 368; 369; 372; 373; 375
ACTC1,ACTG2,beta-cardiac myosin II,6,6,38,0,0,0.0,0.0,,0,0,,22; 23; 24; 25; 26; 27; 28; 29; 30; 44; 45; 46; 47; 48; 56; 142; 143; 145; 146; 147; 148; 311; 314; 328; 329; 330; 332; 333; 334; 337; 341; 344; 345; 348; 349; 350; 351; 354
ACTG1,ACTA1,Actin-interacting protein 1,3,3,82,1,1,0.3333333333333333,0.012195121951219513,1.2,1,1,230,37; 38; 39; 40; 41; 43; 44; 45; 46; 47; 48; 49; 50; 51; 52; 53; 64; 66; 68; 78; 79; 80; 83; 84; 87; 118; 122; 125; 126; 128; 166; 167; 169; 221; 222; 224; 225; 226; 228; 229; 230; 232; 233; 234; 235; 238; 254; 276; 307; 308; 310; 311; 314; 315; 318; 319; 320; 321; 323; 324; 325; 326; 327; 328; 329; 330; 354; 355; 358; 360; 361; 362; 363; 364; 365; 366; 367; 368; 369; 372; 373; 375
ACTG1,ACTA1,Actin-related protein 2,3,3,52,2,2,0.6666666666666666,0.038461538461538464,33.275000000000006,2,7,230; 243,38; 39; 40; 41; 42; 43; 44; 45; 46; 47; 48; 49; 50; 53; 60; 61; 62; 63; 64; 65; 66; 67; 188; 191; 192; 194; 195; 196; 197; 199; 200; 201; 202; 203; 204; 205; 208; 227; 230; 231; 241; 242; 243; 244; 245; 246; 247; 252; 266; 267; 268; 270
ACTG1,ACTA1,Actin-related protein 2/3 complex subunit 1,3,3,27,0,0,0.0,0.0,,0,0,,4; 23; 24; 25; 44; 45; 46; 47; 48; 142; 143; 144; 145; 146; 147; 148; 333; 334; 340; 341; 344; 345; 348; 349; 350; 351; 352
ACTG1,ACTA1,Actin-related protein 2/3 complex subunit 1B,3,3,22,0,0,0.0,0.0,,0,0,,23; 24; 25; 44; 45; 46; 47; 48; 142; 143; 144; 145; 146; 147; 148; 341; 344; 345; 348; 349; 350; 351
ACTG1,ACTA1,Actin-related protein 2/3 complex subunit 2,3,3,76,0,0,0.0,0.0,,0,0,,4; 5; 6; 7; 8; 21; 22; 23; 24; 28; 46; 48; 49; 50; 51; 75; 76; 77; 79; 83; 87; 94; 95; 96; 99; 100; 101; 102; 113; 114; 115; 117; 118; 121; 122; 125; 130; 131; 195; 196; 197; 198; 228; 229; 231; 232; 233; 234; 235; 236; 237; 238; 239; 240; 241; 245; 246; 247; 248; 249; 254; 279; 283; 320; 321; 322; 323; 324; 351; 356; 362; 363; 364; 365; 366; 367
ACTG1,ACTA1,Actin-related protein 2/3 complex subunit 3,3,3,22,0,0,0.0,0.0,,0,0,,4; 5; 46; 47; 48; 49; 87; 91; 92; 95; 97; 99; 125; 126; 128; 350; 351; 353; 354; 355; 361; 373
ACTG1,ACTA1,Actin-related protein 2/3 complex subunit 4,3,3,30,0,0,0.0,0.0,,0,0,,21; 28; 50; 51; 52; 79; 80; 83; 84; 87; 90; 91; 92; 93; 94; 95; 96; 97; 98; 99; 100; 101; 118; 121; 122; 125; 126; 127; 128; 359
ACTG1,ACTA1,Actin-related protein 2/3 complex subunit 5-like protein,3,3,8,0,0,0.0,0.0,,0,0,,37; 38; 39; 40; 41; 51; 66; 68
ACTG1,ACTA1,Actin-related protein 3,3,3,76,2,2,0.6666666666666666,0.02631578947368421,29.395,2,7,230; 243,37; 38; 39; 40; 41; 42; 43; 44; 45; 46; 47; 48; 49; 50; 51; 53; 60; 61; 62; 63; 64; 65; 117; 121; 124; 125; 128; 133; 143; 198; 200; 202; 204; 205; 208; 224; 227; 228; 230; 231; 232; 233; 234; 237; 238; 239; 240; 241; 242; 243; 244; 245; 246; 247; 248; 249; 346; 351; 354; 355; 359; 360; 361; 362; 363; 364; 365; 366; 367; 368; 369; 371; 372; 373; 374; 375
ACTG1,ACTA1,Adducin 1,3,3,88,0,0,0.0,0.0,,0,0,,4; 5; 6; 16; 21; 23; 24; 25; 26; 27; 28; 29; 30; 38; 39; 40; 41; 42; 43; 44; 45; 46; 47; 48; 49; 50; 51; 56; 93; 95; 96; 97; 100; 101; 133; 143; 144; 145; 146; 147; 148; 149; 166; 167; 168; 169; 173; 214; 215; 222; 224; 225; 228; 279; 280; 283; 284; 285; 286; 287; 288; 290; 292; 295; 296; 305; 332; 333; 334; 336; 337; 340; 341; 344; 345; 346; 348; 349; 350; 351; 352; 354; 355; 371; 372; 373; 374; 375
ACTG1,ACTA1,Adenylyl cyclase-associated protein 1,3,3,49,1,1,0.3333333333333333,0.02040816326530612,79.06666666666666,1,6,243,32; 40; 43; 44; 45; 46; 47; 48; 49; 50; 53; 56; 57; 59; 60; 61; 62; 63; 64; 65; 88; 91; 92; 93; 95; 188; 191; 195; 202; 203; 204; 205; 207; 208; 210; 211; 215; 240; 241; 242; 243; 244; 245; 256; 265; 266; 267; 268; 270
ACTG1,ACTA1,Afadin,3,3,10,0,0,0.0,0.0,,0,0,,6; 21; 22; 23; 24; 25; 28; 348; 349; 350
ACTG1,ACTA1,Alpha-catenin-like protein hmp-1,3,3,55,0,0,0.0,0.0,,0,0,,21; 23; 24; 25; 26; 27; 28; 29; 30; 44; 45; 46; 47; 48; 49; 50; 51; 52; 53; 54; 57; 84; 87; 88; 91; 92; 93; 94; 95; 96; 97; 99; 100; 142; 143; 144; 145; 146; 147; 148; 296; 328; 330; 332; 333; 334; 336; 337; 341; 344; 345; 348; 349; 350; 351
ACTG1,ACTA1,Beta-adducin,3,3,132,1,1,0.3333333333333333,0.007575757575757576,99.9,1,1,230,5; 6; 16; 21; 23; 24; 25; 26; 27; 28; 29; 30; 38; 39; 40; 41; 42; 43; 44; 45; 46; 47; 48; 49; 50; 51; 56; 95; 96; 97; 100; 101; 113; 114; 117; 118; 121; 124; 125; 126; 128; 133; 143; 144; 145; 146; 147; 148; 149; 167; 168; 169; 172; 188; 195; 196; 214; 223; 224; 227; 228; 230; 231; 232; 233; 234; 236; 237; 251; 252; 253; 256; 263; 265; 266; 279; 283; 287; 288; 290; 291; 292; 295; 296; 305; 310; 311; 314; 318; 319; 320; 321; 322; 323; 324; 326; 327; 328; 329; 330; 331; 332; 333; 334; 336; 337; 338; 340; 341; 344; 345; 346; 348; 349; 350; 351; 352; 354; 355; 359; 362; 363; 364; 365; 366; 367; 368; 371; 372; 373; 374; 375
ACTG1,ACTA1,Catenin alpha-1,3,3,78,1,1,0.3333333333333333,0.01282051282051282,9.2,1,2,243,21; 23; 24; 25; 26; 27; 28; 29; 30; 44; 45; 46; 47; 48; 49; 50; 51; 52; 53; 56; 57; 59; 60; 61; 62; 84; 87; 91; 92; 93; 94; 95; 96; 97; 99; 126; 127; 142; 143; 144; 145; 146; 147; 148; 149; 167; 169; 211; 215; 216; 238; 239; 240; 241; 242; 243; 247; 288; 291; 296; 305; 324; 328; 329; 330; 331; 332; 333; 334; 336; 337; 341; 344; 345; 348; 349; 350; 351
ACTG1,ACTA1,Cell invasion protein SipA,3,3,134,2,2,0.6666666666666666,0.014925373134328358,37.1625,2,17,230; 243,37; 38; 39; 40; 41; 42; 43; 44; 45; 46; 47; 48; 49; 51; 66; 67; 68; 69; 70; 71; 72; 73; 75; 76; 77; 78; 79; 80; 83; 84; 112; 113; 114; 117; 118; 121; 125; 126; 133; 139; 143; 158; 169; 170; 172; 173; 179; 183; 184; 187; 195; 196; 197; 198; 199; 200; 201; 202; 203; 204; 205; 206; 208; 222; 223; 224; 225; 227; 228; 230; 231; 232; 233; 234; 237; 239; 242; 243; 244; 246; 247; 248; 249; 251; 252; 253; 256; 263; 265; 266; 267; 268; 269; 270; 271; 275; 276; 279; 280; 283; 284; 285; 286; 287; 288; 290; 312; 315; 316; 318; 319; 320; 321; 322; 323; 346; 351; 352; 354; 355; 361; 362; 363; 364; 365; 366; 367; 368; 369; 371; 372; 373; 374; 375
ACTG1,ACTA1,Cofilin,3,3,82,0,0,0.0,0.0,,0,0,,16; 23; 24; 25; 26; 27; 28; 29; 30; 31; 32; 46; 47; 48; 49; 50; 53; 56; 57; 59; 60; 61; 88; 91; 92; 93; 94; 95; 96; 97; 100; 133; 134; 135; 136; 139; 140; 143; 144; 145; 146; 147; 148; 149; 157; 166; 167; 168; 169; 207; 210; 211; 214; 215; 288; 291; 292; 296; 305; 326; 328; 330; 331; 332; 333; 334; 336; 337; 338; 341; 342; 344; 345; 346; 348; 349; 350; 351; 352; 354; 355; 375
ACTG1,ACTA1,Cofilin (UNC-60B),3,3,71,0,0,0.0,0.0,,0,0,,16; 23; 25; 26; 27; 28; 29; 30; 31; 32; 47; 49; 50; 53; 56; 57; 59; 60; 61; 91; 92; 93; 94; 95; 96; 97; 100; 133; 135; 139; 140; 143; 144; 145; 146; 147; 148; 149; 167; 168; 169; 207; 210; 211; 214; 215; 291; 296; 305; 326; 328; 330; 332; 333; 334; 336; 337; 338; 341; 342; 344; 345; 346; 348; 349; 350; 351; 352; 354; 355; 375
ACTG1,ACTA1,Cofilin-1,3,3,76,0,0,0.0,0.0,,0,0,,21; 23; 24; 25; 26; 27; 28; 29; 30; 31; 44; 45; 50; 51; 53; 56; 57; 60; 61; 87; 88; 91; 92; 93; 94; 95; 96; 97; 99; 100; 101; 133; 140; 142; 143; 144; 145; 146; 147; 148; 149; 166; 167; 168; 169; 214; 215; 288; 291; 292; 295; 296; 305; 326; 328; 330; 331; 332; 333; 334; 336; 337; 338; 341; 342; 343; 345; 346; 348; 349; 350; 351; 352; 354; 355; 375
ACTG1,ACTA1,Cofilin-2,3,3,77,0,0,0.0,0.0,,0,0,,4; 5; 21; 23; 24; 25; 26; 27; 28; 29; 30; 31; 50; 53; 56; 57; 60; 61; 88; 91; 92; 93; 94; 95; 96; 97; 99; 100; 101; 133; 134; 135; 136; 139; 140; 143; 144; 145; 146; 147; 148; 149; 166; 167; 168; 169; 214; 215; 291; 292; 295; 296; 305; 326; 328; 330; 331; 332; 333; 334; 336; 337; 338; 341; 342; 345; 346; 348; 349; 350; 351; 352; 353; 354; 355; 374; 375
ACTG1,ACTA1,"Coronin-1B,Methylated-DNA--protein-cysteine methyltransferase",3,3,98,1,1,0.3333333333333333,0.01020408163265306,65.4090909090909,1,22,230,6; 37; 38; 39; 40; 41; 42; 49; 50; 51; 52; 66; 68; 75; 76; 77; 78; 79; 80; 81; 83; 84; 87; 91; 92; 95; 96; 97; 99; 100; 101; 102; 114; 115; 117; 118; 121; 122; 124; 125; 126; 127; 128; 130; 131; 169; 196; 198; 222; 224; 225; 230; 231; 232; 233; 234; 235; 237; 239; 246; 247; 248; 249; 250; 251; 252; 265; 270; 279; 315; 316; 318; 319; 320; 321; 322; 323; 350; 351; 353; 354; 355; 356; 357; 358; 359; 360; 361; 362; 363; 364; 365; 366; 367; 368; 369; 372; 373
ACTG1,ACTA1,Dematin actin binding protein,3,3,125,1,1,0.3333333333333333,0.008,2.0,1,1,230,2; 3; 4; 5; 6; 21; 22; 23; 24; 25; 26; 27; 28; 38; 39; 40; 41; 42; 43; 44; 45; 46; 47; 48; 49; 50; 51; 95; 96; 97; 99; 100; 101; 102; 121; 125; 130; 131; 133; 143; 144; 145; 146; 147; 168; 169; 172; 215; 216; 218; 219; 221; 222; 223; 224; 226; 229; 230; 231; 232; 233; 234; 235; 237; 238; 239; 240; 241; 247; 249; 259; 262; 263; 264; 265; 266; 268; 269; 270; 271; 272; 273; 275; 276; 305; 307; 308; 312; 315; 316; 318; 319; 320; 330; 332; 333; 334; 337; 340; 341; 344; 345; 347; 348; 350; 351; 353; 354; 355; 356; 358; 359; 360; 361; 362; 363; 364; 365; 366; 367; 371; 372; 373; 374; 375
ACTG1,ACTA1,Epididymis secretory protein Li 37,3,3,43,0,0,0.0,0.0,,0,0,,23; 24; 25; 44; 45; 46; 47; 48; 49; 50; 51; 52; 53; 54; 56; 57; 61; 84; 87; 88; 91; 92; 93; 95; 96; 97; 98; 99; 100; 143; 144; 146; 147; 148; 167; 334; 341; 344; 345; 348; 349; 350; 351
ACTG1,ACTA1,F-actin-capping protein subunit alpha-1,3,3,46,0,0,0.0,0.0,,0,0,,116; 133; 139; 143; 146; 147; 148; 166; 167; 168; 169; 170; 171; 172; 173; 263; 265; 266; 268; 269; 270; 271; 272; 283; 284; 285; 286; 287; 288; 289; 290; 342; 345; 346; 349; 350; 351; 352; 354; 355; 369; 371; 372; 373; 374; 375
ACTG1,ACTA1,F-actin-capping protein subunit beta,3,3,45,0,0,0.0,0.0,,0,0,,113; 133; 139; 142; 143; 146; 147; 148; 166; 167; 168; 169; 173; 176; 224; 272; 276; 279; 280; 283; 284; 285; 286; 287; 288; 290; 320; 345; 346; 348; 349; 350; 351; 352; 354; 355; 364; 365; 368; 369; 371; 372; 373; 374; 375
ACTG1,ACTA1,Filamin-A,3,3,58,0,0,0.0,0.0,,0,0,,21; 24; 25; 26; 27; 28; 29; 30; 31; 44; 45; 46; 47; 48; 49; 50; 52; 53; 54; 56; 57; 60; 61; 83; 84; 87; 88; 91; 92; 93; 94; 95; 96; 97; 98; 100; 126; 142; 143; 144; 145; 146; 147; 148; 149; 167; 333; 334; 335; 336; 337; 341; 345; 348; 349; 350; 351; 354
ACTG1,ACTA1,Gelsolin,3,3,119,0,0,0.0,0.0,,0,0,,2; 3; 4; 22; 23; 24; 25; 26; 27; 28; 29; 30; 31; 37; 38; 39; 40; 41; 42; 43; 44; 45; 46; 47; 48; 49; 50; 51; 52; 54; 56; 57; 60; 61; 66; 68; 84; 87; 88; 91; 92; 93; 95; 96; 97; 98; 99; 100; 126; 127; 128; 133; 140; 142; 143; 144; 145; 146; 147; 148; 149; 166; 167; 168; 169; 221; 222; 223; 224; 259; 262; 263; 264; 265; 266; 269; 270; 271; 272; 273; 275; 276; 291; 292; 295; 296; 311; 312; 314; 315; 316; 318; 319; 326; 328; 329; 330; 332; 334; 337; 338; 340; 341; 342; 344; 345; 346; 348; 349; 350; 351; 352; 353; 354; 355; 372; 373; 374; 375
ACTG1,ACTA1,Inositol-trisphosphate 3-kinase A,3,3,37,0,0,0.0,0.0,,0,0,,22; 23; 24; 25; 26; 44; 45; 46; 47; 48; 49; 50; 51; 53; 87; 91; 92; 142; 143; 144; 145; 146; 147; 148; 167; 332; 333; 334; 337; 340; 341; 344; 345; 348; 349; 350; 351
ACTG1,ACTA1,Inverted formin-2,3,3,112,1,1,0.3333333333333333,0.008928571428571428,49.2,1,1,243,5; 6; 21; 22; 23; 24; 25; 26; 27; 28; 44; 45; 46; 47; 48; 49; 50; 79; 80; 83; 87; 91; 92; 93; 94; 95; 96; 98; 99; 101; 114; 117; 118; 121; 122; 124; 125; 126; 127; 128; 130; 131; 142; 143; 144; 145; 146; 147; 148; 149; 166; 167; 168; 169; 216; 229; 231; 232; 233; 234; 235; 237; 238; 239; 240; 241; 242; 243; 244; 245; 247; 249; 291; 292; 295; 296; 322; 323; 324; 325; 326; 327; 328; 330; 332; 334; 341; 344; 345; 346; 348; 349; 350; 351; 352; 353; 354; 355; 356; 358; 359; 360; 361; 362; 363; 364; 365; 366; 367; 368; 369; 373
ACTG1,ACTA1,Isoform 2 of F-actin-capping protein subunit beta,3,3,46,0,0,0.0,0.0,,0,0,,110; 133; 136; 139; 143; 145; 146; 147; 148; 166; 167; 168; 169; 170; 171; 172; 173; 176; 224; 272; 276; 277; 279; 280; 283; 284; 285; 286; 288; 290; 320; 345; 346; 348; 349; 350; 351; 352; 354; 355; 361; 364; 369; 372; 373; 375
ACTG1,ACTA1,"Isoform A2 of Troponin T, cardiac muscle",3,3,36,0,0,0.0,0.0,,0,0,,25; 41; 42; 43; 44; 45; 46; 47; 48; 49; 50; 133; 136; 143; 144; 145; 146; 147; 148; 167; 168; 332; 333; 334; 341; 345; 349; 350; 351; 352; 354; 355; 371; 372; 373; 375
ACTG1,ACTA1,Leiomodin-2,3,3,93,0,0,0.0,0.0,,0,0,,37; 38; 39; 40; 41; 42; 43; 44; 45; 46; 47; 48; 49; 50; 51; 52; 66; 68; 69; 70; 72; 75; 76; 77; 78; 79; 80; 81; 83; 84; 112; 114; 117; 118; 121; 122; 124; 125; 126; 167; 168; 169; 195; 196; 197; 198; 199; 224; 244; 245; 246; 247; 248; 249; 262; 263; 264; 265; 269; 270; 271; 272; 273; 275; 276; 279; 280; 283; 290; 318; 319; 320; 321; 322; 323; 349; 351; 352; 354; 355; 359; 361; 362; 363; 364; 365; 366; 367; 369; 371; 372; 373; 374
ACTG1,ACTA1,"Maltose/maltodextrin-binding periplasmic protein,Adenylate cyclase ExoY",3,3,53,0,0,0.0,0.0,,0,0,,16; 21; 23; 24; 25; 26; 27; 28; 29; 30; 31; 32; 44; 45; 46; 47; 56; 57; 59; 87; 90; 91; 92; 93; 94; 95; 96; 97; 99; 128; 142; 143; 144; 145; 146; 147; 148; 210; 211; 214; 305; 333; 334; 335; 336; 337; 341; 344; 345; 348; 349; 350; 351
ACTG1,ACTA1,"Maltose/maltodextrin-binding periplasmic protein,TccC3",3,3,44,0,0,0.0,0.0,,0,0,,25; 44; 45; 46; 47; 48; 49; 50; 53; 56; 57; 60; 61; 88; 92; 93; 95; 142; 143; 144; 145; 146; 147; 148; 149; 167; 168; 291; 292; 295; 296; 326; 328; 329; 330; 332; 333; 334; 341; 345; 348; 349; 350; 351
ACTG1,ACTA1,Myosin heavy chain 4,3,3,52,0,0,0.0,0.0,,0,0,,5; 6; 21; 22; 23; 24; 25; 26; 27; 28; 29; 30; 44; 45; 46; 47; 48; 49; 50; 56; 94; 95; 96; 101; 142; 143; 145; 146; 147; 148; 305; 310; 311; 314; 328; 329; 330; 331; 332; 333; 334; 336; 337; 341; 344; 345; 348; 349; 350; 351; 353; 354
ACTG1,ACTA1,"Myosin-14,Alpha-actinin A",3,3,53,0,0,0.0,0.0,,0,0,,3; 4; 22; 23; 24; 25; 26; 27; 28; 29; 30; 44; 45; 46; 47; 48; 49; 50; 56; 91; 93; 95; 96; 97; 100; 142; 143; 144; 145; 146; 147; 148; 167; 168; 305; 314; 328; 329; 330; 332; 333; 334; 337; 341; 344; 345; 348; 349; 350; 351; 352; 353; 354
ACTG1,ACTA1,Myosin-6,3,3,42,0,0,0.0,0.0,,0,0,,23; 24; 25; 26; 27; 28; 29; 30; 44; 45; 46; 47; 48; 56; 93; 94; 95; 96; 142; 143; 146; 147; 148; 305; 311; 314; 328; 330; 332; 333; 334; 336; 337; 341; 344; 345; 348; 349; 350; 351; 353; 354
ACTG1,ACTA1,Myosin-7,3,3,54,0,0,0.0,0.0,,0,0,,6; 21; 22; 23; 24; 25; 26; 27; 28; 29; 30; 44; 45; 46; 47; 48; 49; 50; 56; 93; 94; 95; 96; 97; 101; 142; 143; 145; 146; 147; 148; 149; 296; 305; 311; 314; 328; 329; 330; 331; 332; 333; 334; 336; 337; 341; 344; 345; 348; 349; 350; 351; 353; 354
ACTG1,ACTA1,Myosin-A,3,3,49,0,0,0.0,0.0,,0,0,,6; 23; 24; 25; 26; 27; 28; 30; 44; 45; 46; 47; 48; 49; 50; 57; 87; 91; 92; 95; 96; 97; 142; 143; 145; 146; 147; 148; 167; 305; 328; 329; 330; 331; 332; 333; 334; 335; 336; 337; 341; 344; 345; 348; 349; 350; 351; 353; 354
ACTG1,ACTA1,Plastin-3,3,3,46,0,0,0.0,0.0,,0,0,,5; 23; 24; 25; 44; 45; 46; 47; 49; 50; 51; 52; 53; 54; 57; 61; 84; 87; 88; 90; 91; 92; 93; 94; 95; 96; 97; 98; 99; 100; 101; 143; 144; 146; 147; 148; 167; 169; 334; 341; 344; 345; 348; 349; 350; 351
ACTG1,ACTA1,Profilin-1,3,3,29,0,0,0.0,0.0,,0,0,,113; 116; 133; 136; 166; 167; 169; 170; 171; 172; 173; 284; 285; 286; 287; 288; 289; 290; 354; 355; 361; 365; 368; 369; 371; 372; 373; 374; 375
ACTG1,ACTA1,Protein diaphanous homolog 1,3,3,66,0,0,0.0,0.0,,0,0,,5; 6; 7; 22; 23; 24; 25; 44; 45; 46; 47; 48; 50; 61; 80; 83; 118; 121; 125; 126; 128; 143; 144; 145; 146; 147; 148; 149; 166; 167; 168; 169; 233; 234; 239; 292; 296; 318; 319; 321; 323; 324; 326; 328; 330; 340; 341; 344; 345; 346; 347; 348; 349; 350; 351; 352; 353; 355; 359; 362; 363; 364; 365; 366; 367; 372
ACTG1,ACTA1,Spectrin beta chain,3,3,76,0,0,0.0,0.0,,0,0,,2; 3; 21; 23; 24; 25; 26; 27; 28; 29; 30; 31; 44; 45; 46; 47; 48; 49; 50; 51; 52; 53; 54; 56; 57; 58; 61; 83; 84; 87; 88; 90; 91; 92; 93; 94; 95; 96; 97; 98; 99; 100; 124; 125; 128; 142; 143; 144; 145; 146; 147; 148; 167; 214; 215; 305; 306; 307; 308; 309; 331; 332; 333; 334; 335; 336; 337; 341; 345; 348; 349; 350; 351; 359; 362; 363
ACTG1,ACTA1,Src substrate cortactin,3,3,65,1,1,0.3333333333333333,0.015384615384615385,34.2,1,1,243,16; 18; 26; 27; 28; 29; 30; 31; 32; 45; 46; 47; 48; 56; 57; 59; 60; 61; 62; 144; 145; 146; 147; 148; 149; 166; 167; 207; 208; 210; 211; 214; 215; 217; 221; 240; 241; 242; 243; 288; 289; 291; 292; 295; 296; 298; 302; 305; 306; 307; 308; 309; 310; 311; 314; 328; 329; 330; 331; 332; 333; 334; 335; 336; 337
ACTG1,ACTA1,Talin-1,3,3,72,0,0,0.0,0.0,,0,0,,3; 4; 5; 23; 24; 25; 44; 45; 46; 47; 48; 49; 50; 51; 52; 53; 57; 83; 84; 87; 91; 92; 97; 98; 99; 100; 101; 102; 121; 124; 125; 126; 127; 128; 129; 130; 131; 143; 144; 145; 146; 147; 148; 328; 329; 330; 331; 332; 333; 334; 340; 341; 344; 345; 348; 349; 350; 351; 353; 354; 356; 358; 359; 360; 361; 362; 363; 364; 365; 366; 367; 373
ACTG1,ACTA1,Tropomodulin-1,3,3,132,1,1,0.3333333333333333,0.007575757575757576,34.28333333333333,1,6,243,32; 37; 38; 39; 40; 41; 42; 43; 44; 45; 46; 47; 48; 49; 50; 51; 52; 53; 54; 56; 57; 59; 60; 61; 62; 63; 64; 66; 68; 69; 72; 75; 76; 77; 78; 79; 80; 81; 83; 84; 87; 88; 91; 92; 93; 95; 98; 99; 112; 114; 117; 118; 121; 122; 124; 125; 126; 127; 128; 195; 196; 197; 198; 199; 200; 201; 202; 204; 205; 207; 208; 210; 211; 213; 214; 215; 216; 217; 218; 219; 220; 221; 224; 226; 232; 233; 235; 236; 238; 239; 240; 241; 242; 243; 244; 245; 246; 247; 248; 249; 254; 262; 263; 264; 265; 266; 273; 275; 276; 279; 283; 294; 305; 306; 307; 308; 311; 316; 318; 319; 320; 321; 322; 323; 335; 359; 362; 363; 364; 365; 366; 367
ACTG1,ACTA1,Tropomyosin alpha-1 chain,3,3,35,0,0,0.0,0.0,,0,0,,25; 147; 215; 216; 217; 218; 219; 220; 221; 222; 225; 226; 235; 236; 238; 241; 254; 291; 295; 307; 308; 311; 314; 315; 318; 323; 324; 325; 326; 327; 328; 329; 330; 333; 334
ACTG1,ACTA1,Tropomyosin beta chain,3,3,11,0,0,0.0,0.0,,0,0,,218; 219; 220; 221; 222; 226; 238; 254; 307; 308; 311
ACTG1,ACTA1,Tropomyosin-1.9,3,3,17,0,0,0.0,0.0,,0,0,,24; 25; 26; 27; 30; 144; 145; 147; 326; 328; 330; 332; 333; 334; 337; 341; 345
ACTG1,ACTA1,"Troponin T2, cardiac type",3,3,34,0,0,0.0,0.0,,0,0,,24; 25; 41; 42; 43; 44; 45; 46; 47; 48; 49; 51; 133; 143; 144; 145; 146; 147; 148; 332; 333; 334; 341; 345; 349; 351; 352; 354; 355; 371; 372; 373; 374; 375
ACTG1,ACTA1,Unconventional myosin-Ib,3,3,66,0,0,0.0,0.0,,0,0,,2; 4; 6; 21; 22; 23; 24; 25; 26; 27; 28; 29; 30; 31; 44; 45; 46; 47; 48; 49; 50; 51; 56; 87; 91; 92; 93; 95; 96; 97; 98; 99; 100; 127; 128; 142; 143; 144; 145; 146; 147; 148; 305; 310; 311; 314; 327; 328; 329; 330; 331; 332; 333; 334; 335; 336; 337; 341; 344; 345; 348; 349; 350; 351; 353; 354
ACTG1,ACTA1,Utrophin,3,3,51,0,0,0.0,0.0,,0,0,,21; 24; 25; 26; 27; 28; 29; 30; 31; 44; 45; 46; 47; 48; 49; 50; 51; 52; 53; 54; 56; 57; 61; 84; 87; 88; 91; 92; 93; 94; 95; 96; 97; 98; 99; 143; 144; 146; 147; 148; 149; 167; 333; 334; 337; 341; 345; 348; 349; 350; 351
ACTG1,ACTA1,Vibrio VopV,3,3,95,0,0,0.0,0.0,,0,0,,35; 37; 38; 39; 66; 67; 68; 69; 70; 71; 72; 73; 75; 76; 77; 78; 79; 80; 81; 110; 111; 112; 114; 115; 117; 118; 121; 125; 173; 176; 177; 179; 183; 184; 187; 190; 194; 195; 196; 197; 198; 199; 200; 201; 202; 203; 205; 206; 239; 240; 241; 242; 244; 245; 246; 247; 248; 249; 262; 263; 264; 265; 267; 268; 269; 270; 271; 272; 273; 275; 276; 279; 280; 283; 284; 285; 286; 287; 290; 294; 318; 319; 320; 321; 322; 323; 324; 359; 362; 363; 364; 365; 366; 367; 368
ACTG1,ACTA1,Vinculin,3,3,65,0,0,0.0,0.0,,0,0,,5; 23; 24; 25; 26; 44; 45; 46; 47; 48; 49; 50; 51; 52; 53; 57; 61; 80; 83; 84; 87; 88; 91; 92; 93; 95; 96; 97; 99; 100; 102; 126; 127; 130; 131; 142; 143; 144; 145; 146; 147; 148; 296; 328; 330; 331; 332; 333; 334; 337; 341; 344; 345; 348; 349; 350; 351; 353; 354; 355; 356; 358; 360; 361; 373
ACTG1,ACTA1,VopV,3,3,85,0,0,0.0,0.0,,0,0,,35; 37; 39; 63; 66; 67; 68; 69; 70; 71; 72; 73; 75; 76; 77; 78; 79; 81; 84; 110; 111; 112; 114; 115; 117; 118; 121; 125; 126; 128; 173; 176; 177; 179; 183; 187; 194; 196; 197; 198; 199; 200; 201; 202; 203; 204; 205; 206; 239; 241; 242; 244; 245; 246; 247; 248; 249; 268; 269; 270; 271; 272; 276; 279; 280; 283; 284; 285; 286; 287; 288; 290; 318; 319; 320; 321; 322; 323; 324; 362; 363; 364; 365; 366; 367
ACTG1,ACTA1,"WD repeat-containing protein 1,Methylated-DNA--protein-cysteine methyltransferase",3,3,52,1,1,0.3333333333333333,0.019230769230769232,0.5,1,1,230,166; 169; 171; 221; 222; 224; 225; 226; 228; 229; 230; 232; 233; 234; 235; 238; 270; 276; 311; 314; 315; 316; 318; 319; 320; 321; 322; 323; 324; 325; 326; 327; 328; 330; 353; 354; 355; 356; 358; 360; 361; 362; 363; 364; 365; 366; 367; 368; 369; 372; 373; 375
ACTG1,ACTA1,beta-cardiac myosin II,3,3,38,0,0,0.0,0.0,,0,0,,22; 23; 24; 25; 26; 27; 28; 29; 30; 44; 45; 46; 47; 48; 56; 142; 143; 145; 146; 147; 148; 311; 314; 328; 329; 330; 332; 333; 334; 337; 341; 344; 345; 348; 349; 350; 351; 354
ACTG1,ACTA2,Actin-interacting protein 1,4,4,82,1,1,0.25,0.012195121951219513,36.7,1,1,118,37; 38; 39; 40; 41; 43; 44; 45; 46; 47; 48; 49; 50; 51; 52; 53; 64; 66; 68; 78; 79; 80; 83; 84; 87; 118; 122; 125; 126; 128; 166; 167; 169; 221; 222; 224; 225; 226; 228; 229; 230; 232; 233; 234; 235; 238; 254; 276; 307; 308; 310; 311; 314; 315; 318; 319; 320; 321; 323; 324; 325; 326; 327; 328; 329; 330; 354; 355; 358; 360; 361; 362; 363; 364; 365; 366; 367; 368; 369; 372; 373; 375
ACTG1,ACTA2,Actin-related protein 2,4,4,52,0,0,0.0,0.0,,0,0,,38; 39; 40; 41; 42; 43; 44; 45; 46; 47; 48; 49; 50; 53; 60; 61; 62; 63; 64; 65; 66; 67; 188; 191; 192; 194; 195; 196; 197; 199; 200; 201; 202; 203; 204; 205; 208; 227; 230; 231; 241; 242; 243; 244; 245; 246; 247; 252; 266; 267; 268; 270
ACTG1,ACTA2,Actin-related protein 2/3 complex subunit 1,4,4,27,1,1,0.25,0.037037037037037035,20.53333333333333,1,3,148,4; 23; 24; 25; 44; 45; 46; 47; 48; 142; 143; 144; 145; 146; 147; 148; 333; 334; 340; 341; 344; 345; 348; 349; 350; 351; 352
ACTG1,ACTA2,Actin-related protein 2/3 complex subunit 1B,4,4,22,1,1,0.25,0.045454545454545456,26.299999999999997,1,2,148,23; 24; 25; 44; 45; 46; 47; 48; 142; 143; 144; 145; 146; 147; 148; 341; 344; 345; 348; 349; 350; 351
ACTG1,ACTA2,Actin-related protein 2/3 complex subunit 2,4,4,76,2,2,0.5,0.02631578947368421,45.79,2,6,118; 283,4; 5; 6; 7; 8; 21; 22; 23; 24; 28; 46; 48; 49; 50; 51; 75; 76; 77; 79; 83; 87; 94; 95; 96; 99; 100; 101; 102; 113; 114; 115; 117; 118; 121; 122; 125; 130; 131; 195; 196; 197; 198; 228; 229; 231; 232; 233; 234; 235; 236; 237; 238; 239; 240; 241; 245; 246; 247; 248; 249; 254; 279; 283; 320; 321; 322; 323; 324; 351; 356; 362; 363; 364; 365; 366; 367
ACTG1,ACTA2,Actin-related protein 2/3 complex subunit 3,4,4,22,0,0,0.0,0.0,,0,0,,4; 5; 46; 47; 48; 49; 87; 91; 92; 95; 97; 99; 125; 126; 128; 350; 351; 353; 354; 355; 361; 373
ACTG1,ACTA2,Actin-related protein 2/3 complex subunit 4,4,4,30,1,1,0.25,0.03333333333333333,25.38,1,5,118,21; 28; 50; 51; 52; 79; 80; 83; 84; 87; 90; 91; 92; 93; 94; 95; 96; 97; 98; 99; 100; 101; 118; 121; 122; 125; 126; 127; 128; 359
ACTG1,ACTA2,Actin-related protein 2/3 complex subunit 5-like protein,4,4,8,0,0,0.0,0.0,,0,0,,37; 38; 39; 40; 41; 51; 66; 68
ACTG1,ACTA2,Actin-related protein 3,4,4,76,0,0,0.0,0.0,,0,0,,37; 38; 39; 40; 41; 42; 43; 44; 45; 46; 47; 48; 49; 50; 51; 53; 60; 61; 62; 63; 64; 65; 117; 121; 124; 125; 128; 133; 143; 198; 200; 202; 204; 205; 208; 224; 227; 228; 230; 231; 232; 233; 234; 237; 238; 239; 240; 241; 242; 243; 244; 245; 246; 247; 248; 249; 346; 351; 354; 355; 359; 360; 361; 362; 363; 364; 365; 366; 367; 368; 369; 371; 372; 373; 374; 375
ACTG1,ACTA2,Adducin 1,4,4,88,2,2,0.5,0.022727272727272728,46.2,2,6,148; 283,4; 5; 6; 16; 21; 23; 24; 25; 26; 27; 28; 29; 30; 38; 39; 40; 41; 42; 43; 44; 45; 46; 47; 48; 49; 50; 51; 56; 93; 95; 96; 97; 100; 101; 133; 143; 144; 145; 146; 147; 148; 149; 166; 167; 168; 169; 173; 214; 215; 222; 224; 225; 228; 279; 280; 283; 284; 285; 286; 287; 288; 290; 292; 295; 296; 305; 332; 333; 334; 336; 337; 340; 341; 344; 345; 346; 348; 349; 350; 351; 352; 354; 355; 371; 372; 373; 374; 375
ACTG1,ACTA2,Adenylyl cyclase-associated protein 1,4,4,49,0,0,0.0,0.0,,0,0,,32; 40; 43; 44; 45; 46; 47; 48; 49; 50; 53; 56; 57; 59; 60; 61; 62; 63; 64; 65; 88; 91; 92; 93; 95; 188; 191; 195; 202; 203; 204; 205; 207; 208; 210; 211; 215; 240; 241; 242; 243; 244; 245; 256; 265; 266; 267; 268; 270
ACTG1,ACTA2,Afadin,4,4,10,0,0,0.0,0.0,,0,0,,6; 21; 22; 23; 24; 25; 28; 348; 349; 350
ACTG1,ACTA2,Alpha-catenin-like protein hmp-1,4,4,55,1,1,0.25,0.01818181818181818,70.46000000000001,1,5,148,21; 23; 24; 25; 26; 27; 28; 29; 30; 44; 45; 46; 47; 48; 49; 50; 51; 52; 53; 54; 57; 84; 87; 88; 91; 92; 93; 94; 95; 96; 97; 99; 100; 142; 143; 144; 145; 146; 147; 148; 296; 328; 330; 332; 333; 334; 336; 337; 341; 344; 345; 348; 349; 350; 351
ACTG1,ACTA2,Beta-adducin,4,4,132,3,3,0.75,0.022727272727272728,34.81666666666666,3,4,118; 148; 283,5; 6; 16; 21; 23; 24; 25; 26; 27; 28; 29; 30; 38; 39; 40; 41; 42; 43; 44; 45; 46; 47; 48; 49; 50; 51; 56; 95; 96; 97; 100; 101; 113; 114; 117; 118; 121; 124; 125; 126; 128; 133; 143; 144; 145; 146; 147; 148; 149; 167; 168; 169; 172; 188; 195; 196; 214; 223; 224; 227; 228; 230; 231; 232; 233; 234; 236; 237; 251; 252; 253; 256; 263; 265; 266; 279; 283; 287; 288; 290; 291; 292; 295; 296; 305; 310; 311; 314; 318; 319; 320; 321; 322; 323; 324; 326; 327; 328; 329; 330; 331; 332; 333; 334; 336; 337; 338; 340; 341; 344; 345; 346; 348; 349; 350; 351; 352; 354; 355; 359; 362; 363; 364; 365; 366; 367; 368; 371; 372; 373; 374; 375
ACTG1,ACTA2,Catenin alpha-1,4,4,78,1,1,0.25,0.01282051282051282,73.28571428571429,1,14,148,21; 23; 24; 25; 26; 27; 28; 29; 30; 44; 45; 46; 47; 48; 49; 50; 51; 52; 53; 56; 57; 59; 60; 61; 62; 84; 87; 91; 92; 93; 94; 95; 96; 97; 99; 126; 127; 142; 143; 144; 145; 146; 147; 148; 149; 167; 169; 211; 215; 216; 238; 239; 240; 241; 242; 243; 247; 288; 291; 296; 305; 324; 328; 329; 330; 331; 332; 333; 334; 336; 337; 341; 344; 345; 348; 349; 350; 351
ACTG1,ACTA2,Cell invasion protein SipA,4,4,134,2,2,0.5,0.014925373134328358,57.879999999999995,2,32,118; 283,37; 38; 39; 40; 41; 42; 43; 44; 45; 46; 47; 48; 49; 51; 66; 67; 68; 69; 70; 71; 72; 73; 75; 76; 77; 78; 79; 80; 83; 84; 112; 113; 114; 117; 118; 121; 125; 126; 133; 139; 143; 158; 169; 170; 172; 173; 179; 183; 184; 187; 195; 196; 197; 198; 199; 200; 201; 202; 203; 204; 205; 206; 208; 222; 223; 224; 225; 227; 228; 230; 231; 232; 233; 234; 237; 239; 242; 243; 244; 246; 247; 248; 249; 251; 252; 253; 256; 263; 265; 266; 267; 268; 269; 270; 271; 275; 276; 279; 280; 283; 284; 285; 286; 287; 288; 290; 312; 315; 316; 318; 319; 320; 321; 322; 323; 346; 351; 352; 354; 355; 361; 362; 363; 364; 365; 366; 367; 368; 369; 371; 372; 373; 374; 375
ACTG1,ACTA2,Cofilin,4,4,82,1,1,0.25,0.012195121951219513,83.546875,1,32,148,16; 23; 24; 25; 26; 27; 28; 29; 30; 31; 32; 46; 47; 48; 49; 50; 53; 56; 57; 59; 60; 61; 88; 91; 92; 93; 94; 95; 96; 97; 100; 133; 134; 135; 136; 139; 140; 143; 144; 145; 146; 147; 148; 149; 157; 166; 167; 168; 169; 207; 210; 211; 214; 215; 288; 291; 292; 296; 305; 326; 328; 330; 331; 332; 333; 334; 336; 337; 338; 341; 342; 344; 345; 346; 348; 349; 350; 351; 352; 354; 355; 375
ACTG1,ACTA2,Cofilin (UNC-60B),4,4,71,1,1,0.25,0.014084507042253521,80.36666666666666,1,6,148,16; 23; 25; 26; 27; 28; 29; 30; 31; 32; 47; 49; 50; 53; 56; 57; 59; 60; 61; 91; 92; 93; 94; 95; 96; 97; 100; 133; 135; 139; 140; 143; 144; 145; 146; 147; 148; 149; 167; 168; 169; 207; 210; 211; 214; 215; 291; 296; 305; 326; 328; 330; 332; 333; 334; 336; 337; 338; 341; 342; 344; 345; 346; 348; 349; 350; 351; 352; 354; 355; 375
ACTG1,ACTA2,Cofilin-1,4,4,76,1,1,0.25,0.013157894736842105,98.040625,1,32,148,21; 23; 24; 25; 26; 27; 28; 29; 30; 31; 44; 45; 50; 51; 53; 56; 57; 60; 61; 87; 88; 91; 92; 93; 94; 95; 96; 97; 99; 100; 101; 133; 140; 142; 143; 144; 145; 146; 147; 148; 149; 166; 167; 168; 169; 214; 215; 288; 291; 292; 295; 296; 305; 326; 328; 330; 331; 332; 333; 334; 336; 337; 338; 341; 342; 343; 345; 346; 348; 349; 350; 351; 352; 354; 355; 375
ACTG1,ACTA2,Cofilin-2,4,4,77,1,1,0.25,0.012987012987012988,92.25238095238095,1,42,148,4; 5; 21; 23; 24; 25; 26; 27; 28; 29; 30; 31; 50; 53; 56; 57; 60; 61; 88; 91; 92; 93; 94; 95; 96; 97; 99; 100; 101; 133; 134; 135; 136; 139; 140; 143; 144; 145; 146; 147; 148; 149; 166; 167; 168; 169; 214; 215; 291; 292; 295; 296; 305; 326; 328; 330; 331; 332; 333; 334; 336; 337; 338; 341; 342; 345; 346; 348; 349; 350; 351; 352; 353; 354; 355; 374; 375
ACTG1,ACTA2,"Coronin-1B,Methylated-DNA--protein-cysteine methyltransferase",4,4,98,1,1,0.25,0.01020408163265306,80.31851851851852,1,27,118,6; 37; 38; 39; 40; 41; 42; 49; 50; 51; 52; 66; 68; 75; 76; 77; 78; 79; 80; 81; 83; 84; 87; 91; 92; 95; 96; 97; 99; 100; 101; 102; 114; 115; 117; 118; 121; 122; 124; 125; 126; 127; 128; 130; 131; 169; 196; 198; 222; 224; 225; 230; 231; 232; 233; 234; 235; 237; 239; 246; 247; 248; 249; 250; 251; 252; 265; 270; 279; 315; 316; 318; 319; 320; 321; 322; 323; 350; 351; 353; 354; 355; 356; 357; 358; 359; 360; 361; 362; 363; 364; 365; 366; 367; 368; 369; 372; 373
ACTG1,ACTA2,Dematin actin binding protein,4,4,125,0,0,0.0,0.0,,0,0,,2; 3; 4; 5; 6; 21; 22; 23; 24; 25; 26; 27; 28; 38; 39; 40; 41; 42; 43; 44; 45; 46; 47; 48; 49; 50; 51; 95; 96; 97; 99; 100; 101; 102; 121; 125; 130; 131; 133; 143; 144; 145; 146; 147; 168; 169; 172; 215; 216; 218; 219; 221; 222; 223; 224; 226; 229; 230; 231; 232; 233; 234; 235; 237; 238; 239; 240; 241; 247; 249; 259; 262; 263; 264; 265; 266; 268; 269; 270; 271; 272; 273; 275; 276; 305; 307; 308; 312; 315; 316; 318; 319; 320; 330; 332; 333; 334; 337; 340; 341; 344; 345; 347; 348; 350; 351; 353; 354; 355; 356; 358; 359; 360; 361; 362; 363; 364; 365; 366; 367; 371; 372; 373; 374; 375
ACTG1,ACTA2,Epididymis secretory protein Li 37,4,4,43,1,1,0.25,0.023255813953488372,18.566666666666666,1,9,148,23; 24; 25; 44; 45; 46; 47; 48; 49; 50; 51; 52; 53; 54; 56; 57; 61; 84; 87; 88; 91; 92; 93; 95; 96; 97; 98; 99; 100; 143; 144; 146; 147; 148; 167; 334; 341; 344; 345; 348; 349; 350; 351
ACTG1,ACTA2,F-actin-capping protein subunit alpha-1,4,4,46,2,2,0.5,0.043478260869565216,40.843333333333334,2,11,148; 283,116; 133; 139; 143; 146; 147; 148; 166; 167; 168; 169; 170; 171; 172; 173; 263; 265; 266; 268; 269; 270; 271; 272; 283; 284; 285; 286; 287; 288; 289; 290; 342; 345; 346; 349; 350; 351; 352; 354; 355; 369; 371; 372; 373; 374; 375
ACTG1,ACTA2,F-actin-capping protein subunit beta,4,4,45,2,2,0.5,0.044444444444444446,59.275,2,8,148; 283,113; 133; 139; 142; 143; 146; 147; 148; 166; 167; 168; 169; 173; 176; 224; 272; 276; 279; 280; 283; 284; 285; 286; 287; 288; 290; 320; 345; 346; 348; 349; 350; 351; 352; 354; 355; 364; 365; 368; 369; 371; 372; 373; 374; 375
ACTG1,ACTA2,Filamin-A,4,4,58,1,1,0.25,0.017241379310344827,78.36666666666667,1,3,148,21; 24; 25; 26; 27; 28; 29; 30; 31; 44; 45; 46; 47; 48; 49; 50; 52; 53; 54; 56; 57; 60; 61; 83; 84; 87; 88; 91; 92; 93; 94; 95; 96; 97; 98; 100; 126; 142; 143; 144; 145; 146; 147; 148; 149; 167; 333; 334; 335; 336; 337; 341; 345; 348; 349; 350; 351; 354
ACTG1,ACTA2,Gelsolin,4,4,119,1,1,0.25,0.008403361344537815,62.416666666666664,1,12,148,2; 3; 4; 22; 23; 24; 25; 26; 27; 28; 29; 30; 31; 37; 38; 39; 40; 41; 42; 43; 44; 45; 46; 47; 48; 49; 50; 51; 52; 54; 56; 57; 60; 61; 66; 68; 84; 87; 88; 91; 92; 93; 95; 96; 97; 98; 99; 100; 126; 127; 128; 133; 140; 142; 143; 144; 145; 146; 147; 148; 149; 166; 167; 168; 169; 221; 222; 223; 224; 259; 262; 263; 264; 265; 266; 269; 270; 271; 272; 273; 275; 276; 291; 292; 295; 296; 311; 312; 314; 315; 316; 318; 319; 326; 328; 329; 330; 332; 334; 337; 338; 340; 341; 342; 344; 345; 346; 348; 349; 350; 351; 352; 353; 354; 355; 372; 373; 374; 375
ACTG1,ACTA2,Inositol-trisphosphate 3-kinase A,4,4,37,1,1,0.25,0.02702702702702703,53.042857142857144,1,7,148,22; 23; 24; 25; 26; 44; 45; 46; 47; 48; 49; 50; 51; 53; 87; 91; 92; 142; 143; 144; 145; 146; 147; 148; 167; 332; 333; 334; 337; 340; 341; 344; 345; 348; 349; 350; 351
ACTG1,ACTA2,Inverted formin-2,4,4,112,2,2,0.5,0.017857142857142856,41.178749999999994,2,13,118; 148,5; 6; 21; 22; 23; 24; 25; 26; 27; 28; 44; 45; 46; 47; 48; 49; 50; 79; 80; 83; 87; 91; 92; 93; 94; 95; 96; 98; 99; 101; 114; 117; 118; 121; 122; 124; 125; 126; 127; 128; 130; 131; 142; 143; 144; 145; 146; 147; 148; 149; 166; 167; 168; 169; 216; 229; 231; 232; 233; 234; 235; 237; 238; 239; 240; 241; 242; 243; 244; 245; 247; 249; 291; 292; 295; 296; 322; 323; 324; 325; 326; 327; 328; 330; 332; 334; 341; 344; 345; 346; 348; 349; 350; 351; 352; 353; 354; 355; 356; 358; 359; 360; 361; 362; 363; 364; 365; 366; 367; 368; 369; 373
ACTG1,ACTA2,Isoform 2 of F-actin-capping protein subunit beta,4,4,46,2,2,0.5,0.043478260869565216,25.55,2,4,148; 283,110; 133; 136; 139; 143; 145; 146; 147; 148; 166; 167; 168; 169; 170; 171; 172; 173; 176; 224; 272; 276; 277; 279; 280; 283; 284; 285; 286; 288; 290; 320; 345; 346; 348; 349; 350; 351; 352; 354; 355; 361; 364; 369; 372; 373; 375
ACTG1,ACTA2,"Isoform A2 of Troponin T, cardiac muscle",4,4,36,1,1,0.25,0.027777777777777776,12.899999999999999,1,2,148,25; 41; 42; 43; 44; 45; 46; 47; 48; 49; 50; 133; 136; 143; 144; 145; 146; 147; 148; 167; 168; 332; 333; 334; 341; 345; 349; 350; 351; 352; 354; 355; 371; 372; 373; 375
ACTG1,ACTA2,Leiomodin-2,4,4,93,2,2,0.5,0.021505376344086023,53.2,2,6,118; 283,37; 38; 39; 40; 41; 42; 43; 44; 45; 46; 47; 48; 49; 50; 51; 52; 66; 68; 69; 70; 72; 75; 76; 77; 78; 79; 80; 81; 83; 84; 112; 114; 117; 118; 121; 122; 124; 125; 126; 167; 168; 169; 195; 196; 197; 198; 199; 224; 244; 245; 246; 247; 248; 249; 262; 263; 264; 265; 269; 270; 271; 272; 273; 275; 276; 279; 280; 283; 290; 318; 319; 320; 321; 322; 323; 349; 351; 352; 354; 355; 359; 361; 362; 363; 364; 365; 366; 367; 369; 371; 372; 373; 374
ACTG1,ACTA2,"Maltose/maltodextrin-binding periplasmic protein,Adenylate cyclase ExoY",4,4,53,1,1,0.25,0.018867924528301886,60.0,1,5,148,16; 21; 23; 24; 25; 26; 27; 28; 29; 30; 31; 32; 44; 45; 46; 47; 56; 57; 59; 87; 90; 91; 92; 93; 94; 95; 96; 97; 99; 128; 142; 143; 144; 145; 146; 147; 148; 210; 211; 214; 305; 333; 334; 335; 336; 337; 341; 344; 345; 348; 349; 350; 351
ACTG1,ACTA2,"Maltose/maltodextrin-binding periplasmic protein,TccC3",4,4,44,1,1,0.25,0.022727272727272728,94.3,1,1,148,25; 44; 45; 46; 47; 48; 49; 50; 53; 56; 57; 60; 61; 88; 92; 93; 95; 142; 143; 144; 145; 146; 147; 148; 149; 167; 168; 291; 292; 295; 296; 326; 328; 329; 330; 332; 333; 334; 341; 345; 348; 349; 350; 351
ACTG1,ACTA2,Myosin heavy chain 4,4,4,52,1,1,0.25,0.019230769230769232,46.166666666666664,1,6,148,5; 6; 21; 22; 23; 24; 25; 26; 27; 28; 29; 30; 44; 45; 46; 47; 48; 49; 50; 56; 94; 95; 96; 101; 142; 143; 145; 146; 147; 148; 305; 310; 311; 314; 328; 329; 330; 331; 332; 333; 334; 336; 337; 341; 344; 345; 348; 349; 350; 351; 353; 354
ACTG1,ACTA2,"Myosin-14,Alpha-actinin A",4,4,53,1,1,0.25,0.018867924528301886,75.1,1,2,148,3; 4; 22; 23; 24; 25; 26; 27; 28; 29; 30; 44; 45; 46; 47; 48; 49; 50; 56; 91; 93; 95; 96; 97; 100; 142; 143; 144; 145; 146; 147; 148; 167; 168; 305; 314; 328; 329; 330; 332; 333; 334; 337; 341; 344; 345; 348; 349; 350; 351; 352; 353; 354
ACTG1,ACTA2,Myosin-6,4,4,42,1,1,0.25,0.023809523809523808,59.28333333333333,1,6,148,23; 24; 25; 26; 27; 28; 29; 30; 44; 45; 46; 47; 48; 56; 93; 94; 95; 96; 142; 143; 146; 147; 148; 305; 311; 314; 328; 330; 332; 333; 334; 336; 337; 341; 344; 345; 348; 349; 350; 351; 353; 354
ACTG1,ACTA2,Myosin-7,4,4,54,1,1,0.25,0.018518518518518517,56.35454545454545,1,11,148,6; 21; 22; 23; 24; 25; 26; 27; 28; 29; 30; 44; 45; 46; 47; 48; 49; 50; 56; 93; 94; 95; 96; 97; 101; 142; 143; 145; 146; 147; 148; 149; 296; 305; 311; 314; 328; 329; 330; 331; 332; 333; 334; 336; 337; 341; 344; 345; 348; 349; 350; 351; 353; 354
ACTG1,ACTA2,Myosin-A,4,4,49,1,1,0.25,0.02040816326530612,57.5,1,1,148,6; 23; 24; 25; 26; 27; 28; 30; 44; 45; 46; 47; 48; 49; 50; 57; 87; 91; 92; 95; 96; 97; 142; 143; 145; 146; 147; 148; 167; 305; 328; 329; 330; 331; 332; 333; 334; 335; 336; 337; 341; 344; 345; 348; 349; 350; 351; 353; 354
ACTG1,ACTA2,Plastin-3,4,4,46,1,1,0.25,0.021739130434782608,33.199999999999996,1,3,148,5; 23; 24; 25; 44; 45; 46; 47; 49; 50; 51; 52; 53; 54; 57; 61; 84; 87; 88; 90; 91; 92; 93; 94; 95; 96; 97; 98; 99; 100; 101; 143; 144; 146; 147; 148; 167; 169; 334; 341; 344; 345; 348; 349; 350; 351
ACTG1,ACTA2,Profilin-1,4,4,29,0,0,0.0,0.0,,0,0,,113; 116; 133; 136; 166; 167; 169; 170; 171; 172; 173; 284; 285; 286; 287; 288; 289; 290; 354; 355; 361; 365; 368; 369; 371; 372; 373; 374; 375
ACTG1,ACTA2,Protein diaphanous homolog 1,4,4,66,2,2,0.5,0.030303030303030304,44.2625,2,5,118; 148,5; 6; 7; 22; 23; 24; 25; 44; 45; 46; 47; 48; 50; 61; 80; 83; 118; 121; 125; 126; 128; 143; 144; 145; 146; 147; 148; 149; 166; 167; 168; 169; 233; 234; 239; 292; 296; 318; 319; 321; 323; 324; 326; 328; 330; 340; 341; 344; 345; 346; 347; 348; 349; 350; 351; 352; 353; 355; 359; 362; 363; 364; 365; 366; 367; 372
ACTG1,ACTA2,Spectrin beta chain,4,4,76,1,1,0.25,0.013157894736842105,60.125,1,16,148,2; 3; 21; 23; 24; 25; 26; 27; 28; 29; 30; 31; 44; 45; 46; 47; 48; 49; 50; 51; 52; 53; 54; 56; 57; 58; 61; 83; 84; 87; 88; 90; 91; 92; 93; 94; 95; 96; 97; 98; 99; 100; 124; 125; 128; 142; 143; 144; 145; 146; 147; 148; 167; 214; 215; 305; 306; 307; 308; 309; 331; 332; 333; 334; 335; 336; 337; 341; 345; 348; 349; 350; 351; 359; 362; 363
ACTG1,ACTA2,Src substrate cortactin,4,4,65,1,1,0.25,0.015384615384615385,1.8,1,1,148,16; 18; 26; 27; 28; 29; 30; 31; 32; 45; 46; 47; 48; 56; 57; 59; 60; 61; 62; 144; 145; 146; 147; 148; 149; 166; 167; 207; 208; 210; 211; 214; 215; 217; 221; 240; 241; 242; 243; 288; 289; 291; 292; 295; 296; 298; 302; 305; 306; 307; 308; 309; 310; 311; 314; 328; 329; 330; 331; 332; 333; 334; 335; 336; 337
ACTG1,ACTA2,Talin-1,4,4,72,1,1,0.25,0.013888888888888888,28.133333333333336,1,3,148,3; 4; 5; 23; 24; 25; 44; 45; 46; 47; 48; 49; 50; 51; 52; 53; 57; 83; 84; 87; 91; 92; 97; 98; 99; 100; 101; 102; 121; 124; 125; 126; 127; 128; 129; 130; 131; 143; 144; 145; 146; 147; 148; 328; 329; 330; 331; 332; 333; 334; 340; 341; 344; 345; 348; 349; 350; 351; 353; 354; 356; 358; 359; 360; 361; 362; 363; 364; 365; 366; 367; 373
ACTG1,ACTA2,Tropomodulin-1,4,4,132,2,2,0.5,0.015151515151515152,49.449999999999996,2,6,118; 283,32; 37; 38; 39; 40; 41; 42; 43; 44; 45; 46; 47; 48; 49; 50; 51; 52; 53; 54; 56; 57; 59; 60; 61; 62; 63; 64; 66; 68; 69; 72; 75; 76; 77; 78; 79; 80; 81; 83; 84; 87; 88; 91; 92; 93; 95; 98; 99; 112; 114; 117; 118; 121; 122; 124; 125; 126; 127; 128; 195; 196; 197; 198; 199; 200; 201; 202; 204; 205; 207; 208; 210; 211; 213; 214; 215; 216; 217; 218; 219; 220; 221; 224; 226; 232; 233; 235; 236; 238; 239; 240; 241; 242; 243; 244; 245; 246; 247; 248; 249; 254; 262; 263; 264; 265; 266; 273; 275; 276; 279; 283; 294; 305; 306; 307; 308; 311; 316; 318; 319; 320; 321; 322; 323; 335; 359; 362; 363; 364; 365; 366; 367
ACTG1,ACTA2,Tropomyosin alpha-1 chain,4,4,35,0,0,0.0,0.0,,0,0,,25; 147; 215; 216; 217; 218; 219; 220; 221; 222; 225; 226; 235; 236; 238; 241; 254; 291; 295; 307; 308; 311; 314; 315; 318; 323; 324; 325; 326; 327; 328; 329; 330; 333; 334
ACTG1,ACTA2,Tropomyosin beta chain,4,4,11,0,0,0.0,0.0,,0,0,,218; 219; 220; 221; 222; 226; 238; 254; 307; 308; 311
ACTG1,ACTA2,Tropomyosin-1.9,4,4,17,0,0,0.0,0.0,,0,0,,24; 25; 26; 27; 30; 144; 145; 147; 326; 328; 330; 332; 333; 334; 337; 341; 345
ACTG1,ACTA2,"Troponin T2, cardiac type",4,4,34,1,1,0.25,0.029411764705882353,17.0,1,2,148,24; 25; 41; 42; 43; 44; 45; 46; 47; 48; 49; 51; 133; 143; 144; 145; 146; 147; 148; 332; 333; 334; 341; 345; 349; 351; 352; 354; 355; 371; 372; 373; 374; 375
ACTG1,ACTA2,Unconventional myosin-Ib,4,4,66,1,1,0.25,0.015151515151515152,45.43333333333334,1,3,148,2; 4; 6; 21; 22; 23; 24; 25; 26; 27; 28; 29; 30; 31; 44; 45; 46; 47; 48; 49; 50; 51; 56; 87; 91; 92; 93; 95; 96; 97; 98; 99; 100; 127; 128; 142; 143; 144; 145; 146; 147; 148; 305; 310; 311; 314; 327; 328; 329; 330; 331; 332; 333; 334; 335; 336; 337; 341; 344; 345; 348; 349; 350; 351; 353; 354
ACTG1,ACTA2,Utrophin,4,4,51,1,1,0.25,0.0196078431372549,55.833333333333336,1,3,148,21; 24; 25; 26; 27; 28; 29; 30; 31; 44; 45; 46; 47; 48; 49; 50; 51; 52; 53; 54; 56; 57; 61; 84; 87; 88; 91; 92; 93; 94; 95; 96; 97; 98; 99; 143; 144; 146; 147; 148; 149; 167; 333; 334; 337; 341; 345; 348; 349; 350; 351
ACTG1,ACTA2,Vibrio VopV,4,4,95,2,2,0.5,0.021052631578947368,80.435,2,21,118; 283,35; 37; 38; 39; 66; 67; 68; 69; 70; 71; 72; 73; 75; 76; 77; 78; 79; 80; 81; 110; 111; 112; 114; 115; 117; 118; 121; 125; 173; 176; 177; 179; 183; 184; 187; 190; 194; 195; 196; 197; 198; 199; 200; 201; 202; 203; 205; 206; 239; 240; 241; 242; 244; 245; 246; 247; 248; 249; 262; 263; 264; 265; 267; 268; 269; 270; 271; 272; 273; 275; 276; 279; 280; 283; 284; 285; 286; 287; 290; 294; 318; 319; 320; 321; 322; 323; 324; 359; 362; 363; 364; 365; 366; 367; 368
ACTG1,ACTA2,Vinculin,4,4,65,1,1,0.25,0.015384615384615385,51.95,1,2,148,5; 23; 24; 25; 26; 44; 45; 46; 47; 48; 49; 50; 51; 52; 53; 57; 61; 80; 83; 84; 87; 88; 91; 92; 93; 95; 96; 97; 99; 100; 102; 126; 127; 130; 131; 142; 143; 144; 145; 146; 147; 148; 296; 328; 330; 331; 332; 333; 334; 337; 341; 344; 345; 348; 349; 350; 351; 353; 354; 355; 356; 358; 360; 361; 373
ACTG1,ACTA2,VopV,4,4,85,2,2,0.5,0.023529411764705882,76.79431818181818,2,23,118; 283,35; 37; 39; 63; 66; 67; 68; 69; 70; 71; 72; 73; 75; 76; 77; 78; 79; 81; 84; 110; 111; 112; 114; 115; 117; 118; 121; 125; 126; 128; 173; 176; 177; 179; 183; 187; 194; 196; 197; 198; 199; 200; 201; 202; 203; 204; 205; 206; 239; 241; 242; 244; 245; 246; 247; 248; 249; 268; 269; 270; 271; 272; 276; 279; 280; 283; 284; 285; 286; 287; 288; 290; 318; 319; 320; 321; 322; 323; 324; 362; 363; 364; 365; 366; 367
ACTG1,ACTA2,"WD repeat-containing protein 1,Methylated-DNA--protein-cysteine methyltransferase",4,4,52,0,0,0.0,0.0,,0,0,,166; 169; 171; 221; 222; 224; 225; 226; 228; 229; 230; 232; 233; 234; 235; 238; 270; 276; 311; 314; 315; 316; 318; 319; 320; 321; 322; 323; 324; 325; 326; 327; 328; 330; 353; 354; 355; 356; 358; 360; 361; 362; 363; 364; 365; 366; 367; 368; 369; 372; 373; 375
ACTG1,ACTA2,beta-cardiac myosin II,4,4,38,1,1,0.25,0.02631578947368421,45.7,1,1,148,22; 23; 24; 25; 26; 27; 28; 29; 30; 44; 45; 46; 47; 48; 56; 142; 143; 145; 146; 147; 148; 311; 314; 328; 329; 330; 332; 333; 334; 337; 341; 344; 345; 348; 349; 350; 351; 354
ACTG1,ACTC1,Actin-interacting protein 1,2,2,82,1,1,0.5,0.012195121951219513,18.585714285714285,1,7,44,37; 38; 39; 40; 41; 43; 44; 45; 46; 47; 48; 49; 50; 51; 52; 53; 64; 66; 68; 78; 79; 80; 83; 84; 87; 118; 122; 125; 126; 128; 166; 167; 169; 221; 222; 224; 225; 226; 228; 229; 230; 232; 233; 234; 235; 238; 254; 276; 307; 308; 310; 311; 314; 315; 318; 319; 320; 321; 323; 324; 325; 326; 327; 328; 329; 330; 354; 355; 358; 360; 361; 362; 363; 364; 365; 366; 367; 368; 369; 372; 373; 375
ACTG1,ACTC1,Actin-related protein 2,2,2,52,1,1,0.5,0.019230769230769232,91.96000000000001,1,5,44,38; 39; 40; 41; 42; 43; 44; 45; 46; 47; 48; 49; 50; 53; 60; 61; 62; 63; 64; 65; 66; 67; 188; 191; 192; 194; 195; 196; 197; 199; 200; 201; 202; 203; 204; 205; 208; 227; 230; 231; 241; 242; 243; 244; 245; 246; 247; 252; 266; 267; 268; 270
ACTG1,ACTC1,Actin-related protein 2/3 complex subunit 1,2,2,27,1,1,0.5,0.037037037037037035,14.799999999999999,1,3,44,4; 23; 24; 25; 44; 45; 46; 47; 48; 142; 143; 144; 145; 146; 147; 148; 333; 334; 340; 341; 344; 345; 348; 349; 350; 351; 352
ACTG1,ACTC1,Actin-related protein 2/3 complex subunit 1B,2,2,22,1,1,0.5,0.045454545454545456,18.2,1,1,44,23; 24; 25; 44; 45; 46; 47; 48; 142; 143; 144; 145; 146; 147; 148; 341; 344; 345; 348; 349; 350; 351
ACTG1,ACTC1,Actin-related protein 2/3 complex subunit 2,2,2,76,0,0,0.0,0.0,,0,0,,4; 5; 6; 7; 8; 21; 22; 23; 24; 28; 46; 48; 49; 50; 51; 75; 76; 77; 79; 83; 87; 94; 95; 96; 99; 100; 101; 102; 113; 114; 115; 117; 118; 121; 122; 125; 130; 131; 195; 196; 197; 198; 228; 229; 231; 232; 233; 234; 235; 236; 237; 238; 239; 240; 241; 245; 246; 247; 248; 249; 254; 279; 283; 320; 321; 322; 323; 324; 351; 356; 362; 363; 364; 365; 366; 367
ACTG1,ACTC1,Actin-related protein 2/3 complex subunit 3,2,2,22,0,0,0.0,0.0,,0,0,,4; 5; 46; 47; 48; 49; 87; 91; 92; 95; 97; 99; 125; 126; 128; 350; 351; 353; 354; 355; 361; 373
ACTG1,ACTC1,Actin-related protein 2/3 complex subunit 4,2,2,30,0,0,0.0,0.0,,0,0,,21; 28; 50; 51; 52; 79; 80; 83; 84; 87; 90; 91; 92; 93; 94; 95; 96; 97; 98; 99; 100; 101; 118; 121; 122; 125; 126; 127; 128; 359
ACTG1,ACTC1,Actin-related protein 2/3 complex subunit 5-like protein,2,2,8,0,0,0.0,0.0,,0,0,,37; 38; 39; 40; 41; 51; 66; 68
ACTG1,ACTC1,Actin-related protein 3,2,2,76,1,1,0.5,0.013157894736842105,67.6,1,7,44,37; 38; 39; 40; 41; 42; 43; 44; 45; 46; 47; 48; 49; 50; 51; 53; 60; 61; 62; 63; 64; 65; 117; 121; 124; 125; 128; 133; 143; 198; 200; 202; 204; 205; 208; 224; 227; 228; 230; 231; 232; 233; 234; 237; 238; 239; 240; 241; 242; 243; 244; 245; 246; 247; 248; 249; 346; 351; 354; 355; 359; 360; 361; 362; 363; 364; 365; 366; 367; 368; 369; 371; 372; 373; 374; 375
ACTG1,ACTC1,Adducin 1,2,2,88,1,1,0.5,0.011363636363636364,9.95,1,2,44,4; 5; 6; 16; 21; 23; 24; 25; 26; 27; 28; 29; 30; 38; 39; 40; 41; 42; 43; 44; 45; 46; 47; 48; 49; 50; 51; 56; 93; 95; 96; 97; 100; 101; 133; 143; 144; 145; 146; 147; 148; 149; 166; 167; 168; 169; 173; 214; 215; 222; 224; 225; 228; 279; 280; 283; 284; 285; 286; 287; 288; 290; 292; 295; 296; 305; 332; 333; 334; 336; 337; 340; 341; 344; 345; 346; 348; 349; 350; 351; 352; 354; 355; 371; 372; 373; 374; 375
ACTG1,ACTC1,Adenylyl cyclase-associated protein 1,2,2,49,1,1,0.5,0.02040816326530612,45.85,1,6,44,32; 40; 43; 44; 45; 46; 47; 48; 49; 50; 53; 56; 57; 59; 60; 61; 62; 63; 64; 65; 88; 91; 92; 93; 95; 188; 191; 195; 202; 203; 204; 205; 207; 208; 210; 211; 215; 240; 241; 242; 243; 244; 245; 256; 265; 266; 267; 268; 270
ACTG1,ACTC1,Afadin,2,2,10,0,0,0.0,0.0,,0,0,,6; 21; 22; 23; 24; 25; 28; 348; 349; 350
ACTG1,ACTC1,Alpha-catenin-like protein hmp-1,2,2,55,1,1,0.5,0.01818181818181818,19.5,1,5,44,21; 23; 24; 25; 26; 27; 28; 29; 30; 44; 45; 46; 47; 48; 49; 50; 51; 52; 53; 54; 57; 84; 87; 88; 91; 92; 93; 94; 95; 96; 97; 99; 100; 142; 143; 144; 145; 146; 147; 148; 296; 328; 330; 332; 333; 334; 336; 337; 341; 344; 345; 348; 349; 350; 351
ACTG1,ACTC1,Beta-adducin,2,2,132,1,1,0.5,0.007575757575757576,7.4,1,1,44,5; 6; 16; 21; 23; 24; 25; 26; 27; 28; 29; 30; 38; 39; 40; 41; 42; 43; 44; 45; 46; 47; 48; 49; 50; 51; 56; 95; 96; 97; 100; 101; 113; 114; 117; 118; 121; 124; 125; 126; 128; 133; 143; 144; 145; 146; 147; 148; 149; 167; 168; 169; 172; 188; 195; 196; 214; 223; 224; 227; 228; 230; 231; 232; 233; 234; 236; 237; 251; 252; 253; 256; 263; 265; 266; 279; 283; 287; 288; 290; 291; 292; 295; 296; 305; 310; 311; 314; 318; 319; 320; 321; 322; 323; 324; 326; 327; 328; 329; 330; 331; 332; 333; 334; 336; 337; 338; 340; 341; 344; 345; 346; 348; 349; 350; 351; 352; 354; 355; 359; 362; 363; 364; 365; 366; 367; 368; 371; 372; 373; 374; 375
ACTG1,ACTC1,Catenin alpha-1,2,2,78,1,1,0.5,0.01282051282051282,16.942857142857143,1,14,44,21; 23; 24; 25; 26; 27; 28; 29; 30; 44; 45; 46; 47; 48; 49; 50; 51; 52; 53; 56; 57; 59; 60; 61; 62; 84; 87; 91; 92; 93; 94; 95; 96; 97; 99; 126; 127; 142; 143; 144; 145; 146; 147; 148; 149; 167; 169; 211; 215; 216; 238; 239; 240; 241; 242; 243; 247; 288; 291; 296; 305; 324; 328; 329; 330; 331; 332; 333; 334; 336; 337; 341; 344; 345; 348; 349; 350; 351
ACTG1,ACTC1,Cell invasion protein SipA,2,2,134,1,1,0.5,0.007462686567164179,8.507142857142858,1,14,44,37; 38; 39; 40; 41; 42; 43; 44; 45; 46; 47; 48; 49; 51; 66; 67; 68; 69; 70; 71; 72; 73; 75; 76; 77; 78; 79; 80; 83; 84; 112; 113; 114; 117; 118; 121; 125; 126; 133; 139; 143; 158; 169; 170; 172; 173; 179; 183; 184; 187; 195; 196; 197; 198; 199; 200; 201; 202; 203; 204; 205; 206; 208; 222; 223; 224; 225; 227; 228; 230; 231; 232; 233; 234; 237; 239; 242; 243; 244; 246; 247; 248; 249; 251; 252; 253; 256; 263; 265; 266; 267; 268; 269; 270; 271; 275; 276; 279; 280; 283; 284; 285; 286; 287; 288; 290; 312; 315; 316; 318; 319; 320; 321; 322; 323; 346; 351; 352; 354; 355; 361; 362; 363; 364; 365; 366; 367; 368; 369; 371; 372; 373; 374; 375
ACTG1,ACTC1,Cofilin,2,2,82,0,0,0.0,0.0,,0,0,,16; 23; 24; 25; 26; 27; 28; 29; 30; 31; 32; 46; 47; 48; 49; 50; 53; 56; 57; 59; 60; 61; 88; 91; 92; 93; 94; 95; 96; 97; 100; 133; 134; 135; 136; 139; 140; 143; 144; 145; 146; 147; 148; 149; 157; 166; 167; 168; 169; 207; 210; 211; 214; 215; 288; 291; 292; 296; 305; 326; 328; 330; 331; 332; 333; 334; 336; 337; 338; 341; 342; 344; 345; 346; 348; 349; 350; 351; 352; 354; 355; 375
ACTG1,ACTC1,Cofilin (UNC-60B),2,2,71,0,0,0.0,0.0,,0,0,,16; 23; 25; 26; 27; 28; 29; 30; 31; 32; 47; 49; 50; 53; 56; 57; 59; 60; 61; 91; 92; 93; 94; 95; 96; 97; 100; 133; 135; 139; 140; 143; 144; 145; 146; 147; 148; 149; 167; 168; 169; 207; 210; 211; 214; 215; 291; 296; 305; 326; 328; 330; 332; 333; 334; 336; 337; 338; 341; 342; 344; 345; 346; 348; 349; 350; 351; 352; 354; 355; 375
ACTG1,ACTC1,Cofilin-1,2,2,76,1,1,0.5,0.013157894736842105,13.1,1,1,44,21; 23; 24; 25; 26; 27; 28; 29; 30; 31; 44; 45; 50; 51; 53; 56; 57; 60; 61; 87; 88; 91; 92; 93; 94; 95; 96; 97; 99; 100; 101; 133; 140; 142; 143; 144; 145; 146; 147; 148; 149; 166; 167; 168; 169; 214; 215; 288; 291; 292; 295; 296; 305; 326; 328; 330; 331; 332; 333; 334; 336; 337; 338; 341; 342; 343; 345; 346; 348; 349; 350; 351; 352; 354; 355; 375
ACTG1,ACTC1,Cofilin-2,2,2,77,0,0,0.0,0.0,,0,0,,4; 5; 21; 23; 24; 25; 26; 27; 28; 29; 30; 31; 50; 53; 56; 57; 60; 61; 88; 91; 92; 93; 94; 95; 96; 97; 99; 100; 101; 133; 134; 135; 136; 139; 140; 143; 144; 145; 146; 147; 148; 149; 166; 167; 168; 169; 214; 215; 291; 292; 295; 296; 305; 326; 328; 330; 331; 332; 333; 334; 336; 337; 338; 341; 342; 345; 346; 348; 349; 350; 351; 352; 353; 354; 355; 374; 375
ACTG1,ACTC1,"Coronin-1B,Methylated-DNA--protein-cysteine methyltransferase",2,2,98,0,0,0.0,0.0,,0,0,,6; 37; 38; 39; 40; 41; 42; 49; 50; 51; 52; 66; 68; 75; 76; 77; 78; 79; 80; 81; 83; 84; 87; 91; 92; 95; 96; 97; 99; 100; 101; 102; 114; 115; 117; 118; 121; 122; 124; 125; 126; 127; 128; 130; 131; 169; 196; 198; 222; 224; 225; 230; 231; 232; 233; 234; 235; 237; 239; 246; 247; 248; 249; 250; 251; 252; 265; 270; 279; 315; 316; 318; 319; 320; 321; 322; 323; 350; 351; 353; 354; 355; 356; 357; 358; 359; 360; 361; 362; 363; 364; 365; 366; 367; 368; 369; 372; 373
ACTG1,ACTC1,Dematin actin binding protein,2,2,125,1,1,0.5,0.008,5.516666666666667,1,6,44,2; 3; 4; 5; 6; 21; 22; 23; 24; 25; 26; 27; 28; 38; 39; 40; 41; 42; 43; 44; 45; 46; 47; 48; 49; 50; 51; 95; 96; 97; 99; 100; 101; 102; 121; 125; 130; 131; 133; 143; 144; 145; 146; 147; 168; 169; 172; 215; 216; 218; 219; 221; 222; 223; 224; 226; 229; 230; 231; 232; 233; 234; 235; 237; 238; 239; 240; 241; 247; 249; 259; 262; 263; 264; 265; 266; 268; 269; 270; 271; 272; 273; 275; 276; 305; 307; 308; 312; 315; 316; 318; 319; 320; 330; 332; 333; 334; 337; 340; 341; 344; 345; 347; 348; 350; 351; 353; 354; 355; 356; 358; 359; 360; 361; 362; 363; 364; 365; 366; 367; 371; 372; 373; 374; 375
ACTG1,ACTC1,Epididymis secretory protein Li 37,2,2,43,1,1,0.5,0.023255813953488372,11.945454545454545,1,11,44,23; 24; 25; 44; 45; 46; 47; 48; 49; 50; 51; 52; 53; 54; 56; 57; 61; 84; 87; 88; 91; 92; 93; 95; 96; 97; 98; 99; 100; 143; 144; 146; 147; 148; 167; 334; 341; 344; 345; 348; 349; 350; 351
ACTG1,ACTC1,F-actin-capping protein subunit alpha-1,2,2,46,0,0,0.0,0.0,,0,0,,116; 133; 139; 143; 146; 147; 148; 166; 167; 168; 169; 170; 171; 172; 173; 263; 265; 266; 268; 269; 270; 271; 272; 283; 284; 285; 286; 287; 288; 289; 290; 342; 345; 346; 349; 350; 351; 352; 354; 355; 369; 371; 372; 373; 374; 375
ACTG1,ACTC1,F-actin-capping protein subunit beta,2,2,45,0,0,0.0,0.0,,0,0,,113; 133; 139; 142; 143; 146; 147; 148; 166; 167; 168; 169; 173; 176; 224; 272; 276; 279; 280; 283; 284; 285; 286; 287; 288; 290; 320; 345; 346; 348; 349; 350; 351; 352; 354; 355; 364; 365; 368; 369; 371; 372; 373; 374; 375
ACTG1,ACTC1,Filamin-A,2,2,58,1,1,0.5,0.017241379310344827,19.6,1,5,44,21; 24; 25; 26; 27; 28; 29; 30; 31; 44; 45; 46; 47; 48; 49; 50; 52; 53; 54; 56; 57; 60; 61; 83; 84; 87; 88; 91; 92; 93; 94; 95; 96; 97; 98; 100; 126; 142; 143; 144; 145; 146; 147; 148; 149; 167; 333; 334; 335; 336; 337; 341; 345; 348; 349; 350; 351; 354
ACTG1,ACTC1,Gelsolin,2,2,119,1,1,0.5,0.008403361344537815,2.7999999999999994,1,6,44,2; 3; 4; 22; 23; 24; 25; 26; 27; 28; 29; 30; 31; 37; 38; 39; 40; 41; 42; 43; 44; 45; 46; 47; 48; 49; 50; 51; 52; 54; 56; 57; 60; 61; 66; 68; 84; 87; 88; 91; 92; 93; 95; 96; 97; 98; 99; 100; 126; 127; 128; 133; 140; 142; 143; 144; 145; 146; 147; 148; 149; 166; 167; 168; 169; 221; 222; 223; 224; 259; 262; 263; 264; 265; 266; 269; 270; 271; 272; 273; 275; 276; 291; 292; 295; 296; 311; 312; 314; 315; 316; 318; 319; 326; 328; 329; 330; 332; 334; 337; 338; 340; 341; 342; 344; 345; 346; 348; 349; 350; 351; 352; 353; 354; 355; 372; 373; 374; 375
ACTG1,ACTC1,Inositol-trisphosphate 3-kinase A,2,2,37,1,1,0.5,0.02702702702702703,14.8,1,5,44,22; 23; 24; 25; 26; 44; 45; 46; 47; 48; 49; 50; 51; 53; 87; 91; 92; 142; 143; 144; 145; 146; 147; 148; 167; 332; 333; 334; 337; 340; 341; 344; 345; 348; 349; 350; 351
ACTG1,ACTC1,Inverted formin-2,2,2,112,1,1,0.5,0.008928571428571428,32.55,1,2,44,5; 6; 21; 22; 23; 24; 25; 26; 27; 28; 44; 45; 46; 47; 48; 49; 50; 79; 80; 83; 87; 91; 92; 93; 94; 95; 96; 98; 99; 101; 114; 117; 118; 121; 122; 124; 125; 126; 127; 128; 130; 131; 142; 143; 144; 145; 146; 147; 148; 149; 166; 167; 168; 169; 216; 229; 231; 232; 233; 234; 235; 237; 238; 239; 240; 241; 242; 243; 244; 245; 247; 249; 291; 292; 295; 296; 322; 323; 324; 325; 326; 327; 328; 330; 332; 334; 341; 344; 345; 346; 348; 349; 350; 351; 352; 353; 354; 355; 356; 358; 359; 360; 361; 362; 363; 364; 365; 366; 367; 368; 369; 373
ACTG1,ACTC1,Isoform 2 of F-actin-capping protein subunit beta,2,2,46,0,0,0.0,0.0,,0,0,,110; 133; 136; 139; 143; 145; 146; 147; 148; 166; 167; 168; 169; 170; 171; 172; 173; 176; 224; 272; 276; 277; 279; 280; 283; 284; 285; 286; 288; 290; 320; 345; 346; 348; 349; 350; 351; 352; 354; 355; 361; 364; 369; 372; 373; 375
ACTG1,ACTC1,"Isoform A2 of Troponin T, cardiac muscle",2,2,36,1,1,0.5,0.027777777777777776,13.850000000000001,1,2,44,25; 41; 42; 43; 44; 45; 46; 47; 48; 49; 50; 133; 136; 143; 144; 145; 146; 147; 148; 167; 168; 332; 333; 334; 341; 345; 349; 350; 351; 352; 354; 355; 371; 372; 373; 375
ACTG1,ACTC1,Leiomodin-2,2,2,93,1,1,0.5,0.010752688172043012,7.9,1,2,44,37; 38; 39; 40; 41; 42; 43; 44; 45; 46; 47; 48; 49; 50; 51; 52; 66; 68; 69; 70; 72; 75; 76; 77; 78; 79; 80; 81; 83; 84; 112; 114; 117; 118; 121; 122; 124; 125; 126; 167; 168; 169; 195; 196; 197; 198; 199; 224; 244; 245; 246; 247; 248; 249; 262; 263; 264; 265; 269; 270; 271; 272; 273; 275; 276; 279; 280; 283; 290; 318; 319; 320; 321; 322; 323; 349; 351; 352; 354; 355; 359; 361; 362; 363; 364; 365; 366; 367; 369; 371; 372; 373; 374
ACTG1,ACTC1,"Maltose/maltodextrin-binding periplasmic protein,Adenylate cyclase ExoY",2,2,53,1,1,0.5,0.018867924528301886,17.950000000000003,1,2,44,16; 21; 23; 24; 25; 26; 27; 28; 29; 30; 31; 32; 44; 45; 46; 47; 56; 57; 59; 87; 90; 91; 92; 93; 94; 95; 96; 97; 99; 128; 142; 143; 144; 145; 146; 147; 148; 210; 211; 214; 305; 333; 334; 335; 336; 337; 341; 344; 345; 348; 349; 350; 351
ACTG1,ACTC1,"Maltose/maltodextrin-binding periplasmic protein,TccC3",2,2,44,1,1,0.5,0.022727272727272728,30.0,1,1,44,25; 44; 45; 46; 47; 48; 49; 50; 53; 56; 57; 60; 61; 88; 92; 93; 95; 142; 143; 144; 145; 146; 147; 148; 149; 167; 168; 291; 292; 295; 296; 326; 328; 329; 330; 332; 333; 334; 341; 345; 348; 349; 350; 351
ACTG1,ACTC1,Myosin heavy chain 4,2,2,52,1,1,0.5,0.019230769230769232,16.375,1,4,44,5; 6; 21; 22; 23; 24; 25; 26; 27; 28; 29; 30; 44; 45; 46; 47; 48; 49; 50; 56; 94; 95; 96; 101; 142; 143; 145; 146; 147; 148; 305; 310; 311; 314; 328; 329; 330; 331; 332; 333; 334; 336; 337; 341; 344; 345; 348; 349; 350; 351; 353; 354
ACTG1,ACTC1,"Myosin-14,Alpha-actinin A",2,2,53,1,1,0.5,0.018867924528301886,19.5,1,2,44,3; 4; 22; 23; 24; 25; 26; 27; 28; 29; 30; 44; 45; 46; 47; 48; 49; 50; 56; 91; 93; 95; 96; 97; 100; 142; 143; 144; 145; 146; 147; 148; 167; 168; 305; 314; 328; 329; 330; 332; 333; 334; 337; 341; 344; 345; 348; 349; 350; 351; 352; 353; 354
ACTG1,ACTC1,Myosin-6,2,2,42,1,1,0.5,0.023809523809523808,25.175,1,4,44,23; 24; 25; 26; 27; 28; 29; 30; 44; 45; 46; 47; 48; 56; 93; 94; 95; 96; 142; 143; 146; 147; 148; 305; 311; 314; 328; 330; 332; 333; 334; 336; 337; 341; 344; 345; 348; 349; 350; 351; 353; 354
ACTG1,ACTC1,Myosin-7,2,2,54,1,1,0.5,0.018518518518518517,20.525,1,8,44,6; 21; 22; 23; 24; 25; 26; 27; 28; 29; 30; 44; 45; 46; 47; 48; 49; 50; 56; 93; 94; 95; 96; 97; 101; 142; 143; 145; 146; 147; 148; 149; 296; 305; 311; 314; 328; 329; 330; 331; 332; 333; 334; 336; 337; 341; 344; 345; 348; 349; 350; 351; 353; 354
ACTG1,ACTC1,Myosin-A,2,2,49,1,1,0.5,0.02040816326530612,13.3,1,1,44,6; 23; 24; 25; 26; 27; 28; 30; 44; 45; 46; 47; 48; 49; 50; 57; 87; 91; 92; 95; 96; 97; 142; 143; 145; 146; 147; 148; 167; 305; 328; 329; 330; 331; 332; 333; 334; 335; 336; 337; 341; 344; 345; 348; 349; 350; 351; 353; 354
ACTG1,ACTC1,Plastin-3,2,2,46,1,1,0.5,0.021739130434782608,12.166666666666666,1,3,44,5; 23; 24; 25; 44; 45; 46; 47; 49; 50; 51; 52; 53; 54; 57; 61; 84; 87; 88; 90; 91; 92; 93; 94; 95; 96; 97; 98; 99; 100; 101; 143; 144; 146; 147; 148; 167; 169; 334; 341; 344; 345; 348; 349; 350; 351
ACTG1,ACTC1,Profilin-1,2,2,29,0,0,0.0,0.0,,0,0,,113; 116; 133; 136; 166; 167; 169; 170; 171; 172; 173; 284; 285; 286; 287; 288; 289; 290; 354; 355; 361; 365; 368; 369; 371; 372; 373; 374; 375
ACTG1,ACTC1,Protein diaphanous homolog 1,2,2,66,1,1,0.5,0.015151515151515152,1.5,1,1,44,5; 6; 7; 22; 23; 24; 25; 44; 45; 46; 47; 48; 50; 61; 80; 83; 118; 121; 125; 126; 128; 143; 144; 145; 146; 147; 148; 149; 166; 167; 168; 169; 233; 234; 239; 292; 296; 318; 319; 321; 323; 324; 326; 328; 330; 340; 341; 344; 345; 346; 347; 348; 349; 350; 351; 352; 353; 355; 359; 362; 363; 364; 365; 366; 367; 372
ACTG1,ACTC1,Spectrin beta chain,2,2,76,1,1,0.5,0.013157894736842105,10.20625,1,16,44,2; 3; 21; 23; 24; 25; 26; 27; 28; 29; 30; 31; 44; 45; 46; 47; 48; 49; 50; 51; 52; 53; 54; 56; 57; 58; 61; 83; 84; 87; 88; 90; 91; 92; 93; 94; 95; 96; 97; 98; 99; 100; 124; 125; 128; 142; 143; 144; 145; 146; 147; 148; 167; 214; 215; 305; 306; 307; 308; 309; 331; 332; 333; 334; 335; 336; 337; 341; 345; 348; 349; 350; 351; 359; 362; 363
ACTG1,ACTC1,Src substrate cortactin,2,2,65,0,0,0.0,0.0,,0,0,,16; 18; 26; 27; 28; 29; 30; 31; 32; 45; 46; 47; 48; 56; 57; 59; 60; 61; 62; 144; 145; 146; 147; 148; 149; 166; 167; 207; 208; 210; 211; 214; 215; 217; 221; 240; 241; 242; 243; 288; 289; 291; 292; 295; 296; 298; 302; 305; 306; 307; 308; 309; 310; 311; 314; 328; 329; 330; 331; 332; 333; 334; 335; 336; 337
ACTG1,ACTC1,Talin-1,2,2,72,1,1,0.5,0.013888888888888888,7.325,1,4,44,3; 4; 5; 23; 24; 25; 44; 45; 46; 47; 48; 49; 50; 51; 52; 53; 57; 83; 84; 87; 91; 92; 97; 98; 99; 100; 101; 102; 121; 124; 125; 126; 127; 128; 129; 130; 131; 143; 144; 145; 146; 147; 148; 328; 329; 330; 331; 332; 333; 334; 340; 341; 344; 345; 348; 349; 350; 351; 353; 354; 356; 358; 359; 360; 361; 362; 363; 364; 365; 366; 367; 373
ACTG1,ACTC1,Tropomodulin-1,2,2,132,1,1,0.5,0.007575757575757576,56.5,1,2,44,32; 37; 38; 39; 40; 41; 42; 43; 44; 45; 46; 47; 48; 49; 50; 51; 52; 53; 54; 56; 57; 59; 60; 61; 62; 63; 64; 66; 68; 69; 72; 75; 76; 77; 78; 79; 80; 81; 83; 84; 87; 88; 91; 92; 93; 95; 98; 99; 112; 114; 117; 118; 121; 122; 124; 125; 126; 127; 128; 195; 196; 197; 198; 199; 200; 201; 202; 204; 205; 207; 208; 210; 211; 213; 214; 215; 216; 217; 218; 219; 220; 221; 224; 226; 232; 233; 235; 236; 238; 239; 240; 241; 242; 243; 244; 245; 246; 247; 248; 249; 254; 262; 263; 264; 265; 266; 273; 275; 276; 279; 283; 294; 305; 306; 307; 308; 311; 316; 318; 319; 320; 321; 322; 323; 335; 359; 362; 363; 364; 365; 366; 367
ACTG1,ACTC1,Tropomyosin alpha-1 chain,2,2,35,0,0,0.0,0.0,,0,0,,25; 147; 215; 216; 217; 218; 219; 220; 221; 222; 225; 226; 235; 236; 238; 241; 254; 291; 295; 307; 308; 311; 314; 315; 318; 323; 324; 325; 326; 327; 328; 329; 330; 333; 334
ACTG1,ACTC1,Tropomyosin beta chain,2,2,11,0,0,0.0,0.0,,0,0,,218; 219; 220; 221; 222; 226; 238; 254; 307; 308; 311
ACTG1,ACTC1,Tropomyosin-1.9,2,2,17,0,0,0.0,0.0,,0,0,,24; 25; 26; 27; 30; 144; 145; 147; 326; 328; 330; 332; 333; 334; 337; 341; 345
ACTG1,ACTC1,"Troponin T2, cardiac type",2,2,34,1,1,0.5,0.029411764705882353,8.2,1,2,44,24; 25; 41; 42; 43; 44; 45; 46; 47; 48; 49; 51; 133; 143; 144; 145; 146; 147; 148; 332; 333; 334; 341; 345; 349; 351; 352; 354; 355; 371; 372; 373; 374; 375
ACTG1,ACTC1,Unconventional myosin-Ib,2,2,66,1,1,0.5,0.015151515151515152,18.85,1,2,44,2; 4; 6; 21; 22; 23; 24; 25; 26; 27; 28; 29; 30; 31; 44; 45; 46; 47; 48; 49; 50; 51; 56; 87; 91; 92; 93; 95; 96; 97; 98; 99; 100; 127; 128; 142; 143; 144; 145; 146; 147; 148; 305; 310; 311; 314; 327; 328; 329; 330; 331; 332; 333; 334; 335; 336; 337; 341; 344; 345; 348; 349; 350; 351; 353; 354
ACTG1,ACTC1,Utrophin,2,2,51,1,1,0.5,0.0196078431372549,7.800000000000001,1,3,44,21; 24; 25; 26; 27; 28; 29; 30; 31; 44; 45; 46; 47; 48; 49; 50; 51; 52; 53; 54; 56; 57; 61; 84; 87; 88; 91; 92; 93; 94; 95; 96; 97; 98; 99; 143; 144; 146; 147; 148; 149; 167; 333; 334; 337; 341; 345; 348; 349; 350; 351
ACTG1,ACTC1,Vibrio VopV,2,2,95,0,0,0.0,0.0,,0,0,,35; 37; 38; 39; 66; 67; 68; 69; 70; 71; 72; 73; 75; 76; 77; 78; 79; 80; 81; 110; 111; 112; 114; 115; 117; 118; 121; 125; 173; 176; 177; 179; 183; 184; 187; 190; 194; 195; 196; 197; 198; 199; 200; 201; 202; 203; 205; 206; 239; 240; 241; 242; 244; 245; 246; 247; 248; 249; 262; 263; 264; 265; 267; 268; 269; 270; 271; 272; 273; 275; 276; 279; 280; 283; 284; 285; 286; 287; 290; 294; 318; 319; 320; 321; 322; 323; 324; 359; 362; 363; 364; 365; 366; 367; 368
ACTG1,ACTC1,Vinculin,2,2,65,1,1,0.5,0.015384615384615385,10.8,1,2,44,5; 23; 24; 25; 26; 44; 45; 46; 47; 48; 49; 50; 51; 52; 53; 57; 61; 80; 83; 84; 87; 88; 91; 92; 93; 95; 96; 97; 99; 100; 102; 126; 127; 130; 131; 142; 143; 144; 145; 146; 147; 148; 296; 328; 330; 331; 332; 333; 334; 337; 341; 344; 345; 348; 349; 350; 351; 353; 354; 355; 356; 358; 360; 361; 373
ACTG1,ACTC1,VopV,2,2,85,0,0,0.0,0.0,,0,0,,35; 37; 39; 63; 66; 67; 68; 69; 70; 71; 72; 73; 75; 76; 77; 78; 79; 81; 84; 110; 111; 112; 114; 115; 117; 118; 121; 125; 126; 128; 173; 176; 177; 179; 183; 187; 194; 196; 197; 198; 199; 200; 201; 202; 203; 204; 205; 206; 239; 241; 242; 244; 245; 246; 247; 248; 249; 268; 269; 270; 271; 272; 276; 279; 280; 283; 284; 285; 286; 287; 288; 290; 318; 319; 320; 321; 322; 323; 324; 362; 363; 364; 365; 366; 367
ACTG1,ACTC1,"WD repeat-containing protein 1,Methylated-DNA--protein-cysteine methyltransferase",2,2,52,0,0,0.0,0.0,,0,0,,166; 169; 171; 221; 222; 224; 225; 226; 228; 229; 230; 232; 233; 234; 235; 238; 270; 276; 311; 314; 315; 316; 318; 319; 320; 321; 322; 323; 324; 325; 326; 327; 328; 330; 353; 354; 355; 356; 358; 360; 361; 362; 363; 364; 365; 366; 367; 368; 369; 372; 373; 375
ACTG1,ACTC1,beta-cardiac myosin II,2,2,38,1,1,0.5,0.02631578947368421,13.8,1,1,44,22; 23; 24; 25; 26; 27; 28; 29; 30; 44; 45; 46; 47; 48; 56; 142; 143; 145; 146; 147; 148; 311; 314; 328; 329; 330; 332; 333; 334; 337; 341; 344; 345; 348; 349; 350; 351; 354
ACTG1,ACTG2,Actin-interacting protein 1,7,7,82,3,3,0.42857142857142855,0.036585365853658534,60.69047619047618,3,15,40; 51; 118,37; 38; 39; 40; 41; 43; 44; 45; 46; 47; 48; 49; 50; 51; 52; 53; 64; 66; 68; 78; 79; 80; 83; 84; 87; 118; 122; 125; 126; 128; 166; 167; 169; 221; 222; 224; 225; 226; 228; 229; 230; 232; 233; 234; 235; 238; 254; 276; 307; 308; 310; 311; 314; 315; 318; 319; 320; 321; 323; 324; 325; 326; 327; 328; 329; 330; 354; 355; 358; 360; 361; 362; 363; 364; 365; 366; 367; 368; 369; 372; 373; 375
ACTG1,ACTG2,Actin-related protein 2,7,7,52,1,1,0.14285714285714285,0.019230769230769232,43.7,1,9,40,38; 39; 40; 41; 42; 43; 44; 45; 46; 47; 48; 49; 50; 53; 60; 61; 62; 63; 64; 65; 66; 67; 188; 191; 192; 194; 195; 196; 197; 199; 200; 201; 202; 203; 204; 205; 208; 227; 230; 231; 241; 242; 243; 244; 245; 246; 247; 252; 266; 267; 268; 270
ACTG1,ACTG2,Actin-related protein 2/3 complex subunit 1,7,7,27,1,1,0.14285714285714285,0.037037037037037035,15.566666666666668,1,3,147,4; 23; 24; 25; 44; 45; 46; 47; 48; 142; 143; 144; 145; 146; 147; 148; 333; 334; 340; 341; 344; 345; 348; 349; 350; 351; 352
ACTG1,ACTG2,Actin-related protein 2/3 complex subunit 1B,7,7,22,1,1,0.14285714285714285,0.045454545454545456,15.0,1,2,147,23; 24; 25; 44; 45; 46; 47; 48; 142; 143; 144; 145; 146; 147; 148; 341; 344; 345; 348; 349; 350; 351
ACTG1,ACTG2,Actin-related protein 2/3 complex subunit 2,7,7,76,3,3,0.42857142857142855,0.039473684210526314,35.55166666666667,3,10,51; 118; 283,4; 5; 6; 7; 8; 21; 22; 23; 24; 28; 46; 48; 49; 50; 51; 75; 76; 77; 79; 83; 87; 94; 95; 96; 99; 100; 101; 102; 113; 114; 115; 117; 118; 121; 122; 125; 130; 131; 195; 196; 197; 198; 228; 229; 231; 232; 233; 234; 235; 236; 237; 238; 239; 240; 241; 245; 246; 247; 248; 249; 254; 279; 283; 320; 321; 322; 323; 324; 351; 356; 362; 363; 364; 365; 366; 367
ACTG1,ACTG2,Actin-related protein 2/3 complex subunit 3,7,7,22,0,0,0.0,0.0,,0,0,,4; 5; 46; 47; 48; 49; 87; 91; 92; 95; 97; 99; 125; 126; 128; 350; 351; 353; 354; 355; 361; 373
ACTG1,ACTG2,Actin-related protein 2/3 complex subunit 4,7,7,30,2,2,0.2857142857142857,0.06666666666666667,15.639999999999999,2,7,51; 118,21; 28; 50; 51; 52; 79; 80; 83; 84; 87; 90; 91; 92; 93; 94; 95; 96; 97; 98; 99; 100; 101; 118; 121; 122; 125; 126; 127; 128; 359
ACTG1,ACTG2,Actin-related protein 2/3 complex subunit 5-like protein,7,7,8,2,2,0.2857142857142857,0.25,16.25,2,2,40; 51,37; 38; 39; 40; 41; 51; 66; 68
ACTG1,ACTG2,Actin-related protein 3,7,7,76,2,2,0.2857142857142857,0.02631578947368421,47.89333333333333,2,8,40; 51,37; 38; 39; 40; 41; 42; 43; 44; 45; 46; 47; 48; 49; 50; 51; 53; 60; 61; 62; 63; 64; 65; 117; 121; 124; 125; 128; 133; 143; 198; 200; 202; 204; 205; 208; 224; 227; 228; 230; 231; 232; 233; 234; 237; 238; 239; 240; 241; 242; 243; 244; 245; 246; 247; 248; 249; 346; 351; 354; 355; 359; 360; 361; 362; 363; 364; 365; 366; 367; 368; 369; 371; 372; 373; 374; 375
ACTG1,ACTG2,Adducin 1,7,7,88,6,6,0.8571428571428571,0.06818181818181818,31.924999999999997,6,11,26; 40; 51; 147; 283; 290,4; 5; 6; 16; 21; 23; 24; 25; 26; 27; 28; 29; 30; 38; 39; 40; 41; 42; 43; 44; 45; 46; 47; 48; 49; 50; 51; 56; 93; 95; 96; 97; 100; 101; 133; 143; 144; 145; 146; 147; 148; 149; 166; 167; 168; 169; 173; 214; 215; 222; 224; 225; 228; 279; 280; 283; 284; 285; 286; 287; 288; 290; 292; 295; 296; 305; 332; 333; 334; 336; 337; 340; 341; 344; 345; 346; 348; 349; 350; 351; 352; 354; 355; 371; 372; 373; 374; 375
ACTG1,ACTG2,Adenylyl cyclase-associated protein 1,7,7,49,1,1,0.14285714285714285,0.02040816326530612,2.3,1,1,40,32; 40; 43; 44; 45; 46; 47; 48; 49; 50; 53; 56; 57; 59; 60; 61; 62; 63; 64; 65; 88; 91; 92; 93; 95; 188; 191; 195; 202; 203; 204; 205; 207; 208; 210; 211; 215; 240; 241; 242; 243; 244; 245; 256; 265; 266; 267; 268; 270
ACTG1,ACTG2,Afadin,7,7,10,0,0,0.0,0.0,,0,0,,6; 21; 22; 23; 24; 25; 28; 348; 349; 350
ACTG1,ACTG2,Alpha-catenin-like protein hmp-1,7,7,55,3,3,0.42857142857142855,0.05454545454545454,59.92666666666667,3,15,26; 51; 147,21; 23; 24; 25; 26; 27; 28; 29; 30; 44; 45; 46; 47; 48; 49; 50; 51; 52; 53; 54; 57; 84; 87; 88; 91; 92; 93; 94; 95; 96; 97; 99; 100; 142; 143; 144; 145; 146; 147; 148; 296; 328; 330; 332; 333; 334; 336; 337; 341; 344; 345; 348; 349; 350; 351
ACTG1,ACTG2,Beta-adducin,7,7,132,7,7,1.0,0.05303030303030303,34.12571428571429,7,11,26; 40; 51; 118; 147; 283; 290,5; 6; 16; 21; 23; 24; 25; 26; 27; 28; 29; 30; 38; 39; 40; 41; 42; 43; 44; 45; 46; 47; 48; 49; 50; 51; 56; 95; 96; 97; 100; 101; 113; 114; 117; 118; 121; 124; 125; 126; 128; 133; 143; 144; 145; 146; 147; 148; 149; 167; 168; 169; 172; 188; 195; 196; 214; 223; 224; 227; 228; 230; 231; 232; 233; 234; 236; 237; 251; 252; 253; 256; 263; 265; 266; 279; 283; 287; 288; 290; 291; 292; 295; 296; 305; 310; 311; 314; 318; 319; 320; 321; 322; 323; 324; 326; 327; 328; 329; 330; 331; 332; 333; 334; 336; 337; 338; 340; 341; 344; 345; 346; 348; 349; 350; 351; 352; 354; 355; 359; 362; 363; 364; 365; 366; 367; 368; 371; 372; 373; 374; 375
ACTG1,ACTG2,Catenin alpha-1,7,7,78,3,3,0.42857142857142855,0.038461538461538464,55.59761904761905,3,49,26; 51; 147,21; 23; 24; 25; 26; 27; 28; 29; 30; 44; 45; 46; 47; 48; 49; 50; 51; 52; 53; 56; 57; 59; 60; 61; 62; 84; 87; 91; 92; 93; 94; 95; 96; 97; 99; 126; 127; 142; 143; 144; 145; 146; 147; 148; 149; 167; 169; 211; 215; 216; 238; 239; 240; 241; 242; 243; 247; 288; 291; 296; 305; 324; 328; 329; 330; 331; 332; 333; 334; 336; 337; 341; 344; 345; 348; 349; 350; 351
ACTG1,ACTG2,Cell invasion protein SipA,7,7,134,5,5,0.7142857142857143,0.03731343283582089,44.64314285714285,5,65,40; 51; 118; 283; 290,37; 38; 39; 40; 41; 42; 43; 44; 45; 46; 47; 48; 49; 51; 66; 67; 68; 69; 70; 71; 72; 73; 75; 76; 77; 78; 79; 80; 83; 84; 112; 113; 114; 117; 118; 121; 125; 126; 133; 139; 143; 158; 169; 170; 172; 173; 179; 183; 184; 187; 195; 196; 197; 198; 199; 200; 201; 202; 203; 204; 205; 206; 208; 222; 223; 224; 225; 227; 228; 230; 231; 232; 233; 234; 237; 239; 242; 243; 244; 246; 247; 248; 249; 251; 252; 253; 256; 263; 265; 266; 267; 268; 269; 270; 271; 275; 276; 279; 280; 283; 284; 285; 286; 287; 288; 290; 312; 315; 316; 318; 319; 320; 321; 322; 323; 346; 351; 352; 354; 355; 361; 362; 363; 364; 365; 366; 367; 368; 369; 371; 372; 373; 374; 375
ACTG1,ACTG2,Cofilin,7,7,82,2,2,0.2857142857142857,0.024390243902439025,90.95504807692308,2,58,26; 147,16; 23; 24; 25; 26; 27; 28; 29; 30; 31; 32; 46; 47; 48; 49; 50; 53; 56; 57; 59; 60; 61; 88; 91; 92; 93; 94; 95; 96; 97; 100; 133; 134; 135; 136; 139; 140; 143; 144; 145; 146; 147; 148; 149; 157; 166; 167; 168; 169; 207; 210; 211; 214; 215; 288; 291; 292; 296; 305; 326; 328; 330; 331; 332; 333; 334; 336; 337; 338; 341; 342; 344; 345; 346; 348; 349; 350; 351; 352; 354; 355; 375
ACTG1,ACTG2,Cofilin (UNC-60B),7,7,71,2,2,0.2857142857142857,0.028169014084507043,91.375,2,12,26; 147,16; 23; 25; 26; 27; 28; 29; 30; 31; 32; 47; 49; 50; 53; 56; 57; 59; 60; 61; 91; 92; 93; 94; 95; 96; 97; 100; 133; 135; 139; 140; 143; 144; 145; 146; 147; 148; 149; 167; 168; 169; 207; 210; 211; 214; 215; 291; 296; 305; 326; 328; 330; 332; 333; 334; 336; 337; 338; 341; 342; 344; 345; 346; 348; 349; 350; 351; 352; 354; 355; 375
ACTG1,ACTG2,Cofilin-1,7,7,76,3,3,0.42857142857142855,0.039473684210526314,49.96527777777777,3,67,26; 51; 147,21; 23; 24; 25; 26; 27; 28; 29; 30; 31; 44; 45; 50; 51; 53; 56; 57; 60; 61; 87; 88; 91; 92; 93; 94; 95; 96; 97; 99; 100; 101; 133; 140; 142; 143; 144; 145; 146; 147; 148; 149; 166; 167; 168; 169; 214; 215; 288; 291; 292; 295; 296; 305; 326; 328; 330; 331; 332; 333; 334; 336; 337; 338; 341; 342; 343; 345; 346; 348; 349; 350; 351; 352; 354; 355; 375
ACTG1,ACTG2,Cofilin-2,7,7,77,2,2,0.2857142857142857,0.025974025974025976,73.57666666666667,2,72,26; 147,4; 5; 21; 23; 24; 25; 26; 27; 28; 29; 30; 31; 50; 53; 56; 57; 60; 61; 88; 91; 92; 93; 94; 95; 96; 97; 99; 100; 101; 133; 134; 135; 136; 139; 140; 143; 144; 145; 146; 147; 148; 149; 166; 167; 168; 169; 214; 215; 291; 292; 295; 296; 305; 326; 328; 330; 331; 332; 333; 334; 336; 337; 338; 341; 342; 345; 346; 348; 349; 350; 351; 352; 353; 354; 355; 374; 375
ACTG1,ACTG2,"Coronin-1B,Methylated-DNA--protein-cysteine methyltransferase",7,7,98,3,3,0.42857142857142855,0.030612244897959183,47.04197530864197,3,57,40; 51; 118,6; 37; 38; 39; 40; 41; 42; 49; 50; 51; 52; 66; 68; 75; 76; 77; 78; 79; 80; 81; 83; 84; 87; 91; 92; 95; 96; 97; 99; 100; 101; 102; 114; 115; 117; 118; 121; 122; 124; 125; 126; 127; 128; 130; 131; 169; 196; 198; 222; 224; 225; 230; 231; 232; 233; 234; 235; 237; 239; 246; 247; 248; 249; 250; 251; 252; 265; 270; 279; 315; 316; 318; 319; 320; 321; 322; 323; 350; 351; 353; 354; 355; 356; 357; 358; 359; 360; 361; 362; 363; 364; 365; 366; 367; 368; 369; 372; 373
ACTG1,ACTG2,Dematin actin binding protein,7,7,125,4,4,0.5714285714285714,0.032,16.038988095238096,4,26,26; 40; 51; 147,2; 3; 4; 5; 6; 21; 22; 23; 24; 25; 26; 27; 28; 38; 39; 40; 41; 42; 43; 44; 45; 46; 47; 48; 49; 50; 51; 95; 96; 97; 99; 100; 101; 102; 121; 125; 130; 131; 133; 143; 144; 145; 146; 147; 168; 169; 172; 215; 216; 218; 219; 221; 222; 223; 224; 226; 229; 230; 231; 232; 233; 234; 235; 237; 238; 239; 240; 241; 247; 249; 259; 262; 263; 264; 265; 266; 268; 269; 270; 271; 272; 273; 275; 276; 305; 307; 308; 312; 315; 316; 318; 319; 320; 330; 332; 333; 334; 337; 340; 341; 344; 345; 347; 348; 350; 351; 353; 354; 355; 356; 358; 359; 360; 361; 362; 363; 364; 365; 366; 367; 371; 372; 373; 374; 375
ACTG1,ACTG2,Epididymis secretory protein Li 37,7,7,43,2,2,0.2857142857142857,0.046511627906976744,4.566161616161617,2,20,51; 147,23; 24; 25; 44; 45; 46; 47; 48; 49; 50; 51; 52; 53; 54; 56; 57; 61; 84; 87; 88; 91; 92; 93; 95; 96; 97; 98; 99; 100; 143; 144; 146; 147; 148; 167; 334; 341; 344; 345; 348; 349; 350; 351
ACTG1,ACTG2,F-actin-capping protein subunit alpha-1,7,7,46,3,3,0.42857142857142855,0.06521739130434782,26.37111111111111,3,14,147; 283; 290,116; 133; 139; 143; 146; 147; 148; 166; 167; 168; 169; 170; 171; 172; 173; 263; 265; 266; 268; 269; 270; 271; 272; 283; 284; 285; 286; 287; 288; 289; 290; 342; 345; 346; 349; 350; 351; 352; 354; 355; 369; 371; 372; 373; 374; 375
ACTG1,ACTG2,F-actin-capping protein subunit beta,7,7,45,3,3,0.42857142857142855,0.06666666666666667,22.0,3,9,147; 283; 290,113; 133; 139; 142; 143; 146; 147; 148; 166; 167; 168; 169; 173; 176; 224; 272; 276; 279; 280; 283; 284; 285; 286; 287; 288; 290; 320; 345; 346; 348; 349; 350; 351; 352; 354; 355; 364; 365; 368; 369; 371; 372; 373; 374; 375
ACTG1,ACTG2,Filamin-A,7,7,58,2,2,0.2857142857142857,0.034482758620689655,52.96666666666667,2,8,26; 147,21; 24; 25; 26; 27; 28; 29; 30; 31; 44; 45; 46; 47; 48; 49; 50; 52; 53; 54; 56; 57; 60; 61; 83; 84; 87; 88; 91; 92; 93; 94; 95; 96; 97; 98; 100; 126; 142; 143; 144; 145; 146; 147; 148; 149; 167; 333; 334; 335; 336; 337; 341; 345; 348; 349; 350; 351; 354
ACTG1,ACTG2,Gelsolin,7,7,119,4,4,0.5714285714285714,0.03361344537815126,46.333779761904765,4,32,26; 40; 51; 147,2; 3; 4; 22; 23; 24; 25; 26; 27; 28; 29; 30; 31; 37; 38; 39; 40; 41; 42; 43; 44; 45; 46; 47; 48; 49; 50; 51; 52; 54; 56; 57; 60; 61; 66; 68; 84; 87; 88; 91; 92; 93; 95; 96; 97; 98; 99; 100; 126; 127; 128; 133; 140; 142; 143; 144; 145; 146; 147; 148; 149; 166; 167; 168; 169; 221; 222; 223; 224; 259; 262; 263; 264; 265; 266; 269; 270; 271; 272; 273; 275; 276; 291; 292; 295; 296; 311; 312; 314; 315; 316; 318; 319; 326; 328; 329; 330; 332; 334; 337; 338; 340; 341; 342; 344; 345; 346; 348; 349; 350; 351; 352; 353; 354; 355; 372; 373; 374; 375
ACTG1,ACTG2,Inositol-trisphosphate 3-kinase A,7,7,37,3,3,0.42857142857142855,0.08108108108108109,11.829523809523808,3,13,26; 51; 147,22; 23; 24; 25; 26; 44; 45; 46; 47; 48; 49; 50; 51; 53; 87; 91; 92; 142; 143; 144; 145; 146; 147; 148; 167; 332; 333; 334; 337; 340; 341; 344; 345; 348; 349; 350; 351
ACTG1,ACTG2,Inverted formin-2,7,7,112,3,3,0.42857142857142855,0.026785714285714284,32.21407407407407,3,20,26; 118; 147,5; 6; 21; 22; 23; 24; 25; 26; 27; 28; 44; 45; 46; 47; 48; 49; 50; 79; 80; 83; 87; 91; 92; 93; 94; 95; 96; 98; 99; 101; 114; 117; 118; 121; 122; 124; 125; 126; 127; 128; 130; 131; 142; 143; 144; 145; 146; 147; 148; 149; 166; 167; 168; 169; 216; 229; 231; 232; 233; 234; 235; 237; 238; 239; 240; 241; 242; 243; 244; 245; 247; 249; 291; 292; 295; 296; 322; 323; 324; 325; 326; 327; 328; 330; 332; 334; 341; 344; 345; 346; 348; 349; 350; 351; 352; 353; 354; 355; 356; 358; 359; 360; 361; 362; 363; 364; 365; 366; 367; 368; 369; 373
ACTG1,ACTG2,Isoform 2 of F-actin-capping protein subunit beta,7,7,46,3,3,0.42857142857142855,0.06521739130434782,20.95,3,4,147; 283; 290,110; 133; 136; 139; 143; 145; 146; 147; 148; 166; 167; 168; 169; 170; 171; 172; 173; 176; 224; 272; 276; 277; 279; 280; 283; 284; 285; 286; 288; 290; 320; 345; 346; 348; 349; 350; 351; 352; 354; 355; 361; 364; 369; 372; 373; 375
ACTG1,ACTG2,"Isoform A2 of Troponin T, cardiac muscle",7,7,36,1,1,0.14285714285714285,0.027777777777777776,31.599999999999998,1,2,147,25; 41; 42; 43; 44; 45; 46; 47; 48; 49; 50; 133; 136; 143; 144; 145; 146; 147; 148; 167; 168; 332; 333; 334; 341; 345; 349; 350; 351; 352; 354; 355; 371; 372; 373; 375
ACTG1,ACTG2,Leiomodin-2,7,7,93,5,5,0.7142857142857143,0.053763440860215055,49.94666666666667,5,13,40; 51; 118; 283; 290,37; 38; 39; 40; 41; 42; 43; 44; 45; 46; 47; 48; 49; 50; 51; 52; 66; 68; 69; 70; 72; 75; 76; 77; 78; 79; 80; 81; 83; 84; 112; 114; 117; 118; 121; 122; 124; 125; 126; 167; 168; 169; 195; 196; 197; 198; 199; 224; 244; 245; 246; 247; 248; 249; 262; 263; 264; 265; 269; 270; 271; 272; 273; 275; 276; 279; 280; 283; 290; 318; 319; 320; 321; 322; 323; 349; 351; 352; 354; 355; 359; 361; 362; 363; 364; 365; 366; 367; 369; 371; 372; 373; 374
ACTG1,ACTG2,"Maltose/maltodextrin-binding periplasmic protein,Adenylate cyclase ExoY",7,7,53,2,2,0.2857142857142857,0.03773584905660377,54.2,2,10,26; 147,16; 21; 23; 24; 25; 26; 27; 28; 29; 30; 31; 32; 44; 45; 46; 47; 56; 57; 59; 87; 90; 91; 92; 93; 94; 95; 96; 97; 99; 128; 142; 143; 144; 145; 146; 147; 148; 210; 211; 214; 305; 333; 334; 335; 336; 337; 341; 344; 345; 348; 349; 350; 351
ACTG1,ACTG2,"Maltose/maltodextrin-binding periplasmic protein,TccC3",7,7,44,1,1,0.14285714285714285,0.022727272727272728,81.2,1,1,147,25; 44; 45; 46; 47; 48; 49; 50; 53; 56; 57; 60; 61; 88; 92; 93; 95; 142; 143; 144; 145; 146; 147; 148; 149; 167; 168; 291; 292; 295; 296; 326; 328; 329; 330; 332; 333; 334; 341; 345; 348; 349; 350; 351
ACTG1,ACTG2,Myosin heavy chain 4,7,7,52,2,2,0.2857142857142857,0.038461538461538464,65.5,2,12,26; 147,5; 6; 21; 22; 23; 24; 25; 26; 27; 28; 29; 30; 44; 45; 46; 47; 48; 49; 50; 56; 94; 95; 96; 101; 142; 143; 145; 146; 147; 148; 305; 310; 311; 314; 328; 329; 330; 331; 332; 333; 334; 336; 337; 341; 344; 345; 348; 349; 350; 351; 353; 354
ACTG1,ACTG2,"Myosin-14,Alpha-actinin A",7,7,53,2,2,0.2857142857142857,0.03773584905660377,63.125,2,4,26; 147,3; 4; 22; 23; 24; 25; 26; 27; 28; 29; 30; 44; 45; 46; 47; 48; 49; 50; 56; 91; 93; 95; 96; 97; 100; 142; 143; 144; 145; 146; 147; 148; 167; 168; 305; 314; 328; 329; 330; 332; 333; 334; 337; 341; 344; 345; 348; 349; 350; 351; 352; 353; 354
ACTG1,ACTG2,Myosin-6,7,7,42,2,2,0.2857142857142857,0.047619047619047616,62.84166666666667,2,12,26; 147,23; 24; 25; 26; 27; 28; 29; 30; 44; 45; 46; 47; 48; 56; 93; 94; 95; 96; 142; 143; 146; 147; 148; 305; 311; 314; 328; 330; 332; 333; 334; 336; 337; 341; 344; 345; 348; 349; 350; 351; 353; 354
ACTG1,ACTG2,Myosin-7,7,7,54,2,2,0.2857142857142857,0.037037037037037035,70.66363636363636,2,22,26; 147,6; 21; 22; 23; 24; 25; 26; 27; 28; 29; 30; 44; 45; 46; 47; 48; 49; 50; 56; 93; 94; 95; 96; 97; 101; 142; 143; 145; 146; 147; 148; 149; 296; 305; 311; 314; 328; 329; 330; 331; 332; 333; 334; 336; 337; 341; 344; 345; 348; 349; 350; 351; 353; 354
ACTG1,ACTG2,Myosin-A,7,7,49,2,2,0.2857142857142857,0.04081632653061224,54.05,2,2,26; 147,6; 23; 24; 25; 26; 27; 28; 30; 44; 45; 46; 47; 48; 49; 50; 57; 87; 91; 92; 95; 96; 97; 142; 143; 145; 146; 147; 148; 167; 305; 328; 329; 330; 331; 332; 333; 334; 335; 336; 337; 341; 344; 345; 348; 349; 350; 351; 353; 354
ACTG1,ACTG2,Plastin-3,7,7,46,2,2,0.2857142857142857,0.043478260869565216,6.633333333333333,2,6,51; 147,5; 23; 24; 25; 44; 45; 46; 47; 49; 50; 51; 52; 53; 54; 57; 61; 84; 87; 88; 90; 91; 92; 93; 94; 95; 96; 97; 98; 99; 100; 101; 143; 144; 146; 147; 148; 167; 169; 334; 341; 344; 345; 348; 349; 350; 351
ACTG1,ACTG2,Profilin-1,7,7,29,1,1,0.14285714285714285,0.034482758620689655,3.2,1,1,290,113; 116; 133; 136; 166; 167; 169; 170; 171; 172; 173; 284; 285; 286; 287; 288; 289; 290; 354; 355; 361; 365; 368; 369; 371; 372; 373; 374; 375
ACTG1,ACTG2,Protein diaphanous homolog 1,7,7,66,2,2,0.2857142857142857,0.030303030303030304,50.95,2,5,118; 147,5; 6; 7; 22; 23; 24; 25; 44; 45; 46; 47; 48; 50; 61; 80; 83; 118; 121; 125; 126; 128; 143; 144; 145; 146; 147; 148; 149; 166; 167; 168; 169; 233; 234; 239; 292; 296; 318; 319; 321; 323; 324; 326; 328; 330; 340; 341; 344; 345; 346; 347; 348; 349; 350; 351; 352; 353; 355; 359; 362; 363; 364; 365; 366; 367; 372
ACTG1,ACTG2,Spectrin beta chain,7,7,76,3,3,0.42857142857142855,0.039473684210526314,34.20902777777778,3,35,26; 51; 147,2; 3; 21; 23; 24; 25; 26; 27; 28; 29; 30; 31; 44; 45; 46; 47; 48; 49; 50; 51; 52; 53; 54; 56; 57; 58; 61; 83; 84; 87; 88; 90; 91; 92; 93; 94; 95; 96; 97; 98; 99; 100; 124; 125; 128; 142; 143; 144; 145; 146; 147; 148; 167; 214; 215; 305; 306; 307; 308; 309; 331; 332; 333; 334; 335; 336; 337; 341; 345; 348; 349; 350; 351; 359; 362; 363
ACTG1,ACTG2,Src substrate cortactin,7,7,65,2,2,0.2857142857142857,0.03076923076923077,62.2,2,2,26; 147,16; 18; 26; 27; 28; 29; 30; 31; 32; 45; 46; 47; 48; 56; 57; 59; 60; 61; 62; 144; 145; 146; 147; 148; 149; 166; 167; 207; 208; 210; 211; 214; 215; 217; 221; 240; 241; 242; 243; 288; 289; 291; 292; 295; 296; 298; 302; 305; 306; 307; 308; 309; 310; 311; 314; 328; 329; 330; 331; 332; 333; 334; 335; 336; 337
ACTG1,ACTG2,Talin-1,7,7,72,2,2,0.2857142857142857,0.027777777777777776,20.950000000000003,2,10,51; 147,3; 4; 5; 23; 24; 25; 44; 45; 46; 47; 48; 49; 50; 51; 52; 53; 57; 83; 84; 87; 91; 92; 97; 98; 99; 100; 101; 102; 121; 124; 125; 126; 127; 128; 129; 130; 131; 143; 144; 145; 146; 147; 148; 328; 329; 330; 331; 332; 333; 334; 340; 341; 344; 345; 348; 349; 350; 351; 353; 354; 356; 358; 359; 360; 361; 362; 363; 364; 365; 366; 367; 373
ACTG1,ACTG2,Tropomodulin-1,7,7,132,4,4,0.5714285714285714,0.030303030303030304,55.6125,4,13,40; 51; 118; 283,32; 37; 38; 39; 40; 41; 42; 43; 44; 45; 46; 47; 48; 49; 50; 51; 52; 53; 54; 56; 57; 59; 60; 61; 62; 63; 64; 66; 68; 69; 72; 75; 76; 77; 78; 79; 80; 81; 83; 84; 87; 88; 91; 92; 93; 95; 98; 99; 112; 114; 117; 118; 121; 122; 124; 125; 126; 127; 128; 195; 196; 197; 198; 199; 200; 201; 202; 204; 205; 207; 208; 210; 211; 213; 214; 215; 216; 217; 218; 219; 220; 221; 224; 226; 232; 233; 235; 236; 238; 239; 240; 241; 242; 243; 244; 245; 246; 247; 248; 249; 254; 262; 263; 264; 265; 266; 273; 275; 276; 279; 283; 294; 305; 306; 307; 308; 311; 316; 318; 319; 320; 321; 322; 323; 335; 359; 362; 363; 364; 365; 366; 367
ACTG1,ACTG2,Tropomyosin alpha-1 chain,7,7,35,1,1,0.14285714285714285,0.02857142857142857,12.3,1,2,147,25; 147; 215; 216; 217; 218; 219; 220; 221; 222; 225; 226; 235; 236; 238; 241; 254; 291; 295; 307; 308; 311; 314; 315; 318; 323; 324; 325; 326; 327; 328; 329; 330; 333; 334
ACTG1,ACTG2,Tropomyosin beta chain,7,7,11,0,0,0.0,0.0,,0,0,,218; 219; 220; 221; 222; 226; 238; 254; 307; 308; 311
ACTG1,ACTG2,Tropomyosin-1.9,7,7,17,2,2,0.2857142857142857,0.11764705882352941,55.50000000000001,2,3,26; 147,24; 25; 26; 27; 30; 144; 145; 147; 326; 328; 330; 332; 333; 334; 337; 341; 345
ACTG1,ACTG2,"Troponin T2, cardiac type",7,7,34,2,2,0.2857142857142857,0.058823529411764705,16.525000000000002,2,3,51; 147,24; 25; 41; 42; 43; 44; 45; 46; 47; 48; 49; 51; 133; 143; 144; 145; 146; 147; 148; 332; 333; 334; 341; 345; 349; 351; 352; 354; 355; 371; 372; 373; 374; 375
ACTG1,ACTG2,Unconventional myosin-Ib,7,7,66,3,3,0.42857142857142855,0.045454545454545456,44.455555555555556,3,7,26; 51; 147,2; 4; 6; 21; 22; 23; 24; 25; 26; 27; 28; 29; 30; 31; 44; 45; 46; 47; 48; 49; 50; 51; 56; 87; 91; 92; 93; 95; 96; 97; 98; 99; 100; 127; 128; 142; 143; 144; 145; 146; 147; 148; 305; 310; 311; 314; 327; 328; 329; 330; 331; 332; 333; 334; 335; 336; 337; 341; 344; 345; 348; 349; 350; 351; 353; 354
ACTG1,ACTG2,Utrophin,7,7,51,3,3,0.42857142857142855,0.058823529411764705,39.11666666666667,3,8,26; 51; 147,21; 24; 25; 26; 27; 28; 29; 30; 31; 44; 45; 46; 47; 48; 49; 50; 51; 52; 53; 54; 56; 57; 61; 84; 87; 88; 91; 92; 93; 94; 95; 96; 97; 98; 99; 143; 144; 146; 147; 148; 149; 167; 333; 334; 337; 341; 345; 348; 349; 350; 351
ACTG1,ACTG2,Vibrio VopV,7,7,95,3,3,0.42857142857142855,0.031578947368421054,75.11333333333333,3,31,118; 283; 290,35; 37; 38; 39; 66; 67; 68; 69; 70; 71; 72; 73; 75; 76; 77; 78; 79; 80; 81; 110; 111; 112; 114; 115; 117; 118; 121; 125; 173; 176; 177; 179; 183; 184; 187; 190; 194; 195; 196; 197; 198; 199; 200; 201; 202; 203; 205; 206; 239; 240; 241; 242; 244; 245; 246; 247; 248; 249; 262; 263; 264; 265; 267; 268; 269; 270; 271; 272; 273; 275; 276; 279; 280; 283; 284; 285; 286; 287; 290; 294; 318; 319; 320; 321; 322; 323; 324; 359; 362; 363; 364; 365; 366; 367; 368
ACTG1,ACTG2,Vinculin,7,7,65,3,3,0.42857142857142855,0.046153846153846156,33.5,3,5,26; 51; 147,5; 23; 24; 25; 26; 44; 45; 46; 47; 48; 49; 50; 51; 52; 53; 57; 61; 80; 83; 84; 87; 88; 91; 92; 93; 95; 96; 97; 99; 100; 102; 126; 127; 130; 131; 142; 143; 144; 145; 146; 147; 148; 296; 328; 330; 331; 332; 333; 334; 337; 341; 344; 345; 348; 349; 350; 351; 353; 354; 355; 356; 358; 360; 361; 373
ACTG1,ACTG2,VopV,7,7,85,3,3,0.42857142857142855,0.03529411764705882,73.375,3,34,118; 283; 290,35; 37; 39; 63; 66; 67; 68; 69; 70; 71; 72; 73; 75; 76; 77; 78; 79; 81; 84; 110; 111; 112; 114; 115; 117; 118; 121; 125; 126; 128; 173; 176; 177; 179; 183; 187; 194; 196; 197; 198; 199; 200; 201; 202; 203; 204; 205; 206; 239; 241; 242; 244; 245; 246; 247; 248; 249; 268; 269; 270; 271; 272; 276; 279; 280; 283; 284; 285; 286; 287; 288; 290; 318; 319; 320; 321; 322; 323; 324; 362; 363; 364; 365; 366; 367
ACTG1,ACTG2,"WD repeat-containing protein 1,Methylated-DNA--protein-cysteine methyltransferase",7,7,52,0,0,0.0,0.0,,0,0,,166; 169; 171; 221; 222; 224; 225; 226; 228; 229; 230; 232; 233; 234; 235; 238; 270; 276; 311; 314; 315; 316; 318; 319; 320; 321; 322; 323; 324; 325; 326; 327; 328; 330; 353; 354; 355; 356; 358; 360; 361; 362; 363; 364; 365; 366; 367; 368; 369; 372; 373; 375
ACTG1,ACTG2,beta-cardiac myosin II,7,7,38,2,2,0.2857142857142857,0.05263157894736842,70.5,2,2,26; 147,22; 23; 24; 25; 26; 27; 28; 29; 30; 44; 45; 46; 47; 48; 56; 142; 143; 145; 146; 147; 148; 311; 314; 328; 329; 330; 332; 333; 334; 337; 341; 344; 345; 348; 349; 350; 351; 354
ACTG2,ACTA1,Actin-interacting protein 1,1,1,82,0,0,0.0,0.0,,0,0,,37; 38; 39; 40; 41; 43; 44; 45; 46; 47; 48; 49; 50; 51; 52; 53; 64; 66; 68; 78; 79; 80; 83; 84; 87; 118; 122; 125; 126; 128; 166; 167; 169; 221; 222; 224; 225; 226; 228; 229; 230; 232; 233; 234; 235; 238; 254; 276; 307; 308; 310; 311; 314; 315; 318; 319; 320; 321; 323; 324; 325; 326; 327; 328; 329; 330; 354; 355; 358; 360; 361; 362; 363; 364; 365; 366; 367; 368; 369; 372; 373; 375
ACTG2,ACTA1,Actin-related protein 2,1,1,52,0,0,0.0,0.0,,0,0,,38; 39; 40; 41; 42; 43; 44; 45; 46; 47; 48; 49; 50; 53; 60; 61; 62; 63; 64; 65; 66; 67; 188; 191; 192; 194; 195; 196; 197; 199; 200; 201; 202; 203; 204; 205; 208; 227; 230; 231; 241; 242; 243; 244; 245; 246; 247; 252; 266; 267; 268; 270
ACTG2,ACTA1,Actin-related protein 2/3 complex subunit 1,1,1,27,0,0,0.0,0.0,,0,0,,4; 23; 24; 25; 44; 45; 46; 47; 48; 142; 143; 144; 145; 146; 147; 148; 333; 334; 340; 341; 344; 345; 348; 349; 350; 351; 352
ACTG2,ACTA1,Actin-related protein 2/3 complex subunit 1B,1,1,22,0,0,0.0,0.0,,0,0,,23; 24; 25; 44; 45; 46; 47; 48; 142; 143; 144; 145; 146; 147; 148; 341; 344; 345; 348; 349; 350; 351
ACTG2,ACTA1,Actin-related protein 2/3 complex subunit 2,1,1,76,0,0,0.0,0.0,,0,0,,4; 5; 6; 7; 8; 21; 22; 23; 24; 28; 46; 48; 49; 50; 51; 75; 76; 77; 79; 83; 87; 94; 95; 96; 99; 100; 101; 102; 113; 114; 115; 117; 118; 121; 122; 125; 130; 131; 195; 196; 197; 198; 228; 229; 231; 232; 233; 234; 235; 236; 237; 238; 239; 240; 241; 245; 246; 247; 248; 249; 254; 279; 283; 320; 321; 322; 323; 324; 351; 356; 362; 363; 364; 365; 366; 367
ACTG2,ACTA1,Actin-related protein 2/3 complex subunit 3,1,1,22,0,0,0.0,0.0,,0,0,,4; 5; 46; 47; 48; 49; 87; 91; 92; 95; 97; 99; 125; 126; 128; 350; 351; 353; 354; 355; 361; 373
ACTG2,ACTA1,Actin-related protein 2/3 complex subunit 4,1,1,30,0,0,0.0,0.0,,0,0,,21; 28; 50; 51; 52; 79; 80; 83; 84; 87; 90; 91; 92; 93; 94; 95; 96; 97; 98; 99; 100; 101; 118; 121; 122; 125; 126; 127; 128; 359
ACTG2,ACTA1,Actin-related protein 2/3 complex subunit 5-like protein,1,1,8,0,0,0.0,0.0,,0,0,,37; 38; 39; 40; 41; 51; 66; 68
ACTG2,ACTA1,Actin-related protein 3,1,1,76,0,0,0.0,0.0,,0,0,,37; 38; 39; 40; 41; 42; 43; 44; 45; 46; 47; 48; 49; 50; 51; 53; 60; 61; 62; 63; 64; 65; 117; 121; 124; 125; 128; 133; 143; 198; 200; 202; 204; 205; 208; 224; 227; 228; 230; 231; 232; 233; 234; 237; 238; 239; 240; 241; 242; 243; 244; 245; 246; 247; 248; 249; 346; 351; 354; 355; 359; 360; 361; 362; 363; 364; 365; 366; 367; 368; 369; 371; 372; 373; 374; 375
ACTG2,ACTA1,Adducin 1,1,1,88,0,0,0.0,0.0,,0,0,,4; 5; 6; 16; 21; 23; 24; 25; 26; 27; 28; 29; 30; 38; 39; 40; 41; 42; 43; 44; 45; 46; 47; 48; 49; 50; 51; 56; 93; 95; 96; 97; 100; 101; 133; 143; 144; 145; 146; 147; 148; 149; 166; 167; 168; 169; 173; 214; 215; 222; 224; 225; 228; 279; 280; 283; 284; 285; 286; 287; 288; 290; 292; 295; 296; 305; 332; 333; 334; 336; 337; 340; 341; 344; 345; 346; 348; 349; 350; 351; 352; 354; 355; 371; 372; 373; 374; 375
ACTG2,ACTA1,Adenylyl cyclase-associated protein 1,1,1,49,0,0,0.0,0.0,,0,0,,32; 40; 43; 44; 45; 46; 47; 48; 49; 50; 53; 56; 57; 59; 60; 61; 62; 63; 64; 65; 88; 91; 92; 93; 95; 188; 191; 195; 202; 203; 204; 205; 207; 208; 210; 211; 215; 240; 241; 242; 243; 244; 245; 256; 265; 266; 267; 268; 270
ACTG2,ACTA1,Afadin,1,1,10,0,0,0.0,0.0,,0,0,,6; 21; 22; 23; 24; 25; 28; 348; 349; 350
ACTG2,ACTA1,Alpha-catenin-like protein hmp-1,1,1,55,0,0,0.0,0.0,,0,0,,21; 23; 24; 25; 26; 27; 28; 29; 30; 44; 45; 46; 47; 48; 49; 50; 51; 52; 53; 54; 57; 84; 87; 88; 91; 92; 93; 94; 95; 96; 97; 99; 100; 142; 143; 144; 145; 146; 147; 148; 296; 328; 330; 332; 333; 334; 336; 337; 341; 344; 345; 348; 349; 350; 351
ACTG2,ACTA1,Beta-adducin,1,1,132,0,0,0.0,0.0,,0,0,,5; 6; 16; 21; 23; 24; 25; 26; 27; 28; 29; 30; 38; 39; 40; 41; 42; 43; 44; 45; 46; 47; 48; 49; 50; 51; 56; 95; 96; 97; 100; 101; 113; 114; 117; 118; 121; 124; 125; 126; 128; 133; 143; 144; 145; 146; 147; 148; 149; 167; 168; 169; 172; 188; 195; 196; 214; 223; 224; 227; 228; 230; 231; 232; 233; 234; 236; 237; 251; 252; 253; 256; 263; 265; 266; 279; 283; 287; 288; 290; 291; 292; 295; 296; 305; 310; 311; 314; 318; 319; 320; 321; 322; 323; 324; 326; 327; 328; 329; 330; 331; 332; 333; 334; 336; 337; 338; 340; 341; 344; 345; 346; 348; 349; 350; 351; 352; 354; 355; 359; 362; 363; 364; 365; 366; 367; 368; 371; 372; 373; 374; 375
ACTG2,ACTA1,Catenin alpha-1,1,1,78,0,0,0.0,0.0,,0,0,,21; 23; 24; 25; 26; 27; 28; 29; 30; 44; 45; 46; 47; 48; 49; 50; 51; 52; 53; 56; 57; 59; 60; 61; 62; 84; 87; 91; 92; 93; 94; 95; 96; 97; 99; 126; 127; 142; 143; 144; 145; 146; 147; 148; 149; 167; 169; 211; 215; 216; 238; 239; 240; 241; 242; 243; 247; 288; 291; 296; 305; 324; 328; 329; 330; 331; 332; 333; 334; 336; 337; 341; 344; 345; 348; 349; 350; 351
ACTG2,ACTA1,Cell invasion protein SipA,1,1,134,0,0,0.0,0.0,,0,0,,37; 38; 39; 40; 41; 42; 43; 44; 45; 46; 47; 48; 49; 51; 66; 67; 68; 69; 70; 71; 72; 73; 75; 76; 77; 78; 79; 80; 83; 84; 112; 113; 114; 117; 118; 121; 125; 126; 133; 139; 143; 158; 169; 170; 172; 173; 179; 183; 184; 187; 195; 196; 197; 198; 199; 200; 201; 202; 203; 204; 205; 206; 208; 222; 223; 224; 225; 227; 228; 230; 231; 232; 233; 234; 237; 239; 242; 243; 244; 246; 247; 248; 249; 251; 252; 253; 256; 263; 265; 266; 267; 268; 269; 270; 271; 275; 276; 279; 280; 283; 284; 285; 286; 287; 288; 290; 312; 315; 316; 318; 319; 320; 321; 322; 323; 346; 351; 352; 354; 355; 361; 362; 363; 364; 365; 366; 367; 368; 369; 371; 372; 373; 374; 375
ACTG2,ACTA1,Cofilin,1,1,82,0,0,0.0,0.0,,0,0,,16; 23; 24; 25; 26; 27; 28; 29; 30; 31; 32; 46; 47; 48; 49; 50; 53; 56; 57; 59; 60; 61; 88; 91; 92; 93; 94; 95; 96; 97; 100; 133; 134; 135; 136; 139; 140; 143; 144; 145; 146; 147; 148; 149; 157; 166; 167; 168; 169; 207; 210; 211; 214; 215; 288; 291; 292; 296; 305; 326; 328; 330; 331; 332; 333; 334; 336; 337; 338; 341; 342; 344; 345; 346; 348; 349; 350; 351; 352; 354; 355; 375
ACTG2,ACTA1,Cofilin (UNC-60B),1,1,71,0,0,0.0,0.0,,0,0,,16; 23; 25; 26; 27; 28; 29; 30; 31; 32; 47; 49; 50; 53; 56; 57; 59; 60; 61; 91; 92; 93; 94; 95; 96; 97; 100; 133; 135; 139; 140; 143; 144; 145; 146; 147; 148; 149; 167; 168; 169; 207; 210; 211; 214; 215; 291; 296; 305; 326; 328; 330; 332; 333; 334; 336; 337; 338; 341; 342; 344; 345; 346; 348; 349; 350; 351; 352; 354; 355; 375
ACTG2,ACTA1,Cofilin-1,1,1,76,0,0,0.0,0.0,,0,0,,21; 23; 24; 25; 26; 27; 28; 29; 30; 31; 44; 45; 50; 51; 53; 56; 57; 60; 61; 87; 88; 91; 92; 93; 94; 95; 96; 97; 99; 100; 101; 133; 140; 142; 143; 144; 145; 146; 147; 148; 149; 166; 167; 168; 169; 214; 215; 288; 291; 292; 295; 296; 305; 326; 328; 330; 331; 332; 333; 334; 336; 337; 338; 341; 342; 343; 345; 346; 348; 349; 350; 351; 352; 354; 355; 375
ACTG2,ACTA1,Cofilin-2,1,1,77,0,0,0.0,0.0,,0,0,,4; 5; 21; 23; 24; 25; 26; 27; 28; 29; 30; 31; 50; 53; 56; 57; 60; 61; 88; 91; 92; 93; 94; 95; 96; 97; 99; 100; 101; 133; 134; 135; 136; 139; 140; 143; 144; 145; 146; 147; 148; 149; 166; 167; 168; 169; 214; 215; 291; 292; 295; 296; 305; 326; 328; 330; 331; 332; 333; 334; 336; 337; 338; 341; 342; 345; 346; 348; 349; 350; 351; 352; 353; 354; 355; 374; 375
ACTG2,ACTA1,"Coronin-1B,Methylated-DNA--protein-cysteine methyltransferase",1,1,98,0,0,0.0,0.0,,0,0,,6; 37; 38; 39; 40; 41; 42; 49; 50; 51; 52; 66; 68; 75; 76; 77; 78; 79; 80; 81; 83; 84; 87; 91; 92; 95; 96; 97; 99; 100; 101; 102; 114; 115; 117; 118; 121; 122; 124; 125; 126; 127; 128; 130; 131; 169; 196; 198; 222; 224; 225; 230; 231; 232; 233; 234; 235; 237; 239; 246; 247; 248; 249; 250; 251; 252; 265; 270; 279; 315; 316; 318; 319; 320; 321; 322; 323; 350; 351; 353; 354; 355; 356; 357; 358; 359; 360; 361; 362; 363; 364; 365; 366; 367; 368; 369; 372; 373
ACTG2,ACTA1,Dematin actin binding protein,1,1,125,0,0,0.0,0.0,,0,0,,2; 3; 4; 5; 6; 21; 22; 23; 24; 25; 26; 27; 28; 38; 39; 40; 41; 42; 43; 44; 45; 46; 47; 48; 49; 50; 51; 95; 96; 97; 99; 100; 101; 102; 121; 125; 130; 131; 133; 143; 144; 145; 146; 147; 168; 169; 172; 215; 216; 218; 219; 221; 222; 223; 224; 226; 229; 230; 231; 232; 233; 234; 235; 237; 238; 239; 240; 241; 247; 249; 259; 262; 263; 264; 265; 266; 268; 269; 270; 271; 272; 273; 275; 276; 305; 307; 308; 312; 315; 316; 318; 319; 320; 330; 332; 333; 334; 337; 340; 341; 344; 345; 347; 348; 350; 351; 353; 354; 355; 356; 358; 359; 360; 361; 362; 363; 364; 365; 366; 367; 371; 372; 373; 374; 375
ACTG2,ACTA1,Epididymis secretory protein Li 37,1,1,43,0,0,0.0,0.0,,0,0,,23; 24; 25; 44; 45; 46; 47; 48; 49; 50; 51; 52; 53; 54; 56; 57; 61; 84; 87; 88; 91; 92; 93; 95; 96; 97; 98; 99; 100; 143; 144; 146; 147; 148; 167; 334; 341; 344; 345; 348; 349; 350; 351
ACTG2,ACTA1,F-actin-capping protein subunit alpha-1,1,1,46,0,0,0.0,0.0,,0,0,,116; 133; 139; 143; 146; 147; 148; 166; 167; 168; 169; 170; 171; 172; 173; 263; 265; 266; 268; 269; 270; 271; 272; 283; 284; 285; 286; 287; 288; 289; 290; 342; 345; 346; 349; 350; 351; 352; 354; 355; 369; 371; 372; 373; 374; 375
ACTG2,ACTA1,F-actin-capping protein subunit beta,1,1,45,0,0,0.0,0.0,,0,0,,113; 133; 139; 142; 143; 146; 147; 148; 166; 167; 168; 169; 173; 176; 224; 272; 276; 279; 280; 283; 284; 285; 286; 287; 288; 290; 320; 345; 346; 348; 349; 350; 351; 352; 354; 355; 364; 365; 368; 369; 371; 372; 373; 374; 375
ACTG2,ACTA1,Filamin-A,1,1,58,0,0,0.0,0.0,,0,0,,21; 24; 25; 26; 27; 28; 29; 30; 31; 44; 45; 46; 47; 48; 49; 50; 52; 53; 54; 56; 57; 60; 61; 83; 84; 87; 88; 91; 92; 93; 94; 95; 96; 97; 98; 100; 126; 142; 143; 144; 145; 146; 147; 148; 149; 167; 333; 334; 335; 336; 337; 341; 345; 348; 349; 350; 351; 354
ACTG2,ACTA1,Gelsolin,1,1,119,0,0,0.0,0.0,,0,0,,2; 3; 4; 22; 23; 24; 25; 26; 27; 28; 29; 30; 31; 37; 38; 39; 40; 41; 42; 43; 44; 45; 46; 47; 48; 49; 50; 51; 52; 54; 56; 57; 60; 61; 66; 68; 84; 87; 88; 91; 92; 93; 95; 96; 97; 98; 99; 100; 126; 127; 128; 133; 140; 142; 143; 144; 145; 146; 147; 148; 149; 166; 167; 168; 169; 221; 222; 223; 224; 259; 262; 263; 264; 265; 266; 269; 270; 271; 272; 273; 275; 276; 291; 292; 295; 296; 311; 312; 314; 315; 316; 318; 319; 326; 328; 329; 330; 332; 334; 337; 338; 340; 341; 342; 344; 345; 346; 348; 349; 350; 351; 352; 353; 354; 355; 372; 373; 374; 375
ACTG2,ACTA1,Inositol-trisphosphate 3-kinase A,1,1,37,0,0,0.0,0.0,,0,0,,22; 23; 24; 25; 26; 44; 45; 46; 47; 48; 49; 50; 51; 53; 87; 91; 92; 142; 143; 144; 145; 146; 147; 148; 167; 332; 333; 334; 337; 340; 341; 344; 345; 348; 349; 350; 351
ACTG2,ACTA1,Inverted formin-2,1,1,112,0,0,0.0,0.0,,0,0,,5; 6; 21; 22; 23; 24; 25; 26; 27; 28; 44; 45; 46; 47; 48; 49; 50; 79; 80; 83; 87; 91; 92; 93; 94; 95; 96; 98; 99; 101; 114; 117; 118; 121; 122; 124; 125; 126; 127; 128; 130; 131; 142; 143; 144; 145; 146; 147; 148; 149; 166; 167; 168; 169; 216; 229; 231; 232; 233; 234; 235; 237; 238; 239; 240; 241; 242; 243; 244; 245; 247; 249; 291; 292; 295; 296; 322; 323; 324; 325; 326; 327; 328; 330; 332; 334; 341; 344; 345; 346; 348; 349; 350; 351; 352; 353; 354; 355; 356; 358; 359; 360; 361; 362; 363; 364; 365; 366; 367; 368; 369; 373
ACTG2,ACTA1,Isoform 2 of F-actin-capping protein subunit beta,1,1,46,0,0,0.0,0.0,,0,0,,110; 133; 136; 139; 143; 145; 146; 147; 148; 166; 167; 168; 169; 170; 171; 172; 173; 176; 224; 272; 276; 277; 279; 280; 283; 284; 285; 286; 288; 290; 320; 345; 346; 348; 349; 350; 351; 352; 354; 355; 361; 364; 369; 372; 373; 375
ACTG2,ACTA1,"Isoform A2 of Troponin T, cardiac muscle",1,1,36,0,0,0.0,0.0,,0,0,,25; 41; 42; 43; 44; 45; 46; 47; 48; 49; 50; 133; 136; 143; 144; 145; 146; 147; 148; 167; 168; 332; 333; 334; 341; 345; 349; 350; 351; 352; 354; 355; 371; 372; 373; 375
ACTG2,ACTA1,Leiomodin-2,1,1,93,0,0,0.0,0.0,,0,0,,37; 38; 39; 40; 41; 42; 43; 44; 45; 46; 47; 48; 49; 50; 51; 52; 66; 68; 69; 70; 72; 75; 76; 77; 78; 79; 80; 81; 83; 84; 112; 114; 117; 118; 121; 122; 124; 125; 126; 167; 168; 169; 195; 196; 197; 198; 199; 224; 244; 245; 246; 247; 248; 249; 262; 263; 264; 265; 269; 270; 271; 272; 273; 275; 276; 279; 280; 283; 290; 318; 319; 320; 321; 322; 323; 349; 351; 352; 354; 355; 359; 361; 362; 363; 364; 365; 366; 367; 369; 371; 372; 373; 374
ACTG2,ACTA1,"Maltose/maltodextrin-binding periplasmic protein,Adenylate cyclase ExoY",1,1,53,0,0,0.0,0.0,,0,0,,16; 21; 23; 24; 25; 26; 27; 28; 29; 30; 31; 32; 44; 45; 46; 47; 56; 57; 59; 87; 90; 91; 92; 93; 94; 95; 96; 97; 99; 128; 142; 143; 144; 145; 146; 147; 148; 210; 211; 214; 305; 333; 334; 335; 336; 337; 341; 344; 345; 348; 349; 350; 351
ACTG2,ACTA1,"Maltose/maltodextrin-binding periplasmic protein,TccC3",1,1,44,0,0,0.0,0.0,,0,0,,25; 44; 45; 46; 47; 48; 49; 50; 53; 56; 57; 60; 61; 88; 92; 93; 95; 142; 143; 144; 145; 146; 147; 148; 149; 167; 168; 291; 292; 295; 296; 326; 328; 329; 330; 332; 333; 334; 341; 345; 348; 349; 350; 351
ACTG2,ACTA1,Myosin heavy chain 4,1,1,52,0,0,0.0,0.0,,0,0,,5; 6; 21; 22; 23; 24; 25; 26; 27; 28; 29; 30; 44; 45; 46; 47; 48; 49; 50; 56; 94; 95; 96; 101; 142; 143; 145; 146; 147; 148; 305; 310; 311; 314; 328; 329; 330; 331; 332; 333; 334; 336; 337; 341; 344; 345; 348; 349; 350; 351; 353; 354
ACTG2,ACTA1,"Myosin-14,Alpha-actinin A",1,1,53,0,0,0.0,0.0,,0,0,,3; 4; 22; 23; 24; 25; 26; 27; 28; 29; 30; 44; 45; 46; 47; 48; 49; 50; 56; 91; 93; 95; 96; 97; 100; 142; 143; 144; 145; 146; 147; 148; 167; 168; 305; 314; 328; 329; 330; 332; 333; 334; 337; 341; 344; 345; 348; 349; 350; 351; 352; 353; 354
ACTG2,ACTA1,Myosin-6,1,1,42,0,0,0.0,0.0,,0,0,,23; 24; 25; 26; 27; 28; 29; 30; 44; 45; 46; 47; 48; 56; 93; 94; 95; 96; 142; 143; 146; 147; 148; 305; 311; 314; 328; 330; 332; 333; 334; 336; 337; 341; 344; 345; 348; 349; 350; 351; 353; 354
ACTG2,ACTA1,Myosin-7,1,1,54,0,0,0.0,0.0,,0,0,,6; 21; 22; 23; 24; 25; 26; 27; 28; 29; 30; 44; 45; 46; 47; 48; 49; 50; 56; 93; 94; 95; 96; 97; 101; 142; 143; 145; 146; 147; 148; 149; 296; 305; 311; 314; 328; 329; 330; 331; 332; 333; 334; 336; 337; 341; 344; 345; 348; 349; 350; 351; 353; 354
ACTG2,ACTA1,Myosin-A,1,1,49,0,0,0.0,0.0,,0,0,,6; 23; 24; 25; 26; 27; 28; 30; 44; 45; 46; 47; 48; 49; 50; 57; 87; 91; 92; 95; 96; 97; 142; 143; 145; 146; 147; 148; 167; 305; 328; 329; 330; 331; 332; 333; 334; 335; 336; 337; 341; 344; 345; 348; 349; 350; 351; 353; 354
ACTG2,ACTA1,Plastin-3,1,1,46,0,0,0.0,0.0,,0,0,,5; 23; 24; 25; 44; 45; 46; 47; 49; 50; 51; 52; 53; 54; 57; 61; 84; 87; 88; 90; 91; 92; 93; 94; 95; 96; 97; 98; 99; 100; 101; 143; 144; 146; 147; 148; 167; 169; 334; 341; 344; 345; 348; 349; 350; 351
ACTG2,ACTA1,Profilin-1,1,1,29,0,0,0.0,0.0,,0,0,,113; 116; 133; 136; 166; 167; 169; 170; 171; 172; 173; 284; 285; 286; 287; 288; 289; 290; 354; 355; 361; 365; 368; 369; 371; 372; 373; 374; 375
ACTG2,ACTA1,Protein diaphanous homolog 1,1,1,66,0,0,0.0,0.0,,0,0,,5; 6; 7; 22; 23; 24; 25; 44; 45; 46; 47; 48; 50; 61; 80; 83; 118; 121; 125; 126; 128; 143; 144; 145; 146; 147; 148; 149; 166; 167; 168; 169; 233; 234; 239; 292; 296; 318; 319; 321; 323; 324; 326; 328; 330; 340; 341; 344; 345; 346; 347; 348; 349; 350; 351; 352; 353; 355; 359; 362; 363; 364; 365; 366; 367; 372
ACTG2,ACTA1,Spectrin beta chain,1,1,76,0,0,0.0,0.0,,0,0,,2; 3; 21; 23; 24; 25; 26; 27; 28; 29; 30; 31; 44; 45; 46; 47; 48; 49; 50; 51; 52; 53; 54; 56; 57; 58; 61; 83; 84; 87; 88; 90; 91; 92; 93; 94; 95; 96; 97; 98; 99; 100; 124; 125; 128; 142; 143; 144; 145; 146; 147; 148; 167; 214; 215; 305; 306; 307; 308; 309; 331; 332; 333; 334; 335; 336; 337; 341; 345; 348; 349; 350; 351; 359; 362; 363
ACTG2,ACTA1,Src substrate cortactin,1,1,65,0,0,0.0,0.0,,0,0,,16; 18; 26; 27; 28; 29; 30; 31; 32; 45; 46; 47; 48; 56; 57; 59; 60; 61; 62; 144; 145; 146; 147; 148; 149; 166; 167; 207; 208; 210; 211; 214; 215; 217; 221; 240; 241; 242; 243; 288; 289; 291; 292; 295; 296; 298; 302; 305; 306; 307; 308; 309; 310; 311; 314; 328; 329; 330; 331; 332; 333; 334; 335; 336; 337
ACTG2,ACTA1,Talin-1,1,1,72,0,0,0.0,0.0,,0,0,,3; 4; 5; 23; 24; 25; 44; 45; 46; 47; 48; 49; 50; 51; 52; 53; 57; 83; 84; 87; 91; 92; 97; 98; 99; 100; 101; 102; 121; 124; 125; 126; 127; 128; 129; 130; 131; 143; 144; 145; 146; 147; 148; 328; 329; 330; 331; 332; 333; 334; 340; 341; 344; 345; 348; 349; 350; 351; 353; 354; 356; 358; 359; 360; 361; 362; 363; 364; 365; 366; 367; 373
ACTG2,ACTA1,Tropomodulin-1,1,1,132,0,0,0.0,0.0,,0,0,,32; 37; 38; 39; 40; 41; 42; 43; 44; 45; 46; 47; 48; 49; 50; 51; 52; 53; 54; 56; 57; 59; 60; 61; 62; 63; 64; 66; 68; 69; 72; 75; 76; 77; 78; 79; 80; 81; 83; 84; 87; 88; 91; 92; 93; 95; 98; 99; 112; 114; 117; 118; 121; 122; 124; 125; 126; 127; 128; 195; 196; 197; 198; 199; 200; 201; 202; 204; 205; 207; 208; 210; 211; 213; 214; 215; 216; 217; 218; 219; 220; 221; 224; 226; 232; 233; 235; 236; 238; 239; 240; 241; 242; 243; 244; 245; 246; 247; 248; 249; 254; 262; 263; 264; 265; 266; 273; 275; 276; 279; 283; 294; 305; 306; 307; 308; 311; 316; 318; 319; 320; 321; 322; 323; 335; 359; 362; 363; 364; 365; 366; 367
ACTG2,ACTA1,Tropomyosin alpha-1 chain,1,1,35,0,0,0.0,0.0,,0,0,,25; 147; 215; 216; 217; 218; 219; 220; 221; 222; 225; 226; 235; 236; 238; 241; 254; 291; 295; 307; 308; 311; 314; 315; 318; 323; 324; 325; 326; 327; 328; 329; 330; 333; 334
ACTG2,ACTA1,Tropomyosin beta chain,1,1,11,0,0,0.0,0.0,,0,0,,218; 219; 220; 221; 222; 226; 238; 254; 307; 308; 311
ACTG2,ACTA1,Tropomyosin-1.9,1,1,17,0,0,0.0,0.0,,0,0,,24; 25; 26; 27; 30; 144; 145; 147; 326; 328; 330; 332; 333; 334; 337; 341; 345
ACTG2,ACTA1,"Troponin T2, cardiac type",1,1,34,0,0,0.0,0.0,,0,0,,24; 25; 41; 42; 43; 44; 45; 46; 47; 48; 49; 51; 133; 143; 144; 145; 146; 147; 148; 332; 333; 334; 341; 345; 349; 351; 352; 354; 355; 371; 372; 373; 374; 375
ACTG2,ACTA1,Unconventional myosin-Ib,1,1,66,0,0,0.0,0.0,,0,0,,2; 4; 6; 21; 22; 23; 24; 25; 26; 27; 28; 29; 30; 31; 44; 45; 46; 47; 48; 49; 50; 51; 56; 87; 91; 92; 93; 95; 96; 97; 98; 99; 100; 127; 128; 142; 143; 144; 145; 146; 147; 148; 305; 310; 311; 314; 327; 328; 329; 330; 331; 332; 333; 334; 335; 336; 337; 341; 344; 345; 348; 349; 350; 351; 353; 354
ACTG2,ACTA1,Utrophin,1,1,51,0,0,0.0,0.0,,0,0,,21; 24; 25; 26; 27; 28; 29; 30; 31; 44; 45; 46; 47; 48; 49; 50; 51; 52; 53; 54; 56; 57; 61; 84; 87; 88; 91; 92; 93; 94; 95; 96; 97; 98; 99; 143; 144; 146; 147; 148; 149; 167; 333; 334; 337; 341; 345; 348; 349; 350; 351
ACTG2,ACTA1,Vibrio VopV,1,1,95,0,0,0.0,0.0,,0,0,,35; 37; 38; 39; 66; 67; 68; 69; 70; 71; 72; 73; 75; 76; 77; 78; 79; 80; 81; 110; 111; 112; 114; 115; 117; 118; 121; 125; 173; 176; 177; 179; 183; 184; 187; 190; 194; 195; 196; 197; 198; 199; 200; 201; 202; 203; 205; 206; 239; 240; 241; 242; 244; 245; 246; 247; 248; 249; 262; 263; 264; 265; 267; 268; 269; 270; 271; 272; 273; 275; 276; 279; 280; 283; 284; 285; 286; 287; 290; 294; 318; 319; 320; 321; 322; 323; 324; 359; 362; 363; 364; 365; 366; 367; 368
ACTG2,ACTA1,Vinculin,1,1,65,0,0,0.0,0.0,,0,0,,5; 23; 24; 25; 26; 44; 45; 46; 47; 48; 49; 50; 51; 52; 53; 57; 61; 80; 83; 84; 87; 88; 91; 92; 93; 95; 96; 97; 99; 100; 102; 126; 127; 130; 131; 142; 143; 144; 145; 146; 147; 148; 296; 328; 330; 331; 332; 333; 334; 337; 341; 344; 345; 348; 349; 350; 351; 353; 354; 355; 356; 358; 360; 361; 373
ACTG2,ACTA1,VopV,1,1,85,0,0,0.0,0.0,,0,0,,35; 37; 39; 63; 66; 67; 68; 69; 70; 71; 72; 73; 75; 76; 77; 78; 79; 81; 84; 110; 111; 112; 114; 115; 117; 118; 121; 125; 126; 128; 173; 176; 177; 179; 183; 187; 194; 196; 197; 198; 199; 200; 201; 202; 203; 204; 205; 206; 239; 241; 242; 244; 245; 246; 247; 248; 249; 268; 269; 270; 271; 272; 276; 279; 280; 283; 284; 285; 286; 287; 288; 290; 318; 319; 320; 321; 322; 323; 324; 362; 363; 364; 365; 366; 367
ACTG2,ACTA1,"WD repeat-containing protein 1,Methylated-DNA--protein-cysteine methyltransferase",1,1,52,0,0,0.0,0.0,,0,0,,166; 169; 171; 221; 222; 224; 225; 226; 228; 229; 230; 232; 233; 234; 235; 238; 270; 276; 311; 314; 315; 316; 318; 319; 320; 321; 322; 323; 324; 325; 326; 327; 328; 330; 353; 354; 355; 356; 358; 360; 361; 362; 363; 364; 365; 366; 367; 368; 369; 372; 373; 375
ACTG2,ACTA1,beta-cardiac myosin II,1,1,38,0,0,0.0,0.0,,0,0,,22; 23; 24; 25; 26; 27; 28; 29; 30; 44; 45; 46; 47; 48; 56; 142; 143; 145; 146; 147; 148; 311; 314; 328; 329; 330; 332; 333; 334; 337; 341; 344; 345; 348; 349; 350; 351; 354
ACTG2,ACTA2,Actin-interacting protein 1,1,1,82,0,0,0.0,0.0,,0,0,,37; 38; 39; 40; 41; 43; 44; 45; 46; 47; 48; 49; 50; 51; 52; 53; 64; 66; 68; 78; 79; 80; 83; 84; 87; 118; 122; 125; 126; 128; 166; 167; 169; 221; 222; 224; 225; 226; 228; 229; 230; 232; 233; 234; 235; 238; 254; 276; 307; 308; 310; 311; 314; 315; 318; 319; 320; 321; 323; 324; 325; 326; 327; 328; 329; 330; 354; 355; 358; 360; 361; 362; 363; 364; 365; 366; 367; 368; 369; 372; 373; 375
ACTG2,ACTA2,Actin-related protein 2,1,1,52,0,0,0.0,0.0,,0,0,,38; 39; 40; 41; 42; 43; 44; 45; 46; 47; 48; 49; 50; 53; 60; 61; 62; 63; 64; 65; 66; 67; 188; 191; 192; 194; 195; 196; 197; 199; 200; 201; 202; 203; 204; 205; 208; 227; 230; 231; 241; 242; 243; 244; 245; 246; 247; 252; 266; 267; 268; 270
ACTG2,ACTA2,Actin-related protein 2/3 complex subunit 1,1,1,27,0,0,0.0,0.0,,0,0,,4; 23; 24; 25; 44; 45; 46; 47; 48; 142; 143; 144; 145; 146; 147; 148; 333; 334; 340; 341; 344; 345; 348; 349; 350; 351; 352
ACTG2,ACTA2,Actin-related protein 2/3 complex subunit 1B,1,1,22,0,0,0.0,0.0,,0,0,,23; 24; 25; 44; 45; 46; 47; 48; 142; 143; 144; 145; 146; 147; 148; 341; 344; 345; 348; 349; 350; 351
ACTG2,ACTA2,Actin-related protein 2/3 complex subunit 2,1,1,76,0,0,0.0,0.0,,0,0,,4; 5; 6; 7; 8; 21; 22; 23; 24; 28; 46; 48; 49; 50; 51; 75; 76; 77; 79; 83; 87; 94; 95; 96; 99; 100; 101; 102; 113; 114; 115; 117; 118; 121; 122; 125; 130; 131; 195; 196; 197; 198; 228; 229; 231; 232; 233; 234; 235; 236; 237; 238; 239; 240; 241; 245; 246; 247; 248; 249; 254; 279; 283; 320; 321; 322; 323; 324; 351; 356; 362; 363; 364; 365; 366; 367
ACTG2,ACTA2,Actin-related protein 2/3 complex subunit 3,1,1,22,0,0,0.0,0.0,,0,0,,4; 5; 46; 47; 48; 49; 87; 91; 92; 95; 97; 99; 125; 126; 128; 350; 351; 353; 354; 355; 361; 373
ACTG2,ACTA2,Actin-related protein 2/3 complex subunit 4,1,1,30,0,0,0.0,0.0,,0,0,,21; 28; 50; 51; 52; 79; 80; 83; 84; 87; 90; 91; 92; 93; 94; 95; 96; 97; 98; 99; 100; 101; 118; 121; 122; 125; 126; 127; 128; 359
ACTG2,ACTA2,Actin-related protein 2/3 complex subunit 5-like protein,1,1,8,0,0,0.0,0.0,,0,0,,37; 38; 39; 40; 41; 51; 66; 68
ACTG2,ACTA2,Actin-related protein 3,1,1,76,0,0,0.0,0.0,,0,0,,37; 38; 39; 40; 41; 42; 43; 44; 45; 46; 47; 48; 49; 50; 51; 53; 60; 61; 62; 63; 64; 65; 117; 121; 124; 125; 128; 133; 143; 198; 200; 202; 204; 205; 208; 224; 227; 228; 230; 231; 232; 233; 234; 237; 238; 239; 240; 241; 242; 243; 244; 245; 246; 247; 248; 249; 346; 351; 354; 355; 359; 360; 361; 362; 363; 364; 365; 366; 367; 368; 369; 371; 372; 373; 374; 375
ACTG2,ACTA2,Adducin 1,1,1,88,0,0,0.0,0.0,,0,0,,4; 5; 6; 16; 21; 23; 24; 25; 26; 27; 28; 29; 30; 38; 39; 40; 41; 42; 43; 44; 45; 46; 47; 48; 49; 50; 51; 56; 93; 95; 96; 97; 100; 101; 133; 143; 144; 145; 146; 147; 148; 149; 166; 167; 168; 169; 173; 214; 215; 222; 224; 225; 228; 279; 280; 283; 284; 285; 286; 287; 288; 290; 292; 295; 296; 305; 332; 333; 334; 336; 337; 340; 341; 344; 345; 346; 348; 349; 350; 351; 352; 354; 355; 371; 372; 373; 374; 375
ACTG2,ACTA2,Adenylyl cyclase-associated protein 1,1,1,49,0,0,0.0,0.0,,0,0,,32; 40; 43; 44; 45; 46; 47; 48; 49; 50; 53; 56; 57; 59; 60; 61; 62; 63; 64; 65; 88; 91; 92; 93; 95; 188; 191; 195; 202; 203; 204; 205; 207; 208; 210; 211; 215; 240; 241; 242; 243; 244; 245; 256; 265; 266; 267; 268; 270
ACTG2,ACTA2,Afadin,1,1,10,0,0,0.0,0.0,,0,0,,6; 21; 22; 23; 24; 25; 28; 348; 349; 350
ACTG2,ACTA2,Alpha-catenin-like protein hmp-1,1,1,55,0,0,0.0,0.0,,0,0,,21; 23; 24; 25; 26; 27; 28; 29; 30; 44; 45; 46; 47; 48; 49; 50; 51; 52; 53; 54; 57; 84; 87; 88; 91; 92; 93; 94; 95; 96; 97; 99; 100; 142; 143; 144; 145; 146; 147; 148; 296; 328; 330; 332; 333; 334; 336; 337; 341; 344; 345; 348; 349; 350; 351
ACTG2,ACTA2,Beta-adducin,1,1,132,0,0,0.0,0.0,,0,0,,5; 6; 16; 21; 23; 24; 25; 26; 27; 28; 29; 30; 38; 39; 40; 41; 42; 43; 44; 45; 46; 47; 48; 49; 50; 51; 56; 95; 96; 97; 100; 101; 113; 114; 117; 118; 121; 124; 125; 126; 128; 133; 143; 144; 145; 146; 147; 148; 149; 167; 168; 169; 172; 188; 195; 196; 214; 223; 224; 227; 228; 230; 231; 232; 233; 234; 236; 237; 251; 252; 253; 256; 263; 265; 266; 279; 283; 287; 288; 290; 291; 292; 295; 296; 305; 310; 311; 314; 318; 319; 320; 321; 322; 323; 324; 326; 327; 328; 329; 330; 331; 332; 333; 334; 336; 337; 338; 340; 341; 344; 345; 346; 348; 349; 350; 351; 352; 354; 355; 359; 362; 363; 364; 365; 366; 367; 368; 371; 372; 373; 374; 375
ACTG2,ACTA2,Catenin alpha-1,1,1,78,0,0,0.0,0.0,,0,0,,21; 23; 24; 25; 26; 27; 28; 29; 30; 44; 45; 46; 47; 48; 49; 50; 51; 52; 53; 56; 57; 59; 60; 61; 62; 84; 87; 91; 92; 93; 94; 95; 96; 97; 99; 126; 127; 142; 143; 144; 145; 146; 147; 148; 149; 167; 169; 211; 215; 216; 238; 239; 240; 241; 242; 243; 247; 288; 291; 296; 305; 324; 328; 329; 330; 331; 332; 333; 334; 336; 337; 341; 344; 345; 348; 349; 350; 351
ACTG2,ACTA2,Cell invasion protein SipA,1,1,134,0,0,0.0,0.0,,0,0,,37; 38; 39; 40; 41; 42; 43; 44; 45; 46; 47; 48; 49; 51; 66; 67; 68; 69; 70; 71; 72; 73; 75; 76; 77; 78; 79; 80; 83; 84; 112; 113; 114; 117; 118; 121; 125; 126; 133; 139; 143; 158; 169; 170; 172; 173; 179; 183; 184; 187; 195; 196; 197; 198; 199; 200; 201; 202; 203; 204; 205; 206; 208; 222; 223; 224; 225; 227; 228; 230; 231; 232; 233; 234; 237; 239; 242; 243; 244; 246; 247; 248; 249; 251; 252; 253; 256; 263; 265; 266; 267; 268; 269; 270; 271; 275; 276; 279; 280; 283; 284; 285; 286; 287; 288; 290; 312; 315; 316; 318; 319; 320; 321; 322; 323; 346; 351; 352; 354; 355; 361; 362; 363; 364; 365; 366; 367; 368; 369; 371; 372; 373; 374; 375
ACTG2,ACTA2,Cofilin,1,1,82,0,0,0.0,0.0,,0,0,,16; 23; 24; 25; 26; 27; 28; 29; 30; 31; 32; 46; 47; 48; 49; 50; 53; 56; 57; 59; 60; 61; 88; 91; 92; 93; 94; 95; 96; 97; 100; 133; 134; 135; 136; 139; 140; 143; 144; 145; 146; 147; 148; 149; 157; 166; 167; 168; 169; 207; 210; 211; 214; 215; 288; 291; 292; 296; 305; 326; 328; 330; 331; 332; 333; 334; 336; 337; 338; 341; 342; 344; 345; 346; 348; 349; 350; 351; 352; 354; 355; 375
ACTG2,ACTA2,Cofilin (UNC-60B),1,1,71,0,0,0.0,0.0,,0,0,,16; 23; 25; 26; 27; 28; 29; 30; 31; 32; 47; 49; 50; 53; 56; 57; 59; 60; 61; 91; 92; 93; 94; 95; 96; 97; 100; 133; 135; 139; 140; 143; 144; 145; 146; 147; 148; 149; 167; 168; 169; 207; 210; 211; 214; 215; 291; 296; 305; 326; 328; 330; 332; 333; 334; 336; 337; 338; 341; 342; 344; 345; 346; 348; 349; 350; 351; 352; 354; 355; 375
ACTG2,ACTA2,Cofilin-1,1,1,76,0,0,0.0,0.0,,0,0,,21; 23; 24; 25; 26; 27; 28; 29; 30; 31; 44; 45; 50; 51; 53; 56; 57; 60; 61; 87; 88; 91; 92; 93; 94; 95; 96; 97; 99; 100; 101; 133; 140; 142; 143; 144; 145; 146; 147; 148; 149; 166; 167; 168; 169; 214; 215; 288; 291; 292; 295; 296; 305; 326; 328; 330; 331; 332; 333; 334; 336; 337; 338; 341; 342; 343; 345; 346; 348; 349; 350; 351; 352; 354; 355; 375
ACTG2,ACTA2,Cofilin-2,1,1,77,0,0,0.0,0.0,,0,0,,4; 5; 21; 23; 24; 25; 26; 27; 28; 29; 30; 31; 50; 53; 56; 57; 60; 61; 88; 91; 92; 93; 94; 95; 96; 97; 99; 100; 101; 133; 134; 135; 136; 139; 140; 143; 144; 145; 146; 147; 148; 149; 166; 167; 168; 169; 214; 215; 291; 292; 295; 296; 305; 326; 328; 330; 331; 332; 333; 334; 336; 337; 338; 341; 342; 345; 346; 348; 349; 350; 351; 352; 353; 354; 355; 374; 375
ACTG2,ACTA2,"Coronin-1B,Methylated-DNA--protein-cysteine methyltransferase",1,1,98,0,0,0.0,0.0,,0,0,,6; 37; 38; 39; 40; 41; 42; 49; 50; 51; 52; 66; 68; 75; 76; 77; 78; 79; 80; 81; 83; 84; 87; 91; 92; 95; 96; 97; 99; 100; 101; 102; 114; 115; 117; 118; 121; 122; 124; 125; 126; 127; 128; 130; 131; 169; 196; 198; 222; 224; 225; 230; 231; 232; 233; 234; 235; 237; 239; 246; 247; 248; 249; 250; 251; 252; 265; 270; 279; 315; 316; 318; 319; 320; 321; 322; 323; 350; 351; 353; 354; 355; 356; 357; 358; 359; 360; 361; 362; 363; 364; 365; 366; 367; 368; 369; 372; 373
ACTG2,ACTA2,Dematin actin binding protein,1,1,125,0,0,0.0,0.0,,0,0,,2; 3; 4; 5; 6; 21; 22; 23; 24; 25; 26; 27; 28; 38; 39; 40; 41; 42; 43; 44; 45; 46; 47; 48; 49; 50; 51; 95; 96; 97; 99; 100; 101; 102; 121; 125; 130; 131; 133; 143; 144; 145; 146; 147; 168; 169; 172; 215; 216; 218; 219; 221; 222; 223; 224; 226; 229; 230; 231; 232; 233; 234; 235; 237; 238; 239; 240; 241; 247; 249; 259; 262; 263; 264; 265; 266; 268; 269; 270; 271; 272; 273; 275; 276; 305; 307; 308; 312; 315; 316; 318; 319; 320; 330; 332; 333; 334; 337; 340; 341; 344; 345; 347; 348; 350; 351; 353; 354; 355; 356; 358; 359; 360; 361; 362; 363; 364; 365; 366; 367; 371; 372; 373; 374; 375
ACTG2,ACTA2,Epididymis secretory protein Li 37,1,1,43,0,0,0.0,0.0,,0,0,,23; 24; 25; 44; 45; 46; 47; 48; 49; 50; 51; 52; 53; 54; 56; 57; 61; 84; 87; 88; 91; 92; 93; 95; 96; 97; 98; 99; 100; 143; 144; 146; 147; 148; 167; 334; 341; 344; 345; 348; 349; 350; 351
ACTG2,ACTA2,F-actin-capping protein subunit alpha-1,1,1,46,0,0,0.0,0.0,,0,0,,116; 133; 139; 143; 146; 147; 148; 166; 167; 168; 169; 170; 171; 172; 173; 263; 265; 266; 268; 269; 270; 271; 272; 283; 284; 285; 286; 287; 288; 289; 290; 342; 345; 346; 349; 350; 351; 352; 354; 355; 369; 371; 372; 373; 374; 375
ACTG2,ACTA2,F-actin-capping protein subunit beta,1,1,45,0,0,0.0,0.0,,0,0,,113; 133; 139; 142; 143; 146; 147; 148; 166; 167; 168; 169; 173; 176; 224; 272; 276; 279; 280; 283; 284; 285; 286; 287; 288; 290; 320; 345; 346; 348; 349; 350; 351; 352; 354; 355; 364; 365; 368; 369; 371; 372; 373; 374; 375
ACTG2,ACTA2,Filamin-A,1,1,58,0,0,0.0,0.0,,0,0,,21; 24; 25; 26; 27; 28; 29; 30; 31; 44; 45; 46; 47; 48; 49; 50; 52; 53; 54; 56; 57; 60; 61; 83; 84; 87; 88; 91; 92; 93; 94; 95; 96; 97; 98; 100; 126; 142; 143; 144; 145; 146; 147; 148; 149; 167; 333; 334; 335; 336; 337; 341; 345; 348; 349; 350; 351; 354
ACTG2,ACTA2,Gelsolin,1,1,119,0,0,0.0,0.0,,0,0,,2; 3; 4; 22; 23; 24; 25; 26; 27; 28; 29; 30; 31; 37; 38; 39; 40; 41; 42; 43; 44; 45; 46; 47; 48; 49; 50; 51; 52; 54; 56; 57; 60; 61; 66; 68; 84; 87; 88; 91; 92; 93; 95; 96; 97; 98; 99; 100; 126; 127; 128; 133; 140; 142; 143; 144; 145; 146; 147; 148; 149; 166; 167; 168; 169; 221; 222; 223; 224; 259; 262; 263; 264; 265; 266; 269; 270; 271; 272; 273; 275; 276; 291; 292; 295; 296; 311; 312; 314; 315; 316; 318; 319; 326; 328; 329; 330; 332; 334; 337; 338; 340; 341; 342; 344; 345; 346; 348; 349; 350; 351; 352; 353; 354; 355; 372; 373; 374; 375
ACTG2,ACTA2,Inositol-trisphosphate 3-kinase A,1,1,37,0,0,0.0,0.0,,0,0,,22; 23; 24; 25; 26; 44; 45; 46; 47; 48; 49; 50; 51; 53; 87; 91; 92; 142; 143; 144; 145; 146; 147; 148; 167; 332; 333; 334; 337; 340; 341; 344; 345; 348; 349; 350; 351
ACTG2,ACTA2,Inverted formin-2,1,1,112,0,0,0.0,0.0,,0,0,,5; 6; 21; 22; 23; 24; 25; 26; 27; 28; 44; 45; 46; 47; 48; 49; 50; 79; 80; 83; 87; 91; 92; 93; 94; 95; 96; 98; 99; 101; 114; 117; 118; 121; 122; 124; 125; 126; 127; 128; 130; 131; 142; 143; 144; 145; 146; 147; 148; 149; 166; 167; 168; 169; 216; 229; 231; 232; 233; 234; 235; 237; 238; 239; 240; 241; 242; 243; 244; 245; 247; 249; 291; 292; 295; 296; 322; 323; 324; 325; 326; 327; 328; 330; 332; 334; 341; 344; 345; 346; 348; 349; 350; 351; 352; 353; 354; 355; 356; 358; 359; 360; 361; 362; 363; 364; 365; 366; 367; 368; 369; 373
ACTG2,ACTA2,Isoform 2 of F-actin-capping protein subunit beta,1,1,46,0,0,0.0,0.0,,0,0,,110; 133; 136; 139; 143; 145; 146; 147; 148; 166; 167; 168; 169; 170; 171; 172; 173; 176; 224; 272; 276; 277; 279; 280; 283; 284; 285; 286; 288; 290; 320; 345; 346; 348; 349; 350; 351; 352; 354; 355; 361; 364; 369; 372; 373; 375
ACTG2,ACTA2,"Isoform A2 of Troponin T, cardiac muscle",1,1,36,0,0,0.0,0.0,,0,0,,25; 41; 42; 43; 44; 45; 46; 47; 48; 49; 50; 133; 136; 143; 144; 145; 146; 147; 148; 167; 168; 332; 333; 334; 341; 345; 349; 350; 351; 352; 354; 355; 371; 372; 373; 375
ACTG2,ACTA2,Leiomodin-2,1,1,93,0,0,0.0,0.0,,0,0,,37; 38; 39; 40; 41; 42; 43; 44; 45; 46; 47; 48; 49; 50; 51; 52; 66; 68; 69; 70; 72; 75; 76; 77; 78; 79; 80; 81; 83; 84; 112; 114; 117; 118; 121; 122; 124; 125; 126; 167; 168; 169; 195; 196; 197; 198; 199; 224; 244; 245; 246; 247; 248; 249; 262; 263; 264; 265; 269; 270; 271; 272; 273; 275; 276; 279; 280; 283; 290; 318; 319; 320; 321; 322; 323; 349; 351; 352; 354; 355; 359; 361; 362; 363; 364; 365; 366; 367; 369; 371; 372; 373; 374
ACTG2,ACTA2,"Maltose/maltodextrin-binding periplasmic protein,Adenylate cyclase ExoY",1,1,53,0,0,0.0,0.0,,0,0,,16; 21; 23; 24; 25; 26; 27; 28; 29; 30; 31; 32; 44; 45; 46; 47; 56; 57; 59; 87; 90; 91; 92; 93; 94; 95; 96; 97; 99; 128; 142; 143; 144; 145; 146; 147; 148; 210; 211; 214; 305; 333; 334; 335; 336; 337; 341; 344; 345; 348; 349; 350; 351
ACTG2,ACTA2,"Maltose/maltodextrin-binding periplasmic protein,TccC3",1,1,44,0,0,0.0,0.0,,0,0,,25; 44; 45; 46; 47; 48; 49; 50; 53; 56; 57; 60; 61; 88; 92; 93; 95; 142; 143; 144; 145; 146; 147; 148; 149; 167; 168; 291; 292; 295; 296; 326; 328; 329; 330; 332; 333; 334; 341; 345; 348; 349; 350; 351
ACTG2,ACTA2,Myosin heavy chain 4,1,1,52,0,0,0.0,0.0,,0,0,,5; 6; 21; 22; 23; 24; 25; 26; 27; 28; 29; 30; 44; 45; 46; 47; 48; 49; 50; 56; 94; 95; 96; 101; 142; 143; 145; 146; 147; 148; 305; 310; 311; 314; 328; 329; 330; 331; 332; 333; 334; 336; 337; 341; 344; 345; 348; 349; 350; 351; 353; 354
ACTG2,ACTA2,"Myosin-14,Alpha-actinin A",1,1,53,0,0,0.0,0.0,,0,0,,3; 4; 22; 23; 24; 25; 26; 27; 28; 29; 30; 44; 45; 46; 47; 48; 49; 50; 56; 91; 93; 95; 96; 97; 100; 142; 143; 144; 145; 146; 147; 148; 167; 168; 305; 314; 328; 329; 330; 332; 333; 334; 337; 341; 344; 345; 348; 349; 350; 351; 352; 353; 354
ACTG2,ACTA2,Myosin-6,1,1,42,0,0,0.0,0.0,,0,0,,23; 24; 25; 26; 27; 28; 29; 30; 44; 45; 46; 47; 48; 56; 93; 94; 95; 96; 142; 143; 146; 147; 148; 305; 311; 314; 328; 330; 332; 333; 334; 336; 337; 341; 344; 345; 348; 349; 350; 351; 353; 354
ACTG2,ACTA2,Myosin-7,1,1,54,0,0,0.0,0.0,,0,0,,6; 21; 22; 23; 24; 25; 26; 27; 28; 29; 30; 44; 45; 46; 47; 48; 49; 50; 56; 93; 94; 95; 96; 97; 101; 142; 143; 145; 146; 147; 148; 149; 296; 305; 311; 314; 328; 329; 330; 331; 332; 333; 334; 336; 337; 341; 344; 345; 348; 349; 350; 351; 353; 354
ACTG2,ACTA2,Myosin-A,1,1,49,0,0,0.0,0.0,,0,0,,6; 23; 24; 25; 26; 27; 28; 30; 44; 45; 46; 47; 48; 49; 50; 57; 87; 91; 92; 95; 96; 97; 142; 143; 145; 146; 147; 148; 167; 305; 328; 329; 330; 331; 332; 333; 334; 335; 336; 337; 341; 344; 345; 348; 349; 350; 351; 353; 354
ACTG2,ACTA2,Plastin-3,1,1,46,0,0,0.0,0.0,,0,0,,5; 23; 24; 25; 44; 45; 46; 47; 49; 50; 51; 52; 53; 54; 57; 61; 84; 87; 88; 90; 91; 92; 93; 94; 95; 96; 97; 98; 99; 100; 101; 143; 144; 146; 147; 148; 167; 169; 334; 341; 344; 345; 348; 349; 350; 351
ACTG2,ACTA2,Profilin-1,1,1,29,0,0,0.0,0.0,,0,0,,113; 116; 133; 136; 166; 167; 169; 170; 171; 172; 173; 284; 285; 286; 287; 288; 289; 290; 354; 355; 361; 365; 368; 369; 371; 372; 373; 374; 375
ACTG2,ACTA2,Protein diaphanous homolog 1,1,1,66,0,0,0.0,0.0,,0,0,,5; 6; 7; 22; 23; 24; 25; 44; 45; 46; 47; 48; 50; 61; 80; 83; 118; 121; 125; 126; 128; 143; 144; 145; 146; 147; 148; 149; 166; 167; 168; 169; 233; 234; 239; 292; 296; 318; 319; 321; 323; 324; 326; 328; 330; 340; 341; 344; 345; 346; 347; 348; 349; 350; 351; 352; 353; 355; 359; 362; 363; 364; 365; 366; 367; 372
ACTG2,ACTA2,Spectrin beta chain,1,1,76,0,0,0.0,0.0,,0,0,,2; 3; 21; 23; 24; 25; 26; 27; 28; 29; 30; 31; 44; 45; 46; 47; 48; 49; 50; 51; 52; 53; 54; 56; 57; 58; 61; 83; 84; 87; 88; 90; 91; 92; 93; 94; 95; 96; 97; 98; 99; 100; 124; 125; 128; 142; 143; 144; 145; 146; 147; 148; 167; 214; 215; 305; 306; 307; 308; 309; 331; 332; 333; 334; 335; 336; 337; 341; 345; 348; 349; 350; 351; 359; 362; 363
ACTG2,ACTA2,Src substrate cortactin,1,1,65,0,0,0.0,0.0,,0,0,,16; 18; 26; 27; 28; 29; 30; 31; 32; 45; 46; 47; 48; 56; 57; 59; 60; 61; 62; 144; 145; 146; 147; 148; 149; 166; 167; 207; 208; 210; 211; 214; 215; 217; 221; 240; 241; 242; 243; 288; 289; 291; 292; 295; 296; 298; 302; 305; 306; 307; 308; 309; 310; 311; 314; 328; 329; 330; 331; 332; 333; 334; 335; 336; 337
ACTG2,ACTA2,Talin-1,1,1,72,0,0,0.0,0.0,,0,0,,3; 4; 5; 23; 24; 25; 44; 45; 46; 47; 48; 49; 50; 51; 52; 53; 57; 83; 84; 87; 91; 92; 97; 98; 99; 100; 101; 102; 121; 124; 125; 126; 127; 128; 129; 130; 131; 143; 144; 145; 146; 147; 148; 328; 329; 330; 331; 332; 333; 334; 340; 341; 344; 345; 348; 349; 350; 351; 353; 354; 356; 358; 359; 360; 361; 362; 363; 364; 365; 366; 367; 373
ACTG2,ACTA2,Tropomodulin-1,1,1,132,0,0,0.0,0.0,,0,0,,32; 37; 38; 39; 40; 41; 42; 43; 44; 45; 46; 47; 48; 49; 50; 51; 52; 53; 54; 56; 57; 59; 60; 61; 62; 63; 64; 66; 68; 69; 72; 75; 76; 77; 78; 79; 80; 81; 83; 84; 87; 88; 91; 92; 93; 95; 98; 99; 112; 114; 117; 118; 121; 122; 124; 125; 126; 127; 128; 195; 196; 197; 198; 199; 200; 201; 202; 204; 205; 207; 208; 210; 211; 213; 214; 215; 216; 217; 218; 219; 220; 221; 224; 226; 232; 233; 235; 236; 238; 239; 240; 241; 242; 243; 244; 245; 246; 247; 248; 249; 254; 262; 263; 264; 265; 266; 273; 275; 276; 279; 283; 294; 305; 306; 307; 308; 311; 316; 318; 319; 320; 321; 322; 323; 335; 359; 362; 363; 364; 365; 366; 367
ACTG2,ACTA2,Tropomyosin alpha-1 chain,1,1,35,0,0,0.0,0.0,,0,0,,25; 147; 215; 216; 217; 218; 219; 220; 221; 222; 225; 226; 235; 236; 238; 241; 254; 291; 295; 307; 308; 311; 314; 315; 318; 323; 324; 325; 326; 327; 328; 329; 330; 333; 334
ACTG2,ACTA2,Tropomyosin beta chain,1,1,11,0,0,0.0,0.0,,0,0,,218; 219; 220; 221; 222; 226; 238; 254; 307; 308; 311
ACTG2,ACTA2,Tropomyosin-1.9,1,1,17,0,0,0.0,0.0,,0,0,,24; 25; 26; 27; 30; 144; 145; 147; 326; 328; 330; 332; 333; 334; 337; 341; 345
ACTG2,ACTA2,"Troponin T2, cardiac type",1,1,34,0,0,0.0,0.0,,0,0,,24; 25; 41; 42; 43; 44; 45; 46; 47; 48; 49; 51; 133; 143; 144; 145; 146; 147; 148; 332; 333; 334; 341; 345; 349; 351; 352; 354; 355; 371; 372; 373; 374; 375
ACTG2,ACTA2,Unconventional myosin-Ib,1,1,66,0,0,0.0,0.0,,0,0,,2; 4; 6; 21; 22; 23; 24; 25; 26; 27; 28; 29; 30; 31; 44; 45; 46; 47; 48; 49; 50; 51; 56; 87; 91; 92; 93; 95; 96; 97; 98; 99; 100; 127; 128; 142; 143; 144; 145; 146; 147; 148; 305; 310; 311; 314; 327; 328; 329; 330; 331; 332; 333; 334; 335; 336; 337; 341; 344; 345; 348; 349; 350; 351; 353; 354
ACTG2,ACTA2,Utrophin,1,1,51,0,0,0.0,0.0,,0,0,,21; 24; 25; 26; 27; 28; 29; 30; 31; 44; 45; 46; 47; 48; 49; 50; 51; 52; 53; 54; 56; 57; 61; 84; 87; 88; 91; 92; 93; 94; 95; 96; 97; 98; 99; 143; 144; 146; 147; 148; 149; 167; 333; 334; 337; 341; 345; 348; 349; 350; 351
ACTG2,ACTA2,Vibrio VopV,1,1,95,0,0,0.0,0.0,,0,0,,35; 37; 38; 39; 66; 67; 68; 69; 70; 71; 72; 73; 75; 76; 77; 78; 79; 80; 81; 110; 111; 112; 114; 115; 117; 118; 121; 125; 173; 176; 177; 179; 183; 184; 187; 190; 194; 195; 196; 197; 198; 199; 200; 201; 202; 203; 205; 206; 239; 240; 241; 242; 244; 245; 246; 247; 248; 249; 262; 263; 264; 265; 267; 268; 269; 270; 271; 272; 273; 275; 276; 279; 280; 283; 284; 285; 286; 287; 290; 294; 318; 319; 320; 321; 322; 323; 324; 359; 362; 363; 364; 365; 366; 367; 368
ACTG2,ACTA2,Vinculin,1,1,65,0,0,0.0,0.0,,0,0,,5; 23; 24; 25; 26; 44; 45; 46; 47; 48; 49; 50; 51; 52; 53; 57; 61; 80; 83; 84; 87; 88; 91; 92; 93; 95; 96; 97; 99; 100; 102; 126; 127; 130; 131; 142; 143; 144; 145; 146; 147; 148; 296; 328; 330; 331; 332; 333; 334; 337; 341; 344; 345; 348; 349; 350; 351; 353; 354; 355; 356; 358; 360; 361; 373
ACTG2,ACTA2,VopV,1,1,85,0,0,0.0,0.0,,0,0,,35; 37; 39; 63; 66; 67; 68; 69; 70; 71; 72; 73; 75; 76; 77; 78; 79; 81; 84; 110; 111; 112; 114; 115; 117; 118; 121; 125; 126; 128; 173; 176; 177; 179; 183; 187; 194; 196; 197; 198; 199; 200; 201; 202; 203; 204; 205; 206; 239; 241; 242; 244; 245; 246; 247; 248; 249; 268; 269; 270; 271; 272; 276; 279; 280; 283; 284; 285; 286; 287; 288; 290; 318; 319; 320; 321; 322; 323; 324; 362; 363; 364; 365; 366; 367
ACTG2,ACTA2,"WD repeat-containing protein 1,Methylated-DNA--protein-cysteine methyltransferase",1,1,52,0,0,0.0,0.0,,0,0,,166; 169; 171; 221; 222; 224; 225; 226; 228; 229; 230; 232; 233; 234; 235; 238; 270; 276; 311; 314; 315; 316; 318; 319; 320; 321; 322; 323; 324; 325; 326; 327; 328; 330; 353; 354; 355; 356; 358; 360; 361; 362; 363; 364; 365; 366; 367; 368; 369; 372; 373; 375
ACTG2,ACTA2,beta-cardiac myosin II,1,1,38,0,0,0.0,0.0,,0,0,,22; 23; 24; 25; 26; 27; 28; 29; 30; 44; 45; 46; 47; 48; 56; 142; 143; 145; 146; 147; 148; 311; 314; 328; 329; 330; 332; 333; 334; 337; 341; 344; 345; 348; 349; 350; 351; 354
ACTG2,ACTC1,Actin-interacting protein 1,1,1,82,0,0,0.0,0.0,,0,0,,37; 38; 39; 40; 41; 43; 44; 45; 46; 47; 48; 49; 50; 51; 52; 53; 64; 66; 68; 78; 79; 80; 83; 84; 87; 118; 122; 125; 126; 128; 166; 167; 169; 221; 222; 224; 225; 226; 228; 229; 230; 232; 233; 234; 235; 238; 254; 276; 307; 308; 310; 311; 314; 315; 318; 319; 320; 321; 323; 324; 325; 326; 327; 328; 329; 330; 354; 355; 358; 360; 361; 362; 363; 364; 365; 366; 367; 368; 369; 372; 373; 375
ACTG2,ACTC1,Actin-related protein 2,1,1,52,0,0,0.0,0.0,,0,0,,38; 39; 40; 41; 42; 43; 44; 45; 46; 47; 48; 49; 50; 53; 60; 61; 62; 63; 64; 65; 66; 67; 188; 191; 192; 194; 195; 196; 197; 199; 200; 201; 202; 203; 204; 205; 208; 227; 230; 231; 241; 242; 243; 244; 245; 246; 247; 252; 266; 267; 268; 270
ACTG2,ACTC1,Actin-related protein 2/3 complex subunit 1,1,1,27,0,0,0.0,0.0,,0,0,,4; 23; 24; 25; 44; 45; 46; 47; 48; 142; 143; 144; 145; 146; 147; 148; 333; 334; 340; 341; 344; 345; 348; 349; 350; 351; 352
ACTG2,ACTC1,Actin-related protein 2/3 complex subunit 1B,1,1,22,0,0,0.0,0.0,,0,0,,23; 24; 25; 44; 45; 46; 47; 48; 142; 143; 144; 145; 146; 147; 148; 341; 344; 345; 348; 349; 350; 351
ACTG2,ACTC1,Actin-related protein 2/3 complex subunit 2,1,1,76,0,0,0.0,0.0,,0,0,,4; 5; 6; 7; 8; 21; 22; 23; 24; 28; 46; 48; 49; 50; 51; 75; 76; 77; 79; 83; 87; 94; 95; 96; 99; 100; 101; 102; 113; 114; 115; 117; 118; 121; 122; 125; 130; 131; 195; 196; 197; 198; 228; 229; 231; 232; 233; 234; 235; 236; 237; 238; 239; 240; 241; 245; 246; 247; 248; 249; 254; 279; 283; 320; 321; 322; 323; 324; 351; 356; 362; 363; 364; 365; 366; 367
ACTG2,ACTC1,Actin-related protein 2/3 complex subunit 3,1,1,22,0,0,0.0,0.0,,0,0,,4; 5; 46; 47; 48; 49; 87; 91; 92; 95; 97; 99; 125; 126; 128; 350; 351; 353; 354; 355; 361; 373
ACTG2,ACTC1,Actin-related protein 2/3 complex subunit 4,1,1,30,0,0,0.0,0.0,,0,0,,21; 28; 50; 51; 52; 79; 80; 83; 84; 87; 90; 91; 92; 93; 94; 95; 96; 97; 98; 99; 100; 101; 118; 121; 122; 125; 126; 127; 128; 359
ACTG2,ACTC1,Actin-related protein 2/3 complex subunit 5-like protein,1,1,8,0,0,0.0,0.0,,0,0,,37; 38; 39; 40; 41; 51; 66; 68
ACTG2,ACTC1,Actin-related protein 3,1,1,76,0,0,0.0,0.0,,0,0,,37; 38; 39; 40; 41; 42; 43; 44; 45; 46; 47; 48; 49; 50; 51; 53; 60; 61; 62; 63; 64; 65; 117; 121; 124; 125; 128; 133; 143; 198; 200; 202; 204; 205; 208; 224; 227; 228; 230; 231; 232; 233; 234; 237; 238; 239; 240; 241; 242; 243; 244; 245; 246; 247; 248; 249; 346; 351; 354; 355; 359; 360; 361; 362; 363; 364; 365; 366; 367; 368; 369; 371; 372; 373; 374; 375
ACTG2,ACTC1,Adducin 1,1,1,88,0,0,0.0,0.0,,0,0,,4; 5; 6; 16; 21; 23; 24; 25; 26; 27; 28; 29; 30; 38; 39; 40; 41; 42; 43; 44; 45; 46; 47; 48; 49; 50; 51; 56; 93; 95; 96; 97; 100; 101; 133; 143; 144; 145; 146; 147; 148; 149; 166; 167; 168; 169; 173; 214; 215; 222; 224; 225; 228; 279; 280; 283; 284; 285; 286; 287; 288; 290; 292; 295; 296; 305; 332; 333; 334; 336; 337; 340; 341; 344; 345; 346; 348; 349; 350; 351; 352; 354; 355; 371; 372; 373; 374; 375
ACTG2,ACTC1,Adenylyl cyclase-associated protein 1,1,1,49,0,0,0.0,0.0,,0,0,,32; 40; 43; 44; 45; 46; 47; 48; 49; 50; 53; 56; 57; 59; 60; 61; 62; 63; 64; 65; 88; 91; 92; 93; 95; 188; 191; 195; 202; 203; 204; 205; 207; 208; 210; 211; 215; 240; 241; 242; 243; 244; 245; 256; 265; 266; 267; 268; 270
ACTG2,ACTC1,Afadin,1,1,10,0,0,0.0,0.0,,0,0,,6; 21; 22; 23; 24; 25; 28; 348; 349; 350
ACTG2,ACTC1,Alpha-catenin-like protein hmp-1,1,1,55,0,0,0.0,0.0,,0,0,,21; 23; 24; 25; 26; 27; 28; 29; 30; 44; 45; 46; 47; 48; 49; 50; 51; 52; 53; 54; 57; 84; 87; 88; 91; 92; 93; 94; 95; 96; 97; 99; 100; 142; 143; 144; 145; 146; 147; 148; 296; 328; 330; 332; 333; 334; 336; 337; 341; 344; 345; 348; 349; 350; 351
ACTG2,ACTC1,Beta-adducin,1,1,132,0,0,0.0,0.0,,0,0,,5; 6; 16; 21; 23; 24; 25; 26; 27; 28; 29; 30; 38; 39; 40; 41; 42; 43; 44; 45; 46; 47; 48; 49; 50; 51; 56; 95; 96; 97; 100; 101; 113; 114; 117; 118; 121; 124; 125; 126; 128; 133; 143; 144; 145; 146; 147; 148; 149; 167; 168; 169; 172; 188; 195; 196; 214; 223; 224; 227; 228; 230; 231; 232; 233; 234; 236; 237; 251; 252; 253; 256; 263; 265; 266; 279; 283; 287; 288; 290; 291; 292; 295; 296; 305; 310; 311; 314; 318; 319; 320; 321; 322; 323; 324; 326; 327; 328; 329; 330; 331; 332; 333; 334; 336; 337; 338; 340; 341; 344; 345; 346; 348; 349; 350; 351; 352; 354; 355; 359; 362; 363; 364; 365; 366; 367; 368; 371; 372; 373; 374; 375
ACTG2,ACTC1,Catenin alpha-1,1,1,78,0,0,0.0,0.0,,0,0,,21; 23; 24; 25; 26; 27; 28; 29; 30; 44; 45; 46; 47; 48; 49; 50; 51; 52; 53; 56; 57; 59; 60; 61; 62; 84; 87; 91; 92; 93; 94; 95; 96; 97; 99; 126; 127; 142; 143; 144; 145; 146; 147; 148; 149; 167; 169; 211; 215; 216; 238; 239; 240; 241; 242; 243; 247; 288; 291; 296; 305; 324; 328; 329; 330; 331; 332; 333; 334; 336; 337; 341; 344; 345; 348; 349; 350; 351
ACTG2,ACTC1,Cell invasion protein SipA,1,1,134,0,0,0.0,0.0,,0,0,,37; 38; 39; 40; 41; 42; 43; 44; 45; 46; 47; 48; 49; 51; 66; 67; 68; 69; 70; 71; 72; 73; 75; 76; 77; 78; 79; 80; 83; 84; 112; 113; 114; 117; 118; 121; 125; 126; 133; 139; 143; 158; 169; 170; 172; 173; 179; 183; 184; 187; 195; 196; 197; 198; 199; 200; 201; 202; 203; 204; 205; 206; 208; 222; 223; 224; 225; 227; 228; 230; 231; 232; 233; 234; 237; 239; 242; 243; 244; 246; 247; 248; 249; 251; 252; 253; 256; 263; 265; 266; 267; 268; 269; 270; 271; 275; 276; 279; 280; 283; 284; 285; 286; 287; 288; 290; 312; 315; 316; 318; 319; 320; 321; 322; 323; 346; 351; 352; 354; 355; 361; 362; 363; 364; 365; 366; 367; 368; 369; 371; 372; 373; 374; 375
ACTG2,ACTC1,Cofilin,1,1,82,0,0,0.0,0.0,,0,0,,16; 23; 24; 25; 26; 27; 28; 29; 30; 31; 32; 46; 47; 48; 49; 50; 53; 56; 57; 59; 60; 61; 88; 91; 92; 93; 94; 95; 96; 97; 100; 133; 134; 135; 136; 139; 140; 143; 144; 145; 146; 147; 148; 149; 157; 166; 167; 168; 169; 207; 210; 211; 214; 215; 288; 291; 292; 296; 305; 326; 328; 330; 331; 332; 333; 334; 336; 337; 338; 341; 342; 344; 345; 346; 348; 349; 350; 351; 352; 354; 355; 375
ACTG2,ACTC1,Cofilin (UNC-60B),1,1,71,0,0,0.0,0.0,,0,0,,16; 23; 25; 26; 27; 28; 29; 30; 31; 32; 47; 49; 50; 53; 56; 57; 59; 60; 61; 91; 92; 93; 94; 95; 96; 97; 100; 133; 135; 139; 140; 143; 144; 145; 146; 147; 148; 149; 167; 168; 169; 207; 210; 211; 214; 215; 291; 296; 305; 326; 328; 330; 332; 333; 334; 336; 337; 338; 341; 342; 344; 345; 346; 348; 349; 350; 351; 352; 354; 355; 375
ACTG2,ACTC1,Cofilin-1,1,1,76,0,0,0.0,0.0,,0,0,,21; 23; 24; 25; 26; 27; 28; 29; 30; 31; 44; 45; 50; 51; 53; 56; 57; 60; 61; 87; 88; 91; 92; 93; 94; 95; 96; 97; 99; 100; 101; 133; 140; 142; 143; 144; 145; 146; 147; 148; 149; 166; 167; 168; 169; 214; 215; 288; 291; 292; 295; 296; 305; 326; 328; 330; 331; 332; 333; 334; 336; 337; 338; 341; 342; 343; 345; 346; 348; 349; 350; 351; 352; 354; 355; 375
ACTG2,ACTC1,Cofilin-2,1,1,77,0,0,0.0,0.0,,0,0,,4; 5; 21; 23; 24; 25; 26; 27; 28; 29; 30; 31; 50; 53; 56; 57; 60; 61; 88; 91; 92; 93; 94; 95; 96; 97; 99; 100; 101; 133; 134; 135; 136; 139; 140; 143; 144; 145; 146; 147; 148; 149; 166; 167; 168; 169; 214; 215; 291; 292; 295; 296; 305; 326; 328; 330; 331; 332; 333; 334; 336; 337; 338; 341; 342; 345; 346; 348; 349; 350; 351; 352; 353; 354; 355; 374; 375
ACTG2,ACTC1,"Coronin-1B,Methylated-DNA--protein-cysteine methyltransferase",1,1,98,0,0,0.0,0.0,,0,0,,6; 37; 38; 39; 40; 41; 42; 49; 50; 51; 52; 66; 68; 75; 76; 77; 78; 79; 80; 81; 83; 84; 87; 91; 92; 95; 96; 97; 99; 100; 101; 102; 114; 115; 117; 118; 121; 122; 124; 125; 126; 127; 128; 130; 131; 169; 196; 198; 222; 224; 225; 230; 231; 232; 233; 234; 235; 237; 239; 246; 247; 248; 249; 250; 251; 252; 265; 270; 279; 315; 316; 318; 319; 320; 321; 322; 323; 350; 351; 353; 354; 355; 356; 357; 358; 359; 360; 361; 362; 363; 364; 365; 366; 367; 368; 369; 372; 373
ACTG2,ACTC1,Dematin actin binding protein,1,1,125,0,0,0.0,0.0,,0,0,,2; 3; 4; 5; 6; 21; 22; 23; 24; 25; 26; 27; 28; 38; 39; 40; 41; 42; 43; 44; 45; 46; 47; 48; 49; 50; 51; 95; 96; 97; 99; 100; 101; 102; 121; 125; 130; 131; 133; 143; 144; 145; 146; 147; 168; 169; 172; 215; 216; 218; 219; 221; 222; 223; 224; 226; 229; 230; 231; 232; 233; 234; 235; 237; 238; 239; 240; 241; 247; 249; 259; 262; 263; 264; 265; 266; 268; 269; 270; 271; 272; 273; 275; 276; 305; 307; 308; 312; 315; 316; 318; 319; 320; 330; 332; 333; 334; 337; 340; 341; 344; 345; 347; 348; 350; 351; 353; 354; 355; 356; 358; 359; 360; 361; 362; 363; 364; 365; 366; 367; 371; 372; 373; 374; 375
ACTG2,ACTC1,Epididymis secretory protein Li 37,1,1,43,0,0,0.0,0.0,,0,0,,23; 24; 25; 44; 45; 46; 47; 48; 49; 50; 51; 52; 53; 54; 56; 57; 61; 84; 87; 88; 91; 92; 93; 95; 96; 97; 98; 99; 100; 143; 144; 146; 147; 148; 167; 334; 341; 344; 345; 348; 349; 350; 351
ACTG2,ACTC1,F-actin-capping protein subunit alpha-1,1,1,46,0,0,0.0,0.0,,0,0,,116; 133; 139; 143; 146; 147; 148; 166; 167; 168; 169; 170; 171; 172; 173; 263; 265; 266; 268; 269; 270; 271; 272; 283; 284; 285; 286; 287; 288; 289; 290; 342; 345; 346; 349; 350; 351; 352; 354; 355; 369; 371; 372; 373; 374; 375
ACTG2,ACTC1,F-actin-capping protein subunit beta,1,1,45,0,0,0.0,0.0,,0,0,,113; 133; 139; 142; 143; 146; 147; 148; 166; 167; 168; 169; 173; 176; 224; 272; 276; 279; 280; 283; 284; 285; 286; 287; 288; 290; 320; 345; 346; 348; 349; 350; 351; 352; 354; 355; 364; 365; 368; 369; 371; 372; 373; 374; 375
ACTG2,ACTC1,Filamin-A,1,1,58,0,0,0.0,0.0,,0,0,,21; 24; 25; 26; 27; 28; 29; 30; 31; 44; 45; 46; 47; 48; 49; 50; 52; 53; 54; 56; 57; 60; 61; 83; 84; 87; 88; 91; 92; 93; 94; 95; 96; 97; 98; 100; 126; 142; 143; 144; 145; 146; 147; 148; 149; 167; 333; 334; 335; 336; 337; 341; 345; 348; 349; 350; 351; 354
ACTG2,ACTC1,Gelsolin,1,1,119,0,0,0.0,0.0,,0,0,,2; 3; 4; 22; 23; 24; 25; 26; 27; 28; 29; 30; 31; 37; 38; 39; 40; 41; 42; 43; 44; 45; 46; 47; 48; 49; 50; 51; 52; 54; 56; 57; 60; 61; 66; 68; 84; 87; 88; 91; 92; 93; 95; 96; 97; 98; 99; 100; 126; 127; 128; 133; 140; 142; 143; 144; 145; 146; 147; 148; 149; 166; 167; 168; 169; 221; 222; 223; 224; 259; 262; 263; 264; 265; 266; 269; 270; 271; 272; 273; 275; 276; 291; 292; 295; 296; 311; 312; 314; 315; 316; 318; 319; 326; 328; 329; 330; 332; 334; 337; 338; 340; 341; 342; 344; 345; 346; 348; 349; 350; 351; 352; 353; 354; 355; 372; 373; 374; 375
ACTG2,ACTC1,Inositol-trisphosphate 3-kinase A,1,1,37,0,0,0.0,0.0,,0,0,,22; 23; 24; 25; 26; 44; 45; 46; 47; 48; 49; 50; 51; 53; 87; 91; 92; 142; 143; 144; 145; 146; 147; 148; 167; 332; 333; 334; 337; 340; 341; 344; 345; 348; 349; 350; 351
ACTG2,ACTC1,Inverted formin-2,1,1,112,0,0,0.0,0.0,,0,0,,5; 6; 21; 22; 23; 24; 25; 26; 27; 28; 44; 45; 46; 47; 48; 49; 50; 79; 80; 83; 87; 91; 92; 93; 94; 95; 96; 98; 99; 101; 114; 117; 118; 121; 122; 124; 125; 126; 127; 128; 130; 131; 142; 143; 144; 145; 146; 147; 148; 149; 166; 167; 168; 169; 216; 229; 231; 232; 233; 234; 235; 237; 238; 239; 240; 241; 242; 243; 244; 245; 247; 249; 291; 292; 295; 296; 322; 323; 324; 325; 326; 327; 328; 330; 332; 334; 341; 344; 345; 346; 348; 349; 350; 351; 352; 353; 354; 355; 356; 358; 359; 360; 361; 362; 363; 364; 365; 366; 367; 368; 369; 373
ACTG2,ACTC1,Isoform 2 of F-actin-capping protein subunit beta,1,1,46,0,0,0.0,0.0,,0,0,,110; 133; 136; 139; 143; 145; 146; 147; 148; 166; 167; 168; 169; 170; 171; 172; 173; 176; 224; 272; 276; 277; 279; 280; 283; 284; 285; 286; 288; 290; 320; 345; 346; 348; 349; 350; 351; 352; 354; 355; 361; 364; 369; 372; 373; 375
ACTG2,ACTC1,"Isoform A2 of Troponin T, cardiac muscle",1,1,36,0,0,0.0,0.0,,0,0,,25; 41; 42; 43; 44; 45; 46; 47; 48; 49; 50; 133; 136; 143; 144; 145; 146; 147; 148; 167; 168; 332; 333; 334; 341; 345; 349; 350; 351; 352; 354; 355; 371; 372; 373; 375
ACTG2,ACTC1,Leiomodin-2,1,1,93,0,0,0.0,0.0,,0,0,,37; 38; 39; 40; 41; 42; 43; 44; 45; 46; 47; 48; 49; 50; 51; 52; 66; 68; 69; 70; 72; 75; 76; 77; 78; 79; 80; 81; 83; 84; 112; 114; 117; 118; 121; 122; 124; 125; 126; 167; 168; 169; 195; 196; 197; 198; 199; 224; 244; 245; 246; 247; 248; 249; 262; 263; 264; 265; 269; 270; 271; 272; 273; 275; 276; 279; 280; 283; 290; 318; 319; 320; 321; 322; 323; 349; 351; 352; 354; 355; 359; 361; 362; 363; 364; 365; 366; 367; 369; 371; 372; 373; 374
ACTG2,ACTC1,"Maltose/maltodextrin-binding periplasmic protein,Adenylate cyclase ExoY",1,1,53,0,0,0.0,0.0,,0,0,,16; 21; 23; 24; 25; 26; 27; 28; 29; 30; 31; 32; 44; 45; 46; 47; 56; 57; 59; 87; 90; 91; 92; 93; 94; 95; 96; 97; 99; 128; 142; 143; 144; 145; 146; 147; 148; 210; 211; 214; 305; 333; 334; 335; 336; 337; 341; 344; 345; 348; 349; 350; 351
ACTG2,ACTC1,"Maltose/maltodextrin-binding periplasmic protein,TccC3",1,1,44,0,0,0.0,0.0,,0,0,,25; 44; 45; 46; 47; 48; 49; 50; 53; 56; 57; 60; 61; 88; 92; 93; 95; 142; 143; 144; 145; 146; 147; 148; 149; 167; 168; 291; 292; 295; 296; 326; 328; 329; 330; 332; 333; 334; 341; 345; 348; 349; 350; 351
ACTG2,ACTC1,Myosin heavy chain 4,1,1,52,0,0,0.0,0.0,,0,0,,5; 6; 21; 22; 23; 24; 25; 26; 27; 28; 29; 30; 44; 45; 46; 47; 48; 49; 50; 56; 94; 95; 96; 101; 142; 143; 145; 146; 147; 148; 305; 310; 311; 314; 328; 329; 330; 331; 332; 333; 334; 336; 337; 341; 344; 345; 348; 349; 350; 351; 353; 354
ACTG2,ACTC1,"Myosin-14,Alpha-actinin A",1,1,53,0,0,0.0,0.0,,0,0,,3; 4; 22; 23; 24; 25; 26; 27; 28; 29; 30; 44; 45; 46; 47; 48; 49; 50; 56; 91; 93; 95; 96; 97; 100; 142; 143; 144; 145; 146; 147; 148; 167; 168; 305; 314; 328; 329; 330; 332; 333; 334; 337; 341; 344; 345; 348; 349; 350; 351; 352; 353; 354
ACTG2,ACTC1,Myosin-6,1,1,42,0,0,0.0,0.0,,0,0,,23; 24; 25; 26; 27; 28; 29; 30; 44; 45; 46; 47; 48; 56; 93; 94; 95; 96; 142; 143; 146; 147; 148; 305; 311; 314; 328; 330; 332; 333; 334; 336; 337; 341; 344; 345; 348; 349; 350; 351; 353; 354
ACTG2,ACTC1,Myosin-7,1,1,54,0,0,0.0,0.0,,0,0,,6; 21; 22; 23; 24; 25; 26; 27; 28; 29; 30; 44; 45; 46; 47; 48; 49; 50; 56; 93; 94; 95; 96; 97; 101; 142; 143; 145; 146; 147; 148; 149; 296; 305; 311; 314; 328; 329; 330; 331; 332; 333; 334; 336; 337; 341; 344; 345; 348; 349; 350; 351; 353; 354
ACTG2,ACTC1,Myosin-A,1,1,49,0,0,0.0,0.0,,0,0,,6; 23; 24; 25; 26; 27; 28; 30; 44; 45; 46; 47; 48; 49; 50; 57; 87; 91; 92; 95; 96; 97; 142; 143; 145; 146; 147; 148; 167; 305; 328; 329; 330; 331; 332; 333; 334; 335; 336; 337; 341; 344; 345; 348; 349; 350; 351; 353; 354
ACTG2,ACTC1,Plastin-3,1,1,46,0,0,0.0,0.0,,0,0,,5; 23; 24; 25; 44; 45; 46; 47; 49; 50; 51; 52; 53; 54; 57; 61; 84; 87; 88; 90; 91; 92; 93; 94; 95; 96; 97; 98; 99; 100; 101; 143; 144; 146; 147; 148; 167; 169; 334; 341; 344; 345; 348; 349; 350; 351
ACTG2,ACTC1,Profilin-1,1,1,29,0,0,0.0,0.0,,0,0,,113; 116; 133; 136; 166; 167; 169; 170; 171; 172; 173; 284; 285; 286; 287; 288; 289; 290; 354; 355; 361; 365; 368; 369; 371; 372; 373; 374; 375
ACTG2,ACTC1,Protein diaphanous homolog 1,1,1,66,0,0,0.0,0.0,,0,0,,5; 6; 7; 22; 23; 24; 25; 44; 45; 46; 47; 48; 50; 61; 80; 83; 118; 121; 125; 126; 128; 143; 144; 145; 146; 147; 148; 149; 166; 167; 168; 169; 233; 234; 239; 292; 296; 318; 319; 321; 323; 324; 326; 328; 330; 340; 341; 344; 345; 346; 347; 348; 349; 350; 351; 352; 353; 355; 359; 362; 363; 364; 365; 366; 367; 372
ACTG2,ACTC1,Spectrin beta chain,1,1,76,0,0,0.0,0.0,,0,0,,2; 3; 21; 23; 24; 25; 26; 27; 28; 29; 30; 31; 44; 45; 46; 47; 48; 49; 50; 51; 52; 53; 54; 56; 57; 58; 61; 83; 84; 87; 88; 90; 91; 92; 93; 94; 95; 96; 97; 98; 99; 100; 124; 125; 128; 142; 143; 144; 145; 146; 147; 148; 167; 214; 215; 305; 306; 307; 308; 309; 331; 332; 333; 334; 335; 336; 337; 341; 345; 348; 349; 350; 351; 359; 362; 363
ACTG2,ACTC1,Src substrate cortactin,1,1,65,0,0,0.0,0.0,,0,0,,16; 18; 26; 27; 28; 29; 30; 31; 32; 45; 46; 47; 48; 56; 57; 59; 60; 61; 62; 144; 145; 146; 147; 148; 149; 166; 167; 207; 208; 210; 211; 214; 215; 217; 221; 240; 241; 242; 243; 288; 289; 291; 292; 295; 296; 298; 302; 305; 306; 307; 308; 309; 310; 311; 314; 328; 329; 330; 331; 332; 333; 334; 335; 336; 337
ACTG2,ACTC1,Talin-1,1,1,72,0,0,0.0,0.0,,0,0,,3; 4; 5; 23; 24; 25; 44; 45; 46; 47; 48; 49; 50; 51; 52; 53; 57; 83; 84; 87; 91; 92; 97; 98; 99; 100; 101; 102; 121; 124; 125; 126; 127; 128; 129; 130; 131; 143; 144; 145; 146; 147; 148; 328; 329; 330; 331; 332; 333; 334; 340; 341; 344; 345; 348; 349; 350; 351; 353; 354; 356; 358; 359; 360; 361; 362; 363; 364; 365; 366; 367; 373
ACTG2,ACTC1,Tropomodulin-1,1,1,132,0,0,0.0,0.0,,0,0,,32; 37; 38; 39; 40; 41; 42; 43; 44; 45; 46; 47; 48; 49; 50; 51; 52; 53; 54; 56; 57; 59; 60; 61; 62; 63; 64; 66; 68; 69; 72; 75; 76; 77; 78; 79; 80; 81; 83; 84; 87; 88; 91; 92; 93; 95; 98; 99; 112; 114; 117; 118; 121; 122; 124; 125; 126; 127; 128; 195; 196; 197; 198; 199; 200; 201; 202; 204; 205; 207; 208; 210; 211; 213; 214; 215; 216; 217; 218; 219; 220; 221; 224; 226; 232; 233; 235; 236; 238; 239; 240; 241; 242; 243; 244; 245; 246; 247; 248; 249; 254; 262; 263; 264; 265; 266; 273; 275; 276; 279; 283; 294; 305; 306; 307; 308; 311; 316; 318; 319; 320; 321; 322; 323; 335; 359; 362; 363; 364; 365; 366; 367
ACTG2,ACTC1,Tropomyosin alpha-1 chain,1,1,35,0,0,0.0,0.0,,0,0,,25; 147; 215; 216; 217; 218; 219; 220; 221; 222; 225; 226; 235; 236; 238; 241; 254; 291; 295; 307; 308; 311; 314; 315; 318; 323; 324; 325; 326; 327; 328; 329; 330; 333; 334
ACTG2,ACTC1,Tropomyosin beta chain,1,1,11,0,0,0.0,0.0,,0,0,,218; 219; 220; 221; 222; 226; 238; 254; 307; 308; 311
ACTG2,ACTC1,Tropomyosin-1.9,1,1,17,0,0,0.0,0.0,,0,0,,24; 25; 26; 27; 30; 144; 145; 147; 326; 328; 330; 332; 333; 334; 337; 341; 345
ACTG2,ACTC1,"Troponin T2, cardiac type",1,1,34,0,0,0.0,0.0,,0,0,,24; 25; 41; 42; 43; 44; 45; 46; 47; 48; 49; 51; 133; 143; 144; 145; 146; 147; 148; 332; 333; 334; 341; 345; 349; 351; 352; 354; 355; 371; 372; 373; 374; 375
ACTG2,ACTC1,Unconventional myosin-Ib,1,1,66,0,0,0.0,0.0,,0,0,,2; 4; 6; 21; 22; 23; 24; 25; 26; 27; 28; 29; 30; 31; 44; 45; 46; 47; 48; 49; 50; 51; 56; 87; 91; 92; 93; 95; 96; 97; 98; 99; 100; 127; 128; 142; 143; 144; 145; 146; 147; 148; 305; 310; 311; 314; 327; 328; 329; 330; 331; 332; 333; 334; 335; 336; 337; 341; 344; 345; 348; 349; 350; 351; 353; 354
ACTG2,ACTC1,Utrophin,1,1,51,0,0,0.0,0.0,,0,0,,21; 24; 25; 26; 27; 28; 29; 30; 31; 44; 45; 46; 47; 48; 49; 50; 51; 52; 53; 54; 56; 57; 61; 84; 87; 88; 91; 92; 93; 94; 95; 96; 97; 98; 99; 143; 144; 146; 147; 148; 149; 167; 333; 334; 337; 341; 345; 348; 349; 350; 351
ACTG2,ACTC1,Vibrio VopV,1,1,95,1,1,1.0,0.010526315789473684,21.900000000000002,1,11,177,35; 37; 38; 39; 66; 67; 68; 69; 70; 71; 72; 73; 75; 76; 77; 78; 79; 80; 81; 110; 111; 112; 114; 115; 117; 118; 121; 125; 173; 176; 177; 179; 183; 184; 187; 190; 194; 195; 196; 197; 198; 199; 200; 201; 202; 203; 205; 206; 239; 240; 241; 242; 244; 245; 246; 247; 248; 249; 262; 263; 264; 265; 267; 268; 269; 270; 271; 272; 273; 275; 276; 279; 280; 283; 284; 285; 286; 287; 290; 294; 318; 319; 320; 321; 322; 323; 324; 359; 362; 363; 364; 365; 366; 367; 368
ACTG2,ACTC1,Vinculin,1,1,65,0,0,0.0,0.0,,0,0,,5; 23; 24; 25; 26; 44; 45; 46; 47; 48; 49; 50; 51; 52; 53; 57; 61; 80; 83; 84; 87; 88; 91; 92; 93; 95; 96; 97; 99; 100; 102; 126; 127; 130; 131; 142; 143; 144; 145; 146; 147; 148; 296; 328; 330; 331; 332; 333; 334; 337; 341; 344; 345; 348; 349; 350; 351; 353; 354; 355; 356; 358; 360; 361; 373
ACTG2,ACTC1,VopV,1,1,85,1,1,1.0,0.011764705882352941,24.675,1,12,177,35; 37; 39; 63; 66; 67; 68; 69; 70; 71; 72; 73; 75; 76; 77; 78; 79; 81; 84; 110; 111; 112; 114; 115; 117; 118; 121; 125; 126; 128; 173; 176; 177; 179; 183; 187; 194; 196; 197; 198; 199; 200; 201; 202; 203; 204; 205; 206; 239; 241; 242; 244; 245; 246; 247; 248; 249; 268; 269; 270; 271; 272; 276; 279; 280; 283; 284; 285; 286; 287; 288; 290; 318; 319; 320; 321; 322; 323; 324; 362; 363; 364; 365; 366; 367
ACTG2,ACTC1,"WD repeat-containing protein 1,Methylated-DNA--protein-cysteine methyltransferase",1,1,52,0,0,0.0,0.0,,0,0,,166; 169; 171; 221; 222; 224; 225; 226; 228; 229; 230; 232; 233; 234; 235; 238; 270; 276; 311; 314; 315; 316; 318; 319; 320; 321; 322; 323; 324; 325; 326; 327; 328; 330; 353; 354; 355; 356; 358; 360; 361; 362; 363; 364; 365; 366; 367; 368; 369; 372; 373; 375
ACTG2,ACTC1,beta-cardiac myosin II,1,1,38,0,0,0.0,0.0,,0,0,,22; 23; 24; 25; 26; 27; 28; 29; 30; 44; 45; 46; 47; 48; 56; 142; 143; 145; 146; 147; 148; 311; 314; 328; 329; 330; 332; 333; 334; 337; 341; 344; 345; 348; 349; 350; 351; 354
ACTG2,ACTG1,Actin-interacting protein 1,1,1,82,0,0,0.0,0.0,,0,0,,37; 38; 39; 40; 41; 43; 44; 45; 46; 47; 48; 49; 50; 51; 52; 53; 64; 66; 68; 78; 79; 80; 83; 84; 87; 118; 122; 125; 126; 128; 166; 167; 169; 221; 222; 224; 225; 226; 228; 229; 230; 232; 233; 234; 235; 238; 254; 276; 307; 308; 310; 311; 314; 315; 318; 319; 320; 321; 323; 324; 325; 326; 327; 328; 329; 330; 354; 355; 358; 360; 361; 362; 363; 364; 365; 366; 367; 368; 369; 372; 373; 375
ACTG2,ACTG1,Actin-related protein 2,1,1,52,1,1,1.0,0.019230769230769232,35.88,1,5,62,38; 39; 40; 41; 42; 43; 44; 45; 46; 47; 48; 49; 50; 53; 60; 61; 62; 63; 64; 65; 66; 67; 188; 191; 192; 194; 195; 196; 197; 199; 200; 201; 202; 203; 204; 205; 208; 227; 230; 231; 241; 242; 243; 244; 245; 246; 247; 252; 266; 267; 268; 270
ACTG2,ACTG1,Actin-related protein 2/3 complex subunit 1,1,1,27,0,0,0.0,0.0,,0,0,,4; 23; 24; 25; 44; 45; 46; 47; 48; 142; 143; 144; 145; 146; 147; 148; 333; 334; 340; 341; 344; 345; 348; 349; 350; 351; 352
ACTG2,ACTG1,Actin-related protein 2/3 complex subunit 1B,1,1,22,0,0,0.0,0.0,,0,0,,23; 24; 25; 44; 45; 46; 47; 48; 142; 143; 144; 145; 146; 147; 148; 341; 344; 345; 348; 349; 350; 351
ACTG2,ACTG1,Actin-related protein 2/3 complex subunit 2,1,1,76,0,0,0.0,0.0,,0,0,,4; 5; 6; 7; 8; 21; 22; 23; 24; 28; 46; 48; 49; 50; 51; 75; 76; 77; 79; 83; 87; 94; 95; 96; 99; 100; 101; 102; 113; 114; 115; 117; 118; 121; 122; 125; 130; 131; 195; 196; 197; 198; 228; 229; 231; 232; 233; 234; 235; 236; 237; 238; 239; 240; 241; 245; 246; 247; 248; 249; 254; 279; 283; 320; 321; 322; 323; 324; 351; 356; 362; 363; 364; 365; 366; 367
ACTG2,ACTG1,Actin-related protein 2/3 complex subunit 3,1,1,22,0,0,0.0,0.0,,0,0,,4; 5; 46; 47; 48; 49; 87; 91; 92; 95; 97; 99; 125; 126; 128; 350; 351; 353; 354; 355; 361; 373
ACTG2,ACTG1,Actin-related protein 2/3 complex subunit 4,1,1,30,0,0,0.0,0.0,,0,0,,21; 28; 50; 51; 52; 79; 80; 83; 84; 87; 90; 91; 92; 93; 94; 95; 96; 97; 98; 99; 100; 101; 118; 121; 122; 125; 126; 127; 128; 359
ACTG2,ACTG1,Actin-related protein 2/3 complex subunit 5-like protein,1,1,8,0,0,0.0,0.0,,0,0,,37; 38; 39; 40; 41; 51; 66; 68
ACTG2,ACTG1,Actin-related protein 3,1,1,76,1,1,1.0,0.013157894736842105,34.9,1,5,62,37; 38; 39; 40; 41; 42; 43; 44; 45; 46; 47; 48; 49; 50; 51; 53; 60; 61; 62; 63; 64; 65; 117; 121; 124; 125; 128; 133; 143; 198; 200; 202; 204; 205; 208; 224; 227; 228; 230; 231; 232; 233; 234; 237; 238; 239; 240; 241; 242; 243; 244; 245; 246; 247; 248; 249; 346; 351; 354; 355; 359; 360; 361; 362; 363; 364; 365; 366; 367; 368; 369; 371; 372; 373; 374; 375
ACTG2,ACTG1,Adducin 1,1,1,88,0,0,0.0,0.0,,0,0,,4; 5; 6; 16; 21; 23; 24; 25; 26; 27; 28; 29; 30; 38; 39; 40; 41; 42; 43; 44; 45; 46; 47; 48; 49; 50; 51; 56; 93; 95; 96; 97; 100; 101; 133; 143; 144; 145; 146; 147; 148; 149; 166; 167; 168; 169; 173; 214; 215; 222; 224; 225; 228; 279; 280; 283; 284; 285; 286; 287; 288; 290; 292; 295; 296; 305; 332; 333; 334; 336; 337; 340; 341; 344; 345; 346; 348; 349; 350; 351; 352; 354; 355; 371; 372; 373; 374; 375
ACTG2,ACTG1,Adenylyl cyclase-associated protein 1,1,1,49,1,1,1.0,0.02040816326530612,53.48,1,5,62,32; 40; 43; 44; 45; 46; 47; 48; 49; 50; 53; 56; 57; 59; 60; 61; 62; 63; 64; 65; 88; 91; 92; 93; 95; 188; 191; 195; 202; 203; 204; 205; 207; 208; 210; 211; 215; 240; 241; 242; 243; 244; 245; 256; 265; 266; 267; 268; 270
ACTG2,ACTG1,Afadin,1,1,10,0,0,0.0,0.0,,0,0,,6; 21; 22; 23; 24; 25; 28; 348; 349; 350
ACTG2,ACTG1,Alpha-catenin-like protein hmp-1,1,1,55,0,0,0.0,0.0,,0,0,,21; 23; 24; 25; 26; 27; 28; 29; 30; 44; 45; 46; 47; 48; 49; 50; 51; 52; 53; 54; 57; 84; 87; 88; 91; 92; 93; 94; 95; 96; 97; 99; 100; 142; 143; 144; 145; 146; 147; 148; 296; 328; 330; 332; 333; 334; 336; 337; 341; 344; 345; 348; 349; 350; 351
ACTG2,ACTG1,Beta-adducin,1,1,132,0,0,0.0,0.0,,0,0,,5; 6; 16; 21; 23; 24; 25; 26; 27; 28; 29; 30; 38; 39; 40; 41; 42; 43; 44; 45; 46; 47; 48; 49; 50; 51; 56; 95; 96; 97; 100; 101; 113; 114; 117; 118; 121; 124; 125; 126; 128; 133; 143; 144; 145; 146; 147; 148; 149; 167; 168; 169; 172; 188; 195; 196; 214; 223; 224; 227; 228; 230; 231; 232; 233; 234; 236; 237; 251; 252; 253; 256; 263; 265; 266; 279; 283; 287; 288; 290; 291; 292; 295; 296; 305; 310; 311; 314; 318; 319; 320; 321; 322; 323; 324; 326; 327; 328; 329; 330; 331; 332; 333; 334; 336; 337; 338; 340; 341; 344; 345; 346; 348; 349; 350; 351; 352; 354; 355; 359; 362; 363; 364; 365; 366; 367; 368; 371; 372; 373; 374; 375
ACTG2,ACTG1,Catenin alpha-1,1,1,78,1,1,1.0,0.01282051282051282,32.2,1,1,62,21; 23; 24; 25; 26; 27; 28; 29; 30; 44; 45; 46; 47; 48; 49; 50; 51; 52; 53; 56; 57; 59; 60; 61; 62; 84; 87; 91; 92; 93; 94; 95; 96; 97; 99; 126; 127; 142; 143; 144; 145; 146; 147; 148; 149; 167; 169; 211; 215; 216; 238; 239; 240; 241; 242; 243; 247; 288; 291; 296; 305; 324; 328; 329; 330; 331; 332; 333; 334; 336; 337; 341; 344; 345; 348; 349; 350; 351
ACTG2,ACTG1,Cell invasion protein SipA,1,1,134,0,0,0.0,0.0,,0,0,,37; 38; 39; 40; 41; 42; 43; 44; 45; 46; 47; 48; 49; 51; 66; 67; 68; 69; 70; 71; 72; 73; 75; 76; 77; 78; 79; 80; 83; 84; 112; 113; 114; 117; 118; 121; 125; 126; 133; 139; 143; 158; 169; 170; 172; 173; 179; 183; 184; 187; 195; 196; 197; 198; 199; 200; 201; 202; 203; 204; 205; 206; 208; 222; 223; 224; 225; 227; 228; 230; 231; 232; 233; 234; 237; 239; 242; 243; 244; 246; 247; 248; 249; 251; 252; 253; 256; 263; 265; 266; 267; 268; 269; 270; 271; 275; 276; 279; 280; 283; 284; 285; 286; 287; 288; 290; 312; 315; 316; 318; 319; 320; 321; 322; 323; 346; 351; 352; 354; 355; 361; 362; 363; 364; 365; 366; 367; 368; 369; 371; 372; 373; 374; 375
ACTG2,ACTG1,Cofilin,1,1,82,0,0,0.0,0.0,,0,0,,16; 23; 24; 25; 26; 27; 28; 29; 30; 31; 32; 46; 47; 48; 49; 50; 53; 56; 57; 59; 60; 61; 88; 91; 92; 93; 94; 95; 96; 97; 100; 133; 134; 135; 136; 139; 140; 143; 144; 145; 146; 147; 148; 149; 157; 166; 167; 168; 169; 207; 210; 211; 214; 215; 288; 291; 292; 296; 305; 326; 328; 330; 331; 332; 333; 334; 336; 337; 338; 341; 342; 344; 345; 346; 348; 349; 350; 351; 352; 354; 355; 375
ACTG2,ACTG1,Cofilin (UNC-60B),1,1,71,0,0,0.0,0.0,,0,0,,16; 23; 25; 26; 27; 28; 29; 30; 31; 32; 47; 49; 50; 53; 56; 57; 59; 60; 61; 91; 92; 93; 94; 95; 96; 97; 100; 133; 135; 139; 140; 143; 144; 145; 146; 147; 148; 149; 167; 168; 169; 207; 210; 211; 214; 215; 291; 296; 305; 326; 328; 330; 332; 333; 334; 336; 337; 338; 341; 342; 344; 345; 346; 348; 349; 350; 351; 352; 354; 355; 375
ACTG2,ACTG1,Cofilin-1,1,1,76,0,0,0.0,0.0,,0,0,,21; 23; 24; 25; 26; 27; 28; 29; 30; 31; 44; 45; 50; 51; 53; 56; 57; 60; 61; 87; 88; 91; 92; 93; 94; 95; 96; 97; 99; 100; 101; 133; 140; 142; 143; 144; 145; 146; 147; 148; 149; 166; 167; 168; 169; 214; 215; 288; 291; 292; 295; 296; 305; 326; 328; 330; 331; 332; 333; 334; 336; 337; 338; 341; 342; 343; 345; 346; 348; 349; 350; 351; 352; 354; 355; 375
ACTG2,ACTG1,Cofilin-2,1,1,77,0,0,0.0,0.0,,0,0,,4; 5; 21; 23; 24; 25; 26; 27; 28; 29; 30; 31; 50; 53; 56; 57; 60; 61; 88; 91; 92; 93; 94; 95; 96; 97; 99; 100; 101; 133; 134; 135; 136; 139; 140; 143; 144; 145; 146; 147; 148; 149; 166; 167; 168; 169; 214; 215; 291; 292; 295; 296; 305; 326; 328; 330; 331; 332; 333; 334; 336; 337; 338; 341; 342; 345; 346; 348; 349; 350; 351; 352; 353; 354; 355; 374; 375
ACTG2,ACTG1,"Coronin-1B,Methylated-DNA--protein-cysteine methyltransferase",1,1,98,0,0,0.0,0.0,,0,0,,6; 37; 38; 39; 40; 41; 42; 49; 50; 51; 52; 66; 68; 75; 76; 77; 78; 79; 80; 81; 83; 84; 87; 91; 92; 95; 96; 97; 99; 100; 101; 102; 114; 115; 117; 118; 121; 122; 124; 125; 126; 127; 128; 130; 131; 169; 196; 198; 222; 224; 225; 230; 231; 232; 233; 234; 235; 237; 239; 246; 247; 248; 249; 250; 251; 252; 265; 270; 279; 315; 316; 318; 319; 320; 321; 322; 323; 350; 351; 353; 354; 355; 356; 357; 358; 359; 360; 361; 362; 363; 364; 365; 366; 367; 368; 369; 372; 373
ACTG2,ACTG1,Dematin actin binding protein,1,1,125,0,0,0.0,0.0,,0,0,,2; 3; 4; 5; 6; 21; 22; 23; 24; 25; 26; 27; 28; 38; 39; 40; 41; 42; 43; 44; 45; 46; 47; 48; 49; 50; 51; 95; 96; 97; 99; 100; 101; 102; 121; 125; 130; 131; 133; 143; 144; 145; 146; 147; 168; 169; 172; 215; 216; 218; 219; 221; 222; 223; 224; 226; 229; 230; 231; 232; 233; 234; 235; 237; 238; 239; 240; 241; 247; 249; 259; 262; 263; 264; 265; 266; 268; 269; 270; 271; 272; 273; 275; 276; 305; 307; 308; 312; 315; 316; 318; 319; 320; 330; 332; 333; 334; 337; 340; 341; 344; 345; 347; 348; 350; 351; 353; 354; 355; 356; 358; 359; 360; 361; 362; 363; 364; 365; 366; 367; 371; 372; 373; 374; 375
ACTG2,ACTG1,Epididymis secretory protein Li 37,1,1,43,0,0,0.0,0.0,,0,0,,23; 24; 25; 44; 45; 46; 47; 48; 49; 50; 51; 52; 53; 54; 56; 57; 61; 84; 87; 88; 91; 92; 93; 95; 96; 97; 98; 99; 100; 143; 144; 146; 147; 148; 167; 334; 341; 344; 345; 348; 349; 350; 351
ACTG2,ACTG1,F-actin-capping protein subunit alpha-1,1,1,46,0,0,0.0,0.0,,0,0,,116; 133; 139; 143; 146; 147; 148; 166; 167; 168; 169; 170; 171; 172; 173; 263; 265; 266; 268; 269; 270; 271; 272; 283; 284; 285; 286; 287; 288; 289; 290; 342; 345; 346; 349; 350; 351; 352; 354; 355; 369; 371; 372; 373; 374; 375
ACTG2,ACTG1,F-actin-capping protein subunit beta,1,1,45,0,0,0.0,0.0,,0,0,,113; 133; 139; 142; 143; 146; 147; 148; 166; 167; 168; 169; 173; 176; 224; 272; 276; 279; 280; 283; 284; 285; 286; 287; 288; 290; 320; 345; 346; 348; 349; 350; 351; 352; 354; 355; 364; 365; 368; 369; 371; 372; 373; 374; 375
ACTG2,ACTG1,Filamin-A,1,1,58,0,0,0.0,0.0,,0,0,,21; 24; 25; 26; 27; 28; 29; 30; 31; 44; 45; 46; 47; 48; 49; 50; 52; 53; 54; 56; 57; 60; 61; 83; 84; 87; 88; 91; 92; 93; 94; 95; 96; 97; 98; 100; 126; 142; 143; 144; 145; 146; 147; 148; 149; 167; 333; 334; 335; 336; 337; 341; 345; 348; 349; 350; 351; 354
ACTG2,ACTG1,Gelsolin,1,1,119,0,0,0.0,0.0,,0,0,,2; 3; 4; 22; 23; 24; 25; 26; 27; 28; 29; 30; 31; 37; 38; 39; 40; 41; 42; 43; 44; 45; 46; 47; 48; 49; 50; 51; 52; 54; 56; 57; 60; 61; 66; 68; 84; 87; 88; 91; 92; 93; 95; 96; 97; 98; 99; 100; 126; 127; 128; 133; 140; 142; 143; 144; 145; 146; 147; 148; 149; 166; 167; 168; 169; 221; 222; 223; 224; 259; 262; 263; 264; 265; 266; 269; 270; 271; 272; 273; 275; 276; 291; 292; 295; 296; 311; 312; 314; 315; 316; 318; 319; 326; 328; 329; 330; 332; 334; 337; 338; 340; 341; 342; 344; 345; 346; 348; 349; 350; 351; 352; 353; 354; 355; 372; 373; 374; 375
ACTG2,ACTG1,Inositol-trisphosphate 3-kinase A,1,1,37,0,0,0.0,0.0,,0,0,,22; 23; 24; 25; 26; 44; 45; 46; 47; 48; 49; 50; 51; 53; 87; 91; 92; 142; 143; 144; 145; 146; 147; 148; 167; 332; 333; 334; 337; 340; 341; 344; 345; 348; 349; 350; 351
ACTG2,ACTG1,Inverted formin-2,1,1,112,0,0,0.0,0.0,,0,0,,5; 6; 21; 22; 23; 24; 25; 26; 27; 28; 44; 45; 46; 47; 48; 49; 50; 79; 80; 83; 87; 91; 92; 93; 94; 95; 96; 98; 99; 101; 114; 117; 118; 121; 122; 124; 125; 126; 127; 128; 130; 131; 142; 143; 144; 145; 146; 147; 148; 149; 166; 167; 168; 169; 216; 229; 231; 232; 233; 234; 235; 237; 238; 239; 240; 241; 242; 243; 244; 245; 247; 249; 291; 292; 295; 296; 322; 323; 324; 325; 326; 327; 328; 330; 332; 334; 341; 344; 345; 346; 348; 349; 350; 351; 352; 353; 354; 355; 356; 358; 359; 360; 361; 362; 363; 364; 365; 366; 367; 368; 369; 373
ACTG2,ACTG1,Isoform 2 of F-actin-capping protein subunit beta,1,1,46,0,0,0.0,0.0,,0,0,,110; 133; 136; 139; 143; 145; 146; 147; 148; 166; 167; 168; 169; 170; 171; 172; 173; 176; 224; 272; 276; 277; 279; 280; 283; 284; 285; 286; 288; 290; 320; 345; 346; 348; 349; 350; 351; 352; 354; 355; 361; 364; 369; 372; 373; 375
ACTG2,ACTG1,"Isoform A2 of Troponin T, cardiac muscle",1,1,36,0,0,0.0,0.0,,0,0,,25; 41; 42; 43; 44; 45; 46; 47; 48; 49; 50; 133; 136; 143; 144; 145; 146; 147; 148; 167; 168; 332; 333; 334; 341; 345; 349; 350; 351; 352; 354; 355; 371; 372; 373; 375
ACTG2,ACTG1,Leiomodin-2,1,1,93,0,0,0.0,0.0,,0,0,,37; 38; 39; 40; 41; 42; 43; 44; 45; 46; 47; 48; 49; 50; 51; 52; 66; 68; 69; 70; 72; 75; 76; 77; 78; 79; 80; 81; 83; 84; 112; 114; 117; 118; 121; 122; 124; 125; 126; 167; 168; 169; 195; 196; 197; 198; 199; 224; 244; 245; 246; 247; 248; 249; 262; 263; 264; 265; 269; 270; 271; 272; 273; 275; 276; 279; 280; 283; 290; 318; 319; 320; 321; 322; 323; 349; 351; 352; 354; 355; 359; 361; 362; 363; 364; 365; 366; 367; 369; 371; 372; 373; 374
ACTG2,ACTG1,"Maltose/maltodextrin-binding periplasmic protein,Adenylate cyclase ExoY",1,1,53,0,0,0.0,0.0,,0,0,,16; 21; 23; 24; 25; 26; 27; 28; 29; 30; 31; 32; 44; 45; 46; 47; 56; 57; 59; 87; 90; 91; 92; 93; 94; 95; 96; 97; 99; 128; 142; 143; 144; 145; 146; 147; 148; 210; 211; 214; 305; 333; 334; 335; 336; 337; 341; 344; 345; 348; 349; 350; 351
ACTG2,ACTG1,"Maltose/maltodextrin-binding periplasmic protein,TccC3",1,1,44,0,0,0.0,0.0,,0,0,,25; 44; 45; 46; 47; 48; 49; 50; 53; 56; 57; 60; 61; 88; 92; 93; 95; 142; 143; 144; 145; 146; 147; 148; 149; 167; 168; 291; 292; 295; 296; 326; 328; 329; 330; 332; 333; 334; 341; 345; 348; 349; 350; 351
ACTG2,ACTG1,Myosin heavy chain 4,1,1,52,0,0,0.0,0.0,,0,0,,5; 6; 21; 22; 23; 24; 25; 26; 27; 28; 29; 30; 44; 45; 46; 47; 48; 49; 50; 56; 94; 95; 96; 101; 142; 143; 145; 146; 147; 148; 305; 310; 311; 314; 328; 329; 330; 331; 332; 333; 334; 336; 337; 341; 344; 345; 348; 349; 350; 351; 353; 354
ACTG2,ACTG1,"Myosin-14,Alpha-actinin A",1,1,53,0,0,0.0,0.0,,0,0,,3; 4; 22; 23; 24; 25; 26; 27; 28; 29; 30; 44; 45; 46; 47; 48; 49; 50; 56; 91; 93; 95; 96; 97; 100; 142; 143; 144; 145; 146; 147; 148; 167; 168; 305; 314; 328; 329; 330; 332; 333; 334; 337; 341; 344; 345; 348; 349; 350; 351; 352; 353; 354
ACTG2,ACTG1,Myosin-6,1,1,42,0,0,0.0,0.0,,0,0,,23; 24; 25; 26; 27; 28; 29; 30; 44; 45; 46; 47; 48; 56; 93; 94; 95; 96; 142; 143; 146; 147; 148; 305; 311; 314; 328; 330; 332; 333; 334; 336; 337; 341; 344; 345; 348; 349; 350; 351; 353; 354
ACTG2,ACTG1,Myosin-7,1,1,54,0,0,0.0,0.0,,0,0,,6; 21; 22; 23; 24; 25; 26; 27; 28; 29; 30; 44; 45; 46; 47; 48; 49; 50; 56; 93; 94; 95; 96; 97; 101; 142; 143; 145; 146; 147; 148; 149; 296; 305; 311; 314; 328; 329; 330; 331; 332; 333; 334; 336; 337; 341; 344; 345; 348; 349; 350; 351; 353; 354
ACTG2,ACTG1,Myosin-A,1,1,49,0,0,0.0,0.0,,0,0,,6; 23; 24; 25; 26; 27; 28; 30; 44; 45; 46; 47; 48; 49; 50; 57; 87; 91; 92; 95; 96; 97; 142; 143; 145; 146; 147; 148; 167; 305; 328; 329; 330; 331; 332; 333; 334; 335; 336; 337; 341; 344; 345; 348; 349; 350; 351; 353; 354
ACTG2,ACTG1,Plastin-3,1,1,46,0,0,0.0,0.0,,0,0,,5; 23; 24; 25; 44; 45; 46; 47; 49; 50; 51; 52; 53; 54; 57; 61; 84; 87; 88; 90; 91; 92; 93; 94; 95; 96; 97; 98; 99; 100; 101; 143; 144; 146; 147; 148; 167; 169; 334; 341; 344; 345; 348; 349; 350; 351
ACTG2,ACTG1,Profilin-1,1,1,29,0,0,0.0,0.0,,0,0,,113; 116; 133; 136; 166; 167; 169; 170; 171; 172; 173; 284; 285; 286; 287; 288; 289; 290; 354; 355; 361; 365; 368; 369; 371; 372; 373; 374; 375
ACTG2,ACTG1,Protein diaphanous homolog 1,1,1,66,0,0,0.0,0.0,,0,0,,5; 6; 7; 22; 23; 24; 25; 44; 45; 46; 47; 48; 50; 61; 80; 83; 118; 121; 125; 126; 128; 143; 144; 145; 146; 147; 148; 149; 166; 167; 168; 169; 233; 234; 239; 292; 296; 318; 319; 321; 323; 324; 326; 328; 330; 340; 341; 344; 345; 346; 347; 348; 349; 350; 351; 352; 353; 355; 359; 362; 363; 364; 365; 366; 367; 372
ACTG2,ACTG1,Spectrin beta chain,1,1,76,0,0,0.0,0.0,,0,0,,2; 3; 21; 23; 24; 25; 26; 27; 28; 29; 30; 31; 44; 45; 46; 47; 48; 49; 50; 51; 52; 53; 54; 56; 57; 58; 61; 83; 84; 87; 88; 90; 91; 92; 93; 94; 95; 96; 97; 98; 99; 100; 124; 125; 128; 142; 143; 144; 145; 146; 147; 148; 167; 214; 215; 305; 306; 307; 308; 309; 331; 332; 333; 334; 335; 336; 337; 341; 345; 348; 349; 350; 351; 359; 362; 363
ACTG2,ACTG1,Src substrate cortactin,1,1,65,1,1,1.0,0.015384615384615385,46.0,1,2,62,16; 18; 26; 27; 28; 29; 30; 31; 32; 45; 46; 47; 48; 56; 57; 59; 60; 61; 62; 144; 145; 146; 147; 148; 149; 166; 167; 207; 208; 210; 211; 214; 215; 217; 221; 240; 241; 242; 243; 288; 289; 291; 292; 295; 296; 298; 302; 305; 306; 307; 308; 309; 310; 311; 314; 328; 329; 330; 331; 332; 333; 334; 335; 336; 337
ACTG2,ACTG1,Talin-1,1,1,72,0,0,0.0,0.0,,0,0,,3; 4; 5; 23; 24; 25; 44; 45; 46; 47; 48; 49; 50; 51; 52; 53; 57; 83; 84; 87; 91; 92; 97; 98; 99; 100; 101; 102; 121; 124; 125; 126; 127; 128; 129; 130; 131; 143; 144; 145; 146; 147; 148; 328; 329; 330; 331; 332; 333; 334; 340; 341; 344; 345; 348; 349; 350; 351; 353; 354; 356; 358; 359; 360; 361; 362; 363; 364; 365; 366; 367; 373
ACTG2,ACTG1,Tropomodulin-1,1,1,132,1,1,1.0,0.007575757575757576,42.833333333333336,1,6,62,32; 37; 38; 39; 40; 41; 42; 43; 44; 45; 46; 47; 48; 49; 50; 51; 52; 53; 54; 56; 57; 59; 60; 61; 62; 63; 64; 66; 68; 69; 72; 75; 76; 77; 78; 79; 80; 81; 83; 84; 87; 88; 91; 92; 93; 95; 98; 99; 112; 114; 117; 118; 121; 122; 124; 125; 126; 127; 128; 195; 196; 197; 198; 199; 200; 201; 202; 204; 205; 207; 208; 210; 211; 213; 214; 215; 216; 217; 218; 219; 220; 221; 224; 226; 232; 233; 235; 236; 238; 239; 240; 241; 242; 243; 244; 245; 246; 247; 248; 249; 254; 262; 263; 264; 265; 266; 273; 275; 276; 279; 283; 294; 305; 306; 307; 308; 311; 316; 318; 319; 320; 321; 322; 323; 335; 359; 362; 363; 364; 365; 366; 367
ACTG2,ACTG1,Tropomyosin alpha-1 chain,1,1,35,0,0,0.0,0.0,,0,0,,25; 147; 215; 216; 217; 218; 219; 220; 221; 222; 225; 226; 235; 236; 238; 241; 254; 291; 295; 307; 308; 311; 314; 315; 318; 323; 324; 325; 326; 327; 328; 329; 330; 333; 334
ACTG2,ACTG1,Tropomyosin beta chain,1,1,11,0,0,0.0,0.0,,0,0,,218; 219; 220; 221; 222; 226; 238; 254; 307; 308; 311
ACTG2,ACTG1,Tropomyosin-1.9,1,1,17,0,0,0.0,0.0,,0,0,,24; 25; 26; 27; 30; 144; 145; 147; 326; 328; 330; 332; 333; 334; 337; 341; 345
ACTG2,ACTG1,"Troponin T2, cardiac type",1,1,34,0,0,0.0,0.0,,0,0,,24; 25; 41; 42; 43; 44; 45; 46; 47; 48; 49; 51; 133; 143; 144; 145; 146; 147; 148; 332; 333; 334; 341; 345; 349; 351; 352; 354; 355; 371; 372; 373; 374; 375
ACTG2,ACTG1,Unconventional myosin-Ib,1,1,66,0,0,0.0,0.0,,0,0,,2; 4; 6; 21; 22; 23; 24; 25; 26; 27; 28; 29; 30; 31; 44; 45; 46; 47; 48; 49; 50; 51; 56; 87; 91; 92; 93; 95; 96; 97; 98; 99; 100; 127; 128; 142; 143; 144; 145; 146; 147; 148; 305; 310; 311; 314; 327; 328; 329; 330; 331; 332; 333; 334; 335; 336; 337; 341; 344; 345; 348; 349; 350; 351; 353; 354
ACTG2,ACTG1,Utrophin,1,1,51,0,0,0.0,0.0,,0,0,,21; 24; 25; 26; 27; 28; 29; 30; 31; 44; 45; 46; 47; 48; 49; 50; 51; 52; 53; 54; 56; 57; 61; 84; 87; 88; 91; 92; 93; 94; 95; 96; 97; 98; 99; 143; 144; 146; 147; 148; 149; 167; 333; 334; 337; 341; 345; 348; 349; 350; 351
ACTG2,ACTG1,Vibrio VopV,1,1,95,0,0,0.0,0.0,,0,0,,35; 37; 38; 39; 66; 67; 68; 69; 70; 71; 72; 73; 75; 76; 77; 78; 79; 80; 81; 110; 111; 112; 114; 115; 117; 118; 121; 125; 173; 176; 177; 179; 183; 184; 187; 190; 194; 195; 196; 197; 198; 199; 200; 201; 202; 203; 205; 206; 239; 240; 241; 242; 244; 245; 246; 247; 248; 249; 262; 263; 264; 265; 267; 268; 269; 270; 271; 272; 273; 275; 276; 279; 280; 283; 284; 285; 286; 287; 290; 294; 318; 319; 320; 321; 322; 323; 324; 359; 362; 363; 364; 365; 366; 367; 368
ACTG2,ACTG1,Vinculin,1,1,65,0,0,0.0,0.0,,0,0,,5; 23; 24; 25; 26; 44; 45; 46; 47; 48; 49; 50; 51; 52; 53; 57; 61; 80; 83; 84; 87; 88; 91; 92; 93; 95; 96; 97; 99; 100; 102; 126; 127; 130; 131; 142; 143; 144; 145; 146; 147; 148; 296; 328; 330; 331; 332; 333; 334; 337; 341; 344; 345; 348; 349; 350; 351; 353; 354; 355; 356; 358; 360; 361; 373
ACTG2,ACTG1,VopV,1,1,85,0,0,0.0,0.0,,0,0,,35; 37; 39; 63; 66; 67; 68; 69; 70; 71; 72; 73; 75; 76; 77; 78; 79; 81; 84; 110; 111; 112; 114; 115; 117; 118; 121; 125; 126; 128; 173; 176; 177; 179; 183; 187; 194; 196; 197; 198; 199; 200; 201; 202; 203; 204; 205; 206; 239; 241; 242; 244; 245; 246; 247; 248; 249; 268; 269; 270; 271; 272; 276; 279; 280; 283; 284; 285; 286; 287; 288; 290; 318; 319; 320; 321; 322; 323; 324; 362; 363; 364; 365; 366; 367
ACTG2,ACTG1,"WD repeat-containing protein 1,Methylated-DNA--protein-cysteine methyltransferase",1,1,52,0,0,0.0,0.0,,0,0,,166; 169; 171; 221; 222; 224; 225; 226; 228; 229; 230; 232; 233; 234; 235; 238; 270; 276; 311; 314; 315; 316; 318; 319; 320; 321; 322; 323; 324; 325; 326; 327; 328; 330; 353; 354; 355; 356; 358; 360; 361; 362; 363; 364; 365; 366; 367; 368; 369; 372; 373; 375
ACTG2,ACTG1,beta-cardiac myosin II,1,1,38,0,0,0.0,0.0,,0,0,,22; 23; 24; 25; 26; 27; 28; 29; 30; 44; 45; 46; 47; 48; 56; 142; 143; 145; 146; 147; 148; 311; 314; 328; 329; 330; 332; 333; 334; 337; 341; 344; 345; 348; 349; 350; 351; 354
