Partner,P60709 position,Hydrophobic,Polar,Basic (K/R/H),Acidic (D/E),Glycine,Other / modified,PDBs with usable contacts
Actin-interacting protein 1,37,0.9785928497552507,0.007245300533766536,0.01416184971098266,0.0,0.0,0.0,5
Actin-interacting protein 1,38,0.013918629550321198,0.5833308205706548,0.4027505498790241,0.0,0.0,0.0,5
Actin-interacting protein 1,39,0.0,0.14356435643564355,0.8564356435643564,0.0,0.0,0.0,4
Actin-interacting protein 1,40,0.012319538017324352,0.16878883126100616,0.8168704565157021,0.0,0.002021174205967276,0.0,5
Actin-interacting protein 1,41,0.0,0.0,1.0,0.0,0.0,0.0,2
Actin-interacting protein 1,43,0.0,0.02580971659919028,0.9731781376518218,0.0,0.0010121457489878543,0.0,4
Actin-interacting protein 1,44,0.08772436918164048,0.03268930006859199,0.8118120891211588,0.008735632183908047,0.05903860944470083,0.0,5
Actin-interacting protein 1,45,0.0681886439957317,0.1259764717039768,0.4653555697725292,0.25356514696631194,0.08691416756145039,0.0,5
Actin-interacting protein 1,46,0.0,0.0,1.0,0.0,0.0,0.0,4
Actin-interacting protein 1,47,0.0,0.0,1.0,0.0,0.0,0.0,2
Actin-interacting protein 1,48,0.0,0.0,1.0,0.0,0.0,0.0,5
Actin-interacting protein 1,49,0.0,0.0,0.6998070501610514,0.3001929498389487,0.0,0.0,5
Actin-interacting protein 1,50,0.0,0.0017758378088451438,0.3860917725261549,0.6121323896649999,0.0,0.0,5
Actin-interacting protein 1,51,0.19527276892256426,0.21432053422710298,0.38167854475824514,0.16897940755296517,0.039748744539122485,0.0,5
Actin-interacting protein 1,52,0.005357142857142857,0.0,0.32456411698537685,0.6700787401574803,0.0,0.0,5
Actin-interacting protein 1,53,0.0,0.0,1.0,0.0,0.0,0.0,1
Actin-interacting protein 1,64,0.0,0.0,1.0,0.0,0.0,0.0,1
Actin-interacting protein 1,66,1.0,0.0,0.0,0.0,0.0,0.0,1
Actin-interacting protein 1,68,1.0,0.0,0.0,0.0,0.0,0.0,1
Actin-interacting protein 1,78,0.9062500000000001,0.09374999999999999,0.0,0.0,0.0,0.0,1
Actin-interacting protein 1,79,0.0,1.0,0.0,0.0,0.0,0.0,1
Actin-interacting protein 1,80,0.579432405597086,0.31729000763153314,0.0010086455331412103,0.0,0.10226894123823964,0.0,5
Actin-interacting protein 1,83,0.0,1.0,0.0,0.0,0.0,0.0,4
Actin-interacting protein 1,84,0.0,0.055120481927710845,0.9448795180722891,0.0,0.0,0.0,4
Actin-interacting protein 1,87,0.0,1.0,0.0,0.0,0.0,0.0,1
Actin-interacting protein 1,118,0.0,1.0,0.0,0.0,0.0,0.0,1
Actin-interacting protein 1,122,0.0,1.0,0.0,0.0,0.0,0.0,1
Actin-interacting protein 1,125,1.0,0.0,0.0,0.0,0.0,0.0,1
Actin-interacting protein 1,126,0.467741935483871,0.48655913978494625,0.0,0.0,0.04569892473118279,0.0,1
Actin-interacting protein 1,128,1.0,0.0,0.0,0.0,0.0,0.0,1
Actin-interacting protein 1,166,0.0,0.0,1.0,0.0,0.0,0.0,1
Actin-interacting protein 1,167,0.0,0.0,1.0,0.0,0.0,0.0,1
Actin-interacting protein 1,169,0.0,0.0,1.0,0.0,0.0,0.0,2
Actin-interacting protein 1,221,0.554157613040976,0.09096484150171472,0.3548775454573093,0.0,0.0,0.0,5
Actin-interacting protein 1,222,0.0344434306569343,0.9655565693430657,0.0,0.0,0.0,0.0,5
Actin-interacting protein 1,224,0.0,0.5,0.5,0.0,0.0,0.0,2
Actin-interacting protein 1,225,0.9250707377545613,0.06198283367401014,0.012946428571428572,0.0,0.0,0.0,5
Actin-interacting protein 1,226,1.0,0.0,0.0,0.0,0.0,0.0,2
Actin-interacting protein 1,228,0.0,0.0,0.0,1.0,0.0,0.0,1
Actin-interacting protein 1,229,0.9708045061945036,0.02191258064023038,0.0,0.007282913165266106,0.0,0.0,5
Actin-interacting protein 1,230,1.0,0.0,0.0,0.0,0.0,0.0,1
Actin-interacting protein 1,232,0.49840378767627624,0.4822333418209189,0.0,0.019362870502804823,0.0,0.0,5
Actin-interacting protein 1,233,0.6055797384314419,0.39442026156855814,0.0,0.0,0.0,0.0,5
Actin-interacting protein 1,234,0.11581083505277004,0.45803719718024877,0.0,0.42615196776698117,0.0,0.0,5
Actin-interacting protein 1,235,0.0,1.0,0.0,0.0,0.0,0.0,5
Actin-interacting protein 1,238,0.0,0.9958333333333333,0.004166666666666667,0.0,0.0,0.0,5
Actin-interacting protein 1,254,0.0,1.0,0.0,0.0,0.0,0.0,4
Actin-interacting protein 1,276,0.0,0.0,1.0,0.0,0.0,0.0,2
Actin-interacting protein 1,307,0.0,0.0,0.0,1.0,0.0,0.0,2
Actin-interacting protein 1,308,0.0,1.0,0.0,0.0,0.0,0.0,1
Actin-interacting protein 1,310,0.0,1.0,0.0,0.0,0.0,0.0,2
Actin-interacting protein 1,311,0.10110063377002046,0.633692848884453,0.2652065173455266,0.0,0.0,0.0,5
Actin-interacting protein 1,314,0.16607857433666748,0.45767266909657367,0.30602607453492603,0.07022268203183275,0.0,0.0,5
Actin-interacting protein 1,315,0.8714816099874081,0.12851839001259177,0.0,0.0,0.0,0.0,5
Actin-interacting protein 1,318,0.0924930384930385,0.86294266994267,0.0,0.04456429156429157,0.0,0.0,5
Actin-interacting protein 1,319,0.6716963742839449,0.28304916591220924,0.005928853754940712,0.03932560604890515,0.0,0.0,3
Actin-interacting protein 1,320,0.0,0.9525801952580196,0.04741980474198048,0.0,0.0,0.0,3
Actin-interacting protein 1,321,1.0,0.0,0.0,0.0,0.0,0.0,2
Actin-interacting protein 1,323,0.12637402635218753,0.09128630705394192,0.48595061777416,0.10650069156293224,0.1898883572567783,0.0,3
Actin-interacting protein 1,324,0.0,0.0,1.0,0.0,0.0,0.0,3
Actin-interacting protein 1,325,0.0,0.0,1.0,0.0,0.0,0.0,2
Actin-interacting protein 1,326,0.004194864188374895,0.8613651238055806,0.13444001200604452,0.0,0.0,0.0,4
Actin-interacting protein 1,327,0.0,0.3487244897959184,0.6512755102040817,0.0,0.0,0.0,5
Actin-interacting protein 1,328,0.0,0.08812670288012461,0.9118732971198753,0.0,0.0,0.0,5
Actin-interacting protein 1,329,0.0,0.3055905842791089,0.6944094157208912,0.0,0.0,0.0,3
Actin-interacting protein 1,330,0.0,0.0,1.0,0.0,0.0,0.0,2
Actin-interacting protein 1,354,0.011397118485675433,0.7009965991092685,0.28760628240505615,0.0,0.0,0.0,5
Actin-interacting protein 1,355,0.0,0.0,1.0,0.0,0.0,0.0,5
Actin-interacting protein 1,358,0.0,0.0,1.0,0.0,0.0,0.0,5
Actin-interacting protein 1,360,0.0,0.25830619149738654,0.37416872959300995,0.004887392523872105,0.36263768638573135,0.0,5
Actin-interacting protein 1,361,0.6726404177801836,0.006930693069306932,0.32042888915050943,0.0,0.0,0.0,5
Actin-interacting protein 1,362,0.0,0.0,1.0,0.0,0.0,0.0,5
Actin-interacting protein 1,363,0.4028594590431009,0.0878503138344224,0.5092902271224767,0.0,0.0,0.0,5
Actin-interacting protein 1,364,0.2524984028006933,0.4043441939499887,0.14556066118643363,0.00021344717182497332,0.19738329489105932,0.0,5
Actin-interacting protein 1,365,0.0,0.02158415993948263,0.6563418895336186,0.0,0.32207395052689886,0.0,5
Actin-interacting protein 1,366,0.0,0.0,1.0,0.0,0.0,0.0,5
Actin-interacting protein 1,367,0.0,0.0,1.0,0.0,0.0,0.0,5
Actin-interacting protein 1,368,0.0,0.0,1.0,0.0,0.0,0.0,2
Actin-interacting protein 1,369,0.9485875706214688,0.005649717514124294,0.0,0.0,0.04576271186440678,0.0,5
Actin-interacting protein 1,372,0.19588024503933407,0.5017737321692775,0.09273683605761487,0.09447288661351537,0.11513630012025824,0.0,4
Actin-interacting protein 1,373,0.6803662242509695,0.0,0.3196337757490305,0.0,0.0,0.0,5
Actin-interacting protein 1,375,0.0,0.0,1.0,0.0,0.0,0.0,2
Actin-related protein 2,38,1.0,0.0,0.0,0.0,0.0,0.0,5
Actin-related protein 2,39,0.015259365600218757,0.08590558261963735,0.2263847984311071,0.5740008813588872,0.09844937199014965,0.0,5
Actin-related protein 2,40,0.37857712377548197,0.1951358471355968,0.2161427638165458,0.010144265272375377,0.2,0.0,5
Actin-related protein 2,41,0.6417611139415499,0.1789371404225398,0.1,0.0,0.07930174563591022,0.0,5
Actin-related protein 2,42,0.6943572707804078,0.22957685960533564,0.03970223325062035,0.0,0.03636363636363636,0.0,5
Actin-related protein 2,43,0.7324432195701166,0.22403330546612737,0.0016393442622950817,0.0,0.041884130701460916,0.0,5
Actin-related protein 2,44,0.5722547059697021,0.35799876514694084,0.0,0.0,0.06974652888335697,0.0,5
Actin-related protein 2,45,0.7225236433248114,0.2760253288638222,0.0014510278113663848,0.0,0.0,0.0,5
Actin-related protein 2,46,0.8152041135871132,0.1847958864128869,0.0,0.0,0.0,0.0,5
Actin-related protein 2,47,0.3926381526530215,0.47810577995469855,0.0,0.0423254165189649,0.08693065087331495,0.0,5
Actin-related protein 2,48,0.0,0.9924242424242424,0.0,0.007575757575757577,0.0,0.0,2
Actin-related protein 2,49,0.5681452345659821,0.3970787833028918,0.0,0.034775982131125996,0.0,0.0,5
Actin-related protein 2,50,1.0,0.0,0.0,0.0,0.0,0.0,1
Actin-related protein 2,53,1.0,0.0,0.0,0.0,0.0,0.0,2
Actin-related protein 2,60,0.0,0.883549211384263,0.0,0.11645078861573707,0.0,0.0,5
Actin-related protein 2,61,0.04181818181818182,0.26650514836615263,0.0,0.6916766698156656,0.0,0.0,5
Actin-related protein 2,62,0.0,0.0,0.0,1.0,0.0,0.0,5
Actin-related protein 2,63,0.18075742553758029,0.20201092384104538,0.0,0.6172316506213743,0.0,0.0,5
Actin-related protein 2,64,0.4916515779043914,0.37341343452519143,0.0,0.1349349875704171,0.0,0.0,5
Actin-related protein 2,65,0.2,0.0,0.0,0.8,0.0,0.0,5
Actin-related protein 2,66,0.0,0.0,0.0,1.0,0.0,0.0,5
Actin-related protein 2,188,0.0,1.0,0.0,0.0,0.0,0.0,1
Actin-related protein 2,191,0.5288481821519584,0.16224557681705157,0.30289473041770937,0.0,0.006011510613280524,0.0,5
Actin-related protein 2,192,0.0,1.0,0.0,0.0,0.0,0.0,1
Actin-related protein 2,194,0.8399433587617786,0.06427049848609101,0.09578614275213036,0.0,0.0,0.0,5
Actin-related protein 2,195,0.5728250843249232,0.37978880663848236,0.04738610903659447,0.0,0.0,0.0,5
Actin-related protein 2,196,0.7252488057324842,0.0,0.27475119426751593,0.0,0.0,0.0,5
Actin-related protein 2,197,1.0,0.0,0.0,0.0,0.0,0.0,5
Actin-related protein 2,199,0.0,0.0,0.18098859315589352,0.8190114068441066,0.0,0.0,5
Actin-related protein 2,200,1.0,0.0,0.0,0.0,0.0,0.0,5
Actin-related protein 2,201,0.054503464203233265,0.3896422754418773,0.14590471182920026,0.40994954852568916,0.0,0.0,5
Actin-related protein 2,202,0.005352112676056338,0.00587015242137758,0.0,0.983360092283656,0.005417642618910106,0.0,5
Actin-related protein 2,203,0.0,0.0,0.0,1.0,0.0,0.0,5
Actin-related protein 2,204,0.027893738140417457,0.0,0.0,0.9721062618595825,0.0,0.0,5
Actin-related protein 2,205,0.7776412952565831,0.0,0.0,0.22235870474341685,0.0,0.0,5
Actin-related protein 2,208,0.6338840173187459,0.0,0.0,0.3661159826812541,0.0,0.0,5
Actin-related protein 2,227,0.0,0.027999999999999997,0.972,0.0,0.0,0.0,1
Actin-related protein 2,230,0.0,0.0,1.0,0.0,0.0,0.0,2
Actin-related protein 2,231,0.0,0.0,1.0,0.0,0.0,0.0,4
Actin-related protein 2,241,0.0,0.06598229212869768,0.9340177078713023,0.0,0.0,0.0,4
Actin-related protein 2,242,0.960582306830907,0.0,0.03941769316909295,0.0,0.0,0.0,5
Actin-related protein 2,243,0.31299023516883084,0.13180151186288452,0.24287098853316916,0.31233726443511556,0.0,0.0,5
Actin-related protein 2,244,0.358743068738974,0.19010244927945635,0.4511544819815696,0.0,0.0,0.0,5
Actin-related protein 2,245,0.40698709087204266,0.18388141122743026,0.40913149790052705,0.0,0.0,0.0,5
Actin-related protein 2,246,0.6320118038779879,0.1646799324322225,0.20330826368978955,0.0,0.0,0.0,5
Actin-related protein 2,247,0.1268158065720346,0.0,0.8123691464060219,0.06081504702194357,0.0,0.0,5
Actin-related protein 2,252,0.0,0.0,1.0,0.0,0.0,0.0,1
Actin-related protein 2,266,0.0,0.16301369863013698,0.8369863013698631,0.0,0.0,0.0,5
Actin-related protein 2,267,0.0,0.0,1.0,0.0,0.0,0.0,5
Actin-related protein 2,268,0.0,0.0,0.9972507623739151,0.002749237626084917,0.0,0.0,5
Actin-related protein 2,270,0.0,0.0,0.0,1.0,0.0,0.0,2
Actin-related protein 2/3 complex subunit 1,4,0.0,0.0,1.0,0.0,0.0,0.0,1
Actin-related protein 2/3 complex subunit 1,23,0.5024497008367976,0.0,0.49755029916320237,0.0,0.0,0.0,3
Actin-related protein 2/3 complex subunit 1,24,1.0,0.0,0.0,0.0,0.0,0.0,3
Actin-related protein 2/3 complex subunit 1,25,1.0,0.0,0.0,0.0,0.0,0.0,3
Actin-related protein 2/3 complex subunit 1,44,1.0,0.0,0.0,0.0,0.0,0.0,3
Actin-related protein 2/3 complex subunit 1,45,0.4392297066448975,0.0,0.0,0.5607702933551025,0.0,0.0,3
Actin-related protein 2/3 complex subunit 1,46,0.47050927593646324,0.0,0.0,0.5294907240635368,0.0,0.0,3
Actin-related protein 2/3 complex subunit 1,47,1.0,0.0,0.0,0.0,0.0,0.0,3
Actin-related protein 2/3 complex subunit 1,48,0.43523143523143526,0.0,0.11111111111111112,0.0,0.45365745365745375,0.0,3
Actin-related protein 2/3 complex subunit 1,142,1.0,0.0,0.0,0.0,0.0,0.0,1
Actin-related protein 2/3 complex subunit 1,143,1.0,0.0,0.0,0.0,0.0,0.0,3
Actin-related protein 2/3 complex subunit 1,144,1.0,0.0,0.0,0.0,0.0,0.0,3
Actin-related protein 2/3 complex subunit 1,145,1.0,0.0,0.0,0.0,0.0,0.0,3
Actin-related protein 2/3 complex subunit 1,146,0.9159426188411696,0.08405738115883044,0.0,0.0,0.0,0.0,3
Actin-related protein 2/3 complex subunit 1,147,1.0,0.0,0.0,0.0,0.0,0.0,3
Actin-related protein 2/3 complex subunit 1,148,1.0,0.0,0.0,0.0,0.0,0.0,3
Actin-related protein 2/3 complex subunit 1,333,1.0,0.0,0.0,0.0,0.0,0.0,1
Actin-related protein 2/3 complex subunit 1,334,1.0,0.0,0.0,0.0,0.0,0.0,2
Actin-related protein 2/3 complex subunit 1,341,1.0,0.0,0.0,0.0,0.0,0.0,3
Actin-related protein 2/3 complex subunit 1,344,0.9401270772238514,0.0,0.059872922776148585,0.0,0.0,0.0,3
Actin-related protein 2/3 complex subunit 1,345,0.6852828475694227,0.0,0.3147171524305773,0.0,0.0,0.0,3
Actin-related protein 2/3 complex subunit 1,348,0.0,0.0,1.0,0.0,0.0,0.0,3
Actin-related protein 2/3 complex subunit 1,349,0.3182710158914631,0.0,0.354593193376654,0.32713579073188276,0.0,0.0,3
Actin-related protein 2/3 complex subunit 1,350,0.5127349881236495,0.0,0.2754267211305007,0.2118382907458499,0.0,0.0,3
Actin-related protein 2/3 complex subunit 1,351,0.004597701149425288,0.0,0.0,0.9954022988505747,0.0,0.0,3
Actin-related protein 2/3 complex subunit 1,352,0.0,0.0,0.0,1.0,0.0,0.0,1
Actin-related protein 2/3 complex subunit 1B,23,0.0,0.0,1.0,0.0,0.0,0.0,2
Actin-related protein 2/3 complex subunit 1B,24,0.0,0.0,1.0,0.0,0.0,0.0,2
Actin-related protein 2/3 complex subunit 1B,25,0.0,0.0,1.0,0.0,0.0,0.0,2
Actin-related protein 2/3 complex subunit 1B,44,1.0,0.0,0.0,0.0,0.0,0.0,1
Actin-related protein 2/3 complex subunit 1B,45,0.46966292134831455,0.0,0.0,0.5303370786516854,0.0,0.0,1
Actin-related protein 2/3 complex subunit 1B,46,0.6213017751479291,0.0,0.0,0.37869822485207105,0.0,0.0,1
Actin-related protein 2/3 complex subunit 1B,47,1.0,0.0,0.0,0.0,0.0,0.0,1
Actin-related protein 2/3 complex subunit 1B,48,1.0,0.0,0.0,0.0,0.0,0.0,1
Actin-related protein 2/3 complex subunit 1B,142,1.0,0.0,0.0,0.0,0.0,0.0,2
Actin-related protein 2/3 complex subunit 1B,143,1.0,0.0,0.0,0.0,0.0,0.0,2
Actin-related protein 2/3 complex subunit 1B,144,1.0,0.0,0.0,0.0,0.0,0.0,2
Actin-related protein 2/3 complex subunit 1B,145,1.0,0.0,0.0,0.0,0.0,0.0,2
Actin-related protein 2/3 complex subunit 1B,146,0.5437610112755462,0.0,0.45623898872445384,0.0,0.0,0.0,2
Actin-related protein 2/3 complex subunit 1B,147,0.9166666666666667,0.0,0.08333333333333334,0.0,0.0,0.0,2
Actin-related protein 2/3 complex subunit 1B,148,0.9707602339181287,0.0,0.029239766081871343,0.0,0.0,0.0,2
Actin-related protein 2/3 complex subunit 1B,341,0.0,0.0,1.0,0.0,0.0,0.0,1
Actin-related protein 2/3 complex subunit 1B,344,0.0,0.0,1.0,0.0,0.0,0.0,2
Actin-related protein 2/3 complex subunit 1B,345,0.3292490824645165,0.04099678456591639,0.6297541329695671,0.0,0.0,0.0,2
Actin-related protein 2/3 complex subunit 1B,348,0.0,0.6948248016290992,0.3051751983709009,0.0,0.0,0.0,2
Actin-related protein 2/3 complex subunit 1B,349,0.3467617908407382,0.3254015721120984,0.007305194805194805,0.32053144224196856,0.0,0.0,2
Actin-related protein 2/3 complex subunit 1B,350,0.0,0.20405018311033757,0.436822401102288,0.35912741578737445,0.0,0.0,2
Actin-related protein 2/3 complex subunit 1B,351,0.0,0.0,0.0,1.0,0.0,0.0,2
Actin-related protein 2/3 complex subunit 2,4,0.395835299604155,0.0,0.47757063307443326,0.12659406732141174,0.0,0.0,2
Actin-related protein 2/3 complex subunit 2,5,0.25,0.2869194734722428,0.4317040083091337,0.0,0.031376518218623486,0.0,2
Actin-related protein 2/3 complex subunit 2,6,0.26402597325972893,0.11456372400183337,0.5686719660244417,0.05273833671399595,0.0,0.0,4
Actin-related protein 2/3 complex subunit 2,7,1.0,0.0,0.0,0.0,0.0,0.0,1
Actin-related protein 2/3 complex subunit 2,8,1.0,0.0,0.0,0.0,0.0,0.0,1
Actin-related protein 2/3 complex subunit 2,21,0.7012604584010047,0.019569471624266147,0.2791700699747292,0.0,0.0,0.0,3
Actin-related protein 2/3 complex subunit 2,22,0.3333333333333333,0.0,0.6666666666666666,0.0,0.0,0.0,3
Actin-related protein 2/3 complex subunit 2,23,0.5,0.0,0.5,0.0,0.0,0.0,2
Actin-related protein 2/3 complex subunit 2,24,0.957345971563981,0.0,0.04265402843601896,0.0,0.0,0.0,3
Actin-related protein 2/3 complex subunit 2,28,0.6612582821372286,0.0,0.3387417178627714,0.0,0.0,0.0,3
Actin-related protein 2/3 complex subunit 2,46,0.0,0.0,1.0,0.0,0.0,0.0,2
Actin-related protein 2/3 complex subunit 2,48,0.0,0.0,1.0,0.0,0.0,0.0,1
Actin-related protein 2/3 complex subunit 2,49,0.0,0.0,1.0,0.0,0.0,0.0,1
Actin-related protein 2/3 complex subunit 2,50,0.0,0.0,1.0,0.0,0.0,0.0,1
Actin-related protein 2/3 complex subunit 2,51,0.0,0.0,1.0,0.0,0.0,0.0,4
Actin-related protein 2/3 complex subunit 2,75,0.5,0.0,0.5,0.0,0.0,0.0,2
Actin-related protein 2/3 complex subunit 2,76,0.0,0.0,1.0,0.0,0.0,0.0,4
Actin-related protein 2/3 complex subunit 2,77,0.2806493913406752,0.0,0.7193506086593249,0.0,0.0,0.0,5
Actin-related protein 2/3 complex subunit 2,79,0.0,0.0,0.8653312256760033,0.1346687743239968,0.0,0.0,4
Actin-related protein 2/3 complex subunit 2,83,0.0,0.0,0.0,1.0,0.0,0.0,3
Actin-related protein 2/3 complex subunit 2,87,0.0,0.0,1.0,0.0,0.0,0.0,2
Actin-related protein 2/3 complex subunit 2,94,0.0,0.3333333333333333,0.6666666666666666,0.0,0.0,0.0,3
Actin-related protein 2/3 complex subunit 2,95,0.5,0.19425675675675674,0.30574324324324326,0.0,0.0,0.0,2
Actin-related protein 2/3 complex subunit 2,96,0.7373856054412405,0.203288490284006,0.05932590427475337,0.0,0.0,0.0,3
Actin-related protein 2/3 complex subunit 2,99,0.7766884531590414,0.2233115468409586,0.0,0.0,0.0,0.0,4
Actin-related protein 2/3 complex subunit 2,100,0.47617004445166194,0.48216328888167137,0.04166666666666667,0.0,0.0,0.0,4
Actin-related protein 2/3 complex subunit 2,101,0.475167687116557,0.49295157893848895,0.03188073394495413,0.0,0.0,0.0,4
Actin-related protein 2/3 complex subunit 2,102,0.8985507246376812,0.10144927536231885,0.0,0.0,0.0,0.0,4
Actin-related protein 2/3 complex subunit 2,113,0.0,0.0,1.0,0.0,0.0,0.0,2
Actin-related protein 2/3 complex subunit 2,114,0.0,0.0,0.9411764705882353,0.058823529411764705,0.0,0.0,5
Actin-related protein 2/3 complex subunit 2,115,0.0,0.0,1.0,0.0,0.0,0.0,2
Actin-related protein 2/3 complex subunit 2,117,0.0,0.0,1.0,0.0,0.0,0.0,3
Actin-related protein 2/3 complex subunit 2,118,0.0,0.023106832193611364,0.07725707345169089,0.8996360943546978,0.0,0.0,5
Actin-related protein 2/3 complex subunit 2,121,0.0,0.7229237651246306,0.04392324093816631,0.233152993937203,0.0,0.0,5
Actin-related protein 2/3 complex subunit 2,122,0.0,0.0,0.0,1.0,0.0,0.0,5
Actin-related protein 2/3 complex subunit 2,125,0.10116083261092676,0.4922285670562929,0.4066106003327804,0.0,0.0,0.0,5
Actin-related protein 2/3 complex subunit 2,130,0.930622009569378,0.06937799043062201,0.0,0.0,0.0,0.0,4
Actin-related protein 2/3 complex subunit 2,131,1.0,0.0,0.0,0.0,0.0,0.0,1
Actin-related protein 2/3 complex subunit 2,195,0.0,0.0,1.0,0.0,0.0,0.0,1
Actin-related protein 2/3 complex subunit 2,196,0.0,0.7440125134675012,0.2559874865324988,0.0,0.0,0.0,4
Actin-related protein 2/3 complex subunit 2,197,0.9343187223921169,0.039755351681957186,0.025925925925925925,0.0,0.0,0.0,3
Actin-related protein 2/3 complex subunit 2,198,0.024734982332155476,0.7089976236134485,0.266267394054396,0.0,0.0,0.0,4
Actin-related protein 2/3 complex subunit 2,228,1.0,0.0,0.0,0.0,0.0,0.0,5
Actin-related protein 2/3 complex subunit 2,229,0.9958762886597938,0.0,0.0041237113402061865,0.0,0.0,0.0,5
Actin-related protein 2/3 complex subunit 2,231,0.5459183673469388,0.0,0.39795918367346944,0.05612244897959185,0.0,0.0,2
Actin-related protein 2/3 complex subunit 2,232,0.7692768760236017,0.0,0.08333947284852335,0.14738365112787485,0.0,0.0,5
Actin-related protein 2/3 complex subunit 2,233,0.9401098901098901,0.0,0.0,0.0598901098901099,0.0,0.0,5
Actin-related protein 2/3 complex subunit 2,234,0.4244051327015243,0.2695653648472532,0.10723026952992229,0.19879923292130022,0.0,0.0,5
Actin-related protein 2/3 complex subunit 2,235,0.021052631578947368,0.014706380098155355,0.5925017775915452,0.3717392107313521,0.0,0.0,5
Actin-related protein 2/3 complex subunit 2,236,0.0,0.0,1.0,0.0,0.0,0.0,4
Actin-related protein 2/3 complex subunit 2,237,0.4810154845236303,0.2824729218337295,0.23651159364264013,0.0,0.0,0.0,5
Actin-related protein 2/3 complex subunit 2,238,0.19591132770451164,0.0,0.35219872254414153,0.4518899497513468,0.0,0.0,5
Actin-related protein 2/3 complex subunit 2,239,0.6914833001817978,0.0,0.3085166998182022,0.0,0.0,0.0,5
Actin-related protein 2/3 complex subunit 2,240,0.0,0.0,1.0,0.0,0.0,0.0,1
Actin-related protein 2/3 complex subunit 2,241,0.0,0.0,1.0,0.0,0.0,0.0,5
Actin-related protein 2/3 complex subunit 2,245,0.0,0.35714711778100383,0.6428528822189961,0.0,0.0,0.0,5
Actin-related protein 2/3 complex subunit 2,246,0.08020964360587002,0.51979035639413,0.4,0.0,0.0,0.0,5
Actin-related protein 2/3 complex subunit 2,247,0.03433484699514321,0.4628446057394404,0.5028205472654163,0.0,0.0,0.0,5
Actin-related protein 2/3 complex subunit 2,248,0.0,1.0,0.0,0.0,0.0,0.0,3
Actin-related protein 2/3 complex subunit 2,249,0.21779381276906012,0.536625936285213,0.24558025094572683,0.0,0.0,0.0,5
Actin-related protein 2/3 complex subunit 2,254,0.0,0.0,1.0,0.0,0.0,0.0,2
Actin-related protein 2/3 complex subunit 2,279,0.0,0.0,1.0,0.0,0.0,0.0,1
Actin-related protein 2/3 complex subunit 2,283,0.0,0.0,1.0,0.0,0.0,0.0,1
Actin-related protein 2/3 complex subunit 2,320,0.0,0.0,1.0,0.0,0.0,0.0,1
Actin-related protein 2/3 complex subunit 2,321,0.0,0.0,1.0,0.0,0.0,0.0,1
Actin-related protein 2/3 complex subunit 2,322,0.0,0.21354166666666666,0.7864583333333334,0.0,0.0,0.0,1
Actin-related protein 2/3 complex subunit 2,323,0.0,1.0,0.0,0.0,0.0,0.0,1
Actin-related protein 2/3 complex subunit 2,324,0.0,0.9322033898305085,0.06779661016949153,0.0,0.0,0.0,1
Actin-related protein 2/3 complex subunit 2,351,0.0,0.0,1.0,0.0,0.0,0.0,4
Actin-related protein 2/3 complex subunit 2,356,1.0,0.0,0.0,0.0,0.0,0.0,1
Actin-related protein 2/3 complex subunit 2,362,0.0,0.25595238095238093,0.7440476190476191,0.0,0.0,0.0,1
Actin-related protein 2/3 complex subunit 2,363,0.0,0.3333333333333333,0.6666666666666666,0.0,0.0,0.0,3
Actin-related protein 2/3 complex subunit 2,364,0.0,0.0,1.0,0.0,0.0,0.0,2
Actin-related protein 2/3 complex subunit 2,365,0.0,0.0,0.9691358024691358,0.0308641975308642,0.0,0.0,2
Actin-related protein 2/3 complex subunit 2,366,0.0,0.6,0.4,0.0,0.0,0.0,5
Actin-related protein 2/3 complex subunit 2,367,0.0,0.5,0.5,0.0,0.0,0.0,4
Actin-related protein 2/3 complex subunit 3,4,0.0,0.0,1.0,0.0,0.0,0.0,2
Actin-related protein 2/3 complex subunit 3,5,0.0,0.0,1.0,0.0,0.0,0.0,1
Actin-related protein 2/3 complex subunit 3,46,0.0,0.0,0.0,1.0,0.0,0.0,2
Actin-related protein 2/3 complex subunit 3,47,0.0,0.0,0.0,1.0,0.0,0.0,2
Actin-related protein 2/3 complex subunit 3,48,0.0,0.0,0.0,1.0,0.0,0.0,2
Actin-related protein 2/3 complex subunit 3,49,0.0,0.0,0.0,1.0,0.0,0.0,1
Actin-related protein 2/3 complex subunit 3,87,0.0,0.5592592592592592,0.0,0.0,0.44074074074074077,0.0,1
Actin-related protein 2/3 complex subunit 3,91,0.15344938749194068,0.059316569954867816,0.6666666666666666,0.0,0.12056737588652482,0.0,3
Actin-related protein 2/3 complex subunit 3,92,0.0,1.0,0.0,0.0,0.0,0.0,1
Actin-related protein 2/3 complex subunit 3,95,1.0,0.0,0.0,0.0,0.0,0.0,1
Actin-related protein 2/3 complex subunit 3,97,0.0,0.0,1.0,0.0,0.0,0.0,2
Actin-related protein 2/3 complex subunit 3,99,0.0,0.6565113500597372,0.3434886499402629,0.0,0.0,0.0,3
Actin-related protein 2/3 complex subunit 3,125,0.0,0.0,1.0,0.0,0.0,0.0,3
Actin-related protein 2/3 complex subunit 3,126,0.0,0.0,1.0,0.0,0.0,0.0,3
Actin-related protein 2/3 complex subunit 3,128,0.0,0.0,1.0,0.0,0.0,0.0,2
Actin-related protein 2/3 complex subunit 3,350,0.9007367767954086,0.09926322320459127,0.0,0.0,0.0,0.0,5
Actin-related protein 2/3 complex subunit 3,351,0.4312840599993188,0.40173941753195147,0.011881188118811881,0.15509533434991782,0.0,0.0,5
Actin-related protein 2/3 complex subunit 3,353,0.5,0.5,0.0,0.0,0.0,0.0,4
Actin-related protein 2/3 complex subunit 3,354,0.09087983399651765,0.4274766696602742,0.47950826502648203,0.0021352313167259784,0.0,0.0,5
Actin-related protein 2/3 complex subunit 3,355,0.0,0.0,1.0,0.0,0.0,0.0,3
Actin-related protein 2/3 complex subunit 3,361,0.0,0.0,1.0,0.0,0.0,0.0,1
Actin-related protein 2/3 complex subunit 3,373,0.0,0.0,1.0,0.0,0.0,0.0,4
Actin-related protein 2/3 complex subunit 4,21,0.3492063492063492,0.6507936507936508,0.0,0.0,0.0,0.0,5
Actin-related protein 2/3 complex subunit 4,28,0.0,1.0,0.0,0.0,0.0,0.0,2
Actin-related protein 2/3 complex subunit 4,50,0.0,0.0,0.0,1.0,0.0,0.0,1
Actin-related protein 2/3 complex subunit 4,51,1.0,0.0,0.0,0.0,0.0,0.0,2
Actin-related protein 2/3 complex subunit 4,52,0.0,0.0,0.0,1.0,0.0,0.0,1
Actin-related protein 2/3 complex subunit 4,79,0.0,0.0,1.0,0.0,0.0,0.0,5
Actin-related protein 2/3 complex subunit 4,80,0.35644723035774545,0.00495049504950495,0.3730981112835903,0.0,0.2655041633091593,0.0,5
Actin-related protein 2/3 complex subunit 4,83,0.5971862281404364,0.1950486488696472,0.19760764164365602,0.0,0.010157481346260287,0.0,5
Actin-related protein 2/3 complex subunit 4,84,0.7641758940561711,0.0,0.0,0.23582410594382885,0.0,0.0,5
Actin-related protein 2/3 complex subunit 4,87,0.3552721217997662,0.17178952851998847,0.12900240039341132,0.343935949286834,0.0,0.0,5
Actin-related protein 2/3 complex subunit 4,90,1.0,0.0,0.0,0.0,0.0,0.0,1
Actin-related protein 2/3 complex subunit 4,91,0.37820659938805257,0.2342191995243812,0.20109537403469155,0.18647882705287472,0.0,0.0,5
Actin-related protein 2/3 complex subunit 4,92,0.3875,0.0,0.4,0.2125,0.0,0.0,5
Actin-related protein 2/3 complex subunit 4,94,0.4,0.6,0.0,0.0,0.0,0.0,5
Actin-related protein 2/3 complex subunit 4,95,0.45442683619188057,0.5455731638081194,0.0,0.0,0.0,0.0,5
Actin-related protein 2/3 complex subunit 4,96,0.18755221449992526,0.8124477855000748,0.0,0.0,0.0,0.0,5
Actin-related protein 2/3 complex subunit 4,97,0.21695014345074964,0.4332069424778643,0.3048102755561303,0.04503263851525568,0.0,0.0,5
Actin-related protein 2/3 complex subunit 4,98,0.0,0.0,1.0,0.0,0.0,0.0,2
Actin-related protein 2/3 complex subunit 4,99,0.35548599717106216,0.0,0.5741826758350635,0.0703313269938742,0.0,0.0,5
Actin-related protein 2/3 complex subunit 4,100,0.06435452793834297,0.32250942756969475,0.5961371687372273,0.01699887575473494,0.0,0.0,5
Actin-related protein 2/3 complex subunit 4,101,0.2,0.8,0.0,0.0,0.0,0.0,5
Actin-related protein 2/3 complex subunit 4,118,0.0,0.0,1.0,0.0,0.0,0.0,5
Actin-related protein 2/3 complex subunit 4,122,0.0,0.404531490015361,0.5954685099846391,0.0,0.0,0.0,5
Actin-related protein 2/3 complex subunit 4,125,0.0618801410105758,0.0,0.36318769007343327,0.574932168915991,0.0,0.0,5
Actin-related protein 2/3 complex subunit 4,126,0.18220223801852653,0.32741542680440494,0.4539919292942781,0.03639040588279037,0.0,0.0,5
Actin-related protein 2/3 complex subunit 4,127,0.49088619194122185,0.5053754903017688,0.0037383177570093464,0.0,0.0,0.0,5
Actin-related protein 2/3 complex subunit 4,128,0.5017308439927723,0.0,0.10791446771843385,0.3903546882887938,0.0,0.0,5
Actin-related protein 2/3 complex subunit 4,359,0.0,0.0,0.0,1.0,0.0,0.0,1
Actin-related protein 2/3 complex subunit 5-like protein,37,0.0,0.7999999999999999,0.19999999999999998,0.0,0.0,0.0,1
Actin-related protein 2/3 complex subunit 5-like protein,38,0.0,0.15824915824915825,0.8417508417508418,0.0,0.0,0.0,1
Actin-related protein 2/3 complex subunit 5-like protein,39,0.3014705882352941,0.22058823529411764,0.47794117647058826,0.0,0.0,0.0,1
Actin-related protein 2/3 complex subunit 5-like protein,40,0.6859504132231405,0.0,0.3140495867768595,0.0,0.0,0.0,1
Actin-related protein 2/3 complex subunit 5-like protein,41,0.11444141689373297,0.0,0.885558583106267,0.0,0.0,0.0,1
Actin-related protein 2/3 complex subunit 5-like protein,51,0.0,0.0,1.0,0.0,0.0,0.0,1
Actin-related protein 2/3 complex subunit 5-like protein,66,0.26011560693641617,0.7398843930635838,0.0,0.0,0.0,0.0,1
Actin-related protein 2/3 complex subunit 5-like protein,68,1.0,0.0,0.0,0.0,0.0,0.0,1
Actin-related protein 3,37,0.0,0.0,1.0,0.0,0.0,0.0,2
Actin-related protein 3,38,0.0,0.9,0.1,0.0,0.0,0.0,5
Actin-related protein 3,39,0.8826172349937338,0.11738276500626625,0.0,0.0,0.0,0.0,5
Actin-related protein 3,40,0.5257198901358169,0.38950322476176896,0.0,0.0,0.08477688510241418,0.0,5
Actin-related protein 3,41,0.26002047322835403,0.3891523208317348,0.2583389592814437,0.0,0.09248824665846758,0.0,5
Actin-related protein 3,42,0.5539017890013497,0.3851052483631941,0.03763157894736842,0.0,0.02336138368808782,0.0,5
Actin-related protein 3,43,0.5057313887491697,0.45710335150732295,0.0,0.0,0.03716525974350746,0.0,5
Actin-related protein 3,44,0.8000098566530541,0.02309035163695334,0.0,0.0,0.17689979170999262,0.0,5
Actin-related protein 3,45,0.4879674061371464,0.4101183415222554,0.0,0.056437954372200914,0.04547629796839729,0.0,5
Actin-related protein 3,46,0.12214920867967509,0.46758542260409985,0.03661472503916234,0.28295296925845803,0.09069767441860466,0.0,5
Actin-related protein 3,47,0.6622417953651218,0.03980306190366571,0.18548783976852282,0.0020325203252032522,0.11043478263748643,0.0,5
Actin-related protein 3,48,0.28510638297872337,0.06555698214722426,0.35,0.27194148936170215,0.027395145512350207,0.0,4
Actin-related protein 3,49,0.05203986276124763,0.668515772755448,0.0,0.09060683189155713,0.18883753259174724,0.0,5
Actin-related protein 3,50,0.0,1.0,0.0,0.0,0.0,0.0,5
Actin-related protein 3,51,0.24780461999647324,0.33971962616822426,0.41247575383530244,0.0,0.0,0.0,2
Actin-related protein 3,53,0.0,0.9561232979355605,0.0,0.04387670206443945,0.0,0.0,5
Actin-related protein 3,60,0.0,0.0,0.0,1.0,0.0,0.0,5
Actin-related protein 3,61,0.025050474414080415,0.012886597938144331,0.0,0.9620629276477752,0.0,0.0,5
Actin-related protein 3,62,0.0,0.0,0.0,1.0,0.0,0.0,5
Actin-related protein 3,63,0.6761513943718898,0.0,0.0,0.3238486056281102,0.0,0.0,5
Actin-related protein 3,64,0.5029768957046666,0.30670464590083457,0.0,0.19031845839449876,0.0,0.0,5
Actin-related protein 3,65,0.0,1.0,0.0,0.0,0.0,0.0,5
Actin-related protein 3,117,0.0,0.0,0.0,1.0,0.0,0.0,1
Actin-related protein 3,121,1.0,0.0,0.0,0.0,0.0,0.0,2
Actin-related protein 3,124,0.0,0.0,1.0,0.0,0.0,0.0,5
Actin-related protein 3,125,0.02539672188165732,0.13163372409648358,0.8098479058802901,0.03312164814156897,0.0,0.0,5
Actin-related protein 3,128,0.0,0.5652267354395014,0.43477326456049864,0.0,0.0,0.0,3
Actin-related protein 3,133,0.5,0.0,0.5,0.0,0.0,0.0,2
Actin-related protein 3,143,1.0,0.0,0.0,0.0,0.0,0.0,1
Actin-related protein 3,198,0.23913843888070696,0.760861561119293,0.0,0.0,0.0,0.0,3
Actin-related protein 3,200,1.0,0.0,0.0,0.0,0.0,0.0,5
Actin-related protein 3,202,1.0,0.0,0.0,0.0,0.0,0.0,3
Actin-related protein 3,204,0.24039886883405392,0.0,0.0,0.7596011311659462,0.0,0.0,5
Actin-related protein 3,205,0.9835367088607594,0.0,0.004999999999999999,0.011463291139240505,0.0,0.0,5
Actin-related protein 3,208,0.7250736076769604,0.0,0.0,0.27492639232303956,0.0,0.0,5
Actin-related protein 3,224,0.32652850745608275,0.2848249027237354,0.3886465898201819,0.0,0.0,0.0,5
Actin-related protein 3,227,0.0851063829787234,0.9148936170212766,0.0,0.0,0.0,0.0,4
Actin-related protein 3,228,0.6049294825996867,0.39297627656261697,0.0020942408376963357,0.0,0.0,0.0,5
Actin-related protein 3,230,0.0,1.0,0.0,0.0,0.0,0.0,1
Actin-related protein 3,231,0.5022257363521118,0.49777426364788824,0.0,0.0,0.0,0.0,5
Actin-related protein 3,232,0.4743120581262256,0.33399615004422245,0.10666326400408321,0.0,0.08502852782546867,0.0,5
Actin-related protein 3,233,0.26598952624528077,0.6082270180799593,0.07204968944099378,0.0,0.05373376623376623,0.0,5
Actin-related protein 3,234,0.0801779935275081,0.46723867905309896,0.2547975066827526,0.0,0.1977858207366404,0.0,5
Actin-related protein 3,237,0.0,0.0,1.0,0.0,0.0,0.0,1
Actin-related protein 3,238,0.0,0.0,1.0,0.0,0.0,0.0,1
Actin-related protein 3,239,0.6519273044080803,0.21377295278153863,0.07472527472527471,0.0,0.05957446808510638,0.0,5
Actin-related protein 3,240,1.0,0.0,0.0,0.0,0.0,0.0,2
Actin-related protein 3,241,0.21308510638297876,0.22593910885123497,0.289290802137145,0.0,0.2716849826286413,0.0,5
Actin-related protein 3,242,0.9534643771845632,0.0,0.04653562281543681,0.0,0.0,0.0,5
Actin-related protein 3,243,0.24924163622895615,0.0,0.3877249956081811,0.3630333681628627,0.0,0.0,5
Actin-related protein 3,244,0.39084984939730205,0.1267341669515647,0.4824159836511332,0.0,0.0,0.0,5
Actin-related protein 3,245,0.5926830158304617,0.11381718440375399,0.17667173477610337,0.001098901098901099,0.11572916389077985,0.0,5
Actin-related protein 3,246,0.17216408342951384,0.5135361267968934,0.31429978977359274,0.0,0.0,0.0,5
Actin-related protein 3,247,0.23762616221557784,0.5617591203581201,0.04217637621048098,0.1506199301187215,0.007818411097099624,0.0,5
Actin-related protein 3,248,0.0,1.0,0.0,0.0,0.0,0.0,4
Actin-related protein 3,249,0.08073910140583344,0.8353075837935737,0.037689969604863226,0.0,0.046263345195729534,0.0,5
Actin-related protein 3,346,1.0,0.0,0.0,0.0,0.0,0.0,1
Actin-related protein 3,351,0.046511627906976744,0.3825581395348837,0.0,0.38459302325581396,0.18633720930232556,0.0,2
Actin-related protein 3,354,0.0,0.5745703092192695,0.1567043618739903,0.23803066008606166,0.030694668820678513,0.0,2
Actin-related protein 3,355,0.443412341866417,0.00741350906095552,0.19854009495613906,0.2224052718286656,0.12822878228782286,0.0,2
Actin-related protein 3,359,0.0,0.1382377553531873,0.8617622446468127,0.0,0.0,0.0,5
Actin-related protein 3,360,0.0,0.38770180940948784,0.6122981905905122,0.0,0.0,0.0,5
Actin-related protein 3,361,0.137037037037037,0.07530864197530864,0.7648820437599315,0.02277227722772277,0.0,0.0,5
Actin-related protein 3,362,0.16886699507389163,0.059280359820089966,0.7718526451060184,0.0,0.0,0.0,5
Actin-related protein 3,363,0.18739329774824268,0.6271152927866762,0.18549140946508108,0.0,0.0,0.0,5
Actin-related protein 3,364,0.3980418961054177,0.32129364821893713,0.24669905423425628,0.033965401441388945,0.0,0.0,5
Actin-related protein 3,365,0.5555555555555556,0.059178743961352656,0.0,0.3852657004830918,0.0,0.0,4
Actin-related protein 3,366,0.5565532938402422,0.1875873311597578,0.0,0.255859375,0.0,0.0,4
Actin-related protein 3,367,0.8636363636363636,0.0,0.0,0.13636363636363638,0.0,0.0,3
Actin-related protein 3,368,0.5,0.0,0.0,0.5,0.0,0.0,4
Actin-related protein 3,369,0.0,1.0,0.0,0.0,0.0,0.0,3
Actin-related protein 3,371,1.0,0.0,0.0,0.0,0.0,0.0,2
Actin-related protein 3,372,0.25044699493655403,0.5206862959281111,0.005123317738115867,0.0896038678857438,0.13413952351147523,0.0,5
Actin-related protein 3,373,0.25346680780510755,0.1147641432479294,0.25665759890124484,0.3751114500457182,0.0,0.0,2
Actin-related protein 3,374,1.0,0.0,0.0,0.0,0.0,0.0,2
Actin-related protein 3,375,0.91396933560477,0.0,0.08603066439522998,0.0,0.0,0.0,2
Adducin 1,4,1.0,0.0,0.0,0.0,0.0,0.0,1
Adducin 1,5,0.8365384615384615,0.16346153846153846,0.0,0.0,0.0,0.0,2
Adducin 1,6,1.0,0.0,0.0,0.0,0.0,0.0,2
Adducin 1,16,1.0,0.0,0.0,0.0,0.0,0.0,2
Adducin 1,21,0.6725222693072732,0.0,0.0,0.0,0.3274777306927268,0.0,2
Adducin 1,23,0.7987120313150149,0.20128796868498514,0.0,0.0,0.0,0.0,2
Adducin 1,24,0.6293178104575163,0.37068218954248366,0.0,0.0,0.0,0.0,2
Adducin 1,25,0.3562612035351166,0.4007210501585058,0.1618572378119881,0.0811605084943896,0.0,0.0,2
Adducin 1,26,0.7297213203463202,0.0,0.0,0.2702786796536797,0.0,0.0,2
Adducin 1,27,1.0,0.0,0.0,0.0,0.0,0.0,2
Adducin 1,28,0.2771047543593179,0.23070404916509651,0.3296601179266618,0.0,0.16253107854892374,0.0,2
Adducin 1,29,1.0,0.0,0.0,0.0,0.0,0.0,2
Adducin 1,30,1.0,0.0,0.0,0.0,0.0,0.0,2
Adducin 1,38,0.7156126304426051,0.28438736955739474,0.0,0.0,0.0,0.0,2
Adducin 1,39,1.0,0.0,0.0,0.0,0.0,0.0,2
Adducin 1,40,0.9915254237288136,0.008474576271186442,0.0,0.0,0.0,0.0,2
Adducin 1,41,0.9894099848714069,0.01059001512859304,0.0,0.0,0.0,0.0,2
Adducin 1,42,0.7649545325376528,0.23504546746234728,0.0,0.0,0.0,0.0,2
Adducin 1,43,1.0,0.0,0.0,0.0,0.0,0.0,2
Adducin 1,44,1.0,0.0,0.0,0.0,0.0,0.0,2
Adducin 1,45,1.0,0.0,0.0,0.0,0.0,0.0,2
Adducin 1,46,0.43217568217568214,0.5141537641537641,0.0,0.05367055367055367,0.0,0.0,2
Adducin 1,47,0.7374669454863301,0.26253305451366993,0.0,0.0,0.0,0.0,2
Adducin 1,48,0.6213679683867969,0.3786320316132032,0.0,0.0,0.0,0.0,2
Adducin 1,49,0.5937086077217222,0.4062913922782778,0.0,0.0,0.0,0.0,2
Adducin 1,50,0.24731090020132296,0.752689099798677,0.0,0.0,0.0,0.0,2
Adducin 1,51,0.6957908163265306,0.3042091836734694,0.0,0.0,0.0,0.0,2
Adducin 1,56,0.06476683937823834,0.9352331606217616,0.0,0.0,0.0,0.0,2
Adducin 1,93,0.0,0.0,1.0,0.0,0.0,0.0,1
Adducin 1,95,0.502124342283215,0.25,0.11025145067698261,0.13762420703980238,0.0,0.0,2
Adducin 1,96,0.674738597729168,0.325261402270832,0.0,0.0,0.0,0.0,2
Adducin 1,97,0.5475398585154683,0.45246014148453173,0.0,0.0,0.0,0.0,2
Adducin 1,100,0.1864514807311466,0.8135485192688534,0.0,0.0,0.0,0.0,2
Adducin 1,101,0.8347826086956522,0.16521739130434782,0.0,0.0,0.0,0.0,2
Adducin 1,133,0.75,0.0,0.25,0.0,0.0,0.0,2
Adducin 1,143,0.8113550213159588,0.024070945945945946,0.16457403273809523,0.0,0.0,0.0,2
Adducin 1,144,0.19323614666465894,0.0,0.8067638533353411,0.0,0.0,0.0,2
Adducin 1,145,0.0274224051618645,0.0,0.9725775948381354,0.0,0.0,0.0,2
Adducin 1,146,0.6666666666666666,0.15398109346067634,0.179352239872657,0.0,0.0,0.0,2
Adducin 1,147,1.0,0.0,0.0,0.0,0.0,0.0,2
Adducin 1,148,0.6778591050465719,0.10492030959399234,0.0,0.1803417033718581,0.03687888198757764,0.0,2
Adducin 1,149,0.09672131147540984,0.5689718287442305,0.0,0.0,0.3343068597803597,0.0,2
Adducin 1,166,0.0,0.0,0.6793737769080235,0.0,0.3206262230919765,0.0,2
Adducin 1,167,0.4755639097744361,0.055587209699842745,0.2831808236661577,0.02443609022556391,0.16123196663399958,0.0,2
Adducin 1,168,0.8055555555555556,0.19444444444444445,0.0,0.0,0.0,0.0,2
Adducin 1,169,0.24880930709571858,0.521776191718345,0.12467403126678984,0.10474046991914665,0.0,0.0,2
Adducin 1,173,0.0,1.0,0.0,0.0,0.0,0.0,1
Adducin 1,214,0.0,0.0,0.0,1.0,0.0,0.0,2
Adducin 1,215,1.0,0.0,0.0,0.0,0.0,0.0,1
Adducin 1,222,0.0,1.0,0.0,0.0,0.0,0.0,1
Adducin 1,224,0.0,0.6398601398601399,0.36013986013986016,0.0,0.0,0.0,1
Adducin 1,225,0.0,1.0,0.0,0.0,0.0,0.0,1
Adducin 1,228,0.0,0.6526946107784432,0.3473053892215569,0.0,0.0,0.0,1
Adducin 1,279,0.0,1.0,0.0,0.0,0.0,0.0,1
Adducin 1,280,0.0,1.0,0.0,0.0,0.0,0.0,1
Adducin 1,283,0.1402116402116402,0.8597883597883599,0.0,0.0,0.0,0.0,1
Adducin 1,284,0.5221238938053098,0.4778761061946903,0.0,0.0,0.0,0.0,1
Adducin 1,285,1.0,0.0,0.0,0.0,0.0,0.0,1
Adducin 1,286,0.7434052757793764,0.019184652278177457,0.23741007194244604,0.0,0.0,0.0,1
Adducin 1,287,0.4046610169491526,0.40042372881355925,0.0,0.19491525423728812,0.0,0.0,1
Adducin 1,288,0.021396396396396396,0.0,0.75,0.22860360360360363,0.0,0.0,2
Adducin 1,290,1.0,0.0,0.0,0.0,0.0,0.0,1
Adducin 1,292,0.0,0.791929940204341,0.0,0.007462686567164179,0.20060737322849476,0.0,2
Adducin 1,295,0.0,1.0,0.0,0.0,0.0,0.0,1
Adducin 1,296,0.0,1.0,0.0,0.0,0.0,0.0,2
Adducin 1,305,0.0,0.0,0.0,1.0,0.0,0.0,1
Adducin 1,332,0.0,0.0,1.0,0.0,0.0,0.0,2
Adducin 1,333,0.49271068897934567,0.0,0.5072893110206543,0.0,0.0,0.0,2
Adducin 1,334,0.2248129216843532,0.36428571428571427,0.41090136402993255,0.0,0.0,0.0,2
Adducin 1,336,0.03846153846153846,0.0,0.0,0.9615384615384615,0.0,0.0,2
Adducin 1,337,0.5755817486510555,0.0,0.0,0.4244182513489444,0.0,0.0,2
Adducin 1,340,1.0,0.0,0.0,0.0,0.0,0.0,2
Adducin 1,341,0.8076891405695754,0.0,0.19231085943042464,0.0,0.0,0.0,2
Adducin 1,344,1.0,0.0,0.0,0.0,0.0,0.0,2
Adducin 1,345,0.8034539503246739,0.0,0.1965460496753261,0.0,0.0,0.0,2
Adducin 1,346,1.0,0.0,0.0,0.0,0.0,0.0,2
Adducin 1,348,1.0,0.0,0.0,0.0,0.0,0.0,2
Adducin 1,349,0.6762616615318414,0.09236969009971373,0.0,0.2313686483684449,0.0,0.0,2
Adducin 1,350,0.068,0.0,0.0,0.9319999999999999,0.0,0.0,2
Adducin 1,351,0.2887362453227901,0.3698385972316368,0.0,0.34142515744557317,0.0,0.0,2
Adducin 1,352,1.0,0.0,0.0,0.0,0.0,0.0,2
Adducin 1,354,0.8543982407037185,0.1456017592962815,0.0,0.0,0.0,0.0,2
Adducin 1,355,0.9229007633587786,0.039312977099236646,0.03778625954198474,0.0,0.0,0.0,2
Adducin 1,371,1.0,0.0,0.0,0.0,0.0,0.0,2
Adducin 1,372,0.5,0.0,0.5,0.0,0.0,0.0,2
Adducin 1,373,0.6799792860011413,0.0,0.3200207139988586,0.0,0.0,0.0,2
Adducin 1,374,0.75,0.0,0.25,0.0,0.0,0.0,2
Adducin 1,375,0.8043624161073826,0.11845637583892617,0.01442953020134228,0.0,0.06275167785234899,0.0,2
Adenylyl cyclase-associated protein 1,32,0.0,0.0,1.0,0.0,0.0,0.0,2
Adenylyl cyclase-associated protein 1,40,0.0,0.0,0.0,1.0,0.0,0.0,1
Adenylyl cyclase-associated protein 1,43,1.0,0.0,0.0,0.0,0.0,0.0,3
Adenylyl cyclase-associated protein 1,44,0.8278322769495209,0.13124518848106054,0.0,0.0023987206823027716,0.038523813887115815,0.0,4
Adenylyl cyclase-associated protein 1,45,0.6494252873563219,0.16666666666666666,0.16666666666666666,0.017241379310344827,0.0,0.0,3
Adenylyl cyclase-associated protein 1,46,0.08522373800213295,0.6181967039360068,0.29657955806186026,0.0,0.0,0.0,4
Adenylyl cyclase-associated protein 1,47,0.3441655456819352,0.5815555906002642,0.003919158117442513,0.0,0.07035970560035813,0.0,4
Adenylyl cyclase-associated protein 1,48,0.4604769947610394,0.19936248228953157,0.3401605229494289,0.0,0.0,0.0,4
Adenylyl cyclase-associated protein 1,49,0.0,0.875,0.125,0.0,0.0,0.0,4
Adenylyl cyclase-associated protein 1,50,0.48881888150827413,0.0,0.04140127388535032,0.46977984460637556,0.0,0.0,2
Adenylyl cyclase-associated protein 1,53,0.0,0.731581838205813,0.0,0.26841816179418687,0.0,0.0,4
Adenylyl cyclase-associated protein 1,56,0.21209313758221543,0.30026301973451025,0.4876438426832743,0.0,0.0,0.0,4
Adenylyl cyclase-associated protein 1,57,0.04385311966232867,0.1416829127809335,0.5035543673732943,0.3109096001834436,0.0,0.0,4
Adenylyl cyclase-associated protein 1,59,0.9741232737514203,0.0,0.0258767262485798,0.0,0.0,0.0,4
Adenylyl cyclase-associated protein 1,60,0.5740607767637754,0.2091579223122885,0.0,0.2167813009239361,0.0,0.0,4
Adenylyl cyclase-associated protein 1,61,0.252030629003827,0.2803723567088488,0.0,0.46759701428732425,0.0,0.0,4
Adenylyl cyclase-associated protein 1,62,0.7113170221607347,0.029117247485155165,0.0,0.25956573035411024,0.0,0.0,3
Adenylyl cyclase-associated protein 1,63,0.0,0.0,0.0,1.0,0.0,0.0,4
Adenylyl cyclase-associated protein 1,64,0.27066367458224766,0.24268588918837167,0.0,0.48665043622938065,0.0,0.0,4
Adenylyl cyclase-associated protein 1,65,1.0,0.0,0.0,0.0,0.0,0.0,1
Adenylyl cyclase-associated protein 1,88,0.0,0.0,1.0,0.0,0.0,0.0,4
Adenylyl cyclase-associated protein 1,91,0.0,0.0,1.0,0.0,0.0,0.0,1
Adenylyl cyclase-associated protein 1,92,0.0,0.0,0.8067417207950155,0.19325827920498445,0.0,0.0,4
Adenylyl cyclase-associated protein 1,93,0.023941008316008316,0.0,0.9760589916839917,0.0,0.0,0.0,4
Adenylyl cyclase-associated protein 1,95,0.0,0.0,0.4686837888127755,0.006645898234683282,0.5246703129525413,0.0,4
Adenylyl cyclase-associated protein 1,188,0.0,0.0,1.0,0.0,0.0,0.0,1
Adenylyl cyclase-associated protein 1,191,0.0,0.7322580645161291,0.267741935483871,0.0,0.0,0.0,2
Adenylyl cyclase-associated protein 1,195,0.08333333333333334,0.9166666666666667,0.0,0.0,0.0,0.0,2
Adenylyl cyclase-associated protein 1,202,0.0,0.0,0.0,1.0,0.0,0.0,3
Adenylyl cyclase-associated protein 1,203,0.46165624498957836,0.0,0.0,0.5383437550104218,0.0,0.0,4
Adenylyl cyclase-associated protein 1,204,0.4890765868516708,0.2165147680756904,0.0,0.2944086450726388,0.0,0.0,4
Adenylyl cyclase-associated protein 1,205,0.32916666666666666,0.6708333333333334,0.0,0.0,0.0,0.0,3
Adenylyl cyclase-associated protein 1,207,0.6401633311330266,0.13566379673000456,0.22417287213696882,0.0,0.0,0.0,4
Adenylyl cyclase-associated protein 1,208,0.0,0.9570448606271778,0.042955139372822304,0.0,0.0,0.0,4
Adenylyl cyclase-associated protein 1,210,0.0,0.0,1.0,0.0,0.0,0.0,4
Adenylyl cyclase-associated protein 1,211,0.0,0.0,1.0,0.0,0.0,0.0,4
Adenylyl cyclase-associated protein 1,215,0.0,0.0,1.0,0.0,0.0,0.0,4
Adenylyl cyclase-associated protein 1,240,0.0,0.0,1.0,0.0,0.0,0.0,2
Adenylyl cyclase-associated protein 1,241,0.0,0.0,1.0,0.0,0.0,0.0,4
Adenylyl cyclase-associated protein 1,242,0.0,0.0,1.0,0.0,0.0,0.0,3
Adenylyl cyclase-associated protein 1,243,0.36369360731841327,0.3071130850075535,0.32919330767403326,0.0,0.0,0.0,4
Adenylyl cyclase-associated protein 1,244,0.7286056867286483,0.24374727526441564,0.02764703800693609,0.0,0.0,0.0,4
Adenylyl cyclase-associated protein 1,245,0.0,0.0,1.0,0.0,0.0,0.0,4
Adenylyl cyclase-associated protein 1,256,0.0,0.0,1.0,0.0,0.0,0.0,1
Adenylyl cyclase-associated protein 1,265,0.3106796116504854,0.0,0.6893203883495145,0.0,0.0,0.0,2
Adenylyl cyclase-associated protein 1,266,0.09064327485380116,0.0,0.9093567251461988,0.0,0.0,0.0,2
Adenylyl cyclase-associated protein 1,267,0.6153846153846154,0.0,0.3846153846153846,0.0,0.0,0.0,1
Adenylyl cyclase-associated protein 1,268,0.44960239383505496,0.0,0.5503976061649452,0.0,0.0,0.0,2
Adenylyl cyclase-associated protein 1,270,0.0,0.0,0.0,1.0,0.0,0.0,2
Afadin,6,0.0,0.0,1.0,0.0,0.0,0.0,1
Afadin,21,0.0,0.0,1.0,0.0,0.0,0.0,1
Afadin,22,0.020689655172413793,0.0,0.9793103448275862,0.0,0.0,0.0,1
Afadin,23,0.6485148514851485,0.0,0.31683168316831684,0.03465346534653465,0.0,0.0,1
Afadin,24,0.2899022801302931,0.0,0.7100977198697068,0.0,0.0,0.0,1
Afadin,25,1.0,0.0,0.0,0.0,0.0,0.0,1
Afadin,28,0.0,0.0,0.08910891089108912,0.9108910891089108,0.0,0.0,1
Afadin,348,0.7534626038781163,0.24653739612188366,0.0,0.0,0.0,0.0,1
Afadin,349,0.0,1.0,0.0,0.0,0.0,0.0,1
Afadin,350,0.7099697885196374,0.2900302114803625,0.0,0.0,0.0,0.0,1
Alpha-catenin-like protein hmp-1,21,1.0,0.0,0.0,0.0,0.0,0.0,1
Alpha-catenin-like protein hmp-1,23,0.5626995983935743,0.0,0.43730040160642575,0.0,0.0,0.0,1
Alpha-catenin-like protein hmp-1,24,0.2945895386502597,0.0,0.7054104613497403,0.0,0.0,0.0,1
Alpha-catenin-like protein hmp-1,25,0.4169520235815282,0.0,0.4506198708469481,0.13242810557152368,0.0,0.0,1
Alpha-catenin-like protein hmp-1,26,0.2697320853255266,0.23687233690993584,0.49339557776453746,0.0,0.0,0.0,1
Alpha-catenin-like protein hmp-1,27,0.23014083908699018,0.6491805274758956,0.1206786334371142,0.0,0.0,0.0,1
Alpha-catenin-like protein hmp-1,28,0.4852322821501991,0.14710329136101574,0.3676644264887852,0.0,0.0,0.0,1
Alpha-catenin-like protein hmp-1,29,0.6638985507246377,0.33610144927536234,0.0,0.0,0.0,0.0,1
Alpha-catenin-like protein hmp-1,30,0.0,0.6713558328551607,0.32864416714483935,0.0,0.0,0.0,1
Alpha-catenin-like protein hmp-1,44,0.5985205730964591,0.401479426903541,0.0,0.0,0.0,0.0,1
Alpha-catenin-like protein hmp-1,45,1.0,0.0,0.0,0.0,0.0,0.0,1
Alpha-catenin-like protein hmp-1,46,0.13266323239938016,0.8673367676006197,0.0,0.0,0.0,0.0,1
Alpha-catenin-like protein hmp-1,47,0.24138173663818097,0.758618263361819,0.0,0.0,0.0,0.0,1
Alpha-catenin-like protein hmp-1,48,0.0,1.0,0.0,0.0,0.0,0.0,1
Alpha-catenin-like protein hmp-1,49,0.5147988555882486,0.48520114441175144,0.0,0.0,0.0,0.0,1
Alpha-catenin-like protein hmp-1,50,0.24813870085612127,0.34753988179844614,0.015228908480053793,0.38909250886537877,0.0,0.0,1
Alpha-catenin-like protein hmp-1,51,0.0,0.0,1.0,0.0,0.0,0.0,1
Alpha-catenin-like protein hmp-1,52,0.0,1.0,0.0,0.0,0.0,0.0,1
Alpha-catenin-like protein hmp-1,53,0.0,1.0,0.0,0.0,0.0,0.0,1
Alpha-catenin-like protein hmp-1,54,0.0,1.0,0.0,0.0,0.0,0.0,1
Alpha-catenin-like protein hmp-1,57,0.0,0.8750667337084715,0.0,0.12493326629152834,0.0,0.0,1
Alpha-catenin-like protein hmp-1,84,0.0,1.0,0.0,0.0,0.0,0.0,1
Alpha-catenin-like protein hmp-1,87,0.2484426072475805,0.7515573927524196,0.0,0.0,0.0,0.0,1
Alpha-catenin-like protein hmp-1,88,0.0,1.0,0.0,0.0,0.0,0.0,1
Alpha-catenin-like protein hmp-1,91,0.6590970027723727,0.02270783591165556,0.31819516131597175,0.0,0.0,0.0,1
Alpha-catenin-like protein hmp-1,92,0.3668853188583358,0.2504894017498106,0.20557744725234314,0.17704783213951036,0.0,0.0,1
Alpha-catenin-like protein hmp-1,93,1.0,0.0,0.0,0.0,0.0,0.0,1
Alpha-catenin-like protein hmp-1,94,1.0,0.0,0.0,0.0,0.0,0.0,1
Alpha-catenin-like protein hmp-1,95,0.7312025141576164,0.016394389497891973,0.25240309634449165,0.0,0.0,0.0,1
Alpha-catenin-like protein hmp-1,96,0.10590979535768377,0.0,0.8940902046423161,0.0,0.0,0.0,1
Alpha-catenin-like protein hmp-1,97,0.0,0.0,1.0,0.0,0.0,0.0,1
Alpha-catenin-like protein hmp-1,99,0.0,0.0,1.0,0.0,0.0,0.0,1
Alpha-catenin-like protein hmp-1,100,0.0,0.0,1.0,0.0,0.0,0.0,1
Alpha-catenin-like protein hmp-1,142,0.0,1.0,0.0,0.0,0.0,0.0,1
Alpha-catenin-like protein hmp-1,143,0.46550639609821587,0.5344936039017841,0.0,0.0,0.0,0.0,1
Alpha-catenin-like protein hmp-1,144,0.0,0.7326051174622176,0.2673948825377825,0.0,0.0,0.0,1
Alpha-catenin-like protein hmp-1,145,0.0,0.8020182680859893,0.1979817319140107,0.0,0.0,0.0,1
Alpha-catenin-like protein hmp-1,146,0.0,1.0,0.0,0.0,0.0,0.0,1
Alpha-catenin-like protein hmp-1,147,0.11616105882911185,0.8838389411708881,0.0,0.0,0.0,0.0,1
Alpha-catenin-like protein hmp-1,148,0.24686923180162523,0.7531307681983748,0.0,0.0,0.0,0.0,1
Alpha-catenin-like protein hmp-1,296,0.0,1.0,0.0,0.0,0.0,0.0,1
Alpha-catenin-like protein hmp-1,328,1.0,0.0,0.0,0.0,0.0,0.0,1
Alpha-catenin-like protein hmp-1,330,0.0,1.0,0.0,0.0,0.0,0.0,1
Alpha-catenin-like protein hmp-1,332,0.0,0.0,1.0,0.0,0.0,0.0,1
Alpha-catenin-like protein hmp-1,333,0.8483102976173443,0.0913174143898329,0.060372287992822835,0.0,0.0,0.0,1
Alpha-catenin-like protein hmp-1,334,0.854106060756324,0.0,0.14589393924367594,0.0,0.0,0.0,1
Alpha-catenin-like protein hmp-1,336,1.0,0.0,0.0,0.0,0.0,0.0,1
Alpha-catenin-like protein hmp-1,337,0.732506938865335,0.05657297178583569,0.21092008934882928,0.0,0.0,0.0,1
Alpha-catenin-like protein hmp-1,341,0.9501296002680395,0.04987039973196061,0.0,0.0,0.0,0.0,1
Alpha-catenin-like protein hmp-1,344,1.0,0.0,0.0,0.0,0.0,0.0,1
Alpha-catenin-like protein hmp-1,345,0.3591879985266362,0.6408120014733638,0.0,0.0,0.0,0.0,1
Alpha-catenin-like protein hmp-1,348,0.13902530381165995,0.8609746961883401,0.0,0.0,0.0,0.0,1
Alpha-catenin-like protein hmp-1,349,0.3764128068392325,0.6235871931607675,0.0,0.0,0.0,0.0,1
Alpha-catenin-like protein hmp-1,350,0.0,1.0,0.0,0.0,0.0,0.0,1
Alpha-catenin-like protein hmp-1,351,0.0,1.0,0.0,0.0,0.0,0.0,1
Beta-adducin,5,0.9107981220657277,0.0892018779342723,0.0,0.0,0.0,0.0,2
Beta-adducin,6,1.0,0.0,0.0,0.0,0.0,0.0,2
Beta-adducin,16,1.0,0.0,0.0,0.0,0.0,0.0,1
Beta-adducin,21,0.7048200682952457,0.0,0.0,0.0,0.29517993170475443,0.0,2
Beta-adducin,23,0.7185887738853503,0.2814112261146497,0.0,0.0,0.0,0.0,2
Beta-adducin,24,0.5772337045762832,0.3987411056376573,0.0,0.008152173913043476,0.015873015873015872,0.0,2
Beta-adducin,25,0.312491419549698,0.5275039414713645,0.10682923575313104,0.05317540322580646,0.0,0.0,2
Beta-adducin,26,0.6705069124423962,0.0,0.0,0.32949308755760365,0.0,0.0,1
Beta-adducin,27,1.0,0.0,0.0,0.0,0.0,0.0,1
Beta-adducin,28,0.2251375268160649,0.26768111198227895,0.18164794007490637,0.0,0.3255334211267499,0.0,2
Beta-adducin,29,1.0,0.0,0.0,0.0,0.0,0.0,1
Beta-adducin,30,1.0,0.0,0.0,0.0,0.0,0.0,1
Beta-adducin,38,0.5835694050991502,0.4164305949008499,0.0,0.0,0.0,0.0,1
Beta-adducin,39,1.0,0.0,0.0,0.0,0.0,0.0,1
Beta-adducin,40,0.7748344370860927,0.2251655629139073,0.0,0.0,0.0,0.0,1
Beta-adducin,41,0.6129398410896709,0.09194097616345062,0.29511918274687854,0.0,0.0,0.0,1
Beta-adducin,42,0.5909090909090909,0.40909090909090917,0.0,0.0,0.0,0.0,1
Beta-adducin,43,1.0,0.0,0.0,0.0,0.0,0.0,1
Beta-adducin,44,1.0,0.0,0.0,0.0,0.0,0.0,1
Beta-adducin,45,0.8568773234200743,0.14312267657992564,0.0,0.0,0.0,0.0,1
Beta-adducin,46,0.5767716535433071,0.3228346456692913,0.0,0.10039370078740159,0.0,0.0,1
Beta-adducin,47,0.9788461538461538,0.021153846153846155,0.0,0.0,0.0,0.0,1
Beta-adducin,48,0.1736111111111111,0.8263888888888888,0.0,0.0,0.0,0.0,1
Beta-adducin,49,0.7807570977917981,0.2192429022082019,0.0,0.0,0.0,0.0,1
Beta-adducin,50,0.6040268456375839,0.39597315436241615,0.0,0.0,0.0,0.0,1
Beta-adducin,51,0.7567567567567568,0.24324324324324323,0.0,0.0,0.0,0.0,1
Beta-adducin,56,0.0,0.512396694214876,0.48760330578512395,0.0,0.0,0.0,1
Beta-adducin,95,1.0,0.0,0.0,0.0,0.0,0.0,1
Beta-adducin,96,1.0,0.0,0.0,0.0,0.0,0.0,2
Beta-adducin,97,0.07236842105263158,0.9276315789473684,0.0,0.0,0.0,0.0,2
Beta-adducin,100,0.01780415430267062,0.9821958456973293,0.0,0.0,0.0,0.0,2
Beta-adducin,101,0.9919354838709677,0.00806451612903226,0.0,0.0,0.0,0.0,2
Beta-adducin,113,0.5957820738137083,0.40421792618629176,0.0,0.0,0.0,0.0,1
Beta-adducin,114,0.1792452830188679,0.820754716981132,0.0,0.0,0.0,0.0,1
Beta-adducin,117,0.004210526315789474,0.9957894736842104,0.0,0.0,0.0,0.0,1
Beta-adducin,118,0.0,1.0,0.0,0.0,0.0,0.0,1
Beta-adducin,121,0.5208913649025069,0.4735376044568244,0.005571030640668523,0.0,0.0,0.0,1
Beta-adducin,124,0.0,0.0,1.0,0.0,0.0,0.0,1
Beta-adducin,125,0.16715116279069764,0.46802325581395343,0.3648255813953488,0.0,0.0,0.0,1
Beta-adducin,126,0.0,0.0,1.0,0.0,0.0,0.0,1
Beta-adducin,128,0.0,0.0,1.0,0.0,0.0,0.0,1
Beta-adducin,133,1.0,0.0,0.0,0.0,0.0,0.0,2
Beta-adducin,143,0.8189161229331848,0.007868383404864092,0.1732154936619511,0.0,0.0,0.0,2
Beta-adducin,144,0.5448473282442747,0.0,0.45515267175572516,0.0,0.0,0.0,2
Beta-adducin,145,0.48614050660530805,0.0,0.46875,0.045109493394691946,0.0,0.0,2
Beta-adducin,146,0.6871878546020235,0.03762437810945274,0.1843146754825961,0.09087309180592763,0.0,0.0,2
Beta-adducin,147,0.6572413593364468,0.0,0.010623926931088278,0.33213471373246484,0.0,0.0,2
Beta-adducin,148,0.7875318066157762,0.0,0.0,0.21246819338422393,0.0,0.0,2
Beta-adducin,149,0.0,0.0,1.0,0.0,0.0,0.0,1
Beta-adducin,167,1.0,0.0,0.0,0.0,0.0,0.0,2
Beta-adducin,168,0.9158031088082902,0.08419689119170984,0.0,0.0,0.0,0.0,2
Beta-adducin,169,0.5469059368241493,0.3057852813061622,0.13739376770538245,0.009915014164305949,0.0,0.0,2
Beta-adducin,172,0.0,0.0,1.0,0.0,0.0,0.0,1
Beta-adducin,188,0.0,0.0,1.0,0.0,0.0,0.0,1
Beta-adducin,195,0.4229390681003584,0.5770609318996416,0.0,0.0,0.0,0.0,1
Beta-adducin,196,0.839779005524862,0.143646408839779,0.0,0.0,0.01657458563535912,0.0,1
Beta-adducin,214,0.0,0.0,0.0,1.0,0.0,0.0,1
Beta-adducin,223,1.0,0.0,0.0,0.0,0.0,0.0,1
Beta-adducin,224,0.6635294117647058,0.10117647058823528,0.23529411764705882,0.0,0.0,0.0,1
Beta-adducin,227,0.8744257274119447,0.09494640122511484,0.0,0.0,0.03062787136294027,0.0,1
Beta-adducin,228,1.0,0.0,0.0,0.0,0.0,0.0,1
Beta-adducin,230,0.0,0.6037735849056604,0.0,0.0,0.39622641509433965,0.0,1
Beta-adducin,231,0.4186550976138828,0.37310195227765725,0.0,0.0,0.20824295010845986,0.0,1
Beta-adducin,232,0.0,1.0,0.0,0.0,0.0,0.0,1
Beta-adducin,233,0.0,0.8648648648648649,0.13513513513513514,0.0,0.0,0.0,1
Beta-adducin,234,0.0,0.4991243432574431,0.40105078809106826,0.09982486865148861,0.0,0.0,1
Beta-adducin,236,0.0,1.0,0.0,0.0,0.0,0.0,1
Beta-adducin,237,0.020942408376963352,0.5130890052356021,0.0,0.46596858638743455,0.0,0.0,1
Beta-adducin,251,0.0,1.0,0.0,0.0,0.0,0.0,1
Beta-adducin,252,0.015184381778741865,0.6355748373101953,0.0,0.0,0.3492407809110629,0.0,1
Beta-adducin,253,0.0,1.0,0.0,0.0,0.0,0.0,1
Beta-adducin,256,0.4942791762013729,0.505720823798627,0.0,0.0,0.0,0.0,1
Beta-adducin,263,0.2247191011235955,0.7752808988764045,0.0,0.0,0.0,0.0,1
Beta-adducin,265,0.0,0.07417582417582418,0.9258241758241758,0.0,0.0,0.0,1
Beta-adducin,266,0.29699248120300753,0.12406015037593984,0.5789473684210527,0.0,0.0,0.0,1
Beta-adducin,279,0.5882352941176471,0.0,0.0,0.0,0.4117647058823529,0.0,1
Beta-adducin,283,0.421875,0.16875,0.0,0.040625,0.36875,0.0,1
Beta-adducin,287,0.057291666666666664,0.9427083333333333,0.0,0.0,0.0,0.0,1
Beta-adducin,288,1.0,0.0,0.0,0.0,0.0,0.0,1
Beta-adducin,290,0.0,1.0,0.0,0.0,0.0,0.0,1
Beta-adducin,291,0.18639053254437868,0.0,0.5,0.3136094674556213,0.0,0.0,2
Beta-adducin,292,0.0,0.0,0.9490445859872612,0.050955414012738856,0.0,0.0,2
Beta-adducin,295,0.0,0.0,1.0,0.0,0.0,0.0,2
Beta-adducin,296,0.0,0.0,0.0,1.0,0.0,0.0,1
Beta-adducin,305,0.0,0.0,0.0,1.0,0.0,0.0,1
Beta-adducin,310,0.44836243843152307,0.551637561568477,0.0,0.0,0.0,0.0,2
Beta-adducin,311,0.6604772806692761,0.33952271933072387,0.0,0.0,0.0,0.0,2
Beta-adducin,314,0.8119245161146624,0.18807548388533757,0.0,0.0,0.0,0.0,2
Beta-adducin,318,0.0,0.0,1.0,0.0,0.0,0.0,1
Beta-adducin,319,0.0,0.0,1.0,0.0,0.0,0.0,1
Beta-adducin,320,0.2145922746781116,0.0,0.7725321888412017,0.0,0.012875536480686695,0.0,1
Beta-adducin,321,0.0,0.0,1.0,0.0,0.0,0.0,1
Beta-adducin,322,0.0,0.027253668763102725,0.33962264150943394,0.5471698113207547,0.08595387840670858,0.0,1
Beta-adducin,323,0.0,0.4291115311909262,0.2835538752362949,0.04158790170132325,0.24574669187145556,0.0,1
Beta-adducin,324,0.09090909090909091,0.9090909090909091,0.0,0.0,0.0,0.0,1
Beta-adducin,326,0.5,0.3269230769230769,0.17307692307692307,0.0,0.0,0.0,2
Beta-adducin,327,0.25,0.75,0.0,0.0,0.0,0.0,2
Beta-adducin,328,0.6302750990795606,0.21865277616410417,0.11403508771929824,0.037037037037037035,0.0,0.0,2
Beta-adducin,329,0.6663587707182321,0.333641229281768,0.0,0.0,0.0,0.0,2
Beta-adducin,330,0.9564867669953296,0.04351323300467047,0.0,0.0,0.0,0.0,2
Beta-adducin,331,0.3469009131335499,0.6530990868664501,0.0,0.0,0.0,0.0,2
Beta-adducin,332,0.75,0.0,0.25,0.0,0.0,0.0,2
Beta-adducin,333,0.9040097310167532,0.004132231404958677,0.09185803757828809,0.0,0.0,0.0,2
Beta-adducin,334,0.5592475386779184,0.011178861788617888,0.4295735995334637,0.0,0.0,0.0,2
Beta-adducin,336,0.06310679611650485,0.0,0.0,0.9368932038834951,0.0,0.0,1
Beta-adducin,337,0.6309859154929578,0.0,0.0,0.36901408450704226,0.0,0.0,1
Beta-adducin,338,0.0,0.0,1.0,0.0,0.0,0.0,1
Beta-adducin,340,1.0,0.0,0.0,0.0,0.0,0.0,1
Beta-adducin,341,0.3755940156055456,0.0,0.6244059843944544,0.0,0.0,0.0,2
Beta-adducin,344,1.0,0.0,0.0,0.0,0.0,0.0,2
Beta-adducin,345,0.715033130620373,0.0,0.2849668693796269,0.0,0.0,0.0,2
Beta-adducin,346,1.0,0.0,0.0,0.0,0.0,0.0,1
Beta-adducin,348,0.9239130434782609,0.0,0.07608695652173914,0.0,0.0,0.0,2
Beta-adducin,349,0.7151013919384602,0.0,0.07682291666666667,0.20807569139487314,0.0,0.0,2
Beta-adducin,350,0.08294392523364486,0.0,0.10737704918032787,0.8096790255860273,0.0,0.0,2
Beta-adducin,351,0.357479377958991,0.3268758225075117,0.0,0.31564479953349733,0.0,0.0,2
Beta-adducin,352,1.0,0.0,0.0,0.0,0.0,0.0,1
Beta-adducin,354,0.9135416666666667,0.08645833333333335,0.0,0.0,0.0,0.0,2
Beta-adducin,355,0.9649910233393177,0.03500897666068223,0.0,0.0,0.0,0.0,2
Beta-adducin,359,0.0,0.5083333333333333,0.4916666666666667,0.0,0.0,0.0,1
Beta-adducin,362,0.765886287625418,0.23411371237458195,0.0,0.0,0.0,0.0,1
Beta-adducin,363,0.2198198198198198,0.427027027027027,0.35315315315315315,0.0,0.0,0.0,1
Beta-adducin,364,0.5192307692307693,0.0,0.4807692307692307,0.0,0.0,0.0,1
Beta-adducin,365,1.0,0.0,0.0,0.0,0.0,0.0,1
Beta-adducin,366,1.0,0.0,0.0,0.0,0.0,0.0,1
Beta-adducin,367,0.33906633906633904,0.6609336609336609,0.0,0.0,0.0,0.0,1
Beta-adducin,368,0.7073170731707317,0.29268292682926833,0.0,0.0,0.0,0.0,1
Beta-adducin,371,0.8719512195121951,0.12804878048780485,0.0,0.0,0.0,0.0,2
Beta-adducin,372,0.3444612824627087,0.6442869594500902,0.011251758087201124,0.0,0.0,0.0,2
Beta-adducin,373,0.871031746031746,0.12896825396825398,0.0,0.0,0.0,0.0,2
Beta-adducin,374,1.0,0.0,0.0,0.0,0.0,0.0,2
Beta-adducin,375,0.75,0.1175,0.0,0.0,0.1325,0.0,2
Catenin alpha-1,21,1.0,0.0,0.0,0.0,0.0,0.0,4
Catenin alpha-1,23,0.6365220929679251,0.0,0.3634779070320749,0.0,0.0,0.0,4
Catenin alpha-1,24,0.37651696872835255,0.0,0.6234830312716475,0.0,0.0,0.0,4
Catenin alpha-1,25,0.37213501516178027,0.0,0.4832475099417028,0.14461747489651694,0.0,0.0,4
Catenin alpha-1,26,0.1491498055030613,0.0,0.35085019449693866,0.5,0.0,0.0,4
Catenin alpha-1,27,0.25560871075882813,0.0,0.7443912892411718,0.0,0.0,0.0,4
Catenin alpha-1,28,0.4679726123051101,0.0,0.4069137286236338,0.12511365907125613,0.0,0.0,4
Catenin alpha-1,29,0.09523974731777902,0.0,0.9047602526822209,0.0,0.0,0.0,4
Catenin alpha-1,30,0.0,0.0,1.0,0.0,0.0,0.0,4
Catenin alpha-1,44,0.6127813767356607,0.3872186232643393,0.0,0.0,0.0,0.0,4
Catenin alpha-1,45,0.7982051624043971,0.20179483759560293,0.0,0.0,0.0,0.0,4
Catenin alpha-1,46,0.20491757157944812,0.5499870156325923,0.24509541278795943,0.0,0.0,0.0,4
Catenin alpha-1,47,0.20678871831702555,0.31838127560314716,0.4748300060798273,0.0,0.0,0.0,4
Catenin alpha-1,48,0.1969400677915596,0.5,0.3030599322084404,0.0,0.0,0.0,2
Catenin alpha-1,49,0.4306537535455249,0.5674163053674132,0.001929941087061938,0.0,0.0,0.0,4
Catenin alpha-1,50,0.20974127270860232,0.2748001168274593,0.19399467860202058,0.3214639318619178,0.0,0.0,4
Catenin alpha-1,51,0.0,0.9599396020756067,0.0,0.04006039792439322,0.0,0.0,3
Catenin alpha-1,52,0.0,0.0,0.0,1.0,0.0,0.0,2
Catenin alpha-1,53,0.0,0.0808690489054808,0.9191309510945191,0.0,0.0,0.0,4
Catenin alpha-1,56,0.0,0.0,1.0,0.0,0.0,0.0,1
Catenin alpha-1,57,0.0,0.9516975775167962,0.044620192313156906,0.003682230170046899,0.0,0.0,4
Catenin alpha-1,59,0.0,0.0,1.0,0.0,0.0,0.0,1
Catenin alpha-1,60,0.0,0.0,1.0,0.0,0.0,0.0,1
Catenin alpha-1,61,0.0,0.058847398608348714,0.9411526013916514,0.0,0.0,0.0,4
Catenin alpha-1,62,0.0,0.0,1.0,0.0,0.0,0.0,1
Catenin alpha-1,84,1.0,0.0,0.0,0.0,0.0,0.0,1
Catenin alpha-1,87,0.3520182150818751,0.2313117333901451,0.37363618135340393,0.04303387017457585,0.0,0.0,4
Catenin alpha-1,91,0.38228172768271546,0.15342612999051852,0.464292142326766,0.0,0.0,0.0,4
Catenin alpha-1,92,0.43014157005038367,0.018618894114599122,0.5106547847831442,0.04058475105187308,0.0,0.0,4
Catenin alpha-1,93,0.8654433297130029,0.0,0.13455667028699708,0.0,0.0,0.0,4
Catenin alpha-1,94,0.9993622448979591,0.0,0.0006377551020408163,0.0,0.0,0.0,4
Catenin alpha-1,95,0.44752508327177376,0.19758896532799458,0.28068250682991136,0.07420344457032027,0.0,0.0,4
Catenin alpha-1,96,0.06609740670461733,0.9339025932953827,0.0,0.0,0.0,0.0,3
Catenin alpha-1,97,0.0,1.0,0.0,0.0,0.0,0.0,4
Catenin alpha-1,99,0.0,0.19691099962490916,0.8030890003750908,0.0,0.0,0.0,4
Catenin alpha-1,126,0.0,0.0,1.0,0.0,0.0,0.0,3
Catenin alpha-1,127,0.0,0.0,1.0,0.0,0.0,0.0,3
Catenin alpha-1,142,0.0,1.0,0.0,0.0,0.0,0.0,4
Catenin alpha-1,143,0.4785372042412449,0.5214627957587551,0.0,0.0,0.0,0.0,4
Catenin alpha-1,144,0.058048956889626836,0.7196682746362589,0.22228276847411424,0.0,0.0,0.0,4
Catenin alpha-1,145,0.0,0.9645127104545376,0.03548728954546244,0.0,0.0,0.0,4
Catenin alpha-1,146,0.2721970071124119,0.7278029928875881,0.0,0.0,0.0,0.0,4
Catenin alpha-1,147,0.19154243451275316,0.804764383669065,0.0,0.0036931818181818177,0.0,0.0,4
Catenin alpha-1,148,0.21207623351507643,0.7879237664849236,0.0,0.0,0.0,0.0,4
Catenin alpha-1,149,0.0,1.0,0.0,0.0,0.0,0.0,2
Catenin alpha-1,167,0.0,1.0,0.0,0.0,0.0,0.0,4
Catenin alpha-1,169,0.0,0.0,1.0,0.0,0.0,0.0,1
Catenin alpha-1,211,0.7607811107811109,0.23921888921888923,0.0,0.0,0.0,0.0,1
Catenin alpha-1,215,0.05043512055354041,0.289285315125837,0.6602795643206226,0.0,0.0,0.0,1
Catenin alpha-1,216,0.0,0.0,1.0,0.0,0.0,0.0,1
Catenin alpha-1,238,0.0,0.001152073732718894,0.9400921658986174,0.05875576036866358,0.0,0.0,1
Catenin alpha-1,239,0.4593323748871251,0.0,0.5406676251128748,0.0,0.0,0.0,1
Catenin alpha-1,240,0.4816777041942605,0.0,0.5183222958057395,0.0,0.0,0.0,1
Catenin alpha-1,241,0.3294978773239643,0.0,0.6705021226760357,0.0,0.0,0.0,1
Catenin alpha-1,242,0.0,0.0,1.0,0.0,0.0,0.0,1
Catenin alpha-1,243,1.0,0.0,0.0,0.0,0.0,0.0,1
Catenin alpha-1,247,1.0,0.0,0.0,0.0,0.0,0.0,1
Catenin alpha-1,288,0.0,0.0,1.0,0.0,0.0,0.0,1
Catenin alpha-1,291,0.0,0.9052631578947368,0.09473684210526316,0.0,0.0,0.0,1
Catenin alpha-1,296,0.0,1.0,0.0,0.0,0.0,0.0,4
Catenin alpha-1,305,1.0,0.0,0.0,0.0,0.0,0.0,1
Catenin alpha-1,324,0.0,0.0,1.0,0.0,0.0,0.0,1
Catenin alpha-1,328,0.5452404691808828,0.026646871196626693,0.0,0.42811265962249057,0.0,0.0,4
Catenin alpha-1,329,0.0,0.0,0.0,1.0,0.0,0.0,1
Catenin alpha-1,330,0.03443592011542077,0.5371857628691534,0.0,0.4283783170154257,0.0,0.0,4
Catenin alpha-1,331,0.0,0.0,0.0,1.0,0.0,0.0,1
Catenin alpha-1,332,0.0,0.07647706770841099,0.8432351724773307,0.08028775981425834,0.0,0.0,4
Catenin alpha-1,333,0.8338251777710394,0.09547921788958995,0.048797832464555865,0.021897771874814825,0.0,0.0,4
Catenin alpha-1,334,0.8653993955686544,0.0,0.13460060443134564,0.0,0.0,0.0,4
Catenin alpha-1,336,0.8235330618746024,0.0,0.17646693812539763,0.0,0.0,0.0,4
Catenin alpha-1,337,0.8806396143217083,0.0,0.11936038567829169,0.0,0.0,0.0,4
Catenin alpha-1,341,0.9598835830170906,0.04011641698290937,0.0,0.0,0.0,0.0,4
Catenin alpha-1,344,1.0,0.0,0.0,0.0,0.0,0.0,4
Catenin alpha-1,345,0.37194094379114917,0.38422053627449443,0.2438385199343564,0.0,0.0,0.0,4
Catenin alpha-1,348,0.1220055325129401,0.0,0.8779944674870599,0.0,0.0,0.0,4
Catenin alpha-1,349,0.6142580193506728,0.0,0.3857419806493271,0.0,0.0,0.0,4
Catenin alpha-1,350,0.9419249774931979,0.0,0.0580750225068021,0.0,0.0,0.0,4
Catenin alpha-1,351,0.2897646720226845,0.6524062710765556,0.05782905690075983,0.0,0.0,0.0,4
Cell invasion protein SipA,37,0.14003526200419353,0.8599647379958064,0.0,0.0,0.0,0.0,4
Cell invasion protein SipA,38,0.043484980588203624,0.9565150194117964,0.0,0.0,0.0,0.0,4
Cell invasion protein SipA,39,0.0,1.0,0.0,0.0,0.0,0.0,4
Cell invasion protein SipA,40,0.0,1.0,0.0,0.0,0.0,0.0,4
Cell invasion protein SipA,41,0.007139950752020434,0.5809992436297966,0.41186080561818295,0.0,0.0,0.0,4
Cell invasion protein SipA,42,0.3957200075794924,0.5587213370415877,0.045558655378919996,0.0,0.0,0.0,4
Cell invasion protein SipA,43,0.9934187372795116,0.0005506911465400271,0.006030571573948439,0.0,0.0,0.0,4
Cell invasion protein SipA,44,0.705241617555107,0.0,0.294758382444893,0.0,0.0,0.0,4
Cell invasion protein SipA,45,0.5505109678344873,0.0,0.4494890321655126,0.0,0.0,0.0,4
Cell invasion protein SipA,46,0.0,0.0,1.0,0.0,0.0,0.0,3
Cell invasion protein SipA,47,0.0,0.0,1.0,0.0,0.0,0.0,3
Cell invasion protein SipA,48,0.0,0.039884515357945106,0.9601154846420549,0.0,0.0,0.0,4
Cell invasion protein SipA,49,0.0,0.0,1.0,0.0,0.0,0.0,4
Cell invasion protein SipA,51,0.034345365376807296,0.5012561960841663,0.030798987161029336,0.43359945137799705,0.0,0.0,4
Cell invasion protein SipA,66,0.7142857142857143,0.28571428571428575,0.0,0.0,0.0,0.0,1
Cell invasion protein SipA,67,0.0,1.0,0.0,0.0,0.0,0.0,2
Cell invasion protein SipA,68,0.0,0.8778548719241402,0.12214512807585977,0.0,0.0,0.0,4
Cell invasion protein SipA,69,0.0,1.0,0.0,0.0,0.0,0.0,2
Cell invasion protein SipA,70,0.0,1.0,0.0,0.0,0.0,0.0,1
Cell invasion protein SipA,71,0.0,1.0,0.0,0.0,0.0,0.0,1
Cell invasion protein SipA,72,0.411810873053091,0.46020134522600015,0.12798778172090874,0.0,0.0,0.0,3
Cell invasion protein SipA,73,0.3901697789418867,0.0015822784810126582,0.3353175047324381,0.2729304378446626,0.0,0.0,3
Cell invasion protein SipA,75,0.0,0.0,0.4395280235988201,0.56047197640118,0.0,0.0,3
Cell invasion protein SipA,76,0.0,0.0,1.0,0.0,0.0,0.0,1
Cell invasion protein SipA,77,0.0,0.1449215578657513,0.7258231728646569,0.12925526926959185,0.0,0.0,4
Cell invasion protein SipA,78,0.0,0.35654074277807785,0.6399507155277264,0.0035085416941957027,0.0,0.0,4
Cell invasion protein SipA,79,0.0,0.0,0.11269712901974477,0.8873028709802553,0.0,0.0,4
Cell invasion protein SipA,80,0.0,0.31690158325121287,0.6280680418974598,0.02103304984846771,0.03399732500285962,0.0,4
Cell invasion protein SipA,83,0.0,0.9043961417889248,0.057987533462962496,0.03761632474811274,0.0,0.0,4
Cell invasion protein SipA,84,0.0,1.0,0.0,0.0,0.0,0.0,3
Cell invasion protein SipA,112,0.0,0.9166666666666666,0.08333333333333333,0.0,0.0,0.0,4
Cell invasion protein SipA,113,0.0,1.0,0.0,0.0,0.0,0.0,4
Cell invasion protein SipA,114,0.24272941183279848,0.5603342945955214,0.19693629357168013,0.0,0.0,0.0,4
Cell invasion protein SipA,117,0.4416725307755115,0.25805865545744544,0.28819352112123797,0.012075292645805008,0.0,0.0,4
Cell invasion protein SipA,118,0.48157158333677824,0.010339292242045398,0.1214178247771177,0.38667129964405866,0.0,0.0,4
Cell invasion protein SipA,121,0.5822831442556998,0.0,0.18459645361356003,0.2331204021307401,0.0,0.0,4
Cell invasion protein SipA,125,0.0,0.0,0.7618458539511171,0.23815414604888294,0.0,0.0,3
Cell invasion protein SipA,126,0.0,0.5,0.0,0.5,0.0,0.0,1
Cell invasion protein SipA,133,1.0,0.0,0.0,0.0,0.0,0.0,4
Cell invasion protein SipA,139,1.0,0.0,0.0,0.0,0.0,0.0,1
Cell invasion protein SipA,143,1.0,0.0,0.0,0.0,0.0,0.0,3
Cell invasion protein SipA,158,0.0,0.0,1.0,0.0,0.0,0.0,2
Cell invasion protein SipA,169,0.0,0.9673788752660639,0.03262112473393605,0.0,0.0,0.0,4
Cell invasion protein SipA,170,0.0,1.0,0.0,0.0,0.0,0.0,3
Cell invasion protein SipA,172,0.0,1.0,0.0,0.0,0.0,0.0,4
Cell invasion protein SipA,173,0.5,0.5,0.0,0.0,0.0,0.0,4
Cell invasion protein SipA,179,0.4143381808997999,0.0,0.42926647038193755,0.1563953487182625,0.0,0.0,2
Cell invasion protein SipA,183,0.0,0.34992253908122584,0.6500774609187742,0.0,0.0,0.0,2
Cell invasion protein SipA,184,0.09393182982952081,0.0,0.9060681701704791,0.0,0.0,0.0,2
Cell invasion protein SipA,187,0.16606010952639486,0.0,0.8339398904736051,0.0,0.0,0.0,2
Cell invasion protein SipA,195,0.0,0.9980574980574981,0.0019425019425019423,0.0,0.0,0.0,3
Cell invasion protein SipA,196,0.08201492005840826,0.7166805943201026,0.10624633183861976,0.08133954931548368,0.013718604467385717,0.0,4
Cell invasion protein SipA,197,0.5218211427784649,0.30865491026830943,0.01318135527340137,0.15634259167982434,0.0,0.0,4
Cell invasion protein SipA,198,0.30150056950136367,0.5177445948159629,0.050898692810457516,0.10035483324370412,0.029501309628511815,0.0,4
Cell invasion protein SipA,199,0.4774108725040315,0.3002261204499984,0.0,0.22236300704597012,0.0,0.0,3
Cell invasion protein SipA,200,0.4448734536540857,0.5511739771759538,0.0,0.003952569169960474,0.0,0.0,3
Cell invasion protein SipA,201,0.8422375106983238,0.015218831919889375,0.0,0.14254365738178687,0.0,0.0,2
Cell invasion protein SipA,202,0.3642753036833838,0.6357246963166162,0.0,0.0,0.0,0.0,2
Cell invasion protein SipA,203,0.0,1.0,0.0,0.0,0.0,0.0,1
Cell invasion protein SipA,204,0.02806122448979592,0.971938775510204,0.0,0.0,0.0,0.0,2
Cell invasion protein SipA,205,0.36875633982622597,0.6115550154851294,0.0,0.019688644688644688,0.0,0.0,3
Cell invasion protein SipA,206,0.0,1.0,0.0,0.0,0.0,0.0,1
Cell invasion protein SipA,208,0.0,1.0,0.0,0.0,0.0,0.0,1
Cell invasion protein SipA,222,0.13480639928823726,0.0,0.0,0.8651936007117628,0.0,0.0,4
Cell invasion protein SipA,223,0.0,0.05148164920351397,0.26194815336104005,0.686570197435446,0.0,0.0,4
Cell invasion protein SipA,224,0.4294059210815386,0.14260493191172258,0.2591967665797302,0.16879238042700864,0.0,0.0,4
Cell invasion protein SipA,225,1.0,0.0,0.0,0.0,0.0,0.0,4
Cell invasion protein SipA,227,0.03809062965698851,0.024160742682546123,0.8538975106765238,0.06997447364757528,0.013876643336366321,0.0,4
Cell invasion protein SipA,228,0.4471764525816627,0.0,0.2793962461797599,0.0,0.2734273012385774,0.0,4
Cell invasion protein SipA,230,0.0,0.22645087201008252,0.019018294743958088,0.7545308332459594,0.0,0.0,4
Cell invasion protein SipA,231,0.419581153897368,0.2489975712383165,0.018041405293791803,0.2901125588023957,0.023267310768127943,0.0,4
Cell invasion protein SipA,232,1.0,0.0,0.0,0.0,0.0,0.0,4
Cell invasion protein SipA,233,0.6488095238095238,0.14285714285714285,0.0,0.20833333333333331,0.0,0.0,4
Cell invasion protein SipA,234,0.9633730158730159,0.022817460317460316,0.013809523809523808,0.0,0.0,0.0,3
Cell invasion protein SipA,237,0.5457762621586529,0.24795586692266358,0.0924984245884375,0.10103600866723095,0.01273343766301513,0.0,4
Cell invasion protein SipA,239,0.0,0.0,1.0,0.0,0.0,0.0,2
Cell invasion protein SipA,242,0.7946194926056123,0.2053805073943877,0.0,0.0,0.0,0.0,3
Cell invasion protein SipA,243,0.0,1.0,0.0,0.0,0.0,0.0,1
Cell invasion protein SipA,244,0.9100827665968511,0.08991723340314889,0.0,0.0,0.0,0.0,3
Cell invasion protein SipA,246,0.654737981662656,0.21662696992701194,0.11541567519095881,0.013219373219373215,0.0,0.0,3
Cell invasion protein SipA,247,0.24170346089388733,0.08835192233029504,0.4771242681458954,0.13235207794115073,0.06046827068877146,0.0,4
Cell invasion protein SipA,248,0.8826566649086264,0.06666666666666667,0.0,0.041909820121084955,0.008766848303621974,0.0,3
Cell invasion protein SipA,249,0.2810903534989866,0.33976848000346566,0.12621857930988567,0.023181386207045507,0.22974120098061662,0.0,4
Cell invasion protein SipA,251,0.0,0.0,0.0,1.0,0.0,0.0,3
Cell invasion protein SipA,252,0.0,0.18566222983951042,0.0,0.8143377701604896,0.0,0.0,4
Cell invasion protein SipA,253,0.0,0.9733884836425434,0.0032051282051282055,0.023406388152328438,0.0,0.0,3
Cell invasion protein SipA,256,0.0,0.75,0.25,0.0,0.0,0.0,4
Cell invasion protein SipA,263,0.4654925364709935,0.4951002476917604,0.0,0.03940721583724607,0.0,0.0,4
Cell invasion protein SipA,265,0.37738218437775795,0.622617815622242,0.0,0.0,0.0,0.0,4
Cell invasion protein SipA,266,0.7590835565112342,0.11736708998708238,0.011426542138749957,0.11212281136293342,0.0,0.0,4
Cell invasion protein SipA,267,1.0,0.0,0.0,0.0,0.0,0.0,2
Cell invasion protein SipA,268,0.22149790313852813,0.7785020968614719,0.0,0.0,0.0,0.0,4
Cell invasion protein SipA,269,0.9410311903623949,0.0,0.058968809637605035,0.0,0.0,0.0,2
Cell invasion protein SipA,270,1.0,0.0,0.0,0.0,0.0,0.0,1
Cell invasion protein SipA,271,1.0,0.0,0.0,0.0,0.0,0.0,2
Cell invasion protein SipA,275,0.2508561643835616,0.0,0.7491438356164384,0.0,0.0,0.0,4
Cell invasion protein SipA,276,0.8095238095238095,0.0,0.19047619047619047,0.0,0.0,0.0,4
Cell invasion protein SipA,279,0.17638888888888887,0.8095238095238095,0.014087301587301588,0.0,0.0,0.0,4
Cell invasion protein SipA,280,0.7454941039048468,0.0,0.24699360325231956,0.0,0.007512292842833728,0.0,2
Cell invasion protein SipA,283,0.7296942452430657,0.028039061813716078,0.0,0.0,0.24226669294321826,0.0,2
Cell invasion protein SipA,284,0.6902332981873545,0.06536746222857438,0.012048149478979519,0.0,0.2323510901050917,0.0,2
Cell invasion protein SipA,285,0.0,1.0,0.0,0.0,0.0,0.0,2
Cell invasion protein SipA,286,0.0,1.0,0.0,0.0,0.0,0.0,2
Cell invasion protein SipA,287,0.17760213567335983,0.8223978643266403,0.0,0.0,0.0,0.0,2
Cell invasion protein SipA,288,0.0,1.0,0.0,0.0,0.0,0.0,1
Cell invasion protein SipA,290,0.4799297762473477,0.4613089812802944,0.0,0.0,0.058761242472358005,0.0,2
Cell invasion protein SipA,312,0.0,0.0,0.0,1.0,0.0,0.0,4
Cell invasion protein SipA,315,0.0,0.0,0.043688693001060444,0.9563113069989395,0.0,0.0,4
Cell invasion protein SipA,316,0.0,0.0,0.6801569689916332,0.31984303100836675,0.0,0.0,4
Cell invasion protein SipA,318,0.0,1.0,0.0,0.0,0.0,0.0,2
Cell invasion protein SipA,319,0.0,0.4817683922340529,0.5048977186094357,0.013333889156511491,0.0,0.0,4
Cell invasion protein SipA,320,0.24378712608045014,0.5499000820088159,0.20631279191073396,0.0,0.0,0.0,4
Cell invasion protein SipA,321,0.0,1.0,0.0,0.0,0.0,0.0,4
Cell invasion protein SipA,322,0.0,1.0,0.0,0.0,0.0,0.0,4
Cell invasion protein SipA,323,0.052734375,0.947265625,0.0,0.0,0.0,0.0,4
Cell invasion protein SipA,346,1.0,0.0,0.0,0.0,0.0,0.0,3
Cell invasion protein SipA,351,0.0,0.0,1.0,0.0,0.0,0.0,4
Cell invasion protein SipA,352,1.0,0.0,0.0,0.0,0.0,0.0,4
Cell invasion protein SipA,354,0.013761467889908258,0.0,0.9862385321100917,0.0,0.0,0.0,3
Cell invasion protein SipA,355,0.6938186102719599,0.0,0.30618138972804015,0.0,0.0,0.0,4
Cell invasion protein SipA,361,0.0,0.0,1.0,0.0,0.0,0.0,3
Cell invasion protein SipA,362,0.0,0.0,1.0,0.0,0.0,0.0,2
Cell invasion protein SipA,363,0.0,0.0,1.0,0.0,0.0,0.0,1
Cell invasion protein SipA,364,0.23474178403755866,0.0,0.7652582159624414,0.0,0.0,0.0,4
Cell invasion protein SipA,365,0.25,0.08333333333333333,0.6666666666666666,0.0,0.0,0.0,4
Cell invasion protein SipA,366,0.0,0.0,1.0,0.0,0.0,0.0,3
Cell invasion protein SipA,367,0.6653868411660742,0.1890657453501004,0.14554741348382552,0.0,0.0,0.0,4
Cell invasion protein SipA,368,0.4467126762985896,0.34739174098180753,0.0,0.2058955827196029,0.0,0.0,4
Cell invasion protein SipA,369,0.0,0.0,1.0,0.0,0.0,0.0,2
Cell invasion protein SipA,371,0.0,0.5274017048559478,0.0,0.4725982951440522,0.0,0.0,4
Cell invasion protein SipA,372,0.09847551367734007,0.6552710301512904,0.2061338111642415,0.036521426630861595,0.003598218376266434,0.0,4
Cell invasion protein SipA,373,0.20091889886990064,0.0,0.7990811011300993,0.0,0.0,0.0,4
Cell invasion protein SipA,374,0.9237024039413746,0.0,0.07629759605862546,0.0,0.0,0.0,2
Cell invasion protein SipA,375,0.41726890756302515,0.0,0.5827310924369749,0.0,0.0,0.0,4
Cofilin,16,0.0,0.0,1.0,0.0,0.0,0.0,6
Cofilin,23,0.0,0.0,1.0,0.0,0.0,0.0,6
Cofilin,24,0.0,1.0,0.0,0.0,0.0,0.0,1
Cofilin,25,0.17361802102339197,0.1571700199845392,0.0,0.39703368842416403,0.27217827056790483,0.0,6
Cofilin,26,0.255277167246491,0.39994883459795916,0.27102968054800286,0.0,0.0737443176075469,0.0,6
Cofilin,27,0.0018645987580531481,0.24336900726832536,0.7547663939736214,0.0,0.0,0.0,6
Cofilin,28,0.3672387623306796,0.5080981754285423,0.12466306224077807,0.0,0.0,0.0,6
Cofilin,29,0.027777777777777776,0.030952380952380953,0.9412698412698411,0.0,0.0,0.0,6
Cofilin,30,0.0,0.018357174114977805,0.9816428258850222,0.0,0.0,0.0,6
Cofilin,31,0.0,0.0,1.0,0.0,0.0,0.0,6
Cofilin,32,0.0,0.0,1.0,0.0,0.0,0.0,6
Cofilin,46,0.0,0.0,1.0,0.0,0.0,0.0,1
Cofilin,47,0.0,0.0,1.0,0.0,0.0,0.0,4
Cofilin,48,0.0,0.0,1.0,0.0,0.0,0.0,2
Cofilin,49,0.1977843293321595,0.0,0.3424394656817393,0.4597762049861012,0.0,0.0,6
Cofilin,50,0.0063277563277563285,0.3251078019581988,0.0,0.6685644417140448,0.0,0.0,6
Cofilin,53,0.0,0.8611111111111112,0.0,0.13888888888888887,0.0,0.0,6
Cofilin,56,0.0,0.42547001640743964,0.5745299835925604,0.0,0.0,0.0,6
Cofilin,57,0.0,1.0,0.0,0.0,0.0,0.0,6
Cofilin,59,0.0,0.0,1.0,0.0,0.0,0.0,5
Cofilin,60,0.0,1.0,0.0,0.0,0.0,0.0,5
Cofilin,61,0.0,0.4083524362481371,0.0,0.5916475637518629,0.0,0.0,5
Cofilin,88,0.0,1.0,0.0,0.0,0.0,0.0,1
Cofilin,91,0.0,0.5044204889411225,0.3923987414991064,0.10318076955977105,0.0,0.0,6
Cofilin,92,0.004749759739779699,0.01975813413188904,0.9754921061283314,0.0,0.0,0.0,6
Cofilin,93,0.0010384215991692627,0.08988149506733727,0.9090800833334934,0.0,0.0,0.0,6
Cofilin,94,0.0,0.0,1.0,0.0,0.0,0.0,6
Cofilin,95,0.17591017805988504,0.23864603457226097,0.48140474075507517,0.10403904661277881,0.0,0.0,6
Cofilin,96,0.0,0.5149819037786095,0.4850180962213904,0.0,0.0,0.0,6
Cofilin,97,0.0,0.3333333333333333,0.6666666666666666,0.0,0.0,0.0,3
Cofilin,100,0.0,0.0,1.0,0.0,0.0,0.0,6
Cofilin,133,1.0,0.0,0.0,0.0,0.0,0.0,6
Cofilin,134,1.0,0.0,0.0,0.0,0.0,0.0,2
Cofilin,135,1.0,0.0,0.0,0.0,0.0,0.0,6
Cofilin,136,1.0,0.0,0.0,0.0,0.0,0.0,6
Cofilin,139,1.0,0.0,0.0,0.0,0.0,0.0,6
Cofilin,140,1.0,0.0,0.0,0.0,0.0,0.0,6
Cofilin,143,0.7432310713604723,0.11148061758997004,0.1452883110495577,0.0,0.0,0.0,6
Cofilin,144,0.7063985050864175,0.0,0.2936014949135825,0.0,0.0,0.0,6
Cofilin,145,0.0009035331989007623,0.10471361891716331,0.6870105967375387,0.20737225114639732,0.0,0.0,6
Cofilin,146,0.14559324185582764,0.5827349875453662,0.27167177059880615,0.0,0.0,0.0,6
Cofilin,147,0.12854369092866386,0.6378941706331784,0.0,0.23356213843815768,0.0,0.0,6
Cofilin,148,0.4704448395195668,0.44426020536941935,0.08529495511101388,0.0,0.0,0.0,6
Cofilin,149,0.0,1.0,0.0,0.0,0.0,0.0,6
Cofilin,157,0.0,0.0,1.0,0.0,0.0,0.0,1
Cofilin,166,0.0,0.465625,0.0,0.534375,0.0,0.0,2
Cofilin,167,0.0,0.23892659577147435,0.6778692795210955,0.08320412470743013,0.0,0.0,6
Cofilin,168,0.15054586040294834,0.0,0.8494541395970517,0.0,0.0,0.0,6
Cofilin,169,0.009961955755953218,0.0,0.9900380442440468,0.0,0.0,0.0,6
Cofilin,207,0.0,0.0,1.0,0.0,0.0,0.0,6
Cofilin,210,0.0,0.0,1.0,0.0,0.0,0.0,6
Cofilin,211,1.0,0.0,0.0,0.0,0.0,0.0,4
Cofilin,214,0.6344779300635303,0.03266953538341343,0.3328525345530563,0.0,0.0,0.0,6
Cofilin,215,1.0,0.0,0.0,0.0,0.0,0.0,5
Cofilin,288,0.0,1.0,0.0,0.0,0.0,0.0,2
Cofilin,291,0.011040510962677837,0.027387472168761084,0.0,0.9615720168685611,0.0,0.0,6
Cofilin,292,0.09362182116488925,0.9048058517910856,0.0,0.0015723270440251575,0.0,0.0,2
Cofilin,296,0.0,1.0,0.0,0.0,0.0,0.0,6
Cofilin,305,0.0,0.9493300201671565,0.0,0.0,0.05066997983284344,0.0,6
Cofilin,326,0.0,0.05530356929600075,0.0,0.9446964307039992,0.0,0.0,6
Cofilin,328,0.0,0.3156540967294194,0.0,0.6843459032705806,0.0,0.0,6
Cofilin,330,0.0,0.0,0.0,1.0,0.0,0.0,6
Cofilin,331,0.0,0.0,0.0,1.0,0.0,0.0,1
Cofilin,332,0.0,0.0,0.9246237510145637,0.07537624898543635,0.0,0.0,6
Cofilin,333,0.0,0.01941996073912013,0.19863019912474567,0.37087391163961375,0.41107592849652047,0.0,6
Cofilin,334,0.36534274129416805,0.022318720110191145,0.2513917884757597,0.1964158678357184,0.16453088228416277,0.0,6
Cofilin,336,0.32571047687060445,0.6405529710841358,0.033670098031437334,0.0,6.645401382243488e-05,0.0,6
Cofilin,337,0.19861357092961252,0.26835745600956146,0.5324206721375647,0.0,0.0006083009232613726,0.0,6
Cofilin,338,1.0,0.0,0.0,0.0,0.0,0.0,2
Cofilin,341,0.8942774325765682,0.0,0.0,0.10572256742343174,0.0,0.0,6
Cofilin,342,1.0,0.0,0.0,0.0,0.0,0.0,6
Cofilin,344,0.0,0.0,1.0,0.0,0.0,0.0,1
Cofilin,345,0.5150158003061392,0.0,0.46117467588433697,0.023809523809523808,0.0,0.0,6
Cofilin,346,0.8403334990191836,0.15966650098081628,0.0,0.0,0.0,0.0,6
Cofilin,348,0.0,0.0,1.0,0.0,0.0,0.0,6
Cofilin,349,0.5228186393883653,0.08263452423623209,0.21744423353140033,0.1771026028440024,0.0,0.0,6
Cofilin,350,0.0,0.8096476197604444,0.0063442632960859745,0.18400811694346966,0.0,0.0,6
Cofilin,351,0.45387690702526146,0.1441119095296138,0.006791590910448454,0.09174606015474696,0.30347353237992936,0.0,6
Cofilin,352,0.9982753919563736,0.0017246080436264485,0.0,0.0,0.0,0.0,6
Cofilin,354,0.025139158007864388,0.08164677345305246,0.008144494801386298,0.0,0.8850695737376969,0.0,6
Cofilin,355,0.5513981547185333,0.42038934524065114,0.0035370421518242275,0.0,0.02467545788899127,0.0,6
Cofilin,375,0.6432948578393511,0.06322047513159933,0.2934846670290496,0.0,0.0,0.0,6
Cofilin (UNC-60B),16,0.0,0.0,1.0,0.0,0.0,0.0,1
Cofilin (UNC-60B),23,0.0,0.0,1.0,0.0,0.0,0.0,1
Cofilin (UNC-60B),25,0.11882288850801198,0.16219077712403257,0.0,0.4375752289411379,0.28141110542681763,0.0,1
Cofilin (UNC-60B),26,0.24626132560509126,0.40694637952828505,0.2642307295703487,0.0,0.08256156529627495,0.0,1
Cofilin (UNC-60B),27,0.0016031569860648666,0.2584606264832316,0.7399362165307034,0.0,0.0,0.0,1
Cofilin (UNC-60B),28,0.3724333821217489,0.49845205587645064,0.12911456200180044,0.0,0.0,0.0,1
Cofilin (UNC-60B),29,0.0,0.0773809523809524,0.9226190476190476,0.0,0.0,0.0,1
Cofilin (UNC-60B),30,0.0,0.01814613571702616,0.9818538642829738,0.0,0.0,0.0,1
Cofilin (UNC-60B),31,0.0,0.0,1.0,0.0,0.0,0.0,1
Cofilin (UNC-60B),32,0.0,0.0,1.0,0.0,0.0,0.0,1
Cofilin (UNC-60B),47,0.0,0.0,1.0,0.0,0.0,0.0,1
Cofilin (UNC-60B),49,0.15286993735215446,0.0,0.3831611645003454,0.46396889814750025,0.0,0.0,1
Cofilin (UNC-60B),50,0.0,0.3621288900917412,0.0,0.6378711099082587,0.0,0.0,1
Cofilin (UNC-60B),53,0.0,1.0,0.0,0.0,0.0,0.0,1
Cofilin (UNC-60B),56,0.0,0.3628900724879957,0.6371099275120043,0.0,0.0,0.0,1
Cofilin (UNC-60B),57,0.0,1.0,0.0,0.0,0.0,0.0,1
Cofilin (UNC-60B),59,0.0,0.0,1.0,0.0,0.0,0.0,1
Cofilin (UNC-60B),60,0.0,1.0,0.0,0.0,0.0,0.0,1
Cofilin (UNC-60B),61,0.0,0.5759386973180077,0.0,0.4240613026819924,0.0,0.0,1
Cofilin (UNC-60B),91,0.0,0.4933670189691744,0.4027448374364984,0.10388814359432712,0.0,0.0,1
Cofilin (UNC-60B),92,0.0,0.0,1.0,0.0,0.0,0.0,1
Cofilin (UNC-60B),93,0.0,0.05629722744966989,0.9437027725503301,0.0,0.0,0.0,1
Cofilin (UNC-60B),94,0.0,0.0,1.0,0.0,0.0,0.0,1
Cofilin (UNC-60B),95,0.17678342039583508,0.23392926427289915,0.48617495205586286,0.10311236327540287,0.0,0.0,1
Cofilin (UNC-60B),96,0.0,0.5733013251012317,0.42669867489876845,0.0,0.0,0.0,1
Cofilin (UNC-60B),97,0.0,0.0,1.0,0.0,0.0,0.0,1
Cofilin (UNC-60B),100,0.0,0.0,1.0,0.0,0.0,0.0,1
Cofilin (UNC-60B),133,1.0,0.0,0.0,0.0,0.0,0.0,1
Cofilin (UNC-60B),135,1.0,0.0,0.0,0.0,0.0,0.0,1
Cofilin (UNC-60B),139,1.0,0.0,0.0,0.0,0.0,0.0,1
Cofilin (UNC-60B),140,1.0,0.0,0.0,0.0,0.0,0.0,1
Cofilin (UNC-60B),143,0.7733681655391114,0.11485204307458141,0.11177979138630724,0.0,0.0,0.0,1
Cofilin (UNC-60B),144,0.7468839541879446,0.0,0.25311604581205543,0.0,0.0,0.0,1
Cofilin (UNC-60B),145,0.0006218905472636817,0.11644642631557257,0.7016586790539511,0.18127300408321267,0.0,0.0,1
Cofilin (UNC-60B),146,0.14819842338694963,0.5913853400982072,0.2604162365148432,0.0,0.0,0.0,1
Cofilin (UNC-60B),147,0.14485754341691,0.590589393515456,0.0,0.264553063067634,0.0,0.0,1
Cofilin (UNC-60B),148,0.48046277333678716,0.4658810790121317,0.05365614765108112,0.0,0.0,0.0,1
Cofilin (UNC-60B),149,0.0,1.0,0.0,0.0,0.0,0.0,1
Cofilin (UNC-60B),167,0.0,0.2265935643175904,0.7341550613631492,0.039251374319260283,0.0,0.0,1
Cofilin (UNC-60B),168,0.05448932737652022,0.0,0.9455106726234798,0.0,0.0,0.0,1
Cofilin (UNC-60B),169,0.0,0.0,1.0,0.0,0.0,0.0,1
Cofilin (UNC-60B),207,0.0,0.0,1.0,0.0,0.0,0.0,1
Cofilin (UNC-60B),210,0.0,0.0,1.0,0.0,0.0,0.0,1
Cofilin (UNC-60B),211,1.0,0.0,0.0,0.0,0.0,0.0,1
Cofilin (UNC-60B),214,0.6636257442187864,0.003956513571898188,0.33241774220931547,0.0,0.0,0.0,1
Cofilin (UNC-60B),215,1.0,0.0,0.0,0.0,0.0,0.0,1
Cofilin (UNC-60B),291,0.0,0.0,0.0,1.0,0.0,0.0,1
Cofilin (UNC-60B),296,0.0,1.0,0.0,0.0,0.0,0.0,1
Cofilin (UNC-60B),305,0.0,0.946014884521091,0.0,0.0,0.053985115478909086,0.0,1
Cofilin (UNC-60B),326,0.0,0.05853905255501,0.0,0.9414609474449899,0.0,0.0,1
Cofilin (UNC-60B),328,0.0,0.3116450177436046,0.0,0.6883549822563954,0.0,0.0,1
Cofilin (UNC-60B),330,0.0,0.0,0.029666446850968392,0.9703335531490316,0.0,0.0,1
Cofilin (UNC-60B),332,0.0,0.0,0.9905935347111817,0.009406465288818229,0.0,0.0,1
Cofilin (UNC-60B),333,0.0,0.017443315978048386,0.18929074801853596,0.31070925198146404,0.4825566840219517,0.0,1
Cofilin (UNC-60B),334,0.3441455321045697,0.028781294022612775,0.2149901525392304,0.23617940852088057,0.17590361281270653,0.0,1
Cofilin (UNC-60B),336,0.30915150083929094,0.6425393211903013,0.0483091779704077,0.0,0.0,0.0,1
Cofilin (UNC-60B),337,0.16651535854280555,0.2919092418788722,0.5415753995783222,0.0,0.0,0.0,1
Cofilin (UNC-60B),338,1.0,0.0,0.0,0.0,0.0,0.0,1
Cofilin (UNC-60B),341,0.8784857841064797,0.0,0.0,0.12151421589352035,0.0,0.0,1
Cofilin (UNC-60B),342,1.0,0.0,0.0,0.0,0.0,0.0,1
Cofilin (UNC-60B),345,0.5211717242053527,0.0,0.4788282757946473,0.0,0.0,0.0,1
Cofilin (UNC-60B),346,0.8265291695562076,0.17347083044379244,0.0,0.0,0.0,0.0,1
Cofilin (UNC-60B),348,0.0,0.0,1.0,0.0,0.0,0.0,1
Cofilin (UNC-60B),349,0.5236061895900398,0.07746579266973604,0.2282681251776326,0.17065989256259154,0.0,0.0,1
Cofilin (UNC-60B),350,0.0,0.8361556023405977,0.0,0.16384439765940229,0.0,0.0,1
Cofilin (UNC-60B),351,0.43017543390226637,0.16047221039948992,0.0,0.09115481053308888,0.31819754516515475,0.0,1
Cofilin (UNC-60B),352,1.0,0.0,0.0,0.0,0.0,0.0,1
Cofilin (UNC-60B),354,0.0,0.0,0.0,0.0,1.0,0.0,1
Cofilin (UNC-60B),355,0.5434303738819594,0.4560961412695557,0.0004734848484848485,0.0,0.0,0.0,1
Cofilin (UNC-60B),375,0.8308945366579588,0.02913169218079943,0.13997377116124185,0.0,0.0,0.0,1
Cofilin-1,21,0.0,0.0,1.0,0.0,0.0,0.0,4
Cofilin-1,23,0.0,0.0,1.0,0.0,0.0,0.0,7
Cofilin-1,24,0.0,0.0,1.0,0.0,0.0,0.0,8
Cofilin-1,25,0.32142857142857145,0.0,0.6785714285714286,0.0,0.0,0.0,7
Cofilin-1,26,0.0,0.29802162656047326,0.23819348325703757,0.46378489018248925,0.0,0.0,9
Cofilin-1,27,0.0,0.7796165669253252,0.08921243504700804,0.13117099802766663,0.0,0.0,9
Cofilin-1,28,0.0,0.04886254186460765,0.5928351940015121,0.3583022641338803,0.0,0.0,9
Cofilin-1,29,0.0,0.009526905927609724,0.9904730940723903,0.0,0.0,0.0,8
Cofilin-1,30,0.0,0.281218463016588,0.6595798135084205,0.0592017234749915,0.0,0.0,9
Cofilin-1,31,0.0,0.0,1.0,0.0,0.0,0.0,4
Cofilin-1,44,0.16101694915254236,0.03389830508474576,0.0,0.8050847457627118,0.0,0.0,1
Cofilin-1,45,0.06944444444444443,0.5277777777777778,0.0,0.40277777777777773,0.0,0.0,1
Cofilin-1,50,0.0,0.3067292644757434,0.6791862284820032,0.0,0.014084507042253521,0.0,1
Cofilin-1,51,0.0,0.0,1.0,0.0,0.0,0.0,3
Cofilin-1,53,0.0,0.0,1.0,0.0,0.0,0.0,5
Cofilin-1,56,0.0,0.0,1.0,0.0,0.0,0.0,9
Cofilin-1,57,0.13497178748668734,0.014060525596509253,0.40083519087949315,0.0,0.45013249603731026,0.0,9
Cofilin-1,60,0.0,0.0,1.0,0.0,0.0,0.0,2
Cofilin-1,61,0.005934718100890209,0.0,0.9622721492157693,0.0317931326833404,0.0,0.0,7
Cofilin-1,87,0.0,0.4084507042253521,0.5915492957746479,0.0,0.0,0.0,2
Cofilin-1,88,0.0,0.0,0.9143630554209301,0.0,0.08563694457906981,0.0,9
Cofilin-1,91,0.5973502980539058,0.0,0.4026497019460942,0.0,0.0,0.0,9
Cofilin-1,92,0.005778438170711572,0.045221200201480516,0.49727177177946746,0.03095194959389702,0.4207766402544435,0.0,9
Cofilin-1,93,0.0,0.0,0.7602054295563767,0.2397945704436234,0.0,0.0,9
Cofilin-1,94,0.0,0.0,1.0,0.0,0.0,0.0,8
Cofilin-1,95,0.26405383789467407,0.0,0.4589724240076564,0.275762497787592,0.0012112403100775194,0.0,9
Cofilin-1,96,0.32366914399741226,0.0,0.6763308560025877,0.0,0.0,0.0,9
Cofilin-1,97,0.3128447659944485,0.0,0.6871552340055516,0.0,0.0,0.0,9
Cofilin-1,99,0.0,0.0,1.0,0.0,0.0,0.0,8
Cofilin-1,100,0.0,0.5781326185471387,0.4218673814528613,0.0,0.0,0.0,9
Cofilin-1,101,0.0,0.7947269199903143,0.2052730800096857,0.0,0.0,0.0,9
Cofilin-1,133,1.0,0.0,0.0,0.0,0.0,0.0,7
Cofilin-1,140,1.0,0.0,0.0,0.0,0.0,0.0,8
Cofilin-1,143,0.6250366734973469,0.2525809884772805,0.03315727939681565,0.08922505862855694,0.0,0.0,9
Cofilin-1,144,0.7982466606011663,0.0,0.2017533393988336,0.0,0.0,0.0,9
Cofilin-1,145,0.057139784389919436,0.16690946765101275,0.7071336298240023,0.06881711813506547,0.0,0.0,9
Cofilin-1,146,0.5172466910141416,0.18069908206049023,0.3020542269253682,0.0,0.0,0.0,9
Cofilin-1,147,0.17162237358363727,0.7268030894093924,0.0,0.10157453700697024,0.0,0.0,9
Cofilin-1,148,0.2775043541317288,0.19565913426263323,0.3763481473797335,0.15048836422590442,0.0,0.0,9
Cofilin-1,149,0.0,0.9785531179080458,0.004683101532886617,0.01676378055906759,0.0,0.0,9
Cofilin-1,166,0.0,0.0,1.0,0.0,0.0,0.0,2
Cofilin-1,167,0.0,0.003073188005758671,0.3916272489387491,0.6052995630554922,0.0,0.0,9
Cofilin-1,168,0.0,0.0,0.0,1.0,0.0,0.0,9
Cofilin-1,169,0.0,0.0,0.32123669327398063,0.6787633067260193,0.0,0.0,9
Cofilin-1,214,0.0,0.0,0.0,1.0,0.0,0.0,1
Cofilin-1,215,0.041666666666666664,0.6292227831136458,0.32911055021968755,0.0,0.0,0.0,8
Cofilin-1,288,0.0,0.0,1.0,0.0,0.0,0.0,2
Cofilin-1,291,0.0,0.014466667323824263,0.007543409979850658,0.9779899226963251,0.0,0.0,8
Cofilin-1,292,0.0,0.032009973485788566,0.967156693180878,0.0008333333333333333,0.0,0.0,8
Cofilin-1,295,0.0,0.0,0.0,1.0,0.0,0.0,8
Cofilin-1,296,0.0,0.930104447122026,0.0,0.06989555287797405,0.0,0.0,9
Cofilin-1,305,0.0,0.0,0.0,1.0,0.0,0.0,3
Cofilin-1,326,0.0,0.01824448471826942,0.0,0.9817555152817306,0.0,0.0,8
Cofilin-1,328,0.0,0.44618184087156976,0.0,0.5538181591284302,0.0,0.0,9
Cofilin-1,330,0.0,0.012715836762446933,0.0,0.9872841632375532,0.0,0.0,9
Cofilin-1,331,0.0,0.0,0.0,1.0,0.0,0.0,4
Cofilin-1,332,0.09892702813229474,0.0,0.5802039093058684,0.3208690625618369,0.0,0.0,9
Cofilin-1,333,0.0,0.0,0.0,1.0,0.0,0.0,8
Cofilin-1,334,0.8754639440681908,0.0,0.09335375942917844,0.03118229650263076,0.0,0.0,9
Cofilin-1,336,0.0,0.0,0.0,1.0,0.0,0.0,9
Cofilin-1,337,0.0,0.03901484482341477,0.0,0.9609851551765851,0.0,0.0,9
Cofilin-1,338,1.0,0.0,0.0,0.0,0.0,0.0,9
Cofilin-1,341,1.0,0.0,0.0,0.0,0.0,0.0,9
Cofilin-1,342,1.0,0.0,0.0,0.0,0.0,0.0,9
Cofilin-1,343,1.0,0.0,0.0,0.0,0.0,0.0,1
Cofilin-1,345,0.5594324677794292,0.0,0.44056753222057066,0.0,0.0,0.0,9
Cofilin-1,346,0.6010400014806258,0.39895999851937425,0.0,0.0,0.0,0.0,9
Cofilin-1,348,0.0,0.0,1.0,0.0,0.0,0.0,9
Cofilin-1,349,0.4850639060918498,0.24114909021910347,0.26446230635781354,0.0,0.009324697331233278,0.0,9
Cofilin-1,350,0.0,0.0,0.8047059010842239,0.19529409891577615,0.0,0.0,9
Cofilin-1,351,0.1972159767915225,0.11256164307256734,0.4388466480899933,7.002801120448179e-05,0.25130570403471236,0.0,8
Cofilin-1,352,0.3655003145628879,0.571021457161917,0.0,0.0,0.06347822827519509,0.0,8
Cofilin-1,354,0.0,0.0,0.125,0.0,0.875,0.0,8
Cofilin-1,355,0.4786602298071586,0.1149980367633895,0.0,0.0,0.40634173342945185,0.0,8
Cofilin-1,375,1.0,0.0,0.0,0.0,0.0,0.0,5
Cofilin-2,4,0.0,1.0,0.0,0.0,0.0,0.0,4
Cofilin-2,5,0.0,1.0,0.0,0.0,0.0,0.0,2
Cofilin-2,21,0.0,0.0,1.0,0.0,0.0,0.0,7
Cofilin-2,23,0.0,0.0,1.0,0.0,0.0,0.0,2
Cofilin-2,24,0.0,0.0,1.0,0.0,0.0,0.0,8
Cofilin-2,25,0.037037037037037035,0.0,0.9629629629629629,0.0,0.0,0.0,9
Cofilin-2,26,0.0,0.21047957727515842,0.3635917332795913,0.42592868944525025,0.0,0.0,10
Cofilin-2,27,0.0,0.6989660898180737,0.09768913534763687,0.20334477483428937,0.0,0.0,10
Cofilin-2,28,0.0,0.043472093424247835,0.5659703507418977,0.39055755583385443,0.0,0.0,10
Cofilin-2,29,0.0,0.0,1.0,0.0,0.0,0.0,10
Cofilin-2,30,0.0,0.38591275327180424,0.6007647147306655,0.013322531997530238,0.0,0.0,10
Cofilin-2,31,0.0,0.0,1.0,0.0,0.0,0.0,1
Cofilin-2,50,0.0,0.3399547518214889,0.643446975712885,0.0,0.016598272465626132,0.0,4
Cofilin-2,53,0.0,0.0,1.0,0.0,0.0,0.0,3
Cofilin-2,56,0.0,0.0,1.0,0.0,0.0,0.0,10
Cofilin-2,57,0.13946167190432698,0.0,0.40810328268205864,0.0,0.4524350454136143,0.0,10
Cofilin-2,60,0.0,0.0,1.0,0.0,0.0,0.0,1
Cofilin-2,61,0.0,0.0,1.0,0.0,0.0,0.0,2
Cofilin-2,88,0.0,0.0,0.69576376175459,0.0,0.30423623824541,0.0,10
Cofilin-2,91,0.6718275174473037,0.0,0.32817248255269627,0.0,0.0,0.0,10
Cofilin-2,92,0.0,0.04252272705216999,0.4329147338487573,0.006088524956556061,0.5184740141425166,0.0,10
Cofilin-2,93,0.0,0.0,0.7938689982717789,0.20492173364484953,0.001209268083371578,0.0,10
Cofilin-2,94,0.0,0.0,1.0,0.0,0.0,0.0,10
Cofilin-2,95,0.2460070275929806,0.0,0.46959990146403624,0.2843930709429832,0.0,0.0,10
Cofilin-2,96,0.31905746791873807,0.0,0.6809425320812619,0.0,0.0,0.0,10
Cofilin-2,97,0.33367410346121973,0.0,0.6663258965387803,0.0,0.0,0.0,10
Cofilin-2,99,0.0,0.0,1.0,0.0,0.0,0.0,9
Cofilin-2,100,0.0,0.5927311000357103,0.40726889996428967,0.0,0.0,0.0,10
Cofilin-2,101,0.0,0.7549181391437456,0.24508186085625433,0.0,0.0,0.0,10
Cofilin-2,133,0.9,0.1,0.0,0.0,0.0,0.0,10
Cofilin-2,134,1.0,0.0,0.0,0.0,0.0,0.0,5
Cofilin-2,135,1.0,0.0,0.0,0.0,0.0,0.0,9
Cofilin-2,136,1.0,0.0,0.0,0.0,0.0,0.0,9
Cofilin-2,139,1.0,0.0,0.0,0.0,0.0,0.0,9
Cofilin-2,140,1.0,0.0,0.0,0.0,0.0,0.0,10
Cofilin-2,143,0.7920076669573521,0.1626138884852658,0.03597762562295208,0.009400818934429997,0.0,0.0,10
Cofilin-2,144,0.8190110994478881,0.0,0.18098890055211198,0.0,0.0,0.0,10
Cofilin-2,145,0.041691759436514715,0.12756913532400754,0.7937000560041516,0.03703904923532615,0.0,0.0,10
Cofilin-2,146,0.5183207040554266,0.1676385121357447,0.3140407838088287,0.0,0.0,0.0,10
Cofilin-2,147,0.1496240134618938,0.7180699000720608,0.0,0.13230608646604536,0.0,0.0,10
Cofilin-2,148,0.34548318017203955,0.18411844076706518,0.4093651067596622,0.061033272301233045,0.0,0.0,10
Cofilin-2,149,0.0,0.8898025528061316,0.0,0.11019744719386834,0.0,0.0,10
Cofilin-2,166,0.0,0.0,0.0,1.0,0.0,0.0,3
Cofilin-2,167,0.0,0.0,0.2523607149048001,0.7476392850951998,0.0,0.0,10
Cofilin-2,168,1.0,0.0,0.0,0.0,0.0,0.0,9
Cofilin-2,169,0.3579883844263617,0.0,0.01908556380738146,0.6229260517662568,0.0,0.0,10
Cofilin-2,214,0.0,0.0,0.0,1.0,0.0,0.0,1
Cofilin-2,215,0.3213768322282755,0.6786231677717245,0.0,0.0,0.0,0.0,10
Cofilin-2,291,0.0,0.0,0.06702338613239783,0.9329766138676021,0.0,0.0,10
Cofilin-2,292,0.0,0.03508644636056774,0.9649135536394322,0.0,0.0,0.0,10
Cofilin-2,295,0.0,1.0,0.0,0.0,0.0,0.0,2
Cofilin-2,296,0.0,1.0,0.0,0.0,0.0,0.0,10
Cofilin-2,305,0.0,0.0,0.0,1.0,0.0,0.0,2
Cofilin-2,326,0.0,0.0,0.0,1.0,0.0,0.0,10
Cofilin-2,328,0.0,0.29626893306674706,0.0,0.683750334755989,0.019980732177263972,0.0,10
Cofilin-2,330,0.0,0.037037037037037035,0.0,0.9629629629629629,0.0,0.0,9
Cofilin-2,331,0.0,0.0,0.0,1.0,0.0,0.0,1
Cofilin-2,332,0.6416545885818189,0.0,0.2436353888956586,0.11471002252252252,0.0,0.0,10
Cofilin-2,333,0.4642857142857143,0.0,0.03571428571428572,0.5,0.0,0.0,4
Cofilin-2,334,0.9757669507809684,0.0,0.024233049219031525,0.0,0.0,0.0,10
Cofilin-2,336,0.0,0.0,0.0,1.0,0.0,0.0,10
Cofilin-2,337,0.0,0.04637716201872051,0.0,0.9536228379812794,0.0,0.0,10
Cofilin-2,338,1.0,0.0,0.0,0.0,0.0,0.0,8
Cofilin-2,341,1.0,0.0,0.0,0.0,0.0,0.0,10
Cofilin-2,342,1.0,0.0,0.0,0.0,0.0,0.0,10
Cofilin-2,345,0.5827346933777892,0.0,0.41726530662221084,0.0,0.0,0.0,10
Cofilin-2,346,0.6221474120216105,0.3778525879783895,0.0,0.0,0.0,0.0,10
Cofilin-2,348,0.0,0.0,1.0,0.0,0.0,0.0,10
Cofilin-2,349,0.45281975566876553,0.22188282812686286,0.31465504244468856,0.0,0.010642373759683028,0.0,10
Cofilin-2,350,0.0,0.0,0.9521073268091719,0.047892673190828086,0.0,0.0,10
Cofilin-2,351,0.1918870049094749,0.14245140685473207,0.4318136745659967,0.0,0.2338479136697964,0.0,10
Cofilin-2,352,0.37956812215285163,0.5795799656733822,0.0,0.0,0.04085191217376606,0.0,10
Cofilin-2,353,0.0,0.0,1.0,0.0,0.0,0.0,1
Cofilin-2,354,0.0,0.08678366547911663,0.0,0.0,0.9132163345208834,0.0,9
Cofilin-2,355,0.552886710437727,0.16582548384756735,0.0,0.0,0.28128780571470574,0.0,10
Cofilin-2,375,0.9,0.1,0.0,0.0,0.0,0.0,10
"Coronin-1B,Methylated-DNA--protein-cysteine methyltransferase",6,1.0,0.0,0.0,0.0,0.0,0.0,1
"Coronin-1B,Methylated-DNA--protein-cysteine methyltransferase",37,0.41776448661155313,0.19099563636878128,0.3435803865328792,0.0011712599944611192,0.04648823049232523,0.0,6
"Coronin-1B,Methylated-DNA--protein-cysteine methyltransferase",38,0.0,0.0,1.0,0.0,0.0,0.0,5
"Coronin-1B,Methylated-DNA--protein-cysteine methyltransferase",39,0.0,0.0,1.0,0.0,0.0,0.0,5
"Coronin-1B,Methylated-DNA--protein-cysteine methyltransferase",40,0.0,0.0,1.0,0.0,0.0,0.0,3
"Coronin-1B,Methylated-DNA--protein-cysteine methyltransferase",41,0.0,0.5304347826086957,0.46956521739130436,0.0,0.0,0.0,3
"Coronin-1B,Methylated-DNA--protein-cysteine methyltransferase",42,0.0,0.0,1.0,0.0,0.0,0.0,1
"Coronin-1B,Methylated-DNA--protein-cysteine methyltransferase",49,0.0,0.0,1.0,0.0,0.0,0.0,1
"Coronin-1B,Methylated-DNA--protein-cysteine methyltransferase",50,0.0,0.5059541819442431,0.0,0.4940458180557568,0.0,0.0,6
"Coronin-1B,Methylated-DNA--protein-cysteine methyltransferase",51,0.04339414040906578,0.6905033721517234,0.06247865408202438,0.18723054090172717,0.01639329245545923,0.0,6
"Coronin-1B,Methylated-DNA--protein-cysteine methyltransferase",52,0.0,1.0,0.0,0.0,0.0,0.0,5
"Coronin-1B,Methylated-DNA--protein-cysteine methyltransferase",66,0.0,0.0,1.0,0.0,0.0,0.0,5
"Coronin-1B,Methylated-DNA--protein-cysteine methyltransferase",68,0.03480270174191255,0.0,0.8233917427025318,0.14180555555555557,0.0,0.0,5
"Coronin-1B,Methylated-DNA--protein-cysteine methyltransferase",75,0.0,0.0,1.0,0.0,0.0,0.0,1
"Coronin-1B,Methylated-DNA--protein-cysteine methyltransferase",76,0.0,0.0,0.30994146594146593,0.6900585340585341,0.0,0.0,5
"Coronin-1B,Methylated-DNA--protein-cysteine methyltransferase",77,0.0,0.0,0.03589344578742613,0.964106554212574,0.0,0.0,5
"Coronin-1B,Methylated-DNA--protein-cysteine methyltransferase",78,0.43506951689363493,0.0,0.02492884298726969,0.5400016401190953,0.0,0.0,5
"Coronin-1B,Methylated-DNA--protein-cysteine methyltransferase",79,0.0,0.0,0.6605341758963801,0.3394658241036199,0.0,0.0,5
"Coronin-1B,Methylated-DNA--protein-cysteine methyltransferase",80,0.15821389255229254,0.06844165615833624,0.503335900515294,0.05747909410322174,0.21252945667085554,0.0,6
"Coronin-1B,Methylated-DNA--protein-cysteine methyltransferase",81,0.9930505050505051,0.0,0.0,0.0,0.00694949494949495,0.0,5
"Coronin-1B,Methylated-DNA--protein-cysteine methyltransferase",83,0.0,0.7073364884945946,0.2299484269033809,0.0,0.06271508460202457,0.0,6
"Coronin-1B,Methylated-DNA--protein-cysteine methyltransferase",84,0.003573931030894708,0.6346394525065092,0.003482417009962009,0.09068036335344198,0.2676238360991921,0.0,6
"Coronin-1B,Methylated-DNA--protein-cysteine methyltransferase",87,0.00024138053675367842,0.879036647953113,0.12072197151013346,0.0,0.0,0.0,6
"Coronin-1B,Methylated-DNA--protein-cysteine methyltransferase",91,0.07024219397059206,0.4560792390070932,0.47367856702231476,0.0,0.0,0.0,6
"Coronin-1B,Methylated-DNA--protein-cysteine methyltransferase",92,0.0,1.0,0.0,0.0,0.0,0.0,1
"Coronin-1B,Methylated-DNA--protein-cysteine methyltransferase",95,0.9912663755458515,0.0,0.008733624454148473,0.0,0.0,0.0,1
"Coronin-1B,Methylated-DNA--protein-cysteine methyltransferase",96,0.6934306569343066,0.0,0.30656934306569344,0.0,0.0,0.0,1
"Coronin-1B,Methylated-DNA--protein-cysteine methyltransferase",97,0.15053763440860216,0.0,0.8494623655913979,0.0,0.0,0.0,1
"Coronin-1B,Methylated-DNA--protein-cysteine methyltransferase",99,0.706370178046805,0.0,0.26852942034676924,0.020749665327978582,0.004350736278447122,0.0,6
"Coronin-1B,Methylated-DNA--protein-cysteine methyltransferase",100,0.353023164258692,0.0,0.646976835741308,0.0,0.0,0.0,6
"Coronin-1B,Methylated-DNA--protein-cysteine methyltransferase",101,0.0,0.0,1.0,0.0,0.0,0.0,1
"Coronin-1B,Methylated-DNA--protein-cysteine methyltransferase",102,0.9987555555555556,0.0,0.0012444444444444443,0.0,0.0,0.0,5
"Coronin-1B,Methylated-DNA--protein-cysteine methyltransferase",114,0.0,0.0,0.9833112582781457,0.016688741721854302,0.0,0.0,5
"Coronin-1B,Methylated-DNA--protein-cysteine methyltransferase",115,0.0,0.0,1.0,0.0,0.0,0.0,5
"Coronin-1B,Methylated-DNA--protein-cysteine methyltransferase",117,0.01149425287356322,0.0,0.9885057471264368,0.0,0.0,0.0,1
"Coronin-1B,Methylated-DNA--protein-cysteine methyltransferase",118,0.028460772060435884,0.3835064325414663,0.5880327953980977,0.0,0.0,0.0,6
"Coronin-1B,Methylated-DNA--protein-cysteine methyltransferase",121,0.17022231864000684,0.5786449202374913,0.1637698275570596,0.0873629335654423,0.0,0.0,6
"Coronin-1B,Methylated-DNA--protein-cysteine methyltransferase",122,0.0,1.0,0.0,0.0,0.0,0.0,5
"Coronin-1B,Methylated-DNA--protein-cysteine methyltransferase",124,0.0,0.0,1.0,0.0,0.0,0.0,1
"Coronin-1B,Methylated-DNA--protein-cysteine methyltransferase",125,0.1543738069552724,0.2704118449138643,0.5736424572385842,0.0015718908922792414,0.0,0.0,6
"Coronin-1B,Methylated-DNA--protein-cysteine methyltransferase",126,0.019761407054235652,0.26762004040074583,0.7095620598403763,0.0030564927046420665,0.0,0.0,6
"Coronin-1B,Methylated-DNA--protein-cysteine methyltransferase",127,0.04517133956386293,0.2592257415786828,0.6956029188574543,0.0,0.0,0.0,6
"Coronin-1B,Methylated-DNA--protein-cysteine methyltransferase",128,0.21002537021950515,0.0,0.7899746297804948,0.0,0.0,0.0,6
"Coronin-1B,Methylated-DNA--protein-cysteine methyltransferase",130,0.7466443990715919,0.0,0.2533556009284082,0.0,0.0,0.0,5
"Coronin-1B,Methylated-DNA--protein-cysteine methyltransferase",131,1.0,0.0,0.0,0.0,0.0,0.0,5
"Coronin-1B,Methylated-DNA--protein-cysteine methyltransferase",169,0.0,0.0,1.0,0.0,0.0,0.0,1
"Coronin-1B,Methylated-DNA--protein-cysteine methyltransferase",196,0.0,0.6836024332715336,0.30427635460725433,0.01212121212121212,0.0,0.0,5
"Coronin-1B,Methylated-DNA--protein-cysteine methyltransferase",198,0.0,0.0,1.0,0.0,0.0,0.0,4
"Coronin-1B,Methylated-DNA--protein-cysteine methyltransferase",222,0.0,0.0,0.981725801955769,0.01827419804423102,0.0,0.0,5
"Coronin-1B,Methylated-DNA--protein-cysteine methyltransferase",224,0.005241379310344828,0.17235508300941255,0.8224035376802427,0.0,0.0,0.0,5
"Coronin-1B,Methylated-DNA--protein-cysteine methyltransferase",225,0.0,0.0,1.0,0.0,0.0,0.0,5
"Coronin-1B,Methylated-DNA--protein-cysteine methyltransferase",230,0.0,0.5990299389465559,0.0,0.0,0.4009700610534441,0.0,5
"Coronin-1B,Methylated-DNA--protein-cysteine methyltransferase",231,0.0,0.3434408891914297,0.0,0.0,0.6565591108085703,0.0,5
"Coronin-1B,Methylated-DNA--protein-cysteine methyltransferase",232,0.0,0.6708128439394654,0.08104600913803732,0.0,0.2481411469224973,0.0,5
"Coronin-1B,Methylated-DNA--protein-cysteine methyltransferase",233,0.0,0.20049696319027052,0.05360320157759725,0.0,0.7458998352321322,0.0,5
"Coronin-1B,Methylated-DNA--protein-cysteine methyltransferase",234,0.2335596461592663,0.5755997334963883,0.0017744916820702406,0.0,0.18906612866227515,0.0,5
"Coronin-1B,Methylated-DNA--protein-cysteine methyltransferase",235,0.0,1.0,0.0,0.0,0.0,0.0,4
"Coronin-1B,Methylated-DNA--protein-cysteine methyltransferase",237,0.0917486152491316,0.7698364558127304,0.131473667585112,0.005859010270774977,0.0010822510822510823,0.0,5
"Coronin-1B,Methylated-DNA--protein-cysteine methyltransferase",239,0.7710185882067011,0.0,0.22689790048419586,0.0020835113091031395,0.0,0.0,5
"Coronin-1B,Methylated-DNA--protein-cysteine methyltransferase",246,0.0,0.0,1.0,0.0,0.0,0.0,4
"Coronin-1B,Methylated-DNA--protein-cysteine methyltransferase",247,0.012260016460491185,0.0,0.821844161746799,0.16589582179270984,0.0,0.0,5
"Coronin-1B,Methylated-DNA--protein-cysteine methyltransferase",248,0.0,0.0,1.0,0.0,0.0,0.0,3
"Coronin-1B,Methylated-DNA--protein-cysteine methyltransferase",249,0.0012589636465673132,0.0050264550264550265,0.9933961099893981,0.00031847133757961787,0.0,0.0,5
"Coronin-1B,Methylated-DNA--protein-cysteine methyltransferase",251,0.0,1.0,0.0,0.0,0.0,0.0,5
"Coronin-1B,Methylated-DNA--protein-cysteine methyltransferase",252,0.0,1.0,0.0,0.0,0.0,0.0,4
"Coronin-1B,Methylated-DNA--protein-cysteine methyltransferase",265,0.0,0.0,1.0,0.0,0.0,0.0,2
"Coronin-1B,Methylated-DNA--protein-cysteine methyltransferase",270,0.0,0.0,1.0,0.0,0.0,0.0,4
"Coronin-1B,Methylated-DNA--protein-cysteine methyltransferase",279,0.0,0.0,1.0,0.0,0.0,0.0,2
"Coronin-1B,Methylated-DNA--protein-cysteine methyltransferase",315,0.0,0.025420560747663558,0.04198134805264119,0.9325980911996952,0.0,0.0,5
"Coronin-1B,Methylated-DNA--protein-cysteine methyltransferase",316,0.0,0.95,0.05,0.0,0.0,0.0,4
"Coronin-1B,Methylated-DNA--protein-cysteine methyltransferase",318,0.0,0.0,1.0,0.0,0.0,0.0,5
"Coronin-1B,Methylated-DNA--protein-cysteine methyltransferase",319,0.0,0.4503284842083066,0.4639530255521781,0.0857184902395152,0.0,0.0,5
"Coronin-1B,Methylated-DNA--protein-cysteine methyltransferase",320,0.0,0.12307291281072612,0.8692837750873631,0.007643312101910829,0.0,0.0,5
"Coronin-1B,Methylated-DNA--protein-cysteine methyltransferase",321,0.0,0.0,1.0,0.0,0.0,0.0,5
"Coronin-1B,Methylated-DNA--protein-cysteine methyltransferase",322,0.0,0.0,1.0,0.0,0.0,0.0,5
"Coronin-1B,Methylated-DNA--protein-cysteine methyltransferase",323,0.0,0.0,1.0,0.0,0.0,0.0,5
"Coronin-1B,Methylated-DNA--protein-cysteine methyltransferase",350,0.0,1.0,0.0,0.0,0.0,0.0,1
"Coronin-1B,Methylated-DNA--protein-cysteine methyltransferase",351,0.0,1.0,0.0,0.0,0.0,0.0,1
"Coronin-1B,Methylated-DNA--protein-cysteine methyltransferase",353,0.7932991040525046,0.00772626931567329,0.19897462663182208,0.0,0.0,0.0,6
"Coronin-1B,Methylated-DNA--protein-cysteine methyltransferase",354,0.5715608259648918,0.08379180328752199,0.3220513802616875,0.0,0.022595990485898745,0.0,6
"Coronin-1B,Methylated-DNA--protein-cysteine methyltransferase",355,0.0,0.29545454545454547,0.7045454545454545,0.0,0.0,0.0,5
"Coronin-1B,Methylated-DNA--protein-cysteine methyltransferase",356,0.5684139940555752,0.16666666666666666,0.26491933927775807,0.0,0.0,0.0,6
"Coronin-1B,Methylated-DNA--protein-cysteine methyltransferase",357,0.06655081870719161,0.0,0.9334491812928084,0.0,0.0,0.0,5
"Coronin-1B,Methylated-DNA--protein-cysteine methyltransferase",358,0.8705820426626277,0.11495726495726495,0.01446069238010733,0.0,0.0,0.0,6
"Coronin-1B,Methylated-DNA--protein-cysteine methyltransferase",359,0.0,0.0,1.0,0.0,0.0,0.0,6
"Coronin-1B,Methylated-DNA--protein-cysteine methyltransferase",360,0.03741911785135826,0.8448944216985778,0.11768646045006398,0.0,0.0,0.0,6
"Coronin-1B,Methylated-DNA--protein-cysteine methyltransferase",361,0.07766278883866728,0.3587977365903589,0.5635394745709738,0.0,0.0,0.0,6
"Coronin-1B,Methylated-DNA--protein-cysteine methyltransferase",362,0.0,0.0,1.0,0.0,0.0,0.0,5
"Coronin-1B,Methylated-DNA--protein-cysteine methyltransferase",363,0.0,0.0,1.0,0.0,0.0,0.0,5
"Coronin-1B,Methylated-DNA--protein-cysteine methyltransferase",364,0.0014144696300074922,0.05205633255797764,0.9428936058548739,0.0036355919571409985,0.0,0.0,6
"Coronin-1B,Methylated-DNA--protein-cysteine methyltransferase",365,0.39283506538585217,0.0,0.6071649346141479,0.0,0.0,0.0,6
"Coronin-1B,Methylated-DNA--protein-cysteine methyltransferase",366,0.0,0.0,1.0,0.0,0.0,0.0,5
"Coronin-1B,Methylated-DNA--protein-cysteine methyltransferase",367,0.0,0.0,1.0,0.0,0.0,0.0,5
"Coronin-1B,Methylated-DNA--protein-cysteine methyltransferase",368,0.8333333333333334,0.0,0.16666666666666666,0.0,0.0,0.0,6
"Coronin-1B,Methylated-DNA--protein-cysteine methyltransferase",369,0.2680045157334433,0.0,0.7319954842665567,0.0,0.0,0.0,5
"Coronin-1B,Methylated-DNA--protein-cysteine methyltransferase",372,0.8284049401826898,0.009679617413602052,0.1619154424037081,0.0,0.0,0.0,6
"Coronin-1B,Methylated-DNA--protein-cysteine methyltransferase",373,0.06399653826749419,0.4109064512520048,0.5167636771471676,0.0,0.008333333333333333,0.0,6
Dematin actin binding protein,2,0.060269539186472466,0.0901510535055053,0.8484633358794509,0.0011160714285714287,0.0,0.0,2
Dematin actin binding protein,3,0.0,0.022379997772580464,0.9776200022274195,0.0,0.0,0.0,2
Dematin actin binding protein,4,0.2803512297423483,0.11871320405144428,0.6009355662062075,0.0,0.0,0.0,2
Dematin actin binding protein,5,0.14548300519313026,0.2793260454868201,0.5751909493200495,0.0,0.0,0.0,2
Dematin actin binding protein,6,0.6517801179769178,0.0,0.3482198820230823,0.0,0.0,0.0,2
Dematin actin binding protein,21,0.8681638323395278,0.044944022928255244,0.08689214473221701,0.0,0.0,0.0,2
Dematin actin binding protein,22,0.5767997043606801,0.0,0.41931140675043116,0.003888888888888889,0.0,0.0,2
Dematin actin binding protein,23,0.5783157636428526,0.0,0.4085855029869999,0.013098733370147504,0.0,0.0,2
Dematin actin binding protein,24,0.6667103107101873,0.0,0.25316395631001987,0.08012573297979281,0.0,0.0,2
Dematin actin binding protein,25,0.6753131113174269,0.19068985244262532,0.13399703623994785,0.0,0.0,0.0,2
Dematin actin binding protein,26,0.0,0.875,0.125,0.0,0.0,0.0,2
Dematin actin binding protein,27,0.0,1.0,0.0,0.0,0.0,0.0,2
Dematin actin binding protein,28,0.9258011453240124,0.0,0.07419885467598751,0.0,0.0,0.0,2
Dematin actin binding protein,38,0.0,0.07646542866037702,0.923534571339623,0.0,0.0,0.0,2
Dematin actin binding protein,39,0.3998003066608653,0.5453037626485241,0.054895930690610634,0.0,0.0,0.0,2
Dematin actin binding protein,40,0.3263907527208575,0.0,0.6736092472791425,0.0,0.0,0.0,2
Dematin actin binding protein,41,0.9440355241538223,0.0,0.055964475846177766,0.0,0.0,0.0,2
Dematin actin binding protein,42,0.30589289655716834,0.0,0.6941071034428317,0.0,0.0,0.0,2
Dematin actin binding protein,43,0.8519298006442287,0.0,0.14807019935577123,0.0,0.0,0.0,2
Dematin actin binding protein,44,0.0,0.0,1.0,0.0,0.0,0.0,2
Dematin actin binding protein,45,0.41100006463141314,0.0,0.5889999353685869,0.0,0.0,0.0,2
Dematin actin binding protein,46,0.0,0.26785165586269144,0.7321483441373084,0.0,0.0,0.0,2
Dematin actin binding protein,47,0.0,0.0,1.0,0.0,0.0,0.0,2
Dematin actin binding protein,48,0.0,0.0,1.0,0.0,0.0,0.0,2
Dematin actin binding protein,49,0.0,0.07363842177418212,0.9238832634798451,0.0024783147459727386,0.0,0.0,2
Dematin actin binding protein,50,0.0,0.0,1.0,0.0,0.0,0.0,2
Dematin actin binding protein,51,0.0,0.0,1.0,0.0,0.0,0.0,1
Dematin actin binding protein,95,0.4945409392817257,0.5054590607182743,0.0,0.0,0.0,0.0,2
Dematin actin binding protein,96,0.2711834940298951,0.7223176487585086,0.006498857211596295,0.0,0.0,0.0,2
Dematin actin binding protein,97,0.3644880632326848,0.6355119367673152,0.0,0.0,0.0,0.0,2
Dematin actin binding protein,99,0.0,0.0,1.0,0.0,0.0,0.0,2
Dematin actin binding protein,100,0.15683474931591163,0.5023907103825136,0.3345289214476818,0.006245618853892878,0.0,0.0,2
Dematin actin binding protein,101,0.235654872398887,0.2902997617764177,0.47404536582469525,0.0,0.0,0.0,2
Dematin actin binding protein,102,0.0,1.0,0.0,0.0,0.0,0.0,2
Dematin actin binding protein,121,0.5555555555555556,0.0,0.0,0.4444444444444445,0.0,0.0,1
Dematin actin binding protein,125,0.32795698924731176,0.0,0.6720430107526881,0.0,0.0,0.0,1
Dematin actin binding protein,130,0.0,0.8892147839607866,0.11078521603921335,0.0,0.0,0.0,2
Dematin actin binding protein,131,0.0,1.0,0.0,0.0,0.0,0.0,2
Dematin actin binding protein,133,1.0,0.0,0.0,0.0,0.0,0.0,2
Dematin actin binding protein,143,0.5,0.5,0.0,0.0,0.0,0.0,2
Dematin actin binding protein,144,0.4298914140882589,0.4274419225721852,0.0,0.14266666333955588,0.0,0.0,2
Dematin actin binding protein,145,0.5197853711911453,0.024411179098679098,0.036740218451612294,0.41906323125856326,0.0,0.0,2
Dematin actin binding protein,146,0.8330815872939197,0.13584147150188555,0.03107694120419465,0.0,0.0,0.0,2
Dematin actin binding protein,147,0.5,0.0,0.14446194284827568,0.35553805715172426,0.0,0.0,2
Dematin actin binding protein,168,0.0,0.0,1.0,0.0,0.0,0.0,2
Dematin actin binding protein,169,0.0,0.0,1.0,0.0,0.0,0.0,2
Dematin actin binding protein,172,1.0,0.0,0.0,0.0,0.0,0.0,2
Dematin actin binding protein,215,0.0,1.0,0.0,0.0,0.0,0.0,1
Dematin actin binding protein,216,0.0,0.5,0.5,0.0,0.0,0.0,2
Dematin actin binding protein,218,1.0,0.0,0.0,0.0,0.0,0.0,1
Dematin actin binding protein,219,1.0,0.0,0.0,0.0,0.0,0.0,1
Dematin actin binding protein,221,0.0,1.0,0.0,0.0,0.0,0.0,2
Dematin actin binding protein,222,0.0,1.0,0.0,0.0,0.0,0.0,2
Dematin actin binding protein,223,0.0,1.0,0.0,0.0,0.0,0.0,2
Dematin actin binding protein,224,0.0,1.0,0.0,0.0,0.0,0.0,2
Dematin actin binding protein,226,1.0,0.0,0.0,0.0,0.0,0.0,1
Dematin actin binding protein,229,1.0,0.0,0.0,0.0,0.0,0.0,1
Dematin actin binding protein,230,1.0,0.0,0.0,0.0,0.0,0.0,1
Dematin actin binding protein,231,1.0,0.0,0.0,0.0,0.0,0.0,1
Dematin actin binding protein,232,0.7805486284289277,0.21945137157107236,0.0,0.0,0.0,0.0,1
Dematin actin binding protein,233,0.7360139860139859,0.0,0.263986013986014,0.0,0.0,0.0,1
Dematin actin binding protein,234,0.5658119658119658,0.23760683760683762,0.19658119658119658,0.0,0.0,0.0,1
Dematin actin binding protein,235,0.0,0.016,0.9840000000000001,0.0,0.0,0.0,1
Dematin actin binding protein,237,0.05774278215223097,0.7926509186351706,0.14960629921259844,0.0,0.0,0.0,1
Dematin actin binding protein,238,0.5,0.03608247422680413,0.4639175257731959,0.0,0.0,0.0,2
Dematin actin binding protein,239,0.5,0.15398230088495574,0.34601769911504426,0.0,0.0,0.0,2
Dematin actin binding protein,240,1.0,0.0,0.0,0.0,0.0,0.0,1
Dematin actin binding protein,241,1.0,0.0,0.0,0.0,0.0,0.0,1
Dematin actin binding protein,247,0.5,0.0,0.5,0.0,0.0,0.0,2
Dematin actin binding protein,249,0.0,1.0,0.0,0.0,0.0,0.0,1
Dematin actin binding protein,259,0.0,1.0,0.0,0.0,0.0,0.0,2
Dematin actin binding protein,262,0.0,0.8042857142857143,0.1957142857142857,0.0,0.0,0.0,2
Dematin actin binding protein,263,0.0917490407488363,0.7215927503915809,0.18665820885958276,0.0,0.0,0.0,2
Dematin actin binding protein,264,0.0,0.0,1.0,0.0,0.0,0.0,2
Dematin actin binding protein,265,0.31998311987821204,0.40284006457157984,0.2771768155502082,0.0,0.0,0.0,2
Dematin actin binding protein,266,0.5520627807467624,0.4479372192532376,0.0,0.0,0.0,0.0,2
Dematin actin binding protein,268,1.0,0.0,0.0,0.0,0.0,0.0,2
Dematin actin binding protein,269,0.0,0.0,1.0,0.0,0.0,0.0,2
Dematin actin binding protein,270,0.0,0.0,1.0,0.0,0.0,0.0,2
Dematin actin binding protein,271,0.0,0.0,1.0,0.0,0.0,0.0,2
Dematin actin binding protein,272,0.0,0.0,1.0,0.0,0.0,0.0,2
Dematin actin binding protein,273,0.0,0.0,1.0,0.0,0.0,0.0,2
Dematin actin binding protein,275,0.0,0.9751461988304093,0.024853801169590645,0.0,0.0,0.0,2
Dematin actin binding protein,276,0.0,0.03786887034309715,0.9621311296569028,0.0,0.0,0.0,2
Dematin actin binding protein,305,0.25,0.0,0.75,0.0,0.0,0.0,2
Dematin actin binding protein,307,0.725752508361204,0.27424749163879597,0.0,0.0,0.0,0.0,1
Dematin actin binding protein,308,1.0,0.0,0.0,0.0,0.0,0.0,1
Dematin actin binding protein,312,0.0,1.0,0.0,0.0,0.0,0.0,2
Dematin actin binding protein,315,0.0,0.8054134449233719,0.0,0.0,0.19458655507662803,0.0,2
Dematin actin binding protein,316,0.0,0.5696167705398485,0.0,0.0,0.4303832294601515,0.0,2
Dematin actin binding protein,318,0.0,1.0,0.0,0.0,0.0,0.0,1
Dematin actin binding protein,319,0.0,0.6993313035570281,0.0,0.0,0.300668696442972,0.0,2
Dematin actin binding protein,320,0.0,0.41666666666666663,0.0,0.0,0.5833333333333333,0.0,2
Dematin actin binding protein,330,0.0,0.0,0.0,1.0,0.0,0.0,2
Dematin actin binding protein,332,0.13587576798917006,0.0,0.0,0.86412423201083,0.0,0.0,2
Dematin actin binding protein,333,0.6683442309969632,0.021348738609751495,0.10481803349648719,0.20548899689679823,0.0,0.0,2
Dematin actin binding protein,334,0.7234194056259053,0.20244205054374148,0.027284157096142438,0.04685438673421069,0.0,0.0,2
Dematin actin binding protein,337,0.0,0.9303269412653811,0.04165723981900452,0.028015818915614416,0.0,0.0,2
Dematin actin binding protein,340,0.5,0.5,0.0,0.0,0.0,0.0,1
Dematin actin binding protein,341,0.7001745066989088,0.2998254933010912,0.0,0.0,0.0,0.0,2
Dematin actin binding protein,344,1.0,0.0,0.0,0.0,0.0,0.0,2
Dematin actin binding protein,345,0.8579421247486064,0.14205787525139357,0.0,0.0,0.0,0.0,2
Dematin actin binding protein,347,0.0,0.0,1.0,0.0,0.0,0.0,2
Dematin actin binding protein,348,0.7928684576088953,0.0,0.2071315423911046,0.0,0.0,0.0,2
Dematin actin binding protein,350,0.02740912482677753,0.9725908751732224,0.0,0.0,0.0,0.0,2
Dematin actin binding protein,351,0.45888603529372896,0.3885321620324689,0.15258180267380222,0.0,0.0,0.0,2
Dematin actin binding protein,353,0.6746169480671014,0.32538305193289857,0.0,0.0,0.0,0.0,2
Dematin actin binding protein,354,0.7856431222995002,0.0,0.21435687770049983,0.0,0.0,0.0,2
Dematin actin binding protein,355,0.7130960959075568,0.0,0.28690390409244326,0.0,0.0,0.0,2
Dematin actin binding protein,356,0.45247301024023345,0.5475269897597665,0.0,0.0,0.0,0.0,2
Dematin actin binding protein,358,0.5518421832490918,0.4443806684978393,0.0037771482530689336,0.0,0.0,0.0,2
Dematin actin binding protein,359,0.0,0.09523809523809523,0.9047619047619047,0.0,0.0,0.0,2
Dematin actin binding protein,360,0.07744107744107745,0.4581336352026007,0.4644252873563218,0.0,0.0,0.0,2
Dematin actin binding protein,361,1.0,0.0,0.0,0.0,0.0,0.0,2
Dematin actin binding protein,362,1.0,0.0,0.0,0.0,0.0,0.0,1
Dematin actin binding protein,363,1.0,0.0,0.0,0.0,0.0,0.0,1
Dematin actin binding protein,364,1.0,0.0,0.0,0.0,0.0,0.0,1
Dematin actin binding protein,365,1.0,0.0,0.0,0.0,0.0,0.0,1
Dematin actin binding protein,366,1.0,0.0,0.0,0.0,0.0,0.0,1
Dematin actin binding protein,367,1.0,0.0,0.0,0.0,0.0,0.0,1
Dematin actin binding protein,371,1.0,0.0,0.0,0.0,0.0,0.0,2
Dematin actin binding protein,372,0.9145658263305323,0.0,0.0,0.0854341736694678,0.0,0.0,2
Dematin actin binding protein,373,0.9280038302676901,0.0,0.0,0.07199616973231002,0.0,0.0,2
Dematin actin binding protein,374,1.0,0.0,0.0,0.0,0.0,0.0,2
Dematin actin binding protein,375,1.0,0.0,0.0,0.0,0.0,0.0,2
Epididymis secretory protein Li 37,23,1.0,0.0,0.0,0.0,0.0,0.0,1
Epididymis secretory protein Li 37,24,1.0,0.0,0.0,0.0,0.0,0.0,1
Epididymis secretory protein Li 37,25,1.0,0.0,0.0,0.0,0.0,0.0,1
Epididymis secretory protein Li 37,44,1.0,0.0,0.0,0.0,0.0,0.0,1
Epididymis secretory protein Li 37,45,0.8277802529794145,0.0,0.0,0.17221974702058546,0.0,0.0,1
Epididymis secretory protein Li 37,46,0.34210279028339846,0.5358574498346241,0.0,0.12203975988197743,0.0,0.0,1
Epididymis secretory protein Li 37,47,0.4284019575161226,0.47878011051165587,0.0,0.09281793197222159,0.0,0.0,1
Epididymis secretory protein Li 37,48,0.0,0.9887038471313713,0.0,0.0,0.011296152868628654,0.0,1
Epididymis secretory protein Li 37,49,0.03243404823471272,0.5648739129751513,0.12793855595367074,0.1791870524326853,0.09556643040377999,0.0,1
Epididymis secretory protein Li 37,50,0.1774865765089135,0.2433538734796351,0.0,0.1811955135852586,0.39796403642619277,0.0,1
Epididymis secretory protein Li 37,51,1.0,0.0,0.0,0.0,0.0,0.0,1
Epididymis secretory protein Li 37,52,0.5839397307456242,0.0,0.0,0.0,0.4160602692543758,0.0,1
Epididymis secretory protein Li 37,53,0.0,0.9040432049976977,0.0,0.0,0.09595679500230218,0.0,1
Epididymis secretory protein Li 37,54,0.28592570330554934,0.0,0.0,0.0,0.7140742966944507,0.0,1
Epididymis secretory protein Li 37,56,0.0,1.0,0.0,0.0,0.0,0.0,1
Epididymis secretory protein Li 37,57,0.1793909968805443,0.40464515912676885,0.0,0.3781264151074698,0.037837428885217045,0.0,1
Epididymis secretory protein Li 37,61,0.0,1.0,0.0,0.0,0.0,0.0,1
Epididymis secretory protein Li 37,84,1.0,0.0,0.0,0.0,0.0,0.0,1
Epididymis secretory protein Li 37,87,0.6401896827450325,0.35981031725496737,0.0,0.0,0.0,0.0,1
Epididymis secretory protein Li 37,88,0.8024749290826511,0.11081332639577832,0.0,0.0,0.08671174452157066,0.0,1
Epididymis secretory protein Li 37,91,0.35070890467627386,0.510915414497865,0.1383756808258611,0.0,0.0,0.0,1
Epididymis secretory protein Li 37,92,0.6620384212589897,0.2458222796428311,0.0,0.0,0.09213929909817925,0.0,1
Epididymis secretory protein Li 37,93,0.0,1.0,0.0,0.0,0.0,0.0,1
Epididymis secretory protein Li 37,95,0.706484428774412,0.2018642936941527,0.02723438344634378,0.06441689408509146,0.0,0.0,1
Epididymis secretory protein Li 37,96,1.0,0.0,0.0,0.0,0.0,0.0,1
Epididymis secretory protein Li 37,97,0.19571212694266107,0.0,0.804287873057339,0.0,0.0,0.0,1
Epididymis secretory protein Li 37,99,0.0,0.0,1.0,0.0,0.0,0.0,1
Epididymis secretory protein Li 37,100,0.0,0.0,1.0,0.0,0.0,0.0,1
Epididymis secretory protein Li 37,143,1.0,0.0,0.0,0.0,0.0,0.0,1
Epididymis secretory protein Li 37,144,1.0,0.0,0.0,0.0,0.0,0.0,1
Epididymis secretory protein Li 37,146,0.17281287938075146,0.7598144239556789,0.06737269666356957,0.0,0.0,0.0,1
Epididymis secretory protein Li 37,147,1.0,0.0,0.0,0.0,0.0,0.0,1
Epididymis secretory protein Li 37,148,0.9332731134307242,0.0,0.0,0.0667268865692758,0.0,0.0,1
Epididymis secretory protein Li 37,167,0.0,0.9243205088664115,0.0,0.07567949113358849,0.0,0.0,1
Epididymis secretory protein Li 37,334,0.0,0.0,1.0,0.0,0.0,0.0,1
Epididymis secretory protein Li 37,341,1.0,0.0,0.0,0.0,0.0,0.0,1
Epididymis secretory protein Li 37,344,1.0,0.0,0.0,0.0,0.0,0.0,1
Epididymis secretory protein Li 37,345,0.7553089332673433,0.0,0.004316877942056281,0.0,0.24037418879060032,0.0,1
Epididymis secretory protein Li 37,348,0.0,0.0,1.0,0.0,0.0,0.0,1
Epididymis secretory protein Li 37,349,0.3490334535000968,0.0,0.3568283878862352,0.27298978589576095,0.02114837271790694,0.0,1
Epididymis secretory protein Li 37,350,0.0,0.1273633158567917,0.4109657231914829,0.4616709609517254,0.0,0.0,1
Epididymis secretory protein Li 37,351,0.0,0.0,0.16713568968073983,0.8328643103192602,0.0,0.0,1
F-actin-capping protein subunit alpha-1,116,0.0,0.0,1.0,0.0,0.0,0.0,1
F-actin-capping protein subunit alpha-1,133,0.0,0.72,0.03,0.0,0.0,0.25,4
F-actin-capping protein subunit alpha-1,139,0.0,1.0,0.0,0.0,0.0,0.0,1
F-actin-capping protein subunit alpha-1,143,0.5277959274343249,0.10280379290874042,0.0,0.0,0.16940027965693463,0.2,5
F-actin-capping protein subunit alpha-1,146,0.4528931996032183,0.5471068003967816,0.0,0.0,0.0,0.0,2
F-actin-capping protein subunit alpha-1,147,0.7589285714285715,0.2410714285714286,0.0,0.0,0.0,0.0,3
F-actin-capping protein subunit alpha-1,148,0.10676438402119301,0.29479863524962147,0.1647679011400845,0.0,0.233669079589101,0.2,5
F-actin-capping protein subunit alpha-1,166,0.9230929120764914,0.07690708792350863,0.0,0.0,0.0,0.0,6
F-actin-capping protein subunit alpha-1,167,0.06426592797783934,0.05316528489960224,0.5641692582944999,0.0,0.11839952882805851,0.2,5
F-actin-capping protein subunit alpha-1,168,0.17563451776649747,0.10718937965683203,0.004878048780487804,0.0,0.5171761025766705,0.1951219512195122,5
F-actin-capping protein subunit alpha-1,169,0.240140814685333,0.5098679926677104,0.24574917079455402,0.0025316455696202523,0.0017103762827822121,0.0,6
F-actin-capping protein subunit alpha-1,170,0.0,1.0,0.0,0.0,0.0,0.0,5
F-actin-capping protein subunit alpha-1,171,0.4497638792263621,0.5176242802093028,0.03261184056433502,0.0,0.0,0.0,6
F-actin-capping protein subunit alpha-1,172,0.0,1.0,0.0,0.0,0.0,0.0,6
F-actin-capping protein subunit alpha-1,173,0.0,0.43509377355018636,0.5649062264498137,0.0,0.0,0.0,6
F-actin-capping protein subunit alpha-1,263,0.0,0.0,1.0,0.0,0.0,0.0,5
F-actin-capping protein subunit alpha-1,265,0.2658551456686257,0.20609115812936407,0.5280536962020103,0.0,0.0,0.0,6
F-actin-capping protein subunit alpha-1,266,0.0,0.34313725490196073,0.6568627450980392,0.0,0.0,0.0,3
F-actin-capping protein subunit alpha-1,268,0.09995310688722685,0.016666666666666666,0.8833802264461065,0.0,0.0,0.0,6
F-actin-capping protein subunit alpha-1,269,0.8898505917086115,0.0,0.11014940829138849,0.0,0.0,0.0,6
F-actin-capping protein subunit alpha-1,270,0.2513769036038381,0.35392153363095424,0.3456961145928646,0.04900544817234307,0.0,0.0,6
F-actin-capping protein subunit alpha-1,271,0.007792207792207792,0.9922077922077921,0.0,0.0,0.0,0.0,5
F-actin-capping protein subunit alpha-1,272,0.0,1.0,0.0,0.0,0.0,0.0,5
F-actin-capping protein subunit alpha-1,283,0.0,0.46752522718741246,0.0,0.5324747728125875,0.0,0.0,6
F-actin-capping protein subunit alpha-1,284,0.0,0.0,1.0,0.0,0.0,0.0,5
F-actin-capping protein subunit alpha-1,285,0.0,0.2,0.8,0.0,0.0,0.0,5
F-actin-capping protein subunit alpha-1,286,0.15314190692067195,0.47700429045374043,0.3698538026255876,0.0,0.0,0.0,6
F-actin-capping protein subunit alpha-1,287,0.11631075351685739,0.3120945413214701,0.41171061445166623,0.15988409071000634,0.0,0.0,6
F-actin-capping protein subunit alpha-1,288,0.18640131151323938,0.09398156810051084,0.7131186494382376,0.006498470948012233,0.0,0.0,6
F-actin-capping protein subunit alpha-1,289,0.9164893617021277,0.0,0.08351063829787235,0.0,0.0,0.0,6
F-actin-capping protein subunit alpha-1,290,0.0,0.10975769464240134,0.0,0.8902423053575987,0.0,0.0,5
F-actin-capping protein subunit alpha-1,345,1.0,0.0,0.0,0.0,0.0,0.0,3
F-actin-capping protein subunit alpha-1,346,0.6,0.2,0.0,0.0,0.0,0.2,5
F-actin-capping protein subunit alpha-1,349,0.39844052596435253,0.0,0.08571428571428572,0.2015594740356475,0.1142857142857143,0.2,5
F-actin-capping protein subunit alpha-1,350,0.0,0.0,0.0,1.0,0.0,0.0,1
F-actin-capping protein subunit alpha-1,351,0.2756703732201576,0.2473592677345538,0.2743255861749105,0.16896056234406237,0.0,0.03368421052631579,5
F-actin-capping protein subunit alpha-1,352,0.75,0.25,0.0,0.0,0.0,0.0,4
F-actin-capping protein subunit alpha-1,354,0.6,0.4,0.0,0.0,0.0,0.0,5
F-actin-capping protein subunit alpha-1,355,0.3928191915491611,0.4306180670270501,0.05979973564344195,0.0,0.0,0.11676300578034682,5
F-actin-capping protein subunit alpha-1,369,0.0,1.0,0.0,0.0,0.0,0.0,1
F-actin-capping protein subunit alpha-1,371,0.0,0.23140495867768598,0.768595041322314,0.0,0.0,0.0,5
F-actin-capping protein subunit alpha-1,372,0.0,0.7926692837027302,0.1842688212883703,0.02306189500889962,0.0,0.0,6
F-actin-capping protein subunit alpha-1,373,0.003,0.5948487337755732,0.4021512662244269,0.0,0.0,0.0,5
F-actin-capping protein subunit alpha-1,374,0.0,0.0,1.0,0.0,0.0,0.0,3
F-actin-capping protein subunit alpha-1,375,0.00821018062397373,0.3608192775569719,0.5226500101840733,0.0653517816349811,0.0,0.04296875,6
F-actin-capping protein subunit beta,113,0.0,1.0,0.0,0.0,0.0,0.0,1
F-actin-capping protein subunit beta,133,0.44109665040337764,0.19753086419753088,0.3613724853990915,0.0,0.0,0.0,4
F-actin-capping protein subunit beta,139,0.0,0.0,1.0,0.0,0.0,0.0,1
F-actin-capping protein subunit beta,142,0.0,1.0,0.0,0.0,0.0,0.0,2
F-actin-capping protein subunit beta,143,0.7930340373281011,0.16678049126540745,0.0401854714064915,0.0,0.0,0.0,4
F-actin-capping protein subunit beta,146,0.020538243626062325,0.9794617563739376,0.0,0.0,0.0,0.0,4
F-actin-capping protein subunit beta,147,0.23725745201393358,0.7627425479860664,0.0,0.0,0.0,0.0,4
F-actin-capping protein subunit beta,148,0.3079098841461265,0.3286235223179266,0.3634665935359469,0.0,0.0,0.0,4
F-actin-capping protein subunit beta,166,0.029166666666666664,0.0,0.0,0.9708333333333333,0.0,0.0,3
F-actin-capping protein subunit beta,167,0.45851917057902974,0.25,0.29148082942097026,0.0,0.0,0.0,4
F-actin-capping protein subunit beta,168,0.5905424889609805,0.25,0.15945751103901956,0.0,0.0,0.0,4
F-actin-capping protein subunit beta,169,0.29099537340212295,0.2635363861151247,0.283259473475544,0.16220876700720843,0.0,0.0,4
F-actin-capping protein subunit beta,173,0.0,0.0,0.01363707472911109,0.986362925270889,0.0,0.0,4
F-actin-capping protein subunit beta,176,0.0,0.0,0.0,1.0,0.0,0.0,4
F-actin-capping protein subunit beta,224,0.0,0.0,0.1786366006256517,0.8213633993743483,0.0,0.0,2
F-actin-capping protein subunit beta,272,0.0,1.0,0.0,0.0,0.0,0.0,4
F-actin-capping protein subunit beta,276,0.0,0.3533341361397005,0.6466658638602996,0.0,0.0,0.0,4
F-actin-capping protein subunit beta,279,0.4484665721875024,0.1617048842630238,0.38982854354947377,0.0,0.0,0.0,4
F-actin-capping protein subunit beta,280,0.41487984996248944,0.30707838331866816,0.0,0.2780417667188424,0.0,0.0,4
F-actin-capping protein subunit beta,283,0.9644922181388749,0.0,0.03550778186112506,0.0,0.0,0.0,4
F-actin-capping protein subunit beta,284,0.22545272129150307,0.0,0.20451166199105156,0.38426800310009723,0.18576761361734812,0.0,4
F-actin-capping protein subunit beta,285,0.0,0.0,1.0,0.0,0.0,0.0,4
F-actin-capping protein subunit beta,286,0.0,0.0,1.0,0.0,0.0,0.0,4
F-actin-capping protein subunit beta,287,0.0,0.0,1.0,0.0,0.0,0.0,2
F-actin-capping protein subunit beta,288,0.0,0.0,0.0,1.0,0.0,0.0,1
F-actin-capping protein subunit beta,290,0.0,0.0,1.0,0.0,0.0,0.0,1
F-actin-capping protein subunit beta,320,0.0,0.0,1.0,0.0,0.0,0.0,4
F-actin-capping protein subunit beta,345,0.32617248315439396,0.0,0.6738275168456059,0.0,0.0,0.0,4
F-actin-capping protein subunit beta,346,0.9946236559139785,0.0,0.005376344086021506,0.0,0.0,0.0,4
F-actin-capping protein subunit beta,348,0.0,0.0,1.0,0.0,0.0,0.0,4
F-actin-capping protein subunit beta,349,0.6229102338985684,0.0,0.3770897661014317,0.0,0.0,0.0,4
F-actin-capping protein subunit beta,350,0.7192982456140351,0.0,0.2807017543859649,0.0,0.0,0.0,2
F-actin-capping protein subunit beta,351,0.7582518199825076,0.0,0.022495755517826826,0.2192524244996656,0.0,0.0,4
F-actin-capping protein subunit beta,352,1.0,0.0,0.0,0.0,0.0,0.0,4
F-actin-capping protein subunit beta,354,0.8027255170266484,0.0,0.0,0.19727448297335162,0.0,0.0,4
F-actin-capping protein subunit beta,355,0.816067825284237,0.07265880852212095,0.11127336619364195,0.0,0.0,0.0,4
F-actin-capping protein subunit beta,364,0.0,0.0,0.0,1.0,0.0,0.0,2
F-actin-capping protein subunit beta,365,0.0,0.05555555555555556,0.0,0.9444444444444445,0.0,0.0,3
F-actin-capping protein subunit beta,368,0.0,0.9596774193548387,0.0,0.04032258064516129,0.0,0.0,1
F-actin-capping protein subunit beta,369,0.0,0.0,0.5,0.5,0.0,0.0,1
F-actin-capping protein subunit beta,371,0.0,1.0,0.0,0.0,0.0,0.0,1
F-actin-capping protein subunit beta,372,0.125,0.4082254600777531,0.2875103562551781,0.17926418366706875,0.0,0.0,4
F-actin-capping protein subunit beta,373,0.3094087794662189,0.249866702384673,0.440724518149108,0.0,0.0,0.0,4
F-actin-capping protein subunit beta,374,0.0,0.03614457831325301,0.963855421686747,0.0,0.0,0.0,2
F-actin-capping protein subunit beta,375,0.18351894648292028,0.46793236274395233,0.28515929879382595,0.06338939197930142,0.0,0.0,4
Filamin-A,21,0.0,1.0,0.0,0.0,0.0,0.0,1
Filamin-A,24,0.0,0.0,0.0,1.0,0.0,0.0,1
Filamin-A,25,0.5363869863013698,0.4636130136986301,0.0,0.0,0.0,0.0,1
Filamin-A,26,0.11159737417943105,0.23632385120350113,0.18818380743982493,0.4638949671772428,0.0,0.0,1
Filamin-A,27,0.48780487804878037,0.15718157181571812,0.0,0.35501355013550134,0.0,0.0,1
Filamin-A,28,0.7149057541434968,0.08027773263523333,0.04664787166641936,0.15816864155485053,0.0,0.0,1
Filamin-A,29,1.0,0.0,0.0,0.0,0.0,0.0,1
Filamin-A,30,0.8415841584158417,0.0,0.15841584158415842,0.0,0.0,0.0,1
Filamin-A,31,0.0,0.0,1.0,0.0,0.0,0.0,1
Filamin-A,44,0.0,1.0,0.0,0.0,0.0,0.0,1
Filamin-A,45,0.0,0.8620689655172414,0.0,0.13793103448275862,0.0,0.0,1
Filamin-A,46,0.2613390928725702,0.3779697624190065,0.0,0.36069114470842334,0.0,0.0,1
Filamin-A,47,0.31400282885431396,0.27722772277227725,0.39038189533239037,0.018387553041018388,0.0,0.0,1
Filamin-A,48,0.12738853503184713,0.7388535031847134,0.0,0.1337579617834395,0.0,0.0,1
Filamin-A,49,0.0,0.0,0.0,1.0,0.0,0.0,1
Filamin-A,50,0.7148876404494382,0.14185393258426965,0.0,0.14325842696629212,0.0,0.0,1
Filamin-A,52,0.4739130434782609,0.5260869565217391,0.0,0.0,0.0,0.0,1
Filamin-A,53,0.008988764044943821,0.45168539325842694,0.0,0.5393258426966292,0.0,0.0,1
Filamin-A,54,0.3139701450200333,0.6860298549799666,0.0,0.0,0.0,0.0,1
Filamin-A,56,0.0,0.0,1.0,0.0,0.0,0.0,1
Filamin-A,57,0.45786941372519313,0.29770216633843355,0.24442841993637324,0.0,0.0,0.0,1
Filamin-A,60,0.0,0.3743589743589743,0.6256410256410256,0.0,0.0,0.0,1
Filamin-A,61,0.18615751789976134,0.0,0.47732696897374705,0.33651551312649164,0.0,0.0,1
Filamin-A,83,0.0,0.0,1.0,0.0,0.0,0.0,1
Filamin-A,84,0.9932659932659933,0.0,0.006734006734006734,0.0,0.0,0.0,1
Filamin-A,87,0.41883116883116883,0.09740259740259741,0.4837662337662339,0.0,0.0,0.0,1
Filamin-A,88,0.6677042801556421,0.30512170844267483,0.0271740114016831,0.0,0.0,0.0,1
Filamin-A,91,0.5582089552238807,0.30597014925373134,0.0,0.0,0.13582089552238805,0.0,1
Filamin-A,92,0.5863874345549738,0.01963350785340314,0.14659685863874344,0.0,0.24738219895287955,0.0,1
Filamin-A,93,0.20478723404255322,0.0,0.7952127659574467,0.0,0.0,0.0,1
Filamin-A,94,0.46700507614213194,0.5329949238578681,0.0,0.0,0.0,0.0,1
Filamin-A,95,0.5650337492937922,0.1632883012359873,0.2238175853148447,0.0,0.0478603641553756,0.0,1
Filamin-A,96,0.9401197604790419,0.05988023952095809,0.0,0.0,0.0,0.0,1
Filamin-A,97,1.0,0.0,0.0,0.0,0.0,0.0,1
Filamin-A,98,1.0,0.0,0.0,0.0,0.0,0.0,1
Filamin-A,100,1.0,0.0,0.0,0.0,0.0,0.0,1
Filamin-A,126,0.0,0.0,1.0,0.0,0.0,0.0,1
Filamin-A,142,0.0,1.0,0.0,0.0,0.0,0.0,1
Filamin-A,143,0.1776591544572983,0.8223408455427017,0.0,0.0,0.0,0.0,1
Filamin-A,144,1.0,0.0,0.0,0.0,0.0,0.0,1
Filamin-A,145,1.0,0.0,0.0,0.0,0.0,0.0,1
Filamin-A,146,0.19666216368344028,0.13822469886299674,0.665113137453563,0.0,0.0,0.0,1
Filamin-A,147,0.0,0.48148006134969323,0.5185199386503068,0.0,0.0,0.0,1
Filamin-A,148,0.18700706046153445,0.18201071178263636,0.6309822277558292,0.0,0.0,0.0,1
Filamin-A,149,0.0,0.0,1.0,0.0,0.0,0.0,1
Filamin-A,167,0.0,0.0,1.0,0.0,0.0,0.0,1
Filamin-A,333,0.0,1.0,0.0,0.0,0.0,0.0,1
Filamin-A,334,0.375,0.625,0.0,0.0,0.0,0.0,1
Filamin-A,335,0.0,1.0,0.0,0.0,0.0,0.0,1
Filamin-A,336,0.0,0.0,0.0,1.0,0.0,0.0,1
Filamin-A,337,0.26041683366733465,0.3565707414829659,0.0,0.38301242484969944,0.0,0.0,1
Filamin-A,341,0.375,0.625,0.0,0.0,0.0,0.0,1
Filamin-A,345,0.8337904069931806,0.16620959300681934,0.0,0.0,0.0,0.0,1
Filamin-A,348,0.5125087501590938,0.48749124984090625,0.0,0.0,0.0,0.0,1
Filamin-A,349,0.22708106597203637,0.41817278928556556,0.0,0.3547461447423981,0.0,0.0,1
Filamin-A,350,0.0,0.13252885732124622,0.6561824214710598,0.21128872120769407,0.0,0.0,1
Filamin-A,351,0.10363454953007191,0.014749613097161073,0.5645309144776095,0.3170849228951574,0.0,0.0,1
Filamin-A,354,0.0,0.0,1.0,0.0,0.0,0.0,1
Gelsolin,2,0.0,0.46116777337218745,0.5388322266278125,0.0,0.0,0.0,2
Gelsolin,3,0.054974453435081026,0.10885787231302108,0.8361676742518979,0.0,0.0,0.0,6
Gelsolin,4,0.0,0.0,0.99748322147651,0.0025167785234899327,0.0,0.0,4
Gelsolin,22,0.0,0.0,1.0,0.0,0.0,0.0,6
Gelsolin,23,0.2191857812627315,0.09703534496881523,0.6156689910314261,0.0009157509157509159,0.06719413182127623,0.0,6
Gelsolin,24,0.25627946680179664,0.0,0.7437205331982034,0.0,0.0,0.0,6
Gelsolin,25,0.2217565853584679,0.05602437880918893,0.7222190358323433,0.0,0.0,0.0,6
Gelsolin,26,1.0,0.0,0.0,0.0,0.0,0.0,6
Gelsolin,27,1.0,0.0,0.0,0.0,0.0,0.0,6
Gelsolin,28,0.7034445049933713,0.23261519459700478,0.03110563261920386,0.03283466779042,0.0,0.0,6
Gelsolin,29,0.016705143003719378,0.9528784256901863,0.03041643130609427,0.0,0.0,0.0,6
Gelsolin,30,0.2601757138023918,0.648703585265268,0.0911207009323401,0.0,0.0,0.0,6
Gelsolin,31,0.0,0.0,1.0,0.0,0.0,0.0,6
Gelsolin,37,0.0,1.0,0.0,0.0,0.0,0.0,1
Gelsolin,38,0.3248387306181336,0.6751612693818664,0.0,0.0,0.0,0.0,4
Gelsolin,39,0.6338028169014085,0.36619718309859156,0.0,0.0,0.0,0.0,2
Gelsolin,40,0.7607843137254902,0.23921568627450981,0.0,0.0,0.0,0.0,3
Gelsolin,41,0.8410644139240591,0.03239329268292683,0.0,0.0,0.12654229339301412,0.0,4
Gelsolin,42,0.8959328477650293,0.022936583353403123,0.0,0.0,0.08113056888156747,0.0,4
Gelsolin,43,1.0,0.0,0.0,0.0,0.0,0.0,4
Gelsolin,44,1.0,0.0,0.0,0.0,0.0,0.0,6
Gelsolin,45,0.587928303938399,0.0,0.0,0.0,0.412071696061601,0.0,4
Gelsolin,46,0.0,1.0,0.0,0.0,0.0,0.0,2
Gelsolin,47,0.1717240461012359,0.46641412367315804,0.3618618302256061,0.0,0.0,0.0,6
Gelsolin,48,0.0,0.930047988187523,0.0,0.06995201181247693,0.0,0.0,6
Gelsolin,49,0.001918465227817746,0.9417033694681827,0.0,0.0,0.056378165303999625,0.0,5
Gelsolin,50,0.0,0.35535033372244484,0.0,0.6446496662775552,0.0,0.0,6
Gelsolin,51,0.11844076344286321,0.5304536187128919,0.0,0.3402492595741344,0.010856358270110514,0.0,5
Gelsolin,52,0.0,0.0,0.0,1.0,0.0,0.0,5
Gelsolin,54,0.0,0.4,0.0,0.6,0.0,0.0,5
Gelsolin,56,0.0,0.27821257180871367,0.6079781447575904,0.0,0.11380928343369597,0.0,6
Gelsolin,57,0.0,0.2712420850864197,0.0,0.5999829714334853,0.12877494348009494,0.0,6
Gelsolin,60,0.03203430436082192,0.0,0.20648024534268314,0.1414391273993799,0.620046322897115,0.0,6
Gelsolin,61,0.0,0.0,0.4173131219061525,0.5826868780938476,0.0,0.0,6
Gelsolin,66,0.027638190954773868,0.9723618090452261,0.0,0.0,0.0,0.0,1
Gelsolin,68,0.0,1.0,0.0,0.0,0.0,0.0,1
Gelsolin,84,0.0,0.0,0.0,1.0,0.0,0.0,5
Gelsolin,87,0.17751872658997675,0.0,0.1553838734434141,0.05691642108870724,0.6101809788779019,0.0,5
Gelsolin,88,0.0,1.0,0.0,0.0,0.0,0.0,6
Gelsolin,91,0.21873801827327383,0.0,0.30292098288286046,0.2061886853394223,0.2721523135044434,0.0,5
Gelsolin,92,0.0,0.7737888863150569,0.0,0.08040314604223416,0.145807967642709,0.0,6
Gelsolin,93,0.0,0.519612917134248,0.4803870828657521,0.0,0.0,0.0,6
Gelsolin,95,0.28575815536517174,0.22408986036623835,0.0007978723404255319,0.3256549137746542,0.16369919815351022,0.0,6
Gelsolin,96,0.9821917808219178,0.0,0.017808219178082195,0.0,0.0,0.0,5
Gelsolin,97,0.38360825184745756,0.0,0.6163917481525425,0.0,0.0,0.0,5
Gelsolin,98,0.0,0.0,1.0,0.0,0.0,0.0,1
Gelsolin,99,0.012903225806451615,0.0,0.9724787085107625,0.0,0.014618065682785977,0.0,5
Gelsolin,100,0.0,0.15456025931755663,0.8454397406824434,0.0,0.0,0.0,5
Gelsolin,126,0.0,0.0,1.0,0.0,0.0,0.0,5
Gelsolin,127,0.0,0.0,1.0,0.0,0.0,0.0,4
Gelsolin,128,0.0,0.0,1.0,0.0,0.0,0.0,1
Gelsolin,133,1.0,0.0,0.0,0.0,0.0,0.0,4
Gelsolin,142,1.0,0.0,0.0,0.0,0.0,0.0,1
Gelsolin,143,0.9349118402315019,0.0015243902439024393,0.03716150816702892,0.0,0.026402261357566736,0.0,6
Gelsolin,144,0.020601148260722728,0.17309507321327655,0.8055555555555555,0.0,0.0007482229704451927,0.0,6
Gelsolin,145,0.05984429104729857,0.026241587707753117,0.9139141212449483,0.0,0.0,0.0,6
Gelsolin,146,0.342606826410295,0.3089245227557405,0.33833608919296077,0.0,0.010132561641003712,0.0,6
Gelsolin,147,0.5397046664507178,0.2274170339945242,0.1504526724939053,0.0824256270608526,0.0,0.0,6
Gelsolin,148,0.1952532161570133,0.49078684610947904,0.3139599377335077,0.0,0.0,0.0,6
Gelsolin,149,0.003634475597092419,0.16666666666666666,0.8296988577362409,0.0,0.0,0.0,6
Gelsolin,166,0.375,0.0,0.625,0.0,0.0,0.0,4
Gelsolin,167,0.06190306587844463,0.10215796200870512,0.7841156714663441,0.051823300646506226,0.0,0.0,6
Gelsolin,168,0.9965277777777778,0.003472222222222223,0.0,0.0,0.0,0.0,2
Gelsolin,169,0.188511729829945,0.5740296286628201,0.06650759867396389,0.17095104283327098,0.0,0.0,4
Gelsolin,221,0.07777777777777778,0.125,0.39722222222222225,0.0,0.4,0.0,1
Gelsolin,222,1.0,0.0,0.0,0.0,0.0,0.0,1
Gelsolin,223,1.0,0.0,0.0,0.0,0.0,0.0,1
Gelsolin,224,0.6208053691275167,0.37919463087248323,0.0,0.0,0.0,0.0,1
Gelsolin,259,1.0,0.0,0.0,0.0,0.0,0.0,1
Gelsolin,262,0.6527777777777778,0.3472222222222222,0.0,0.0,0.0,0.0,1
Gelsolin,263,0.8955555555555557,0.09555555555555556,0.00888888888888889,0.0,0.0,0.0,1
Gelsolin,264,0.0,1.0,0.0,0.0,0.0,0.0,1
Gelsolin,265,1.0,0.0,0.0,0.0,0.0,0.0,1
Gelsolin,266,1.0,0.0,0.0,0.0,0.0,0.0,1
Gelsolin,269,1.0,0.0,0.0,0.0,0.0,0.0,1
Gelsolin,270,0.14826498422712936,0.8517350157728707,0.0,0.0,0.0,0.0,1
Gelsolin,271,0.0,1.0,0.0,0.0,0.0,0.0,1
Gelsolin,272,0.0,1.0,0.0,0.0,0.0,0.0,1
Gelsolin,273,0.0,1.0,0.0,0.0,0.0,0.0,1
Gelsolin,275,0.6335877862595419,0.038167938931297704,0.32824427480916024,0.0,0.0,0.0,1
Gelsolin,276,0.0,0.4855072463768116,0.5144927536231884,0.0,0.0,0.0,1
Gelsolin,291,0.1,0.0,0.9,0.0,0.0,0.0,5
Gelsolin,292,0.3764508848533448,0.0,0.6235491151466552,0.0,0.0,0.0,4
Gelsolin,295,1.0,0.0,0.0,0.0,0.0,0.0,1
Gelsolin,296,0.7083333333333334,0.0,0.29166666666666663,0.0,0.0,0.0,4
Gelsolin,311,0.09178743961352658,0.0,0.9033816425120773,0.004830917874396136,0.0,0.0,1
Gelsolin,312,1.0,0.0,0.0,0.0,0.0,0.0,1
Gelsolin,314,0.41913439635535304,0.0,0.5808656036446469,0.0,0.0,0.0,1
Gelsolin,315,0.9244791666666667,0.0013020833333333335,0.0,0.0,0.07421875,0.0,1
Gelsolin,316,0.9735294117647059,0.0,0.026470588235294124,0.0,0.0,0.0,1
Gelsolin,318,0.5538461538461539,0.0,0.4461538461538462,0.0,0.0,0.0,1
Gelsolin,319,1.0,0.0,0.0,0.0,0.0,0.0,1
Gelsolin,326,0.09576612903225808,0.0,0.0,0.904233870967742,0.0,0.0,2
Gelsolin,328,0.26417401913027705,0.6314827825894952,0.0,0.10434319828022776,0.0,0.0,4
Gelsolin,329,0.0,0.0,0.0,1.0,0.0,0.0,2
Gelsolin,330,0.0,0.011075949367088606,0.0,0.9889240506329113,0.0,0.0,4
Gelsolin,332,0.0,1.0,0.0,0.0,0.0,0.0,2
Gelsolin,334,0.0,0.29166666666666663,0.7083333333333334,0.0,0.0,0.0,4
Gelsolin,337,1.0,0.0,0.0,0.0,0.0,0.0,6
Gelsolin,338,0.0,1.0,0.0,0.0,0.0,0.0,2
Gelsolin,340,0.0,0.0,1.0,0.0,0.0,0.0,2
Gelsolin,341,0.39225004055918333,0.13497586083890348,0.47222222222222227,0.0005518763796909491,0.0,0.0,6
Gelsolin,342,1.0,0.0,0.0,0.0,0.0,0.0,2
Gelsolin,344,0.5,0.07285920060006941,0.4271407993999306,0.0,0.0,0.0,6
Gelsolin,345,0.5718309247723202,0.13854237130288086,0.2226493071785629,0.044911554939003236,0.02206584180723281,0.0,6
Gelsolin,346,0.8360527617257227,0.16206753902615695,0.0,0.0,0.0018796992481203006,0.0,2
Gelsolin,348,0.47222222222222227,0.4569679762926923,0.07080980148508546,0.0,0.0,0.0,6
Gelsolin,349,0.5717642296508317,0.4282357703491683,0.0,0.0,0.0,0.0,6
Gelsolin,350,0.07111474567257946,0.6973080234508466,0.15525917437146464,0.0763180565051092,0.0,0.0,4
Gelsolin,351,0.12927961907248708,0.7267635174573215,0.059414990362566825,0.03156826314340765,0.052973609964216906,0.0,4
Gelsolin,352,0.0,1.0,0.0,0.0,0.0,0.0,2
Gelsolin,353,0.0,0.0,1.0,0.0,0.0,0.0,1
Gelsolin,354,0.1764956081674286,0.0,0.0630748775692289,0.551973377724615,0.20845613653872747,0.0,2
Gelsolin,355,0.4676121973799892,0.12887648323542267,0.0,0.0,0.40351131938458806,0.0,4
Gelsolin,372,1.0,0.0,0.0,0.0,0.0,0.0,2
Gelsolin,373,1.0,0.0,0.0,0.0,0.0,0.0,4
Gelsolin,374,1.0,0.0,0.0,0.0,0.0,0.0,2
Gelsolin,375,0.8287532868781956,0.0,0.17124671312180445,0.0,0.0,0.0,4
Inositol-trisphosphate 3-kinase A,22,0.0,0.0,1.0,0.0,0.0,0.0,1
Inositol-trisphosphate 3-kinase A,23,0.6501852507308374,0.0,0.29630245172677,0.0,0.05351229754239246,0.0,3
Inositol-trisphosphate 3-kinase A,24,1.0,0.0,0.0,0.0,0.0,0.0,3
Inositol-trisphosphate 3-kinase A,25,0.3511211367606368,0.3021735212466295,0.3311742750013125,0.0,0.015531066991421249,0.0,3
Inositol-trisphosphate 3-kinase A,26,0.0,0.0,1.0,0.0,0.0,0.0,2
Inositol-trisphosphate 3-kinase A,44,1.0,0.0,0.0,0.0,0.0,0.0,3
Inositol-trisphosphate 3-kinase A,45,0.5604336708897332,0.4395663291102668,0.0,0.0,0.0,0.0,3
Inositol-trisphosphate 3-kinase A,46,0.545139989646001,0.2843621670635848,0.1704978432904142,0.0,0.0,0.0,3
Inositol-trisphosphate 3-kinase A,47,0.8369250788772797,0.0035958906218630637,0.1594790305008571,0.0,0.0,0.0,3
Inositol-trisphosphate 3-kinase A,48,1.0,0.0,0.0,0.0,0.0,0.0,1
Inositol-trisphosphate 3-kinase A,49,0.9080865206007935,0.09191347939920647,0.0,0.0,0.0,0.0,3
Inositol-trisphosphate 3-kinase A,50,0.9943181818181818,0.005681818181818181,0.0,0.0,0.0,0.0,3
Inositol-trisphosphate 3-kinase A,51,1.0,0.0,0.0,0.0,0.0,0.0,1
Inositol-trisphosphate 3-kinase A,53,1.0,0.0,0.0,0.0,0.0,0.0,1
Inositol-trisphosphate 3-kinase A,87,1.0,0.0,0.0,0.0,0.0,0.0,1
Inositol-trisphosphate 3-kinase A,91,1.0,0.0,0.0,0.0,0.0,0.0,1
Inositol-trisphosphate 3-kinase A,92,1.0,0.0,0.0,0.0,0.0,0.0,1
Inositol-trisphosphate 3-kinase A,142,1.0,0.0,0.0,0.0,0.0,0.0,3
Inositol-trisphosphate 3-kinase A,143,1.0,0.0,0.0,0.0,0.0,0.0,3
Inositol-trisphosphate 3-kinase A,144,0.9900103519668737,0.0,0.009989648033126294,0.0,0.0,0.0,3
Inositol-trisphosphate 3-kinase A,145,0.2943137790955339,0.0,0.705686220904466,0.0,0.0,0.0,3
Inositol-trisphosphate 3-kinase A,146,0.5936749614901995,0.0,0.40632503850980056,0.0,0.0,0.0,3
Inositol-trisphosphate 3-kinase A,147,0.5877108192063026,0.0,0.4122891807936974,0.0,0.0,0.0,3
Inositol-trisphosphate 3-kinase A,148,0.2733359906064337,0.0,0.7266640093935662,0.0,0.0,0.0,3
Inositol-trisphosphate 3-kinase A,167,0.0,0.0,1.0,0.0,0.0,0.0,1
Inositol-trisphosphate 3-kinase A,332,1.0,0.0,0.0,0.0,0.0,0.0,1
Inositol-trisphosphate 3-kinase A,333,0.30285854496380815,0.0,0.697141455036192,0.0,0.0,0.0,3
Inositol-trisphosphate 3-kinase A,334,0.0,0.0,1.0,0.0,0.0,0.0,3
Inositol-trisphosphate 3-kinase A,337,0.0,0.0,1.0,0.0,0.0,0.0,1
Inositol-trisphosphate 3-kinase A,340,1.0,0.0,0.0,0.0,0.0,0.0,3
Inositol-trisphosphate 3-kinase A,341,0.603644390148228,0.0,0.396355609851772,0.0,0.0,0.0,3
Inositol-trisphosphate 3-kinase A,344,0.9779659498207885,0.0,0.022034050179211468,0.0,0.0,0.0,3
Inositol-trisphosphate 3-kinase A,345,0.717379800125121,0.0,0.28262019987487896,0.0,0.0,0.0,3
Inositol-trisphosphate 3-kinase A,348,0.02937178172275529,0.0,0.9575926243919309,0.01303559388531377,0.0,0.0,3
Inositol-trisphosphate 3-kinase A,349,0.3233771671322776,0.054923945282386956,0.2908056173329194,0.33089327025241605,0.0,0.0,3
Inositol-trisphosphate 3-kinase A,350,0.0,0.0,0.05293183528850214,0.9470681647114979,0.0,0.0,3
Inositol-trisphosphate 3-kinase A,351,0.22222222222222224,0.5854555222826316,0.0,0.19232225549514612,0.0,0.0,3
Inverted formin-2,5,0.5,0.0,0.0,0.5,0.0,0.0,4
Inverted formin-2,6,0.5074257425742574,0.0,0.49257425742574257,0.0,0.0,0.0,2
Inverted formin-2,21,0.577639751552795,0.21894409937888196,0.20341614906832295,0.0,0.0,0.0,2
Inverted formin-2,22,0.0,0.0,0.5,0.5,0.0,0.0,2
Inverted formin-2,23,0.1954507869874307,0.0,0.700018192844148,0.07121587967923595,0.033315140489185366,0.0,5
Inverted formin-2,24,0.12778456111789444,0.0960960960960961,0.14094094094094092,0.22777099443766113,0.40740740740740744,0.0,3
Inverted formin-2,25,0.34709983077650675,0.0,0.2578014184397163,0.07014276846679081,0.32495598231698614,0.0,3
Inverted formin-2,26,0.0,0.0,0.3333333333333333,0.01897018970189702,0.6476964769647696,0.0,2
Inverted formin-2,27,0.0,0.0,0.0,0.0,1.0,0.0,2
Inverted formin-2,28,0.20044052863436124,0.29955947136563876,0.0,0.0,0.5,0.0,2
Inverted formin-2,44,0.9897727272727272,0.010227272727272727,0.0,0.0,0.0,0.0,1
Inverted formin-2,45,1.0,0.0,0.0,0.0,0.0,0.0,2
Inverted formin-2,46,1.0,0.0,0.0,0.0,0.0,0.0,1
Inverted formin-2,47,0.8001801762999972,0.1516675280673041,0.048152295632698766,0.0,0.0,0.0,4
Inverted formin-2,48,0.5,0.25,0.25,0.0,0.0,0.0,4
Inverted formin-2,49,0.5,0.0,0.5,0.0,0.0,0.0,2
Inverted formin-2,50,0.0,0.0,1.0,0.0,0.0,0.0,1
Inverted formin-2,79,0.0,0.0,1.0,0.0,0.0,0.0,1
Inverted formin-2,80,0.0,0.09636184857423795,0.903638151425762,0.0,0.0,0.0,3
Inverted formin-2,83,0.0,0.328628628929717,0.671371371070283,0.0,0.0,0.0,5
Inverted formin-2,87,0.0,0.0,1.0,0.0,0.0,0.0,2
Inverted formin-2,91,0.05555555555555556,0.0,0.9444444444444444,0.0,0.0,0.0,2
Inverted formin-2,92,0.0,0.0,0.0,1.0,0.0,0.0,1
Inverted formin-2,93,1.0,0.0,0.0,0.0,0.0,0.0,2
Inverted formin-2,94,0.6666666666666666,0.0,0.3333333333333333,0.0,0.0,0.0,3
Inverted formin-2,95,0.2063903281519862,0.0984455958549223,0.5958010186682507,0.09936305732484076,0.0,0.0,3
Inverted formin-2,96,1.0,0.0,0.0,0.0,0.0,0.0,2
Inverted formin-2,98,0.0,0.0,1.0,0.0,0.0,0.0,2
Inverted formin-2,99,0.5626016260162602,0.0,0.4373983739837399,0.0,0.0,0.0,3
Inverted formin-2,101,1.0,0.0,0.0,0.0,0.0,0.0,2
Inverted formin-2,114,0.0,0.0,0.5,0.5,0.0,0.0,2
Inverted formin-2,117,0.0,1.0,0.0,0.0,0.0,0.0,2
Inverted formin-2,118,0.0,0.0,0.03821656050955414,0.961783439490446,0.0,0.0,5
Inverted formin-2,121,0.08457569262522821,0.2312251799911139,0.02737953480987536,0.6568195925737825,0.0,0.0,5
Inverted formin-2,122,0.0,0.6666666666666666,0.3333333333333333,0.0,0.0,0.0,3
Inverted formin-2,124,1.0,0.0,0.0,0.0,0.0,0.0,2
Inverted formin-2,125,0.08193777851294906,0.46585759439825347,0.4322046270887974,0.019999999999999997,0.0,0.0,4
Inverted formin-2,126,0.030666666666666665,0.37099389125031934,0.5921447518175272,0.006194690265486726,0.0,0.0,5
Inverted formin-2,127,0.0,0.0,1.0,0.0,0.0,0.0,2
Inverted formin-2,128,0.6365864527629234,0.0,0.36341354723707664,0.0,0.0,0.0,4
Inverted formin-2,130,0.0,0.012448132780082987,0.0,0.9875518672199171,0.0,0.0,2
Inverted formin-2,131,0.0,0.0,0.0,1.0,0.0,0.0,2
Inverted formin-2,142,1.0,0.0,0.0,0.0,0.0,0.0,1
Inverted formin-2,143,0.9960111317254174,0.00398886827458256,0.0,0.0,0.0,0.0,5
Inverted formin-2,144,0.3,0.44000000000000006,0.26,0.0,0.0,0.0,5
Inverted formin-2,145,0.1,0.534862385321101,0.3651376146788991,0.0,0.0,0.0,5
Inverted formin-2,146,0.5035199874860122,0.3846991905961795,0.1117808219178082,0.0,0.0,0.0,5
Inverted formin-2,147,0.14483607303394724,0.41140900737684294,0.16573705179282866,0.27801786779638105,0.0,0.0,5
Inverted formin-2,148,0.6342361363076948,0.36515036675978985,0.0006134969325153375,0.0,0.0,0.0,5
Inverted formin-2,149,0.0,0.4384879098736573,0.26652412628022387,0.2949879638461189,0.0,0.0,3
Inverted formin-2,166,0.0,0.0,1.0,0.0,0.0,0.0,3
Inverted formin-2,167,0.17706666666666668,0.10756140430269116,0.7153719290306421,0.0,0.0,0.0,3
Inverted formin-2,168,0.5,0.45,0.049999999999999996,0.0,0.0,0.0,1
Inverted formin-2,169,0.0,0.0,1.0,0.0,0.0,0.0,3
Inverted formin-2,216,0.0,1.0,0.0,0.0,0.0,0.0,1
Inverted formin-2,229,1.0,0.0,0.0,0.0,0.0,0.0,2
Inverted formin-2,231,0.0,0.0,1.0,0.0,0.0,0.0,2
Inverted formin-2,232,0.30323647255611313,0.13821138211382114,0.44635702337884625,0.11219512195121951,0.0,0.0,2
Inverted formin-2,233,0.975939561800536,0.0,0.024060438199464067,0.0,0.0,0.0,2
Inverted formin-2,234,0.3482297891072724,0.010805500982318273,0.21283494607439532,0.428129763836014,0.0,0.0,2
Inverted formin-2,235,0.40552234503847406,0.5532590169686944,0.041218637992831535,0.0,0.0,0.0,2
Inverted formin-2,237,0.0,0.5258393059222934,0.38567493112947654,0.08848576294822992,0.0,0.0,3
Inverted formin-2,238,0.03990610328638498,0.4078014184397163,0.06455399061032864,0.14184397163120568,0.3458945160323645,0.0,3
Inverted formin-2,239,0.0,0.3333333333333333,0.6666666666666666,0.0,0.0,0.0,3
Inverted formin-2,240,0.0,0.0,0.0,1.0,0.0,0.0,1
Inverted formin-2,241,0.0,0.32773109243697474,0.0,0.6722689075630252,0.0,0.0,1
Inverted formin-2,242,0.0,0.0,0.0,1.0,0.0,0.0,1
Inverted formin-2,243,0.0,0.4332129963898917,0.0,0.5667870036101083,0.0,0.0,1
Inverted formin-2,244,0.0,0.0,0.0,1.0,0.0,0.0,1
Inverted formin-2,245,0.0,0.0,0.0,1.0,0.0,0.0,1
Inverted formin-2,247,0.0,0.6885644768856448,0.0,0.31143552311435524,0.0,0.0,1
Inverted formin-2,249,0.0,0.3333333333333333,0.6666666666666666,0.0,0.0,0.0,3
Inverted formin-2,291,0.19708277530565513,0.0,0.47258839654885243,0.33032882814549247,0.0,0.0,3
Inverted formin-2,292,0.0,0.0,0.7494214876033057,0.2505785123966942,0.0,0.0,3
Inverted formin-2,295,0.0,0.0,0.033707865168539325,0.9662921348314607,0.0,0.0,3
Inverted formin-2,296,0.0,0.018157561778843243,0.0,0.9818424382211569,0.0,0.0,3
Inverted formin-2,322,0.0,0.0,0.0,0.0,1.0,0.0,3
Inverted formin-2,323,0.4132703041233015,0.018265013307165054,0.32039960152712427,0.0,0.24806508104240912,0.0,3
Inverted formin-2,324,0.7020164889006022,0.11722704808104555,0.05154444698919796,0.03826073014059666,0.09095128588855757,0.0,3
Inverted formin-2,325,0.9894179894179894,0.0,0.010582010582010583,0.0,0.0,0.0,3
Inverted formin-2,326,0.9997007779772592,0.0,0.0,0.0002992220227408738,0.0,0.0,3
Inverted formin-2,327,1.0,0.0,0.0,0.0,0.0,0.0,1
Inverted formin-2,328,0.0,0.0,0.0,1.0,0.0,0.0,3
Inverted formin-2,330,0.0,0.0,0.6666666666666666,0.3333333333333333,0.0,0.0,3
Inverted formin-2,332,0.0,0.0,1.0,0.0,0.0,0.0,2
Inverted formin-2,334,0.5,0.0,0.5,0.0,0.0,0.0,4
Inverted formin-2,341,0.7054237572302791,0.0,0.0,0.0,0.2945762427697209,0.0,3
Inverted formin-2,344,0.4,0.0,0.5036585365853659,0.006504065040650406,0.08983739837398375,0.0,5
Inverted formin-2,345,0.5266732359355586,0.008052046668386966,0.4098641199079921,0.045990580233537984,0.009420017254524297,0.0,5
Inverted formin-2,346,1.0,0.0,0.0,0.0,0.0,0.0,3
Inverted formin-2,348,0.4,0.0,0.5817509564801531,0.015185318029650886,0.003063725490196079,0.0,5
Inverted formin-2,349,0.5596850429866825,0.14457564657186456,0.23552157278877095,0.06021773765268189,0.0,0.0,5
Inverted formin-2,350,0.5063613231552162,0.23543798186983794,0.1,0.15820069497494574,0.0,0.0,5
Inverted formin-2,351,0.770684591270932,0.20472524479464171,0.02459016393442623,0.0,0.0,0.0,3
Inverted formin-2,352,1.0,0.0,0.0,0.0,0.0,0.0,3
Inverted formin-2,353,0.5744949494949495,0.0,0.42550505050505055,0.0,0.0,0.0,3
Inverted formin-2,354,0.6011189435194876,0.0,0.39888105648051236,0.0,0.0,0.0,3
Inverted formin-2,355,0.7777777777777777,0.0,0.2222222222222222,0.0,0.0,0.0,3
Inverted formin-2,356,0.1989010989010989,0.0,0.3107142857142857,0.4903846153846154,0.0,0.0,2
Inverted formin-2,358,0.025862068965517244,0.5471280298866505,0.1388888888888889,0.2881210122589433,0.0,0.0,2
Inverted formin-2,359,0.12834731731966323,0.20923076923076925,0.6049860160136701,0.05743589743589743,0.0,0.0,5
Inverted formin-2,360,0.0,0.6227791496414085,0.230130821559393,0.14709002879919864,0.0,0.0,3
Inverted formin-2,361,0.0,0.11392238600313286,0.8860776139968672,0.0,0.0,0.0,3
Inverted formin-2,362,0.0912946592326315,0.0,0.9087053407673684,0.0,0.0,0.0,4
Inverted formin-2,363,0.05822218212141469,0.14735487993902754,0.7808812712728911,0.0,0.013541666666666665,0.0,5
Inverted formin-2,364,0.076,0.4276637109514345,0.48864398135625775,0.0,0.007692307692307693,0.0,5
Inverted formin-2,365,0.0,0.0,1.0,0.0,0.0,0.0,4
Inverted formin-2,366,0.0,0.23427377220480666,0.7657262277951934,0.0,0.0,0.0,5
Inverted formin-2,367,0.007013201320132013,0.27633412130140356,0.2166526773784645,0.5,0.0,0.0,4
Inverted formin-2,368,0.0,0.75,0.25,0.0,0.0,0.0,2
Inverted formin-2,369,0.0,0.0,1.0,0.0,0.0,0.0,2
Inverted formin-2,373,0.0,0.0,1.0,0.0,0.0,0.0,2
Isoform 2 of F-actin-capping protein subunit beta,110,0.0,0.0,1.0,0.0,0.0,0.0,1
Isoform 2 of F-actin-capping protein subunit beta,133,0.41865869853917664,0.27656042496679945,0.3047808764940239,0.0,0.0,0.0,2
Isoform 2 of F-actin-capping protein subunit beta,136,0.0,0.0,1.0,0.0,0.0,0.0,1
Isoform 2 of F-actin-capping protein subunit beta,139,0.0,0.0,1.0,0.0,0.0,0.0,2
Isoform 2 of F-actin-capping protein subunit beta,143,0.9210110584518167,0.0,0.07898894154818326,0.0,0.0,0.0,2
Isoform 2 of F-actin-capping protein subunit beta,145,0.0,1.0,0.0,0.0,0.0,0.0,1
Isoform 2 of F-actin-capping protein subunit beta,146,0.5278942717120592,0.4623443400016068,0.009761388286334056,0.0,0.0,0.0,2
Isoform 2 of F-actin-capping protein subunit beta,147,0.22368421052631576,0.7763157894736842,0.0,0.0,0.0,0.0,1
Isoform 2 of F-actin-capping protein subunit beta,148,1.0,0.0,0.0,0.0,0.0,0.0,2
Isoform 2 of F-actin-capping protein subunit beta,166,0.0,0.0,0.0,1.0,0.0,0.0,2
Isoform 2 of F-actin-capping protein subunit beta,167,0.23375552872339103,0.12851328887784932,0.1425855513307985,0.49514563106796117,0.0,0.0,2
Isoform 2 of F-actin-capping protein subunit beta,168,0.4110200916936354,0.0,0.5889799083063647,0.0,0.0,0.0,2
Isoform 2 of F-actin-capping protein subunit beta,169,0.29274864121429045,0.258290737107859,0.20830422356303588,0.24065639811481465,0.0,0.0,2
Isoform 2 of F-actin-capping protein subunit beta,170,0.0,0.0,1.0,0.0,0.0,0.0,1
Isoform 2 of F-actin-capping protein subunit beta,171,0.0,0.0,0.0,1.0,0.0,0.0,1
Isoform 2 of F-actin-capping protein subunit beta,172,0.0,0.0,1.0,0.0,0.0,0.0,1
Isoform 2 of F-actin-capping protein subunit beta,173,0.0,0.0,0.20020746887966803,0.799792531120332,0.0,0.0,2
Isoform 2 of F-actin-capping protein subunit beta,176,0.3128205128205128,0.0,0.0,0.6871794871794872,0.0,0.0,2
Isoform 2 of F-actin-capping protein subunit beta,224,0.0,0.0,0.5141843971631206,0.4858156028368794,0.0,0.0,2
Isoform 2 of F-actin-capping protein subunit beta,272,0.0,0.7891467132706561,0.0,0.21085328672934395,0.0,0.0,2
Isoform 2 of F-actin-capping protein subunit beta,276,0.0,0.19241192411924118,0.8075880758807588,0.0,0.0,0.0,2
Isoform 2 of F-actin-capping protein subunit beta,277,0.0,0.0,0.0,1.0,0.0,0.0,1
Isoform 2 of F-actin-capping protein subunit beta,279,0.0,1.0,0.0,0.0,0.0,0.0,1
Isoform 2 of F-actin-capping protein subunit beta,280,0.0,0.23162525879917184,0.0,0.7683747412008282,0.0,0.0,2
Isoform 2 of F-actin-capping protein subunit beta,283,0.0,0.0,1.0,0.0,0.0,0.0,2
Isoform 2 of F-actin-capping protein subunit beta,284,0.13986336305164737,0.0,0.22129986039185512,0.3847566190068966,0.2540801575496009,0.0,2
Isoform 2 of F-actin-capping protein subunit beta,285,0.0,0.0,1.0,0.0,0.0,0.0,1
Isoform 2 of F-actin-capping protein subunit beta,286,0.0,0.0,1.0,0.0,0.0,0.0,1
Isoform 2 of F-actin-capping protein subunit beta,288,0.0,0.0,0.0,1.0,0.0,0.0,1
Isoform 2 of F-actin-capping protein subunit beta,290,0.0,0.0,1.0,0.0,0.0,0.0,1
Isoform 2 of F-actin-capping protein subunit beta,320,0.0,0.0,1.0,0.0,0.0,0.0,2
Isoform 2 of F-actin-capping protein subunit beta,345,0.46395949869008,0.20043103448275865,0.3356094668271613,0.0,0.0,0.0,2
Isoform 2 of F-actin-capping protein subunit beta,346,1.0,0.0,0.0,0.0,0.0,0.0,2
Isoform 2 of F-actin-capping protein subunit beta,348,0.0,0.0,1.0,0.0,0.0,0.0,1
Isoform 2 of F-actin-capping protein subunit beta,349,0.63034137917703,0.0,0.19044421820431204,0.17921440261865793,0.0,0.0,2
Isoform 2 of F-actin-capping protein subunit beta,350,0.03139013452914798,0.0,0.46860986547085204,0.5,0.0,0.0,2
Isoform 2 of F-actin-capping protein subunit beta,351,0.6501979387072554,0.0,0.039297658862876256,0.31050440242986826,0.0,0.0,2
Isoform 2 of F-actin-capping protein subunit beta,352,1.0,0.0,0.0,0.0,0.0,0.0,2
Isoform 2 of F-actin-capping protein subunit beta,354,0.0,0.0,1.0,0.0,0.0,0.0,1
Isoform 2 of F-actin-capping protein subunit beta,355,0.6397459165154264,0.14972776769509982,0.2105263157894737,0.0,0.0,0.0,2
Isoform 2 of F-actin-capping protein subunit beta,361,0.0,1.0,0.0,0.0,0.0,0.0,1
Isoform 2 of F-actin-capping protein subunit beta,364,0.0,0.0,0.0,1.0,0.0,0.0,1
Isoform 2 of F-actin-capping protein subunit beta,369,0.0,1.0,0.0,0.0,0.0,0.0,1
Isoform 2 of F-actin-capping protein subunit beta,372,0.0,0.6849785243135451,0.11382113821138212,0.20120033747507288,0.0,0.0,2
Isoform 2 of F-actin-capping protein subunit beta,373,0.0,0.7911522633744856,0.15534979423868311,0.053497942386831275,0.0,0.0,2
Isoform 2 of F-actin-capping protein subunit beta,375,0.09856262833675564,0.6364852243920376,0.2221629238163731,0.0427892234548336,0.0,0.0,2
"Isoform A2 of Troponin T, cardiac muscle",25,0.0,0.0,0.8688172043010752,0.13118279569892471,0.0,0.0,1
"Isoform A2 of Troponin T, cardiac muscle",41,0.7881378813788138,0.0,0.2118621186211862,0.0,0.0,0.0,1
"Isoform A2 of Troponin T, cardiac muscle",42,0.816062801932367,0.0,0.18393719806763284,0.0,0.0,0.0,1
"Isoform A2 of Troponin T, cardiac muscle",43,1.0,0.0,0.0,0.0,0.0,0.0,1
"Isoform A2 of Troponin T, cardiac muscle",44,0.4094110362975002,0.0,0.0,0.5905889637024999,0.0,0.0,1
"Isoform A2 of Troponin T, cardiac muscle",45,0.8381852066062592,0.0,0.0,0.1222543538333012,0.03956043956043956,0.0,1
"Isoform A2 of Troponin T, cardiac muscle",46,0.14081437125748505,0.0,0.457500998003992,0.14688822355289421,0.25479640718562874,0.0,1
"Isoform A2 of Troponin T, cardiac muscle",47,0.05601583726583727,0.0,0.5590396944563611,0.3849444682778016,0.0,0.0,1
"Isoform A2 of Troponin T, cardiac muscle",48,0.0,0.0,0.10969387755102039,0.5417073871802242,0.3485987352687554,0.0,1
"Isoform A2 of Troponin T, cardiac muscle",49,0.2661571316173991,0.0,0.0,0.7338428683826009,0.0,0.0,1
"Isoform A2 of Troponin T, cardiac muscle",50,0.0,0.0,0.0,1.0,0.0,0.0,1
"Isoform A2 of Troponin T, cardiac muscle",133,1.0,0.0,0.0,0.0,0.0,0.0,1
"Isoform A2 of Troponin T, cardiac muscle",136,1.0,0.0,0.0,0.0,0.0,0.0,1
"Isoform A2 of Troponin T, cardiac muscle",143,0.07654723127035831,0.0,0.0,0.9234527687296417,0.0,0.0,1
"Isoform A2 of Troponin T, cardiac muscle",144,0.6475247524752475,0.0,0.35247524752475246,0.0,0.0,0.0,1
"Isoform A2 of Troponin T, cardiac muscle",145,1.0,0.0,0.0,0.0,0.0,0.0,1
"Isoform A2 of Troponin T, cardiac muscle",146,0.8252822778595974,0.0,0.0,0.17471772214040254,0.0,0.0,1
"Isoform A2 of Troponin T, cardiac muscle",147,0.619313391138014,0.0,0.0,0.3806866088619861,0.0,0.0,1
"Isoform A2 of Troponin T, cardiac muscle",148,0.05633802816901409,0.0,0.0,0.943661971830986,0.0,0.0,1
"Isoform A2 of Troponin T, cardiac muscle",167,0.0,0.0,1.0,0.0,0.0,0.0,1
"Isoform A2 of Troponin T, cardiac muscle",168,1.0,0.0,0.0,0.0,0.0,0.0,1
"Isoform A2 of Troponin T, cardiac muscle",332,0.0,0.0,1.0,0.0,0.0,0.0,1
"Isoform A2 of Troponin T, cardiac muscle",333,0.0,0.0,1.0,0.0,0.0,0.0,1
"Isoform A2 of Troponin T, cardiac muscle",334,0.0,0.0,1.0,0.0,0.0,0.0,1
"Isoform A2 of Troponin T, cardiac muscle",341,0.0,0.0,1.0,0.0,0.0,0.0,1
"Isoform A2 of Troponin T, cardiac muscle",345,0.0011682242990654205,0.0,0.19557242990654206,0.8032593457943925,0.0,0.0,1
"Isoform A2 of Troponin T, cardiac muscle",349,0.5155592630204555,0.0,0.33731321630639777,0.14712752067314666,0.0,0.0,1
"Isoform A2 of Troponin T, cardiac muscle",350,0.0,0.0,0.0,1.0,0.0,0.0,1
"Isoform A2 of Troponin T, cardiac muscle",351,0.24894134527892492,0.0,0.14141352278294955,0.2837398800774597,0.3259052518606659,0.0,1
"Isoform A2 of Troponin T, cardiac muscle",352,1.0,0.0,0.0,0.0,0.0,0.0,1
"Isoform A2 of Troponin T, cardiac muscle",354,0.9440177941611486,0.0,0.0,0.05598220583885134,0.0,0.0,1
"Isoform A2 of Troponin T, cardiac muscle",355,0.8935091277890466,0.0,0.10649087221095335,0.0,0.0,0.0,1
"Isoform A2 of Troponin T, cardiac muscle",371,1.0,0.0,0.0,0.0,0.0,0.0,1
"Isoform A2 of Troponin T, cardiac muscle",372,1.0,0.0,0.0,0.0,0.0,0.0,1
"Isoform A2 of Troponin T, cardiac muscle",373,0.6640844554140906,0.0,0.33591554458590944,0.0,0.0,0.0,1
"Isoform A2 of Troponin T, cardiac muscle",375,1.0,0.0,0.0,0.0,0.0,0.0,1
Leiomodin-2,37,0.0,0.27974688401792847,0.43964086505991096,0.2806122509221607,0.0,0.0,2
Leiomodin-2,38,0.0,0.9807599771150575,0.0,0.019240022884942542,0.0,0.0,2
Leiomodin-2,39,0.0,1.0,0.0,0.0,0.0,0.0,1
Leiomodin-2,40,0.1645970073410182,0.5373680212830885,0.2980349713758933,0.0,0.0,0.0,2
Leiomodin-2,41,0.3869895536562203,0.0,0.6130104463437795,0.0,0.0,0.0,2
Leiomodin-2,42,0.0,0.1622222222222222,0.6822222222222222,0.15555555555555556,0.0,0.0,1
Leiomodin-2,43,0.0,0.037337662337662336,0.08603896103896104,0.8766233766233766,0.0,0.0,2
Leiomodin-2,44,1.0,0.0,0.0,0.0,0.0,0.0,1
Leiomodin-2,45,0.1883378016085791,0.5001223341823633,0.0,0.2860706953082533,0.02546916890080429,0.0,2
Leiomodin-2,46,0.7649308839879856,0.1618210783093543,0.0,0.0,0.07324803770266008,0.0,2
Leiomodin-2,47,0.14882943143812707,0.768559386306275,0.023411371237458192,0.0,0.05919981101813977,0.0,2
Leiomodin-2,48,0.14265760067467848,0.5443247932805272,0.0,0.0,0.31301760604479434,0.0,2
Leiomodin-2,49,0.006040268456375839,0.9053193450844457,0.0,0.0,0.0886403864591784,0.0,2
Leiomodin-2,50,0.028536284023926283,0.9706119272196853,0.0,0.0,0.0008517887563884157,0.0,2
Leiomodin-2,51,0.13129179723229892,0.4528178110479818,0.0741042345276873,0.3417861571920321,0.0,0.0,2
Leiomodin-2,52,0.0,0.0,0.0,1.0,0.0,0.0,2
Leiomodin-2,66,0.0,1.0,0.0,0.0,0.0,0.0,2
Leiomodin-2,68,0.0,0.210890792114028,0.7436965021679227,0.04541270571804923,0.0,0.0,2
Leiomodin-2,69,0.0,0.0,1.0,0.0,0.0,0.0,2
Leiomodin-2,70,0.0,0.0,1.0,0.0,0.0,0.0,2
Leiomodin-2,72,0.0,0.0,1.0,0.0,0.0,0.0,1
Leiomodin-2,75,0.0,0.0,1.0,0.0,0.0,0.0,2
Leiomodin-2,76,0.0,0.5,0.5,0.0,0.0,0.0,2
Leiomodin-2,77,0.16038941810416737,0.0613061375996797,0.778304444296153,0.0,0.0,0.0,2
Leiomodin-2,78,0.009291979949874685,0.22231946677870013,0.6564730226336554,0.0,0.11191553063776977,0.0,2
Leiomodin-2,79,0.19009211136671306,0.7546060665850534,0.049707602339181284,0.0,0.005594219709052246,0.0,2
Leiomodin-2,80,0.0764530882290832,0.0,0.7361505939946336,0.014638939973822422,0.1727573778024607,0.0,2
Leiomodin-2,81,0.0,0.0,1.0,0.0,0.0,0.0,2
Leiomodin-2,83,0.0,0.0,1.0,0.0,0.0,0.0,2
Leiomodin-2,84,0.0,0.0,0.7838627407300889,0.21613725926991112,0.0,0.0,2
Leiomodin-2,112,1.0,0.0,0.0,0.0,0.0,0.0,2
Leiomodin-2,114,0.4362883733798547,0.5637116266201453,0.0,0.0,0.0,0.0,2
Leiomodin-2,117,0.0,0.9433701657458563,0.056629834254143634,0.0,0.0,0.0,2
Leiomodin-2,118,0.4489684368556828,0.5493803081905524,0.0016512549537648611,0.0,0.0,0.0,2
Leiomodin-2,121,0.5407520631693439,0.3056362871141227,0.0,0.15361164971653335,0.0,0.0,2
Leiomodin-2,122,0.5854978820796611,0.0,0.41450211792033886,0.0,0.0,0.0,2
Leiomodin-2,124,0.0,0.0,1.0,0.0,0.0,0.0,1
Leiomodin-2,125,0.34088151448684934,0.17298822198916386,0.47851253499213087,0.0076177285318559575,0.0,0.0,2
Leiomodin-2,126,0.25430623410075465,0.0,0.7456937658992453,0.0,0.0,0.0,2
Leiomodin-2,167,1.0,0.0,0.0,0.0,0.0,0.0,1
Leiomodin-2,168,1.0,0.0,0.0,0.0,0.0,0.0,1
Leiomodin-2,169,1.0,0.0,0.0,0.0,0.0,0.0,1
Leiomodin-2,195,1.0,0.0,0.0,0.0,0.0,0.0,2
Leiomodin-2,196,0.9988066825775657,0.0,0.0011933174224343674,0.0,0.0,0.0,2
Leiomodin-2,197,0.8017467012762276,0.0,0.19825329872377245,0.0,0.0,0.0,2
Leiomodin-2,198,0.5536717958624653,0.0,0.0,0.0,0.4463282041375348,0.0,2
Leiomodin-2,199,1.0,0.0,0.0,0.0,0.0,0.0,2
Leiomodin-2,224,0.0,0.23076923076923075,0.0,0.7692307692307692,0.0,0.0,2
Leiomodin-2,244,1.0,0.0,0.0,0.0,0.0,0.0,1
Leiomodin-2,245,0.0,1.0,0.0,0.0,0.0,0.0,1
Leiomodin-2,246,0.7637803235075746,0.21741436675791212,0.0,0.0,0.018805309734513272,0.0,2
Leiomodin-2,247,0.9264696868703121,0.0,0.046163069544364506,0.0,0.027367243585323435,0.0,2
Leiomodin-2,248,0.485981308411215,0.0,0.0,0.0,0.5140186915887851,0.0,1
Leiomodin-2,249,0.15283842794759828,0.17461300309597524,0.48137209836819117,0.0,0.1911764705882353,0.0,2
Leiomodin-2,262,0.0,0.0,1.0,0.0,0.0,0.0,2
Leiomodin-2,263,0.0,0.02372881355932203,0.976271186440678,0.0,0.0,0.0,2
Leiomodin-2,264,0.0,0.0,1.0,0.0,0.0,0.0,2
Leiomodin-2,265,0.5012536716151684,0.0,0.49874632838483157,0.0,0.0,0.0,2
Leiomodin-2,269,0.0,0.0,1.0,0.0,0.0,0.0,2
Leiomodin-2,270,0.027859237536656888,0.0,0.9721407624633431,0.0,0.0,0.0,2
Leiomodin-2,271,0.0,0.0,1.0,0.0,0.0,0.0,2
Leiomodin-2,272,0.34799789251844043,0.0,0.6520021074815595,0.0,0.0,0.0,2
Leiomodin-2,273,0.0,0.0,1.0,0.0,0.0,0.0,1
Leiomodin-2,275,0.0,0.0,1.0,0.0,0.0,0.0,2
Leiomodin-2,276,0.572314244516482,0.0,0.42768575548351795,0.0,0.0,0.0,2
Leiomodin-2,279,0.5329013848628756,0.3023799466059615,0.0,0.0,0.1647186685311628,0.0,2
Leiomodin-2,280,1.0,0.0,0.0,0.0,0.0,0.0,2
Leiomodin-2,283,0.8454545454545455,0.15454545454545454,0.0,0.0,0.0,0.0,2
Leiomodin-2,290,1.0,0.0,0.0,0.0,0.0,0.0,1
Leiomodin-2,318,0.0,1.0,0.0,0.0,0.0,0.0,2
Leiomodin-2,319,0.32590555781345254,0.5446111054663686,0.0,0.0,0.1294833367201788,0.0,2
Leiomodin-2,320,0.4534805321495864,0.1606273848020137,0.0,0.0,0.3858920830483999,0.0,2
Leiomodin-2,321,0.0,1.0,0.0,0.0,0.0,0.0,2
Leiomodin-2,322,0.0,1.0,0.0,0.0,0.0,0.0,2
Leiomodin-2,323,0.0,1.0,0.0,0.0,0.0,0.0,2
Leiomodin-2,349,0.0,0.0,1.0,0.0,0.0,0.0,1
Leiomodin-2,351,0.0,0.0,1.0,0.0,0.0,0.0,1
Leiomodin-2,352,0.0,0.0,1.0,0.0,0.0,0.0,1
Leiomodin-2,354,0.0,0.0,1.0,0.0,0.0,0.0,1
Leiomodin-2,355,0.1883720930232558,0.24186046511627907,0.5697674418604651,0.0,0.0,0.0,1
Leiomodin-2,359,0.0,0.0,1.0,0.0,0.0,0.0,1
Leiomodin-2,361,0.391025641025641,0.0,0.0,0.608974358974359,0.0,0.0,1
Leiomodin-2,362,0.0037128712871287127,0.0,0.8804191431536939,0.11586798555917749,0.0,0.0,2
Leiomodin-2,363,0.3794963572897656,0.02090032154340836,0.5996033211668259,0.0,0.0,0.0,2
Leiomodin-2,364,0.4965852130325814,0.0,0.33674812030075185,0.16666666666666666,0.0,0.0,2
Leiomodin-2,365,0.0,0.0,0.8333333333333333,0.16666666666666666,0.0,0.0,2
Leiomodin-2,366,0.0,0.0,1.0,0.0,0.0,0.0,2
Leiomodin-2,367,0.0,0.2746135394012055,0.24766785321193743,0.47771860738685706,0.0,0.0,2
Leiomodin-2,369,0.0,0.0,0.0,1.0,0.0,0.0,1
Leiomodin-2,371,0.0,1.0,0.0,0.0,0.0,0.0,1
Leiomodin-2,372,0.18329466357308585,0.8039443155452437,0.0,0.012761020881670537,0.0,0.0,1
Leiomodin-2,373,0.9523809523809524,0.04761904761904762,0.0,0.0,0.0,0.0,1
Leiomodin-2,374,0.0,1.0,0.0,0.0,0.0,0.0,1
"Maltose/maltodextrin-binding periplasmic protein,Adenylate cyclase ExoY",16,0.0,0.0,0.0,0.0,1.0,0.0,1
"Maltose/maltodextrin-binding periplasmic protein,Adenylate cyclase ExoY",21,1.0,0.0,0.0,0.0,0.0,0.0,1
"Maltose/maltodextrin-binding periplasmic protein,Adenylate cyclase ExoY",23,1.0,0.0,0.0,0.0,0.0,0.0,1
"Maltose/maltodextrin-binding periplasmic protein,Adenylate cyclase ExoY",24,1.0,0.0,0.0,0.0,0.0,0.0,1
"Maltose/maltodextrin-binding periplasmic protein,Adenylate cyclase ExoY",25,0.3869900771775083,0.0,0.6130099228224918,0.0,0.0,0.0,1
"Maltose/maltodextrin-binding periplasmic protein,Adenylate cyclase ExoY",26,0.1263157894736842,0.05964912280701753,0.8140350877192983,0.0,0.0,0.0,1
"Maltose/maltodextrin-binding periplasmic protein,Adenylate cyclase ExoY",27,0.0,0.9520000000000002,0.048,0.0,0.0,0.0,1
"Maltose/maltodextrin-binding periplasmic protein,Adenylate cyclase ExoY",28,0.4632486254756646,0.5218185696689444,0.014932804855391096,0.0,0.0,0.0,1
"Maltose/maltodextrin-binding periplasmic protein,Adenylate cyclase ExoY",29,0.0,1.0,0.0,0.0,0.0,0.0,1
"Maltose/maltodextrin-binding periplasmic protein,Adenylate cyclase ExoY",30,0.39711191335740076,0.0,0.1516245487364621,0.0,0.4512635379061372,0.0,1
"Maltose/maltodextrin-binding periplasmic protein,Adenylate cyclase ExoY",31,1.0,0.0,0.0,0.0,0.0,0.0,1
"Maltose/maltodextrin-binding periplasmic protein,Adenylate cyclase ExoY",32,0.0,0.0,0.0,0.0,1.0,0.0,1
"Maltose/maltodextrin-binding periplasmic protein,Adenylate cyclase ExoY",44,1.0,0.0,0.0,0.0,0.0,0.0,1
"Maltose/maltodextrin-binding periplasmic protein,Adenylate cyclase ExoY",45,1.0,0.0,0.0,0.0,0.0,0.0,1
"Maltose/maltodextrin-binding periplasmic protein,Adenylate cyclase ExoY",46,0.47419623059866967,0.0,0.5258037694013304,0.0,0.0,0.0,1
"Maltose/maltodextrin-binding periplasmic protein,Adenylate cyclase ExoY",47,1.0,0.0,0.0,0.0,0.0,0.0,1
"Maltose/maltodextrin-binding periplasmic protein,Adenylate cyclase ExoY",56,0.6836734693877551,0.0,0.0,0.0,0.31632653061224486,0.0,1
"Maltose/maltodextrin-binding periplasmic protein,Adenylate cyclase ExoY",57,0.0,0.0,1.0,0.0,0.0,0.0,1
"Maltose/maltodextrin-binding periplasmic protein,Adenylate cyclase ExoY",59,0.0,0.0,0.0,0.0,1.0,0.0,1
"Maltose/maltodextrin-binding periplasmic protein,Adenylate cyclase ExoY",87,0.6616541353383458,0.0,0.3383458646616541,0.0,0.0,0.0,1
"Maltose/maltodextrin-binding periplasmic protein,Adenylate cyclase ExoY",90,1.0,0.0,0.0,0.0,0.0,0.0,1
"Maltose/maltodextrin-binding periplasmic protein,Adenylate cyclase ExoY",91,0.6028169014084507,0.0,0.3352112676056338,0.0619718309859155,0.0,0.0,1
"Maltose/maltodextrin-binding periplasmic protein,Adenylate cyclase ExoY",92,0.4865293185419969,0.06497622820919176,0.44849445324881143,0.0,0.0,0.0,1
"Maltose/maltodextrin-binding periplasmic protein,Adenylate cyclase ExoY",93,0.17988394584139267,0.5938104448742746,0.22630560928433266,0.0,0.0,0.0,1
"Maltose/maltodextrin-binding periplasmic protein,Adenylate cyclase ExoY",94,0.8383233532934133,0.16167664670658685,0.0,0.0,0.0,0.0,1
"Maltose/maltodextrin-binding periplasmic protein,Adenylate cyclase ExoY",95,0.5930735930735931,0.2532467532467533,0.0404040404040404,0.11327561327561328,0.0,0.0,1
"Maltose/maltodextrin-binding periplasmic protein,Adenylate cyclase ExoY",96,1.0,0.0,0.0,0.0,0.0,0.0,1
"Maltose/maltodextrin-binding periplasmic protein,Adenylate cyclase ExoY",97,1.0,0.0,0.0,0.0,0.0,0.0,1
"Maltose/maltodextrin-binding periplasmic protein,Adenylate cyclase ExoY",99,0.06504065040650406,0.0,0.9349593495934959,0.0,0.0,0.0,1
"Maltose/maltodextrin-binding periplasmic protein,Adenylate cyclase ExoY",128,0.0,0.0,1.0,0.0,0.0,0.0,1
"Maltose/maltodextrin-binding periplasmic protein,Adenylate cyclase ExoY",142,1.0,0.0,0.0,0.0,0.0,0.0,1
"Maltose/maltodextrin-binding periplasmic protein,Adenylate cyclase ExoY",143,1.0,0.0,0.0,0.0,0.0,0.0,1
"Maltose/maltodextrin-binding periplasmic protein,Adenylate cyclase ExoY",144,0.5486111111111112,0.45138888888888895,0.0,0.0,0.0,0.0,1
"Maltose/maltodextrin-binding periplasmic protein,Adenylate cyclase ExoY",145,1.0,0.0,0.0,0.0,0.0,0.0,1
"Maltose/maltodextrin-binding periplasmic protein,Adenylate cyclase ExoY",146,0.9553571428571429,0.0,0.0,0.044642857142857144,0.0,0.0,1
"Maltose/maltodextrin-binding periplasmic protein,Adenylate cyclase ExoY",147,1.0,0.0,0.0,0.0,0.0,0.0,1
"Maltose/maltodextrin-binding periplasmic protein,Adenylate cyclase ExoY",148,1.0,0.0,0.0,0.0,0.0,0.0,1
"Maltose/maltodextrin-binding periplasmic protein,Adenylate cyclase ExoY",210,0.0,0.0,0.0,0.0,1.0,0.0,1
"Maltose/maltodextrin-binding periplasmic protein,Adenylate cyclase ExoY",211,0.0,0.0,0.0,0.0,1.0,0.0,1
"Maltose/maltodextrin-binding periplasmic protein,Adenylate cyclase ExoY",214,0.0,0.6498054474708171,0.0,0.0,0.3501945525291829,0.0,1
"Maltose/maltodextrin-binding periplasmic protein,Adenylate cyclase ExoY",305,0.0,0.0,0.0,1.0,0.0,0.0,1
"Maltose/maltodextrin-binding periplasmic protein,Adenylate cyclase ExoY",333,0.32212545942381887,0.0,0.0,0.48987733465638683,0.18799720591979424,0.0,1
"Maltose/maltodextrin-binding periplasmic protein,Adenylate cyclase ExoY",334,0.33893129770992364,0.3312977099236641,0.3297709923664122,0.0,0.0,0.0,1
"Maltose/maltodextrin-binding periplasmic protein,Adenylate cyclase ExoY",335,0.0,0.0,0.0,1.0,0.0,0.0,1
"Maltose/maltodextrin-binding periplasmic protein,Adenylate cyclase ExoY",336,0.16498993963782693,0.2857142857142857,0.17303822937625754,0.2655935613682092,0.11066398390342051,0.0,1
"Maltose/maltodextrin-binding periplasmic protein,Adenylate cyclase ExoY",337,0.3669354838709677,0.0,0.4818548387096774,0.0,0.15120967741935484,0.0,1
"Maltose/maltodextrin-binding periplasmic protein,Adenylate cyclase ExoY",341,0.636094674556213,0.0,0.363905325443787,0.0,0.0,0.0,1
"Maltose/maltodextrin-binding periplasmic protein,Adenylate cyclase ExoY",344,1.0,0.0,0.0,0.0,0.0,0.0,1
"Maltose/maltodextrin-binding periplasmic protein,Adenylate cyclase ExoY",345,1.0,0.0,0.0,0.0,0.0,0.0,1
"Maltose/maltodextrin-binding periplasmic protein,Adenylate cyclase ExoY",348,0.4840989399293286,0.5159010600706714,0.0,0.0,0.0,0.0,1
"Maltose/maltodextrin-binding periplasmic protein,Adenylate cyclase ExoY",349,0.6547468755545415,0.34525312444545847,0.0,0.0,0.0,0.0,1
"Maltose/maltodextrin-binding periplasmic protein,Adenylate cyclase ExoY",350,0.0,0.6013745704467354,0.3986254295532646,0.0,0.0,0.0,1
"Maltose/maltodextrin-binding periplasmic protein,Adenylate cyclase ExoY",351,0.05517241379310346,0.0,0.9448275862068967,0.0,0.0,0.0,1
"Maltose/maltodextrin-binding periplasmic protein,TccC3",25,0.5735294117647058,0.39705882352941174,0.029411764705882353,0.0,0.0,0.0,1
"Maltose/maltodextrin-binding periplasmic protein,TccC3",44,0.0,1.0,0.0,0.0,0.0,0.0,1
"Maltose/maltodextrin-binding periplasmic protein,TccC3",45,0.0,1.0,0.0,0.0,0.0,0.0,1
"Maltose/maltodextrin-binding periplasmic protein,TccC3",46,0.0,1.0,0.0,0.0,0.0,0.0,1
"Maltose/maltodextrin-binding periplasmic protein,TccC3",47,0.0,1.0,0.0,0.0,0.0,0.0,1
"Maltose/maltodextrin-binding periplasmic protein,TccC3",48,0.0,0.7348242811501597,0.0,0.26517571884984026,0.0,0.0,1
"Maltose/maltodextrin-binding periplasmic protein,TccC3",49,0.0,0.0,0.9428571428571428,0.05714285714285715,0.0,0.0,1
"Maltose/maltodextrin-binding periplasmic protein,TccC3",50,0.0,0.3214285714285714,0.013888888888888888,0.6646825396825397,0.0,0.0,1
"Maltose/maltodextrin-binding periplasmic protein,TccC3",53,0.0,0.0,0.0,1.0,0.0,0.0,1
"Maltose/maltodextrin-binding periplasmic protein,TccC3",56,0.0,0.0,1.0,0.0,0.0,0.0,1
"Maltose/maltodextrin-binding periplasmic protein,TccC3",57,0.0,0.006666666666666666,0.7222222222222222,0.2711111111111111,0.0,0.0,1
"Maltose/maltodextrin-binding periplasmic protein,TccC3",60,0.0,0.0,1.0,0.0,0.0,0.0,1
"Maltose/maltodextrin-binding periplasmic protein,TccC3",61,0.0,0.0,0.3865979381443299,0.6134020618556701,0.0,0.0,1
"Maltose/maltodextrin-binding periplasmic protein,TccC3",88,0.0,0.0,1.0,0.0,0.0,0.0,1
"Maltose/maltodextrin-binding periplasmic protein,TccC3",92,0.0,0.7313432835820896,0.26865671641791045,0.0,0.0,0.0,1
"Maltose/maltodextrin-binding periplasmic protein,TccC3",93,0.0,0.0,1.0,0.0,0.0,0.0,1
"Maltose/maltodextrin-binding periplasmic protein,TccC3",95,0.7089201877934271,0.14553990610328638,0.14553990610328638,0.0,0.0,0.0,1
"Maltose/maltodextrin-binding periplasmic protein,TccC3",142,0.0,1.0,0.0,0.0,0.0,0.0,1
"Maltose/maltodextrin-binding periplasmic protein,TccC3",143,0.0,1.0,0.0,0.0,0.0,0.0,1
"Maltose/maltodextrin-binding periplasmic protein,TccC3",144,1.0,0.0,0.0,0.0,0.0,0.0,1
"Maltose/maltodextrin-binding periplasmic protein,TccC3",145,0.415204678362573,0.0,0.0,0.5847953216374269,0.0,0.0,1
"Maltose/maltodextrin-binding periplasmic protein,TccC3",146,0.0,0.2512820512820513,0.7487179487179487,0.0,0.0,0.0,1
"Maltose/maltodextrin-binding periplasmic protein,TccC3",147,0.0,0.1111111111111111,0.00915032679738562,0.6287581699346405,0.25098039215686274,0.0,1
"Maltose/maltodextrin-binding periplasmic protein,TccC3",148,0.0,0.5708061002178649,0.42919389978213507,0.0,0.0,0.0,1
"Maltose/maltodextrin-binding periplasmic protein,TccC3",149,0.0,0.0,0.0,0.0,1.0,0.0,1
"Maltose/maltodextrin-binding periplasmic protein,TccC3",167,0.0,0.05027932960893855,0.8016759776536313,0.14804469273743018,0.0,0.0,1
"Maltose/maltodextrin-binding periplasmic protein,TccC3",168,0.0,1.0,0.0,0.0,0.0,0.0,1
"Maltose/maltodextrin-binding periplasmic protein,TccC3",291,0.0,1.0,0.0,0.0,0.0,0.0,1
"Maltose/maltodextrin-binding periplasmic protein,TccC3",292,0.0,0.21551724137931036,0.0,0.0,0.7844827586206896,0.0,1
"Maltose/maltodextrin-binding periplasmic protein,TccC3",295,0.007220216606498195,0.6787003610108304,0.0,0.0,0.31407942238267145,0.0,1
"Maltose/maltodextrin-binding periplasmic protein,TccC3",296,0.18181818181818185,0.030303030303030304,0.0,0.06060606060606061,0.7272727272727272,0.0,1
"Maltose/maltodextrin-binding periplasmic protein,TccC3",326,0.0,0.9949622166246851,0.0,0.005037783375314861,0.0,0.0,1
"Maltose/maltodextrin-binding periplasmic protein,TccC3",328,0.0,0.0,0.0,1.0,0.0,0.0,1
"Maltose/maltodextrin-binding periplasmic protein,TccC3",330,0.0,0.0,0.0,1.0,0.0,0.0,1
"Maltose/maltodextrin-binding periplasmic protein,TccC3",332,0.0,1.0,0.0,0.0,0.0,0.0,1
"Maltose/maltodextrin-binding periplasmic protein,TccC3",333,0.0,1.0,0.0,0.0,0.0,0.0,1
"Maltose/maltodextrin-binding periplasmic protein,TccC3",334,1.0,0.0,0.0,0.0,0.0,0.0,1
"Maltose/maltodextrin-binding periplasmic protein,TccC3",341,1.0,0.0,0.0,0.0,0.0,0.0,1
"Maltose/maltodextrin-binding periplasmic protein,TccC3",345,0.9617834394904459,0.03821656050955414,0.0,0.0,0.0,0.0,1
"Maltose/maltodextrin-binding periplasmic protein,TccC3",348,0.0,0.0,0.9826388888888888,0.017361111111111112,0.0,0.0,1
"Maltose/maltodextrin-binding periplasmic protein,TccC3",349,0.0,0.4600694444444444,0.1597222222222222,0.3802083333333333,0.0,0.0,1
"Maltose/maltodextrin-binding periplasmic protein,TccC3",350,0.3959107806691449,0.1895910780669145,0.0,0.38289962825278817,0.031598513011152414,0.0,1
"Maltose/maltodextrin-binding periplasmic protein,TccC3",351,0.10740740740740741,0.7074074074074075,0.0,0.18518518518518517,0.0,0.0,1
Myosin heavy chain 4,5,0.0,0.0,1.0,0.0,0.0,0.0,1
Myosin heavy chain 4,6,0.2509780652437524,0.0,0.7239434199953646,0.0,0.025078514760882964,0.0,1
Myosin heavy chain 4,21,0.49715265912700685,0.0,0.18545765375066012,0.0,0.317389687122333,0.0,1
Myosin heavy chain 4,22,0.0,0.0,0.8980927230046948,0.0,0.10190727699530516,0.0,1
Myosin heavy chain 4,23,0.4095616846576838,0.0,0.43170567429364687,0.0,0.15873264104866938,0.0,1
Myosin heavy chain 4,24,0.21544740780356034,0.0,0.31105387294359155,0.0,0.4734987192528481,0.0,1
Myosin heavy chain 4,25,0.30480245144978324,0.38810143157233346,0.2138459451789193,0.0,0.093250171798964,0.0,1
Myosin heavy chain 4,26,0.7597345083463001,0.0,0.24026549165370004,0.0,0.0,0.0,1
Myosin heavy chain 4,27,0.6299406605593894,0.0,0.069066555479917,0.0,0.3009927839606936,0.0,1
Myosin heavy chain 4,28,0.010942028985507246,0.036318930441404614,0.09979341634164118,0.0,0.8529456242314469,0.0,1
Myosin heavy chain 4,29,0.0,0.0,0.0,0.0,1.0,0.0,1
Myosin heavy chain 4,30,0.12785937673547393,0.14115904671819557,0.0,0.26710039654392387,0.4638811800024066,0.0,1
Myosin heavy chain 4,44,1.0,0.0,0.0,0.0,0.0,0.0,1
Myosin heavy chain 4,45,1.0,0.0,0.0,0.0,0.0,0.0,1
Myosin heavy chain 4,46,0.4512580823423912,0.0,0.48981392154662684,0.05892799611098195,0.0,0.0,1
Myosin heavy chain 4,47,0.7731745914487411,0.08389062240151215,0.14293478614974675,0.0,0.0,0.0,1
Myosin heavy chain 4,48,0.0,0.06421640096560624,0.5881605359621916,0.3476230630722021,0.0,0.0,1
Myosin heavy chain 4,49,0.0,0.0,0.0,1.0,0.0,0.0,1
Myosin heavy chain 4,50,0.0,0.5893260967887833,0.0,0.41067390321121666,0.0,0.0,1
Myosin heavy chain 4,56,0.0,1.0,0.0,0.0,0.0,0.0,1
Myosin heavy chain 4,94,0.0,0.0,1.0,0.0,0.0,0.0,1
Myosin heavy chain 4,95,0.0,0.0,1.0,0.0,0.0,0.0,1
Myosin heavy chain 4,96,0.0,0.0,1.0,0.0,0.0,0.0,1
Myosin heavy chain 4,101,0.3564723878662173,0.0,0.6435276121337827,0.0,0.0,0.0,1
Myosin heavy chain 4,142,1.0,0.0,0.0,0.0,0.0,0.0,1
Myosin heavy chain 4,143,1.0,0.0,0.0,0.0,0.0,0.0,1
Myosin heavy chain 4,145,0.0,0.0,0.0,1.0,0.0,0.0,1
Myosin heavy chain 4,146,0.6663634621638597,0.0,0.3336365378361403,0.0,0.0,0.0,1
Myosin heavy chain 4,147,0.3171598502399217,0.0,0.3626210950170541,0.3202190547430242,0.0,0.0,1
Myosin heavy chain 4,148,0.34596910597722547,0.0,0.6540308940227745,0.0,0.0,0.0,1
Myosin heavy chain 4,305,1.0,0.0,0.0,0.0,0.0,0.0,1
Myosin heavy chain 4,310,0.0,0.0,0.0,1.0,0.0,0.0,1
Myosin heavy chain 4,311,0.0,0.0,1.0,0.0,0.0,0.0,1
Myosin heavy chain 4,314,0.0,0.0,1.0,0.0,0.0,0.0,1
Myosin heavy chain 4,328,0.0,0.06236559139784947,0.2870967741935484,0.6505376344086021,0.0,0.0,1
Myosin heavy chain 4,329,0.0,0.0,0.0,1.0,0.0,0.0,1
Myosin heavy chain 4,330,0.0,0.0,0.0,1.0,0.0,0.0,1
Myosin heavy chain 4,331,0.0,0.0,0.0,1.0,0.0,0.0,1
Myosin heavy chain 4,332,0.0,0.0,0.0,0.5002281196592658,0.4997718803407342,0.0,1
Myosin heavy chain 4,333,0.1606372377975048,0.5204000918587328,0.05165170544861453,0.0,0.2673109648951479,0.0,1
Myosin heavy chain 4,334,0.3660108197636814,0.06453539212532314,0.4410526112391191,0.0,0.12840117687187633,0.0,1
Myosin heavy chain 4,336,1.0,0.0,0.0,0.0,0.0,0.0,1
Myosin heavy chain 4,337,0.7818415535512445,0.0,0.0,0.2181584464487554,0.0,0.0,1
Myosin heavy chain 4,341,0.10182240450967632,0.0,0.8981775954903237,0.0,0.0,0.0,1
Myosin heavy chain 4,344,1.0,0.0,0.0,0.0,0.0,0.0,1
Myosin heavy chain 4,345,1.0,0.0,0.0,0.0,0.0,0.0,1
Myosin heavy chain 4,348,0.5121801265537217,0.0,0.3835474996123849,0.10427237383389343,0.0,0.0,1
Myosin heavy chain 4,349,0.5811734056409589,0.0,0.0,0.41882659435904107,0.0,0.0,1
Myosin heavy chain 4,350,0.4947697991030686,0.1621317644539423,0.0,0.34309843644298904,0.0,0.0,1
Myosin heavy chain 4,351,0.37906906290129233,0.0,0.3396789693292033,0.28125196776950434,0.0,0.0,1
Myosin heavy chain 4,353,1.0,0.0,0.0,0.0,0.0,0.0,1
Myosin heavy chain 4,354,0.8958507379560011,0.10414926204399888,0.0,0.0,0.0,0.0,1
"Myosin-14,Alpha-actinin A",3,0.1858216970998926,0.18480861244019142,0.4612464603066107,0.16812323015330535,0.0,0.0,1
"Myosin-14,Alpha-actinin A",4,0.42722289700706967,0.1577844218131988,0.41499268117973154,0.0,0.0,0.0,1
"Myosin-14,Alpha-actinin A",22,0.0,0.0,1.0,0.0,0.0,0.0,1
"Myosin-14,Alpha-actinin A",23,0.38256863182731243,0.0,0.6174313681726875,0.0,0.0,0.0,1
"Myosin-14,Alpha-actinin A",24,0.5241884880855818,0.0,0.4412275600312209,0.0,0.03458395188319738,0.0,1
"Myosin-14,Alpha-actinin A",25,0.5796883659998993,0.0,0.21380183403033198,0.04433163702322769,0.16217816294654103,0.0,1
"Myosin-14,Alpha-actinin A",26,0.6864468864468865,0.0,0.31355311355311355,0.0,0.0,0.0,1
"Myosin-14,Alpha-actinin A",27,0.6437904447198127,0.0,0.1391504887787416,0.0,0.21705906650144569,0.0,1
"Myosin-14,Alpha-actinin A",28,0.0247499213589179,0.0,0.3365586662472476,0.0,0.6386914123938345,0.0,1
"Myosin-14,Alpha-actinin A",29,0.0,0.0,0.0,0.0,1.0,0.0,1
"Myosin-14,Alpha-actinin A",30,0.4051599315519284,0.0,0.0,0.1346419639331315,0.46019810451494014,0.0,1
"Myosin-14,Alpha-actinin A",44,1.0,0.0,0.0,0.0,0.0,0.0,1
"Myosin-14,Alpha-actinin A",45,0.46911096690460735,0.0,0.0,0.5308890330953926,0.0,0.0,1
"Myosin-14,Alpha-actinin A",46,0.37610562865497077,0.07066885964912281,0.41362390350877193,0.13960160818713452,0.0,0.0,1
"Myosin-14,Alpha-actinin A",47,0.7905816169131659,0.0,0.20941838308683425,0.0,0.0,0.0,1
"Myosin-14,Alpha-actinin A",48,0.0,0.5038738629960557,0.34399903404974647,0.15212710295419787,0.0,0.0,1
"Myosin-14,Alpha-actinin A",49,0.0,1.0,0.0,0.0,0.0,0.0,1
"Myosin-14,Alpha-actinin A",50,0.0,0.1615173627283548,0.0,0.8384826372716452,0.0,0.0,1
"Myosin-14,Alpha-actinin A",56,0.0,0.0,1.0,0.0,0.0,0.0,1
"Myosin-14,Alpha-actinin A",91,0.013366211207937826,0.0,0.9866337887920622,0.0,0.0,0.0,1
"Myosin-14,Alpha-actinin A",93,0.0,0.0,1.0,0.0,0.0,0.0,1
"Myosin-14,Alpha-actinin A",95,0.4034545712895544,0.0,0.5965454287104455,0.0,0.0,0.0,1
"Myosin-14,Alpha-actinin A",96,1.0,0.0,0.0,0.0,0.0,0.0,1
"Myosin-14,Alpha-actinin A",97,0.7549845141308555,0.0,0.24501548586914434,0.0,0.0,0.0,1
"Myosin-14,Alpha-actinin A",100,1.0,0.0,0.0,0.0,0.0,0.0,1
"Myosin-14,Alpha-actinin A",142,1.0,0.0,0.0,0.0,0.0,0.0,1
"Myosin-14,Alpha-actinin A",143,1.0,0.0,0.0,0.0,0.0,0.0,1
"Myosin-14,Alpha-actinin A",144,0.0,1.0,0.0,0.0,0.0,0.0,1
"Myosin-14,Alpha-actinin A",145,0.0,0.45292207792207795,0.0,0.547077922077922,0.0,0.0,1
"Myosin-14,Alpha-actinin A",146,0.656068251646452,0.019851906804868317,0.32407984154867964,0.0,0.0,0.0,1
"Myosin-14,Alpha-actinin A",147,0.4991065627030539,0.0,0.5008934372969461,0.0,0.0,0.0,1
"Myosin-14,Alpha-actinin A",148,0.47837631570579076,0.0,0.5216236842942092,0.0,0.0,0.0,1
"Myosin-14,Alpha-actinin A",167,0.0,0.0,1.0,0.0,0.0,0.0,1
"Myosin-14,Alpha-actinin A",168,1.0,0.0,0.0,0.0,0.0,0.0,1
"Myosin-14,Alpha-actinin A",305,1.0,0.0,0.0,0.0,0.0,0.0,1
"Myosin-14,Alpha-actinin A",314,0.0,1.0,0.0,0.0,0.0,0.0,1
"Myosin-14,Alpha-actinin A",328,0.0,0.8131725417439704,0.1868274582560297,0.0,0.0,0.0,1
"Myosin-14,Alpha-actinin A",329,0.0,1.0,0.0,0.0,0.0,0.0,1
"Myosin-14,Alpha-actinin A",330,0.0,0.0,0.0,1.0,0.0,0.0,1
"Myosin-14,Alpha-actinin A",332,1.0,0.0,0.0,0.0,0.0,0.0,1
"Myosin-14,Alpha-actinin A",333,0.37235485531735135,0.5023514230647376,0.12529372161791108,0.0,0.0,0.0,1
"Myosin-14,Alpha-actinin A",334,0.4695779070387086,0.16249164791290055,0.3679304450483909,0.0,0.0,0.0,1
"Myosin-14,Alpha-actinin A",337,0.9921414234985333,0.0,0.0,0.007858576501466728,0.0,0.0,1
"Myosin-14,Alpha-actinin A",341,0.512666373681567,0.0,0.4873336263184329,0.0,0.0,0.0,1
"Myosin-14,Alpha-actinin A",344,1.0,0.0,0.0,0.0,0.0,0.0,1
"Myosin-14,Alpha-actinin A",345,1.0,0.0,0.0,0.0,0.0,0.0,1
"Myosin-14,Alpha-actinin A",348,0.6142960688195014,0.0,0.3857039311804986,0.0,0.0,0.0,1
"Myosin-14,Alpha-actinin A",349,0.4976238747871219,0.0,0.003815007472456179,0.4985611177404219,0.0,0.0,1
"Myosin-14,Alpha-actinin A",350,0.7521865889212829,0.0,0.001457725947521866,0.24635568513119535,0.0,0.0,1
"Myosin-14,Alpha-actinin A",351,0.2511144130757801,0.0,0.11812778603268945,0.6307578008915304,0.0,0.0,1
"Myosin-14,Alpha-actinin A",352,0.0,0.0,0.0,1.0,0.0,0.0,1
"Myosin-14,Alpha-actinin A",353,0.9602882917283184,0.031000906877953316,0.008710801393728223,0.0,0.0,0.0,1
"Myosin-14,Alpha-actinin A",354,0.1486589564392768,0.6220236254561198,0.0,0.22931741810460343,0.0,0.0,1
Myosin-6,23,0.7825127063333883,0.2174872936666116,0.0,0.0,0.0,0.0,1
Myosin-6,24,0.7249180114441786,0.27508198855582144,0.0,0.0,0.0,0.0,1
Myosin-6,25,0.31507577933735204,0.4530125624608638,0.22408254732709512,0.007829110874689071,0.0,0.0,1
Myosin-6,26,0.743920473128428,0.0,0.256079526871572,0.0,0.0,0.0,1
Myosin-6,27,0.49543354094989217,0.0,0.14466414649870632,0.0,0.35990231255140154,0.0,1
Myosin-6,28,0.0,0.0,0.8414759515411263,0.0,0.15852404845887372,0.0,1
Myosin-6,29,0.0,0.0,0.5173477900226501,0.0,0.4826522099773498,0.0,1
Myosin-6,30,0.44842279199310037,0.0887399004184639,0.0,0.0,0.4628373075884357,0.0,1
Myosin-6,44,1.0,0.0,0.0,0.0,0.0,0.0,1
Myosin-6,45,1.0,0.0,0.0,0.0,0.0,0.0,1
Myosin-6,46,0.37995638764351397,0.0,0.21765570226817726,0.40238791008830876,0.0,0.0,1
Myosin-6,47,0.704084591715775,0.295915408284225,0.0,0.0,0.0,0.0,1
Myosin-6,48,0.002631578947368421,0.0,0.7217415814562566,0.27562683959637496,0.0,0.0,1
Myosin-6,56,0.0,1.0,0.0,0.0,0.0,0.0,1
Myosin-6,93,0.0,0.0,1.0,0.0,0.0,0.0,1
Myosin-6,94,0.0,0.0,1.0,0.0,0.0,0.0,1
Myosin-6,95,0.0,0.0,1.0,0.0,0.0,0.0,1
Myosin-6,96,0.0,0.0,1.0,0.0,0.0,0.0,1
Myosin-6,142,1.0,0.0,0.0,0.0,0.0,0.0,1
Myosin-6,143,1.0,0.0,0.0,0.0,0.0,0.0,1
Myosin-6,146,0.5247437177654554,0.0,0.4752562822345446,0.0,0.0,0.0,1
Myosin-6,147,0.3539397019752661,0.0,0.5070238172756452,0.13903648074908873,0.0,0.0,1
Myosin-6,148,0.590430065088426,0.0,0.40956993491157406,0.0,0.0,0.0,1
Myosin-6,305,1.0,0.0,0.0,0.0,0.0,0.0,1
Myosin-6,311,0.0,0.0,1.0,0.0,0.0,0.0,1
Myosin-6,314,0.0,0.0,1.0,0.0,0.0,0.0,1
Myosin-6,328,0.0,0.0,0.7176510897287436,0.28234891027125636,0.0,0.0,1
Myosin-6,330,0.0,0.0,0.0,1.0,0.0,0.0,1
Myosin-6,333,0.16463494894679465,0.43086629051599695,0.04796863909871723,0.0,0.3565301214384912,0.0,1
Myosin-6,334,0.29066163024393304,0.1236355906839854,0.46423482191556636,0.0,0.12146795715651508,0.0,1
Myosin-6,336,0.0,0.0,0.0,1.0,0.0,0.0,1
Myosin-6,337,0.8661068656075139,0.0,0.0,0.133893134392486,0.0,0.0,1
Myosin-6,341,0.09872287010460368,0.0,0.9012771298953964,0.0,0.0,0.0,1
Myosin-6,344,1.0,0.0,0.0,0.0,0.0,0.0,1
Myosin-6,345,1.0,0.0,0.0,0.0,0.0,0.0,1
Myosin-6,348,1.0,0.0,0.0,0.0,0.0,0.0,1
Myosin-6,349,0.6667371115071719,0.0,0.0,0.33326288849282815,0.0,0.0,1
Myosin-6,350,0.41152903904171034,0.3175284462151228,0.0,0.27094251474316694,0.0,0.0,1
Myosin-6,351,0.3273205127119585,0.00035236081747709656,0.17385987560879812,0.49846725086176624,0.0,0.0,1
Myosin-6,354,1.0,0.0,0.0,0.0,0.0,0.0,1
Myosin-7,6,0.6982389007939107,0.0,0.3017610992060894,0.0,0.0,0.0,4
Myosin-7,21,0.35851419676057233,0.0,0.3899269269008529,0.0,0.25155887633857477,0.0,4
Myosin-7,22,0.16822638146167557,0.0,0.8317736185383244,0.0,0.0,0.0,4
Myosin-7,23,0.4027727294075777,0.017194697647503036,0.38222301264346303,0.0,0.1978095603014563,0.0,4
Myosin-7,24,0.277846620783872,0.04009940707023623,0.5541281652970491,0.0,0.12792580684884255,0.0,4
Myosin-7,25,0.31769544315889103,0.39291070905482905,0.17723412457940158,0.009549526342225825,0.10261019686465248,0.0,4
Myosin-7,26,0.6907891513112471,0.0,0.3092108486887529,0.0,0.0,0.0,4
Myosin-7,27,0.5991660577600755,0.0,0.09270339118444684,0.0,0.30813055105547776,0.0,4
Myosin-7,28,0.08703618464692989,0.010309278350515464,0.44490765825859147,0.0,0.45774687874396314,0.0,4
Myosin-7,29,0.0,0.0,0.0,0.0,1.0,0.0,4
Myosin-7,30,0.2870566613524299,0.12022218801534224,0.0,0.0,0.5927211506322279,0.0,4
Myosin-7,44,1.0,0.0,0.0,0.0,0.0,0.0,4
Myosin-7,45,1.0,0.0,0.0,0.0,0.0,0.0,4
Myosin-7,46,0.29323569056851573,0.0,0.4578823334988403,0.24888197593264402,0.0,0.0,4
Myosin-7,47,0.5166995656967142,0.2559818968159709,0.22019795111693555,0.007120586370379453,0.0,0.0,4
Myosin-7,48,0.052296263488887655,0.007633587786259542,0.5303369271462486,0.4097332215786042,0.0,0.0,4
Myosin-7,49,0.0,0.28174603174603174,0.0,0.7182539682539683,0.0,0.0,2
Myosin-7,50,0.8122067183462532,0.0,0.0,0.18779328165374676,0.0,0.0,3
Myosin-7,56,0.0,1.0,0.0,0.0,0.0,0.0,4
Myosin-7,93,0.0,0.0,0.0,0.0,1.0,0.0,2
Myosin-7,94,0.0,0.0,0.22383896626815727,0.0,0.7761610337318428,0.0,3
Myosin-7,95,0.0,0.0,0.6777028413110214,0.0,0.32229715868897846,0.0,3
Myosin-7,96,0.25,0.0,0.14628110829616997,0.0,0.6037188917038301,0.0,4
Myosin-7,97,0.0,0.0,1.0,0.0,0.0,0.0,1
Myosin-7,101,0.3333333333333333,0.0,0.0,0.0,0.6666666666666666,0.0,3
Myosin-7,142,1.0,0.0,0.0,0.0,0.0,0.0,2
Myosin-7,143,1.0,0.0,0.0,0.0,0.0,0.0,4
Myosin-7,145,0.0,0.0,0.0,1.0,0.0,0.0,2
Myosin-7,146,0.6937928766771219,0.0,0.30620712332287814,0.0,0.0,0.0,4
Myosin-7,147,0.3100016395971101,0.0,0.38947238860855526,0.30052597179433466,0.0,0.0,4
Myosin-7,148,0.3132346279311618,0.0,0.6867653720688383,0.0,0.0,0.0,4
Myosin-7,149,0.0,0.0,1.0,0.0,0.0,0.0,1
Myosin-7,296,0.0,0.0,1.0,0.0,0.0,0.0,2
Myosin-7,305,1.0,0.0,0.0,0.0,0.0,0.0,2
Myosin-7,311,0.0,0.0,1.0,0.0,0.0,0.0,3
Myosin-7,314,0.0,0.0,1.0,0.0,0.0,0.0,3
Myosin-7,328,0.0,0.0,0.20730806561324394,0.542691934386756,0.25,0.0,4
Myosin-7,329,0.0,0.0,1.0,0.0,0.0,0.0,1
Myosin-7,330,0.0,0.0,0.0,1.0,0.0,0.0,3
Myosin-7,331,0.0,0.1635825675299359,0.0,0.8364174324700641,0.0,0.0,3
Myosin-7,332,0.0,0.05828825756656094,0.0254660424727516,0.1649090788615009,0.7513366210991865,0.0,4
Myosin-7,333,0.07353863718681725,0.4598922630442497,0.15334198013741257,0.0473687927794139,0.2658583268521066,0.0,4
Myosin-7,334,0.3065271605881923,0.12471789356598875,0.4436472276813551,0.0,0.1251077181644638,0.0,4
Myosin-7,336,1.0,0.0,0.0,0.0,0.0,0.0,1
Myosin-7,337,0.8923585222433457,0.0,0.0,0.10764147775665438,0.0,0.0,4
Myosin-7,341,0.3693654985738853,0.0,0.6306345014261148,0.0,0.0,0.0,4
Myosin-7,344,1.0,0.0,0.0,0.0,0.0,0.0,4
Myosin-7,345,0.9974541751527495,0.0025458248472505093,0.0,0.0,0.0,0.0,4
Myosin-7,348,0.6430508828718369,0.0,0.25238510452168833,0.10456401260647485,0.0,0.0,4
Myosin-7,349,0.5667893699208081,0.0,0.0,0.43321063007919186,0.0,0.0,4
Myosin-7,350,0.4791415174991599,0.22261367790540415,0.0,0.29824480459543595,0.0,0.0,4
Myosin-7,351,0.41505708901308697,0.0241790867972796,0.2107435929011234,0.35002023128851,0.0,0.0,4
Myosin-7,353,1.0,0.0,0.0,0.0,0.0,0.0,2
Myosin-7,354,1.0,0.0,0.0,0.0,0.0,0.0,3
Myosin-A,6,0.0,0.0,1.0,0.0,0.0,0.0,1
Myosin-A,23,0.0,0.0,0.9836512261580381,0.0,0.01634877384196185,0.0,1
Myosin-A,24,0.0,0.0,0.5323741007194245,0.0,0.4676258992805755,0.0,1
Myosin-A,25,0.0,0.2689486552567237,0.5158924205378973,0.0,0.21515892420537897,0.0,1
Myosin-A,26,0.6547945205479452,0.34520547945205476,0.0,0.0,0.0,0.0,1
Myosin-A,27,0.674757281553398,0.0,0.0,0.0,0.3252427184466019,0.0,1
Myosin-A,28,0.0,0.0,0.0,0.0,1.0,0.0,1
Myosin-A,30,0.3171641791044776,0.0,0.0,0.0,0.6828358208955224,0.0,1
Myosin-A,44,1.0,0.0,0.0,0.0,0.0,0.0,1
Myosin-A,45,1.0,0.0,0.0,0.0,0.0,0.0,1
Myosin-A,46,0.3898989898989899,0.3111111111111111,0.1696969696969697,0.1191919191919192,0.010101010101010102,0.0,1
Myosin-A,47,0.0,0.4112676056338029,0.5887323943661972,0.0,0.0,0.0,1
Myosin-A,48,0.0,0.5,0.3408450704225352,0.1591549295774648,0.0,0.0,1
Myosin-A,49,0.0,1.0,0.0,0.0,0.0,0.0,1
Myosin-A,50,0.0,1.0,0.0,0.0,0.0,0.0,1
Myosin-A,57,0.0,0.15151515151515152,0.0,0.8484848484848485,0.0,0.0,1
Myosin-A,87,0.0,0.19172932330827067,0.8082706766917293,0.0,0.0,0.0,1
Myosin-A,91,0.3730043541364296,0.0,0.6269956458635704,0.0,0.0,0.0,1
Myosin-A,92,0.2864077669902913,0.6553398058252428,0.05825242718446602,0.0,0.0,0.0,1
Myosin-A,95,0.7480438184663537,0.0,0.25195618153364635,0.0,0.0,0.0,1
Myosin-A,96,1.0,0.0,0.0,0.0,0.0,0.0,1
Myosin-A,97,1.0,0.0,0.0,0.0,0.0,0.0,1
Myosin-A,142,1.0,0.0,0.0,0.0,0.0,0.0,1
Myosin-A,143,1.0,0.0,0.0,0.0,0.0,0.0,1
Myosin-A,145,0.0,1.0,0.0,0.0,0.0,0.0,1
Myosin-A,146,0.8384879725085911,0.14776632302405499,0.0,0.0,0.013745704467353953,0.0,1
Myosin-A,147,0.3445378151260504,0.42577030812324923,0.0,0.11484593837535012,0.11484593837535012,0.0,1
Myosin-A,148,0.24390243902439024,0.0,0.34349593495934955,0.0,0.41260162601626016,0.0,1
Myosin-A,167,0.0,0.0,1.0,0.0,0.0,0.0,1
Myosin-A,305,1.0,0.0,0.0,0.0,0.0,0.0,1
Myosin-A,328,0.006666666666666667,0.9755555555555557,0.0,0.01777777777777778,0.0,0.0,1
Myosin-A,329,0.52,0.20800000000000002,0.0,0.0,0.272,0.0,1
Myosin-A,330,0.438953488372093,0.5523255813953488,0.0,0.0,0.00872093023255814,0.0,1
Myosin-A,331,0.11217948717948718,0.0,0.0,0.0,0.8878205128205128,0.0,1
Myosin-A,332,1.0,0.0,0.0,0.0,0.0,0.0,1
Myosin-A,333,0.3372093023255814,0.0,0.17877906976744187,0.1933139534883721,0.29069767441860467,0.0,1
Myosin-A,334,0.4928571428571428,0.3047619047619048,0.13333333333333333,0.008333333333333333,0.06071428571428571,0.0,1
Myosin-A,336,0.3116883116883117,0.0,0.0,0.6883116883116883,0.0,0.0,1
Myosin-A,337,0.7563025210084033,0.0,0.0,0.24369747899159663,0.0,0.0,1
Myosin-A,341,0.0,0.0,1.0,0.0,0.0,0.0,1
Myosin-A,344,0.0,0.0,1.0,0.0,0.0,0.0,1
Myosin-A,345,0.5708955223880597,0.0,0.42910447761194037,0.0,0.0,0.0,1
Myosin-A,348,0.27815699658703075,0.0,0.6518771331058021,0.06996587030716722,0.0,0.0,1
Myosin-A,349,0.47857142857142854,0.0,0.06964285714285715,0.4517857142857143,0.0,0.0,1
Myosin-A,350,0.0,0.3762755102040816,0.11224489795918367,0.23214285714285712,0.2793367346938775,0.0,1
Myosin-A,351,0.0,0.7140468227424749,0.0,0.28595317725752506,0.0,0.0,1
Myosin-A,353,0.0,0.0,0.34444444444444444,0.0,0.6555555555555556,0.0,1
Myosin-A,354,0.0,0.5257352941176471,0.19485294117647056,0.0,0.2794117647058823,0.0,1
Plastin-3,5,0.0,0.0,1.0,0.0,0.0,0.0,1
Plastin-3,23,1.0,0.0,0.0,0.0,0.0,0.0,1
Plastin-3,24,1.0,0.0,0.0,0.0,0.0,0.0,1
Plastin-3,25,1.0,0.0,0.0,0.0,0.0,0.0,1
Plastin-3,44,1.0,0.0,0.0,0.0,0.0,0.0,1
Plastin-3,45,0.9559476972974981,0.0,0.0,0.044052302702502016,0.0,0.0,1
Plastin-3,46,0.40504504749875453,0.48953602279811204,0.0,0.10541892970313345,0.0,0.0,1
Plastin-3,47,0.3902551235629336,0.5975424540508767,0.0,0.012202422386189613,0.0,0.0,1
Plastin-3,49,0.0,0.8089864641100045,0.0,0.0,0.19101353588999545,0.0,1
Plastin-3,50,0.09929728298166102,0.2584803531459254,0.0,0.23968459345649026,0.40253777041592326,0.0,1
Plastin-3,51,0.0,0.0,0.7922222222222222,0.0,0.20777777777777776,0.0,1
Plastin-3,52,0.08139698197021165,0.0,0.0,0.0,0.9186030180297884,0.0,1
Plastin-3,53,0.0,0.8711047406699581,0.0,0.0,0.12889525933004195,0.0,1
Plastin-3,54,0.5786760238182039,0.0,0.0,0.0,0.4213239761817961,0.0,1
Plastin-3,57,0.47026965441163626,0.197939805992195,0.0,0.08378487013187368,0.248005669464295,0.0,1
Plastin-3,61,0.0,0.42189422599258664,0.0,0.5781057740074134,0.0,0.0,1
Plastin-3,84,0.9965870307167236,0.0,0.0,0.0,0.0034129692832764505,0.0,1
Plastin-3,87,0.5286110524012156,0.47138894759878425,0.0,0.0,0.0,0.0,1
Plastin-3,88,0.8225164598531441,0.17748354014685588,0.0,0.0,0.0,0.0,1
Plastin-3,91,0.33831621769764525,0.5290260606160916,0.13265772168626333,0.0,0.0,0.0,1
Plastin-3,92,0.7405770114896044,0.2594229885103956,0.0,0.0,0.0,0.0,1
Plastin-3,93,0.0,1.0,0.0,0.0,0.0,0.0,1
Plastin-3,95,0.6110485789133292,0.12608939443043077,0.0,0.2628620266562401,0.0,0.0,1
Plastin-3,96,1.0,0.0,0.0,0.0,0.0,0.0,1
Plastin-3,97,0.33274049692078994,0.0,0.66725950307921,0.0,0.0,0.0,1
Plastin-3,99,0.0,0.0,1.0,0.0,0.0,0.0,1
Plastin-3,100,0.0,0.0,1.0,0.0,0.0,0.0,1
Plastin-3,101,0.0,0.0,1.0,0.0,0.0,0.0,1
Plastin-3,143,0.8797807283335342,0.03234086793623094,0.0,0.0,0.0878784037302348,0.0,1
Plastin-3,144,1.0,0.0,0.0,0.0,0.0,0.0,1
Plastin-3,146,0.0022598870056497176,0.970821649503867,0.0,0.0,0.026918463490483324,0.0,1
Plastin-3,147,0.40861910392852446,0.5913808960714756,0.0,0.0,0.0,0.0,1
Plastin-3,148,0.8313894523326573,0.16861054766734276,0.0,0.0,0.0,0.0,1
Plastin-3,167,0.0,0.44614551407505876,0.0,0.5538544859249412,0.0,0.0,1
Plastin-3,169,0.0,1.0,0.0,0.0,0.0,0.0,1
Plastin-3,334,1.0,0.0,0.0,0.0,0.0,0.0,1
Plastin-3,341,1.0,0.0,0.0,0.0,0.0,0.0,1
Plastin-3,344,1.0,0.0,0.0,0.0,0.0,0.0,1
Plastin-3,345,0.5792533631161823,0.0,0.0,0.0,0.4207466368838177,0.0,1
Plastin-3,348,0.0,0.0,1.0,0.0,0.0,0.0,1
Plastin-3,349,0.4114540177501505,0.0,0.315382696339574,0.2368922894599282,0.03627099645034732,0.0,1
Plastin-3,350,0.0,0.1855697656002534,0.29908415981271325,0.5153460745870334,0.0,0.0,1
Plastin-3,351,0.0,0.0,0.0,1.0,0.0,0.0,1
Profilin-1,113,0.0,0.5345454545454545,0.3781818181818182,0.08727272727272727,0.0,0.0,1
Profilin-1,116,0.0,0.0,1.0,0.0,0.0,0.0,1
Profilin-1,133,0.0,0.0,1.0,0.0,0.0,0.0,1
Profilin-1,136,0.0,0.0,1.0,0.0,0.0,0.0,1
Profilin-1,166,0.0,0.36858006042296076,0.6314199395770393,0.0,0.0,0.0,1
Profilin-1,167,0.0,1.0,0.0,0.0,0.0,0.0,1
Profilin-1,169,0.21969696969696967,0.22222222222222224,0.5580808080808081,0.0,0.0,0.0,1
Profilin-1,170,0.4012345679012346,0.0,0.5987654320987654,0.0,0.0,0.0,1
Profilin-1,171,0.6766169154228856,0.04477611940298507,0.2786069651741293,0.0,0.0,0.0,1
Profilin-1,172,0.3615702479338843,0.0,0.6384297520661157,0.0,0.0,0.0,1
Profilin-1,173,0.06686930091185411,0.9331306990881459,0.0,0.0,0.0,0.0,1
Profilin-1,284,0.011111111111111113,0.9888888888888889,0.0,0.0,0.0,0.0,1
Profilin-1,285,0.6160714285714286,0.38392857142857145,0.0,0.0,0.0,0.0,1
Profilin-1,286,0.11789181692094314,0.42579750346740647,0.35783633841886275,0.0,0.09847434119278779,0.0,1
Profilin-1,287,0.11194029850746269,0.8880597014925373,0.0,0.0,0.0,0.0,1
Profilin-1,288,0.0,0.14285714285714288,0.8571428571428572,0.0,0.0,0.0,1
Profilin-1,289,0.0,0.0,1.0,0.0,0.0,0.0,1
Profilin-1,290,1.0,0.0,0.0,0.0,0.0,0.0,1
Profilin-1,354,0.0,0.0,1.0,0.0,0.0,0.0,1
Profilin-1,355,0.0,0.0,1.0,0.0,0.0,0.0,1
Profilin-1,361,0.0,0.0,1.0,0.0,0.0,0.0,1
Profilin-1,365,0.0,0.0,1.0,0.0,0.0,0.0,1
Profilin-1,368,0.0,0.017777777777777778,0.49777777777777776,0.48444444444444446,0.0,0.0,1
Profilin-1,369,0.0,0.0,1.0,0.0,0.0,0.0,1
Profilin-1,371,0.0,0.0,0.20930232558139536,0.7906976744186046,0.0,0.0,1
Profilin-1,372,0.0015515903801396431,0.41737781225756404,0.25911559348332036,0.21256788207913108,0.10938712179984483,0.0,1
Profilin-1,373,0.03888888888888889,0.0,0.7027777777777777,0.0,0.25833333333333336,0.0,1
Profilin-1,374,0.0,0.0,1.0,0.0,0.0,0.0,1
Profilin-1,375,0.11269035532994924,0.10152284263959391,0.43248730964466997,0.17055837563451778,0.18274111675126903,0.0,1
Protein diaphanous homolog 1,5,0.0,0.3200001599181219,0.6799998400818781,0.0,0.0,0.0,2
Protein diaphanous homolog 1,6,0.0,0.0,1.0,0.0,0.0,0.0,1
Protein diaphanous homolog 1,7,0.0,0.0,1.0,0.0,0.0,0.0,1
Protein diaphanous homolog 1,22,0.0,0.0,1.0,0.0,0.0,0.0,1
Protein diaphanous homolog 1,23,0.0,0.0,1.0,0.0,0.0,0.0,2
Protein diaphanous homolog 1,24,0.0,0.0,1.0,0.0,0.0,0.0,2
Protein diaphanous homolog 1,25,0.0,0.0,1.0,0.0,0.0,0.0,2
Protein diaphanous homolog 1,44,1.0,0.0,0.0,0.0,0.0,0.0,1
Protein diaphanous homolog 1,45,1.0,0.0,0.0,0.0,0.0,0.0,1
Protein diaphanous homolog 1,46,0.303596975270795,0.696403024729205,0.0,0.0,0.0,0.0,1
Protein diaphanous homolog 1,47,0.3974298411365386,0.5334413709846736,0.06912878787878789,0.0,0.0,0.0,1
Protein diaphanous homolog 1,48,0.0,0.44098793363499245,0.5590120663650076,0.0,0.0,0.0,1
Protein diaphanous homolog 1,50,0.0,0.0,1.0,0.0,0.0,0.0,1
Protein diaphanous homolog 1,61,0.0,0.0,1.0,0.0,0.0,0.0,1
Protein diaphanous homolog 1,80,0.0,0.0,1.0,0.0,0.0,0.0,1
Protein diaphanous homolog 1,83,0.0,0.058577405857740586,0.9414225941422595,0.0,0.0,0.0,1
Protein diaphanous homolog 1,118,0.0,0.0,0.0,1.0,0.0,0.0,1
Protein diaphanous homolog 1,121,0.0,0.588768115942029,0.010869565217391304,0.4003623188405797,0.0,0.0,1
Protein diaphanous homolog 1,125,0.0,0.25174982341231616,0.5758363834842355,0.17241379310344826,0.0,0.0,1
Protein diaphanous homolog 1,126,0.0,0.38131868131868135,0.6186813186813187,0.0,0.0,0.0,1
Protein diaphanous homolog 1,128,0.31901840490797545,0.0,0.6809815950920245,0.0,0.0,0.0,1
Protein diaphanous homolog 1,143,0.4400831073806216,0.5599168926193784,0.0,0.0,0.0,0.0,2
Protein diaphanous homolog 1,144,0.0,1.0,0.0,0.0,0.0,0.0,2
Protein diaphanous homolog 1,145,0.0,1.0,0.0,0.0,0.0,0.0,2
Protein diaphanous homolog 1,146,0.3578973063639208,0.6421026936360792,0.0,0.0,0.0,0.0,2
Protein diaphanous homolog 1,147,0.06164693196887097,0.9278182220019556,0.01053484602917342,0.0,0.0,0.0,2
Protein diaphanous homolog 1,148,0.05757381777406574,0.8640740012889392,0.07835218093699516,0.0,0.0,0.0,2
Protein diaphanous homolog 1,149,0.0,0.0,1.0,0.0,0.0,0.0,1
Protein diaphanous homolog 1,167,0.0,0.06883846941296905,0.931161530587031,0.0,0.0,0.0,2
Protein diaphanous homolog 1,168,0.0,1.0,0.0,0.0,0.0,0.0,1
Protein diaphanous homolog 1,169,0.0,0.0,1.0,0.0,0.0,0.0,1
Protein diaphanous homolog 1,233,0.0,0.0,1.0,0.0,0.0,0.0,1
Protein diaphanous homolog 1,234,0.0,0.0,1.0,0.0,0.0,0.0,1
Protein diaphanous homolog 1,239,0.0,0.0,0.0,1.0,0.0,0.0,1
Protein diaphanous homolog 1,292,0.0,0.0,1.0,0.0,0.0,0.0,1
Protein diaphanous homolog 1,296,0.0,0.75,0.25,0.0,0.0,0.0,2
Protein diaphanous homolog 1,318,0.0,0.0,1.0,0.0,0.0,0.0,1
Protein diaphanous homolog 1,319,0.0,0.0,1.0,0.0,0.0,0.0,1
Protein diaphanous homolog 1,321,0.0,0.0,1.0,0.0,0.0,0.0,1
Protein diaphanous homolog 1,323,0.02217391304347826,0.5,0.4013043478260869,0.0765217391304348,0.0,0.0,2
Protein diaphanous homolog 1,324,0.008778625954198472,0.4267175572519084,0.5217557251908397,0.042748091603053436,0.0,0.0,2
Protein diaphanous homolog 1,326,0.0,0.7611494307803406,0.0,0.23885056921965933,0.0,0.0,2
Protein diaphanous homolog 1,328,0.0,0.14376446679736404,0.0,0.8562355332026359,0.0,0.0,2
Protein diaphanous homolog 1,330,0.0,1.0,0.0,0.0,0.0,0.0,2
Protein diaphanous homolog 1,341,0.0,0.0,1.0,0.0,0.0,0.0,2
Protein diaphanous homolog 1,344,0.0,0.0,1.0,0.0,0.0,0.0,2
Protein diaphanous homolog 1,345,0.14761785002518654,0.3505188201702398,0.17922319863338568,0.0,0.322640131171188,0.0,2
Protein diaphanous homolog 1,346,0.40343237704918034,0.5965676229508197,0.0,0.0,0.0,0.0,1
Protein diaphanous homolog 1,347,0.0,0.0,1.0,0.0,0.0,0.0,1
Protein diaphanous homolog 1,348,0.0,0.0,0.8469047619047619,0.11309523809523811,0.04,0.0,2
Protein diaphanous homolog 1,349,0.4744888815962766,0.35642354052663405,0.026842948717948716,0.0514354066985646,0.09080922246057603,0.0,2
Protein diaphanous homolog 1,350,0.0746205812145633,0.31991260923845194,0.40843291124189995,0.19703389830508475,0.0,0.0,2
Protein diaphanous homolog 1,351,0.232676126382336,0.767323873617664,0.0,0.0,0.0,0.0,2
Protein diaphanous homolog 1,352,0.0,1.0,0.0,0.0,0.0,0.0,1
Protein diaphanous homolog 1,353,0.07024793388429752,0.0,0.9297520661157025,0.0,0.0,0.0,2
Protein diaphanous homolog 1,355,0.0,1.0,0.0,0.0,0.0,0.0,1
Protein diaphanous homolog 1,359,1.0,0.0,0.0,0.0,0.0,0.0,1
Protein diaphanous homolog 1,362,0.0,0.9439252336448598,0.056074766355140186,0.0,0.0,0.0,1
Protein diaphanous homolog 1,363,0.0,0.26373626373626374,0.7362637362637363,0.0,0.0,0.0,2
Protein diaphanous homolog 1,364,0.0,0.0,1.0,0.0,0.0,0.0,1
Protein diaphanous homolog 1,365,0.0,0.0,1.0,0.0,0.0,0.0,1
Protein diaphanous homolog 1,366,0.0,1.0,0.0,0.0,0.0,0.0,1
Protein diaphanous homolog 1,367,0.0,1.0,0.0,0.0,0.0,0.0,1
Protein diaphanous homolog 1,372,0.0,0.0,1.0,0.0,0.0,0.0,1
Spectrin beta chain,2,0.0,0.0,1.0,0.0,0.0,0.0,1
Spectrin beta chain,3,0.0,0.0,1.0,0.0,0.0,0.0,1
Spectrin beta chain,21,0.0,0.0,1.0,0.0,0.0,0.0,2
Spectrin beta chain,23,0.0,0.0,1.0,0.0,0.0,0.0,1
Spectrin beta chain,24,1.0,0.0,0.0,0.0,0.0,0.0,2
Spectrin beta chain,25,0.3673902398208215,0.0,0.6326097601791785,0.0,0.0,0.0,2
Spectrin beta chain,26,0.7212552117630457,0.0,0.27874478823695426,0.0,0.0,0.0,2
Spectrin beta chain,27,1.0,0.0,0.0,0.0,0.0,0.0,2
Spectrin beta chain,28,0.7087160615474234,0.0,0.2586521066875577,0.03263183176501888,0.0,0.0,2
Spectrin beta chain,29,0.6066682887116324,0.0,0.39333171128836764,0.0,0.0,0.0,2
Spectrin beta chain,30,0.9198290993049696,0.0,0.05892584140649293,0.021245059288537545,0.0,0.0,2
Spectrin beta chain,31,0.0,0.0,1.0,0.0,0.0,0.0,2
Spectrin beta chain,44,1.0,0.0,0.0,0.0,0.0,0.0,2
Spectrin beta chain,45,0.9866696350456193,0.0,0.0,0.013330364954380704,0.0,0.0,2
Spectrin beta chain,46,0.39867137721266055,0.0016435139469888748,0.0,0.5996851088403505,0.0,0.0,2
Spectrin beta chain,47,0.6374080493262875,0.0931713868135589,0.1635799910923743,0.1058405727677793,0.0,0.0,2
Spectrin beta chain,48,0.048219873988482875,0.42516696023166517,0.1522085777557587,0.3493647099326578,0.02503987809143552,0.0,2
Spectrin beta chain,49,0.10710257233062695,0.13597418710223358,0.3474952601623116,0.29750857900672323,0.11191940139810466,0.0,2
Spectrin beta chain,50,0.19093087579554957,0.24878208868872922,0.19958643936886955,0.17429103787901135,0.18640955826784025,0.0,2
Spectrin beta chain,51,0.0,0.0,1.0,0.0,0.0,0.0,2
Spectrin beta chain,52,0.0,0.7316205320886073,0.0,0.26837946791139256,0.0,0.0,2
Spectrin beta chain,53,0.0,0.21721100078721506,0.7790892499352055,0.003699749277579467,0.0,0.0,2
Spectrin beta chain,54,0.0,0.7906352718258423,0.0,0.20936472817415777,0.0,0.0,2
Spectrin beta chain,56,0.0,0.0,1.0,0.0,0.0,0.0,2
Spectrin beta chain,57,0.2446976670162645,0.48124114419266734,0.11465156113765393,0.15940962765341424,0.0,0.0,2
Spectrin beta chain,61,0.0,0.0,0.7548398689594757,0.24516013104052425,0.0,0.0,2
Spectrin beta chain,83,0.0,0.0,0.5,0.5,0.0,0.0,2
Spectrin beta chain,84,0.0,0.0,0.03290657440334777,0.9670934255966522,0.0,0.0,2
Spectrin beta chain,87,0.028562866800570078,0.023835315127016338,0.5373146275099532,0.41028719056246044,0.0,0.0,2
Spectrin beta chain,88,0.20935704716158507,0.41229905963886115,0.06153656968484509,0.31680732351470875,0.0,0.0,2
Spectrin beta chain,90,1.0,0.0,0.0,0.0,0.0,0.0,1
Spectrin beta chain,91,0.41969385723573405,0.2700598195729425,0.20856221780775225,0.0006906555619790914,0.10099344982159204,0.0,2
Spectrin beta chain,92,0.333816037806114,0.07534446463373978,0.22973272115618765,0.1811501931836837,0.17995658322027497,0.0,2
Spectrin beta chain,93,0.0,0.0,0.9940043604651163,0.005995639534883721,0.0,0.0,2
Spectrin beta chain,94,0.0,0.015619571151300329,0.9843804288486997,0.0,0.0,0.0,2
Spectrin beta chain,95,0.433226185922419,0.1917069836343434,0.21888647572751496,0.11039760055177025,0.04578275416395233,0.0,2
Spectrin beta chain,96,0.5703098137517539,0.0,0.42969018624824606,0.0,0.0,0.0,2
Spectrin beta chain,97,0.9926144781258668,0.0,0.007385521874133253,0.0,0.0,0.0,2
Spectrin beta chain,98,0.5031490856558029,0.0,0.49685091434419715,0.0,0.0,0.0,2
Spectrin beta chain,99,0.5069166217866325,0.0,0.4930833782133674,0.0,0.0,0.0,2
Spectrin beta chain,100,1.0,0.0,0.0,0.0,0.0,0.0,2
Spectrin beta chain,124,0.0,0.0,1.0,0.0,0.0,0.0,1
Spectrin beta chain,125,0.0,0.047619047619047616,0.6946778711484594,0.25770308123249297,0.0,0.0,1
Spectrin beta chain,128,0.0,0.0,1.0,0.0,0.0,0.0,1
Spectrin beta chain,142,1.0,0.0,0.0,0.0,0.0,0.0,2
Spectrin beta chain,143,1.0,0.0,0.0,0.0,0.0,0.0,2
Spectrin beta chain,144,1.0,0.0,0.0,0.0,0.0,0.0,2
Spectrin beta chain,145,1.0,0.0,0.0,0.0,0.0,0.0,2
Spectrin beta chain,146,0.5176520749833318,0.0,0.48234792501666823,0.0,0.0,0.0,2
Spectrin beta chain,147,0.14617150999563194,0.0,0.8538284900043681,0.0,0.0,0.0,2
Spectrin beta chain,148,0.43451425023238643,0.0,0.5654857497676136,0.0,0.0,0.0,2
Spectrin beta chain,167,0.0,0.0,0.8822828374860707,0.11771716251392933,0.0,0.0,2
Spectrin beta chain,214,0.0,1.0,0.0,0.0,0.0,0.0,2
Spectrin beta chain,215,0.0,0.0,1.0,0.0,0.0,0.0,1
Spectrin beta chain,305,0.34104750122576866,0.4868532143541909,0.0,0.1720992844200404,0.0,0.0,2
Spectrin beta chain,306,0.0,0.0,0.0,1.0,0.0,0.0,2
Spectrin beta chain,307,0.0,0.4540604467058309,0.0,0.5459395532941691,0.0,0.0,2
Spectrin beta chain,308,0.0,0.0,0.0,1.0,0.0,0.0,2
Spectrin beta chain,309,0.0,0.0,0.0,1.0,0.0,0.0,1
Spectrin beta chain,331,0.0,0.0,0.0,1.0,0.0,0.0,2
Spectrin beta chain,332,0.0,0.0,0.0,1.0,0.0,0.0,1
Spectrin beta chain,333,0.23578656918971913,0.3610282695509648,0.0,0.403185161259316,0.0,0.0,2
Spectrin beta chain,334,0.9297449645924702,0.07025503540752975,0.0,0.0,0.0,0.0,2
Spectrin beta chain,335,0.0,0.0010050251256281408,0.0,0.9989949748743718,0.0,0.0,2
Spectrin beta chain,336,0.3477324954176486,0.0,0.0,0.6522675045823514,0.0,0.0,2
Spectrin beta chain,337,0.7497373271299523,0.0,0.0,0.2502626728700478,0.0,0.0,2
Spectrin beta chain,341,1.0,0.0,0.0,0.0,0.0,0.0,2
Spectrin beta chain,345,0.7269754364335608,0.0,0.2730245635664393,0.0,0.0,0.0,2
Spectrin beta chain,348,0.0,0.5897166580627218,0.41028334193727833,0.0,0.0,0.0,2
Spectrin beta chain,349,0.3588680485639093,0.11752295778943396,0.24462603272903385,0.27898296091762287,0.0,0.0,2
Spectrin beta chain,350,0.0,0.32321011611821904,0.43617417814127935,0.24061570574050156,0.0,0.0,2
Spectrin beta chain,351,0.0,0.0,0.00935134175792799,0.9906486582420719,0.0,0.0,2
Spectrin beta chain,359,0.0,0.0,1.0,0.0,0.0,0.0,1
Spectrin beta chain,362,0.0,0.0,1.0,0.0,0.0,0.0,1
Spectrin beta chain,363,0.0,0.07540983606557376,0.9245901639344262,0.0,0.0,0.0,1
Src substrate cortactin,16,0.21108179419525067,0.2889182058047493,0.0,0.5,0.0,0.0,1
Src substrate cortactin,18,0.0,1.0,0.0,0.0,0.0,0.0,1
Src substrate cortactin,26,0.0,0.08633093525179857,0.0,0.0,0.9136690647482015,0.0,1
Src substrate cortactin,27,0.42136498516320475,0.4154302670623146,0.10089020771513355,0.0,0.06231454005934719,0.0,1
Src substrate cortactin,28,0.1657303370786517,0.0,0.8342696629213483,0.0,0.0,0.0,1
Src substrate cortactin,29,1.0,0.0,0.0,0.0,0.0,0.0,1
Src substrate cortactin,30,0.18037974683544303,0.319620253164557,0.0,0.5,0.0,0.0,1
Src substrate cortactin,31,0.0,1.0,0.0,0.0,0.0,0.0,1
Src substrate cortactin,32,0.398989898989899,0.10101010101010101,0.0,0.5,0.0,0.0,1
Src substrate cortactin,45,0.0,0.0,1.0,0.0,0.0,0.0,1
Src substrate cortactin,46,0.26171875000000006,0.0,0.73828125,0.0,0.0,0.0,1
Src substrate cortactin,47,0.6275579809004093,0.0,0.37244201909959074,0.0,0.0,0.0,1
Src substrate cortactin,48,1.0,0.0,0.0,0.0,0.0,0.0,1
Src substrate cortactin,56,0.4795725108225108,0.20224567099567098,0.19090909090909092,0.12727272727272726,0.0,0.0,1
Src substrate cortactin,57,0.06097560975609757,0.9390243902439025,0.0,0.0,0.0,0.0,1
Src substrate cortactin,59,0.5,0.40588235294117647,0.008235294117647058,0.08588235294117647,0.0,0.0,1
Src substrate cortactin,60,0.21008301886792452,0.2952830188679245,0.4018339622641509,0.09279999999999998,0.0,0.0,1
Src substrate cortactin,61,0.5,0.1267806267806268,0.3732193732193732,0.0,0.0,0.0,1
Src substrate cortactin,62,0.5,0.471764705882353,0.028235294117647056,0.0,0.0,0.0,1
Src substrate cortactin,144,0.0,0.0,1.0,0.0,0.0,0.0,1
Src substrate cortactin,145,0.0,0.040498442367601244,0.9595015576323987,0.0,0.0,0.0,1
Src substrate cortactin,146,0.0,1.0,0.0,0.0,0.0,0.0,1
Src substrate cortactin,147,0.0,0.789237668161435,0.20179372197309417,0.0,0.008968609865470852,0.0,1
Src substrate cortactin,148,1.0,0.0,0.0,0.0,0.0,0.0,1
Src substrate cortactin,149,0.9141104294478527,0.07361963190184048,0.012269938650306749,0.0,0.0,0.0,1
Src substrate cortactin,166,0.43621399176954734,0.5637860082304527,0.0,0.0,0.0,0.0,1
Src substrate cortactin,167,1.0,0.0,0.0,0.0,0.0,0.0,1
Src substrate cortactin,207,0.0,1.0,0.0,0.0,0.0,0.0,1
Src substrate cortactin,208,0.0,0.9333333333333332,0.06666666666666667,0.0,0.0,0.0,1
Src substrate cortactin,210,1.0,0.0,0.0,0.0,0.0,0.0,1
Src substrate cortactin,211,0.5030487804878049,0.49695121951219506,0.0,0.0,0.0,0.0,1
Src substrate cortactin,214,0.2068273092369478,0.0,0.29317269076305225,0.5,0.0,0.0,1
Src substrate cortactin,215,0.321285140562249,0.5,0.17871485943775103,0.0,0.0,0.0,1
Src substrate cortactin,217,0.0,0.0,1.0,0.0,0.0,0.0,1
Src substrate cortactin,221,0.0,0.0,1.0,0.0,0.0,0.0,1
Src substrate cortactin,240,0.5,0.2937219730941704,0.2062780269058296,0.0,0.0,0.0,1
Src substrate cortactin,241,0.0,0.0,1.0,0.0,0.0,0.0,1
Src substrate cortactin,242,0.0,0.0,1.0,0.0,0.0,0.0,1
Src substrate cortactin,243,0.0,0.09428571428571429,0.9057142857142857,0.0,0.0,0.0,1
Src substrate cortactin,288,0.0,1.0,0.0,0.0,0.0,0.0,1
Src substrate cortactin,289,0.0,1.0,0.0,0.0,0.0,0.0,1
Src substrate cortactin,291,0.02340425531914894,0.5404255319148936,0.43617021276595747,0.0,0.0,0.0,1
Src substrate cortactin,292,0.22132796780684103,0.6016096579476862,0.17706237424547283,0.0,0.0,0.0,1
Src substrate cortactin,295,0.0,1.0,0.0,0.0,0.0,0.0,1
Src substrate cortactin,296,0.0,1.0,0.0,0.0,0.0,0.0,1
Src substrate cortactin,298,0.0,0.0,1.0,0.0,0.0,0.0,1
Src substrate cortactin,305,0.0,0.0,0.6869158878504673,0.31308411214953275,0.0,0.0,1
Src substrate cortactin,306,0.0,0.0,0.7021276595744681,0.29787234042553196,0.0,0.0,1
Src substrate cortactin,307,0.0,0.0,0.7154046997389034,0.28459530026109664,0.0,0.0,1
Src substrate cortactin,308,0.0,0.0,0.0,1.0,0.0,0.0,1
Src substrate cortactin,309,0.0,0.0,0.0,1.0,0.0,0.0,1
Src substrate cortactin,310,0.2692307692307692,0.23717948717948717,0.0,0.49358974358974356,0.0,0.0,1
Src substrate cortactin,311,0.0,0.2711598746081505,0.4890282131661442,0.23981191222570536,0.0,0.0,1
Src substrate cortactin,314,0.0,1.0,0.0,0.0,0.0,0.0,1
Src substrate cortactin,328,0.43448275862068964,0.5655172413793103,0.0,0.0,0.0,0.0,1
Src substrate cortactin,329,0.5387931034482759,0.46120689655172414,0.0,0.0,0.0,0.0,1
Src substrate cortactin,330,0.5205479452054794,0.14840182648401826,0.2602739726027397,0.0,0.07077625570776255,0.0,1
Src substrate cortactin,331,0.9498432601880877,0.0,0.0,0.04075235109717868,0.009404388714733541,0.0,1
Src substrate cortactin,332,0.1371571072319202,0.0,0.6284289276807979,0.0,0.2344139650872818,0.0,1
Src substrate cortactin,333,0.40811455847255373,0.3424821002386635,0.04892601431980908,0.13365155131264916,0.06682577565632458,0.0,1
Src substrate cortactin,334,0.27371273712737126,0.0,0.7046070460704608,0.0,0.021680216802168025,0.0,1
Src substrate cortactin,335,0.20392156862745098,0.0,0.6274509803921569,0.16862745098039214,0.0,0.0,1
Src substrate cortactin,336,0.0423412204234122,0.21606475716064755,0.0,0.6164383561643836,0.12515566625155666,0.0,1
Src substrate cortactin,337,0.12248628884826325,0.22577696526508226,0.0,0.5,0.15173674588665448,0.0,1
Talin-1,3,0.0,0.8919465575670831,0.10805344243291692,0.0,0.0,0.0,1
Talin-1,4,0.0,0.632430557176704,0.36756944282329596,0.0,0.0,0.0,1
Talin-1,5,0.3516771930809016,0.08028075535394989,0.5680420515651485,0.0,0.0,0.0,1
Talin-1,23,0.728885018199683,0.0,0.2539782497041156,0.0,0.01713673209620151,0.0,1
Talin-1,24,0.8586035074095645,0.0,0.1413964925904355,0.0,0.0,0.0,1
Talin-1,25,0.4842558021617281,0.0,0.5157441978382719,0.0,0.0,0.0,1
Talin-1,44,1.0,0.0,0.0,0.0,0.0,0.0,1
Talin-1,45,0.35187990762249505,0.0,0.0,0.648120092377505,0.0,0.0,1
Talin-1,46,0.4999364730017106,0.16441691806821856,0.0,0.3356466089300708,0.0,0.0,1
Talin-1,47,0.41535627070802517,0.5786913483395939,0.0,0.005952380952380952,0.0,0.0,1
Talin-1,48,1.0,0.0,0.0,0.0,0.0,0.0,1
Talin-1,49,0.28038704362466893,0.0,0.5894471807955146,0.1301657755798164,0.0,0.0,1
Talin-1,50,0.2321816682642681,0.0,0.17246008436419247,0.5953582473715395,0.0,0.0,1
Talin-1,51,0.0,0.0,0.8600732138348901,0.1399267861651098,0.0,0.0,1
Talin-1,52,0.0,0.0,0.0,1.0,0.0,0.0,1
Talin-1,53,1.0,0.0,0.0,0.0,0.0,0.0,1
Talin-1,57,0.0,0.0,0.0,1.0,0.0,0.0,1
Talin-1,83,0.17540179551168264,0.12495801758929512,0.6996401868990223,0.0,0.0,0.0,1
Talin-1,84,0.0,0.0,0.47249355014620376,0.5275064498537962,0.0,0.0,1
Talin-1,87,0.16551454478994945,0.0,0.7020319583205513,0.13245349688949923,0.0,0.0,1
Talin-1,91,0.4323931033017316,0.0,0.5676068966982684,0.0,0.0,0.0,1
Talin-1,92,1.0,0.0,0.0,0.0,0.0,0.0,1
Talin-1,97,0.0,0.0,1.0,0.0,0.0,0.0,1
Talin-1,98,0.0,0.0,1.0,0.0,0.0,0.0,1
Talin-1,99,0.3420864601710113,0.14761379779829445,0.5102997420306943,0.0,0.0,0.0,1
Talin-1,100,0.7214845343148297,0.0,0.2785154656851703,0.0,0.0,0.0,1
Talin-1,101,0.0,0.0,1.0,0.0,0.0,0.0,1
Talin-1,102,0.952247191011236,0.0,0.047752808988764044,0.0,0.0,0.0,1
Talin-1,121,0.0,0.0,1.0,0.0,0.0,0.0,1
Talin-1,124,0.0,1.0,0.0,0.0,0.0,0.0,1
Talin-1,125,0.08735699566553837,0.5892957328261625,0.3233472715082991,0.0,0.0,0.0,1
Talin-1,126,0.33369401237371843,0.29427090174052256,0.372035085885759,0.0,0.0,0.0,1
Talin-1,127,0.0,0.0,1.0,0.0,0.0,0.0,1
Talin-1,128,0.006329113924050633,0.44254224196464365,0.5511286441113057,0.0,0.0,0.0,1
Talin-1,129,0.0,1.0,0.0,0.0,0.0,0.0,1
Talin-1,130,0.5292419595050413,0.4707580404949587,0.0,0.0,0.0,0.0,1
Talin-1,131,1.0,0.0,0.0,0.0,0.0,0.0,1
Talin-1,143,1.0,0.0,0.0,0.0,0.0,0.0,1
Talin-1,144,1.0,0.0,0.0,0.0,0.0,0.0,1
Talin-1,145,1.0,0.0,0.0,0.0,0.0,0.0,1
Talin-1,146,0.9827586206896551,0.01724137931034483,0.0,0.0,0.0,0.0,1
Talin-1,147,0.7856032641094881,0.0,0.1267993386665586,0.08759739722395325,0.0,0.0,1
Talin-1,148,0.48230155998298235,0.5176984400170176,0.0,0.0,0.0,0.0,1
Talin-1,328,0.0,0.0,0.7207079540281032,0.2792920459718969,0.0,0.0,1
Talin-1,329,0.0,0.0,0.0,1.0,0.0,0.0,1
Talin-1,330,0.4314330492702518,0.0,0.0,0.5685669507297483,0.0,0.0,1
Talin-1,331,0.0,0.0,0.0,1.0,0.0,0.0,1
Talin-1,332,0.7944011371918348,0.0,0.0,0.20559886280816514,0.0,0.0,1
Talin-1,333,0.30950411595572885,0.0,0.0,0.6904958840442711,0.0,0.0,1
Talin-1,334,0.9896373056994818,0.0,0.0,0.010362694300518135,0.0,0.0,1
Talin-1,340,1.0,0.0,0.0,0.0,0.0,0.0,1
Talin-1,341,1.0,0.0,0.0,0.0,0.0,0.0,1
Talin-1,344,1.0,0.0,0.0,0.0,0.0,0.0,1
Talin-1,345,1.0,0.0,0.0,0.0,0.0,0.0,1
Talin-1,348,1.0,0.0,0.0,0.0,0.0,0.0,1
Talin-1,349,0.9770792403405371,0.0,0.0,0.022920759659462997,0.0,0.0,1
Talin-1,350,0.42857142857142855,0.5683890577507599,0.0030395136778115497,0.0,0.0,0.0,1
Talin-1,351,0.02958892713946785,0.5,0.03384554917398856,0.4365655236865436,0.0,0.0,1
Talin-1,353,0.1857077463865104,0.0,0.8142922536134896,0.0,0.0,0.0,1
Talin-1,354,0.4683271538376277,0.3727940429651782,0.14448273578146373,0.014396067415730336,0.0,0.0,1
Talin-1,356,0.897626000689493,0.0,0.102373999310507,0.0,0.0,0.0,1
Talin-1,358,0.9601292139531585,0.03871605163575605,0.0011547344110854503,0.0,0.0,0.0,1
Talin-1,359,0.3017176480882712,0.6982823519117288,0.0,0.0,0.0,0.0,1
Talin-1,360,0.7589666720925075,0.0,0.16266507384265463,0.0,0.07836825406483786,0.0,1
Talin-1,361,0.3013270459699031,0.0,0.6986729540300969,0.0,0.0,0.0,1
Talin-1,362,0.4216437827600518,0.5783562172399481,0.0,0.0,0.0,0.0,1
Talin-1,363,0.5962850597141264,0.4037149402858736,0.0,0.0,0.0,0.0,1
Talin-1,364,0.7696727108575918,0.0,0.2303272891424082,0.0,0.0,0.0,1
Talin-1,365,1.0,0.0,0.0,0.0,0.0,0.0,1
Talin-1,366,1.0,0.0,0.0,0.0,0.0,0.0,1
Talin-1,367,1.0,0.0,0.0,0.0,0.0,0.0,1
Talin-1,373,0.692229870671673,0.0,0.3077701293283271,0.0,0.0,0.0,1
Tropomodulin-1,32,0.0,1.0,0.0,0.0,0.0,0.0,2
Tropomodulin-1,37,0.0,0.3642925342077885,0.015016417982519679,0.611852663971308,0.00883838383838384,0.0,3
Tropomodulin-1,38,0.1517411334673673,0.7798356680263566,0.0,0.0,0.06842319850627614,0.0,3
Tropomodulin-1,39,0.16666666666666666,0.5,0.0,0.3333333333333333,0.0,0.0,3
Tropomodulin-1,40,0.27304802903163017,0.6352505406831748,0.0917014302851951,0.0,0.0,0.0,3
Tropomodulin-1,41,0.0,0.0,1.0,0.0,0.0,0.0,2
Tropomodulin-1,42,0.0,0.0,1.0,0.0,0.0,0.0,2
Tropomodulin-1,43,0.056749232306041654,0.1426523363794443,0.7391459173480336,0.0,0.061452513966480445,0.0,2
Tropomodulin-1,44,0.0,0.7966867469879517,0.20331325301204817,0.0,0.0,0.0,2
Tropomodulin-1,45,0.009873617693522909,0.14415481832543445,0.13546603475513427,0.6666666666666666,0.04383886255924171,0.0,3
Tropomodulin-1,46,0.29292637187374027,0.0,0.08089668615984406,0.6261769419664156,0.0,0.0,3
Tropomodulin-1,47,0.07326634093222684,0.33254988594334817,0.13989637305699482,0.4542874000674302,0.0,0.0,3
Tropomodulin-1,48,0.08593168737318428,0.4840383972427742,0.0,0.4300299153840415,0.0,0.0,3
Tropomodulin-1,49,0.03144907205717045,0.6462379602582765,0.0,0.32231296768455303,0.0,0.0,3
Tropomodulin-1,50,0.08200692849107084,0.21550265428917906,0.08009149938563126,0.6223989178341188,0.0,0.0,3
Tropomodulin-1,51,0.27584215140840446,0.4472705297443566,0.11068834157540837,0.16619897727183064,0.0,0.0,3
Tropomodulin-1,52,0.3108614232209738,0.02247191011235955,0.0,0.6666666666666666,0.0,0.0,3
Tropomodulin-1,53,0.26182778498835396,0.0,0.0,0.738172215011646,0.0,0.0,3
Tropomodulin-1,54,0.5,0.0,0.0,0.5,0.0,0.0,2
Tropomodulin-1,56,0.18624454148471617,0.64586748404434,0.16788797447094392,0.0,0.0,0.0,3
Tropomodulin-1,57,0.6384896023879912,0.0,0.22586153904084125,0.13564885857116757,0.0,0.0,3
Tropomodulin-1,59,0.0,1.0,0.0,0.0,0.0,0.0,3
Tropomodulin-1,60,0.6194405061936755,0.23351878346534058,0.14704071034098395,0.0,0.0,0.0,3
Tropomodulin-1,61,0.6668919304483069,0.0,0.03722155657917039,0.2958865129725227,0.0,0.0,3
Tropomodulin-1,62,0.4557430319164412,0.5442569680835588,0.0,0.0,0.0,0.0,3
Tropomodulin-1,63,0.5929132982273975,0.0,0.0,0.40708670177260253,0.0,0.0,2
Tropomodulin-1,64,0.3770780057488354,0.0,0.35735751808900784,0.26556447616215684,0.0,0.0,2
Tropomodulin-1,66,0.0,1.0,0.0,0.0,0.0,0.0,3
Tropomodulin-1,68,0.0,0.47620021822149483,0.4075129821583723,0.11628679962013296,0.0,0.0,3
Tropomodulin-1,69,0.0,0.0,1.0,0.0,0.0,0.0,2
Tropomodulin-1,72,0.0,0.0,1.0,0.0,0.0,0.0,3
Tropomodulin-1,75,0.0,0.0,1.0,0.0,0.0,0.0,3
Tropomodulin-1,76,0.0,0.0,1.0,0.0,0.0,0.0,3
Tropomodulin-1,77,0.07524863836726424,0.0763953359663644,0.8483560256663715,0.0,0.0,0.0,3
Tropomodulin-1,78,0.023410895936042026,0.29983016302663124,0.3308325707206947,0.24036265043525237,0.10556371988137965,0.0,3
Tropomodulin-1,79,0.07393525130925661,0.9260647486907434,0.0,0.0,0.0,0.0,3
Tropomodulin-1,80,0.058415770390091194,0.5,0.2829978072892488,0.046846533808473804,0.11173988851218623,0.0,3
Tropomodulin-1,81,0.0,0.0,0.0,1.0,0.0,0.0,3
Tropomodulin-1,83,0.0,0.30750975246116524,0.6661100723733395,0.0,0.026380175165495224,0.0,3
Tropomodulin-1,84,0.0,0.5,0.44770913866587375,0.05229086133412627,0.0,0.0,3
Tropomodulin-1,87,0.46621398223008576,0.5337860177699141,0.0,0.0,0.0,0.0,3
Tropomodulin-1,88,0.3333333333333333,0.0,0.19675925925925927,0.46990740740740744,0.0,0.0,3
Tropomodulin-1,91,0.6166866119851195,0.0,0.3833133880148805,0.0,0.0,0.0,3
Tropomodulin-1,92,0.4968415055807532,0.0,0.1469763977377924,0.3561820966814544,0.0,0.0,3
Tropomodulin-1,93,0.0,0.0,1.0,0.0,0.0,0.0,1
Tropomodulin-1,95,0.5564812594901303,0.0,0.2625195595106887,0.180999180999181,0.0,0.0,3
Tropomodulin-1,98,0.0,0.0,1.0,0.0,0.0,0.0,3
Tropomodulin-1,99,0.0,0.0,1.0,0.0,0.0,0.0,3
Tropomodulin-1,112,1.0,0.0,0.0,0.0,0.0,0.0,3
Tropomodulin-1,114,0.5992670335666653,0.4007329664333348,0.0,0.0,0.0,0.0,3
Tropomodulin-1,117,1.0,0.0,0.0,0.0,0.0,0.0,3
Tropomodulin-1,118,0.5889208761676671,0.41107912383233297,0.0,0.0,0.0,0.0,3
Tropomodulin-1,121,0.7106457011168669,0.23431300968925164,0.0027100271002710023,0.0523312620936105,0.0,0.0,3
Tropomodulin-1,122,0.0,0.6666666666666666,0.3333333333333333,0.0,0.0,0.0,3
Tropomodulin-1,124,0.0,0.0,0.42991345597909464,0.0,0.5700865440209054,0.0,3
Tropomodulin-1,125,0.2635312816825798,0.2117088938336622,0.4089714697515124,0.0005640157924421884,0.11522433893980338,0.0,3
Tropomodulin-1,126,0.0,0.0038690476190476196,0.8717405244609071,0.1131469152185976,0.011243512701447694,0.0,3
Tropomodulin-1,127,0.0,0.2240813328937338,0.7759186671062662,0.0,0.0,0.0,3
Tropomodulin-1,128,0.0,0.0,0.7209212184388835,0.0,0.2790787815611166,0.0,3
Tropomodulin-1,195,1.0,0.0,0.0,0.0,0.0,0.0,1
Tropomodulin-1,196,0.8453622269207189,0.15463777307928106,0.0,0.0,0.0,0.0,3
Tropomodulin-1,197,0.5,0.4730941704035874,0.026905829596412554,0.0,0.0,0.0,3
Tropomodulin-1,198,0.6334018509179278,0.23554875181492554,0.0,0.0,0.13104939726714662,0.0,3
Tropomodulin-1,199,0.11751060216899528,0.5,0.38248939783100466,0.0,0.0,0.0,3
Tropomodulin-1,200,0.652043777001929,0.3333333333333333,0.014622889664737673,0.0,0.0,0.0,3
Tropomodulin-1,201,0.0,0.0,1.0,0.0,0.0,0.0,3
Tropomodulin-1,202,0.6919539006831975,0.0,0.30804609931680255,0.0,0.0,0.0,3
Tropomodulin-1,204,0.9849765258215962,0.0,0.0,0.015023474178403757,0.0,0.0,3
Tropomodulin-1,205,0.6867203906936613,0.0,0.3132796093063386,0.0,0.0,0.0,3
Tropomodulin-1,207,0.16666666666666666,0.8333333333333334,0.0,0.0,0.0,0.0,3
Tropomodulin-1,208,1.0,0.0,0.0,0.0,0.0,0.0,3
Tropomodulin-1,210,0.0,1.0,0.0,0.0,0.0,0.0,3
Tropomodulin-1,211,0.33045889295889297,0.6629273504273504,0.006613756613756613,0.0,0.0,0.0,3
Tropomodulin-1,213,0.0,1.0,0.0,0.0,0.0,0.0,1
Tropomodulin-1,214,0.0,1.0,0.0,0.0,0.0,0.0,2
Tropomodulin-1,215,0.4001962860465902,0.4553078974786771,0.14449581647473267,0.0,0.0,0.0,3
Tropomodulin-1,216,0.6236338797814208,0.2666776702737445,0.08034638189661542,0.029342068048219292,0.0,0.0,3
Tropomodulin-1,217,0.0,1.0,0.0,0.0,0.0,0.0,2
Tropomodulin-1,218,0.34504180242984517,0.2419432779113807,0.10526315789473685,0.0,0.3077517617640373,0.0,2
Tropomodulin-1,219,0.75,0.0,0.25,0.0,0.0,0.0,2
Tropomodulin-1,220,1.0,0.0,0.0,0.0,0.0,0.0,2
Tropomodulin-1,221,1.0,0.0,0.0,0.0,0.0,0.0,2
Tropomodulin-1,224,0.08533538747771696,0.6929075193049584,0.0,0.2217570932173247,0.0,0.0,3
Tropomodulin-1,226,0.0,0.25,0.0,0.0,0.75,0.0,2
Tropomodulin-1,232,0.0,0.0,1.0,0.0,0.0,0.0,2
Tropomodulin-1,233,0.0,0.0,1.0,0.0,0.0,0.0,1
Tropomodulin-1,235,1.0,0.0,0.0,0.0,0.0,0.0,2
Tropomodulin-1,236,0.4233153998778999,0.25,0.0,0.0,0.3266846001221001,0.0,2
Tropomodulin-1,238,0.4246935961450653,0.36042749051753825,0.02214726547996834,0.16790047566007468,0.024831172197353396,0.0,3
Tropomodulin-1,239,0.6656601541959236,0.23073265771412965,0.05353131646235095,0.05007587162759577,0.0,0.0,3
Tropomodulin-1,240,0.6366662664945927,0.3333333333333333,0.03000040017207399,0.0,0.0,0.0,3
Tropomodulin-1,241,0.3891027718440019,0.22750164993240082,0.3833955782235973,0.0,0.0,0.0,3
Tropomodulin-1,242,0.6388888888888888,0.2222222222222222,0.1388888888888889,0.0,0.0,0.0,3
Tropomodulin-1,243,0.6026716233486286,0.12544028045019281,0.27188809620117854,0.0,0.0,0.0,3
Tropomodulin-1,244,0.3382520182520183,0.0,0.5002254202254203,0.16152256152256153,0.0,0.0,3
Tropomodulin-1,245,0.24305555555555555,0.35008169934640526,0.40686274509803927,0.0,0.0,0.0,3
Tropomodulin-1,246,0.1925472076575353,0.5557962364912082,0.13307603721010935,0.10072510605333601,0.017855412587811165,0.0,3
Tropomodulin-1,247,0.6538212001563753,0.1308899419229014,0.06281317554616454,0.0,0.15247568237455866,0.0,3
Tropomodulin-1,248,0.5,0.3333333333333333,0.0,0.0,0.16666666666666666,0.0,3
Tropomodulin-1,249,0.5487855502561385,0.0,0.4394497438615086,0.0,0.011764705882352941,0.0,3
Tropomodulin-1,254,0.0617664122818762,0.5340183871111706,0.014604810996563574,0.0,0.38961038961038963,0.0,2
Tropomodulin-1,262,0.0,1.0,0.0,0.0,0.0,0.0,3
Tropomodulin-1,263,0.4068750773551974,0.5931249226448027,0.0,0.0,0.0,0.0,3
Tropomodulin-1,264,0.0,1.0,0.0,0.0,0.0,0.0,3
Tropomodulin-1,265,0.8386890886890886,0.12927350427350429,0.03203740703740704,0.0,0.0,0.0,3
Tropomodulin-1,266,0.252491513062276,0.0,0.7475084869377239,0.0,0.0,0.0,3
Tropomodulin-1,273,0.0,1.0,0.0,0.0,0.0,0.0,2
Tropomodulin-1,275,0.12071701591357742,0.8792829840864226,0.0,0.0,0.0,0.0,3
Tropomodulin-1,276,0.5809621259036727,0.41903787409632737,0.0,0.0,0.0,0.0,3
Tropomodulin-1,279,0.03504482477587612,0.9649551752241239,0.0,0.0,0.0,0.0,3
Tropomodulin-1,283,0.0,1.0,0.0,0.0,0.0,0.0,3
Tropomodulin-1,305,0.0,1.0,0.0,0.0,0.0,0.0,1
Tropomodulin-1,306,0.0,1.0,0.0,0.0,0.0,0.0,1
Tropomodulin-1,307,0.13552957471780178,0.5017463288088551,0.3627240964733432,0.0,0.0,0.0,2
Tropomodulin-1,308,0.26946299973922283,0.0,0.7305370002607772,0.0,0.0,0.0,2
Tropomodulin-1,311,0.06140350877192982,0.0,0.9385964912280702,0.0,0.0,0.0,2
Tropomodulin-1,316,0.0,1.0,0.0,0.0,0.0,0.0,3
Tropomodulin-1,318,0.0,0.0,1.0,0.0,0.0,0.0,2
Tropomodulin-1,319,0.28012379884337135,0.1149262264441366,0.3234760428348396,0.0,0.2814739318776524,0.0,3
Tropomodulin-1,320,0.4569545984777612,0.25595574958902634,0.0,0.0,0.28708965193321245,0.0,3
Tropomodulin-1,321,0.0,0.6815787504676393,0.3184212495323606,0.0,0.0,0.0,3
Tropomodulin-1,322,0.0,0.9716312056737589,0.028368794326241134,0.0,0.0,0.0,3
Tropomodulin-1,323,0.0,0.0676829268292683,0.9323170731707316,0.0,0.0,0.0,3
Tropomodulin-1,335,0.0,1.0,0.0,0.0,0.0,0.0,1
Tropomodulin-1,359,0.0,0.0,1.0,0.0,0.0,0.0,3
Tropomodulin-1,362,0.36442066528492817,0.0,0.6355793347150717,0.0,0.0,0.0,3
Tropomodulin-1,363,0.3977658924475061,0.0,0.6022341075524938,0.0,0.0,0.0,3
Tropomodulin-1,364,0.6932793421811101,0.0,0.30672065781888985,0.0,0.0,0.0,3
Tropomodulin-1,365,0.5,0.0,0.5,0.0,0.0,0.0,3
Tropomodulin-1,366,0.5,0.0,0.4957482993197279,0.004251700680272108,0.0,0.0,3
Tropomodulin-1,367,0.652279320300026,0.0,0.05942238188952013,0.28829829781045385,0.0,0.0,3
Tropomyosin alpha-1 chain,25,0.0,0.0,1.0,0.0,0.0,0.0,1
Tropomyosin alpha-1 chain,147,0.0,0.0,0.0,1.0,0.0,0.0,1
Tropomyosin alpha-1 chain,215,0.0,0.0,0.895332864809609,0.104667135190391,0.0,0.0,6
Tropomyosin alpha-1 chain,216,0.0,0.0,1.0,0.0,0.0,0.0,2
Tropomyosin alpha-1 chain,217,0.0,0.0,1.0,0.0,0.0,0.0,1
Tropomyosin alpha-1 chain,218,0.01278538812785388,0.0,0.8571401659192507,0.13007444595289552,0.0,0.0,5
Tropomyosin alpha-1 chain,219,0.06666666666666667,0.0,0.8413333333333334,0.092,0.0,0.0,5
Tropomyosin alpha-1 chain,220,0.0,0.0,1.0,0.0,0.0,0.0,4
Tropomyosin alpha-1 chain,221,0.34876619060917174,0.1015602841359243,0.3856785214249099,0.16399500382999407,0.0,0.0,5
Tropomyosin alpha-1 chain,222,0.0,0.0,0.875,0.125,0.0,0.0,4
Tropomyosin alpha-1 chain,225,0.0,0.0,1.0,0.0,0.0,0.0,1
Tropomyosin alpha-1 chain,226,0.0,0.125,0.875,0.0,0.0,0.0,4
Tropomyosin alpha-1 chain,235,0.0,0.0,0.28758169934640526,0.7124183006535948,0.0,0.0,3
Tropomyosin alpha-1 chain,236,0.0,0.0,0.3333333333333333,0.6666666666666666,0.0,0.0,3
Tropomyosin alpha-1 chain,238,0.028571428571428574,0.31857146918251483,0.08017273531087303,0.5726843669351835,0.0,0.0,7
Tropomyosin alpha-1 chain,241,0.010563380281690142,0.10827464788732394,0.8811619718309859,0.0,0.0,0.0,2
Tropomyosin alpha-1 chain,254,0.05555555555555555,0.16666666666666666,0.2888246850844342,0.4889530926933436,0.0,0.0,6
Tropomyosin alpha-1 chain,291,0.25,0.75,0.0,0.0,0.0,0.0,2
Tropomyosin alpha-1 chain,295,0.0,0.0,0.0,1.0,0.0,0.0,1
Tropomyosin alpha-1 chain,307,0.26232133817527614,0.02873337759269318,0.30638800647487435,0.4025572777571564,0.0,0.0,7
Tropomyosin alpha-1 chain,308,0.08,0.24,0.43741086651287847,0.2425891334871216,0.0,0.0,5
Tropomyosin alpha-1 chain,311,0.6438820259463993,0.06418993179118114,0.17595112752985423,0.1159769147325653,0.0,0.0,7
Tropomyosin alpha-1 chain,314,0.5630952380952381,0.0,0.2,0.2369047619047619,0.0,0.0,5
Tropomyosin alpha-1 chain,315,0.7,0.0,0.06523182323292456,0.23476817676707543,0.0,0.0,5
Tropomyosin alpha-1 chain,318,0.0,0.06666666666666667,0.7666666666666666,0.16666666666666666,0.0,0.0,5
Tropomyosin alpha-1 chain,323,0.05555555555555555,0.0,0.9444444444444445,0.0,0.0,0.0,6
Tropomyosin alpha-1 chain,324,0.051781492047902264,0.5598857839201594,0.38833272403193825,0.0,0.0,0.0,2
Tropomyosin alpha-1 chain,325,0.0,1.0,0.0,0.0,0.0,0.0,2
Tropomyosin alpha-1 chain,326,0.004348544973544974,0.057868641310391045,0.4324114278977395,0.5053713858183244,0.0,0.0,6
Tropomyosin alpha-1 chain,328,0.05288239625614556,0.008666666666666666,0.0,0.9384509370771877,0.0,0.0,2
Tropomyosin alpha-1 chain,329,0.0,0.0,0.0,1.0,0.0,0.0,1
Tropomyosin alpha-1 chain,330,0.0,0.0,0.0,1.0,0.0,0.0,1
Tropomyosin alpha-1 chain,333,0.27422632186700824,0.4678909343922206,0.03403164774681802,0.22385109599395314,0.0,0.0,2
Tropomyosin alpha-1 chain,334,0.0,0.43774941694739566,0.5622505830526043,0.0,0.0,0.0,2
Tropomyosin beta chain,218,0.0,0.0,0.6666666666666666,0.3333333333333333,0.0,0.0,1
Tropomyosin beta chain,219,0.0,0.0,1.0,0.0,0.0,0.0,1
Tropomyosin beta chain,220,0.0,0.0,1.0,0.0,0.0,0.0,1
Tropomyosin beta chain,221,0.0,0.0,0.38118030519340557,0.6188196948065944,0.0,0.0,1
Tropomyosin beta chain,222,0.0,0.0,0.631578947368421,0.3684210526315789,0.0,0.0,1
Tropomyosin beta chain,226,0.0,0.0,1.0,0.0,0.0,0.0,1
Tropomyosin beta chain,238,0.8262656281626107,0.0,0.13901214961516703,0.034722222222222224,0.0,0.0,1
Tropomyosin beta chain,254,0.0,0.0,0.6666666666666666,0.3333333333333333,0.0,0.0,1
Tropomyosin beta chain,307,0.0,0.0,1.0,0.0,0.0,0.0,1
Tropomyosin beta chain,308,0.0,0.0,0.8461538461538461,0.15384615384615383,0.0,0.0,1
Tropomyosin beta chain,311,0.0,0.0,0.23414362118200974,0.7658563788179903,0.0,0.0,1
Tropomyosin-1.9,24,0.0,1.0,0.0,0.0,0.0,0.0,2
Tropomyosin-1.9,25,0.1308208334146072,0.29501271123074624,0.2741870989135311,0.2999793564411155,0.0,0.0,2
Tropomyosin-1.9,26,0.2673528162658597,0.5692652757870149,0.0,0.14361363274406755,0.01976827520305781,0.0,2
Tropomyosin-1.9,27,0.9628378378378378,0.0,0.0,0.03716216216216217,0.0,0.0,2
Tropomyosin-1.9,30,1.0,0.0,0.0,0.0,0.0,0.0,1
Tropomyosin-1.9,144,0.0,0.0,1.0,0.0,0.0,0.0,2
Tropomyosin-1.9,145,0.0,0.0,1.0,0.0,0.0,0.0,1
Tropomyosin-1.9,147,0.0,0.0,0.2413793103448276,0.7586206896551724,0.0,0.0,1
Tropomyosin-1.9,326,0.0,0.0,0.0,1.0,0.0,0.0,1
Tropomyosin-1.9,328,0.0,0.0,0.0,1.0,0.0,0.0,1
Tropomyosin-1.9,330,0.0,0.0,1.0,0.0,0.0,0.0,1
Tropomyosin-1.9,332,0.0,0.0,1.0,0.0,0.0,0.0,2
Tropomyosin-1.9,333,0.0,0.0,1.0,0.0,0.0,0.0,2
Tropomyosin-1.9,334,0.09093016516951609,0.0,0.6451753115039119,0.26389452332657204,0.0,0.0,2
Tropomyosin-1.9,337,0.992283950617284,0.0,0.0,0.00771604938271605,0.0,0.0,2
Tropomyosin-1.9,341,0.0,0.0,0.4870134250826419,0.5129865749173582,0.0,0.0,2
Tropomyosin-1.9,345,0.0,0.0,1.0,0.0,0.0,0.0,2
"Troponin T2, cardiac type",24,0.0,0.0,1.0,0.0,0.0,0.0,1
"Troponin T2, cardiac type",25,0.0,0.0,1.0,0.0,0.0,0.0,1
"Troponin T2, cardiac type",41,0.9512471655328798,0.0,0.048752834467120185,0.0,0.0,0.0,1
"Troponin T2, cardiac type",42,1.0,0.0,0.0,0.0,0.0,0.0,1
"Troponin T2, cardiac type",43,1.0,0.0,0.0,0.0,0.0,0.0,1
"Troponin T2, cardiac type",44,0.7891533430232558,0.0,0.0,0.21084665697674415,0.0,0.0,1
"Troponin T2, cardiac type",45,0.9021692745376957,0.0,0.018421052631578946,0.06756756756756756,0.011842105263157895,0.0,1
"Troponin T2, cardiac type",46,0.13339005483078087,0.0,0.38936944602004164,0.1632161089052751,0.31402439024390244,0.0,1
"Troponin T2, cardiac type",47,0.04226645475415626,0.0,0.3365977951007846,0.6211357501450592,0.0,0.0,1
"Troponin T2, cardiac type",48,0.0,0.0,0.3862634235191439,0.2282169013015596,0.3855196751792964,0.0,1
"Troponin T2, cardiac type",49,0.5575,0.0,0.0,0.4425,0.0,0.0,1
"Troponin T2, cardiac type",51,0.0,0.0,0.0,1.0,0.0,0.0,1
"Troponin T2, cardiac type",133,1.0,0.0,0.0,0.0,0.0,0.0,1
"Troponin T2, cardiac type",143,0.5,0.0,0.0,0.5,0.0,0.0,1
"Troponin T2, cardiac type",144,0.7309322033898304,0.0,0.26906779661016944,0.0,0.0,0.0,1
"Troponin T2, cardiac type",145,1.0,0.0,0.0,0.0,0.0,0.0,1
"Troponin T2, cardiac type",146,0.8588810790273556,0.0,0.0,0.1411189209726444,0.0,0.0,1
"Troponin T2, cardiac type",147,0.6677844122642665,0.0,0.0,0.33221558773573345,0.0,0.0,1
"Troponin T2, cardiac type",148,0.0,0.0,0.0,1.0,0.0,0.0,1
"Troponin T2, cardiac type",332,0.0,0.0,1.0,0.0,0.0,0.0,1
"Troponin T2, cardiac type",333,0.0,0.0,1.0,0.0,0.0,0.0,1
"Troponin T2, cardiac type",334,0.0,0.0,1.0,0.0,0.0,0.0,1
"Troponin T2, cardiac type",341,0.0,0.0,1.0,0.0,0.0,0.0,1
"Troponin T2, cardiac type",345,0.11959621652572233,0.0,0.23299033210007047,0.6474134513742071,0.0,0.0,1
"Troponin T2, cardiac type",349,0.45078183276801165,0.0,0.37366821015889995,0.17554995707308835,0.0,0.0,1
"Troponin T2, cardiac type",351,0.30455753646677475,0.0,0.14413354943273904,0.2565380875202593,0.2947708265802269,0.0,1
"Troponin T2, cardiac type",352,1.0,0.0,0.0,0.0,0.0,0.0,1
"Troponin T2, cardiac type",354,0.9681001529051987,0.0,0.0,0.031899847094801224,0.0,0.0,1
"Troponin T2, cardiac type",355,0.8352921353047728,0.0,0.16470786469522725,0.0,0.0,0.0,1
"Troponin T2, cardiac type",371,1.0,0.0,0.0,0.0,0.0,0.0,1
"Troponin T2, cardiac type",372,1.0,0.0,0.0,0.0,0.0,0.0,1
"Troponin T2, cardiac type",373,0.8297720797720798,0.0,0.17022792022792022,0.0,0.0,0.0,1
"Troponin T2, cardiac type",374,1.0,0.0,0.0,0.0,0.0,0.0,1
"Troponin T2, cardiac type",375,1.0,0.0,0.0,0.0,0.0,0.0,1
Unconventional myosin-Ib,2,0.0,0.0,1.0,0.0,0.0,0.0,1
Unconventional myosin-Ib,4,0.0,0.0,1.0,0.0,0.0,0.0,3
Unconventional myosin-Ib,6,0.0,0.0,1.0,0.0,0.0,0.0,2
Unconventional myosin-Ib,21,0.0,0.0,1.0,0.0,0.0,0.0,1
Unconventional myosin-Ib,22,0.0,0.0,1.0,0.0,0.0,0.0,3
Unconventional myosin-Ib,23,0.23215898825654924,0.0,0.7678410117434508,0.0,0.0,0.0,3
Unconventional myosin-Ib,24,0.23681464515711906,0.0,0.763185354842881,0.0,0.0,0.0,3
Unconventional myosin-Ib,25,0.2759792017494511,0.0604429341101548,0.660250553440639,0.0033273106997550247,0.0,0.0,3
Unconventional myosin-Ib,26,0.513218718857365,0.0,0.058980835620783045,0.4278004455218518,0.0,0.0,3
Unconventional myosin-Ib,27,0.7635175282234106,0.0,0.18217468805704096,0.054307783719548426,0.0,0.0,3
Unconventional myosin-Ib,28,0.3733294660004307,0.0,0.6266705339995693,0.0,0.0,0.0,3
Unconventional myosin-Ib,29,0.0,0.0,1.0,0.0,0.0,0.0,3
Unconventional myosin-Ib,30,0.15632553788345185,0.14547545947408932,0.6981990026424589,0.0,0.0,0.0,3
Unconventional myosin-Ib,31,0.0,0.0,1.0,0.0,0.0,0.0,3
Unconventional myosin-Ib,44,1.0,0.0,0.0,0.0,0.0,0.0,2
Unconventional myosin-Ib,45,0.40320910973084884,0.0,0.4193655723158829,0.17742531795326824,0.0,0.0,3
Unconventional myosin-Ib,46,0.03882783882783883,0.0,0.7095751876553552,0.25159697351680604,0.0,0.0,3
Unconventional myosin-Ib,47,0.1020004189359028,0.08963657310431504,0.5959148650743263,0.014112903225806453,0.1983352396596494,0.0,3
Unconventional myosin-Ib,48,0.0,0.46103862859852773,0.4641294336729666,0.07483193772850572,0.0,0.0,3
Unconventional myosin-Ib,49,0.0,1.0,0.0,0.0,0.0,0.0,3
Unconventional myosin-Ib,50,0.0,0.19664510111169883,0.0691983122362869,0.7341565866520142,0.0,0.0,3
Unconventional myosin-Ib,51,0.0,1.0,0.0,0.0,0.0,0.0,1
Unconventional myosin-Ib,56,0.0,0.0,1.0,0.0,0.0,0.0,2
Unconventional myosin-Ib,87,0.7157622739018087,0.0,0.2842377260981912,0.0,0.0,0.0,3
Unconventional myosin-Ib,91,0.4384408347932443,0.26398642831642966,0.29757273689032604,0.0,0.0,0.0,3
Unconventional myosin-Ib,92,0.9660353535353536,0.0,0.03396464646464646,0.0,0.0,0.0,3
Unconventional myosin-Ib,93,0.0,0.0,1.0,0.0,0.0,0.0,3
Unconventional myosin-Ib,95,0.05555555555555556,0.011620795107033637,0.9328236493374108,0.0,0.0,0.0,3
Unconventional myosin-Ib,96,0.0,0.0,1.0,0.0,0.0,0.0,3
Unconventional myosin-Ib,97,0.0,0.8204798716318189,0.179520128368181,0.0,0.0,0.0,3
Unconventional myosin-Ib,98,0.0,1.0,0.0,0.0,0.0,0.0,3
Unconventional myosin-Ib,99,0.0299625468164794,0.9700374531835205,0.0,0.0,0.0,0.0,3
Unconventional myosin-Ib,100,0.0,1.0,0.0,0.0,0.0,0.0,3
Unconventional myosin-Ib,127,0.0,1.0,0.0,0.0,0.0,0.0,2
Unconventional myosin-Ib,128,0.0,1.0,0.0,0.0,0.0,0.0,2
Unconventional myosin-Ib,142,1.0,0.0,0.0,0.0,0.0,0.0,2
Unconventional myosin-Ib,143,0.8289473684210527,0.0,0.17105263157894737,0.0,0.0,0.0,3
Unconventional myosin-Ib,144,1.0,0.0,0.0,0.0,0.0,0.0,1
Unconventional myosin-Ib,145,1.0,0.0,0.0,0.0,0.0,0.0,2
Unconventional myosin-Ib,146,0.6223635827153987,0.03357314148681055,0.012021857923497269,0.0,0.3320414178742934,0.0,3
Unconventional myosin-Ib,147,0.6581621687974861,0.0,0.0,0.2175925925925926,0.12424523860992133,0.0,3
Unconventional myosin-Ib,148,0.3904662435006005,0.03167062549485352,0.0956096614101317,0.0,0.4822534695944143,0.0,3
Unconventional myosin-Ib,305,0.5,0.0,0.0,0.5,0.0,0.0,1
Unconventional myosin-Ib,310,0.0,0.6,0.4,0.0,0.0,0.0,2
Unconventional myosin-Ib,311,0.0,0.5,0.5,0.0,0.0,0.0,2
Unconventional myosin-Ib,314,0.0,0.9977777777777778,0.0022222222222222222,0.0,0.0,0.0,2
Unconventional myosin-Ib,327,0.0,1.0,0.0,0.0,0.0,0.0,1
Unconventional myosin-Ib,328,0.24603174603174602,0.6386064775660443,0.0,0.10135617416131333,0.014005602240896357,0.0,3
Unconventional myosin-Ib,329,0.3333333333333333,0.5884269703154653,0.0,0.0,0.07823969635120136,0.0,3
Unconventional myosin-Ib,330,0.48182746748634714,0.028634595419465402,0.0,0.09158679446219382,0.3979511426319937,0.0,3
Unconventional myosin-Ib,331,0.5113960113960113,0.05833333333333333,0.0,0.0,0.4302706552706553,0.0,3
Unconventional myosin-Ib,332,0.4803279900900401,0.44479264888050735,0.0,0.0,0.07487936102945254,0.0,3
Unconventional myosin-Ib,333,0.4498207058202513,0.5340974228347195,0.0,0.0,0.016081871345029242,0.0,3
Unconventional myosin-Ib,334,0.40453824499883545,0.38031209706228447,0.2151496579388801,0.0,0.0,0.0,3
Unconventional myosin-Ib,335,1.0,0.0,0.0,0.0,0.0,0.0,3
Unconventional myosin-Ib,336,0.0,0.10432569974554706,0.0,0.8956743002544529,0.0,0.0,3
Unconventional myosin-Ib,337,0.5980030016539046,0.042707012622254174,0.016377649325626204,0.342912336398215,0.0,0.0,3
Unconventional myosin-Ib,341,0.6800891443713558,0.0,0.3199108556286442,0.0,0.0,0.0,3
Unconventional myosin-Ib,344,0.0,0.0,1.0,0.0,0.0,0.0,1
Unconventional myosin-Ib,345,0.7890058647689407,0.0,0.21099413523105937,0.0,0.0,0.0,3
Unconventional myosin-Ib,348,0.8329494245388069,0.0,0.10580204778156997,0.061248527679623084,0.0,0.0,3
Unconventional myosin-Ib,349,0.3492199769221476,0.0,0.3013460691974545,0.3494339538803979,0.0,0.0,3
Unconventional myosin-Ib,350,0.3212583846307948,0.40771869024695334,0.0,0.27102292512225185,0.0,0.0,3
Unconventional myosin-Ib,351,0.20854922822537927,0.09185572355221412,0.22765554025105553,0.47193950797135104,0.0,0.0,3
Unconventional myosin-Ib,353,0.0,1.0,0.0,0.0,0.0,0.0,3
Unconventional myosin-Ib,354,0.0,1.0,0.0,0.0,0.0,0.0,3
Utrophin,21,0.0,0.0,1.0,0.0,0.0,0.0,1
Utrophin,24,0.0,0.0,1.0,0.0,0.0,0.0,1
Utrophin,25,0.39617253928267027,0.0,0.6038274607173297,0.0,0.0,0.0,1
Utrophin,26,0.6283714526002856,0.0,0.37162854739971446,0.0,0.0,0.0,1
Utrophin,27,0.8777033408657294,0.0,0.12229665913427061,0.0,0.0,0.0,1
Utrophin,28,0.06762110845183063,0.21903299660070072,0.6950071678708776,0.018338727076591153,0.0,0.0,1
Utrophin,29,0.1606467395499762,0.4687272572397509,0.3706260032102729,0.0,0.0,0.0,1
Utrophin,30,0.8586208515232596,0.0,0.14137914847674035,0.0,0.0,0.0,1
Utrophin,31,0.0,0.0,1.0,0.0,0.0,0.0,1
Utrophin,44,1.0,0.0,0.0,0.0,0.0,0.0,1
Utrophin,45,0.22192982456140353,0.7780701754385966,0.0,0.0,0.0,0.0,1
Utrophin,46,0.46261278887966545,0.5373872111203345,0.0,0.0,0.0,0.0,1
Utrophin,47,0.5399268811544492,0.4081466124780031,0.05192650636754772,0.0,0.0,0.0,1
Utrophin,48,0.29822921221029086,0.2744937443947965,0.0,0.0,0.4272770433949126,0.0,1
Utrophin,49,0.0,0.8412698412698413,0.0,0.0,0.15873015873015872,0.0,1
Utrophin,50,0.47294051848927493,0.17749257205499033,0.0,0.13395147357631557,0.2156154358794192,0.0,1
Utrophin,51,1.0,0.0,0.0,0.0,0.0,0.0,1
Utrophin,52,0.7934527534418022,0.20654724655819776,0.0,0.0,0.0,0.0,1
Utrophin,53,0.0,0.937007874015748,0.0,0.04986876640419947,0.013123359580052493,0.0,1
Utrophin,54,0.2663339066391237,0.7336660933608763,0.0,0.0,0.0,0.0,1
Utrophin,56,0.0,0.006410256410256412,0.9935897435897436,0.0,0.0,0.0,1
Utrophin,57,0.21928464925920968,0.4991537517440143,0.010807736063708759,0.27075386293306736,0.0,0.0,1
Utrophin,61,0.0,0.818332121910693,0.0,0.18166787808930693,0.0,0.0,1
Utrophin,84,1.0,0.0,0.0,0.0,0.0,0.0,1
Utrophin,87,0.5067087231269136,0.015657529020655078,0.0,0.47763374785243135,0.0,0.0,1
Utrophin,88,0.4839314466387354,0.372656471452485,0.14341208190877955,0.0,0.0,0.0,1
Utrophin,91,0.6518728933193695,0.21474605603450117,0.0,0.059157232190297136,0.07422381845583219,0.0,1
Utrophin,92,0.450525553126122,0.12038627993524376,0.1882462714644754,0.0,0.24084189547415877,0.0,1
Utrophin,93,0.0,0.0,1.0,0.0,0.0,0.0,1
Utrophin,94,0.0,0.1679549936860625,0.8320450063139374,0.0,0.0,0.0,1
Utrophin,95,0.4847947571249173,0.33063401961241556,0.15931910336333754,0.0,0.025252119899329614,0.0,1
Utrophin,96,0.9251075112947259,0.04887837935783141,0.02601410934744268,0.0,0.0,0.0,1
Utrophin,97,1.0,0.0,0.0,0.0,0.0,0.0,1
Utrophin,98,1.0,0.0,0.0,0.0,0.0,0.0,1
Utrophin,99,1.0,0.0,0.0,0.0,0.0,0.0,1
Utrophin,143,0.9604553073035902,0.03954469269640984,0.0,0.0,0.0,0.0,1
Utrophin,144,0.0,1.0,0.0,0.0,0.0,0.0,1
Utrophin,146,0.18544251447477253,0.36010568881536625,0.4544517967098613,0.0,0.0,0.0,1
Utrophin,147,0.615782811969125,0.0,0.38421718803087507,0.0,0.0,0.0,1
Utrophin,148,0.4266633517513872,0.0,0.5733366482486127,0.0,0.0,0.0,1
Utrophin,149,0.0,0.0,1.0,0.0,0.0,0.0,1
Utrophin,167,0.0,0.735198609257751,0.17555187860688484,0.08924951213536407,0.0,0.0,1
Utrophin,333,1.0,0.0,0.0,0.0,0.0,0.0,1
Utrophin,334,1.0,0.0,0.0,0.0,0.0,0.0,1
Utrophin,337,0.6509940894792731,0.0,0.0,0.3490059105207269,0.0,0.0,1
Utrophin,341,1.0,0.0,0.0,0.0,0.0,0.0,1
Utrophin,345,0.258879071091107,0.37579389098570987,0.36532703792318305,0.0,0.0,0.0,1
Utrophin,348,0.0,0.0,0.6094807503439207,0.39051924965607937,0.0,0.0,1
Utrophin,349,0.2719771108199856,0.32788333240733963,0.24646572429930402,0.15367383247337074,0.0,0.0,1
Utrophin,350,0.025358099288864885,0.15651240692009508,0.42194243714041096,0.3961870566506291,0.0,0.0,1
Utrophin,351,0.0,0.9559065117101477,0.04409348828985227,0.0,0.0,0.0,1
Vibrio VopV,37,0.0,0.003187773770964166,0.9968122262290358,0.0,0.0,0.0,1
Vibrio VopV,38,0.0,0.0,1.0,0.0,0.0,0.0,1
Vibrio VopV,39,0.0,0.47619047619047616,0.5238095238095238,0.0,0.0,0.0,1
Vibrio VopV,66,0.010702444965393172,0.0,0.5567058351967362,0.0,0.4325917198378706,0.0,1
Vibrio VopV,67,0.4588339145563388,0.0,0.0,0.0,0.5411660854436611,0.0,1
Vibrio VopV,68,0.03193115536434043,0.42946296130027495,0.10968933089375393,0.059317085303675784,0.36959946713795494,0.0,1
Vibrio VopV,69,0.00986842105263158,0.9547702205148905,0.0,0.0,0.03536135843247796,0.0,1
Vibrio VopV,70,0.0,1.0,0.0,0.0,0.0,0.0,1
Vibrio VopV,71,0.0,1.0,0.0,0.0,0.0,0.0,1
Vibrio VopV,72,0.09186539171946055,0.6436948808249828,0.0744379564269861,0.0,0.19000177102857058,0.0,1
Vibrio VopV,73,0.10173892386492799,0.6728354988188676,0.0,0.0,0.2254255773162045,0.0,1
Vibrio VopV,75,0.0827991435185914,0.5488386888767552,0.36836216760465335,0.0,0.0,0.0,1
Vibrio VopV,76,0.8552061269901557,0.0,0.1447938730098442,0.0,0.0,0.0,1
Vibrio VopV,77,0.31779424386021166,0.25478275098020337,0.4242997273511122,0.003123277808472791,0.0,0.0,1
Vibrio VopV,78,0.18311344901551802,0.5305123467313382,0.26987301116652807,0.016501193086615636,0.0,0.0,1
Vibrio VopV,79,1.0,0.0,0.0,0.0,0.0,0.0,1
Vibrio VopV,80,0.0,0.0,1.0,0.0,0.0,0.0,1
Vibrio VopV,81,0.0,1.0,0.0,0.0,0.0,0.0,1
Vibrio VopV,110,0.0,1.0,0.0,0.0,0.0,0.0,1
Vibrio VopV,112,0.496048215247076,0.4736468580093938,0.030304926743530202,0.0,0.0,0.0,1
Vibrio VopV,114,0.8830232291976942,0.0,0.11697677080230583,0.0,0.0,0.0,1
Vibrio VopV,115,1.0,0.0,0.0,0.0,0.0,0.0,1
Vibrio VopV,117,1.0,0.0,0.0,0.0,0.0,0.0,1
Vibrio VopV,118,0.6423652812919154,0.0,0.04513076751672112,0.3125039511913635,0.0,0.0,1
Vibrio VopV,121,0.6122899946779375,0.0,0.01685567964852656,0.3708543256735359,0.0,0.0,1
Vibrio VopV,125,0.25507145978278956,0.0,0.731685187872531,0.013243352344679321,0.0,0.0,1
Vibrio VopV,173,0.0,1.0,0.0,0.0,0.0,0.0,1
Vibrio VopV,176,0.0,0.0,0.0,1.0,0.0,0.0,1
Vibrio VopV,177,0.0,1.0,0.0,0.0,0.0,0.0,1
Vibrio VopV,179,0.0,0.4399221280998264,0.0,0.0,0.5600778719001736,0.0,1
Vibrio VopV,183,0.0,0.30009683503609386,0.0,0.0,0.6999031649639061,0.0,1
Vibrio VopV,184,0.0,1.0,0.0,0.0,0.0,0.0,1
Vibrio VopV,187,0.0,0.0,0.0,0.5545323783651285,0.44546762163487147,0.0,1
Vibrio VopV,190,0.0,0.0,0.0,1.0,0.0,0.0,1
Vibrio VopV,194,0.0,1.0,0.0,0.0,0.0,0.0,1
Vibrio VopV,195,1.0,0.0,0.0,0.0,0.0,0.0,1
Vibrio VopV,196,1.0,0.0,0.0,0.0,0.0,0.0,1
Vibrio VopV,197,0.2509124551395409,0.5415217689097499,0.20756577595070919,0.0,0.0,0.0,1
Vibrio VopV,198,0.9734564410458351,0.021467090298552687,0.005076468655612231,0.0,0.0,0.0,1
Vibrio VopV,199,0.06448578907091909,0.7536690920947736,0.0,0.0,0.1818451188343073,0.0,1
Vibrio VopV,200,0.25382370863009696,0.7453179222711906,0.0,0.0,0.0008583690987124463,0.0,1
Vibrio VopV,201,0.4444444444444444,0.4313918999802846,0.0,0.0,0.12416365557527095,0.0,1
Vibrio VopV,202,0.0,1.0,0.0,0.0,0.0,0.0,1
Vibrio VopV,203,0.982310388411237,0.0,0.0,0.0,0.01768961158876301,0.0,1
Vibrio VopV,205,0.0,1.0,0.0,0.0,0.0,0.0,1
Vibrio VopV,206,0.509482256032385,0.02097265548968706,0.0,0.16471335585045635,0.3048317326274717,0.0,1
Vibrio VopV,239,0.3367697594501718,0.0,0.0,0.6632302405498282,0.0,0.0,1
Vibrio VopV,240,0.0,0.0,0.0,1.0,0.0,0.0,1
Vibrio VopV,241,0.0,0.03281133482475765,0.0,0.8381202027734466,0.12906846240179573,0.0,1
Vibrio VopV,242,0.9569910229628439,0.04300897703715607,0.0,0.0,0.0,0.0,1
Vibrio VopV,244,0.5536590877553785,0.44516444165638613,0.0,0.001176470588235294,0.0,0.0,1
Vibrio VopV,245,0.030357142857142853,0.6928599535777754,0.0,0.2767829035650818,0.0,0.0,1
Vibrio VopV,246,0.5627336297096068,0.3577991039510655,0.004690829015679836,0.0,0.07477643732364778,0.0,1
Vibrio VopV,247,0.6260589928497228,0.07809732330508919,0.0,0.29283355439048353,0.0030101294547045234,0.0,1
Vibrio VopV,248,1.0,0.0,0.0,0.0,0.0,0.0,1
Vibrio VopV,249,0.9744182235479522,0.019984012789768184,0.0,0.005597763662279791,0.0,0.0,1
Vibrio VopV,262,1.0,0.0,0.0,0.0,0.0,0.0,1
Vibrio VopV,263,1.0,0.0,0.0,0.0,0.0,0.0,1
Vibrio VopV,264,1.0,0.0,0.0,0.0,0.0,0.0,1
Vibrio VopV,265,1.0,0.0,0.0,0.0,0.0,0.0,1
Vibrio VopV,267,0.0,1.0,0.0,0.0,0.0,0.0,1
Vibrio VopV,268,0.0,1.0,0.0,0.0,0.0,0.0,1
Vibrio VopV,269,0.08333333333333333,0.8961513157696032,0.0,0.0,0.02051535089706347,0.0,1
Vibrio VopV,270,0.5294306084528451,0.375,0.0,0.0,0.09556939154715495,0.0,1
Vibrio VopV,271,0.7142857142857143,0.2857142857142857,0.0,0.0,0.0,0.0,1
Vibrio VopV,272,1.0,0.0,0.0,0.0,0.0,0.0,1
Vibrio VopV,273,1.0,0.0,0.0,0.0,0.0,0.0,1
Vibrio VopV,275,0.75,0.0,0.25,0.0,0.0,0.0,1
Vibrio VopV,276,0.6872833020508352,0.04874951527419173,0.26396718267497293,0.0,0.0,0.0,1
Vibrio VopV,279,0.5850251217538409,0.41497487824615903,0.0,0.0,0.0,0.0,1
Vibrio VopV,280,0.7188029451438201,0.0,0.0,0.28119705485617985,0.0,0.0,1
Vibrio VopV,283,0.7005486839507259,0.2994513160492741,0.0,0.0,0.0,0.0,1
Vibrio VopV,284,0.0937898685864534,0.4424407120068281,0.0,0.4637694194067185,0.0,0.0,1
Vibrio VopV,285,0.0,1.0,0.0,0.0,0.0,0.0,1
Vibrio VopV,286,0.0,1.0,0.0,0.0,0.0,0.0,1
Vibrio VopV,287,0.2997780780790483,0.7002219219209517,0.0,0.0,0.0,0.0,1
Vibrio VopV,290,0.5278930975804702,0.4721069024195298,0.0,0.0,0.0,0.0,1
Vibrio VopV,294,0.0,1.0,0.0,0.0,0.0,0.0,1
Vibrio VopV,318,0.0,0.0,1.0,0.0,0.0,0.0,1
Vibrio VopV,319,0.0,0.001194473140495868,0.9988055268595041,0.0,0.0,0.0,1
Vibrio VopV,320,0.44788707035650066,0.30137830635680224,0.250734623286697,0.0,0.0,0.0,1
Vibrio VopV,321,0.0,0.13016984283769636,0.8698301571623036,0.0,0.0,0.0,1
Vibrio VopV,322,0.0,0.9238451467273233,0.07146638395018456,0.004688469322492226,0.0,0.0,1
Vibrio VopV,323,0.0,0.1456683767285376,0.4037658886027725,0.2884598044312011,0.1621059302374887,0.0,1
Vibrio VopV,324,0.0,0.3610816446801759,0.0,0.3805404169290602,0.2583779383907639,0.0,1
Vibrio VopV,359,0.0,0.0,1.0,0.0,0.0,0.0,1
Vibrio VopV,362,0.8324954853362508,0.0,0.1675045146637491,0.0,0.0,0.0,1
Vibrio VopV,363,0.3084231779288244,0.0,0.6915768220711757,0.0,0.0,0.0,1
Vibrio VopV,364,0.917525744123466,0.0,0.08247425587653393,0.0,0.0,0.0,1
Vibrio VopV,365,1.0,0.0,0.0,0.0,0.0,0.0,1
Vibrio VopV,366,1.0,0.0,0.0,0.0,0.0,0.0,1
Vibrio VopV,367,0.9971265891781205,0.0,0.0,0.0028734108218794654,0.0,0.0,1
Vibrio VopV,368,1.0,0.0,0.0,0.0,0.0,0.0,1
Vinculin,5,0.8761913586783862,0.0,0.1238086413216139,0.0,0.0,0.0,1
Vinculin,23,0.9399212841487884,0.060078715851211606,0.0,0.0,0.0,0.0,1
Vinculin,24,0.9069461740694618,0.09305382593053826,0.0,0.0,0.0,0.0,1
Vinculin,25,0.37200977088948783,0.6279902291105122,0.0,0.0,0.0,0.0,1
Vinculin,26,0.0,1.0,0.0,0.0,0.0,0.0,1
Vinculin,44,0.0,1.0,0.0,0.0,0.0,0.0,1
Vinculin,45,0.0,1.0,0.0,0.0,0.0,0.0,1
Vinculin,46,0.0,0.2475236433102993,0.22701999952831298,0.5254563571613877,0.0,0.0,1
Vinculin,47,0.21736146470440287,0.25442460232257114,0.528213932973026,0.0,0.0,0.0,1
Vinculin,48,0.0,0.0,1.0,0.0,0.0,0.0,1
Vinculin,49,0.007172131147540984,0.7319559847293959,0.018442622950819675,0.24242926117224342,0.0,0.0,1
Vinculin,50,0.1849795248896703,0.5024205338065603,0.16107795353123655,0.1515219877725329,0.0,0.0,1
Vinculin,51,0.0,1.0,0.0,0.0,0.0,0.0,1
Vinculin,52,0.0,1.0,0.0,0.0,0.0,0.0,1
Vinculin,53,0.0,0.0,1.0,0.0,0.0,0.0,1
Vinculin,57,0.0,0.0,0.7477033510618514,0.2522966489381485,0.0,0.0,1
Vinculin,61,0.0,0.0,0.6466090732698881,0.3533909267301118,0.0,0.0,1
Vinculin,80,0.0,0.0,1.0,0.0,0.0,0.0,1
Vinculin,83,0.0,0.0,1.0,0.0,0.0,0.0,1
Vinculin,84,0.0,0.0,1.0,0.0,0.0,0.0,1
Vinculin,87,0.270648912228057,0.037096774193548385,0.5353963490872717,0.15685796449112277,0.0,0.0,1
Vinculin,88,0.0,0.0,1.0,0.0,0.0,0.0,1
Vinculin,91,0.6899392019804864,0.0,0.2536913083276124,0.056369489691901226,0.0,0.0,1
Vinculin,92,0.21868028743028745,0.09225922350922351,0.36147039897039895,0.3275900900900901,0.0,0.0,1
Vinculin,93,0.0,0.0,1.0,0.0,0.0,0.0,1
Vinculin,95,0.40391085308097757,0.0,0.032194339248281155,0.5638948076707413,0.0,0.0,1
Vinculin,96,0.926605504587156,0.0,0.07339449541284404,0.0,0.0,0.0,1
Vinculin,97,0.3898869430281534,0.3333008202172467,0.27681223675459987,0.0,0.0,0.0,1
Vinculin,99,0.08776975209559479,0.5926631888710541,0.3036494560370965,0.01591760299625468,0.0,0.0,1
Vinculin,100,0.5474343014288667,0.24215848567191836,0.21040721289921482,0.0,0.0,0.0,1
Vinculin,102,1.0,0.0,0.0,0.0,0.0,0.0,1
Vinculin,126,0.0,0.0,1.0,0.0,0.0,0.0,1
Vinculin,127,0.0,0.0,1.0,0.0,0.0,0.0,1
Vinculin,130,1.0,0.0,0.0,0.0,0.0,0.0,1
Vinculin,131,1.0,0.0,0.0,0.0,0.0,0.0,1
Vinculin,142,0.0,1.0,0.0,0.0,0.0,0.0,1
Vinculin,143,0.08754534326739812,0.912454656732602,0.0,0.0,0.0,0.0,1
Vinculin,144,1.0,0.0,0.0,0.0,0.0,0.0,1
Vinculin,145,0.9908759124087592,0.0,0.009124087591240877,0.0,0.0,0.0,1
Vinculin,146,0.1864788041144353,0.6694712275822581,0.14404996830330669,0.0,0.0,0.0,1
Vinculin,147,0.21715978872332203,0.21014228253245731,0.5098302343224403,0.06286769442178039,0.0,0.0,1
Vinculin,148,0.23756713325157525,0.7542922992345751,0.008140567513849535,0.0,0.0,0.0,1
Vinculin,296,0.0,0.0,1.0,0.0,0.0,0.0,1
Vinculin,328,0.0,0.34516460905349794,0.0,0.654835390946502,0.0,0.0,1
Vinculin,330,0.7761194029850746,0.22388059701492535,0.0,0.0,0.0,0.0,1
Vinculin,331,0.0,1.0,0.0,0.0,0.0,0.0,1
Vinculin,332,0.637299504228638,0.22701953922426363,0.13568095654709827,0.0,0.0,0.0,1
Vinculin,333,0.2332369084705533,0.15548509123275478,0.2862891262423973,0.3249888740542946,0.0,0.0,1
Vinculin,334,0.7661753766718689,0.0,0.23382462332813114,0.0,0.0,0.0,1
Vinculin,337,1.0,0.0,0.0,0.0,0.0,0.0,1
Vinculin,341,1.0,0.0,0.0,0.0,0.0,0.0,1
Vinculin,344,1.0,0.0,0.0,0.0,0.0,0.0,1
Vinculin,345,0.5112753282625275,0.48872467173747247,0.0,0.0,0.0,0.0,1
Vinculin,348,0.22408758254070418,0.4425790841259625,0.3333333333333333,0.0,0.0,0.0,1
Vinculin,349,0.12311342501979,0.8768865749802099,0.0,0.0,0.0,0.0,1
Vinculin,350,0.6159210613650599,0.017595764559327313,0.36648317407561276,0.0,0.0,0.0,1
Vinculin,351,0.16579872272941582,0.21265697998371266,0.0,0.6215442972868714,0.0,0.0,1
Vinculin,353,0.07264558676323382,0.0,0.9273544132367662,0.0,0.0,0.0,1
Vinculin,354,0.36239140170174655,0.07223366671642535,0.565374931581828,0.0,0.0,0.0,1
Vinculin,355,0.0,0.0,1.0,0.0,0.0,0.0,1
Vinculin,356,0.4481374634609204,0.0,0.5518625365390796,0.0,0.0,0.0,1
Vinculin,358,0.4214295830214255,0.0,0.5785704169785745,0.0,0.0,0.0,1
Vinculin,360,0.0,0.0,1.0,0.0,0.0,0.0,1
Vinculin,361,0.0,0.0,1.0,0.0,0.0,0.0,1
Vinculin,373,0.0,0.0,1.0,0.0,0.0,0.0,1
VopV,35,0.0,1.0,0.0,0.0,0.0,0.0,1
VopV,37,0.1943395923689446,0.0,0.4111554011000084,0.2877956226994948,0.10670938383155215,0.0,1
VopV,39,0.0,1.0,0.0,0.0,0.0,0.0,1
VopV,63,0.0,1.0,0.0,0.0,0.0,0.0,1
VopV,66,0.4614533762133717,0.0,0.0,0.0,0.5385466237866283,0.0,1
VopV,67,0.3569821597760601,0.27599443428666987,0.0,0.0,0.36702340593726995,0.0,1
VopV,68,0.0,0.4794408272583091,0.0,0.3021553287829888,0.21840384395870208,0.0,1
VopV,69,0.0,1.0,0.0,0.0,0.0,0.0,1
VopV,70,0.0,1.0,0.0,0.0,0.0,0.0,1
VopV,71,0.0,1.0,0.0,0.0,0.0,0.0,1
VopV,72,0.04670451170634232,0.5754303313401576,0.16644330335945653,0.0,0.21142185359404353,0.0,1
VopV,73,0.1109827779187711,0.5770846584349192,0.0,0.0,0.31193256364630967,0.0,1
VopV,75,0.03129270069298975,0.7567270611104283,0.21198023819658193,0.0,0.0,0.0,1
VopV,76,0.9348419146213264,0.0,0.06515808537867361,0.0,0.0,0.0,1
VopV,77,0.3878561699382166,0.19852995270152926,0.3947280938321052,0.018885783528148917,0.0,0.0,1
VopV,78,0.3120108165041775,0.3991905093092425,0.054830823810105365,0.23396785037647463,0.0,0.0,1
VopV,79,1.0,0.0,0.0,0.0,0.0,0.0,1
VopV,81,0.0,0.7915098862276947,0.0,0.20849011377230528,0.0,0.0,1
VopV,84,0.0,0.0,0.0,1.0,0.0,0.0,1
VopV,110,0.0,1.0,0.0,0.0,0.0,0.0,1
VopV,111,0.0,1.0,0.0,0.0,0.0,0.0,1
VopV,112,0.3204686594764285,0.6795313405235714,0.0,0.0,0.0,0.0,1
VopV,114,0.878188382494543,0.0,0.121811617505457,0.0,0.0,0.0,1
VopV,115,1.0,0.0,0.0,0.0,0.0,0.0,1
VopV,117,1.0,0.0,0.0,0.0,0.0,0.0,1
VopV,118,0.75026623729087,0.0,0.0,0.24973376270912995,0.0,0.0,1
VopV,121,0.6496183917806216,0.0,0.0,0.3503816082193783,0.0,0.0,1
VopV,125,0.22563351307945054,0.0,0.7743664869205494,0.0,0.0,0.0,1
VopV,126,0.0,0.0,1.0,0.0,0.0,0.0,1
VopV,128,0.0,0.0,1.0,0.0,0.0,0.0,1
VopV,173,0.0,1.0,0.0,0.0,0.0,0.0,1
VopV,176,0.0,0.0,0.0,1.0,0.0,0.0,1
VopV,177,0.0,1.0,0.0,0.0,0.0,0.0,1
VopV,179,0.0,0.34987688914534765,0.0,0.0,0.6501231108546522,0.0,1
VopV,183,0.07209728990153508,0.21855589163385056,0.0,0.0029294876472626616,0.7064173308173517,0.0,1
VopV,187,0.0,0.0,0.0,0.0,1.0,0.0,1
VopV,194,0.0,1.0,0.0,0.0,0.0,0.0,1
VopV,196,1.0,0.0,0.0,0.0,0.0,0.0,1
VopV,197,0.33661028506753443,0.6437985397162739,0.019591175216191723,0.0,0.0,0.0,1
VopV,198,0.9499379977568192,0.050062002243180886,0.0,0.0,0.0,0.0,1
VopV,199,0.04390454358470945,0.8044935500113592,0.0,0.0,0.15160190640393134,0.0,1
VopV,200,0.18615878036283318,0.8138412196371668,0.0,0.0,0.0,0.0,1
VopV,201,0.5217391304347826,0.3983274194914406,0.0,0.0,0.07993345007377678,0.0,1
VopV,202,0.26666666666666666,0.7333333333333333,0.0,0.0,0.0,0.0,1
VopV,203,0.9529788235120101,0.0,0.0,0.0,0.047021176487989924,0.0,1
VopV,204,0.0,1.0,0.0,0.0,0.0,0.0,1
VopV,205,0.0,1.0,0.0,0.0,0.0,0.0,1
VopV,206,0.8878041099050735,0.0,0.0,0.008300607902195618,0.10389528219273086,0.0,1
VopV,239,0.1076963150504279,0.01526988636363636,0.0,0.8770337985859357,0.0,0.0,1
VopV,241,0.0,0.0,0.0,1.0,0.0,0.0,1
VopV,242,0.8551324810241769,0.14486751897582315,0.0,0.0,0.0,0.0,1
VopV,244,0.9317096400387693,0.0682903599612307,0.0,0.0,0.0,0.0,1
VopV,245,0.0,1.0,0.0,0.0,0.0,0.0,1
VopV,246,0.5040723384347392,0.38733816226972384,0.020608509516901012,0.0,0.08798098977863593,0.0,1
VopV,247,0.4394756978556007,0.22663687812804964,0.0,0.33388742401634963,0.0,0.0,1
VopV,248,1.0,0.0,0.0,0.0,0.0,0.0,1
VopV,249,1.0,0.0,0.0,0.0,0.0,0.0,1
VopV,268,0.0,1.0,0.0,0.0,0.0,0.0,1
VopV,269,0.0,1.0,0.0,0.0,0.0,0.0,1
VopV,270,0.4613587348987579,0.5217391304347826,0.0,0.0,0.0169021346664595,0.0,1
VopV,271,1.0,0.0,0.0,0.0,0.0,0.0,1
VopV,272,0.9343444765126345,0.0013271400132714003,0.0,0.06432838347409413,0.0,0.0,1
VopV,276,0.7420233583682301,0.0,0.2579766416317699,0.0,0.0,0.0,1
VopV,279,0.6029616960607279,0.39703830393927203,0.0,0.0,0.0,0.0,1
VopV,280,0.4998192519266389,0.0,0.0,0.5001807480733611,0.0,0.0,1
VopV,283,0.7239691310555186,0.27603086894448137,0.0,0.0,0.0,0.0,1
VopV,284,0.024408914598480994,0.3378667014533955,0.0,0.6377243839481236,0.0,0.0,1
VopV,285,0.0,1.0,0.0,0.0,0.0,0.0,1
VopV,286,0.0,1.0,0.0,0.0,0.0,0.0,1
VopV,287,0.10575225573539355,0.8942477442646065,0.0,0.0,0.0,0.0,1
VopV,288,0.0,1.0,0.0,0.0,0.0,0.0,1
VopV,290,0.5777181431392714,0.4222818568607286,0.0,0.0,0.0,0.0,1
VopV,318,0.0,0.0,1.0,0.0,0.0,0.0,1
VopV,319,0.0,0.0,1.0,0.0,0.0,0.0,1
VopV,320,0.3680931087555019,0.3137787562671426,0.3181281349773555,0.0,0.0,0.0,1
VopV,321,0.0,0.18070048934359087,0.819299510656409,0.0,0.0,0.0,1
VopV,322,0.0,0.8780431483554598,0.12195685164454018,0.0,0.0,0.0,1
VopV,323,0.0,0.26926769203531814,0.345336105509547,0.12776232945723928,0.25763387299789553,0.0,1
VopV,324,0.0,0.3501331410777742,0.0,0.3821546623960465,0.2677121965261793,0.0,1
VopV,362,0.7067952428463632,0.0,0.2932047571536368,0.0,0.0,0.0,1
VopV,363,0.22639183868106708,0.0,0.7736081613189328,0.0,0.0,0.0,1
VopV,364,0.8340134290843934,0.0,0.16598657091560665,0.0,0.0,0.0,1
VopV,365,1.0,0.0,0.0,0.0,0.0,0.0,1
VopV,366,1.0,0.0,0.0,0.0,0.0,0.0,1
VopV,367,0.9785035359693844,0.0,0.0,0.02149646403061548,0.0,0.0,1
"WD repeat-containing protein 1,Methylated-DNA--protein-cysteine methyltransferase",166,0.0,0.0,1.0,0.0,0.0,0.0,1
"WD repeat-containing protein 1,Methylated-DNA--protein-cysteine methyltransferase",169,0.0,0.0,1.0,0.0,0.0,0.0,2
"WD repeat-containing protein 1,Methylated-DNA--protein-cysteine methyltransferase",171,0.0,0.0,1.0,0.0,0.0,0.0,1
"WD repeat-containing protein 1,Methylated-DNA--protein-cysteine methyltransferase",221,0.38870610044305975,0.0,0.6112938995569401,0.0,0.0,0.0,2
"WD repeat-containing protein 1,Methylated-DNA--protein-cysteine methyltransferase",222,0.0,0.30000910083727705,0.699990899162723,0.0,0.0,0.0,2
"WD repeat-containing protein 1,Methylated-DNA--protein-cysteine methyltransferase",224,0.0,0.5,0.5,0.0,0.0,0.0,2
"WD repeat-containing protein 1,Methylated-DNA--protein-cysteine methyltransferase",225,0.0,0.4567758503823498,0.5432241496176502,0.0,0.0,0.0,2
"WD repeat-containing protein 1,Methylated-DNA--protein-cysteine methyltransferase",226,1.0,0.0,0.0,0.0,0.0,0.0,1
"WD repeat-containing protein 1,Methylated-DNA--protein-cysteine methyltransferase",228,0.0,0.18176470588235294,0.8182352941176471,0.0,0.0,0.0,2
"WD repeat-containing protein 1,Methylated-DNA--protein-cysteine methyltransferase",229,0.2677799956250683,0.5156620274162382,0.21655797695869333,0.0,0.0,0.0,2
"WD repeat-containing protein 1,Methylated-DNA--protein-cysteine methyltransferase",232,0.0960579535448754,0.6461410604726501,0.0,0.2578009859824746,0.0,0.0,2
"WD repeat-containing protein 1,Methylated-DNA--protein-cysteine methyltransferase",233,0.5881622693740101,0.41183773062598994,0.0,0.0,0.0,0.0,2
"WD repeat-containing protein 1,Methylated-DNA--protein-cysteine methyltransferase",234,0.08204507357049731,0.3220571801080276,0.0,0.5958977463214752,0.0,0.0,2
"WD repeat-containing protein 1,Methylated-DNA--protein-cysteine methyltransferase",235,0.5222885527381151,0.47771144726188486,0.0,0.0,0.0,0.0,2
"WD repeat-containing protein 1,Methylated-DNA--protein-cysteine methyltransferase",238,1.0,0.0,0.0,0.0,0.0,0.0,2
"WD repeat-containing protein 1,Methylated-DNA--protein-cysteine methyltransferase",270,0.0,0.0,1.0,0.0,0.0,0.0,2
"WD repeat-containing protein 1,Methylated-DNA--protein-cysteine methyltransferase",276,0.0,0.0,1.0,0.0,0.0,0.0,2
"WD repeat-containing protein 1,Methylated-DNA--protein-cysteine methyltransferase",311,0.5240848036202409,0.0,0.4759151963797591,0.0,0.0,0.0,2
"WD repeat-containing protein 1,Methylated-DNA--protein-cysteine methyltransferase",314,0.7404208315225265,0.0,0.13188106620310008,0.12769810227437345,0.0,0.0,2
"WD repeat-containing protein 1,Methylated-DNA--protein-cysteine methyltransferase",315,0.4536044064332465,0.0,0.5463955935667535,0.0,0.0,0.0,2
"WD repeat-containing protein 1,Methylated-DNA--protein-cysteine methyltransferase",316,0.2302547187099139,0.0,0.7697452812900862,0.0,0.0,0.0,2
"WD repeat-containing protein 1,Methylated-DNA--protein-cysteine methyltransferase",318,0.9014462809917356,0.0,0.02465424186203407,0.0738994771462304,0.0,0.0,2
"WD repeat-containing protein 1,Methylated-DNA--protein-cysteine methyltransferase",319,0.7195302407516149,0.0,0.20692894891368174,0.07354081033470347,0.0,0.0,2
"WD repeat-containing protein 1,Methylated-DNA--protein-cysteine methyltransferase",320,0.8239832285115303,0.0,0.1760167714884696,0.0,0.0,0.0,2
"WD repeat-containing protein 1,Methylated-DNA--protein-cysteine methyltransferase",321,0.0,0.0,1.0,0.0,0.0,0.0,2
"WD repeat-containing protein 1,Methylated-DNA--protein-cysteine methyltransferase",322,0.0,0.0,1.0,0.0,0.0,0.0,2
"WD repeat-containing protein 1,Methylated-DNA--protein-cysteine methyltransferase",323,0.0,0.05999871774779525,0.5783812278277223,0.3616200544244825,0.0,0.0,2
"WD repeat-containing protein 1,Methylated-DNA--protein-cysteine methyltransferase",324,0.0,1.0,0.0,0.0,0.0,0.0,2
"WD repeat-containing protein 1,Methylated-DNA--protein-cysteine methyltransferase",325,0.0,1.0,0.0,0.0,0.0,0.0,2
"WD repeat-containing protein 1,Methylated-DNA--protein-cysteine methyltransferase",326,0.2234820118024144,0.17071937812659138,0.5828902435371297,0.0,0.022908366533864542,0.0,2
"WD repeat-containing protein 1,Methylated-DNA--protein-cysteine methyltransferase",327,0.0,0.0,1.0,0.0,0.0,0.0,2
"WD repeat-containing protein 1,Methylated-DNA--protein-cysteine methyltransferase",328,0.0,0.0,1.0,0.0,0.0,0.0,2
"WD repeat-containing protein 1,Methylated-DNA--protein-cysteine methyltransferase",330,0.0,0.0,1.0,0.0,0.0,0.0,2
"WD repeat-containing protein 1,Methylated-DNA--protein-cysteine methyltransferase",353,0.0,0.0,1.0,0.0,0.0,0.0,1
"WD repeat-containing protein 1,Methylated-DNA--protein-cysteine methyltransferase",354,0.0,0.8236213194150036,0.17637868058499645,0.0,0.0,0.0,2
"WD repeat-containing protein 1,Methylated-DNA--protein-cysteine methyltransferase",355,0.0,0.3895190045086311,0.5872667097770832,0.023214285714285715,0.0,0.0,2
"WD repeat-containing protein 1,Methylated-DNA--protein-cysteine methyltransferase",356,0.0,0.0,1.0,0.0,0.0,0.0,1
"WD repeat-containing protein 1,Methylated-DNA--protein-cysteine methyltransferase",358,0.0,0.0,1.0,0.0,0.0,0.0,2
"WD repeat-containing protein 1,Methylated-DNA--protein-cysteine methyltransferase",360,0.05904059040590408,0.0,0.48251569005157524,0.3147266935292854,0.14371702601323533,0.0,2
"WD repeat-containing protein 1,Methylated-DNA--protein-cysteine methyltransferase",361,0.21753546528843307,0.0,0.782464534711567,0.0,0.0,0.0,2
"WD repeat-containing protein 1,Methylated-DNA--protein-cysteine methyltransferase",362,0.0,0.0,1.0,0.0,0.0,0.0,2
"WD repeat-containing protein 1,Methylated-DNA--protein-cysteine methyltransferase",363,0.0,0.19126327284222022,0.8087367271577798,0.0,0.0,0.0,2
"WD repeat-containing protein 1,Methylated-DNA--protein-cysteine methyltransferase",364,0.01905389467664981,0.40364774542058723,0.11269642833470024,0.028208322029465327,0.43639360953859746,0.0,2
"WD repeat-containing protein 1,Methylated-DNA--protein-cysteine methyltransferase",365,0.0,0.14248377304246446,0.4558891892341319,0.0,0.4016270377234036,0.0,2
"WD repeat-containing protein 1,Methylated-DNA--protein-cysteine methyltransferase",366,0.0,0.0,1.0,0.0,0.0,0.0,2
"WD repeat-containing protein 1,Methylated-DNA--protein-cysteine methyltransferase",367,0.0,0.0,1.0,0.0,0.0,0.0,2
"WD repeat-containing protein 1,Methylated-DNA--protein-cysteine methyltransferase",368,0.0,0.0,0.9765625,0.0234375,0.0,0.0,2
"WD repeat-containing protein 1,Methylated-DNA--protein-cysteine methyltransferase",369,0.9353975535168195,0.0,0.0,0.0,0.06460244648318042,0.0,2
"WD repeat-containing protein 1,Methylated-DNA--protein-cysteine methyltransferase",372,0.3593828800089379,0.2496055521338175,0.06618017688718018,0.18729474794912895,0.13753664302093543,0.0,2
"WD repeat-containing protein 1,Methylated-DNA--protein-cysteine methyltransferase",373,0.5920056506940785,0.05103897395108371,0.35695537535483773,0.0,0.0,0.0,2
"WD repeat-containing protein 1,Methylated-DNA--protein-cysteine methyltransferase",375,0.06167400881057269,0.0,0.8612334801762114,0.07709251101321586,0.0,0.0,1
beta-cardiac myosin II,22,0.0,0.0,1.0,0.0,0.0,0.0,1
beta-cardiac myosin II,23,0.41134751773049644,0.0,0.3995271867612293,0.0,0.18912529550827425,0.0,1
beta-cardiac myosin II,24,0.2605263157894737,0.0,0.4421052631578948,0.0,0.2973684210526316,0.0,1
beta-cardiac myosin II,25,0.372787610619469,0.331858407079646,0.1991150442477876,0.0,0.09623893805309733,0.0,1
beta-cardiac myosin II,26,0.6616314199395771,0.0,0.338368580060423,0.0,0.0,0.0,1
beta-cardiac myosin II,27,0.5107913669064749,0.0,0.07913669064748202,0.0,0.4100719424460432,0.0,1
beta-cardiac myosin II,28,0.0,0.04363636363636363,0.4690909090909091,0.0,0.4872727272727273,0.0,1
beta-cardiac myosin II,29,0.0,0.0,0.0,0.0,1.0,0.0,1
beta-cardiac myosin II,30,0.07491856677524429,0.2182410423452769,0.0,0.048859934853420196,0.6579804560260586,0.0,1
beta-cardiac myosin II,44,1.0,0.0,0.0,0.0,0.0,0.0,1
beta-cardiac myosin II,45,1.0,0.0,0.0,0.0,0.0,0.0,1
beta-cardiac myosin II,46,0.33976833976833976,0.0,0.6602316602316602,0.0,0.0,0.0,1
beta-cardiac myosin II,47,0.37583892617449666,0.2120805369127517,0.41208053691275165,0.0,0.0,0.0,1
beta-cardiac myosin II,48,0.0,0.0,0.15686274509803924,0.8431372549019608,0.0,0.0,1
beta-cardiac myosin II,56,0.0,1.0,0.0,0.0,0.0,0.0,1
beta-cardiac myosin II,142,1.0,0.0,0.0,0.0,0.0,0.0,1
beta-cardiac myosin II,143,1.0,0.0,0.0,0.0,0.0,0.0,1
beta-cardiac myosin II,145,0.0,0.0,0.0,1.0,0.0,0.0,1
beta-cardiac myosin II,146,0.6773255813953489,0.0,0.3226744186046512,0.0,0.0,0.0,1
beta-cardiac myosin II,147,0.29061371841155237,0.0,0.3249097472924187,0.38447653429602885,0.0,0.0,1
beta-cardiac myosin II,148,0.16764705882352943,0.0,0.8323529411764706,0.0,0.0,0.0,1
beta-cardiac myosin II,311,0.0,0.0,1.0,0.0,0.0,0.0,1
beta-cardiac myosin II,314,0.0,0.0,1.0,0.0,0.0,0.0,1
beta-cardiac myosin II,328,0.0,0.0,0.23753665689149558,0.7624633431085044,0.0,0.0,1
beta-cardiac myosin II,329,0.0,0.0,1.0,0.0,0.0,0.0,1
beta-cardiac myosin II,330,0.0,0.0,0.0,1.0,0.0,0.0,1
beta-cardiac myosin II,332,0.0,0.0,0.0,0.0,1.0,0.0,1
beta-cardiac myosin II,333,0.075,0.5535714285714285,0.075,0.0,0.29642857142857143,0.0,1
beta-cardiac myosin II,334,0.23230490018148817,0.147005444646098,0.43738656987295826,0.0,0.18330308529945552,0.0,1
beta-cardiac myosin II,337,0.8747826086956522,0.0,0.0,0.12521739130434784,0.0,0.0,1
beta-cardiac myosin II,341,0.3924050632911392,0.0,0.6075949367088608,0.0,0.0,0.0,1
beta-cardiac myosin II,344,1.0,0.0,0.0,0.0,0.0,0.0,1
beta-cardiac myosin II,345,1.0,0.0,0.0,0.0,0.0,0.0,1
beta-cardiac myosin II,348,0.7966101694915255,0.0,0.1652542372881356,0.038135593220338986,0.0,0.0,1
beta-cardiac myosin II,349,0.5694915254237288,0.0,0.0,0.43050847457627117,0.0,0.0,1
beta-cardiac myosin II,350,0.44257274119448686,0.24196018376722814,0.0,0.3154670750382848,0.0,0.0,1
beta-cardiac myosin II,351,0.33186813186813185,0.1032967032967033,0.07692307692307693,0.4879120879120879,0.0,0.0,1
beta-cardiac myosin II,354,1.0,0.0,0.0,0.0,0.0,0.0,1
