Mutation,Variant_score,Residue,LocalConfidence,labels
M1A,-1.68313464309651,1,True,1
M1C,-1.68313464309651,1,True,1
M1D,-1.68313464309651,1,True,1
M1E,-1.68313464309651,1,True,1
M1F,-1.68313464309651,1,True,1
M1G,-1.68313464309651,1,True,1
M1H,-1.68313464309651,1,True,1
M1I,-1.1206029711863899,1,True,0
M1K,-1.68313464309651,1,True,1
M1L,-0.150460831022837,1,True,0
M1N,-1.68313464309651,1,True,1
M1P,-1.68313464309651,1,True,1
M1Q,-1.68313464309651,1,True,1
M1R,-1.68313464309651,1,True,1
M1S,-1.68313464309651,1,True,1
M1T,-1.68313464309651,1,True,1
M1V,-0.168203979194013,1,True,0
M1W,-1.68313464309651,1,True,1
M1Y,-1.68313464309651,1,True,1
D2A,-0.86720867543422,2,True,0
D2C,-2.2597382167784597,2,True,1
D2E,-0.0184849479580167,2,True,0
D2F,-2.8218837273682795,2,True,1
D2G,-1.15210563006941,2,True,0
D2H,-0.496062871039843,2,True,0
D2I,-2.7176343914120697,2,True,1
D2K,-2.8218837273682795,2,True,1
D2L,-2.7176343914120697,2,True,1
D2M,-2.7176343914120697,2,True,1
D2N,-0.19568853469030603,2,True,0
D2P,-2.8218837273682795,2,True,1
D2Q,-0.6310368159970661,2,True,0
D2R,-2.8218837273682795,2,True,1
D2S,-0.728735151548762,2,True,0
D2T,-2.22010157891159,2,True,1
D2V,-1.6396930077668799,2,True,1
D2W,-2.8218837273682795,2,True,1
D2Y,-2.8218837273682795,2,True,1
D3A,-2.56145370234885,3,True,1
D3C,-2.91789940101247,3,True,1
D3E,-0.0101285959090812,3,True,0
D3F,-3.1668778682696,3,True,1
D3G,-0.9899967376423829,3,True,0
D3H,-2.11763776962412,3,True,1
D3I,-3.21854556848194,3,True,1
D3K,-2.15763751365339,3,True,1
D3L,-3.21854556848194,3,True,1
D3M,-3.21854556848194,3,True,1
D3N,-0.37185590529846796,3,True,0
D3P,-2.42802928462599,3,True,1
D3Q,-0.8504967639283649,3,True,0
D3R,-3.04238863464104,3,True,1
D3S,-1.82361320658348,3,True,1
D3T,-1.98879167929266,3,True,1
D3V,-1.41477598728074,3,True,0
D3W,-3.1668778682696,3,True,1
D3Y,-1.7051566558754598,3,True,1
D4A,-1.75916161298822,4,True,1
D4C,-3.07080222097717,4,True,1
D4E,-0.0107015721587264,4,True,0
D4F,-3.48774755677249,4,True,1
D4G,-1.66856612451767,4,True,1
D4H,-1.4229693046225802,4,True,0
D4I,-2.10173660912772,4,True,1
D4K,-1.61663218338805,4,True,1
D4L,-1.82757094455542,4,True,1
D4M,-3.18234061850899,4,True,1
D4N,-0.48810162626437203,4,True,0
D4P,-3.61927916575554,4,True,1
D4Q,-1.11374830770898,4,True,0
D4R,-3.04133910822223,4,True,1
D4S,-1.54947251586714,4,True,1
D4T,-2.3355085682013703,4,True,1
D4V,-2.92176116015794,4,True,1
D4W,-3.48774755677249,4,True,1
D4Y,-3.48774755677249,4,True,1
I5A,-0.42572754671323204,5,True,0
I5C,-2.34112505228781,5,True,1
I5D,-1.2255501197334098,5,True,0
I5E,-1.0819326971094598,5,True,0
I5F,-1.79575220102854,5,True,1
I5G,-1.8620704277425,5,True,1
I5H,-2.16278688233706,5,True,1
I5K,-2.0015149386840303,5,True,1
I5L,-0.35184081506491804,5,True,0
I5M,-0.462040633379706,5,True,0
I5N,-1.12848533327441,5,True,0
I5P,-1.49447778131399,5,True,0
I5Q,-0.8159045524599159,5,True,0
I5R,-3.24775723252166,5,True,1
I5S,-0.515195417031643,5,True,0
I5T,-0.331651425689078,5,True,0
I5V,-0.063605514466402,5,True,0
I5W,-2.57665079659016,5,True,1
I5Y,-2.5766330147277596,5,True,1
A6C,-0.36505530786331297,6,True,0
A6D,-2.5260806033999303,6,True,1
A6E,-1.24643737277371,6,True,0
A6F,-4.236172207793411,6,True,1
A6G,-1.2545609928647,6,True,0
A6H,-1.93818395858778,6,True,1
A6I,-1.47475227742239,6,True,0
A6K,-1.72502393215572,6,True,1
A6L,-1.5982991736163,6,True,1
A6M,-2.36653364479241,6,True,1
A6N,-0.745819944081326,6,True,0
A6P,-1.3563973671915002,6,True,0
A6Q,-0.434597213294159,6,True,0
A6R,-1.78386139550581,6,True,1
A6S,-0.11539792053363002,6,True,0
A6T,-0.094041830736351,6,True,0
A6V,-0.9159958534341129,6,True,0
A6W,-4.236172207793411,6,True,1
A6Y,-2.78922166417329,6,True,1
A7C,-0.8943735175339109,7,True,0
A7D,-4.52898750245351,7,True,1
A7E,-2.18741177518387,7,True,1
A7F,-5.34060389207075,7,True,2
A7G,-1.81487333333249,7,True,1
A7H,-3.8418764606388396,7,True,1
A7I,-3.5660866064191903,7,True,1
A7K,-4.45768038160394,7,True,1
A7L,-4.35878456881097,7,True,1
A7M,-2.25716536155173,7,True,1
A7N,-2.7461940627517096,7,True,1
A7P,-0.908079374537683,7,True,0
A7Q,-1.42860002509296,7,True,0
A7R,-5.14596816376952,7,True,1
A7S,-0.4453789410248,7,True,0
A7T,-0.607421283776948,7,True,0
A7V,-1.65157122537202,7,True,1
A7W,-5.34060389207075,7,True,2
A7Y,-5.34060389207075,7,True,2
L8A,-4.21250258774561,8,True,1
L8C,-2.5423560614196803,8,True,1
L8D,-5.557551881485679,8,True,2
L8E,-5.557551881485679,8,True,2
L8F,-5.557551881485679,8,True,2
L8G,-5.557551881485679,8,True,2
L8H,-5.557551881485679,8,True,2
L8I,-0.47259259702908596,8,True,0
L8K,-5.3573432498527405,8,True,2
L8M,-0.870874539189402,8,True,0
L8N,-5.557551881485679,8,True,2
L8P,-5.557551881485679,8,True,2
L8Q,-5.557551881485679,8,True,2
L8R,-5.10980716296745,8,True,1
L8S,-4.66473517925766,8,True,1
L8T,-4.66473517925766,8,True,1
L8V,-0.440781842103173,8,True,0
L8W,-5.557551881485679,8,True,2
L8Y,-5.557551881485679,8,True,2
V9A,-5.88787209770835,9,True,2
V9C,-5.88787209770835,9,True,2
V9D,-6.24413009067765,9,True,2
V9E,-6.24413009067765,9,True,2
V9F,-6.24413009067765,9,True,2
V9G,-6.24413009067765,9,True,2
V9H,-6.24413009067765,9,True,2
V9I,-0.805228285548991,9,True,0
V9K,-6.24413009067765,9,True,2
V9L,-1.9175969626370901,9,True,1
V9M,-1.39821458714304,9,True,0
V9N,-6.24413009067765,9,True,2
V9P,-6.24413009067765,9,True,2
V9Q,-6.24413009067765,9,True,2
V9R,-6.24413009067765,9,True,2
V9S,-5.88787209770835,9,True,2
V9T,-5.88787209770835,9,True,2
V9W,-6.24413009067765,9,True,2
V9Y,-6.24413009067765,9,True,2
V10A,-3.09639765180776,10,True,1
V10C,-0.3541098980960129,10,True,0
V10D,-4.39300831000161,10,True,1
V10E,-4.39300831000161,10,True,1
V10F,-2.07644285555198,10,True,1
V10G,-2.5935355839664,10,True,1
V10H,-4.39300831000161,10,True,1
V10I,-0.020458865108163003,10,True,0
V10K,-4.55977952164433,10,True,1
V10L,-0.9016112244214509,10,True,0
V10M,-0.9079596389467759,10,True,0
V10N,-4.39300831000161,10,True,1
V10P,-4.55977952164433,10,True,1
V10Q,-4.39300831000161,10,True,1
V10R,-4.55977952164433,10,True,1
V10S,-2.12878239143169,10,True,1
V10T,-3.09639765180776,10,True,1
V10W,-3.74960814494959,10,True,1
V10Y,-3.74960814494959,10,True,1
D11A,-6.22667952179098,11,True,2
D11C,-6.22667952179098,11,True,2
D11E,-3.09205486941754,11,True,1
D11F,-6.12806210735451,11,True,2
D11G,-6.60328381434641,11,True,2
D11H,-1.21818178475206,11,True,0
D11I,-6.60328381434641,11,True,2
D11K,-6.60328381434641,11,True,2
D11L,-6.60328381434641,11,True,2
D11M,-6.60328381434641,11,True,2
D11N,-0.734000375102672,11,True,0
D11P,-6.60328381434641,11,True,2
D11Q,-4.04190549792398,11,True,1
D11R,-6.60328381434641,11,True,2
D11S,-6.22667952179098,11,True,2
D11T,-6.22667952179098,11,True,2
D11V,-6.60328381434641,11,True,2
D11W,-6.12806210735451,11,True,2
D11Y,-4.15398165982465,11,True,1
N12A,-2.7192287257159196,12,True,1
N12C,-4.06657674448277,12,True,1
N12D,-2.13055682767401,12,True,1
N12E,-3.9664440183828105,12,True,1
N12F,-5.926905326455481,12,True,2
N12G,-5.50121322630502,12,True,2
N12H,-3.9664440183828105,12,True,1
N12I,-2.60609281967722,12,True,1
N12K,-5.190550204751969,12,True,1
N12L,-5.47781096760672,12,True,2
N12M,-5.47781096760672,12,True,2
N12P,-6.4683202401983095,12,True,2
N12Q,-3.5325928131581,12,True,1
N12R,-6.098747066290361,12,True,2
N12S,-2.16947612402801,12,True,1
N12T,-3.5426071817811797,12,True,1
N12V,-5.22502167266393,12,True,1
N12W,-5.926905326455481,12,True,2
N12Y,-3.3890750309392597,12,True,1
G13A,-4.66992357366197,13,True,1
G13C,-5.6418532597926,13,True,2
G13D,-5.964777907754071,13,True,2
G13E,-5.964777907754071,13,True,2
G13F,-6.5087035446403005,13,True,2
G13H,-3.10434083790077,13,True,1
G13I,-6.27444752349826,13,True,2
G13K,-6.27444752349826,13,True,2
G13L,-6.27444752349826,13,True,2
G13M,-6.27444752349826,13,True,2
G13N,-5.964777907754071,13,True,2
G13P,-6.5087035446403005,13,True,2
G13Q,-5.964777907754071,13,True,2
G13R,-5.688302870262281,13,True,2
G13S,-2.74334599273533,13,True,1
G13T,-5.6418532597926,13,True,2
G13V,-6.27444752349826,13,True,2
G13W,-6.5087035446403005,13,True,2
G13Y,-6.5087035446403005,13,True,2
S14A,-3.98436611977384,14,True,1
S14C,-0.630511188152084,14,True,0
S14D,-5.96867216319337,14,True,2
S14E,-5.96867216319337,14,True,2
S14F,-3.18397831552835,14,True,1
S14G,-4.88998696836489,14,True,1
S14H,-5.05637167731034,14,True,1
S14I,-6.5125334225630995,14,True,2
S14K,-6.5125334225630995,14,True,2
S14L,-6.5125334225630995,14,True,2
S14M,-6.5125334225630995,14,True,2
S14N,-5.96867216319337,14,True,2
S14P,-2.70301453515369,14,True,1
S14Q,-5.96867216319337,14,True,2
S14R,-6.5125334225630995,14,True,2
S14T,-0.663555220255004,14,True,0
S14V,-6.5125334225630995,14,True,2
S14W,-6.044076832053469,14,True,2
S14Y,-6.044076832053469,14,True,2
G15A,-2.22717861100123,15,True,1
G15C,-3.9684671608719597,15,True,1
G15D,-3.0424283966683703,15,True,1
G15E,-4.05165726380884,15,True,1
G15F,-3.96215833973149,15,True,1
G15H,-4.25413042677628,15,True,1
G15I,-5.91458609623827,15,True,2
G15K,-4.736900407796219,15,True,1
G15L,-5.47733011342203,15,True,2
G15M,-5.91458609623827,15,True,2
G15N,-4.071388895556351,15,True,1
G15P,-6.52206422668535,15,True,2
G15Q,-5.44457685604419,15,True,2
G15R,-4.788829535898651,15,True,1
G15S,-2.37733080261934,15,True,1
G15T,-4.78343882493505,15,True,1
G15V,-3.03989854152128,15,True,1
G15W,-5.91458609623827,15,True,2
G15Y,-4.825628691088401,15,True,1
M16A,-1.8070608946847702,16,True,1
M16C,-1.2425345338315201,16,True,0
M16D,-4.597114283757961,16,True,1
M16E,-3.5297257422367503,16,True,1
M16F,-3.39378852032866,16,True,1
M16G,-5.47769045787068,16,True,2
M16H,-4.597114283757961,16,True,1
M16I,-0.817676569510053,16,True,0
M16K,-3.75492522835492,16,True,1
M16L,-0.11200098971643699,16,True,0
M16N,-2.5280883284188302,16,True,1
M16P,-5.47769045787068,16,True,2
M16Q,-2.9003397327141203,16,True,1
M16R,-3.23491775427647,16,True,1
M16S,-2.96528947221333,16,True,1
M16T,-2.03123183365779,16,True,1
M16V,-0.60511364272376,16,True,0
M16W,-4.5723264826811505,16,True,1
M16Y,-3.87523177615635,16,True,1
C17A,-0.332633202179032,17,True,0
C17D,-2.4090319564988705,17,True,1
C17E,-2.35328594814436,17,True,1
C17F,-2.08966747482246,17,True,1
C17G,-2.84879941862185,17,True,1
C17H,-2.44871032378079,17,True,1
C17I,-1.1228624883150902,17,True,0
C17K,-5.056677879556849,17,True,1
C17L,-1.55823457305477,17,True,1
C17M,-0.989382381292655,17,True,0
C17N,-4.74511143449057,17,True,1
C17P,-5.36824432462312,17,True,2
C17Q,-4.74511143449057,17,True,1
C17R,-3.0760989303612405,17,True,1
C17S,-0.512754872144622,17,True,0
C17T,-0.601788819225572,17,True,0
C17V,-0.479741669733382,17,True,0
C17W,-4.51865465184321,17,True,1
C17Y,-4.51865465184321,17,True,1
K18A,-2.15676349195101,18,True,1
K18C,-5.833509509775269,18,True,2
K18D,-5.62718400407449,18,True,2
K18E,-2.5369062510301204,18,True,1
K18F,-6.66107112632344,18,True,2
K18G,-6.66107112632344,18,True,2
K18H,-5.62718400407449,18,True,2
K18I,-5.9434142614589,18,True,2
K18L,-3.10058016609748,18,True,1
K18M,-4.955465163126309,18,True,1
K18N,-5.62718400407449,18,True,2
K18P,-3.27196039607593,18,True,1
K18Q,-2.46139480890103,18,True,1
K18R,-0.444102230263844,18,True,0
K18S,-3.21111135724896,18,True,1
K18T,-3.03402078146433,18,True,1
K18V,-5.9434142614589,18,True,2
K18W,-6.66107112632344,18,True,2
K18Y,-6.66107112632344,18,True,2
A19C,-0.883641943962361,19,True,0
A19D,-6.02344857340562,19,True,2
A19E,-6.02344857340562,19,True,2
A19F,-6.489298930516349,19,True,2
A19G,-3.40865890609362,19,True,1
A19H,-6.02344857340562,19,True,2
A19I,-5.27588607515139,19,True,2
A19K,-6.489298930516349,19,True,2
A19L,-2.93507509039852,19,True,1
A19M,-5.27588607515139,19,True,2
A19N,-5.72069488454538,19,True,2
A19P,-2.52244063480466,19,True,1
A19Q,-6.02344857340562,19,True,2
A19R,-6.489298930516349,19,True,2
A19S,-0.443527079799721,19,True,0
A19T,-0.6799597210049979,19,True,0
A19V,-2.1096027745970702,19,True,1
A19W,-6.489298930516349,19,True,2
A19Y,-6.489298930516349,19,True,2
G20A,-2.73672414347301,20,True,1
G20C,-5.9005569868819805,20,True,2
G20D,-3.45245295347922,20,True,1
G20E,-6.34353397254194,20,True,2
G20F,-6.83372765863394,20,True,2
G20H,-6.34353397254194,20,True,2
G20I,-6.83372765863394,20,True,2
G20K,-6.26463041279724,20,True,2
G20L,-6.83372765863394,20,True,2
G20M,-6.83372765863394,20,True,2
G20N,-6.34353397254194,20,True,2
G20P,-6.83372765863394,20,True,2
G20Q,-6.34353397254194,20,True,2
G20R,-3.7282865101515696,20,True,1
G20S,-2.69281415352754,20,True,1
G20T,-5.9005569868819805,20,True,2
G20V,-6.83372765863394,20,True,2
G20W,-6.83372765863394,20,True,2
G20Y,-6.83372765863394,20,True,2
F21A,-3.7307814166323596,21,True,1
F21C,-2.30451204538613,21,True,1
F21D,-5.68753494141242,21,True,2
F21E,-5.68753494141242,21,True,2
F21G,-6.03144453225708,21,True,2
F21H,-5.68753494141242,21,True,2
F21I,-1.81585936383178,21,True,1
F21K,-6.03144453225708,21,True,2
F21L,-1.82756463280314,21,True,1
F21M,-2.2380923294765096,21,True,1
F21N,-5.68753494141242,21,True,2
F21P,-5.12841622332512,21,True,1
F21Q,-5.68753494141242,21,True,2
F21R,-6.03144453225708,21,True,2
F21S,-1.8998166657986,21,True,1
F21T,-5.126642557165269,21,True,1
F21V,-2.07244417141648,21,True,1
F21W,-3.69100961805753,21,True,1
F21Y,-1.3952170852674801,21,True,0
A22C,-0.841884313709646,22,True,0
A22D,-6.18246523414904,22,True,2
A22E,-6.18246523414904,22,True,2
A22F,-6.18246523414904,22,True,2
A22G,-1.8230058022944498,22,True,1
A22H,-6.18246523414904,22,True,2
A22I,-5.44526959077607,22,True,2
A22K,-3.3191779534060095,22,True,1
A22L,-3.3276487747172703,22,True,1
A22M,-5.44526959077607,22,True,2
A22N,-6.18246523414904,22,True,2
A22P,-2.50177096110651,22,True,1
A22Q,-6.18246523414904,22,True,2
A22R,-3.2298715194645697,22,True,1
A22S,-1.02293242371256,22,True,0
A22T,-0.5136044566431229,22,True,0
A22V,-3.14878807530367,22,True,1
A22W,-6.18246523414904,22,True,2
A22Y,-6.18246523414904,22,True,2
G23A,-4.977005228777889,23,True,1
G23C,-5.743802468883691,23,True,2
G23D,-3.6254689081372797,23,True,1
G23E,-2.41154443555256,23,True,1
G23F,-6.73078066941911,23,True,2
G23H,-5.08314128161038,23,True,1
G23I,-4.73890678754304,23,True,1
G23K,-6.052903409894201,23,True,2
G23L,-6.1701168782435705,23,True,2
G23M,-6.1701168782435705,23,True,2
G23N,-3.47017744692015,23,True,1
G23P,-6.73078066941911,23,True,2
G23Q,-5.65398512036721,23,True,2
G23R,-3.0099146939424597,23,True,1
G23S,-2.1980129324601902,23,True,1
G23T,-4.947682975909941,23,True,1
G23V,-5.281884636075111,23,True,2
G23W,-6.73078066941911,23,True,2
G23Y,-6.73078066941911,23,True,2
D24A,-3.28737822628795,24,True,1
D24C,-4.57539802543526,24,True,1
D24E,-0.982241439454212,24,True,0
D24F,-5.637168729275531,24,True,2
D24G,-3.2361746861782996,24,True,1
D24H,-1.22243763128698,24,True,0
D24I,-5.72751240730829,24,True,2
D24K,-5.637168729275531,24,True,2
D24L,-5.72751240730829,24,True,2
D24M,-5.72751240730829,24,True,2
D24N,-0.807775267243168,24,True,0
D24P,-6.072520610441621,24,True,2
D24Q,-3.17125272189579,24,True,1
D24R,-3.4672900706324,24,True,1
D24S,-3.9768148865415602,24,True,1
D24T,-5.2670239142244,24,True,2
D24V,-4.36619313010353,24,True,1
D24W,-5.637168729275531,24,True,2
D24Y,-3.84818409251151,24,True,1
D25A,-1.9239890068493402,25,True,1
D25C,-5.061227618243731,25,True,1
D25E,-1.14723108160654,25,True,0
D25F,-5.65383218868805,25,True,2
D25G,-3.2067591095589703,25,True,1
D25H,-0.8966011361377159,25,True,0
D25I,-5.466187173784701,25,True,2
D25K,-3.5527333311770803,25,True,1
D25L,-4.96635774394705,25,True,1
D25M,-5.32285981502635,25,True,2
D25N,-0.906206889805726,25,True,0
D25P,-4.05035028469164,25,True,1
D25Q,-3.13052871232422,25,True,1
D25R,-4.11076075824685,25,True,1
D25S,-3.7496547931339705,25,True,1
D25T,-2.94969191947246,25,True,1
D25V,-3.57191660090029,25,True,1
D25W,-5.65383218868805,25,True,2
D25Y,-3.4523994527495403,25,True,1
A26C,-2.07691416947032,26,True,1
A26D,-3.15003330753659,26,True,1
A26E,-3.64241948214495,26,True,1
A26F,-4.97968305793526,26,True,1
A26G,-2.63846722771821,26,True,1
A26H,-4.7800980020392805,26,True,1
A26I,-2.3733230352165897,26,True,1
A26K,-3.5743391564851703,26,True,1
A26L,-4.22479601048325,26,True,1
A26M,-2.5953066854543,26,True,1
A26N,-3.75429685796555,26,True,1
A26P,-3.0170824575470494,26,True,1
A26Q,-3.5074343513499,26,True,1
A26R,-3.55041970529793,26,True,1
A26S,-1.00564121086668,26,True,0
A26T,-1.30184679918093,26,True,0
A26V,-2.08776785580176,26,True,1
A26W,-5.37095415969844,26,True,2
A26Y,-2.9877094846705403,26,True,1
P27A,-6.26219780755937,27,True,2
P27C,-6.26219780755937,27,True,2
P27D,-6.90106756390733,27,True,2
P27E,-6.90106756390733,27,True,2
P27F,-6.90106756390733,27,True,2
P27G,-6.90106756390733,27,True,2
P27H,-6.90106756390733,27,True,2
P27I,-6.5093463662598205,27,True,2
P27K,-6.5093463662598205,27,True,2
P27L,-3.9536582436614705,27,True,1
P27M,-6.5093463662598205,27,True,2
P27N,-6.90106756390733,27,True,2
P27Q,-6.90106756390733,27,True,2
P27R,-4.14710612540114,27,True,1
P27S,-3.3469154315497405,27,True,1
P27T,-6.26219780755937,27,True,2
P27V,-6.5093463662598205,27,True,2
P27W,-6.90106756390733,27,True,2
P27Y,-6.90106756390733,27,True,2
R28A,-2.8759037752402996,28,True,1
R28C,-2.3034047006239398,28,True,1
R28D,-4.99227650287933,28,True,1
R28E,-4.99227650287933,28,True,1
R28F,-5.782476817511919,28,True,2
R28G,-3.14118360311377,28,True,1
R28H,-2.17956762924281,28,True,1
R28I,-3.7463169888805496,28,True,1
R28K,-1.0663597473358901,28,True,0
R28L,-3.17808913675265,28,True,1
R28M,-3.4043498923186295,28,True,1
R28N,-4.87646138979113,28,True,1
R28P,-3.8046377514139302,28,True,1
R28Q,-1.6914825349154299,28,True,1
R28S,-2.48188521605219,28,True,1
R28T,-2.9480706825679905,28,True,1
R28V,-4.983563629087509,28,True,1
R28W,-4.7988254836133395,28,True,1
R28Y,-5.782476817511919,28,True,2
A29C,-1.17831101426806,29,True,0
A29D,-5.1327228557633795,29,True,1
A29E,-4.9932025176713,29,True,1
A29F,-5.28252550241182,29,True,2
A29G,-2.03373160136928,29,True,1
A29H,-3.89845484546357,29,True,1
A29I,-2.52210894715846,29,True,1
A29K,-5.860915692206791,29,True,2
A29L,-4.48445587812601,29,True,1
A29M,-4.48445587812601,29,True,1
A29N,-3.77859842707365,29,True,1
A29P,-2.7462893502403505,29,True,1
A29Q,-5.1327228557633795,29,True,1
A29R,-5.860915692206791,29,True,2
A29S,-0.9098935151110781,29,True,0
A29T,-0.6396672415511621,29,True,0
A29V,-1.6858648746079499,29,True,1
A29W,-5.439925820621901,29,True,2
A29Y,-5.439925820621901,29,True,2
V30A,-2.8448964340470697,30,True,1
V30C,-3.51526013866242,30,True,1
V30D,-5.586357743208951,30,True,2
V30E,-3.9791353099766202,30,True,1
V30F,-3.57891339898342,30,True,1
V30G,-6.2593482037582096,30,True,2
V30H,-4.2567078587379505,30,True,1
V30I,-0.8324684355196121,30,True,0
V30K,-5.90379332265366,30,True,2
V30L,-1.2757697103239498,30,True,0
V30M,-1.49641191294303,30,True,0
V30N,-4.76836282304633,30,True,1
V30P,-6.2593482037582096,30,True,2
V30Q,-5.586357743208951,30,True,2
V30R,-3.6348408232781,30,True,1
V30S,-2.2361699163575297,30,True,1
V30T,-2.23105868190373,30,True,1
V30W,-5.81068789672537,30,True,2
V30Y,-5.81068789672537,30,True,2
F31A,-3.49527070331132,31,True,1
F31C,-5.1649601086710994,31,True,1
F31D,-6.32734159383132,31,True,2
F31E,-6.32734159383132,31,True,2
F31G,-6.562484843364481,31,True,2
F31H,-6.20177212073871,31,True,2
F31I,-3.3329059662067904,31,True,1
F31K,-6.562484843364481,31,True,2
F31L,-1.35012264574971,31,True,0
F31M,-2.8570502792348798,31,True,1
F31N,-6.32734159383132,31,True,2
F31P,-6.562484843364481,31,True,2
F31Q,-6.32734159383132,31,True,2
F31R,-6.562484843364481,31,True,2
F31S,-3.63873605230623,31,True,1
F31T,-5.51957188012591,31,True,2
F31V,-3.5963189983015798,31,True,1
F31W,-3.9999300499292003,31,True,1
F31Y,-0.613353183449723,31,True,0
P32A,-2.26639304942098,32,True,1
P32C,-5.1238785188605895,32,True,1
P32D,-5.56538048301028,32,True,2
P32E,-4.99967461732374,32,True,1
P32F,-6.350561999721251,32,True,2
P32G,-6.58692518829219,32,True,2
P32H,-3.24204768313542,32,True,1
P32I,-5.92336982746433,32,True,2
P32K,-4.66981513009315,32,True,1
P32L,-3.4774046951052404,32,True,1
P32M,-5.92336982746433,32,True,2
P32N,-5.56538048301028,32,True,2
P32Q,-2.83403986678024,32,True,1
P32R,-3.41108490787134,32,True,1
P32S,-1.6763252011389598,32,True,1
P32T,-3.95527973459383,32,True,1
P32V,-5.92336982746433,32,True,2
P32W,-6.350561999721251,32,True,2
P32Y,-6.350561999721251,32,True,2
S33A,-1.13339713046928,33,True,0
S33C,-1.23829191969079,33,True,0
S33D,-5.17237267537614,33,True,1
S33E,-5.17237267537614,33,True,1
S33F,-6.26176022229336,33,True,2
S33G,-3.9469624063878195,33,True,1
S33H,-5.17237267537614,33,True,1
S33I,-5.55091412703355,33,True,2
S33K,-6.0375132464386105,33,True,2
S33L,-2.7534885935010296,33,True,1
S33M,-3.4706460738126004,33,True,1
S33N,-3.3488497110807205,33,True,1
S33P,-3.87820176170529,33,True,1
S33Q,-5.17237267537614,33,True,1
S33R,-3.69812910886222,33,True,1
S33T,-0.5849310868696329,33,True,0
S33V,-2.74253451971155,33,True,1
S33W,-6.26176022229336,33,True,2
S33Y,-6.26176022229336,33,True,2
I34A,-5.13187883148934,34,True,1
I34C,-4.7572740691497,34,True,1
I34D,-5.60436413444865,34,True,2
I34E,-5.60436413444865,34,True,2
I34F,-5.941330495628929,34,True,2
I34G,-5.941330495628929,34,True,2
I34H,-5.60436413444865,34,True,2
I34K,-5.941330495628929,34,True,2
I34L,-0.696810957758346,34,True,0
I34M,-0.542840114671588,34,True,0
I34N,-5.60436413444865,34,True,2
I34P,-5.941330495628929,34,True,2
I34Q,-5.60436413444865,34,True,2
I34R,-5.941330495628929,34,True,2
I34S,-2.39847155773269,34,True,1
I34T,-2.82732290160694,34,True,1
I34V,-0.561486610928817,34,True,0
I34W,-5.941330495628929,34,True,2
I34Y,-5.941330495628929,34,True,2
V35A,-2.7326781216125204,35,True,1
V35C,-3.19610662529229,35,True,1
V35D,-6.14160912080467,35,True,2
V35E,-6.14160912080467,35,True,2
V35F,-4.634923898922191,35,True,1
V35G,-6.14160912080467,35,True,2
V35H,-6.14160912080467,35,True,2
V35I,-0.516981196123072,35,True,0
V35K,-5.921770561018279,35,True,2
V35L,-1.5160649733766,35,True,0
V35M,-1.62452186954624,35,True,1
V35N,-6.14160912080467,35,True,2
V35P,-6.14160912080467,35,True,2
V35Q,-6.14160912080467,35,True,2
V35R,-5.28344515579097,35,True,2
V35S,-5.14715577528058,35,True,1
V35T,-2.8537610142960097,35,True,1
V35W,-5.7019320012318895,35,True,2
V35Y,-5.7019320012318895,35,True,2
G36A,-3.6409135490493,36,True,1
G36C,-5.96445714384304,36,True,2
G36D,-6.4848894962992,36,True,2
G36E,-6.4848894962992,36,True,2
G36F,-6.628797172468951,36,True,2
G36H,-6.4848894962992,36,True,2
G36I,-6.4848894962992,36,True,2
G36K,-6.628797172468951,36,True,2
G36L,-6.4848894962992,36,True,2
G36M,-6.4848894962992,36,True,2
G36N,-6.4848894962992,36,True,2
G36P,-6.87480896979329,36,True,2
G36Q,-6.4848894962992,36,True,2
G36R,-5.02743733477965,36,True,1
G36S,-2.8015042565135198,36,True,1
G36T,-5.96445714384304,36,True,2
G36V,-2.9959908955542303,36,True,1
G36W,-5.914474897203231,36,True,2
G36Y,-6.628797172468951,36,True,2
R37A,-1.7955221691268,37,True,1
R37C,-1.85527218613603,37,True,1
R37D,-4.8627659479525995,37,True,1
R37E,-4.8627659479525995,37,True,1
R37F,-3.3067875208155,37,True,1
R37G,-4.18259640000531,37,True,1
R37H,-1.59546074301535,37,True,1
R37I,-3.93718750913168,37,True,1
R37K,-1.5660798671510199,37,True,1
R37L,-2.65721700565914,37,True,1
R37M,-4.09412279616533,37,True,1
R37N,-3.7356620552113395,37,True,1
R37P,-3.9599667427705803,37,True,1
R37Q,-3.31643218739402,37,True,1
R37S,-1.9254853711408302,37,True,1
R37T,-3.4296151530269903,37,True,1
R37V,-3.5178895001024197,37,True,1
R37W,-3.7706292522979394,37,True,1
R37Y,-3.34674088348572,37,True,1
P38A,-1.8235763095261202,38,True,1
P38C,-3.9872606882949,38,True,1
P38D,-5.724378945428821,38,True,2
P38E,-5.724378945428821,38,True,2
P38F,-6.2248691137493894,38,True,2
P38G,-4.79274673758188,38,True,1
P38H,-2.8925230738101,38,True,1
P38I,-5.781397845606049,38,True,2
P38K,-5.98828411808067,38,True,2
P38L,-3.42684171265748,38,True,1
P38M,-5.781397845606049,38,True,2
P38N,-4.88546063062981,38,True,1
P38Q,-5.724378945428821,38,True,2
P38R,-3.9931744099994098,38,True,1
P38S,-4.013681654083991,38,True,1
P38T,-2.4518089641864704,38,True,1
P38V,-5.781397845606049,38,True,2
P38W,-5.83286138471189,38,True,2
P38Y,-6.2248691137493894,38,True,2
R39A,-3.70789416568344,39,True,1
R39C,-3.14896539236679,39,True,1
R39D,-4.94612598411362,39,True,1
R39E,-2.7761649854523904,39,True,1
R39F,-5.43378599849557,39,True,2
R39G,-3.50767470773633,39,True,1
R39H,-2.43110735235119,39,True,1
R39I,-2.94322540799681,39,True,1
R39K,-0.472374242850554,39,True,0
R39L,-2.63030316261037,39,True,1
R39M,-2.35037391169506,39,True,1
R39N,-3.88773126825163,39,True,1
R39P,-2.88996878284584,39,True,1
R39Q,-2.06519751711446,39,True,1
R39S,-2.4224735168777003,39,True,1
R39T,-4.43025755372519,39,True,1
R39V,-2.6549347319753798,39,True,1
R39W,-3.50469668806125,39,True,1
R39Y,-5.43378599849557,39,True,2
H40A,-2.84597273312396,40,True,1
H40C,-3.5696907835018097,40,True,1
H40D,-1.57076590011334,40,True,1
H40E,-1.5705524596920701,40,True,1
H40F,-2.5678952658742795,40,True,1
H40G,-3.45985142314101,40,True,1
H40I,-2.29508055195337,40,True,1
H40K,-4.21843432313171,40,True,1
H40L,-2.0003421201885803,40,True,1
H40M,-1.5702240837006,40,True,1
H40N,-1.3346903654199398,40,True,0
H40P,-2.5095604240598703,40,True,1
H40Q,-0.480468461878032,40,True,0
H40R,-2.29853169206191,40,True,1
H40S,-2.27912393803657,40,True,1
H40T,-2.12446640133684,40,True,1
H40V,-2.51608457556397,40,True,1
H40W,-4.216468217578339,40,True,1
H40Y,-1.30698223497999,40,True,0
Q41A,-1.35583994899198,41,True,0
Q41C,-2.10620047293741,41,True,1
Q41D,-1.42430439963837,41,True,0
Q41E,-0.785966607863975,41,True,0
Q41F,-4.15999955228765,41,True,1
Q41G,-3.6104757316808396,41,True,1
Q41H,-0.562923444779164,41,True,0
Q41I,-2.51273036661232,41,True,1
Q41K,-1.11476190024322,41,True,0
Q41L,-1.30284622572824,41,True,0
Q41M,-1.6286892126573402,41,True,1
Q41N,-1.8015615181875602,41,True,1
Q41P,-1.0592589674964699,41,True,0
Q41R,-0.90697647616981,41,True,0
Q41S,-1.3145452015438799,41,True,0
Q41T,-0.6216287153452049,41,True,0
Q41V,-1.22519619302683,41,True,0
Q41W,-3.28427160709633,41,True,1
Q41Y,-2.38685483187057,41,True,1
G42A,-1.7683495594644498,42,True,1
G42C,-3.93130650498101,42,True,1
G42D,-1.82704429625575,42,True,1
G42E,-2.4856472610211497,42,True,1
G42F,-3.85956512443504,42,True,1
G42H,-2.14842927473265,42,True,1
G42I,-1.9765512784006798,42,True,1
G42K,-3.66598367349971,42,True,1
G42L,-2.64502717833403,42,True,1
G42M,-2.77762680610736,42,True,1
G42N,-1.47557229381201,42,True,0
G42P,-4.134155909945,42,True,1
G42Q,-2.6734969859327005,42,True,1
G42R,-2.17729316276172,42,True,1
G42S,-1.17940747303773,42,True,0
G42T,-2.04555819197843,42,True,1
G42V,-1.3663981369732,42,True,0
G42W,-5.034216268452679,42,True,1
G42Y,-5.034216268452679,42,True,1
V43A,-1.66439160056213,43,True,1
V43C,-2.38560920384282,43,True,1
V43D,-2.62932998293175,43,True,1
V43E,-2.51484391263465,43,True,1
V43F,-2.15864198179496,43,True,1
V43G,-2.76844525632083,43,True,1
V43H,-4.46350271232098,43,True,1
V43I,-0.327696408299685,43,True,0
V43K,-5.0764404804147,43,True,1
V43L,-1.3213994603777701,43,True,0
V43M,-0.599703470676984,43,True,0
V43N,-3.33901022042397,43,True,1
V43P,-3.81449558727083,43,True,1
V43Q,-2.24553457953712,43,True,1
V43R,-4.75605352362253,43,True,1
V43S,-2.8767076932410496,43,True,1
V43T,-1.8113615787199,43,True,1
V43W,-2.7182450868639703,43,True,1
V43Y,-2.81064588398718,43,True,1
M44A,-4.0219844798243205,44,True,1
M44C,-5.23387655367372,44,True,1
M44D,-5.44087484170952,44,True,2
M44E,-3.98498425431427,44,True,1
M44F,-4.852447901636809,44,True,1
M44G,-5.6598871668347295,44,True,2
M44H,-3.8763506879572898,44,True,1
M44I,-0.870465588472398,44,True,0
M44K,-3.5922465684957703,44,True,1
M44L,-1.2705923567855801,44,True,0
M44N,-5.44087484170952,44,True,2
M44P,-3.8817974885073503,44,True,1
M44Q,-5.44087484170952,44,True,2
M44R,-3.7812265093874706,44,True,1
M44S,-4.18507565498679,44,True,1
M44T,-3.0528053047120203,44,True,1
M44V,-0.9144724853373372,44,True,0
M44W,-5.76470852555604,44,True,2
M44Y,-5.76470852555604,44,True,2
V45A,-1.75188953118264,45,True,1
V45C,-3.50118220507078,45,True,1
V45D,-2.6348779771799196,45,True,1
V45E,-3.4327199069830296,45,True,1
V45F,-3.56173426123959,45,True,1
V45G,-1.93519620630227,45,True,1
V45H,-4.82646758123543,45,True,1
V45I,-0.6179416199479381,45,True,0
V45K,-3.25186283568896,45,True,1
V45L,-1.43964087954283,45,True,0
V45M,-1.3504881705982,45,True,0
V45N,-4.82646758123543,45,True,1
V45P,-3.1822297982269196,45,True,1
V45Q,-3.83972012318953,45,True,1
V45R,-4.55492176778015,45,True,1
V45S,-2.43384267091854,45,True,1
V45T,-2.5468380019169,45,True,1
V45W,-5.01222718021901,45,True,1
V45Y,-4.45905893749315,45,True,1
G46A,-3.55791275194673,46,True,1
G46C,-4.39589782128824,46,True,1
G46D,-2.4069677205114703,46,True,1
G46E,-3.0675855905974103,46,True,1
G46F,-6.38496627484751,46,True,2
G46H,-5.09540701133817,46,True,1
G46I,-5.66067316517439,46,True,2
G46K,-4.39204480804457,46,True,1
G46L,-5.66067316517439,46,True,2
G46M,-3.88487394645104,46,True,1
G46N,-5.09540701133817,46,True,1
G46P,-4.98303155905717,46,True,1
G46Q,-5.05455545322929,46,True,1
G46R,-2.66819996700026,46,True,1
G46S,-2.25329941918602,46,True,1
G46T,-4.08897302246944,46,True,1
G46V,-3.32512509371191,46,True,1
G46W,-6.38496627484751,46,True,2
G46Y,-6.38496627484751,46,True,2
M47A,-2.11385590163039,47,True,1
M47C,-3.9194409333267797,47,True,1
M47D,-3.8842469008247598,47,True,1
M47E,-3.9220428126777103,47,True,1
M47F,-2.97803097727418,47,True,1
M47G,-3.43621444850993,47,True,1
M47H,-2.79457192670672,47,True,1
M47I,-1.41558976414114,47,True,0
M47K,-2.58179001558827,47,True,1
M47L,-1.21541276472719,47,True,0
M47N,-4.63652104184898,47,True,1
M47P,-3.64732489948829,47,True,1
M47Q,-4.57988095095364,47,True,1
M47R,-4.4163463058823895,47,True,1
M47S,-2.26106708650589,47,True,1
M47T,-2.1114361348794697,47,True,1
M47V,-1.19176380459438,47,True,0
M47W,-5.089265930397019,47,True,1
M47Y,-3.3950880098507596,47,True,1
G48A,-1.4234650976399699,48,True,0
G48C,-1.79244758421974,48,True,1
G48D,-1.31044561926856,48,True,0
G48E,-1.8238099902355,48,True,1
G48F,-4.6421246559907505,48,True,1
G48H,-1.24311287526116,48,True,0
G48I,-4.75911822387401,48,True,1
G48K,-3.57173746981679,48,True,1
G48L,-2.94730230706146,48,True,1
G48M,-4.14750861834248,48,True,1
G48N,-1.48608566059113,48,True,0
G48P,-3.55742568883016,48,True,1
G48Q,-2.54743988648542,48,True,1
G48R,-1.8543822029083201,48,True,1
G48S,-1.7125695824766398,48,True,1
G48T,-1.71815100124836,48,True,1
G48V,-2.86486474475933,48,True,1
G48W,-5.399301576726691,48,True,2
G48Y,-5.399301576726691,48,True,2
Q49A,-1.8963829099536003,49,True,1
Q49C,-4.3661466366309,49,True,1
Q49D,-1.3954587215724399,49,True,0
Q49E,-1.08463369896365,49,True,0
Q49F,-3.1380547391841502,49,True,1
Q49G,-2.66156071478326,49,True,1
Q49H,-0.92397757331369,49,True,0
Q49I,-2.8707761685488795,49,True,1
Q49K,-1.7372938810072198,49,True,1
Q49L,-1.98375476625451,49,True,1
Q49M,-2.72441195838503,49,True,1
Q49N,-0.267906519569415,49,True,0
Q49P,-4.4287949581902994,49,True,1
Q49R,-1.71553054131462,49,True,1
Q49S,-1.7334163132514098,49,True,1
Q49T,-2.57068864234173,49,True,1
Q49V,-2.77200654370834,49,True,1
Q49W,-4.90061906125492,49,True,1
Q49Y,-2.75159407332429,49,True,1
K50A,-4.23377550420889,50,True,1
K50C,-5.625012083317079,50,True,2
K50D,-4.35348624797219,50,True,1
K50E,-2.7663878993865496,50,True,1
K50F,-6.450597468642651,50,True,2
K50G,-4.73430186108457,50,True,1
K50H,-4.32552085213786,50,True,1
K50I,-4.7884949474743,50,True,1
K50L,-4.37534571395791,50,True,1
K50M,-2.28715020898956,50,True,1
K50N,-3.01877341516333,50,True,1
K50P,-4.28971802258864,50,True,1
K50Q,-3.2121274247538,50,True,1
K50R,-0.9696572876308911,50,True,0
K50S,-4.17379936642497,50,True,1
K50T,-4.781449189060639,50,True,1
K50V,-3.95317335147418,50,True,1
K50W,-6.450597468642651,50,True,2
K50Y,-6.450597468642651,50,True,2
D51A,-3.79910630248057,51,True,1
D51C,-5.04351185406483,51,True,1
D51E,-0.687586600449263,51,True,0
D51F,-5.86388525655533,51,True,2
D51G,-2.0156973063480903,51,True,1
D51H,-2.3701843213942,51,True,1
D51I,-5.70050278905002,51,True,2
D51K,-4.471924786153919,51,True,1
D51L,-5.04594158310476,51,True,1
D51M,-5.70050278905002,51,True,2
D51N,-1.95691459151062,51,True,1
D51P,-6.215265410962941,51,True,2
D51Q,-2.42879350880925,51,True,1
D51R,-5.77187302250235,51,True,2
D51S,-2.83440409325255,51,True,1
D51T,-4.36159120335172,51,True,1
D51V,-5.091711748407651,51,True,1
D51W,-5.86388525655533,51,True,2
D51Y,-3.8100444879155497,51,True,1
S52A,-0.27466974213495704,52,True,0
S52C,-0.34897294627321696,52,True,0
S52D,-3.0943953346427,52,True,1
S52E,-2.6808029698405202,52,True,1
S52F,-2.39275882641954,52,True,1
S52G,-4.16718499988209,52,True,1
S52H,-2.5433840650234902,52,True,1
S52I,-2.7171221583817897,52,True,1
S52K,-4.03362695872625,52,True,1
S52L,-2.3117691079457097,52,True,1
S52M,-3.2235111555937497,52,True,1
S52N,-2.12764140571071,52,True,1
S52P,-3.174482267414,52,True,1
S52Q,-3.85519702024962,52,True,1
S52R,-3.2440634240199704,52,True,1
S52T,-0.789224915453214,52,True,0
S52V,-2.33728379737681,52,True,1
S52W,-3.03132998766752,52,True,1
S52Y,-2.0684752804520903,52,True,1
Y53A,-5.838142037136099,53,True,2
Y53C,-3.7965748286908196,53,True,1
Y53D,-4.2223773953076895,53,True,1
Y53E,-6.024740325465291,53,True,2
Y53F,-1.02837552229008,53,True,0
Y53G,-6.4869863172371,53,True,2
Y53H,-6.024740325465291,53,True,2
Y53I,-4.48367713911464,53,True,1
Y53K,-6.4869863172371,53,True,2
Y53L,-3.38989314484456,53,True,1
Y53M,-3.84367335625436,53,True,1
Y53N,-6.024740325465291,53,True,2
Y53P,-5.004265893457309,53,True,1
Y53Q,-6.024740325465291,53,True,2
Y53R,-6.4869863172371,53,True,2
Y53S,-4.486239006424349,53,True,1
Y53T,-5.838142037136099,53,True,2
Y53V,-3.58447206619742,53,True,1
Y53W,-3.9315430840950203,53,True,1
V54A,-3.00015039772331,54,True,1
V54C,-4.40920599226367,54,True,1
V54D,-6.2274618156101,54,True,2
V54E,-6.2274618156101,54,True,2
V54F,-4.34744643765859,54,True,1
V54G,-4.846025235371821,54,True,1
V54H,-6.2274618156101,54,True,2
V54I,-0.585410792485532,54,True,0
V54K,-6.00565471783092,54,True,2
V54L,-1.37806633345829,54,True,0
V54M,-0.870139286240058,54,True,0
V54N,-6.2274618156101,54,True,2
V54P,-6.2274618156101,54,True,2
V54Q,-6.2274618156101,54,True,2
V54R,-3.80491652668279,54,True,1
V54S,-5.34023342449337,54,True,2
V54T,-4.05474963883117,54,True,1
V54W,-5.38296347013322,54,True,2
V54Y,-4.3921315330579,54,True,1
G55A,-3.33480889758778,55,True,1
G55C,-5.85855193891019,55,True,2
G55D,-3.66622118540085,55,True,1
G55E,-6.52424657481897,55,True,2
G55F,-6.62806528112537,55,True,2
G55H,-6.52424657481897,55,True,2
G55I,-6.322292429268839,55,True,2
G55K,-7.024532483859921,55,True,2
G55L,-6.322292429268839,55,True,2
G55M,-6.322292429268839,55,True,2
G55N,-6.52424657481897,55,True,2
G55P,-7.024532483859921,55,True,2
G55Q,-6.52424657481897,55,True,2
G55R,-7.024532483859921,55,True,2
G55S,-4.47130891837771,55,True,1
G55T,-6.072149474748371,55,True,2
G55V,-3.84040993420154,55,True,1
G55W,-5.57809909442832,55,True,2
G55Y,-6.62806528112537,55,True,2
D56A,-3.0853916254876297,56,True,1
D56C,-5.32381254553268,56,True,2
D56E,-1.05731737545735,56,True,0
D56F,-5.90993290310656,56,True,2
D56G,-3.6926826760007,56,True,1
D56H,-1.75682122733991,56,True,1
D56I,-3.76790004808002,56,True,1
D56K,-2.40932035891469,56,True,1
D56L,-5.77729715694222,56,True,2
D56M,-5.77729715694222,56,True,2
D56N,-0.5154373174979829,56,True,0
D56P,-6.3634175145161,56,True,2
D56Q,-3.23357098579623,56,True,1
D56R,-3.7426596348798706,56,True,1
D56S,-2.93166267141698,56,True,1
D56T,-4.52335754553832,56,True,1
D56V,-5.55017212548533,56,True,2
D56W,-5.90993290310656,56,True,2
D56Y,-4.969177668975151,56,True,1
E57A,-3.83700082515885,57,True,1
E57C,-5.24482834222011,57,True,1
E57D,-1.0262821414751802,57,True,0
E57F,-5.9714605637207905,57,True,2
E57G,-3.64354811044332,57,True,1
E57H,-3.60890779131487,57,True,1
E57I,-5.29592997429447,57,True,2
E57K,-3.0060336337899,57,True,1
E57L,-5.80527877179724,57,True,2
E57M,-5.80527877179724,57,True,2
E57N,-2.5553553531159103,57,True,1
E57P,-6.3288611134703,57,True,2
E57Q,-1.42976758895329,57,True,0
E57R,-3.6676484119595294,57,True,1
E57S,-5.24482834222011,57,True,1
E57T,-5.24482834222011,57,True,1
E57V,-5.27218967539016,57,True,2
E57W,-5.36160771938356,57,True,2
E57Y,-5.9714605637207905,57,True,2
A58C,-4.09755833908559,58,True,1
A58D,-6.76576946284129,58,True,2
A58E,-6.76576946284129,58,True,2
A58F,-6.76576946284129,58,True,2
A58G,-4.11668288017169,58,True,1
A58H,-6.76576946284129,58,True,2
A58I,-3.87989710464474,58,True,1
A58K,-6.52488695465309,58,True,2
A58L,-4.99327686241512,58,True,1
A58M,-5.66133219571877,58,True,2
A58N,-6.76576946284129,58,True,2
A58P,-6.76576946284129,58,True,2
A58Q,-6.76576946284129,58,True,2
A58R,-6.52488695465309,58,True,2
A58S,-2.38222550798488,58,True,1
A58T,-1.0718002084520502,58,True,0
A58V,-2.79331544077204,58,True,1
A58W,-6.76576946284129,58,True,2
A58Y,-6.76576946284129,58,True,2
Q59A,-4.48380174140664,59,True,1
Q59C,-3.6290565362616403,59,True,1
Q59D,-3.3018661458633596,59,True,1
Q59E,-0.9088734410062701,59,True,0
Q59F,-5.18694962705193,59,True,1
Q59G,-6.1795493594892195,59,True,2
Q59H,-1.3213074970927199,59,True,0
Q59I,-2.9873083652570998,59,True,1
Q59K,-3.766104166911,59,True,1
Q59L,-1.97776098164397,59,True,1
Q59M,-2.17095504834646,59,True,1
Q59N,-2.19643376621061,59,True,1
Q59P,-4.90874204386731,59,True,1
Q59R,-2.6533189203847503,59,True,1
Q59S,-4.08833173886553,59,True,1
Q59T,-4.79932565589243,59,True,1
Q59V,-3.89655723959584,59,True,1
Q59W,-5.83001487372658,59,True,2
Q59Y,-5.83001487372658,59,True,2
S60A,-0.652071483491207,60,True,0
S60C,-0.461447002029896,60,True,0
S60D,-3.3558151781015098,60,True,1
S60E,-2.40088614863622,60,True,1
S60F,-3.4169618599365497,60,True,1
S60G,-1.63910968634431,60,True,1
S60H,-3.06214004133875,60,True,1
S60I,-3.5339546197633203,60,True,1
S60K,-3.3344111977692004,60,True,1
S60L,-2.7122027111566602,60,True,1
S60M,-4.4006395434533205,60,True,1
S60N,-1.4689209347401597,60,True,0
S60P,-4.55354812692798,60,True,1
S60Q,-2.36786544513775,60,True,1
S60R,-3.5453364496935804,60,True,1
S60T,-1.03139029301819,60,True,0
S60V,-2.7788409437388397,60,True,1
S60W,-5.32454433066132,60,True,2
S60Y,-4.66654834792571,60,True,1
K61A,-5.55714391506721,61,True,2
K61C,-5.55714391506721,61,True,2
K61D,-5.21217763628166,61,True,1
K61E,-3.61293777303168,61,True,1
K61F,-6.303181485197281,61,True,2
K61G,-6.303181485197281,61,True,2
K61H,-4.151428603942899,61,True,1
K61I,-3.56141271671652,61,True,1
K61L,-4.76382735587874,61,True,1
K61M,-2.11155533963,61,True,1
K61N,-2.7530486313445897,61,True,1
K61P,-6.303181485197281,61,True,2
K61Q,-3.05185674380325,61,True,1
K61R,-0.915360104054378,61,True,0
K61S,-4.14541496738949,61,True,1
K61T,-3.76424593278021,61,True,1
K61V,-5.055733662243219,61,True,1
K61W,-6.303181485197281,61,True,2
K61Y,-6.303181485197281,61,True,2
R62A,-3.75461143818125,62,True,1
R62C,-3.3282804526339,62,True,1
R62D,-6.16186079929378,62,True,2
R62E,-6.16186079929378,62,True,2
R62F,-6.6530526173257805,62,True,2
R62G,-3.8585294410032795,62,True,1
R62H,-3.98606438134519,62,True,1
R62I,-3.40753119336074,62,True,1
R62K,-0.950035160672127,62,True,0
R62L,-6.27895136228091,62,True,2
R62M,-6.32839248520813,62,True,2
R62N,-6.16186079929378,62,True,2
R62P,-6.8986485263417805,62,True,2
R62Q,-5.65355079989488,62,True,2
R62S,-2.1380188674851297,62,True,1
R62T,-3.9322627400830097,62,True,1
R62V,-6.32839248520813,62,True,2
R62W,-5.00858453214218,62,True,1
R62Y,-6.6530526173257805,62,True,2
G63A,-4.151632740998379,63,True,1
G63C,-3.6997957558262096,63,True,1
G63D,-2.43115998311682,63,True,1
G63E,-3.8347884561626806,63,True,1
G63F,-6.73023458219311,63,True,2
G63H,-5.350205661443731,63,True,2
G63I,-6.73023458219311,63,True,2
G63K,-6.25063218502007,63,True,2
G63L,-6.73023458219311,63,True,2
G63M,-6.73023458219311,63,True,2
G63N,-4.61213599086255,63,True,1
G63P,-6.73023458219311,63,True,2
G63Q,-5.350205661443731,63,True,2
G63R,-4.55324275400233,63,True,1
G63S,-2.91640906476885,63,True,1
G63T,-5.54221236892943,63,True,2
G63V,-6.73023458219311,63,True,2
G63W,-6.73023458219311,63,True,2
G63Y,-6.73023458219311,63,True,2
I64A,-3.14461130889425,64,True,1
I64C,-4.89023985430592,64,True,1
I64D,-5.1473102919232305,64,True,1
I64E,-5.18448863020944,64,True,1
I64F,-2.9565979503746402,64,True,1
I64G,-5.8436560034103,64,True,2
I64H,-4.87831128968512,64,True,1
I64K,-5.63571184924232,64,True,2
I64L,-1.26028555262475,64,True,0
I64M,-0.7414596140070709,64,True,0
I64N,-4.13112050615219,64,True,1
I64P,-5.8436560034103,64,True,2
I64Q,-5.18448863020944,64,True,1
I64R,-5.63571184924232,64,True,2
I64S,-2.45257640920147,64,True,1
I64T,-3.06050075512637,64,True,1
I64V,-0.18251728463368,64,True,0
I64W,-5.21982354090635,64,True,1
I64Y,-4.346985323191,64,True,1
L65A,-5.39849607677129,65,True,2
L65C,-4.97421097937655,65,True,1
L65D,-6.44323684437371,65,True,2
L65E,-5.1537288598791795,65,True,1
L65F,-6.545605633034951,65,True,2
L65G,-6.93653582983461,65,True,2
L65H,-6.44323684437371,65,True,2
L65I,-2.02534372564894,65,True,1
L65K,-6.93653582983461,65,True,2
L65M,-2.1585417956395703,65,True,1
L65N,-6.44323684437371,65,True,2
L65P,-4.5189595918060395,65,True,1
L65Q,-6.44323684437371,65,True,2
L65R,-6.93653582983461,65,True,2
L65S,-6.15467543623529,65,True,2
L65T,-6.15467543623529,65,True,2
L65V,-3.17465270808218,65,True,1
L65W,-6.545605633034951,65,True,2
L65Y,-6.545605633034951,65,True,2
T66A,-0.6213768247313279,66,True,0
T66C,-3.4184050232150502,66,True,1
T66D,-3.5476196635636494,66,True,1
T66E,-2.98056241236124,66,True,1
T66F,-2.60447641848142,66,True,1
T66G,-4.50518090711563,66,True,1
T66H,-2.69706236964123,66,True,1
T66I,-2.79254689776181,66,True,1
T66K,-2.49441616350383,66,True,1
T66L,-2.52220576445412,66,True,1
T66M,-2.74328325258609,66,True,1
T66N,-2.00337381582349,66,True,1
T66P,-4.11875559420817,66,True,1
T66Q,-2.3762747192748703,66,True,1
T66R,-3.15517972640137,66,True,1
T66S,-0.320874824954162,66,True,0
T66V,-3.03656292157334,66,True,1
T66W,-4.96023437183037,66,True,1
T66Y,-2.7458571005549706,66,True,1
L67A,-6.03935797206807,67,True,2
L67C,-6.03935797206807,67,True,2
L67D,-6.2705641456156505,67,True,2
L67E,-6.2705641456156505,67,True,2
L67F,-3.86041551039446,67,True,1
L67G,-6.501770319163231,67,True,2
L67H,-6.2705641456156505,67,True,2
L67I,-1.6560795265634298,67,True,1
L67K,-4.76255019106191,67,True,1
L67M,-1.0864707387371801,67,True,0
L67N,-6.2705641456156505,67,True,2
L67P,-2.57968145941351,67,True,1
L67Q,-5.09426116363658,67,True,1
L67R,-4.838065693096469,67,True,1
L67S,-6.03935797206807,67,True,2
L67T,-5.05314627054831,67,True,1
L67V,-1.1378176549118502,67,True,0
L67W,-5.85269252984433,67,True,2
L67Y,-5.85269252984433,67,True,2
K68A,-3.7483696758452796,68,True,1
K68C,-4.46424375724167,68,True,1
K68D,-3.1511836174640204,68,True,1
K68E,-2.18493745303812,68,True,1
K68F,-4.66402708311673,68,True,1
K68G,-3.66861193279042,68,True,1
K68H,-2.1403492920391103,68,True,1
K68I,-5.0237263494930104,68,True,1
K68L,-5.0237263494930104,68,True,1
K68M,-4.14189721560031,68,True,1
K68N,-1.5542874558696003,68,True,1
K68P,-5.76144543568208,68,True,2
K68Q,-2.7715245896975804,68,True,1
K68R,-0.18061910487349,68,True,0
K68S,-1.9123256554846901,68,True,1
K68T,-2.48828406003909,68,True,1
K68V,-2.56819694485289,68,True,1
K68W,-5.3498823657528,68,True,2
K68Y,-3.2177812530955694,68,True,1
Y69A,-5.802000571453821,69,True,2
Y69C,-4.7318239148715,69,True,1
Y69D,-5.40616110147418,69,True,2
Y69E,-5.40616110147418,69,True,2
Y69F,-2.11711763449787,69,True,1
Y69G,-6.76519789355992,69,True,2
Y69H,-2.6792670692460696,69,True,1
Y69I,-6.76519789355992,69,True,2
Y69K,-6.52439856303339,69,True,2
Y69L,-6.76519789355992,69,True,2
Y69M,-6.76519789355992,69,True,2
Y69N,-3.23058731627586,69,True,1
Y69P,-6.76519789355992,69,True,2
Y69Q,-4.475820267020089,69,True,1
Y69R,-5.11735072952268,69,True,1
Y69S,-3.33181706639345,69,True,1
Y69T,-5.802000571453821,69,True,2
Y69V,-6.76519789355992,69,True,2
Y69W,-4.0961434363442,69,True,1
P70A,-5.99290138560678,70,True,2
P70C,-6.58419255440333,70,True,2
P70D,-6.83613769159326,70,True,2
P70E,-6.83613769159326,70,True,2
P70F,-7.0880828287831905,70,True,2
P70G,-7.0880828287831905,70,True,2
P70H,-6.83613769159326,70,True,2
P70I,-6.58419255440333,70,True,2
P70K,-7.0880828287831905,70,True,2
P70L,-3.4904915092364104,70,True,1
P70M,-6.58419255440333,70,True,2
P70N,-6.83613769159326,70,True,2
P70Q,-6.83613769159326,70,True,2
P70R,-7.0880828287831905,70,True,2
P70S,-3.9525832562464,70,True,1
P70T,-6.58419255440333,70,True,2
P70V,-6.58419255440333,70,True,2
P70W,-7.0880828287831905,70,True,2
P70Y,-7.0880828287831905,70,True,2
I71A,-5.33344414209822,71,True,2
I71C,-5.33344414209822,71,True,2
I71D,-5.617640875496299,71,True,2
I71E,-5.617640875496299,71,True,2
I71F,-6.047613934541251,71,True,2
I71G,-6.047613934541251,71,True,2
I71H,-5.617640875496299,71,True,2
I71K,-6.047613934541251,71,True,2
I71L,-1.76727574923452,71,True,1
I71M,-0.6667767008358659,71,True,0
I71N,-3.07518982622404,71,True,1
I71P,-6.047613934541251,71,True,2
I71Q,-5.617640875496299,71,True,2
I71R,-6.047613934541251,71,True,2
I71S,-5.33344414209822,71,True,2
I71T,-3.5578370058626803,71,True,1
I71V,-0.34546790835167995,71,True,0
I71W,-6.047613934541251,71,True,2
I71Y,-6.047613934541251,71,True,2
E72A,-3.46957007622097,72,True,1
E72C,-5.52519626030132,72,True,2
E72D,-0.836409300667016,72,True,0
E72F,-6.567495775573749,72,True,2
E72G,-4.58208031627957,72,True,1
E72H,-3.08745513745569,72,True,1
E72I,-5.96331448255004,72,True,2
E72K,-2.83506348788993,72,True,1
E72L,-5.96331448255004,72,True,2
E72M,-3.9343860662697296,72,True,1
E72N,-3.1438854300179497,72,True,1
E72P,-6.567495775573749,72,True,2
E72Q,-1.73155707958284,72,True,1
E72R,-4.637182993683889,72,True,1
E72S,-4.0302907477986905,72,True,1
E72T,-5.52519626030132,72,True,2
E72V,-4.1096680722226395,72,True,1
E72W,-6.567495775573749,72,True,2
E72Y,-6.567495775573749,72,True,2
H73A,-5.2117519562734005,73,True,1
H73C,-4.956859378408059,73,True,1
H73D,-3.30603975051881,73,True,1
H73E,-3.4451171143866004,73,True,1
H73F,-5.603845274872169,73,True,2
H73G,-6.642894758578239,73,True,2
H73I,-6.642894758578239,73,True,2
H73K,-3.8545179294459597,73,True,1
H73L,-6.642894758578239,73,True,2
H73M,-6.642894758578239,73,True,2
H73N,-2.28920877483823,73,True,1
H73P,-5.1701106844717,73,True,1
H73Q,-2.00944781095983,73,True,1
H73R,-2.1760250643018098,73,True,1
H73S,-5.76248908629016,73,True,2
H73T,-5.9334724822187495,73,True,2
H73V,-6.642894758578239,73,True,2
H73W,-5.82482880731035,73,True,2
H73Y,-3.6092430791631402,73,True,1
G74A,-5.588059561917679,74,True,2
G74C,-4.804849387762269,74,True,1
G74D,-5.14995859578398,74,True,1
G74E,-6.58265217884439,74,True,2
G74F,-7.086487001449809,74,True,2
G74H,-6.58265217884439,74,True,2
G74I,-6.687207351256269,74,True,2
G74K,-6.834569590147099,74,True,2
G74L,-6.687207351256269,74,True,2
G74M,-6.687207351256269,74,True,2
G74N,-6.58265217884439,74,True,2
G74P,-7.086487001449809,74,True,2
G74Q,-6.58265217884439,74,True,2
G74R,-6.02096405778611,74,True,2
G74S,-2.70354251720725,74,True,1
G74T,-6.05678394368601,74,True,2
G74V,-5.94341756671167,74,True,2
G74W,-7.086487001449809,74,True,2
G74Y,-7.086487001449809,74,True,2
I75A,-4.76856949351679,75,True,1
I75C,-5.48816829644683,75,True,2
I75D,-5.96343746718416,75,True,2
I75E,-5.96343746718416,75,True,2
I75F,-3.67818166655612,75,True,1
I75G,-6.319519682187259,75,True,2
I75H,-5.96343746718416,75,True,2
I75K,-5.07355090864646,75,True,1
I75L,-3.0512480933728097,75,True,1
I75M,-1.48057878659418,75,True,0
I75N,-5.96343746718416,75,True,2
I75P,-6.319519682187259,75,True,2
I75Q,-5.87801840424925,75,True,2
I75R,-5.87019395386108,75,True,2
I75S,-3.2720797763977703,75,True,1
I75T,-3.13547952796866,75,True,1
I75V,-0.513124627010964,75,True,0
I75W,-5.48816829644683,75,True,2
I75Y,-5.28309625474321,75,True,2
V76A,-4.65963560186709,76,True,1
V76C,-4.05634170656837,76,True,1
V76D,-6.36756887739206,76,True,2
V76E,-6.36756887739206,76,True,2
V76F,-6.36756887739206,76,True,2
V76G,-6.36756887739206,76,True,2
V76H,-6.36756887739206,76,True,2
V76I,-0.21856561694464396,76,True,0
V76K,-6.36756887739206,76,True,2
V76L,-3.8480638223526,76,True,1
V76M,-2.52227549098823,76,True,1
V76N,-6.36756887739206,76,True,2
V76P,-6.36756887739206,76,True,2
V76Q,-6.36756887739206,76,True,2
V76R,-6.36756887739206,76,True,2
V76S,-5.842312720290071,76,True,2
V76T,-5.842312720290071,76,True,2
V76W,-6.36756887739206,76,True,2
V76Y,-6.36756887739206,76,True,2
T77A,-1.5394994875461998,77,True,0
T77C,-2.51670775540663,77,True,1
T77D,-2.62388357870902,77,True,1
T77E,-3.5533911405658,77,True,1
T77F,-5.575916933522611,77,True,2
T77G,-2.9287208790254,77,True,1
T77H,-4.282883817865621,77,True,1
T77I,-2.45881025730094,77,True,1
T77K,-3.34383468718379,77,True,1
T77L,-3.24234674291721,77,True,1
T77M,-4.14981398193697,77,True,1
T77N,-1.43249308517195,77,True,0
T77P,-5.78255797099114,77,True,2
T77Q,-3.34784108154331,77,True,1
T77R,-3.11287399921324,77,True,1
T77S,-0.45497612199084797,77,True,0
T77V,-3.6776924911630298,77,True,1
T77W,-5.575916933522611,77,True,2
T77Y,-3.5917041036585804,77,True,1
N78A,-4.92761590943853,78,True,1
N78C,-4.0659629174395695,78,True,1
N78D,-0.198968175888662,78,True,0
N78E,-3.85608160455385,78,True,1
N78F,-6.146066687882009,78,True,2
N78G,-5.21302441123264,78,True,1
N78H,-1.8620519947273702,78,True,1
N78I,-6.146066687882009,78,True,2
N78K,-4.28470383547321,78,True,1
N78L,-6.146066687882009,78,True,2
N78M,-6.146066687882009,78,True,2
N78P,-6.3727535418123304,78,True,2
N78Q,-3.85608160455385,78,True,1
N78R,-5.64705845517907,78,True,2
N78S,-1.77246931026594,78,True,1
N78T,-3.50264110990606,78,True,1
N78V,-6.146066687882009,78,True,2
N78W,-6.146066687882009,78,True,2
N78Y,-5.91899720179843,78,True,2
W79A,-6.65448298561565,79,True,2
W79C,-6.65448298561565,79,True,2
W79D,-7.051038077333291,79,True,2
W79E,-7.051038077333291,79,True,2
W79F,-3.7457687098254597,79,True,1
W79G,-6.15702400570027,79,True,2
W79H,-7.051038077333291,79,True,2
W79I,-6.8008396710383705,79,True,2
W79K,-5.51848959045871,79,True,2
W79L,-6.8008396710383705,79,True,2
W79M,-6.8008396710383705,79,True,2
W79N,-7.051038077333291,79,True,2
W79P,-7.051038077333291,79,True,2
W79Q,-7.051038077333291,79,True,2
W79R,-5.127723931094191,79,True,1
W79S,-6.65448298561565,79,True,2
W79T,-6.65448298561565,79,True,2
W79V,-6.8008396710383705,79,True,2
W79Y,-2.3450691787564,79,True,1
D80A,-3.75669912063234,80,True,1
D80C,-5.70083435717283,80,True,2
D80E,-1.1796290150377902,80,True,0
D80F,-6.59178011165095,80,True,2
D80G,-1.84079034469619,80,True,1
D80H,-1.1796011840292802,80,True,0
D80I,-6.12376713533687,80,True,2
D80K,-6.59178011165095,80,True,2
D80L,-6.12376713533687,80,True,2
D80M,-6.12376713533687,80,True,2
D80N,-1.6128857177948999,80,True,1
D80P,-6.59178011165095,80,True,2
D80Q,-3.4544977319838304,80,True,1
D80R,-6.59178011165095,80,True,2
D80S,-4.8189526989280305,80,True,1
D80T,-5.70083435717283,80,True,2
D80V,-5.36719823240664,80,True,2
D80W,-6.59178011165095,80,True,2
D80Y,-6.59178011165095,80,True,2
D81A,-3.91840156144899,81,True,1
D81C,-5.56729907268099,81,True,2
D81E,-2.2482236698667797,81,True,1
D81F,-6.234618172433809,81,True,2
D81G,-4.1107899952385,81,True,1
D81H,-2.39483152537982,81,True,1
D81I,-6.31229890551731,81,True,2
D81K,-5.80912456919474,81,True,2
D81L,-6.31229890551731,81,True,2
D81M,-6.2205548471781205,81,True,2
D81N,-0.535180931955058,81,True,0
D81P,-6.79489569851037,81,True,2
D81Q,-2.8431009295623797,81,True,1
D81R,-6.41244678857922,81,True,2
D81S,-3.76748922591879,81,True,1
D81T,-4.8542849670352695,81,True,1
D81V,-6.31229890551731,81,True,2
D81W,-6.234618172433809,81,True,2
D81Y,-4.51783528970124,81,True,1
M82A,-6.67594598199087,82,True,2
M82C,-6.67594598199087,82,True,2
M82D,-6.67594598199087,82,True,2
M82E,-6.67594598199087,82,True,2
M82F,-6.369461399931611,82,True,2
M82G,-7.0733360190479,82,True,2
M82H,-4.71987143219665,82,True,1
M82I,-2.05881107363348,82,True,1
M82K,-7.0733360190479,82,True,2
M82L,-1.40803763848276,82,True,0
M82N,-6.67594598199087,82,True,2
M82P,-7.0733360190479,82,True,2
M82Q,-6.67594598199087,82,True,2
M82R,-7.0733360190479,82,True,2
M82S,-6.67594598199087,82,True,2
M82T,-4.9334542440804405,82,True,1
M82V,-1.7610563733884401,82,True,1
M82W,-4.94468471561551,82,True,1
M82Y,-6.369461399931611,82,True,2
E83A,-3.9736340960945298,83,True,1
E83C,-5.980473711335191,83,True,2
E83D,-1.4207622703940401,83,True,0
E83F,-6.94215649875061,83,True,2
E83G,-4.2028541346476604,83,True,1
E83H,-4.18716884604074,83,True,1
E83I,-6.37061290728701,83,True,2
E83K,-5.03792944363424,83,True,1
E83L,-5.27665454722508,83,True,2
E83M,-6.37061290728701,83,True,2
E83N,-2.55315517873438,83,True,1
E83P,-6.94215649875061,83,True,2
E83Q,-1.49184201816033,83,True,0
E83R,-4.96099198464471,83,True,1
E83S,-4.637067802954371,83,True,1
E83T,-3.1756512276133697,83,True,1
E83V,-3.82540982111628,83,True,1
E83W,-6.94215649875061,83,True,2
E83Y,-6.94215649875061,83,True,2
K84A,-3.31493106975565,84,True,1
K84C,-5.295606792685589,84,True,2
K84D,-4.03287392706414,84,True,1
K84E,-2.74242458141721,84,True,1
K84F,-6.2451705569427505,84,True,2
K84G,-5.282868220486071,84,True,2
K84H,-4.8876512126214005,84,True,1
K84I,-3.78405716703029,84,True,1
K84L,-3.18655374362986,84,True,1
K84M,-3.1633692085687595,84,True,1
K84N,-2.6406250103766404,84,True,1
K84P,-6.4751290655653095,84,True,2
K84Q,-2.8792358244510603,84,True,1
K84R,-1.16770845783009,84,True,0
K84S,-3.9888393681895398,84,True,1
K84T,-3.6100064281646698,84,True,1
K84V,-5.04675239691037,84,True,1
K84W,-6.2451705569427505,84,True,2
K84Y,-6.2451705569427505,84,True,2
I85A,-4.3624660335688,85,True,1
I85C,-5.6333245835225,85,True,2
I85D,-6.345752680477999,85,True,2
I85E,-6.345752680477999,85,True,2
I85F,-3.85247480577859,85,True,1
I85G,-6.345752680477999,85,True,2
I85H,-6.345752680477999,85,True,2
I85K,-6.345752680477999,85,True,2
I85L,-1.16519924163671,85,True,0
I85M,-1.72368425051804,85,True,1
I85N,-6.345752680477999,85,True,2
I85P,-6.345752680477999,85,True,2
I85Q,-6.345752680477999,85,True,2
I85R,-6.345752680477999,85,True,2
I85S,-5.6333245835225,85,True,2
I85T,-2.81128332001723,85,True,1
I85V,-0.6802726942642261,85,True,0
I85W,-6.12100663865324,85,True,2
I85Y,-6.12100663865324,85,True,2
W86A,-5.24129444423695,86,True,1
W86C,-3.2183473318818,86,True,1
W86D,-7.166328657910191,86,True,2
W86E,-7.166328657910191,86,True,2
W86F,-2.8353651563301896,86,True,1
W86G,-7.166328657910191,86,True,2
W86H,-7.166328657910191,86,True,2
W86I,-6.25645523902382,86,True,2
W86K,-6.91252588627636,86,True,2
W86L,-4.37199400837249,86,True,1
W86M,-6.25645523902382,86,True,2
W86N,-7.166328657910191,86,True,2
W86P,-7.166328657910191,86,True,2
W86Q,-7.166328657910191,86,True,2
W86R,-6.91252588627636,86,True,2
W86S,-4.95698285000649,86,True,1
W86T,-6.28831532482234,86,True,2
W86V,-6.25645523902382,86,True,2
W86Y,-4.3173398982492595,86,True,1
H87A,-4.26737694326189,87,True,1
H87C,-5.24377476912157,87,True,1
H87D,-1.93695337001123,87,True,1
H87E,-1.79200974760732,87,True,1
H87F,-4.976890194257639,87,True,1
H87G,-5.49924283770468,87,True,2
H87I,-5.88664936579816,87,True,2
H87K,-3.65558890250492,87,True,1
H87L,-3.4033483260105495,87,True,1
H87M,-5.88664936579816,87,True,2
H87N,-1.10681248078046,87,True,0
H87P,-3.60604504637982,87,True,1
H87Q,-0.473333936228121,87,True,0
H87R,-2.78606901567254,87,True,1
H87S,-2.9322499778207796,87,True,1
H87T,-2.41929650970655,87,True,1
H87V,-5.88664936579816,87,True,2
H87W,-5.123581067343459,87,True,1
H87Y,-1.8715553846691497,87,True,1
H88A,-6.41157137346603,88,True,2
H88C,-6.41157137346603,88,True,2
H88D,-4.155097717235741,88,True,1
H88E,-3.83266995860619,88,True,1
H88F,-4.7306453549228005,88,True,1
H88G,-6.90010150632468,88,True,2
H88I,-6.90010150632468,88,True,2
H88K,-6.655836439895361,88,True,2
H88L,-6.90010150632468,88,True,2
H88M,-6.90010150632468,88,True,2
H88N,-2.8757290168660004,88,True,1
H88P,-4.7033794497992005,88,True,1
H88Q,-2.8916678800444595,88,True,1
H88R,-6.269283683785041,88,True,2
H88S,-6.41157137346603,88,True,2
H88T,-5.6505874003402194,88,True,2
H88V,-6.90010150632468,88,True,2
H88W,-5.60014038669493,88,True,2
H88Y,-2.71143858838584,88,True,1
T89A,-0.833989374691976,89,True,0
T89C,-0.811035013253323,89,True,0
T89D,-5.948142240273559,89,True,2
T89E,-5.948142240273559,89,True,2
T89F,-6.166594505698839,89,True,2
T89G,-4.84151694320533,89,True,1
T89H,-5.948142240273559,89,True,2
T89I,-2.54593695089008,89,True,1
T89K,-6.166594505698839,89,True,2
T89L,-4.12398551293416,89,True,1
T89M,-2.48861331125364,89,True,1
T89N,-5.948142240273559,89,True,2
T89P,-6.166594505698839,89,True,2
T89Q,-5.948142240273559,89,True,2
T89R,-6.166594505698839,89,True,2
T89S,-0.255465381717049,89,True,0
T89V,-2.6342748154158704,89,True,1
T89W,-6.166594505698839,89,True,2
T89Y,-6.166594505698839,89,True,2
F90A,-6.02847395417099,90,True,2
F90C,-6.02847395417099,90,True,2
F90D,-6.19986616745695,90,True,2
F90E,-6.19986616745695,90,True,2
F90G,-6.5684725625508795,90,True,2
F90H,-3.2796487830155296,90,True,1
F90I,-2.92294624196183,90,True,1
F90K,-6.5684725625508795,90,True,2
F90L,-2.24516216971782,90,True,1
F90M,-3.1392259334932295,90,True,1
F90N,-6.19986616745695,90,True,2
F90P,-6.5684725625508795,90,True,2
F90Q,-6.19986616745695,90,True,2
F90R,-6.5684725625508795,90,True,2
F90S,-3.31045695867881,90,True,1
F90T,-6.02847395417099,90,True,2
F90V,-5.32249486273025,90,True,2
F90W,-3.9560680649459,90,True,1
F90Y,-1.33196789528765,90,True,0
Y91A,-2.94489905281924,91,True,1
Y91C,-2.48600805651453,91,True,1
Y91D,-2.61284066808996,91,True,1
Y91E,-3.4740008173193697,91,True,1
Y91F,-0.663753958255751,91,True,0
Y91G,-4.03206339912016,91,True,1
Y91H,-2.52153351770491,91,True,1
Y91I,-5.4091526613135805,91,True,2
Y91K,-4.43583975799169,91,True,1
Y91L,-3.30984199198016,91,True,1
Y91M,-2.44666455978871,91,True,1
Y91N,-2.1713925414070703,91,True,1
Y91P,-6.27951999594783,91,True,2
Y91Q,-3.4826275988882798,91,True,1
Y91R,-4.37274226916872,91,True,1
Y91S,-3.06787247558598,91,True,1
Y91T,-1.7660780132138703,91,True,1
Y91V,-5.4091526613135805,91,True,2
Y91W,-3.7895811757081903,91,True,1
N92A,-5.187825858559759,92,True,1
N92C,-4.780134798255419,92,True,1
N92D,-0.6998265479236839,92,True,0
N92E,-2.07800115622043,92,True,1
N92F,-5.926852627270191,92,True,2
N92G,-4.39839554289346,92,True,1
N92H,-1.62395765760104,92,True,1
N92I,-5.756461632206809,92,True,2
N92K,-3.11490873834875,92,True,1
N92L,-5.756461632206809,92,True,2
N92M,-5.756461632206809,92,True,2
N92P,-6.5245119158259,92,True,2
N92Q,-3.74074965138647,92,True,1
N92R,-4.109184761062069,92,True,1
N92S,-3.1540424783808194,92,True,1
N92T,-3.8556244179602097,92,True,1
N92V,-4.93885026248049,92,True,1
N92W,-5.926852627270191,92,True,2
N92Y,-5.55991087625535,92,True,2
E93A,-4.6974615624371,93,True,1
E93C,-5.96769070678575,93,True,2
E93D,-2.83985073137523,93,True,1
E93F,-6.86675675556316,93,True,2
E93G,-4.17536519915102,93,True,1
E93H,-4.13293090762052,93,True,1
E93I,-5.816692679037019,93,True,2
E93K,-2.4350330351469602,93,True,1
E93L,-4.4369770674519105,93,True,1
E93M,-4.80312001064468,93,True,1
E93N,-4.13293090762052,93,True,1
E93P,-6.86675675556316,93,True,2
E93Q,-1.92714923161661,93,True,1
E93R,-5.38245545073403,93,True,2
E93S,-3.12816007594431,93,True,1
E93T,-3.09934136590608,93,True,1
E93V,-4.544256135047309,93,True,1
E93W,-6.86675675556316,93,True,2
E93Y,-6.86675675556316,93,True,2
L94A,-6.923285629821219,94,True,2
L94C,-6.923285629821219,94,True,2
L94D,-7.176949772018941,94,True,2
L94E,-7.176949772018941,94,True,2
L94F,-4.877068249064889,94,True,1
L94G,-7.176949772018941,94,True,2
L94H,-7.176949772018941,94,True,2
L94I,-4.31498172701359,94,True,1
L94K,-7.176949772018941,94,True,2
L94M,-0.941764099029655,94,True,0
L94N,-7.176949772018941,94,True,2
L94P,-4.54097224164716,94,True,1
L94Q,-7.176949772018941,94,True,2
L94R,-7.176949772018941,94,True,2
L94S,-6.923285629821219,94,True,2
L94T,-6.923285629821219,94,True,2
L94V,-3.04953907521321,94,True,1
L94W,-6.669621487623511,94,True,2
L94Y,-6.669621487623511,94,True,2
R95A,-5.0637443168909595,95,True,1
R95C,-2.63676432107872,95,True,1
R95D,-4.7724571945365,95,True,1
R95E,-3.13559088702502,95,True,1
R95F,-6.69846232995283,95,True,2
R95G,-3.52166325874834,95,True,1
R95H,-2.1477950502179,95,True,1
R95I,-6.085250569204219,95,True,2
R95K,-2.09300436186777,95,True,1
R95L,-3.10654528292849,95,True,1
R95M,-6.085250569204219,95,True,2
R95N,-5.03311481711495,95,True,1
R95P,-6.69846232995283,95,True,2
R95Q,-3.7584838018413596,95,True,1
R95S,-3.58784851106184,95,True,1
R95T,-5.48168000938869,95,True,2
R95V,-5.101012151103419,95,True,1
R95W,-6.69846232995283,95,True,2
R95Y,-6.69846232995283,95,True,2
V96A,-2.66063913122216,96,True,1
V96C,-3.51001956748442,96,True,1
V96D,-5.213495453827799,96,True,1
V96E,-3.86270725292274,96,True,1
V96F,-6.190723298951651,96,True,2
V96G,-4.6799832714309,96,True,1
V96H,-5.830861857675529,96,True,2
V96I,-0.324980162459359,96,True,0
V96K,-5.78036826099131,96,True,2
V96L,-1.0112757776169699,96,True,0
V96M,-1.42469510997547,96,True,0
V96N,-5.830861857675529,96,True,2
V96P,-6.41777058941587,96,True,2
V96Q,-5.830861857675529,96,True,2
V96R,-4.59127972296419,96,True,1
V96S,-5.20135292324621,96,True,1
V96T,-3.72054331478644,96,True,1
V96W,-6.190723298951651,96,True,2
V96Y,-6.190723298951651,96,True,2
A97C,-2.9384555409934103,97,True,1
A97D,-1.87736417588873,97,True,1
A97E,-2.44634605107856,97,True,1
A97F,-5.95033952601523,97,True,2
A97G,-2.14160661972157,97,True,1
A97H,-3.71540559895164,97,True,1
A97I,-3.5567049409436,97,True,1
A97K,-3.9964856488939797,97,True,1
A97L,-2.98719328346372,97,True,1
A97M,-3.31760816790252,97,True,1
A97N,-2.65411771187604,97,True,1
A97P,-2.8314479239716803,97,True,1
A97Q,-1.4348877207042399,97,True,0
A97R,-2.82742180428877,97,True,1
A97S,-0.8147476061005681,97,True,0
A97T,-0.799012241504125,97,True,0
A97V,-2.4507347471292795,97,True,1
A97W,-5.95033952601523,97,True,2
A97Y,-5.95033952601523,97,True,2
P98A,-3.82748909976408,98,True,1
P98C,-5.46963935772364,98,True,2
P98D,-6.483350540652981,98,True,2
P98E,-6.483350540652981,98,True,2
P98F,-6.86865584253466,98,True,2
P98G,-6.86865584253466,98,True,2
P98H,-6.483350540652981,98,True,2
P98I,-4.565058409133821,98,True,1
P98K,-6.86865584253466,98,True,2
P98L,-3.54562045817579,98,True,1
P98M,-5.699985076726009,98,True,2
P98N,-6.483350540652981,98,True,2
P98Q,-6.483350540652981,98,True,2
P98R,-6.86865584253466,98,True,2
P98S,-2.7313776773715697,98,True,1
P98T,-2.4514253503400094,98,True,1
P98V,-3.28085832189855,98,True,1
P98W,-6.86865584253466,98,True,2
P98Y,-6.86865584253466,98,True,2
E99A,-2.29251265999841,99,True,1
E99C,-4.61451616338654,99,True,1
E99D,-0.5829089076950781,99,True,0
E99F,-5.65299036892141,99,True,2
E99G,-5.542199235657719,99,True,2
E99H,-3.07078916141967,99,True,1
E99I,-5.625318610483099,99,True,2
E99K,-2.5078231182323503,99,True,1
E99L,-4.88294539284234,99,True,1
E99M,-4.900343472691031,99,True,1
E99N,-2.96106498433252,99,True,1
E99P,-6.443747464657281,99,True,2
E99Q,-1.45159273658712,99,True,0
E99R,-3.08808421377497,99,True,1
E99S,-2.7386015926824396,99,True,1
E99T,-3.23833741854749,99,True,1
E99V,-4.91302534372891,99,True,1
E99W,-5.987157553878831,99,True,2
E99Y,-5.987157553878831,99,True,2
E100A,-3.2240191066772597,100,True,1
E100C,-5.76991982819618,100,True,2
E100D,-0.625118831181444,100,True,0
E100F,-6.694664810868571,100,True,2
E100G,-2.14637298221093,100,True,1
E100H,-4.02634156776861,100,True,1
E100I,-6.45796891165096,100,True,2
E100K,-3.78626625912551,100,True,1
E100L,-5.8247320601334,100,True,2
E100M,-6.45796891165096,100,True,2
E100N,-2.8665681021137797,100,True,1
E100P,-6.694664810868571,100,True,2
E100Q,-0.9693382055220501,100,True,0
E100R,-4.91950624599913,100,True,1
E100S,-4.38201861587671,100,True,1
E100T,-5.76991982819618,100,True,2
E100V,-6.45796891165096,100,True,2
E100W,-6.694664810868571,100,True,2
E100Y,-6.694664810868571,100,True,2
H101A,-2.69940786559075,101,True,1
H101C,-2.7119569554206495,101,True,1
H101D,-1.94947953728065,101,True,1
H101E,-3.6919528865517997,101,True,1
H101F,-3.4008158850855694,101,True,1
H101G,-6.12271011883168,101,True,2
H101I,-5.4715953833008895,101,True,2
H101K,-4.87834763083697,101,True,1
H101L,-3.9962112582754803,101,True,1
H101M,-5.4715953833008895,101,True,2
H101N,-0.573202554818829,101,True,0
H101P,-3.3340145968282795,101,True,1
H101Q,-0.348764868013535,101,True,0
H101R,-2.7871836816017996,101,True,1
H101S,-1.56645888215092,101,True,1
H101T,-4.75060993898259,101,True,1
H101V,-5.4715953833008895,101,True,2
H101W,-5.06834244854631,101,True,1
H101Y,-3.2103427065605996,101,True,1
P102A,-2.15024939671276,102,True,1
P102C,-5.090747690341809,102,True,1
P102D,-4.73226037145913,102,True,1
P102E,-5.47870227508178,102,True,2
P102F,-6.19118596689414,102,True,2
P102G,-3.4264975339984103,102,True,1
P102H,-4.708747792229991,102,True,1
P102I,-6.04865777118426,102,True,2
P102K,-5.07940225331862,102,True,1
P102L,-4.597898674258911,102,True,1
P102M,-6.04865777118426,102,True,2
P102N,-3.3578747180879303,102,True,1
P102Q,-2.3770776515069603,102,True,1
P102R,-3.60599310081058,102,True,1
P102S,-1.7861344061003699,102,True,1
P102T,-3.53452932537368,102,True,1
P102V,-6.04865777118426,102,True,2
P102W,-6.2846605232213095,102,True,2
P102Y,-6.2846605232213095,102,True,2
V103A,-1.2059491086398701,103,True,0
V103C,-1.3502553113108502,103,True,0
V103D,-5.82867642413556,103,True,2
V103E,-5.82867642413556,103,True,2
V103F,-4.972137663699209,103,True,1
V103G,-3.16259365412606,103,True,1
V103H,-4.3891066256878,103,True,1
V103I,-0.27457042122237,103,True,0
V103K,-6.17684863066025,103,True,2
V103L,-1.79001648026963,103,True,1
V103M,-0.260674536517571,103,True,0
V103N,-5.82867642413556,103,True,2
V103P,-6.17684863066025,103,True,2
V103Q,-5.82867642413556,103,True,2
V103R,-6.17684863066025,103,True,2
V103S,-1.6725034651673703,103,True,1
V103T,-0.8647694191233,103,True,0
V103W,-5.666785567451639,103,True,2
V103Y,-5.666785567451639,103,True,2
L104A,-6.4748737314545295,104,True,2
L104C,-6.4748737314545295,104,True,2
L104D,-6.090754930844611,104,True,2
L104E,-6.090754930844611,104,True,2
L104F,-5.18921284908545,104,True,1
L104G,-6.85899253206445,104,True,2
L104H,-3.9843938789573503,104,True,1
L104I,-1.8632195322147802,104,True,1
L104K,-6.85899253206445,104,True,2
L104M,-1.31944724921592,104,True,0
L104N,-6.090754930844611,104,True,2
L104P,-4.89937370100721,104,True,1
L104Q,-3.98347682408796,104,True,1
L104R,-6.85899253206445,104,True,2
L104S,-5.86673223762468,104,True,2
L104T,-6.4748737314545295,104,True,2
L104V,-2.17415100710745,104,True,1
L104W,-6.296268660360991,104,True,2
L104Y,-6.296268660360991,104,True,2
L105A,-5.92201633552292,105,True,2
L105C,-3.0008655392040198,105,True,1
L105D,-5.77937371049047,105,True,2
L105E,-5.77937371049047,105,True,2
L105F,-3.16465622198563,105,True,1
L105G,-6.89741304800687,105,True,2
L105H,-2.31725376821311,105,True,1
L105I,-2.11985191022206,105,True,1
L105K,-6.89741304800687,105,True,2
L105M,-1.32759850781993,105,True,0
L105N,-5.77937371049047,105,True,2
L105P,-3.9956744457500695,105,True,1
L105Q,-3.8907662822002296,105,True,1
L105R,-6.89741304800687,105,True,2
L105S,-2.72735750188598,105,True,1
L105T,-5.31347356055732,105,True,2
L105V,-2.49644924027135,105,True,1
L105W,-6.02322288861146,105,True,2
L105Y,-5.349255897188179,105,True,2
T106A,-3.52469537073627,106,True,1
T106C,-4.34233651334727,106,True,1
T106D,-6.7164583782198095,106,True,2
T106E,-6.7164583782198095,106,True,2
T106F,-7.22700286553305,106,True,2
T106G,-7.22700286553305,106,True,2
T106H,-6.7164583782198095,106,True,2
T106I,-4.554720184586929,106,True,1
T106K,-6.9717306218764294,106,True,2
T106L,-6.82240593186235,106,True,2
T106M,-6.82240593186235,106,True,2
T106N,-6.21065448622953,106,True,2
T106P,-6.33116790208563,106,True,2
T106Q,-6.7164583782198095,106,True,2
T106R,-6.9717306218764294,106,True,2
T106S,-0.36318890073769206,106,True,0
T106V,-6.82240593186235,106,True,2
T106W,-7.22700286553305,106,True,2
T106Y,-7.22700286553305,106,True,2
E107A,-6.28936861898508,107,True,2
E107C,-6.7971132238242395,107,True,2
E107D,-1.45116784149721,107,True,0
E107F,-7.31392376164973,107,True,2
E107G,-5.29818750425912,107,True,2
E107H,-4.39563118327322,107,True,1
E107I,-6.7139253078943,107,True,2
E107K,-3.9908110887634503,107,True,1
E107L,-6.3356840929558595,107,True,2
E107M,-6.7139253078943,107,True,2
E107N,-4.39563118327322,107,True,1
E107P,-6.721051371220289,107,True,2
E107Q,-2.12259351649451,107,True,1
E107R,-5.44338929754161,107,True,2
E107S,-6.7971132238242395,107,True,2
E107T,-6.7971132238242395,107,True,2
E107V,-5.516534673633231,107,True,2
E107W,-7.31392376164973,107,True,2
E107Y,-7.31392376164973,107,True,2
A108C,-4.0296430074985405,108,True,1
A108D,-5.9819450988571905,108,True,2
A108E,-5.9819450988571905,108,True,2
A108F,-6.692615040141691,108,True,2
A108G,-3.4446090284910094,108,True,1
A108H,-5.9819450988571905,108,True,2
A108I,-4.756494987569639,108,True,1
A108K,-6.08026332393831,108,True,2
A108L,-5.62102853690575,108,True,2
A108M,-5.62102853690575,108,True,2
A108N,-5.63519692928273,108,True,2
A108P,-2.0535108688155903,108,True,1
A108Q,-5.2556865054151505,108,True,2
A108R,-4.8371292403887,108,True,1
A108S,-1.81682188951716,108,True,1
A108T,-1.1373796225535702,108,True,0
A108V,-3.1923832089327204,108,True,1
A108W,-6.692615040141691,108,True,2
A108Y,-6.692615040141691,108,True,2
P109A,-4.2534422068787405,109,True,1
P109C,-5.70686223815867,109,True,2
P109D,-6.833990088879419,109,True,2
P109E,-6.833990088879419,109,True,2
P109F,-7.35368411897605,109,True,2
P109G,-7.35368411897605,109,True,2
P109H,-6.833990088879419,109,True,2
P109I,-6.49049101931444,109,True,2
P109K,-6.833990088879419,109,True,2
P109L,-4.2742103250478305,109,True,1
P109M,-6.49049101931444,109,True,2
P109N,-6.833990088879419,109,True,2
P109Q,-5.9203960120624,109,True,2
P109R,-4.02823863440171,109,True,1
P109S,-4.4086390023953,109,True,1
P109T,-6.24987283446613,109,True,2
P109V,-6.16170687408121,109,True,2
P109W,-7.35368411897605,109,True,2
P109Y,-7.35368411897605,109,True,2
L110A,-5.16827121414761,110,True,1
L110C,-5.6930531606922194,110,True,2
L110D,-5.42311071031813,110,True,2
L110E,-5.42311071031813,110,True,2
L110F,-2.8019632969313504,110,True,1
L110G,-5.83230930325492,110,True,2
L110H,-3.1734052263755697,110,True,1
L110I,-0.890299699026766,110,True,0
L110K,-4.056273614349521,110,True,1
L110M,-0.629286465830139,110,True,0
L110N,-4.22966427387025,110,True,1
L110P,-3.88748113400621,110,True,1
L110Q,-2.9413272027065003,110,True,1
L110R,-2.68398491728978,110,True,1
L110S,-3.6876605655880295,110,True,1
L110T,-5.2396786326373395,110,True,1
L110V,-1.5075505689568098,110,True,0
L110W,-5.36655471894968,110,True,2
L110Y,-5.074606185378309,110,True,1
N111A,-6.31852485983394,111,True,2
N111C,-6.31852485983394,111,True,2
N111D,-2.51992705804813,111,True,1
N111E,-4.48099698200417,111,True,1
N111F,-7.4570229530754,111,True,2
N111G,-7.4570229530754,111,True,2
N111H,-2.08691159774131,111,True,1
N111I,-6.889557245281991,111,True,2
N111K,-7.4570229530754,111,True,2
N111L,-7.193599298575389,111,True,2
N111M,-7.193599298575389,111,True,2
N111P,-6.5365148467835,111,True,2
N111Q,-4.48099698200417,111,True,1
N111R,-7.4570229530754,111,True,2
N111S,-4.02902293168145,111,True,1
N111T,-5.386446846316231,111,True,2
N111V,-7.193599298575389,111,True,2
N111W,-7.4570229530754,111,True,2
N111Y,-7.4570229530754,111,True,2
P112A,-5.41577230108346,112,True,2
P112C,-6.25366131819378,112,True,2
P112D,-5.46318142877524,112,True,2
P112E,-6.6178828483606305,112,True,2
P112F,-6.166749740301929,112,True,2
P112G,-6.43358705163031,112,True,2
P112H,-6.0338705362254705,112,True,2
P112I,-6.57343153070391,112,True,2
P112K,-6.988047808447259,112,True,2
P112L,-3.6716631330493503,112,True,1
P112M,-6.57343153070391,112,True,2
P112N,-6.6178828483606305,112,True,2
P112Q,-6.6178828483606305,112,True,2
P112R,-6.033357495012551,112,True,2
P112S,-3.98006372929591,112,True,1
P112T,-4.33617404555635,112,True,1
P112V,-6.57343153070391,112,True,2
P112W,-6.988047808447259,112,True,2
P112Y,-6.988047808447259,112,True,2
K113A,-6.15408254086267,113,True,2
K113C,-6.20309388658675,113,True,2
K113D,-5.891437512374639,113,True,2
K113E,-5.891437512374639,113,True,2
K113F,-6.8865753673409404,113,True,2
K113G,-4.977413164747599,113,True,1
K113H,-5.891437512374639,113,True,2
K113I,-4.23765388929493,113,True,1
K113L,-4.10715897775562,113,True,1
K113M,-4.0023631023418,113,True,1
K113N,-3.49833659557685,113,True,1
K113P,-5.78569347900407,113,True,2
K113Q,-5.097150586397009,113,True,1
K113R,-1.65740375901392,113,True,1
K113S,-5.634757840404871,113,True,2
K113T,-5.79969298787841,113,True,2
K113V,-5.599785974754361,113,True,2
K113W,-6.8865753673409404,113,True,2
K113Y,-6.8865753673409404,113,True,2
A114C,-3.38444735742153,114,True,1
A114D,-3.7791437751250805,114,True,1
A114E,-2.5358825344873703,114,True,1
A114F,-4.00852514658793,114,True,1
A114G,-2.54380103436383,114,True,1
A114H,-3.9685249791756294,114,True,1
A114I,-1.02651050098611,114,True,0
A114K,-2.7407180004455696,114,True,1
A114L,-1.64570784206965,114,True,1
A114M,-1.7378611266728299,114,True,1
A114N,-1.6427688869047,114,True,1
A114P,-3.2906590469479196,114,True,1
A114Q,-1.5391800526515702,114,True,0
A114R,-1.93496527006035,114,True,1
A114S,-0.49887177787232206,114,True,0
A114T,-1.03556285780353,114,True,0
A114V,-1.39427248830279,114,True,0
A114W,-4.912109447939151,114,True,1
A114Y,-3.24189205568927,114,True,1
N115A,-6.35642255757435,115,True,2
N115C,-6.35642255757435,115,True,2
N115D,-4.04414220639379,115,True,1
N115E,-4.41402491891138,115,True,1
N115F,-6.82540690246027,115,True,2
N115G,-7.34438005948912,115,True,2
N115H,-2.38959699548729,115,True,1
N115I,-6.18909885436572,115,True,2
N115K,-3.65794984231203,115,True,1
N115L,-5.987355595244059,115,True,2
N115M,-6.82540690246027,115,True,2
N115P,-7.34438005948912,115,True,2
N115Q,-4.41402491891138,115,True,1
N115R,-6.28373831200823,115,True,2
N115S,-2.03498062898091,115,True,1
N115T,-5.974354060245401,115,True,2
N115V,-6.82540690246027,115,True,2
N115W,-6.82540690246027,115,True,2
N115Y,-6.0840280091064205,115,True,2
R116A,-5.99155013069182,116,True,2
R116C,-4.029710842221471,116,True,1
R116D,-6.16805872798933,116,True,2
R116E,-6.16805872798933,116,True,2
R116F,-7.233680987690481,116,True,2
R116G,-3.9181488612133597,116,True,1
R116H,-3.49880122814202,116,True,1
R116I,-6.7225819826328,116,True,2
R116K,-0.31666597876034697,116,True,0
R116L,-3.70562707279737,116,True,1
R116M,-6.7225819826328,116,True,2
R116N,-6.16805872798933,116,True,2
R116P,-7.233680987690481,116,True,2
R116Q,-3.84799827977205,116,True,1
R116S,-6.46703248010396,116,True,2
R116T,-6.46703248010396,116,True,2
R116V,-6.7225819826328,116,True,2
R116W,-7.233680987690481,116,True,2
R116Y,-7.233680987690481,116,True,2
E117A,-7.429855925743571,117,True,2
E117C,-7.429855925743571,117,True,2
E117D,-3.54023585895216,117,True,1
E117F,-7.429855925743571,117,True,2
E117G,-6.41178198696443,117,True,2
E117H,-4.46260324636601,117,True,1
E117I,-7.16751358084524,117,True,2
E117K,-3.9407145034118503,117,True,1
E117L,-7.16751358084524,117,True,2
E117M,-7.16751358084524,117,True,2
E117N,-4.46260324636601,117,True,1
E117P,-7.429855925743571,117,True,2
E117Q,-1.80791679479368,117,True,1
E117R,-6.64282889104859,117,True,2
E117S,-7.429855925743571,117,True,2
E117T,-7.429855925743571,117,True,2
E117V,-7.16751358084524,117,True,2
E117W,-7.429855925743571,117,True,2
E117Y,-7.429855925743571,117,True,2
K118A,-4.96687551690004,118,True,1
K118C,-5.70445737581018,118,True,2
K118D,-5.46000385946875,118,True,2
K118E,-4.3515480972383305,118,True,1
K118F,-6.463113112249861,118,True,2
K118G,-6.463113112249861,118,True,2
K118H,-5.28923114857617,118,True,2
K118I,-3.97690479814186,118,True,1
K118L,-5.19737788959013,118,True,1
K118M,-3.4963806112808595,118,True,1
K118N,-3.60633168576069,118,True,1
K118P,-6.463113112249861,118,True,2
K118Q,-3.5428382156612903,118,True,1
K118R,-0.7648403326705829,118,True,0
K118S,-4.569504157986731,118,True,1
K118T,-4.825315845459571,118,True,1
K118V,-5.492979357394099,118,True,2
K118W,-6.463113112249861,118,True,2
K118Y,-6.463113112249861,118,True,2
M119A,-5.61281538328099,119,True,2
M119C,-6.136184582945651,119,True,2
M119D,-7.26265788490331,119,True,2
M119E,-7.26265788490331,119,True,2
M119F,-7.26265788490331,119,True,2
M119G,-7.26265788490331,119,True,2
M119H,-7.26265788490331,119,True,2
M119I,-0.8003770477117901,119,True,0
M119K,-6.856171338096111,119,True,2
M119L,-1.3296438422328603,119,True,0
M119N,-7.26265788490331,119,True,2
M119P,-7.26265788490331,119,True,2
M119Q,-7.26265788490331,119,True,2
M119R,-6.73507998773764,119,True,2
M119S,-5.30789367667895,119,True,2
M119T,-3.9271139811083597,119,True,1
M119V,-2.30708936964604,119,True,1
M119W,-7.26265788490331,119,True,2
M119Y,-7.26265788490331,119,True,2
T120A,-0.8093946767600891,120,True,0
T120C,-0.721082885368832,120,True,0
T120D,-6.5494929820023895,120,True,2
T120E,-6.5494929820023895,120,True,2
T120F,-6.0169382447754405,120,True,2
T120G,-6.5494929820023895,120,True,2
T120H,-6.5494929820023895,120,True,2
T120I,-1.61395579949036,120,True,1
T120K,-6.5494929820023895,120,True,2
T120L,-2.0577498391619797,120,True,1
T120M,-3.4548165686722796,120,True,1
T120N,-6.5494929820023895,120,True,2
T120P,-4.4170494570477095,120,True,1
T120Q,-6.5494929820023895,120,True,2
T120R,-6.5494929820023895,120,True,2
T120S,-0.6736744217801629,120,True,0
T120V,-2.29488461694608,120,True,1
T120W,-6.317732290710371,120,True,2
T120Y,-6.317732290710371,120,True,2
Q121A,-4.81480449006808,121,True,1
Q121C,-5.3884644194499804,121,True,2
Q121D,-3.7857543430463303,121,True,1
Q121E,-0.9320677969859681,121,True,0
Q121F,-6.029380045216321,121,True,2
Q121G,-6.647068264297401,121,True,2
Q121H,-0.470603138186089,121,True,0
Q121I,-5.6322096805930695,121,True,2
Q121K,-2.99852252587193,121,True,1
Q121L,-5.770231880644451,121,True,2
Q121M,-5.49430483874349,121,True,2
Q121N,-3.99615697595215,121,True,1
Q121P,-6.647068264297401,121,True,2
Q121R,-1.73663883142894,121,True,1
Q121S,-2.8227402616269797,121,True,1
Q121T,-2.54791764924002,121,True,1
Q121V,-5.942303936991269,121,True,2
Q121W,-6.412146821862019,121,True,2
Q121Y,-6.412146821862019,121,True,2
I122A,-5.462764782171839,122,True,2
I122C,-3.98597288022003,122,True,1
I122D,-7.079771849938919,122,True,2
I122E,-7.079771849938919,122,True,2
I122F,-5.21306803612645,122,True,1
I122G,-7.079771849938919,122,True,2
I122H,-7.079771849938919,122,True,2
I122K,-7.079771849938919,122,True,2
I122L,-1.22017498342368,122,True,0
I122M,-2.25610339842419,122,True,1
I122N,-7.079771849938919,122,True,2
I122P,-7.079771849938919,122,True,2
I122Q,-7.079771849938919,122,True,2
I122R,-7.079771849938919,122,True,2
I122S,-4.95731164327203,122,True,1
I122T,-2.88183595581621,122,True,1
I122V,-1.03278009956162,122,True,0
I122W,-6.82985070251622,122,True,2
I122Y,-6.82985070251622,122,True,2
M123A,-3.80214878767054,123,True,1
M123C,-2.75126353418082,123,True,1
M123D,-6.0267382553891595,123,True,2
M123E,-6.0267382553891595,123,True,2
M123F,-2.7229063879770696,123,True,1
M123G,-6.63228128560948,123,True,2
M123H,-4.43431101058338,123,True,1
M123I,-0.6384561902851851,123,True,0
M123K,-6.63228128560948,123,True,2
M123L,-0.7853342047221321,123,True,0
M123N,-6.0267382553891595,123,True,2
M123P,-6.63228128560948,123,True,2
M123Q,-4.395270964616009,123,True,1
M123R,-6.63228128560948,123,True,2
M123S,-2.07700437345818,123,True,1
M123T,-3.1675680600117797,123,True,1
M123V,-0.43488870462438795,123,True,0
M123W,-5.69525720104132,123,True,2
M123Y,-5.69525720104132,123,True,2
F124A,-6.80282479853507,124,True,2
F124C,-6.80282479853507,124,True,2
F124D,-7.33993068580736,124,True,2
F124E,-7.33993068580736,124,True,2
F124G,-7.6084836294435,124,True,2
F124H,-7.33993068580736,124,True,2
F124I,-3.5290998205180495,124,True,1
F124K,-7.6084836294435,124,True,2
F124L,-3.6271591590783703,124,True,1
F124M,-5.973506033215691,124,True,2
F124N,-7.33993068580736,124,True,2
F124P,-7.6084836294435,124,True,2
F124Q,-7.33993068580736,124,True,2
F124R,-7.6084836294435,124,True,2
F124S,-4.27616163467713,124,True,1
F124T,-6.80282479853507,124,True,2
F124V,-6.53427185489892,124,True,2
F124W,-4.568249317723651,124,True,1
F124Y,-4.568249317723651,124,True,1
E125A,-7.19227522640828,125,True,2
E125C,-5.1550589248756395,125,True,1
E125D,-1.30101195881669,125,True,0
E125F,-7.455366170261611,125,True,2
E125G,-3.9201392649902203,125,True,1
E125H,-4.47533737103858,125,True,1
E125I,-7.455366170261611,125,True,2
E125K,-3.7172916751348,125,True,1
E125L,-7.455366170261611,125,True,2
E125M,-7.455366170261611,125,True,2
E125N,-4.47533737103858,125,True,1
E125P,-7.455366170261611,125,True,2
E125Q,-0.38810609381118605,125,True,0
E125R,-6.58139697236479,125,True,2
E125S,-7.19227522640828,125,True,2
E125T,-7.19227522640828,125,True,2
E125V,-7.455366170261611,125,True,2
E125W,-7.455366170261611,125,True,2
E125Y,-7.455366170261611,125,True,2
T126A,-0.19780006526700697,126,True,0
T126C,-2.0884232324738403,126,True,1
T126D,-3.0986139525484,126,True,1
T126E,-4.18992707065216,126,True,1
T126F,-5.918986429011509,126,True,2
T126G,-4.28566745043806,126,True,1
T126H,-3.6289181755861097,126,True,1
T126I,-2.36498913971553,126,True,1
T126K,-2.37917066853181,126,True,1
T126L,-5.1957168199399195,126,True,1
T126M,-5.1957168199399195,126,True,1
T126N,-2.3287954693594,126,True,1
T126P,-2.29741262771147,126,True,1
T126Q,-4.38971086672057,126,True,1
T126R,-3.11462704469218,126,True,1
T126S,-0.835976389370204,126,True,0
T126V,-2.0873379267088,126,True,1
T126W,-5.918986429011509,126,True,2
T126Y,-5.17288826242979,126,True,1
F127A,-7.11255333932567,127,True,2
F127C,-7.11255333932567,127,True,2
F127D,-7.314022965338969,127,True,2
F127E,-7.314022965338969,127,True,2
F127G,-7.7473156519896795,127,True,2
F127H,-4.53193393434485,127,True,1
F127I,-6.97984868920226,127,True,2
F127K,-7.7473156519896795,127,True,2
F127L,-4.16699507108242,127,True,1
F127M,-6.97984868920226,127,True,2
F127N,-7.314022965338969,127,True,2
F127P,-7.7473156519896795,127,True,2
F127Q,-7.314022965338969,127,True,2
F127R,-7.7473156519896795,127,True,2
F127S,-3.91755482054254,127,True,1
F127T,-7.11255333932567,127,True,2
F127V,-6.97984868920226,127,True,2
F127W,-4.65031367672467,127,True,1
F127Y,-3.47881876158293,127,True,1
N128A,-1.788371999274,128,True,1
N128C,-4.58444144568822,128,True,1
N128D,-0.8677505487107751,128,True,0
N128E,-1.4522135724999399,128,True,0
N128F,-5.8747793248755995,128,True,2
N128G,-2.44309044620394,128,True,1
N128H,-0.974109266028594,128,True,0
N128I,-4.0749076401651605,128,True,1
N128K,-2.44656272005698,128,True,1
N128L,-5.3438525790288605,128,True,2
N128M,-5.09559833948908,128,True,1
N128P,-6.090653082789191,128,True,2
N128Q,-1.37504980415645,128,True,0
N128R,-2.73287276011116,128,True,1
N128S,-1.4236888829115801,128,True,0
N128T,-2.14086019244378,128,True,1
N128V,-5.3438525790288605,128,True,2
N128W,-5.8747793248755995,128,True,2
N128Y,-4.983243432476719,128,True,1
T129A,-0.132774962124355,129,True,0
T129C,-0.12034965464367,129,True,0
T129D,-4.627484535112821,129,True,1
T129E,-4.627484535112821,129,True,1
T129F,-2.92550287125551,129,True,1
T129G,-5.3466963349450305,129,True,2
T129H,-3.9356388855415694,129,True,1
T129I,-1.1678765350377098,129,True,0
T129K,-5.152337865516019,129,True,1
T129L,-1.37674967839688,129,True,0
T129M,-0.38767550718895005,129,True,0
T129N,-2.0429118416854,129,True,1
T129P,-5.0930454617723,129,True,1
T129Q,-4.627484535112821,129,True,1
T129R,-5.152337865516019,129,True,1
T129S,-0.0756377468119188,129,True,0
T129V,-0.324019844093845,129,True,0
T129W,-4.7010514748695,129,True,1
T129Y,-4.7010514748695,129,True,1
P130A,-3.60940027621876,130,True,1
P130C,-6.659227140226071,130,True,2
P130D,-6.83383803323049,130,True,2
P130E,-6.83383803323049,130,True,2
P130F,-7.585582042013541,130,True,2
P130G,-7.585582042013541,130,True,2
P130H,-6.83383803323049,130,True,2
P130I,-6.7822521856317906,130,True,2
P130K,-6.394271822553951,130,True,2
P130L,-4.10923164162865,130,True,1
P130M,-6.7822521856317906,130,True,2
P130N,-6.83383803323049,130,True,2
P130Q,-6.097555611724171,130,True,2
P130R,-3.17406891131604,130,True,1
P130S,-4.6884171899225,130,True,1
P130T,-5.3541043040432,130,True,2
P130V,-6.7822521856317906,130,True,2
P130W,-7.585582042013541,130,True,2
P130Y,-7.585582042013541,130,True,2
A131C,-1.57233137440893,131,True,1
A131D,-5.835946814446089,131,True,2
A131E,-5.835946814446089,131,True,2
A131F,-6.82077177284003,131,True,2
A131G,-3.0415852411995203,131,True,1
A131H,-5.835946814446089,131,True,2
A131I,-6.579833812877389,131,True,2
A131K,-4.30026889980317,131,True,1
A131L,-6.579833812877389,131,True,2
A131M,-6.579833812877389,131,True,2
A131N,-4.12358885422724,131,True,1
A131P,-6.82077177284003,131,True,2
A131Q,-4.37139728637592,131,True,1
A131R,-5.1494264983067595,131,True,1
A131S,-1.5624473340049398,131,True,1
A131T,-1.1983459590702499,131,True,0
A131V,-6.579833812877389,131,True,2
A131W,-6.82077177284003,131,True,2
A131Y,-6.82077177284003,131,True,2
M132A,-3.5576758892838503,132,True,1
M132C,-2.3323449939014598,132,True,1
M132D,-6.129526229269071,132,True,2
M132E,-6.129526229269071,132,True,2
M132F,-0.9346123843486189,132,True,0
M132G,-6.129526229269071,132,True,2
M132H,-6.129526229269071,132,True,2
M132I,-0.8564345924817769,132,True,0
M132K,-5.91121259327991,132,True,2
M132L,-0.9278279775156121,132,True,0
M132N,-6.129526229269071,132,True,2
M132P,-6.129526229269071,132,True,2
M132Q,-6.129526229269071,132,True,2
M132R,-5.91121259327991,132,True,2
M132S,-4.24695367710532,132,True,1
M132T,-1.3579600394604798,132,True,0
M132V,-0.134864673737679,132,True,0
M132W,-3.21174457254879,132,True,1
M132Y,-3.57319753004041,132,True,1
Y133A,-6.074274936240081,133,True,2
Y133C,-3.9644516501649503,133,True,1
Y133D,-6.047851216694441,133,True,2
Y133E,-6.047851216694441,133,True,2
Y133F,-0.6367857624547011,133,True,0
Y133G,-7.2999464981166104,133,True,2
Y133H,-3.0509297909331203,133,True,1
Y133I,-7.2999464981166104,133,True,2
Y133K,-7.2999464981166104,133,True,2
Y133L,-7.2999464981166104,133,True,2
Y133M,-7.2999464981166104,133,True,2
Y133N,-5.52065625802268,133,True,2
Y133P,-7.2999464981166104,133,True,2
Y133Q,-5.945767161758179,133,True,2
Y133R,-7.2999464981166104,133,True,2
Y133S,-6.06425664946915,133,True,2
Y133T,-6.27291802756658,133,True,2
Y133V,-7.2999464981166104,133,True,2
Y133W,-4.38431196134205,133,True,1
V134A,-2.5751955343188904,134,True,1
V134C,-3.75470775410506,134,True,1
V134D,-6.75198229228443,134,True,2
V134E,-6.75198229228443,134,True,2
V134F,-5.05704025847882,134,True,1
V134G,-6.75198229228443,134,True,2
V134H,-6.75198229228443,134,True,2
V134I,-0.364493485620939,134,True,0
V134K,-6.75198229228443,134,True,2
V134L,-1.54976144333516,134,True,1
V134M,-1.6126894806088001,134,True,1
V134N,-6.75198229228443,134,True,2
V134P,-4.66791217018692,134,True,1
V134Q,-6.75198229228443,134,True,2
V134R,-6.75198229228443,134,True,2
V134S,-3.0502061367032303,134,True,1
V134T,-4.2224565060993395,134,True,1
V134W,-6.19852878295659,134,True,2
V134Y,-6.19852878295659,134,True,2
A135C,-0.578669948662345,135,True,0
A135D,-3.6030633305304103,135,True,1
A135E,-3.28005629484816,135,True,1
A135F,-5.47536968253169,135,True,2
A135G,-1.19539496454363,135,True,0
A135H,-4.30264054685672,135,True,1
A135I,-5.223891677568769,135,True,1
A135K,-5.47536968253169,135,True,2
A135L,-5.14240892287567,135,True,1
A135M,-5.223891677568769,135,True,1
A135N,-1.18894715914687,135,True,0
A135P,-4.89351973714049,135,True,1
A135Q,-1.44387040828082,135,True,0
A135R,-5.47536968253169,135,True,2
A135S,-0.35214547934929796,135,True,0
A135T,-1.0396287404392,135,True,0
A135V,-3.6308739773503897,135,True,1
A135W,-5.47536968253169,135,True,2
A135Y,-4.82491507925687,135,True,1
I136A,-5.86605723020516,136,True,2
I136C,-5.86605723020516,136,True,2
I136D,-5.7988745667499195,136,True,2
I136E,-5.7988745667499195,136,True,2
I136F,-6.07309257661005,136,True,2
I136G,-5.498312438386099,136,True,2
I136H,-5.7988745667499195,136,True,2
I136K,-6.90143975283925,136,True,2
I136L,-1.8539819259531,136,True,1
I136M,-1.27827235327028,136,True,0
I136N,-3.37549274310168,136,True,1
I136P,-6.0361985322506,136,True,2
I136Q,-5.7988745667499195,136,True,2
I136R,-6.90143975283925,136,True,2
I136S,-4.25883029805822,136,True,1
I136T,-3.4982961491635094,136,True,1
I136V,-1.08932608334977,136,True,0
I136W,-6.335497005310921,136,True,2
I136Y,-5.766513725276201,136,True,2
Q137A,-5.799933399753339,137,True,2
Q137C,-6.44732388402396,137,True,2
Q137D,-1.71795121030406,137,True,1
Q137E,-2.89692907269836,137,True,1
Q137F,-7.479632620684121,137,True,2
Q137G,-4.7604758097329,137,True,1
Q137H,-4.49467437517101,137,True,1
Q137I,-6.79661391101438,137,True,2
Q137K,-2.6328172989672,137,True,1
Q137L,-4.12284918014519,137,True,1
Q137M,-5.69432616369281,137,True,2
Q137N,-4.49467437517101,137,True,1
Q137P,-3.40805570449476,137,True,1
Q137R,-3.51633789254033,137,True,1
Q137S,-3.9717075175984706,137,True,1
Q137T,-4.32304867344899,137,True,1
Q137V,-6.79661391101438,137,True,2
Q137W,-7.479632620684121,137,True,2
Q137Y,-7.479632620684121,137,True,2
A138C,-4.43383355729094,138,True,1
A138D,-5.2921386474903,138,True,2
A138E,-5.04259483237327,138,True,1
A138F,-7.38032477720871,138,True,2
A138G,-4.00670720081973,138,True,1
A138H,-6.38131560278424,138,True,2
A138I,-6.859022645653191,138,True,2
A138K,-7.38032477720871,138,True,2
A138L,-6.859022645653191,138,True,2
A138M,-6.859022645653191,138,True,2
A138N,-6.5540804471472,138,True,2
A138P,-4.07437811867635,138,True,1
A138Q,-6.5540804471472,138,True,2
A138R,-7.38032477720871,138,True,2
A138S,-1.59628967497888,138,True,1
A138T,-2.85771565712878,138,True,1
A138V,-5.967264484288799,138,True,2
A138W,-7.38032477720871,138,True,2
A138Y,-7.38032477720871,138,True,2
V139A,-2.3167443201549904,139,True,1
V139C,-4.6426372305186305,139,True,1
V139D,-6.47255567870769,139,True,2
V139E,-4.18849052658405,139,True,1
V139F,-5.934266646417179,139,True,2
V139G,-6.49681757906617,139,True,2
V139H,-6.47255567870769,139,True,2
V139I,-1.00027397509732,139,True,0
V139K,-7.122892695658701,139,True,2
V139L,-2.3466587194338597,139,True,1
V139M,-0.901275621447088,139,True,0
V139N,-6.47255567870769,139,True,2
V139P,-5.67445391533332,139,True,2
V139Q,-6.3058002061250304,139,True,2
V139R,-7.122892695658701,139,True,2
V139S,-5.74122647837167,139,True,2
V139T,-3.26827377150194,139,True,1
V139W,-6.72414037936373,139,True,2
V139Y,-6.72414037936373,139,True,2
L140A,-7.02105669037102,140,True,2
L140C,-6.914162736977151,140,True,2
L140D,-7.647707435956369,140,True,2
L140E,-7.647707435956369,140,True,2
L140F,-4.80915454786705,140,True,1
L140G,-7.647707435956369,140,True,2
L140H,-7.647707435956369,140,True,2
L140I,-4.590887761586,140,True,1
L140K,-7.647707435956369,140,True,2
L140M,-1.16647507199346,140,True,0
L140N,-7.647707435956369,140,True,2
L140P,-4.44151366765189,140,True,1
L140Q,-7.647707435956369,140,True,2
L140R,-7.647707435956369,140,True,2
L140S,-6.425165516589151,140,True,2
L140T,-7.02105669037102,140,True,2
L140V,-3.15660335640486,140,True,1
L140W,-7.377823649733549,140,True,2
L140Y,-7.377823649733549,140,True,2
S141A,-1.2415927157010902,141,True,0
S141C,-1.2848931601251101,141,True,0
S141D,-5.79476336723955,141,True,2
S141E,-6.29664749899812,141,True,2
S141F,-5.037750147586901,141,True,1
S141G,-6.85872759553661,141,True,2
S141H,-6.29664749899812,141,True,2
S141I,-6.85872759553661,141,True,2
S141K,-6.85872759553661,141,True,2
S141L,-6.85872759553661,141,True,2
S141M,-6.85872759553661,141,True,2
S141N,-6.29664749899812,141,True,2
S141P,-3.5885821353552503,141,True,1
S141Q,-6.29664749899812,141,True,2
S141R,-6.85872759553661,141,True,2
S141T,-1.22027226750707,141,True,0
S141V,-6.85872759553661,141,True,2
S141W,-6.29664749899812,141,True,2
S141Y,-5.35378581075892,141,True,2
L142A,-7.16818150118199,142,True,2
L142C,-7.16818150118199,142,True,2
L142D,-7.324918093372281,142,True,2
L142E,-7.324918093372281,142,True,2
L142F,-5.91453839306831,142,True,2
L142G,-7.59286106748954,142,True,2
L142H,-7.324918093372281,142,True,2
L142I,-3.2818030245782297,142,True,1
L142K,-7.59286106748954,142,True,2
L142M,-2.22807864701225,142,True,1
L142N,-7.324918093372281,142,True,2
L142P,-7.59286106748954,142,True,2
L142Q,-7.324918093372281,142,True,2
L142R,-7.59286106748954,142,True,2
L142S,-6.613619767812049,142,True,2
L142T,-7.16818150118199,142,True,2
L142V,-2.40372901643821,142,True,1
L142W,-7.05697511925503,142,True,2
L142Y,-7.05697511925503,142,True,2
Y143A,-6.6677386637636795,143,True,2
Y143C,-5.884430854493459,143,True,2
Y143D,-5.82233670776227,143,True,2
Y143E,-6.4723785122106205,143,True,2
Y143F,-1.4886926751668301,143,True,0
Y143G,-7.508045231120139,143,True,2
Y143H,-4.86724739955625,143,True,1
Y143I,-5.758728044333219,143,True,2
Y143K,-7.508045231120139,143,True,2
Y143L,-3.52426759046594,143,True,1
Y143M,-6.59099416299114,143,True,2
Y143N,-6.4723785122106205,143,True,2
Y143P,-7.508045231120139,143,True,2
Y143Q,-6.4723785122106205,143,True,2
Y143R,-7.508045231120139,143,True,2
Y143S,-6.49203345400362,143,True,2
Y143T,-6.6677386637636795,143,True,2
Y143V,-4.648993932247599,143,True,1
Y143W,-4.5092950368321105,143,True,1
A144C,-3.9315430840950203,144,True,1
A144D,-6.01086762981439,144,True,2
A144E,-5.33032046623074,144,True,2
A144F,-5.1731267549735,144,True,1
A144G,-3.56228387787211,144,True,1
A144H,-6.01086762981439,144,True,2
A144I,-5.27365667661321,144,True,2
A144K,-6.31639561145051,144,True,2
A144L,-4.5514525852753,144,True,1
A144M,-5.77974463392848,144,True,2
A144N,-6.01086762981439,144,True,2
A144P,-6.5475186073364195,144,True,2
A144Q,-6.01086762981439,144,True,2
A144R,-4.59468618878976,144,True,1
A144S,-0.6099980457699239,144,True,0
A144T,-0.716823649492879,144,True,0
A144V,-3.27442665903285,144,True,1
A144W,-6.18119732580292,144,True,2
A144Y,-6.18119732580292,144,True,2
S145A,-1.1957675752037098,145,True,0
S145C,-2.7226587602633603,145,True,1
S145D,-5.927961405287019,145,True,2
S145E,-5.927961405287019,145,True,2
S145F,-6.53999804167016,145,True,2
S145G,-4.93067727626071,145,True,1
S145H,-5.927961405287019,145,True,2
S145I,-6.43849229922627,145,True,2
S145K,-6.6830623504150495,145,True,2
S145L,-4.45339551104141,145,True,1
S145M,-6.43849229922627,145,True,2
S145N,-4.50895322377791,145,True,1
S145P,-3.3680223370068596,145,True,1
S145Q,-5.927961405287019,145,True,2
S145R,-6.295692646778411,145,True,2
S145T,-1.59595759891827,145,True,1
S145V,-4.646798539641639,145,True,1
S145W,-5.240242264178599,145,True,1
S145Y,-6.53999804167016,145,True,2
G146A,-3.24789796743063,146,True,1
G146C,-6.35054895959005,146,True,2
G146D,-5.75248561251849,146,True,2
G146E,-7.05961137954355,146,True,2
G146F,-7.17092132701659,146,True,2
G146H,-7.05961137954355,146,True,2
G146I,-7.05961137954355,146,True,2
G146K,-6.46070779683015,146,True,2
G146L,-7.05961137954355,146,True,2
G146M,-7.05961137954355,146,True,2
G146N,-7.05961137954355,146,True,2
G146P,-5.45519126120753,146,True,2
G146Q,-7.05961137954355,146,True,2
G146R,-7.3278038866458,146,True,2
G146S,-3.6598543886269503,146,True,1
G146T,-6.35054895959005,146,True,2
G146V,-4.77215052213415,146,True,1
G146W,-7.17092132701659,146,True,2
G146Y,-7.17092132701659,146,True,2
R147A,-6.12355684497756,147,True,2
R147C,-2.32330428636268,147,True,1
R147D,-6.2901825976148995,147,True,2
R147E,-6.2901825976148995,147,True,2
R147F,-6.6563850075193605,147,True,2
R147G,-6.537212876099911,147,True,2
R147H,-3.05590211999341,147,True,1
R147I,-6.24620712342224,147,True,2
R147K,-2.9212861365818,147,True,1
R147L,-3.4288861365590604,147,True,1
R147M,-6.24620712342224,147,True,2
R147N,-6.2901825976148995,147,True,2
R147P,-3.81385398826608,147,True,1
R147Q,-5.52547230666958,147,True,2
R147S,-5.24795919982913,147,True,2
R147T,-4.11961786737131,147,True,1
R147V,-6.24620712342224,147,True,2
R147W,-4.8226166988820305,147,True,1
R147Y,-6.6563850075193605,147,True,2
T148A,-2.27702888012028,148,True,1
T148C,-3.8472409531483196,148,True,1
T148D,-6.51032473922948,148,True,2
T148E,-6.51032473922948,148,True,2
T148F,-5.59603638572651,148,True,2
T148G,-5.589173611047549,148,True,2
T148H,-6.51032473922948,148,True,2
T148I,-2.7541348773555603,148,True,1
T148K,-6.813320705216549,148,True,2
T148L,-3.50322636308502,148,True,1
T148M,-5.60189540412395,148,True,2
T148N,-3.72990549299812,148,True,1
T148P,-4.915368410274191,148,True,1
T148Q,-6.02736054041472,148,True,2
T148R,-5.45695533292307,148,True,2
T148S,-1.5802426694395801,148,True,1
T148V,-3.23036606165917,148,True,1
T148W,-6.51032473922948,148,True,2
T148Y,-6.01580379114333,148,True,2
T149A,-1.4234066407563501,149,True,0
T149C,-3.96313064855369,149,True,1
T149D,-6.092344829095321,149,True,2
T149E,-6.73321385623162,149,True,2
T149F,-7.409352209539519,149,True,2
T149G,-7.409352209539519,149,True,2
T149H,-6.73321385623162,149,True,2
T149I,-3.02609035024821,149,True,1
T149K,-7.409352209539519,149,True,2
T149L,-4.119252421146871,149,True,1
T149M,-6.24291642934023,149,True,2
T149N,-5.57863482153437,149,True,2
T149P,-4.5147291730190595,149,True,1
T149Q,-6.73321385623162,149,True,2
T149R,-7.409352209539519,149,True,2
T149S,-1.5832982239671103,149,True,1
T149V,-5.3805222053519,149,True,2
T149W,-7.409352209539519,149,True,2
T149Y,-7.409352209539519,149,True,2
G150A,-4.364630539105439,150,True,1
G150C,-6.02273451134032,150,True,2
G150D,-7.25993539484314,150,True,2
G150E,-5.7670571288224,150,True,2
G150F,-7.81129238814775,150,True,2
G150H,-7.25993539484314,150,True,2
G150I,-7.81129238814775,150,True,2
G150K,-7.81129238814775,150,True,2
G150L,-7.81129238814775,150,True,2
G150M,-7.81129238814775,150,True,2
G150N,-7.25993539484314,150,True,2
G150P,-7.81129238814775,150,True,2
G150Q,-7.25993539484314,150,True,2
G150R,-7.81129238814775,150,True,2
G150S,-4.15628254485999,150,True,1
G150T,-6.761686507013169,150,True,2
G150V,-7.81129238814775,150,True,2
G150W,-7.81129238814775,150,True,2
G150Y,-7.81129238814775,150,True,2
I151A,-2.61261582138837,151,True,1
I151C,-1.93035711999111,151,True,1
I151D,-5.355103721151,151,True,2
I151E,-4.86223277471546,151,True,1
I151F,-3.21465330282731,151,True,1
I151G,-6.10161647747859,151,True,2
I151H,-5.355103721151,151,True,2
I151K,-6.10161647747859,151,True,2
I151L,-0.257738959858709,151,True,0
I151M,-0.490641972190514,151,True,0
I151N,-4.22764199630075,151,True,1
I151P,-6.10161647747859,151,True,2
I151Q,-3.96105479035335,151,True,1
I151R,-6.10161647747859,151,True,2
I151S,-2.9788435727697498,151,True,1
I151T,-2.0647671431169,151,True,1
I151V,-0.165574404565478,151,True,0
I151W,-3.7205220047454,151,True,1
I151Y,-5.32801533926659,151,True,2
V152A,-5.3543239560646105,152,True,2
V152C,-6.71387108151451,152,True,2
V152D,-7.337045441208991,152,True,2
V152E,-7.337045441208991,152,True,2
V152F,-5.726658864063901,152,True,2
V152G,-6.937544975453499,152,True,2
V152H,-7.337045441208991,152,True,2
V152I,-2.1381306984887,152,True,1
V152K,-7.6054320295218005,152,True,2
V152L,-2.4871969599344,152,True,1
V152M,-1.05286853635047,152,True,0
V152N,-7.337045441208991,152,True,2
V152P,-7.6054320295218005,152,True,2
V152Q,-7.337045441208991,152,True,2
V152R,-7.6054320295218005,152,True,2
V152S,-6.29418354463811,152,True,2
V152T,-6.71387108151451,152,True,2
V152W,-7.18004935134951,152,True,2
V152Y,-7.18004935134951,152,True,2
M153A,-3.8369199640009,153,True,1
M153C,-2.3999099141349705,153,True,1
M153D,-4.86994714277125,153,True,1
M153E,-4.33855016982963,153,True,1
M153F,-1.11337905192251,153,True,0
M153G,-5.240753158483599,153,True,1
M153H,-4.86994714277125,153,True,1
M153I,-0.8286114798498342,153,True,0
M153K,-3.61970198871903,153,True,1
M153L,-0.0921012238732039,153,True,0
M153N,-4.86994714277125,153,True,1
M153P,-5.240753158483599,153,True,1
M153Q,-4.86994714277125,153,True,1
M153R,-5.055350150627429,153,True,1
M153S,-1.6673387211346498,153,True,1
M153T,-2.0630336936683302,153,True,1
M153V,-0.9879459641258199,153,True,0
M153W,-4.01710946595352,153,True,1
M153Y,-2.0862841358158,153,True,1
D154A,-6.23883902872305,154,True,2
D154C,-5.303079375273099,154,True,2
D154E,-1.0410482990127399,154,True,0
D154F,-6.8041823587506505,154,True,2
D154G,-4.15324096645203,154,True,1
D154H,-3.80811855182572,154,True,1
D154I,-7.20737306869185,154,True,2
D154K,-7.20737306869185,154,True,2
D154L,-7.20737306869185,154,True,2
D154M,-7.20737306869185,154,True,2
D154N,-1.7530793270167,154,True,1
D154P,-7.20737306869185,154,True,2
D154Q,-3.90574287981814,154,True,1
D154R,-7.20737306869185,154,True,2
D154S,-3.56555098699648,154,True,1
D154T,-6.23883902872305,154,True,2
D154V,-7.20737306869185,154,True,2
D154W,-6.8041823587506505,154,True,2
D154Y,-6.40638967787866,154,True,2
S155A,-0.509847077877575,155,True,0
S155C,-0.7604360633103359,155,True,0
S155D,-6.52983836202482,155,True,2
S155E,-6.52983836202482,155,True,2
S155F,-6.29918670622169,155,True,2
S155G,-6.52983836202482,155,True,2
S155H,-6.52983836202482,155,True,2
S155I,-1.9077587510018101,155,True,1
S155K,-6.52983836202482,155,True,2
S155L,-4.1325113789499,155,True,1
S155M,-3.40433615442433,155,True,1
S155N,-6.52983836202482,155,True,2
S155P,-4.35033679140768,155,True,1
S155Q,-6.52983836202482,155,True,2
S155R,-6.52983836202482,155,True,2
S155T,-0.22695809064874,155,True,0
S155V,-4.71966953644171,155,True,1
S155W,-6.29918670622169,155,True,2
S155Y,-6.29918670622169,155,True,2
G156A,-7.02411727378115,156,True,2
G156C,-7.02411727378115,156,True,2
G156D,-6.399556891947871,156,True,2
G156E,-7.095871745672981,156,True,2
G156F,-7.7292821304905495,156,True,2
G156H,-7.095871745672981,156,True,2
G156I,-7.45648712610937,156,True,2
G156K,-6.39784947195084,156,True,2
G156L,-7.45648712610937,156,True,2
G156M,-7.45648712610937,156,True,2
G156N,-7.095871745672981,156,True,2
G156P,-7.7292821304905495,156,True,2
G156Q,-7.095871745672981,156,True,2
G156R,-5.57436133967623,156,True,2
G156S,-4.12561216454185,156,True,1
G156T,-7.02411727378115,156,True,2
G156V,-7.45648712610937,156,True,2
G156W,-7.7292821304905495,156,True,2
G156Y,-7.7292821304905495,156,True,2
D157A,-5.735997061081519,157,True,2
D157C,-6.26726077460997,157,True,2
D157E,-1.51905845290428,157,True,0
D157F,-6.50004713336726,157,True,2
D157G,-4.09508844287753,157,True,1
D157H,-2.87708278088839,157,True,1
D157I,-6.6065815584376,157,True,2
D157K,-7.0134196611771795,157,True,2
D157L,-6.6065815584376,157,True,2
D157M,-6.6065815584376,157,True,2
D157N,-1.71011476371871,157,True,1
D157P,-7.27010592508214,157,True,2
D157Q,-4.36638985995102,157,True,1
D157R,-6.3990730448105,157,True,2
D157S,-5.51876969418327,157,True,2
D157T,-4.2646799737701,157,True,1
D157V,-4.5192700347671,157,True,1
D157W,-6.50004713336726,157,True,2
D157Y,-4.44274196359819,157,True,1
G158A,-4.00966216065921,158,True,1
G158C,-6.17432739909544,158,True,2
G158D,-3.53175094472412,158,True,1
G158E,-6.26935441071702,158,True,2
G158F,-7.420549234869,158,True,2
G158H,-6.26935441071702,158,True,2
G158I,-7.420549234869,158,True,2
G158K,-6.74304914436449,158,True,2
G158L,-7.420549234869,158,True,2
G158M,-7.420549234869,158,True,2
G158N,-4.13807812715068,158,True,1
G158P,-7.420549234869,158,True,2
G158Q,-6.26935441071702,158,True,2
G158R,-3.9582571128938997,158,True,1
G158S,-4.6536512467538,158,True,1
G158T,-5.604804563777571,158,True,2
G158V,-7.420549234869,158,True,2
G158W,-7.420549234869,158,True,2
G158Y,-7.420549234869,158,True,2
V159A,-3.3448931494781697,159,True,1
V159C,-5.407671762891481,159,True,2
V159D,-6.67405843626789,159,True,2
V159E,-7.1326683446669605,159,True,2
V159F,-4.678809172259331,159,True,1
V159G,-5.478070746264289,159,True,2
V159H,-7.1326683446669605,159,True,2
V159I,-0.579026043351583,159,True,0
V159K,-7.39373529875306,159,True,2
V159L,-2.4189492825066403,159,True,1
V159M,-1.9949055834572802,159,True,1
V159N,-7.1326683446669605,159,True,2
V159P,-7.39373529875306,159,True,2
V159Q,-7.1326683446669605,159,True,2
V159R,-7.39373529875306,159,True,2
V159S,-4.7907383562319295,159,True,1
V159T,-5.3271354588369695,159,True,2
V159W,-6.78755660341388,159,True,2
V159Y,-6.78755660341388,159,True,2
T160A,-0.5694673807456129,160,True,0
T160C,-2.1088748584392802,160,True,1
T160D,-5.168256230545349,160,True,1
T160E,-5.168256230545349,160,True,1
T160F,-5.73661766688143,160,True,2
T160G,-4.89090094823722,160,True,1
T160H,-5.168256230545349,160,True,1
T160I,-5.33170880988553,160,True,2
T160K,-5.73661766688143,160,True,2
T160L,-5.33170880988553,160,True,2
T160M,-3.7640248143337,160,True,1
T160N,-3.4961536629941703,160,True,1
T160P,-2.88541756864489,160,True,1
T160Q,-5.168256230545349,160,True,1
T160R,-5.73661766688143,160,True,2
T160S,-0.0848910847031426,160,True,0
T160V,-5.33170880988553,160,True,2
T160W,-5.73661766688143,160,True,2
T160Y,-5.73661766688143,160,True,2
H161A,-5.02921060176141,161,True,1
H161C,-4.30166119798412,161,True,1
H161D,-3.55506011456857,161,True,1
H161E,-4.32217297177654,161,True,1
H161F,-6.23078527090299,161,True,2
H161G,-7.2817940930140805,161,True,2
H161I,-7.024664214913571,161,True,2
H161K,-6.767534336813049,161,True,2
H161L,-6.492482352819929,161,True,2
H161M,-7.024664214913571,161,True,2
H161N,-2.67840392182496,161,True,1
H161P,-3.9989922167367595,161,True,1
H161Q,-1.20719235702544,161,True,0
H161R,-5.27565338507112,161,True,2
H161S,-4.7861491388427995,161,True,1
H161T,-3.7497567421974396,161,True,1
H161V,-7.024664214913571,161,True,2
H161W,-6.23078527090299,161,True,2
H161Y,-3.8216702465346897,161,True,1
T162A,-0.5817894632103899,162,True,0
T162C,-0.1997223735701,162,True,0
T162D,-4.1040610533578095,162,True,1
T162E,-4.1040610533578095,162,True,1
T162F,-3.31596969183069,162,True,1
T162G,-1.25729666296252,162,True,0
T162H,-4.1040610533578095,162,True,1
T162I,-1.2113353252446202,162,True,0
T162K,-5.567795047243839,162,True,2
T162L,-3.38172157196076,162,True,1
T162M,-2.07828121751355,162,True,1
T162N,-0.8502967711961821,162,True,0
T162P,-3.3516893490435695,162,True,1
T162Q,-4.1040610533578095,162,True,1
T162R,-5.567795047243839,162,True,2
T162S,-0.21347168221754897,162,True,0
T162V,-1.19472949902545,162,True,0
T162W,-5.15412480988567,162,True,1
T162Y,-5.15412480988567,162,True,1
V163A,-2.18284698068907,163,True,1
V163C,-3.70000452933274,163,True,1
V163D,-7.5496851905963895,163,True,2
V163E,-7.5496851905963895,163,True,2
V163F,-7.5496851905963895,163,True,2
V163G,-7.5496851905963895,163,True,2
V163H,-7.5496851905963895,163,True,2
V163I,-2.5540707882473304,163,True,1
V163K,-7.5496851905963895,163,True,2
V163L,-2.2156287042412797,163,True,1
V163M,-1.74933420536878,163,True,1
V163N,-7.5496851905963895,163,True,2
V163P,-7.5496851905963895,163,True,2
V163Q,-7.5496851905963895,163,True,2
V163R,-7.5496851905963895,163,True,2
V163S,-6.535231553092281,163,True,2
V163T,-6.535231553092281,163,True,2
V163W,-7.5496851905963895,163,True,2
V163Y,-7.5496851905963895,163,True,2
P164A,-4.79937086419007,164,True,1
P164C,-6.83501962495594,164,True,2
P164D,-7.74279077201792,164,True,2
P164E,-7.74279077201792,164,True,2
P164F,-7.74279077201792,164,True,2
P164G,-7.74279077201792,164,True,2
P164H,-7.74279077201792,164,True,2
P164I,-5.132384712844809,164,True,1
P164K,-7.74279077201792,164,True,2
P164L,-6.8583941207106305,164,True,2
P164M,-7.19625808309001,164,True,2
P164N,-7.74279077201792,164,True,2
P164Q,-7.74279077201792,164,True,2
P164R,-7.74279077201792,164,True,2
P164S,-4.45669453524876,164,True,1
P164T,-6.83501962495594,164,True,2
P164V,-7.19625808309001,164,True,2
P164W,-7.74279077201792,164,True,2
P164Y,-7.74279077201792,164,True,2
I165A,-5.465988376002881,165,True,2
I165C,-5.465988376002881,165,True,2
I165D,-6.504714899855889,165,True,2
I165E,-6.504714899855889,165,True,2
I165F,-4.20504405395514,165,True,1
I165G,-6.504714899855889,165,True,2
I165H,-6.504714899855889,165,True,2
I165K,-6.504714899855889,165,True,2
I165L,-2.60015713115023,165,True,1
I165M,-1.94755619306015,165,True,1
I165N,-6.504714899855889,165,True,2
I165P,-6.504714899855889,165,True,2
I165Q,-6.504714899855889,165,True,2
I165R,-6.504714899855889,165,True,2
I165S,-5.465988376002881,165,True,2
I165T,-2.2158115327805,165,True,1
I165V,-0.42358865267057894,165,True,0
I165W,-6.045463303904099,165,True,2
I165Y,-6.045463303904099,165,True,2
Y166A,-6.11114432330626,166,True,2
Y166C,-2.4212269311135697,166,True,1
Y166D,-3.8191935956352596,166,True,1
Y166E,-6.03025032308383,166,True,2
Y166F,-0.690566627305539,166,True,0
Y166G,-7.11626318689263,166,True,2
Y166H,-3.52539612829557,166,True,1
Y166I,-6.613703755099441,166,True,2
Y166K,-7.11626318689263,166,True,2
Y166L,-6.10091510033612,166,True,2
Y166M,-6.613703755099441,166,True,2
Y166N,-3.42674286094257,166,True,1
Y166P,-7.11626318689263,166,True,2
Y166Q,-6.03025032308383,166,True,2
Y166R,-7.11626318689263,166,True,2
Y166S,-4.752854186854889,166,True,1
Y166T,-3.9262385366073,166,True,1
Y166V,-6.613703755099441,166,True,2
Y166W,-4.27442118176021,166,True,1
E167A,-2.9763425682717997,167,True,1
E167C,-6.29833197865623,167,True,2
E167D,-0.8059966490759058,167,True,0
E167F,-7.3605603256097805,167,True,2
E167G,-5.57647790528636,167,True,2
E167H,-4.42062779837123,167,True,1
E167I,-6.94866860634233,167,True,2
E167K,-4.23683121255459,167,True,1
E167L,-6.94866860634233,167,True,2
E167M,-6.94866860634233,167,True,2
E167N,-2.79091984450406,167,True,1
E167P,-7.3605603256097805,167,True,2
E167Q,-1.8702711136791201,167,True,1
E167R,-6.46154142993222,167,True,2
E167S,-4.03039427876469,167,True,1
E167T,-6.29833197865623,167,True,2
E167V,-6.4524535494521205,167,True,2
E167W,-7.3605603256097805,167,True,2
E167Y,-7.3605603256097805,167,True,2
G168A,-3.53858991898749,168,True,1
G168C,-6.86198934598541,168,True,2
G168D,-4.31082631588037,168,True,1
G168E,-7.13630927416381,168,True,2
G168F,-7.77326042238873,168,True,2
G168H,-7.13630927416381,168,True,2
G168I,-7.77326042238873,168,True,2
G168K,-7.498940494210331,168,True,2
G168L,-7.77326042238873,168,True,2
G168M,-7.77326042238873,168,True,2
G168N,-7.13630927416381,168,True,2
G168P,-7.77326042238873,168,True,2
G168Q,-7.13630927416381,168,True,2
G168R,-5.310262492413809,168,True,2
G168S,-6.12008795143573,168,True,2
G168T,-6.86198934598541,168,True,2
G168V,-7.77326042238873,168,True,2
G168W,-7.77326042238873,168,True,2
G168Y,-7.77326042238873,168,True,2
Y169A,-5.42295781460895,169,True,2
Y169C,-2.23235444571531,169,True,1
Y169D,-4.96089705248685,169,True,1
Y169E,-4.96089705248685,169,True,1
Y169F,-0.605666086987824,169,True,0
Y169G,-6.33876569594168,169,True,2
Y169H,-2.6706939259866203,169,True,1
Y169I,-5.9836502597526,169,True,2
Y169K,-5.229140508798911,169,True,1
Y169L,-5.21710439208048,169,True,1
Y169M,-5.9836502597526,169,True,2
Y169N,-1.84451656412074,169,True,1
Y169P,-6.33876569594168,169,True,2
Y169Q,-4.14321264094834,169,True,1
Y169R,-5.178772400946371,169,True,1
Y169S,-3.08824041385571,169,True,1
Y169T,-5.42295781460895,169,True,2
Y169V,-5.9836502597526,169,True,2
Y169W,-3.81127635107628,169,True,1
A170C,-0.64029059854284,170,True,0
A170D,-4.4234009483806105,170,True,1
A170E,-3.79140227996642,170,True,1
A170F,-3.85501957147143,170,True,1
A170G,-2.47442036159067,170,True,1
A170H,-2.93298710954046,170,True,1
A170I,-4.03159487702191,170,True,1
A170K,-5.377986875114571,170,True,2
A170L,-4.34555028077495,170,True,1
A170M,-4.86349985836517,170,True,1
A170N,-5.09263293717158,170,True,1
A170P,-3.05791121472399,170,True,1
A170Q,-4.942959817931,170,True,1
A170R,-3.83596641571137,170,True,1
A170S,-0.42844253554431294,170,True,0
A170T,-0.9450120696048,170,True,0
A170V,-3.2390802310359,170,True,1
A170W,-4.739925141015259,170,True,1
A170Y,-5.2024502655082,170,True,1
L171A,-6.374393030717711,171,True,2
L171C,-6.374393030717711,171,True,2
L171D,-6.858487021620769,171,True,2
L171E,-6.858487021620769,171,True,2
L171F,-2.84397539065183,171,True,1
L171G,-6.858487021620769,171,True,2
L171H,-6.858487021620769,171,True,2
L171I,-1.20391984923479,171,True,0
L171K,-6.47485161041787,171,True,2
L171M,-1.04628166318753,171,True,0
L171N,-6.858487021620769,171,True,2
L171P,-6.858487021620769,171,True,2
L171Q,-6.858487021620769,171,True,2
L171R,-5.58447757503716,171,True,2
L171S,-5.263780106851559,171,True,2
L171T,-6.374393030717711,171,True,2
L171V,-0.9463184706259801,171,True,0
L171W,-5.86912892187634,171,True,2
L171Y,-5.86912892187634,171,True,2
P172A,-3.9459663987255,172,True,1
P172C,-5.55019361951429,172,True,2
P172D,-5.127871627448969,172,True,1
P172E,-5.4823427680491505,172,True,2
P172F,-6.6219467977009705,172,True,2
P172G,-7.01498633009487,172,True,2
P172H,-4.75590544545972,172,True,1
P172I,-6.271045324143491,172,True,2
P172K,-3.20291258676441,172,True,1
P172L,-4.84395270492441,172,True,1
P172M,-6.271045324143491,172,True,2
P172N,-3.01608233497729,172,True,1
P172Q,-4.79114095607967,172,True,1
P172R,-4.235133832735911,172,True,1
P172S,-1.9214510306855903,172,True,1
P172T,-2.38580768670862,172,True,1
P172V,-6.271045324143491,172,True,2
P172W,-6.6219467977009705,172,True,2
P172Y,-6.10502366220067,172,True,2
H173A,-3.43507608798175,173,True,1
H173C,-6.05432587002225,173,True,2
H173D,-3.1586672179917903,173,True,1
H173E,-3.5212714961618,173,True,1
H173F,-4.7477662002346,173,True,1
H173G,-4.2410701452516,173,True,1
H173I,-6.38167772893658,173,True,2
H173K,-5.042742493733611,173,True,1
H173L,-4.29532652091068,173,True,1
H173M,-4.57749481941255,173,True,1
H173N,-2.3678650248111603,173,True,1
H173P,-4.21748838433867,173,True,1
H173Q,-1.1685030365895,173,True,0
H173R,-3.81599416182523,173,True,1
H173S,-3.10654415015091,173,True,1
H173T,-6.05432587002225,173,True,2
H173V,-6.38167772893658,173,True,2
H173W,-6.2198609017419,173,True,2
H173Y,-3.5745605031159102,173,True,1
A174C,-2.78923551972317,174,True,1
A174D,-4.594644029172049,174,True,1
A174E,-6.488813548752391,174,True,2
A174F,-7.202651227831839,174,True,2
A174G,-2.9326164184579104,174,True,1
A174H,-6.488813548752391,174,True,2
A174I,-6.545362184140219,174,True,2
A174K,-7.202651227831839,174,True,2
A174L,-6.545362184140219,174,True,2
A174M,-6.545362184140219,174,True,2
A174N,-5.86581059689029,174,True,2
A174P,-4.69209094423329,174,True,1
A174Q,-5.970242751924371,174,True,2
A174R,-7.202651227831839,174,True,2
A174S,-0.8524440752167919,174,True,0
A174T,-1.5047834382788,174,True,0
A174V,-3.8436455100032503,174,True,1
A174W,-7.202651227831839,174,True,2
A174Y,-7.202651227831839,174,True,2
I175A,-5.0115907066644,175,True,1
I175C,-4.14527354889273,175,True,1
I175D,-5.7008575244639,175,True,2
I175E,-6.12855867450283,175,True,2
I175F,-3.83834673900883,175,True,1
I175G,-6.35297200568092,175,True,2
I175H,-6.12855867450283,175,True,2
I175K,-6.35297200568092,175,True,2
I175L,-2.89033238697074,175,True,1
I175M,-1.38333151895339,175,True,0
I175N,-6.12855867450283,175,True,2
I175P,-5.56878164547392,175,True,2
I175Q,-6.12855867450283,175,True,2
I175R,-6.35297200568092,175,True,2
I175S,-2.83155906180589,175,True,1
I175T,-1.89019686025488,175,True,1
I175V,-0.6576122421670351,175,True,0
I175W,-5.83190038715125,175,True,2
I175Y,-5.83190038715125,175,True,2
L176A,-1.05403428646523,176,True,0
L176C,-1.6214355595200198,176,True,1
L176D,-1.76783996066156,176,True,1
L176E,-1.45053117741025,176,True,0
L176F,-1.360186956254,176,True,0
L176G,-1.95878699902717,176,True,1
L176H,-1.3878389446546702,176,True,0
L176I,-0.238192908581051,176,True,0
L176K,-1.83538672858173,176,True,1
L176M,-0.150708631481806,176,True,0
L176N,-1.58290885322364,176,True,1
L176P,-4.59910237213851,176,True,1
L176Q,-0.874281586679102,176,True,0
L176R,-1.8179027659843998,176,True,1
L176S,-1.10184254788274,176,True,0
L176T,-1.4962673931816,176,True,0
L176V,-0.19599472274549998,176,True,0
L176W,-4.226092933533851,176,True,1
L176Y,-3.12315966063785,176,True,1
R177A,-5.97446306912689,177,True,2
R177C,-3.5480886933054,177,True,1
R177D,-5.92547841305651,177,True,2
R177E,-5.92547841305651,177,True,2
R177F,-6.68830074820634,177,True,2
R177G,-3.5820118467231805,177,True,1
R177H,-2.5110308851617997,177,True,1
R177I,-6.94257485992295,177,True,2
R177K,-2.4276189463987596,177,True,1
R177L,-6.94257485992295,177,True,2
R177M,-6.94257485992295,177,True,2
R177N,-5.92547841305651,177,True,2
R177P,-3.53159441395392,177,True,1
R177Q,-3.6720936141600604,177,True,1
R177S,-3.30234049357655,177,True,1
R177T,-4.4957248065534,177,True,1
R177V,-6.94257485992295,177,True,2
R177W,-6.19163993299488,177,True,2
R177Y,-6.68830074820634,177,True,2
L178A,-5.20386880742502,178,True,1
L178C,-4.76259784654019,178,True,1
L178D,-5.031645492490701,178,True,1
L178E,-5.031645492490701,178,True,1
L178F,-3.98073835449962,178,True,1
L178G,-6.122415991365781,178,True,2
L178H,-3.81789875702226,178,True,1
L178I,-0.25126223622050603,178,True,0
L178K,-6.122415991365781,178,True,2
L178M,-0.5421824129913929,178,True,0
L178N,-3.93094875500372,178,True,1
L178P,-6.122415991365781,178,True,2
L178Q,-2.2347148696637698,178,True,1
L178R,-6.122415991365781,178,True,2
L178S,-4.523257864969549,178,True,1
L178T,-3.6031699697510295,178,True,1
L178V,-0.7349719500819141,178,True,0
L178W,-5.34722451289792,178,True,2
L178Y,-5.34722451289792,178,True,2
D179A,-1.7517250627402903,179,True,1
D179C,-3.4878705041127502,179,True,1
D179E,-2.32124091869137,179,True,1
D179F,-4.4581427230167,179,True,1
D179G,-3.1406265160910696,179,True,1
D179H,-1.52939119288769,179,True,0
D179I,-5.818622066012419,179,True,2
D179K,-5.904678480442481,179,True,2
D179L,-4.98679392585675,179,True,1
D179M,-5.818622066012419,179,True,2
D179N,-0.583611753636754,179,True,0
D179P,-4.89904250576387,179,True,1
D179Q,-3.19997251764794,179,True,1
D179R,-6.426673559489651,179,True,2
D179S,-4.51180445198674,179,True,1
D179T,-5.681023426924829,179,True,2
D179V,-5.03577904183539,179,True,1
D179W,-6.00153591850106,179,True,2
D179Y,-5.369594749024629,179,True,2
L180A,-6.2908069998317595,180,True,2
L180C,-6.2908069998317595,180,True,2
L180D,-6.7686349402225705,180,True,2
L180E,-6.7686349402225705,180,True,2
L180F,-3.258156718584,180,True,1
L180G,-6.7686349402225705,180,True,2
L180H,-6.7686349402225705,180,True,2
L180I,-0.7001043601128412,180,True,0
L180K,-6.529720970027161,180,True,2
L180M,-0.834376591654706,180,True,0
L180N,-6.7686349402225705,180,True,2
L180P,-5.41592825080542,180,True,2
L180Q,-6.7686349402225705,180,True,2
L180R,-6.085191144174451,180,True,2
L180S,-6.2908069998317595,180,True,2
L180T,-5.950249319121849,180,True,2
L180V,-2.35763000900089,180,True,1
L180W,-5.659152820906991,180,True,2
L180Y,-5.659152820906991,180,True,2
A181C,-3.66089178679007,181,True,1
A181D,-6.26343400542545,181,True,2
A181E,-7.228427394741019,181,True,2
A181F,-7.4930709882788005,181,True,2
A181G,-3.5044770883605896,181,True,1
A181H,-7.228427394741019,181,True,2
A181I,-6.96378380120323,181,True,2
A181K,-7.4930709882788005,181,True,2
A181L,-6.96378380120323,181,True,2
A181M,-6.96378380120323,181,True,2
A181N,-7.228427394741019,181,True,2
A181P,-7.4930709882788005,181,True,2
A181Q,-7.228427394741019,181,True,2
A181R,-7.4930709882788005,181,True,2
A181S,-3.28745331518929,181,True,1
A181T,-1.8588171053845701,181,True,1
A181V,-4.66615700441658,181,True,1
A181W,-7.4930709882788005,181,True,2
A181Y,-7.4930709882788005,181,True,2
G182A,-7.058296833107099,182,True,2
G182C,-7.058296833107099,182,True,2
G182D,-7.7666151864823405,182,True,2
G182E,-7.7666151864823405,182,True,2
G182F,-7.7666151864823405,182,True,2
G182H,-7.7666151864823405,182,True,2
G182I,-7.33231177652606,182,True,2
G182K,-7.7666151864823405,182,True,2
G182L,-7.33231177652606,182,True,2
G182M,-7.33231177652606,182,True,2
G182N,-7.7666151864823405,182,True,2
G182P,-7.7666151864823405,182,True,2
G182Q,-7.7666151864823405,182,True,2
G182R,-7.7666151864823405,182,True,2
G182S,-4.42199994462542,182,True,1
G182T,-7.058296833107099,182,True,2
G182V,-6.018231209657509,182,True,2
G182W,-7.7666151864823405,182,True,2
G182Y,-7.7666151864823405,182,True,2
R183A,-4.681401244832769,183,True,1
R183C,-3.3916526662252005,183,True,1
R183D,-5.17262197236995,183,True,1
R183E,-5.43671617852888,183,True,2
R183F,-6.39079537214747,183,True,2
R183G,-4.36358489039705,183,True,1
R183H,-2.49733868688938,183,True,1
R183I,-6.4956267193489,183,True,2
R183K,-3.1173929706449504,183,True,1
R183L,-5.21613557132736,183,True,1
R183M,-6.4956267193489,183,True,2
R183N,-5.32928173709846,183,True,2
R183P,-7.14854386993561,183,True,2
R183Q,-2.4594791040082598,183,True,1
R183S,-3.2627021515032797,183,True,1
R183T,-4.731488924587361,183,True,1
R183V,-6.328209664551901,183,True,2
R183W,-3.67913502173877,183,True,1
R183Y,-6.39079537214747,183,True,2
D184A,-4.45463319095114,184,True,1
D184C,-5.96784078670907,184,True,2
D184E,-0.38748186728586,184,True,0
D184F,-6.272398851059741,184,True,2
D184G,-3.81889101028086,184,True,1
D184H,-1.7402574182577,184,True,1
D184I,-6.591158070864131,184,True,2
D184K,-6.13181267645601,184,True,2
D184L,-6.591158070864131,184,True,2
D184M,-6.591158070864131,184,True,2
D184N,-0.7960747022205241,184,True,0
D184P,-6.83229011203732,184,True,2
D184Q,-1.9648836714508302,184,True,1
D184R,-6.450104869055459,184,True,2
D184S,-5.112798880719731,184,True,1
D184T,-5.96784078670907,184,True,2
D184V,-6.22563259565424,184,True,2
D184W,-6.272398851059741,184,True,2
D184Y,-3.80026303441867,184,True,1
L185A,-6.50301785510824,185,True,2
L185C,-4.6970167143713795,185,True,1
L185D,-7.217945243871161,185,True,2
L185E,-7.217945243871161,185,True,2
L185F,-7.217945243871161,185,True,2
L185G,-7.217945243871161,185,True,2
L185H,-7.217945243871161,185,True,2
L185I,-1.20072896022797,185,True,0
L185K,-7.217945243871161,185,True,2
L185M,-0.838794199419982,185,True,0
L185N,-7.217945243871161,185,True,2
L185P,-3.9244743491972596,185,True,1
L185Q,-7.217945243871161,185,True,2
L185R,-7.217945243871161,185,True,2
L185S,-5.71703459464229,185,True,2
L185T,-6.50301785510824,185,True,2
L185V,-1.88017857644625,185,True,1
L185W,-7.217945243871161,185,True,2
L185Y,-7.217945243871161,185,True,2
T186A,-2.50501003119395,186,True,1
T186C,-4.59890554378725,186,True,1
T186D,-5.94017023106899,186,True,2
T186E,-6.9025364120917,186,True,2
T186F,-7.66151920662924,186,True,2
T186G,-7.66151920662924,186,True,2
T186H,-6.9025364120917,186,True,2
T186I,-5.88583569972816,186,True,2
T186K,-3.26298618253617,186,True,1
T186L,-7.12080895401804,186,True,2
T186M,-7.12080895401804,186,True,2
T186N,-4.70751333133132,186,True,1
T186P,-3.36563060939161,186,True,1
T186Q,-6.9025364120917,186,True,2
T186R,-7.23301646955713,186,True,2
T186S,-1.16864747969548,186,True,0
T186V,-7.12080895401804,186,True,2
T186W,-7.66151920662924,186,True,2
T186Y,-7.66151920662924,186,True,2
D187A,-1.4228948513422,187,True,0
D187C,-3.9252426781535,187,True,1
D187E,-0.314525845327511,187,True,0
D187F,-4.82107129034415,187,True,1
D187G,-1.8551965300052802,187,True,1
D187H,-0.7136234296795559,187,True,0
D187I,-3.20885754539254,187,True,1
D187K,-2.4689288141977204,187,True,1
D187L,-3.0026176633245294,187,True,1
D187M,-4.7581805118417595,187,True,1
D187N,-0.31392402401933694,187,True,0
D187P,-5.5214173805204,187,True,2
D187Q,-1.08226833466125,187,True,0
D187R,-2.56877903442469,187,True,1
D187S,-2.2123410583553396,187,True,1
D187T,-2.6454337909950802,187,True,1
D187V,-3.7606607188049703,187,True,1
D187W,-4.35350958598904,187,True,1
D187Y,-2.94521410542239,187,True,1
Y188A,-1.6067548529685398,188,True,1
Y188C,-1.5851576148043103,188,True,1
Y188D,-4.563695679427969,188,True,1
Y188E,-4.563695679427969,188,True,1
Y188F,-0.753820274341332,188,True,0
Y188G,-2.88642683723791,188,True,1
Y188H,-1.35110171391704,188,True,0
Y188I,-5.628161202200349,188,True,2
Y188K,-2.9316026842127996,188,True,1
Y188L,-5.30581448735595,188,True,2
Y188M,-5.628161202200349,188,True,2
Y188N,-1.50427461399486,188,True,0
Y188P,-6.19751069114225,188,True,2
Y188Q,-2.17831322731896,188,True,1
Y188R,-3.37644894425372,188,True,1
Y188S,-1.5887431671873302,188,True,1
Y188T,-3.4640780452895097,188,True,1
Y188V,-4.941979966955009,188,True,1
Y188W,-0.8045734495280149,188,True,0
L189A,-4.39992044781341,189,True,1
L189C,-3.809878159882,189,True,1
L189D,-6.043630456314481,189,True,2
L189E,-6.043630456314481,189,True,2
L189F,-1.98898250488666,189,True,1
L189G,-6.264855310461989,189,True,2
L189H,-6.043630456314481,189,True,2
L189I,-2.33887958041146,189,True,1
L189K,-6.264855310461989,189,True,2
L189M,-0.232510552631719,189,True,0
L189N,-6.043630456314481,189,True,2
L189P,-2.3049320789855803,189,True,1
L189Q,-5.763714889219309,189,True,2
L189R,-6.264855310461989,189,True,2
L189S,-5.499543055195661,189,True,2
L189T,-5.499543055195661,189,True,2
L189V,-3.76316965786878,189,True,1
L189W,-5.1038833117237195,189,True,1
L189Y,-5.1038833117237195,189,True,1
M190A,-1.47374510928743,190,True,0
M190C,-2.03151864092315,190,True,1
M190D,-4.44798366147764,190,True,1
M190E,-4.0543654422238795,190,True,1
M190F,-5.00679344835813,190,True,1
M190G,-2.35785413348377,190,True,1
M190H,-4.44798366147764,190,True,1
M190I,-0.603682173752458,190,True,0
M190K,-1.91783358719175,190,True,1
M190L,-1.7619563062395,190,True,1
M190N,-3.61797291863998,190,True,1
M190P,-5.814120571422321,190,True,2
M190Q,-1.6264513501775801,190,True,1
M190R,-2.19482296425541,190,True,1
M190S,-1.9642207649864598,190,True,1
M190T,-1.44585443263524,190,True,0
M190V,-0.48568456677018,190,True,0
M190W,-5.0517763044430195,190,True,1
M190Y,-5.33457245103346,190,True,2
K191A,-4.7441637974892,191,True,1
K191C,-4.818394193772599,191,True,1
K191D,-4.30188114885052,191,True,1
K191E,-3.5137085451758794,191,True,1
K191F,-6.21779195793384,191,True,2
K191G,-3.7348686747307496,191,True,1
K191H,-3.38597469139315,191,True,1
K191I,-3.05662411237348,191,True,1
K191L,-2.94265361770758,191,True,1
K191M,-2.86871751765238,191,True,1
K191N,-2.41967598870365,191,True,1
K191P,-6.21779195793384,191,True,2
K191Q,-3.68772066773745,191,True,1
K191R,-0.618696232643639,191,True,0
K191S,-2.07589169125222,191,True,1
K191T,-1.65174408283497,191,True,1
K191V,-2.5216258822548396,191,True,1
K191W,-6.21779195793384,191,True,2
K191Y,-6.21779195793384,191,True,2
I192A,-5.3790997586536395,192,True,2
I192C,-2.16702081012702,192,True,1
I192D,-4.39512872101166,192,True,1
I192E,-5.13903259429257,192,True,1
I192F,-3.9663289910682304,192,True,1
I192G,-6.328622440655231,192,True,2
I192H,-3.0186044995053303,192,True,1
I192K,-6.10509633786826,192,True,2
I192L,-0.5256529705062679,192,True,0
I192M,-1.37934582897858,192,True,0
I192N,-2.13725967297339,192,True,1
I192P,-6.328622440655231,192,True,2
I192Q,-5.13903259429257,192,True,1
I192R,-5.56919290538174,192,True,2
I192S,-3.7244217192475997,192,True,1
I192T,-2.85698536096828,192,True,1
I192V,-0.151142291945116,192,True,0
I192W,-5.750815847018571,192,True,2
I192Y,-5.750815847018571,192,True,2
L193A,-6.80708514945154,193,True,2
L193C,-6.80708514945154,193,True,2
L193D,-7.06551814425151,193,True,2
L193E,-7.06551814425151,193,True,2
L193F,-3.8213601302557896,193,True,1
L193G,-7.323951139051481,193,True,2
L193H,-7.06551814425151,193,True,2
L193I,-2.29787595506855,193,True,1
L193K,-7.323951139051481,193,True,2
L193M,-0.46832821174403994,193,True,0
L193N,-7.06551814425151,193,True,2
L193P,-7.323951139051481,193,True,2
L193Q,-7.06551814425151,193,True,2
L193R,-7.323951139051481,193,True,2
L193S,-6.80708514945154,193,True,2
L193T,-6.80708514945154,193,True,2
L193V,-2.77989380174841,193,True,1
L193W,-6.429919865541331,193,True,2
L193Y,-6.429919865541331,193,True,2
T194A,-0.79283959018113,194,True,0
T194C,-1.09063603363729,194,True,0
T194D,-3.4639028167865096,194,True,1
T194E,-4.44791717701737,194,True,1
T194F,-5.25396719207126,194,True,2
T194G,-2.5980816745421,194,True,1
T194H,-2.10285480823479,194,True,1
T194I,-1.88530027691593,194,True,1
T194K,-2.47441764417829,194,True,1
T194L,-2.17325512144554,194,True,1
T194M,-1.2523979772123601,194,True,0
T194N,-2.22361280072932,194,True,1
T194P,-3.3182990006625097,194,True,1
T194Q,-2.6126467097093196,194,True,1
T194R,-2.3487863083435,194,True,1
T194S,-0.7197692825035441,194,True,0
T194V,-2.39329648450889,194,True,1
T194W,-5.25396719207126,194,True,2
T194Y,-3.68458424443753,194,True,1
E195A,-5.45664247959782,195,True,2
E195C,-6.2114949707604,195,True,2
E195D,-1.0907456376483,195,True,0
E195F,-6.745300317283959,195,True,2
E195G,-4.0183829774843405,195,True,1
E195H,-3.4409210160237205,195,True,1
E195I,-6.6405725356286105,195,True,2
E195K,-2.43740030452283,195,True,1
E195L,-5.01729982415531,195,True,1
E195M,-6.6405725356286105,195,True,2
E195N,-3.97306623388027,195,True,1
E195P,-7.145239134850691,195,True,2
E195Q,-1.86504940136779,195,True,1
E195R,-4.77980315801722,195,True,1
E195S,-4.64421155533321,195,True,1
E195T,-4.501118572439871,195,True,1
E195V,-6.6405725356286105,195,True,2
E195W,-6.745300317283959,195,True,2
E195Y,-5.623863615895849,195,True,2
R196A,-3.8619772725576,196,True,1
R196C,-2.05859514544693,196,True,1
R196D,-3.8957826128941297,196,True,1
R196E,-4.256835644548549,196,True,1
R196F,-6.6936916776367,196,True,2
R196G,-3.58888577933152,196,True,1
R196H,-1.61330299758508,196,True,1
R196I,-3.9151258565771605,196,True,1
R196K,-1.1586243583795601,196,True,0
R196L,-4.23796388952786,196,True,1
R196M,-5.7250726995707595,196,True,2
R196N,-3.74381488921,196,True,1
R196P,-6.00423264616153,196,True,2
R196Q,-4.11958557685991,196,True,1
R196S,-2.0901132582120003,196,True,1
R196T,-2.48114547617554,196,True,1
R196V,-3.95645717673352,196,True,1
R196W,-6.6936916776367,196,True,2
R196Y,-6.6936916776367,196,True,2
G197A,-3.53152979301468,197,True,1
G197C,-5.212018613391209,197,True,1
G197D,-3.8692856015788997,197,True,1
G197E,-6.2886300387074,197,True,2
G197F,-7.34927178618829,197,True,2
G197H,-6.2886300387074,197,True,2
G197I,-7.34927178618829,197,True,2
G197K,-6.678508711288071,197,True,2
G197L,-7.34927178618829,197,True,2
G197M,-7.34927178618829,197,True,2
G197N,-6.1522886999159,197,True,2
G197P,-6.31694646904469,197,True,2
G197Q,-6.2886300387074,197,True,2
G197R,-4.9998456344363,197,True,1
G197S,-3.38491281077321,197,True,1
G197T,-6.2886300387074,197,True,2
G197V,-7.34927178618829,197,True,2
G197W,-7.34927178618829,197,True,2
G197Y,-7.34927178618829,197,True,2
Y198A,-4.95760925462804,198,True,1
Y198C,-3.8486852835565,198,True,1
Y198D,-3.9589057040020603,198,True,1
Y198E,-4.991027517749821,198,True,1
Y198F,-0.252550662172994,198,True,0
Y198G,-6.66874101345721,198,True,2
Y198H,-1.1055523252469,198,True,0
Y198I,-3.701032689055,198,True,1
Y198K,-6.072340209255481,198,True,2
Y198L,-3.2626928520937204,198,True,1
Y198M,-3.86998175724164,198,True,1
Y198N,-2.8536318510811602,198,True,1
Y198P,-6.35266827351758,198,True,2
Y198Q,-3.22696441582079,198,True,1
Y198R,-5.483062925397349,198,True,2
Y198S,-3.9710477064817704,198,True,1
Y198T,-4.4855531422415,198,True,1
Y198V,-3.61019906138601,198,True,1
Y198W,-3.24955155662545,198,True,1
S199A,-0.12120806872814698,199,True,0
S199C,-1.7773364019651599,199,True,1
S199D,-2.9507869578609704,199,True,1
S199E,-3.28612907019271,199,True,1
S199F,-3.27824601891708,199,True,1
S199G,-2.52098927773613,199,True,1
S199H,-2.5220085199280398,199,True,1
S199I,-3.3376175719666406,199,True,1
S199K,-2.1742310080629097,199,True,1
S199L,-1.49576852514732,199,True,0
S199M,-1.6101156738868303,199,True,1
S199N,-1.34192682199228,199,True,0
S199P,-1.58756355985493,199,True,1
S199Q,-1.8269548563409999,199,True,1
S199R,-1.66024087434216,199,True,1
S199T,-0.300485442909918,199,True,0
S199V,-3.1084919760282004,199,True,1
S199W,-3.62238069773195,199,True,1
S199Y,-2.3065861130703,199,True,1
F200A,-5.97572875703345,200,True,2
F200C,-3.6400442865734797,200,True,1
F200D,-6.46010000680874,200,True,2
F200E,-6.46010000680874,200,True,2
F200G,-6.8439551404693795,200,True,2
F200H,-3.74998461135996,200,True,1
F200I,-5.13264991436653,200,True,1
F200K,-6.8439551404693795,200,True,2
F200L,-1.68458616695609,200,True,1
F200M,-1.8612832439639801,200,True,1
F200N,-6.46010000680874,200,True,2
F200P,-6.8439551404693795,200,True,2
F200Q,-6.46010000680874,200,True,2
F200R,-6.8439551404693795,200,True,2
F200S,-3.73521985035371,200,True,1
F200T,-5.97572875703345,200,True,2
F200V,-2.53261114808552,200,True,1
F200W,-3.5790417839418702,200,True,1
F200Y,-1.30980770460781,200,True,0
T201A,-0.9795506743478071,201,True,0
T201C,-1.9841512078056,201,True,1
T201D,-4.17518103287135,201,True,1
T201E,-2.9731771090154795,201,True,1
T201F,-5.21619106184654,201,True,1
T201G,-3.50677164936019,201,True,1
T201H,-2.8206252828607203,201,True,1
T201I,-1.50323275826886,201,True,0
T201K,-2.30409287602723,201,True,1
T201L,-2.8576459986285196,201,True,1
T201M,-2.7337543035828196,201,True,1
T201N,-1.55583206815225,201,True,1
T201P,-3.06753063439174,201,True,1
T201Q,-2.9846063581137203,201,True,1
T201R,-2.70241102545665,201,True,1
T201S,-0.6594384204206949,201,True,0
T201V,-0.6671548505171689,201,True,0
T201W,-5.21619106184654,201,True,1
T201Y,-4.60056120065128,201,True,1
T202A,-2.12044702698901,202,True,1
T202C,-4.12161168568934,202,True,1
T202D,-5.6963638043670795,202,True,2
T202E,-5.0468916641493395,202,True,1
T202F,-6.477138301317099,202,True,2
T202G,-6.301472603541501,202,True,2
T202H,-5.6963638043670795,202,True,2
T202I,-5.128989826818191,202,True,1
T202K,-6.8611692129439295,202,True,2
T202L,-6.13427962763433,202,True,2
T202M,-4.87422877962349,202,True,1
T202N,-2.7990910245827902,202,True,1
T202P,-3.29788180918479,202,True,1
T202Q,-5.6963638043670795,202,True,2
T202R,-6.8611692129439295,202,True,2
T202S,-1.3760548101772299,202,True,0
T202V,-5.80250952090137,202,True,2
T202W,-6.477138301317099,202,True,2
T202Y,-5.316795365942999,202,True,2
T203A,-1.2378971968093602,203,True,0
T203C,-3.59762603712534,203,True,1
T203D,-3.6628634907589,203,True,1
T203E,-5.07010795649689,203,True,1
T203F,-3.93356527575777,203,True,1
T203G,-3.7356270854185896,203,True,1
T203H,-2.8502813683426,203,True,1
T203I,-3.06120192918844,203,True,1
T203K,-4.05165712858976,203,True,1
T203L,-4.3295085739484795,203,True,1
T203M,-1.9576737445822798,203,True,1
T203N,-3.24840086992231,203,True,1
T203P,-3.7822778123552205,203,True,1
T203Q,-5.07010795649689,203,True,1
T203R,-4.26877393748787,203,True,1
T203S,-0.30271689818536895,203,True,0
T203V,-4.89935798728203,203,True,1
T203W,-5.34968658460633,203,True,2
T203Y,-4.83323692789381,203,True,1
A204C,-2.24355899769781,204,True,1
A204D,-3.6111033534673704,204,True,1
A204E,-4.88732255162552,204,True,1
A204F,-5.45554467494341,204,True,2
A204G,-2.4355377575398998,204,True,1
A204H,-5.39846433591439,204,True,2
A204I,-5.6703710437549,204,True,2
A204K,-6.5788594392409,204,True,2
A204L,-5.40696575748006,204,True,2
A204M,-6.0073802252938,204,True,2
A204N,-6.058192472853731,204,True,2
A204P,-2.93256255409653,204,True,1
A204Q,-6.058192472853731,204,True,2
A204R,-6.02938648801421,204,True,2
A204S,-1.4695440834570301,204,True,0
A204T,-1.59881152887949,204,True,1
A204V,-4.31300907980783,204,True,1
A204W,-6.476709288954719,204,True,2
A204Y,-5.65760302709481,204,True,2
E205A,-3.8417255012057296,205,True,1
E205C,-6.560343747998769,205,True,2
E205D,-1.9188856746693799,205,True,1
E205F,-7.3373894632936905,205,True,2
E205G,-4.25871689091516,205,True,1
E205H,-4.40600713671013,205,True,1
E205I,-7.3373894632936905,205,True,2
E205K,-2.56650053802698,205,True,1
E205L,-7.3373894632936905,205,True,2
E205M,-7.3373894632936905,205,True,2
E205N,-4.40600713671013,205,True,1
E205P,-6.79757070603261,205,True,2
E205Q,-1.65892640747719,205,True,1
E205R,-5.17431223872359,205,True,1
E205S,-5.940423021049369,205,True,2
E205T,-4.12452193175888,205,True,1
E205V,-7.3373894632936905,205,True,2
E205W,-7.3373894632936905,205,True,2
E205Y,-7.3373894632936905,205,True,2
R206A,-2.9269991907855695,206,True,1
R206C,-3.23991123588326,206,True,1
R206D,-3.89185212057562,206,True,1
R206E,-4.08388820424521,206,True,1
R206F,-3.2378601602581,206,True,1
R206G,-4.1502274151133,206,True,1
R206H,-1.8155915961824598,206,True,1
R206I,-3.4401901654577403,206,True,1
R206K,-0.8792410760522389,206,True,0
R206L,-1.7963113166717601,206,True,1
R206M,-2.7459619103076602,206,True,1
R206N,-4.78712079233617,206,True,1
R206P,-6.13773641858364,206,True,2
R206Q,-1.8221667175500402,206,True,1
R206S,-1.5823184772400303,206,True,1
R206T,-3.2633707358610202,206,True,1
R206V,-4.70219211352928,206,True,1
R206W,-2.86448396972,206,True,1
R206Y,-5.1153457249525,206,True,1
E207A,-5.526474767812299,207,True,2
E207C,-6.50101260854533,207,True,2
E207D,-2.67725248626631,207,True,1
E207F,-7.3644820184181,207,True,2
E207G,-4.26057139792382,207,True,1
E207H,-4.4215710668655,207,True,1
E207I,-7.3644820184181,207,True,2
E207K,-4.698699586417231,207,True,1
E207L,-7.3644820184181,207,True,2
E207M,-7.3644820184181,207,True,2
E207N,-3.9138625135335294,207,True,1
E207P,-7.3644820184181,207,True,2
E207Q,-3.1850153034866,207,True,1
E207R,-5.09693650752144,207,True,1
E207S,-5.70411720668213,207,True,2
E207T,-5.87890205243844,207,True,2
E207V,-7.3644820184181,207,True,2
E207W,-7.3644820184181,207,True,2
E207Y,-7.3644820184181,207,True,2
I208A,-5.49028341341437,208,True,2
I208C,-5.861814588831151,208,True,2
I208D,-6.48132145737885,208,True,2
I208E,-6.48132145737885,208,True,2
I208F,-4.08332447511012,208,True,1
I208G,-7.06007533069016,208,True,2
I208H,-6.48132145737885,208,True,2
I208K,-7.06007533069016,208,True,2
I208L,-1.7899318382151597,208,True,1
I208M,-2.47380620626963,208,True,1
I208N,-4.279583309115529,208,True,1
I208P,-6.20276214532394,208,True,2
I208Q,-6.48132145737885,208,True,2
I208R,-7.06007533069016,208,True,2
I208S,-5.26106324728534,208,True,2
I208T,-3.33955384061351,208,True,1
I208V,-0.8228942822769358,208,True,0
I208W,-6.561563878431441,208,True,2
I208Y,-6.561563878431441,208,True,2
V209A,-2.04550148335559,209,True,1
V209C,-3.06147163439731,209,True,1
V209D,-7.236919515911981,209,True,2
V209E,-7.236919515911981,209,True,2
V209F,-3.65200130590775,209,True,1
V209G,-7.236919515911981,209,True,2
V209H,-7.236919515911981,209,True,2
V209I,-1.02593249312036,209,True,0
V209K,-7.236919515911981,209,True,2
V209L,-0.538094280023661,209,True,0
V209M,-0.789928291665338,209,True,0
V209N,-7.236919515911981,209,True,2
V209P,-7.236919515911981,209,True,2
V209Q,-7.236919515911981,209,True,2
V209R,-7.236919515911981,209,True,2
V209S,-5.664331655673901,209,True,2
V209T,-2.94729612131938,209,True,1
V209W,-6.46977194235546,209,True,2
V209Y,-6.46977194235546,209,True,2
R210A,-5.82202776998588,210,True,2
R210C,-2.79968217763499,210,True,1
R210D,-5.82202776998588,210,True,2
R210E,-5.82202776998588,210,True,2
R210F,-6.3698945576956705,210,True,2
R210G,-4.61921283559364,210,True,1
R210H,-2.55187184077884,210,True,1
R210I,-6.57162485693063,210,True,2
R210K,-1.69631381015708,210,True,1
R210L,-6.57162485693063,210,True,2
R210M,-6.57162485693063,210,True,2
R210N,-5.17050614359835,210,True,1
R210P,-7.07135624822713,210,True,2
R210Q,-3.4926454541429504,210,True,1
R210S,-4.03185491517316,210,True,1
R210T,-4.51602860684514,210,True,1
R210V,-6.01379560870996,210,True,2
R210W,-6.02776019428139,210,True,2
R210Y,-4.10143575772452,210,True,1
D211A,-5.8188806248416105,211,True,2
D211C,-5.01032830431637,211,True,1
D211E,-1.6914202910778302,211,True,1
D211F,-6.92285983727989,211,True,2
D211G,-5.28239911845624,211,True,2
D211H,-2.9016333900577798,211,True,1
D211I,-6.49228442155855,211,True,2
D211K,-5.635032904748559,211,True,2
D211L,-7.07429294585613,211,True,2
D211M,-7.07429294585613,211,True,2
D211N,-2.88568789959337,211,True,1
D211P,-7.33316955485166,211,True,2
D211Q,-4.40364896547447,211,True,1
D211R,-5.3167958226599,211,True,2
D211S,-3.6934889194321,211,True,1
D211T,-6.275021035113539,211,True,2
D211V,-7.07429294585613,211,True,2
D211W,-6.92285983727989,211,True,2
D211Y,-4.74806871618783,211,True,1
I212A,-5.304625963011441,212,True,2
I212C,-4.19417350429703,212,True,1
I212D,-6.16483394711908,212,True,2
I212E,-6.16483394711908,212,True,2
I212F,-5.66855051951956,212,True,2
I212G,-6.63301327875649,212,True,2
I212H,-6.16483394711908,212,True,2
I212K,-6.63301327875649,212,True,2
I212L,-1.15200796983101,212,True,0
I212M,-0.6143903370005329,212,True,0
I212N,-6.16483394711908,212,True,2
I212P,-6.63301327875649,212,True,2
I212Q,-6.16483394711908,212,True,2
I212R,-6.63301327875649,212,True,2
I212S,-5.79381060499009,212,True,2
I212T,-4.81061464274412,212,True,1
I212V,-0.130071760721773,212,True,0
I212W,-6.39892361293779,212,True,2
I212Y,-6.39892361293779,212,True,2
K213A,-6.90223287900246,213,True,2
K213C,-6.90223287900246,213,True,2
K213D,-6.90223287900246,213,True,2
K213E,-5.26137259086201,213,True,2
K213F,-7.66121567353999,213,True,2
K213G,-7.66121567353999,213,True,2
K213H,-6.90223287900246,213,True,2
K213I,-7.23271293646788,213,True,2
K213L,-7.23271293646788,213,True,2
K213M,-7.23271293646788,213,True,2
K213N,-4.505613062025191,213,True,1
K213P,-7.66121567353999,213,True,2
K213Q,-6.90223287900246,213,True,2
K213R,-2.58555599532041,213,True,1
K213S,-6.90223287900246,213,True,2
K213T,-4.6693279028053,213,True,1
K213V,-7.23271293646788,213,True,2
K213W,-7.66121567353999,213,True,2
K213Y,-7.66121567353999,213,True,2
E214A,-6.72459371089188,214,True,2
E214C,-7.19860586142928,214,True,2
E214D,-1.74377163667851,214,True,1
E214F,-7.62504320739869,214,True,2
E214G,-5.03760095954557,214,True,1
E214H,-4.5767387341720305,214,True,1
E214I,-7.62504320739869,214,True,2
E214K,-4.57492701916512,214,True,1
E214L,-7.62504320739869,214,True,2
E214M,-7.62504320739869,214,True,2
E214N,-4.5767387341720305,214,True,1
E214P,-7.62504320739869,214,True,2
E214Q,-2.64910475912735,214,True,1
E214R,-6.8697187239413795,214,True,2
E214S,-7.19860586142928,214,True,2
E214T,-7.19860586142928,214,True,2
E214V,-7.62504320739869,214,True,2
E214W,-7.62504320739869,214,True,2
E214Y,-7.62504320739869,214,True,2
K215A,-5.1841678143091,215,True,1
K215C,-5.5888001213807,215,True,2
K215D,-4.870470240872669,215,True,1
K215E,-2.92969605133286,215,True,1
K215F,-6.915450626188131,215,True,2
K215G,-6.915450626188131,215,True,2
K215H,-5.459727785895031,215,True,2
K215I,-6.915450626188131,215,True,2
K215L,-6.915450626188131,215,True,2
K215M,-6.915450626188131,215,True,2
K215N,-2.2428321343957203,215,True,1
K215P,-6.915450626188131,215,True,2
K215Q,-3.4664509524649603,215,True,1
K215R,-0.6441155860008729,215,True,0
K215S,-2.95909969238294,215,True,1
K215T,-2.84108969289989,215,True,1
K215V,-6.915450626188131,215,True,2
K215W,-6.915450626188131,215,True,2
K215Y,-6.915450626188131,215,True,2
L216A,-3.5865259364842097,216,True,1
L216C,-4.86625932688171,216,True,1
L216D,-5.89251670729904,216,True,2
L216E,-5.89251670729904,216,True,2
L216F,-3.90208291815162,216,True,1
L216G,-6.9103900255597495,216,True,2
L216H,-3.2027571189562405,216,True,1
L216I,-1.20126473604077,216,True,0
L216K,-6.28284653928048,216,True,2
L216M,-1.7795313732855502,216,True,1
L216N,-5.89251670729904,216,True,2
L216P,-3.4248399015045203,216,True,1
L216Q,-3.99540029889709,216,True,1
L216R,-6.42219260334777,216,True,2
L216S,-5.6898964700298,216,True,2
L216T,-3.9006481448257797,216,True,1
L216V,-2.96468792774201,216,True,1
L216W,-6.06594722629108,216,True,2
L216Y,-5.43183169029899,216,True,2
C217A,-0.214125944210947,217,True,0
C217D,-6.279142122357889,217,True,2
C217E,-6.279142122357889,217,True,2
C217F,-6.0573904763531505,217,True,2
C217G,-2.20291100363665,217,True,1
C217H,-6.279142122357889,217,True,2
C217I,-5.70592243296245,217,True,2
C217K,-6.279142122357889,217,True,2
C217L,-5.70592243296245,217,True,2
C217M,-4.474370093487691,217,True,1
C217N,-6.279142122357889,217,True,2
C217P,-6.279142122357889,217,True,2
C217Q,-6.279142122357889,217,True,2
C217R,-6.279142122357889,217,True,2
C217S,-0.20598810211017002,217,True,0
C217T,-0.9775706270185308,217,True,0
C217V,-4.70191627377796,217,True,1
C217W,-6.0573904763531505,217,True,2
C217Y,-6.0573904763531505,217,True,2
Y218A,-6.89132817745553,218,True,2
Y218C,-5.78693911131266,218,True,2
Y218D,-6.70152580868904,218,True,2
Y218E,-6.70152580868904,218,True,2
Y218F,-0.24255605556347798,218,True,0
Y218G,-7.2995285594330594,218,True,2
Y218H,-5.3328112165657995,218,True,2
Y218I,-7.0419827930242,218,True,2
Y218K,-7.2995285594330594,218,True,2
Y218L,-5.62649404716771,218,True,2
Y218M,-7.0419827930242,218,True,2
Y218N,-6.70152580868904,218,True,2
Y218P,-7.2995285594330594,218,True,2
Y218Q,-6.70152580868904,218,True,2
Y218R,-7.2995285594330594,218,True,2
Y218S,-6.89132817745553,218,True,2
Y218T,-6.89132817745553,218,True,2
Y218V,-7.0419827930242,218,True,2
Y218W,-4.3810105216121205,218,True,1
V219A,-3.15897463079956,219,True,1
V219C,-3.0703211604517002,219,True,1
V219D,-6.36455090723858,219,True,2
V219E,-6.36455090723858,219,True,2
V219F,-6.741858311658749,219,True,2
V219G,-4.48645555255365,219,True,1
V219H,-6.36455090723858,219,True,2
V219I,-0.5537404322218621,219,True,0
V219K,-6.741858311658749,219,True,2
V219L,-1.1686143877497501,219,True,0
V219M,-2.35574857439219,219,True,1
V219N,-6.36455090723858,219,True,2
V219P,-6.741858311658749,219,True,2
V219Q,-6.36455090723858,219,True,2
V219R,-6.741858311658749,219,True,2
V219S,-2.97096320428649,219,True,1
V219T,-1.70125826155517,219,True,1
V219W,-6.741858311658749,219,True,2
V219Y,-6.741858311658749,219,True,2
A220C,-1.43627007719899,220,True,0
A220D,-7.370713085549379,220,True,2
A220E,-7.370713085549379,220,True,2
A220F,-7.370713085549379,220,True,2
A220G,-6.09516513654263,220,True,2
A220H,-7.370713085549379,220,True,2
A220I,-6.354436006079741,220,True,2
A220K,-7.370713085549379,220,True,2
A220L,-6.354436006079741,220,True,2
A220M,-6.354436006079741,220,True,2
A220N,-7.370713085549379,220,True,2
A220P,-4.84112295713957,220,True,1
A220Q,-7.370713085549379,220,True,2
A220R,-7.370713085549379,220,True,2
A220S,-1.68686776612593,220,True,1
A220T,-0.38814562405512604,220,True,0
A220V,-4.90977183391768,220,True,1
A220W,-7.370713085549379,220,True,2
A220Y,-7.370713085549379,220,True,2
L221A,-3.3780411780993096,221,True,1
L221C,-5.317876055875081,221,True,2
L221D,-3.4310261738945096,221,True,1
L221E,-2.33034737694591,221,True,1
L221F,-2.33611400558679,221,True,1
L221G,-4.38608780475263,221,True,1
L221H,-2.3480281549518303,221,True,1
L221I,-1.35966359110165,221,True,0
L221K,-3.18133649462175,221,True,1
L221M,-0.41503422579039595,221,True,0
L221N,-3.55008208973849,221,True,1
L221P,-3.0657905198621704,221,True,1
L221Q,-1.90952640549835,221,True,1
L221R,-4.04217167655743,221,True,1
L221S,-2.65804075645586,221,True,1
L221T,-3.0421838941746895,221,True,1
L221V,-1.03062488159601,221,True,0
L221W,-5.1863107375961395,221,True,1
L221Y,-2.5872919600174797,221,True,1
D222A,-6.564169844049469,222,True,2
D222C,-6.564169844049469,222,True,2
D222E,-0.995313045609595,222,True,0
D222F,-6.8784495664242895,222,True,2
D222G,-6.6612399434630705,222,True,2
D222H,-3.7456408725181096,222,True,1
D222I,-6.77174253211048,222,True,2
D222K,-7.28594683653707,222,True,2
D222L,-6.77174253211048,222,True,2
D222M,-6.77174253211048,222,True,2
D222N,-1.02221077485976,222,True,0
D222P,-7.28594683653707,222,True,2
D222Q,-4.373464373658,222,True,1
D222R,-7.28594683653707,222,True,2
D222S,-4.34970083286918,222,True,1
D222T,-5.44278807781852,222,True,2
D222V,-4.26226854472963,222,True,1
D222W,-6.8784495664242895,222,True,2
D222Y,-6.6861980976726905,222,True,2
F223A,-5.32095507216126,223,True,2
F223C,-3.08465628864464,223,True,1
F223D,-5.778452237624809,223,True,2
F223E,-5.778452237624809,223,True,2
F223G,-6.12121927168926,223,True,2
F223H,-4.46896341023185,223,True,1
F223I,-2.91740628462667,223,True,1
F223K,-6.12121927168926,223,True,2
F223L,-2.11839372429659,223,True,1
F223M,-4.97168791660455,223,True,1
F223N,-5.778452237624809,223,True,2
F223P,-4.4699846862270896,223,True,1
F223Q,-5.778452237624809,223,True,2
F223R,-6.12121927168926,223,True,2
F223S,-2.2161271519826604,223,True,1
F223T,-5.32095507216126,223,True,2
F223V,-2.9265636922021003,223,True,1
F223W,-3.6787471276320898,223,True,1
F223Y,-0.493937071539617,223,True,0
E224A,-2.12293882717161,224,True,1
E224C,-4.747619279960509,224,True,1
E224D,-0.173403500128371,224,True,0
E224F,-5.14803654322638,224,True,1
E224G,-2.41367256895651,224,True,1
E224H,-3.4056708985424797,224,True,1
E224I,-4.56221747033482,224,True,1
E224K,-1.7838850609463102,224,True,1
E224L,-4.86473382178647,224,True,1
E224M,-4.86473382178647,224,True,1
E224N,-0.7623496054169681,224,True,0
E224P,-5.665568348318209,224,True,2
E224Q,-0.8513380327358091,224,True,0
E224R,-2.56681589919187,224,True,1
E224S,-2.86482444640578,224,True,1
E224T,-4.08752295905531,224,True,1
E224V,-3.38022677403584,224,True,1
E224W,-5.14803654322638,224,True,1
E224Y,-3.81896353213492,224,True,1
Q225A,-0.790016933377478,225,True,0
Q225C,-1.96854758473369,225,True,1
Q225D,-0.809547374616429,225,True,0
Q225E,-0.24871740352880198,225,True,0
Q225F,-4.77065528655599,225,True,1
Q225G,-1.84585715245436,225,True,1
Q225H,-0.44051768419104204,225,True,0
Q225I,-4.428236050987071,225,True,1
Q225K,-1.72553184038533,225,True,1
Q225L,-2.61356323979297,225,True,1
Q225M,-3.73345122231654,225,True,1
Q225N,-0.135239063304868,225,True,0
Q225P,-5.20089022930788,225,True,1
Q225R,-1.2866291295646999,225,True,0
Q225S,-0.8807954359005881,225,True,0
Q225T,-1.05820780758132,225,True,0
Q225V,-2.14701836552752,225,True,1
Q225W,-3.65022172344742,225,True,1
Q225Y,-2.7989776382953298,225,True,1
E226A,-4.09735803128034,226,True,1
E226C,-5.614539658622429,226,True,2
E226D,-1.15648128191074,226,True,0
E226F,-7.021346870011199,226,True,2
E226G,-3.8392162483489103,226,True,1
E226H,-4.2187683405986,226,True,1
E226I,-6.525330747602499,226,True,2
E226K,-3.1356900006281,226,True,1
E226L,-6.525330747602499,226,True,2
E226M,-6.525330747602499,226,True,2
E226N,-4.2187683405986,226,True,1
E226P,-7.021346870011199,226,True,2
E226Q,-3.4169628035325403,226,True,1
E226R,-3.60483982600388,226,True,1
E226S,-4.39933834079621,226,True,1
E226T,-4.0971130035348,226,True,1
E226V,-6.4310356077835795,226,True,2
E226W,-7.021346870011199,226,True,2
E226Y,-7.021346870011199,226,True,2
M227A,-4.84956256161138,227,True,1
M227C,-3.7186006380560297,227,True,1
M227D,-4.99847844745164,227,True,1
M227E,-4.4463707847584,227,True,1
M227F,-5.2536950937650495,227,True,2
M227G,-5.72287843399784,227,True,2
M227H,-4.99847844745164,227,True,1
M227I,-0.5323559073230171,227,True,0
M227K,-3.7145325046387594,227,True,1
M227L,-0.175012423339644,227,True,0
M227N,-4.99847844745164,227,True,1
M227P,-5.72287843399784,227,True,2
M227Q,-2.71807942811314,227,True,1
M227R,-4.99847844745164,227,True,1
M227S,-2.30094748067692,227,True,1
M227T,-2.9398588427968995,227,True,1
M227V,-1.26078949575512,227,True,0
M227W,-3.18498152932729,227,True,1
M227Y,-5.2536950937650495,227,True,2
A228C,-1.83599675283689,228,True,1
A228D,-0.734118725204722,228,True,0
A228E,-0.5647361874574921,228,True,0
A228F,-2.9326352239655695,228,True,1
A228G,-0.5769280561755871,228,True,0
A228H,-0.250936362766247,228,True,0
A228I,-0.992526955600527,228,True,0
A228K,-1.00597789094861,228,True,0
A228L,-0.951580742070573,228,True,0
A228M,-1.1224665623035601,228,True,0
A228N,-0.39317151039203,228,True,0
A228P,-2.25739368835715,228,True,1
A228Q,-0.22560970267970604,228,True,0
A228R,-1.6585324462346003,228,True,1
A228S,-0.159295995005643,228,True,0
A228T,-0.155160048792005,228,True,0
A228V,-0.8821825652117791,228,True,0
A228W,-4.24885051714217,228,True,1
A228Y,-4.24885051714217,228,True,1
T229A,-0.48559355747466104,229,True,0
T229C,-3.29436521621925,229,True,1
T229D,-1.96248595658672,229,True,1
T229E,-1.60754289967792,229,True,1
T229F,-3.09609947927394,229,True,1
T229G,-3.4559148397443504,229,True,1
T229H,-3.93879471588812,229,True,1
T229I,-1.04082268803666,229,True,0
T229K,-1.2534099702730601,229,True,0
T229L,-1.77270938524122,229,True,1
T229M,-1.34430659573067,229,True,0
T229N,-1.0101138960256,229,True,0
T229P,-3.90509822627186,229,True,1
T229Q,-1.26548511588425,229,True,0
T229R,-1.49136615346593,229,True,0
T229S,-0.49932670213473795,229,True,0
T229V,-1.10420000449665,229,True,0
T229W,-5.0318420896611205,229,True,1
T229Y,-5.0318420896611205,229,True,1
A230C,-1.57989344013785,230,True,1
A230D,-3.41714372131212,230,True,1
A230E,-2.85027277666776,230,True,1
A230F,-3.5255893137596805,230,True,1
A230G,-5.00171448100286,230,True,1
A230H,-4.35858576540814,230,True,1
A230I,-3.49562523951458,230,True,1
A230K,-4.18676669346144,230,True,1
A230L,-2.8101486840101098,230,True,1
A230M,-4.68866783283882,230,True,1
A230N,-4.449107696353339,230,True,1
A230P,-3.8187189978443397,230,True,1
A230Q,-4.54346664212754,230,True,1
A230R,-4.77924190163637,230,True,1
A230S,-0.268316374227019,230,True,0
A230T,-0.847747546113338,230,True,0
A230V,-2.30943607618708,230,True,1
A230W,-4.858158895460639,230,True,1
A230Y,-2.83358199159898,230,True,1
A231C,-2.08561614286481,231,True,1
A231D,-1.6709845654996003,231,True,1
A231E,-1.25253330151889,231,True,0
A231F,-5.01647051321628,231,True,1
A231G,-1.89350614518356,231,True,1
A231H,-3.1077782121579904,231,True,1
A231I,-2.02238475223344,231,True,1
A231K,-1.10130465417271,231,True,0
A231L,-1.46389389235603,231,True,0
A231M,-1.6651184048804,231,True,1
A231N,-1.18656140127913,231,True,0
A231P,-2.99006197549722,231,True,1
A231Q,-1.47553994977898,231,True,0
A231R,-1.14551974111997,231,True,0
A231S,-0.0860402160478109,231,True,0
A231T,-0.579986053540521,231,True,0
A231V,-1.54233389337953,231,True,0
A231W,-5.01647051321628,231,True,1
A231Y,-5.01647051321628,231,True,1
S232A,-0.189758969184064,232,True,0
S232C,-0.751523499293557,232,True,0
S232D,-1.3867040714741699,232,True,0
S232E,-0.762450938243403,232,True,0
S232F,-2.9792139940772797,232,True,1
S232G,-1.56139600253166,232,True,1
S232H,-1.33831987119009,232,True,0
S232I,-2.73863267083685,232,True,1
S232K,-1.3735435876384898,232,True,0
S232L,-1.6970828805368798,232,True,1
S232M,-2.63456415688899,232,True,1
S232N,-0.8033807300250391,232,True,0
S232P,-2.47455523226104,232,True,1
S232Q,-0.564382155467489,232,True,0
S232R,-1.4671618351372502,232,True,0
S232T,-0.165765684119542,232,True,0
S232V,-1.52776415259188,232,True,0
S232W,-4.13124800693847,232,True,1
S232Y,-3.2017530227597897,232,True,1
S233A,-1.27166823503359,233,True,0
S233C,-1.61556469062866,233,True,1
S233D,-3.3675707227166303,233,True,1
S233E,-4.50676834906944,233,True,1
S233F,-3.5021505253528304,233,True,1
S233G,-2.2490423476741896,233,True,1
S233H,-4.976428041409809,233,True,1
S233I,-2.96612970524429,233,True,1
S233K,-3.7071654299283905,233,True,1
S233L,-3.3604027285241496,233,True,1
S233M,-3.22965461703267,233,True,1
S233N,-2.00148054294128,233,True,1
S233P,-2.75280445557135,233,True,1
S233Q,-4.24976894510431,233,True,1
S233R,-3.38588385775648,233,True,1
S233T,-0.726305487062017,233,True,0
S233V,-4.67198677930012,233,True,1
S233W,-5.80201342673538,233,True,2
S233Y,-5.80201342673538,233,True,2
S234A,-0.629529792292948,234,True,0
S234C,-1.55231840754885,234,True,1
S234D,-2.7593087601167596,234,True,1
S234E,-3.0005462262108202,234,True,1
S234F,-4.70569249084975,234,True,1
S234G,-2.64985289866861,234,True,1
S234H,-3.4303056822792595,234,True,1
S234I,-3.1884171248430495,234,True,1
S234K,-2.4661235067679703,234,True,1
S234L,-2.49331771660198,234,True,1
S234M,-4.82897438432244,234,True,1
S234N,-1.9019079132887,234,True,1
S234P,-2.2650316942822,234,True,1
S234Q,-3.3828364869039103,234,True,1
S234R,-2.71477292526448,234,True,1
S234T,-0.23086496751532504,234,True,0
S234V,-2.75827337989175,234,True,1
S234W,-4.39280492057817,234,True,1
S234Y,-3.01012925862158,234,True,1
S235A,-0.22967338596401396,235,True,0
S235C,-1.51761831515955,235,True,0
S235D,-1.34796368459508,235,True,0
S235E,-1.10844675282793,235,True,0
S235F,-2.88700061441125,235,True,1
S235G,-1.91207689748133,235,True,1
S235H,-2.37001585125543,235,True,1
S235I,-1.7258017888310702,235,True,1
S235K,-2.2114835113951297,235,True,1
S235L,-2.73184340212267,235,True,1
S235M,-1.9955532922263601,235,True,1
S235N,-1.5374537540869901,235,True,0
S235P,-3.25299398230349,235,True,1
S235Q,-0.9979098230009821,235,True,0
S235R,-3.26248812811298,235,True,1
S235T,-0.241919361580299,235,True,0
S235V,-1.8011503799683601,235,True,1
S235W,-4.59550902392922,235,True,1
S235Y,-3.68661375674775,235,True,1
L236A,-2.56154173626078,236,True,1
L236C,-2.99772264721313,236,True,1
L236D,-4.54218413888293,236,True,1
L236E,-3.2300774218039603,236,True,1
L236F,-2.6218242324523,236,True,1
L236G,-3.30289512554607,236,True,1
L236H,-3.76015677502263,236,True,1
L236I,-0.133650880585057,236,True,0
L236K,-1.9315108145823898,236,True,1
L236M,-1.0761170849628499,236,True,0
L236N,-2.87424479355166,236,True,1
L236P,-2.51707352357184,236,True,1
L236Q,-2.14636175859061,236,True,1
L236R,-1.68958344593012,236,True,1
L236S,-2.6720948189384903,236,True,1
L236T,-2.52991368117896,236,True,1
L236V,-0.543203076912853,236,True,0
L236W,-3.8841982072066097,236,True,1
L236Y,-2.97454951712497,236,True,1
E237A,-3.75635121164645,237,True,1
E237C,-5.290351134178611,237,True,2
E237D,-0.581821049201809,237,True,0
E237F,-6.386607964589009,237,True,2
E237G,-2.45991822031749,237,True,1
E237H,-2.65442370459039,237,True,1
E237I,-5.290351134178611,237,True,2
E237K,-3.96261589449211,237,True,1
E237L,-3.92581293724001,237,True,1
E237M,-3.55657511220532,237,True,1
E237N,-2.262121419514,237,True,1
E237P,-4.95541549635519,237,True,1
E237Q,-3.1098246848580997,237,True,1
E237R,-4.28718854319659,237,True,1
E237S,-3.88873376046563,237,True,1
E237T,-3.43642279683583,237,True,1
E237V,-4.78901208173128,237,True,1
E237W,-6.386607964589009,237,True,2
E237Y,-6.386607964589009,237,True,2
K238A,-3.1826043651149396,238,True,1
K238C,-5.202148400182709,238,True,1
K238D,-4.25233669412572,238,True,1
K238E,-2.8693957937294705,238,True,1
K238F,-6.25446558448753,238,True,2
K238G,-5.58762336836434,238,True,2
K238H,-5.00905700217907,238,True,1
K238I,-3.7979860141864403,238,True,1
K238L,-5.34691863576541,238,True,2
K238M,-3.13123280681686,238,True,1
K238N,-1.97063491111368,238,True,1
K238P,-6.48398047891454,238,True,2
K238Q,-2.24837849806383,238,True,1
K238R,-0.423527283172201,238,True,0
K238S,-4.37460802618087,238,True,1
K238T,-2.34248617336631,238,True,1
K238V,-3.5835327271900397,238,True,1
K238W,-6.25446558448753,238,True,2
K238Y,-6.25446558448753,238,True,2
S239A,-1.2440668174881,239,True,0
S239C,-0.476990887445274,239,True,0
S239D,-1.86812499458202,239,True,1
S239E,-2.0170653441087,239,True,1
S239F,-3.88715009464144,239,True,1
S239G,-2.9700715174897097,239,True,1
S239H,-3.04301747623956,239,True,1
S239I,-2.81484467704791,239,True,1
S239K,-2.23053527675994,239,True,1
S239L,-2.54158958984151,239,True,1
S239M,-2.9215757446869506,239,True,1
S239N,-1.25831678028312,239,True,0
S239P,-2.1510271305160202,239,True,1
S239Q,-1.71908104859741,239,True,1
S239R,-2.38994837279649,239,True,1
S239T,-0.380447656538867,239,True,0
S239V,-3.04694408611726,239,True,1
S239W,-4.536494051488571,239,True,1
S239Y,-4.87865371142378,239,True,1
Y240A,-6.439550069056691,240,True,2
Y240C,-4.238170724074189,240,True,1
Y240D,-6.40065939551707,240,True,2
Y240E,-6.40065939551707,240,True,2
Y240F,-1.00851836686494,240,True,0
Y240G,-7.25058960504303,240,True,2
Y240H,-3.30734443166511,240,True,1
Y240I,-7.25058960504303,240,True,2
Y240K,-7.25058960504303,240,True,2
Y240L,-7.25058960504303,240,True,2
Y240M,-7.25058960504303,240,True,2
Y240N,-6.40065939551707,240,True,2
Y240P,-7.25058960504303,240,True,2
Y240Q,-6.40065939551707,240,True,2
Y240R,-7.25058960504303,240,True,2
Y240S,-5.17458472228676,240,True,1
Y240T,-6.439550069056691,240,True,2
Y240V,-7.25058960504303,240,True,2
Y240W,-4.35224083253705,240,True,1
E241A,-5.6447580240065305,241,True,2
E241C,-5.6447580240065305,241,True,2
E241D,-2.1343458458738103,241,True,1
E241F,-6.84321955837184,241,True,2
E241G,-4.86464348025321,241,True,1
E241H,-4.11500880622949,241,True,1
E241I,-5.461364292981759,241,True,2
E241K,-2.0475825899903604,241,True,1
E241L,-5.780681227606371,241,True,2
E241M,-5.10978081518989,241,True,1
E241N,-3.2730417545540296,241,True,1
E241P,-6.84321955837184,241,True,2
E241Q,-1.21389971547394,241,True,0
E241R,-4.052516583660919,241,True,1
E241S,-5.18284867039859,241,True,1
E241T,-3.9095782402811,241,True,1
E241V,-3.49693652677883,241,True,1
E241W,-6.84321955837184,241,True,2
E241Y,-6.84321955837184,241,True,2
L242A,-6.952904260858361,242,True,2
L242C,-6.952904260858361,242,True,2
L242D,-7.36475203563426,242,True,2
L242E,-7.36475203563426,242,True,2
L242F,-3.89811348601088,242,True,1
L242G,-7.36475203563426,242,True,2
L242H,-7.36475203563426,242,True,2
L242I,-3.1839960985894797,242,True,1
L242K,-7.36475203563426,242,True,2
L242M,-0.949202211603293,242,True,0
L242N,-7.36475203563426,242,True,2
L242P,-7.36475203563426,242,True,2
L242Q,-7.36475203563426,242,True,2
L242R,-7.36475203563426,242,True,2
L242S,-6.952904260858361,242,True,2
L242T,-6.952904260858361,242,True,2
L242V,-4.4201561641241,242,True,1
L242W,-6.76140595102096,242,True,2
L242Y,-6.76140595102096,242,True,2
P243A,-7.14201156351942,243,True,2
P243C,-7.14201156351942,243,True,2
P243D,-7.58145647898667,243,True,2
P243E,-7.58145647898667,243,True,2
P243F,-7.858715351210639,243,True,2
P243G,-7.858715351210639,243,True,2
P243H,-7.58145647898667,243,True,2
P243I,-7.858715351210639,243,True,2
P243K,-7.858715351210639,243,True,2
P243L,-7.858715351210639,243,True,2
P243M,-7.858715351210639,243,True,2
P243N,-7.58145647898667,243,True,2
P243Q,-7.58145647898667,243,True,2
P243R,-7.858715351210639,243,True,2
P243S,-3.9363007019484706,243,True,1
P243T,-4.30349130496047,243,True,1
P243V,-7.858715351210639,243,True,2
P243W,-7.858715351210639,243,True,2
P243Y,-7.858715351210639,243,True,2
D244A,-6.233437742856999,244,True,2
D244C,-6.8643565469344106,244,True,2
D244E,-4.57296566019497,244,True,1
D244F,-7.1929725491069805,244,True,2
D244G,-5.8569877973750195,244,True,2
D244H,-1.8894279510777199,244,True,1
D244I,-7.61905833914402,244,True,2
D244K,-7.61905833914402,244,True,2
D244L,-7.61905833914402,244,True,2
D244M,-7.61905833914402,244,True,2
D244N,-0.963055810618356,244,True,0
D244P,-7.61905833914402,244,True,2
D244Q,-4.57296566019497,244,True,1
D244R,-7.61905833914402,244,True,2
D244S,-5.5862286052657195,244,True,2
D244T,-6.8643565469344106,244,True,2
D244V,-7.61905833914402,244,True,2
D244W,-7.1929725491069805,244,True,2
D244Y,-3.61460705591547,244,True,1
G245A,-3.41655543587275,245,True,1
G245C,-4.00518597461044,245,True,1
G245D,-5.32042288505833,245,True,2
G245E,-5.317314632594,245,True,2
G245F,-7.67151861230634,245,True,2
G245H,-6.64038613247906,245,True,2
G245I,-7.40069214591795,245,True,2
G245K,-3.9260469682302404,245,True,1
G245L,-7.40069214591795,245,True,2
G245M,-7.40069214591795,245,True,2
G245N,-5.3519939514993204,245,True,2
G245P,-7.67151861230634,245,True,2
G245Q,-6.64038613247906,245,True,2
G245R,-5.582131093274009,245,True,2
G245S,-3.15184321424133,245,True,1
G245T,-6.588212746752809,245,True,2
G245V,-7.40069214591795,245,True,2
G245W,-7.67151861230634,245,True,2
G245Y,-7.67151861230634,245,True,2
Q246A,-2.45394430300596,246,True,1
Q246C,-4.85545879262349,246,True,1
Q246D,-3.6447894618385694,246,True,1
Q246E,-1.23842644064705,246,True,0
Q246F,-6.05849828317545,246,True,2
Q246G,-3.70291190200646,246,True,1
Q246H,-1.7748841439294898,246,True,1
Q246I,-5.456978537899469,246,True,2
Q246K,-2.4139035650400498,246,True,1
Q246L,-5.456978537899469,246,True,2
Q246M,-5.456978537899469,246,True,2
Q246N,-0.9445693680419108,246,True,0
Q246P,-6.05849828317545,246,True,2
Q246R,-2.20129997426211,246,True,1
Q246S,-2.54336625764199,246,True,1
Q246T,-2.7230305967455397,246,True,1
Q246V,-4.04744628810165,246,True,1
Q246W,-6.05849828317545,246,True,2
Q246Y,-6.05849828317545,246,True,2
V247A,-2.11856953450523,247,True,1
V247C,-4.29875257467829,247,True,1
V247D,-4.97630997925371,247,True,1
V247E,-2.8940047147705696,247,True,1
V247F,-4.15654170060334,247,True,1
V247G,-5.3307632413410495,247,True,2
V247H,-4.64026372422013,247,True,1
V247I,-0.5971519682222171,247,True,0
V247K,-3.6351158416622202,247,True,1
V247L,-0.778677207146256,247,True,0
V247M,-0.645146601083724,247,True,0
V247N,-2.87248049789367,247,True,1
V247P,-2.9981074233309304,247,True,1
V247Q,-3.3679070463740097,247,True,1
V247R,-3.99280991778959,247,True,1
V247S,-3.1606022268331,247,True,1
V247T,-2.26329230447718,247,True,1
V247W,-5.65575138489032,247,True,2
V247Y,-5.65575138489032,247,True,2
I248A,-6.1879855076228,248,True,2
I248C,-3.95201396656609,248,True,1
I248D,-6.8683535321385,248,True,2
I248E,-6.8683535321385,248,True,2
I248F,-5.6719222716441395,248,True,2
I248G,-6.8683535321385,248,True,2
I248H,-6.8683535321385,248,True,2
I248K,-6.8683535321385,248,True,2
I248L,-0.564235304702866,248,True,0
I248M,-1.7829427494434198,248,True,1
I248N,-6.8683535321385,248,True,2
I248P,-6.8683535321385,248,True,2
I248Q,-6.8683535321385,248,True,2
I248R,-6.8683535321385,248,True,2
I248S,-6.1879855076228,248,True,2
I248T,-6.1879855076228,248,True,2
I248V,-0.797050640320756,248,True,0
I248W,-6.30562966043504,248,True,2
I248Y,-6.30562966043504,248,True,2
T249A,-1.2742709752208798,249,True,0
T249C,-2.93653230757147,249,True,1
T249D,-4.35404493651182,249,True,1
T249E,-3.71979931051871,249,True,1
T249F,-5.88688334593832,249,True,2
T249G,-6.514096467944079,249,True,2
T249H,-3.83864280488701,249,True,1
T249I,-2.46632616335699,249,True,1
T249K,-2.3939691844214197,249,True,1
T249L,-2.99417009264562,249,True,1
T249M,-3.83426962915533,249,True,1
T249N,-2.8521293166210198,249,True,1
T249P,-6.514096467944079,249,True,2
T249Q,-3.6174045337318503,249,True,1
T249R,-2.82157819773076,249,True,1
T249S,-0.842958814252476,249,True,0
T249V,-2.1730696429078202,249,True,1
T249W,-5.978282398136519,249,True,2
T249Y,-5.6623054444417695,249,True,2
I250A,-5.27475872461642,250,True,2
I250C,-5.27475872461642,250,True,2
I250D,-5.729531566305701,250,True,2
I250E,-5.729531566305701,250,True,2
I250F,-4.90803854117005,250,True,1
I250G,-5.939111547819801,250,True,2
I250H,-5.729531566305701,250,True,2
I250K,-5.939111547819801,250,True,2
I250L,-0.858290675359163,250,True,0
I250M,-1.58653585933907,250,True,1
I250N,-5.729531566305701,250,True,2
I250P,-5.939111547819801,250,True,2
I250Q,-5.729531566305701,250,True,2
I250R,-5.939111547819801,250,True,2
I250S,-5.27475872461642,250,True,2
I250T,-3.5438051080566604,250,True,1
I250V,-0.127605185532223,250,True,0
I250W,-5.452481900616231,250,True,2
I250Y,-5.452481900616231,250,True,2
G251A,-1.9998979920256998,251,True,1
G251C,-1.7649612477281,251,True,1
G251D,-4.3841907265755,251,True,1
G251E,-2.9805063800856697,251,True,1
G251F,-6.85450581473549,251,True,2
G251H,-4.94598053288366,251,True,1
G251I,-6.291395677933051,251,True,2
G251K,-4.03322137662551,251,True,1
G251L,-6.291395677933051,251,True,2
G251M,-6.291395677933051,251,True,2
G251N,-4.293629392142329,251,True,1
G251P,-6.85450581473549,251,True,2
G251Q,-3.6781939041477205,251,True,1
G251R,-4.53278312714426,251,True,1
G251S,-1.80204208328865,251,True,1
G251T,-3.6402677734967703,251,True,1
G251V,-4.70862653822422,251,True,1
G251W,-6.85450581473549,251,True,2
G251Y,-6.85450581473549,251,True,2
N252A,-0.8696675920234829,252,True,0
N252C,-3.88534451266796,252,True,1
N252D,-0.6771619614139891,252,True,0
N252E,-2.45339433615114,252,True,1
N252F,-5.42136500173005,252,True,2
N252G,-2.27946790331899,252,True,1
N252H,-3.04169710259694,252,True,1
N252I,-5.13072567747761,252,True,1
N252K,-2.81205321187181,252,True,1
N252L,-5.13072567747761,252,True,1
N252M,-5.13072567747761,252,True,1
N252P,-5.74690579510818,252,True,2
N252Q,-2.25933977811729,252,True,1
N252R,-4.300667764172,252,True,1
N252S,-1.0022524600248,252,True,0
N252T,-1.7825687051274899,252,True,1
N252V,-4.14710964987132,252,True,1
N252W,-5.42136500173005,252,True,2
N252Y,-4.57404899961331,252,True,1
E253A,-4.07394458122908,253,True,1
E253C,-5.72649542540674,253,True,2
E253D,-1.01875676521121,253,True,0
E253F,-6.88241133105178,253,True,2
E253G,-3.60200276538486,253,True,1
E253H,-4.1352890788561805,253,True,1
E253I,-6.639310751885801,253,True,2
E253K,-2.8547239866676004,253,True,1
E253L,-6.639310751885801,253,True,2
E253M,-6.639310751885801,253,True,2
E253N,-4.1352890788561805,253,True,1
E253P,-6.011655068356509,253,True,2
E253Q,-2.06460758327427,253,True,1
E253R,-5.23850175818578,253,True,1
E253S,-4.79398932968994,253,True,1
E253T,-5.72649542540674,253,True,2
E253V,-5.63533095422932,253,True,2
E253W,-6.88241133105178,253,True,2
E253Y,-6.88241133105178,253,True,2
R254A,-5.392596904229849,254,True,2
R254C,-3.3454534667672498,254,True,1
R254D,-6.17919942630488,254,True,2
R254E,-6.17919942630488,254,True,2
R254F,-6.733200996247259,254,True,2
R254G,-3.24961844370577,254,True,1
R254H,-4.49211368724035,254,True,1
R254I,-6.05096552496354,254,True,2
R254K,-3.47433012699973,254,True,1
R254L,-3.79833274690129,254,True,1
R254M,-4.14341412556017,254,True,1
R254N,-6.17919942630488,254,True,2
R254P,-7.3350020204646205,254,True,2
R254Q,-2.6988531728145597,254,True,1
R254S,-5.12373453386358,254,True,1
R254T,-6.275606886855121,254,True,2
R254V,-6.05096552496354,254,True,2
R254W,-3.20020027080421,254,True,1
R254Y,-6.733200996247259,254,True,2
F255A,-6.7840065308432305,255,True,2
F255C,-6.7840065308432305,255,True,2
F255D,-7.530301991208921,255,True,2
F255E,-7.530301991208921,255,True,2
F255G,-7.530301991208921,255,True,2
F255H,-7.530301991208921,255,True,2
F255I,-4.32098927891254,255,True,1
F255K,-7.530301991208921,255,True,2
F255L,-5.87070215966262,255,True,2
F255M,-6.31145478619387,255,True,2
F255N,-7.530301991208921,255,True,2
F255P,-7.530301991208921,255,True,2
F255Q,-7.530301991208921,255,True,2
F255R,-7.530301991208921,255,True,2
F255S,-3.6570869491291202,255,True,1
F255T,-6.7840065308432305,255,True,2
F255V,-3.42746529130638,255,True,1
F255W,-3.7267840581900096,255,True,1
F255Y,-2.1178096216022397,255,True,1
R256A,-5.818143812698421,256,True,2
R256C,-2.46541446382908,256,True,1
R256D,-5.59551576987739,256,True,2
R256E,-4.83785700143259,256,True,1
R256F,-6.452713346320231,256,True,2
R256G,-3.9701342224929204,256,True,1
R256H,-2.67951511854726,256,True,1
R256I,-4.7395532915708705,256,True,1
R256K,-2.17962406453097,256,True,1
R256L,-3.5562620227545296,256,True,1
R256M,-4.70511001806581,256,True,1
R256N,-5.59551576987739,256,True,2
R256P,-4.95666802746545,256,True,1
R256Q,-3.8560488098736503,256,True,1
R256S,-5.070035808206621,256,True,1
R256T,-5.818143812698421,256,True,2
R256V,-5.86543529071032,256,True,2
R256W,-3.15628782980296,256,True,1
R256Y,-6.452713346320231,256,True,2
C257A,-0.10285128567815101,257,True,0
C257D,-2.55946867686945,257,True,1
C257E,-6.02192225053719,257,True,2
C257F,-6.02192225053719,257,True,2
C257G,-3.77149887415713,257,True,1
C257H,-6.02192225053719,257,True,2
C257I,-4.769270074304099,257,True,1
C257K,-6.47973210035342,257,True,2
C257L,-2.8941510486805098,257,True,1
C257M,-5.23763337414678,257,True,1
C257N,-6.02192225053719,257,True,2
C257P,-6.47973210035342,257,True,2
C257Q,-6.02192225053719,257,True,2
C257R,-6.47973210035342,257,True,2
C257S,-1.50564787165867,257,True,0
C257T,-0.291210154375279,257,True,0
C257V,-2.76157034929631,257,True,1
C257W,-6.02192225053719,257,True,2
C257Y,-4.37695279614983,257,True,1
P258A,-2.00609680603096,258,True,1
P258C,-3.7207760340747003,258,True,1
P258D,-6.7622444631972805,258,True,2
P258E,-6.7622444631972805,258,True,2
P258F,-6.7622444631972805,258,True,2
P258G,-4.92102202340315,258,True,1
P258H,-6.7622444631972805,258,True,2
P258I,-6.12115292510748,258,True,2
P258K,-6.61716904751618,258,True,2
P258L,-4.931792339188309,258,True,1
P258M,-6.12115292510748,258,True,2
P258N,-6.7622444631972805,258,True,2
P258Q,-6.7622444631972805,258,True,2
P258R,-4.24554084095353,258,True,1
P258S,-2.54547931743667,258,True,1
P258T,-2.85694113129543,258,True,1
P258V,-3.7342182084866202,258,True,1
P258W,-6.7622444631972805,258,True,2
P258Y,-6.24104740827461,258,True,2
E259A,-7.2274837945457495,259,True,2
E259C,-7.2274837945457495,259,True,2
E259D,-4.59654737255159,259,True,1
E259F,-7.65576680916012,259,True,2
E259G,-4.42902409904415,259,True,1
E259H,-4.59654737255159,259,True,1
E259I,-7.65576680916012,259,True,2
E259K,-3.76750159929142,259,True,1
E259L,-7.65576680916012,259,True,2
E259M,-7.65576680916012,259,True,2
E259N,-4.59654737255159,259,True,1
E259P,-7.65576680916012,259,True,2
E259Q,-1.5727597773548099,259,True,1
E259R,-6.585411359034589,259,True,2
E259S,-6.88160085837241,259,True,2
E259T,-7.2274837945457495,259,True,2
E259V,-7.65576680916012,259,True,2
E259W,-7.65576680916012,259,True,2
E259Y,-7.65576680916012,259,True,2
A260C,-1.11215836994876,260,True,0
A260D,-5.349766426911139,260,True,2
A260E,-5.349766426911139,260,True,2
A260F,-4.06066521173038,260,True,1
A260G,-2.8364669309436397,260,True,1
A260H,-5.349766426911139,260,True,2
A260I,-1.4106573931583,260,True,0
A260K,-3.0041592554324597,260,True,1
A260L,-1.7666498488152098,260,True,1
A260M,-2.23056362628756,260,True,1
A260N,-5.349766426911139,260,True,2
A260P,-1.83704911989282,260,True,1
A260Q,-5.349766426911139,260,True,2
A260R,-4.7446355617341105,260,True,1
A260S,-0.0861205108882098,260,True,0
A260T,-0.18763350232435996,260,True,0
A260V,-0.671173400402173,260,True,0
A260W,-4.686700426076929,260,True,1
A260Y,-4.00890364002129,260,True,1
L261A,-6.097719921112831,261,True,2
L261C,-6.097719921112831,261,True,2
L261D,-6.64216057813104,261,True,2
L261E,-6.64216057813104,261,True,2
L261F,-3.19577862221613,261,True,1
L261G,-6.64216057813104,261,True,2
L261H,-6.64216057813104,261,True,2
L261I,-0.0535813084172658,261,True,0
L261K,-6.407682749891219,261,True,2
L261M,-0.195003503127545,261,True,0
L261N,-6.64216057813104,261,True,2
L261P,-6.64216057813104,261,True,2
L261Q,-6.64216057813104,261,True,2
L261R,-6.407682749891219,261,True,2
L261S,-4.982247698084,261,True,1
L261T,-4.7156718874676296,261,True,1
L261V,-0.23395867666871997,261,True,0
L261W,-5.83100056524881,261,True,2
L261Y,-5.59606485621855,261,True,2
F262A,-6.73650766960217,262,True,2
F262C,-4.44012403308638,262,True,1
F262D,-7.3381799387865305,262,True,2
F262E,-7.3381799387865305,262,True,2
F262G,-7.3381799387865305,262,True,2
F262H,-7.3381799387865305,262,True,2
F262I,-6.06667630962595,262,True,2
F262K,-7.3381799387865305,262,True,2
F262L,-1.85325638962174,262,True,1
F262M,-4.6627577425508795,262,True,1
F262N,-7.3381799387865305,262,True,2
F262P,-7.3381799387865305,262,True,2
F262Q,-7.3381799387865305,262,True,2
F262R,-7.3381799387865305,262,True,2
F262S,-4.50697891383641,262,True,1
F262T,-6.73650766960217,262,True,2
F262V,-5.633638099530341,262,True,2
F262W,-4.40789367369866,262,True,1
F262Y,-0.570495374088942,262,True,0
Q263A,-2.7275184040236904,263,True,1
Q263C,-4.712927734906709,263,True,1
Q263D,-1.58090573172503,263,True,1
Q263E,-1.38858236599771,263,True,0
Q263F,-6.03675119385034,263,True,2
Q263G,-6.03675119385034,263,True,2
Q263H,-0.867616911964864,263,True,0
Q263I,-5.11130957990404,263,True,1
Q263K,-1.4415317450288898,263,True,0
Q263L,-3.2137094488521005,263,True,1
Q263M,-4.78776245592383,263,True,1
Q263N,-0.6367455559156601,263,True,0
Q263P,-5.377342009483369,263,True,2
Q263R,-1.36187287717692,263,True,0
Q263S,-1.9748207995061,263,True,1
Q263T,-4.369853452929241,263,True,1
Q263V,-4.6905679937267,263,True,1
Q263W,-6.03675119385034,263,True,2
Q263Y,-6.03675119385034,263,True,2
P264A,-3.4759680360515297,264,True,1
P264C,-6.44302393338789,264,True,2
P264D,-6.99800417848295,264,True,2
P264E,-6.99800417848295,264,True,2
P264F,-7.5297312436341,264,True,2
P264G,-7.5297312436341,264,True,2
P264H,-6.36237276320912,264,True,2
P264I,-6.842483981616981,264,True,2
P264K,-7.5297312436341,264,True,2
P264L,-5.0351949710307995,264,True,1
P264M,-6.842483981616981,264,True,2
P264N,-6.99800417848295,264,True,2
P264Q,-6.99800417848295,264,True,2
P264R,-7.5297312436341,264,True,2
P264S,-3.9421585091245,264,True,1
P264T,-3.56112685310068,264,True,1
P264V,-5.95848763094804,264,True,2
P264W,-7.5297312436341,264,True,2
P264Y,-7.5297312436341,264,True,2
S265A,-0.19473817178154898,265,True,0
S265C,-0.52293503396039,265,True,0
S265D,-2.0137749319902,265,True,1
S265E,-2.61107155124353,265,True,1
S265F,-4.9172124934067805,265,True,1
S265G,-1.75195484191448,265,True,1
S265H,-1.44323446889617,265,True,0
S265I,-2.58708052322132,265,True,1
S265K,-2.9506684558830805,265,True,1
S265L,-2.44368939310699,265,True,1
S265M,-3.02283637062505,265,True,1
S265N,-1.05082755395648,265,True,0
S265P,-3.12957476655485,265,True,1
S265Q,-1.2652908432238401,265,True,0
S265R,-3.06780310817425,265,True,1
S265T,-0.452015745724332,265,True,0
S265V,-4.14005567868897,265,True,1
S265W,-4.38552978858325,265,True,1
S265Y,-3.5345946820858103,265,True,1
F266A,-2.03066874801956,266,True,1
F266C,-4.16254150921554,266,True,1
F266D,-1.8144560526263502,266,True,1
F266E,-3.40675619856162,266,True,1
F266G,-5.184213318023089,266,True,1
F266H,-2.02103279327791,266,True,1
F266I,-0.6802138535727871,266,True,0
F266K,-2.80818962057912,266,True,1
F266L,-0.6514655947345122,266,True,0
F266M,-0.614553388939396,266,True,0
F266N,-3.5221926810778497,266,True,1
F266P,-3.37615833851887,266,True,1
F266Q,-2.9428313680358196,266,True,1
F266R,-3.5292684830899104,266,True,1
F266S,-2.44289998041133,266,True,1
F266T,-2.24823728278227,266,True,1
F266V,-0.8266685867225579,266,True,0
F266W,-3.18588933937882,266,True,1
F266Y,-1.5485183875766,266,True,1
L267A,-2.7812370215772004,267,True,1
L267C,-3.33240267754709,267,True,1
L267D,-3.1490353982320602,267,True,1
L267E,-4.475480729126709,267,True,1
L267F,-2.9184073650074907,267,True,1
L267G,-3.60582374295988,267,True,1
L267H,-4.475480729126709,267,True,1
L267I,-0.18586926427270603,267,True,0
L267K,-4.9270812998475995,267,True,1
L267M,-1.1744232486880501,267,True,0
L267N,-3.11358833268525,267,True,1
L267P,-3.39207453277637,267,True,1
L267Q,-4.23264657865575,267,True,1
L267R,-3.57768805340587,267,True,1
L267S,-3.0044476884146203,267,True,1
L267T,-2.25968329891588,267,True,1
L267V,-0.500215869010431,267,True,0
L267W,-4.59186473361767,267,True,1
L267Y,-2.9534718358926,267,True,1
G268A,-4.0838266563947405,268,True,1
G268C,-5.23129253339312,268,True,1
G268D,-3.7722677345173503,268,True,1
G268E,-3.5991880000123597,268,True,1
G268F,-7.00772802672517,268,True,2
G268H,-6.00466623223691,268,True,2
G268I,-7.264469742404571,268,True,2
G268K,-5.313507022905,268,True,2
G268L,-7.264469742404571,268,True,2
G268M,-7.264469742404571,268,True,2
G268N,-5.472373589918231,268,True,2
G268P,-6.3523895222537305,268,True,2
G268Q,-4.32010458794351,268,True,1
G268R,-3.26585081567249,268,True,1
G268S,-4.10938073737878,268,True,1
G268T,-6.19387604327983,268,True,2
G268V,-7.264469742404571,268,True,2
G268W,-7.00772802672517,268,True,2
G268Y,-7.00772802672517,268,True,2
M269A,-4.05959056035148,269,True,1
M269C,-4.531491701798389,269,True,1
M269D,-4.39261333675955,269,True,1
M269E,-3.8542023049836303,269,True,1
M269F,-3.2352619040244504,269,True,1
M269G,-5.543912615788111,269,True,2
M269H,-1.89131272838004,269,True,1
M269I,-0.503974801297214,269,True,0
M269K,-1.2500245201358797,269,True,0
M269L,-0.20744988396856898,269,True,0
M269N,-2.19034411622869,269,True,1
M269P,-4.60541908190445,269,True,1
M269Q,-1.8254337925025002,269,True,1
M269R,-1.1374651969302398,269,True,0
M269S,-1.59785845834877,269,True,1
M269T,-2.20907945675588,269,True,1
M269V,-1.12096740973243,269,True,0
M269W,-4.36809788801609,269,True,1
M269Y,-3.2482556903632402,269,True,1
E270A,-3.6327027936009197,270,True,1
E270C,-5.93847892525838,270,True,2
E270D,-1.5838154908303501,270,True,1
E270F,-6.55971776842913,270,True,2
E270G,-2.97344637268088,270,True,1
E270H,-4.08812565414295,270,True,1
E270I,-6.319389777985389,270,True,2
E270K,-4.06426250997909,270,True,1
E270L,-6.319389777985389,270,True,2
E270M,-5.69638895664271,270,True,2
E270N,-1.62769629402405,270,True,1
E270P,-3.80351131775076,270,True,1
E270Q,-2.9188908402621205,270,True,1
E270R,-4.35600362523462,270,True,1
E270S,-4.81515832837835,270,True,1
E270T,-4.3393710294774595,270,True,1
E270V,-5.62732794282468,270,True,2
E270W,-6.55971776842913,270,True,2
E270Y,-6.55971776842913,270,True,2
S271A,-0.0858549000896838,271,True,0
S271C,-0.426427305609882,271,True,0
S271D,-1.1811860277338002,271,True,0
S271E,-1.8655885098193703,271,True,1
S271F,-2.3929984735635,271,True,1
S271G,-2.09959608381935,271,True,1
S271H,-1.5036823930486203,271,True,0
S271I,-1.0348313043450699,271,True,0
S271K,-3.44051180393354,271,True,1
S271L,-1.6828214454439399,271,True,1
S271M,-1.40854355096233,271,True,0
S271N,-1.21986583158243,271,True,0
S271P,-3.08440175429882,271,True,1
S271Q,-0.88485518142049,271,True,0
S271R,-3.75547194689115,271,True,1
S271T,-0.155504582710734,271,True,0
S271V,-1.04411002342983,271,True,0
S271W,-3.8828739644491406,271,True,1
S271Y,-1.84741129281521,271,True,1
C272A,-0.0908367153780662,272,True,0
C272D,-1.11358266425374,272,True,0
C272E,-1.22541224802846,272,True,0
C272F,-2.7534666092834903,272,True,1
C272G,-1.24751804438804,272,True,0
C272H,-1.40043543494558,272,True,0
C272I,-2.5490918237633498,272,True,1
C272K,-2.14345826238475,272,True,1
C272L,-1.9035391207034298,272,True,1
C272M,-2.17567321241188,272,True,1
C272N,-0.589201346323347,272,True,0
C272P,-1.0911839770981702,272,True,0
C272Q,-0.9867802493631321,272,True,0
C272R,-1.34912133018266,272,True,0
C272S,-0.0409375876776972,272,True,0
C272T,-0.16625609566809102,272,True,0
C272V,-0.680082080792492,272,True,0
C272W,-3.82500768035811,272,True,1
C272Y,-1.81170389840915,272,True,1
G273A,-4.112253628983661,273,True,1
G273C,-5.99844702790967,273,True,2
G273D,-3.6504996856858503,273,True,1
G273E,-6.70039485270519,273,True,2
G273F,-7.20999665985286,273,True,2
G273H,-6.70039485270519,273,True,2
G273I,-7.20999665985286,273,True,2
G273K,-7.20999665985286,273,True,2
G273L,-7.20999665985286,273,True,2
G273M,-7.20999665985286,273,True,2
G273N,-6.70039485270519,273,True,2
G273P,-6.511402913890281,273,True,2
G273Q,-6.70039485270519,273,True,2
G273R,-7.20999665985286,273,True,2
G273S,-3.7403937837859798,273,True,1
G273T,-5.99844702790967,273,True,2
G273V,-7.20999665985286,273,True,2
G273W,-7.20999665985286,273,True,2
G273Y,-7.20999665985286,273,True,2
I274A,-3.7328518140467697,274,True,1
I274C,-5.10932302415737,274,True,1
I274D,-5.9719798231556,274,True,2
I274E,-5.9719798231556,274,True,2
I274F,-4.03336920740193,274,True,1
I274G,-5.9719798231556,274,True,2
I274H,-5.9719798231556,274,True,2
I274K,-5.76093036961871,274,True,2
I274L,-0.5755982429583051,274,True,0
I274M,-1.2166643969233701,274,True,0
I274N,-5.9719798231556,274,True,2
I274P,-5.9719798231556,274,True,2
I274Q,-5.9719798231556,274,True,2
I274R,-5.76093036961871,274,True,2
I274S,-4.3751228749268,274,True,1
I274T,-3.6194474462040196,274,True,1
I274V,-0.17750525996662603,274,True,0
I274W,-5.27088871404078,274,True,2
I274Y,-5.27088871404078,274,True,2
H275A,-2.29090214650352,275,True,1
H275C,-5.15774111423112,275,True,1
H275D,-0.79232518619377,275,True,0
H275E,-4.02445503078008,275,True,1
H275F,-6.314613507971361,275,True,2
H275G,-6.036144256030759,275,True,2
H275I,-6.14025850606755,275,True,2
H275K,-6.14025850606755,275,True,2
H275L,-5.44875902005712,275,True,2
H275M,-6.14025850606755,275,True,2
H275N,-1.92277560409374,275,True,1
H275P,-3.7747639940025897,275,True,1
H275Q,-0.291068853745911,275,True,0
H275R,-4.1341647534646295,275,True,1
H275S,-4.69302618448516,275,True,1
H275T,-4.683258359118669,275,True,1
H275V,-5.57304640120432,275,True,2
H275W,-6.314613507971361,275,True,2
H275Y,-3.8539566954535402,275,True,1
E276A,-2.0229415426084,276,True,1
E276C,-4.696873308747049,276,True,1
E276D,-0.621210922972402,276,True,0
E276F,-5.86753285441872,276,True,2
E276G,-4.21225229089174,276,True,1
E276H,-1.00106446179809,276,True,0
E276I,-2.5765735997220895,276,True,1
E276K,-1.52059505093819,276,True,0
E276L,-3.13686750586313,276,True,1
E276M,-2.8372957303149504,276,True,1
E276N,-2.05289239371782,276,True,1
E276P,-5.86753285441872,276,True,2
E276Q,-0.5502861449364,276,True,0
E276R,-2.2946196287851297,276,True,1
E276S,-2.50149897103567,276,True,1
E276T,-2.3624656233677004,276,True,1
E276V,-1.6757620001571298,276,True,1
E276W,-5.86753285441872,276,True,2
E276Y,-5.86753285441872,276,True,2
T277A,-0.44892615513504497,277,True,0
T277C,-0.274433956848928,277,True,0
T277D,-4.6724597813816295,277,True,1
T277E,-4.03551360455646,277,True,1
T277F,-2.35173013907175,277,True,1
T277G,-2.06882875276828,277,True,1
T277H,-2.37325249816623,277,True,1
T277I,-1.45902508969758,277,True,0
T277K,-3.2550471891644706,277,True,1
T277L,-1.60994334963672,277,True,1
T277M,-1.4979214350427699,277,True,0
T277N,-1.44249423247471,277,True,0
T277P,-5.73753612889517,277,True,2
T277Q,-2.2056586864586403,277,True,1
T277R,-3.33588816068816,277,True,1
T277S,-0.194697260966451,277,True,0
T277V,-1.7567454372193199,277,True,1
T277W,-4.81269075496471,277,True,1
T277Y,-3.7196800178987597,277,True,1
T278A,-0.37817224402371297,278,True,0
T278C,-0.6801436088749591,278,True,0
T278D,-4.94284357487905,278,True,1
T278E,-4.94284357487905,278,True,1
T278F,-5.44475123739921,278,True,2
T278G,-5.44475123739921,278,True,2
T278H,-4.94284357487905,278,True,1
T278I,-1.29178640499705,278,True,0
T278K,-5.44475123739921,278,True,2
T278L,-1.36806334777379,278,True,0
T278M,-1.91681708029717,278,True,1
T278N,-2.75181679108926,278,True,1
T278P,-4.35107026637635,278,True,1
T278Q,-4.94284357487905,278,True,1
T278R,-5.44475123739921,278,True,2
T278S,-0.118219224008752,278,True,0
T278V,-0.67435709455309,278,True,0
T278W,-5.44475123739921,278,True,2
T278Y,-5.44475123739921,278,True,2
F279A,-4.90393603161835,279,True,1
F279C,-3.31107546264899,279,True,1
F279D,-4.37127616808447,279,True,1
F279E,-4.37127616808447,279,True,1
F279G,-5.66862928344767,279,True,2
F279H,-2.19709442448298,279,True,1
F279I,-4.68309833013725,279,True,1
F279K,-3.6742585594872303,279,True,1
F279L,-2.28045917106447,279,True,1
F279M,-4.32622334156393,279,True,1
F279N,-2.4986689341322403,279,True,1
F279P,-5.66862928344767,279,True,2
F279Q,-3.66620831450153,279,True,1
F279R,-4.16632234437869,279,True,1
F279S,-3.67526485124204,279,True,1
F279T,-4.484548501959741,279,True,1
F279V,-2.6063410473910498,279,True,1
F279W,-2.77836564730301,279,True,1
F279Y,-0.0200983314876548,279,True,0
N280A,-2.12945376710458,280,True,1
N280C,-4.48633219614479,280,True,1
N280D,-0.8241794531548621,280,True,0
N280E,-1.3882406280646598,280,True,0
N280F,-2.33595701056709,280,True,1
N280G,-4.13242811808043,280,True,1
N280H,-1.3045785097943101,280,True,0
N280I,-3.7580630101320396,280,True,1
N280K,-1.86332287955938,280,True,1
N280L,-3.79055498701518,280,True,1
N280M,-4.28132814313044,280,True,1
N280P,-5.95404842453338,280,True,2
N280Q,-0.594225818605334,280,True,0
N280R,-2.59980809125236,280,True,1
N280S,-1.56984732335816,280,True,1
N280T,-1.46670232851822,280,True,0
N280V,-4.99772268867499,280,True,1
N280W,-3.89676938441374,280,True,1
N280Y,-3.3227124475099097,280,True,1
S281A,-0.252800495014686,281,True,0
S281C,-1.09160217951693,281,True,0
S281D,-6.127621345386999,281,True,2
S281E,-6.127621345386999,281,True,2
S281F,-6.4912180684446,281,True,2
S281G,-2.6527571666901,281,True,1
S281H,-6.127621345386999,281,True,2
S281I,-6.261814077566481,281,True,2
S281K,-6.261814077566481,281,True,2
S281L,-5.5913035013037,281,True,2
S281M,-6.261814077566481,281,True,2
S281N,-4.685566368462871,281,True,1
S281P,-5.65415397414986,281,True,2
S281Q,-6.127621345386999,281,True,2
S281R,-5.73784976935529,281,True,2
S281T,-0.920369234313978,281,True,0
S281V,-6.261814077566481,281,True,2
S281W,-6.4912180684446,281,True,2
S281Y,-6.4912180684446,281,True,2
I282A,-6.411787756243781,282,True,2
I282C,-6.411787756243781,282,True,2
I282D,-6.655581482590329,282,True,2
I282E,-6.655581482590329,282,True,2
I282F,-6.512971294766519,282,True,2
I282G,-6.8993752089368705,282,True,2
I282H,-6.655581482590329,282,True,2
I282K,-6.8993752089368705,282,True,2
I282L,-3.34328171460526,282,True,1
I282M,-3.9389040169869305,282,True,1
I282N,-6.655581482590329,282,True,2
I282P,-6.8993752089368705,282,True,2
I282Q,-6.655581482590329,282,True,2
I282R,-6.8993752089368705,282,True,2
I282S,-6.411787756243781,282,True,2
I282T,-4.26302744050353,282,True,1
I282V,-0.5803300276884139,282,True,0
I282W,-6.512971294766519,282,True,2
I282Y,-5.8686258821593205,282,True,2
M283A,-2.7393872798028904,283,True,1
M283C,-4.968388611136009,283,True,1
M283D,-4.2266549440309,283,True,1
M283E,-3.5443074741648704,283,True,1
M283F,-2.17709460618344,283,True,1
M283G,-2.9635105841697205,283,True,1
M283H,-3.9527014930675697,283,True,1
M283I,-0.9195020538901261,283,True,0
M283K,-1.83376983439474,283,True,1
M283L,-0.9589241866710849,283,True,0
M283N,-2.5041773765102997,283,True,1
M283P,-6.2451826247603,283,True,2
M283Q,-2.19079215541046,283,True,1
M283R,-2.97245758713791,283,True,1
M283S,-3.55668163691243,283,True,1
M283T,-2.13930439536402,283,True,1
M283V,-0.791087977504611,283,True,0
M283W,-5.15652736683788,283,True,1
M283Y,-2.20147979932287,283,True,1
K284A,-2.5118735122052,284,True,1
K284C,-5.03875628694668,284,True,1
K284D,-4.43984260014276,284,True,1
K284E,-2.23871842806966,284,True,1
K284F,-6.39356134247671,284,True,2
K284G,-3.54237366247599,284,True,1
K284H,-2.8688787049978,284,True,1
K284I,-2.58537026302089,284,True,1
K284L,-4.85763664451028,284,True,1
K284M,-3.61450691043918,284,True,1
K284N,-2.39642272885738,284,True,1
K284P,-6.39356134247671,284,True,2
K284Q,-3.16389177930216,284,True,1
K284R,-0.530311696213858,284,True,0
K284S,-2.80115650443649,284,True,1
K284T,-2.9777032364840603,284,True,1
K284V,-5.554822902586781,284,True,2
K284W,-6.39356134247671,284,True,2
K284Y,-6.39356134247671,284,True,2
C285A,-2.8167796319879197,285,True,1
C285D,-6.95601901150642,285,True,2
C285E,-6.95601901150642,285,True,2
C285F,-6.95601901150642,285,True,2
C285G,-5.23607377432382,285,True,1
C285H,-6.95601901150642,285,True,2
C285I,-6.566363204961609,285,True,2
C285K,-6.464328127504411,285,True,2
C285L,-6.566363204961609,285,True,2
C285M,-6.566363204961609,285,True,2
C285N,-6.95601901150642,285,True,2
C285P,-6.95601901150642,285,True,2
C285Q,-6.95601901150642,285,True,2
C285R,-3.1435258073602403,285,True,1
C285S,-0.8116355507174179,285,True,0
C285T,-2.2712890027502595,285,True,1
C285V,-5.51214662088487,285,True,2
C285W,-6.95601901150642,285,True,2
C285Y,-6.95601901150642,285,True,2
D286A,-4.25181779187332,286,True,1
D286C,-6.262569384938941,286,True,2
D286E,-1.8306347464239698,286,True,1
D286F,-7.005761791935309,286,True,2
D286G,-3.5794578085464503,286,True,1
D286H,-4.21405199812728,286,True,1
D286I,-6.51030018727106,286,True,2
D286K,-5.321468499654769,286,True,2
D286L,-6.51030018727106,286,True,2
D286M,-6.51030018727106,286,True,2
D286N,-1.7072222111056299,286,True,1
D286P,-5.37867409486207,286,True,2
D286Q,-4.21405199812728,286,True,1
D286R,-6.75803098960319,286,True,2
D286S,-6.262569384938941,286,True,2
D286T,-4.96254562130179,286,True,1
D286V,-5.3239328537583495,286,True,2
D286W,-7.005761791935309,286,True,2
D286Y,-7.005761791935309,286,True,2
V287A,-2.3566779816740397,287,True,1
V287C,-4.7757462753783795,287,True,1
V287D,-3.4091478215544098,287,True,1
V287E,-2.97559958069872,287,True,1
V287F,-4.88276580178836,287,True,1
V287G,-3.22037447209131,287,True,1
V287H,-4.700206356352901,287,True,1
V287I,-0.121511063032272,287,True,0
V287K,-3.0965192426324304,287,True,1
V287L,-0.17516792197242997,287,True,0
V287M,-0.8815202959649959,287,True,0
V287N,-4.0491099785842,287,True,1
V287P,-4.54389458524817,287,True,1
V287Q,-3.9898062157517797,287,True,1
V287R,-4.48971150041045,287,True,1
V287S,-3.3918442686068797,287,True,1
V287T,-2.34641446908897,287,True,1
V287W,-5.17488814783202,287,True,1
V287Y,-5.17488814783202,287,True,1
D288A,-4.24047656503911,288,True,1
D288C,-6.4119690435906,288,True,2
D288E,-1.46591543094952,288,True,0
D288F,-6.77091331702278,288,True,2
D288G,-3.3456537380368503,288,True,1
D288H,-1.89564184798713,288,True,1
D288I,-6.28691400137435,288,True,2
D288K,-7.17296147018376,288,True,2
D288L,-6.66563318578832,288,True,2
D288M,-6.66563318578832,288,True,2
D288N,-1.64926921543252,288,True,1
D288P,-7.17296147018376,288,True,2
D288Q,-4.31498172701359,288,True,1
D288R,-7.17296147018376,288,True,2
D288S,-6.077134586870769,288,True,2
D288T,-6.4119690435906,288,True,2
D288V,-6.26896776482942,288,True,2
D288W,-6.77091331702278,288,True,2
D288Y,-5.7162176820866595,288,True,2
I289A,-3.1866452690878906,289,True,1
I289C,-5.09546945162763,289,True,1
I289D,-5.589502513228401,289,True,2
I289E,-5.589502513228401,289,True,2
I289F,-3.1767015605100095,289,True,1
I289G,-6.01503943031776,289,True,2
I289H,-5.589502513228401,289,True,2
I289K,-5.4497258747809605,289,True,2
I289L,-0.960096905664453,289,True,0
I289M,-1.6455357228275502,289,True,1
I289N,-4.91980019595654,289,True,1
I289P,-6.01503943031776,289,True,2
I289Q,-5.589502513228401,289,True,2
I289R,-5.80227097177308,289,True,2
I289S,-4.77780730044249,289,True,1
I289T,-3.98459958839632,289,True,1
I289V,-0.834601511282795,289,True,0
I289W,-5.37673405468372,289,True,2
I289Y,-5.37673405468372,289,True,2
R290A,-5.952890279822941,290,True,2
R290C,-2.86136998612903,290,True,1
R290D,-5.5954933247912,290,True,2
R290E,-5.5954933247912,290,True,2
R290F,-6.16265958479321,290,True,2
R290G,-6.12606832353814,290,True,2
R290H,-1.90810571362782,290,True,1
R290I,-6.41002995059144,290,True,2
R290K,-2.98245946986996,290,True,1
R290L,-4.18576853579499,290,True,1
R290M,-6.41002995059144,290,True,2
R290N,-5.5954933247912,290,True,2
R290P,-5.7925794163299695,290,True,2
R290Q,-4.259879242301451,290,True,1
R290S,-4.65993371817828,290,True,1
R290T,-4.32171308853469,290,True,1
R290V,-6.41002995059144,290,True,2
R290W,-4.9468786316879,290,True,1
R290Y,-3.60484229094153,290,True,1
K291A,-3.3976659206177504,291,True,1
K291C,-4.92084769718309,291,True,1
K291D,-4.08760182807591,291,True,1
K291E,-2.3358003887507204,291,True,1
K291F,-6.06366255206759,291,True,2
K291G,-5.0623863928158395,291,True,1
K291H,-4.980444509525269,291,True,1
K291I,-5.63418855899265,291,True,2
K291L,-5.63418855899265,291,True,2
K291M,-5.63418855899265,291,True,2
K291N,-2.9883975174139703,291,True,1
K291P,-5.15539981833709,291,True,1
K291Q,-2.77891617792988,291,True,1
K291R,-0.6292570812433511,291,True,0
K291S,-3.0554282632721903,291,True,1
K291T,-2.7655799298928,291,True,1
K291V,-4.47477014732675,291,True,1
K291W,-6.06366255206759,291,True,2
K291Y,-6.06366255206759,291,True,2
D292A,-3.25584021327785,292,True,1
D292C,-4.641131200841589,292,True,1
D292E,-0.86026838464534,292,True,0
D292F,-5.437223994087679,292,True,2
D292G,-4.43091528585821,292,True,1
D292H,-1.8338304592648402,292,True,1
D292I,-4.6297634334835305,292,True,1
D292K,-4.773484818582809,292,True,1
D292L,-4.22105211281328,292,True,1
D292M,-5.26891512888512,292,True,2
D292N,-1.33657483807696,292,True,0
D292P,-4.91555616839109,292,True,1
D292Q,-2.3521334188937404,292,True,1
D292R,-6.0072901868172695,292,True,2
D292S,-2.74341691093277,292,True,1
D292T,-3.66835786235127,292,True,1
D292V,-3.8315570785493,292,True,1
D292W,-5.437223994087679,292,True,2
D292Y,-3.05598764443811,292,True,1
L293A,-6.524301352805001,293,True,2
L293C,-5.81450235200221,293,True,2
L293D,-6.76360348542152,293,True,2
L293E,-6.76360348542152,293,True,2
L293F,-2.70560432238666,293,True,1
L293G,-6.76360348542152,293,True,2
L293H,-6.76360348542152,293,True,2
L293I,-2.66401403013639,293,True,1
L293K,-6.76360348542152,293,True,2
L293M,-1.0409248231192,293,True,0
L293N,-6.76360348542152,293,True,2
L293P,-4.99294753379877,293,True,1
L293Q,-6.76360348542152,293,True,2
L293R,-6.76360348542152,293,True,2
L293S,-6.524301352805001,293,True,2
L293T,-6.524301352805001,293,True,2
L293V,-3.07569453062856,293,True,1
L293W,-5.69645198882409,293,True,2
L293Y,-5.69645198882409,293,True,2
Y294A,-3.03022530795668,294,True,1
Y294C,-4.1047048003456,294,True,1
Y294D,-4.12218365980908,294,True,1
Y294E,-5.60045915068174,294,True,2
Y294F,-0.5725822564303149,294,True,0
Y294G,-6.4146139654182806,294,True,2
Y294H,-4.92993503388614,294,True,1
Y294I,-5.04259243865311,294,True,1
Y294K,-6.054664635159059,294,True,2
Y294L,-3.3988320264174403,294,True,1
Y294M,-5.417106633922581,294,True,2
Y294N,-4.30086150089547,294,True,1
Y294P,-6.4146139654182806,294,True,2
Y294Q,-5.60045915068174,294,True,2
Y294R,-5.00143159293588,294,True,1
Y294S,-3.3263321513312296,294,True,1
Y294T,-5.43309224331105,294,True,2
Y294V,-5.417106633922581,294,True,2
Y294W,-2.67138279448334,294,True,1
A295C,-0.846734381885495,295,True,0
A295D,-2.66672542928631,295,True,1
A295E,-1.66591427291777,295,True,1
A295F,-4.71186284226354,295,True,1
A295G,-0.589457145706929,295,True,0
A295H,-1.96496584788554,295,True,1
A295I,-4.26044757037186,295,True,1
A295K,-2.3355229953624903,295,True,1
A295L,-2.12873498696524,295,True,1
A295M,-2.43326557539083,295,True,1
A295N,-1.18246815918114,295,True,0
A295P,-2.92676734719935,295,True,1
A295Q,-1.56742774026281,295,True,1
A295R,-2.5100505615913997,295,True,1
A295S,-0.15762264963504502,295,True,0
A295T,-0.573154085202693,295,True,0
A295V,-2.6278323634772502,295,True,1
A295W,-4.71186284226354,295,True,1
A295Y,-4.38490501604053,295,True,1
N296A,-5.74655161808982,296,True,2
N296C,-5.74655161808982,296,True,2
N296D,-2.7231282899543396,296,True,1
N296E,-4.22820102554125,296,True,1
N296F,-6.627537066223541,296,True,2
N296G,-5.93423774127843,296,True,2
N296H,-2.6737204090413598,296,True,1
N296I,-7.02149943293993,296,True,2
N296K,-4.52017057840949,296,True,1
N296L,-7.02149943293993,296,True,2
N296M,-7.02149943293993,296,True,2
N296P,-7.02149943293993,296,True,2
N296Q,-2.63147979099844,296,True,1
N296R,-6.52437427504234,296,True,2
N296S,-3.1764068030953903,296,True,1
N296T,-4.1089228166507,296,True,1
N296V,-7.02149943293993,296,True,2
N296W,-6.627537066223541,296,True,2
N296Y,-6.20705237256784,296,True,2
T297A,-1.7432062375217199,297,True,1
T297C,-0.978009059313393,297,True,0
T297D,-3.86957066453565,297,True,1
T297E,-3.86957066453565,297,True,1
T297F,-4.643601285599691,297,True,1
T297G,-5.52961474381785,297,True,2
T297H,-3.86957066453565,297,True,1
T297I,-0.13441303243333197,297,True,0
T297K,-4.70131013380903,297,True,1
T297L,-1.51696509394068,297,True,0
T297M,-1.1932334053557099,297,True,0
T297N,-0.566749003066923,297,True,0
T297P,-4.31017061283932,297,True,1
T297Q,-3.86957066453565,297,True,1
T297R,-5.32408274183821,297,True,2
T297S,-0.27973040055278997,297,True,0
T297V,-0.26930311705717197,297,True,0
T297W,-5.32408274183821,297,True,2
T297Y,-5.32408274183821,297,True,2
V298A,-4.65020931786417,298,True,1
V298C,-4.30094030606898,298,True,1
V298D,-6.4733551654903305,298,True,2
V298E,-6.4733551654903305,298,True,2
V298F,-3.44829881365937,298,True,1
V298G,-3.10740522343211,298,True,1
V298H,-6.4733551654903305,298,True,2
V298I,-0.748770867144852,298,True,0
V298K,-6.4733551654903305,298,True,2
V298L,-2.01400413312854,298,True,1
V298M,-3.18964229156339,298,True,1
V298N,-6.4733551654903305,298,True,2
V298P,-6.4733551654903305,298,True,2
V298Q,-6.4733551654903305,298,True,2
V298R,-6.4733551654903305,298,True,2
V298S,-4.8541324368822805,298,True,1
V298T,-4.18810156544578,298,True,1
V298W,-5.941468124189099,298,True,2
V298Y,-5.941468124189099,298,True,2
L299A,-5.72589966817392,299,True,2
L299C,-3.44222530519508,299,True,1
L299D,-6.21923411159878,299,True,2
L299E,-6.21923411159878,299,True,2
L299F,-5.07657807087923,299,True,1
L299G,-6.58885122999828,299,True,2
L299H,-6.21923411159878,299,True,2
L299I,-1.4854281919804697,299,True,0
L299K,-6.3556487925706895,299,True,2
L299M,-0.21944054206560298,299,True,0
L299N,-6.21923411159878,299,True,2
L299P,-6.58885122999828,299,True,2
L299Q,-4.16933629838224,299,True,1
L299R,-5.4978096159856795,299,True,2
L299S,-5.72589966817392,299,True,2
L299T,-3.4729438615298904,299,True,1
L299V,-2.44206934561475,299,True,1
L299W,-6.21923411159878,299,True,2
L299Y,-6.21923411159878,299,True,2
S300A,-1.89571244675158,300,True,1
S300C,-2.6425954508791,300,True,1
S300D,-6.34487094054021,300,True,2
S300E,-5.648331853645151,300,True,2
S300F,-6.5920472251278905,300,True,2
S300G,-4.58471990586446,300,True,1
S300H,-6.34487094054021,300,True,2
S300I,-6.73663608267926,300,True,2
S300K,-6.98381236726694,300,True,2
S300L,-6.73663608267926,300,True,2
S300M,-6.73663608267926,300,True,2
S300N,-3.9856281260353303,300,True,1
S300P,-6.98381236726694,300,True,2
S300Q,-6.34487094054021,300,True,2
S300R,-6.98381236726694,300,True,2
S300T,-1.52891110719246,300,True,0
S300V,-5.023259759807019,300,True,1
S300W,-6.5920472251278905,300,True,2
S300Y,-5.3728643224936,300,True,2
G301A,-6.76213080220443,301,True,2
G301C,-6.76213080220443,301,True,2
G301D,-6.910433720146071,301,True,2
G301E,-6.910433720146071,301,True,2
G301F,-6.910433720146071,301,True,2
G301H,-6.910433720146071,301,True,2
G301I,-6.910433720146071,301,True,2
G301K,-6.76213080220443,301,True,2
G301L,-6.910433720146071,301,True,2
G301M,-6.910433720146071,301,True,2
G301N,-6.910433720146071,301,True,2
G301P,-7.163959232907669,301,True,2
G301Q,-6.910433720146071,301,True,2
G301R,-4.847352180296741,301,True,1
G301S,-5.41478165478544,301,True,2
G301T,-6.76213080220443,301,True,2
G301V,-6.910433720146071,301,True,2
G301W,-6.910433720146071,301,True,2
G301Y,-6.910433720146071,301,True,2
G302A,-4.71792712831575,302,True,1
G302C,-6.108283263003661,302,True,2
G302D,-4.35774232345439,302,True,1
G302E,-6.50602485599306,302,True,2
G302F,-7.0887057578107,302,True,2
G302H,-6.50602485599306,302,True,2
G302I,-7.0887057578107,302,True,2
G302K,-7.0887057578107,302,True,2
G302L,-7.0887057578107,302,True,2
G302M,-7.0887057578107,302,True,2
G302N,-6.50602485599306,302,True,2
G302P,-7.0887057578107,302,True,2
G302Q,-6.50602485599306,302,True,2
G302R,-7.0887057578107,302,True,2
G302S,-3.4141847084977104,302,True,1
G302T,-6.108283263003661,302,True,2
G302V,-7.0887057578107,302,True,2
G302W,-7.0887057578107,302,True,2
G302Y,-7.0887057578107,302,True,2
T303A,-3.50094101646321,303,True,1
T303C,-3.50094101646321,303,True,1
T303D,-4.75504219369707,303,True,1
T303E,-4.75504219369707,303,True,1
T303F,-4.57603315471215,303,True,1
T303G,-4.70165245639144,303,True,1
T303H,-4.75504219369707,303,True,1
T303I,-5.81069614011451,303,True,2
T303K,-5.81069614011451,303,True,2
T303L,-5.81069614011451,303,True,2
T303M,-5.81069614011451,303,True,2
T303N,-2.81120537366394,303,True,1
T303P,-4.19254854073536,303,True,1
T303Q,-4.75504219369707,303,True,1
T303R,-5.81069614011451,303,True,2
T303S,-0.127440154981449,303,True,0
T303V,-5.81069614011451,303,True,2
T303W,-5.48449617936317,303,True,2
T303Y,-5.48449617936317,303,True,2
T304A,-3.67623687076115,304,True,1
T304C,-4.15792752271853,304,True,1
T304D,-6.41564577499522,304,True,2
T304E,-6.41564577499522,304,True,2
T304F,-6.66007719674788,304,True,2
T304G,-6.90450861850054,304,True,2
T304H,-6.41564577499522,304,True,2
T304I,-6.517093981024621,304,True,2
T304K,-6.90450861850054,304,True,2
T304L,-6.517093981024621,304,True,2
T304M,-6.1958905233083295,304,True,2
T304N,-4.1255058079011,304,True,1
T304P,-3.25700416246494,304,True,1
T304Q,-6.41564577499522,304,True,2
T304R,-6.90450861850054,304,True,2
T304S,-0.240517192830784,304,True,0
T304V,-6.517093981024621,304,True,2
T304W,-6.66007719674788,304,True,2
T304Y,-6.66007719674788,304,True,2
M305A,-5.46726419646462,305,True,2
M305C,-4.0473925603589995,305,True,1
M305D,-6.226656760134049,305,True,2
M305E,-6.226656760134049,305,True,2
M305F,-4.75710487672878,305,True,1
M305G,-6.455256700282719,305,True,2
M305H,-6.226656760134049,305,True,2
M305I,-1.6157563052718003,305,True,1
M305K,-5.45825360681898,305,True,2
M305L,-1.1059290712936398,305,True,0
M305N,-6.226656760134049,305,True,2
M305P,-6.455256700282719,305,True,2
M305Q,-6.226656760134049,305,True,2
M305R,-4.8597368407073205,305,True,1
M305S,-5.46726419646462,305,True,2
M305T,-4.083067352637061,305,True,1
M305V,-0.766504028614825,305,True,0
M305W,-5.92446407676196,305,True,2
M305Y,-5.92446407676196,305,True,2
Y306A,-4.60334733233282,306,True,1
Y306C,-2.59176084448253,306,True,1
Y306D,-4.60705592684429,306,True,1
Y306E,-5.09983110251242,306,True,1
Y306F,-0.14343862883990602,306,True,0
Y306G,-5.9201536694303,306,True,2
Y306H,-2.5892107780017404,306,True,1
Y306I,-3.44273318294183,306,True,1
Y306K,-5.9201536694303,306,True,2
Y306L,-2.0490463408644097,306,True,1
Y306M,-2.8038085732662403,306,True,1
Y306N,-4.15930400674472,306,True,1
Y306P,-5.9201536694303,306,True,2
Y306Q,-5.09983110251242,306,True,1
Y306R,-5.9201536694303,306,True,2
Y306S,-2.4016936476533197,306,True,1
Y306T,-3.7539286402360297,306,True,1
Y306V,-1.7898330291679299,306,True,1
Y306W,-3.5716861535330597,306,True,1
P307A,-1.05937411406158,307,True,0
P307C,-4.1105203945719095,307,True,1
P307D,-2.0213451768621997,307,True,1
P307E,-1.5547417777293402,307,True,1
P307F,-5.8300355268223205,307,True,2
P307G,-2.48237596250581,307,True,1
P307H,-1.50142276296642,307,True,0
P307I,-3.65418511990921,307,True,1
P307K,-2.41709448482746,307,True,1
P307L,-2.7041639970817704,307,True,1
P307M,-5.08317198416204,307,True,1
P307N,-1.37961764024068,307,True,0
P307Q,-1.4959700191966798,307,True,0
P307R,-2.44976321752352,307,True,1
P307S,-1.3039671735266798,307,True,0
P307T,-1.58132071613633,307,True,1
P307V,-4.410331133384959,307,True,1
P307W,-5.8300355268223205,307,True,2
P307Y,-5.8300355268223205,307,True,2
G308A,-3.67651424038847,308,True,1
G308C,-3.06188808769117,308,True,1
G308D,-2.7101792413350405,308,True,1
G308E,-5.3767637261929,308,True,2
G308F,-5.280135705014491,308,True,2
G308H,-5.09502544740088,308,True,1
G308I,-6.471698674120559,308,True,2
G308K,-5.53486535367618,308,True,2
G308L,-6.471698674120559,308,True,2
G308M,-6.471698674120559,308,True,2
G308N,-2.7988123008284105,308,True,1
G308P,-6.85713580947688,308,True,2
G308Q,-2.8369461116451697,308,True,1
G308R,-5.64549521669685,308,True,2
G308S,-3.99327602759827,308,True,1
G308T,-5.8631312398482,308,True,2
G308V,-4.97684877467512,308,True,1
G308W,-6.471698674120559,308,True,2
G308Y,-6.471698674120559,308,True,2
I309A,-3.46054231361374,309,True,1
I309C,-4.8830464260905195,309,True,1
I309D,-5.66531083794768,309,True,2
I309E,-5.66531083794768,309,True,2
I309F,-2.1443996583709697,309,True,1
I309G,-5.20217936855838,309,True,1
I309H,-5.66531083794768,309,True,2
I309K,-5.87364315453678,309,True,2
I309L,-0.485014058421222,309,True,0
I309M,-0.6461387838639019,309,True,0
I309N,-5.66531083794768,309,True,2
I309P,-5.87364315453678,309,True,2
I309Q,-5.66531083794768,309,True,2
I309R,-5.87364315453678,309,True,2
I309S,-3.4540595618376897,309,True,1
I309T,-2.54300387880641,309,True,1
I309V,-0.49030226104839797,309,True,0
I309W,-4.63807890592085,309,True,1
I309Y,-4.1770832407100995,309,True,1
A310C,-1.44577258987014,310,True,0
A310D,-1.49823365225851,310,True,0
A310E,-2.31686515872725,310,True,1
A310F,-5.49193408359649,310,True,2
A310G,-1.02915759160863,310,True,0
A310H,-2.77564939628506,310,True,1
A310I,-2.21460928179691,310,True,1
A310K,-3.2549871247121094,310,True,1
A310L,-4.43222999342079,310,True,1
A310M,-4.43222999342079,310,True,1
A310N,-2.01435951090541,310,True,1
A310P,-1.61891577999217,310,True,1
A310Q,-2.11860577045484,310,True,1
A310R,-2.65222226574421,310,True,1
A310S,-0.548004755727466,310,True,0
A310T,-0.23499654750502802,310,True,0
A310V,-2.12847552690074,310,True,1
A310W,-5.49193408359649,310,True,2
A310Y,-5.49193408359649,310,True,2
D311A,-2.5101423472359397,311,True,1
D311C,-4.569863733235519,311,True,1
D311E,-0.472695227937949,311,True,0
D311F,-5.406711689514901,311,True,2
D311G,-2.3800392872904506,311,True,1
D311H,-0.6306603461349289,311,True,0
D311I,-4.85017257074877,311,True,1
D311K,-2.51146704748605,311,True,1
D311L,-4.85017257074877,311,True,1
D311M,-4.85017257074877,311,True,1
D311N,-0.628139877596616,311,True,0
D311P,-4.34185457173113,311,True,1
D311Q,-1.33525990376737,311,True,0
D311R,-2.5646012394629,311,True,1
D311S,-2.74149193138423,311,True,1
D311T,-2.35904946975447,311,True,1
D311V,-2.56488018217107,311,True,1
D311W,-5.406711689514901,311,True,2
D311Y,-3.69871567801212,311,True,1
R312A,-5.644769174452589,312,True,2
R312C,-5.902790881120651,312,True,2
R312D,-6.1480799736044505,312,True,2
R312E,-6.1480799736044505,312,True,2
R312F,-6.54880979201903,312,True,2
R312G,-7.13586836495849,312,True,2
R312H,-4.02406581132122,312,True,1
R312I,-7.13586836495849,312,True,2
R312K,-3.2680194414601296,312,True,1
R312L,-7.13586836495849,312,True,2
R312M,-7.13586836495849,312,True,2
R312N,-6.1480799736044505,312,True,2
R312P,-4.892375441461451,312,True,1
R312Q,-4.03885049145604,312,True,1
R312S,-5.021911414339121,312,True,1
R312T,-6.42607817898908,312,True,2
R312V,-7.13586836495849,312,True,2
R312W,-4.75728062912383,312,True,1
R312Y,-6.54880979201903,312,True,2
M313A,-3.7942176586735696,313,True,1
M313C,-4.7075287998724695,313,True,1
M313D,-3.9179539616831,313,True,1
M313E,-5.577686353651591,313,True,2
M313F,-3.1861203462545498,313,True,1
M313G,-6.00316781896651,313,True,2
M313H,-5.577686353651591,313,True,2
M313I,-0.539526271729265,313,True,0
M313K,-5.79042708630905,313,True,2
M313L,-0.591151863633662,313,True,0
M313N,-5.577686353651591,313,True,2
M313P,-6.00316781896651,313,True,2
M313Q,-5.577686353651591,313,True,2
M313R,-4.92138704576684,313,True,1
M313S,-5.3649456209941295,313,True,2
M313T,-3.93730226430746,313,True,1
M313V,-0.9668820215817141,313,True,0
M313W,-5.09946060748074,313,True,1
M313Y,-3.58452635183666,313,True,1
Q314A,-0.849470859080766,314,True,0
Q314C,-2.13256453031183,314,True,1
Q314D,-1.94818057284538,314,True,1
Q314E,-0.74904728575452,314,True,0
Q314F,-4.63098604554387,314,True,1
Q314G,-3.62088471133111,314,True,1
Q314H,-0.545556684848909,314,True,0
Q314I,-2.9499500552692504,314,True,1
Q314K,-2.21047994381542,314,True,1
Q314L,-2.4568742410074402,314,True,1
Q314M,-2.30213318487666,314,True,1
Q314N,-0.6588151765198339,314,True,0
Q314P,-5.4666178278313104,314,True,2
Q314R,-1.28173487700056,314,True,0
Q314S,-0.824425303581836,314,True,0
Q314T,-0.947924593843614,314,True,0
Q314V,-4.10184434565854,314,True,1
Q314W,-3.8709666764648,314,True,1
Q314Y,-2.2292294074136603,314,True,1
K315A,-3.32986259154779,315,True,1
K315C,-5.47590703150017,315,True,2
K315D,-2.7301508579658997,315,True,1
K315E,-3.0756197984333395,315,True,1
K315F,-6.45809988579993,315,True,2
K315G,-5.13708369170716,315,True,1
K315H,-2.27738271401414,315,True,1
K315I,-4.68121775737219,315,True,1
K315L,-5.189215385144481,315,True,1
K315M,-5.08136902506888,315,True,1
K315N,-3.2602180587267,315,True,1
K315P,-5.56515633284089,315,True,2
K315Q,-2.48168602548566,315,True,1
K315R,-0.4031126307431889,315,True,0
K315S,-3.2739717214033104,315,True,1
K315T,-4.0870211552795395,315,True,1
K315V,-4.03087990193042,315,True,1
K315W,-6.45809988579993,315,True,2
K315Y,-6.45809988579993,315,True,2
E316A,-6.28156915537509,316,True,2
E316C,-6.28156915537509,316,True,2
E316D,-0.8155932725845779,316,True,0
E316F,-6.84493680224352,316,True,2
E316G,-2.59124574569204,316,True,1
E316H,-4.12727129665493,316,True,1
E316I,-6.84493680224352,316,True,2
E316K,-4.09099033133901,316,True,1
E316L,-6.84493680224352,316,True,2
E316M,-6.84493680224352,316,True,2
E316N,-4.12727129665493,316,True,1
E316P,-6.84493680224352,316,True,2
E316Q,-3.2012904785331404,316,True,1
E316R,-5.4140113700561,316,True,2
E316S,-4.13699137932973,316,True,1
E316T,-4.67306618603716,316,True,1
E316V,-6.84493680224352,316,True,2
E316W,-6.84493680224352,316,True,2
E316Y,-6.84493680224352,316,True,2
I317A,-5.0249750290866695,317,True,1
I317C,-5.0249750290866695,317,True,1
I317D,-5.14236528718615,317,True,1
I317E,-4.02783967664372,317,True,1
I317F,-3.6486132225947006,317,True,1
I317G,-5.66111548871705,317,True,2
I317H,-5.14236528718615,317,True,1
I317K,-5.66111548871705,317,True,2
I317L,-0.33624690095549503,317,True,0
I317M,-0.24329396376674,317,True,0
I317N,-3.8401407827392102,317,True,1
I317P,-5.66111548871705,317,True,2
I317Q,-5.14236528718615,317,True,1
I317R,-5.66111548871705,317,True,2
I317S,-3.5828373218609304,317,True,1
I317T,-3.25118301182964,317,True,1
I317V,-0.397345928738756,317,True,0
I317W,-5.25975554528562,317,True,2
I317Y,-5.25975554528562,317,True,2
T318A,-0.39146591684192,318,True,0
T318C,-0.22161893153488602,318,True,0
T318D,-1.9026315926148998,318,True,1
T318E,-2.0694980528512703,318,True,1
T318F,-4.00311152696658,318,True,1
T318G,-1.9515537005802601,318,True,1
T318H,-1.47464808360443,318,True,0
T318I,-1.0239752391010402,318,True,0
T318K,-1.57268203452021,318,True,1
T318L,-2.01216751245713,318,True,1
T318M,-0.931036829852202,318,True,0
T318N,-1.13812289070624,318,True,0
T318P,-3.13588835705017,318,True,1
T318Q,-1.26526564957988,318,True,0
T318R,-2.6512805483405297,318,True,1
T318S,-0.18107415577741395,318,True,0
T318V,-0.8626065747542879,318,True,0
T318W,-4.67847924443245,318,True,1
T318Y,-4.27873831697259,318,True,1
A319C,-0.6010630323030689,319,True,0
A319D,-1.8084989980829498,319,True,1
A319E,-2.1821186383778404,319,True,1
A319F,-3.77763869601665,319,True,1
A319G,-1.5656110036115398,319,True,1
A319H,-1.4531105916628602,319,True,0
A319I,-1.57236468893507,319,True,1
A319K,-2.07794741084897,319,True,1
A319L,-1.37497696785366,319,True,0
A319M,-1.5848485291591201,319,True,1
A319N,-1.1361299752187601,319,True,0
A319P,-3.1941302189512597,319,True,1
A319Q,-1.3201539259211699,319,True,0
A319R,-2.29017931392527,319,True,1
A319S,-0.0339354380917794,319,True,0
A319T,-0.330001325979789,319,True,0
A319V,-2.32996005525943,319,True,1
A319W,-4.54400479566411,319,True,1
A319Y,-3.74922765865133,319,True,1
L320A,-3.7804751174753304,320,True,1
L320C,-5.593662341622401,320,True,2
L320D,-5.39143596228554,320,True,2
L320E,-5.39143596228554,320,True,2
L320F,-3.0280480722973597,320,True,1
L320G,-6.43968523768751,320,True,2
L320H,-4.418629603404121,320,True,1
L320I,-1.81014267413266,320,True,1
L320K,-4.01575283488788,320,True,1
L320M,-0.701070287646143,320,True,0
L320N,-3.992813301686,320,True,1
L320P,-3.92669580716116,320,True,1
L320Q,-3.0036425465335697,320,True,1
L320R,-3.66555848206815,320,True,1
L320S,-3.0282958768629302,320,True,1
L320T,-3.8099853829136605,320,True,1
L320V,-0.914676147901668,320,True,0
L320W,-4.8627075415044905,320,True,1
L320Y,-5.5692185680872095,320,True,2
A321C,-2.5782189645601004,321,True,1
A321D,-5.552390356041911,321,True,2
A321E,-3.5888853297271903,321,True,1
A321F,-5.86515718824229,321,True,2
A321G,-3.71203360665133,321,True,1
A321H,-5.552390356041911,321,True,2
A321I,-3.4707106895749504,321,True,1
A321K,-5.86515718824229,321,True,2
A321L,-2.37508539044252,321,True,1
A321M,-4.4219489905245,321,True,1
A321N,-5.31276654399863,321,True,2
A321P,-3.1557878948659903,321,True,1
A321Q,-5.552390356041911,321,True,2
A321R,-5.195778855554571,321,True,1
A321S,-0.7916055378167869,321,True,0
A321T,-0.602820440470784,321,True,0
A321V,-2.07098114812997,321,True,1
A321W,-5.86515718824229,321,True,2
A321Y,-5.27135296817321,321,True,2
P322A,-3.1164574421781097,322,True,1
P322C,-5.669235480722691,322,True,2
P322D,-6.05774873048728,322,True,2
P322E,-6.05774873048728,322,True,2
P322F,-6.90574041475969,322,True,2
P322G,-6.451303518809709,322,True,2
P322H,-5.26523384058133,322,True,2
P322I,-6.12871391523051,322,True,2
P322K,-6.41549127689326,322,True,2
P322L,-3.56834659873382,322,True,1
P322M,-6.12871391523051,322,True,2
P322N,-5.558108123224581,322,True,2
P322Q,-4.55820677773922,322,True,1
P322R,-5.11136866288533,322,True,1
P322S,-2.9163038722400003,322,True,1
P322T,-3.78961133364414,322,True,1
P322V,-4.76486304176638,322,True,1
P322W,-6.90574041475969,322,True,2
P322Y,-6.90574041475969,322,True,2
S323A,-0.18441860686149802,323,True,0
S323C,-2.2119406312631202,323,True,1
S323D,-1.79639768594181,323,True,1
S323E,-2.15026280481622,323,True,1
S323F,-5.11903436710766,323,True,1
S323G,-1.62312322230699,323,True,1
S323H,-1.96245910543582,323,True,1
S323I,-2.82793271454558,323,True,1
S323K,-2.18635667410652,323,True,1
S323L,-3.1265624364769704,323,True,1
S323M,-4.36913945920286,323,True,1
S323N,-1.01198499356251,323,True,0
S323P,-0.6935663845490171,323,True,0
S323Q,-1.4995015018662,323,True,0
S323R,-2.22778266598456,323,True,1
S323T,-0.0355775223077508,323,True,0
S323V,-3.58690603441214,323,True,1
S323W,-5.11903436710766,323,True,1
S323Y,-5.11903436710766,323,True,1
T324A,-0.50052622757513,324,True,0
T324C,-2.7514570729517502,324,True,1
T324D,-2.9579125235667796,324,True,1
T324E,-4.16462030958143,324,True,1
T324F,-5.022491527059651,324,True,1
T324G,-1.85668203796866,324,True,1
T324H,-3.6562796025109,324,True,1
T324I,-1.75810710386911,324,True,1
T324K,-3.08064016181378,324,True,1
T324L,-3.4334293102407205,324,True,1
T324M,-1.8572649415238003,324,True,1
T324N,-1.79652268923107,324,True,1
T324P,-2.7726404097352897,324,True,1
T324Q,-3.00447248051269,324,True,1
T324R,-3.5211449492788196,324,True,1
T324S,-0.171584343562094,324,True,0
T324V,-2.88434960227202,324,True,1
T324W,-5.022491527059651,324,True,1
T324Y,-3.38601263972912,324,True,1
M325A,-2.89565688507935,325,True,1
M325C,-3.9087080185998304,325,True,1
M325D,-4.71805666738532,325,True,1
M325E,-4.71805666738532,325,True,1
M325F,-4.1649477072302,325,True,1
M325G,-4.65710643788809,325,True,1
M325H,-4.27949220210382,325,True,1
M325I,-0.21769629083777398,325,True,0
M325K,-4.588208483876469,325,True,1
M325L,-0.8940019197203721,325,True,0
M325N,-2.96170684412849,325,True,1
M325P,-4.9825822488988605,325,True,1
M325Q,-3.7130410555462903,325,True,1
M325R,-3.3286275707662005,325,True,1
M325S,-2.85721958640854,325,True,1
M325T,-1.9635871665481899,325,True,1
M325V,-0.576925710192075,325,True,0
M325W,-5.2443387733802,325,True,1
M325Y,-5.2443387733802,325,True,1
K326A,-2.71714308640133,326,True,1
K326C,-4.61303283351078,326,True,1
K326D,-2.35724356019218,326,True,1
K326E,-1.6310546688495702,326,True,1
K326F,-5.3973054684097805,326,True,2
K326G,-4.147219895565049,326,True,1
K326H,-3.7553128590332996,326,True,1
K326I,-5.29536847233838,326,True,2
K326L,-5.06492387783862,326,True,1
K326M,-4.90010262513067,326,True,1
K326N,-2.1789191824296297,326,True,1
K326P,-3.8919036200690003,326,True,1
K326Q,-2.78910083739314,326,True,1
K326R,-0.214402169151427,326,True,0
K326S,-2.91481544795848,326,True,1
K326T,-2.20501785593388,326,True,1
K326V,-4.070623795548721,326,True,1
K326W,-5.5944036949966005,326,True,2
K326Y,-5.5944036949966005,326,True,2
I327A,-3.20013518523698,327,True,1
I327C,-4.33772117838354,327,True,1
I327D,-5.767301784995349,327,True,2
I327E,-5.767301784995349,327,True,2
I327F,-5.64308349447533,327,True,2
I327G,-5.9796543552317,327,True,2
I327H,-5.767301784995349,327,True,2
I327K,-5.9796543552317,327,True,2
I327L,-2.3556521078043597,327,True,1
I327M,-1.43673243363764,327,True,0
I327N,-5.767301784995349,327,True,2
I327P,-4.138344798931509,327,True,1
I327Q,-5.767301784995349,327,True,2
I327R,-5.9796543552317,327,True,2
I327S,-1.8543175606781102,327,True,1
I327T,-2.7270020226263396,327,True,1
I327V,-0.28643972390031397,327,True,0
I327W,-5.64308349447533,327,True,2
I327Y,-5.64308349447533,327,True,2
K328A,-5.28025345993156,328,True,2
K328C,-5.28025345993156,328,True,2
K328D,-2.64737788599796,328,True,1
K328E,-1.66681687707542,328,True,1
K328F,-6.13177276516613,328,True,2
K328G,-4.83459378833479,328,True,1
K328H,-4.83403662913256,328,True,1
K328I,-5.568371917662059,328,True,2
K328L,-5.16318391463739,328,True,1
K328M,-3.96735300332143,328,True,1
K328N,-2.8021597555372,328,True,1
K328P,-4.9029024086824196,328,True,1
K328Q,-2.47467126656335,328,True,1
K328R,-0.46625968253474104,328,True,0
K328S,-3.49783055482851,328,True,1
K328T,-3.83002420650126,328,True,1
K328V,-5.568371917662059,328,True,2
K328W,-6.13177276516613,328,True,2
K328Y,-6.13177276516613,328,True,2
I329A,-2.74926729508129,329,True,1
I329C,-5.10430588816308,329,True,1
I329D,-5.51836138954571,329,True,2
I329E,-4.69064877240838,329,True,1
I329F,-4.481527167380451,329,True,1
I329G,-6.218572917851219,329,True,2
I329H,-3.76945445720625,329,True,1
I329K,-5.99768077435037,329,True,2
I329L,-1.2130448555641102,329,True,0
I329M,-0.8462544433640871,329,True,0
I329N,-4.4783594056322,329,True,1
I329P,-6.218572917851219,329,True,2
I329Q,-5.51836138954571,329,True,2
I329R,-5.99768077435037,329,True,2
I329S,-3.38858288522997,329,True,1
I329T,-2.7108935767081297,329,True,1
I329V,-0.0791888595879291,329,True,0
I329W,-5.776788630849531,329,True,2
I329Y,-5.776788630849531,329,True,2
I330A,-1.57233197368202,330,True,1
I330C,-4.0939098650995,330,True,1
I330D,-2.6655345645286204,330,True,1
I330E,-4.5440788489827,330,True,1
I330F,-2.61171694114269,330,True,1
I330G,-3.09156707733028,330,True,1
I330H,-3.19960460221899,330,True,1
I330K,-4.2486455107298395,330,True,1
I330L,-1.32386605439521,330,True,0
I330M,-1.4301824607972802,330,True,0
I330N,-2.67765318583479,330,True,1
I330P,-5.62441487545132,330,True,2
I330Q,-4.503746770153151,330,True,1
I330R,-2.5793120687372597,330,True,1
I330S,-1.9208633602279699,330,True,1
I330T,-2.2980648586131,330,True,1
I330V,-0.12405800348861,330,True,0
I330W,-4.805502890485309,330,True,1
I330Y,-4.805502890485309,330,True,1
A331C,-1.7430423908846497,331,True,1
A331D,-3.44276870472034,331,True,1
A331E,-4.08639906382583,331,True,1
A331F,-5.4938619731745995,331,True,2
A331G,-3.4958077616866405,331,True,1
A331H,-4.69716609627546,331,True,1
A331I,-3.6451297527657402,331,True,1
A331K,-6.1380840745078,331,True,2
A331L,-3.07723704459443,331,True,1
A331M,-5.4900643570300804,331,True,2
A331N,-3.2008266604221296,331,True,1
A331P,-4.62313197568079,331,True,1
A331Q,-4.5120088618612995,331,True,1
A331R,-3.79620638054088,331,True,1
A331S,-0.62894329876015,331,True,0
A331T,-1.02878832074122,331,True,0
A331V,-2.32437955228774,331,True,1
A331W,-6.2147115700291,331,True,2
A331Y,-6.2147115700291,331,True,2
P332A,-1.6805289240102899,332,True,1
P332C,-4.50217851709316,332,True,1
P332D,-4.61926219124602,332,True,1
P332E,-4.24290513673934,332,True,1
P332F,-6.507989343354031,332,True,2
P332G,-3.59806727118284,332,True,1
P332H,-4.3811664620044795,332,True,1
P332I,-5.6019840680732695,332,True,2
P332K,-5.399644418800619,332,True,2
P332L,-3.16792496951346,332,True,1
P332M,-4.93799479777873,332,True,1
P332N,-3.7150361541234203,332,True,1
P332Q,-4.24527005588555,332,True,1
P332R,-3.8413803653935297,332,True,1
P332S,-2.53667568786165,332,True,1
P332T,-2.9025803404006805,332,True,1
P332V,-4.6420368494289805,332,True,1
P332W,-6.507989343354031,332,True,2
P332Y,-6.507989343354031,332,True,2
P333A,-1.72394306411539,333,True,1
P333C,-4.99249320199696,333,True,1
P333D,-4.49696395635346,333,True,1
P333E,-3.6080674395571695,333,True,1
P333F,-6.38178822828541,333,True,2
P333G,-6.38178822828541,333,True,2
P333H,-3.7165326449338196,333,True,1
P333I,-5.43339944708452,333,True,2
P333K,-4.53697919268239,333,True,1
P333L,-2.7110880792745697,333,True,1
P333M,-5.43339944708452,333,True,2
P333N,-5.1506284851892,333,True,1
P333Q,-3.1879796236335296,333,True,1
P333R,-6.02131156412763,333,True,2
P333S,-1.6751583204403,333,True,1
P333T,-2.44606418029925,333,True,1
P333V,-3.1279338158778196,333,True,1
P333W,-6.38178822828541,333,True,2
P333Y,-6.38178822828541,333,True,2
E334A,-3.60694715225349,334,True,1
E334C,-5.47781545542235,334,True,2
E334D,-0.6047214844978139,334,True,0
E334F,-6.24328684373729,334,True,2
E334G,-3.17775323130201,334,True,1
E334H,-3.61095767648593,334,True,1
E334I,-6.012856995031941,334,True,2
E334K,-2.16088026363825,334,True,1
E334L,-6.012856995031941,334,True,2
E334M,-6.012856995031941,334,True,2
E334N,-2.63052779308544,334,True,1
E334P,-6.47371669244264,334,True,2
E334Q,-3.25930056915825,334,True,1
E334R,-2.76614597275146,334,True,1
E334S,-2.92990790545133,334,True,1
E334T,-3.8047975330379904,334,True,1
E334V,-4.86072474685034,334,True,1
E334W,-6.24328684373729,334,True,2
E334Y,-6.24328684373729,334,True,2
R335A,-4.2812780669868795,335,True,1
R335C,-2.35809140365231,335,True,1
R335D,-5.75322639045684,335,True,2
R335E,-4.34918859609604,335,True,1
R335F,-6.50422373497891,335,True,2
R335G,-3.5812634486260295,335,True,1
R335H,-2.3353150879384397,335,True,1
R335I,-6.204110832829761,335,True,2
R335K,-1.87020575382923,335,True,1
R335L,-3.67033105495367,335,True,1
R335M,-6.204110832829761,335,True,2
R335N,-5.75322639045684,335,True,2
R335P,-3.95622190048619,335,True,1
R335Q,-4.08357339657578,335,True,1
R335S,-2.441703393454,335,True,1
R335T,-3.6166084197655497,335,True,1
R335V,-6.204110832829761,335,True,2
R335W,-4.015512511727,335,True,1
R335Y,-6.50422373497891,335,True,2
K336A,-3.65222892869256,336,True,1
K336C,-5.5503653351924,336,True,2
K336D,-5.129097063076269,336,True,1
K336E,-2.7442569393017595,336,True,1
K336F,-6.2652330364467,336,True,2
K336G,-5.55259344585548,336,True,2
K336H,-5.129097063076269,336,True,1
K336I,-5.57061638386396,336,True,2
K336L,-3.22355512746908,336,True,1
K336M,-4.7893869366342,336,True,1
K336N,-2.9909104595952405,336,True,1
K336P,-6.49677192064094,336,True,2
K336Q,-2.6958950536529906,336,True,1
K336R,-0.958442648573237,336,True,0
K336S,-3.1012593514261204,336,True,1
K336T,-3.27231983463122,336,True,1
K336V,-4.03995981693387,336,True,1
K336W,-6.2652330364467,336,True,2
K336Y,-6.2652330364467,336,True,2
Y337A,-5.36047548195954,337,True,2
Y337C,-3.35301154478975,337,True,1
Y337D,-4.39665285533296,337,True,1
Y337E,-5.248113063700349,337,True,2
Y337F,-1.3672358778186202,337,True,0
Y337G,-6.373224631377861,337,True,2
Y337H,-3.0195425839277403,337,True,1
Y337I,-4.08986576643759,337,True,1
Y337K,-4.0508280888048,337,True,1
Y337L,-3.3449573097367997,337,True,1
Y337M,-5.3198717794392305,337,True,2
Y337N,-2.8816150771182696,337,True,1
Y337P,-6.373224631377861,337,True,2
Y337Q,-4.77352921880551,337,True,1
Y337R,-5.91901914690054,337,True,2
Y337S,-3.0102252622741497,337,True,1
Y337T,-4.5094909147483095,337,True,1
Y337V,-3.81602289326618,337,True,1
Y337W,-1.51937405608318,337,True,0
S338A,-1.30933981591067,338,True,0
S338C,-1.65733533483637,338,True,1
S338D,-2.8929727829652596,338,True,1
S338E,-5.54008844216259,338,True,2
S338F,-3.5750912312079,338,True,1
S338G,-3.46831285504063,338,True,1
S338H,-5.54008844216259,338,True,2
S338I,-5.25273629342954,338,True,2
S338K,-6.23087892230863,338,True,2
S338L,-3.6867884544479304,338,True,1
S338M,-3.23116304332059,338,True,1
S338N,-4.14581860735509,338,True,1
S338P,-3.26483839462102,338,True,1
S338Q,-5.54008844216259,338,True,2
S338R,-5.570904066576589,338,True,2
S338T,-2.39854912343717,338,True,1
S338V,-4.758207078766651,338,True,1
S338W,-5.60906623914192,338,True,2
S338Y,-4.26453923109758,338,True,1
V339A,-2.4321372094024,339,True,1
V339C,-2.34149404566225,339,True,1
V339D,-6.7145692245327195,339,True,2
V339E,-6.7145692245327195,339,True,2
V339F,-3.4819473318824907,339,True,1
V339G,-3.8075172505052297,339,True,1
V339H,-6.7145692245327195,339,True,2
V339I,-2.174845492433,339,True,1
V339K,-5.788528393949179,339,True,2
V339L,-1.3941177628327799,339,True,0
V339M,-0.8031326019652479,339,True,0
V339N,-6.7145692245327195,339,True,2
V339P,-5.6364866134532905,339,True,2
V339Q,-6.7145692245327195,339,True,2
V339R,-6.47504528481843,339,True,2
V339S,-3.2004491623366,339,True,1
V339T,-2.90042775600909,339,True,1
V339W,-6.23552134510413,339,True,2
V339Y,-6.23552134510413,339,True,2
W340A,-6.582304943707331,340,True,2
W340C,-4.220481282798421,340,True,1
W340D,-6.97591575449134,340,True,2
W340E,-6.97591575449134,340,True,2
W340F,-1.97665613483745,340,True,1
W340G,-3.8524060109815497,340,True,1
W340H,-6.97591575449134,340,True,2
W340I,-6.72757498264032,340,True,2
W340K,-6.4792342107893095,340,True,2
W340L,-6.169626025325731,340,True,2
W340M,-6.72757498264032,340,True,2
W340N,-6.97591575449134,340,True,2
W340P,-6.97591575449134,340,True,2
W340Q,-6.97591575449134,340,True,2
W340R,-3.1666074576811303,340,True,1
W340S,-6.582304943707331,340,True,2
W340T,-6.582304943707331,340,True,2
W340V,-6.72757498264032,340,True,2
W340Y,-1.3694953857086203,340,True,0
I341A,-2.7560247031346603,341,True,1
I341C,-1.85827684068197,341,True,1
I341D,-5.47828224353701,341,True,2
I341E,-5.47828224353701,341,True,2
I341F,-3.2621425918803704,341,True,1
I341G,-3.8964191204447403,341,True,1
I341H,-5.47828224353701,341,True,2
I341K,-4.20012958441987,341,True,1
I341L,-1.3493980308398699,341,True,0
I341M,-0.82238539180673,341,True,0
I341N,-4.61511725967538,341,True,1
I341P,-3.7848657338568104,341,True,1
I341Q,-4.17560090570788,341,True,1
I341R,-3.63255252344436,341,True,1
I341S,-2.6530614387793703,341,True,1
I341T,-3.75804237204934,341,True,1
I341V,-0.6873286264871129,341,True,0
I341W,-4.16422416453686,341,True,1
I341Y,-5.5923183566131,341,True,2
G342A,-3.8897077913447005,342,True,1
G342C,-6.0109320752136695,342,True,2
G342D,-5.08387009590691,342,True,1
G342E,-3.8927666964672705,342,True,1
G342F,-6.95434228940453,342,True,2
G342H,-6.3790004244675895,342,True,2
G342I,-6.45876978119139,342,True,2
G342K,-6.3790004244675895,342,True,2
G342L,-6.45876978119139,342,True,2
G342M,-6.45876978119139,342,True,2
G342N,-6.3790004244675895,342,True,2
G342P,-6.95434228940453,342,True,2
G342Q,-6.3790004244675895,342,True,2
G342R,-3.2349716380603,342,True,1
G342S,-2.56136987187014,342,True,1
G342T,-6.0109320752136695,342,True,2
G342V,-3.9488529518106605,342,True,1
G342W,-6.95434228940453,342,True,2
G342Y,-6.95434228940453,342,True,2
G343A,-2.9948524272875,343,True,1
G343C,-5.5161030730112195,343,True,2
G343D,-3.68602092751145,343,True,1
G343E,-5.93012524096282,343,True,2
G343F,-6.30791603479001,343,True,2
G343H,-5.93012524096282,343,True,2
G343I,-6.13225331928936,343,True,2
G343K,-6.44734737616624,343,True,2
G343L,-6.13225331928936,343,True,2
G343M,-6.13225331928936,343,True,2
G343N,-3.87431157673226,343,True,1
G343P,-6.6857068286171994,343,True,2
G343Q,-5.93012524096282,343,True,2
G343R,-5.436280395729151,343,True,2
G343S,-4.98351152529278,343,True,1
G343T,-5.5161030730112195,343,True,2
G343V,-3.9710069700534905,343,True,1
G343W,-4.58416727318555,343,True,1
G343Y,-6.30791603479001,343,True,2
S344A,-1.4474799667079399,344,True,0
S344C,-1.67528330826281,344,True,1
S344D,-6.462057097384549,344,True,2
S344E,-6.462057097384549,344,True,2
S344F,-5.90387992338557,344,True,2
S344G,-5.005168934545781,344,True,1
S344H,-6.462057097384549,344,True,2
S344I,-6.22322630485081,344,True,2
S344K,-6.3223500397348,344,True,2
S344L,-5.6347877057192095,344,True,2
S344M,-6.22322630485081,344,True,2
S344N,-6.462057097384549,344,True,2
S344P,-3.24039110198459,344,True,1
S344Q,-6.462057097384549,344,True,2
S344R,-4.15682996851021,344,True,1
S344T,-3.12687548793264,344,True,1
S344V,-4.86306651277028,344,True,1
S344W,-6.3223500397348,344,True,2
S344Y,-6.3223500397348,344,True,2
I345A,-3.42984056974813,345,True,1
I345C,-5.20680168108146,345,True,1
I345D,-5.72362438352229,345,True,2
I345E,-5.72362438352229,345,True,2
I345F,-4.5932205407842694,345,True,1
I345G,-3.4981391840529703,345,True,1
I345H,-5.72362438352229,345,True,2
I345K,-5.647747406921161,345,True,2
I345L,-0.48389979735953004,345,True,0
I345M,-1.6063914630071001,345,True,1
I345N,-4.04253921546948,345,True,1
I345P,-6.24044708596313,345,True,2
I345Q,-5.72362438352229,345,True,2
I345R,-5.08806171630314,345,True,1
I345S,-2.7842450089763098,345,True,1
I345T,-2.69508341458646,345,True,1
I345V,-1.33360027491329,345,True,0
I345W,-5.88766070782603,345,True,2
I345Y,-5.88766070782603,345,True,2
L346A,-6.05733353395134,346,True,2
L346C,-5.96153089891865,346,True,2
L346D,-6.221346000412941,346,True,2
L346E,-6.221346000412941,346,True,2
L346F,-3.8600225528648,346,True,1
L346G,-6.78297545433594,346,True,2
L346H,-6.221346000412941,346,True,2
L346I,-2.33775444603048,346,True,1
L346K,-6.54109481420774,346,True,2
L346M,-1.68782163005306,346,True,1
L346N,-6.221346000412941,346,True,2
L346P,-3.63838547595782,346,True,1
L346Q,-4.54405215391744,346,True,1
L346R,-5.25423069424335,346,True,2
L346S,-5.2753066252827,346,True,2
L346T,-6.05733353395134,346,True,2
L346V,-1.09146278407828,346,True,0
L346W,-3.3877098593035195,346,True,1
L346Y,-5.94620591994022,346,True,2
A347C,-2.8319981438612505,347,True,1
A347D,-2.9031547470074304,347,True,1
A347E,-3.75869030269787,347,True,1
A347F,-5.935848308191919,347,True,2
A347G,-2.2166725032075,347,True,1
A347H,-5.38807160325952,347,True,2
A347I,-5.23190199356178,347,True,1
A347K,-5.5999805593003,347,True,2
A347L,-5.23190199356178,347,True,1
A347M,-5.23190199356178,347,True,1
A347N,-5.38807160325952,347,True,2
A347P,-3.27056026870935,347,True,1
A347Q,-5.38807160325952,347,True,2
A347R,-3.48171956326862,347,True,1
A347S,-0.46654142351399397,347,True,0
A347T,-1.21322281965721,347,True,0
A347V,-2.4112081544051405,347,True,1
A347W,-5.935848308191919,347,True,2
A347Y,-5.935848308191919,347,True,2
S348A,-1.4572739845698,348,True,0
S348C,-1.8412615439274902,348,True,1
S348D,-4.9982737651400795,348,True,1
S348E,-5.46837078460527,348,True,2
S348F,-3.4967919600850497,348,True,1
S348G,-4.65464605499044,348,True,1
S348H,-5.46837078460527,348,True,2
S348I,-5.75090205552412,348,True,2
S348K,-6.04660740051455,348,True,2
S348L,-2.5372022598675,348,True,1
S348M,-5.75090205552412,348,True,2
S348N,-3.3604381797288596,348,True,1
S348P,-3.549645405409,348,True,1
S348Q,-4.32752020837808,348,True,1
S348R,-6.04660740051455,348,True,2
S348T,-1.05020788618517,348,True,0
S348V,-5.75090205552412,348,True,2
S348W,-5.69206324271558,348,True,2
S348Y,-3.1780546538084398,348,True,1
L349A,-3.54620262643789,349,True,1
L349C,-5.36617680900794,349,True,2
L349D,-6.319127534228481,349,True,2
L349E,-6.319127534228481,349,True,2
L349F,-4.26993260307217,349,True,1
L349G,-6.80466327126711,349,True,2
L349H,-6.319127534228481,349,True,2
L349I,-2.5226137834346,349,True,1
L349K,-6.80466327126711,349,True,2
L349M,-1.6425158883576398,349,True,1
L349N,-5.1359172358648495,349,True,1
L349P,-3.6615133509538698,349,True,1
L349Q,-4.69359552317998,349,True,1
L349R,-6.80466327126711,349,True,2
L349S,-3.0844053670011,349,True,1
L349T,-4.42176841619612,349,True,1
L349V,-4.12962946789059,349,True,1
L349W,-6.240973736816191,349,True,2
L349Y,-6.240973736816191,349,True,2
S350A,-0.8672747399241378,350,True,0
S350C,-1.6016527190528602,350,True,1
S350D,-1.93595113768067,350,True,1
S350E,-3.88930034180966,350,True,1
S350F,-4.33593347712803,350,True,1
S350G,-2.4553365534143703,350,True,1
S350H,-3.02722143664733,350,True,1
S350I,-5.28195732711501,350,True,2
S350K,-4.674426145291919,350,True,1
S350L,-5.28195732711501,350,True,2
S350M,-5.28195732711501,350,True,2
S350N,-2.45674431507667,350,True,1
S350P,-1.9909254407090402,350,True,1
S350Q,-4.62249881979323,350,True,1
S350R,-4.0067274771153505,350,True,1
S350T,-0.6923828616193379,350,True,0
S350V,-3.2152425049918802,350,True,1
S350W,-5.34826666482354,350,True,2
S350Y,-4.0157751595418,350,True,1
T351A,-1.7786969274487299,351,True,1
T351C,-1.72006530940409,351,True,1
T351D,-4.73110634285559,351,True,1
T351E,-4.58704737581798,351,True,1
T351F,-5.719737753760871,351,True,2
T351G,-6.06294423274079,351,True,2
T351H,-3.5722874457187404,351,True,1
T351I,-3.80510933607985,351,True,1
T351K,-4.859064943777519,351,True,1
T351L,-4.83594346796037,351,True,1
T351M,-5.23850272296898,351,True,1
T351N,-4.6662548287893,351,True,1
T351P,-3.95456102998591,351,True,1
T351Q,-5.261654053469809,351,True,2
T351R,-4.84027987426884,351,True,1
T351S,-0.673760386457157,351,True,0
T351V,-4.54492421489992,351,True,1
T351W,-5.719737753760871,351,True,2
T351Y,-5.22261898840924,351,True,1
F352A,-5.82312508926812,352,True,2
F352C,-5.6643380502640905,352,True,2
F352D,-6.33139878959399,352,True,2
F352E,-6.33139878959399,352,True,2
F352G,-6.81837627276819,352,True,2
F352H,-6.33139878959399,352,True,2
F352I,-6.18896700641775,352,True,2
F352K,-6.81837627276819,352,True,2
F352L,-4.71461689331968,352,True,1
F352M,-6.18896700641775,352,True,2
F352N,-6.33139878959399,352,True,2
F352P,-6.81837627276819,352,True,2
F352Q,-6.33139878959399,352,True,2
F352R,-6.81837627276819,352,True,2
F352S,-2.80844389888304,352,True,1
F352T,-5.82312508926812,352,True,2
F352V,-6.18896700641775,352,True,2
F352W,-4.14189195831603,352,True,1
F352Y,-3.86100464687584,352,True,1
Q353A,-2.22622895191543,353,True,1
Q353C,-4.67857137810898,353,True,1
Q353D,-1.7226038319208798,353,True,1
Q353E,-1.1073302582281102,353,True,0
Q353F,-5.639360612099769,353,True,2
Q353G,-2.73127365590635,353,True,1
Q353H,-0.571514913331434,353,True,0
Q353I,-5.36234759803958,353,True,2
Q353K,-2.29702636517442,353,True,1
Q353L,-3.3637279887181197,353,True,1
Q353M,-5.36234759803958,353,True,2
Q353N,-1.84474941482432,353,True,1
Q353P,-2.8339969740243705,353,True,1
Q353R,-1.73331885857504,353,True,1
Q353S,-2.30654631876895,353,True,1
Q353T,-4.67857137810898,353,True,1
Q353V,-5.36234759803958,353,True,2
Q353W,-5.639360612099769,353,True,2
Q353Y,-5.639360612099769,353,True,2
Q354A,-0.8477821759462411,354,True,0
Q354C,-3.77017482985844,354,True,1
Q354D,-1.11532040928847,354,True,0
Q354E,-0.44098173333496793,354,True,0
Q354F,-5.1750413600009,354,True,1
Q354G,-3.4287366359635096,354,True,1
Q354H,-0.8097287987976239,354,True,0
Q354I,-4.5566591074264196,354,True,1
Q354K,-1.92423824937759,354,True,1
Q354L,-2.65196372073216,354,True,1
Q354M,-2.71895330439604,354,True,1
Q354N,-0.666688356861755,354,True,0
Q354P,-2.36476828158631,354,True,1
Q354R,-2.1452012685637,354,True,1
Q354S,-0.772046073950623,354,True,0
Q354T,-1.0921437371723002,354,True,0
Q354V,-4.5566591074264196,354,True,1
Q354W,-5.1750413600009,354,True,1
Q354Y,-5.1750413600009,354,True,1
M355A,-2.67710710976772,355,True,1
M355C,-2.3764357288527997,355,True,1
M355D,-4.929344072337839,355,True,1
M355E,-3.06587270447253,355,True,1
M355F,-5.992094432381901,355,True,2
M355G,-5.992094432381901,355,True,2
M355H,-4.929344072337839,355,True,1
M355I,-1.21040279677481,355,True,0
M355K,-3.33218405081662,355,True,1
M355L,-0.7682704523442649,355,True,0
M355N,-2.54061505531841,355,True,1
M355P,-3.36334040588902,355,True,1
M355Q,-2.7160265140539503,355,True,1
M355R,-2.92682179159724,355,True,1
M355S,-2.47875570686611,355,True,1
M355T,-3.11135272601906,355,True,1
M355V,-0.6429217424118929,355,True,0
M355W,-5.992094432381901,355,True,2
M355Y,-5.992094432381901,355,True,2
W356A,-2.69140840622908,356,True,1
W356C,-2.57172501338924,356,True,1
W356D,-5.98901015350597,356,True,2
W356E,-5.98901015350597,356,True,2
W356F,-2.5140015200200296,356,True,1
W356G,-3.4032141015438597,356,True,1
W356H,-5.98901015350597,356,True,2
W356I,-5.26746410882924,356,True,2
W356K,-2.9834528386317403,356,True,1
W356L,-2.46015725624051,356,True,1
W356M,-2.84753215047126,356,True,1
W356N,-3.2677490187446403,356,True,1
W356P,-6.532549525293209,356,True,2
W356Q,-5.42874568148351,356,True,2
W356R,-2.23625794898661,356,True,1
W356S,-3.05646172859316,356,True,1
W356T,-2.52829081551903,356,True,1
W356V,-3.7945332365699906,356,True,1
W356Y,-2.6141662837907997,356,True,1
I357A,-4.83341776236209,357,True,1
I357C,-1.9668028130646003,357,True,1
I357D,-5.9536487961114295,357,True,2
I357E,-5.9536487961114295,357,True,2
I357F,-5.447899966248749,357,True,2
I357G,-5.9536487961114295,357,True,2
I357H,-5.9536487961114295,357,True,2
I357K,-5.9536487961114295,357,True,2
I357L,-1.10191390965451,357,True,0
I357M,-1.52551346125995,357,True,0
I357N,-5.9536487961114295,357,True,2
I357P,-5.9536487961114295,357,True,2
I357Q,-5.9536487961114295,357,True,2
I357R,-5.9536487961114295,357,True,2
I357S,-4.83341776236209,357,True,1
I357T,-2.05196463359482,357,True,1
I357V,-0.666046260166006,357,True,0
I357W,-5.740187190386179,357,True,2
I357Y,-5.740187190386179,357,True,2
S358A,-0.582659697482321,358,True,0
S358C,-1.9461215335369,358,True,1
S358D,-2.82605630336087,358,True,1
S358E,-4.0515008955644305,358,True,1
S358F,-3.4631285600653303,358,True,1
S358G,-3.0871121580551404,358,True,1
S358H,-4.41689089588816,358,True,1
S358I,-2.6376384052491497,358,True,1
S358K,-2.18875922372677,358,True,1
S358L,-2.61017976481519,358,True,1
S358M,-2.0670449084527003,358,True,1
S358N,-2.20579612172621,358,True,1
S358P,-5.25656765701541,358,True,2
S358Q,-2.18943737190911,358,True,1
S358R,-1.7359945050353403,358,True,1
S358T,-0.38196479795476207,358,True,0
S358V,-2.54207149443722,358,True,1
S358W,-4.902436621081139,358,True,1
S358Y,-4.902436621081139,358,True,1
K359A,-2.77068610360223,359,True,1
K359C,-4.789474643639849,359,True,1
K359D,-4.91695068671055,359,True,1
K359E,-4.91695068671055,359,True,1
K359F,-2.53327430966665,359,True,1
K359G,-4.4295542066084,359,True,1
K359H,-3.45598707894754,359,True,1
K359I,-4.753419145660169,359,True,1
K359L,-4.65789712349887,359,True,1
K359M,-4.76795273268912,359,True,1
K359N,-2.12701810282231,359,True,1
K359P,-5.83834495726316,359,True,2
K359Q,-2.58101637848139,359,True,1
K359R,-0.6899079218243729,359,True,0
K359S,-2.5705863819735,359,True,1
K359T,-4.472504872820959,359,True,1
K359V,-4.49488263791052,359,True,1
K359W,-5.018780644401589,359,True,1
K359Y,-3.79419376737077,359,True,1
Q360A,-0.806557749502232,360,True,0
Q360C,-3.1813899103386896,360,True,1
Q360D,-0.390907898307855,360,True,0
Q360E,-0.149732169501538,360,True,0
Q360F,-3.77936150217892,360,True,1
Q360G,-1.4064054603062999,360,True,0
Q360H,-0.44638457158837497,360,True,0
Q360I,-4.093017434080001,360,True,1
Q360K,-2.9975859817412203,360,True,1
Q360L,-1.70847138715608,360,True,1
Q360M,-2.56900899547697,360,True,1
Q360N,-0.8638106708163442,360,True,0
Q360P,-1.3983047744755301,360,True,0
Q360R,-1.47724512491655,360,True,0
Q360S,-0.868906258486779,360,True,0
Q360T,-1.2954113799961398,360,True,0
Q360V,-4.093017434080001,360,True,1
Q360W,-4.54228192478921,360,True,1
Q360Y,-4.54228192478921,360,True,1
E361A,-2.6197790579562,361,True,1
E361C,-5.18080997560089,361,True,1
E361D,-0.34340477099802896,361,True,0
E361F,-5.882269498330589,361,True,2
E361G,-2.71124102854717,361,True,1
E361H,-3.5919664261597504,361,True,1
E361I,-5.21290700309089,361,True,1
E361K,-3.17170026835482,361,True,1
E361L,-5.21290700309089,361,True,1
E361M,-3.57178494875318,361,True,1
E361N,-1.9902709845136202,361,True,1
E361P,-5.882269498330589,361,True,2
E361Q,-1.45519914491108,361,True,0
E361R,-3.58428943910425,361,True,1
E361S,-2.78031669151649,361,True,1
E361T,-5.18080997560089,361,True,1
E361V,-2.9814488986780203,361,True,1
E361W,-5.882269498330589,361,True,2
E361Y,-5.882269498330589,361,True,2
Y362A,-5.8693769593587195,362,True,2
Y362C,-5.3132930702733,362,True,2
Y362D,-5.66620023800195,362,True,2
Y362E,-5.66620023800195,362,True,2
Y362F,-0.8236241989081441,362,True,0
Y362G,-6.46997473344396,362,True,2
Y362H,-2.39303756224933,362,True,1
Y362I,-6.10171989428241,362,True,2
Y362K,-6.10171989428241,362,True,2
Y362L,-6.10171989428241,362,True,2
Y362M,-3.4604208238219,362,True,1
Y362N,-5.66620023800195,362,True,2
Y362P,-6.46997473344396,362,True,2
Y362Q,-3.4488018514829397,362,True,1
Y362R,-3.0042027480873,362,True,1
Y362S,-2.87958116241143,362,True,1
Y362T,-5.8693769593587195,362,True,2
Y362V,-6.10171989428241,362,True,2
Y362W,-3.95229499096884,362,True,1
D363A,-1.53195405961655,363,True,0
D363C,-4.54506324187264,363,True,1
D363E,-0.43005347977677794,363,True,0
D363F,-5.051342797497719,363,True,1
D363G,-4.06539426345841,363,True,1
D363H,-2.3038271346881096,363,True,1
D363I,-3.91811350272758,363,True,1
D363K,-3.05231018899002,363,True,1
D363L,-4.298371653675741,363,True,1
D363M,-3.64272734684771,363,True,1
D363N,-0.7683329897499709,363,True,0
D363P,-2.61235369142721,363,True,1
D363Q,-1.72256303964547,363,True,1
D363R,-3.1651330026349,363,True,1
D363S,-2.5018622592020603,363,True,1
D363T,-1.9845392827081698,363,True,1
D363V,-3.66242669102453,363,True,1
D363W,-5.051342797497719,363,True,1
D363Y,-4.2120233978218,363,True,1
E364A,-4.14629166762408,364,True,1
E364C,-5.65220878041828,364,True,2
E364D,-0.559561037366084,364,True,0
E364F,-6.16658513723222,364,True,2
E364G,-3.3439077511027206,364,True,1
E364H,-3.76835763458724,364,True,1
E364I,-5.7235254594183,364,True,2
E364K,-5.65220878041828,364,True,2
E364L,-5.7235254594183,364,True,2
E364M,-5.7235254594183,364,True,2
E364N,-3.76835763458724,364,True,1
E364P,-6.16658513723222,364,True,2
E364Q,-2.33927586106296,364,True,1
E364R,-2.29250525532609,364,True,1
E364S,-5.65220878041828,364,True,2
E364T,-5.65220878041828,364,True,2
E364V,-4.4655170448839,364,True,1
E364W,-6.16658513723222,364,True,2
E364Y,-6.16658513723222,364,True,2
S365A,-0.20530222524864103,365,True,0
S365C,-0.28322665635692895,365,True,0
S365D,-2.06600306604669,365,True,1
S365E,-2.3558913304074,365,True,1
S365F,-1.9506833896804199,365,True,1
S365G,-2.08370231761854,365,True,1
S365H,-2.28704983656702,365,True,1
S365I,-1.37236406614107,365,True,0
S365K,-4.45948588365574,365,True,1
S365L,-2.10021256709413,365,True,1
S365M,-1.75545229078511,365,True,1
S365N,-1.12456443591377,365,True,0
S365P,-2.06967364512717,365,True,1
S365Q,-2.1573633169014,365,True,1
S365R,-2.6850878096835,365,True,1
S365T,-0.78423502821474,365,True,0
S365V,-1.9714367306371299,365,True,1
S365W,-1.9044330562410399,365,True,1
S365Y,-1.93520423274448,365,True,1
G366A,-2.46373863997865,366,True,1
G366C,-5.78702529510574,366,True,2
G366D,-6.335457358146781,366,True,2
G366E,-6.335457358146781,366,True,2
G366F,-6.57165419139439,366,True,2
G366H,-6.335457358146781,366,True,2
G366I,-6.19729106790784,366,True,2
G366K,-6.57165419139439,366,True,2
G366L,-6.19729106790784,366,True,2
G366M,-6.19729106790784,366,True,2
G366N,-6.335457358146781,366,True,2
G366P,-6.57165419139439,366,True,2
G366Q,-6.335457358146781,366,True,2
G366R,-6.57165419139439,366,True,2
G366S,-3.32297813041567,366,True,1
G366T,-3.77246114290159,366,True,1
G366V,-6.19729106790784,366,True,2
G366W,-6.57165419139439,366,True,2
G366Y,-6.57165419139439,366,True,2
P367A,-1.2626619799582801,367,True,0
P367C,-2.25610484803662,367,True,1
P367D,-3.22784389511033,367,True,1
P367E,-1.95617531690187,367,True,1
P367F,-5.78643278833793,367,True,2
P367G,-4.793195989487219,367,True,1
P367H,-2.87763312613481,367,True,1
P367I,-4.89756554930717,367,True,1
P367K,-3.7059170433121604,367,True,1
P367L,-3.57523306598469,367,True,1
P367M,-4.89756554930717,367,True,1
P367N,-3.7096306917805295,367,True,1
P367Q,-4.931142344034241,367,True,1
P367R,-2.90981851995309,367,True,1
P367S,-1.21777858845323,367,True,0
P367T,-1.7812551919349098,367,True,1
P367V,-3.40025797580484,367,True,1
P367W,-5.78643278833793,367,True,2
P367Y,-5.78643278833793,367,True,2
S368A,-0.126966523333369,368,True,0
S368C,-0.953222105478022,368,True,0
S368D,-1.58257174078599,368,True,1
S368E,-1.81089272615507,368,True,1
S368F,-2.58183529875135,368,True,1
S368G,-0.552751676931493,368,True,0
S368H,-3.55494552267187,368,True,1
S368I,-3.13860973065853,368,True,1
S368K,-4.40534231393268,368,True,1
S368L,-2.5135190185266296,368,True,1
S368M,-3.58884711306426,368,True,1
S368N,-1.66253984020828,368,True,1
S368P,-1.42281246033432,368,True,0
S368Q,-1.63741458143931,368,True,1
S368R,-4.40534231393268,368,True,1
S368T,-0.294402837378139,368,True,0
S368V,-1.85219785170656,368,True,1
S368W,-4.14149958668614,368,True,1
S368Y,-2.9584159050803898,368,True,1
I369A,-4.782148092626509,369,True,1
I369C,-3.7875488833015196,369,True,1
I369D,-5.81082642277081,369,True,2
I369E,-5.81082642277081,369,True,2
I369F,-3.1412649367527403,369,True,1
I369G,-5.81082642277081,369,True,2
I369H,-5.81082642277081,369,True,2
I369K,-5.81082642277081,369,True,2
I369L,-0.5843791937285251,369,True,0
I369M,-1.6082764093956203,369,True,1
I369N,-5.81082642277081,369,True,2
I369P,-5.81082642277081,369,True,2
I369Q,-5.81082642277081,369,True,2
I369R,-5.81082642277081,369,True,2
I369S,-2.6770376385892205,369,True,1
I369T,-4.39435543050836,369,True,1
I369V,-0.7306725961037959,369,True,0
I369W,-5.22347290337995,369,True,1
I369Y,-5.18135473747243,369,True,1
V370A,-1.52234867174079,370,True,0
V370C,-5.15241179460731,370,True,1
V370D,-6.083678954938071,370,True,2
V370E,-6.083678954938071,370,True,2
V370F,-5.86445036467057,370,True,2
V370G,-6.083678954938071,370,True,2
V370H,-6.083678954938071,370,True,2
V370I,-0.8003656618327599,370,True,0
V370K,-5.86445036467057,370,True,2
V370L,-0.38117824535438793,370,True,0
V370M,-0.18432089360623496,370,True,0
V370N,-6.083678954938071,370,True,2
V370P,-6.083678954938071,370,True,2
V370Q,-6.083678954938071,370,True,2
V370R,-5.86445036467057,370,True,2
V370S,-1.77741839832573,370,True,1
V370T,-1.8168124233999,370,True,1
V370W,-5.86445036467057,370,True,2
V370Y,-5.86445036467057,370,True,2
H371A,-5.7470183650806,371,True,2
H371C,-5.7470183650806,371,True,2
H371D,-3.113565170413,371,True,1
H371E,-0.599834145228308,371,True,0
H371F,-5.485574463372459,371,True,2
H371G,-6.193959667105651,371,True,2
H371I,-5.97048901609313,371,True,2
H371K,-4.27545104520921,371,True,1
H371L,-5.64145043414299,371,True,2
H371M,-5.97048901609313,371,True,2
H371N,-0.3947698921782,371,True,0
H371P,-2.46229983085287,371,True,1
H371Q,-3.05765270434444,371,True,1
H371R,-3.4849291145267403,371,True,1
H371S,-5.7470183650806,371,True,2
H371T,-3.3357548286144705,371,True,1
H371V,-5.97048901609313,371,True,2
H371W,-5.485574463372459,371,True,2
H371Y,-2.27294949693924,371,True,1
R372A,-3.85779628954967,372,True,1
R372C,-1.83983327184548,372,True,1
R372D,-4.271781128327509,372,True,1
R372E,-2.9823064892156403,372,True,1
R372F,-5.4023299665453,372,True,2
R372G,-3.87016178224797,372,True,1
R372H,-1.37906087121306,372,True,0
R372I,-3.3726760030645604,372,True,1
R372K,-0.34544814510333,372,True,0
R372L,-3.54536256693595,372,True,1
R372M,-2.0494558482506697,372,True,1
R372N,-3.13939465157652,372,True,1
R372P,-4.1328072093426504,372,True,1
R372Q,-1.39893028137962,372,True,0
R372S,-1.65444487714774,372,True,1
R372T,-3.88215526556225,372,True,1
R372V,-4.483155771238669,372,True,1
R372W,-5.4023299665453,372,True,2
R372Y,-5.4023299665453,372,True,2
K373A,-5.20799781502207,373,True,1
K373C,-5.20799781502207,373,True,1
K373D,-2.11473181561239,373,True,1
K373E,-5.14687750167605,373,True,1
K373F,-6.03877306238495,373,True,2
K373G,-6.03877306238495,373,True,2
K373H,-5.14687750167605,373,True,1
K373I,-5.474727181471961,373,True,2
K373L,-2.9941754291421003,373,True,1
K373M,-3.7364044160036998,373,True,1
K373N,-2.2452245634059,373,True,1
K373P,-6.03877306238495,373,True,2
K373Q,-3.9484994742716,373,True,1
K373R,-0.963818384168452,373,True,0
K373S,-2.3660467901122595,373,True,1
K373T,-3.0328678897232,373,True,1
K373V,-5.474727181471961,373,True,2
K373W,-6.03877306238495,373,True,2
K373Y,-6.03877306238495,373,True,2
C374A,-0.864284385027763,374,True,0
C374D,-5.99496376853523,374,True,2
C374E,-5.99496376853523,374,True,2
C374F,-4.05864923884621,374,True,1
C374G,-5.99496376853523,374,True,2
C374H,-5.99496376853523,374,True,2
C374I,-5.27471515144669,374,True,2
C374K,-5.778147330456081,374,True,2
C374L,-2.4234680048322597,374,True,1
C374M,-5.27471515144669,374,True,2
C374N,-5.99496376853523,374,True,2
C374P,-5.99496376853523,374,True,2
C374Q,-5.99496376853523,374,True,2
C374R,-3.8709419061846697,374,True,1
C374S,-1.03842311779454,374,True,0
C374T,-2.63145247895167,374,True,1
C374V,-3.5931869851687206,374,True,1
C374W,-5.65131784463984,374,True,2
C374Y,-5.65131784463984,374,True,2
F375A,-5.26241511388869,375,True,2
F375C,-5.26241511388869,375,True,2
F375D,-5.26241511388869,375,True,2
F375E,-5.26241511388869,375,True,2
F375G,-5.26241511388869,375,True,2
F375H,-5.26241511388869,375,True,2
F375I,-2.4609017591035096,375,True,1
F375K,-5.26241511388869,375,True,2
F375L,-1.90590921202672,375,True,1
F375M,-2.92603189678392,375,True,1
F375N,-5.26241511388869,375,True,2
F375P,-5.26241511388869,375,True,2
F375Q,-5.26241511388869,375,True,2
F375R,-5.26241511388869,375,True,2
F375S,-5.26241511388869,375,True,2
F375T,-5.26241511388869,375,True,2
F375V,-4.15655144809194,375,True,1
F375W,-2.8327036056717403,375,True,1
F375Y,-0.941193061124664,375,True,0
