interaction_id,pdb_id,structure_title,release_date,resolution,chain_A_id,chain_B_id,interface_area,num_contacts,num_hbonds,num_salt_bridges,source_url
1,8iai,"Structure of mammalian spectrin-actin junctional complex of membrane skeleton, State II, Global map",2023-05-03,3.5 Å,8iai_H,8iai_7,1213.28 Å²,103,8.0,1.0,https://bioinformatics.lt/ppi3d/site/interaction_details/single_sequence/rIiStfbc/1/null/13965312/1987830/72502379/2132146
10,8efi,Helical reconstruction of the human cardiac actin-tropomyosin-myosin complex in the rigor form,2022-11-23,3.4 Å,8efi_C,8efi_P,188.17 Å²,17,,,https://bioinformatics.lt/ppi3d/site/interaction_details/single_sequence/rIiStfbc/1/null/13965568/1836813/68056552/1999192
100,8iai,"Structure of mammalian spectrin-actin junctional complex of membrane skeleton, State II, Global map",2023-05-03,3.5 Å,8iai_F,8iai_D,1145.99 Å²,86,3.0,3.0,https://bioinformatics.lt/ppi3d/site/interaction_details/single_sequence/rIiStfbc/1/null/13965316/1987885/72502482/2132174
1001,3j8a,Structure of the F-actin-tropomyosin complex,2014-12-10,3.7 Å,3j8a_A,3j8a_D,432.51 Å²,38,3.0,1.0,https://bioinformatics.lt/ppi3d/site/interaction_details/single_sequence/rIiStfbc/1/null/13965880/278568/12806731/348526
1002,3j8a,Structure of the F-actin-tropomyosin complex,2014-12-10,3.7 Å,3j8a_D,3j8a_B,423.72 Å²,40,3.0,,https://bioinformatics.lt/ppi3d/site/interaction_details/single_sequence/rIiStfbc/1/null/13965880/278564/12806733/348524
1005,7utj,Cryogenic electron microscopy 3D map of F-actin bound by human dimeric alpha-catenin,2023-03-08,2.8 Å,7utj_C,7utj_D,378.16 Å²,32,4.0,,https://bioinformatics.lt/ppi3d/site/interaction_details/single_sequence/rIiStfbc/1/null/13966136/1891425/70534907/2073294
1006,7utj,Cryogenic electron microscopy 3D map of F-actin bound by human dimeric alpha-catenin,2023-03-08,2.8 Å,7utj_C,7utj_E,1145.33 Å²,93,7.0,4.0,https://bioinformatics.lt/ppi3d/site/interaction_details/single_sequence/rIiStfbc/1/null/13966136/1891427/70534908/2073295
1007,7utj,Cryogenic electron microscopy 3D map of F-actin bound by human dimeric alpha-catenin,2023-03-08,2.8 Å,7utj_C,7utj_H,802.91 Å²,68,3.0,,https://bioinformatics.lt/ppi3d/site/interaction_details/single_sequence/rIiStfbc/1/null/13966136/1891429/70534911/2073296
1008,7utj,Cryogenic electron microscopy 3D map of F-actin bound by human dimeric alpha-catenin,2023-03-08,2.8 Å,7utj_C,7utj_Z,1200.05 Å²,88,3.0,2.0,https://bioinformatics.lt/ppi3d/site/interaction_details/single_sequence/rIiStfbc/1/null/13966136/1891431/70534915/2073297
1009,4b1z,Structure of the Phactr1 RPEL domain bound to G-actin,2012-11-07,3.3 Å,4b1z_D,4b1z_N,704.80 Å²,58,2.0,,https://bioinformatics.lt/ppi3d/site/interaction_details/single_sequence/rIiStfbc/1/null/13966392/51627/20032423/57762
101,8iai,"Structure of mammalian spectrin-actin junctional complex of membrane skeleton, State II, Global map",2023-05-03,3.5 Å,8iai_D,8iai_N,1173.15 Å²,98,5.0,4.0,https://bioinformatics.lt/ppi3d/site/interaction_details/single_sequence/rIiStfbc/1/null/13965316/1987887/72502489/2132175
1010,4b1z,Structure of the Phactr1 RPEL domain bound to G-actin,2012-11-07,3.3 Å,4b1z_D,4b1z_E,217.95 Å²,19,2.0,1.0,https://bioinformatics.lt/ppi3d/site/interaction_details/single_sequence/rIiStfbc/1/null/13966392/51633/20032429/57766
1011,4b1z,Structure of the Phactr1 RPEL domain bound to G-actin,2012-11-07,3.3 Å,4b1z_D,4b1z_B,315.65 Å²,29,2.0,,https://bioinformatics.lt/ppi3d/site/interaction_details/single_sequence/rIiStfbc/1/null/13966392/51612/20032432/57773
1012,4b1z,Structure of the Phactr1 RPEL domain bound to G-actin,2012-11-07,3.3 Å,4b1z_D,4b1z_C,309.55 Å²,25,1.0,,https://bioinformatics.lt/ppi3d/site/interaction_details/single_sequence/rIiStfbc/1/null/13966392/51632/20032433/57764
1018,8vkh,Structure of gelsolin domains G1-G3 bound to the barbed end of F-actin,2024-10-16,3.6 Å,8vkh_B,8vkh_A,472.38 Å²,39,3.0,,https://bioinformatics.lt/ppi3d/site/interaction_details/single_sequence/rIiStfbc/1/null/13965625/2346809/82398712/2432695
1019,8vkh,Structure of gelsolin domains G1-G3 bound to the barbed end of F-actin,2024-10-16,3.6 Å,8vkh_C,8vkh_A,1178.17 Å²,96,7.0,4.0,https://bioinformatics.lt/ppi3d/site/interaction_details/single_sequence/rIiStfbc/1/null/13965625/2346811/82398713/2432696
102,8iai,"Structure of mammalian spectrin-actin junctional complex of membrane skeleton, State II, Global map",2023-05-03,3.5 Å,8iai_D,8iai_P,339.24 Å²,27,2.0,,https://bioinformatics.lt/ppi3d/site/interaction_details/single_sequence/rIiStfbc/1/null/13965316/1987889/72502491/2132176
1020,3j8a,Structure of the F-actin-tropomyosin complex,2014-12-10,3.7 Å,3j8a_E,3j8a_D,1067.96 Å²,102,4.0,4.0,https://bioinformatics.lt/ppi3d/site/interaction_details/single_sequence/rIiStfbc/1/null/13965881/278572/12806727/348528
1021,3j8a,Structure of the F-actin-tropomyosin complex,2014-12-10,3.7 Å,3j8a_E,3j8a_A,409.22 Å²,38,3.0,1.0,https://bioinformatics.lt/ppi3d/site/interaction_details/single_sequence/rIiStfbc/1/null/13965881/278570/12806728/348527
1022,3j8a,Structure of the F-actin-tropomyosin complex,2014-12-10,3.7 Å,3j8a_C,3j8a_E,436.64 Å²,39,3.0,1.0,https://bioinformatics.lt/ppi3d/site/interaction_details/single_sequence/rIiStfbc/1/null/13965881/278562/12806729/348525
1024,7utj,Cryogenic electron microscopy 3D map of F-actin bound by human dimeric alpha-catenin,2023-03-08,2.8 Å,7utj_B,7utj_C,376.57 Å²,32,4.0,,https://bioinformatics.lt/ppi3d/site/interaction_details/single_sequence/rIiStfbc/1/null/13966137/1891417/70534897/2073290
1025,7utj,Cryogenic electron microscopy 3D map of F-actin bound by human dimeric alpha-catenin,2023-03-08,2.8 Å,7utj_B,7utj_D,1149.38 Å²,93,6.0,4.0,https://bioinformatics.lt/ppi3d/site/interaction_details/single_sequence/rIiStfbc/1/null/13966137/1891419/70534898/2073291
1026,7utj,Cryogenic electron microscopy 3D map of F-actin bound by human dimeric alpha-catenin,2023-03-08,2.8 Å,7utj_B,7utj_G,808.66 Å²,70,3.0,,https://bioinformatics.lt/ppi3d/site/interaction_details/single_sequence/rIiStfbc/1/null/13966137/1891421/70534901/2073292
1027,7utj,Cryogenic electron microscopy 3D map of F-actin bound by human dimeric alpha-catenin,2023-03-08,2.8 Å,7utj_B,7utj_I,1175.99 Å²,86,4.0,2.0,https://bioinformatics.lt/ppi3d/site/interaction_details/single_sequence/rIiStfbc/1/null/13966137/1891423/70534903/2073293
1033,8dnh,Cryo-EM structure of nonmuscle beta-actin,2023-04-12,3.0 Å,8dnh_D,8dnh_C,302.25 Å²,23,1.0,2.0,https://bioinformatics.lt/ppi3d/site/interaction_details/single_sequence/rIiStfbc/1/null/13965370/1981169/71903095/2128680
1036,8viz,Structure of full-length gelsolin bound to the barbed end of F-actin,2024-10-16,2.6 Å,8viz_F,8viz_G,2611.43 Å²,212,23.0,6.0,https://bioinformatics.lt/ppi3d/site/interaction_details/single_sequence/rIiStfbc/1/null/13965626/2346807/82398711/2432694
1037,7utj,Cryogenic electron microscopy 3D map of F-actin bound by human dimeric alpha-catenin,2023-03-08,2.8 Å,7utj_A,7utj_B,377.27 Å²,32,3.0,,https://bioinformatics.lt/ppi3d/site/interaction_details/single_sequence/rIiStfbc/1/null/13966138/1891411/70534886/2073287
1038,7utj,Cryogenic electron microscopy 3D map of F-actin bound by human dimeric alpha-catenin,2023-03-08,2.8 Å,7utj_A,7utj_C,1145.03 Å²,93,6.0,4.0,https://bioinformatics.lt/ppi3d/site/interaction_details/single_sequence/rIiStfbc/1/null/13966138/1891413/70534887/2073288
1039,7utj,Cryogenic electron microscopy 3D map of F-actin bound by human dimeric alpha-catenin,2023-03-08,2.8 Å,7utj_A,7utj_H,1199.55 Å²,89,3.0,2.0,https://bioinformatics.lt/ppi3d/site/interaction_details/single_sequence/rIiStfbc/1/null/13966138/1891415/70534892/2073289
104,7jh7,cardiac actomyosin complex,2020-10-28,3.8 Å,7jh7_C,7jh7_H,1142.49 Å²,104,5.0,1.0,https://bioinformatics.lt/ppi3d/site/interaction_details/single_sequence/rIiStfbc/1/null/13965572/1516747/57502905/1631676
1043,6iug,Cryo-EM structure of the plant actin filaments from Zea mays pollen,2019-11-06,3.9 Å,6iug_D,6iug_E,470.45 Å²,38,2.0,1.0,https://bioinformatics.lt/ppi3d/site/interaction_details/single_sequence/rIiStfbc/1/null/13966650/1513069/57540464/1624090
1045,8dnh,Cryo-EM structure of nonmuscle beta-actin,2023-04-12,3.0 Å,8dnh_C,8dnh_B,370.04 Å²,29,3.0,2.0,https://bioinformatics.lt/ppi3d/site/interaction_details/single_sequence/rIiStfbc/1/null/13965371/1981165/71903093/2128678
1046,8dnh,Cryo-EM structure of nonmuscle beta-actin,2023-04-12,3.0 Å,8dnh_D,8dnh_B,1089.46 Å²,88,3.0,3.0,https://bioinformatics.lt/ppi3d/site/interaction_details/single_sequence/rIiStfbc/1/null/13965371/1981167/71903094/2128679
1049,8viz,Structure of full-length gelsolin bound to the barbed end of F-actin,2024-10-16,2.6 Å,8viz_F,8viz_E,446.21 Å²,38,3.0,1.0,https://bioinformatics.lt/ppi3d/site/interaction_details/single_sequence/rIiStfbc/1/null/13965627/2346803/82398709/2432692
105,7jh7,cardiac actomyosin complex,2020-10-28,3.8 Å,7jh7_E,7jh7_C,533.48 Å²,48,1.0,2.0,https://bioinformatics.lt/ppi3d/site/interaction_details/single_sequence/rIiStfbc/1/null/13965572/1516753/57502906/1631678
1050,8viz,Structure of full-length gelsolin bound to the barbed end of F-actin,2024-10-16,2.6 Å,8viz_E,8viz_G,1390.45 Å²,122,5.0,,https://bioinformatics.lt/ppi3d/site/interaction_details/single_sequence/rIiStfbc/1/null/13965627/2346805/82398710/2432693
1054,7uuw,"Cryogenic electron microscopy 3D map of F-actin bound by the Actin Binding Domain of alpha-catenin ortholog, HMP1",2023-01-18,3.4 Å,7uuw_F,7uuw_K,717.06 Å²,59,4.0,,https://bioinformatics.lt/ppi3d/site/interaction_details/single_sequence/rIiStfbc/1/null/13966139/1864713/68773534/2029212
1058,6iug,Cryo-EM structure of the plant actin filaments from Zea mays pollen,2019-11-06,3.9 Å,6iug_C,6iug_D,468.15 Å²,38,2.0,1.0,https://bioinformatics.lt/ppi3d/site/interaction_details/single_sequence/rIiStfbc/1/null/13966651/1513065/57540462/1624088
1059,6iug,Cryo-EM structure of the plant actin filaments from Zea mays pollen,2019-11-06,3.9 Å,6iug_C,6iug_E,1023.43 Å²,84,5.0,3.0,https://bioinformatics.lt/ppi3d/site/interaction_details/single_sequence/rIiStfbc/1/null/13966651/1513067/57540463/1624089
1060,8dnh,Cryo-EM structure of nonmuscle beta-actin,2023-04-12,3.0 Å,8dnh_B,8dnh_A,323.46 Å²,25,1.0,2.0,https://bioinformatics.lt/ppi3d/site/interaction_details/single_sequence/rIiStfbc/1/null/13965372/1981161/71903090/2128676
1061,8dnh,Cryo-EM structure of nonmuscle beta-actin,2023-04-12,3.0 Å,8dnh_C,8dnh_A,1071.46 Å²,88,5.0,3.0,https://bioinformatics.lt/ppi3d/site/interaction_details/single_sequence/rIiStfbc/1/null/13965372/1981163/71903091/2128677
1064,8viz,Structure of full-length gelsolin bound to the barbed end of F-actin,2024-10-16,2.6 Å,8viz_E,8viz_D,397.73 Å²,31,3.0,,https://bioinformatics.lt/ppi3d/site/interaction_details/single_sequence/rIiStfbc/1/null/13965628/2346797/82398706/2432689
1065,8viz,Structure of full-length gelsolin bound to the barbed end of F-actin,2024-10-16,2.6 Å,8viz_F,8viz_D,1152.89 Å²,101,6.0,2.0,https://bioinformatics.lt/ppi3d/site/interaction_details/single_sequence/rIiStfbc/1/null/13965628/2346799/82398707/2432690
1066,8viz,Structure of full-length gelsolin bound to the barbed end of F-actin,2024-10-16,2.6 Å,8viz_D,8viz_G,959.12 Å²,87,4.0,4.0,https://bioinformatics.lt/ppi3d/site/interaction_details/single_sequence/rIiStfbc/1/null/13965628/2346801/82398708/2432691
1069,7uuw,"Cryogenic electron microscopy 3D map of F-actin bound by the Actin Binding Domain of alpha-catenin ortholog, HMP1",2023-01-18,3.4 Å,7uuw_E,7uuw_F,402.48 Å²,34,2.0,1.0,https://bioinformatics.lt/ppi3d/site/interaction_details/single_sequence/rIiStfbc/1/null/13966140/1864707/68773524/2029209
107,5jlf,Structure of the F-actin-tropomyosin complex (Reprocessed),2016-06-15,3.6 Å,5jlf_D,5jlf_B,457.03 Å²,39,3.0,1.0,https://bioinformatics.lt/ppi3d/site/interaction_details/single_sequence/rIiStfbc/1/null/13965828/769977/23566348/888845
1070,7uuw,"Cryogenic electron microscopy 3D map of F-actin bound by the Actin Binding Domain of alpha-catenin ortholog, HMP1",2023-01-18,3.4 Å,7uuw_E,7uuw_L,1172.10 Å²,91,5.0,1.0,https://bioinformatics.lt/ppi3d/site/interaction_details/single_sequence/rIiStfbc/1/null/13966140/1864709/68773529/2029210
1071,7uuw,"Cryogenic electron microscopy 3D map of F-actin bound by the Actin Binding Domain of alpha-catenin ortholog, HMP1",2023-01-18,3.4 Å,7uuw_E,7uuw_Z,717.91 Å²,59,4.0,,https://bioinformatics.lt/ppi3d/site/interaction_details/single_sequence/rIiStfbc/1/null/13966140/1864711/68773530/2029211
1074,6iug,Cryo-EM structure of the plant actin filaments from Zea mays pollen,2019-11-06,3.9 Å,6iug_B,6iug_C,471.45 Å²,37,2.0,1.0,https://bioinformatics.lt/ppi3d/site/interaction_details/single_sequence/rIiStfbc/1/null/13966652/1513061/57540459/1624086
1075,6iug,Cryo-EM structure of the plant actin filaments from Zea mays pollen,2019-11-06,3.9 Å,6iug_B,6iug_D,1019.10 Å²,84,5.0,3.0,https://bioinformatics.lt/ppi3d/site/interaction_details/single_sequence/rIiStfbc/1/null/13966652/1513063/57540460/1624087
1080,8viz,Structure of full-length gelsolin bound to the barbed end of F-actin,2024-10-16,2.6 Å,8viz_D,8viz_C,411.70 Å²,34,4.0,,https://bioinformatics.lt/ppi3d/site/interaction_details/single_sequence/rIiStfbc/1/null/13965629/2346793/82398702/2432687
1081,8viz,Structure of full-length gelsolin bound to the barbed end of F-actin,2024-10-16,2.6 Å,8viz_E,8viz_C,1150.00 Å²,97,8.0,4.0,https://bioinformatics.lt/ppi3d/site/interaction_details/single_sequence/rIiStfbc/1/null/13965629/2346795/82398703/2432688
1085,7uuw,"Cryogenic electron microscopy 3D map of F-actin bound by the Actin Binding Domain of alpha-catenin ortholog, HMP1",2023-01-18,3.4 Å,7uuw_D,7uuw_E,400.38 Å²,34,2.0,1.0,https://bioinformatics.lt/ppi3d/site/interaction_details/single_sequence/rIiStfbc/1/null/13966141/1864699/68773516/2029205
1086,7uuw,"Cryogenic electron microscopy 3D map of F-actin bound by the Actin Binding Domain of alpha-catenin ortholog, HMP1",2023-01-18,3.4 Å,7uuw_D,7uuw_F,1155.31 Å²,97,7.0,5.0,https://bioinformatics.lt/ppi3d/site/interaction_details/single_sequence/rIiStfbc/1/null/13966141/1864701/68773517/2029206
1087,7uuw,"Cryogenic electron microscopy 3D map of F-actin bound by the Actin Binding Domain of alpha-catenin ortholog, HMP1",2023-01-18,3.4 Å,7uuw_D,7uuw_I,718.38 Å²,59,4.0,,https://bioinformatics.lt/ppi3d/site/interaction_details/single_sequence/rIiStfbc/1/null/13966141/1864703/68773520/2029207
1088,7uuw,"Cryogenic electron microscopy 3D map of F-actin bound by the Actin Binding Domain of alpha-catenin ortholog, HMP1",2023-01-18,3.4 Å,7uuw_D,7uuw_K,1171.07 Å²,91,5.0,1.0,https://bioinformatics.lt/ppi3d/site/interaction_details/single_sequence/rIiStfbc/1/null/13966141/1864705/68773521/2029208
1093,6iug,Cryo-EM structure of the plant actin filaments from Zea mays pollen,2019-11-06,3.9 Å,6iug_A,6iug_B,474.00 Å²,38,2.0,1.0,https://bioinformatics.lt/ppi3d/site/interaction_details/single_sequence/rIiStfbc/1/null/13966653/1513057/57540455/1624084
1094,6iug,Cryo-EM structure of the plant actin filaments from Zea mays pollen,2019-11-06,3.9 Å,6iug_A,6iug_C,1027.76 Å²,83,5.0,3.0,https://bioinformatics.lt/ppi3d/site/interaction_details/single_sequence/rIiStfbc/1/null/13966653/1513059/57540456/1624085
1097,8viz,Structure of full-length gelsolin bound to the barbed end of F-actin,2024-10-16,2.6 Å,8viz_C,8viz_B,425.67 Å²,37,4.0,1.0,https://bioinformatics.lt/ppi3d/site/interaction_details/single_sequence/rIiStfbc/1/null/13965630/2346789/82398697/2432685
1098,8viz,Structure of full-length gelsolin bound to the barbed end of F-actin,2024-10-16,2.6 Å,8viz_D,8viz_B,1150.86 Å²,93,8.0,4.0,https://bioinformatics.lt/ppi3d/site/interaction_details/single_sequence/rIiStfbc/1/null/13965630/2346791/82398698/2432686
11,6c1d,High-Resolution Cryo-EM Structures of Actin-bound Myosin States Reveal the Mechanism of Myosin Force Sensing,2018-01-31,3.2 Å,6c1d_E,6c1d_D,461.39 Å²,37,4.0,2.0,https://bioinformatics.lt/ppi3d/site/interaction_details/single_sequence/rIiStfbc/1/null/13965824/874652/27500356/996646
110,8c4e,F-actin decorated by SipA426-685,2024-01-17,2.6 Å,8c4e_D,8c4e_C,408.94 Å²,37,3.0,,https://bioinformatics.lt/ppi3d/site/interaction_details/single_sequence/rIiStfbc/1/null/13966084/2144639/75903833/2262570
1101,7uuw,"Cryogenic electron microscopy 3D map of F-actin bound by the Actin Binding Domain of alpha-catenin ortholog, HMP1",2023-01-18,3.4 Å,7uuw_C,7uuw_D,397.60 Å²,34,2.0,1.0,https://bioinformatics.lt/ppi3d/site/interaction_details/single_sequence/rIiStfbc/1/null/13966142/1864691/68773507/2029201
1102,7uuw,"Cryogenic electron microscopy 3D map of F-actin bound by the Actin Binding Domain of alpha-catenin ortholog, HMP1",2023-01-18,3.4 Å,7uuw_C,7uuw_E,1155.40 Å²,97,7.0,5.0,https://bioinformatics.lt/ppi3d/site/interaction_details/single_sequence/rIiStfbc/1/null/13966142/1864693/68773508/2029202
1103,7uuw,"Cryogenic electron microscopy 3D map of F-actin bound by the Actin Binding Domain of alpha-catenin ortholog, HMP1",2023-01-18,3.4 Å,7uuw_C,7uuw_H,718.54 Å²,59,4.0,,https://bioinformatics.lt/ppi3d/site/interaction_details/single_sequence/rIiStfbc/1/null/13966142/1864695/68773511/2029203
1104,7uuw,"Cryogenic electron microscopy 3D map of F-actin bound by the Actin Binding Domain of alpha-catenin ortholog, HMP1",2023-01-18,3.4 Å,7uuw_C,7uuw_Z,1180.23 Å²,92,5.0,1.0,https://bioinformatics.lt/ppi3d/site/interaction_details/single_sequence/rIiStfbc/1/null/13966142/1864697/68773515/2029204
111,8c4e,F-actin decorated by SipA426-685,2024-01-17,2.6 Å,8c4e_E,8c4e_C,1172.54 Å²,98,9.0,4.0,https://bioinformatics.lt/ppi3d/site/interaction_details/single_sequence/rIiStfbc/1/null/13966084/2144641/75903834/2262571
1111,8viz,Structure of full-length gelsolin bound to the barbed end of F-actin,2024-10-16,2.6 Å,8viz_B,8viz_A,412.33 Å²,38,3.0,,https://bioinformatics.lt/ppi3d/site/interaction_details/single_sequence/rIiStfbc/1/null/13965631/2346785/82398691/2432683
1112,8viz,Structure of full-length gelsolin bound to the barbed end of F-actin,2024-10-16,2.6 Å,8viz_C,8viz_A,1189.19 Å²,98,7.0,4.0,https://bioinformatics.lt/ppi3d/site/interaction_details/single_sequence/rIiStfbc/1/null/13965631/2346787/82398692/2432684
1114,7uuw,"Cryogenic electron microscopy 3D map of F-actin bound by the Actin Binding Domain of alpha-catenin ortholog, HMP1",2023-01-18,3.4 Å,7uuw_B,7uuw_C,399.53 Å²,34,2.0,1.0,https://bioinformatics.lt/ppi3d/site/interaction_details/single_sequence/rIiStfbc/1/null/13966143/1864683/68773497/2029197
1115,7uuw,"Cryogenic electron microscopy 3D map of F-actin bound by the Actin Binding Domain of alpha-catenin ortholog, HMP1",2023-01-18,3.4 Å,7uuw_B,7uuw_D,1153.27 Å²,96,8.0,5.0,https://bioinformatics.lt/ppi3d/site/interaction_details/single_sequence/rIiStfbc/1/null/13966143/1864685/68773498/2029198
1116,7uuw,"Cryogenic electron microscopy 3D map of F-actin bound by the Actin Binding Domain of alpha-catenin ortholog, HMP1",2023-01-18,3.4 Å,7uuw_B,7uuw_G,718.40 Å²,59,4.0,,https://bioinformatics.lt/ppi3d/site/interaction_details/single_sequence/rIiStfbc/1/null/13966143/1864687/68773501/2029199
1117,7uuw,"Cryogenic electron microscopy 3D map of F-actin bound by the Actin Binding Domain of alpha-catenin ortholog, HMP1",2023-01-18,3.4 Å,7uuw_B,7uuw_I,1175.94 Å²,92,5.0,1.0,https://bioinformatics.lt/ppi3d/site/interaction_details/single_sequence/rIiStfbc/1/null/13966143/1864689/68773503/2029200
112,8c4e,F-actin decorated by SipA426-685,2024-01-17,2.6 Å,8c4e_C,8c4e_K,317.43 Å²,27,3.0,,https://bioinformatics.lt/ppi3d/site/interaction_details/single_sequence/rIiStfbc/1/null/13966084/2144643/75903838/2262572
1125,7uuw,"Cryogenic electron microscopy 3D map of F-actin bound by the Actin Binding Domain of alpha-catenin ortholog, HMP1",2023-01-18,3.4 Å,7uuw_A,7uuw_B,399.16 Å²,34,2.0,1.0,https://bioinformatics.lt/ppi3d/site/interaction_details/single_sequence/rIiStfbc/1/null/13966144/1864677/68773486/2029194
1126,7uuw,"Cryogenic electron microscopy 3D map of F-actin bound by the Actin Binding Domain of alpha-catenin ortholog, HMP1",2023-01-18,3.4 Å,7uuw_A,7uuw_C,1156.85 Å²,97,7.0,5.0,https://bioinformatics.lt/ppi3d/site/interaction_details/single_sequence/rIiStfbc/1/null/13966144/1864679/68773487/2029195
1127,7uuw,"Cryogenic electron microscopy 3D map of F-actin bound by the Actin Binding Domain of alpha-catenin ortholog, HMP1",2023-01-18,3.4 Å,7uuw_A,7uuw_H,1177.81 Å²,92,5.0,1.0,https://bioinformatics.lt/ppi3d/site/interaction_details/single_sequence/rIiStfbc/1/null/13966144/1864681/68773492/2029196
113,8c4e,F-actin decorated by SipA426-685,2024-01-17,2.6 Å,8c4e_C,8c4e_M,138.90 Å²,14,,,https://bioinformatics.lt/ppi3d/site/interaction_details/single_sequence/rIiStfbc/1/null/13966084/2144645/75903840/2262573
1131,8thy,Yeast actin A167E mutant rabbit-like,2024-07-31,3.8 Å,8thy_E,8thy_D,380.26 Å²,36,1.0,2.0,https://bioinformatics.lt/ppi3d/site/interaction_details/single_sequence/rIiStfbc/1/null/13966656/2285717/79570835/2366747
1134,8rtt,Structure of the formin Cdc12 bound to the barbed end of phalloidin-stabilized F-actin.,2024-04-10,3.6 Å,8rtt_D,8rtt_E,385.53 Å²,27,1.0,3.0,https://bioinformatics.lt/ppi3d/site/interaction_details/single_sequence/rIiStfbc/1/null/13965377/2205271/78416244/2312803
1135,8rtt,Structure of the formin Cdc12 bound to the barbed end of phalloidin-stabilized F-actin.,2024-04-10,3.6 Å,8rtt_D,8rtt_F,1022.85 Å²,93,2.0,1.0,https://bioinformatics.lt/ppi3d/site/interaction_details/single_sequence/rIiStfbc/1/null/13965377/2205273/78416248/2312804
1138,9fjo,Structure of the undecorated pointed end of F-actin,2024-09-11,3.0 Å,9fjo_D,9fjo_C,420.36 Å²,34,3.0,,https://bioinformatics.lt/ppi3d/site/interaction_details/single_sequence/rIiStfbc/1/null/13965633/2317459/80563670/2401561
114,8c4e,F-actin decorated by SipA426-685,2024-01-17,2.6 Å,8c4e_C,8c4e_N,743.27 Å²,70,6.0,3.0,https://bioinformatics.lt/ppi3d/site/interaction_details/single_sequence/rIiStfbc/1/null/13966084/2144647/75903841/2262574
1143,8thy,Yeast actin A167E mutant rabbit-like,2024-07-31,3.8 Å,8thy_D,8thy_C,376.88 Å²,36,1.0,2.0,https://bioinformatics.lt/ppi3d/site/interaction_details/single_sequence/rIiStfbc/1/null/13966657/2285713/79570833/2366745
1144,8thy,Yeast actin A167E mutant rabbit-like,2024-07-31,3.8 Å,8thy_E,8thy_C,1097.96 Å²,94,4.0,3.0,https://bioinformatics.lt/ppi3d/site/interaction_details/single_sequence/rIiStfbc/1/null/13966657/2285715/79570834/2366746
1147,8rtt,Structure of the formin Cdc12 bound to the barbed end of phalloidin-stabilized F-actin.,2024-04-10,3.6 Å,8rtt_D,8rtt_C,434.71 Å²,36,3.0,2.0,https://bioinformatics.lt/ppi3d/site/interaction_details/single_sequence/rIiStfbc/1/null/13965378/2205267/78416238/2312801
1148,8rtt,Structure of the formin Cdc12 bound to the barbed end of phalloidin-stabilized F-actin.,2024-04-10,3.6 Å,8rtt_C,8rtt_E,773.06 Å²,67,3.0,1.0,https://bioinformatics.lt/ppi3d/site/interaction_details/single_sequence/rIiStfbc/1/null/13965378/2205269/78416239/2312802
1150,9fjo,Structure of the undecorated pointed end of F-actin,2024-09-11,3.0 Å,9fjo_C,9fjo_B,355.69 Å²,30,1.0,,https://bioinformatics.lt/ppi3d/site/interaction_details/single_sequence/rIiStfbc/1/null/13965634/2317455/80563668/2401559
1151,9fjo,Structure of the undecorated pointed end of F-actin,2024-09-11,3.0 Å,9fjo_D,9fjo_B,1171.01 Å²,97,7.0,3.0,https://bioinformatics.lt/ppi3d/site/interaction_details/single_sequence/rIiStfbc/1/null/13965634/2317457/80563669/2401560
1154,8thy,Yeast actin A167E mutant rabbit-like,2024-07-31,3.8 Å,8thy_C,8thy_B,376.10 Å²,36,1.0,2.0,https://bioinformatics.lt/ppi3d/site/interaction_details/single_sequence/rIiStfbc/1/null/13966658/2285709/79570830/2366743
1155,8thy,Yeast actin A167E mutant rabbit-like,2024-07-31,3.8 Å,8thy_D,8thy_B,1097.38 Å²,93,4.0,3.0,https://bioinformatics.lt/ppi3d/site/interaction_details/single_sequence/rIiStfbc/1/null/13966658/2285711/79570831/2366744
1157,8rtt,Structure of the formin Cdc12 bound to the barbed end of phalloidin-stabilized F-actin.,2024-04-10,3.6 Å,8rtt_C,8rtt_B,401.40 Å²,34,2.0,1.0,https://bioinformatics.lt/ppi3d/site/interaction_details/single_sequence/rIiStfbc/1/null/13965379/2205263/78416231/2312799
1158,8rtt,Structure of the formin Cdc12 bound to the barbed end of phalloidin-stabilized F-actin.,2024-04-10,3.6 Å,8rtt_D,8rtt_B,1187.49 Å²,98,7.0,3.0,https://bioinformatics.lt/ppi3d/site/interaction_details/single_sequence/rIiStfbc/1/null/13965379/2205265/78416232/2312800
1159,9fjo,Structure of the undecorated pointed end of F-actin,2024-09-11,3.0 Å,9fjo_B,9fjo_A,326.96 Å²,27,1.0,1.0,https://bioinformatics.lt/ppi3d/site/interaction_details/single_sequence/rIiStfbc/1/null/13965635/2317451/80563665/2401557
116,9kbx,CryoEM structure of F-actin bound with GAS2-CH3 domain.,2025-09-10,2.8 Å,9kbx_L,9kbx_A,1117.08 Å²,98,13.0,4.0,https://bioinformatics.lt/ppi3d/site/interaction_details/single_sequence/rIiStfbc/1/null/13966596/2592746/96640791/2705804
1160,9fjo,Structure of the undecorated pointed end of F-actin,2024-09-11,3.0 Å,9fjo_C,9fjo_A,1193.06 Å²,99,5.0,3.0,https://bioinformatics.lt/ppi3d/site/interaction_details/single_sequence/rIiStfbc/1/null/13965635/2317453/80563666/2401558
1163,8thy,Yeast actin A167E mutant rabbit-like,2024-07-31,3.8 Å,8thy_B,8thy_A,378.01 Å²,37,1.0,2.0,https://bioinformatics.lt/ppi3d/site/interaction_details/single_sequence/rIiStfbc/1/null/13966659/2285705/79570826/2366741
1164,8thy,Yeast actin A167E mutant rabbit-like,2024-07-31,3.8 Å,8thy_C,8thy_A,1099.35 Å²,94,4.0,3.0,https://bioinformatics.lt/ppi3d/site/interaction_details/single_sequence/rIiStfbc/1/null/13966659/2285707/79570827/2366742
1165,8rtt,Structure of the formin Cdc12 bound to the barbed end of phalloidin-stabilized F-actin.,2024-04-10,3.6 Å,8rtt_B,8rtt_A,403.77 Å²,36,2.0,,https://bioinformatics.lt/ppi3d/site/interaction_details/single_sequence/rIiStfbc/1/null/13965380/2205259/78416223/2312797
1166,8rtt,Structure of the formin Cdc12 bound to the barbed end of phalloidin-stabilized F-actin.,2024-04-10,3.6 Å,8rtt_C,8rtt_A,1137.80 Å²,100,4.0,3.0,https://bioinformatics.lt/ppi3d/site/interaction_details/single_sequence/rIiStfbc/1/null/13965380/2205261/78416224/2312798
1169,8rv2,Structure of the formin INF2 bound to the barbed end of F-actin.,2024-04-10,3.4 Å,8rv2_D,8rv2_E,276.55 Å²,25,1.0,,https://bioinformatics.lt/ppi3d/site/interaction_details/single_sequence/rIiStfbc/1/null/13965636/2205313/78416287/2312824
1170,8rv2,Structure of the formin INF2 bound to the barbed end of F-actin.,2024-04-10,3.4 Å,8rv2_D,8rv2_F,1026.94 Å²,83,2.0,,https://bioinformatics.lt/ppi3d/site/interaction_details/single_sequence/rIiStfbc/1/null/13965636/2205315/78416288/2312825
1177,8rv2,Structure of the formin INF2 bound to the barbed end of F-actin.,2024-04-10,3.4 Å,8rv2_D,8rv2_C,402.28 Å²,35,2.0,,https://bioinformatics.lt/ppi3d/site/interaction_details/single_sequence/rIiStfbc/1/null/13965637/2205309/78416284/2312822
1178,8rv2,Structure of the formin INF2 bound to the barbed end of F-actin.,2024-04-10,3.4 Å,8rv2_C,8rv2_E,790.18 Å²,72,2.0,2.0,https://bioinformatics.lt/ppi3d/site/interaction_details/single_sequence/rIiStfbc/1/null/13965637/2205311/78416285/2312823
1184,8thx,Yeast actin A167E mutant wt-like,2024-07-31,4.0 Å,8thx_E,8thx_D,433.52 Å²,41,4.0,1.0,https://bioinformatics.lt/ppi3d/site/interaction_details/single_sequence/rIiStfbc/1/null/13966661/2285703/79570825/2366740
1187,9qfw,Cryo-EM structure of the cofilactin barbed end bound by two AIP1 molecules,2025-10-08,3.2 Å,9qfw_E,9qfw_H,723.40 Å²,61,5.0,4.0,https://bioinformatics.lt/ppi3d/site/interaction_details/single_sequence/rIiStfbc/1/null/13965382/2669369/96851610/2766786
1188,9qfw,Cryo-EM structure of the cofilactin barbed end bound by two AIP1 molecules,2025-10-08,3.2 Å,9qfw_E,9qfw_J,1090.86 Å²,99,3.0,2.0,https://bioinformatics.lt/ppi3d/site/interaction_details/single_sequence/rIiStfbc/1/null/13965382/2669371/96851612/2766787
1189,9qfw,Cryo-EM structure of the cofilactin barbed end bound by two AIP1 molecules,2025-10-08,3.2 Å,9qfw_E,9qfw_P,928.76 Å²,84,5.0,1.0,https://bioinformatics.lt/ppi3d/site/interaction_details/single_sequence/rIiStfbc/1/null/13965382/2669373/96851613/2766788
1190,9qfw,Cryo-EM structure of the cofilactin barbed end bound by two AIP1 molecules,2025-10-08,3.2 Å,9qfw_E,9qfw_Q,575.17 Å²,57,4.0,2.0,https://bioinformatics.lt/ppi3d/site/interaction_details/single_sequence/rIiStfbc/1/null/13965382/2669375/96851614/2766789
1192,8rv2,Structure of the formin INF2 bound to the barbed end of F-actin.,2024-04-10,3.4 Å,8rv2_C,8rv2_B,399.38 Å²,37,2.0,1.0,https://bioinformatics.lt/ppi3d/site/interaction_details/single_sequence/rIiStfbc/1/null/13965638/2205305/78416280/2312820
1193,8rv2,Structure of the formin INF2 bound to the barbed end of F-actin.,2024-04-10,3.4 Å,8rv2_D,8rv2_B,1166.00 Å²,95,5.0,3.0,https://bioinformatics.lt/ppi3d/site/interaction_details/single_sequence/rIiStfbc/1/null/13965638/2205307/78416281/2312821
12,6c1d,High-Resolution Cryo-EM Structures of Actin-bound Myosin States Reveal the Mechanism of Myosin Force Sensing,2018-01-31,3.2 Å,6c1d_E,6c1d_C,1150.69 Å²,95,10.0,3.0,https://bioinformatics.lt/ppi3d/site/interaction_details/single_sequence/rIiStfbc/1/null/13965824/874650/27500359/996645
120,8iai,"Structure of mammalian spectrin-actin junctional complex of membrane skeleton, State II, Global map",2023-05-03,3.5 Å,8iai_C,8iai_5,1296.90 Å²,101,4.0,2.0,https://bioinformatics.lt/ppi3d/site/interaction_details/single_sequence/rIiStfbc/1/null/13965317/1987794/72502325/2132128
1200,8thx,Yeast actin A167E mutant wt-like,2024-07-31,4.0 Å,8thx_D,8thx_C,425.93 Å²,39,4.0,1.0,https://bioinformatics.lt/ppi3d/site/interaction_details/single_sequence/rIiStfbc/1/null/13966662/2285699/79570823/2366738
1201,8thx,Yeast actin A167E mutant wt-like,2024-07-31,4.0 Å,8thx_E,8thx_C,1196.36 Å²,104,8.0,3.0,https://bioinformatics.lt/ppi3d/site/interaction_details/single_sequence/rIiStfbc/1/null/13966662/2285701/79570824/2366739
1204,9qfw,Cryo-EM structure of the cofilactin barbed end bound by two AIP1 molecules,2025-10-08,3.2 Å,9qfw_E,9qfw_D,444.43 Å²,38,2.0,,https://bioinformatics.lt/ppi3d/site/interaction_details/single_sequence/rIiStfbc/1/null/13965383/2669361/96851600/2766782
1205,9qfw,Cryo-EM structure of the cofilactin barbed end bound by two AIP1 molecules,2025-10-08,3.2 Å,9qfw_D,9qfw_G,685.32 Å²,59,8.0,4.0,https://bioinformatics.lt/ppi3d/site/interaction_details/single_sequence/rIiStfbc/1/null/13965383/2669363/96851602/2766783
1206,9qfw,Cryo-EM structure of the cofilactin barbed end bound by two AIP1 molecules,2025-10-08,3.2 Å,9qfw_D,9qfw_I,1080.35 Å²,93,7.0,5.0,https://bioinformatics.lt/ppi3d/site/interaction_details/single_sequence/rIiStfbc/1/null/13965383/2669365/96851604/2766784
1207,9qfw,Cryo-EM structure of the cofilactin barbed end bound by two AIP1 molecules,2025-10-08,3.2 Å,9qfw_D,9qfw_P,554.88 Å²,54,3.0,1.0,https://bioinformatics.lt/ppi3d/site/interaction_details/single_sequence/rIiStfbc/1/null/13965383/2669367/96851606/2766785
1208,8rv2,Structure of the formin INF2 bound to the barbed end of F-actin.,2024-04-10,3.4 Å,8rv2_B,8rv2_A,354.21 Å²,31,2.0,1.0,https://bioinformatics.lt/ppi3d/site/interaction_details/single_sequence/rIiStfbc/1/null/13965639/2205301/78416275/2312818
1209,8rv2,Structure of the formin INF2 bound to the barbed end of F-actin.,2024-04-10,3.4 Å,8rv2_C,8rv2_A,1186.83 Å²,98,4.0,3.0,https://bioinformatics.lt/ppi3d/site/interaction_details/single_sequence/rIiStfbc/1/null/13965639/2205303/78416276/2312819
1213,8thx,Yeast actin A167E mutant wt-like,2024-07-31,4.0 Å,8thx_C,8thx_B,422.14 Å²,37,4.0,1.0,https://bioinformatics.lt/ppi3d/site/interaction_details/single_sequence/rIiStfbc/1/null/13966663/2285695/79570820/2366736
1214,8thx,Yeast actin A167E mutant wt-like,2024-07-31,4.0 Å,8thx_D,8thx_B,1202.13 Å²,105,9.0,3.0,https://bioinformatics.lt/ppi3d/site/interaction_details/single_sequence/rIiStfbc/1/null/13966663/2285697/79570821/2366737
1217,9qfw,Cryo-EM structure of the cofilactin barbed end bound by two AIP1 molecules,2025-10-08,3.2 Å,9qfw_D,9qfw_C,401.94 Å²,33,2.0,,https://bioinformatics.lt/ppi3d/site/interaction_details/single_sequence/rIiStfbc/1/null/13965384/2669353/96851591/2766778
1218,9qfw,Cryo-EM structure of the cofilactin barbed end bound by two AIP1 molecules,2025-10-08,3.2 Å,9qfw_C,9qfw_E,425.05 Å²,38,1.0,4.0,https://bioinformatics.lt/ppi3d/site/interaction_details/single_sequence/rIiStfbc/1/null/13965384/2669355/96851592/2766779
1219,9qfw,Cryo-EM structure of the cofilactin barbed end bound by two AIP1 molecules,2025-10-08,3.2 Å,9qfw_C,9qfw_F,700.69 Å²,60,7.0,3.0,https://bioinformatics.lt/ppi3d/site/interaction_details/single_sequence/rIiStfbc/1/null/13965384/2669357/96851593/2766780
1220,9qfw,Cryo-EM structure of the cofilactin barbed end bound by two AIP1 molecules,2025-10-08,3.2 Å,9qfw_C,9qfw_H,1033.39 Å²,94,3.0,4.0,https://bioinformatics.lt/ppi3d/site/interaction_details/single_sequence/rIiStfbc/1/null/13965384/2669359/96851595/2766781
1224,8thx,Yeast actin A167E mutant wt-like,2024-07-31,4.0 Å,8thx_B,8thx_A,416.13 Å²,38,4.0,1.0,https://bioinformatics.lt/ppi3d/site/interaction_details/single_sequence/rIiStfbc/1/null/13966664/2285691/79570816/2366734
1225,8thx,Yeast actin A167E mutant wt-like,2024-07-31,4.0 Å,8thx_C,8thx_A,1199.95 Å²,104,9.0,3.0,https://bioinformatics.lt/ppi3d/site/interaction_details/single_sequence/rIiStfbc/1/null/13966664/2285693/79570817/2366735
1227,9qfw,Cryo-EM structure of the cofilactin barbed end bound by two AIP1 molecules,2025-10-08,3.2 Å,9qfw_C,9qfw_B,386.83 Å²,30,1.0,,https://bioinformatics.lt/ppi3d/site/interaction_details/single_sequence/rIiStfbc/1/null/13965385/2669347/96851581/2766775
1228,9qfw,Cryo-EM structure of the cofilactin barbed end bound by two AIP1 molecules,2025-10-08,3.2 Å,9qfw_B,9qfw_D,413.36 Å²,36,2.0,1.0,https://bioinformatics.lt/ppi3d/site/interaction_details/single_sequence/rIiStfbc/1/null/13965385/2669349/96851582/2766776
1229,9qfw,Cryo-EM structure of the cofilactin barbed end bound by two AIP1 molecules,2025-10-08,3.2 Å,9qfw_B,9qfw_G,1062.86 Å²,90,5.0,3.0,https://bioinformatics.lt/ppi3d/site/interaction_details/single_sequence/rIiStfbc/1/null/13965385/2669351/96851585/2766777
123,8iai,"Structure of mammalian spectrin-actin junctional complex of membrane skeleton, State II, Global map",2023-05-03,3.5 Å,8iai_D,8iai_C,375.12 Å²,32,2.0,,https://bioinformatics.lt/ppi3d/site/interaction_details/single_sequence/rIiStfbc/1/null/13965317/1987873/72502461/2132168
1232,8ru0,Structure of the undecorated barbed end of F-actin.,2024-04-10,3.1 Å,8ru0_D,8ru0_C,422.79 Å²,32,2.0,1.0,https://bioinformatics.lt/ppi3d/site/interaction_details/single_sequence/rIiStfbc/1/null/13965641/2205285/78416264/2312810
124,8iai,"Structure of mammalian spectrin-actin junctional complex of membrane skeleton, State II, Global map",2023-05-03,3.5 Å,8iai_E,8iai_C,1136.93 Å²,94,3.0,2.0,https://bioinformatics.lt/ppi3d/site/interaction_details/single_sequence/rIiStfbc/1/null/13965317/1987875/72502462/2132169
1241,9qfw,Cryo-EM structure of the cofilactin barbed end bound by two AIP1 molecules,2025-10-08,3.2 Å,9qfw_B,9qfw_A,420.68 Å²,34,1.0,,https://bioinformatics.lt/ppi3d/site/interaction_details/single_sequence/rIiStfbc/1/null/13965386/2669341/96851570/2766772
1242,9qfw,Cryo-EM structure of the cofilactin barbed end bound by two AIP1 molecules,2025-10-08,3.2 Å,9qfw_A,9qfw_C,377.90 Å²,34,2.0,2.0,https://bioinformatics.lt/ppi3d/site/interaction_details/single_sequence/rIiStfbc/1/null/13965386/2669343/96851571/2766773
1243,9qfw,Cryo-EM structure of the cofilactin barbed end bound by two AIP1 molecules,2025-10-08,3.2 Å,9qfw_A,9qfw_F,985.04 Å²,84,,2.0,https://bioinformatics.lt/ppi3d/site/interaction_details/single_sequence/rIiStfbc/1/null/13965386/2669345/96851574/2766774
1245,8ru0,Structure of the undecorated barbed end of F-actin.,2024-04-10,3.1 Å,8ru0_C,8ru0_A,1184.90 Å²,94,7.0,3.0,https://bioinformatics.lt/ppi3d/site/interaction_details/single_sequence/rIiStfbc/1/null/13965642/2205279/78416262/2312807
125,8iai,"Structure of mammalian spectrin-actin junctional complex of membrane skeleton, State II, Global map",2023-05-03,3.5 Å,8iai_C,8iai_M,1584.34 Å²,131,10.0,7.0,https://bioinformatics.lt/ppi3d/site/interaction_details/single_sequence/rIiStfbc/1/null/13965317/1987877/72502469/2132170
1254,9qfq,Cryo-EM structure of the cofilactin barbed end bound by AIP1,2025-10-08,2.8 Å,9qfq_E,9qfq_H,691.37 Å²,59,10.0,3.0,https://bioinformatics.lt/ppi3d/site/interaction_details/single_sequence/rIiStfbc/1/null/13965387/2669331/96851541/2766767
1255,9qfq,Cryo-EM structure of the cofilactin barbed end bound by AIP1,2025-10-08,2.8 Å,9qfq_E,9qfq_J,1070.79 Å²,92,5.0,4.0,https://bioinformatics.lt/ppi3d/site/interaction_details/single_sequence/rIiStfbc/1/null/13965387/2669333/96851554/2766768
1256,9qfq,Cryo-EM structure of the cofilactin barbed end bound by AIP1,2025-10-08,2.8 Å,9qfq_E,9qfq_P,906.68 Å²,82,6.0,1.0,https://bioinformatics.lt/ppi3d/site/interaction_details/single_sequence/rIiStfbc/1/null/13965387/2669335/96851559/2766769
1259,8ru0,Structure of the undecorated barbed end of F-actin.,2024-04-10,3.1 Å,8ru0_B,8ru0_A,413.46 Å²,32,3.0,1.0,https://bioinformatics.lt/ppi3d/site/interaction_details/single_sequence/rIiStfbc/1/null/13965643/2205278/78416259/2312806
126,8iai,"Structure of mammalian spectrin-actin junctional complex of membrane skeleton, State II, Global map",2023-05-03,3.5 Å,8iai_C,8iai_O,381.88 Å²,33,3.0,,https://bioinformatics.lt/ppi3d/site/interaction_details/single_sequence/rIiStfbc/1/null/13965317/1987879/72502471/2132171
1260,8ru0,Structure of the undecorated barbed end of F-actin.,2024-04-10,3.1 Å,8ru0_C,8ru0_B,388.63 Å²,30,2.0,,https://bioinformatics.lt/ppi3d/site/interaction_details/single_sequence/rIiStfbc/1/null/13965643/2205281/78416260/2312808
1261,8ru0,Structure of the undecorated barbed end of F-actin.,2024-04-10,3.1 Å,8ru0_D,8ru0_B,1106.24 Å²,91,4.0,2.0,https://bioinformatics.lt/ppi3d/site/interaction_details/single_sequence/rIiStfbc/1/null/13965643/2205283/78416261/2312809
127,8iai,"Structure of mammalian spectrin-actin junctional complex of membrane skeleton, State II, Global map",2023-05-03,3.5 Å,8iai_C,8iai_Y,211.19 Å²,19,,,https://bioinformatics.lt/ppi3d/site/interaction_details/single_sequence/rIiStfbc/1/null/13965317/1987881/72502479/2132172
1271,9qfq,Cryo-EM structure of the cofilactin barbed end bound by AIP1,2025-10-08,2.8 Å,9qfq_D,9qfq_G,670.65 Å²,57,7.0,4.0,https://bioinformatics.lt/ppi3d/site/interaction_details/single_sequence/rIiStfbc/1/null/13965388/2669325/96851532/2766764
1272,9qfq,Cryo-EM structure of the cofilactin barbed end bound by AIP1,2025-10-08,2.8 Å,9qfq_D,9qfq_I,1056.68 Å²,92,6.0,2.0,https://bioinformatics.lt/ppi3d/site/interaction_details/single_sequence/rIiStfbc/1/null/13965388/2669327/96851547/2766765
1273,9qfq,Cryo-EM structure of the cofilactin barbed end bound by AIP1,2025-10-08,2.8 Å,9qfq_D,9qfq_P,580.03 Å²,52,5.0,2.0,https://bioinformatics.lt/ppi3d/site/interaction_details/single_sequence/rIiStfbc/1/null/13965388/2669329/96851558/2766766
1276,9qfq,Cryo-EM structure of the cofilactin barbed end bound by AIP1,2025-10-08,2.8 Å,9qfq_E,9qfq_D,406.07 Å²,38,1.0,,https://bioinformatics.lt/ppi3d/site/interaction_details/single_sequence/rIiStfbc/1/null/13965388/2669323/96851569/2766763
1280,8uee,Atomic structure of Salmonella SipA/F-actin complex by cryo-EM,2023-12-27,3.2 Å,8uee_M,8uee_B,832.20 Å²,67,4.0,2.0,https://bioinformatics.lt/ppi3d/site/interaction_details/single_sequence/rIiStfbc/1/null/13965644/2136948/75776366/2255890
1281,8uee,Atomic structure of Salmonella SipA/F-actin complex by cryo-EM,2023-12-27,3.2 Å,8uee_M,8uee_A,1098.28 Å²,99,7.0,3.0,https://bioinformatics.lt/ppi3d/site/interaction_details/single_sequence/rIiStfbc/1/null/13965644/2136942/75776369/2255887
1287,9qfq,Cryo-EM structure of the cofilactin barbed end bound by AIP1,2025-10-08,2.8 Å,9qfq_C,9qfq_F,685.83 Å²,59,9.0,4.0,https://bioinformatics.lt/ppi3d/site/interaction_details/single_sequence/rIiStfbc/1/null/13965389/2669319/96851522/2766761
1288,9qfq,Cryo-EM structure of the cofilactin barbed end bound by AIP1,2025-10-08,2.8 Å,9qfq_C,9qfq_H,1010.48 Å²,90,3.0,4.0,https://bioinformatics.lt/ppi3d/site/interaction_details/single_sequence/rIiStfbc/1/null/13965389/2669321/96851539/2766762
129,7jh7,cardiac actomyosin complex,2020-10-28,3.8 Å,7jh7_B,7jh7_F,184.61 Å²,18,1.0,,https://bioinformatics.lt/ppi3d/site/interaction_details/single_sequence/rIiStfbc/1/null/13965573/1516765/57502890/1631685
1291,9qfq,Cryo-EM structure of the cofilactin barbed end bound by AIP1,2025-10-08,2.8 Å,9qfq_D,9qfq_C,368.46 Å²,31,1.0,,https://bioinformatics.lt/ppi3d/site/interaction_details/single_sequence/rIiStfbc/1/null/13965389/2669315/96851567/2766759
1292,9qfq,Cryo-EM structure of the cofilactin barbed end bound by AIP1,2025-10-08,2.8 Å,9qfq_C,9qfq_E,394.85 Å²,35,2.0,2.0,https://bioinformatics.lt/ppi3d/site/interaction_details/single_sequence/rIiStfbc/1/null/13965389/2669317/96851568/2766760
1294,8uee,Atomic structure of Salmonella SipA/F-actin complex by cryo-EM,2023-12-27,3.2 Å,8uee_L,8uee_M,374.50 Å²,32,2.0,,https://bioinformatics.lt/ppi3d/site/interaction_details/single_sequence/rIiStfbc/1/null/13965645/2136987/75776361/2255910
1295,8uee,Atomic structure of Salmonella SipA/F-actin complex by cryo-EM,2023-12-27,3.2 Å,8uee_L,8uee_B,1080.83 Å²,97,4.0,1.0,https://bioinformatics.lt/ppi3d/site/interaction_details/single_sequence/rIiStfbc/1/null/13965645/2136946/75776362/2255889
1296,8uee,Atomic structure of Salmonella SipA/F-actin complex by cryo-EM,2023-12-27,3.2 Å,8uee_L,8uee_A,713.73 Å²,65,2.0,1.0,https://bioinformatics.lt/ppi3d/site/interaction_details/single_sequence/rIiStfbc/1/null/13965645/2136940/75776365/2255886
130,7jh7,cardiac actomyosin complex,2020-10-28,3.8 Å,7jh7_B,7jh7_G,1159.21 Å²,106,4.0,1.0,https://bioinformatics.lt/ppi3d/site/interaction_details/single_sequence/rIiStfbc/1/null/13965573/1516743/57502896/1631686
1303,9qfq,Cryo-EM structure of the cofilactin barbed end bound by AIP1,2025-10-08,2.8 Å,9qfq_B,9qfq_G,1040.43 Å²,92,5.0,4.0,https://bioinformatics.lt/ppi3d/site/interaction_details/single_sequence/rIiStfbc/1/null/13965390/2669313/96851530/2766758
1305,9qfq,Cryo-EM structure of the cofilactin barbed end bound by AIP1,2025-10-08,2.8 Å,9qfq_C,9qfq_B,377.78 Å²,32,1.0,,https://bioinformatics.lt/ppi3d/site/interaction_details/single_sequence/rIiStfbc/1/null/13965390/2669309/96851564/2766756
1306,9qfq,Cryo-EM structure of the cofilactin barbed end bound by AIP1,2025-10-08,2.8 Å,9qfq_B,9qfq_D,414.30 Å²,38,2.0,1.0,https://bioinformatics.lt/ppi3d/site/interaction_details/single_sequence/rIiStfbc/1/null/13965390/2669311/96851565/2766757
1309,8uee,Atomic structure of Salmonella SipA/F-actin complex by cryo-EM,2023-12-27,3.2 Å,8uee_L,8uee_K,1167.05 Å²,95,5.0,4.0,https://bioinformatics.lt/ppi3d/site/interaction_details/single_sequence/rIiStfbc/1/null/13965646/2136983/75776355/2255908
131,7jh7,cardiac actomyosin complex,2020-10-28,3.8 Å,7jh7_B,7jh7_D,517.20 Å²,47,2.0,2.0,https://bioinformatics.lt/ppi3d/site/interaction_details/single_sequence/rIiStfbc/1/null/13965573/1516763/57502900/1631684
1310,8uee,Atomic structure of Salmonella SipA/F-actin complex by cryo-EM,2023-12-27,3.2 Å,8uee_M,8uee_K,374.25 Å²,30,2.0,,https://bioinformatics.lt/ppi3d/site/interaction_details/single_sequence/rIiStfbc/1/null/13965646/2136985/75776356/2255909
1311,8uee,Atomic structure of Salmonella SipA/F-actin complex by cryo-EM,2023-12-27,3.2 Å,8uee_K,8uee_B,305.71 Å²,26,1.0,,https://bioinformatics.lt/ppi3d/site/interaction_details/single_sequence/rIiStfbc/1/null/13965646/2136944/75776357/2255888
1312,8uee,Atomic structure of Salmonella SipA/F-actin complex by cryo-EM,2023-12-27,3.2 Å,8uee_K,8uee_C,160.43 Å²,12,,,https://bioinformatics.lt/ppi3d/site/interaction_details/single_sequence/rIiStfbc/1/null/13965646/2136958/75776358/2255895
1313,8uee,Atomic structure of Salmonella SipA/F-actin complex by cryo-EM,2023-12-27,3.2 Å,8uee_K,8uee_A,803.93 Å²,64,,1.0,https://bioinformatics.lt/ppi3d/site/interaction_details/single_sequence/rIiStfbc/1/null/13965646/2136938/75776360/2255885
1319,9qfq,Cryo-EM structure of the cofilactin barbed end bound by AIP1,2025-10-08,2.8 Å,9qfq_A,9qfq_F,992.02 Å²,87,1.0,3.0,https://bioinformatics.lt/ppi3d/site/interaction_details/single_sequence/rIiStfbc/1/null/13965391/2669307/96851520/2766755
132,5jlf,Structure of the F-actin-tropomyosin complex (Reprocessed),2016-06-15,3.6 Å,5jlf_A,5jlf_B,1135.66 Å²,105,3.0,4.0,https://bioinformatics.lt/ppi3d/site/interaction_details/single_sequence/rIiStfbc/1/null/13965829/769969/23566343/888841
1320,9qfq,Cryo-EM structure of the cofilactin barbed end bound by AIP1,2025-10-08,2.8 Å,9qfq_B,9qfq_A,362.77 Å²,30,,,https://bioinformatics.lt/ppi3d/site/interaction_details/single_sequence/rIiStfbc/1/null/13965391/2669303/96851560/2766753
1321,9qfq,Cryo-EM structure of the cofilactin barbed end bound by AIP1,2025-10-08,2.8 Å,9qfq_A,9qfq_C,373.18 Å²,33,2.0,2.0,https://bioinformatics.lt/ppi3d/site/interaction_details/single_sequence/rIiStfbc/1/null/13965391/2669305/96851561/2766754
1325,8uee,Atomic structure of Salmonella SipA/F-actin complex by cryo-EM,2023-12-27,3.2 Å,8uee_K,8uee_J,1178.07 Å²,93,5.0,4.0,https://bioinformatics.lt/ppi3d/site/interaction_details/single_sequence/rIiStfbc/1/null/13965647/2136981/75776348/2255907
1326,8uee,Atomic structure of Salmonella SipA/F-actin complex by cryo-EM,2023-12-27,3.2 Å,8uee_J,8uee_C,1077.89 Å²,98,5.0,3.0,https://bioinformatics.lt/ppi3d/site/interaction_details/single_sequence/rIiStfbc/1/null/13965647/2136956/75776352/2255894
1327,8uee,Atomic structure of Salmonella SipA/F-actin complex by cryo-EM,2023-12-27,3.2 Å,8uee_J,8uee_D,730.79 Å²,67,3.0,1.0,https://bioinformatics.lt/ppi3d/site/interaction_details/single_sequence/rIiStfbc/1/null/13965647/2136966/75776353/2255899
133,5jlf,Structure of the F-actin-tropomyosin complex (Reprocessed),2016-06-15,3.6 Å,5jlf_C,5jlf_A,1133.43 Å²,104,3.0,4.0,https://bioinformatics.lt/ppi3d/site/interaction_details/single_sequence/rIiStfbc/1/null/13965829/769971/23566344/888842
1337,9qfo,Cryo-EM structure of the cofilactin filament pointed end,2025-10-08,3.0 Å,9qfo_F,9qfo_J,727.86 Å²,58,7.0,4.0,https://bioinformatics.lt/ppi3d/site/interaction_details/single_sequence/rIiStfbc/1/null/13965392/2669301/96851499/2766752
134,5jlf,Structure of the F-actin-tropomyosin complex (Reprocessed),2016-06-15,3.6 Å,5jlf_A,5jlf_D,447.61 Å²,37,4.0,1.0,https://bioinformatics.lt/ppi3d/site/interaction_details/single_sequence/rIiStfbc/1/null/13965829/769973/23566345/888843
1341,8uee,Atomic structure of Salmonella SipA/F-actin complex by cryo-EM,2023-12-27,3.2 Å,8uee_I,8uee_J,408.75 Å²,34,1.0,1.0,https://bioinformatics.lt/ppi3d/site/interaction_details/single_sequence/rIiStfbc/1/null/13965648/2136975/75776340/2255904
1342,8uee,Atomic structure of Salmonella SipA/F-actin complex by cryo-EM,2023-12-27,3.2 Å,8uee_K,8uee_I,384.14 Å²,32,4.0,,https://bioinformatics.lt/ppi3d/site/interaction_details/single_sequence/rIiStfbc/1/null/13965648/2136977/75776341/2255905
1343,8uee,Atomic structure of Salmonella SipA/F-actin complex by cryo-EM,2023-12-27,3.2 Å,8uee_M,8uee_I,1175.68 Å²,100,4.0,2.0,https://bioinformatics.lt/ppi3d/site/interaction_details/single_sequence/rIiStfbc/1/null/13965648/2136979/75776343/2255906
1344,8uee,Atomic structure of Salmonella SipA/F-actin complex by cryo-EM,2023-12-27,3.2 Å,8uee_I,8uee_C,751.19 Å²,62,2.0,1.0,https://bioinformatics.lt/ppi3d/site/interaction_details/single_sequence/rIiStfbc/1/null/13965648/2136954/75776345/2255893
1345,8uee,Atomic structure of Salmonella SipA/F-actin complex by cryo-EM,2023-12-27,3.2 Å,8uee_I,8uee_D,129.78 Å²,12,1.0,,https://bioinformatics.lt/ppi3d/site/interaction_details/single_sequence/rIiStfbc/1/null/13965648/2136964/75776346/2255898
1346,8uee,Atomic structure of Salmonella SipA/F-actin complex by cryo-EM,2023-12-27,3.2 Å,8uee_I,8uee_A,274.53 Å²,24,2.0,,https://bioinformatics.lt/ppi3d/site/interaction_details/single_sequence/rIiStfbc/1/null/13965648/2136936/75776347/2255884
135,5jlf,Structure of the F-actin-tropomyosin complex (Reprocessed),2016-06-15,3.6 Å,5jlf_E,5jlf_A,457.22 Å²,39,4.0,1.0,https://bioinformatics.lt/ppi3d/site/interaction_details/single_sequence/rIiStfbc/1/null/13965829/769975/23566346/888844
1354,9qfo,Cryo-EM structure of the cofilactin filament pointed end,2025-10-08,3.0 Å,9qfo_E,9qfo_I,687.73 Å²,57,7.0,4.0,https://bioinformatics.lt/ppi3d/site/interaction_details/single_sequence/rIiStfbc/1/null/13965393/2669299/96851492/2766751
1357,9qfo,Cryo-EM structure of the cofilactin filament pointed end,2025-10-08,3.0 Å,9qfo_F,9qfo_E,385.32 Å²,36,2.0,,https://bioinformatics.lt/ppi3d/site/interaction_details/single_sequence/rIiStfbc/1/null/13965393/2669297/96851514/2766750
1359,8uee,Atomic structure of Salmonella SipA/F-actin complex by cryo-EM,2023-12-27,3.2 Å,8uee_I,8uee_H,1159.87 Å²,96,7.0,3.0,https://bioinformatics.lt/ppi3d/site/interaction_details/single_sequence/rIiStfbc/1/null/13965649/2136971/75776331/2255902
1360,8uee,Atomic structure of Salmonella SipA/F-actin complex by cryo-EM,2023-12-27,3.2 Å,8uee_J,8uee_H,409.89 Å²,37,3.0,1.0,https://bioinformatics.lt/ppi3d/site/interaction_details/single_sequence/rIiStfbc/1/null/13965649/2136973/75776332/2255903
1361,8uee,Atomic structure of Salmonella SipA/F-actin complex by cryo-EM,2023-12-27,3.2 Å,8uee_H,8uee_C,838.21 Å²,66,5.0,1.0,https://bioinformatics.lt/ppi3d/site/interaction_details/single_sequence/rIiStfbc/1/null/13965649/2136952/75776337/2255892
1362,8uee,Atomic structure of Salmonella SipA/F-actin complex by cryo-EM,2023-12-27,3.2 Å,8uee_H,8uee_D,1120.13 Å²,101,9.0,4.0,https://bioinformatics.lt/ppi3d/site/interaction_details/single_sequence/rIiStfbc/1/null/13965649/2136962/75776338/2255897
1367,8d18,Straight ADP-F-actin 2,2022-09-07,3.7 Å,8d18_G,8d18_F,388.07 Å²,35,3.0,,https://bioinformatics.lt/ppi3d/site/interaction_details/single_sequence/rIiStfbc/1/null/13966161/1809527/66063420/1948110
137,8c4e,F-actin decorated by SipA426-685,2024-01-17,2.6 Å,8c4e_C,8c4e_B,410.78 Å²,33,4.0,,https://bioinformatics.lt/ppi3d/site/interaction_details/single_sequence/rIiStfbc/1/null/13966085/2144631/75903823/2262566
1371,9qfo,Cryo-EM structure of the cofilactin filament pointed end,2025-10-08,3.0 Å,9qfo_D,9qfo_H,701.29 Å²,59,7.0,4.0,https://bioinformatics.lt/ppi3d/site/interaction_details/single_sequence/rIiStfbc/1/null/13965394/2669293/96851484/2766748
1372,9qfo,Cryo-EM structure of the cofilactin filament pointed end,2025-10-08,3.0 Å,9qfo_D,9qfo_J,1014.76 Å²,94,3.0,2.0,https://bioinformatics.lt/ppi3d/site/interaction_details/single_sequence/rIiStfbc/1/null/13965394/2669295/96851497/2766749
1375,9qfo,Cryo-EM structure of the cofilactin filament pointed end,2025-10-08,3.0 Å,9qfo_E,9qfo_D,362.06 Å²,30,1.0,,https://bioinformatics.lt/ppi3d/site/interaction_details/single_sequence/rIiStfbc/1/null/13965394/2669289/96851512/2766746
1376,9qfo,Cryo-EM structure of the cofilactin filament pointed end,2025-10-08,3.0 Å,9qfo_D,9qfo_F,359.94 Å²,34,3.0,2.0,https://bioinformatics.lt/ppi3d/site/interaction_details/single_sequence/rIiStfbc/1/null/13965394/2669291/96851513/2766747
1377,8uee,Atomic structure of Salmonella SipA/F-actin complex by cryo-EM,2023-12-27,3.2 Å,8uee_H,8uee_F,414.49 Å²,32,3.0,1.0,https://bioinformatics.lt/ppi3d/site/interaction_details/single_sequence/rIiStfbc/1/null/13965650/2136967/75776321/2255900
1378,8uee,Atomic structure of Salmonella SipA/F-actin complex by cryo-EM,2023-12-27,3.2 Å,8uee_J,8uee_F,1151.79 Å²,98,6.0,1.0,https://bioinformatics.lt/ppi3d/site/interaction_details/single_sequence/rIiStfbc/1/null/13965650/2136969/75776323/2255901
1379,8uee,Atomic structure of Salmonella SipA/F-actin complex by cryo-EM,2023-12-27,3.2 Å,8uee_F,8uee_C,295.54 Å²,24,3.0,,https://bioinformatics.lt/ppi3d/site/interaction_details/single_sequence/rIiStfbc/1/null/13965650/2136950/75776328/2255891
138,8c4e,F-actin decorated by SipA426-685,2024-01-17,2.6 Å,8c4e_D,8c4e_B,1184.44 Å²,94,8.0,5.0,https://bioinformatics.lt/ppi3d/site/interaction_details/single_sequence/rIiStfbc/1/null/13966085/2144633/75903824/2262567
1380,8uee,Atomic structure of Salmonella SipA/F-actin complex by cryo-EM,2023-12-27,3.2 Å,8uee_F,8uee_D,859.27 Å²,68,2.0,1.0,https://bioinformatics.lt/ppi3d/site/interaction_details/single_sequence/rIiStfbc/1/null/13965650/2136960/75776329/2255896
1385,8d18,Straight ADP-F-actin 2,2022-09-07,3.7 Å,8d18_F,8d18_E,425.07 Å²,40,2.0,,https://bioinformatics.lt/ppi3d/site/interaction_details/single_sequence/rIiStfbc/1/null/13966162/1809523/66063418/1948108
1386,8d18,Straight ADP-F-actin 2,2022-09-07,3.7 Å,8d18_G,8d18_E,1156.55 Å²,100,6.0,4.0,https://bioinformatics.lt/ppi3d/site/interaction_details/single_sequence/rIiStfbc/1/null/13966162/1809525/66063419/1948109
139,8c4e,F-actin decorated by SipA426-685,2024-01-17,2.6 Å,8c4e_B,8c4e_M,767.57 Å²,72,4.0,1.0,https://bioinformatics.lt/ppi3d/site/interaction_details/single_sequence/rIiStfbc/1/null/13966085/2144635/75903831/2262568
1390,9qfo,Cryo-EM structure of the cofilactin filament pointed end,2025-10-08,3.0 Å,9qfo_C,9qfo_G,688.98 Å²,59,8.0,3.0,https://bioinformatics.lt/ppi3d/site/interaction_details/single_sequence/rIiStfbc/1/null/13965395/2669285/96851475/2766744
1391,9qfo,Cryo-EM structure of the cofilactin filament pointed end,2025-10-08,3.0 Å,9qfo_C,9qfo_I,1009.04 Å²,91,4.0,2.0,https://bioinformatics.lt/ppi3d/site/interaction_details/single_sequence/rIiStfbc/1/null/13965395/2669287/96851490/2766745
1394,9qfo,Cryo-EM structure of the cofilactin filament pointed end,2025-10-08,3.0 Å,9qfo_D,9qfo_C,333.30 Å²,30,1.0,,https://bioinformatics.lt/ppi3d/site/interaction_details/single_sequence/rIiStfbc/1/null/13965395/2669281/96851509/2766742
1395,9qfo,Cryo-EM structure of the cofilactin filament pointed end,2025-10-08,3.0 Å,9qfo_C,9qfo_E,352.53 Å²,33,2.0,1.0,https://bioinformatics.lt/ppi3d/site/interaction_details/single_sequence/rIiStfbc/1/null/13965395/2669283/96851510/2766743
140,8c4e,F-actin decorated by SipA426-685,2024-01-17,2.6 Å,8c4e_B,8c4e_N,1167.89 Å²,116,6.0,3.0,https://bioinformatics.lt/ppi3d/site/interaction_details/single_sequence/rIiStfbc/1/null/13966085/2144637/75903832/2262569
1401,8d18,Straight ADP-F-actin 2,2022-09-07,3.7 Å,8d18_E,8d18_D,406.49 Å²,34,1.0,1.0,https://bioinformatics.lt/ppi3d/site/interaction_details/single_sequence/rIiStfbc/1/null/13966163/1809519/66063415/1948106
1402,8d18,Straight ADP-F-actin 2,2022-09-07,3.7 Å,8d18_F,8d18_D,1138.27 Å²,99,3.0,2.0,https://bioinformatics.lt/ppi3d/site/interaction_details/single_sequence/rIiStfbc/1/null/13966163/1809521/66063416/1948107
1406,9qfo,Cryo-EM structure of the cofilactin filament pointed end,2025-10-08,3.0 Å,9qfo_B,9qfo_H,1036.44 Å²,90,4.0,5.0,https://bioinformatics.lt/ppi3d/site/interaction_details/single_sequence/rIiStfbc/1/null/13965396/2669279/96851482/2766741
1408,9qfo,Cryo-EM structure of the cofilactin filament pointed end,2025-10-08,3.0 Å,9qfo_C,9qfo_B,369.06 Å²,35,,,https://bioinformatics.lt/ppi3d/site/interaction_details/single_sequence/rIiStfbc/1/null/13965396/2669275/96851505/2766739
1409,9qfo,Cryo-EM structure of the cofilactin filament pointed end,2025-10-08,3.0 Å,9qfo_B,9qfo_D,370.85 Å²,30,1.0,2.0,https://bioinformatics.lt/ppi3d/site/interaction_details/single_sequence/rIiStfbc/1/null/13965396/2669277/96851506/2766740
1416,8d18,Straight ADP-F-actin 2,2022-09-07,3.7 Å,8d18_D,8d18_C,401.28 Å²,32,1.0,,https://bioinformatics.lt/ppi3d/site/interaction_details/single_sequence/rIiStfbc/1/null/13966164/1809515/66063411/1948104
1417,8d18,Straight ADP-F-actin 2,2022-09-07,3.7 Å,8d18_E,8d18_C,1163.39 Å²,93,8.0,5.0,https://bioinformatics.lt/ppi3d/site/interaction_details/single_sequence/rIiStfbc/1/null/13966164/1809517/66063412/1948105
142,9kbx,CryoEM structure of F-actin bound with GAS2-CH3 domain.,2025-09-10,2.8 Å,9kbx_K,9kbx_A,415.52 Å²,32,5.0,1.0,https://bioinformatics.lt/ppi3d/site/interaction_details/single_sequence/rIiStfbc/1/null/13966597/2592744/96640790/2705803
1421,9qfo,Cryo-EM structure of the cofilactin filament pointed end,2025-10-08,3.0 Å,9qfo_A,9qfo_G,1036.10 Å²,93,3.0,2.0,https://bioinformatics.lt/ppi3d/site/interaction_details/single_sequence/rIiStfbc/1/null/13965397/2669273/96851473/2766738
1422,9qfo,Cryo-EM structure of the cofilactin filament pointed end,2025-10-08,3.0 Å,9qfo_B,9qfo_A,382.25 Å²,33,1.0,,https://bioinformatics.lt/ppi3d/site/interaction_details/single_sequence/rIiStfbc/1/null/13965397/2669269/96851500/2766736
1423,9qfo,Cryo-EM structure of the cofilactin filament pointed end,2025-10-08,3.0 Å,9qfo_A,9qfo_C,349.36 Å²,34,2.0,2.0,https://bioinformatics.lt/ppi3d/site/interaction_details/single_sequence/rIiStfbc/1/null/13965397/2669271/96851501/2766737
1428,8d18,Straight ADP-F-actin 2,2022-09-07,3.7 Å,8d18_C,8d18_B,374.33 Å²,31,2.0,1.0,https://bioinformatics.lt/ppi3d/site/interaction_details/single_sequence/rIiStfbc/1/null/13966165/1809511/66063406/1948102
1429,8d18,Straight ADP-F-actin 2,2022-09-07,3.7 Å,8d18_D,8d18_B,1142.13 Å²,98,5.0,5.0,https://bioinformatics.lt/ppi3d/site/interaction_details/single_sequence/rIiStfbc/1/null/13966165/1809513/66063407/1948103
1435,9qfk,Cryo-EM structure of the Coronin-1B-decorated actin filament bound by one Cofilin-1 molecule (crosslinked),2025-10-08,4.0 Å,9qfk_G,9qfk_M,339.35 Å²,38,3.0,1.0,https://bioinformatics.lt/ppi3d/site/interaction_details/single_sequence/rIiStfbc/1/null/13965398/2669265/96851447/2766734
1436,9qfk,Cryo-EM structure of the Coronin-1B-decorated actin filament bound by one Cofilin-1 molecule (crosslinked),2025-10-08,4.0 Å,9qfk_G,9qfk_N,842.70 Å²,78,6.0,1.0,https://bioinformatics.lt/ppi3d/site/interaction_details/single_sequence/rIiStfbc/1/null/13965398/2669267/96851448/2766735
144,9kbx,CryoEM structure of F-actin bound with GAS2-CH3 domain.,2025-09-10,2.8 Å,9kbx_L,9kbx_K,1164.28 Å²,93,9.0,4.0,https://bioinformatics.lt/ppi3d/site/interaction_details/single_sequence/rIiStfbc/1/null/13966597/2592759/96640801/2705811
1440,9sgk,F-actin in complex with USP54 M1 actin binding motif,2026-04-29,3.8 Å,9sgk_H,9sgk_I,1149.97 Å²,93,3.0,3.0,https://bioinformatics.lt/ppi3d/site/interaction_details/single_sequence/rIiStfbc/1/null/13965910/2806603/101732984/2882310
1441,9sgk,F-actin in complex with USP54 M1 actin binding motif,2026-04-29,3.8 Å,9sgk_J,9sgk_H,370.19 Å²,31,4.0,1.0,https://bioinformatics.lt/ppi3d/site/interaction_details/single_sequence/rIiStfbc/1/null/13965910/2806605/101732985/2882311
1442,8d18,Straight ADP-F-actin 2,2022-09-07,3.7 Å,8d18_B,8d18_A,423.09 Å²,39,3.0,1.0,https://bioinformatics.lt/ppi3d/site/interaction_details/single_sequence/rIiStfbc/1/null/13966166/1809507/66063400/1948100
1443,8d18,Straight ADP-F-actin 2,2022-09-07,3.7 Å,8d18_C,8d18_A,1162.20 Å²,91,6.0,5.0,https://bioinformatics.lt/ppi3d/site/interaction_details/single_sequence/rIiStfbc/1/null/13966166/1809509/66063401/1948101
1448,9qfk,Cryo-EM structure of the Coronin-1B-decorated actin filament bound by one Cofilin-1 molecule (crosslinked),2025-10-08,4.0 Å,9qfk_G,9qfk_F,423.91 Å²,35,3.0,,https://bioinformatics.lt/ppi3d/site/interaction_details/single_sequence/rIiStfbc/1/null/13965399/2669257/96851434/2766730
1449,9qfk,Cryo-EM structure of the Coronin-1B-decorated actin filament bound by one Cofilin-1 molecule (crosslinked),2025-10-08,4.0 Å,9qfk_F,9qfk_L,285.61 Å²,33,2.0,,https://bioinformatics.lt/ppi3d/site/interaction_details/single_sequence/rIiStfbc/1/null/13965399/2669259/96851439/2766731
1450,9qfk,Cryo-EM structure of the Coronin-1B-decorated actin filament bound by one Cofilin-1 molecule (crosslinked),2025-10-08,4.0 Å,9qfk_F,9qfk_M,788.13 Å²,77,5.0,1.0,https://bioinformatics.lt/ppi3d/site/interaction_details/single_sequence/rIiStfbc/1/null/13965399/2669261/96851440/2766732
1451,9qfk,Cryo-EM structure of the Coronin-1B-decorated actin filament bound by one Cofilin-1 molecule (crosslinked),2025-10-08,4.0 Å,9qfk_F,9qfk_N,158.65 Å²,14,,,https://bioinformatics.lt/ppi3d/site/interaction_details/single_sequence/rIiStfbc/1/null/13965399/2669263/96851441/2766733
1453,9sgk,F-actin in complex with USP54 M1 actin binding motif,2026-04-29,3.8 Å,9sgk_G,9sgk_H,1153.47 Å²,98,4.0,4.0,https://bioinformatics.lt/ppi3d/site/interaction_details/single_sequence/rIiStfbc/1/null/13965911/2806599/101732980/2882308
1454,9sgk,F-actin in complex with USP54 M1 actin binding motif,2026-04-29,3.8 Å,9sgk_G,9sgk_J,371.33 Å²,31,3.0,,https://bioinformatics.lt/ppi3d/site/interaction_details/single_sequence/rIiStfbc/1/null/13965911/2806601/101732982/2882309
146,8iai,"Structure of mammalian spectrin-actin junctional complex of membrane skeleton, State II, Global map",2023-05-03,3.5 Å,8iai_C,8iai_B,385.24 Å²,28,1.0,2.0,https://bioinformatics.lt/ppi3d/site/interaction_details/single_sequence/rIiStfbc/1/null/13965318/1987863/72502440/2132163
1463,9qfk,Cryo-EM structure of the Coronin-1B-decorated actin filament bound by one Cofilin-1 molecule (crosslinked),2025-10-08,4.0 Å,9qfk_F,9qfk_E,431.00 Å²,35,3.0,,https://bioinformatics.lt/ppi3d/site/interaction_details/single_sequence/rIiStfbc/1/null/13965400/2669245/96851425/2766724
1464,9qfk,Cryo-EM structure of the Coronin-1B-decorated actin filament bound by one Cofilin-1 molecule (crosslinked),2025-10-08,4.0 Å,9qfk_G,9qfk_E,1066.33 Å²,86,4.0,3.0,https://bioinformatics.lt/ppi3d/site/interaction_details/single_sequence/rIiStfbc/1/null/13965400/2669247/96851426/2766725
1465,9qfk,Cryo-EM structure of the Coronin-1B-decorated actin filament bound by one Cofilin-1 molecule (crosslinked),2025-10-08,4.0 Å,9qfk_E,9qfk_K,329.44 Å²,35,3.0,,https://bioinformatics.lt/ppi3d/site/interaction_details/single_sequence/rIiStfbc/1/null/13965400/2669249/96851430/2766726
1466,9qfk,Cryo-EM structure of the Coronin-1B-decorated actin filament bound by one Cofilin-1 molecule (crosslinked),2025-10-08,4.0 Å,9qfk_E,9qfk_L,855.26 Å²,79,6.0,2.0,https://bioinformatics.lt/ppi3d/site/interaction_details/single_sequence/rIiStfbc/1/null/13965400/2669251/96851431/2766727
1467,9qfk,Cryo-EM structure of the Coronin-1B-decorated actin filament bound by one Cofilin-1 molecule (crosslinked),2025-10-08,4.0 Å,9qfk_E,9qfk_M,162.63 Å²,12,2.0,,https://bioinformatics.lt/ppi3d/site/interaction_details/single_sequence/rIiStfbc/1/null/13965400/2669253/96851432/2766728
1468,9qfk,Cryo-EM structure of the Coronin-1B-decorated actin filament bound by one Cofilin-1 molecule (crosslinked),2025-10-08,4.0 Å,9qfk_E,9qfk_N,619.02 Å²,56,7.0,2.0,https://bioinformatics.lt/ppi3d/site/interaction_details/single_sequence/rIiStfbc/1/null/13965400/2669255/96851433/2766729
147,8iai,"Structure of mammalian spectrin-actin junctional complex of membrane skeleton, State II, Global map",2023-05-03,3.5 Å,8iai_D,8iai_B,1098.40 Å²,93,2.0,4.0,https://bioinformatics.lt/ppi3d/site/interaction_details/single_sequence/rIiStfbc/1/null/13965318/1987865/72502441/2132164
1470,9sgk,F-actin in complex with USP54 M1 actin binding motif,2026-04-29,3.8 Å,9sgk_H,9sgk_F,383.16 Å²,30,2.0,1.0,https://bioinformatics.lt/ppi3d/site/interaction_details/single_sequence/rIiStfbc/1/null/13965912/2806593/101732976/2882305
1471,9sgk,F-actin in complex with USP54 M1 actin binding motif,2026-04-29,3.8 Å,9sgk_F,9sgk_I,369.44 Å²,32,3.0,1.0,https://bioinformatics.lt/ppi3d/site/interaction_details/single_sequence/rIiStfbc/1/null/13965912/2806595/101732977/2882306
1472,9sgk,F-actin in complex with USP54 M1 actin binding motif,2026-04-29,3.8 Å,9sgk_J,9sgk_F,1133.55 Å²,95,4.0,3.0,https://bioinformatics.lt/ppi3d/site/interaction_details/single_sequence/rIiStfbc/1/null/13965912/2806597/101732978/2882307
1475,8d17,Straight ADP-F-actin 1,2022-09-07,3.7 Å,8d17_G,8d17_F,422.68 Å²,36,2.0,,https://bioinformatics.lt/ppi3d/site/interaction_details/single_sequence/rIiStfbc/1/null/13966168/1809505/66063399/1948099
148,8iai,"Structure of mammalian spectrin-actin junctional complex of membrane skeleton, State II, Global map",2023-05-03,3.5 Å,8iai_B,8iai_N,381.07 Å²,30,1.0,1.0,https://bioinformatics.lt/ppi3d/site/interaction_details/single_sequence/rIiStfbc/1/null/13965318/1987867/72502450/2132165
1482,9qfk,Cryo-EM structure of the Coronin-1B-decorated actin filament bound by one Cofilin-1 molecule (crosslinked),2025-10-08,4.0 Å,9qfk_E,9qfk_D,399.09 Å²,34,1.0,,https://bioinformatics.lt/ppi3d/site/interaction_details/single_sequence/rIiStfbc/1/null/13965401/2669235/96851415/2766719
1483,9qfk,Cryo-EM structure of the Coronin-1B-decorated actin filament bound by one Cofilin-1 molecule (crosslinked),2025-10-08,4.0 Å,9qfk_F,9qfk_D,1059.77 Å²,90,5.0,3.0,https://bioinformatics.lt/ppi3d/site/interaction_details/single_sequence/rIiStfbc/1/null/13965401/2669237/96851416/2766720
1484,9qfk,Cryo-EM structure of the Coronin-1B-decorated actin filament bound by one Cofilin-1 molecule (crosslinked),2025-10-08,4.0 Å,9qfk_D,9qfk_K,797.40 Å²,71,5.0,2.0,https://bioinformatics.lt/ppi3d/site/interaction_details/single_sequence/rIiStfbc/1/null/13965401/2669239/96851421/2766721
1485,9qfk,Cryo-EM structure of the Coronin-1B-decorated actin filament bound by one Cofilin-1 molecule (crosslinked),2025-10-08,4.0 Å,9qfk_D,9qfk_L,175.59 Å²,14,2.0,1.0,https://bioinformatics.lt/ppi3d/site/interaction_details/single_sequence/rIiStfbc/1/null/13965401/2669241/96851422/2766722
1486,9qfk,Cryo-EM structure of the Coronin-1B-decorated actin filament bound by one Cofilin-1 molecule (crosslinked),2025-10-08,4.0 Å,9qfk_D,9qfk_M,591.44 Å²,55,8.0,2.0,https://bioinformatics.lt/ppi3d/site/interaction_details/single_sequence/rIiStfbc/1/null/13965401/2669243/96851423/2766723
1489,9qgk,F-actin decorated by ITPKA,2026-03-25,3.0 Å,9qgk_J,9qgk_B,311.54 Å²,23,1.0,,https://bioinformatics.lt/ppi3d/site/interaction_details/single_sequence/rIiStfbc/1/null/13965913/2772400/100611992/2846736
149,8iai,"Structure of mammalian spectrin-actin junctional complex of membrane skeleton, State II, Global map",2023-05-03,3.5 Å,8iai_B,8iai_Y,1917.33 Å²,173,6.0,4.0,https://bioinformatics.lt/ppi3d/site/interaction_details/single_sequence/rIiStfbc/1/null/13965318/1987869/72502459/2132166
1490,9qgk,F-actin decorated by ITPKA,2026-03-25,3.0 Å,9qgk_J,9qgk_D,601.40 Å²,47,3.0,1.0,https://bioinformatics.lt/ppi3d/site/interaction_details/single_sequence/rIiStfbc/1/null/13965913/2772406/100612011/2846739
1496,8d17,Straight ADP-F-actin 1,2022-09-07,3.7 Å,8d17_F,8d17_E,412.11 Å²,35,3.0,1.0,https://bioinformatics.lt/ppi3d/site/interaction_details/single_sequence/rIiStfbc/1/null/13966169/1809501/66063397/1948097
1497,8d17,Straight ADP-F-actin 1,2022-09-07,3.7 Å,8d17_G,8d17_E,1139.64 Å²,95,4.0,4.0,https://bioinformatics.lt/ppi3d/site/interaction_details/single_sequence/rIiStfbc/1/null/13966169/1809503/66063398/1948098
15,8c4e,F-actin decorated by SipA426-685,2024-01-17,2.6 Å,8c4e_H,8c4e_G,393.90 Å²,34,3.0,,https://bioinformatics.lt/ppi3d/site/interaction_details/single_sequence/rIiStfbc/1/null/13966080/2144675/75903863/2262588
1502,9qfk,Cryo-EM structure of the Coronin-1B-decorated actin filament bound by one Cofilin-1 molecule (crosslinked),2025-10-08,4.0 Å,9qfk_D,9qfk_C,411.51 Å²,30,3.0,,https://bioinformatics.lt/ppi3d/site/interaction_details/single_sequence/rIiStfbc/1/null/13965402/2669223/96851404/2766713
1503,9qfk,Cryo-EM structure of the Coronin-1B-decorated actin filament bound by one Cofilin-1 molecule (crosslinked),2025-10-08,4.0 Å,9qfk_E,9qfk_C,1088.46 Å²,88,6.0,2.0,https://bioinformatics.lt/ppi3d/site/interaction_details/single_sequence/rIiStfbc/1/null/13965402/2669225/96851405/2766714
1504,9qfk,Cryo-EM structure of the Coronin-1B-decorated actin filament bound by one Cofilin-1 molecule (crosslinked),2025-10-08,4.0 Å,9qfk_C,9qfk_I,295.80 Å²,33,2.0,,https://bioinformatics.lt/ppi3d/site/interaction_details/single_sequence/rIiStfbc/1/null/13965402/2669227/96851409/2766715
1505,9qfk,Cryo-EM structure of the Coronin-1B-decorated actin filament bound by one Cofilin-1 molecule (crosslinked),2025-10-08,4.0 Å,9qfk_C,9qfk_J,807.55 Å²,71,13.0,3.0,https://bioinformatics.lt/ppi3d/site/interaction_details/single_sequence/rIiStfbc/1/null/13965402/2669229/96851410/2766716
1506,9qfk,Cryo-EM structure of the Coronin-1B-decorated actin filament bound by one Cofilin-1 molecule (crosslinked),2025-10-08,4.0 Å,9qfk_C,9qfk_K,151.09 Å²,12,2.0,2.0,https://bioinformatics.lt/ppi3d/site/interaction_details/single_sequence/rIiStfbc/1/null/13965402/2669231/96851411/2766717
1507,9qfk,Cryo-EM structure of the Coronin-1B-decorated actin filament bound by one Cofilin-1 molecule (crosslinked),2025-10-08,4.0 Å,9qfk_C,9qfk_L,647.13 Å²,50,9.0,2.0,https://bioinformatics.lt/ppi3d/site/interaction_details/single_sequence/rIiStfbc/1/null/13965402/2669233/96851412/2766718
1509,9qgk,F-actin decorated by ITPKA,2026-03-25,3.0 Å,9qgk_I,9qgk_A,550.47 Å²,41,2.0,,https://bioinformatics.lt/ppi3d/site/interaction_details/single_sequence/rIiStfbc/1/null/13965914/2772396/100611980/2846734
151,7jh7,cardiac actomyosin complex,2020-10-28,3.8 Å,7jh7_A,7jh7_F,1160.40 Å²,105,4.0,1.0,https://bioinformatics.lt/ppi3d/site/interaction_details/single_sequence/rIiStfbc/1/null/13965574/1516759/57502883/1631682
1514,8d17,Straight ADP-F-actin 1,2022-09-07,3.7 Å,8d17_E,8d17_D,410.73 Å²,35,3.0,1.0,https://bioinformatics.lt/ppi3d/site/interaction_details/single_sequence/rIiStfbc/1/null/13966170/1809497/66063394/1948095
1515,8d17,Straight ADP-F-actin 1,2022-09-07,3.7 Å,8d17_F,8d17_D,1132.88 Å²,92,5.0,4.0,https://bioinformatics.lt/ppi3d/site/interaction_details/single_sequence/rIiStfbc/1/null/13966170/1809499/66063395/1948096
1519,9qfk,Cryo-EM structure of the Coronin-1B-decorated actin filament bound by one Cofilin-1 molecule (crosslinked),2025-10-08,4.0 Å,9qfk_C,9qfk_B,427.30 Å²,36,5.0,,https://bioinformatics.lt/ppi3d/site/interaction_details/single_sequence/rIiStfbc/1/null/13965403/2669213/96851392/2766708
152,7jh7,cardiac actomyosin complex,2020-10-28,3.8 Å,7jh7_B,7jh7_A,1162.38 Å²,103,4.0,4.0,https://bioinformatics.lt/ppi3d/site/interaction_details/single_sequence/rIiStfbc/1/null/13965574/1516745/57502884/1631675
1520,9qfk,Cryo-EM structure of the Coronin-1B-decorated actin filament bound by one Cofilin-1 molecule (crosslinked),2025-10-08,4.0 Å,9qfk_D,9qfk_B,1064.94 Å²,88,5.0,3.0,https://bioinformatics.lt/ppi3d/site/interaction_details/single_sequence/rIiStfbc/1/null/13965403/2669215/96851393/2766709
1521,9qfk,Cryo-EM structure of the Coronin-1B-decorated actin filament bound by one Cofilin-1 molecule (crosslinked),2025-10-08,4.0 Å,9qfk_B,9qfk_H,298.57 Å²,32,2.0,,https://bioinformatics.lt/ppi3d/site/interaction_details/single_sequence/rIiStfbc/1/null/13965403/2669217/96851397/2766710
1522,9qfk,Cryo-EM structure of the Coronin-1B-decorated actin filament bound by one Cofilin-1 molecule (crosslinked),2025-10-08,4.0 Å,9qfk_B,9qfk_I,824.34 Å²,74,3.0,2.0,https://bioinformatics.lt/ppi3d/site/interaction_details/single_sequence/rIiStfbc/1/null/13965403/2669219/96851398/2766711
1523,9qfk,Cryo-EM structure of the Coronin-1B-decorated actin filament bound by one Cofilin-1 molecule (crosslinked),2025-10-08,4.0 Å,9qfk_B,9qfk_K,616.94 Å²,55,7.0,3.0,https://bioinformatics.lt/ppi3d/site/interaction_details/single_sequence/rIiStfbc/1/null/13965403/2669221/96851400/2766712
1525,9qgk,F-actin decorated by ITPKA,2026-03-25,3.0 Å,9qgk_H,9qgk_A,282.94 Å²,20,,,https://bioinformatics.lt/ppi3d/site/interaction_details/single_sequence/rIiStfbc/1/null/13965915/2772394/100611979/2846733
1526,9qgk,F-actin decorated by ITPKA,2026-03-25,3.0 Å,9qgk_H,9qgk_C,603.11 Å²,47,3.0,,https://bioinformatics.lt/ppi3d/site/interaction_details/single_sequence/rIiStfbc/1/null/13965915/2772404/100612000/2846738
1529,9qgk,F-actin decorated by ITPKA,2026-03-25,3.0 Å,9qgk_H,9qgk_I,1176.30 Å²,100,6.0,5.0,https://bioinformatics.lt/ppi3d/site/interaction_details/single_sequence/rIiStfbc/1/null/13965915/2772419/100612036/2846746
153,7jh7,cardiac actomyosin complex,2020-10-28,3.8 Å,7jh7_A,7jh7_C,1151.58 Å²,102,4.0,4.0,https://bioinformatics.lt/ppi3d/site/interaction_details/single_sequence/rIiStfbc/1/null/13965574/1516751/57502886/1631679
1530,9qgk,F-actin decorated by ITPKA,2026-03-25,3.0 Å,9qgk_J,9qgk_H,409.71 Å²,36,4.0,,https://bioinformatics.lt/ppi3d/site/interaction_details/single_sequence/rIiStfbc/1/null/13965915/2772421/100612037/2846747
1533,8d17,Straight ADP-F-actin 1,2022-09-07,3.7 Å,8d17_D,8d17_C,398.12 Å²,34,2.0,,https://bioinformatics.lt/ppi3d/site/interaction_details/single_sequence/rIiStfbc/1/null/13966171/1809493/66063390/1948093
1534,8d17,Straight ADP-F-actin 1,2022-09-07,3.7 Å,8d17_E,8d17_C,1128.44 Å²,96,4.0,2.0,https://bioinformatics.lt/ppi3d/site/interaction_details/single_sequence/rIiStfbc/1/null/13966171/1809495/66063391/1948094
154,7jh7,cardiac actomyosin complex,2020-10-28,3.8 Å,7jh7_A,7jh7_H,168.28 Å²,15,1.0,,https://bioinformatics.lt/ppi3d/site/interaction_details/single_sequence/rIiStfbc/1/null/13965574/1516761/57502887/1631683
1540,9qfk,Cryo-EM structure of the Coronin-1B-decorated actin filament bound by one Cofilin-1 molecule (crosslinked),2025-10-08,4.0 Å,9qfk_B,9qfk_A,388.99 Å²,34,4.0,,https://bioinformatics.lt/ppi3d/site/interaction_details/single_sequence/rIiStfbc/1/null/13965404/2669203/96851379/2766703
1541,9qfk,Cryo-EM structure of the Coronin-1B-decorated actin filament bound by one Cofilin-1 molecule (crosslinked),2025-10-08,4.0 Å,9qfk_C,9qfk_A,1065.36 Å²,87,8.0,4.0,https://bioinformatics.lt/ppi3d/site/interaction_details/single_sequence/rIiStfbc/1/null/13965404/2669205/96851380/2766704
1542,9qfk,Cryo-EM structure of the Coronin-1B-decorated actin filament bound by one Cofilin-1 molecule (crosslinked),2025-10-08,4.0 Å,9qfk_A,9qfk_H,824.89 Å²,76,8.0,1.0,https://bioinformatics.lt/ppi3d/site/interaction_details/single_sequence/rIiStfbc/1/null/13965404/2669207/96851385/2766705
1543,9qfk,Cryo-EM structure of the Coronin-1B-decorated actin filament bound by one Cofilin-1 molecule (crosslinked),2025-10-08,4.0 Å,9qfk_A,9qfk_I,144.76 Å²,11,1.0,1.0,https://bioinformatics.lt/ppi3d/site/interaction_details/single_sequence/rIiStfbc/1/null/13965404/2669209/96851386/2766706
1544,9qfk,Cryo-EM structure of the Coronin-1B-decorated actin filament bound by one Cofilin-1 molecule (crosslinked),2025-10-08,4.0 Å,9qfk_A,9qfk_J,689.09 Å²,67,2.0,1.0,https://bioinformatics.lt/ppi3d/site/interaction_details/single_sequence/rIiStfbc/1/null/13965404/2669211/96851387/2766707
1549,9qgk,F-actin decorated by ITPKA,2026-03-25,3.0 Å,9qgk_G,9qgk_C,236.28 Å²,18,,,https://bioinformatics.lt/ppi3d/site/interaction_details/single_sequence/rIiStfbc/1/null/13965916/2772402/100611999/2846737
155,7jh7,cardiac actomyosin complex,2020-10-28,3.8 Å,7jh7_A,7jh7_E,513.19 Å²,45,2.0,2.0,https://bioinformatics.lt/ppi3d/site/interaction_details/single_sequence/rIiStfbc/1/null/13965574/1516757/57502888/1631681
1550,9qgk,F-actin decorated by ITPKA,2026-03-25,3.0 Å,9qgk_G,9qgk_E,598.55 Å²,47,3.0,,https://bioinformatics.lt/ppi3d/site/interaction_details/single_sequence/rIiStfbc/1/null/13965916/2772408/100612016/2846740
1551,9qgk,F-actin decorated by ITPKA,2026-03-25,3.0 Å,9qgk_G,9qgk_H,1158.25 Å²,97,6.0,4.0,https://bioinformatics.lt/ppi3d/site/interaction_details/single_sequence/rIiStfbc/1/null/13965916/2772415/100612030/2846744
1552,9qgk,F-actin decorated by ITPKA,2026-03-25,3.0 Å,9qgk_G,9qgk_J,420.27 Å²,34,3.0,,https://bioinformatics.lt/ppi3d/site/interaction_details/single_sequence/rIiStfbc/1/null/13965916/2772417/100612032/2846745
1554,8d17,Straight ADP-F-actin 1,2022-09-07,3.7 Å,8d17_C,8d17_B,395.00 Å²,33,4.0,,https://bioinformatics.lt/ppi3d/site/interaction_details/single_sequence/rIiStfbc/1/null/13966172/1809489/66063385/1948091
1555,8d17,Straight ADP-F-actin 1,2022-09-07,3.7 Å,8d17_D,8d17_B,1150.42 Å²,94,2.0,5.0,https://bioinformatics.lt/ppi3d/site/interaction_details/single_sequence/rIiStfbc/1/null/13966172/1809491/66063386/1948092
1558,9bpm,CRYO-EM STRUCTURE OF CARDIAC MUSCLE ALPHA-ACTIN A331P HCM MUTANT,2025-05-14,3.4 Å,9bpm_C,9bpm_D,1132.90 Å²,85,3.0,2.0,https://bioinformatics.lt/ppi3d/site/interaction_details/single_sequence/rIiStfbc/1/null/13966428/2500653/94536807/2631408
156,7jh7,cardiac actomyosin complex,2020-10-28,3.8 Å,7jh7_D,7jh7_A,531.21 Å²,49,1.0,2.0,https://bioinformatics.lt/ppi3d/site/interaction_details/single_sequence/rIiStfbc/1/null/13965574/1516755/57502889/1631680
1561,5ogw,Cryo-EM structure of jasplakinolide-stabilized malaria parasite F-actin at near-atomic resolution,2017-09-27,3.8 Å,5ogw_E,5ogw_D,1113.21 Å²,92,4.0,1.0,https://bioinformatics.lt/ppi3d/site/interaction_details/single_sequence/rIiStfbc/1/null/13966684/1535489/57535880/1668408
1562,9qfj,Cryo-EM structure of the cofilactin filament core at 2.3 Angstrom resolution.,2025-10-08,2.3 Å,9qfj_E,9qfj_I,691.88 Å²,56,9.0,4.0,https://bioinformatics.lt/ppi3d/site/interaction_details/single_sequence/rIiStfbc/1/null/13965405/2669201/96851363/2766702
1567,9qgk,F-actin decorated by ITPKA,2026-03-25,3.0 Å,9qgk_F,9qgk_B,591.48 Å²,48,3.0,,https://bioinformatics.lt/ppi3d/site/interaction_details/single_sequence/rIiStfbc/1/null/13965917/2772398/100611988/2846735
1568,9qgk,F-actin decorated by ITPKA,2026-03-25,3.0 Å,9qgk_H,9qgk_F,412.10 Å²,32,2.0,1.0,https://bioinformatics.lt/ppi3d/site/interaction_details/single_sequence/rIiStfbc/1/null/13965917/2772409/100612024/2846741
1569,9qgk,F-actin decorated by ITPKA,2026-03-25,3.0 Å,9qgk_F,9qgk_I,400.50 Å²,35,4.0,1.0,https://bioinformatics.lt/ppi3d/site/interaction_details/single_sequence/rIiStfbc/1/null/13965917/2772411/100612025/2846742
157,8c4e,F-actin decorated by SipA426-685,2024-01-17,2.6 Å,8c4e_B,8c4e_A,495.31 Å²,42,4.0,1.0,https://bioinformatics.lt/ppi3d/site/interaction_details/single_sequence/rIiStfbc/1/null/13966086/2144623/75903812/2262562
1570,9qgk,F-actin decorated by ITPKA,2026-03-25,3.0 Å,9qgk_J,9qgk_F,1163.86 Å²,95,5.0,4.0,https://bioinformatics.lt/ppi3d/site/interaction_details/single_sequence/rIiStfbc/1/null/13965917/2772413/100612026/2846743
1571,8d17,Straight ADP-F-actin 1,2022-09-07,3.7 Å,8d17_B,8d17_A,399.84 Å²,34,3.0,1.0,https://bioinformatics.lt/ppi3d/site/interaction_details/single_sequence/rIiStfbc/1/null/13966173/1809485/66063379/1948089
1572,8d17,Straight ADP-F-actin 1,2022-09-07,3.7 Å,8d17_C,8d17_A,1133.29 Å²,96,5.0,5.0,https://bioinformatics.lt/ppi3d/site/interaction_details/single_sequence/rIiStfbc/1/null/13966173/1809487/66063380/1948090
1574,9bpm,CRYO-EM STRUCTURE OF CARDIAC MUSCLE ALPHA-ACTIN A331P HCM MUTANT,2025-05-14,3.4 Å,9bpm_B,9bpm_C,370.03 Å²,33,2.0,2.0,https://bioinformatics.lt/ppi3d/site/interaction_details/single_sequence/rIiStfbc/1/null/13966429/2500651/94536805/2631407
1576,5ogw,Cryo-EM structure of jasplakinolide-stabilized malaria parasite F-actin at near-atomic resolution,2017-09-27,3.8 Å,5ogw_C,5ogw_E,426.29 Å²,41,3.0,2.0,https://bioinformatics.lt/ppi3d/site/interaction_details/single_sequence/rIiStfbc/1/null/13966685/1535487/57535879/1668407
1577,9qfj,Cryo-EM structure of the cofilactin filament core at 2.3 Angstrom resolution.,2025-10-08,2.3 Å,9qfj_D,9qfj_H,693.15 Å²,56,9.0,4.0,https://bioinformatics.lt/ppi3d/site/interaction_details/single_sequence/rIiStfbc/1/null/13965406/2669197/96851356/2766700
1578,9qfj,Cryo-EM structure of the cofilactin filament core at 2.3 Angstrom resolution.,2025-10-08,2.3 Å,9qfj_D,9qfj_J,1012.15 Å²,92,3.0,3.0,https://bioinformatics.lt/ppi3d/site/interaction_details/single_sequence/rIiStfbc/1/null/13965406/2669199/96851367/2766701
158,8c4e,F-actin decorated by SipA426-685,2024-01-17,2.6 Å,8c4e_C,8c4e_A,1178.18 Å²,94,7.0,5.0,https://bioinformatics.lt/ppi3d/site/interaction_details/single_sequence/rIiStfbc/1/null/13966086/2144625/75903813/2262563
1581,9qfj,Cryo-EM structure of the cofilactin filament core at 2.3 Angstrom resolution.,2025-10-08,2.3 Å,9qfj_E,9qfj_D,354.41 Å²,29,1.0,,https://bioinformatics.lt/ppi3d/site/interaction_details/single_sequence/rIiStfbc/1/null/13965406/2669195/96851378/2766699
1584,8dmx,Cryo-EM structure of skeletal muscle alpha-actin,2023-04-12,3.4 Å,8dmx_D,8dmx_C,319.91 Å²,26,1.0,1.0,https://bioinformatics.lt/ppi3d/site/interaction_details/single_sequence/rIiStfbc/1/null/13965662/1981137/71903077/2128664
1587,9y9p,Cofilactin filament,2026-03-04,2.1 Å,9y9p_E,9y9p_c,673.01 Å²,58,9.0,6.0,https://bioinformatics.lt/ppi3d/site/interaction_details/single_sequence/rIiStfbc/1/null/13965918/2759849/99884549/2829363
1588,9y9p,Cofilactin filament,2026-03-04,2.1 Å,9y9p_E,9y9p_e,1076.73 Å²,85,5.0,,https://bioinformatics.lt/ppi3d/site/interaction_details/single_sequence/rIiStfbc/1/null/13965918/2759851/99884551/2829364
159,8c4e,F-actin decorated by SipA426-685,2024-01-17,2.6 Å,8c4e_A,8c4e_M,1137.73 Å²,110,3.0,2.0,https://bioinformatics.lt/ppi3d/site/interaction_details/single_sequence/rIiStfbc/1/null/13966086/2144627/75903821/2262564
1591,9bpm,CRYO-EM STRUCTURE OF CARDIAC MUSCLE ALPHA-ACTIN A331P HCM MUTANT,2025-05-14,3.4 Å,9bpm_B,9bpm_A,1132.59 Å²,85,3.0,2.0,https://bioinformatics.lt/ppi3d/site/interaction_details/single_sequence/rIiStfbc/1/null/13966430/2500645/94536802/2631404
1592,9bpm,CRYO-EM STRUCTURE OF CARDIAC MUSCLE ALPHA-ACTIN A331P HCM MUTANT,2025-05-14,3.4 Å,9bpm_C,9bpm_A,378.18 Å²,33,2.0,2.0,https://bioinformatics.lt/ppi3d/site/interaction_details/single_sequence/rIiStfbc/1/null/13966430/2500647/94536803/2631405
1593,9bpm,CRYO-EM STRUCTURE OF CARDIAC MUSCLE ALPHA-ACTIN A331P HCM MUTANT,2025-05-14,3.4 Å,9bpm_A,9bpm_D,383.01 Å²,33,2.0,2.0,https://bioinformatics.lt/ppi3d/site/interaction_details/single_sequence/rIiStfbc/1/null/13966430/2500649/94536804/2631406
1595,5ogw,Cryo-EM structure of jasplakinolide-stabilized malaria parasite F-actin at near-atomic resolution,2017-09-27,3.8 Å,5ogw_D,5ogw_B,459.98 Å²,43,3.0,2.0,https://bioinformatics.lt/ppi3d/site/interaction_details/single_sequence/rIiStfbc/1/null/13966686/1535485/57535876/1668406
1596,9qfj,Cryo-EM structure of the cofilactin filament core at 2.3 Angstrom resolution.,2025-10-08,2.3 Å,9qfj_C,9qfj_G,691.03 Å²,56,9.0,4.0,https://bioinformatics.lt/ppi3d/site/interaction_details/single_sequence/rIiStfbc/1/null/13965407/2669191/96851340/2766697
1597,9qfj,Cryo-EM structure of the cofilactin filament core at 2.3 Angstrom resolution.,2025-10-08,2.3 Å,9qfj_C,9qfj_I,1016.42 Å²,92,3.0,3.0,https://bioinformatics.lt/ppi3d/site/interaction_details/single_sequence/rIiStfbc/1/null/13965407/2669193/96851361/2766698
16,8c4e,F-actin decorated by SipA426-685,2024-01-17,2.6 Å,8c4e_G,8c4e_K,133.04 Å²,13,,,https://bioinformatics.lt/ppi3d/site/interaction_details/single_sequence/rIiStfbc/1/null/13966080/2144677/75903864/2262589
160,8c4e,F-actin decorated by SipA426-685,2024-01-17,2.6 Å,8c4e_A,8c4e_N,877.18 Å²,71,3.0,,https://bioinformatics.lt/ppi3d/site/interaction_details/single_sequence/rIiStfbc/1/null/13966086/2144629/75903822/2262565
1600,9qfj,Cryo-EM structure of the cofilactin filament core at 2.3 Angstrom resolution.,2025-10-08,2.3 Å,9qfj_D,9qfj_C,351.81 Å²,29,1.0,,https://bioinformatics.lt/ppi3d/site/interaction_details/single_sequence/rIiStfbc/1/null/13965407/2669187/96851376/2766695
1601,9qfj,Cryo-EM structure of the cofilactin filament core at 2.3 Angstrom resolution.,2025-10-08,2.3 Å,9qfj_C,9qfj_E,365.51 Å²,33,3.0,2.0,https://bioinformatics.lt/ppi3d/site/interaction_details/single_sequence/rIiStfbc/1/null/13965407/2669189/96851377/2766696
1603,8dmx,Cryo-EM structure of skeletal muscle alpha-actin,2023-04-12,3.4 Å,8dmx_C,8dmx_B,343.59 Å²,28,1.0,2.0,https://bioinformatics.lt/ppi3d/site/interaction_details/single_sequence/rIiStfbc/1/null/13965663/1981133/71903075/2128662
1604,8dmx,Cryo-EM structure of skeletal muscle alpha-actin,2023-04-12,3.4 Å,8dmx_D,8dmx_B,1082.59 Å²,84,3.0,3.0,https://bioinformatics.lt/ppi3d/site/interaction_details/single_sequence/rIiStfbc/1/null/13965663/1981135/71903076/2128663
1607,9y9p,Cofilactin filament,2026-03-04,2.1 Å,9y9p_E,9y9p_D,354.66 Å²,28,1.0,,https://bioinformatics.lt/ppi3d/site/interaction_details/single_sequence/rIiStfbc/1/null/13965919/2759843/99884541/2829360
1608,9y9p,Cofilactin filament,2026-03-04,2.1 Å,9y9p_D,9y9p_b,673.55 Å²,58,9.0,6.0,https://bioinformatics.lt/ppi3d/site/interaction_details/single_sequence/rIiStfbc/1/null/13965919/2759845/99884543/2829361
1609,9y9p,Cofilactin filament,2026-03-04,2.1 Å,9y9p_D,9y9p_d,1077.56 Å²,85,5.0,,https://bioinformatics.lt/ppi3d/site/interaction_details/single_sequence/rIiStfbc/1/null/13965919/2759847/99884545/2829362
1612,8d15,Bent ADP-F-actin,2022-09-07,3.6 Å,8d15_G,8d15_F,426.66 Å²,33,3.0,,https://bioinformatics.lt/ppi3d/site/interaction_details/single_sequence/rIiStfbc/1/null/13966175/1809461/66063357/1948077
1615,5ogw,Cryo-EM structure of jasplakinolide-stabilized malaria parasite F-actin at near-atomic resolution,2017-09-27,3.8 Å,5ogw_A,5ogw_B,1115.13 Å²,93,4.0,1.0,https://bioinformatics.lt/ppi3d/site/interaction_details/single_sequence/rIiStfbc/1/null/13966687/1535477/57535871/1668402
1616,5ogw,Cryo-EM structure of jasplakinolide-stabilized malaria parasite F-actin at near-atomic resolution,2017-09-27,3.8 Å,5ogw_C,5ogw_A,1115.84 Å²,93,4.0,2.0,https://bioinformatics.lt/ppi3d/site/interaction_details/single_sequence/rIiStfbc/1/null/13966687/1535479/57535872/1668403
1617,5ogw,Cryo-EM structure of jasplakinolide-stabilized malaria parasite F-actin at near-atomic resolution,2017-09-27,3.8 Å,5ogw_A,5ogw_D,434.03 Å²,41,3.0,2.0,https://bioinformatics.lt/ppi3d/site/interaction_details/single_sequence/rIiStfbc/1/null/13966687/1535481/57535873/1668404
1618,5ogw,Cryo-EM structure of jasplakinolide-stabilized malaria parasite F-actin at near-atomic resolution,2017-09-27,3.8 Å,5ogw_E,5ogw_A,422.93 Å²,41,3.0,2.0,https://bioinformatics.lt/ppi3d/site/interaction_details/single_sequence/rIiStfbc/1/null/13966687/1535483/57535874/1668405
1619,9qfj,Cryo-EM structure of the cofilactin filament core at 2.3 Angstrom resolution.,2025-10-08,2.3 Å,9qfj_B,9qfj_F,691.70 Å²,56,9.0,4.0,https://bioinformatics.lt/ppi3d/site/interaction_details/single_sequence/rIiStfbc/1/null/13965408/2669183/96851347/2766693
162,9kbx,CryoEM structure of F-actin bound with GAS2-CH3 domain.,2025-09-10,2.8 Å,9kbx_J,9kbx_B,1069.96 Å²,93,11.0,4.0,https://bioinformatics.lt/ppi3d/site/interaction_details/single_sequence/rIiStfbc/1/null/13966598/2592750/96640793/2705806
1620,9qfj,Cryo-EM structure of the cofilactin filament core at 2.3 Angstrom resolution.,2025-10-08,2.3 Å,9qfj_B,9qfj_H,1018.72 Å²,93,3.0,3.0,https://bioinformatics.lt/ppi3d/site/interaction_details/single_sequence/rIiStfbc/1/null/13965408/2669185/96851354/2766694
1622,9qfj,Cryo-EM structure of the cofilactin filament core at 2.3 Angstrom resolution.,2025-10-08,2.3 Å,9qfj_C,9qfj_B,351.98 Å²,29,1.0,,https://bioinformatics.lt/ppi3d/site/interaction_details/single_sequence/rIiStfbc/1/null/13965408/2669179/96851373/2766691
1623,9qfj,Cryo-EM structure of the cofilactin filament core at 2.3 Angstrom resolution.,2025-10-08,2.3 Å,9qfj_B,9qfj_D,364.40 Å²,32,3.0,2.0,https://bioinformatics.lt/ppi3d/site/interaction_details/single_sequence/rIiStfbc/1/null/13965408/2669181/96851374/2766692
1624,8dmx,Cryo-EM structure of skeletal muscle alpha-actin,2023-04-12,3.4 Å,8dmx_B,8dmx_A,335.82 Å²,28,1.0,2.0,https://bioinformatics.lt/ppi3d/site/interaction_details/single_sequence/rIiStfbc/1/null/13965664/1981129/71903072/2128660
1625,8dmx,Cryo-EM structure of skeletal muscle alpha-actin,2023-04-12,3.4 Å,8dmx_C,8dmx_A,1081.34 Å²,83,3.0,3.0,https://bioinformatics.lt/ppi3d/site/interaction_details/single_sequence/rIiStfbc/1/null/13965664/1981131/71903073/2128661
1628,9y9p,Cofilactin filament,2026-03-04,2.1 Å,9y9p_D,9y9p_C,356.18 Å²,29,1.0,,https://bioinformatics.lt/ppi3d/site/interaction_details/single_sequence/rIiStfbc/1/null/13965920/2759835/99884534/2829356
1629,9y9p,Cofilactin filament,2026-03-04,2.1 Å,9y9p_C,9y9p_E,416.75 Å²,37,2.0,2.0,https://bioinformatics.lt/ppi3d/site/interaction_details/single_sequence/rIiStfbc/1/null/13965920/2759837/99884535/2829357
1630,9y9p,Cofilactin filament,2026-03-04,2.1 Å,9y9p_C,9y9p_a,674.20 Å²,58,9.0,6.0,https://bioinformatics.lt/ppi3d/site/interaction_details/single_sequence/rIiStfbc/1/null/13965920/2759839/99884536/2829358
1631,9y9p,Cofilactin filament,2026-03-04,2.1 Å,9y9p_C,9y9p_c,1076.63 Å²,85,5.0,,https://bioinformatics.lt/ppi3d/site/interaction_details/single_sequence/rIiStfbc/1/null/13965920/2759841/99884538/2829359
1634,8d15,Bent ADP-F-actin,2022-09-07,3.6 Å,8d15_F,8d15_E,446.35 Å²,39,4.0,,https://bioinformatics.lt/ppi3d/site/interaction_details/single_sequence/rIiStfbc/1/null/13966176/1809457/66063355/1948075
1635,8d15,Bent ADP-F-actin,2022-09-07,3.6 Å,8d15_G,8d15_E,1132.22 Å²,95,4.0,3.0,https://bioinformatics.lt/ppi3d/site/interaction_details/single_sequence/rIiStfbc/1/null/13966176/1809459/66063356/1948076
164,9kbx,CryoEM structure of F-actin bound with GAS2-CH3 domain.,2025-09-10,2.8 Å,9kbx_J,9kbx_L,445.15 Å²,38,5.0,1.0,https://bioinformatics.lt/ppi3d/site/interaction_details/single_sequence/rIiStfbc/1/null/13966598/2592757/96640800/2705810
1640,9qfj,Cryo-EM structure of the cofilactin filament core at 2.3 Angstrom resolution.,2025-10-08,2.3 Å,9qfj_A,9qfj_G,1019.80 Å²,92,3.0,3.0,https://bioinformatics.lt/ppi3d/site/interaction_details/single_sequence/rIiStfbc/1/null/13965409/2669177/96851338/2766690
1641,9qfj,Cryo-EM structure of the cofilactin filament core at 2.3 Angstrom resolution.,2025-10-08,2.3 Å,9qfj_B,9qfj_A,353.10 Å²,29,1.0,,https://bioinformatics.lt/ppi3d/site/interaction_details/single_sequence/rIiStfbc/1/null/13965409/2669173/96851369/2766688
1642,9qfj,Cryo-EM structure of the cofilactin filament core at 2.3 Angstrom resolution.,2025-10-08,2.3 Å,9qfj_A,9qfj_C,365.53 Å²,32,3.0,2.0,https://bioinformatics.lt/ppi3d/site/interaction_details/single_sequence/rIiStfbc/1/null/13965409/2669175/96851370/2766689
1645,9y9p,Cofilactin filament,2026-03-04,2.1 Å,9y9p_C,9y9p_B,356.55 Å²,29,1.0,,https://bioinformatics.lt/ppi3d/site/interaction_details/single_sequence/rIiStfbc/1/null/13965921/2759829/99884526/2829353
1646,9y9p,Cofilactin filament,2026-03-04,2.1 Å,9y9p_B,9y9p_D,416.68 Å²,37,2.0,2.0,https://bioinformatics.lt/ppi3d/site/interaction_details/single_sequence/rIiStfbc/1/null/13965921/2759831/99884527/2829354
1647,9y9p,Cofilactin filament,2026-03-04,2.1 Å,9y9p_B,9y9p_b,1076.14 Å²,85,5.0,,https://bioinformatics.lt/ppi3d/site/interaction_details/single_sequence/rIiStfbc/1/null/13965921/2759833/99884530/2829355
165,8iai,"Structure of mammalian spectrin-actin junctional complex of membrane skeleton, State II, Global map",2023-05-03,3.5 Å,8iai_B,8iai_A,428.18 Å²,33,1.0,1.0,https://bioinformatics.lt/ppi3d/site/interaction_details/single_sequence/rIiStfbc/1/null/13965319/1987851/72502418/2132157
1650,8d15,Bent ADP-F-actin,2022-09-07,3.6 Å,8d15_E,8d15_D,385.71 Å²,30,3.0,1.0,https://bioinformatics.lt/ppi3d/site/interaction_details/single_sequence/rIiStfbc/1/null/13966177/1809453/66063352/1948073
1651,8d15,Bent ADP-F-actin,2022-09-07,3.6 Å,8d15_F,8d15_D,1112.46 Å²,95,5.0,3.0,https://bioinformatics.lt/ppi3d/site/interaction_details/single_sequence/rIiStfbc/1/null/13966177/1809455/66063353/1948074
1656,6tu4,Structure of Plasmodium Actin1 filament,2021-01-13,2.6 Å,6tu4_D,6tu4_F,326.60 Å²,28,3.0,1.0,https://bioinformatics.lt/ppi3d/site/interaction_details/single_sequence/rIiStfbc/1/null/13966689/1545943/57533836/1688436
1657,9qfg,"Cryo-EM structure of the actin filament hetero-decorated by Coronin-1 and Cofilin-1, strand boundary",2025-10-08,3.5 Å,9qfg_G,9qfg_N,377.18 Å²,41,4.0,1.0,https://bioinformatics.lt/ppi3d/site/interaction_details/single_sequence/rIiStfbc/1/null/13965410/2669169/96851297/2766686
1658,9qfg,"Cryo-EM structure of the actin filament hetero-decorated by Coronin-1 and Cofilin-1, strand boundary",2025-10-08,3.5 Å,9qfg_G,9qfg_K,889.04 Å²,81,3.0,1.0,https://bioinformatics.lt/ppi3d/site/interaction_details/single_sequence/rIiStfbc/1/null/13965410/2669167/96851312/2766685
166,8iai,"Structure of mammalian spectrin-actin junctional complex of membrane skeleton, State II, Global map",2023-05-03,3.5 Å,8iai_C,8iai_A,1103.97 Å²,85,6.0,3.0,https://bioinformatics.lt/ppi3d/site/interaction_details/single_sequence/rIiStfbc/1/null/13965319/1987853/72502419/2132158
1661,8e9b,Cryo-EM structure of S. pombe Arp2/3 complex in the branch junction,2023-02-01,3.5 Å,8e9b_I,8e9b_B,936.05 Å²,84,1.0,2.0,https://bioinformatics.lt/ppi3d/site/interaction_details/single_sequence/rIiStfbc/1/null/13965666/1873410/69113285/2041612
1663,9y9p,Cofilactin filament,2026-03-04,2.1 Å,9y9p_B,9y9p_A,356.83 Å²,29,1.0,,https://bioinformatics.lt/ppi3d/site/interaction_details/single_sequence/rIiStfbc/1/null/13965922/2759823/99884517/2829350
1664,9y9p,Cofilactin filament,2026-03-04,2.1 Å,9y9p_A,9y9p_C,416.74 Å²,37,2.0,2.0,https://bioinformatics.lt/ppi3d/site/interaction_details/single_sequence/rIiStfbc/1/null/13965922/2759825/99884518/2829351
1665,9y9p,Cofilactin filament,2026-03-04,2.1 Å,9y9p_A,9y9p_a,1076.08 Å²,85,5.0,,https://bioinformatics.lt/ppi3d/site/interaction_details/single_sequence/rIiStfbc/1/null/13965922/2759827/99884521/2829352
1668,8d15,Bent ADP-F-actin,2022-09-07,3.6 Å,8d15_D,8d15_C,373.21 Å²,30,2.0,,https://bioinformatics.lt/ppi3d/site/interaction_details/single_sequence/rIiStfbc/1/null/13966178/1809449/66063348/1948071
1669,8d15,Bent ADP-F-actin,2022-09-07,3.6 Å,8d15_E,8d15_C,1104.12 Å²,95,7.0,4.0,https://bioinformatics.lt/ppi3d/site/interaction_details/single_sequence/rIiStfbc/1/null/13966178/1809451/66063349/1948072
167,8iai,"Structure of mammalian spectrin-actin junctional complex of membrane skeleton, State II, Global map",2023-05-03,3.5 Å,8iai_A,8iai_M,368.95 Å²,31,1.0,,https://bioinformatics.lt/ppi3d/site/interaction_details/single_sequence/rIiStfbc/1/null/13965319/1987855/72502428/2132159
1674,9qfg,"Cryo-EM structure of the actin filament hetero-decorated by Coronin-1 and Cofilin-1, strand boundary",2025-10-08,3.5 Å,9qfg_F,9qfg_N,940.15 Å²,84,4.0,1.0,https://bioinformatics.lt/ppi3d/site/interaction_details/single_sequence/rIiStfbc/1/null/13965411/2669165/96851296/2766684
1675,9qfg,"Cryo-EM structure of the actin filament hetero-decorated by Coronin-1 and Cofilin-1, strand boundary",2025-10-08,3.5 Å,9qfg_F,9qfg_J,318.12 Å²,38,1.0,,https://bioinformatics.lt/ppi3d/site/interaction_details/single_sequence/rIiStfbc/1/null/13965411/2669161/96851304/2766682
1676,9qfg,"Cryo-EM structure of the actin filament hetero-decorated by Coronin-1 and Cofilin-1, strand boundary",2025-10-08,3.5 Å,9qfg_F,9qfg_K,170.45 Å²,17,1.0,1.0,https://bioinformatics.lt/ppi3d/site/interaction_details/single_sequence/rIiStfbc/1/null/13965411/2669163/96851311/2766683
1679,9qfg,"Cryo-EM structure of the actin filament hetero-decorated by Coronin-1 and Cofilin-1, strand boundary",2025-10-08,3.5 Å,9qfg_G,9qfg_F,404.53 Å²,34,2.0,,https://bioinformatics.lt/ppi3d/site/interaction_details/single_sequence/rIiStfbc/1/null/13965411/2669159/96851333/2766681
168,8iai,"Structure of mammalian spectrin-actin junctional complex of membrane skeleton, State II, Global map",2023-05-03,3.5 Å,8iai_A,8iai_U,318.24 Å²,25,2.0,2.0,https://bioinformatics.lt/ppi3d/site/interaction_details/single_sequence/rIiStfbc/1/null/13965319/1987857/72502436/2132160
1680,8e9b,Cryo-EM structure of S. pombe Arp2/3 complex in the branch junction,2023-02-01,3.5 Å,8e9b_H,8e9b_A,1327.81 Å²,120,7.0,3.0,https://bioinformatics.lt/ppi3d/site/interaction_details/single_sequence/rIiStfbc/1/null/13965667/1873392/69113271/2041603
1681,8e9b,Cryo-EM structure of S. pombe Arp2/3 complex in the branch junction,2023-02-01,3.5 Å,8e9b_H,8e9b_B,578.99 Å²,43,4.0,1.0,https://bioinformatics.lt/ppi3d/site/interaction_details/single_sequence/rIiStfbc/1/null/13965667/1873408/69113284/2041611
1682,8e9b,Cryo-EM structure of S. pombe Arp2/3 complex in the branch junction,2023-02-01,3.5 Å,8e9b_I,8e9b_H,401.87 Å²,33,1.0,,https://bioinformatics.lt/ppi3d/site/interaction_details/single_sequence/rIiStfbc/1/null/13965667/1873435/69113363/2041625
1685,9y9m,Capping protein bound to the barbed end of cofilactin,2026-03-04,3.1 Å,9y9m_E,9y9m_Y,333.67 Å²,26,1.0,1.0,https://bioinformatics.lt/ppi3d/site/interaction_details/single_sequence/rIiStfbc/1/null/13965923/2759815/99884502/2829346
1686,9y9m,Capping protein bound to the barbed end of cofilactin,2026-03-04,3.1 Å,9y9m_E,9y9m_Z,952.48 Å²,70,2.0,1.0,https://bioinformatics.lt/ppi3d/site/interaction_details/single_sequence/rIiStfbc/1/null/13965923/2759817/99884503/2829347
1687,9y9m,Capping protein bound to the barbed end of cofilactin,2026-03-04,3.1 Å,9y9m_E,9y9m_c,676.57 Å²,56,9.0,4.0,https://bioinformatics.lt/ppi3d/site/interaction_details/single_sequence/rIiStfbc/1/null/13965923/2759819/99884506/2829348
1689,8d15,Bent ADP-F-actin,2022-09-07,3.6 Å,8d15_C,8d15_B,375.17 Å²,33,2.0,,https://bioinformatics.lt/ppi3d/site/interaction_details/single_sequence/rIiStfbc/1/null/13966179/1809445/66063343/1948069
169,8iai,"Structure of mammalian spectrin-actin junctional complex of membrane skeleton, State II, Global map",2023-05-03,3.5 Å,8iai_A,8iai_Y,2493.73 Å²,216,8.0,3.0,https://bioinformatics.lt/ppi3d/site/interaction_details/single_sequence/rIiStfbc/1/null/13965319/1987859/72502438/2132161
1690,8d15,Bent ADP-F-actin,2022-09-07,3.6 Å,8d15_D,8d15_B,1147.65 Å²,94,4.0,4.0,https://bioinformatics.lt/ppi3d/site/interaction_details/single_sequence/rIiStfbc/1/null/13966179/1809447/66063344/1948070
1693,8v2o,Cryo-EM Structure of Wildtype Smooth Muscle Gamma Actin (ACTG2),2024-05-01,2.5 Å,8v2o_E,8v2o_D,430.27 Å²,35,2.0,,https://bioinformatics.lt/ppi3d/site/interaction_details/single_sequence/rIiStfbc/1/null/13966435/2218831/78562279/2321448
1695,6tu4,Structure of Plasmodium Actin1 filament,2021-01-13,2.6 Å,6tu4_C,6tu4_B,338.71 Å²,29,3.0,1.0,https://bioinformatics.lt/ppi3d/site/interaction_details/single_sequence/rIiStfbc/1/null/13966691/1545939/57533831/1688434
1696,6tu4,Structure of Plasmodium Actin1 filament,2021-01-13,2.6 Å,6tu4_B,6tu4_D,1028.82 Å²,90,5.0,3.0,https://bioinformatics.lt/ppi3d/site/interaction_details/single_sequence/rIiStfbc/1/null/13966691/1545941/57533832/1688435
1697,9qfg,"Cryo-EM structure of the actin filament hetero-decorated by Coronin-1 and Cofilin-1, strand boundary",2025-10-08,3.5 Å,9qfg_E,9qfg_M,333.02 Å²,41,3.0,,https://bioinformatics.lt/ppi3d/site/interaction_details/single_sequence/rIiStfbc/1/null/13965412/2669155/96851286/2766679
1698,9qfg,"Cryo-EM structure of the actin filament hetero-decorated by Coronin-1 and Cofilin-1, strand boundary",2025-10-08,3.5 Å,9qfg_E,9qfg_N,190.47 Å²,19,3.0,1.0,https://bioinformatics.lt/ppi3d/site/interaction_details/single_sequence/rIiStfbc/1/null/13965412/2669157/96851295/2766680
1699,9qfg,"Cryo-EM structure of the actin filament hetero-decorated by Coronin-1 and Cofilin-1, strand boundary",2025-10-08,3.5 Å,9qfg_E,9qfg_J,913.11 Å²,79,5.0,2.0,https://bioinformatics.lt/ppi3d/site/interaction_details/single_sequence/rIiStfbc/1/null/13965412/2669151/96851303/2766677
17,8c4e,F-actin decorated by SipA426-685,2024-01-17,2.6 Å,8c4e_G,8c4e_L,743.84 Å²,64,5.0,1.0,https://bioinformatics.lt/ppi3d/site/interaction_details/single_sequence/rIiStfbc/1/null/13966080/2144679/75903865/2262590
1700,9qfg,"Cryo-EM structure of the actin filament hetero-decorated by Coronin-1 and Cofilin-1, strand boundary",2025-10-08,3.5 Å,9qfg_E,9qfg_K,654.42 Å²,54,7.0,1.0,https://bioinformatics.lt/ppi3d/site/interaction_details/single_sequence/rIiStfbc/1/null/13965412/2669153/96851310/2766678
1703,9qfg,"Cryo-EM structure of the actin filament hetero-decorated by Coronin-1 and Cofilin-1, strand boundary",2025-10-08,3.5 Å,9qfg_F,9qfg_E,372.46 Å²,33,1.0,,https://bioinformatics.lt/ppi3d/site/interaction_details/single_sequence/rIiStfbc/1/null/13965412/2669147/96851331/2766675
1704,9qfg,"Cryo-EM structure of the actin filament hetero-decorated by Coronin-1 and Cofilin-1, strand boundary",2025-10-08,3.5 Å,9qfg_G,9qfg_E,1079.90 Å²,89,5.0,3.0,https://bioinformatics.lt/ppi3d/site/interaction_details/single_sequence/rIiStfbc/1/null/13965412/2669149/96851332/2766676
1705,8e9b,Cryo-EM structure of S. pombe Arp2/3 complex in the branch junction,2023-02-01,3.5 Å,8e9b_R,8e9b_D,580.21 Å²,60,2.0,,https://bioinformatics.lt/ppi3d/site/interaction_details/single_sequence/rIiStfbc/1/null/13965668/1873428/69113306/2041621
1710,9y9m,Capping protein bound to the barbed end of cofilactin,2026-03-04,3.1 Å,9y9m_E,9y9m_D,338.56 Å²,27,,,https://bioinformatics.lt/ppi3d/site/interaction_details/single_sequence/rIiStfbc/1/null/13965924/2759807/99884496/2829342
1711,9y9m,Capping protein bound to the barbed end of cofilactin,2026-03-04,3.1 Å,9y9m_D,9y9m_Y,718.50 Å²,50,2.0,3.0,https://bioinformatics.lt/ppi3d/site/interaction_details/single_sequence/rIiStfbc/1/null/13965924/2759809/99884497/2829343
1712,9y9m,Capping protein bound to the barbed end of cofilactin,2026-03-04,3.1 Å,9y9m_D,9y9m_Z,113.79 Å²,9,,1.0,https://bioinformatics.lt/ppi3d/site/interaction_details/single_sequence/rIiStfbc/1/null/13965924/2759811/99884498/2829344
1713,9y9m,Capping protein bound to the barbed end of cofilactin,2026-03-04,3.1 Å,9y9m_D,9y9m_b,685.55 Å²,57,10.0,5.0,https://bioinformatics.lt/ppi3d/site/interaction_details/single_sequence/rIiStfbc/1/null/13965924/2759813/99884500/2829345
1714,8d15,Bent ADP-F-actin,2022-09-07,3.6 Å,8d15_B,8d15_A,379.11 Å²,29,2.0,2.0,https://bioinformatics.lt/ppi3d/site/interaction_details/single_sequence/rIiStfbc/1/null/13966180/1809441/66063337/1948067
1715,8d15,Bent ADP-F-actin,2022-09-07,3.6 Å,8d15_C,8d15_A,1186.66 Å²,99,3.0,3.0,https://bioinformatics.lt/ppi3d/site/interaction_details/single_sequence/rIiStfbc/1/null/13966180/1809443/66063338/1948068
1718,8v2o,Cryo-EM Structure of Wildtype Smooth Muscle Gamma Actin (ACTG2),2024-05-01,2.5 Å,8v2o_D,8v2o_C,436.23 Å²,37,2.0,1.0,https://bioinformatics.lt/ppi3d/site/interaction_details/single_sequence/rIiStfbc/1/null/13966436/2218827/78562277/2321446
1719,8v2o,Cryo-EM Structure of Wildtype Smooth Muscle Gamma Actin (ACTG2),2024-05-01,2.5 Å,8v2o_E,8v2o_C,1192.57 Å²,96,6.0,4.0,https://bioinformatics.lt/ppi3d/site/interaction_details/single_sequence/rIiStfbc/1/null/13966436/2218829/78562278/2321447
1720,6tu4,Structure of Plasmodium Actin1 filament,2021-01-13,2.6 Å,6tu4_B,6tu4_A,330.89 Å²,27,3.0,1.0,https://bioinformatics.lt/ppi3d/site/interaction_details/single_sequence/rIiStfbc/1/null/13966692/1545931/57533827/1688430
1721,6tu4,Structure of Plasmodium Actin1 filament,2021-01-13,2.6 Å,6tu4_C,6tu4_A,1030.24 Å²,90,5.0,3.0,https://bioinformatics.lt/ppi3d/site/interaction_details/single_sequence/rIiStfbc/1/null/13966692/1545933/57533828/1688431
1722,6tu4,Structure of Plasmodium Actin1 filament,2021-01-13,2.6 Å,6tu4_A,6tu4_D,333.18 Å²,29,3.0,1.0,https://bioinformatics.lt/ppi3d/site/interaction_details/single_sequence/rIiStfbc/1/null/13966692/1545935/57533829/1688432
1723,6tu4,Structure of Plasmodium Actin1 filament,2021-01-13,2.6 Å,6tu4_A,6tu4_F,1037.14 Å²,89,5.0,3.0,https://bioinformatics.lt/ppi3d/site/interaction_details/single_sequence/rIiStfbc/1/null/13966692/1545937/57533830/1688433
1724,9qfg,"Cryo-EM structure of the actin filament hetero-decorated by Coronin-1 and Cofilin-1, strand boundary",2025-10-08,3.5 Å,9qfg_D,9qfg_M,821.18 Å²,71,4.0,2.0,https://bioinformatics.lt/ppi3d/site/interaction_details/single_sequence/rIiStfbc/1/null/13965413/2669143/96851285/2766673
1725,9qfg,"Cryo-EM structure of the actin filament hetero-decorated by Coronin-1 and Cofilin-1, strand boundary",2025-10-08,3.5 Å,9qfg_D,9qfg_N,643.59 Å²,56,7.0,1.0,https://bioinformatics.lt/ppi3d/site/interaction_details/single_sequence/rIiStfbc/1/null/13965413/2669145/96851294/2766674
1726,9qfg,"Cryo-EM structure of the actin filament hetero-decorated by Coronin-1 and Cofilin-1, strand boundary",2025-10-08,3.5 Å,9qfg_D,9qfg_J,200.43 Å²,17,2.0,1.0,https://bioinformatics.lt/ppi3d/site/interaction_details/single_sequence/rIiStfbc/1/null/13965413/2669141/96851302/2766672
1729,9qfg,"Cryo-EM structure of the actin filament hetero-decorated by Coronin-1 and Cofilin-1, strand boundary",2025-10-08,3.5 Å,9qfg_E,9qfg_D,425.50 Å²,38,2.0,,https://bioinformatics.lt/ppi3d/site/interaction_details/single_sequence/rIiStfbc/1/null/13965413/2669137/96851328/2766670
1730,9qfg,"Cryo-EM structure of the actin filament hetero-decorated by Coronin-1 and Cofilin-1, strand boundary",2025-10-08,3.5 Å,9qfg_F,9qfg_D,1112.87 Å²,91,7.0,3.0,https://bioinformatics.lt/ppi3d/site/interaction_details/single_sequence/rIiStfbc/1/null/13965413/2669139/96851329/2766671
1731,8e9b,Cryo-EM structure of S. pombe Arp2/3 complex in the branch junction,2023-02-01,3.5 Å,8e9b_Q,8e9b_C,111.75 Å²,11,1.0,,https://bioinformatics.lt/ppi3d/site/interaction_details/single_sequence/rIiStfbc/1/null/13965669/1873420/69113294/2041617
1732,8e9b,Cryo-EM structure of S. pombe Arp2/3 complex in the branch junction,2023-02-01,3.5 Å,8e9b_Q,8e9b_D,146.58 Å²,15,2.0,,https://bioinformatics.lt/ppi3d/site/interaction_details/single_sequence/rIiStfbc/1/null/13965669/1873426/69113305/2041620
1733,8e9b,Cryo-EM structure of S. pombe Arp2/3 complex in the branch junction,2023-02-01,3.5 Å,8e9b_Q,8e9b_F,743.20 Å²,61,6.0,3.0,https://bioinformatics.lt/ppi3d/site/interaction_details/single_sequence/rIiStfbc/1/null/13965669/1873434/69113324/2041624
1736,8e9b,Cryo-EM structure of S. pombe Arp2/3 complex in the branch junction,2023-02-01,3.5 Å,8e9b_R,8e9b_Q,412.16 Å²,34,2.0,1.0,https://bioinformatics.lt/ppi3d/site/interaction_details/single_sequence/rIiStfbc/1/null/13965669/1873453/69113358/2041634
1739,9y9m,Capping protein bound to the barbed end of cofilactin,2026-03-04,3.1 Å,9y9m_C,9y9m_D,310.73 Å²,25,,,https://bioinformatics.lt/ppi3d/site/interaction_details/single_sequence/rIiStfbc/1/null/13965925/2759799/99884489/2829338
1740,9y9m,Capping protein bound to the barbed end of cofilactin,2026-03-04,3.1 Å,9y9m_C,9y9m_E,365.87 Å²,36,,3.0,https://bioinformatics.lt/ppi3d/site/interaction_details/single_sequence/rIiStfbc/1/null/13965925/2759801/99884490/2829339
1741,9y9m,Capping protein bound to the barbed end of cofilactin,2026-03-04,3.1 Å,9y9m_C,9y9m_a,673.57 Å²,55,10.0,5.0,https://bioinformatics.lt/ppi3d/site/interaction_details/single_sequence/rIiStfbc/1/null/13965925/2759803/99884493/2829340
1742,9y9m,Capping protein bound to the barbed end of cofilactin,2026-03-04,3.1 Å,9y9m_C,9y9m_c,1033.04 Å²,90,4.0,,https://bioinformatics.lt/ppi3d/site/interaction_details/single_sequence/rIiStfbc/1/null/13965925/2759805/99884495/2829341
1746,8v2o,Cryo-EM Structure of Wildtype Smooth Muscle Gamma Actin (ACTG2),2024-05-01,2.5 Å,8v2o_C,8v2o_B,433.41 Å²,38,2.0,,https://bioinformatics.lt/ppi3d/site/interaction_details/single_sequence/rIiStfbc/1/null/13966437/2218823/78562274/2321444
1747,8v2o,Cryo-EM Structure of Wildtype Smooth Muscle Gamma Actin (ACTG2),2024-05-01,2.5 Å,8v2o_D,8v2o_B,1178.63 Å²,98,7.0,4.0,https://bioinformatics.lt/ppi3d/site/interaction_details/single_sequence/rIiStfbc/1/null/13966437/2218825/78562275/2321445
1748,6tu7,Structure of PfMyoA decorated Plasmodium Act1 filament,2021-01-13,3.1 Å,6tu7_EP1,6tu7_AP1,371.90 Å²,33,1.0,,https://bioinformatics.lt/ppi3d/site/interaction_details/single_sequence/rIiStfbc/1/null/13966693/1545916/57533815/1688422
1751,9qfg,"Cryo-EM structure of the actin filament hetero-decorated by Coronin-1 and Cofilin-1, strand boundary",2025-10-08,3.5 Å,9qfg_C,9qfg_I,759.21 Å²,68,5.0,1.0,https://bioinformatics.lt/ppi3d/site/interaction_details/single_sequence/rIiStfbc/1/null/13965414/2669129/96851263/2766666
1752,9qfg,"Cryo-EM structure of the actin filament hetero-decorated by Coronin-1 and Cofilin-1, strand boundary",2025-10-08,3.5 Å,9qfg_C,9qfg_L,338.69 Å²,40,1.0,,https://bioinformatics.lt/ppi3d/site/interaction_details/single_sequence/rIiStfbc/1/null/13965414/2669133/96851274/2766668
1753,9qfg,"Cryo-EM structure of the actin filament hetero-decorated by Coronin-1 and Cofilin-1, strand boundary",2025-10-08,3.5 Å,9qfg_C,9qfg_M,185.02 Å²,15,2.0,,https://bioinformatics.lt/ppi3d/site/interaction_details/single_sequence/rIiStfbc/1/null/13965414/2669135/96851284/2766669
1754,9qfg,"Cryo-EM structure of the actin filament hetero-decorated by Coronin-1 and Cofilin-1, strand boundary",2025-10-08,3.5 Å,9qfg_C,9qfg_J,627.83 Å²,54,6.0,1.0,https://bioinformatics.lt/ppi3d/site/interaction_details/single_sequence/rIiStfbc/1/null/13965414/2669131/96851301/2766667
1757,9qfg,"Cryo-EM structure of the actin filament hetero-decorated by Coronin-1 and Cofilin-1, strand boundary",2025-10-08,3.5 Å,9qfg_D,9qfg_C,432.08 Å²,35,2.0,,https://bioinformatics.lt/ppi3d/site/interaction_details/single_sequence/rIiStfbc/1/null/13965414/2669125/96851324/2766664
1758,9qfg,"Cryo-EM structure of the actin filament hetero-decorated by Coronin-1 and Cofilin-1, strand boundary",2025-10-08,3.5 Å,9qfg_E,9qfg_C,1080.43 Å²,89,7.0,3.0,https://bioinformatics.lt/ppi3d/site/interaction_details/single_sequence/rIiStfbc/1/null/13965414/2669127/96851325/2766665
1759,8e9b,Cryo-EM structure of S. pombe Arp2/3 complex in the branch junction,2023-02-01,3.5 Å,8e9b_P,8e9b_A,102.99 Å²,11,,,https://bioinformatics.lt/ppi3d/site/interaction_details/single_sequence/rIiStfbc/1/null/13965670/1873396/69113268/2041605
176,8c4c,F-actin decorated by SipA497-669,2024-01-17,2.7 Å,8c4c_H,8c4c_L,159.56 Å²,17,,,https://bioinformatics.lt/ppi3d/site/interaction_details/single_sequence/rIiStfbc/1/null/13966087/2144621/75903803/2262561
1762,8e9b,Cryo-EM structure of S. pombe Arp2/3 complex in the branch junction,2023-02-01,3.5 Å,8e9b_Q,8e9b_P,384.57 Å²,34,2.0,1.0,https://bioinformatics.lt/ppi3d/site/interaction_details/single_sequence/rIiStfbc/1/null/13965670/1873449/69113354/2041632
1763,8e9b,Cryo-EM structure of S. pombe Arp2/3 complex in the branch junction,2023-02-01,3.5 Å,8e9b_R,8e9b_P,1126.87 Å²,97,5.0,3.0,https://bioinformatics.lt/ppi3d/site/interaction_details/single_sequence/rIiStfbc/1/null/13965670/1873451/69113355/2041633
1765,9y9m,Capping protein bound to the barbed end of cofilactin,2026-03-04,3.1 Å,9y9m_C,9y9m_B,322.80 Å²,27,,,https://bioinformatics.lt/ppi3d/site/interaction_details/single_sequence/rIiStfbc/1/null/13965926/2759793/99884481/2829335
1766,9y9m,Capping protein bound to the barbed end of cofilactin,2026-03-04,3.1 Å,9y9m_B,9y9m_D,359.98 Å²,37,3.0,2.0,https://bioinformatics.lt/ppi3d/site/interaction_details/single_sequence/rIiStfbc/1/null/13965926/2759795/99884482/2829336
1767,9y9m,Capping protein bound to the barbed end of cofilactin,2026-03-04,3.1 Å,9y9m_B,9y9m_b,1066.34 Å²,93,4.0,,https://bioinformatics.lt/ppi3d/site/interaction_details/single_sequence/rIiStfbc/1/null/13965926/2759797/99884487/2829337
1770,8v2o,Cryo-EM Structure of Wildtype Smooth Muscle Gamma Actin (ACTG2),2024-05-01,2.5 Å,8v2o_B,8v2o_A,445.40 Å²,37,2.0,,https://bioinformatics.lt/ppi3d/site/interaction_details/single_sequence/rIiStfbc/1/null/13966438/2218819/78562270/2321442
1771,8v2o,Cryo-EM Structure of Wildtype Smooth Muscle Gamma Actin (ACTG2),2024-05-01,2.5 Å,8v2o_C,8v2o_A,1185.37 Å²,98,6.0,4.0,https://bioinformatics.lt/ppi3d/site/interaction_details/single_sequence/rIiStfbc/1/null/13966438/2218821/78562271/2321443
1774,6tu7,Structure of PfMyoA decorated Plasmodium Act1 filament,2021-01-13,3.1 Å,6tu7_DP1,6tu7_GP1,1054.04 Å²,96,5.0,2.0,https://bioinformatics.lt/ppi3d/site/interaction_details/single_sequence/rIiStfbc/1/null/13966694/1545929/57533825/1688429
1775,9qfg,"Cryo-EM structure of the actin filament hetero-decorated by Coronin-1 and Cofilin-1, strand boundary",2025-10-08,3.5 Å,9qfg_B,9qfg_L,768.15 Å²,73,5.0,1.0,https://bioinformatics.lt/ppi3d/site/interaction_details/single_sequence/rIiStfbc/1/null/13965415/2669121/96851273/2766662
1776,9qfg,"Cryo-EM structure of the actin filament hetero-decorated by Coronin-1 and Cofilin-1, strand boundary",2025-10-08,3.5 Å,9qfg_B,9qfg_M,611.63 Å²,52,6.0,4.0,https://bioinformatics.lt/ppi3d/site/interaction_details/single_sequence/rIiStfbc/1/null/13965415/2669123/96851283/2766663
1778,9qfg,"Cryo-EM structure of the actin filament hetero-decorated by Coronin-1 and Cofilin-1, strand boundary",2025-10-08,3.5 Å,9qfg_C,9qfg_B,439.93 Å²,34,2.0,,https://bioinformatics.lt/ppi3d/site/interaction_details/single_sequence/rIiStfbc/1/null/13965415/2669117/96851319/2766660
1779,9qfg,"Cryo-EM structure of the actin filament hetero-decorated by Coronin-1 and Cofilin-1, strand boundary",2025-10-08,3.5 Å,9qfg_D,9qfg_B,1104.38 Å²,90,6.0,3.0,https://bioinformatics.lt/ppi3d/site/interaction_details/single_sequence/rIiStfbc/1/null/13965415/2669119/96851320/2766661
178,9kbx,CryoEM structure of F-actin bound with GAS2-CH3 domain.,2025-09-10,2.8 Å,9kbx_H,9kbx_B,396.06 Å²,33,4.0,1.0,https://bioinformatics.lt/ppi3d/site/interaction_details/single_sequence/rIiStfbc/1/null/13966599/2592748/96640792/2705805
1780,8e9b,Cryo-EM structure of S. pombe Arp2/3 complex in the branch junction,2023-02-01,3.5 Å,8e9b_O,8e9b_A,386.13 Å²,29,4.0,3.0,https://bioinformatics.lt/ppi3d/site/interaction_details/single_sequence/rIiStfbc/1/null/13965671/1873394/69113267/2041604
1781,8e9b,Cryo-EM structure of S. pombe Arp2/3 complex in the branch junction,2023-02-01,3.5 Å,8e9b_O,8e9b_C,490.85 Å²,40,2.0,1.0,https://bioinformatics.lt/ppi3d/site/interaction_details/single_sequence/rIiStfbc/1/null/13965671/1873418/69113292/2041616
1782,8e9b,Cryo-EM structure of S. pombe Arp2/3 complex in the branch junction,2023-02-01,3.5 Å,8e9b_O,8e9b_D,278.94 Å²,26,4.0,,https://bioinformatics.lt/ppi3d/site/interaction_details/single_sequence/rIiStfbc/1/null/13965671/1873424/69113303/2041619
1785,8e9b,Cryo-EM structure of S. pombe Arp2/3 complex in the branch junction,2023-02-01,3.5 Å,8e9b_P,8e9b_O,447.35 Å²,41,2.0,1.0,https://bioinformatics.lt/ppi3d/site/interaction_details/single_sequence/rIiStfbc/1/null/13965671/1873445/69113349/2041630
1786,8e9b,Cryo-EM structure of S. pombe Arp2/3 complex in the branch junction,2023-02-01,3.5 Å,8e9b_Q,8e9b_O,1113.73 Å²,93,4.0,4.0,https://bioinformatics.lt/ppi3d/site/interaction_details/single_sequence/rIiStfbc/1/null/13965671/1873447/69113350/2041631
1787,9y9m,Capping protein bound to the barbed end of cofilactin,2026-03-04,3.1 Å,9y9m_B,9y9m_A,324.58 Å²,28,,,https://bioinformatics.lt/ppi3d/site/interaction_details/single_sequence/rIiStfbc/1/null/13965927/2759787/99884472/2829332
1788,9y9m,Capping protein bound to the barbed end of cofilactin,2026-03-04,3.1 Å,9y9m_A,9y9m_C,415.40 Å²,38,1.0,3.0,https://bioinformatics.lt/ppi3d/site/interaction_details/single_sequence/rIiStfbc/1/null/13965927/2759789/99884473/2829333
1789,9y9m,Capping protein bound to the barbed end of cofilactin,2026-03-04,3.1 Å,9y9m_A,9y9m_a,1077.51 Å²,93,3.0,,https://bioinformatics.lt/ppi3d/site/interaction_details/single_sequence/rIiStfbc/1/null/13965927/2759791/99884478/2829334
179,9kbx,CryoEM structure of F-actin bound with GAS2-CH3 domain.,2025-09-10,2.8 Å,9kbx_J,9kbx_H,1152.58 Å²,91,10.0,4.0,https://bioinformatics.lt/ppi3d/site/interaction_details/single_sequence/rIiStfbc/1/null/13966599/2592751/96640796/2705807
1793,6tu7,Structure of PfMyoA decorated Plasmodium Act1 filament,2021-01-13,3.1 Å,6tu7_CP1,6tu7_AP1,1056.17 Å²,95,5.0,2.0,https://bioinformatics.lt/ppi3d/site/interaction_details/single_sequence/rIiStfbc/1/null/13966695/1545914/57533813/1688421
1795,6tu7,Structure of PfMyoA decorated Plasmodium Act1 filament,2021-01-13,3.1 Å,6tu7_CP1,6tu7_DP1,319.05 Å²,24,2.0,1.0,https://bioinformatics.lt/ppi3d/site/interaction_details/single_sequence/rIiStfbc/1/null/13966695/1545925/57533821/1688427
1796,6tu7,Structure of PfMyoA decorated Plasmodium Act1 filament,2021-01-13,3.1 Å,6tu7_EP1,6tu7_CP1,1103.55 Å²,95,5.0,3.0,https://bioinformatics.lt/ppi3d/site/interaction_details/single_sequence/rIiStfbc/1/null/13966695/1545927/57533822/1688428
1797,9qfg,"Cryo-EM structure of the actin filament hetero-decorated by Coronin-1 and Cofilin-1, strand boundary",2025-10-08,3.5 Å,9qfg_A,9qfg_H,681.00 Å²,55,8.0,4.0,https://bioinformatics.lt/ppi3d/site/interaction_details/single_sequence/rIiStfbc/1/null/13965416/2669111/96851249/2766657
1798,9qfg,"Cryo-EM structure of the actin filament hetero-decorated by Coronin-1 and Cofilin-1, strand boundary",2025-10-08,3.5 Å,9qfg_A,9qfg_I,930.99 Å²,91,2.0,2.0,https://bioinformatics.lt/ppi3d/site/interaction_details/single_sequence/rIiStfbc/1/null/13965416/2669113/96851261/2766658
1799,9qfg,"Cryo-EM structure of the actin filament hetero-decorated by Coronin-1 and Cofilin-1, strand boundary",2025-10-08,3.5 Å,9qfg_A,9qfg_L,170.21 Å²,16,1.0,1.0,https://bioinformatics.lt/ppi3d/site/interaction_details/single_sequence/rIiStfbc/1/null/13965416/2669115/96851272/2766659
180,9kbx,CryoEM structure of F-actin bound with GAS2-CH3 domain.,2025-09-10,2.8 Å,9kbx_H,9kbx_K,431.86 Å²,38,4.0,,https://bioinformatics.lt/ppi3d/site/interaction_details/single_sequence/rIiStfbc/1/null/13966599/2592753/96640797/2705808
1800,9qfg,"Cryo-EM structure of the actin filament hetero-decorated by Coronin-1 and Cofilin-1, strand boundary",2025-10-08,3.5 Å,9qfg_B,9qfg_A,402.37 Å²,38,1.0,,https://bioinformatics.lt/ppi3d/site/interaction_details/single_sequence/rIiStfbc/1/null/13965416/2669107/96851313/2766655
1801,9qfg,"Cryo-EM structure of the actin filament hetero-decorated by Coronin-1 and Cofilin-1, strand boundary",2025-10-08,3.5 Å,9qfg_A,9qfg_C,611.69 Å²,57,3.0,2.0,https://bioinformatics.lt/ppi3d/site/interaction_details/single_sequence/rIiStfbc/1/null/13965416/2669109/96851314/2766656
1803,8e9b,Cryo-EM structure of S. pombe Arp2/3 complex in the branch junction,2023-02-01,3.5 Å,8e9b_O,8e9b_N,452.56 Å²,38,1.0,1.0,https://bioinformatics.lt/ppi3d/site/interaction_details/single_sequence/rIiStfbc/1/null/13965672/1873441/69113343/2041628
1804,8e9b,Cryo-EM structure of S. pombe Arp2/3 complex in the branch junction,2023-02-01,3.5 Å,8e9b_P,8e9b_N,1140.48 Å²,98,6.0,4.0,https://bioinformatics.lt/ppi3d/site/interaction_details/single_sequence/rIiStfbc/1/null/13965672/1873443/69113344/2041629
1807,9y9l,CP at the barbed end with one cofilin on second-to-last subunit,2026-03-04,3.1 Å,9y9l_E,9y9l_Y,287.10 Å²,22,1.0,2.0,https://bioinformatics.lt/ppi3d/site/interaction_details/single_sequence/rIiStfbc/1/null/13965928/2759777/99884451/2829327
1808,9y9l,CP at the barbed end with one cofilin on second-to-last subunit,2026-03-04,3.1 Å,9y9l_E,9y9l_Z,1019.61 Å²,77,2.0,2.0,https://bioinformatics.lt/ppi3d/site/interaction_details/single_sequence/rIiStfbc/1/null/13965928/2759779/99884452/2829328
1809,9y9l,CP at the barbed end with one cofilin on second-to-last subunit,2026-03-04,3.1 Å,9y9l_E,9y9l_c,725.76 Å²,61,13.0,6.0,https://bioinformatics.lt/ppi3d/site/interaction_details/single_sequence/rIiStfbc/1/null/13965928/2759781/99884455/2829329
181,9kbx,CryoEM structure of F-actin bound with GAS2-CH3 domain.,2025-09-10,2.8 Å,9kbx_L,9kbx_H,436.20 Å²,37,4.0,1.0,https://bioinformatics.lt/ppi3d/site/interaction_details/single_sequence/rIiStfbc/1/null/13966599/2592755/96640798/2705809
1814,6tu7,Structure of PfMyoA decorated Plasmodium Act1 filament,2021-01-13,3.1 Å,6tu7_BP1,6tu7_CP1,322.32 Å²,24,2.0,1.0,https://bioinformatics.lt/ppi3d/site/interaction_details/single_sequence/rIiStfbc/1/null/13966696/1545917/57533817/1688423
1815,6tu7,Structure of PfMyoA decorated Plasmodium Act1 filament,2021-01-13,3.1 Å,6tu7_BP1,6tu7_DP1,1103.37 Å²,95,5.0,3.0,https://bioinformatics.lt/ppi3d/site/interaction_details/single_sequence/rIiStfbc/1/null/13966696/1545919/57533818/1688424
1816,6tu7,Structure of PfMyoA decorated Plasmodium Act1 filament,2021-01-13,3.1 Å,6tu7_EP1,6tu7_BP1,320.58 Å²,24,2.0,1.0,https://bioinformatics.lt/ppi3d/site/interaction_details/single_sequence/rIiStfbc/1/null/13966696/1545921/57533819/1688425
1817,6tu7,Structure of PfMyoA decorated Plasmodium Act1 filament,2021-01-13,3.1 Å,6tu7_BP1,6tu7_GP1,370.51 Å²,33,1.0,,https://bioinformatics.lt/ppi3d/site/interaction_details/single_sequence/rIiStfbc/1/null/13966696/1545923/57533820/1688426
182,8iah,"Structure of mammalian spectrin-actin junctional complex of membrane skeleton, State I, Global map",2023-05-03,3.6 Å,8iah_L,8iah_0,1424.20 Å²,106,4.0,1.0,https://bioinformatics.lt/ppi3d/site/interaction_details/single_sequence/rIiStfbc/1/null/13965320/1987532/72501596/2131997
1820,9qfe,Cryo-EM structure of the actin filament hetero-decorated by Coronin-1 and Cofilin-1 on separate actin strands,2025-10-08,3.1 Å,9qfe_G,9qfe_K,677.34 Å²,57,7.0,2.0,https://bioinformatics.lt/ppi3d/site/interaction_details/single_sequence/rIiStfbc/1/null/13965417/2669103/96851218/2766653
1821,9qfe,Cryo-EM structure of the actin filament hetero-decorated by Coronin-1 and Cofilin-1 on separate actin strands,2025-10-08,3.1 Å,9qfe_G,9qfe_N,370.58 Å²,44,2.0,,https://bioinformatics.lt/ppi3d/site/interaction_details/single_sequence/rIiStfbc/1/null/13965417/2669105/96851221/2766654
1822,8e9b,Cryo-EM structure of S. pombe Arp2/3 complex in the branch junction,2023-02-01,3.5 Å,8e9b_M,8e9b_E,169.96 Å²,12,,,https://bioinformatics.lt/ppi3d/site/interaction_details/single_sequence/rIiStfbc/1/null/13965673/1873430/69113311/2041622
1823,8e9b,Cryo-EM structure of S. pombe Arp2/3 complex in the branch junction,2023-02-01,3.5 Å,8e9b_N,8e9b_M,419.49 Å²,36,2.0,,https://bioinformatics.lt/ppi3d/site/interaction_details/single_sequence/rIiStfbc/1/null/13965673/1873437/69113336/2041626
1824,8e9b,Cryo-EM structure of S. pombe Arp2/3 complex in the branch junction,2023-02-01,3.5 Å,8e9b_O,8e9b_M,1116.19 Å²,98,3.0,4.0,https://bioinformatics.lt/ppi3d/site/interaction_details/single_sequence/rIiStfbc/1/null/13965673/1873439/69113337/2041627
1827,9y9l,CP at the barbed end with one cofilin on second-to-last subunit,2026-03-04,3.1 Å,9y9l_D,9y9l_E,305.94 Å²,28,,,https://bioinformatics.lt/ppi3d/site/interaction_details/single_sequence/rIiStfbc/1/null/13965929/2759769/99884444/2829323
1828,9y9l,CP at the barbed end with one cofilin on second-to-last subunit,2026-03-04,3.1 Å,9y9l_D,9y9l_Y,430.93 Å²,33,2.0,1.0,https://bioinformatics.lt/ppi3d/site/interaction_details/single_sequence/rIiStfbc/1/null/13965929/2759771/99884445/2829324
1829,9y9l,CP at the barbed end with one cofilin on second-to-last subunit,2026-03-04,3.1 Å,9y9l_D,9y9l_b,650.28 Å²,58,10.0,5.0,https://bioinformatics.lt/ppi3d/site/interaction_details/single_sequence/rIiStfbc/1/null/13965929/2759773/99884448/2829325
183,8iah,"Structure of mammalian spectrin-actin junctional complex of membrane skeleton, State I, Global map",2023-05-03,3.6 Å,8iah_L,8iah_1,104.30 Å²,8,,,https://bioinformatics.lt/ppi3d/site/interaction_details/single_sequence/rIiStfbc/1/null/13965320/1987550/72501630/2132006
1830,9y9l,CP at the barbed end with one cofilin on second-to-last subunit,2026-03-04,3.1 Å,9y9l_D,9y9l_d,1066.89 Å²,89,3.0,2.0,https://bioinformatics.lt/ppi3d/site/interaction_details/single_sequence/rIiStfbc/1/null/13965929/2759775/99884450/2829326
1835,9zbp,Helical Reconstruction of the Complex of Pseudo-Acetylated Human Cardiac Actin (K326/328Q) and Tropomyosin,2026-01-14,3.1 Å,9zbp_E,9zbp_F,428.71 Å²,35,2.0,2.0,https://bioinformatics.lt/ppi3d/site/interaction_details/single_sequence/rIiStfbc/1/null/13966441/2702531/99200414/2794017
184,8iah,"Structure of mammalian spectrin-actin junctional complex of membrane skeleton, State I, Global map",2023-05-03,3.6 Å,8iah_L,8iah_2,241.18 Å²,24,,,https://bioinformatics.lt/ppi3d/site/interaction_details/single_sequence/rIiStfbc/1/null/13965320/1987560/72501663/2132011
1841,9qfe,Cryo-EM structure of the actin filament hetero-decorated by Coronin-1 and Cofilin-1 on separate actin strands,2025-10-08,3.1 Å,9qfe_G,9qfe_F,380.46 Å²,38,1.0,,https://bioinformatics.lt/ppi3d/site/interaction_details/single_sequence/rIiStfbc/1/null/13965418/2669099/96851207/2766651
1842,9qfe,Cryo-EM structure of the actin filament hetero-decorated by Coronin-1 and Cofilin-1 on separate actin strands,2025-10-08,3.1 Å,9qfe_F,9qfe_N,877.26 Å²,84,6.0,2.0,https://bioinformatics.lt/ppi3d/site/interaction_details/single_sequence/rIiStfbc/1/null/13965418/2669101/96851214/2766652
1847,9y9l,CP at the barbed end with one cofilin on second-to-last subunit,2026-03-04,3.1 Å,9y9l_C,9y9l_D,272.22 Å²,23,,,https://bioinformatics.lt/ppi3d/site/interaction_details/single_sequence/rIiStfbc/1/null/13965930/2759761/99884436/2829319
1848,9y9l,CP at the barbed end with one cofilin on second-to-last subunit,2026-03-04,3.1 Å,9y9l_C,9y9l_E,345.43 Å²,30,2.0,2.0,https://bioinformatics.lt/ppi3d/site/interaction_details/single_sequence/rIiStfbc/1/null/13965930/2759763/99884437/2829320
1849,9y9l,CP at the barbed end with one cofilin on second-to-last subunit,2026-03-04,3.1 Å,9y9l_C,9y9l_a,681.74 Å²,56,10.0,5.0,https://bioinformatics.lt/ppi3d/site/interaction_details/single_sequence/rIiStfbc/1/null/13965930/2759765/99884440/2829321
185,8iah,"Structure of mammalian spectrin-actin junctional complex of membrane skeleton, State I, Global map",2023-05-03,3.6 Å,8iah_L,8iah_3,506.07 Å²,43,,,https://bioinformatics.lt/ppi3d/site/interaction_details/single_sequence/rIiStfbc/1/null/13965320/1987568/72501695/2132015
1850,9y9l,CP at the barbed end with one cofilin on second-to-last subunit,2026-03-04,3.1 Å,9y9l_C,9y9l_c,1053.51 Å²,92,4.0,1.0,https://bioinformatics.lt/ppi3d/site/interaction_details/single_sequence/rIiStfbc/1/null/13965930/2759767/99884442/2829322
1855,9zbp,Helical Reconstruction of the Complex of Pseudo-Acetylated Human Cardiac Actin (K326/328Q) and Tropomyosin,2026-01-14,3.1 Å,9zbp_D,9zbp_E,421.17 Å²,36,3.0,2.0,https://bioinformatics.lt/ppi3d/site/interaction_details/single_sequence/rIiStfbc/1/null/13966442/2702527/99200408/2794015
1856,9zbp,Helical Reconstruction of the Complex of Pseudo-Acetylated Human Cardiac Actin (K326/328Q) and Tropomyosin,2026-01-14,3.1 Å,9zbp_D,9zbp_F,1174.30 Å²,98,6.0,3.0,https://bioinformatics.lt/ppi3d/site/interaction_details/single_sequence/rIiStfbc/1/null/13966442/2702529/99200409/2794016
1859,7aln,Cryo-EM structure of the divergent actomyosin complex from Plasmodium falciparum Myosin A in the Rigor state,2021-04-28,3.8 Å,7aln_E,7aln_D,1152.22 Å²,102,7.0,3.0,https://bioinformatics.lt/ppi3d/site/interaction_details/single_sequence/rIiStfbc/1/null/13966698/1476189/51175181/1539357
186,8iah,"Structure of mammalian spectrin-actin junctional complex of membrane skeleton, State I, Global map",2023-05-03,3.6 Å,8iah_L,8iah_4,759.03 Å²,71,3.0,1.0,https://bioinformatics.lt/ppi3d/site/interaction_details/single_sequence/rIiStfbc/1/null/13965320/1987576/72501726/2132019
1862,9qfe,Cryo-EM structure of the actin filament hetero-decorated by Coronin-1 and Cofilin-1 on separate actin strands,2025-10-08,3.1 Å,9qfe_F,9qfe_E,425.89 Å²,34,2.0,,https://bioinformatics.lt/ppi3d/site/interaction_details/single_sequence/rIiStfbc/1/null/13965419/2669087/96851198/2766645
1863,9qfe,Cryo-EM structure of the actin filament hetero-decorated by Coronin-1 and Cofilin-1 on separate actin strands,2025-10-08,3.1 Å,9qfe_E,9qfe_G,357.38 Å²,30,2.0,2.0,https://bioinformatics.lt/ppi3d/site/interaction_details/single_sequence/rIiStfbc/1/null/13965419/2669089/96851199/2766646
1864,9qfe,Cryo-EM structure of the actin filament hetero-decorated by Coronin-1 and Cofilin-1 on separate actin strands,2025-10-08,3.1 Å,9qfe_E,9qfe_J,684.96 Å²,57,10.0,4.0,https://bioinformatics.lt/ppi3d/site/interaction_details/single_sequence/rIiStfbc/1/null/13965419/2669091/96851202/2766647
1865,9qfe,Cryo-EM structure of the actin filament hetero-decorated by Coronin-1 and Cofilin-1 on separate actin strands,2025-10-08,3.1 Å,9qfe_E,9qfe_K,952.37 Å²,84,3.0,1.0,https://bioinformatics.lt/ppi3d/site/interaction_details/single_sequence/rIiStfbc/1/null/13965419/2669093/96851203/2766648
1866,9qfe,Cryo-EM structure of the actin filament hetero-decorated by Coronin-1 and Cofilin-1 on separate actin strands,2025-10-08,3.1 Å,9qfe_E,9qfe_M,393.87 Å²,41,4.0,,https://bioinformatics.lt/ppi3d/site/interaction_details/single_sequence/rIiStfbc/1/null/13965419/2669095/96851205/2766649
1867,9qfe,Cryo-EM structure of the actin filament hetero-decorated by Coronin-1 and Cofilin-1 on separate actin strands,2025-10-08,3.1 Å,9qfe_E,9qfe_N,128.35 Å²,14,1.0,,https://bioinformatics.lt/ppi3d/site/interaction_details/single_sequence/rIiStfbc/1/null/13965419/2669097/96851206/2766650
1870,8a2z,Cryo-EM structure of F-actin in the Ca2+-ADP nucleotide state.,2022-08-10,2.1 Å,8a2z_E,8a2z_D,406.27 Å²,33,4.0,,https://bioinformatics.lt/ppi3d/site/interaction_details/single_sequence/rIiStfbc/1/null/13965675/1802151/65617266/1938641
1872,9y9l,CP at the barbed end with one cofilin on second-to-last subunit,2026-03-04,3.1 Å,9y9l_C,9y9l_B,343.64 Å²,30,,,https://bioinformatics.lt/ppi3d/site/interaction_details/single_sequence/rIiStfbc/1/null/13965931/2759755/99884427/2829316
1873,9y9l,CP at the barbed end with one cofilin on second-to-last subunit,2026-03-04,3.1 Å,9y9l_B,9y9l_D,405.62 Å²,41,1.0,2.0,https://bioinformatics.lt/ppi3d/site/interaction_details/single_sequence/rIiStfbc/1/null/13965931/2759757/99884428/2829317
1874,9y9l,CP at the barbed end with one cofilin on second-to-last subunit,2026-03-04,3.1 Å,9y9l_B,9y9l_b,1060.02 Å²,90,4.0,,https://bioinformatics.lt/ppi3d/site/interaction_details/single_sequence/rIiStfbc/1/null/13965931/2759759/99884433/2829318
1879,9zbp,Helical Reconstruction of the Complex of Pseudo-Acetylated Human Cardiac Actin (K326/328Q) and Tropomyosin,2026-01-14,3.1 Å,9zbp_C,9zbp_D,419.49 Å²,35,3.0,2.0,https://bioinformatics.lt/ppi3d/site/interaction_details/single_sequence/rIiStfbc/1/null/13966443/2702523/99200401/2794013
1880,9zbp,Helical Reconstruction of the Complex of Pseudo-Acetylated Human Cardiac Actin (K326/328Q) and Tropomyosin,2026-01-14,3.1 Å,9zbp_C,9zbp_E,1183.28 Å²,97,7.0,4.0,https://bioinformatics.lt/ppi3d/site/interaction_details/single_sequence/rIiStfbc/1/null/13966443/2702525/99200402/2794014
1882,7aln,Cryo-EM structure of the divergent actomyosin complex from Plasmodium falciparum Myosin A in the Rigor state,2021-04-28,3.8 Å,7aln_C,7aln_E,520.29 Å²,47,2.0,1.0,https://bioinformatics.lt/ppi3d/site/interaction_details/single_sequence/rIiStfbc/1/null/13966699/1476185/51175179/1539355
1883,7aln,Cryo-EM structure of the divergent actomyosin complex from Plasmodium falciparum Myosin A in the Rigor state,2021-04-28,3.8 Å,7aln_C,7aln_F,448.19 Å²,38,3.0,,https://bioinformatics.lt/ppi3d/site/interaction_details/single_sequence/rIiStfbc/1/null/13966699/1476187/51175180/1539356
1886,9qfe,Cryo-EM structure of the actin filament hetero-decorated by Coronin-1 and Cofilin-1 on separate actin strands,2025-10-08,3.1 Å,9qfe_E,9qfe_D,404.47 Å²,34,1.0,,https://bioinformatics.lt/ppi3d/site/interaction_details/single_sequence/rIiStfbc/1/null/13965420/2669079/96851188/2766641
1887,9qfe,Cryo-EM structure of the actin filament hetero-decorated by Coronin-1 and Cofilin-1 on separate actin strands,2025-10-08,3.1 Å,9qfe_F,9qfe_D,1113.15 Å²,91,7.0,3.0,https://bioinformatics.lt/ppi3d/site/interaction_details/single_sequence/rIiStfbc/1/null/13965420/2669081/96851189/2766642
1888,9qfe,Cryo-EM structure of the actin filament hetero-decorated by Coronin-1 and Cofilin-1 on separate actin strands,2025-10-08,3.1 Å,9qfe_D,9qfe_M,818.91 Å²,73,3.0,2.0,https://bioinformatics.lt/ppi3d/site/interaction_details/single_sequence/rIiStfbc/1/null/13965420/2669083/96851196/2766643
1889,9qfe,Cryo-EM structure of the actin filament hetero-decorated by Coronin-1 and Cofilin-1 on separate actin strands,2025-10-08,3.1 Å,9qfe_D,9qfe_N,633.23 Å²,54,6.0,2.0,https://bioinformatics.lt/ppi3d/site/interaction_details/single_sequence/rIiStfbc/1/null/13965420/2669085/96851197/2766644
1892,8a2z,Cryo-EM structure of F-actin in the Ca2+-ADP nucleotide state.,2022-08-10,2.1 Å,8a2z_D,8a2z_B,1055.18 Å²,86,8.0,4.0,https://bioinformatics.lt/ppi3d/site/interaction_details/single_sequence/rIiStfbc/1/null/13965676/1802145/65617264/1938638
1893,9y9l,CP at the barbed end with one cofilin on second-to-last subunit,2026-03-04,3.1 Å,9y9l_B,9y9l_A,343.26 Å²,29,,,https://bioinformatics.lt/ppi3d/site/interaction_details/single_sequence/rIiStfbc/1/null/13965932/2759749/99884417/2829313
1894,9y9l,CP at the barbed end with one cofilin on second-to-last subunit,2026-03-04,3.1 Å,9y9l_A,9y9l_C,396.04 Å²,36,1.0,2.0,https://bioinformatics.lt/ppi3d/site/interaction_details/single_sequence/rIiStfbc/1/null/13965932/2759751/99884418/2829314
1895,9y9l,CP at the barbed end with one cofilin on second-to-last subunit,2026-03-04,3.1 Å,9y9l_A,9y9l_a,1071.46 Å²,93,3.0,1.0,https://bioinformatics.lt/ppi3d/site/interaction_details/single_sequence/rIiStfbc/1/null/13965932/2759753/99884423/2829315
19,9ug2,Severed and capped actin fragment by two G1G3 domains of gelsolin,2026-04-15,2.9 Å,9ug2_F,9ug2_B,464.54 Å²,42,4.0,2.0,https://bioinformatics.lt/ppi3d/site/interaction_details/single_sequence/rIiStfbc/1/null/13966592/2792568/100922619/2860212
1900,9zbp,Helical Reconstruction of the Complex of Pseudo-Acetylated Human Cardiac Actin (K326/328Q) and Tropomyosin,2026-01-14,3.1 Å,9zbp_B,9zbp_C,412.41 Å²,34,3.0,2.0,https://bioinformatics.lt/ppi3d/site/interaction_details/single_sequence/rIiStfbc/1/null/13966444/2702519/99200393/2794011
1901,9zbp,Helical Reconstruction of the Complex of Pseudo-Acetylated Human Cardiac Actin (K326/328Q) and Tropomyosin,2026-01-14,3.1 Å,9zbp_B,9zbp_D,1200.88 Å²,101,5.0,2.0,https://bioinformatics.lt/ppi3d/site/interaction_details/single_sequence/rIiStfbc/1/null/13966444/2702521/99200394/2794012
1903,7aln,Cryo-EM structure of the divergent actomyosin complex from Plasmodium falciparum Myosin A in the Rigor state,2021-04-28,3.8 Å,7aln_D,7aln_B,492.17 Å²,44,3.0,1.0,https://bioinformatics.lt/ppi3d/site/interaction_details/single_sequence/rIiStfbc/1/null/13966700/1476183/51175175/1539354
1906,9qfe,Cryo-EM structure of the actin filament hetero-decorated by Coronin-1 and Cofilin-1 on separate actin strands,2025-10-08,3.1 Å,9qfe_D,9qfe_C,396.32 Å²,32,3.0,,https://bioinformatics.lt/ppi3d/site/interaction_details/single_sequence/rIiStfbc/1/null/13965421/2669067/96851177/2766635
1907,9qfe,Cryo-EM structure of the actin filament hetero-decorated by Coronin-1 and Cofilin-1 on separate actin strands,2025-10-08,3.1 Å,9qfe_C,9qfe_E,343.93 Å²,32,2.0,2.0,https://bioinformatics.lt/ppi3d/site/interaction_details/single_sequence/rIiStfbc/1/null/13965421/2669069/96851178/2766636
1908,9qfe,Cryo-EM structure of the actin filament hetero-decorated by Coronin-1 and Cofilin-1 on separate actin strands,2025-10-08,3.1 Å,9qfe_C,9qfe_I,690.41 Å²,59,10.0,4.0,https://bioinformatics.lt/ppi3d/site/interaction_details/single_sequence/rIiStfbc/1/null/13965421/2669071/96851182/2766637
1909,9qfe,Cryo-EM structure of the actin filament hetero-decorated by Coronin-1 and Cofilin-1 on separate actin strands,2025-10-08,3.1 Å,9qfe_C,9qfe_J,967.30 Å²,86,2.0,2.0,https://bioinformatics.lt/ppi3d/site/interaction_details/single_sequence/rIiStfbc/1/null/13965421/2669073/96851183/2766638
191,9bph,CRYO-EM STRUCTURE OF CARDIAC MUSCLE ALPHA-ACTIN M305L HCM MUTANT,2025-05-14,3.1 Å,9bph_C,9bph_D,1152.91 Å²,89,1.0,3.0,https://bioinformatics.lt/ppi3d/site/interaction_details/single_sequence/rIiStfbc/1/null/13965576/2500283/94535973/2631223
1910,9qfe,Cryo-EM structure of the actin filament hetero-decorated by Coronin-1 and Cofilin-1 on separate actin strands,2025-10-08,3.1 Å,9qfe_C,9qfe_L,326.57 Å²,38,1.0,,https://bioinformatics.lt/ppi3d/site/interaction_details/single_sequence/rIiStfbc/1/null/13965421/2669075/96851185/2766639
1911,9qfe,Cryo-EM structure of the actin filament hetero-decorated by Coronin-1 and Cofilin-1 on separate actin strands,2025-10-08,3.1 Å,9qfe_C,9qfe_M,207.66 Å²,18,2.0,1.0,https://bioinformatics.lt/ppi3d/site/interaction_details/single_sequence/rIiStfbc/1/null/13965421/2669077/96851186/2766640
1913,8a2z,Cryo-EM structure of F-actin in the Ca2+-ADP nucleotide state.,2022-08-10,2.1 Å,8a2z_B,8a2z_A,435.97 Å²,34,4.0,,https://bioinformatics.lt/ppi3d/site/interaction_details/single_sequence/rIiStfbc/1/null/13965677/1802139/65617261/1938635
1916,9y9j,Two CAP-1 Bound to the Pointed End of Cofilin F-actin,2026-03-04,3.6 Å,9y9j_E,9y9j_c,678.11 Å²,59,10.0,5.0,https://bioinformatics.lt/ppi3d/site/interaction_details/single_sequence/rIiStfbc/1/null/13965933/2759745/99884393/2829311
1917,9y9j,Two CAP-1 Bound to the Pointed End of Cofilin F-actin,2026-03-04,3.6 Å,9y9j_E,9y9j_e,1091.07 Å²,93,4.0,,https://bioinformatics.lt/ppi3d/site/interaction_details/single_sequence/rIiStfbc/1/null/13965933/2759747/99884395/2829312
1921,9zbp,Helical Reconstruction of the Complex of Pseudo-Acetylated Human Cardiac Actin (K326/328Q) and Tropomyosin,2026-01-14,3.1 Å,9zbp_A,9zbp_B,409.75 Å²,35,3.0,2.0,https://bioinformatics.lt/ppi3d/site/interaction_details/single_sequence/rIiStfbc/1/null/13966445/2702515/99200384/2794009
1922,9zbp,Helical Reconstruction of the Complex of Pseudo-Acetylated Human Cardiac Actin (K326/328Q) and Tropomyosin,2026-01-14,3.1 Å,9zbp_A,9zbp_C,1182.51 Å²,97,5.0,4.0,https://bioinformatics.lt/ppi3d/site/interaction_details/single_sequence/rIiStfbc/1/null/13966445/2702517/99200385/2794010
1923,7aln,Cryo-EM structure of the divergent actomyosin complex from Plasmodium falciparum Myosin A in the Rigor state,2021-04-28,3.8 Å,7aln_A,7aln_B,1162.88 Å²,102,7.0,3.0,https://bioinformatics.lt/ppi3d/site/interaction_details/single_sequence/rIiStfbc/1/null/13966701/1476173/51175169/1539349
1924,7aln,Cryo-EM structure of the divergent actomyosin complex from Plasmodium falciparum Myosin A in the Rigor state,2021-04-28,3.8 Å,7aln_C,7aln_A,1159.35 Å²,101,7.0,3.0,https://bioinformatics.lt/ppi3d/site/interaction_details/single_sequence/rIiStfbc/1/null/13966701/1476175/51175170/1539350
1925,7aln,Cryo-EM structure of the divergent actomyosin complex from Plasmodium falciparum Myosin A in the Rigor state,2021-04-28,3.8 Å,7aln_A,7aln_D,486.37 Å²,46,2.0,1.0,https://bioinformatics.lt/ppi3d/site/interaction_details/single_sequence/rIiStfbc/1/null/13966701/1476177/51175171/1539351
1926,7aln,Cryo-EM structure of the divergent actomyosin complex from Plasmodium falciparum Myosin A in the Rigor state,2021-04-28,3.8 Å,7aln_E,7aln_A,512.96 Å²,46,2.0,1.0,https://bioinformatics.lt/ppi3d/site/interaction_details/single_sequence/rIiStfbc/1/null/13966701/1476179/51175172/1539352
1927,7aln,Cryo-EM structure of the divergent actomyosin complex from Plasmodium falciparum Myosin A in the Rigor state,2021-04-28,3.8 Å,7aln_A,7aln_F,1138.13 Å²,105,9.0,2.0,https://bioinformatics.lt/ppi3d/site/interaction_details/single_sequence/rIiStfbc/1/null/13966701/1476181/51175173/1539353
1929,9qfe,Cryo-EM structure of the actin filament hetero-decorated by Coronin-1 and Cofilin-1 on separate actin strands,2025-10-08,3.1 Å,9qfe_C,9qfe_B,406.12 Å²,35,2.0,,https://bioinformatics.lt/ppi3d/site/interaction_details/single_sequence/rIiStfbc/1/null/13965422/2669059/96851165/2766631
1930,9qfe,Cryo-EM structure of the actin filament hetero-decorated by Coronin-1 and Cofilin-1 on separate actin strands,2025-10-08,3.1 Å,9qfe_D,9qfe_B,1113.19 Å²,87,6.0,3.0,https://bioinformatics.lt/ppi3d/site/interaction_details/single_sequence/rIiStfbc/1/null/13965422/2669061/96851166/2766632
1931,9qfe,Cryo-EM structure of the actin filament hetero-decorated by Coronin-1 and Cofilin-1 on separate actin strands,2025-10-08,3.1 Å,9qfe_B,9qfe_L,764.33 Å²,69,2.0,2.0,https://bioinformatics.lt/ppi3d/site/interaction_details/single_sequence/rIiStfbc/1/null/13965422/2669063/96851174/2766633
1932,9qfe,Cryo-EM structure of the actin filament hetero-decorated by Coronin-1 and Cofilin-1 on separate actin strands,2025-10-08,3.1 Å,9qfe_B,9qfe_M,670.48 Å²,58,4.0,1.0,https://bioinformatics.lt/ppi3d/site/interaction_details/single_sequence/rIiStfbc/1/null/13965422/2669065/96851175/2766634
1933,8a2z,Cryo-EM structure of F-actin in the Ca2+-ADP nucleotide state.,2022-08-10,2.1 Å,8a2z_C,8a2z_A,1049.06 Å²,85,8.0,4.0,https://bioinformatics.lt/ppi3d/site/interaction_details/single_sequence/rIiStfbc/1/null/13965678/1802142/65617257/1938636
1934,8a2z,Cryo-EM structure of F-actin in the Ca2+-ADP nucleotide state.,2022-08-10,2.1 Å,8a2z_C,8a2z_B,425.24 Å²,34,4.0,,https://bioinformatics.lt/ppi3d/site/interaction_details/single_sequence/rIiStfbc/1/null/13965678/1802144/65617258/1938637
1935,8a2z,Cryo-EM structure of F-actin in the Ca2+-ADP nucleotide state.,2022-08-10,2.1 Å,8a2z_D,8a2z_C,413.68 Å²,33,4.0,,https://bioinformatics.lt/ppi3d/site/interaction_details/single_sequence/rIiStfbc/1/null/13965678/1802147/65617259/1938639
1936,8a2z,Cryo-EM structure of F-actin in the Ca2+-ADP nucleotide state.,2022-08-10,2.1 Å,8a2z_E,8a2z_C,1059.36 Å²,86,7.0,4.0,https://bioinformatics.lt/ppi3d/site/interaction_details/single_sequence/rIiStfbc/1/null/13965678/1802149/65617260/1938640
1939,9y9j,Two CAP-1 Bound to the Pointed End of Cofilin F-actin,2026-03-04,3.6 Å,9y9j_E,9y9j_D,341.23 Å²,28,,,https://bioinformatics.lt/ppi3d/site/interaction_details/single_sequence/rIiStfbc/1/null/13965934/2759739/99884381/2829308
1940,9y9j,Two CAP-1 Bound to the Pointed End of Cofilin F-actin,2026-03-04,3.6 Å,9y9j_D,9y9j_b,688.83 Å²,58,11.0,6.0,https://bioinformatics.lt/ppi3d/site/interaction_details/single_sequence/rIiStfbc/1/null/13965934/2759741/99884385/2829309
1941,9y9j,Two CAP-1 Bound to the Pointed End of Cofilin F-actin,2026-03-04,3.6 Å,9y9j_D,9y9j_d,1092.66 Å²,92,5.0,,https://bioinformatics.lt/ppi3d/site/interaction_details/single_sequence/rIiStfbc/1/null/13965934/2759743/99884387/2829310
1944,7r94,T-Plastin-F-actin complex,2022-07-06,2.6 Å,7r94_E,7r94_G,367.28 Å²,30,2.0,,https://bioinformatics.lt/ppi3d/site/interaction_details/single_sequence/rIiStfbc/1/null/13966190/1791747/65526028/1930725
1947,9qfe,Cryo-EM structure of the actin filament hetero-decorated by Coronin-1 and Cofilin-1 on separate actin strands,2025-10-08,3.1 Å,9qfe_B,9qfe_A,468.55 Å²,39,3.0,,https://bioinformatics.lt/ppi3d/site/interaction_details/single_sequence/rIiStfbc/1/null/13965423/2669049/96851152/2766626
1948,9qfe,Cryo-EM structure of the actin filament hetero-decorated by Coronin-1 and Cofilin-1 on separate actin strands,2025-10-08,3.1 Å,9qfe_A,9qfe_C,356.78 Å²,33,2.0,2.0,https://bioinformatics.lt/ppi3d/site/interaction_details/single_sequence/rIiStfbc/1/null/13965423/2669051/96851153/2766627
1949,9qfe,Cryo-EM structure of the actin filament hetero-decorated by Coronin-1 and Cofilin-1 on separate actin strands,2025-10-08,3.1 Å,9qfe_A,9qfe_H,678.48 Å²,58,7.0,3.0,https://bioinformatics.lt/ppi3d/site/interaction_details/single_sequence/rIiStfbc/1/null/13965423/2669053/96851158/2766628
195,8c4c,F-actin decorated by SipA497-669,2024-01-17,2.7 Å,8c4c_H,8c4c_G,405.15 Å²,36,3.0,,https://bioinformatics.lt/ppi3d/site/interaction_details/single_sequence/rIiStfbc/1/null/13966088/2144615/75903797/2262558
1950,9qfe,Cryo-EM structure of the actin filament hetero-decorated by Coronin-1 and Cofilin-1 on separate actin strands,2025-10-08,3.1 Å,9qfe_A,9qfe_I,1025.95 Å²,88,4.0,4.0,https://bioinformatics.lt/ppi3d/site/interaction_details/single_sequence/rIiStfbc/1/null/13965423/2669055/96851159/2766629
1951,9qfe,Cryo-EM structure of the actin filament hetero-decorated by Coronin-1 and Cofilin-1 on separate actin strands,2025-10-08,3.1 Å,9qfe_A,9qfe_L,165.04 Å²,15,1.0,1.0,https://bioinformatics.lt/ppi3d/site/interaction_details/single_sequence/rIiStfbc/1/null/13965423/2669057/96851162/2766630
1956,9y9j,Two CAP-1 Bound to the Pointed End of Cofilin F-actin,2026-03-04,3.6 Å,9y9j_D,9y9j_C,358.63 Å²,29,,,https://bioinformatics.lt/ppi3d/site/interaction_details/single_sequence/rIiStfbc/1/null/13965935/2759731/99884372/2829304
1957,9y9j,Two CAP-1 Bound to the Pointed End of Cofilin F-actin,2026-03-04,3.6 Å,9y9j_C,9y9j_E,408.60 Å²,35,2.0,2.0,https://bioinformatics.lt/ppi3d/site/interaction_details/single_sequence/rIiStfbc/1/null/13965935/2759733/99884373/2829305
1958,9y9j,Two CAP-1 Bound to the Pointed End of Cofilin F-actin,2026-03-04,3.6 Å,9y9j_C,9y9j_a,659.62 Å²,56,10.0,6.0,https://bioinformatics.lt/ppi3d/site/interaction_details/single_sequence/rIiStfbc/1/null/13965935/2759735/99884376/2829306
1959,9y9j,Two CAP-1 Bound to the Pointed End of Cofilin F-actin,2026-03-04,3.6 Å,9y9j_C,9y9j_c,1075.52 Å²,91,4.0,,https://bioinformatics.lt/ppi3d/site/interaction_details/single_sequence/rIiStfbc/1/null/13965935/2759737/99884378/2829307
196,8c4c,F-actin decorated by SipA497-669,2024-01-17,2.7 Å,8c4c_G,8c4c_K,144.90 Å²,17,,,https://bioinformatics.lt/ppi3d/site/interaction_details/single_sequence/rIiStfbc/1/null/13966088/2144617/75903798/2262559
1962,7r94,T-Plastin-F-actin complex,2022-07-06,2.6 Å,7r94_D,7r94_E,392.05 Å²,30,4.0,,https://bioinformatics.lt/ppi3d/site/interaction_details/single_sequence/rIiStfbc/1/null/13966191/1791743/65526023/1930723
1963,7r94,T-Plastin-F-actin complex,2022-07-06,2.6 Å,7r94_D,7r94_H,371.53 Å²,34,1.0,,https://bioinformatics.lt/ppi3d/site/interaction_details/single_sequence/rIiStfbc/1/null/13966191/1791745/65526026/1930724
1968,9qfd,Cryo-EM structure of the fully cofilin-1-decorated actin filament (cofilactin),2025-10-08,2.6 Å,9qfd_G,9qfd_N,694.11 Å²,59,12.0,4.0,https://bioinformatics.lt/ppi3d/site/interaction_details/single_sequence/rIiStfbc/1/null/13965424/2669047/96851130/2766625
197,8c4c,F-actin decorated by SipA497-669,2024-01-17,2.7 Å,8c4c_G,8c4c_L,779.08 Å²,65,6.0,3.0,https://bioinformatics.lt/ppi3d/site/interaction_details/single_sequence/rIiStfbc/1/null/13966088/2144619/75903799/2262560
1971,8a2y,Cryo-EM structure of F-actin in the Ca2+-ADP-Pi nucleotide state.,2022-08-10,2.1 Å,8a2y_E,8a2y_D,380.73 Å²,38,3.0,1.0,https://bioinformatics.lt/ppi3d/site/interaction_details/single_sequence/rIiStfbc/1/null/13965680/1802137/65617256/1938634
1973,9y9j,Two CAP-1 Bound to the Pointed End of Cofilin F-actin,2026-03-04,3.6 Å,9y9j_B,9y9j_C,299.97 Å²,23,,,https://bioinformatics.lt/ppi3d/site/interaction_details/single_sequence/rIiStfbc/1/null/13965936/2759723/99884362/2829300
1974,9y9j,Two CAP-1 Bound to the Pointed End of Cofilin F-actin,2026-03-04,3.6 Å,9y9j_B,9y9j_D,404.92 Å²,34,2.0,2.0,https://bioinformatics.lt/ppi3d/site/interaction_details/single_sequence/rIiStfbc/1/null/13965936/2759725/99884363/2829301
1975,9y9j,Two CAP-1 Bound to the Pointed End of Cofilin F-actin,2026-03-04,3.6 Å,9y9j_B,9y9j_X,911.67 Å²,76,6.0,6.0,https://bioinformatics.lt/ppi3d/site/interaction_details/single_sequence/rIiStfbc/1/null/13965936/2759727/99884366/2829302
1976,9y9j,Two CAP-1 Bound to the Pointed End of Cofilin F-actin,2026-03-04,3.6 Å,9y9j_B,9y9j_b,1080.05 Å²,90,4.0,,https://bioinformatics.lt/ppi3d/site/interaction_details/single_sequence/rIiStfbc/1/null/13965936/2759729/99884368/2829303
1979,7r94,T-Plastin-F-actin complex,2022-07-06,2.6 Å,7r94_A,7r94_F,812.52 Å²,71,6.0,2.0,https://bioinformatics.lt/ppi3d/site/interaction_details/single_sequence/rIiStfbc/1/null/13966192/1791727/65526020/1930715
1982,9yim,Capping protein bound to the barbed end of F-actin,2026-03-04,2.6 Å,9yim_E,9yim_Y,363.54 Å²,33,3.0,1.0,https://bioinformatics.lt/ppi3d/site/interaction_details/single_sequence/rIiStfbc/1/null/13966448/2759871/99884583/2829374
1983,9yim,Capping protein bound to the barbed end of F-actin,2026-03-04,2.6 Å,9yim_E,9yim_Z,1076.32 Å²,83,4.0,2.0,https://bioinformatics.lt/ppi3d/site/interaction_details/single_sequence/rIiStfbc/1/null/13966448/2759873/99884584/2829375
1987,9qfd,Cryo-EM structure of the fully cofilin-1-decorated actin filament (cofilactin),2025-10-08,2.6 Å,9qfd_G,9qfd_F,392.56 Å²,35,2.0,,https://bioinformatics.lt/ppi3d/site/interaction_details/single_sequence/rIiStfbc/1/null/13965425/2669043/96851116/2766623
1988,9qfd,Cryo-EM structure of the fully cofilin-1-decorated actin filament (cofilactin),2025-10-08,2.6 Å,9qfd_F,9qfd_M,699.57 Å²,57,10.0,4.0,https://bioinformatics.lt/ppi3d/site/interaction_details/single_sequence/rIiStfbc/1/null/13965425/2669045/96851122/2766624
1991,8a2y,Cryo-EM structure of F-actin in the Ca2+-ADP-Pi nucleotide state.,2022-08-10,2.1 Å,8a2y_D,8a2y_B,1121.47 Å²,90,9.0,4.0,https://bioinformatics.lt/ppi3d/site/interaction_details/single_sequence/rIiStfbc/1/null/13965681/1802131/65617254/1938631
1992,9y9j,Two CAP-1 Bound to the Pointed End of Cofilin F-actin,2026-03-04,3.6 Å,9y9j_A,9y9j_B,188.80 Å²,16,,,https://bioinformatics.lt/ppi3d/site/interaction_details/single_sequence/rIiStfbc/1/null/13965937/2759713/99884351/2829295
1993,9y9j,Two CAP-1 Bound to the Pointed End of Cofilin F-actin,2026-03-04,3.6 Å,9y9j_A,9y9j_C,380.87 Å²,31,2.0,3.0,https://bioinformatics.lt/ppi3d/site/interaction_details/single_sequence/rIiStfbc/1/null/13965937/2759715/99884352/2829296
1994,9y9j,Two CAP-1 Bound to the Pointed End of Cofilin F-actin,2026-03-04,3.6 Å,9y9j_A,9y9j_W,966.95 Å²,79,6.0,5.0,https://bioinformatics.lt/ppi3d/site/interaction_details/single_sequence/rIiStfbc/1/null/13965937/2759717/99884355/2829297
1995,9y9j,Two CAP-1 Bound to the Pointed End of Cofilin F-actin,2026-03-04,3.6 Å,9y9j_A,9y9j_X,156.05 Å²,12,1.0,,https://bioinformatics.lt/ppi3d/site/interaction_details/single_sequence/rIiStfbc/1/null/13965937/2759719/99884356/2829298
1996,9y9j,Two CAP-1 Bound to the Pointed End of Cofilin F-actin,2026-03-04,3.6 Å,9y9j_A,9y9j_a,1081.47 Å²,93,4.0,1.0,https://bioinformatics.lt/ppi3d/site/interaction_details/single_sequence/rIiStfbc/1/null/13965937/2759721/99884357/2829299
1998,7r94,T-Plastin-F-actin complex,2022-07-06,2.6 Å,7r94_A,7r94_B,399.45 Å²,33,3.0,,https://bioinformatics.lt/ppi3d/site/interaction_details/single_sequence/rIiStfbc/1/null/13966193/1791724/65526012/1930713
1999,7r94,T-Plastin-F-actin complex,2022-07-06,2.6 Å,7r94_B,7r94_D,1136.44 Å²,90,6.0,4.0,https://bioinformatics.lt/ppi3d/site/interaction_details/single_sequence/rIiStfbc/1/null/13966193/1791731/65526013/1930717
2000,7r94,T-Plastin-F-actin complex,2022-07-06,2.6 Å,7r94_B,7r94_H,843.40 Å²,73,5.0,2.0,https://bioinformatics.lt/ppi3d/site/interaction_details/single_sequence/rIiStfbc/1/null/13966193/1791733/65526017/1930718
2003,9yim,Capping protein bound to the barbed end of F-actin,2026-03-04,2.6 Å,9yim_E,9yim_D,444.26 Å²,36,3.0,1.0,https://bioinformatics.lt/ppi3d/site/interaction_details/single_sequence/rIiStfbc/1/null/13966449/2759865/99884580/2829371
2004,9yim,Capping protein bound to the barbed end of F-actin,2026-03-04,2.6 Å,9yim_D,9yim_Y,983.89 Å²,74,5.0,4.0,https://bioinformatics.lt/ppi3d/site/interaction_details/single_sequence/rIiStfbc/1/null/13966449/2759867/99884581/2829372
2005,9yim,Capping protein bound to the barbed end of F-actin,2026-03-04,2.6 Å,9yim_D,9yim_Z,130.58 Å²,9,,1.0,https://bioinformatics.lt/ppi3d/site/interaction_details/single_sequence/rIiStfbc/1/null/13966449/2759869/99884582/2829373
2009,9qfd,Cryo-EM structure of the fully cofilin-1-decorated actin filament (cofilactin),2025-10-08,2.6 Å,9qfd_F,9qfd_E,400.78 Å²,37,3.0,,https://bioinformatics.lt/ppi3d/site/interaction_details/single_sequence/rIiStfbc/1/null/13965426/2669035/96851107/2766619
2010,9qfd,Cryo-EM structure of the fully cofilin-1-decorated actin filament (cofilactin),2025-10-08,2.6 Å,9qfd_E,9qfd_G,343.39 Å²,34,3.0,1.0,https://bioinformatics.lt/ppi3d/site/interaction_details/single_sequence/rIiStfbc/1/null/13965426/2669037/96851108/2766620
2011,9qfd,Cryo-EM structure of the fully cofilin-1-decorated actin filament (cofilactin),2025-10-08,2.6 Å,9qfd_E,9qfd_L,696.41 Å²,58,10.0,4.0,https://bioinformatics.lt/ppi3d/site/interaction_details/single_sequence/rIiStfbc/1/null/13965426/2669039/96851113/2766621
2012,9qfd,Cryo-EM structure of the fully cofilin-1-decorated actin filament (cofilactin),2025-10-08,2.6 Å,9qfd_E,9qfd_N,1029.23 Å²,94,3.0,3.0,https://bioinformatics.lt/ppi3d/site/interaction_details/single_sequence/rIiStfbc/1/null/13965426/2669041/96851115/2766622
2014,8a2y,Cryo-EM structure of F-actin in the Ca2+-ADP-Pi nucleotide state.,2022-08-10,2.1 Å,8a2y_B,8a2y_A,417.29 Å²,41,3.0,1.0,https://bioinformatics.lt/ppi3d/site/interaction_details/single_sequence/rIiStfbc/1/null/13965682/1802125/65617251/1938628
2017,9y52,One CAP-1 Bound to the Pointed End of Cofilin F-actin,2026-03-04,3.5 Å,9y52_E,9y52_c,716.51 Å²,61,10.0,5.0,https://bioinformatics.lt/ppi3d/site/interaction_details/single_sequence/rIiStfbc/1/null/13965938/2759709/99884333/2829293
2018,9y52,One CAP-1 Bound to the Pointed End of Cofilin F-actin,2026-03-04,3.5 Å,9y52_E,9y52_e,1121.05 Å²,95,5.0,2.0,https://bioinformatics.lt/ppi3d/site/interaction_details/single_sequence/rIiStfbc/1/null/13965938/2759711/99884335/2829294
2019,7r94,T-Plastin-F-actin complex,2022-07-06,2.6 Å,7r94_B,7r94_C,386.81 Å²,30,4.0,,https://bioinformatics.lt/ppi3d/site/interaction_details/single_sequence/rIiStfbc/1/null/13966194/1791730/65526005/1930716
202,8iah,"Structure of mammalian spectrin-actin junctional complex of membrane skeleton, State I, Global map",2023-05-03,3.6 Å,8iah_K,8iah_1,710.96 Å²,65,6.0,,https://bioinformatics.lt/ppi3d/site/interaction_details/single_sequence/rIiStfbc/1/null/13965321/1987548/72501629/2132005
2020,7r94,T-Plastin-F-actin complex,2022-07-06,2.6 Å,7r94_A,7r94_C,1143.36 Å²,92,6.0,3.0,https://bioinformatics.lt/ppi3d/site/interaction_details/single_sequence/rIiStfbc/1/null/13966194/1791726/65526006/1930714
2021,7r94,T-Plastin-F-actin complex,2022-07-06,2.6 Å,7r94_C,7r94_D,385.90 Å²,32,4.0,,https://bioinformatics.lt/ppi3d/site/interaction_details/single_sequence/rIiStfbc/1/null/13966194/1791735/65526007/1930719
2022,7r94,T-Plastin-F-actin complex,2022-07-06,2.6 Å,7r94_C,7r94_E,1141.43 Å²,93,7.0,4.0,https://bioinformatics.lt/ppi3d/site/interaction_details/single_sequence/rIiStfbc/1/null/13966194/1791737/65526008/1930720
2023,7r94,T-Plastin-F-actin complex,2022-07-06,2.6 Å,7r94_C,7r94_F,371.46 Å²,34,2.0,,https://bioinformatics.lt/ppi3d/site/interaction_details/single_sequence/rIiStfbc/1/null/13966194/1791739/65526009/1930721
2024,7r94,T-Plastin-F-actin complex,2022-07-06,2.6 Å,7r94_C,7r94_G,832.87 Å²,76,5.0,2.0,https://bioinformatics.lt/ppi3d/site/interaction_details/single_sequence/rIiStfbc/1/null/13966194/1791741/65526010/1930722
2027,9yim,Capping protein bound to the barbed end of F-actin,2026-03-04,2.6 Å,9yim_D,9yim_C,414.09 Å²,35,2.0,1.0,https://bioinformatics.lt/ppi3d/site/interaction_details/single_sequence/rIiStfbc/1/null/13966450/2759861/99884576/2829369
2028,9yim,Capping protein bound to the barbed end of F-actin,2026-03-04,2.6 Å,9yim_E,9yim_C,1205.63 Å²,98,6.0,4.0,https://bioinformatics.lt/ppi3d/site/interaction_details/single_sequence/rIiStfbc/1/null/13966450/2759863/99884577/2829370
203,8iah,"Structure of mammalian spectrin-actin junctional complex of membrane skeleton, State I, Global map",2023-05-03,3.6 Å,8iah_K,8iah_3,997.42 Å²,94,7.0,1.0,https://bioinformatics.lt/ppi3d/site/interaction_details/single_sequence/rIiStfbc/1/null/13965321/1987566/72501694/2132014
2032,9qfd,Cryo-EM structure of the fully cofilin-1-decorated actin filament (cofilactin),2025-10-08,2.6 Å,9qfd_E,9qfd_D,389.00 Å²,35,3.0,,https://bioinformatics.lt/ppi3d/site/interaction_details/single_sequence/rIiStfbc/1/null/13965427/2669027/96851097/2766615
2033,9qfd,Cryo-EM structure of the fully cofilin-1-decorated actin filament (cofilactin),2025-10-08,2.6 Å,9qfd_D,9qfd_F,343.38 Å²,31,2.0,1.0,https://bioinformatics.lt/ppi3d/site/interaction_details/single_sequence/rIiStfbc/1/null/13965427/2669029/96851098/2766616
2034,9qfd,Cryo-EM structure of the fully cofilin-1-decorated actin filament (cofilactin),2025-10-08,2.6 Å,9qfd_D,9qfd_K,706.32 Å²,59,9.0,4.0,https://bioinformatics.lt/ppi3d/site/interaction_details/single_sequence/rIiStfbc/1/null/13965427/2669031/96851103/2766617
2035,9qfd,Cryo-EM structure of the fully cofilin-1-decorated actin filament (cofilactin),2025-10-08,2.6 Å,9qfd_D,9qfd_M,1019.34 Å²,94,3.0,3.0,https://bioinformatics.lt/ppi3d/site/interaction_details/single_sequence/rIiStfbc/1/null/13965427/2669033/96851105/2766618
2036,8a2y,Cryo-EM structure of F-actin in the Ca2+-ADP-Pi nucleotide state.,2022-08-10,2.1 Å,8a2y_C,8a2y_A,1127.65 Å²,90,9.0,4.0,https://bioinformatics.lt/ppi3d/site/interaction_details/single_sequence/rIiStfbc/1/null/13965683/1802128/65617247/1938629
2037,8a2y,Cryo-EM structure of F-actin in the Ca2+-ADP-Pi nucleotide state.,2022-08-10,2.1 Å,8a2y_C,8a2y_B,415.56 Å²,41,3.0,1.0,https://bioinformatics.lt/ppi3d/site/interaction_details/single_sequence/rIiStfbc/1/null/13965683/1802130/65617248/1938630
2038,8a2y,Cryo-EM structure of F-actin in the Ca2+-ADP-Pi nucleotide state.,2022-08-10,2.1 Å,8a2y_D,8a2y_C,396.07 Å²,40,3.0,1.0,https://bioinformatics.lt/ppi3d/site/interaction_details/single_sequence/rIiStfbc/1/null/13965683/1802133/65617249/1938632
2039,8a2y,Cryo-EM structure of F-actin in the Ca2+-ADP-Pi nucleotide state.,2022-08-10,2.1 Å,8a2y_E,8a2y_C,1140.70 Å²,91,9.0,4.0,https://bioinformatics.lt/ppi3d/site/interaction_details/single_sequence/rIiStfbc/1/null/13965683/1802135/65617250/1938633
204,8iah,"Structure of mammalian spectrin-actin junctional complex of membrane skeleton, State I, Global map",2023-05-03,3.6 Å,8iah_K,8iah_9,1403.04 Å²,106,5.0,2.0,https://bioinformatics.lt/ppi3d/site/interaction_details/single_sequence/rIiStfbc/1/null/13965321/1987646/72501865/2132054
2042,9y52,One CAP-1 Bound to the Pointed End of Cofilin F-actin,2026-03-04,3.5 Å,9y52_E,9y52_D,392.61 Å²,31,1.0,,https://bioinformatics.lt/ppi3d/site/interaction_details/single_sequence/rIiStfbc/1/null/13965939/2759703/99884323/2829290
2043,9y52,One CAP-1 Bound to the Pointed End of Cofilin F-actin,2026-03-04,3.5 Å,9y52_D,9y52_b,730.83 Å²,61,10.0,6.0,https://bioinformatics.lt/ppi3d/site/interaction_details/single_sequence/rIiStfbc/1/null/13965939/2759705/99884326/2829291
2044,9y52,One CAP-1 Bound to the Pointed End of Cofilin F-actin,2026-03-04,3.5 Å,9y52_D,9y52_d,1116.25 Å²,95,5.0,,https://bioinformatics.lt/ppi3d/site/interaction_details/single_sequence/rIiStfbc/1/null/13965939/2759707/99884328/2829292
2048,9yim,Capping protein bound to the barbed end of F-actin,2026-03-04,2.6 Å,9yim_C,9yim_B,464.97 Å²,38,3.0,2.0,https://bioinformatics.lt/ppi3d/site/interaction_details/single_sequence/rIiStfbc/1/null/13966451/2759857/99884571/2829367
2049,9yim,Capping protein bound to the barbed end of F-actin,2026-03-04,2.6 Å,9yim_D,9yim_B,1232.37 Å²,98,8.0,4.0,https://bioinformatics.lt/ppi3d/site/interaction_details/single_sequence/rIiStfbc/1/null/13966451/2759859/99884572/2829368
2053,9qfd,Cryo-EM structure of the fully cofilin-1-decorated actin filament (cofilactin),2025-10-08,2.6 Å,9qfd_D,9qfd_C,389.48 Å²,34,1.0,,https://bioinformatics.lt/ppi3d/site/interaction_details/single_sequence/rIiStfbc/1/null/13965428/2669019/96851086/2766611
2054,9qfd,Cryo-EM structure of the fully cofilin-1-decorated actin filament (cofilactin),2025-10-08,2.6 Å,9qfd_C,9qfd_E,340.58 Å²,32,3.0,1.0,https://bioinformatics.lt/ppi3d/site/interaction_details/single_sequence/rIiStfbc/1/null/13965428/2669021/96851087/2766612
2055,9qfd,Cryo-EM structure of the fully cofilin-1-decorated actin filament (cofilactin),2025-10-08,2.6 Å,9qfd_C,9qfd_J,699.66 Å²,58,11.0,4.0,https://bioinformatics.lt/ppi3d/site/interaction_details/single_sequence/rIiStfbc/1/null/13965428/2669023/96851092/2766613
2056,9qfd,Cryo-EM structure of the fully cofilin-1-decorated actin filament (cofilactin),2025-10-08,2.6 Å,9qfd_C,9qfd_L,1038.97 Å²,94,4.0,2.0,https://bioinformatics.lt/ppi3d/site/interaction_details/single_sequence/rIiStfbc/1/null/13965428/2669025/96851094/2766614
2061,9y52,One CAP-1 Bound to the Pointed End of Cofilin F-actin,2026-03-04,3.5 Å,9y52_D,9y52_C,367.65 Å²,30,,,https://bioinformatics.lt/ppi3d/site/interaction_details/single_sequence/rIiStfbc/1/null/13965940/2759695/99884315/2829286
2062,9y52,One CAP-1 Bound to the Pointed End of Cofilin F-actin,2026-03-04,3.5 Å,9y52_C,9y52_E,426.20 Å²,39,3.0,3.0,https://bioinformatics.lt/ppi3d/site/interaction_details/single_sequence/rIiStfbc/1/null/13965940/2759697/99884316/2829287
2063,9y52,One CAP-1 Bound to the Pointed End of Cofilin F-actin,2026-03-04,3.5 Å,9y52_C,9y52_a,705.02 Å²,58,9.0,4.0,https://bioinformatics.lt/ppi3d/site/interaction_details/single_sequence/rIiStfbc/1/null/13965940/2759699/99884318/2829288
2064,9y52,One CAP-1 Bound to the Pointed End of Cofilin F-actin,2026-03-04,3.5 Å,9y52_C,9y52_c,1112.48 Å²,96,5.0,1.0,https://bioinformatics.lt/ppi3d/site/interaction_details/single_sequence/rIiStfbc/1/null/13965940/2759701/99884320/2829289
2068,7z7i,Structure of ADP-ribosylated F-actin,2022-06-29,3.5 Å,7z7i_A,7z7i_C,1035.37 Å²,89,5.0,4.0,https://bioinformatics.lt/ppi3d/site/interaction_details/single_sequence/rIiStfbc/1/null/13966196/1790292/65523664/1929976
2069,9yim,Capping protein bound to the barbed end of F-actin,2026-03-04,2.6 Å,9yim_B,9yim_A,468.13 Å²,39,2.0,2.0,https://bioinformatics.lt/ppi3d/site/interaction_details/single_sequence/rIiStfbc/1/null/13966452/2759853/99884565/2829365
207,8iah,"Structure of mammalian spectrin-actin junctional complex of membrane skeleton, State I, Global map",2023-05-03,3.6 Å,8iah_L,8iah_K,408.61 Å²,33,2.0,1.0,https://bioinformatics.lt/ppi3d/site/interaction_details/single_sequence/rIiStfbc/1/null/13965321/1987733/72502086/2132098
2070,9yim,Capping protein bound to the barbed end of F-actin,2026-03-04,2.6 Å,9yim_C,9yim_A,1221.25 Å²,100,6.0,4.0,https://bioinformatics.lt/ppi3d/site/interaction_details/single_sequence/rIiStfbc/1/null/13966452/2759855/99884566/2829366
2073,9qfd,Cryo-EM structure of the fully cofilin-1-decorated actin filament (cofilactin),2025-10-08,2.6 Å,9qfd_C,9qfd_B,383.77 Å²,34,2.0,,https://bioinformatics.lt/ppi3d/site/interaction_details/single_sequence/rIiStfbc/1/null/13965429/2669011/96851074/2766607
2074,9qfd,Cryo-EM structure of the fully cofilin-1-decorated actin filament (cofilactin),2025-10-08,2.6 Å,9qfd_B,9qfd_D,339.41 Å²,31,3.0,1.0,https://bioinformatics.lt/ppi3d/site/interaction_details/single_sequence/rIiStfbc/1/null/13965429/2669013/96851075/2766608
2075,9qfd,Cryo-EM structure of the fully cofilin-1-decorated actin filament (cofilactin),2025-10-08,2.6 Å,9qfd_B,9qfd_I,685.55 Å²,58,10.0,4.0,https://bioinformatics.lt/ppi3d/site/interaction_details/single_sequence/rIiStfbc/1/null/13965429/2669015/96851080/2766609
2076,9qfd,Cryo-EM structure of the fully cofilin-1-decorated actin filament (cofilactin),2025-10-08,2.6 Å,9qfd_B,9qfd_K,1017.35 Å²,90,4.0,3.0,https://bioinformatics.lt/ppi3d/site/interaction_details/single_sequence/rIiStfbc/1/null/13965429/2669017/96851082/2766610
2079,8a2u,Cryo-EM structure of F-actin in the Ca2+-ADP-BeF3- nucleotide state.,2022-08-10,2.2 Å,8a2u_E,8a2u_D,404.78 Å²,32,4.0,,https://bioinformatics.lt/ppi3d/site/interaction_details/single_sequence/rIiStfbc/1/null/13965685/1802123/65617246/1938627
2081,9y52,One CAP-1 Bound to the Pointed End of Cofilin F-actin,2026-03-04,3.5 Å,9y52_C,9y52_B,369.96 Å²,33,1.0,,https://bioinformatics.lt/ppi3d/site/interaction_details/single_sequence/rIiStfbc/1/null/13965941/2759689/99884306/2829283
2082,9y52,One CAP-1 Bound to the Pointed End of Cofilin F-actin,2026-03-04,3.5 Å,9y52_B,9y52_D,426.09 Å²,36,3.0,3.0,https://bioinformatics.lt/ppi3d/site/interaction_details/single_sequence/rIiStfbc/1/null/13965941/2759691/99884307/2829284
2083,9y52,One CAP-1 Bound to the Pointed End of Cofilin F-actin,2026-03-04,3.5 Å,9y52_B,9y52_b,1134.29 Å²,97,3.0,1.0,https://bioinformatics.lt/ppi3d/site/interaction_details/single_sequence/rIiStfbc/1/null/13965941/2759693/99884311/2829285
2085,7z7i,Structure of ADP-ribosylated F-actin,2022-06-29,3.5 Å,7z7i_C,7z7i_E,1034.51 Å²,89,5.0,4.0,https://bioinformatics.lt/ppi3d/site/interaction_details/single_sequence/rIiStfbc/1/null/13966197/1790300/65523662/1929980
209,9bph,CRYO-EM STRUCTURE OF CARDIAC MUSCLE ALPHA-ACTIN M305L HCM MUTANT,2025-05-14,3.1 Å,9bph_B,9bph_C,335.73 Å²,30,2.0,1.0,https://bioinformatics.lt/ppi3d/site/interaction_details/single_sequence/rIiStfbc/1/null/13965577/2500281/94535971/2631222
2090,9qfd,Cryo-EM structure of the fully cofilin-1-decorated actin filament (cofilactin),2025-10-08,2.6 Å,9qfd_B,9qfd_A,383.96 Å²,35,2.0,,https://bioinformatics.lt/ppi3d/site/interaction_details/single_sequence/rIiStfbc/1/null/13965430/2669003/96851061/2766603
2091,9qfd,Cryo-EM structure of the fully cofilin-1-decorated actin filament (cofilactin),2025-10-08,2.6 Å,9qfd_A,9qfd_C,342.18 Å²,32,3.0,1.0,https://bioinformatics.lt/ppi3d/site/interaction_details/single_sequence/rIiStfbc/1/null/13965430/2669005/96851062/2766604
2092,9qfd,Cryo-EM structure of the fully cofilin-1-decorated actin filament (cofilactin),2025-10-08,2.6 Å,9qfd_A,9qfd_H,689.77 Å²,61,10.0,4.0,https://bioinformatics.lt/ppi3d/site/interaction_details/single_sequence/rIiStfbc/1/null/13965430/2669007/96851067/2766605
2093,9qfd,Cryo-EM structure of the fully cofilin-1-decorated actin filament (cofilactin),2025-10-08,2.6 Å,9qfd_A,9qfd_J,1015.44 Å²,94,4.0,4.0,https://bioinformatics.lt/ppi3d/site/interaction_details/single_sequence/rIiStfbc/1/null/13965430/2669009/96851069/2766606
2096,8a2u,Cryo-EM structure of F-actin in the Ca2+-ADP-BeF3- nucleotide state.,2022-08-10,2.2 Å,8a2u_D,8a2u_B,1044.78 Å²,85,9.0,4.0,https://bioinformatics.lt/ppi3d/site/interaction_details/single_sequence/rIiStfbc/1/null/13965686/1802117/65617244/1938624
2097,9y52,One CAP-1 Bound to the Pointed End of Cofilin F-actin,2026-03-04,3.5 Å,9y52_B,9y52_A,486.15 Å²,45,1.0,,https://bioinformatics.lt/ppi3d/site/interaction_details/single_sequence/rIiStfbc/1/null/13965942/2759681/99884296/2829279
2098,9y52,One CAP-1 Bound to the Pointed End of Cofilin F-actin,2026-03-04,3.5 Å,9y52_A,9y52_C,418.71 Å²,38,2.0,2.0,https://bioinformatics.lt/ppi3d/site/interaction_details/single_sequence/rIiStfbc/1/null/13965942/2759683/99884297/2829280
2099,9y52,One CAP-1 Bound to the Pointed End of Cofilin F-actin,2026-03-04,3.5 Å,9y52_A,9y52_W,934.03 Å²,76,4.0,6.0,https://bioinformatics.lt/ppi3d/site/interaction_details/single_sequence/rIiStfbc/1/null/13965942/2759685/99884300/2829281
2100,9y52,One CAP-1 Bound to the Pointed End of Cofilin F-actin,2026-03-04,3.5 Å,9y52_A,9y52_a,1143.11 Å²,98,5.0,1.0,https://bioinformatics.lt/ppi3d/site/interaction_details/single_sequence/rIiStfbc/1/null/13965942/2759687/99884301/2829282
2102,7z7i,Structure of ADP-ribosylated F-actin,2022-06-29,3.5 Å,7z7i_B,7z7i_C,356.43 Å²,33,3.0,1.0,https://bioinformatics.lt/ppi3d/site/interaction_details/single_sequence/rIiStfbc/1/null/13966198/1790293/65523660/1929977
2103,7z7i,Structure of ADP-ribosylated F-actin,2022-06-29,3.5 Å,7z7i_A,7z7i_B,304.23 Å²,30,1.0,1.0,https://bioinformatics.lt/ppi3d/site/interaction_details/single_sequence/rIiStfbc/1/null/13966198/1790290/65523661/1929975
2109,8cco,JAS-stabilized F-ActinII from Plasmodium falciparum,2023-03-01,3.3 Å,8cco_F,8cco_E,274.75 Å²,27,,,https://bioinformatics.lt/ppi3d/site/interaction_details/single_sequence/rIiStfbc/1/null/13966710/1888907/70529612/2071668
2112,9qfb,Cryo-EM structure of the fully Coronin-1B-decorated actin filament in the ADP state.,2025-10-08,2.7 Å,9qfb_G,9qfb_M,346.91 Å²,37,2.0,,https://bioinformatics.lt/ppi3d/site/interaction_details/single_sequence/rIiStfbc/1/null/13965431/2668999/96851038/2766601
2113,9qfb,Cryo-EM structure of the fully Coronin-1B-decorated actin filament in the ADP state.,2025-10-08,2.7 Å,9qfb_G,9qfb_N,856.09 Å²,76,6.0,2.0,https://bioinformatics.lt/ppi3d/site/interaction_details/single_sequence/rIiStfbc/1/null/13965431/2669001/96851039/2766602
2115,8a2u,Cryo-EM structure of F-actin in the Ca2+-ADP-BeF3- nucleotide state.,2022-08-10,2.2 Å,8a2u_B,8a2u_A,409.38 Å²,34,4.0,,https://bioinformatics.lt/ppi3d/site/interaction_details/single_sequence/rIiStfbc/1/null/13965687/1802111/65617241/1938621
2118,7z7i,Structure of ADP-ribosylated F-actin,2022-06-29,3.5 Å,7z7i_B,7z7i_D,1034.49 Å²,89,5.0,4.0,https://bioinformatics.lt/ppi3d/site/interaction_details/single_sequence/rIiStfbc/1/null/13966199/1790296/65523655/1929978
2119,7z7i,Structure of ADP-ribosylated F-actin,2022-06-29,3.5 Å,7z7i_D,7z7i_E,400.12 Å²,37,3.0,1.0,https://bioinformatics.lt/ppi3d/site/interaction_details/single_sequence/rIiStfbc/1/null/13966199/1790301/65523656/1929981
212,8c4c,F-actin decorated by SipA497-669,2024-01-17,2.7 Å,8c4c_G,8c4c_F,408.89 Å²,36,3.0,,https://bioinformatics.lt/ppi3d/site/interaction_details/single_sequence/rIiStfbc/1/null/13966089/2144607/75903791/2262554
2120,7z7i,Structure of ADP-ribosylated F-actin,2022-06-29,3.5 Å,7z7i_C,7z7i_D,363.30 Å²,33,2.0,1.0,https://bioinformatics.lt/ppi3d/site/interaction_details/single_sequence/rIiStfbc/1/null/13966199/1790298/65523657/1929979
2122,8w36,rabbit actin in the absence of potassium,2025-02-26,2.3 Å,8w36_B,8w36_A,436.81 Å²,39,4.0,1.0,https://bioinformatics.lt/ppi3d/site/interaction_details/single_sequence/rIiStfbc/1/null/13966455/2435707/90621283/2552540
2125,8cco,JAS-stabilized F-ActinII from Plasmodium falciparum,2023-03-01,3.3 Å,8cco_E,8cco_D,273.86 Å²,27,,,https://bioinformatics.lt/ppi3d/site/interaction_details/single_sequence/rIiStfbc/1/null/13966711/1888903/70529610/2071666
2126,8cco,JAS-stabilized F-ActinII from Plasmodium falciparum,2023-03-01,3.3 Å,8cco_F,8cco_D,1122.24 Å²,90,4.0,3.0,https://bioinformatics.lt/ppi3d/site/interaction_details/single_sequence/rIiStfbc/1/null/13966711/1888905/70529611/2071667
2129,9qfb,Cryo-EM structure of the fully Coronin-1B-decorated actin filament in the ADP state.,2025-10-08,2.7 Å,9qfb_G,9qfb_F,407.44 Å²,35,4.0,,https://bioinformatics.lt/ppi3d/site/interaction_details/single_sequence/rIiStfbc/1/null/13965432/2668991/96851025/2766597
213,8c4c,F-actin decorated by SipA497-669,2024-01-17,2.7 Å,8c4c_H,8c4c_F,1170.94 Å²,94,8.0,4.0,https://bioinformatics.lt/ppi3d/site/interaction_details/single_sequence/rIiStfbc/1/null/13966089/2144609/75903792/2262555
2130,9qfb,Cryo-EM structure of the fully Coronin-1B-decorated actin filament in the ADP state.,2025-10-08,2.7 Å,9qfb_F,9qfb_L,322.12 Å²,39,2.0,,https://bioinformatics.lt/ppi3d/site/interaction_details/single_sequence/rIiStfbc/1/null/13965432/2668993/96851030/2766598
2131,9qfb,Cryo-EM structure of the fully Coronin-1B-decorated actin filament in the ADP state.,2025-10-08,2.7 Å,9qfb_F,9qfb_M,880.55 Å²,82,5.0,2.0,https://bioinformatics.lt/ppi3d/site/interaction_details/single_sequence/rIiStfbc/1/null/13965432/2668995/96851031/2766599
2132,9qfb,Cryo-EM structure of the fully Coronin-1B-decorated actin filament in the ADP state.,2025-10-08,2.7 Å,9qfb_F,9qfb_N,172.96 Å²,17,,,https://bioinformatics.lt/ppi3d/site/interaction_details/single_sequence/rIiStfbc/1/null/13965432/2668997/96851032/2766600
2133,8a2u,Cryo-EM structure of F-actin in the Ca2+-ADP-BeF3- nucleotide state.,2022-08-10,2.2 Å,8a2u_C,8a2u_A,1042.49 Å²,84,9.0,4.0,https://bioinformatics.lt/ppi3d/site/interaction_details/single_sequence/rIiStfbc/1/null/13965688/1802114/65617237/1938622
2134,8a2u,Cryo-EM structure of F-actin in the Ca2+-ADP-BeF3- nucleotide state.,2022-08-10,2.2 Å,8a2u_C,8a2u_B,422.46 Å²,36,4.0,,https://bioinformatics.lt/ppi3d/site/interaction_details/single_sequence/rIiStfbc/1/null/13965688/1802116/65617238/1938623
2135,8a2u,Cryo-EM structure of F-actin in the Ca2+-ADP-BeF3- nucleotide state.,2022-08-10,2.2 Å,8a2u_D,8a2u_C,428.50 Å²,36,4.0,,https://bioinformatics.lt/ppi3d/site/interaction_details/single_sequence/rIiStfbc/1/null/13965688/1802119/65617239/1938625
2136,8a2u,Cryo-EM structure of F-actin in the Ca2+-ADP-BeF3- nucleotide state.,2022-08-10,2.2 Å,8a2u_E,8a2u_C,1056.17 Å²,86,8.0,4.0,https://bioinformatics.lt/ppi3d/site/interaction_details/single_sequence/rIiStfbc/1/null/13965688/1802121/65617240/1938626
2139,9xye,Two CAP-1 Bound to the Pointed End of F-actin,2026-03-04,3.2 Å,9xye_E,9xye_D,466.00 Å²,40,2.0,2.0,https://bioinformatics.lt/ppi3d/site/interaction_details/single_sequence/rIiStfbc/1/null/13965944/2759679/99884290/2829278
214,8c4c,F-actin decorated by SipA497-669,2024-01-17,2.7 Å,8c4c_F,8c4c_K,799.80 Å²,70,3.0,3.0,https://bioinformatics.lt/ppi3d/site/interaction_details/single_sequence/rIiStfbc/1/null/13966089/2144611/75903793/2262556
2143,8w36,rabbit actin in the absence of potassium,2025-02-26,2.3 Å,8w36_C,8w36_A,1197.33 Å²,102,6.0,4.0,https://bioinformatics.lt/ppi3d/site/interaction_details/single_sequence/rIiStfbc/1/null/13966456/2435710/90621280/2552541
2144,8w36,rabbit actin in the absence of potassium,2025-02-26,2.3 Å,8w36_C,8w36_B,440.53 Å²,39,3.0,1.0,https://bioinformatics.lt/ppi3d/site/interaction_details/single_sequence/rIiStfbc/1/null/13966456/2435712/90621281/2552542
2145,8w36,rabbit actin in the absence of potassium,2025-02-26,2.3 Å,8w36_E,8w36_C,1211.03 Å²,103,6.0,5.0,https://bioinformatics.lt/ppi3d/site/interaction_details/single_sequence/rIiStfbc/1/null/13966456/2435717/90621282/2552545
2148,8cco,JAS-stabilized F-ActinII from Plasmodium falciparum,2023-03-01,3.3 Å,8cco_D,8cco_C,273.77 Å²,27,,,https://bioinformatics.lt/ppi3d/site/interaction_details/single_sequence/rIiStfbc/1/null/13966712/1888899/70529607/2071664
2149,8cco,JAS-stabilized F-ActinII from Plasmodium falciparum,2023-03-01,3.3 Å,8cco_E,8cco_C,1122.26 Å²,90,4.0,3.0,https://bioinformatics.lt/ppi3d/site/interaction_details/single_sequence/rIiStfbc/1/null/13966712/1888901/70529608/2071665
215,8c4c,F-actin decorated by SipA497-669,2024-01-17,2.7 Å,8c4c_F,8c4c_L,765.63 Å²,71,3.0,4.0,https://bioinformatics.lt/ppi3d/site/interaction_details/single_sequence/rIiStfbc/1/null/13966089/2144613/75903794/2262557
2152,9qfb,Cryo-EM structure of the fully Coronin-1B-decorated actin filament in the ADP state.,2025-10-08,2.7 Å,9qfb_F,9qfb_E,414.43 Å²,37,3.0,,https://bioinformatics.lt/ppi3d/site/interaction_details/single_sequence/rIiStfbc/1/null/13965433/2668979/96851016/2766591
2153,9qfb,Cryo-EM structure of the fully Coronin-1B-decorated actin filament in the ADP state.,2025-10-08,2.7 Å,9qfb_G,9qfb_E,1106.35 Å²,88,5.0,3.0,https://bioinformatics.lt/ppi3d/site/interaction_details/single_sequence/rIiStfbc/1/null/13965433/2668981/96851017/2766592
2154,9qfb,Cryo-EM structure of the fully Coronin-1B-decorated actin filament in the ADP state.,2025-10-08,2.7 Å,9qfb_E,9qfb_K,333.46 Å²,37,2.0,,https://bioinformatics.lt/ppi3d/site/interaction_details/single_sequence/rIiStfbc/1/null/13965433/2668983/96851021/2766593
2155,9qfb,Cryo-EM structure of the fully Coronin-1B-decorated actin filament in the ADP state.,2025-10-08,2.7 Å,9qfb_E,9qfb_L,848.89 Å²,75,5.0,2.0,https://bioinformatics.lt/ppi3d/site/interaction_details/single_sequence/rIiStfbc/1/null/13965433/2668985/96851022/2766594
2156,9qfb,Cryo-EM structure of the fully Coronin-1B-decorated actin filament in the ADP state.,2025-10-08,2.7 Å,9qfb_E,9qfb_M,160.73 Å²,14,1.0,,https://bioinformatics.lt/ppi3d/site/interaction_details/single_sequence/rIiStfbc/1/null/13965433/2668987/96851023/2766595
2157,9qfb,Cryo-EM structure of the fully Coronin-1B-decorated actin filament in the ADP state.,2025-10-08,2.7 Å,9qfb_E,9qfb_N,624.68 Å²,55,6.0,2.0,https://bioinformatics.lt/ppi3d/site/interaction_details/single_sequence/rIiStfbc/1/null/13965433/2668989/96851024/2766596
2162,9xye,Two CAP-1 Bound to the Pointed End of F-actin,2026-03-04,3.2 Å,9xye_D,9xye_C,488.13 Å²,40,2.0,2.0,https://bioinformatics.lt/ppi3d/site/interaction_details/single_sequence/rIiStfbc/1/null/13965945/2759675/99884286/2829276
2163,9xye,Two CAP-1 Bound to the Pointed End of F-actin,2026-03-04,3.2 Å,9xye_E,9xye_C,1214.15 Å²,99,6.0,4.0,https://bioinformatics.lt/ppi3d/site/interaction_details/single_sequence/rIiStfbc/1/null/13965945/2759677/99884287/2829277
2167,7z7h,Structure of P. luminescens TccC3-F-actin complex,2022-06-29,3.8 Å,7z7h_A,7z7h_C,975.20 Å²,91,7.0,3.0,https://bioinformatics.lt/ppi3d/site/interaction_details/single_sequence/rIiStfbc/1/null/13966201/1790274/65523654/1929967
2168,8w36,rabbit actin in the absence of potassium,2025-02-26,2.3 Å,8w36_D,8w36_C,447.19 Å²,39,4.0,1.0,https://bioinformatics.lt/ppi3d/site/interaction_details/single_sequence/rIiStfbc/1/null/13966457/2435716/90621276/2552544
2169,8w36,rabbit actin in the absence of potassium,2025-02-26,2.3 Å,8w36_D,8w36_B,1203.84 Å²,100,6.0,5.0,https://bioinformatics.lt/ppi3d/site/interaction_details/single_sequence/rIiStfbc/1/null/13966457/2435714/90621278/2552543
2170,8w36,rabbit actin in the absence of potassium,2025-02-26,2.3 Å,8w36_E,8w36_D,431.51 Å²,39,4.0,1.0,https://bioinformatics.lt/ppi3d/site/interaction_details/single_sequence/rIiStfbc/1/null/13966457/2435719/90621279/2552546
2172,8cco,JAS-stabilized F-ActinII from Plasmodium falciparum,2023-03-01,3.3 Å,8cco_C,8cco_B,273.73 Å²,27,,,https://bioinformatics.lt/ppi3d/site/interaction_details/single_sequence/rIiStfbc/1/null/13966713/1888895/70529603/2071662
2173,8cco,JAS-stabilized F-ActinII from Plasmodium falciparum,2023-03-01,3.3 Å,8cco_D,8cco_B,1122.82 Å²,90,4.0,3.0,https://bioinformatics.lt/ppi3d/site/interaction_details/single_sequence/rIiStfbc/1/null/13966713/1888897/70529604/2071663
2176,9qfb,Cryo-EM structure of the fully Coronin-1B-decorated actin filament in the ADP state.,2025-10-08,2.7 Å,9qfb_E,9qfb_D,419.00 Å²,36,2.0,,https://bioinformatics.lt/ppi3d/site/interaction_details/single_sequence/rIiStfbc/1/null/13965434/2668967/96851006/2766585
2177,9qfb,Cryo-EM structure of the fully Coronin-1B-decorated actin filament in the ADP state.,2025-10-08,2.7 Å,9qfb_F,9qfb_D,1102.09 Å²,88,6.0,3.0,https://bioinformatics.lt/ppi3d/site/interaction_details/single_sequence/rIiStfbc/1/null/13965434/2668969/96851007/2766586
2178,9qfb,Cryo-EM structure of the fully Coronin-1B-decorated actin filament in the ADP state.,2025-10-08,2.7 Å,9qfb_D,9qfb_J,318.18 Å²,33,2.0,,https://bioinformatics.lt/ppi3d/site/interaction_details/single_sequence/rIiStfbc/1/null/13965434/2668971/96851011/2766587
2179,9qfb,Cryo-EM structure of the fully Coronin-1B-decorated actin filament in the ADP state.,2025-10-08,2.7 Å,9qfb_D,9qfb_K,850.28 Å²,74,3.0,2.0,https://bioinformatics.lt/ppi3d/site/interaction_details/single_sequence/rIiStfbc/1/null/13965434/2668973/96851012/2766588
218,8vaa,Actin-binding domain of Legionella pneumophila effector LFAT1 (lpg1387) bound to F-actin,2024-12-18,3.6 Å,8vaa_J,8vaa_I,385.41 Å²,31,,1.0,https://bioinformatics.lt/ppi3d/site/interaction_details/single_sequence/rIiStfbc/1/null/13966601/2402015/85961689/2487760
2180,9qfb,Cryo-EM structure of the fully Coronin-1B-decorated actin filament in the ADP state.,2025-10-08,2.7 Å,9qfb_D,9qfb_L,175.99 Å²,16,2.0,1.0,https://bioinformatics.lt/ppi3d/site/interaction_details/single_sequence/rIiStfbc/1/null/13965434/2668975/96851013/2766589
2181,9qfb,Cryo-EM structure of the fully Coronin-1B-decorated actin filament in the ADP state.,2025-10-08,2.7 Å,9qfb_D,9qfb_M,612.83 Å²,55,6.0,3.0,https://bioinformatics.lt/ppi3d/site/interaction_details/single_sequence/rIiStfbc/1/null/13965434/2668977/96851014/2766590
2184,8a2t,Cryo-EM structure of F-actin in the Mg2+-ADP nucleotide state.,2022-08-10,2.2 Å,8a2t_E,8a2t_D,394.23 Å²,33,3.0,,https://bioinformatics.lt/ppi3d/site/interaction_details/single_sequence/rIiStfbc/1/null/13965690/1802109/65617236/1938620
2186,9xye,Two CAP-1 Bound to the Pointed End of F-actin,2026-03-04,3.2 Å,9xye_C,9xye_B,432.54 Å²,37,3.0,1.0,https://bioinformatics.lt/ppi3d/site/interaction_details/single_sequence/rIiStfbc/1/null/13965946/2759669/99884281/2829273
2187,9xye,Two CAP-1 Bound to the Pointed End of F-actin,2026-03-04,3.2 Å,9xye_D,9xye_B,1235.99 Å²,101,5.0,3.0,https://bioinformatics.lt/ppi3d/site/interaction_details/single_sequence/rIiStfbc/1/null/13965946/2759671/99884282/2829274
2188,9xye,Two CAP-1 Bound to the Pointed End of F-actin,2026-03-04,3.2 Å,9xye_B,9xye_X,1048.10 Å²,93,2.0,4.0,https://bioinformatics.lt/ppi3d/site/interaction_details/single_sequence/rIiStfbc/1/null/13965946/2759673/99884285/2829275
2190,7z7h,Structure of P. luminescens TccC3-F-actin complex,2022-06-29,3.8 Å,7z7h_C,7z7h_E,995.97 Å²,92,4.0,2.0,https://bioinformatics.lt/ppi3d/site/interaction_details/single_sequence/rIiStfbc/1/null/13966202/1790284/65523652/1929972
2193,8cco,JAS-stabilized F-ActinII from Plasmodium falciparum,2023-03-01,3.3 Å,8cco_B,8cco_A,274.60 Å²,27,,,https://bioinformatics.lt/ppi3d/site/interaction_details/single_sequence/rIiStfbc/1/null/13966714/1888891/70529598/2071660
2194,8cco,JAS-stabilized F-ActinII from Plasmodium falciparum,2023-03-01,3.3 Å,8cco_C,8cco_A,1123.33 Å²,90,4.0,3.0,https://bioinformatics.lt/ppi3d/site/interaction_details/single_sequence/rIiStfbc/1/null/13966714/1888893/70529599/2071661
2197,9qfb,Cryo-EM structure of the fully Coronin-1B-decorated actin filament in the ADP state.,2025-10-08,2.7 Å,9qfb_D,9qfb_C,419.23 Å²,35,2.0,,https://bioinformatics.lt/ppi3d/site/interaction_details/single_sequence/rIiStfbc/1/null/13965435/2668955/96850995/2766579
2198,9qfb,Cryo-EM structure of the fully Coronin-1B-decorated actin filament in the ADP state.,2025-10-08,2.7 Å,9qfb_E,9qfb_C,1104.26 Å²,85,5.0,3.0,https://bioinformatics.lt/ppi3d/site/interaction_details/single_sequence/rIiStfbc/1/null/13965435/2668957/96850996/2766580
2199,9qfb,Cryo-EM structure of the fully Coronin-1B-decorated actin filament in the ADP state.,2025-10-08,2.7 Å,9qfb_C,9qfb_I,325.79 Å²,35,2.0,,https://bioinformatics.lt/ppi3d/site/interaction_details/single_sequence/rIiStfbc/1/null/13965435/2668959/96851000/2766581
22,8iai,"Structure of mammalian spectrin-actin junctional complex of membrane skeleton, State II, Global map",2023-05-03,3.5 Å,8iai_G,8iai_6,324.28 Å²,27,2.0,,https://bioinformatics.lt/ppi3d/site/interaction_details/single_sequence/rIiStfbc/1/null/13965313/1987816/72502354/2132139
2200,9qfb,Cryo-EM structure of the fully Coronin-1B-decorated actin filament in the ADP state.,2025-10-08,2.7 Å,9qfb_C,9qfb_J,867.54 Å²,75,4.0,2.0,https://bioinformatics.lt/ppi3d/site/interaction_details/single_sequence/rIiStfbc/1/null/13965435/2668961/96851001/2766582
2201,9qfb,Cryo-EM structure of the fully Coronin-1B-decorated actin filament in the ADP state.,2025-10-08,2.7 Å,9qfb_C,9qfb_K,165.59 Å²,14,1.0,1.0,https://bioinformatics.lt/ppi3d/site/interaction_details/single_sequence/rIiStfbc/1/null/13965435/2668963/96851002/2766583
2202,9qfb,Cryo-EM structure of the fully Coronin-1B-decorated actin filament in the ADP state.,2025-10-08,2.7 Å,9qfb_C,9qfb_L,615.29 Å²,54,6.0,3.0,https://bioinformatics.lt/ppi3d/site/interaction_details/single_sequence/rIiStfbc/1/null/13965435/2668965/96851003/2766584
2205,8a2t,Cryo-EM structure of F-actin in the Mg2+-ADP nucleotide state.,2022-08-10,2.2 Å,8a2t_D,8a2t_B,1047.25 Å²,86,7.0,4.0,https://bioinformatics.lt/ppi3d/site/interaction_details/single_sequence/rIiStfbc/1/null/13965691/1802103/65617234/1938617
2206,9xye,Two CAP-1 Bound to the Pointed End of F-actin,2026-03-04,3.2 Å,9xye_B,9xye_A,329.56 Å²,30,1.0,,https://bioinformatics.lt/ppi3d/site/interaction_details/single_sequence/rIiStfbc/1/null/13965947/2759661/99884275/2829269
2207,9xye,Two CAP-1 Bound to the Pointed End of F-actin,2026-03-04,3.2 Å,9xye_C,9xye_A,1219.74 Å²,108,6.0,4.0,https://bioinformatics.lt/ppi3d/site/interaction_details/single_sequence/rIiStfbc/1/null/13965947/2759663/99884276/2829270
2208,9xye,Two CAP-1 Bound to the Pointed End of F-actin,2026-03-04,3.2 Å,9xye_A,9xye_W,1002.09 Å²,88,2.0,3.0,https://bioinformatics.lt/ppi3d/site/interaction_details/single_sequence/rIiStfbc/1/null/13965947/2759665/99884279/2829271
2209,9xye,Two CAP-1 Bound to the Pointed End of F-actin,2026-03-04,3.2 Å,9xye_A,9xye_X,111.48 Å²,11,,,https://bioinformatics.lt/ppi3d/site/interaction_details/single_sequence/rIiStfbc/1/null/13965947/2759667/99884280/2829272
221,8iah,"Structure of mammalian spectrin-actin junctional complex of membrane skeleton, State I, Global map",2023-05-03,3.6 Å,8iah_J,8iah_3,1543.58 Å²,128,7.0,1.0,https://bioinformatics.lt/ppi3d/site/interaction_details/single_sequence/rIiStfbc/1/null/13965322/1987564/72501693/2132013
2211,7z7h,Structure of P. luminescens TccC3-F-actin complex,2022-06-29,3.8 Å,7z7h_B,7z7h_F,418.90 Å²,38,4.0,2.0,https://bioinformatics.lt/ppi3d/site/interaction_details/single_sequence/rIiStfbc/1/null/13966203/1790279/65523645/1929970
2212,7z7h,Structure of P. luminescens TccC3-F-actin complex,2022-06-29,3.8 Å,7z7h_B,7z7h_C,391.58 Å²,33,2.0,1.0,https://bioinformatics.lt/ppi3d/site/interaction_details/single_sequence/rIiStfbc/1/null/13966203/1790275/65523650/1929968
2213,7z7h,Structure of P. luminescens TccC3-F-actin complex,2022-06-29,3.8 Å,7z7h_A,7z7h_B,351.26 Å²,33,,,https://bioinformatics.lt/ppi3d/site/interaction_details/single_sequence/rIiStfbc/1/null/13966203/1790272/65523651/1929966
2216,8zix,RAT skeletal muscle F-actin,2025-01-29,3.5 Å,8zix_B,8zix_F,420.58 Å²,35,4.0,,https://bioinformatics.lt/ppi3d/site/interaction_details/single_sequence/rIiStfbc/1/null/13966459/2421791/89119501/2531151
2220,9qfb,Cryo-EM structure of the fully Coronin-1B-decorated actin filament in the ADP state.,2025-10-08,2.7 Å,9qfb_C,9qfb_B,422.88 Å²,36,3.0,,https://bioinformatics.lt/ppi3d/site/interaction_details/single_sequence/rIiStfbc/1/null/13965436/2668943/96850983/2766573
2221,9qfb,Cryo-EM structure of the fully Coronin-1B-decorated actin filament in the ADP state.,2025-10-08,2.7 Å,9qfb_D,9qfb_B,1123.20 Å²,90,6.0,3.0,https://bioinformatics.lt/ppi3d/site/interaction_details/single_sequence/rIiStfbc/1/null/13965436/2668945/96850984/2766574
2222,9qfb,Cryo-EM structure of the fully Coronin-1B-decorated actin filament in the ADP state.,2025-10-08,2.7 Å,9qfb_B,9qfb_H,338.98 Å²,35,4.0,1.0,https://bioinformatics.lt/ppi3d/site/interaction_details/single_sequence/rIiStfbc/1/null/13965436/2668947/96850988/2766575
2223,9qfb,Cryo-EM structure of the fully Coronin-1B-decorated actin filament in the ADP state.,2025-10-08,2.7 Å,9qfb_B,9qfb_I,878.61 Å²,74,4.0,2.0,https://bioinformatics.lt/ppi3d/site/interaction_details/single_sequence/rIiStfbc/1/null/13965436/2668949/96850989/2766576
2224,9qfb,Cryo-EM structure of the fully Coronin-1B-decorated actin filament in the ADP state.,2025-10-08,2.7 Å,9qfb_B,9qfb_J,173.46 Å²,16,1.0,1.0,https://bioinformatics.lt/ppi3d/site/interaction_details/single_sequence/rIiStfbc/1/null/13965436/2668951/96850990/2766577
2225,9qfb,Cryo-EM structure of the fully Coronin-1B-decorated actin filament in the ADP state.,2025-10-08,2.7 Å,9qfb_B,9qfb_K,648.71 Å²,57,6.0,3.0,https://bioinformatics.lt/ppi3d/site/interaction_details/single_sequence/rIiStfbc/1/null/13965436/2668953/96850991/2766578
2227,8a2t,Cryo-EM structure of F-actin in the Mg2+-ADP nucleotide state.,2022-08-10,2.2 Å,8a2t_B,8a2t_A,415.86 Å²,38,3.0,,https://bioinformatics.lt/ppi3d/site/interaction_details/single_sequence/rIiStfbc/1/null/13965692/1802097/65617231/1938614
2230,7z7h,Structure of P. luminescens TccC3-F-actin complex,2022-06-29,3.8 Å,7z7h_D,7z7h_F,683.21 Å²,70,4.0,1.0,https://bioinformatics.lt/ppi3d/site/interaction_details/single_sequence/rIiStfbc/1/null/13966204/1790287/65523640/1929974
2231,7z7h,Structure of P. luminescens TccC3-F-actin complex,2022-06-29,3.8 Å,7z7h_B,7z7h_D,955.31 Å²,85,5.0,3.0,https://bioinformatics.lt/ppi3d/site/interaction_details/single_sequence/rIiStfbc/1/null/13966204/1790278/65523641/1929969
2232,7z7h,Structure of P. luminescens TccC3-F-actin complex,2022-06-29,3.8 Å,7z7h_D,7z7h_E,409.75 Å²,32,,1.0,https://bioinformatics.lt/ppi3d/site/interaction_details/single_sequence/rIiStfbc/1/null/13966204/1790285/65523642/1929973
2233,7z7h,Structure of P. luminescens TccC3-F-actin complex,2022-06-29,3.8 Å,7z7h_C,7z7h_D,363.04 Å²,32,,,https://bioinformatics.lt/ppi3d/site/interaction_details/single_sequence/rIiStfbc/1/null/13966204/1790282/65523643/1929971
2236,8zix,RAT skeletal muscle F-actin,2025-01-29,3.5 Å,8zix_E,8zix_B,405.84 Å²,36,2.0,2.0,https://bioinformatics.lt/ppi3d/site/interaction_details/single_sequence/rIiStfbc/1/null/13966460/2421790/89119499/2531150
2237,8zix,RAT skeletal muscle F-actin,2025-01-29,3.5 Å,8zix_E,8zix_F,1215.20 Å²,105,6.0,4.0,https://bioinformatics.lt/ppi3d/site/interaction_details/single_sequence/rIiStfbc/1/null/13966460/2421793/89119500/2531152
224,8iah,"Structure of mammalian spectrin-actin junctional complex of membrane skeleton, State I, Global map",2023-05-03,3.6 Å,8iah_K,8iah_J,372.48 Å²,32,2.0,,https://bioinformatics.lt/ppi3d/site/interaction_details/single_sequence/rIiStfbc/1/null/13965322/1987727/72502070/2132095
2240,8ccn,Filamentous actin II from Plasmodium falciparum,2023-02-22,3.5 Å,8ccn_F,8ccn_E,344.47 Å²,29,,1.0,https://bioinformatics.lt/ppi3d/site/interaction_details/single_sequence/rIiStfbc/1/null/13966716/1886835/70526283/2070501
2241,9qfb,Cryo-EM structure of the fully Coronin-1B-decorated actin filament in the ADP state.,2025-10-08,2.7 Å,9qfb_B,9qfb_A,386.42 Å²,33,3.0,,https://bioinformatics.lt/ppi3d/site/interaction_details/single_sequence/rIiStfbc/1/null/13965437/2668933/96850970/2766568
2242,9qfb,Cryo-EM structure of the fully Coronin-1B-decorated actin filament in the ADP state.,2025-10-08,2.7 Å,9qfb_C,9qfb_A,1116.37 Å²,89,6.0,4.0,https://bioinformatics.lt/ppi3d/site/interaction_details/single_sequence/rIiStfbc/1/null/13965437/2668935/96850971/2766569
2243,9qfb,Cryo-EM structure of the fully Coronin-1B-decorated actin filament in the ADP state.,2025-10-08,2.7 Å,9qfb_A,9qfb_H,860.14 Å²,77,6.0,2.0,https://bioinformatics.lt/ppi3d/site/interaction_details/single_sequence/rIiStfbc/1/null/13965437/2668937/96850976/2766570
2244,9qfb,Cryo-EM structure of the fully Coronin-1B-decorated actin filament in the ADP state.,2025-10-08,2.7 Å,9qfb_A,9qfb_I,176.74 Å²,16,1.0,1.0,https://bioinformatics.lt/ppi3d/site/interaction_details/single_sequence/rIiStfbc/1/null/13965437/2668939/96850977/2766571
2245,9qfb,Cryo-EM structure of the fully Coronin-1B-decorated actin filament in the ADP state.,2025-10-08,2.7 Å,9qfb_A,9qfb_J,655.92 Å²,56,6.0,2.0,https://bioinformatics.lt/ppi3d/site/interaction_details/single_sequence/rIiStfbc/1/null/13965437/2668941/96850978/2766572
2246,8a2t,Cryo-EM structure of F-actin in the Mg2+-ADP nucleotide state.,2022-08-10,2.2 Å,8a2t_C,8a2t_A,1045.88 Å²,85,7.0,4.0,https://bioinformatics.lt/ppi3d/site/interaction_details/single_sequence/rIiStfbc/1/null/13965693/1802100/65617227/1938615
2247,8a2t,Cryo-EM structure of F-actin in the Mg2+-ADP nucleotide state.,2022-08-10,2.2 Å,8a2t_C,8a2t_B,418.06 Å²,36,3.0,,https://bioinformatics.lt/ppi3d/site/interaction_details/single_sequence/rIiStfbc/1/null/13965693/1802102/65617228/1938616
2248,8a2t,Cryo-EM structure of F-actin in the Mg2+-ADP nucleotide state.,2022-08-10,2.2 Å,8a2t_D,8a2t_C,404.86 Å²,35,3.0,,https://bioinformatics.lt/ppi3d/site/interaction_details/single_sequence/rIiStfbc/1/null/13965693/1802105/65617229/1938618
2249,8a2t,Cryo-EM structure of F-actin in the Mg2+-ADP nucleotide state.,2022-08-10,2.2 Å,8a2t_E,8a2t_C,1059.67 Å²,86,6.0,4.0,https://bioinformatics.lt/ppi3d/site/interaction_details/single_sequence/rIiStfbc/1/null/13965693/1802107/65617230/1938619
225,8iah,"Structure of mammalian spectrin-actin junctional complex of membrane skeleton, State I, Global map",2023-05-03,3.6 Å,8iah_L,8iah_J,1170.40 Å²,103,3.0,3.0,https://bioinformatics.lt/ppi3d/site/interaction_details/single_sequence/rIiStfbc/1/null/13965322/1987729/72502071/2132096
2252,9q7o,One CAP-1 Bound to the Pointed End of F-actin,2026-03-04,3.0 Å,9q7o_E,9q7o_D,456.20 Å²,38,2.0,2.0,https://bioinformatics.lt/ppi3d/site/interaction_details/single_sequence/rIiStfbc/1/null/13965949/2758747/99580086/2823173
2257,8zix,RAT skeletal muscle F-actin,2025-01-29,3.5 Å,8zix_A,8zix_E,421.16 Å²,35,3.0,1.0,https://bioinformatics.lt/ppi3d/site/interaction_details/single_sequence/rIiStfbc/1/null/13966461/2421783/89119496/2531147
2258,8zix,RAT skeletal muscle F-actin,2025-01-29,3.5 Å,8zix_A,8zix_B,1237.95 Å²,105,5.0,4.0,https://bioinformatics.lt/ppi3d/site/interaction_details/single_sequence/rIiStfbc/1/null/13966461/2421781/89119497/2531146
226,8iah,"Structure of mammalian spectrin-actin junctional complex of membrane skeleton, State I, Global map",2023-05-03,3.6 Å,8iah_J,8iah_T,1580.89 Å²,125,7.0,5.0,https://bioinformatics.lt/ppi3d/site/interaction_details/single_sequence/rIiStfbc/1/null/13965322/1987731/72502079/2132097
2261,8ccn,Filamentous actin II from Plasmodium falciparum,2023-02-22,3.5 Å,8ccn_E,8ccn_D,342.77 Å²,29,,1.0,https://bioinformatics.lt/ppi3d/site/interaction_details/single_sequence/rIiStfbc/1/null/13966717/1886831/70526281/2070499
2262,8ccn,Filamentous actin II from Plasmodium falciparum,2023-02-22,3.5 Å,8ccn_F,8ccn_D,1133.66 Å²,93,1.0,1.0,https://bioinformatics.lt/ppi3d/site/interaction_details/single_sequence/rIiStfbc/1/null/13966717/1886833/70526282/2070500
2265,9qf2,Cryo-EM structure of the fully Coronin-1B-decorated actin filament in the ADP state.,2025-10-08,2.4 Å,9qf2_E,9qf2_I,339.08 Å²,37,2.0,,https://bioinformatics.lt/ppi3d/site/interaction_details/single_sequence/rIiStfbc/1/null/13965438/2668929/96850962/2766566
2266,9qf2,Cryo-EM structure of the fully Coronin-1B-decorated actin filament in the ADP state.,2025-10-08,2.4 Å,9qf2_E,9qf2_J,850.30 Å²,78,3.0,2.0,https://bioinformatics.lt/ppi3d/site/interaction_details/single_sequence/rIiStfbc/1/null/13965438/2668931/96850963/2766567
227,9bph,CRYO-EM STRUCTURE OF CARDIAC MUSCLE ALPHA-ACTIN M305L HCM MUTANT,2025-05-14,3.1 Å,9bph_B,9bph_A,1166.25 Å²,90,1.0,3.0,https://bioinformatics.lt/ppi3d/site/interaction_details/single_sequence/rIiStfbc/1/null/13965578/2500275/94535968/2631219
2271,9q7o,One CAP-1 Bound to the Pointed End of F-actin,2026-03-04,3.0 Å,9q7o_D,9q7o_C,460.77 Å²,38,2.0,2.0,https://bioinformatics.lt/ppi3d/site/interaction_details/single_sequence/rIiStfbc/1/null/13965950/2758743/99580083/2823171
2272,9q7o,One CAP-1 Bound to the Pointed End of F-actin,2026-03-04,3.0 Å,9q7o_E,9q7o_C,1193.05 Å²,98,6.0,4.0,https://bioinformatics.lt/ppi3d/site/interaction_details/single_sequence/rIiStfbc/1/null/13965950/2758745/99580084/2823172
2275,7tpt,Single-particle Cryo-EM structure of Arp2/3 complex at branched-actin junction.,2022-05-25,3.9 Å,7tpt_T,7tpt_U,172.13 Å²,23,1.0,,https://bioinformatics.lt/ppi3d/site/interaction_details/single_sequence/rIiStfbc/1/null/13966206/1781761/64920394/1916864
2277,8zix,RAT skeletal muscle F-actin,2025-01-29,3.5 Å,8zix_R,8zix_A,408.64 Å²,37,1.0,1.0,https://bioinformatics.lt/ppi3d/site/interaction_details/single_sequence/rIiStfbc/1/null/13966462/2421788/89119492/2531149
2278,8zix,RAT skeletal muscle F-actin,2025-01-29,3.5 Å,8zix_R,8zix_E,1218.61 Å²,104,5.0,4.0,https://bioinformatics.lt/ppi3d/site/interaction_details/single_sequence/rIiStfbc/1/null/13966462/2421796/89119493/2531153
228,9bph,CRYO-EM STRUCTURE OF CARDIAC MUSCLE ALPHA-ACTIN M305L HCM MUTANT,2025-05-14,3.1 Å,9bph_C,9bph_A,332.20 Å²,29,2.0,1.0,https://bioinformatics.lt/ppi3d/site/interaction_details/single_sequence/rIiStfbc/1/null/13965578/2500277/94535969/2631220
2281,8ccn,Filamentous actin II from Plasmodium falciparum,2023-02-22,3.5 Å,8ccn_D,8ccn_C,342.42 Å²,29,,1.0,https://bioinformatics.lt/ppi3d/site/interaction_details/single_sequence/rIiStfbc/1/null/13966718/1886827/70526278/2070497
2282,8ccn,Filamentous actin II from Plasmodium falciparum,2023-02-22,3.5 Å,8ccn_E,8ccn_C,1132.92 Å²,92,2.0,1.0,https://bioinformatics.lt/ppi3d/site/interaction_details/single_sequence/rIiStfbc/1/null/13966718/1886829/70526279/2070498
2284,9qf2,Cryo-EM structure of the fully Coronin-1B-decorated actin filament in the ADP state.,2025-10-08,2.4 Å,9qf2_D,9qf2_H,341.06 Å²,40,2.0,,https://bioinformatics.lt/ppi3d/site/interaction_details/single_sequence/rIiStfbc/1/null/13965439/2668923/96850936/2766563
2286,9qf2,Cryo-EM structure of the fully Coronin-1B-decorated actin filament in the ADP state.,2025-10-08,2.4 Å,9qf2_E,9qf2_D,374.19 Å²,35,2.0,,https://bioinformatics.lt/ppi3d/site/interaction_details/single_sequence/rIiStfbc/1/null/13965439/2668921/96850955/2766562
2287,9qf2,Cryo-EM structure of the fully Coronin-1B-decorated actin filament in the ADP state.,2025-10-08,2.4 Å,9qf2_D,9qf2_I,838.88 Å²,76,3.0,2.0,https://bioinformatics.lt/ppi3d/site/interaction_details/single_sequence/rIiStfbc/1/null/13965439/2668925/96850958/2766564
2288,9qf2,Cryo-EM structure of the fully Coronin-1B-decorated actin filament in the ADP state.,2025-10-08,2.4 Å,9qf2_D,9qf2_J,165.77 Å²,15,2.0,1.0,https://bioinformatics.lt/ppi3d/site/interaction_details/single_sequence/rIiStfbc/1/null/13965439/2668927/96850959/2766565
229,9bph,CRYO-EM STRUCTURE OF CARDIAC MUSCLE ALPHA-ACTIN M305L HCM MUTANT,2025-05-14,3.1 Å,9bph_A,9bph_D,322.14 Å²,29,2.0,1.0,https://bioinformatics.lt/ppi3d/site/interaction_details/single_sequence/rIiStfbc/1/null/13965578/2500279/94535970/2631221
2291,8a2s,Cryo-EM structure of F-actin in the Mg2+-ADP-Pi nucleotide state.,2022-08-10,2.2 Å,8a2s_E,8a2s_D,380.46 Å²,33,3.0,,https://bioinformatics.lt/ppi3d/site/interaction_details/single_sequence/rIiStfbc/1/null/13965695/1802095/65617226/1938613
2293,9q7o,One CAP-1 Bound to the Pointed End of F-actin,2026-03-04,3.0 Å,9q7o_C,9q7o_B,441.05 Å²,35,3.0,,https://bioinformatics.lt/ppi3d/site/interaction_details/single_sequence/rIiStfbc/1/null/13965951/2758739/99580079/2823169
2294,9q7o,One CAP-1 Bound to the Pointed End of F-actin,2026-03-04,3.0 Å,9q7o_D,9q7o_B,1160.19 Å²,94,4.0,3.0,https://bioinformatics.lt/ppi3d/site/interaction_details/single_sequence/rIiStfbc/1/null/13965951/2758741/99580080/2823170
2295,7tpt,Single-particle Cryo-EM structure of Arp2/3 complex at branched-actin junction.,2022-05-25,3.9 Å,7tpt_S,7tpt_D,539.43 Å²,43,1.0,1.0,https://bioinformatics.lt/ppi3d/site/interaction_details/single_sequence/rIiStfbc/1/null/13966207/1781712/64920016/1916839
2298,7tpt,Single-particle Cryo-EM structure of Arp2/3 complex at branched-actin junction.,2022-05-25,3.9 Å,7tpt_T,7tpt_S,298.83 Å²,28,1.0,,https://bioinformatics.lt/ppi3d/site/interaction_details/single_sequence/rIiStfbc/1/null/13966207/1781757/64920377/1916862
2299,7tpt,Single-particle Cryo-EM structure of Arp2/3 complex at branched-actin junction.,2022-05-25,3.9 Å,7tpt_U,7tpt_S,780.64 Å²,75,1.0,,https://bioinformatics.lt/ppi3d/site/interaction_details/single_sequence/rIiStfbc/1/null/13966207/1781759/64920378/1916863
23,8iai,"Structure of mammalian spectrin-actin junctional complex of membrane skeleton, State II, Global map",2023-05-03,3.5 Å,8iai_G,8iai_7,1332.02 Å²,101,3.0,4.0,https://bioinformatics.lt/ppi3d/site/interaction_details/single_sequence/rIiStfbc/1/null/13965313/1987828/72502378/2132145
2300,8zix,RAT skeletal muscle F-actin,2025-01-29,3.5 Å,8zix_P,8zix_R,424.42 Å²,35,3.0,1.0,https://bioinformatics.lt/ppi3d/site/interaction_details/single_sequence/rIiStfbc/1/null/13966463/2421797/89119487/2531154
2301,8zix,RAT skeletal muscle F-actin,2025-01-29,3.5 Å,8zix_P,8zix_A,1208.11 Å²,99,4.0,4.0,https://bioinformatics.lt/ppi3d/site/interaction_details/single_sequence/rIiStfbc/1/null/13966463/2421786/89119488/2531148
2303,8ccn,Filamentous actin II from Plasmodium falciparum,2023-02-22,3.5 Å,8ccn_C,8ccn_B,342.72 Å²,29,,1.0,https://bioinformatics.lt/ppi3d/site/interaction_details/single_sequence/rIiStfbc/1/null/13966719/1886823/70526274/2070495
2304,8ccn,Filamentous actin II from Plasmodium falciparum,2023-02-22,3.5 Å,8ccn_D,8ccn_B,1134.32 Å²,92,2.0,1.0,https://bioinformatics.lt/ppi3d/site/interaction_details/single_sequence/rIiStfbc/1/null/13966719/1886825/70526275/2070496
2306,9qf2,Cryo-EM structure of the fully Coronin-1B-decorated actin filament in the ADP state.,2025-10-08,2.4 Å,9qf2_B,9qf2_H,170.17 Å²,17,2.0,1.0,https://bioinformatics.lt/ppi3d/site/interaction_details/single_sequence/rIiStfbc/1/null/13965440/2668905/96850935/2766554
2308,9qf2,Cryo-EM structure of the fully Coronin-1B-decorated actin filament in the ADP state.,2025-10-08,2.4 Å,9qf2_D,9qf2_B,1079.48 Å²,91,5.0,3.0,https://bioinformatics.lt/ppi3d/site/interaction_details/single_sequence/rIiStfbc/1/null/13965440/2668899/96850949/2766551
2309,9qf2,Cryo-EM structure of the fully Coronin-1B-decorated actin filament in the ADP state.,2025-10-08,2.4 Å,9qf2_B,9qf2_F,343.79 Å²,37,2.0,,https://bioinformatics.lt/ppi3d/site/interaction_details/single_sequence/rIiStfbc/1/null/13965440/2668901/96850951/2766552
2310,9qf2,Cryo-EM structure of the fully Coronin-1B-decorated actin filament in the ADP state.,2025-10-08,2.4 Å,9qf2_B,9qf2_G,843.98 Å²,75,3.0,2.0,https://bioinformatics.lt/ppi3d/site/interaction_details/single_sequence/rIiStfbc/1/null/13965440/2668903/96850952/2766553
2311,9qf2,Cryo-EM structure of the fully Coronin-1B-decorated actin filament in the ADP state.,2025-10-08,2.4 Å,9qf2_B,9qf2_I,630.31 Å²,56,6.0,3.0,https://bioinformatics.lt/ppi3d/site/interaction_details/single_sequence/rIiStfbc/1/null/13965440/2668907/96850953/2766555
2314,8a2s,Cryo-EM structure of F-actin in the Mg2+-ADP-Pi nucleotide state.,2022-08-10,2.2 Å,8a2s_D,8a2s_B,1137.94 Å²,89,8.0,4.0,https://bioinformatics.lt/ppi3d/site/interaction_details/single_sequence/rIiStfbc/1/null/13965696/1802089/65617224/1938610
2315,9q7o,One CAP-1 Bound to the Pointed End of F-actin,2026-03-04,3.0 Å,9q7o_B,9q7o_A,394.21 Å²,36,2.0,,https://bioinformatics.lt/ppi3d/site/interaction_details/single_sequence/rIiStfbc/1/null/13965952/2758733/99580074/2823166
2316,9q7o,One CAP-1 Bound to the Pointed End of F-actin,2026-03-04,3.0 Å,9q7o_C,9q7o_A,1157.43 Å²,95,5.0,4.0,https://bioinformatics.lt/ppi3d/site/interaction_details/single_sequence/rIiStfbc/1/null/13965952/2758735/99580075/2823167
2317,9q7o,One CAP-1 Bound to the Pointed End of F-actin,2026-03-04,3.0 Å,9q7o_A,9q7o_W,1096.85 Å²,95,4.0,4.0,https://bioinformatics.lt/ppi3d/site/interaction_details/single_sequence/rIiStfbc/1/null/13965952/2758737/99580078/2823168
2318,7tpt,Single-particle Cryo-EM structure of Arp2/3 complex at branched-actin junction.,2022-05-25,3.9 Å,7tpt_R,7tpt_A,217.73 Å²,20,,,https://bioinformatics.lt/ppi3d/site/interaction_details/single_sequence/rIiStfbc/1/null/13966208/1781684/64919916/1916825
2319,7tpt,Single-particle Cryo-EM structure of Arp2/3 complex at branched-actin junction.,2022-05-25,3.9 Å,7tpt_R,7tpt_D,281.90 Å²,27,1.0,1.0,https://bioinformatics.lt/ppi3d/site/interaction_details/single_sequence/rIiStfbc/1/null/13966208/1781710/64920015/1916838
2320,7tpt,Single-particle Cryo-EM structure of Arp2/3 complex at branched-actin junction.,2022-05-25,3.9 Å,7tpt_R,7tpt_F,690.29 Å²,57,2.0,2.0,https://bioinformatics.lt/ppi3d/site/interaction_details/single_sequence/rIiStfbc/1/null/13966208/1781718/64920076/1916842
2323,7tpt,Single-particle Cryo-EM structure of Arp2/3 complex at branched-actin junction.,2022-05-25,3.9 Å,7tpt_S,7tpt_R,419.22 Å²,40,4.0,,https://bioinformatics.lt/ppi3d/site/interaction_details/single_sequence/rIiStfbc/1/null/13966208/1781753/64920359/1916860
2324,7tpt,Single-particle Cryo-EM structure of Arp2/3 complex at branched-actin junction.,2022-05-25,3.9 Å,7tpt_T,7tpt_R,737.32 Å²,71,2.0,,https://bioinformatics.lt/ppi3d/site/interaction_details/single_sequence/rIiStfbc/1/null/13966208/1781755/64920360/1916861
2328,8zbm,RAT skeletal muscle ATM complex,2025-01-29,3.3 Å,8zbm_R,8zbm_L,129.62 Å²,14,1.0,,https://bioinformatics.lt/ppi3d/site/interaction_details/single_sequence/rIiStfbc/1/null/13966464/2421702/89119318/2531106
2329,8zbm,RAT skeletal muscle ATM complex,2025-01-29,3.3 Å,8zbm_R,8zbm_N,1130.60 Å²,101,6.0,,https://bioinformatics.lt/ppi3d/site/interaction_details/single_sequence/rIiStfbc/1/null/13966464/2421704/89119320/2531107
2330,8ccn,Filamentous actin II from Plasmodium falciparum,2023-02-22,3.5 Å,8ccn_B,8ccn_A,341.26 Å²,29,,1.0,https://bioinformatics.lt/ppi3d/site/interaction_details/single_sequence/rIiStfbc/1/null/13966720/1886819/70526269/2070493
2331,8ccn,Filamentous actin II from Plasmodium falciparum,2023-02-22,3.5 Å,8ccn_C,8ccn_A,1133.29 Å²,92,2.0,1.0,https://bioinformatics.lt/ppi3d/site/interaction_details/single_sequence/rIiStfbc/1/null/13966720/1886821/70526270/2070494
2333,9qf2,Cryo-EM structure of the fully Coronin-1B-decorated actin filament in the ADP state.,2025-10-08,2.4 Å,9qf2_A,9qf2_H,642.46 Å²,58,6.0,3.0,https://bioinformatics.lt/ppi3d/site/interaction_details/single_sequence/rIiStfbc/1/null/13965441/2668895/96850934/2766549
2334,9qf2,Cryo-EM structure of the fully Coronin-1B-decorated actin filament in the ADP state.,2025-10-08,2.4 Å,9qf2_B,9qf2_A,374.33 Å²,35,2.0,,https://bioinformatics.lt/ppi3d/site/interaction_details/single_sequence/rIiStfbc/1/null/13965441/2668887/96850942/2766545
2335,9qf2,Cryo-EM structure of the fully Coronin-1B-decorated actin filament in the ADP state.,2025-10-08,2.4 Å,9qf2_A,9qf2_F,833.54 Å²,74,3.0,2.0,https://bioinformatics.lt/ppi3d/site/interaction_details/single_sequence/rIiStfbc/1/null/13965441/2668891/96850945/2766547
2336,9qf2,Cryo-EM structure of the fully Coronin-1B-decorated actin filament in the ADP state.,2025-10-08,2.4 Å,9qf2_A,9qf2_G,174.29 Å²,16,2.0,1.0,https://bioinformatics.lt/ppi3d/site/interaction_details/single_sequence/rIiStfbc/1/null/13965441/2668893/96850946/2766548
2338,8a2s,Cryo-EM structure of F-actin in the Mg2+-ADP-Pi nucleotide state.,2022-08-10,2.2 Å,8a2s_B,8a2s_A,401.85 Å²,35,3.0,,https://bioinformatics.lt/ppi3d/site/interaction_details/single_sequence/rIiStfbc/1/null/13965697/1802083/65617221/1938607
234,8c4c,F-actin decorated by SipA497-669,2024-01-17,2.7 Å,8c4c_F,8c4c_E,406.13 Å²,32,2.0,,https://bioinformatics.lt/ppi3d/site/interaction_details/single_sequence/rIiStfbc/1/null/13966090/2144599/75903784/2262550
2341,9q7n,"Cofilin barbed end, cofilin on the two barbed end subunits",2026-03-04,3.5 Å,9q7n_E,9q7n_c,684.14 Å²,57,9.0,5.0,https://bioinformatics.lt/ppi3d/site/interaction_details/single_sequence/rIiStfbc/1/null/13965953/2758729/99580061/2823164
2342,9q7n,"Cofilin barbed end, cofilin on the two barbed end subunits",2026-03-04,3.5 Å,9q7n_E,9q7n_e,1094.82 Å²,91,6.0,,https://bioinformatics.lt/ppi3d/site/interaction_details/single_sequence/rIiStfbc/1/null/13965953/2758731/99580063/2823165
2343,7tpt,Single-particle Cryo-EM structure of Arp2/3 complex at branched-actin junction.,2022-05-25,3.9 Å,7tpt_Q,7tpt_A,161.71 Å²,16,,,https://bioinformatics.lt/ppi3d/site/interaction_details/single_sequence/rIiStfbc/1/null/13966209/1781682/64919915/1916824
2344,7tpt,Single-particle Cryo-EM structure of Arp2/3 complex at branched-actin junction.,2022-05-25,3.9 Å,7tpt_Q,7tpt_D,104.56 Å²,9,,,https://bioinformatics.lt/ppi3d/site/interaction_details/single_sequence/rIiStfbc/1/null/13966209/1781708/64920014/1916837
2347,7tpt,Single-particle Cryo-EM structure of Arp2/3 complex at branched-actin junction.,2022-05-25,3.9 Å,7tpt_R,7tpt_Q,444.77 Å²,35,1.0,1.0,https://bioinformatics.lt/ppi3d/site/interaction_details/single_sequence/rIiStfbc/1/null/13966209/1781749/64920340/1916858
2348,7tpt,Single-particle Cryo-EM structure of Arp2/3 complex at branched-actin junction.,2022-05-25,3.9 Å,7tpt_S,7tpt_Q,1102.37 Å²,98,1.0,2.0,https://bioinformatics.lt/ppi3d/site/interaction_details/single_sequence/rIiStfbc/1/null/13966209/1781751/64920341/1916859
235,8c4c,F-actin decorated by SipA497-669,2024-01-17,2.7 Å,8c4c_G,8c4c_E,1190.21 Å²,97,7.0,4.0,https://bioinformatics.lt/ppi3d/site/interaction_details/single_sequence/rIiStfbc/1/null/13966090/2144601/75903785/2262551
2350,8zbm,RAT skeletal muscle ATM complex,2025-01-29,3.3 Å,8zbm_P,8zbm_R,377.62 Å²,31,4.0,,https://bioinformatics.lt/ppi3d/site/interaction_details/single_sequence/rIiStfbc/1/null/13966465/2421711/89119302/2531111
2351,8zbm,RAT skeletal muscle ATM complex,2025-01-29,3.3 Å,8zbm_P,8zbm_J,136.86 Å²,14,1.0,,https://bioinformatics.lt/ppi3d/site/interaction_details/single_sequence/rIiStfbc/1/null/13966465/2421696/89119308/2531103
2352,8zbm,RAT skeletal muscle ATM complex,2025-01-29,3.3 Å,8zbm_P,8zbm_K,1174.41 Å²,105,5.0,1.0,https://bioinformatics.lt/ppi3d/site/interaction_details/single_sequence/rIiStfbc/1/null/13966465/2421698/89119310/2531104
2354,9qf2,Cryo-EM structure of the fully Coronin-1B-decorated actin filament in the ADP state.,2025-10-08,2.4 Å,9qf2_C,9qf2_H,838.55 Å²,74,3.0,2.0,https://bioinformatics.lt/ppi3d/site/interaction_details/single_sequence/rIiStfbc/1/null/13965442/2668915/96850925/2766559
2355,9qf2,Cryo-EM structure of the fully Coronin-1B-decorated actin filament in the ADP state.,2025-10-08,2.4 Å,9qf2_C,9qf2_A,1083.58 Å²,90,5.0,3.0,https://bioinformatics.lt/ppi3d/site/interaction_details/single_sequence/rIiStfbc/1/null/13965442/2668890/96850926/2766546
2356,9qf2,Cryo-EM structure of the fully Coronin-1B-decorated actin filament in the ADP state.,2025-10-08,2.4 Å,9qf2_C,9qf2_B,371.87 Å²,35,2.0,,https://bioinformatics.lt/ppi3d/site/interaction_details/single_sequence/rIiStfbc/1/null/13965442/2668898/96850927/2766550
2357,9qf2,Cryo-EM structure of the fully Coronin-1B-decorated actin filament in the ADP state.,2025-10-08,2.4 Å,9qf2_D,9qf2_C,377.98 Å²,35,2.0,,https://bioinformatics.lt/ppi3d/site/interaction_details/single_sequence/rIiStfbc/1/null/13965442/2668909/96850928/2766556
2358,9qf2,Cryo-EM structure of the fully Coronin-1B-decorated actin filament in the ADP state.,2025-10-08,2.4 Å,9qf2_E,9qf2_C,1081.56 Å²,93,5.0,3.0,https://bioinformatics.lt/ppi3d/site/interaction_details/single_sequence/rIiStfbc/1/null/13965442/2668911/96850929/2766557
2359,9qf2,Cryo-EM structure of the fully Coronin-1B-decorated actin filament in the ADP state.,2025-10-08,2.4 Å,9qf2_C,9qf2_G,344.80 Å²,37,2.0,,https://bioinformatics.lt/ppi3d/site/interaction_details/single_sequence/rIiStfbc/1/null/13965442/2668913/96850931/2766558
236,8c4c,F-actin decorated by SipA497-669,2024-01-17,2.7 Å,8c4c_E,8c4c_K,751.39 Å²,66,3.0,2.0,https://bioinformatics.lt/ppi3d/site/interaction_details/single_sequence/rIiStfbc/1/null/13966090/2144603/75903787/2262552
2360,9qf2,Cryo-EM structure of the fully Coronin-1B-decorated actin filament in the ADP state.,2025-10-08,2.4 Å,9qf2_C,9qf2_I,171.02 Å²,16,2.0,1.0,https://bioinformatics.lt/ppi3d/site/interaction_details/single_sequence/rIiStfbc/1/null/13965442/2668917/96850932/2766560
2361,9qf2,Cryo-EM structure of the fully Coronin-1B-decorated actin filament in the ADP state.,2025-10-08,2.4 Å,9qf2_C,9qf2_J,640.68 Å²,56,6.0,2.0,https://bioinformatics.lt/ppi3d/site/interaction_details/single_sequence/rIiStfbc/1/null/13965442/2668919/96850933/2766561
2362,8a2s,Cryo-EM structure of F-actin in the Mg2+-ADP-Pi nucleotide state.,2022-08-10,2.2 Å,8a2s_C,8a2s_A,1133.65 Å²,88,7.0,4.0,https://bioinformatics.lt/ppi3d/site/interaction_details/single_sequence/rIiStfbc/1/null/13965698/1802086/65617217/1938608
2363,8a2s,Cryo-EM structure of F-actin in the Mg2+-ADP-Pi nucleotide state.,2022-08-10,2.2 Å,8a2s_C,8a2s_B,400.88 Å²,35,3.0,,https://bioinformatics.lt/ppi3d/site/interaction_details/single_sequence/rIiStfbc/1/null/13965698/1802088/65617218/1938609
2364,8a2s,Cryo-EM structure of F-actin in the Mg2+-ADP-Pi nucleotide state.,2022-08-10,2.2 Å,8a2s_D,8a2s_C,389.12 Å²,34,3.0,,https://bioinformatics.lt/ppi3d/site/interaction_details/single_sequence/rIiStfbc/1/null/13965698/1802091/65617219/1938611
2365,8a2s,Cryo-EM structure of F-actin in the Mg2+-ADP-Pi nucleotide state.,2022-08-10,2.2 Å,8a2s_E,8a2s_C,1142.24 Å²,89,8.0,4.0,https://bioinformatics.lt/ppi3d/site/interaction_details/single_sequence/rIiStfbc/1/null/13965698/1802093/65617220/1938612
2368,9q7n,"Cofilin barbed end, cofilin on the two barbed end subunits",2026-03-04,3.5 Å,9q7n_E,9q7n_D,356.89 Å²,29,,,https://bioinformatics.lt/ppi3d/site/interaction_details/single_sequence/rIiStfbc/1/null/13965954/2758723/99580053/2823161
2369,9q7n,"Cofilin barbed end, cofilin on the two barbed end subunits",2026-03-04,3.5 Å,9q7n_D,9q7n_b,716.83 Å²,60,11.0,6.0,https://bioinformatics.lt/ppi3d/site/interaction_details/single_sequence/rIiStfbc/1/null/13965954/2758725/99580055/2823162
237,8c4c,F-actin decorated by SipA497-669,2024-01-17,2.7 Å,8c4c_E,8c4c_L,479.96 Å²,31,3.0,,https://bioinformatics.lt/ppi3d/site/interaction_details/single_sequence/rIiStfbc/1/null/13966090/2144605/75903788/2262553
2370,9q7n,"Cofilin barbed end, cofilin on the two barbed end subunits",2026-03-04,3.5 Å,9q7n_D,9q7n_d,1105.85 Å²,92,5.0,2.0,https://bioinformatics.lt/ppi3d/site/interaction_details/single_sequence/rIiStfbc/1/null/13965954/2758727/99580057/2823163
2371,7tpt,Single-particle Cryo-EM structure of Arp2/3 complex at branched-actin junction.,2022-05-25,3.9 Å,7tpt_P,7tpt_A,734.75 Å²,67,1.0,,https://bioinformatics.lt/ppi3d/site/interaction_details/single_sequence/rIiStfbc/1/null/13966210/1781680/64919914/1916823
2372,7tpt,Single-particle Cryo-EM structure of Arp2/3 complex at branched-actin junction.,2022-05-25,3.9 Å,7tpt_P,7tpt_C,390.04 Å²,28,1.0,,https://bioinformatics.lt/ppi3d/site/interaction_details/single_sequence/rIiStfbc/1/null/13966210/1781704/64919981/1916835
2375,7tpt,Single-particle Cryo-EM structure of Arp2/3 complex at branched-actin junction.,2022-05-25,3.9 Å,7tpt_Q,7tpt_P,434.74 Å²,36,3.0,1.0,https://bioinformatics.lt/ppi3d/site/interaction_details/single_sequence/rIiStfbc/1/null/13966210/1781745/64920320/1916856
2376,7tpt,Single-particle Cryo-EM structure of Arp2/3 complex at branched-actin junction.,2022-05-25,3.9 Å,7tpt_R,7tpt_P,1018.76 Å²,92,4.0,2.0,https://bioinformatics.lt/ppi3d/site/interaction_details/single_sequence/rIiStfbc/1/null/13966210/1781747/64920321/1916857
2380,8zbm,RAT skeletal muscle ATM complex,2025-01-29,3.3 Å,8zbm_R,8zbm_Q,1144.21 Å²,98,8.0,3.0,https://bioinformatics.lt/ppi3d/site/interaction_details/single_sequence/rIiStfbc/1/null/13966466/2421713/89119281/2531112
2381,8zbm,RAT skeletal muscle ATM complex,2025-01-29,3.3 Å,8zbm_Q,8zbm_D,140.24 Å²,14,1.0,,https://bioinformatics.lt/ppi3d/site/interaction_details/single_sequence/rIiStfbc/1/null/13966466/2421674/89119284/2531092
2382,8zbm,RAT skeletal muscle ATM complex,2025-01-29,3.3 Å,8zbm_Q,8zbm_F,223.48 Å²,19,,1.0,https://bioinformatics.lt/ppi3d/site/interaction_details/single_sequence/rIiStfbc/1/null/13966466/2421688/89119286/2531099
2383,8zbm,RAT skeletal muscle ATM complex,2025-01-29,3.3 Å,8zbm_Q,8zbm_L,1146.36 Å²,106,6.0,2.0,https://bioinformatics.lt/ppi3d/site/interaction_details/single_sequence/rIiStfbc/1/null/13966466/2421700/89119288/2531105
2391,9q7n,"Cofilin barbed end, cofilin on the two barbed end subunits",2026-03-04,3.5 Å,9q7n_D,9q7n_C,350.41 Å²,31,,,https://bioinformatics.lt/ppi3d/site/interaction_details/single_sequence/rIiStfbc/1/null/13965955/2758715/99580046/2823157
2392,9q7n,"Cofilin barbed end, cofilin on the two barbed end subunits",2026-03-04,3.5 Å,9q7n_C,9q7n_E,411.78 Å²,36,1.0,3.0,https://bioinformatics.lt/ppi3d/site/interaction_details/single_sequence/rIiStfbc/1/null/13965955/2758717/99580047/2823158
2393,9q7n,"Cofilin barbed end, cofilin on the two barbed end subunits",2026-03-04,3.5 Å,9q7n_C,9q7n_a,706.97 Å²,59,8.0,4.0,https://bioinformatics.lt/ppi3d/site/interaction_details/single_sequence/rIiStfbc/1/null/13965955/2758719/99580048/2823159
2394,9q7n,"Cofilin barbed end, cofilin on the two barbed end subunits",2026-03-04,3.5 Å,9q7n_C,9q7n_c,1053.41 Å²,92,3.0,1.0,https://bioinformatics.lt/ppi3d/site/interaction_details/single_sequence/rIiStfbc/1/null/13965955/2758721/99580050/2823160
2397,7tpt,Single-particle Cryo-EM structure of Arp2/3 complex at branched-actin junction.,2022-05-25,3.9 Å,7tpt_P,7tpt_O,418.44 Å²,38,1.0,,https://bioinformatics.lt/ppi3d/site/interaction_details/single_sequence/rIiStfbc/1/null/13966211/1781741/64920299/1916854
2398,7tpt,Single-particle Cryo-EM structure of Arp2/3 complex at branched-actin junction.,2022-05-25,3.9 Å,7tpt_Q,7tpt_O,1086.32 Å²,99,2.0,3.0,https://bioinformatics.lt/ppi3d/site/interaction_details/single_sequence/rIiStfbc/1/null/13966211/1781743/64920300/1916855
2400,8zbm,RAT skeletal muscle ATM complex,2025-01-29,3.3 Å,8zbm_O,8zbm_Q,375.11 Å²,33,4.0,,https://bioinformatics.lt/ppi3d/site/interaction_details/single_sequence/rIiStfbc/1/null/13966467/2421707/89119266/2531109
2401,8zbm,RAT skeletal muscle ATM complex,2025-01-29,3.3 Å,8zbm_P,8zbm_O,1150.13 Å²,97,8.0,3.0,https://bioinformatics.lt/ppi3d/site/interaction_details/single_sequence/rIiStfbc/1/null/13966467/2421705/89119268/2531108
2402,8zbm,RAT skeletal muscle ATM complex,2025-01-29,3.3 Å,8zbm_R,8zbm_O,388.78 Å²,32,4.0,,https://bioinformatics.lt/ppi3d/site/interaction_details/single_sequence/rIiStfbc/1/null/13966467/2421709/89119269/2531110
2403,8zbm,RAT skeletal muscle ATM complex,2025-01-29,3.3 Å,8zbm_O,8zbm_A,145.93 Å²,16,1.0,,https://bioinformatics.lt/ppi3d/site/interaction_details/single_sequence/rIiStfbc/1/null/13966467/2421662/89119270/2531086
2404,8zbm,RAT skeletal muscle ATM complex,2025-01-29,3.3 Å,8zbm_O,8zbm_B,225.39 Å²,19,1.0,1.0,https://bioinformatics.lt/ppi3d/site/interaction_details/single_sequence/rIiStfbc/1/null/13966467/2421668/89119271/2531089
2405,8zbm,RAT skeletal muscle ATM complex,2025-01-29,3.3 Å,8zbm_O,8zbm_J,1151.54 Å²,106,8.0,1.0,https://bioinformatics.lt/ppi3d/site/interaction_details/single_sequence/rIiStfbc/1/null/13966467/2421694/89119275/2531102
2409,9qey,Cryo-EM structure of the actin filament bound by a single Coronin-1B molecule.,2025-10-08,2.7 Å,9qey_E,9qey_D,371.87 Å²,30,4.0,,https://bioinformatics.lt/ppi3d/site/interaction_details/single_sequence/rIiStfbc/1/null/13965444/2668665/96850922/2766434
241,6vao,Human cofilin-1 decorated actin filament,2020-01-08,3.4 Å,6vao_D,6vao_G,1029.12 Å²,85,5.0,3.0,https://bioinformatics.lt/ppi3d/site/interaction_details/single_sequence/rIiStfbc/1/null/13966346/1281213/46035814/1376633
2412,8a2r,Cryo-EM structure of F-actin in the Mg2+-ADP-BeF3- nucleotide state.,2022-08-10,2.2 Å,8a2r_E,8a2r_D,421.81 Å²,34,4.0,,https://bioinformatics.lt/ppi3d/site/interaction_details/single_sequence/rIiStfbc/1/null/13965700/1802081/65617216/1938606
2414,9q7n,"Cofilin barbed end, cofilin on the two barbed end subunits",2026-03-04,3.5 Å,9q7n_C,9q7n_B,362.45 Å²,32,,,https://bioinformatics.lt/ppi3d/site/interaction_details/single_sequence/rIiStfbc/1/null/13965956/2758709/99580038/2823154
2415,9q7n,"Cofilin barbed end, cofilin on the two barbed end subunits",2026-03-04,3.5 Å,9q7n_B,9q7n_D,400.31 Å²,35,2.0,2.0,https://bioinformatics.lt/ppi3d/site/interaction_details/single_sequence/rIiStfbc/1/null/13965956/2758711/99580039/2823155
2416,9q7n,"Cofilin barbed end, cofilin on the two barbed end subunits",2026-03-04,3.5 Å,9q7n_B,9q7n_b,1164.99 Å²,96,5.0,2.0,https://bioinformatics.lt/ppi3d/site/interaction_details/single_sequence/rIiStfbc/1/null/13965956/2758713/99580042/2823156
2417,7tpt,Single-particle Cryo-EM structure of Arp2/3 complex at branched-actin junction.,2022-05-25,3.9 Å,7tpt_N,7tpt_E,152.04 Å²,10,1.0,,https://bioinformatics.lt/ppi3d/site/interaction_details/single_sequence/rIiStfbc/1/null/13966212/1781714/64920042/1916840
2420,7tpt,Single-particle Cryo-EM structure of Arp2/3 complex at branched-actin junction.,2022-05-25,3.9 Å,7tpt_O,7tpt_N,426.15 Å²,39,,1.0,https://bioinformatics.lt/ppi3d/site/interaction_details/single_sequence/rIiStfbc/1/null/13966212/1781737/64920277/1916852
2421,7tpt,Single-particle Cryo-EM structure of Arp2/3 complex at branched-actin junction.,2022-05-25,3.9 Å,7tpt_P,7tpt_N,1165.59 Å²,100,2.0,2.0,https://bioinformatics.lt/ppi3d/site/interaction_details/single_sequence/rIiStfbc/1/null/13966212/1781739/64920278/1916853
2423,8zbm,RAT skeletal muscle ATM complex,2025-01-29,3.3 Å,8zbm_Q,8zbm_H,1154.09 Å²,97,7.0,3.0,https://bioinformatics.lt/ppi3d/site/interaction_details/single_sequence/rIiStfbc/1/null/13966468/2421691/89119253/2531101
2424,8zbm,RAT skeletal muscle ATM complex,2025-01-29,3.3 Å,8zbm_H,8zbm_D,1161.40 Å²,107,9.0,2.0,https://bioinformatics.lt/ppi3d/site/interaction_details/single_sequence/rIiStfbc/1/null/13966468/2421672/89119259/2531091
2425,8zbm,RAT skeletal muscle ATM complex,2025-01-29,3.3 Å,8zbm_H,8zbm_G,118.60 Å²,12,,,https://bioinformatics.lt/ppi3d/site/interaction_details/single_sequence/rIiStfbc/1/null/13966468/2421690/89119260/2531100
243,6vao,Human cofilin-1 decorated actin filament,2020-01-08,3.4 Å,6vao_D,6vao_J,791.09 Å²,60,6.0,4.0,https://bioinformatics.lt/ppi3d/site/interaction_details/single_sequence/rIiStfbc/1/null/13966346/1281215/46035827/1376635
2432,9qey,Cryo-EM structure of the actin filament bound by a single Coronin-1B molecule.,2025-10-08,2.7 Å,9qey_D,9qey_C,376.54 Å²,31,4.0,,https://bioinformatics.lt/ppi3d/site/interaction_details/single_sequence/rIiStfbc/1/null/13965445/2668659/96850919/2766431
2433,9qey,Cryo-EM structure of the actin filament bound by a single Coronin-1B molecule.,2025-10-08,2.7 Å,9qey_E,9qey_C,1183.51 Å²,93,9.0,3.0,https://bioinformatics.lt/ppi3d/site/interaction_details/single_sequence/rIiStfbc/1/null/13965445/2668661/96850920/2766432
2434,9qey,Cryo-EM structure of the actin filament bound by a single Coronin-1B molecule.,2025-10-08,2.7 Å,9qey_C,9qey_H,641.42 Å²,61,4.0,2.0,https://bioinformatics.lt/ppi3d/site/interaction_details/single_sequence/rIiStfbc/1/null/13965445/2668663/96850921/2766433
2437,8a2r,Cryo-EM structure of F-actin in the Mg2+-ADP-BeF3- nucleotide state.,2022-08-10,2.2 Å,8a2r_D,8a2r_B,1053.91 Å²,88,9.0,4.0,https://bioinformatics.lt/ppi3d/site/interaction_details/single_sequence/rIiStfbc/1/null/13965701/1802075/65617214/1938603
2438,9q7n,"Cofilin barbed end, cofilin on the two barbed end subunits",2026-03-04,3.5 Å,9q7n_B,9q7n_A,374.94 Å²,32,,,https://bioinformatics.lt/ppi3d/site/interaction_details/single_sequence/rIiStfbc/1/null/13965957/2758703/99580029/2823151
2439,9q7n,"Cofilin barbed end, cofilin on the two barbed end subunits",2026-03-04,3.5 Å,9q7n_A,9q7n_C,404.36 Å²,36,1.0,2.0,https://bioinformatics.lt/ppi3d/site/interaction_details/single_sequence/rIiStfbc/1/null/13965957/2758705/99580030/2823152
2440,9q7n,"Cofilin barbed end, cofilin on the two barbed end subunits",2026-03-04,3.5 Å,9q7n_A,9q7n_a,1086.90 Å²,95,5.0,1.0,https://bioinformatics.lt/ppi3d/site/interaction_details/single_sequence/rIiStfbc/1/null/13965957/2758707/99580033/2823153
2442,7tpt,Single-particle Cryo-EM structure of Arp2/3 complex at branched-actin junction.,2022-05-25,3.9 Å,7tpt_M,7tpt_N,284.92 Å²,31,1.0,,https://bioinformatics.lt/ppi3d/site/interaction_details/single_sequence/rIiStfbc/1/null/13966213/1781733/64920254/1916850
2443,7tpt,Single-particle Cryo-EM structure of Arp2/3 complex at branched-actin junction.,2022-05-25,3.9 Å,7tpt_O,7tpt_M,683.84 Å²,66,1.0,,https://bioinformatics.lt/ppi3d/site/interaction_details/single_sequence/rIiStfbc/1/null/13966213/1781735/64920255/1916851
2444,8zbm,RAT skeletal muscle ATM complex,2025-01-29,3.3 Å,8zbm_E,8zbm_H,374.77 Å²,31,4.0,,https://bioinformatics.lt/ppi3d/site/interaction_details/single_sequence/rIiStfbc/1/null/13966469/2421675/89119237/2531093
2445,8zbm,RAT skeletal muscle ATM complex,2025-01-29,3.3 Å,8zbm_O,8zbm_E,1152.96 Å²,99,6.0,3.0,https://bioinformatics.lt/ppi3d/site/interaction_details/single_sequence/rIiStfbc/1/null/13966469/2421677/89119238/2531094
2446,8zbm,RAT skeletal muscle ATM complex,2025-01-29,3.3 Å,8zbm_Q,8zbm_E,374.44 Å²,31,4.0,,https://bioinformatics.lt/ppi3d/site/interaction_details/single_sequence/rIiStfbc/1/null/13966469/2421679/89119239/2531095
2447,8zbm,RAT skeletal muscle ATM complex,2025-01-29,3.3 Å,8zbm_E,8zbm_A,1163.35 Å²,108,7.0,2.0,https://bioinformatics.lt/ppi3d/site/interaction_details/single_sequence/rIiStfbc/1/null/13966469/2421660/89119243/2531085
2454,9qey,Cryo-EM structure of the actin filament bound by a single Coronin-1B molecule.,2025-10-08,2.7 Å,9qey_C,9qey_B,381.85 Å²,32,4.0,,https://bioinformatics.lt/ppi3d/site/interaction_details/single_sequence/rIiStfbc/1/null/13965446/2668655/96850915/2766429
2455,9qey,Cryo-EM structure of the actin filament bound by a single Coronin-1B molecule.,2025-10-08,2.7 Å,9qey_D,9qey_B,1193.08 Å²,98,6.0,3.0,https://bioinformatics.lt/ppi3d/site/interaction_details/single_sequence/rIiStfbc/1/null/13965446/2668657/96850916/2766430
2457,8a2r,Cryo-EM structure of F-actin in the Mg2+-ADP-BeF3- nucleotide state.,2022-08-10,2.2 Å,8a2r_B,8a2r_A,456.80 Å²,37,4.0,,https://bioinformatics.lt/ppi3d/site/interaction_details/single_sequence/rIiStfbc/1/null/13965702/1802069/65617211/1938600
246,8vaa,Actin-binding domain of Legionella pneumophila effector LFAT1 (lpg1387) bound to F-actin,2024-12-18,3.6 Å,8vaa_I,8vaa_H,387.31 Å²,33,,1.0,https://bioinformatics.lt/ppi3d/site/interaction_details/single_sequence/rIiStfbc/1/null/13966602/2402007/85961677/2487756
2460,9q7m,"Barbed end of cofilin actin, cofilin on second-to-last barbed end subunit",2026-03-04,3.5 Å,9q7m_E,9q7m_c,676.41 Å²,56,9.0,5.0,https://bioinformatics.lt/ppi3d/site/interaction_details/single_sequence/rIiStfbc/1/null/13965958/2758701/99580021/2823150
2461,7tpt,Single-particle Cryo-EM structure of Arp2/3 complex at branched-actin junction.,2022-05-25,3.9 Å,7tpt_L,7tpt_M,169.73 Å²,19,1.0,,https://bioinformatics.lt/ppi3d/site/interaction_details/single_sequence/rIiStfbc/1/null/13966214/1781729/64920230/1916848
2462,7tpt,Single-particle Cryo-EM structure of Arp2/3 complex at branched-actin junction.,2022-05-25,3.9 Å,7tpt_N,7tpt_L,640.98 Å²,65,,,https://bioinformatics.lt/ppi3d/site/interaction_details/single_sequence/rIiStfbc/1/null/13966214/1781731/64920231/1916849
2469,9qey,Cryo-EM structure of the actin filament bound by a single Coronin-1B molecule.,2025-10-08,2.7 Å,9qey_B,9qey_A,389.49 Å²,34,4.0,,https://bioinformatics.lt/ppi3d/site/interaction_details/single_sequence/rIiStfbc/1/null/13965447/2668649/96850910/2766426
247,8vaa,Actin-binding domain of Legionella pneumophila effector LFAT1 (lpg1387) bound to F-actin,2024-12-18,3.6 Å,8vaa_J,8vaa_H,1062.41 Å²,91,1.0,1.0,https://bioinformatics.lt/ppi3d/site/interaction_details/single_sequence/rIiStfbc/1/null/13966602/2402009/85961678/2487757
2470,9qey,Cryo-EM structure of the actin filament bound by a single Coronin-1B molecule.,2025-10-08,2.7 Å,9qey_C,9qey_A,1164.67 Å²,92,6.0,3.0,https://bioinformatics.lt/ppi3d/site/interaction_details/single_sequence/rIiStfbc/1/null/13965447/2668651/96850911/2766427
2471,9qey,Cryo-EM structure of the actin filament bound by a single Coronin-1B molecule.,2025-10-08,2.7 Å,9qey_A,9qey_H,400.80 Å²,36,2.0,1.0,https://bioinformatics.lt/ppi3d/site/interaction_details/single_sequence/rIiStfbc/1/null/13965447/2668653/96850914/2766428
2472,8a2r,Cryo-EM structure of F-actin in the Mg2+-ADP-BeF3- nucleotide state.,2022-08-10,2.2 Å,8a2r_C,8a2r_A,1054.06 Å²,86,9.0,4.0,https://bioinformatics.lt/ppi3d/site/interaction_details/single_sequence/rIiStfbc/1/null/13965703/1802072/65617207/1938601
2473,8a2r,Cryo-EM structure of F-actin in the Mg2+-ADP-BeF3- nucleotide state.,2022-08-10,2.2 Å,8a2r_C,8a2r_B,433.79 Å²,35,4.0,,https://bioinformatics.lt/ppi3d/site/interaction_details/single_sequence/rIiStfbc/1/null/13965703/1802074/65617208/1938602
2474,8a2r,Cryo-EM structure of F-actin in the Mg2+-ADP-BeF3- nucleotide state.,2022-08-10,2.2 Å,8a2r_D,8a2r_C,436.11 Å²,36,4.0,,https://bioinformatics.lt/ppi3d/site/interaction_details/single_sequence/rIiStfbc/1/null/13965703/1802077/65617209/1938604
2475,8a2r,Cryo-EM structure of F-actin in the Mg2+-ADP-BeF3- nucleotide state.,2022-08-10,2.2 Å,8a2r_E,8a2r_C,1068.28 Å²,88,9.0,4.0,https://bioinformatics.lt/ppi3d/site/interaction_details/single_sequence/rIiStfbc/1/null/13965703/1802079/65617210/1938605
2478,9q7m,"Barbed end of cofilin actin, cofilin on second-to-last barbed end subunit",2026-03-04,3.5 Å,9q7m_E,9q7m_D,319.87 Å²,29,,,https://bioinformatics.lt/ppi3d/site/interaction_details/single_sequence/rIiStfbc/1/null/13965959/2758695/99580014/2823147
2479,9q7m,"Barbed end of cofilin actin, cofilin on second-to-last barbed end subunit",2026-03-04,3.5 Å,9q7m_D,9q7m_b,679.89 Å²,57,9.0,4.0,https://bioinformatics.lt/ppi3d/site/interaction_details/single_sequence/rIiStfbc/1/null/13965959/2758697/99580016/2823148
2480,9q7m,"Barbed end of cofilin actin, cofilin on second-to-last barbed end subunit",2026-03-04,3.5 Å,9q7m_D,9q7m_d,1164.01 Å²,96,6.0,,https://bioinformatics.lt/ppi3d/site/interaction_details/single_sequence/rIiStfbc/1/null/13965959/2758699/99580018/2823149
2485,9duv,Cryo-EM structure of recombinant R254H ACTA1 phalloidin-stabilized F-actin,2024-10-23,3.3 Å,9duv_E,9duv_F,447.11 Å²,35,1.0,2.0,https://bioinformatics.lt/ppi3d/site/interaction_details/single_sequence/rIiStfbc/1/null/13966471/2348529/82399858/2433561
2497,9q7m,"Barbed end of cofilin actin, cofilin on second-to-last barbed end subunit",2026-03-04,3.5 Å,9q7m_D,9q7m_C,323.67 Å²,28,1.0,,https://bioinformatics.lt/ppi3d/site/interaction_details/single_sequence/rIiStfbc/1/null/13965960/2758687/99580008/2823143
2498,9q7m,"Barbed end of cofilin actin, cofilin on second-to-last barbed end subunit",2026-03-04,3.5 Å,9q7m_C,9q7m_E,377.90 Å²,35,2.0,2.0,https://bioinformatics.lt/ppi3d/site/interaction_details/single_sequence/rIiStfbc/1/null/13965960/2758689/99580009/2823144
2499,9q7m,"Barbed end of cofilin actin, cofilin on second-to-last barbed end subunit",2026-03-04,3.5 Å,9q7m_C,9q7m_a,686.27 Å²,58,11.0,4.0,https://bioinformatics.lt/ppi3d/site/interaction_details/single_sequence/rIiStfbc/1/null/13965960/2758691/99580010/2823145
250,8iah,"Structure of mammalian spectrin-actin junctional complex of membrane skeleton, State I, Global map",2023-05-03,3.6 Å,8iah_I,8iah_1,879.29 Å²,70,2.0,,https://bioinformatics.lt/ppi3d/site/interaction_details/single_sequence/rIiStfbc/1/null/13965323/1987546/72501627/2132004
2500,9q7m,"Barbed end of cofilin actin, cofilin on second-to-last barbed end subunit",2026-03-04,3.5 Å,9q7m_C,9q7m_c,1113.91 Å²,90,3.0,1.0,https://bioinformatics.lt/ppi3d/site/interaction_details/single_sequence/rIiStfbc/1/null/13965960/2758693/99580012/2823146
2503,7tpt,Single-particle Cryo-EM structure of Arp2/3 complex at branched-actin junction.,2022-05-25,3.9 Å,7tpt_J,7tpt_K,178.71 Å²,21,1.0,,https://bioinformatics.lt/ppi3d/site/interaction_details/single_sequence/rIiStfbc/1/null/13966216/1781727/64920179/1916847
2506,9duv,Cryo-EM structure of recombinant R254H ACTA1 phalloidin-stabilized F-actin,2024-10-23,3.3 Å,9duv_D,9duv_E,424.18 Å²,37,1.0,1.0,https://bioinformatics.lt/ppi3d/site/interaction_details/single_sequence/rIiStfbc/1/null/13966472/2348525/82399849/2433559
2507,9duv,Cryo-EM structure of recombinant R254H ACTA1 phalloidin-stabilized F-actin,2024-10-23,3.3 Å,9duv_D,9duv_F,1222.96 Å²,104,7.0,4.0,https://bioinformatics.lt/ppi3d/site/interaction_details/single_sequence/rIiStfbc/1/null/13966472/2348527/82399850/2433560
251,8iah,"Structure of mammalian spectrin-actin junctional complex of membrane skeleton, State I, Global map",2023-05-03,3.6 Å,8iah_I,8iah_7,319.34 Å²,27,2.0,,https://bioinformatics.lt/ppi3d/site/interaction_details/single_sequence/rIiStfbc/1/null/13965323/1987628/72501810/2132045
2516,9qew,Cryo-EM structure of the undecorated actin filament in the ADP-Pi state.,2025-10-08,2.2 Å,9qew_E,9qew_D,370.77 Å²,30,4.0,,https://bioinformatics.lt/ppi3d/site/interaction_details/single_sequence/rIiStfbc/1/null/13965449/2668647/96850909/2766425
2520,9q7m,"Barbed end of cofilin actin, cofilin on second-to-last barbed end subunit",2026-03-04,3.5 Å,9q7m_C,9q7m_B,315.22 Å²,28,,,https://bioinformatics.lt/ppi3d/site/interaction_details/single_sequence/rIiStfbc/1/null/13965961/2758681/99580001/2823140
2521,9q7m,"Barbed end of cofilin actin, cofilin on second-to-last barbed end subunit",2026-03-04,3.5 Å,9q7m_B,9q7m_D,397.20 Å²,36,1.0,1.0,https://bioinformatics.lt/ppi3d/site/interaction_details/single_sequence/rIiStfbc/1/null/13965961/2758683/99580002/2823141
2522,9q7m,"Barbed end of cofilin actin, cofilin on second-to-last barbed end subunit",2026-03-04,3.5 Å,9q7m_B,9q7m_b,1082.96 Å²,94,3.0,,https://bioinformatics.lt/ppi3d/site/interaction_details/single_sequence/rIiStfbc/1/null/13965961/2758685/99580005/2823142
2523,7tpt,Single-particle Cryo-EM structure of Arp2/3 complex at branched-actin junction.,2022-05-25,3.9 Å,7tpt_I,7tpt_B,972.22 Å²,92,,3.0,https://bioinformatics.lt/ppi3d/site/interaction_details/single_sequence/rIiStfbc/1/null/13966217/1781696/64919941/1916831
2525,7tpt,Single-particle Cryo-EM structure of Arp2/3 complex at branched-actin junction.,2022-05-25,3.9 Å,7tpt_J,7tpt_I,319.27 Å²,28,1.0,,https://bioinformatics.lt/ppi3d/site/interaction_details/single_sequence/rIiStfbc/1/null/13966217/1781723/64920152/1916845
2526,7tpt,Single-particle Cryo-EM structure of Arp2/3 complex at branched-actin junction.,2022-05-25,3.9 Å,7tpt_K,7tpt_I,767.92 Å²,77,2.0,,https://bioinformatics.lt/ppi3d/site/interaction_details/single_sequence/rIiStfbc/1/null/13966217/1781725/64920153/1916846
2529,9duv,Cryo-EM structure of recombinant R254H ACTA1 phalloidin-stabilized F-actin,2024-10-23,3.3 Å,9duv_C,9duv_D,430.06 Å²,38,2.0,,https://bioinformatics.lt/ppi3d/site/interaction_details/single_sequence/rIiStfbc/1/null/13966473/2348521/82399839/2433557
2530,9duv,Cryo-EM structure of recombinant R254H ACTA1 phalloidin-stabilized F-actin,2024-10-23,3.3 Å,9duv_C,9duv_E,1224.26 Å²,101,5.0,3.0,https://bioinformatics.lt/ppi3d/site/interaction_details/single_sequence/rIiStfbc/1/null/13966473/2348523/82399840/2433558
2535,9qew,Cryo-EM structure of the undecorated actin filament in the ADP-Pi state.,2025-10-08,2.2 Å,9qew_D,9qew_B,1185.84 Å²,93,7.0,3.0,https://bioinformatics.lt/ppi3d/site/interaction_details/single_sequence/rIiStfbc/1/null/13965450/2668641/96850907/2766422
2538,9q7m,"Barbed end of cofilin actin, cofilin on second-to-last barbed end subunit",2026-03-04,3.5 Å,9q7m_B,9q7m_A,302.11 Å²,28,,,https://bioinformatics.lt/ppi3d/site/interaction_details/single_sequence/rIiStfbc/1/null/13965962/2758675/99579993/2823137
2539,9q7m,"Barbed end of cofilin actin, cofilin on second-to-last barbed end subunit",2026-03-04,3.5 Å,9q7m_A,9q7m_C,390.31 Å²,35,1.0,3.0,https://bioinformatics.lt/ppi3d/site/interaction_details/single_sequence/rIiStfbc/1/null/13965962/2758677/99579994/2823138
254,8iah,"Structure of mammalian spectrin-actin junctional complex of membrane skeleton, State I, Global map",2023-05-03,3.6 Å,8iah_J,8iah_I,399.04 Å²,31,2.0,2.0,https://bioinformatics.lt/ppi3d/site/interaction_details/single_sequence/rIiStfbc/1/null/13965323/1987721/72502053/2132092
2540,9q7m,"Barbed end of cofilin actin, cofilin on second-to-last barbed end subunit",2026-03-04,3.5 Å,9q7m_A,9q7m_a,1116.15 Å²,92,4.0,,https://bioinformatics.lt/ppi3d/site/interaction_details/single_sequence/rIiStfbc/1/null/13965962/2758679/99579997/2823139
2541,7tpt,Single-particle Cryo-EM structure of Arp2/3 complex at branched-actin junction.,2022-05-25,3.9 Å,7tpt_H,7tpt_A,1231.97 Å²,114,1.0,1.0,https://bioinformatics.lt/ppi3d/site/interaction_details/single_sequence/rIiStfbc/1/null/13966218/1781678/64919906/1916822
2542,7tpt,Single-particle Cryo-EM structure of Arp2/3 complex at branched-actin junction.,2022-05-25,3.9 Å,7tpt_H,7tpt_B,572.82 Å²,41,2.0,,https://bioinformatics.lt/ppi3d/site/interaction_details/single_sequence/rIiStfbc/1/null/13966218/1781694/64919940/1916830
2543,7tpt,Single-particle Cryo-EM structure of Arp2/3 complex at branched-actin junction.,2022-05-25,3.9 Å,7tpt_I,7tpt_H,471.38 Å²,45,2.0,2.0,https://bioinformatics.lt/ppi3d/site/interaction_details/single_sequence/rIiStfbc/1/null/13966218/1781719/64920124/1916843
2544,7tpt,Single-particle Cryo-EM structure of Arp2/3 complex at branched-actin junction.,2022-05-25,3.9 Å,7tpt_J,7tpt_H,777.19 Å²,80,2.0,,https://bioinformatics.lt/ppi3d/site/interaction_details/single_sequence/rIiStfbc/1/null/13966218/1781721/64920125/1916844
2546,9duv,Cryo-EM structure of recombinant R254H ACTA1 phalloidin-stabilized F-actin,2024-10-23,3.3 Å,9duv_B,9duv_C,448.77 Å²,38,2.0,1.0,https://bioinformatics.lt/ppi3d/site/interaction_details/single_sequence/rIiStfbc/1/null/13966474/2348517/82399828/2433555
2547,9duv,Cryo-EM structure of recombinant R254H ACTA1 phalloidin-stabilized F-actin,2024-10-23,3.3 Å,9duv_B,9duv_D,1213.94 Å²,100,7.0,4.0,https://bioinformatics.lt/ppi3d/site/interaction_details/single_sequence/rIiStfbc/1/null/13966474/2348519/82399829/2433556
255,8iah,"Structure of mammalian spectrin-actin junctional complex of membrane skeleton, State I, Global map",2023-05-03,3.6 Å,8iah_K,8iah_I,1148.08 Å²,98,3.0,4.0,https://bioinformatics.lt/ppi3d/site/interaction_details/single_sequence/rIiStfbc/1/null/13965323/1987723/72502054/2132093
2552,9qew,Cryo-EM structure of the undecorated actin filament in the ADP-Pi state.,2025-10-08,2.2 Å,9qew_B,9qew_A,371.97 Å²,30,4.0,,https://bioinformatics.lt/ppi3d/site/interaction_details/single_sequence/rIiStfbc/1/null/13965451/2668635/96850904/2766419
2557,9q7l,Barbed end of F-actin and cofilin on sides,2026-03-04,3.7 Å,9q7l_E,9q7l_c,632.67 Å²,52,10.0,4.0,https://bioinformatics.lt/ppi3d/site/interaction_details/single_sequence/rIiStfbc/1/null/13965963/2758673/99579989/2823136
2559,9duv,Cryo-EM structure of recombinant R254H ACTA1 phalloidin-stabilized F-actin,2024-10-23,3.3 Å,9duv_A,9duv_B,445.09 Å²,41,1.0,,https://bioinformatics.lt/ppi3d/site/interaction_details/single_sequence/rIiStfbc/1/null/13966475/2348513/82399816/2433553
256,8iah,"Structure of mammalian spectrin-actin junctional complex of membrane skeleton, State I, Global map",2023-05-03,3.6 Å,8iah_I,8iah_S,1614.33 Å²,131,10.0,4.0,https://bioinformatics.lt/ppi3d/site/interaction_details/single_sequence/rIiStfbc/1/null/13965323/1987725/72502062/2132094
2560,9duv,Cryo-EM structure of recombinant R254H ACTA1 phalloidin-stabilized F-actin,2024-10-23,3.3 Å,9duv_A,9duv_C,1240.18 Å²,101,7.0,4.0,https://bioinformatics.lt/ppi3d/site/interaction_details/single_sequence/rIiStfbc/1/null/13966475/2348515/82399817/2433554
2564,9qew,Cryo-EM structure of the undecorated actin filament in the ADP-Pi state.,2025-10-08,2.2 Å,9qew_C,9qew_A,1191.68 Å²,94,9.0,4.0,https://bioinformatics.lt/ppi3d/site/interaction_details/single_sequence/rIiStfbc/1/null/13965452/2668638/96850900/2766420
2565,9qew,Cryo-EM structure of the undecorated actin filament in the ADP-Pi state.,2025-10-08,2.2 Å,9qew_C,9qew_B,371.60 Å²,30,4.0,,https://bioinformatics.lt/ppi3d/site/interaction_details/single_sequence/rIiStfbc/1/null/13965452/2668640/96850901/2766421
2566,9qew,Cryo-EM structure of the undecorated actin filament in the ADP-Pi state.,2025-10-08,2.2 Å,9qew_D,9qew_C,376.77 Å²,30,4.0,,https://bioinformatics.lt/ppi3d/site/interaction_details/single_sequence/rIiStfbc/1/null/13965452/2668643/96850902/2766423
2567,9qew,Cryo-EM structure of the undecorated actin filament in the ADP-Pi state.,2025-10-08,2.2 Å,9qew_E,9qew_C,1188.70 Å²,93,6.0,3.0,https://bioinformatics.lt/ppi3d/site/interaction_details/single_sequence/rIiStfbc/1/null/13965452/2668645/96850903/2766424
2570,6djm,Cryo-EM structure of AMPPNP-actin filaments,2019-02-27,3.1 Å,6djm_D,6djm_C,432.61 Å²,37,3.0,,https://bioinformatics.lt/ppi3d/site/interaction_details/single_sequence/rIiStfbc/1/null/13965708/1506939/57547717/1606194
2573,9q7l,Barbed end of F-actin and cofilin on sides,2026-03-04,3.7 Å,9q7l_E,9q7l_D,337.27 Å²,25,,,https://bioinformatics.lt/ppi3d/site/interaction_details/single_sequence/rIiStfbc/1/null/13965964/2758669/99579983/2823134
2574,9q7l,Barbed end of F-actin and cofilin on sides,2026-03-04,3.7 Å,9q7l_D,9q7l_b,634.60 Å²,52,7.0,3.0,https://bioinformatics.lt/ppi3d/site/interaction_details/single_sequence/rIiStfbc/1/null/13965964/2758671/99579985/2823135
2582,6djm,Cryo-EM structure of AMPPNP-actin filaments,2019-02-27,3.1 Å,6djm_C,6djm_B,432.24 Å²,37,3.0,,https://bioinformatics.lt/ppi3d/site/interaction_details/single_sequence/rIiStfbc/1/null/13965709/1506935/57547715/1606192
2583,6djm,Cryo-EM structure of AMPPNP-actin filaments,2019-02-27,3.1 Å,6djm_D,6djm_B,1217.01 Å²,106,7.0,3.0,https://bioinformatics.lt/ppi3d/site/interaction_details/single_sequence/rIiStfbc/1/null/13965709/1506937/57547716/1606193
2586,9q7l,Barbed end of F-actin and cofilin on sides,2026-03-04,3.7 Å,9q7l_D,9q7l_C,312.92 Å²,32,,,https://bioinformatics.lt/ppi3d/site/interaction_details/single_sequence/rIiStfbc/1/null/13965965/2758661/99579978/2823130
2587,9q7l,Barbed end of F-actin and cofilin on sides,2026-03-04,3.7 Å,9q7l_C,9q7l_E,393.95 Å²,34,1.0,2.0,https://bioinformatics.lt/ppi3d/site/interaction_details/single_sequence/rIiStfbc/1/null/13965965/2758663/99579979/2823131
2588,9q7l,Barbed end of F-actin and cofilin on sides,2026-03-04,3.7 Å,9q7l_C,9q7l_a,660.70 Å²,54,9.0,5.0,https://bioinformatics.lt/ppi3d/site/interaction_details/single_sequence/rIiStfbc/1/null/13965965/2758665/99579980/2823132
2589,9q7l,Barbed end of F-actin and cofilin on sides,2026-03-04,3.7 Å,9q7l_C,9q7l_c,1085.58 Å²,89,5.0,1.0,https://bioinformatics.lt/ppi3d/site/interaction_details/single_sequence/rIiStfbc/1/null/13965965/2758667/99579982/2823133
2593,9b3d,mDia1 in the middle of F-actin,2024-05-29,3.4 Å,9b3d_F,9b3d_E,386.14 Å²,31,4.0,,https://bioinformatics.lt/ppi3d/site/interaction_details/single_sequence/rIiStfbc/1/null/13966477/2231977/78703960/2330564
2594,9b3d,mDia1 in the middle of F-actin,2024-05-29,3.4 Å,9b3d_E,9b3d_G,192.70 Å²,16,,,https://bioinformatics.lt/ppi3d/site/interaction_details/single_sequence/rIiStfbc/1/null/13966477/2231979/78703961/2330565
26,8iai,"Structure of mammalian spectrin-actin junctional complex of membrane skeleton, State II, Global map",2023-05-03,3.5 Å,8iai_H,8iai_G,392.06 Å²,32,3.0,2.0,https://bioinformatics.lt/ppi3d/site/interaction_details/single_sequence/rIiStfbc/1/null/13965313/1987907/72502535/2132185
2600,6djm,Cryo-EM structure of AMPPNP-actin filaments,2019-02-27,3.1 Å,6djm_B,6djm_A,432.06 Å²,38,3.0,,https://bioinformatics.lt/ppi3d/site/interaction_details/single_sequence/rIiStfbc/1/null/13965710/1506931/57547712/1606190
2601,6djm,Cryo-EM structure of AMPPNP-actin filaments,2019-02-27,3.1 Å,6djm_C,6djm_A,1216.84 Å²,106,7.0,3.0,https://bioinformatics.lt/ppi3d/site/interaction_details/single_sequence/rIiStfbc/1/null/13965710/1506933/57547713/1606191
2603,9q7l,Barbed end of F-actin and cofilin on sides,2026-03-04,3.7 Å,9q7l_B,9q7l_C,316.98 Å²,27,,,https://bioinformatics.lt/ppi3d/site/interaction_details/single_sequence/rIiStfbc/1/null/13965966/2758655/99579972/2823127
2604,9q7l,Barbed end of F-actin and cofilin on sides,2026-03-04,3.7 Å,9q7l_B,9q7l_D,362.21 Å²,31,3.0,2.0,https://bioinformatics.lt/ppi3d/site/interaction_details/single_sequence/rIiStfbc/1/null/13965966/2758657/99579973/2823128
2605,9q7l,Barbed end of F-actin and cofilin on sides,2026-03-04,3.7 Å,9q7l_B,9q7l_b,1077.90 Å²,96,5.0,2.0,https://bioinformatics.lt/ppi3d/site/interaction_details/single_sequence/rIiStfbc/1/null/13965966/2758659/99579976/2823129
2609,9b3d,mDia1 in the middle of F-actin,2024-05-29,3.4 Å,9b3d_E,9b3d_D,401.97 Å²,32,4.0,,https://bioinformatics.lt/ppi3d/site/interaction_details/single_sequence/rIiStfbc/1/null/13966478/2231971/78703956/2330561
2610,9b3d,mDia1 in the middle of F-actin,2024-05-29,3.4 Å,9b3d_F,9b3d_D,1175.74 Å²,97,8.0,3.0,https://bioinformatics.lt/ppi3d/site/interaction_details/single_sequence/rIiStfbc/1/null/13966478/2231973/78703957/2330562
2611,9b3d,mDia1 in the middle of F-actin,2024-05-29,3.4 Å,9b3d_D,9b3d_H,161.99 Å²,14,,,https://bioinformatics.lt/ppi3d/site/interaction_details/single_sequence/rIiStfbc/1/null/13966478/2231975/78703959/2330563
2617,9q7l,Barbed end of F-actin and cofilin on sides,2026-03-04,3.7 Å,9q7l_B,9q7l_A,330.83 Å²,30,,,https://bioinformatics.lt/ppi3d/site/interaction_details/single_sequence/rIiStfbc/1/null/13965967/2758649/99579965/2823124
2618,9q7l,Barbed end of F-actin and cofilin on sides,2026-03-04,3.7 Å,9q7l_A,9q7l_C,408.05 Å²,34,2.0,2.0,https://bioinformatics.lt/ppi3d/site/interaction_details/single_sequence/rIiStfbc/1/null/13965967/2758651/99579966/2823125
2619,9q7l,Barbed end of F-actin and cofilin on sides,2026-03-04,3.7 Å,9q7l_A,9q7l_a,1030.75 Å²,88,2.0,1.0,https://bioinformatics.lt/ppi3d/site/interaction_details/single_sequence/rIiStfbc/1/null/13965967/2758653/99579969/2823126
262,8c4c,F-actin decorated by SipA497-669,2024-01-17,2.7 Å,8c4c_E,8c4c_D,437.08 Å²,36,3.0,,https://bioinformatics.lt/ppi3d/site/interaction_details/single_sequence/rIiStfbc/1/null/13966091/2144591/75903776/2262546
2623,9b3d,mDia1 in the middle of F-actin,2024-05-29,3.4 Å,9b3d_D,9b3d_C,414.44 Å²,34,3.0,,https://bioinformatics.lt/ppi3d/site/interaction_details/single_sequence/rIiStfbc/1/null/13966479/2231965/78703951/2330558
2624,9b3d,mDia1 in the middle of F-actin,2024-05-29,3.4 Å,9b3d_E,9b3d_C,1170.52 Å²,94,8.0,4.0,https://bioinformatics.lt/ppi3d/site/interaction_details/single_sequence/rIiStfbc/1/null/13966479/2231967/78703952/2330559
2625,9b3d,mDia1 in the middle of F-actin,2024-05-29,3.4 Å,9b3d_C,9b3d_G,577.22 Å²,49,1.0,1.0,https://bioinformatics.lt/ppi3d/site/interaction_details/single_sequence/rIiStfbc/1/null/13966479/2231969/78703954/2330560
263,8c4c,F-actin decorated by SipA497-669,2024-01-17,2.7 Å,8c4c_F,8c4c_D,1178.03 Å²,95,6.0,5.0,https://bioinformatics.lt/ppi3d/site/interaction_details/single_sequence/rIiStfbc/1/null/13966091/2144593/75903777/2262547
2633,6djn,Cryo-EM structure of ADP-Pi-actin filaments,2019-02-27,3.1 Å,6djn_D,6djn_C,430.38 Å²,37,2.0,,https://bioinformatics.lt/ppi3d/site/interaction_details/single_sequence/rIiStfbc/1/null/13965712/1506929/57547711/1606189
2636,9q7k,Pointed end of Cofilin-2 Bound F-actin,2026-03-04,3.1 Å,9q7k_E,9q7k_c,676.84 Å²,59,10.0,5.0,https://bioinformatics.lt/ppi3d/site/interaction_details/single_sequence/rIiStfbc/1/null/13965968/2758645/99579952/2823122
2637,9q7k,Pointed end of Cofilin-2 Bound F-actin,2026-03-04,3.1 Å,9q7k_E,9q7k_e,1066.47 Å²,92,5.0,,https://bioinformatics.lt/ppi3d/site/interaction_details/single_sequence/rIiStfbc/1/null/13965968/2758647/99579954/2823123
264,8c4c,F-actin decorated by SipA497-669,2024-01-17,2.7 Å,8c4c_D,8c4c_K,455.75 Å²,38,2.0,,https://bioinformatics.lt/ppi3d/site/interaction_details/single_sequence/rIiStfbc/1/null/13966091/2144595/75903780/2262548
2640,9b3d,mDia1 in the middle of F-actin,2024-05-29,3.4 Å,9b3d_C,9b3d_B,437.58 Å²,35,2.0,2.0,https://bioinformatics.lt/ppi3d/site/interaction_details/single_sequence/rIiStfbc/1/null/13966480/2231959/78703945/2330555
2641,9b3d,mDia1 in the middle of F-actin,2024-05-29,3.4 Å,9b3d_D,9b3d_B,1176.43 Å²,95,7.0,4.0,https://bioinformatics.lt/ppi3d/site/interaction_details/single_sequence/rIiStfbc/1/null/13966480/2231961/78703946/2330556
2642,9b3d,mDia1 in the middle of F-actin,2024-05-29,3.4 Å,9b3d_B,9b3d_H,461.67 Å²,37,3.0,2.0,https://bioinformatics.lt/ppi3d/site/interaction_details/single_sequence/rIiStfbc/1/null/13966480/2231963/78703950/2330557
2647,6djn,Cryo-EM structure of ADP-Pi-actin filaments,2019-02-27,3.1 Å,6djn_C,6djn_B,424.53 Å²,36,2.0,,https://bioinformatics.lt/ppi3d/site/interaction_details/single_sequence/rIiStfbc/1/null/13965713/1506925/57547709/1606187
2648,6djn,Cryo-EM structure of ADP-Pi-actin filaments,2019-02-27,3.1 Å,6djn_D,6djn_B,1173.70 Å²,102,5.0,3.0,https://bioinformatics.lt/ppi3d/site/interaction_details/single_sequence/rIiStfbc/1/null/13965713/1506927/57547710/1606188
265,8c4c,F-actin decorated by SipA497-669,2024-01-17,2.7 Å,8c4c_D,8c4c_N,154.60 Å²,15,,,https://bioinformatics.lt/ppi3d/site/interaction_details/single_sequence/rIiStfbc/1/null/13966091/2144597/75903783/2262549
2651,9q7k,Pointed end of Cofilin-2 Bound F-actin,2026-03-04,3.1 Å,9q7k_E,9q7k_D,334.16 Å²,27,,,https://bioinformatics.lt/ppi3d/site/interaction_details/single_sequence/rIiStfbc/1/null/13965969/2758639/99579944/2823119
2652,9q7k,Pointed end of Cofilin-2 Bound F-actin,2026-03-04,3.1 Å,9q7k_D,9q7k_b,680.26 Å²,59,10.0,5.0,https://bioinformatics.lt/ppi3d/site/interaction_details/single_sequence/rIiStfbc/1/null/13965969/2758641/99579946/2823120
2653,9q7k,Pointed end of Cofilin-2 Bound F-actin,2026-03-04,3.1 Å,9q7k_D,9q7k_d,1055.89 Å²,89,4.0,,https://bioinformatics.lt/ppi3d/site/interaction_details/single_sequence/rIiStfbc/1/null/13965969/2758643/99579948/2823121
2657,9b3d,mDia1 in the middle of F-actin,2024-05-29,3.4 Å,9b3d_B,9b3d_A,468.16 Å²,43,3.0,2.0,https://bioinformatics.lt/ppi3d/site/interaction_details/single_sequence/rIiStfbc/1/null/13966481/2231955/78703938/2330553
2658,9b3d,mDia1 in the middle of F-actin,2024-05-29,3.4 Å,9b3d_C,9b3d_A,1165.27 Å²,91,5.0,4.0,https://bioinformatics.lt/ppi3d/site/interaction_details/single_sequence/rIiStfbc/1/null/13966481/2231957/78703939/2330554
2664,6djn,Cryo-EM structure of ADP-Pi-actin filaments,2019-02-27,3.1 Å,6djn_B,6djn_A,433.17 Å²,38,2.0,1.0,https://bioinformatics.lt/ppi3d/site/interaction_details/single_sequence/rIiStfbc/1/null/13965714/1506921/57547706/1606185
2665,6djn,Cryo-EM structure of ADP-Pi-actin filaments,2019-02-27,3.1 Å,6djn_C,6djn_A,1172.07 Å²,100,6.0,3.0,https://bioinformatics.lt/ppi3d/site/interaction_details/single_sequence/rIiStfbc/1/null/13965714/1506923/57547707/1606186
2668,9q7k,Pointed end of Cofilin-2 Bound F-actin,2026-03-04,3.1 Å,9q7k_D,9q7k_C,315.41 Å²,27,,,https://bioinformatics.lt/ppi3d/site/interaction_details/single_sequence/rIiStfbc/1/null/13965970/2758631/99579937/2823115
2669,9q7k,Pointed end of Cofilin-2 Bound F-actin,2026-03-04,3.1 Å,9q7k_C,9q7k_E,392.75 Å²,33,2.0,2.0,https://bioinformatics.lt/ppi3d/site/interaction_details/single_sequence/rIiStfbc/1/null/13965970/2758633/99579938/2823116
2670,9q7k,Pointed end of Cofilin-2 Bound F-actin,2026-03-04,3.1 Å,9q7k_C,9q7k_a,661.31 Å²,57,10.0,4.0,https://bioinformatics.lt/ppi3d/site/interaction_details/single_sequence/rIiStfbc/1/null/13965970/2758635/99579939/2823117
2671,9q7k,Pointed end of Cofilin-2 Bound F-actin,2026-03-04,3.1 Å,9q7k_C,9q7k_c,1075.83 Å²,95,3.0,,https://bioinformatics.lt/ppi3d/site/interaction_details/single_sequence/rIiStfbc/1/null/13965970/2758637/99579941/2823118
2677,9b27,Dia1 at the Barbed End of F-Actin,2024-05-29,3.5 Å,9b27_F,9b27_G,194.56 Å²,17,1.0,2.0,https://bioinformatics.lt/ppi3d/site/interaction_details/single_sequence/rIiStfbc/1/null/13966482/2231949/78703935/2330550
2678,9b27,Dia1 at the Barbed End of F-Actin,2024-05-29,3.5 Å,9b27_F,9b27_H,879.62 Å²,77,4.0,3.0,https://bioinformatics.lt/ppi3d/site/interaction_details/single_sequence/rIiStfbc/1/null/13966482/2231951/78703936/2330551
268,6vao,Human cofilin-1 decorated actin filament,2020-01-08,3.4 Å,6vao_E,6vao_D,415.29 Å²,40,2.0,,https://bioinformatics.lt/ppi3d/site/interaction_details/single_sequence/rIiStfbc/1/null/13966347/1281212/46035823/1376632
2688,9q7k,Pointed end of Cofilin-2 Bound F-actin,2026-03-04,3.1 Å,9q7k_C,9q7k_B,342.14 Å²,28,,,https://bioinformatics.lt/ppi3d/site/interaction_details/single_sequence/rIiStfbc/1/null/13965971/2758625/99579929/2823112
2689,9q7k,Pointed end of Cofilin-2 Bound F-actin,2026-03-04,3.1 Å,9q7k_B,9q7k_D,408.77 Å²,38,2.0,2.0,https://bioinformatics.lt/ppi3d/site/interaction_details/single_sequence/rIiStfbc/1/null/13965971/2758627/99579930/2823113
269,6vao,Human cofilin-1 decorated actin filament,2020-01-08,3.4 Å,6vao_E,6vao_I,791.07 Å²,61,6.0,4.0,https://bioinformatics.lt/ppi3d/site/interaction_details/single_sequence/rIiStfbc/1/null/13966347/1281221/46035825/1376637
2690,9q7k,Pointed end of Cofilin-2 Bound F-actin,2026-03-04,3.1 Å,9q7k_B,9q7k_b,1074.10 Å²,90,4.0,,https://bioinformatics.lt/ppi3d/site/interaction_details/single_sequence/rIiStfbc/1/null/13965971/2758629/99579933/2823114
2696,9b27,Dia1 at the Barbed End of F-Actin,2024-05-29,3.5 Å,9b27_F,9b27_E,415.18 Å²,33,2.0,1.0,https://bioinformatics.lt/ppi3d/site/interaction_details/single_sequence/rIiStfbc/1/null/13966483/2231945/78703932/2330548
2697,9b27,Dia1 at the Barbed End of F-Actin,2024-05-29,3.5 Å,9b27_E,9b27_G,1001.44 Å²,85,8.0,4.0,https://bioinformatics.lt/ppi3d/site/interaction_details/single_sequence/rIiStfbc/1/null/13966483/2231947/78703933/2330549
27,8iai,"Structure of mammalian spectrin-actin junctional complex of membrane skeleton, State II, Global map",2023-05-03,3.5 Å,8iai_I,8iai_G,1131.51 Å²,90,4.0,3.0,https://bioinformatics.lt/ppi3d/site/interaction_details/single_sequence/rIiStfbc/1/null/13965313/1987909/72502536/2132186
270,6vao,Human cofilin-1 decorated actin filament,2020-01-08,3.4 Å,6vao_E,6vao_H,1004.58 Å²,86,5.0,3.0,https://bioinformatics.lt/ppi3d/site/interaction_details/single_sequence/rIiStfbc/1/null/13966347/1281219/46035826/1376636
2702,6djo,Cryo-EM structure of ADP-actin filaments,2019-02-27,3.6 Å,6djo_D,6djo_C,468.76 Å²,40,2.0,1.0,https://bioinformatics.lt/ppi3d/site/interaction_details/single_sequence/rIiStfbc/1/null/13965716/1506919/57547705/1606184
2703,9q7k,Pointed end of Cofilin-2 Bound F-actin,2026-03-04,3.1 Å,9q7k_B,9q7k_A,358.41 Å²,31,,,https://bioinformatics.lt/ppi3d/site/interaction_details/single_sequence/rIiStfbc/1/null/13965972/2758619/99579920/2823109
2704,9q7k,Pointed end of Cofilin-2 Bound F-actin,2026-03-04,3.1 Å,9q7k_A,9q7k_C,399.69 Å²,32,2.0,3.0,https://bioinformatics.lt/ppi3d/site/interaction_details/single_sequence/rIiStfbc/1/null/13965972/2758621/99579921/2823110
2705,9q7k,Pointed end of Cofilin-2 Bound F-actin,2026-03-04,3.1 Å,9q7k_A,9q7k_a,1096.91 Å²,90,4.0,1.0,https://bioinformatics.lt/ppi3d/site/interaction_details/single_sequence/rIiStfbc/1/null/13965972/2758623/99579924/2823111
2709,9b27,Dia1 at the Barbed End of F-Actin,2024-05-29,3.5 Å,9b27_E,9b27_D,427.72 Å²,33,4.0,,https://bioinformatics.lt/ppi3d/site/interaction_details/single_sequence/rIiStfbc/1/null/13966484/2231941/78703928/2330546
2710,9b27,Dia1 at the Barbed End of F-Actin,2024-05-29,3.5 Å,9b27_F,9b27_D,1168.64 Å²,96,6.0,4.0,https://bioinformatics.lt/ppi3d/site/interaction_details/single_sequence/rIiStfbc/1/null/13966484/2231943/78703929/2330547
2713,9fjm,Cryo-EM structure of the phalloidin-bound pointed end of the actin filament.,2024-09-11,3.6 Å,9fjm_D,9fjm_C,386.92 Å²,29,2.0,,https://bioinformatics.lt/ppi3d/site/interaction_details/single_sequence/rIiStfbc/1/null/13965461/2317449/80563650/2401556
2715,6djo,Cryo-EM structure of ADP-actin filaments,2019-02-27,3.6 Å,6djo_C,6djo_B,462.03 Å²,39,2.0,1.0,https://bioinformatics.lt/ppi3d/site/interaction_details/single_sequence/rIiStfbc/1/null/13965717/1506915/57547703/1606182
2716,6djo,Cryo-EM structure of ADP-actin filaments,2019-02-27,3.6 Å,6djo_D,6djo_B,1184.08 Å²,102,3.0,3.0,https://bioinformatics.lt/ppi3d/site/interaction_details/single_sequence/rIiStfbc/1/null/13965717/1506917/57547704/1606183
2721,9b27,Dia1 at the Barbed End of F-Actin,2024-05-29,3.5 Å,9b27_D,9b27_C,434.36 Å²,34,3.0,1.0,https://bioinformatics.lt/ppi3d/site/interaction_details/single_sequence/rIiStfbc/1/null/13966485/2231937/78703923/2330544
2722,9b27,Dia1 at the Barbed End of F-Actin,2024-05-29,3.5 Å,9b27_E,9b27_C,1182.50 Å²,92,7.0,4.0,https://bioinformatics.lt/ppi3d/site/interaction_details/single_sequence/rIiStfbc/1/null/13966485/2231939/78703924/2330545
2724,9fjm,Cryo-EM structure of the phalloidin-bound pointed end of the actin filament.,2024-09-11,3.6 Å,9fjm_C,9fjm_B,442.19 Å²,40,3.0,2.0,https://bioinformatics.lt/ppi3d/site/interaction_details/single_sequence/rIiStfbc/1/null/13965462/2317445/80563644/2401554
2725,9fjm,Cryo-EM structure of the phalloidin-bound pointed end of the actin filament.,2024-09-11,3.6 Å,9fjm_D,9fjm_B,1178.07 Å²,92,4.0,4.0,https://bioinformatics.lt/ppi3d/site/interaction_details/single_sequence/rIiStfbc/1/null/13965462/2317447/80563645/2401555
2726,6djo,Cryo-EM structure of ADP-actin filaments,2019-02-27,3.6 Å,6djo_B,6djo_A,465.44 Å²,40,2.0,1.0,https://bioinformatics.lt/ppi3d/site/interaction_details/single_sequence/rIiStfbc/1/null/13965718/1506911/57547700/1606180
2727,6djo,Cryo-EM structure of ADP-actin filaments,2019-02-27,3.6 Å,6djo_C,6djo_A,1182.83 Å²,103,3.0,4.0,https://bioinformatics.lt/ppi3d/site/interaction_details/single_sequence/rIiStfbc/1/null/13965718/1506913/57547701/1606181
273,8vaa,Actin-binding domain of Legionella pneumophila effector LFAT1 (lpg1387) bound to F-actin,2024-12-18,3.6 Å,8vaa_H,8vaa_G,378.62 Å²,30,,1.0,https://bioinformatics.lt/ppi3d/site/interaction_details/single_sequence/rIiStfbc/1/null/13966603/2401999/85961664/2487752
2731,9b27,Dia1 at the Barbed End of F-Actin,2024-05-29,3.5 Å,9b27_C,9b27_B,451.65 Å²,36,2.0,1.0,https://bioinformatics.lt/ppi3d/site/interaction_details/single_sequence/rIiStfbc/1/null/13966486/2231933/78703917/2330542
2732,9b27,Dia1 at the Barbed End of F-Actin,2024-05-29,3.5 Å,9b27_D,9b27_B,1179.14 Å²,95,4.0,3.0,https://bioinformatics.lt/ppi3d/site/interaction_details/single_sequence/rIiStfbc/1/null/13966486/2231935/78703918/2330543
2733,9fjm,Cryo-EM structure of the phalloidin-bound pointed end of the actin filament.,2024-09-11,3.6 Å,9fjm_B,9fjm_A,419.26 Å²,35,1.0,1.0,https://bioinformatics.lt/ppi3d/site/interaction_details/single_sequence/rIiStfbc/1/null/13965463/2317441/80563637/2401552
2734,9fjm,Cryo-EM structure of the phalloidin-bound pointed end of the actin filament.,2024-09-11,3.6 Å,9fjm_C,9fjm_A,1136.74 Å²,98,8.0,4.0,https://bioinformatics.lt/ppi3d/site/interaction_details/single_sequence/rIiStfbc/1/null/13965463/2317443/80563638/2401553
2739,9b27,Dia1 at the Barbed End of F-Actin,2024-05-29,3.5 Å,9b27_B,9b27_A,430.04 Å²,32,3.0,,https://bioinformatics.lt/ppi3d/site/interaction_details/single_sequence/rIiStfbc/1/null/13966487/2231929/78703910/2330540
274,8vaa,Actin-binding domain of Legionella pneumophila effector LFAT1 (lpg1387) bound to F-actin,2024-12-18,3.6 Å,8vaa_I,8vaa_G,1060.14 Å²,89,1.0,3.0,https://bioinformatics.lt/ppi3d/site/interaction_details/single_sequence/rIiStfbc/1/null/13966603/2402001/85961665/2487753
2740,9b27,Dia1 at the Barbed End of F-Actin,2024-05-29,3.5 Å,9b27_C,9b27_A,1156.33 Å²,93,4.0,3.0,https://bioinformatics.lt/ppi3d/site/interaction_details/single_sequence/rIiStfbc/1/null/13966487/2231931/78703911/2330541
2743,7k20,Cryo-EM structure of pyrene-labeled ADP-actin filaments,2020-11-04,3.2 Å,7k20_D,7k20_C,463.13 Å²,38,3.0,2.0,https://bioinformatics.lt/ppi3d/site/interaction_details/single_sequence/rIiStfbc/1/null/13965720/1519075/57547106/1632841
2752,7k20,Cryo-EM structure of pyrene-labeled ADP-actin filaments,2020-11-04,3.2 Å,7k20_C,7k20_B,458.67 Å²,40,5.0,2.0,https://bioinformatics.lt/ppi3d/site/interaction_details/single_sequence/rIiStfbc/1/null/13965721/1519071/57547104/1632839
2753,7k20,Cryo-EM structure of pyrene-labeled ADP-actin filaments,2020-11-04,3.2 Å,7k20_D,7k20_B,1110.33 Å²,94,4.0,3.0,https://bioinformatics.lt/ppi3d/site/interaction_details/single_sequence/rIiStfbc/1/null/13965721/1519073/57547105/1632840
2760,9b0k,INF2 in the Middle of F-Actin (Down state),2024-05-29,3.0 Å,9b0k_F,9b0k_E,375.93 Å²,31,4.0,,https://bioinformatics.lt/ppi3d/site/interaction_details/single_sequence/rIiStfbc/1/null/13966489/2231923/78703904/2330537
2761,9b0k,INF2 in the Middle of F-Actin (Down state),2024-05-29,3.0 Å,9b0k_E,9b0k_G,325.51 Å²,32,,1.0,https://bioinformatics.lt/ppi3d/site/interaction_details/single_sequence/rIiStfbc/1/null/13966489/2231925/78703905/2330538
2762,7k20,Cryo-EM structure of pyrene-labeled ADP-actin filaments,2020-11-04,3.2 Å,7k20_B,7k20_A,461.12 Å²,40,3.0,2.0,https://bioinformatics.lt/ppi3d/site/interaction_details/single_sequence/rIiStfbc/1/null/13965722/1519067/57547101/1632837
2763,7k20,Cryo-EM structure of pyrene-labeled ADP-actin filaments,2020-11-04,3.2 Å,7k20_C,7k20_A,1067.90 Å²,91,5.0,4.0,https://bioinformatics.lt/ppi3d/site/interaction_details/single_sequence/rIiStfbc/1/null/13965722/1519069/57547102/1632838
277,8iah,"Structure of mammalian spectrin-actin junctional complex of membrane skeleton, State I, Global map",2023-05-03,3.6 Å,8iah_H,8iah_7,1247.87 Å²,113,6.0,1.0,https://bioinformatics.lt/ppi3d/site/interaction_details/single_sequence/rIiStfbc/1/null/13965324/1987626/72501809/2132044
2770,9b0k,INF2 in the Middle of F-Actin (Down state),2024-05-29,3.0 Å,9b0k_E,9b0k_D,386.71 Å²,31,4.0,,https://bioinformatics.lt/ppi3d/site/interaction_details/single_sequence/rIiStfbc/1/null/13966490/2231915/78703900/2330533
2771,9b0k,INF2 in the Middle of F-Actin (Down state),2024-05-29,3.0 Å,9b0k_F,9b0k_D,1181.68 Å²,98,6.0,4.0,https://bioinformatics.lt/ppi3d/site/interaction_details/single_sequence/rIiStfbc/1/null/13966490/2231917/78703901/2330534
2772,9b0k,INF2 in the Middle of F-Actin (Down state),2024-05-29,3.0 Å,9b0k_D,9b0k_G,239.61 Å²,17,3.0,2.0,https://bioinformatics.lt/ppi3d/site/interaction_details/single_sequence/rIiStfbc/1/null/13966490/2231919/78703902/2330535
2773,9b0k,INF2 in the Middle of F-Actin (Down state),2024-05-29,3.0 Å,9b0k_D,9b0k_H,589.51 Å²,48,2.0,,https://bioinformatics.lt/ppi3d/site/interaction_details/single_sequence/rIiStfbc/1/null/13966490/2231921/78703903/2330536
2786,9b0k,INF2 in the Middle of F-Actin (Down state),2024-05-29,3.0 Å,9b0k_D,9b0k_C,413.92 Å²,34,2.0,,https://bioinformatics.lt/ppi3d/site/interaction_details/single_sequence/rIiStfbc/1/null/13966491/2231907/78703895/2330529
2787,9b0k,INF2 in the Middle of F-Actin (Down state),2024-05-29,3.0 Å,9b0k_E,9b0k_C,1212.01 Å²,97,9.0,4.0,https://bioinformatics.lt/ppi3d/site/interaction_details/single_sequence/rIiStfbc/1/null/13966491/2231909/78703896/2330530
2788,9b0k,INF2 in the Middle of F-Actin (Down state),2024-05-29,3.0 Å,9b0k_C,9b0k_G,143.22 Å²,13,,,https://bioinformatics.lt/ppi3d/site/interaction_details/single_sequence/rIiStfbc/1/null/13966491/2231911/78703898/2330531
2789,9b0k,INF2 in the Middle of F-Actin (Down state),2024-05-29,3.0 Å,9b0k_C,9b0k_H,366.47 Å²,33,3.0,2.0,https://bioinformatics.lt/ppi3d/site/interaction_details/single_sequence/rIiStfbc/1/null/13966491/2231913/78703899/2330532
2794,7k21,Cryo-EM structure of pyrene-labeled ADP-Pi-actin filaments,2020-11-04,3.0 Å,7k21_D,7k21_C,453.28 Å²,40,3.0,1.0,https://bioinformatics.lt/ppi3d/site/interaction_details/single_sequence/rIiStfbc/1/null/13965724/1519065/57547100/1632836
28,8iai,"Structure of mammalian spectrin-actin junctional complex of membrane skeleton, State II, Global map",2023-05-03,3.5 Å,8iai_G,8iai_Q,1581.50 Å²,127,8.0,6.0,https://bioinformatics.lt/ppi3d/site/interaction_details/single_sequence/rIiStfbc/1/null/13965313/1987911/72502543/2132187
280,8iah,"Structure of mammalian spectrin-actin junctional complex of membrane skeleton, State I, Global map",2023-05-03,3.6 Å,8iah_I,8iah_H,384.15 Å²,33,3.0,1.0,https://bioinformatics.lt/ppi3d/site/interaction_details/single_sequence/rIiStfbc/1/null/13965324/1987713/72502035/2132088
2802,9b0k,INF2 in the Middle of F-Actin (Down state),2024-05-29,3.0 Å,9b0k_C,9b0k_B,448.23 Å²,37,2.0,1.0,https://bioinformatics.lt/ppi3d/site/interaction_details/single_sequence/rIiStfbc/1/null/13966492/2231901/78703889/2330526
2803,9b0k,INF2 in the Middle of F-Actin (Down state),2024-05-29,3.0 Å,9b0k_D,9b0k_B,1142.52 Å²,100,6.0,4.0,https://bioinformatics.lt/ppi3d/site/interaction_details/single_sequence/rIiStfbc/1/null/13966492/2231903/78703890/2330527
2804,9b0k,INF2 in the Middle of F-Actin (Down state),2024-05-29,3.0 Å,9b0k_B,9b0k_G,316.18 Å²,25,1.0,,https://bioinformatics.lt/ppi3d/site/interaction_details/single_sequence/rIiStfbc/1/null/13966492/2231905/78703893/2330528
2809,7k21,Cryo-EM structure of pyrene-labeled ADP-Pi-actin filaments,2020-11-04,3.0 Å,7k21_C,7k21_B,451.03 Å²,40,3.0,2.0,https://bioinformatics.lt/ppi3d/site/interaction_details/single_sequence/rIiStfbc/1/null/13965725/1519061/57547098/1632834
281,8iah,"Structure of mammalian spectrin-actin junctional complex of membrane skeleton, State I, Global map",2023-05-03,3.6 Å,8iah_J,8iah_H,1104.61 Å²,88,5.0,3.0,https://bioinformatics.lt/ppi3d/site/interaction_details/single_sequence/rIiStfbc/1/null/13965324/1987715/72502036/2132089
2810,7k21,Cryo-EM structure of pyrene-labeled ADP-Pi-actin filaments,2020-11-04,3.0 Å,7k21_D,7k21_B,1124.47 Å²,91,6.0,3.0,https://bioinformatics.lt/ppi3d/site/interaction_details/single_sequence/rIiStfbc/1/null/13965725/1519063/57547099/1632835
2816,9b0k,INF2 in the Middle of F-Actin (Down state),2024-05-29,3.0 Å,9b0k_B,9b0k_A,469.16 Å²,39,3.0,2.0,https://bioinformatics.lt/ppi3d/site/interaction_details/single_sequence/rIiStfbc/1/null/13966493/2231895/78703882/2330523
2817,9b0k,INF2 in the Middle of F-Actin (Down state),2024-05-29,3.0 Å,9b0k_C,9b0k_A,1174.98 Å²,99,6.0,4.0,https://bioinformatics.lt/ppi3d/site/interaction_details/single_sequence/rIiStfbc/1/null/13966493/2231897/78703883/2330524
2818,9b0k,INF2 in the Middle of F-Actin (Down state),2024-05-29,3.0 Å,9b0k_A,9b0k_H,300.29 Å²,28,,,https://bioinformatics.lt/ppi3d/site/interaction_details/single_sequence/rIiStfbc/1/null/13966493/2231899/78703888/2330525
282,8iah,"Structure of mammalian spectrin-actin junctional complex of membrane skeleton, State I, Global map",2023-05-03,3.6 Å,8iah_H,8iah_R,1219.03 Å²,94,5.0,4.0,https://bioinformatics.lt/ppi3d/site/interaction_details/single_sequence/rIiStfbc/1/null/13965324/1987717/72502044/2132090
2823,7k21,Cryo-EM structure of pyrene-labeled ADP-Pi-actin filaments,2020-11-04,3.0 Å,7k21_B,7k21_A,446.71 Å²,40,3.0,2.0,https://bioinformatics.lt/ppi3d/site/interaction_details/single_sequence/rIiStfbc/1/null/13965726/1519057/57547095/1632832
2824,7k21,Cryo-EM structure of pyrene-labeled ADP-Pi-actin filaments,2020-11-04,3.0 Å,7k21_C,7k21_A,1071.03 Å²,91,5.0,3.0,https://bioinformatics.lt/ppi3d/site/interaction_details/single_sequence/rIiStfbc/1/null/13965726/1519059/57547096/1632833
283,8iah,"Structure of mammalian spectrin-actin junctional complex of membrane skeleton, State I, Global map",2023-05-03,3.6 Å,8iah_H,8iah_T,327.35 Å²,24,2.0,,https://bioinformatics.lt/ppi3d/site/interaction_details/single_sequence/rIiStfbc/1/null/13965324/1987719/72502046/2132091
2837,9m64,Structure of SPIN90 dimer-Arp2/3 complexes-nucleated actin filaments (Doublet Complex),2025-09-10,3.4 Å,9m64_k,9m64_l,228.15 Å²,20,2.0,,https://bioinformatics.lt/ppi3d/site/interaction_details/single_sequence/rIiStfbc/1/null/13965983/2593275/96642383/2706069
2842,9b03,INF2 in the Middle of F-Actin (Up state),2024-05-29,3.0 Å,9b03_F,9b03_E,375.93 Å²,31,4.0,,https://bioinformatics.lt/ppi3d/site/interaction_details/single_sequence/rIiStfbc/1/null/13966495/2231889/78703876/2330520
2843,9b03,INF2 in the Middle of F-Actin (Up state),2024-05-29,3.0 Å,9b03_E,9b03_G,325.51 Å²,32,,1.0,https://bioinformatics.lt/ppi3d/site/interaction_details/single_sequence/rIiStfbc/1/null/13966495/2231891/78703877/2330521
2848,6kll,F-actin of cardiac thin filament in low-calcium state,2020-01-15,3.0 Å,6kll_D,6kll_C,400.72 Å²,35,2.0,,https://bioinformatics.lt/ppi3d/site/interaction_details/single_sequence/rIiStfbc/1/null/13965728/1521317/57547025/1636101
2849,9m64,Structure of SPIN90 dimer-Arp2/3 complexes-nucleated actin filaments (Doublet Complex),2025-09-10,3.4 Å,9m64_j,9m64_b,1083.22 Å²,91,9.0,4.0,https://bioinformatics.lt/ppi3d/site/interaction_details/single_sequence/rIiStfbc/1/null/13965984/2593252/96642336/2706057
2851,9m64,Structure of SPIN90 dimer-Arp2/3 complexes-nucleated actin filaments (Doublet Complex),2025-09-10,3.4 Å,9m64_k,9m64_j,379.02 Å²,39,2.0,1.0,https://bioinformatics.lt/ppi3d/site/interaction_details/single_sequence/rIiStfbc/1/null/13965984/2593271/96642381/2706067
2852,9m64,Structure of SPIN90 dimer-Arp2/3 complexes-nucleated actin filaments (Doublet Complex),2025-09-10,3.4 Å,9m64_l,9m64_j,834.55 Å²,80,4.0,,https://bioinformatics.lt/ppi3d/site/interaction_details/single_sequence/rIiStfbc/1/null/13965984/2593273/96642382/2706068
2857,9b03,INF2 in the Middle of F-Actin (Up state),2024-05-29,3.0 Å,9b03_E,9b03_D,386.71 Å²,31,4.0,,https://bioinformatics.lt/ppi3d/site/interaction_details/single_sequence/rIiStfbc/1/null/13966496/2231881/78703872/2330516
2858,9b03,INF2 in the Middle of F-Actin (Up state),2024-05-29,3.0 Å,9b03_F,9b03_D,1181.68 Å²,98,6.0,4.0,https://bioinformatics.lt/ppi3d/site/interaction_details/single_sequence/rIiStfbc/1/null/13966496/2231883/78703873/2330517
2859,9b03,INF2 in the Middle of F-Actin (Up state),2024-05-29,3.0 Å,9b03_D,9b03_G,239.61 Å²,17,3.0,2.0,https://bioinformatics.lt/ppi3d/site/interaction_details/single_sequence/rIiStfbc/1/null/13966496/2231885/78703874/2330518
286,9hm9,Structure of the optimized F-tractin in complex with F-actin,2025-01-22,3.4 Å,9hm9_D,9hm9_B,1170.90 Å²,100,5.0,3.0,https://bioinformatics.lt/ppi3d/site/interaction_details/single_sequence/rIiStfbc/1/null/13965580/2415419/87257698/2507534
2860,9b03,INF2 in the Middle of F-Actin (Up state),2024-05-29,3.0 Å,9b03_D,9b03_H,589.51 Å²,48,2.0,,https://bioinformatics.lt/ppi3d/site/interaction_details/single_sequence/rIiStfbc/1/null/13966496/2231887/78703875/2330519
2868,6kll,F-actin of cardiac thin filament in low-calcium state,2020-01-15,3.0 Å,6kll_C,6kll_B,387.39 Å²,34,2.0,1.0,https://bioinformatics.lt/ppi3d/site/interaction_details/single_sequence/rIiStfbc/1/null/13965729/1521313/57547023/1636099
2869,6kll,F-actin of cardiac thin filament in low-calcium state,2020-01-15,3.0 Å,6kll_D,6kll_B,1168.90 Å²,97,7.0,4.0,https://bioinformatics.lt/ppi3d/site/interaction_details/single_sequence/rIiStfbc/1/null/13965729/1521315/57547024/1636100
2870,9m64,Structure of SPIN90 dimer-Arp2/3 complexes-nucleated actin filaments (Doublet Complex),2025-09-10,3.4 Å,9m64_i,9m64_a,1369.27 Å²,125,9.0,3.0,https://bioinformatics.lt/ppi3d/site/interaction_details/single_sequence/rIiStfbc/1/null/13965985/2593240/96642325/2706051
2871,9m64,Structure of SPIN90 dimer-Arp2/3 complexes-nucleated actin filaments (Doublet Complex),2025-09-10,3.4 Å,9m64_i,9m64_b,448.52 Å²,36,4.0,1.0,https://bioinformatics.lt/ppi3d/site/interaction_details/single_sequence/rIiStfbc/1/null/13965985/2593250/96642335/2706056
2872,9m64,Structure of SPIN90 dimer-Arp2/3 complexes-nucleated actin filaments (Doublet Complex),2025-09-10,3.4 Å,9m64_j,9m64_i,313.17 Å²,27,1.0,,https://bioinformatics.lt/ppi3d/site/interaction_details/single_sequence/rIiStfbc/1/null/13965985/2593267/96642378/2706065
2873,9m64,Structure of SPIN90 dimer-Arp2/3 complexes-nucleated actin filaments (Doublet Complex),2025-09-10,3.4 Å,9m64_k,9m64_i,1058.67 Å²,93,6.0,3.0,https://bioinformatics.lt/ppi3d/site/interaction_details/single_sequence/rIiStfbc/1/null/13965985/2593269/96642379/2706066
2878,9b03,INF2 in the Middle of F-Actin (Up state),2024-05-29,3.0 Å,9b03_D,9b03_C,413.92 Å²,34,2.0,,https://bioinformatics.lt/ppi3d/site/interaction_details/single_sequence/rIiStfbc/1/null/13966497/2231873/78703867/2330512
2879,9b03,INF2 in the Middle of F-Actin (Up state),2024-05-29,3.0 Å,9b03_E,9b03_C,1212.01 Å²,97,9.0,4.0,https://bioinformatics.lt/ppi3d/site/interaction_details/single_sequence/rIiStfbc/1/null/13966497/2231875/78703868/2330513
2880,9b03,INF2 in the Middle of F-Actin (Up state),2024-05-29,3.0 Å,9b03_C,9b03_G,143.22 Å²,13,,,https://bioinformatics.lt/ppi3d/site/interaction_details/single_sequence/rIiStfbc/1/null/13966497/2231877/78703870/2330514
2881,9b03,INF2 in the Middle of F-Actin (Up state),2024-05-29,3.0 Å,9b03_C,9b03_H,366.47 Å²,33,3.0,2.0,https://bioinformatics.lt/ppi3d/site/interaction_details/single_sequence/rIiStfbc/1/null/13966497/2231879/78703871/2330515
2884,6kll,F-actin of cardiac thin filament in low-calcium state,2020-01-15,3.0 Å,6kll_B,6kll_A,400.58 Å²,34,2.0,,https://bioinformatics.lt/ppi3d/site/interaction_details/single_sequence/rIiStfbc/1/null/13965730/1521309/57547020/1636097
2885,6kll,F-actin of cardiac thin filament in low-calcium state,2020-01-15,3.0 Å,6kll_C,6kll_A,1172.63 Å²,99,7.0,4.0,https://bioinformatics.lt/ppi3d/site/interaction_details/single_sequence/rIiStfbc/1/null/13965730/1521311/57547021/1636098
2890,9b03,INF2 in the Middle of F-Actin (Up state),2024-05-29,3.0 Å,9b03_C,9b03_B,448.23 Å²,37,2.0,1.0,https://bioinformatics.lt/ppi3d/site/interaction_details/single_sequence/rIiStfbc/1/null/13966498/2231867/78703861/2330509
2891,9b03,INF2 in the Middle of F-Actin (Up state),2024-05-29,3.0 Å,9b03_D,9b03_B,1142.52 Å²,100,6.0,4.0,https://bioinformatics.lt/ppi3d/site/interaction_details/single_sequence/rIiStfbc/1/null/13966498/2231869/78703862/2330510
2892,9b03,INF2 in the Middle of F-Actin (Up state),2024-05-29,3.0 Å,9b03_B,9b03_G,316.18 Å²,25,1.0,,https://bioinformatics.lt/ppi3d/site/interaction_details/single_sequence/rIiStfbc/1/null/13966498/2231871/78703865/2330511
29,8iai,"Structure of mammalian spectrin-actin junctional complex of membrane skeleton, State II, Global map",2023-05-03,3.5 Å,8iai_G,8iai_S,389.76 Å²,30,1.0,,https://bioinformatics.lt/ppi3d/site/interaction_details/single_sequence/rIiStfbc/1/null/13965313/1987913/72502545/2132188
290,8c4c,F-actin decorated by SipA497-669,2024-01-17,2.7 Å,8c4c_D,8c4c_C,406.42 Å²,37,3.0,,https://bioinformatics.lt/ppi3d/site/interaction_details/single_sequence/rIiStfbc/1/null/13966092/2144583/75903767/2262542
2900,9m64,Structure of SPIN90 dimer-Arp2/3 complexes-nucleated actin filaments (Doublet Complex),2025-09-10,3.4 Å,9m64_K,9m64_L,235.02 Å²,23,2.0,,https://bioinformatics.lt/ppi3d/site/interaction_details/single_sequence/rIiStfbc/1/null/13965987/2593229/96642293/2706046
2902,9b03,INF2 in the Middle of F-Actin (Up state),2024-05-29,3.0 Å,9b03_B,9b03_A,469.16 Å²,39,3.0,2.0,https://bioinformatics.lt/ppi3d/site/interaction_details/single_sequence/rIiStfbc/1/null/13966499/2231861/78703854/2330506
2903,9b03,INF2 in the Middle of F-Actin (Up state),2024-05-29,3.0 Å,9b03_C,9b03_A,1174.98 Å²,99,6.0,4.0,https://bioinformatics.lt/ppi3d/site/interaction_details/single_sequence/rIiStfbc/1/null/13966499/2231863/78703855/2330507
2904,9b03,INF2 in the Middle of F-Actin (Up state),2024-05-29,3.0 Å,9b03_A,9b03_H,300.29 Å²,28,,,https://bioinformatics.lt/ppi3d/site/interaction_details/single_sequence/rIiStfbc/1/null/13966499/2231865/78703860/2330508
291,8c4c,F-actin decorated by SipA497-669,2024-01-17,2.7 Å,8c4c_E,8c4c_C,1166.58 Å²,97,7.0,5.0,https://bioinformatics.lt/ppi3d/site/interaction_details/single_sequence/rIiStfbc/1/null/13966092/2144585/75903768/2262543
2910,6kln,F-actin of cardiac thin filament in high-calcium state,2020-01-15,3.4 Å,6kln_D,6kln_C,382.61 Å²,32,2.0,,https://bioinformatics.lt/ppi3d/site/interaction_details/single_sequence/rIiStfbc/1/null/13965732/1521307/57547019/1636096
2911,9m64,Structure of SPIN90 dimer-Arp2/3 complexes-nucleated actin filaments (Doublet Complex),2025-09-10,3.4 Å,9m64_J,9m64_B,1074.52 Å²,94,9.0,5.0,https://bioinformatics.lt/ppi3d/site/interaction_details/single_sequence/rIiStfbc/1/null/13965988/2593198/96642138/2706030
2913,9m64,Structure of SPIN90 dimer-Arp2/3 complexes-nucleated actin filaments (Doublet Complex),2025-09-10,3.4 Å,9m64_K,9m64_J,433.54 Å²,42,4.0,1.0,https://bioinformatics.lt/ppi3d/site/interaction_details/single_sequence/rIiStfbc/1/null/13965988/2593225/96642279/2706044
2914,9m64,Structure of SPIN90 dimer-Arp2/3 complexes-nucleated actin filaments (Doublet Complex),2025-09-10,3.4 Å,9m64_L,9m64_J,839.30 Å²,80,4.0,,https://bioinformatics.lt/ppi3d/site/interaction_details/single_sequence/rIiStfbc/1/null/13965988/2593227/96642280/2706045
2918,9azq,INF2 at the Barbed End of F-Actin with Incoming Actin,2024-05-29,3.8 Å,9azq_I,9azq_H,119.22 Å²,9,,,https://bioinformatics.lt/ppi3d/site/interaction_details/single_sequence/rIiStfbc/1/null/13966500/2231860/78703853/2330505
292,8c4c,F-actin decorated by SipA497-669,2024-01-17,2.7 Å,8c4c_C,8c4c_M,145.86 Å²,15,,,https://bioinformatics.lt/ppi3d/site/interaction_details/single_sequence/rIiStfbc/1/null/13966092/2144587/75903774/2262544
2922,6kln,F-actin of cardiac thin filament in high-calcium state,2020-01-15,3.4 Å,6kln_C,6kln_B,371.85 Å²,32,2.0,1.0,https://bioinformatics.lt/ppi3d/site/interaction_details/single_sequence/rIiStfbc/1/null/13965733/1521303/57547017/1636094
2923,6kln,F-actin of cardiac thin filament in high-calcium state,2020-01-15,3.4 Å,6kln_D,6kln_B,1201.98 Å²,103,4.0,4.0,https://bioinformatics.lt/ppi3d/site/interaction_details/single_sequence/rIiStfbc/1/null/13965733/1521305/57547018/1636095
2924,9m64,Structure of SPIN90 dimer-Arp2/3 complexes-nucleated actin filaments (Doublet Complex),2025-09-10,3.4 Å,9m64_I,9m64_A,1415.49 Å²,126,4.0,3.0,https://bioinformatics.lt/ppi3d/site/interaction_details/single_sequence/rIiStfbc/1/null/13965989/2593184/96642115/2706023
2925,9m64,Structure of SPIN90 dimer-Arp2/3 complexes-nucleated actin filaments (Doublet Complex),2025-09-10,3.4 Å,9m64_I,9m64_B,440.59 Å²,38,3.0,,https://bioinformatics.lt/ppi3d/site/interaction_details/single_sequence/rIiStfbc/1/null/13965989/2593196/96642137/2706029
2926,9m64,Structure of SPIN90 dimer-Arp2/3 complexes-nucleated actin filaments (Doublet Complex),2025-09-10,3.4 Å,9m64_J,9m64_I,332.11 Å²,32,2.0,2.0,https://bioinformatics.lt/ppi3d/site/interaction_details/single_sequence/rIiStfbc/1/null/13965989/2593221/96642264/2706042
2927,9m64,Structure of SPIN90 dimer-Arp2/3 complexes-nucleated actin filaments (Doublet Complex),2025-09-10,3.4 Å,9m64_K,9m64_I,1211.29 Å²,99,7.0,4.0,https://bioinformatics.lt/ppi3d/site/interaction_details/single_sequence/rIiStfbc/1/null/13965989/2593223/96642265/2706043
293,8c4c,F-actin decorated by SipA497-669,2024-01-17,2.7 Å,8c4c_C,8c4c_N,770.32 Å²,68,6.0,3.0,https://bioinformatics.lt/ppi3d/site/interaction_details/single_sequence/rIiStfbc/1/null/13966092/2144589/75903775/2262545
2933,9azq,INF2 at the Barbed End of F-Actin with Incoming Actin,2024-05-29,3.8 Å,9azq_F,9azq_H,784.22 Å²,74,1.0,2.0,https://bioinformatics.lt/ppi3d/site/interaction_details/single_sequence/rIiStfbc/1/null/13966501/2231853/78703849/2330502
2934,9azq,INF2 at the Barbed End of F-Actin with Incoming Actin,2024-05-29,3.8 Å,9azq_I,9azq_F,260.10 Å²,24,,,https://bioinformatics.lt/ppi3d/site/interaction_details/single_sequence/rIiStfbc/1/null/13966501/2231855/78703850/2330503
2939,6kln,F-actin of cardiac thin filament in high-calcium state,2020-01-15,3.4 Å,6kln_B,6kln_A,406.92 Å²,35,3.0,1.0,https://bioinformatics.lt/ppi3d/site/interaction_details/single_sequence/rIiStfbc/1/null/13965734/1521299/57547014/1636092
2940,6kln,F-actin of cardiac thin filament in high-calcium state,2020-01-15,3.4 Å,6kln_C,6kln_A,1186.26 Å²,104,4.0,4.0,https://bioinformatics.lt/ppi3d/site/interaction_details/single_sequence/rIiStfbc/1/null/13965734/1521301/57547015/1636093
2948,9azq,INF2 at the Barbed End of F-Actin with Incoming Actin,2024-05-29,3.8 Å,9azq_F,9azq_E,398.86 Å²,33,3.0,,https://bioinformatics.lt/ppi3d/site/interaction_details/single_sequence/rIiStfbc/1/null/13966502/2231847/78703844/2330499
2949,9azq,INF2 at the Barbed End of F-Actin with Incoming Actin,2024-05-29,3.8 Å,9azq_E,9azq_H,265.57 Å²,22,1.0,1.0,https://bioinformatics.lt/ppi3d/site/interaction_details/single_sequence/rIiStfbc/1/null/13966502/2231849/78703846/2330500
295,6vao,Human cofilin-1 decorated actin filament,2020-01-08,3.4 Å,6vao_A,6vao_F,791.07 Å²,60,6.0,4.0,https://bioinformatics.lt/ppi3d/site/interaction_details/single_sequence/rIiStfbc/1/null/13966348/1281229/46035806/1376641
2950,9azq,INF2 at the Barbed End of F-Actin with Incoming Actin,2024-05-29,3.8 Å,9azq_I,9azq_E,890.75 Å²,82,2.0,4.0,https://bioinformatics.lt/ppi3d/site/interaction_details/single_sequence/rIiStfbc/1/null/13966502/2231851/78703847/2330501
296,6vao,Human cofilin-1 decorated actin filament,2020-01-08,3.4 Å,6vao_A,6vao_E,385.63 Å²,38,,1.0,https://bioinformatics.lt/ppi3d/site/interaction_details/single_sequence/rIiStfbc/1/null/13966348/1281227/46035807/1376640
2963,9azq,INF2 at the Barbed End of F-Actin with Incoming Actin,2024-05-29,3.8 Å,9azq_E,9azq_D,413.42 Å²,33,3.0,,https://bioinformatics.lt/ppi3d/site/interaction_details/single_sequence/rIiStfbc/1/null/13966503/2231843/78703839/2330497
2964,9azq,INF2 at the Barbed End of F-Actin with Incoming Actin,2024-05-29,3.8 Å,9azq_F,9azq_D,1126.87 Å²,97,4.0,4.0,https://bioinformatics.lt/ppi3d/site/interaction_details/single_sequence/rIiStfbc/1/null/13966503/2231845/78703840/2330498
2967,8oi8,"Cryo-EM structure of ADP-bound, filamentous beta-actin harboring the R183W mutation",2023-08-16,2.3 Å,8oi8_E,8oi8_D,385.24 Å²,31,4.0,1.0,https://bioinformatics.lt/ppi3d/site/interaction_details/single_sequence/rIiStfbc/1/null/13965480/2066153/73800836/2193213
297,6vao,Human cofilin-1 decorated actin filament,2020-01-08,3.4 Å,6vao_D,6vao_A,404.62 Å²,39,2.0,,https://bioinformatics.lt/ppi3d/site/interaction_details/single_sequence/rIiStfbc/1/null/13966348/1281223/46035808/1376639
2970,6c1h,High-Resolution Cryo-EM Structures of Actin-bound Myosin States Reveal the Mechanism of Myosin Force Sensing,2018-01-31,3.9 Å,6c1h_E,6c1h_D,529.90 Å²,45,3.0,1.0,https://bioinformatics.lt/ppi3d/site/interaction_details/single_sequence/rIiStfbc/1/null/13965736/1503497/57543331/1584510
2971,6c1h,High-Resolution Cryo-EM Structures of Actin-bound Myosin States Reveal the Mechanism of Myosin Force Sensing,2018-01-31,3.9 Å,6c1h_D,6c1h_P,474.55 Å²,42,1.0,2.0,https://bioinformatics.lt/ppi3d/site/interaction_details/single_sequence/rIiStfbc/1/null/13965736/1503499/57543332/1584511
2979,9azq,INF2 at the Barbed End of F-Actin with Incoming Actin,2024-05-29,3.8 Å,9azq_D,9azq_C,441.09 Å²,36,3.0,1.0,https://bioinformatics.lt/ppi3d/site/interaction_details/single_sequence/rIiStfbc/1/null/13966504/2231839/78703833/2330495
298,6vao,Human cofilin-1 decorated actin filament,2020-01-08,3.4 Å,6vao_A,6vao_I,1006.14 Å²,86,6.0,3.0,https://bioinformatics.lt/ppi3d/site/interaction_details/single_sequence/rIiStfbc/1/null/13966348/1281231/46035810/1376643
2980,9azq,INF2 at the Barbed End of F-Actin with Incoming Actin,2024-05-29,3.8 Å,9azq_E,9azq_C,1140.15 Å²,92,6.0,4.0,https://bioinformatics.lt/ppi3d/site/interaction_details/single_sequence/rIiStfbc/1/null/13966504/2231841/78703834/2330496
2983,8oi8,"Cryo-EM structure of ADP-bound, filamentous beta-actin harboring the R183W mutation",2023-08-16,2.3 Å,8oi8_D,8oi8_B,1060.60 Å²,85,8.0,3.0,https://bioinformatics.lt/ppi3d/site/interaction_details/single_sequence/rIiStfbc/1/null/13965481/2066147/73800834/2193210
2986,6c1h,High-Resolution Cryo-EM Structures of Actin-bound Myosin States Reveal the Mechanism of Myosin Force Sensing,2018-01-31,3.9 Å,6c1h_D,6c1h_C,513.78 Å²,42,3.0,1.0,https://bioinformatics.lt/ppi3d/site/interaction_details/single_sequence/rIiStfbc/1/null/13965737/1503493/57543327/1584508
2987,6c1h,High-Resolution Cryo-EM Structures of Actin-bound Myosin States Reveal the Mechanism of Myosin Force Sensing,2018-01-31,3.9 Å,6c1h_E,6c1h_C,1187.20 Å²,97,8.0,3.0,https://bioinformatics.lt/ppi3d/site/interaction_details/single_sequence/rIiStfbc/1/null/13965737/1503495/57543328/1584509
2992,9azq,INF2 at the Barbed End of F-Actin with Incoming Actin,2024-05-29,3.8 Å,9azq_C,9azq_B,453.04 Å²,36,2.0,,https://bioinformatics.lt/ppi3d/site/interaction_details/single_sequence/rIiStfbc/1/null/13966505/2231835/78703826/2330493
2993,9azq,INF2 at the Barbed End of F-Actin with Incoming Actin,2024-05-29,3.8 Å,9azq_D,9azq_B,1157.61 Å²,91,9.0,4.0,https://bioinformatics.lt/ppi3d/site/interaction_details/single_sequence/rIiStfbc/1/null/13966505/2231837/78703827/2330494
2995,8oi8,"Cryo-EM structure of ADP-bound, filamentous beta-actin harboring the R183W mutation",2023-08-16,2.3 Å,8oi8_B,8oi8_A,391.54 Å²,33,3.0,1.0,https://bioinformatics.lt/ppi3d/site/interaction_details/single_sequence/rIiStfbc/1/null/13965482/2066141/73800831/2193207
2997,6c1h,High-Resolution Cryo-EM Structures of Actin-bound Myosin States Reveal the Mechanism of Myosin Force Sensing,2018-01-31,3.9 Å,6c1h_C,6c1h_B,496.41 Å²,43,3.0,1.0,https://bioinformatics.lt/ppi3d/site/interaction_details/single_sequence/rIiStfbc/1/null/13965738/1503487/57543322/1584505
2998,6c1h,High-Resolution Cryo-EM Structures of Actin-bound Myosin States Reveal the Mechanism of Myosin Force Sensing,2018-01-31,3.9 Å,6c1h_D,6c1h_B,1180.62 Å²,95,8.0,3.0,https://bioinformatics.lt/ppi3d/site/interaction_details/single_sequence/rIiStfbc/1/null/13965738/1503489/57543323/1584506
2999,6c1h,High-Resolution Cryo-EM Structures of Actin-bound Myosin States Reveal the Mechanism of Myosin Force Sensing,2018-01-31,3.9 Å,6c1h_B,6c1h_P,1099.64 Å²,95,7.0,6.0,https://bioinformatics.lt/ppi3d/site/interaction_details/single_sequence/rIiStfbc/1/null/13965738/1503491/57543325/1584507
30,8efi,Helical reconstruction of the human cardiac actin-tropomyosin-myosin complex in the rigor form,2022-11-23,3.4 Å,8efi_B,8efi_M,164.41 Å²,15,,,https://bioinformatics.lt/ppi3d/site/interaction_details/single_sequence/rIiStfbc/1/null/13965569/1836805/68056535/1999188
3004,9azq,INF2 at the Barbed End of F-Actin with Incoming Actin,2024-05-29,3.8 Å,9azq_B,9azq_A,468.20 Å²,38,3.0,,https://bioinformatics.lt/ppi3d/site/interaction_details/single_sequence/rIiStfbc/1/null/13966506/2231831/78703818/2330491
3005,9azq,INF2 at the Barbed End of F-Actin with Incoming Actin,2024-05-29,3.8 Å,9azq_C,9azq_A,1135.89 Å²,89,7.0,3.0,https://bioinformatics.lt/ppi3d/site/interaction_details/single_sequence/rIiStfbc/1/null/13966506/2231833/78703819/2330492
3006,8oi8,"Cryo-EM structure of ADP-bound, filamentous beta-actin harboring the R183W mutation",2023-08-16,2.3 Å,8oi8_C,8oi8_A,1068.40 Å²,84,7.0,4.0,https://bioinformatics.lt/ppi3d/site/interaction_details/single_sequence/rIiStfbc/1/null/13965483/2066144/73800827/2193208
3007,8oi8,"Cryo-EM structure of ADP-bound, filamentous beta-actin harboring the R183W mutation",2023-08-16,2.3 Å,8oi8_C,8oi8_B,390.84 Å²,32,4.0,1.0,https://bioinformatics.lt/ppi3d/site/interaction_details/single_sequence/rIiStfbc/1/null/13965483/2066146/73800828/2193209
3008,8oi8,"Cryo-EM structure of ADP-bound, filamentous beta-actin harboring the R183W mutation",2023-08-16,2.3 Å,8oi8_D,8oi8_C,388.36 Å²,32,4.0,1.0,https://bioinformatics.lt/ppi3d/site/interaction_details/single_sequence/rIiStfbc/1/null/13965483/2066149/73800829/2193211
3009,8oi8,"Cryo-EM structure of ADP-bound, filamentous beta-actin harboring the R183W mutation",2023-08-16,2.3 Å,8oi8_E,8oi8_C,1059.11 Å²,84,7.0,3.0,https://bioinformatics.lt/ppi3d/site/interaction_details/single_sequence/rIiStfbc/1/null/13965483/2066151/73800830/2193212
301,8vaa,Actin-binding domain of Legionella pneumophila effector LFAT1 (lpg1387) bound to F-actin,2024-12-18,3.6 Å,8vaa_G,8vaa_F,378.41 Å²,32,,1.0,https://bioinformatics.lt/ppi3d/site/interaction_details/single_sequence/rIiStfbc/1/null/13966604/2401991/85961650/2487748
3010,6c1h,High-Resolution Cryo-EM Structures of Actin-bound Myosin States Reveal the Mechanism of Myosin Force Sensing,2018-01-31,3.9 Å,6c1h_B,6c1h_A,472.21 Å²,38,2.0,1.0,https://bioinformatics.lt/ppi3d/site/interaction_details/single_sequence/rIiStfbc/1/null/13965739/1503483/57543316/1584503
3011,6c1h,High-Resolution Cryo-EM Structures of Actin-bound Myosin States Reveal the Mechanism of Myosin Force Sensing,2018-01-31,3.9 Å,6c1h_C,6c1h_A,1182.54 Å²,97,8.0,3.0,https://bioinformatics.lt/ppi3d/site/interaction_details/single_sequence/rIiStfbc/1/null/13965739/1503485/57543317/1584504
3017,9azp,INF2 at the Barbed End of F-Actin with Incoming Profilin-Actin,2024-05-29,3.8 Å,9azp_I,9azp_G,725.11 Å²,53,2.0,1.0,https://bioinformatics.lt/ppi3d/site/interaction_details/single_sequence/rIiStfbc/1/null/13966507/2231826/78703813/2330488
3018,9azp,INF2 at the Barbed End of F-Actin with Incoming Profilin-Actin,2024-05-29,3.8 Å,9azp_I,9azp_H,168.44 Å²,15,2.0,1.0,https://bioinformatics.lt/ppi3d/site/interaction_details/single_sequence/rIiStfbc/1/null/13966507/2231828/78703815/2330489
3019,9azp,INF2 at the Barbed End of F-Actin with Incoming Profilin-Actin,2024-05-29,3.8 Å,9azp_I,9azp_J,883.05 Å²,77,2.0,2.0,https://bioinformatics.lt/ppi3d/site/interaction_details/single_sequence/rIiStfbc/1/null/13966507/2231829/78703817/2330490
302,8vaa,Actin-binding domain of Legionella pneumophila effector LFAT1 (lpg1387) bound to F-actin,2024-12-18,3.6 Å,8vaa_H,8vaa_F,1095.98 Å²,89,1.0,2.0,https://bioinformatics.lt/ppi3d/site/interaction_details/single_sequence/rIiStfbc/1/null/13966604/2401993/85961651/2487749
3030,9azp,INF2 at the Barbed End of F-Actin with Incoming Profilin-Actin,2024-05-29,3.8 Å,9azp_F,9azp_H,1238.36 Å²,111,3.0,2.0,https://bioinformatics.lt/ppi3d/site/interaction_details/single_sequence/rIiStfbc/1/null/13966508/2231821/78703809/2330486
3033,8dnf,Cryo-EM structure of nonmuscle gamma-actin,2023-04-12,3.4 Å,8dnf_D,8dnf_C,341.88 Å²,29,,1.0,https://bioinformatics.lt/ppi3d/site/interaction_details/single_sequence/rIiStfbc/1/null/13965485/1981159/71903089/2128675
3045,9azp,INF2 at the Barbed End of F-Actin with Incoming Profilin-Actin,2024-05-29,3.8 Å,9azp_F,9azp_E,431.90 Å²,37,3.0,1.0,https://bioinformatics.lt/ppi3d/site/interaction_details/single_sequence/rIiStfbc/1/null/13966509/2231813/78703803/2330482
3046,9azp,INF2 at the Barbed End of F-Actin with Incoming Profilin-Actin,2024-05-29,3.8 Å,9azp_E,9azp_G,315.55 Å²,25,1.0,,https://bioinformatics.lt/ppi3d/site/interaction_details/single_sequence/rIiStfbc/1/null/13966509/2231815/78703804/2330483
3047,9azp,INF2 at the Barbed End of F-Actin with Incoming Profilin-Actin,2024-05-29,3.8 Å,9azp_E,9azp_H,323.46 Å²,24,2.0,,https://bioinformatics.lt/ppi3d/site/interaction_details/single_sequence/rIiStfbc/1/null/13966509/2231817/78703805/2330484
3048,9azp,INF2 at the Barbed End of F-Actin with Incoming Profilin-Actin,2024-05-29,3.8 Å,9azp_I,9azp_E,815.31 Å²,77,4.0,1.0,https://bioinformatics.lt/ppi3d/site/interaction_details/single_sequence/rIiStfbc/1/null/13966509/2231819/78703806/2330485
305,8iah,"Structure of mammalian spectrin-actin junctional complex of membrane skeleton, State I, Global map",2023-05-03,3.6 Å,8iah_G,8iah_6,326.07 Å²,25,1.0,,https://bioinformatics.lt/ppi3d/site/interaction_details/single_sequence/rIiStfbc/1/null/13965325/1987608/72501780/2132035
3050,8dnf,Cryo-EM structure of nonmuscle gamma-actin,2023-04-12,3.4 Å,8dnf_C,8dnf_B,317.30 Å²,30,,,https://bioinformatics.lt/ppi3d/site/interaction_details/single_sequence/rIiStfbc/1/null/13965486/1981155/71903087/2128673
3051,8dnf,Cryo-EM structure of nonmuscle gamma-actin,2023-04-12,3.4 Å,8dnf_D,8dnf_B,1132.37 Å²,93,2.0,3.0,https://bioinformatics.lt/ppi3d/site/interaction_details/single_sequence/rIiStfbc/1/null/13965486/1981157/71903088/2128674
3053,6upw,Metavinculin ABD-F-actin complex,2020-09-30,2.9 Å,6upw_D,6upw_E,387.74 Å²,30,3.0,1.0,https://bioinformatics.lt/ppi3d/site/interaction_details/single_sequence/rIiStfbc/1/null/13965742/1407008/47640120/1469614
3054,6upw,Metavinculin ABD-F-actin complex,2020-09-30,2.9 Å,6upw_E,6upw_M,830.25 Å²,76,2.0,1.0,https://bioinformatics.lt/ppi3d/site/interaction_details/single_sequence/rIiStfbc/1/null/13965742/1407009/47640121/1469615
306,8iah,"Structure of mammalian spectrin-actin junctional complex of membrane skeleton, State I, Global map",2023-05-03,3.6 Å,8iah_G,8iah_7,1360.41 Å²,102,2.0,2.0,https://bioinformatics.lt/ppi3d/site/interaction_details/single_sequence/rIiStfbc/1/null/13965325/1987624/72501808/2132043
3063,9azp,INF2 at the Barbed End of F-Actin with Incoming Profilin-Actin,2024-05-29,3.8 Å,9azp_E,9azp_D,404.55 Å²,35,4.0,,https://bioinformatics.lt/ppi3d/site/interaction_details/single_sequence/rIiStfbc/1/null/13966510/2231807/78703797/2330479
3064,9azp,INF2 at the Barbed End of F-Actin with Incoming Profilin-Actin,2024-05-29,3.8 Å,9azp_F,9azp_D,1162.38 Å²,96,6.0,4.0,https://bioinformatics.lt/ppi3d/site/interaction_details/single_sequence/rIiStfbc/1/null/13966510/2231809/78703798/2330480
3065,9azp,INF2 at the Barbed End of F-Actin with Incoming Profilin-Actin,2024-05-29,3.8 Å,9azp_D,9azp_G,172.76 Å²,20,1.0,,https://bioinformatics.lt/ppi3d/site/interaction_details/single_sequence/rIiStfbc/1/null/13966510/2231811/78703799/2330481
3066,8dnf,Cryo-EM structure of nonmuscle gamma-actin,2023-04-12,3.4 Å,8dnf_B,8dnf_A,352.89 Å²,29,1.0,1.0,https://bioinformatics.lt/ppi3d/site/interaction_details/single_sequence/rIiStfbc/1/null/13965487/1981151/71903084/2128671
3067,8dnf,Cryo-EM structure of nonmuscle gamma-actin,2023-04-12,3.4 Å,8dnf_C,8dnf_A,1135.57 Å²,93,2.0,3.0,https://bioinformatics.lt/ppi3d/site/interaction_details/single_sequence/rIiStfbc/1/null/13965487/1981153/71903085/2128672
3070,6upw,Metavinculin ABD-F-actin complex,2020-09-30,2.9 Å,6upw_A,6upw_L,1223.91 Å²,96,6.0,5.0,https://bioinformatics.lt/ppi3d/site/interaction_details/single_sequence/rIiStfbc/1/null/13965743/1406993/47640119/1469607
3078,9azp,INF2 at the Barbed End of F-Actin with Incoming Profilin-Actin,2024-05-29,3.8 Å,9azp_D,9azp_C,424.11 Å²,34,3.0,,https://bioinformatics.lt/ppi3d/site/interaction_details/single_sequence/rIiStfbc/1/null/13966511/2231803/78703790/2330477
3079,9azp,INF2 at the Barbed End of F-Actin with Incoming Profilin-Actin,2024-05-29,3.8 Å,9azp_E,9azp_C,1118.33 Å²,92,7.0,4.0,https://bioinformatics.lt/ppi3d/site/interaction_details/single_sequence/rIiStfbc/1/null/13966511/2231805/78703791/2330478
3082,5jlh,Cryo-EM structure of a human cytoplasmic actomyosin complex at near-atomic resolution,2016-06-15,3.9 Å,5jlh_E,5jlh_G,366.66 Å²,27,1.0,1.0,https://bioinformatics.lt/ppi3d/site/interaction_details/single_sequence/rIiStfbc/1/null/13965488/770003/23566372/888858
3085,6upw,Metavinculin ABD-F-actin complex,2020-09-30,2.9 Å,6upw_A,6upw_B,392.06 Å²,34,3.0,1.0,https://bioinformatics.lt/ppi3d/site/interaction_details/single_sequence/rIiStfbc/1/null/13965744/1406990/47640111/1469605
3086,6upw,Metavinculin ABD-F-actin complex,2020-09-30,2.9 Å,6upw_B,6upw_D,1158.72 Å²,94,7.0,3.0,https://bioinformatics.lt/ppi3d/site/interaction_details/single_sequence/rIiStfbc/1/null/13965744/1406997/47640113/1469609
309,8iah,"Structure of mammalian spectrin-actin junctional complex of membrane skeleton, State I, Global map",2023-05-03,3.6 Å,8iah_H,8iah_G,371.75 Å²,31,1.0,,https://bioinformatics.lt/ppi3d/site/interaction_details/single_sequence/rIiStfbc/1/null/13965325/1987705/72502016/2132084
3092,7p1g,Structure of the P. aeruginosa ExoY-F-actin complex,2021-11-17,3.2 Å,7p1g_E,7p1g_O,1529.19 Å²,138,14.0,3.0,https://bioinformatics.lt/ppi3d/site/interaction_details/single_sequence/rIiStfbc/1/null/13966256/1688585/61142366/1824095
3094,9azp,INF2 at the Barbed End of F-Actin with Incoming Profilin-Actin,2024-05-29,3.8 Å,9azp_C,9azp_B,452.06 Å²,37,2.0,,https://bioinformatics.lt/ppi3d/site/interaction_details/single_sequence/rIiStfbc/1/null/13966512/2231799/78703782/2330475
3095,9azp,INF2 at the Barbed End of F-Actin with Incoming Profilin-Actin,2024-05-29,3.8 Å,9azp_D,9azp_B,1178.77 Å²,96,5.0,4.0,https://bioinformatics.lt/ppi3d/site/interaction_details/single_sequence/rIiStfbc/1/null/13966512/2231801/78703783/2330476
3098,5jlh,Cryo-EM structure of a human cytoplasmic actomyosin complex at near-atomic resolution,2016-06-15,3.9 Å,5jlh_D,5jlh_G,1297.91 Å²,119,4.0,3.0,https://bioinformatics.lt/ppi3d/site/interaction_details/single_sequence/rIiStfbc/1/null/13965489/770001/23566371/888857
3099,5jlh,Cryo-EM structure of a human cytoplasmic actomyosin complex at near-atomic resolution,2016-06-15,3.9 Å,5jlh_E,5jlh_D,1119.39 Å²,102,6.0,4.0,https://bioinformatics.lt/ppi3d/site/interaction_details/single_sequence/rIiStfbc/1/null/13965489/769999/23566373/888856
31,8efi,Helical reconstruction of the human cardiac actin-tropomyosin-myosin complex in the rigor form,2022-11-23,3.4 Å,8efi_B,8efi_D,394.19 Å²,33,4.0,2.0,https://bioinformatics.lt/ppi3d/site/interaction_details/single_sequence/rIiStfbc/1/null/13965569/1836801/68056543/1999186
310,8iah,"Structure of mammalian spectrin-actin junctional complex of membrane skeleton, State I, Global map",2023-05-03,3.6 Å,8iah_I,8iah_G,1148.20 Å²,92,5.0,3.0,https://bioinformatics.lt/ppi3d/site/interaction_details/single_sequence/rIiStfbc/1/null/13965325/1987707/72502017/2132085
3100,6upw,Metavinculin ABD-F-actin complex,2020-09-30,2.9 Å,6upw_B,6upw_C,398.41 Å²,30,3.0,1.0,https://bioinformatics.lt/ppi3d/site/interaction_details/single_sequence/rIiStfbc/1/null/13965745/1406996/47640105/1469608
3101,6upw,Metavinculin ABD-F-actin complex,2020-09-30,2.9 Å,6upw_A,6upw_C,1158.91 Å²,95,6.0,4.0,https://bioinformatics.lt/ppi3d/site/interaction_details/single_sequence/rIiStfbc/1/null/13965745/1406992/47640106/1469606
3102,6upw,Metavinculin ABD-F-actin complex,2020-09-30,2.9 Å,6upw_C,6upw_E,1152.62 Å²,95,6.0,4.0,https://bioinformatics.lt/ppi3d/site/interaction_details/single_sequence/rIiStfbc/1/null/13965745/1407001/47640107/1469611
3103,6upw,Metavinculin ABD-F-actin complex,2020-09-30,2.9 Å,6upw_C,6upw_D,389.26 Å²,30,2.0,1.0,https://bioinformatics.lt/ppi3d/site/interaction_details/single_sequence/rIiStfbc/1/null/13965745/1406999/47640108/1469610
3104,6upw,Metavinculin ABD-F-actin complex,2020-09-30,2.9 Å,6upw_C,6upw_M,1207.71 Å²,91,4.0,4.0,https://bioinformatics.lt/ppi3d/site/interaction_details/single_sequence/rIiStfbc/1/null/13965745/1407005/47640109/1469613
3105,6upw,Metavinculin ABD-F-actin complex,2020-09-30,2.9 Å,6upw_C,6upw_L,824.48 Å²,75,4.0,1.0,https://bioinformatics.lt/ppi3d/site/interaction_details/single_sequence/rIiStfbc/1/null/13965745/1407003/47640110/1469612
311,8iah,"Structure of mammalian spectrin-actin junctional complex of membrane skeleton, State I, Global map",2023-05-03,3.6 Å,8iah_G,8iah_Q,1545.23 Å²,130,8.0,7.0,https://bioinformatics.lt/ppi3d/site/interaction_details/single_sequence/rIiStfbc/1/null/13965325/1987709/72502025/2132086
3110,7p1g,Structure of the P. aeruginosa ExoY-F-actin complex,2021-11-17,3.2 Å,7p1g_D,7p1g_N,1529.26 Å²,138,14.0,3.0,https://bioinformatics.lt/ppi3d/site/interaction_details/single_sequence/rIiStfbc/1/null/13966257/1688583/61142354/1824094
3111,7p1g,Structure of the P. aeruginosa ExoY-F-actin complex,2021-11-17,3.2 Å,7p1g_D,7p1g_E,491.71 Å²,43,4.0,1.0,https://bioinformatics.lt/ppi3d/site/interaction_details/single_sequence/rIiStfbc/1/null/13966257/1688581/61142361/1824093
3112,9azp,INF2 at the Barbed End of F-Actin with Incoming Profilin-Actin,2024-05-29,3.8 Å,9azp_B,9azp_A,476.45 Å²,42,3.0,1.0,https://bioinformatics.lt/ppi3d/site/interaction_details/single_sequence/rIiStfbc/1/null/13966513/2231795/78703773/2330473
3113,9azp,INF2 at the Barbed End of F-Actin with Incoming Profilin-Actin,2024-05-29,3.8 Å,9azp_C,9azp_A,1172.07 Å²,94,5.0,3.0,https://bioinformatics.lt/ppi3d/site/interaction_details/single_sequence/rIiStfbc/1/null/13966513/2231797/78703774/2330474
3116,5jlh,Cryo-EM structure of a human cytoplasmic actomyosin complex at near-atomic resolution,2016-06-15,3.9 Å,5jlh_A,5jlh_F,1295.50 Å²,121,3.0,3.0,https://bioinformatics.lt/ppi3d/site/interaction_details/single_sequence/rIiStfbc/1/null/13965490/769991/23566364/888852
3117,5jlh,Cryo-EM structure of a human cytoplasmic actomyosin complex at near-atomic resolution,2016-06-15,3.9 Å,5jlh_A,5jlh_D,491.35 Å²,44,2.0,1.0,https://bioinformatics.lt/ppi3d/site/interaction_details/single_sequence/rIiStfbc/1/null/13965490/769987/23566366/888850
3118,5jlh,Cryo-EM structure of a human cytoplasmic actomyosin complex at near-atomic resolution,2016-06-15,3.9 Å,5jlh_E,5jlh_A,513.48 Å²,46,2.0,1.0,https://bioinformatics.lt/ppi3d/site/interaction_details/single_sequence/rIiStfbc/1/null/13965490/769989/23566367/888851
3119,6upv,Alpha-E-catenin ABD-F-actin complex,2020-09-30,3.2 Å,6upv_E,6upv_M,813.72 Å²,71,3.0,,https://bioinformatics.lt/ppi3d/site/interaction_details/single_sequence/rIiStfbc/1/null/13965746/1407033/47640094/1469627
312,8iah,"Structure of mammalian spectrin-actin junctional complex of membrane skeleton, State I, Global map",2023-05-03,3.6 Å,8iah_G,8iah_S,358.30 Å²,27,2.0,,https://bioinformatics.lt/ppi3d/site/interaction_details/single_sequence/rIiStfbc/1/null/13965325/1987711/72502027/2132087
3124,8r3h,Phalloidin bound F-actin,2025-05-21,3.1 Å,8r3h_H,8r3h_I,1140.21 Å²,93,7.0,4.0,https://bioinformatics.lt/ppi3d/site/interaction_details/single_sequence/rIiStfbc/1/null/13966002/2507189/94743181/2641706
3125,8r3h,Phalloidin bound F-actin,2025-05-21,3.1 Å,8r3h_J,8r3h_H,399.57 Å²,35,4.0,,https://bioinformatics.lt/ppi3d/site/interaction_details/single_sequence/rIiStfbc/1/null/13966002/2507191/94743182/2641707
3128,7p1g,Structure of the P. aeruginosa ExoY-F-actin complex,2021-11-17,3.2 Å,7p1g_B,7p1g_L,1529.19 Å²,138,14.0,3.0,https://bioinformatics.lt/ppi3d/site/interaction_details/single_sequence/rIiStfbc/1/null/13966258/1688571/61142333/1824088
3129,7p1g,Structure of the P. aeruginosa ExoY-F-actin complex,2021-11-17,3.2 Å,7p1g_B,7p1g_D,1149.36 Å²,99,11.0,5.0,https://bioinformatics.lt/ppi3d/site/interaction_details/single_sequence/rIiStfbc/1/null/13966258/1688569/61142343/1824087
3132,9az4,INF2 at the Barbed End of F-Actin,2024-05-29,3.4 Å,9az4_F,9az4_G,244.17 Å²,24,2.0,3.0,https://bioinformatics.lt/ppi3d/site/interaction_details/single_sequence/rIiStfbc/1/null/13966514/2231789/78703770/2330470
3133,9az4,INF2 at the Barbed End of F-Actin,2024-05-29,3.4 Å,9az4_F,9az4_H,1183.34 Å²,99,4.0,2.0,https://bioinformatics.lt/ppi3d/site/interaction_details/single_sequence/rIiStfbc/1/null/13966514/2231791/78703771/2330471
3134,5jlh,Cryo-EM structure of a human cytoplasmic actomyosin complex at near-atomic resolution,2016-06-15,3.9 Å,5jlh_C,5jlh_A,1121.48 Å²,102,5.0,3.0,https://bioinformatics.lt/ppi3d/site/interaction_details/single_sequence/rIiStfbc/1/null/13965491/769986/23566359/888849
3135,5jlh,Cryo-EM structure of a human cytoplasmic actomyosin complex at near-atomic resolution,2016-06-15,3.9 Å,5jlh_C,5jlh_F,370.87 Å²,27,1.0,1.0,https://bioinformatics.lt/ppi3d/site/interaction_details/single_sequence/rIiStfbc/1/null/13965491/769997/23566360/888855
3136,5jlh,Cryo-EM structure of a human cytoplasmic actomyosin complex at near-atomic resolution,2016-06-15,3.9 Å,5jlh_C,5jlh_E,531.18 Å²,46,2.0,1.0,https://bioinformatics.lt/ppi3d/site/interaction_details/single_sequence/rIiStfbc/1/null/13965491/769995/23566363/888854
3139,6upv,Alpha-E-catenin ABD-F-actin complex,2020-09-30,3.2 Å,6upv_D,6upv_E,432.72 Å²,37,3.0,,https://bioinformatics.lt/ppi3d/site/interaction_details/single_sequence/rIiStfbc/1/null/13965747/1407031/47640104/1469626
314,9hm9,Structure of the optimized F-tractin in complex with F-actin,2025-01-22,3.4 Å,9hm9_E,9hm9_F,144.84 Å²,15,,,https://bioinformatics.lt/ppi3d/site/interaction_details/single_sequence/rIiStfbc/1/null/13965581/2415429/87257690/2507539
3140,8r3h,Phalloidin bound F-actin,2025-05-21,3.1 Å,8r3h_G,8r3h_H,1122.71 Å²,92,6.0,4.0,https://bioinformatics.lt/ppi3d/site/interaction_details/single_sequence/rIiStfbc/1/null/13966003/2507185/94743175/2641704
3141,8r3h,Phalloidin bound F-actin,2025-05-21,3.1 Å,8r3h_G,8r3h_J,404.89 Å²,34,3.0,,https://bioinformatics.lt/ppi3d/site/interaction_details/single_sequence/rIiStfbc/1/null/13966003/2507187/94743177/2641705
3142,7p1g,Structure of the P. aeruginosa ExoY-F-actin complex,2021-11-17,3.2 Å,7p1g_A,7p1g_M,115.47 Å²,8,,,https://bioinformatics.lt/ppi3d/site/interaction_details/single_sequence/rIiStfbc/1/null/13966259/1688565/61142267/1824085
3144,7p1g,Structure of the P. aeruginosa ExoY-F-actin complex,2021-11-17,3.2 Å,7p1g_A,7p1g_K,1529.21 Å²,138,14.0,3.0,https://bioinformatics.lt/ppi3d/site/interaction_details/single_sequence/rIiStfbc/1/null/13966259/1688563/61142303/1824084
3145,7p1g,Structure of the P. aeruginosa ExoY-F-actin complex,2021-11-17,3.2 Å,7p1g_A,7p1g_B,414.61 Å²,40,4.0,1.0,https://bioinformatics.lt/ppi3d/site/interaction_details/single_sequence/rIiStfbc/1/null/13966259/1688559/61142316/1824082
3148,9az4,INF2 at the Barbed End of F-Actin,2024-05-29,3.4 Å,9az4_F,9az4_E,399.52 Å²,32,2.0,1.0,https://bioinformatics.lt/ppi3d/site/interaction_details/single_sequence/rIiStfbc/1/null/13966515/2231783/78703767/2330467
3149,9az4,INF2 at the Barbed End of F-Actin,2024-05-29,3.4 Å,9az4_E,9az4_G,846.28 Å²,75,3.0,1.0,https://bioinformatics.lt/ppi3d/site/interaction_details/single_sequence/rIiStfbc/1/null/13966515/2231785/78703768/2330468
315,9hm9,Structure of the optimized F-tractin in complex with F-actin,2025-01-22,3.4 Å,9hm9_E,9hm9_D,446.11 Å²,43,3.0,1.0,https://bioinformatics.lt/ppi3d/site/interaction_details/single_sequence/rIiStfbc/1/null/13965581/2415428/87257697/2507538
3150,9az4,INF2 at the Barbed End of F-Actin,2024-05-29,3.4 Å,9az4_E,9az4_H,163.09 Å²,16,,,https://bioinformatics.lt/ppi3d/site/interaction_details/single_sequence/rIiStfbc/1/null/13966515/2231787/78703769/2330469
3151,5jlh,Cryo-EM structure of a human cytoplasmic actomyosin complex at near-atomic resolution,2016-06-15,3.9 Å,5jlh_A,5jlh_B,1119.05 Å²,101,6.0,3.0,https://bioinformatics.lt/ppi3d/site/interaction_details/single_sequence/rIiStfbc/1/null/13965492/769984/23566354/888848
3152,5jlh,Cryo-EM structure of a human cytoplasmic actomyosin complex at near-atomic resolution,2016-06-15,3.9 Å,5jlh_D,5jlh_B,475.13 Å²,42,3.0,1.0,https://bioinformatics.lt/ppi3d/site/interaction_details/single_sequence/rIiStfbc/1/null/13965492/769993/23566357/888853
3153,6upv,Alpha-E-catenin ABD-F-actin complex,2020-09-30,3.2 Å,6upv_A,6upv_L,1129.27 Å²,88,6.0,1.0,https://bioinformatics.lt/ppi3d/site/interaction_details/single_sequence/rIiStfbc/1/null/13965748/1407017/47640087/1469619
3156,8r3h,Phalloidin bound F-actin,2025-05-21,3.1 Å,8r3h_H,8r3h_F,408.28 Å²,36,3.0,1.0,https://bioinformatics.lt/ppi3d/site/interaction_details/single_sequence/rIiStfbc/1/null/13966004/2507179/94743169/2641701
3157,8r3h,Phalloidin bound F-actin,2025-05-21,3.1 Å,8r3h_F,8r3h_I,398.27 Å²,34,4.0,1.0,https://bioinformatics.lt/ppi3d/site/interaction_details/single_sequence/rIiStfbc/1/null/13966004/2507181/94743170/2641702
3158,8r3h,Phalloidin bound F-actin,2025-05-21,3.1 Å,8r3h_J,8r3h_F,1128.27 Å²,90,6.0,4.0,https://bioinformatics.lt/ppi3d/site/interaction_details/single_sequence/rIiStfbc/1/null/13966004/2507183/94743171/2641703
3159,7p1g,Structure of the P. aeruginosa ExoY-F-actin complex,2021-11-17,3.2 Å,7p1g_C,7p1g_M,1529.22 Å²,138,14.0,3.0,https://bioinformatics.lt/ppi3d/site/interaction_details/single_sequence/rIiStfbc/1/null/13966260/1688577/61142264/1824091
3160,7p1g,Structure of the P. aeruginosa ExoY-F-actin complex,2021-11-17,3.2 Å,7p1g_A,7p1g_C,1172.19 Å²,100,12.0,5.0,https://bioinformatics.lt/ppi3d/site/interaction_details/single_sequence/rIiStfbc/1/null/13966260/1688562/61142280/1824083
3161,7p1g,Structure of the P. aeruginosa ExoY-F-actin complex,2021-11-17,3.2 Å,7p1g_B,7p1g_C,467.94 Å²,43,4.0,1.0,https://bioinformatics.lt/ppi3d/site/interaction_details/single_sequence/rIiStfbc/1/null/13966260/1688568/61142283/1824086
3162,7p1g,Structure of the P. aeruginosa ExoY-F-actin complex,2021-11-17,3.2 Å,7p1g_C,7p1g_D,445.47 Å²,40,4.0,1.0,https://bioinformatics.lt/ppi3d/site/interaction_details/single_sequence/rIiStfbc/1/null/13966260/1688573/61142286/1824089
3163,7p1g,Structure of the P. aeruginosa ExoY-F-actin complex,2021-11-17,3.2 Å,7p1g_C,7p1g_O,114.49 Å²,8,,,https://bioinformatics.lt/ppi3d/site/interaction_details/single_sequence/rIiStfbc/1/null/13966260/1688579/61142288/1824092
3164,7p1g,Structure of the P. aeruginosa ExoY-F-actin complex,2021-11-17,3.2 Å,7p1g_C,7p1g_E,1164.99 Å²,101,11.0,5.0,https://bioinformatics.lt/ppi3d/site/interaction_details/single_sequence/rIiStfbc/1/null/13966260/1688575/61142289/1824090
3167,9az4,INF2 at the Barbed End of F-Actin,2024-05-29,3.4 Å,9az4_E,9az4_D,387.42 Å²,32,4.0,,https://bioinformatics.lt/ppi3d/site/interaction_details/single_sequence/rIiStfbc/1/null/13966516/2231777/78703763/2330464
3168,9az4,INF2 at the Barbed End of F-Actin,2024-05-29,3.4 Å,9az4_F,9az4_D,1147.99 Å²,94,4.0,4.0,https://bioinformatics.lt/ppi3d/site/interaction_details/single_sequence/rIiStfbc/1/null/13966516/2231779/78703764/2330465
3169,9az4,INF2 at the Barbed End of F-Actin,2024-05-29,3.4 Å,9az4_D,9az4_G,230.27 Å²,15,1.0,,https://bioinformatics.lt/ppi3d/site/interaction_details/single_sequence/rIiStfbc/1/null/13966516/2231781/78703765/2330466
3172,6upv,Alpha-E-catenin ABD-F-actin complex,2020-09-30,3.2 Å,6upv_C,6upv_L,822.32 Å²,75,3.0,,https://bioinformatics.lt/ppi3d/site/interaction_details/single_sequence/rIiStfbc/1/null/13965749/1407027/47640086/1469624
3173,6upv,Alpha-E-catenin ABD-F-actin complex,2020-09-30,3.2 Å,6upv_C,6upv_M,1093.07 Å²,84,4.0,2.0,https://bioinformatics.lt/ppi3d/site/interaction_details/single_sequence/rIiStfbc/1/null/13965749/1407029/47640091/1469625
3175,6upv,Alpha-E-catenin ABD-F-actin complex,2020-09-30,3.2 Å,6upv_A,6upv_C,1128.67 Å²,94,6.0,4.0,https://bioinformatics.lt/ppi3d/site/interaction_details/single_sequence/rIiStfbc/1/null/13965749/1407016/47640099/1469618
3176,6upv,Alpha-E-catenin ABD-F-actin complex,2020-09-30,3.2 Å,6upv_C,6upv_D,428.55 Å²,37,3.0,,https://bioinformatics.lt/ppi3d/site/interaction_details/single_sequence/rIiStfbc/1/null/13965749/1407023/47640100/1469622
3177,6upv,Alpha-E-catenin ABD-F-actin complex,2020-09-30,3.2 Å,6upv_C,6upv_E,1120.41 Å²,93,4.0,4.0,https://bioinformatics.lt/ppi3d/site/interaction_details/single_sequence/rIiStfbc/1/null/13965749/1407025/47640101/1469623
318,8c4c,F-actin decorated by SipA497-669,2024-01-17,2.7 Å,8c4c_C,8c4c_B,411.14 Å²,33,3.0,,https://bioinformatics.lt/ppi3d/site/interaction_details/single_sequence/rIiStfbc/1/null/13966093/2144575/75903757/2262538
3183,9az4,INF2 at the Barbed End of F-Actin,2024-05-29,3.4 Å,9az4_D,9az4_C,414.18 Å²,33,3.0,,https://bioinformatics.lt/ppi3d/site/interaction_details/single_sequence/rIiStfbc/1/null/13966517/2231771/78703758/2330461
3184,9az4,INF2 at the Barbed End of F-Actin,2024-05-29,3.4 Å,9az4_E,9az4_C,1094.96 Å²,91,5.0,4.0,https://bioinformatics.lt/ppi3d/site/interaction_details/single_sequence/rIiStfbc/1/null/13966517/2231773/78703759/2330462
3185,9az4,INF2 at the Barbed End of F-Actin,2024-05-29,3.4 Å,9az4_C,9az4_H,377.89 Å²,34,,,https://bioinformatics.lt/ppi3d/site/interaction_details/single_sequence/rIiStfbc/1/null/13966517/2231775/78703762/2330463
319,8c4c,F-actin decorated by SipA497-669,2024-01-17,2.7 Å,8c4c_D,8c4c_B,1183.49 Å²,97,7.0,5.0,https://bioinformatics.lt/ppi3d/site/interaction_details/single_sequence/rIiStfbc/1/null/13966093/2144577/75903758/2262539
3190,6upv,Alpha-E-catenin ABD-F-actin complex,2020-09-30,3.2 Å,6upv_B,6upv_C,431.21 Å²,38,3.0,,https://bioinformatics.lt/ppi3d/site/interaction_details/single_sequence/rIiStfbc/1/null/13965750/1407019/47640095/1469620
3191,6upv,Alpha-E-catenin ABD-F-actin complex,2020-09-30,3.2 Å,6upv_A,6upv_B,429.37 Å²,37,3.0,,https://bioinformatics.lt/ppi3d/site/interaction_details/single_sequence/rIiStfbc/1/null/13965750/1407014/47640096/1469617
3192,6upv,Alpha-E-catenin ABD-F-actin complex,2020-09-30,3.2 Å,6upv_B,6upv_D,1128.96 Å²,96,4.0,4.0,https://bioinformatics.lt/ppi3d/site/interaction_details/single_sequence/rIiStfbc/1/null/13965750/1407021/47640097/1469621
3195,8zb7,Human left ventricle ATM complex,2025-01-29,3.2 Å,8zb7_A,8zb7_K,1272.25 Å²,107,9.0,2.0,https://bioinformatics.lt/ppi3d/site/interaction_details/single_sequence/rIiStfbc/1/null/13966006/2421599/89119231/2531055
32,8efi,Helical reconstruction of the human cardiac actin-tropomyosin-myosin complex in the rigor form,2022-11-23,3.4 Å,8efi_B,8efi_F,1124.50 Å²,96,4.0,3.0,https://bioinformatics.lt/ppi3d/site/interaction_details/single_sequence/rIiStfbc/1/null/13965569/1836803/68056545/1999187
320,8c4c,F-actin decorated by SipA497-669,2024-01-17,2.7 Å,8c4c_B,8c4c_M,740.68 Å²,70,2.0,2.0,https://bioinformatics.lt/ppi3d/site/interaction_details/single_sequence/rIiStfbc/1/null/13966093/2144579/75903765/2262540
3200,9az4,INF2 at the Barbed End of F-Actin,2024-05-29,3.4 Å,9az4_C,9az4_B,445.54 Å²,40,3.0,,https://bioinformatics.lt/ppi3d/site/interaction_details/single_sequence/rIiStfbc/1/null/13966518/2231765/78703752/2330458
3201,9az4,INF2 at the Barbed End of F-Actin,2024-05-29,3.4 Å,9az4_D,9az4_B,1149.08 Å²,96,6.0,4.0,https://bioinformatics.lt/ppi3d/site/interaction_details/single_sequence/rIiStfbc/1/null/13966518/2231767/78703753/2330459
3202,9az4,INF2 at the Barbed End of F-Actin,2024-05-29,3.4 Å,9az4_B,9az4_G,436.82 Å²,40,,,https://bioinformatics.lt/ppi3d/site/interaction_details/single_sequence/rIiStfbc/1/null/13966518/2231769/78703756/2330460
3208,8zb7,Human left ventricle ATM complex,2025-01-29,3.2 Å,8zb7_F,8zb7_M,1211.37 Å²,107,7.0,2.0,https://bioinformatics.lt/ppi3d/site/interaction_details/single_sequence/rIiStfbc/1/null/13966007/2421639/89119121/2531075
321,8c4c,F-actin decorated by SipA497-669,2024-01-17,2.7 Å,8c4c_B,8c4c_N,781.93 Å²,67,5.0,3.0,https://bioinformatics.lt/ppi3d/site/interaction_details/single_sequence/rIiStfbc/1/null/13966093/2144581/75903766/2262541
3213,8zb7,Human left ventricle ATM complex,2025-01-29,3.2 Å,8zb7_F,8zb7_O,260.86 Å²,18,1.0,2.0,https://bioinformatics.lt/ppi3d/site/interaction_details/single_sequence/rIiStfbc/1/null/13966007/2421641/89119182/2531076
3214,8zb7,Human left ventricle ATM complex,2025-01-29,3.2 Å,8zb7_F,8zb7_G,158.29 Å²,16,1.0,,https://bioinformatics.lt/ppi3d/site/interaction_details/single_sequence/rIiStfbc/1/null/13966007/2421637/89119184/2531074
3218,9az4,INF2 at the Barbed End of F-Actin,2024-05-29,3.4 Å,9az4_B,9az4_A,472.63 Å²,40,3.0,1.0,https://bioinformatics.lt/ppi3d/site/interaction_details/single_sequence/rIiStfbc/1/null/13966519/2231761/78703745/2330456
3219,9az4,INF2 at the Barbed End of F-Actin,2024-05-29,3.4 Å,9az4_C,9az4_A,1157.70 Å²,97,4.0,4.0,https://bioinformatics.lt/ppi3d/site/interaction_details/single_sequence/rIiStfbc/1/null/13966519/2231763/78703746/2330457
322,6vao,Human cofilin-1 decorated actin filament,2020-01-08,3.4 Å,6vao_B,6vao_G,791.09 Å²,60,6.0,4.0,https://bioinformatics.lt/ppi3d/site/interaction_details/single_sequence/rIiStfbc/1/null/13966349/1281225/46035798/1376638
3226,8zb7,Human left ventricle ATM complex,2025-01-29,3.2 Å,8zb7_F,8zb7_E,390.17 Å²,34,1.0,1.0,https://bioinformatics.lt/ppi3d/site/interaction_details/single_sequence/rIiStfbc/1/null/13966008/2421629/89119171/2531070
3227,8zb7,Human left ventricle ATM complex,2025-01-29,3.2 Å,8zb7_E,8zb7_J,1270.31 Å²,107,9.0,2.0,https://bioinformatics.lt/ppi3d/site/interaction_details/single_sequence/rIiStfbc/1/null/13966008/2421631/89119177/2531071
3228,8zb7,Human left ventricle ATM complex,2025-01-29,3.2 Å,8zb7_E,8zb7_K,147.52 Å²,15,,,https://bioinformatics.lt/ppi3d/site/interaction_details/single_sequence/rIiStfbc/1/null/13966008/2421633/89119178/2531072
3229,8zb7,Human left ventricle ATM complex,2025-01-29,3.2 Å,8zb7_E,8zb7_A,1139.25 Å²,95,3.0,2.0,https://bioinformatics.lt/ppi3d/site/interaction_details/single_sequence/rIiStfbc/1/null/13966008/2421598/89119179/2531054
323,6vao,Human cofilin-1 decorated actin filament,2020-01-08,3.4 Å,6vao_B,6vao_E,423.61 Å²,40,2.0,,https://bioinformatics.lt/ppi3d/site/interaction_details/single_sequence/rIiStfbc/1/null/13966349/1281217/46035800/1376634
3230,8zb7,Human left ventricle ATM complex,2025-01-29,3.2 Å,8zb7_E,8zb7_N,176.00 Å²,15,,,https://bioinformatics.lt/ppi3d/site/interaction_details/single_sequence/rIiStfbc/1/null/13966008/2421635/89119181/2531073
3238,8zb7,Human left ventricle ATM complex,2025-01-29,3.2 Å,8zb7_D,8zb7_E,1136.06 Å²,91,3.0,2.0,https://bioinformatics.lt/ppi3d/site/interaction_details/single_sequence/rIiStfbc/1/null/13966009/2421619/89119159/2531065
3239,8zb7,Human left ventricle ATM complex,2025-01-29,3.2 Å,8zb7_D,8zb7_F,385.36 Å²,32,3.0,,https://bioinformatics.lt/ppi3d/site/interaction_details/single_sequence/rIiStfbc/1/null/13966009/2421621/89119160/2531066
324,6vao,Human cofilin-1 decorated actin filament,2020-01-08,3.4 Å,6vao_D,6vao_B,400.48 Å²,38,,1.0,https://bioinformatics.lt/ppi3d/site/interaction_details/single_sequence/rIiStfbc/1/null/13966349/1281207/46035801/1376644
3240,8zb7,Human left ventricle ATM complex,2025-01-29,3.2 Å,8zb7_D,8zb7_I,1207.95 Å²,106,9.0,1.0,https://bioinformatics.lt/ppi3d/site/interaction_details/single_sequence/rIiStfbc/1/null/13966009/2421623/89119165/2531067
3241,8zb7,Human left ventricle ATM complex,2025-01-29,3.2 Å,8zb7_D,8zb7_J,159.85 Å²,16,,,https://bioinformatics.lt/ppi3d/site/interaction_details/single_sequence/rIiStfbc/1/null/13966009/2421625/89119166/2531068
3242,8zb7,Human left ventricle ATM complex,2025-01-29,3.2 Å,8zb7_D,8zb7_L,305.23 Å²,26,,,https://bioinformatics.lt/ppi3d/site/interaction_details/single_sequence/rIiStfbc/1/null/13966009/2421627/89119169/2531069
3251,8zb7,Human left ventricle ATM complex,2025-01-29,3.2 Å,8zb7_E,8zb7_C,380.81 Å²,33,1.0,1.0,https://bioinformatics.lt/ppi3d/site/interaction_details/single_sequence/rIiStfbc/1/null/13966010/2421611/89119147/2531061
3252,8zb7,Human left ventricle ATM complex,2025-01-29,3.2 Å,8zb7_F,8zb7_C,1139.06 Å²,95,4.0,3.0,https://bioinformatics.lt/ppi3d/site/interaction_details/single_sequence/rIiStfbc/1/null/13966010/2421613/89119148/2531062
3253,8zb7,Human left ventricle ATM complex,2025-01-29,3.2 Å,8zb7_C,8zb7_P,174.12 Å²,13,,,https://bioinformatics.lt/ppi3d/site/interaction_details/single_sequence/rIiStfbc/1/null/13966010/2421617/89119150/2531064
3254,8zb7,Human left ventricle ATM complex,2025-01-29,3.2 Å,8zb7_C,8zb7_G,1233.42 Å²,106,9.0,2.0,https://bioinformatics.lt/ppi3d/site/interaction_details/single_sequence/rIiStfbc/1/null/13966010/2421615/89119151/2531063
3255,8zb7,Human left ventricle ATM complex,2025-01-29,3.2 Å,8zb7_C,8zb7_A,385.47 Å²,35,2.0,1.0,https://bioinformatics.lt/ppi3d/site/interaction_details/single_sequence/rIiStfbc/1/null/13966010/2421596/89119156/2531053
3262,6t1y,Cryo-EM structure of phalloidin-stabilized F-actin (copolymerized),2020-03-04,3.3 Å,6t1y_D,6t1y_E,418.86 Å²,35,3.0,1.0,https://bioinformatics.lt/ppi3d/site/interaction_details/single_sequence/rIiStfbc/1/null/13965755/1269208/46040661/1361960
3263,8zb7,Human left ventricle ATM complex,2025-01-29,3.2 Å,8zb7_B,8zb7_M,148.10 Å²,16,,,https://bioinformatics.lt/ppi3d/site/interaction_details/single_sequence/rIiStfbc/1/null/13966011/2421607/89119117/2531059
3264,8zb7,Human left ventricle ATM complex,2025-01-29,3.2 Å,8zb7_B,8zb7_D,385.55 Å²,32,2.0,,https://bioinformatics.lt/ppi3d/site/interaction_details/single_sequence/rIiStfbc/1/null/13966011/2421601/89119133/2531056
3265,8zb7,Human left ventricle ATM complex,2025-01-29,3.2 Å,8zb7_B,8zb7_F,1130.31 Å²,93,5.0,2.0,https://bioinformatics.lt/ppi3d/site/interaction_details/single_sequence/rIiStfbc/1/null/13966011/2421603/89119135/2531057
3266,8zb7,Human left ventricle ATM complex,2025-01-29,3.2 Å,8zb7_B,8zb7_P,162.15 Å²,15,,,https://bioinformatics.lt/ppi3d/site/interaction_details/single_sequence/rIiStfbc/1/null/13966011/2421609/89119137/2531060
3267,8zb7,Human left ventricle ATM complex,2025-01-29,3.2 Å,8zb7_B,8zb7_H,1243.31 Å²,108,7.0,2.0,https://bioinformatics.lt/ppi3d/site/interaction_details/single_sequence/rIiStfbc/1/null/13966011/2421605/89119139/2531058
327,8vaa,Actin-binding domain of Legionella pneumophila effector LFAT1 (lpg1387) bound to F-actin,2024-12-18,3.6 Å,8vaa_F,8vaa_E,381.15 Å²,33,,1.0,https://bioinformatics.lt/ppi3d/site/interaction_details/single_sequence/rIiStfbc/1/null/13966605/2401983/85961635/2487744
328,8vaa,Actin-binding domain of Legionella pneumophila effector LFAT1 (lpg1387) bound to F-actin,2024-12-18,3.6 Å,8vaa_G,8vaa_E,1109.47 Å²,91,1.0,3.0,https://bioinformatics.lt/ppi3d/site/interaction_details/single_sequence/rIiStfbc/1/null/13966605/2401985/85961636/2487745
3282,6t1y,Cryo-EM structure of phalloidin-stabilized F-actin (copolymerized),2020-03-04,3.3 Å,6t1y_A,6t1y_B,418.85 Å²,35,3.0,1.0,https://bioinformatics.lt/ppi3d/site/interaction_details/single_sequence/rIiStfbc/1/null/13965757/1269196/46040647/1361954
3283,6t1y,Cryo-EM structure of phalloidin-stabilized F-actin (copolymerized),2020-03-04,3.3 Å,6t1y_B,6t1y_D,1042.49 Å²,88,10.0,4.0,https://bioinformatics.lt/ppi3d/site/interaction_details/single_sequence/rIiStfbc/1/null/13965757/1269201/46040651/1361957
3292,8d16,Bent ADP-Pi-F-actin,2022-09-07,3.7 Å,8d16_G,8d16_F,365.50 Å²,32,2.0,1.0,https://bioinformatics.lt/ppi3d/site/interaction_details/single_sequence/rIiStfbc/1/null/13966525/1809483/66063378/1948088
3294,6t1y,Cryo-EM structure of phalloidin-stabilized F-actin (copolymerized),2020-03-04,3.3 Å,6t1y_B,6t1y_C,418.86 Å²,35,3.0,1.0,https://bioinformatics.lt/ppi3d/site/interaction_details/single_sequence/rIiStfbc/1/null/13965758/1269200/46040641/1361956
3295,6t1y,Cryo-EM structure of phalloidin-stabilized F-actin (copolymerized),2020-03-04,3.3 Å,6t1y_A,6t1y_C,1042.51 Å²,88,10.0,4.0,https://bioinformatics.lt/ppi3d/site/interaction_details/single_sequence/rIiStfbc/1/null/13965758/1269198/46040642/1361955
3296,6t1y,Cryo-EM structure of phalloidin-stabilized F-actin (copolymerized),2020-03-04,3.3 Å,6t1y_C,6t1y_E,1042.53 Å²,88,10.0,4.0,https://bioinformatics.lt/ppi3d/site/interaction_details/single_sequence/rIiStfbc/1/null/13965758/1269205/46040645/1361959
3297,6t1y,Cryo-EM structure of phalloidin-stabilized F-actin (copolymerized),2020-03-04,3.3 Å,6t1y_C,6t1y_D,418.87 Å²,35,3.0,1.0,https://bioinformatics.lt/ppi3d/site/interaction_details/single_sequence/rIiStfbc/1/null/13965758/1269203/46040646/1361958
33,8efi,Helical reconstruction of the human cardiac actin-tropomyosin-myosin complex in the rigor form,2022-11-23,3.4 Å,8efi_B,8efi_P,225.57 Å²,20,1.0,1.0,https://bioinformatics.lt/ppi3d/site/interaction_details/single_sequence/rIiStfbc/1/null/13965569/1836807/68056547/1999189
3305,8d16,Bent ADP-Pi-F-actin,2022-09-07,3.7 Å,8d16_F,8d16_E,396.54 Å²,33,3.0,,https://bioinformatics.lt/ppi3d/site/interaction_details/single_sequence/rIiStfbc/1/null/13966526/1809479/66063376/1948086
3306,8d16,Bent ADP-Pi-F-actin,2022-09-07,3.7 Å,8d16_G,8d16_E,1183.55 Å²,97,5.0,2.0,https://bioinformatics.lt/ppi3d/site/interaction_details/single_sequence/rIiStfbc/1/null/13966526/1809481/66063377/1948087
331,8iah,"Structure of mammalian spectrin-actin junctional complex of membrane skeleton, State I, Global map",2023-05-03,3.6 Å,8iah_F,8iah_6,1375.15 Å²,124,11.0,3.0,https://bioinformatics.lt/ppi3d/site/interaction_details/single_sequence/rIiStfbc/1/null/13965326/1987606/72501779/2132034
3316,8d16,Bent ADP-Pi-F-actin,2022-09-07,3.7 Å,8d16_E,8d16_D,423.87 Å²,35,4.0,,https://bioinformatics.lt/ppi3d/site/interaction_details/single_sequence/rIiStfbc/1/null/13966527/1809475/66063373/1948084
3317,8d16,Bent ADP-Pi-F-actin,2022-09-07,3.7 Å,8d16_F,8d16_D,1156.90 Å²,99,6.0,2.0,https://bioinformatics.lt/ppi3d/site/interaction_details/single_sequence/rIiStfbc/1/null/13966527/1809477/66063374/1948085
3319,6t20,Cryo-EM structure of phalloidin-stabilized F-actin (aged),2020-03-04,3.7 Å,6t20_D,6t20_E,422.11 Å²,40,3.0,2.0,https://bioinformatics.lt/ppi3d/site/interaction_details/single_sequence/rIiStfbc/1/null/13965760/1269250/46040616/1361981
3327,8d16,Bent ADP-Pi-F-actin,2022-09-07,3.7 Å,8d16_D,8d16_C,404.98 Å²,35,2.0,1.0,https://bioinformatics.lt/ppi3d/site/interaction_details/single_sequence/rIiStfbc/1/null/13966528/1809471/66063369/1948082
3328,8d16,Bent ADP-Pi-F-actin,2022-09-07,3.7 Å,8d16_E,8d16_C,1144.45 Å²,96,6.0,4.0,https://bioinformatics.lt/ppi3d/site/interaction_details/single_sequence/rIiStfbc/1/null/13966528/1809473/66063370/1948083
3337,8d16,Bent ADP-Pi-F-actin,2022-09-07,3.7 Å,8d16_C,8d16_B,379.53 Å²,35,2.0,,https://bioinformatics.lt/ppi3d/site/interaction_details/single_sequence/rIiStfbc/1/null/13966529/1809467/66063364/1948080
3338,8d16,Bent ADP-Pi-F-actin,2022-09-07,3.7 Å,8d16_D,8d16_B,1109.06 Å²,91,3.0,2.0,https://bioinformatics.lt/ppi3d/site/interaction_details/single_sequence/rIiStfbc/1/null/13966529/1809469/66063365/1948081
334,8iah,"Structure of mammalian spectrin-actin junctional complex of membrane skeleton, State I, Global map",2023-05-03,3.6 Å,8iah_G,8iah_F,404.17 Å²,35,2.0,1.0,https://bioinformatics.lt/ppi3d/site/interaction_details/single_sequence/rIiStfbc/1/null/13965326/1987697/72501996/2132080
3340,6t20,Cryo-EM structure of phalloidin-stabilized F-actin (aged),2020-03-04,3.7 Å,6t20_A,6t20_B,422.06 Å²,40,3.0,2.0,https://bioinformatics.lt/ppi3d/site/interaction_details/single_sequence/rIiStfbc/1/null/13965762/1269238/46040602/1361975
3341,6t20,Cryo-EM structure of phalloidin-stabilized F-actin (aged),2020-03-04,3.7 Å,6t20_B,6t20_D,1107.47 Å²,90,5.0,3.0,https://bioinformatics.lt/ppi3d/site/interaction_details/single_sequence/rIiStfbc/1/null/13965762/1269243/46040606/1361978
3346,8d16,Bent ADP-Pi-F-actin,2022-09-07,3.7 Å,8d16_B,8d16_A,400.89 Å²,34,4.0,,https://bioinformatics.lt/ppi3d/site/interaction_details/single_sequence/rIiStfbc/1/null/13966530/1809463/66063358/1948078
3347,8d16,Bent ADP-Pi-F-actin,2022-09-07,3.7 Å,8d16_C,8d16_A,1178.14 Å²,107,6.0,1.0,https://bioinformatics.lt/ppi3d/site/interaction_details/single_sequence/rIiStfbc/1/null/13966530/1809465/66063359/1948079
3348,6t20,Cryo-EM structure of phalloidin-stabilized F-actin (aged),2020-03-04,3.7 Å,6t20_B,6t20_C,422.09 Å²,40,3.0,2.0,https://bioinformatics.lt/ppi3d/site/interaction_details/single_sequence/rIiStfbc/1/null/13965763/1269242/46040596/1361977
3349,6t20,Cryo-EM structure of phalloidin-stabilized F-actin (aged),2020-03-04,3.7 Å,6t20_A,6t20_C,1107.47 Å²,90,5.0,3.0,https://bioinformatics.lt/ppi3d/site/interaction_details/single_sequence/rIiStfbc/1/null/13965763/1269240/46040597/1361976
335,8iah,"Structure of mammalian spectrin-actin junctional complex of membrane skeleton, State I, Global map",2023-05-03,3.6 Å,8iah_H,8iah_F,1101.40 Å²,92,3.0,2.0,https://bioinformatics.lt/ppi3d/site/interaction_details/single_sequence/rIiStfbc/1/null/13965326/1987699/72501997/2132081
3350,6t20,Cryo-EM structure of phalloidin-stabilized F-actin (aged),2020-03-04,3.7 Å,6t20_C,6t20_E,1107.47 Å²,90,5.0,3.0,https://bioinformatics.lt/ppi3d/site/interaction_details/single_sequence/rIiStfbc/1/null/13965763/1269247/46040600/1361980
3351,6t20,Cryo-EM structure of phalloidin-stabilized F-actin (aged),2020-03-04,3.7 Å,6t20_C,6t20_D,422.10 Å²,40,3.0,2.0,https://bioinformatics.lt/ppi3d/site/interaction_details/single_sequence/rIiStfbc/1/null/13965763/1269245/46040601/1361979
336,8iah,"Structure of mammalian spectrin-actin junctional complex of membrane skeleton, State I, Global map",2023-05-03,3.6 Å,8iah_F,8iah_P,1186.74 Å²,99,6.0,3.0,https://bioinformatics.lt/ppi3d/site/interaction_details/single_sequence/rIiStfbc/1/null/13965326/1987701/72502005/2132082
337,8iah,"Structure of mammalian spectrin-actin junctional complex of membrane skeleton, State I, Global map",2023-05-03,3.6 Å,8iah_F,8iah_R,335.11 Å²,26,2.0,,https://bioinformatics.lt/ppi3d/site/interaction_details/single_sequence/rIiStfbc/1/null/13965326/1987703/72502007/2132083
3375,7r8v,Cryo-EM structure of the ADP state actin filament,2021-07-28,2.8 Å,7r8v_D,7r8v_E,1154.54 Å²,99,8.0,4.0,https://bioinformatics.lt/ppi3d/site/interaction_details/single_sequence/rIiStfbc/1/null/13966532/1633505/58202846/1761318
3383,6t23,Cryo-EM structure of jasplakinolide-stabilized F-actin (aged),2020-03-04,3.1 Å,6t23_B,6t23_C,430.68 Å²,36,3.0,2.0,https://bioinformatics.lt/ppi3d/site/interaction_details/single_sequence/rIiStfbc/1/null/13965765/1269255/46040571/1361984
3388,7ahn,Cryo-EM structure of F-actin stabilized by cis-optoJASP-8,2021-01-27,2.9 Å,7ahn_B,7ahn_D,1021.00 Å²,93,2.0,3.0,https://bioinformatics.lt/ppi3d/site/interaction_details/single_sequence/rIiStfbc/1/null/13966277/1499398/57543974/1570980
339,9hm9,Structure of the optimized F-tractin in complex with F-actin,2025-01-22,3.4 Å,9hm9_B,9hm9_A,466.29 Å²,45,3.0,1.0,https://bioinformatics.lt/ppi3d/site/interaction_details/single_sequence/rIiStfbc/1/null/13965582/2415413/87257694/2507531
3390,7r8v,Cryo-EM structure of the ADP state actin filament,2021-07-28,2.8 Å,7r8v_E,7r8v_C,398.97 Å²,32,3.0,,https://bioinformatics.lt/ppi3d/site/interaction_details/single_sequence/rIiStfbc/1/null/13966533/1633503/58202845/1761317
3395,6t23,Cryo-EM structure of jasplakinolide-stabilized F-actin (aged),2020-03-04,3.1 Å,6t23_A,6t23_B,430.71 Å²,36,3.0,2.0,https://bioinformatics.lt/ppi3d/site/interaction_details/single_sequence/rIiStfbc/1/null/13965766/1269251/46040569/1361982
3396,6t23,Cryo-EM structure of jasplakinolide-stabilized F-actin (aged),2020-03-04,3.1 Å,6t23_A,6t23_C,1005.85 Å²,88,9.0,4.0,https://bioinformatics.lt/ppi3d/site/interaction_details/single_sequence/rIiStfbc/1/null/13965766/1269253/46040570/1361983
3401,7ahn,Cryo-EM structure of F-actin stabilized by cis-optoJASP-8,2021-01-27,2.9 Å,7ahn_D,7ahn_E,399.08 Å²,34,3.0,,https://bioinformatics.lt/ppi3d/site/interaction_details/single_sequence/rIiStfbc/1/null/13966278/1499404/57543972/1570983
3403,7r8v,Cryo-EM structure of the ADP state actin filament,2021-07-28,2.8 Å,7r8v_A,7r8v_D,398.56 Å²,33,3.0,,https://bioinformatics.lt/ppi3d/site/interaction_details/single_sequence/rIiStfbc/1/null/13966534/1633495/58202842/1761313
3406,9p1i,Atomic structure of vibrio effector fragment VopV bound to Beta-cytoplasmic/gamma1-cytoplasmic F-actin,2025-11-19,3.0 Å,9p1i_b,9p1i_m,602.18 Å²,56,9.0,1.0,https://bioinformatics.lt/ppi3d/site/interaction_details/single_sequence/rIiStfbc/1/null/13965255/2657395/98124105/2760773
3407,9p1i,Atomic structure of vibrio effector fragment VopV bound to Beta-cytoplasmic/gamma1-cytoplasmic F-actin,2025-11-19,3.0 Å,9p1i_b,9p1i_n,1093.97 Å²,95,12.0,3.0,https://bioinformatics.lt/ppi3d/site/interaction_details/single_sequence/rIiStfbc/1/null/13965255/2657397/98124106/2760774
3409,6t23,Cryo-EM structure of jasplakinolide-stabilized F-actin (aged),2020-03-04,3.1 Å,6t23_C,6t23_E,1005.82 Å²,88,9.0,4.0,https://bioinformatics.lt/ppi3d/site/interaction_details/single_sequence/rIiStfbc/1/null/13965767/1269262/46040568/1361987
341,8c4c,F-actin decorated by SipA497-669,2024-01-17,2.7 Å,8c4c_B,8c4c_A,464.05 Å²,40,4.0,1.0,https://bioinformatics.lt/ppi3d/site/interaction_details/single_sequence/rIiStfbc/1/null/13966094/2144567/75903746/2262534
3414,7ahn,Cryo-EM structure of F-actin stabilized by cis-optoJASP-8,2021-01-27,2.9 Å,7ahn_A,7ahn_B,404.34 Å²,33,3.0,,https://bioinformatics.lt/ppi3d/site/interaction_details/single_sequence/rIiStfbc/1/null/13966279/1499391/57543971/1570977
3415,7r8v,Cryo-EM structure of the ADP state actin filament,2021-07-28,2.8 Å,7r8v_A,7r8v_B,1156.82 Å²,99,8.0,4.0,https://bioinformatics.lt/ppi3d/site/interaction_details/single_sequence/rIiStfbc/1/null/13966535/1633494/58202837/1761312
3416,7r8v,Cryo-EM structure of the ADP state actin filament,2021-07-28,2.8 Å,7r8v_B,7r8v_C,1156.99 Å²,99,8.0,4.0,https://bioinformatics.lt/ppi3d/site/interaction_details/single_sequence/rIiStfbc/1/null/13966535/1633497/58202838/1761314
3417,7r8v,Cryo-EM structure of the ADP state actin filament,2021-07-28,2.8 Å,7r8v_D,7r8v_B,398.71 Å²,33,3.0,,https://bioinformatics.lt/ppi3d/site/interaction_details/single_sequence/rIiStfbc/1/null/13966535/1633499/58202839/1761315
3418,7r8v,Cryo-EM structure of the ADP state actin filament,2021-07-28,2.8 Å,7r8v_B,7r8v_E,398.75 Å²,32,3.0,,https://bioinformatics.lt/ppi3d/site/interaction_details/single_sequence/rIiStfbc/1/null/13966535/1633501/58202840/1761316
342,8c4c,F-actin decorated by SipA497-669,2024-01-17,2.7 Å,8c4c_C,8c4c_A,1196.53 Å²,95,8.0,5.0,https://bioinformatics.lt/ppi3d/site/interaction_details/single_sequence/rIiStfbc/1/null/13966094/2144569/75903747/2262535
3421,9p1i,Atomic structure of vibrio effector fragment VopV bound to Beta-cytoplasmic/gamma1-cytoplasmic F-actin,2025-11-19,3.0 Å,9p1i_a,9p1i_b,402.70 Å²,29,3.0,,https://bioinformatics.lt/ppi3d/site/interaction_details/single_sequence/rIiStfbc/1/null/13965256/2657387/98124082/2760769
3422,9p1i,Atomic structure of vibrio effector fragment VopV bound to Beta-cytoplasmic/gamma1-cytoplasmic F-actin,2025-11-19,3.0 Å,9p1i_a,9p1i_l,597.62 Å²,55,9.0,1.0,https://bioinformatics.lt/ppi3d/site/interaction_details/single_sequence/rIiStfbc/1/null/13965256/2657389/98124092/2760770
3423,9p1i,Atomic structure of vibrio effector fragment VopV bound to Beta-cytoplasmic/gamma1-cytoplasmic F-actin,2025-11-19,3.0 Å,9p1i_a,9p1i_m,1093.91 Å²,96,13.0,3.0,https://bioinformatics.lt/ppi3d/site/interaction_details/single_sequence/rIiStfbc/1/null/13965256/2657391/98124093/2760771
3424,9p1i,Atomic structure of vibrio effector fragment VopV bound to Beta-cytoplasmic/gamma1-cytoplasmic F-actin,2025-11-19,3.0 Å,9p1i_a,9p1i_n,543.01 Å²,52,6.0,,https://bioinformatics.lt/ppi3d/site/interaction_details/single_sequence/rIiStfbc/1/null/13965256/2657393/98124094/2760772
3425,6t23,Cryo-EM structure of jasplakinolide-stabilized F-actin (aged),2020-03-04,3.1 Å,6t23_D,6t23_E,430.69 Å²,36,3.0,2.0,https://bioinformatics.lt/ppi3d/site/interaction_details/single_sequence/rIiStfbc/1/null/13965768/1269263/46040562/1361988
3426,6t23,Cryo-EM structure of jasplakinolide-stabilized F-actin (aged),2020-03-04,3.1 Å,6t23_B,6t23_D,1005.87 Å²,88,9.0,4.0,https://bioinformatics.lt/ppi3d/site/interaction_details/single_sequence/rIiStfbc/1/null/13965768/1269258/46040564/1361985
3427,6t23,Cryo-EM structure of jasplakinolide-stabilized F-actin (aged),2020-03-04,3.1 Å,6t23_C,6t23_D,430.67 Å²,36,3.0,2.0,https://bioinformatics.lt/ppi3d/site/interaction_details/single_sequence/rIiStfbc/1/null/13965768/1269260/46040565/1361986
343,8c4c,F-actin decorated by SipA497-669,2024-01-17,2.7 Å,8c4c_A,8c4c_M,750.06 Å²,68,3.0,3.0,https://bioinformatics.lt/ppi3d/site/interaction_details/single_sequence/rIiStfbc/1/null/13966094/2144571/75903755/2262536
3430,7ahn,Cryo-EM structure of F-actin stabilized by cis-optoJASP-8,2021-01-27,2.9 Å,7ahn_A,7ahn_C,1013.07 Å²,87,3.0,3.0,https://bioinformatics.lt/ppi3d/site/interaction_details/single_sequence/rIiStfbc/1/null/13966280/1499394/57543965/1570978
3431,7ahn,Cryo-EM structure of F-actin stabilized by cis-optoJASP-8,2021-01-27,2.9 Å,7ahn_C,7ahn_E,1011.26 Å²,87,3.0,3.0,https://bioinformatics.lt/ppi3d/site/interaction_details/single_sequence/rIiStfbc/1/null/13966280/1499401/57543966/1570982
3432,7ahn,Cryo-EM structure of F-actin stabilized by cis-optoJASP-8,2021-01-27,2.9 Å,7ahn_C,7ahn_D,416.94 Å²,35,3.0,,https://bioinformatics.lt/ppi3d/site/interaction_details/single_sequence/rIiStfbc/1/null/13966280/1499399/57543967/1570981
3433,7ahn,Cryo-EM structure of F-actin stabilized by cis-optoJASP-8,2021-01-27,2.9 Å,7ahn_B,7ahn_C,401.13 Å²,34,2.0,,https://bioinformatics.lt/ppi3d/site/interaction_details/single_sequence/rIiStfbc/1/null/13966280/1499396/57543968/1570979
3437,9p1i,Atomic structure of vibrio effector fragment VopV bound to Beta-cytoplasmic/gamma1-cytoplasmic F-actin,2025-11-19,3.0 Å,9p1i_Z,9p1i_a,400.55 Å²,30,3.0,,https://bioinformatics.lt/ppi3d/site/interaction_details/single_sequence/rIiStfbc/1/null/13965257/2657377/98124068/2760764
3438,9p1i,Atomic structure of vibrio effector fragment VopV bound to Beta-cytoplasmic/gamma1-cytoplasmic F-actin,2025-11-19,3.0 Å,9p1i_Z,9p1i_b,1172.04 Å²,98,8.0,4.0,https://bioinformatics.lt/ppi3d/site/interaction_details/single_sequence/rIiStfbc/1/null/13965257/2657379/98124069/2760765
3439,9p1i,Atomic structure of vibrio effector fragment VopV bound to Beta-cytoplasmic/gamma1-cytoplasmic F-actin,2025-11-19,3.0 Å,9p1i_Z,9p1i_k,616.77 Å²,56,9.0,,https://bioinformatics.lt/ppi3d/site/interaction_details/single_sequence/rIiStfbc/1/null/13965257/2657381/98124078/2760766
344,8c4c,F-actin decorated by SipA497-669,2024-01-17,2.7 Å,8c4c_A,8c4c_N,482.25 Å²,38,2.0,,https://bioinformatics.lt/ppi3d/site/interaction_details/single_sequence/rIiStfbc/1/null/13966094/2144573/75903756/2262537
3440,9p1i,Atomic structure of vibrio effector fragment VopV bound to Beta-cytoplasmic/gamma1-cytoplasmic F-actin,2025-11-19,3.0 Å,9p1i_Z,9p1i_l,1085.16 Å²,94,14.0,4.0,https://bioinformatics.lt/ppi3d/site/interaction_details/single_sequence/rIiStfbc/1/null/13965257/2657383/98124079/2760767
3441,9p1i,Atomic structure of vibrio effector fragment VopV bound to Beta-cytoplasmic/gamma1-cytoplasmic F-actin,2025-11-19,3.0 Å,9p1i_Z,9p1i_m,544.85 Å²,53,6.0,,https://bioinformatics.lt/ppi3d/site/interaction_details/single_sequence/rIiStfbc/1/null/13965257/2657385/98124080/2760768
345,6vao,Human cofilin-1 decorated actin filament,2020-01-08,3.4 Å,6vao_A,6vao_C,402.56 Å²,38,1.0,,https://bioinformatics.lt/ppi3d/site/interaction_details/single_sequence/rIiStfbc/1/null/13966350/1281210/46035789/1376631
3452,9p1i,Atomic structure of vibrio effector fragment VopV bound to Beta-cytoplasmic/gamma1-cytoplasmic F-actin,2025-11-19,3.0 Å,9p1i_Y,9p1i_Z,406.10 Å²,33,3.0,1.0,https://bioinformatics.lt/ppi3d/site/interaction_details/single_sequence/rIiStfbc/1/null/13965258/2657367/98124053/2760759
3453,9p1i,Atomic structure of vibrio effector fragment VopV bound to Beta-cytoplasmic/gamma1-cytoplasmic F-actin,2025-11-19,3.0 Å,9p1i_Y,9p1i_a,1173.41 Å²,96,9.0,4.0,https://bioinformatics.lt/ppi3d/site/interaction_details/single_sequence/rIiStfbc/1/null/13965258/2657369/98124054/2760760
3454,9p1i,Atomic structure of vibrio effector fragment VopV bound to Beta-cytoplasmic/gamma1-cytoplasmic F-actin,2025-11-19,3.0 Å,9p1i_Y,9p1i_j,598.38 Å²,56,8.0,1.0,https://bioinformatics.lt/ppi3d/site/interaction_details/single_sequence/rIiStfbc/1/null/13965258/2657371/98124063/2760761
3455,9p1i,Atomic structure of vibrio effector fragment VopV bound to Beta-cytoplasmic/gamma1-cytoplasmic F-actin,2025-11-19,3.0 Å,9p1i_Y,9p1i_k,1088.85 Å²,96,14.0,3.0,https://bioinformatics.lt/ppi3d/site/interaction_details/single_sequence/rIiStfbc/1/null/13965258/2657373/98124064/2760762
3456,9p1i,Atomic structure of vibrio effector fragment VopV bound to Beta-cytoplasmic/gamma1-cytoplasmic F-actin,2025-11-19,3.0 Å,9p1i_Y,9p1i_l,538.32 Å²,52,6.0,,https://bioinformatics.lt/ppi3d/site/interaction_details/single_sequence/rIiStfbc/1/null/13965258/2657375/98124065/2760763
346,6vao,Human cofilin-1 decorated actin filament,2020-01-08,3.4 Å,6vao_C,6vao_D,389.92 Å²,38,,1.0,https://bioinformatics.lt/ppi3d/site/interaction_details/single_sequence/rIiStfbc/1/null/13966350/1281235/46035793/1376645
3461,6t24,Cryo-EM structure of jasplakinolide-stabilized F-actin (aged),2020-03-04,3.7 Å,6t24_A,6t24_B,385.53 Å²,35,3.0,2.0,https://bioinformatics.lt/ppi3d/site/interaction_details/single_sequence/rIiStfbc/1/null/13965770/1269210/46040561/1361961
3467,7ahq,Cryo-EM structure of F-actin stabilized by trans-optoJASP-8,2021-01-27,3.6 Å,7ahq_D,7ahq_E,441.86 Å²,40,3.0,2.0,https://bioinformatics.lt/ppi3d/site/interaction_details/single_sequence/rIiStfbc/1/null/13966282/1499389/57543964/1570976
347,6vao,Human cofilin-1 decorated actin filament,2020-01-08,3.4 Å,6vao_C,6vao_J,1003.78 Å²,84,5.0,3.0,https://bioinformatics.lt/ppi3d/site/interaction_details/single_sequence/rIiStfbc/1/null/13966350/1281233/46035794/1376642
3471,9p1i,Atomic structure of vibrio effector fragment VopV bound to Beta-cytoplasmic/gamma1-cytoplasmic F-actin,2025-11-19,3.0 Å,9p1i_X,9p1i_Y,405.50 Å²,31,3.0,,https://bioinformatics.lt/ppi3d/site/interaction_details/single_sequence/rIiStfbc/1/null/13965259/2657357/98124037/2760754
3472,9p1i,Atomic structure of vibrio effector fragment VopV bound to Beta-cytoplasmic/gamma1-cytoplasmic F-actin,2025-11-19,3.0 Å,9p1i_X,9p1i_Z,1186.66 Å²,98,9.0,4.0,https://bioinformatics.lt/ppi3d/site/interaction_details/single_sequence/rIiStfbc/1/null/13965259/2657359/98124038/2760755
3473,9p1i,Atomic structure of vibrio effector fragment VopV bound to Beta-cytoplasmic/gamma1-cytoplasmic F-actin,2025-11-19,3.0 Å,9p1i_X,9p1i_i,606.08 Å²,56,8.0,,https://bioinformatics.lt/ppi3d/site/interaction_details/single_sequence/rIiStfbc/1/null/13965259/2657361/98124047/2760756
3474,9p1i,Atomic structure of vibrio effector fragment VopV bound to Beta-cytoplasmic/gamma1-cytoplasmic F-actin,2025-11-19,3.0 Å,9p1i_X,9p1i_j,1104.99 Å²,94,14.0,4.0,https://bioinformatics.lt/ppi3d/site/interaction_details/single_sequence/rIiStfbc/1/null/13965259/2657363/98124048/2760757
3475,9p1i,Atomic structure of vibrio effector fragment VopV bound to Beta-cytoplasmic/gamma1-cytoplasmic F-actin,2025-11-19,3.0 Å,9p1i_X,9p1i_k,542.36 Å²,50,6.0,,https://bioinformatics.lt/ppi3d/site/interaction_details/single_sequence/rIiStfbc/1/null/13965259/2657365/98124049/2760758
3480,6t24,Cryo-EM structure of jasplakinolide-stabilized F-actin (aged),2020-03-04,3.7 Å,6t24_B,6t24_C,385.51 Å²,35,3.0,2.0,https://bioinformatics.lt/ppi3d/site/interaction_details/single_sequence/rIiStfbc/1/null/13965771/1269214/46040559/1361963
3481,6t24,Cryo-EM structure of jasplakinolide-stabilized F-actin (aged),2020-03-04,3.7 Å,6t24_A,6t24_C,1036.88 Å²,90,8.0,4.0,https://bioinformatics.lt/ppi3d/site/interaction_details/single_sequence/rIiStfbc/1/null/13965771/1269212/46040560/1361962
3486,7ahq,Cryo-EM structure of F-actin stabilized by trans-optoJASP-8,2021-01-27,3.6 Å,7ahq_C,7ahq_D,448.71 Å²,40,3.0,2.0,https://bioinformatics.lt/ppi3d/site/interaction_details/single_sequence/rIiStfbc/1/null/13966283/1499385/57543962/1570974
3487,7ahq,Cryo-EM structure of F-actin stabilized by trans-optoJASP-8,2021-01-27,3.6 Å,7ahq_C,7ahq_E,1072.93 Å²,85,10.0,4.0,https://bioinformatics.lt/ppi3d/site/interaction_details/single_sequence/rIiStfbc/1/null/13966283/1499387/57543963/1570975
3491,9p1i,Atomic structure of vibrio effector fragment VopV bound to Beta-cytoplasmic/gamma1-cytoplasmic F-actin,2025-11-19,3.0 Å,9p1i_W,9p1i_X,407.66 Å²,32,4.0,,https://bioinformatics.lt/ppi3d/site/interaction_details/single_sequence/rIiStfbc/1/null/13965260/2657347/98124020/2760749
3492,9p1i,Atomic structure of vibrio effector fragment VopV bound to Beta-cytoplasmic/gamma1-cytoplasmic F-actin,2025-11-19,3.0 Å,9p1i_W,9p1i_Y,1182.31 Å²,97,9.0,4.0,https://bioinformatics.lt/ppi3d/site/interaction_details/single_sequence/rIiStfbc/1/null/13965260/2657349/98124021/2760750
3493,9p1i,Atomic structure of vibrio effector fragment VopV bound to Beta-cytoplasmic/gamma1-cytoplasmic F-actin,2025-11-19,3.0 Å,9p1i_W,9p1i_f,598.88 Å²,56,7.0,1.0,https://bioinformatics.lt/ppi3d/site/interaction_details/single_sequence/rIiStfbc/1/null/13965260/2657351/98124028/2760751
3494,9p1i,Atomic structure of vibrio effector fragment VopV bound to Beta-cytoplasmic/gamma1-cytoplasmic F-actin,2025-11-19,3.0 Å,9p1i_W,9p1i_i,1101.36 Å²,97,15.0,4.0,https://bioinformatics.lt/ppi3d/site/interaction_details/single_sequence/rIiStfbc/1/null/13965260/2657353/98124031/2760752
3495,9p1i,Atomic structure of vibrio effector fragment VopV bound to Beta-cytoplasmic/gamma1-cytoplasmic F-actin,2025-11-19,3.0 Å,9p1i_W,9p1i_j,555.59 Å²,52,6.0,,https://bioinformatics.lt/ppi3d/site/interaction_details/single_sequence/rIiStfbc/1/null/13965260/2657355/98124032/2760753
350,8vaa,Actin-binding domain of Legionella pneumophila effector LFAT1 (lpg1387) bound to F-actin,2024-12-18,3.6 Å,8vaa_E,8vaa_D,385.99 Å²,32,,1.0,https://bioinformatics.lt/ppi3d/site/interaction_details/single_sequence/rIiStfbc/1/null/13966606/2401975/85961619/2487740
3501,6t24,Cryo-EM structure of jasplakinolide-stabilized F-actin (aged),2020-03-04,3.7 Å,6t24_C,6t24_D,385.52 Å²,35,3.0,2.0,https://bioinformatics.lt/ppi3d/site/interaction_details/single_sequence/rIiStfbc/1/null/13965772/1269218/46040556/1361965
3502,6t24,Cryo-EM structure of jasplakinolide-stabilized F-actin (aged),2020-03-04,3.7 Å,6t24_B,6t24_D,1036.86 Å²,90,8.0,4.0,https://bioinformatics.lt/ppi3d/site/interaction_details/single_sequence/rIiStfbc/1/null/13965772/1269216/46040557/1361964
3507,7ahq,Cryo-EM structure of F-actin stabilized by trans-optoJASP-8,2021-01-27,3.6 Å,7ahq_B,7ahq_C,437.96 Å²,38,3.0,2.0,https://bioinformatics.lt/ppi3d/site/interaction_details/single_sequence/rIiStfbc/1/null/13966284/1499381/57543959/1570972
3508,7ahq,Cryo-EM structure of F-actin stabilized by trans-optoJASP-8,2021-01-27,3.6 Å,7ahq_B,7ahq_D,1075.84 Å²,84,10.0,4.0,https://bioinformatics.lt/ppi3d/site/interaction_details/single_sequence/rIiStfbc/1/null/13966284/1499383/57543960/1570973
351,8vaa,Actin-binding domain of Legionella pneumophila effector LFAT1 (lpg1387) bound to F-actin,2024-12-18,3.6 Å,8vaa_F,8vaa_D,1086.18 Å²,90,1.0,2.0,https://bioinformatics.lt/ppi3d/site/interaction_details/single_sequence/rIiStfbc/1/null/13966606/2401977/85961620/2487741
3513,9p1i,Atomic structure of vibrio effector fragment VopV bound to Beta-cytoplasmic/gamma1-cytoplasmic F-actin,2025-11-19,3.0 Å,9p1i_V,9p1i_d,543.51 Å²,52,6.0,,https://bioinformatics.lt/ppi3d/site/interaction_details/single_sequence/rIiStfbc/1/null/13965261/2657341/98124009/2760746
3514,9p1i,Atomic structure of vibrio effector fragment VopV bound to Beta-cytoplasmic/gamma1-cytoplasmic F-actin,2025-11-19,3.0 Å,9p1i_V,9p1i_e,602.41 Å²,57,8.0,,https://bioinformatics.lt/ppi3d/site/interaction_details/single_sequence/rIiStfbc/1/null/13965261/2657343/98124010/2760747
3515,9p1i,Atomic structure of vibrio effector fragment VopV bound to Beta-cytoplasmic/gamma1-cytoplasmic F-actin,2025-11-19,3.0 Å,9p1i_V,9p1i_h,1103.60 Å²,97,10.0,4.0,https://bioinformatics.lt/ppi3d/site/interaction_details/single_sequence/rIiStfbc/1/null/13965261/2657345/98124013/2760748
3520,6t24,Cryo-EM structure of jasplakinolide-stabilized F-actin (aged),2020-03-04,3.7 Å,6t24_D,6t24_E,385.52 Å²,35,3.0,2.0,https://bioinformatics.lt/ppi3d/site/interaction_details/single_sequence/rIiStfbc/1/null/13965773/1269222/46040552/1361967
3521,6t24,Cryo-EM structure of jasplakinolide-stabilized F-actin (aged),2020-03-04,3.7 Å,6t24_C,6t24_E,1036.87 Å²,90,8.0,4.0,https://bioinformatics.lt/ppi3d/site/interaction_details/single_sequence/rIiStfbc/1/null/13965773/1269220/46040553/1361966
3525,7ahq,Cryo-EM structure of F-actin stabilized by trans-optoJASP-8,2021-01-27,3.6 Å,7ahq_A,7ahq_B,433.50 Å²,38,2.0,2.0,https://bioinformatics.lt/ppi3d/site/interaction_details/single_sequence/rIiStfbc/1/null/13966285/1499377/57543955/1570970
3526,7ahq,Cryo-EM structure of F-actin stabilized by trans-optoJASP-8,2021-01-27,3.6 Å,7ahq_A,7ahq_C,1075.24 Å²,86,9.0,4.0,https://bioinformatics.lt/ppi3d/site/interaction_details/single_sequence/rIiStfbc/1/null/13966285/1499379/57543956/1570971
3528,9p1i,Atomic structure of vibrio effector fragment VopV bound to Beta-cytoplasmic/gamma1-cytoplasmic F-actin,2025-11-19,3.0 Å,9p1i_U,9p1i_V,395.40 Å²,30,4.0,1.0,https://bioinformatics.lt/ppi3d/site/interaction_details/single_sequence/rIiStfbc/1/null/13965262/2657335/98123983/2760743
3529,9p1i,Atomic structure of vibrio effector fragment VopV bound to Beta-cytoplasmic/gamma1-cytoplasmic F-actin,2025-11-19,3.0 Å,9p1i_U,9p1i_e,1097.96 Å²,95,13.0,3.0,https://bioinformatics.lt/ppi3d/site/interaction_details/single_sequence/rIiStfbc/1/null/13965262/2657337/98123992/2760744
3530,9p1i,Atomic structure of vibrio effector fragment VopV bound to Beta-cytoplasmic/gamma1-cytoplasmic F-actin,2025-11-19,3.0 Å,9p1i_U,9p1i_h,548.99 Å²,50,7.0,,https://bioinformatics.lt/ppi3d/site/interaction_details/single_sequence/rIiStfbc/1/null/13965262/2657339/98123995/2760745
354,8iah,"Structure of mammalian spectrin-actin junctional complex of membrane skeleton, State I, Global map",2023-05-03,3.6 Å,8iah_E,8iah_5,323.62 Å²,30,1.0,,https://bioinformatics.lt/ppi3d/site/interaction_details/single_sequence/rIiStfbc/1/null/13965327/1987586/72501749/2132024
3542,9p3d,cryo-EM structure of Vibrio effector VopV fragment bound to skeletal alpha F-actin,2025-11-19,3.5 Å,9p3d_a,9p3d_l,551.88 Å²,51,4.0,,https://bioinformatics.lt/ppi3d/site/interaction_details/single_sequence/rIiStfbc/1/null/13966542/2657527/98124347/2760839
3543,9p3d,cryo-EM structure of Vibrio effector VopV fragment bound to skeletal alpha F-actin,2025-11-19,3.5 Å,9p3d_a,9p3d_m,1128.47 Å²,101,6.0,2.0,https://bioinformatics.lt/ppi3d/site/interaction_details/single_sequence/rIiStfbc/1/null/13966542/2657529/98124348/2760840
3547,9p1i,Atomic structure of vibrio effector fragment VopV bound to Beta-cytoplasmic/gamma1-cytoplasmic F-actin,2025-11-19,3.0 Å,9p1i_V,9p1i_T,1179.27 Å²,97,10.0,4.0,https://bioinformatics.lt/ppi3d/site/interaction_details/single_sequence/rIiStfbc/1/null/13965263/2657327/98123964/2760739
3548,9p1i,Atomic structure of vibrio effector fragment VopV bound to Beta-cytoplasmic/gamma1-cytoplasmic F-actin,2025-11-19,3.0 Å,9p1i_T,9p1i_c,544.40 Å²,52,5.0,,https://bioinformatics.lt/ppi3d/site/interaction_details/single_sequence/rIiStfbc/1/null/13965263/2657329/98123971/2760740
3549,9p1i,Atomic structure of vibrio effector fragment VopV bound to Beta-cytoplasmic/gamma1-cytoplasmic F-actin,2025-11-19,3.0 Å,9p1i_T,9p1i_d,607.91 Å²,54,7.0,1.0,https://bioinformatics.lt/ppi3d/site/interaction_details/single_sequence/rIiStfbc/1/null/13965263/2657331/98123972/2760741
355,8iah,"Structure of mammalian spectrin-actin junctional complex of membrane skeleton, State I, Global map",2023-05-03,3.6 Å,8iah_E,8iah_6,1272.12 Å²,102,3.0,3.0,https://bioinformatics.lt/ppi3d/site/interaction_details/single_sequence/rIiStfbc/1/null/13965327/1987604/72501778/2132033
3550,9p1i,Atomic structure of vibrio effector fragment VopV bound to Beta-cytoplasmic/gamma1-cytoplasmic F-actin,2025-11-19,3.0 Å,9p1i_T,9p1i_g,1098.18 Å²,98,14.0,3.0,https://bioinformatics.lt/ppi3d/site/interaction_details/single_sequence/rIiStfbc/1/null/13965263/2657333/98123975/2760742
3555,6t25,Cryo-EM structure of phalloidin-Alexa Flour-546-stabilized F-actin (copolymerized),2020-03-04,3.6 Å,6t25_A,6t25_C,770.18 Å²,71,8.0,3.0,https://bioinformatics.lt/ppi3d/site/interaction_details/single_sequence/rIiStfbc/1/null/13965775/1269226/46040542/1361969
3561,7bt7,F-actin-ADP complex structure,2020-05-20,3.8 Å,7bt7_D,7bt7_E,414.12 Å²,38,2.0,,https://bioinformatics.lt/ppi3d/site/interaction_details/single_sequence/rIiStfbc/1/null/13966287/1501949/57543485/1577006
3564,9p3d,cryo-EM structure of Vibrio effector VopV fragment bound to skeletal alpha F-actin,2025-11-19,3.5 Å,9p3d_a,9p3d_Z,441.54 Å²,37,2.0,1.0,https://bioinformatics.lt/ppi3d/site/interaction_details/single_sequence/rIiStfbc/1/null/13966543/2657519/98124326/2760835
3565,9p3d,cryo-EM structure of Vibrio effector VopV fragment bound to skeletal alpha F-actin,2025-11-19,3.5 Å,9p3d_Z,9p3d_k,536.03 Å²,52,5.0,,https://bioinformatics.lt/ppi3d/site/interaction_details/single_sequence/rIiStfbc/1/null/13966543/2657521/98124335/2760836
3566,9p3d,cryo-EM structure of Vibrio effector VopV fragment bound to skeletal alpha F-actin,2025-11-19,3.5 Å,9p3d_Z,9p3d_l,1132.57 Å²,96,10.0,1.0,https://bioinformatics.lt/ppi3d/site/interaction_details/single_sequence/rIiStfbc/1/null/13966543/2657523/98124336/2760837
3567,9p3d,cryo-EM structure of Vibrio effector VopV fragment bound to skeletal alpha F-actin,2025-11-19,3.5 Å,9p3d_Z,9p3d_m,638.11 Å²,60,7.0,1.0,https://bioinformatics.lt/ppi3d/site/interaction_details/single_sequence/rIiStfbc/1/null/13966543/2657525/98124337/2760838
3569,9p1i,Atomic structure of vibrio effector fragment VopV bound to Beta-cytoplasmic/gamma1-cytoplasmic F-actin,2025-11-19,3.0 Å,9p1i_S,9p1i_T,393.65 Å²,29,4.0,,https://bioinformatics.lt/ppi3d/site/interaction_details/single_sequence/rIiStfbc/1/null/13965264/2657315/98123942/2760733
3570,9p1i,Atomic structure of vibrio effector fragment VopV bound to Beta-cytoplasmic/gamma1-cytoplasmic F-actin,2025-11-19,3.0 Å,9p1i_U,9p1i_S,1187.73 Å²,95,10.0,4.0,https://bioinformatics.lt/ppi3d/site/interaction_details/single_sequence/rIiStfbc/1/null/13965264/2657317/98123943/2760734
3571,9p1i,Atomic structure of vibrio effector fragment VopV bound to Beta-cytoplasmic/gamma1-cytoplasmic F-actin,2025-11-19,3.0 Å,9p1i_V,9p1i_S,408.94 Å²,32,3.0,,https://bioinformatics.lt/ppi3d/site/interaction_details/single_sequence/rIiStfbc/1/null/13965264/2657319/98123944/2760735
3572,9p1i,Atomic structure of vibrio effector fragment VopV bound to Beta-cytoplasmic/gamma1-cytoplasmic F-actin,2025-11-19,3.0 Å,9p1i_S,9p1i_d,1101.20 Å²,95,13.0,3.0,https://bioinformatics.lt/ppi3d/site/interaction_details/single_sequence/rIiStfbc/1/null/13965264/2657321/98123952/2760736
3573,9p1i,Atomic structure of vibrio effector fragment VopV bound to Beta-cytoplasmic/gamma1-cytoplasmic F-actin,2025-11-19,3.0 Å,9p1i_S,9p1i_g,546.67 Å²,51,7.0,,https://bioinformatics.lt/ppi3d/site/interaction_details/single_sequence/rIiStfbc/1/null/13965264/2657323/98123955/2760737
3574,9p1i,Atomic structure of vibrio effector fragment VopV bound to Beta-cytoplasmic/gamma1-cytoplasmic F-actin,2025-11-19,3.0 Å,9p1i_S,9p1i_h,611.79 Å²,58,8.0,,https://bioinformatics.lt/ppi3d/site/interaction_details/single_sequence/rIiStfbc/1/null/13965264/2657325/98123956/2760738
3577,6t25,Cryo-EM structure of phalloidin-Alexa Flour-546-stabilized F-actin (copolymerized),2020-03-04,3.6 Å,6t25_B,6t25_C,421.91 Å²,38,3.0,2.0,https://bioinformatics.lt/ppi3d/site/interaction_details/single_sequence/rIiStfbc/1/null/13965776/1269227/46040537/1361970
3578,6t25,Cryo-EM structure of phalloidin-Alexa Flour-546-stabilized F-actin (copolymerized),2020-03-04,3.6 Å,6t25_A,6t25_B,421.92 Å²,38,3.0,2.0,https://bioinformatics.lt/ppi3d/site/interaction_details/single_sequence/rIiStfbc/1/null/13965776/1269224/46040538/1361968
358,8iah,"Structure of mammalian spectrin-actin junctional complex of membrane skeleton, State I, Global map",2023-05-03,3.6 Å,8iah_F,8iah_E,391.85 Å²,33,3.0,2.0,https://bioinformatics.lt/ppi3d/site/interaction_details/single_sequence/rIiStfbc/1/null/13965327/1987689/72501975/2132076
3584,7bt7,F-actin-ADP complex structure,2020-05-20,3.8 Å,7bt7_C,7bt7_D,406.33 Å²,37,2.0,,https://bioinformatics.lt/ppi3d/site/interaction_details/single_sequence/rIiStfbc/1/null/13966288/1501945/57543483/1577004
3585,7bt7,F-actin-ADP complex structure,2020-05-20,3.8 Å,7bt7_C,7bt7_E,1174.27 Å²,103,6.0,4.0,https://bioinformatics.lt/ppi3d/site/interaction_details/single_sequence/rIiStfbc/1/null/13966288/1501947/57543484/1577005
3588,9p3d,cryo-EM structure of Vibrio effector VopV fragment bound to skeletal alpha F-actin,2025-11-19,3.5 Å,9p3d_Z,9p3d_Y,431.26 Å²,36,2.0,,https://bioinformatics.lt/ppi3d/site/interaction_details/single_sequence/rIiStfbc/1/null/13966544/2657509/98124313/2760830
3589,9p3d,cryo-EM structure of Vibrio effector VopV fragment bound to skeletal alpha F-actin,2025-11-19,3.5 Å,9p3d_a,9p3d_Y,1201.33 Å²,98,8.0,3.0,https://bioinformatics.lt/ppi3d/site/interaction_details/single_sequence/rIiStfbc/1/null/13966544/2657511/98124314/2760831
359,8iah,"Structure of mammalian spectrin-actin junctional complex of membrane skeleton, State I, Global map",2023-05-03,3.6 Å,8iah_G,8iah_E,1122.55 Å²,90,5.0,3.0,https://bioinformatics.lt/ppi3d/site/interaction_details/single_sequence/rIiStfbc/1/null/13965327/1987691/72501976/2132077
3590,9p3d,cryo-EM structure of Vibrio effector VopV fragment bound to skeletal alpha F-actin,2025-11-19,3.5 Å,9p3d_Y,9p3d_j,542.68 Å²,51,4.0,,https://bioinformatics.lt/ppi3d/site/interaction_details/single_sequence/rIiStfbc/1/null/13966544/2657513/98124322/2760832
3591,9p3d,cryo-EM structure of Vibrio effector VopV fragment bound to skeletal alpha F-actin,2025-11-19,3.5 Å,9p3d_Y,9p3d_k,1108.50 Å²,98,7.0,2.0,https://bioinformatics.lt/ppi3d/site/interaction_details/single_sequence/rIiStfbc/1/null/13966544/2657515/98124323/2760833
3592,9p3d,cryo-EM structure of Vibrio effector VopV fragment bound to skeletal alpha F-actin,2025-11-19,3.5 Å,9p3d_Y,9p3d_l,682.20 Å²,67,6.0,1.0,https://bioinformatics.lt/ppi3d/site/interaction_details/single_sequence/rIiStfbc/1/null/13966544/2657517/98124324/2760834
3594,9p1i,Atomic structure of vibrio effector fragment VopV bound to Beta-cytoplasmic/gamma1-cytoplasmic F-actin,2025-11-19,3.0 Å,9p1i_T,9p1i_R,1211.06 Å²,96,12.0,3.0,https://bioinformatics.lt/ppi3d/site/interaction_details/single_sequence/rIiStfbc/1/null/13965265/2657303/98123921/2760727
3595,9p1i,Atomic structure of vibrio effector fragment VopV bound to Beta-cytoplasmic/gamma1-cytoplasmic F-actin,2025-11-19,3.0 Å,9p1i_R,9p1i_W,397.14 Å²,30,4.0,,https://bioinformatics.lt/ppi3d/site/interaction_details/single_sequence/rIiStfbc/1/null/13965265/2657305/98123924/2760728
3596,9p1i,Atomic structure of vibrio effector fragment VopV bound to Beta-cytoplasmic/gamma1-cytoplasmic F-actin,2025-11-19,3.0 Å,9p1i_R,9p1i_X,1194.90 Å²,101,12.0,4.0,https://bioinformatics.lt/ppi3d/site/interaction_details/single_sequence/rIiStfbc/1/null/13965265/2657307/98123925/2760729
3597,9p1i,Atomic structure of vibrio effector fragment VopV bound to Beta-cytoplasmic/gamma1-cytoplasmic F-actin,2025-11-19,3.0 Å,9p1i_R,9p1i_c,621.39 Å²,57,8.0,,https://bioinformatics.lt/ppi3d/site/interaction_details/single_sequence/rIiStfbc/1/null/13965265/2657309/98123930/2760730
3598,9p1i,Atomic structure of vibrio effector fragment VopV bound to Beta-cytoplasmic/gamma1-cytoplasmic F-actin,2025-11-19,3.0 Å,9p1i_R,9p1i_f,1106.77 Å²,101,12.0,4.0,https://bioinformatics.lt/ppi3d/site/interaction_details/single_sequence/rIiStfbc/1/null/13965265/2657311/98123933/2760731
3599,9p1i,Atomic structure of vibrio effector fragment VopV bound to Beta-cytoplasmic/gamma1-cytoplasmic F-actin,2025-11-19,3.0 Å,9p1i_R,9p1i_i,539.36 Å²,52,6.0,,https://bioinformatics.lt/ppi3d/site/interaction_details/single_sequence/rIiStfbc/1/null/13965265/2657313/98123936/2760732
360,8iah,"Structure of mammalian spectrin-actin junctional complex of membrane skeleton, State I, Global map",2023-05-03,3.6 Å,8iah_E,8iah_O,1572.11 Å²,130,13.0,6.0,https://bioinformatics.lt/ppi3d/site/interaction_details/single_sequence/rIiStfbc/1/null/13965327/1987693/72501984/2132078
3602,6t25,Cryo-EM structure of phalloidin-Alexa Flour-546-stabilized F-actin (copolymerized),2020-03-04,3.6 Å,6t25_C,6t25_E,770.15 Å²,71,8.0,3.0,https://bioinformatics.lt/ppi3d/site/interaction_details/single_sequence/rIiStfbc/1/null/13965777/1269234/46040532/1361973
3606,7bt7,F-actin-ADP complex structure,2020-05-20,3.8 Å,7bt7_B,7bt7_C,435.90 Å²,38,3.0,,https://bioinformatics.lt/ppi3d/site/interaction_details/single_sequence/rIiStfbc/1/null/13966289/1501941/57543480/1577002
3607,7bt7,F-actin-ADP complex structure,2020-05-20,3.8 Å,7bt7_B,7bt7_D,1166.92 Å²,102,5.0,2.0,https://bioinformatics.lt/ppi3d/site/interaction_details/single_sequence/rIiStfbc/1/null/13966289/1501943/57543481/1577003
361,8iah,"Structure of mammalian spectrin-actin junctional complex of membrane skeleton, State I, Global map",2023-05-03,3.6 Å,8iah_E,8iah_Q,336.62 Å²,26,4.0,,https://bioinformatics.lt/ppi3d/site/interaction_details/single_sequence/rIiStfbc/1/null/13965327/1987695/72501986/2132079
3610,9p3d,cryo-EM structure of Vibrio effector VopV fragment bound to skeletal alpha F-actin,2025-11-19,3.5 Å,9p3d_Y,9p3d_X,427.05 Å²,36,2.0,,https://bioinformatics.lt/ppi3d/site/interaction_details/single_sequence/rIiStfbc/1/null/13966545/2657499/98124299/2760825
3611,9p3d,cryo-EM structure of Vibrio effector VopV fragment bound to skeletal alpha F-actin,2025-11-19,3.5 Å,9p3d_Z,9p3d_X,1189.92 Å²,98,7.0,3.0,https://bioinformatics.lt/ppi3d/site/interaction_details/single_sequence/rIiStfbc/1/null/13966545/2657501/98124300/2760826
3612,9p3d,cryo-EM structure of Vibrio effector VopV fragment bound to skeletal alpha F-actin,2025-11-19,3.5 Å,9p3d_X,9p3d_i,561.79 Å²,52,4.0,,https://bioinformatics.lt/ppi3d/site/interaction_details/single_sequence/rIiStfbc/1/null/13966545/2657503/98124308/2760827
3613,9p3d,cryo-EM structure of Vibrio effector VopV fragment bound to skeletal alpha F-actin,2025-11-19,3.5 Å,9p3d_X,9p3d_j,1095.51 Å²,98,9.0,1.0,https://bioinformatics.lt/ppi3d/site/interaction_details/single_sequence/rIiStfbc/1/null/13966545/2657505/98124309/2760828
3614,9p3d,cryo-EM structure of Vibrio effector VopV fragment bound to skeletal alpha F-actin,2025-11-19,3.5 Å,9p3d_X,9p3d_k,664.92 Å²,62,5.0,1.0,https://bioinformatics.lt/ppi3d/site/interaction_details/single_sequence/rIiStfbc/1/null/13966545/2657507/98124310/2760829
3615,9p1i,Atomic structure of vibrio effector fragment VopV bound to Beta-cytoplasmic/gamma1-cytoplasmic F-actin,2025-11-19,3.0 Å,9p1i_Q,9p1i_R,395.06 Å²,31,4.0,,https://bioinformatics.lt/ppi3d/site/interaction_details/single_sequence/rIiStfbc/1/null/13965266/2657289/98123897/2760720
3616,9p1i,Atomic structure of vibrio effector fragment VopV bound to Beta-cytoplasmic/gamma1-cytoplasmic F-actin,2025-11-19,3.0 Å,9p1i_S,9p1i_Q,1157.09 Å²,94,8.0,4.0,https://bioinformatics.lt/ppi3d/site/interaction_details/single_sequence/rIiStfbc/1/null/13965266/2657291/98123898/2760721
3617,9p1i,Atomic structure of vibrio effector fragment VopV bound to Beta-cytoplasmic/gamma1-cytoplasmic F-actin,2025-11-19,3.0 Å,9p1i_T,9p1i_Q,407.02 Å²,33,3.0,,https://bioinformatics.lt/ppi3d/site/interaction_details/single_sequence/rIiStfbc/1/null/13965266/2657293/98123899/2760722
3618,9p1i,Atomic structure of vibrio effector fragment VopV bound to Beta-cytoplasmic/gamma1-cytoplasmic F-actin,2025-11-19,3.0 Å,9p1i_Q,9p1i_W,1164.57 Å²,95,8.0,4.0,https://bioinformatics.lt/ppi3d/site/interaction_details/single_sequence/rIiStfbc/1/null/13965266/2657295/98123902/2760723
3619,9p1i,Atomic structure of vibrio effector fragment VopV bound to Beta-cytoplasmic/gamma1-cytoplasmic F-actin,2025-11-19,3.0 Å,9p1i_Q,9p1i_c,1095.58 Å²,95,13.0,4.0,https://bioinformatics.lt/ppi3d/site/interaction_details/single_sequence/rIiStfbc/1/null/13965266/2657297/98123908/2760724
362,9hm9,Structure of the optimized F-tractin in complex with F-actin,2025-01-22,3.4 Å,9hm9_C,9hm9_F,590.27 Å²,51,6.0,1.0,https://bioinformatics.lt/ppi3d/site/interaction_details/single_sequence/rIiStfbc/1/null/13965583/2415425/87257684/2507537
3620,9p1i,Atomic structure of vibrio effector fragment VopV bound to Beta-cytoplasmic/gamma1-cytoplasmic F-actin,2025-11-19,3.0 Å,9p1i_Q,9p1i_f,550.74 Å²,52,6.0,,https://bioinformatics.lt/ppi3d/site/interaction_details/single_sequence/rIiStfbc/1/null/13965266/2657299/98123911/2760725
3621,9p1i,Atomic structure of vibrio effector fragment VopV bound to Beta-cytoplasmic/gamma1-cytoplasmic F-actin,2025-11-19,3.0 Å,9p1i_Q,9p1i_g,589.41 Å²,54,6.0,1.0,https://bioinformatics.lt/ppi3d/site/interaction_details/single_sequence/rIiStfbc/1/null/13965266/2657301/98123912/2760726
3623,6t25,Cryo-EM structure of phalloidin-Alexa Flour-546-stabilized F-actin (copolymerized),2020-03-04,3.6 Å,6t25_D,6t25_E,421.89 Å²,38,3.0,2.0,https://bioinformatics.lt/ppi3d/site/interaction_details/single_sequence/rIiStfbc/1/null/13965778/1269235/46040524/1361974
3624,6t25,Cryo-EM structure of phalloidin-Alexa Flour-546-stabilized F-actin (copolymerized),2020-03-04,3.6 Å,6t25_B,6t25_D,770.16 Å²,71,8.0,3.0,https://bioinformatics.lt/ppi3d/site/interaction_details/single_sequence/rIiStfbc/1/null/13965778/1269230/46040525/1361971
3625,6t25,Cryo-EM structure of phalloidin-Alexa Flour-546-stabilized F-actin (copolymerized),2020-03-04,3.6 Å,6t25_C,6t25_D,421.92 Å²,38,3.0,2.0,https://bioinformatics.lt/ppi3d/site/interaction_details/single_sequence/rIiStfbc/1/null/13965778/1269232/46040526/1361972
3629,7bt7,F-actin-ADP complex structure,2020-05-20,3.8 Å,7bt7_A,7bt7_B,431.93 Å²,39,3.0,,https://bioinformatics.lt/ppi3d/site/interaction_details/single_sequence/rIiStfbc/1/null/13966290/1501937/57543476/1577000
363,9hm9,Structure of the optimized F-tractin in complex with F-actin,2025-01-22,3.4 Å,9hm9_C,9hm9_A,1172.72 Å²,101,5.0,3.0,https://bioinformatics.lt/ppi3d/site/interaction_details/single_sequence/rIiStfbc/1/null/13965583/2415416/87257685/2507532
3630,7bt7,F-actin-ADP complex structure,2020-05-20,3.8 Å,7bt7_A,7bt7_C,1151.74 Å²,100,4.0,3.0,https://bioinformatics.lt/ppi3d/site/interaction_details/single_sequence/rIiStfbc/1/null/13966290/1501939/57543477/1577001
3633,9p3d,cryo-EM structure of Vibrio effector VopV fragment bound to skeletal alpha F-actin,2025-11-19,3.5 Å,9p3d_X,9p3d_W,427.40 Å²,37,2.0,,https://bioinformatics.lt/ppi3d/site/interaction_details/single_sequence/rIiStfbc/1/null/13966546/2657489/98124284/2760820
3634,9p3d,cryo-EM structure of Vibrio effector VopV fragment bound to skeletal alpha F-actin,2025-11-19,3.5 Å,9p3d_Y,9p3d_W,1219.59 Å²,100,9.0,3.0,https://bioinformatics.lt/ppi3d/site/interaction_details/single_sequence/rIiStfbc/1/null/13966546/2657491/98124285/2760821
3635,9p3d,cryo-EM structure of Vibrio effector VopV fragment bound to skeletal alpha F-actin,2025-11-19,3.5 Å,9p3d_W,9p3d_h,535.07 Å²,47,4.0,,https://bioinformatics.lt/ppi3d/site/interaction_details/single_sequence/rIiStfbc/1/null/13966546/2657493/98124293/2760822
3636,9p3d,cryo-EM structure of Vibrio effector VopV fragment bound to skeletal alpha F-actin,2025-11-19,3.5 Å,9p3d_W,9p3d_i,1157.11 Å²,94,9.0,2.0,https://bioinformatics.lt/ppi3d/site/interaction_details/single_sequence/rIiStfbc/1/null/13966546/2657495/98124294/2760823
3637,9p3d,cryo-EM structure of Vibrio effector VopV fragment bound to skeletal alpha F-actin,2025-11-19,3.5 Å,9p3d_W,9p3d_j,673.75 Å²,66,6.0,1.0,https://bioinformatics.lt/ppi3d/site/interaction_details/single_sequence/rIiStfbc/1/null/13966546/2657497/98124295/2760824
364,9hm9,Structure of the optimized F-tractin in complex with F-actin,2025-01-22,3.4 Å,9hm9_E,9hm9_C,1119.40 Å²,101,4.0,3.0,https://bioinformatics.lt/ppi3d/site/interaction_details/single_sequence/rIiStfbc/1/null/13965583/2415423/87257686/2507536
365,9hm9,Structure of the optimized F-tractin in complex with F-actin,2025-01-22,3.4 Å,9hm9_C,9hm9_B,465.58 Å²,45,3.0,1.0,https://bioinformatics.lt/ppi3d/site/interaction_details/single_sequence/rIiStfbc/1/null/13965583/2415418/87257687/2507533
3651,6d8c,Cryo-EM structure of FLNaABD E254K bound to phalloidin-stabilized F-actin,2018-09-19,3.5 Å,6d8c_H,6d8c_D,1352.11 Å²,120,3.0,3.0,https://bioinformatics.lt/ppi3d/site/interaction_details/single_sequence/rIiStfbc/1/null/13965779/913062/30963663/1039304
3652,6d8c,Cryo-EM structure of FLNaABD E254K bound to phalloidin-stabilized F-actin,2018-09-19,3.5 Å,6d8c_H,6d8c_A,513.50 Å²,39,1.0,1.0,https://bioinformatics.lt/ppi3d/site/interaction_details/single_sequence/rIiStfbc/1/null/13965779/913052/30963667/1039299
366,9hm9,Structure of the optimized F-tractin in complex with F-actin,2025-01-22,3.4 Å,9hm9_D,9hm9_C,452.66 Å²,44,3.0,1.0,https://bioinformatics.lt/ppi3d/site/interaction_details/single_sequence/rIiStfbc/1/null/13965583/2415421/87257688/2507535
3660,9p3d,cryo-EM structure of Vibrio effector VopV fragment bound to skeletal alpha F-actin,2025-11-19,3.5 Å,9p3d_W,9p3d_V,430.13 Å²,37,2.0,,https://bioinformatics.lt/ppi3d/site/interaction_details/single_sequence/rIiStfbc/1/null/13966547/2657479/98124268/2760815
3661,9p3d,cryo-EM structure of Vibrio effector VopV fragment bound to skeletal alpha F-actin,2025-11-19,3.5 Å,9p3d_X,9p3d_V,1234.11 Å²,102,8.0,3.0,https://bioinformatics.lt/ppi3d/site/interaction_details/single_sequence/rIiStfbc/1/null/13966547/2657481/98124269/2760816
3662,9p3d,cryo-EM structure of Vibrio effector VopV fragment bound to skeletal alpha F-actin,2025-11-19,3.5 Å,9p3d_V,9p3d_g,580.27 Å²,48,6.0,,https://bioinformatics.lt/ppi3d/site/interaction_details/single_sequence/rIiStfbc/1/null/13966547/2657483/98124277/2760817
3663,9p3d,cryo-EM structure of Vibrio effector VopV fragment bound to skeletal alpha F-actin,2025-11-19,3.5 Å,9p3d_V,9p3d_h,1131.95 Å²,98,7.0,1.0,https://bioinformatics.lt/ppi3d/site/interaction_details/single_sequence/rIiStfbc/1/null/13966547/2657485/98124278/2760818
3664,9p3d,cryo-EM structure of Vibrio effector VopV fragment bound to skeletal alpha F-actin,2025-11-19,3.5 Å,9p3d_V,9p3d_i,671.32 Å²,62,6.0,1.0,https://bioinformatics.lt/ppi3d/site/interaction_details/single_sequence/rIiStfbc/1/null/13966547/2657487/98124279/2760819
3672,6d8c,Cryo-EM structure of FLNaABD E254K bound to phalloidin-stabilized F-actin,2018-09-19,3.5 Å,6d8c_H,6d8c_K,483.27 Å²,42,2.0,1.0,https://bioinformatics.lt/ppi3d/site/interaction_details/single_sequence/rIiStfbc/1/null/13965780/913070/30963657/1039308
3673,6d8c,Cryo-EM structure of FLNaABD E254K bound to phalloidin-stabilized F-actin,2018-09-19,3.5 Å,6d8c_K,6d8c_B,1352.14 Å²,120,3.0,3.0,https://bioinformatics.lt/ppi3d/site/interaction_details/single_sequence/rIiStfbc/1/null/13965780/913056/30963660/1039301
3674,6d8c,Cryo-EM structure of FLNaABD E254K bound to phalloidin-stabilized F-actin,2018-09-19,3.5 Å,6d8c_K,6d8c_C,511.41 Å²,39,1.0,1.0,https://bioinformatics.lt/ppi3d/site/interaction_details/single_sequence/rIiStfbc/1/null/13965780/913058/30963661/1039302
3679,7bti,Phalloidin bound F-actin complex,2020-05-20,3.6 Å,7bti_D,7bti_E,453.67 Å²,38,3.0,1.0,https://bioinformatics.lt/ppi3d/site/interaction_details/single_sequence/rIiStfbc/1/null/13966292/1501935/57543466/1576999
3682,9p3d,cryo-EM structure of Vibrio effector VopV fragment bound to skeletal alpha F-actin,2025-11-19,3.5 Å,9p3d_V,9p3d_U,428.56 Å²,38,2.0,,https://bioinformatics.lt/ppi3d/site/interaction_details/single_sequence/rIiStfbc/1/null/13966548/2657469/98124251/2760810
3683,9p3d,cryo-EM structure of Vibrio effector VopV fragment bound to skeletal alpha F-actin,2025-11-19,3.5 Å,9p3d_W,9p3d_U,1183.24 Å²,95,10.0,4.0,https://bioinformatics.lt/ppi3d/site/interaction_details/single_sequence/rIiStfbc/1/null/13966548/2657471/98124252/2760811
3684,9p3d,cryo-EM structure of Vibrio effector VopV fragment bound to skeletal alpha F-actin,2025-11-19,3.5 Å,9p3d_U,9p3d_f,558.22 Å²,53,4.0,,https://bioinformatics.lt/ppi3d/site/interaction_details/single_sequence/rIiStfbc/1/null/13966548/2657473/98124260/2760812
3685,9p3d,cryo-EM structure of Vibrio effector VopV fragment bound to skeletal alpha F-actin,2025-11-19,3.5 Å,9p3d_U,9p3d_g,1116.58 Å²,96,9.0,1.0,https://bioinformatics.lt/ppi3d/site/interaction_details/single_sequence/rIiStfbc/1/null/13966548/2657475/98124261/2760813
3686,9p3d,cryo-EM structure of Vibrio effector VopV fragment bound to skeletal alpha F-actin,2025-11-19,3.5 Å,9p3d_U,9p3d_h,656.38 Å²,60,6.0,1.0,https://bioinformatics.lt/ppi3d/site/interaction_details/single_sequence/rIiStfbc/1/null/13966548/2657477/98124262/2760814
3695,6d8c,Cryo-EM structure of FLNaABD E254K bound to phalloidin-stabilized F-actin,2018-09-19,3.5 Å,6d8c_J,6d8c_H,1152.03 Å²,103,4.0,2.0,https://bioinformatics.lt/ppi3d/site/interaction_details/single_sequence/rIiStfbc/1/null/13965781/913068/30963651/1039307
3696,6d8c,Cryo-EM structure of FLNaABD E254K bound to phalloidin-stabilized F-actin,2018-09-19,3.5 Å,6d8c_J,6d8c_A,1352.15 Å²,120,3.0,3.0,https://bioinformatics.lt/ppi3d/site/interaction_details/single_sequence/rIiStfbc/1/null/13965781/913054/30963656/1039300
3702,7bti,Phalloidin bound F-actin complex,2020-05-20,3.6 Å,7bti_C,7bti_D,409.00 Å²,34,3.0,1.0,https://bioinformatics.lt/ppi3d/site/interaction_details/single_sequence/rIiStfbc/1/null/13966293/1501931/57543461/1576997
3703,7bti,Phalloidin bound F-actin complex,2020-05-20,3.6 Å,7bti_C,7bti_E,1129.78 Å²,93,6.0,2.0,https://bioinformatics.lt/ppi3d/site/interaction_details/single_sequence/rIiStfbc/1/null/13966293/1501933/57543462/1576998
3706,9p3d,cryo-EM structure of Vibrio effector VopV fragment bound to skeletal alpha F-actin,2025-11-19,3.5 Å,9p3d_U,9p3d_T,425.00 Å²,36,2.0,,https://bioinformatics.lt/ppi3d/site/interaction_details/single_sequence/rIiStfbc/1/null/13966549/2657459/98124233/2760805
3707,9p3d,cryo-EM structure of Vibrio effector VopV fragment bound to skeletal alpha F-actin,2025-11-19,3.5 Å,9p3d_V,9p3d_T,1232.87 Å²,105,9.0,4.0,https://bioinformatics.lt/ppi3d/site/interaction_details/single_sequence/rIiStfbc/1/null/13966549/2657461/98124234/2760806
3708,9p3d,cryo-EM structure of Vibrio effector VopV fragment bound to skeletal alpha F-actin,2025-11-19,3.5 Å,9p3d_T,9p3d_e,559.52 Å²,50,3.0,,https://bioinformatics.lt/ppi3d/site/interaction_details/single_sequence/rIiStfbc/1/null/13966549/2657463/98124242/2760807
3709,9p3d,cryo-EM structure of Vibrio effector VopV fragment bound to skeletal alpha F-actin,2025-11-19,3.5 Å,9p3d_T,9p3d_f,1107.66 Å²,98,10.0,1.0,https://bioinformatics.lt/ppi3d/site/interaction_details/single_sequence/rIiStfbc/1/null/13966549/2657465/98124243/2760808
3710,9p3d,cryo-EM structure of Vibrio effector VopV fragment bound to skeletal alpha F-actin,2025-11-19,3.5 Å,9p3d_T,9p3d_g,696.14 Å²,64,6.0,1.0,https://bioinformatics.lt/ppi3d/site/interaction_details/single_sequence/rIiStfbc/1/null/13966549/2657467/98124244/2760809
3716,6d8c,Cryo-EM structure of FLNaABD E254K bound to phalloidin-stabilized F-actin,2018-09-19,3.5 Å,6d8c_K,6d8c_M,480.72 Å²,42,2.0,1.0,https://bioinformatics.lt/ppi3d/site/interaction_details/single_sequence/rIiStfbc/1/null/13965782/913080/30963643/1039313
3717,6d8c,Cryo-EM structure of FLNaABD E254K bound to phalloidin-stabilized F-actin,2018-09-19,3.5 Å,6d8c_H,6d8c_M,1140.48 Å²,102,3.0,2.0,https://bioinformatics.lt/ppi3d/site/interaction_details/single_sequence/rIiStfbc/1/null/13965782/913074/30963644/1039310
3718,6d8c,Cryo-EM structure of FLNaABD E254K bound to phalloidin-stabilized F-actin,2018-09-19,3.5 Å,6d8c_M,6d8c_D,509.91 Å²,39,1.0,1.0,https://bioinformatics.lt/ppi3d/site/interaction_details/single_sequence/rIiStfbc/1/null/13965782/913064/30963645/1039305
3719,6d8c,Cryo-EM structure of FLNaABD E254K bound to phalloidin-stabilized F-actin,2018-09-19,3.5 Å,6d8c_M,6d8c_E,1352.14 Å²,120,3.0,3.0,https://bioinformatics.lt/ppi3d/site/interaction_details/single_sequence/rIiStfbc/1/null/13965782/913066/30963646/1039306
3724,7bti,Phalloidin bound F-actin complex,2020-05-20,3.6 Å,7bti_B,7bti_C,467.28 Å²,39,2.0,1.0,https://bioinformatics.lt/ppi3d/site/interaction_details/single_sequence/rIiStfbc/1/null/13966294/1501927/57543455/1576995
3725,7bti,Phalloidin bound F-actin complex,2020-05-20,3.6 Å,7bti_B,7bti_D,1109.67 Å²,95,5.0,2.0,https://bioinformatics.lt/ppi3d/site/interaction_details/single_sequence/rIiStfbc/1/null/13966294/1501929/57543456/1576996
3728,9p3d,cryo-EM structure of Vibrio effector VopV fragment bound to skeletal alpha F-actin,2025-11-19,3.5 Å,9p3d_T,9p3d_S,426.17 Å²,38,2.0,,https://bioinformatics.lt/ppi3d/site/interaction_details/single_sequence/rIiStfbc/1/null/13966550/2657449/98124214/2760800
3729,9p3d,cryo-EM structure of Vibrio effector VopV fragment bound to skeletal alpha F-actin,2025-11-19,3.5 Å,9p3d_U,9p3d_S,1194.38 Å²,103,10.0,4.0,https://bioinformatics.lt/ppi3d/site/interaction_details/single_sequence/rIiStfbc/1/null/13966550/2657451/98124215/2760801
3730,9p3d,cryo-EM structure of Vibrio effector VopV fragment bound to skeletal alpha F-actin,2025-11-19,3.5 Å,9p3d_S,9p3d_d,544.14 Å²,50,2.0,,https://bioinformatics.lt/ppi3d/site/interaction_details/single_sequence/rIiStfbc/1/null/13966550/2657453/98124223/2760802
3731,9p3d,cryo-EM structure of Vibrio effector VopV fragment bound to skeletal alpha F-actin,2025-11-19,3.5 Å,9p3d_S,9p3d_e,1109.91 Å²,96,8.0,1.0,https://bioinformatics.lt/ppi3d/site/interaction_details/single_sequence/rIiStfbc/1/null/13966550/2657455/98124224/2760803
3732,9p3d,cryo-EM structure of Vibrio effector VopV fragment bound to skeletal alpha F-actin,2025-11-19,3.5 Å,9p3d_S,9p3d_f,676.97 Å²,67,6.0,1.0,https://bioinformatics.lt/ppi3d/site/interaction_details/single_sequence/rIiStfbc/1/null/13966550/2657457/98124225/2760804
3740,6d8c,Cryo-EM structure of FLNaABD E254K bound to phalloidin-stabilized F-actin,2018-09-19,3.5 Å,6d8c_J,6d8c_L,485.04 Å²,42,2.0,1.0,https://bioinformatics.lt/ppi3d/site/interaction_details/single_sequence/rIiStfbc/1/null/13965783/913076/30963634/1039311
3741,6d8c,Cryo-EM structure of FLNaABD E254K bound to phalloidin-stabilized F-actin,2018-09-19,3.5 Å,6d8c_L,6d8c_K,1141.65 Å²,100,4.0,2.0,https://bioinformatics.lt/ppi3d/site/interaction_details/single_sequence/rIiStfbc/1/null/13965783/913078/30963635/1039312
3742,6d8c,Cryo-EM structure of FLNaABD E254K bound to phalloidin-stabilized F-actin,2018-09-19,3.5 Å,6d8c_L,6d8c_H,493.21 Å²,42,2.0,1.0,https://bioinformatics.lt/ppi3d/site/interaction_details/single_sequence/rIiStfbc/1/null/13965783/913072/30963636/1039309
3743,6d8c,Cryo-EM structure of FLNaABD E254K bound to phalloidin-stabilized F-actin,2018-09-19,3.5 Å,6d8c_L,6d8c_C,1352.13 Å²,120,3.0,3.0,https://bioinformatics.lt/ppi3d/site/interaction_details/single_sequence/rIiStfbc/1/null/13965783/913060/30963640/1039303
3746,7bti,Phalloidin bound F-actin complex,2020-05-20,3.6 Å,7bti_A,7bti_B,417.17 Å²,37,2.0,1.0,https://bioinformatics.lt/ppi3d/site/interaction_details/single_sequence/rIiStfbc/1/null/13966295/1501923/57543448/1576993
3747,7bti,Phalloidin bound F-actin complex,2020-05-20,3.6 Å,7bti_A,7bti_C,1079.88 Å²,95,3.0,2.0,https://bioinformatics.lt/ppi3d/site/interaction_details/single_sequence/rIiStfbc/1/null/13966295/1501925/57543449/1576994
3749,9p3d,cryo-EM structure of Vibrio effector VopV fragment bound to skeletal alpha F-actin,2025-11-19,3.5 Å,9p3d_S,9p3d_R,419.34 Å²,34,3.0,,https://bioinformatics.lt/ppi3d/site/interaction_details/single_sequence/rIiStfbc/1/null/13966551/2657439/98124194/2760795
3750,9p3d,cryo-EM structure of Vibrio effector VopV fragment bound to skeletal alpha F-actin,2025-11-19,3.5 Å,9p3d_T,9p3d_R,1197.59 Å²,94,10.0,3.0,https://bioinformatics.lt/ppi3d/site/interaction_details/single_sequence/rIiStfbc/1/null/13966551/2657441/98124195/2760796
3751,9p3d,cryo-EM structure of Vibrio effector VopV fragment bound to skeletal alpha F-actin,2025-11-19,3.5 Å,9p3d_R,9p3d_c,508.29 Å²,47,4.0,,https://bioinformatics.lt/ppi3d/site/interaction_details/single_sequence/rIiStfbc/1/null/13966551/2657443/98124203/2760797
3752,9p3d,cryo-EM structure of Vibrio effector VopV fragment bound to skeletal alpha F-actin,2025-11-19,3.5 Å,9p3d_R,9p3d_d,1114.96 Å²,102,11.0,2.0,https://bioinformatics.lt/ppi3d/site/interaction_details/single_sequence/rIiStfbc/1/null/13966551/2657445/98124204/2760798
3753,9p3d,cryo-EM structure of Vibrio effector VopV fragment bound to skeletal alpha F-actin,2025-11-19,3.5 Å,9p3d_R,9p3d_e,698.53 Å²,68,6.0,1.0,https://bioinformatics.lt/ppi3d/site/interaction_details/single_sequence/rIiStfbc/1/null/13966551/2657447/98124205/2760799
376,8vaa,Actin-binding domain of Legionella pneumophila effector LFAT1 (lpg1387) bound to F-actin,2024-12-18,3.6 Å,8vaa_D,8vaa_C,380.14 Å²,31,,1.0,https://bioinformatics.lt/ppi3d/site/interaction_details/single_sequence/rIiStfbc/1/null/13966607/2401967/85961602/2487736
3768,6m5g,F-actin-Utrophin complex,2020-05-20,3.6 Å,6m5g_E,6m5g_H,366.66 Å²,33,2.0,,https://bioinformatics.lt/ppi3d/site/interaction_details/single_sequence/rIiStfbc/1/null/13966296/1530937/57537221/1654395
3769,9p3d,cryo-EM structure of Vibrio effector VopV fragment bound to skeletal alpha F-actin,2025-11-19,3.5 Å,9p3d_R,9p3d_Q,424.09 Å²,35,2.0,1.0,https://bioinformatics.lt/ppi3d/site/interaction_details/single_sequence/rIiStfbc/1/null/13966552/2657431/98124173/2760791
377,8vaa,Actin-binding domain of Legionella pneumophila effector LFAT1 (lpg1387) bound to F-actin,2024-12-18,3.6 Å,8vaa_E,8vaa_C,1096.86 Å²,92,1.0,2.0,https://bioinformatics.lt/ppi3d/site/interaction_details/single_sequence/rIiStfbc/1/null/13966607/2401969/85961603/2487737
3770,9p3d,cryo-EM structure of Vibrio effector VopV fragment bound to skeletal alpha F-actin,2025-11-19,3.5 Å,9p3d_S,9p3d_Q,1170.65 Å²,94,6.0,3.0,https://bioinformatics.lt/ppi3d/site/interaction_details/single_sequence/rIiStfbc/1/null/13966552/2657433/98124174/2760792
3771,9p3d,cryo-EM structure of Vibrio effector VopV fragment bound to skeletal alpha F-actin,2025-11-19,3.5 Å,9p3d_Q,9p3d_c,1053.52 Å²,95,10.0,1.0,https://bioinformatics.lt/ppi3d/site/interaction_details/single_sequence/rIiStfbc/1/null/13966552/2657435/98124183/2760793
3772,9p3d,cryo-EM structure of Vibrio effector VopV fragment bound to skeletal alpha F-actin,2025-11-19,3.5 Å,9p3d_Q,9p3d_d,679.17 Å²,60,7.0,1.0,https://bioinformatics.lt/ppi3d/site/interaction_details/single_sequence/rIiStfbc/1/null/13966552/2657437/98124184/2760794
3780,5oof,Cryo-EM structure of F-actin in complex with ADP-BeFx,2018-06-13,3.4 Å,5oof_B,5oof_C,434.32 Å²,39,3.0,2.0,https://bioinformatics.lt/ppi3d/site/interaction_details/single_sequence/rIiStfbc/1/null/13965785/895921/28589380/1019788
3786,6m5g,F-actin-Utrophin complex,2020-05-20,3.6 Å,6m5g_D,6m5g_E,381.21 Å²,33,2.0,,https://bioinformatics.lt/ppi3d/site/interaction_details/single_sequence/rIiStfbc/1/null/13966297/1530933/57537215/1654392
3787,6m5g,F-actin-Utrophin complex,2020-05-20,3.6 Å,6m5g_D,6m5g_F,351.19 Å²,30,3.0,,https://bioinformatics.lt/ppi3d/site/interaction_details/single_sequence/rIiStfbc/1/null/13966297/1530935/57537216/1654393
3793,5oof,Cryo-EM structure of F-actin in complex with ADP-BeFx,2018-06-13,3.4 Å,5oof_A,5oof_B,434.31 Å²,39,3.0,2.0,https://bioinformatics.lt/ppi3d/site/interaction_details/single_sequence/rIiStfbc/1/null/13965786/895917/28589378/1019786
3794,5oof,Cryo-EM structure of F-actin in complex with ADP-BeFx,2018-06-13,3.4 Å,5oof_A,5oof_C,1043.47 Å²,94,9.0,3.0,https://bioinformatics.lt/ppi3d/site/interaction_details/single_sequence/rIiStfbc/1/null/13965786/895919/28589379/1019787
3795,8vfm,Salmonella effector protein SipA decorated actin filament,2024-12-25,3.6 Å,8vfm_W,8vfm_B,831.74 Å²,77,3.0,1.0,https://bioinformatics.lt/ppi3d/site/interaction_details/single_sequence/rIiStfbc/1/null/13966042/2402172/86037856/2487838
380,8iah,"Structure of mammalian spectrin-actin junctional complex of membrane skeleton, State I, Global map",2023-05-03,3.6 Å,8iah_D,8iah_5,1341.00 Å²,124,9.0,2.0,https://bioinformatics.lt/ppi3d/site/interaction_details/single_sequence/rIiStfbc/1/null/13965328/1987584/72501748/2132023
3800,6m5g,F-actin-Utrophin complex,2020-05-20,3.6 Å,6m5g_C,6m5g_D,380.88 Å²,32,3.0,,https://bioinformatics.lt/ppi3d/site/interaction_details/single_sequence/rIiStfbc/1/null/13966298/1530953/57537210/1654402
3801,6m5g,F-actin-Utrophin complex,2020-05-20,3.6 Å,6m5g_C,6m5g_E,1104.41 Å²,96,5.0,3.0,https://bioinformatics.lt/ppi3d/site/interaction_details/single_sequence/rIiStfbc/1/null/13966298/1530929/57537211/1654403
3802,6m5g,F-actin-Utrophin complex,2020-05-20,3.6 Å,6m5g_C,6m5g_G,357.58 Å²,32,3.0,,https://bioinformatics.lt/ppi3d/site/interaction_details/single_sequence/rIiStfbc/1/null/13966298/1530939/57537213/1654394
3803,6m5g,F-actin-Utrophin complex,2020-05-20,3.6 Å,6m5g_C,6m5g_H,1331.99 Å²,115,6.0,4.0,https://bioinformatics.lt/ppi3d/site/interaction_details/single_sequence/rIiStfbc/1/null/13966298/1530947/57537214/1654398
3806,8uz1,Straight actin filament from Arp2/3 branch junction sample (ADP-BeFx),2024-01-31,3.6 Å,8uz1_R,8uz1_Q,487.98 Å²,47,5.0,1.0,https://bioinformatics.lt/ppi3d/site/interaction_details/single_sequence/rIiStfbc/1/null/13966554/2156875/75984298/2269837
3814,8dmy,Cryo-EM structure of cardiac muscle alpha-actin,2023-04-12,3.1 Å,8dmy_C,8dmy_D,1122.75 Å²,88,1.0,3.0,https://bioinformatics.lt/ppi3d/site/interaction_details/single_sequence/rIiStfbc/1/null/13965531/1981147/71903083/2128669
3816,5oof,Cryo-EM structure of F-actin in complex with ADP-BeFx,2018-06-13,3.4 Å,5oof_C,5oof_E,1043.47 Å²,94,9.0,3.0,https://bioinformatics.lt/ppi3d/site/interaction_details/single_sequence/rIiStfbc/1/null/13965787/895928/28589377/1019791
3817,8vfm,Salmonella effector protein SipA decorated actin filament,2024-12-25,3.6 Å,8vfm_U,8vfm_A,835.76 Å²,79,3.0,1.0,https://bioinformatics.lt/ppi3d/site/interaction_details/single_sequence/rIiStfbc/1/null/13966043/2402168/86037865/2487836
3818,8vfm,Salmonella effector protein SipA decorated actin filament,2024-12-25,3.6 Å,8vfm_U,8vfm_C,442.71 Å²,45,1.0,,https://bioinformatics.lt/ppi3d/site/interaction_details/single_sequence/rIiStfbc/1/null/13966043/2402180/86037874/2487842
3824,6m5g,F-actin-Utrophin complex,2020-05-20,3.6 Å,6m5g_B,6m5g_C,391.70 Å²,35,3.0,,https://bioinformatics.lt/ppi3d/site/interaction_details/single_sequence/rIiStfbc/1/null/13966299/1530945/57537204/1654399
3825,6m5g,F-actin-Utrophin complex,2020-05-20,3.6 Å,6m5g_B,6m5g_D,1109.24 Å²,93,5.0,3.0,https://bioinformatics.lt/ppi3d/site/interaction_details/single_sequence/rIiStfbc/1/null/13966299/1530949/57537205/1654400
3826,6m5g,F-actin-Utrophin complex,2020-05-20,3.6 Å,6m5g_B,6m5g_F,1311.72 Å²,115,7.0,4.0,https://bioinformatics.lt/ppi3d/site/interaction_details/single_sequence/rIiStfbc/1/null/13966299/1530951/57537207/1654401
3829,8uz1,Straight actin filament from Arp2/3 branch junction sample (ADP-BeFx),2024-01-31,3.6 Å,8uz1_Q,8uz1_P,477.72 Å²,44,5.0,1.0,https://bioinformatics.lt/ppi3d/site/interaction_details/single_sequence/rIiStfbc/1/null/13966555/2156871/75984296/2269835
383,8iah,"Structure of mammalian spectrin-actin junctional complex of membrane skeleton, State I, Global map",2023-05-03,3.6 Å,8iah_E,8iah_D,375.65 Å²,31,3.0,,https://bioinformatics.lt/ppi3d/site/interaction_details/single_sequence/rIiStfbc/1/null/13965328/1987681/72501953/2132072
3830,8uz1,Straight actin filament from Arp2/3 branch junction sample (ADP-BeFx),2024-01-31,3.6 Å,8uz1_R,8uz1_P,1261.35 Å²,105,10.0,4.0,https://bioinformatics.lt/ppi3d/site/interaction_details/single_sequence/rIiStfbc/1/null/13966555/2156873/75984297/2269836
3837,8dmy,Cryo-EM structure of cardiac muscle alpha-actin,2023-04-12,3.1 Å,8dmy_B,8dmy_C,327.79 Å²,26,2.0,1.0,https://bioinformatics.lt/ppi3d/site/interaction_details/single_sequence/rIiStfbc/1/null/13965532/1981145/71903081/2128668
3838,5oof,Cryo-EM structure of F-actin in complex with ADP-BeFx,2018-06-13,3.4 Å,5oof_D,5oof_E,434.33 Å²,39,3.0,2.0,https://bioinformatics.lt/ppi3d/site/interaction_details/single_sequence/rIiStfbc/1/null/13965788/895929/28589371/1019792
3839,5oof,Cryo-EM structure of F-actin in complex with ADP-BeFx,2018-06-13,3.4 Å,5oof_B,5oof_D,1043.48 Å²,94,9.0,3.0,https://bioinformatics.lt/ppi3d/site/interaction_details/single_sequence/rIiStfbc/1/null/13965788/895924/28589373/1019789
384,8iah,"Structure of mammalian spectrin-actin junctional complex of membrane skeleton, State I, Global map",2023-05-03,3.6 Å,8iah_F,8iah_D,1168.47 Å²,92,3.0,4.0,https://bioinformatics.lt/ppi3d/site/interaction_details/single_sequence/rIiStfbc/1/null/13965328/1987683/72501954/2132073
3840,5oof,Cryo-EM structure of F-actin in complex with ADP-BeFx,2018-06-13,3.4 Å,5oof_C,5oof_D,434.33 Å²,39,3.0,2.0,https://bioinformatics.lt/ppi3d/site/interaction_details/single_sequence/rIiStfbc/1/null/13965788/895926/28589374/1019790
3841,8vfm,Salmonella effector protein SipA decorated actin filament,2024-12-25,3.6 Å,8vfm_S,8vfm_A,631.15 Å²,54,4.0,1.0,https://bioinformatics.lt/ppi3d/site/interaction_details/single_sequence/rIiStfbc/1/null/13966044/2402166/86037864/2487835
3842,8vfm,Salmonella effector protein SipA decorated actin filament,2024-12-25,3.6 Å,8vfm_S,8vfm_C,799.03 Å²,75,2.0,1.0,https://bioinformatics.lt/ppi3d/site/interaction_details/single_sequence/rIiStfbc/1/null/13966044/2402178/86037873/2487841
3846,8vfm,Salmonella effector protein SipA decorated actin filament,2024-12-25,3.6 Å,8vfm_S,8vfm_U,491.70 Å²,46,4.0,1.0,https://bioinformatics.lt/ppi3d/site/interaction_details/single_sequence/rIiStfbc/1/null/13966044/2402211/86037909/2487858
3847,6m5g,F-actin-Utrophin complex,2020-05-20,3.6 Å,6m5g_A,6m5g_B,392.17 Å²,33,2.0,1.0,https://bioinformatics.lt/ppi3d/site/interaction_details/single_sequence/rIiStfbc/1/null/13966300/1530931/57537197/1654391
3848,6m5g,F-actin-Utrophin complex,2020-05-20,3.6 Å,6m5g_A,6m5g_C,1133.41 Å²,97,6.0,4.0,https://bioinformatics.lt/ppi3d/site/interaction_details/single_sequence/rIiStfbc/1/null/13966300/1530941/57537198/1654396
3849,6m5g,F-actin-Utrophin complex,2020-05-20,3.6 Å,6m5g_A,6m5g_G,1270.96 Å²,108,7.0,4.0,https://bioinformatics.lt/ppi3d/site/interaction_details/single_sequence/rIiStfbc/1/null/13966300/1530943/57537202/1654397
385,8iah,"Structure of mammalian spectrin-actin junctional complex of membrane skeleton, State I, Global map",2023-05-03,3.6 Å,8iah_D,8iah_N,1270.07 Å²,98,6.0,3.0,https://bioinformatics.lt/ppi3d/site/interaction_details/single_sequence/rIiStfbc/1/null/13965328/1987685/72501962/2132074
3852,8uz1,Straight actin filament from Arp2/3 branch junction sample (ADP-BeFx),2024-01-31,3.6 Å,8uz1_P,8uz1_O,478.79 Å²,45,5.0,,https://bioinformatics.lt/ppi3d/site/interaction_details/single_sequence/rIiStfbc/1/null/13966556/2156867/75984293/2269833
3853,8uz1,Straight actin filament from Arp2/3 branch junction sample (ADP-BeFx),2024-01-31,3.6 Å,8uz1_Q,8uz1_O,1238.41 Å²,100,10.0,3.0,https://bioinformatics.lt/ppi3d/site/interaction_details/single_sequence/rIiStfbc/1/null/13966556/2156869/75984294/2269834
3855,8dmy,Cryo-EM structure of cardiac muscle alpha-actin,2023-04-12,3.1 Å,8dmy_B,8dmy_A,1134.34 Å²,89,1.0,3.0,https://bioinformatics.lt/ppi3d/site/interaction_details/single_sequence/rIiStfbc/1/null/13965533/1981139/71903078/2128665
3856,8dmy,Cryo-EM structure of cardiac muscle alpha-actin,2023-04-12,3.1 Å,8dmy_C,8dmy_A,332.25 Å²,27,2.0,1.0,https://bioinformatics.lt/ppi3d/site/interaction_details/single_sequence/rIiStfbc/1/null/13965533/1981141/71903079/2128666
3857,8dmy,Cryo-EM structure of cardiac muscle alpha-actin,2023-04-12,3.1 Å,8dmy_A,8dmy_D,318.47 Å²,26,2.0,1.0,https://bioinformatics.lt/ppi3d/site/interaction_details/single_sequence/rIiStfbc/1/null/13965533/1981143/71903080/2128667
386,8iah,"Structure of mammalian spectrin-actin junctional complex of membrane skeleton, State I, Global map",2023-05-03,3.6 Å,8iah_D,8iah_P,340.18 Å²,28,,,https://bioinformatics.lt/ppi3d/site/interaction_details/single_sequence/rIiStfbc/1/null/13965328/1987687/72501964/2132075
3861,8vfm,Salmonella effector protein SipA decorated actin filament,2024-12-25,3.6 Å,8vfm_R,8vfm_I,797.36 Å²,74,3.0,1.0,https://bioinformatics.lt/ppi3d/site/interaction_details/single_sequence/rIiStfbc/1/null/13966045/2402186/86037880/2487845
3868,8uz1,Straight actin filament from Arp2/3 branch junction sample (ADP-BeFx),2024-01-31,3.6 Å,8uz1_O,8uz1_N,474.79 Å²,43,5.0,1.0,https://bioinformatics.lt/ppi3d/site/interaction_details/single_sequence/rIiStfbc/1/null/13966557/2156863/75984289/2269831
3869,8uz1,Straight actin filament from Arp2/3 branch junction sample (ADP-BeFx),2024-01-31,3.6 Å,8uz1_P,8uz1_N,1230.42 Å²,99,10.0,3.0,https://bioinformatics.lt/ppi3d/site/interaction_details/single_sequence/rIiStfbc/1/null/13966557/2156865/75984290/2269832
3875,5ooe,Cryo-EM structure of F-actin in complex with AppNHp (AMPPNP),2018-06-13,3.6 Å,5ooe_D,5ooe_E,367.37 Å²,35,3.0,1.0,https://bioinformatics.lt/ppi3d/site/interaction_details/single_sequence/rIiStfbc/1/null/13965790/895902/28589370/1019778
3876,8vfm,Salmonella effector protein SipA decorated actin filament,2024-12-25,3.6 Å,8vfm_N,8vfm_I,621.97 Å²,55,5.0,2.0,https://bioinformatics.lt/ppi3d/site/interaction_details/single_sequence/rIiStfbc/1/null/13966046/2402184/86037879/2487844
3878,8vfm,Salmonella effector protein SipA decorated actin filament,2024-12-25,3.6 Å,8vfm_N,8vfm_R,487.70 Å²,44,4.0,1.0,https://bioinformatics.lt/ppi3d/site/interaction_details/single_sequence/rIiStfbc/1/null/13966046/2402207/86037902/2487856
3879,8vfm,Salmonella effector protein SipA decorated actin filament,2024-12-25,3.6 Å,8vfm_U,8vfm_N,1159.51 Å²,102,2.0,2.0,https://bioinformatics.lt/ppi3d/site/interaction_details/single_sequence/rIiStfbc/1/null/13966046/2402209/86037904/2487857
3882,6w17,Structure of Dip1-activated Arp2/3 complex with nucleated actin filament,2020-08-12,3.9 Å,6w17_L,6w17_K,501.37 Å²,43,1.0,,https://bioinformatics.lt/ppi3d/site/interaction_details/single_sequence/rIiStfbc/1/null/13966302/1554535/57515910/1694502
3885,8uz1,Straight actin filament from Arp2/3 branch junction sample (ADP-BeFx),2024-01-31,3.6 Å,8uz1_N,8uz1_M,485.36 Å²,43,3.0,1.0,https://bioinformatics.lt/ppi3d/site/interaction_details/single_sequence/rIiStfbc/1/null/13966558/2156859/75984284/2269829
3886,8uz1,Straight actin filament from Arp2/3 branch junction sample (ADP-BeFx),2024-01-31,3.6 Å,8uz1_O,8uz1_M,1240.63 Å²,103,10.0,4.0,https://bioinformatics.lt/ppi3d/site/interaction_details/single_sequence/rIiStfbc/1/null/13966558/2156861/75984285/2269830
3890,9c21,Structure of endogenous Actin filament from rat model of Alzheimer's disease,2024-12-11,3.4 Å,9c21_F,9c21_E,1067.18 Å²,97,5.0,1.0,https://bioinformatics.lt/ppi3d/site/interaction_details/single_sequence/rIiStfbc/1/null/13965279/2384567/83659151/2466410
3893,9zbl,Helical Reconstruction of the Human Cardiac F-Actin-Tropomyosin Complex,2026-01-14,2.8 Å,9zbl_E,9zbl_F,401.98 Å²,34,2.0,2.0,https://bioinformatics.lt/ppi3d/site/interaction_details/single_sequence/rIiStfbc/1/null/13965535/2702509/99200369/2794006
3896,8vfm,Salmonella effector protein SipA decorated actin filament,2024-12-25,3.6 Å,8vfm_M,8vfm_A,122.22 Å²,16,,,https://bioinformatics.lt/ppi3d/site/interaction_details/single_sequence/rIiStfbc/1/null/13966047/2402164/86037861/2487834
3897,8vfm,Salmonella effector protein SipA decorated actin filament,2024-12-25,3.6 Å,8vfm_M,8vfm_C,679.70 Å²,68,5.0,2.0,https://bioinformatics.lt/ppi3d/site/interaction_details/single_sequence/rIiStfbc/1/null/13966047/2402176/86037870/2487840
3899,8vfm,Salmonella effector protein SipA decorated actin filament,2024-12-25,3.6 Å,8vfm_M,8vfm_S,505.24 Å²,45,4.0,1.0,https://bioinformatics.lt/ppi3d/site/interaction_details/single_sequence/rIiStfbc/1/null/13966047/2402201/86037899/2487853
39,8c4e,F-actin decorated by SipA426-685,2024-01-17,2.6 Å,8c4e_G,8c4e_F,412.73 Å²,35,3.0,,https://bioinformatics.lt/ppi3d/site/interaction_details/single_sequence/rIiStfbc/1/null/13966081/2144667/75903857/2262584
3900,8vfm,Salmonella effector protein SipA decorated actin filament,2024-12-25,3.6 Å,8vfm_M,8vfm_U,1150.12 Å²,100,1.0,2.0,https://bioinformatics.lt/ppi3d/site/interaction_details/single_sequence/rIiStfbc/1/null/13966047/2402203/86037900/2487854
3901,8vfm,Salmonella effector protein SipA decorated actin filament,2024-12-25,3.6 Å,8vfm_W,8vfm_M,1164.39 Å²,104,2.0,2.0,https://bioinformatics.lt/ppi3d/site/interaction_details/single_sequence/rIiStfbc/1/null/13966047/2402205/86037901/2487855
3902,6w17,Structure of Dip1-activated Arp2/3 complex with nucleated actin filament,2020-08-12,3.9 Å,6w17_J,6w17_B,1078.63 Å²,98,1.0,2.0,https://bioinformatics.lt/ppi3d/site/interaction_details/single_sequence/rIiStfbc/1/null/13966303/1554544/57515818/1694508
3904,6w17,Structure of Dip1-activated Arp2/3 complex with nucleated actin filament,2020-08-12,3.9 Å,6w17_K,6w17_J,431.79 Å²,37,3.0,1.0,https://bioinformatics.lt/ppi3d/site/interaction_details/single_sequence/rIiStfbc/1/null/13966303/1554545/57515903/1694509
3905,6w17,Structure of Dip1-activated Arp2/3 complex with nucleated actin filament,2020-08-12,3.9 Å,6w17_L,6w17_J,1080.26 Å²,96,4.0,1.0,https://bioinformatics.lt/ppi3d/site/interaction_details/single_sequence/rIiStfbc/1/null/13966303/1554511/57515904/1694510
3908,8uz1,Straight actin filament from Arp2/3 branch junction sample (ADP-BeFx),2024-01-31,3.6 Å,8uz1_M,8uz1_L,472.13 Å²,43,3.0,1.0,https://bioinformatics.lt/ppi3d/site/interaction_details/single_sequence/rIiStfbc/1/null/13966559/2156855/75984278/2269827
3909,8uz1,Straight actin filament from Arp2/3 branch junction sample (ADP-BeFx),2024-01-31,3.6 Å,8uz1_N,8uz1_L,1227.23 Å²,97,11.0,3.0,https://bioinformatics.lt/ppi3d/site/interaction_details/single_sequence/rIiStfbc/1/null/13966559/2156857/75984279/2269828
3912,9c21,Structure of endogenous Actin filament from rat model of Alzheimer's disease,2024-12-11,3.4 Å,9c21_E,9c21_D,1069.07 Å²,98,5.0,1.0,https://bioinformatics.lt/ppi3d/site/interaction_details/single_sequence/rIiStfbc/1/null/13965280/2384565/83659149/2466409
3915,9zbl,Helical Reconstruction of the Human Cardiac F-Actin-Tropomyosin Complex,2026-01-14,2.8 Å,9zbl_D,9zbl_E,392.94 Å²,34,3.0,2.0,https://bioinformatics.lt/ppi3d/site/interaction_details/single_sequence/rIiStfbc/1/null/13965536/2702505/99200363/2794004
3916,9zbl,Helical Reconstruction of the Human Cardiac F-Actin-Tropomyosin Complex,2026-01-14,2.8 Å,9zbl_D,9zbl_F,1168.31 Å²,101,5.0,2.0,https://bioinformatics.lt/ppi3d/site/interaction_details/single_sequence/rIiStfbc/1/null/13965536/2702507/99200364/2794005
3918,5ooe,Cryo-EM structure of F-actin in complex with AppNHp (AMPPNP),2018-06-13,3.6 Å,5ooe_A,5ooe_B,367.38 Å²,35,3.0,1.0,https://bioinformatics.lt/ppi3d/site/interaction_details/single_sequence/rIiStfbc/1/null/13965792/895890/28589365/1019772
3919,5ooe,Cryo-EM structure of F-actin in complex with AppNHp (AMPPNP),2018-06-13,3.6 Å,5ooe_B,5ooe_D,868.31 Å²,73,4.0,4.0,https://bioinformatics.lt/ppi3d/site/interaction_details/single_sequence/rIiStfbc/1/null/13965792/895895/28589367/1019775
3920,8vfm,Salmonella effector protein SipA decorated actin filament,2024-12-25,3.6 Å,8vfm_L,8vfm_A,394.44 Å²,43,1.0,,https://bioinformatics.lt/ppi3d/site/interaction_details/single_sequence/rIiStfbc/1/null/13966048/2402162/86037860/2487833
3921,8vfm,Salmonella effector protein SipA decorated actin filament,2024-12-25,3.6 Å,8vfm_L,8vfm_I,125.19 Å²,16,,,https://bioinformatics.lt/ppi3d/site/interaction_details/single_sequence/rIiStfbc/1/null/13966048/2402182/86037877/2487843
3922,8vfm,Salmonella effector protein SipA decorated actin filament,2024-12-25,3.6 Å,8vfm_L,8vfm_N,512.29 Å²,46,4.0,1.0,https://bioinformatics.lt/ppi3d/site/interaction_details/single_sequence/rIiStfbc/1/null/13966048/2402193/86037892/2487849
3923,8vfm,Salmonella effector protein SipA decorated actin filament,2024-12-25,3.6 Å,8vfm_L,8vfm_R,1169.10 Å²,104,2.0,2.0,https://bioinformatics.lt/ppi3d/site/interaction_details/single_sequence/rIiStfbc/1/null/13966048/2402195/86037893/2487850
3924,8vfm,Salmonella effector protein SipA decorated actin filament,2024-12-25,3.6 Å,8vfm_S,8vfm_L,1151.59 Å²,97,2.0,1.0,https://bioinformatics.lt/ppi3d/site/interaction_details/single_sequence/rIiStfbc/1/null/13966048/2402197/86037894/2487851
3925,8vfm,Salmonella effector protein SipA decorated actin filament,2024-12-25,3.6 Å,8vfm_U,8vfm_L,492.97 Å²,45,4.0,1.0,https://bioinformatics.lt/ppi3d/site/interaction_details/single_sequence/rIiStfbc/1/null/13966048/2402199/86037895/2487852
3926,6w17,Structure of Dip1-activated Arp2/3 complex with nucleated actin filament,2020-08-12,3.9 Å,6w17_I,6w17_A,1390.44 Å²,122,6.0,3.0,https://bioinformatics.lt/ppi3d/site/interaction_details/single_sequence/rIiStfbc/1/null/13966304/1554510/57515802/1694491
3927,6w17,Structure of Dip1-activated Arp2/3 complex with nucleated actin filament,2020-08-12,3.9 Å,6w17_I,6w17_B,490.92 Å²,34,2.0,,https://bioinformatics.lt/ppi3d/site/interaction_details/single_sequence/rIiStfbc/1/null/13966304/1554538/57515817/1694504
3928,6w17,Structure of Dip1-activated Arp2/3 complex with nucleated actin filament,2020-08-12,3.9 Å,6w17_J,6w17_I,454.60 Å²,41,3.0,1.0,https://bioinformatics.lt/ppi3d/site/interaction_details/single_sequence/rIiStfbc/1/null/13966304/1554539/57515895/1694505
3929,6w17,Structure of Dip1-activated Arp2/3 complex with nucleated actin filament,2020-08-12,3.9 Å,6w17_K,6w17_I,1156.82 Å²,99,4.0,2.0,https://bioinformatics.lt/ppi3d/site/interaction_details/single_sequence/rIiStfbc/1/null/13966304/1554541/57515896/1694506
3931,8uz1,Straight actin filament from Arp2/3 branch junction sample (ADP-BeFx),2024-01-31,3.6 Å,8uz1_L,8uz1_K,492.59 Å²,43,3.0,1.0,https://bioinformatics.lt/ppi3d/site/interaction_details/single_sequence/rIiStfbc/1/null/13966560/2156851/75984271/2269825
3932,8uz1,Straight actin filament from Arp2/3 branch junction sample (ADP-BeFx),2024-01-31,3.6 Å,8uz1_M,8uz1_K,1236.11 Å²,99,9.0,3.0,https://bioinformatics.lt/ppi3d/site/interaction_details/single_sequence/rIiStfbc/1/null/13966560/2156853/75984272/2269826
3934,9c21,Structure of endogenous Actin filament from rat model of Alzheimer's disease,2024-12-11,3.4 Å,9c21_C,9c21_E,391.68 Å²,39,2.0,,https://bioinformatics.lt/ppi3d/site/interaction_details/single_sequence/rIiStfbc/1/null/13965281/2384561/83659147/2466407
3935,9c21,Structure of endogenous Actin filament from rat model of Alzheimer's disease,2024-12-11,3.4 Å,9c21_F,9c21_C,391.35 Å²,39,2.0,,https://bioinformatics.lt/ppi3d/site/interaction_details/single_sequence/rIiStfbc/1/null/13965281/2384563/83659148/2466408
3938,9zbl,Helical Reconstruction of the Human Cardiac F-Actin-Tropomyosin Complex,2026-01-14,2.8 Å,9zbl_C,9zbl_D,399.26 Å²,34,3.0,2.0,https://bioinformatics.lt/ppi3d/site/interaction_details/single_sequence/rIiStfbc/1/null/13965537/2702501/99200356/2794002
3939,9zbl,Helical Reconstruction of the Human Cardiac F-Actin-Tropomyosin Complex,2026-01-14,2.8 Å,9zbl_C,9zbl_E,1174.98 Å²,97,6.0,3.0,https://bioinformatics.lt/ppi3d/site/interaction_details/single_sequence/rIiStfbc/1/null/13965537/2702503/99200357/2794003
394,8f8t,Cryo-EM structure of the Tropomodulin-capped pointed end of F-actin,2023-06-07,3.3 Å,8f8t_G,8f8t_F,423.28 Å²,36,4.0,,https://bioinformatics.lt/ppi3d/site/interaction_details/single_sequence/rIiStfbc/1/null/13966096/2005903/73121193/2147442
3940,5ooe,Cryo-EM structure of F-actin in complex with AppNHp (AMPPNP),2018-06-13,3.6 Å,5ooe_B,5ooe_C,367.35 Å²,35,3.0,1.0,https://bioinformatics.lt/ppi3d/site/interaction_details/single_sequence/rIiStfbc/1/null/13965793/895894/28589361/1019774
3941,5ooe,Cryo-EM structure of F-actin in complex with AppNHp (AMPPNP),2018-06-13,3.6 Å,5ooe_A,5ooe_C,868.30 Å²,73,4.0,4.0,https://bioinformatics.lt/ppi3d/site/interaction_details/single_sequence/rIiStfbc/1/null/13965793/895892/28589362/1019773
3942,5ooe,Cryo-EM structure of F-actin in complex with AppNHp (AMPPNP),2018-06-13,3.6 Å,5ooe_C,5ooe_E,868.29 Å²,73,4.0,4.0,https://bioinformatics.lt/ppi3d/site/interaction_details/single_sequence/rIiStfbc/1/null/13965793/895899/28589363/1019777
3943,5ooe,Cryo-EM structure of F-actin in complex with AppNHp (AMPPNP),2018-06-13,3.6 Å,5ooe_C,5ooe_D,367.37 Å²,35,3.0,1.0,https://bioinformatics.lt/ppi3d/site/interaction_details/single_sequence/rIiStfbc/1/null/13965793/895897/28589364/1019776
3944,8vfm,Salmonella effector protein SipA decorated actin filament,2024-12-25,3.6 Å,8vfm_J,8vfm_B,405.30 Å²,44,1.0,,https://bioinformatics.lt/ppi3d/site/interaction_details/single_sequence/rIiStfbc/1/null/13966049/2402170/86037849/2487837
3945,8vfm,Salmonella effector protein SipA decorated actin filament,2024-12-25,3.6 Å,8vfm_J,8vfm_C,135.29 Å²,16,,,https://bioinformatics.lt/ppi3d/site/interaction_details/single_sequence/rIiStfbc/1/null/13966049/2402174/86037868/2487839
3946,8vfm,Salmonella effector protein SipA decorated actin filament,2024-12-25,3.6 Å,8vfm_J,8vfm_M,522.11 Å²,46,4.0,1.0,https://bioinformatics.lt/ppi3d/site/interaction_details/single_sequence/rIiStfbc/1/null/13966049/2402187/86037885/2487846
3947,8vfm,Salmonella effector protein SipA decorated actin filament,2024-12-25,3.6 Å,8vfm_J,8vfm_S,1175.05 Å²,106,2.0,2.0,https://bioinformatics.lt/ppi3d/site/interaction_details/single_sequence/rIiStfbc/1/null/13966049/2402189/86037888/2487847
3948,8vfm,Salmonella effector protein SipA decorated actin filament,2024-12-25,3.6 Å,8vfm_W,8vfm_J,487.70 Å²,44,4.0,1.0,https://bioinformatics.lt/ppi3d/site/interaction_details/single_sequence/rIiStfbc/1/null/13966049/2402191/86037890/2487848
3953,6wvt,Structural basis of alphaE-catenin - F-actin catch bond behavior,2020-10-07,3.6 Å,6wvt_I,6wvt_N,841.84 Å²,77,2.0,1.0,https://bioinformatics.lt/ppi3d/site/interaction_details/single_sequence/rIiStfbc/1/null/13966305/1559805/57513797/1701442
3954,6wvt,Structural basis of alphaE-catenin - F-actin catch bond behavior,2020-10-07,3.6 Å,6wvt_I,6wvt_X,1148.75 Å²,85,7.0,3.0,https://bioinformatics.lt/ppi3d/site/interaction_details/single_sequence/rIiStfbc/1/null/13966305/1559809/57513800/1701445
3955,8uz1,Straight actin filament from Arp2/3 branch junction sample (ADP-BeFx),2024-01-31,3.6 Å,8uz1_K,8uz1_J,496.22 Å²,42,5.0,1.0,https://bioinformatics.lt/ppi3d/site/interaction_details/single_sequence/rIiStfbc/1/null/13966561/2156847/75984263/2269823
3956,8uz1,Straight actin filament from Arp2/3 branch junction sample (ADP-BeFx),2024-01-31,3.6 Å,8uz1_L,8uz1_J,1242.68 Å²,104,11.0,4.0,https://bioinformatics.lt/ppi3d/site/interaction_details/single_sequence/rIiStfbc/1/null/13966561/2156849/75984264/2269824
3958,9c21,Structure of endogenous Actin filament from rat model of Alzheimer's disease,2024-12-11,3.4 Å,9c21_C,9c21_B,1067.23 Å²,98,5.0,1.0,https://bioinformatics.lt/ppi3d/site/interaction_details/single_sequence/rIiStfbc/1/null/13965282/2384555/83659142/2466404
3959,9c21,Structure of endogenous Actin filament from rat model of Alzheimer's disease,2024-12-11,3.4 Å,9c21_B,9c21_D,391.14 Å²,39,2.0,,https://bioinformatics.lt/ppi3d/site/interaction_details/single_sequence/rIiStfbc/1/null/13965282/2384557/83659143/2466405
3960,9c21,Structure of endogenous Actin filament from rat model of Alzheimer's disease,2024-12-11,3.4 Å,9c21_E,9c21_B,389.40 Å²,39,2.0,,https://bioinformatics.lt/ppi3d/site/interaction_details/single_sequence/rIiStfbc/1/null/13965282/2384559/83659144/2466406
3962,9zbl,Helical Reconstruction of the Human Cardiac F-Actin-Tropomyosin Complex,2026-01-14,2.8 Å,9zbl_B,9zbl_C,391.67 Å²,30,4.0,1.0,https://bioinformatics.lt/ppi3d/site/interaction_details/single_sequence/rIiStfbc/1/null/13965538/2702497/99200348/2794000
3963,9zbl,Helical Reconstruction of the Human Cardiac F-Actin-Tropomyosin Complex,2026-01-14,2.8 Å,9zbl_B,9zbl_D,1163.73 Å²,99,4.0,2.0,https://bioinformatics.lt/ppi3d/site/interaction_details/single_sequence/rIiStfbc/1/null/13965538/2702499/99200349/2794001
397,6vau,Bare actin filament from a partially cofilin-decorated sample,2020-01-01,3.5 Å,6vau_C,6vau_B,442.65 Å²,37,3.0,1.0,https://bioinformatics.lt/ppi3d/site/interaction_details/single_sequence/rIiStfbc/1/null/13966352/1281062/46035787/1376556
3970,6wvt,Structural basis of alphaE-catenin - F-actin catch bond behavior,2020-10-07,3.6 Å,6wvt_I,6wvt_H,1213.67 Å²,102,2.0,3.0,https://bioinformatics.lt/ppi3d/site/interaction_details/single_sequence/rIiStfbc/1/null/13966306/1559795/57513788/1701437
3971,6wvt,Structural basis of alphaE-catenin - F-actin catch bond behavior,2020-10-07,3.6 Å,6wvt_H,6wvt_Q,1142.02 Å²,85,7.0,3.0,https://bioinformatics.lt/ppi3d/site/interaction_details/single_sequence/rIiStfbc/1/null/13966306/1559797/57513793/1701439
3972,6wvt,Structural basis of alphaE-catenin - F-actin catch bond behavior,2020-10-07,3.6 Å,6wvt_H,6wvt_X,856.35 Å²,77,3.0,1.0,https://bioinformatics.lt/ppi3d/site/interaction_details/single_sequence/rIiStfbc/1/null/13966306/1559803/57513794/1701441
3975,9c21,Structure of endogenous Actin filament from rat model of Alzheimer's disease,2024-12-11,3.4 Å,9c21_B,9c21_A,1058.97 Å²,98,5.0,1.0,https://bioinformatics.lt/ppi3d/site/interaction_details/single_sequence/rIiStfbc/1/null/13965283/2384551/83659137/2466402
3976,9c21,Structure of endogenous Actin filament from rat model of Alzheimer's disease,2024-12-11,3.4 Å,9c21_D,9c21_A,377.95 Å²,37,2.0,,https://bioinformatics.lt/ppi3d/site/interaction_details/single_sequence/rIiStfbc/1/null/13965283/2384553/83659139/2466403
3977,9zbl,Helical Reconstruction of the Human Cardiac F-Actin-Tropomyosin Complex,2026-01-14,2.8 Å,9zbl_A,9zbl_B,396.37 Å²,32,3.0,1.0,https://bioinformatics.lt/ppi3d/site/interaction_details/single_sequence/rIiStfbc/1/null/13965539/2702493/99200339/2793998
3978,9zbl,Helical Reconstruction of the Human Cardiac F-Actin-Tropomyosin Complex,2026-01-14,2.8 Å,9zbl_A,9zbl_C,1169.11 Å²,95,5.0,3.0,https://bioinformatics.lt/ppi3d/site/interaction_details/single_sequence/rIiStfbc/1/null/13965539/2702495/99200340/2793999
3981,5ood,Cryo-EM structure of jasplakinolide-stabilized F-actin in complex with ADP-Pi,2018-06-13,3.7 Å,5ood_D,5ood_E,402.44 Å²,36,3.0,2.0,https://bioinformatics.lt/ppi3d/site/interaction_details/single_sequence/rIiStfbc/1/null/13965795/895915/28589360/1019785
3985,6wvt,Structural basis of alphaE-catenin - F-actin catch bond behavior,2020-10-07,3.6 Å,6wvt_H,6wvt_F,480.90 Å²,40,3.0,,https://bioinformatics.lt/ppi3d/site/interaction_details/single_sequence/rIiStfbc/1/null/13966307/1559787/57513780/1701434
3986,6wvt,Structural basis of alphaE-catenin - F-actin catch bond behavior,2020-10-07,3.6 Å,6wvt_F,6wvt_O,865.38 Å²,77,3.0,1.0,https://bioinformatics.lt/ppi3d/site/interaction_details/single_sequence/rIiStfbc/1/null/13966307/1559791/57513785/1701435
3989,8uz0,Straight actin filament from Arp2/3 branch junction sample (ADP),2024-01-31,2.8 Å,8uz0_R,8uz0_Q,461.82 Å²,41,3.0,1.0,https://bioinformatics.lt/ppi3d/site/interaction_details/single_sequence/rIiStfbc/1/null/13966563/2156845/75984262/2269822
399,8vaa,Actin-binding domain of Legionella pneumophila effector LFAT1 (lpg1387) bound to F-actin,2024-12-18,3.6 Å,8vaa_C,8vaa_B,382.29 Å²,31,,1.0,https://bioinformatics.lt/ppi3d/site/interaction_details/single_sequence/rIiStfbc/1/null/13966608/2401961/85961584/2487733
3996,9e2e,The structure of the junction region of the wild-type murine native cardiac thin filament in Ca2+-free state,2025-06-04,4.0 Å,9e2e_F,9e2e_L,181.58 Å²,13,1.0,2.0,https://bioinformatics.lt/ppi3d/site/interaction_details/single_sequence/rIiStfbc/1/null/13965540/2514393/94790542/2645731
4,8iai,"Structure of mammalian spectrin-actin junctional complex of membrane skeleton, State II, Global map",2023-05-03,3.5 Å,8iai_I,8iai_H,378.51 Å²,32,3.0,,https://bioinformatics.lt/ppi3d/site/interaction_details/single_sequence/rIiStfbc/1/null/13965312/1987915/72502551/2132189
40,8c4e,F-actin decorated by SipA426-685,2024-01-17,2.6 Å,8c4e_H,8c4e_F,1161.68 Å²,94,8.0,4.0,https://bioinformatics.lt/ppi3d/site/interaction_details/single_sequence/rIiStfbc/1/null/13966081/2144669/75903858/2262585
400,8vaa,Actin-binding domain of Legionella pneumophila effector LFAT1 (lpg1387) bound to F-actin,2024-12-18,3.6 Å,8vaa_D,8vaa_B,1086.62 Å²,91,1.0,2.0,https://bioinformatics.lt/ppi3d/site/interaction_details/single_sequence/rIiStfbc/1/null/13966608/2401963/85961585/2487734
4002,6wvt,Structural basis of alphaE-catenin - F-actin catch bond behavior,2020-10-07,3.6 Å,6wvt_E,6wvt_F,1198.40 Å²,100,2.0,3.0,https://bioinformatics.lt/ppi3d/site/interaction_details/single_sequence/rIiStfbc/1/null/13966308/1559807/57513771/1701444
4003,6wvt,Structural basis of alphaE-catenin - F-actin catch bond behavior,2020-10-07,3.6 Å,6wvt_E,6wvt_H,494.92 Å²,40,3.0,,https://bioinformatics.lt/ppi3d/site/interaction_details/single_sequence/rIiStfbc/1/null/13966308/1559771/57513772/1701448
4004,6wvt,Structural basis of alphaE-catenin - F-actin catch bond behavior,2020-10-07,3.6 Å,6wvt_I,6wvt_E,489.57 Å²,40,3.0,,https://bioinformatics.lt/ppi3d/site/interaction_details/single_sequence/rIiStfbc/1/null/13966308/1559777/57513773/1701427
4005,6wvt,Structural basis of alphaE-catenin - F-actin catch bond behavior,2020-10-07,3.6 Å,6wvt_E,6wvt_K,854.90 Å²,76,3.0,1.0,https://bioinformatics.lt/ppi3d/site/interaction_details/single_sequence/rIiStfbc/1/null/13966308/1559781/57513774/1701430
4006,6wvt,Structural basis of alphaE-catenin - F-actin catch bond behavior,2020-10-07,3.6 Å,6wvt_E,6wvt_O,1160.00 Å²,87,7.0,3.0,https://bioinformatics.lt/ppi3d/site/interaction_details/single_sequence/rIiStfbc/1/null/13966308/1559783/57513777/1701431
4009,8uz0,Straight actin filament from Arp2/3 branch junction sample (ADP),2024-01-31,2.8 Å,8uz0_Q,8uz0_P,466.87 Å²,38,3.0,1.0,https://bioinformatics.lt/ppi3d/site/interaction_details/single_sequence/rIiStfbc/1/null/13966564/2156841/75984260/2269820
4010,8uz0,Straight actin filament from Arp2/3 branch junction sample (ADP),2024-01-31,2.8 Å,8uz0_R,8uz0_P,1221.60 Å²,100,11.0,4.0,https://bioinformatics.lt/ppi3d/site/interaction_details/single_sequence/rIiStfbc/1/null/13966564/2156843/75984261/2269821
4017,9e2e,The structure of the junction region of the wild-type murine native cardiac thin filament in Ca2+-free state,2025-06-04,4.0 Å,9e2e_E,9e2e_F,451.27 Å²,38,1.0,1.0,https://bioinformatics.lt/ppi3d/site/interaction_details/single_sequence/rIiStfbc/1/null/13965541/2514389/94790526/2645729
4018,9e2e,The structure of the junction region of the wild-type murine native cardiac thin filament in Ca2+-free state,2025-06-04,4.0 Å,9e2e_E,9e2e_G,143.75 Å²,14,1.0,1.0,https://bioinformatics.lt/ppi3d/site/interaction_details/single_sequence/rIiStfbc/1/null/13965541/2514391/94790527/2645730
402,8iah,"Structure of mammalian spectrin-actin junctional complex of membrane skeleton, State I, Global map",2023-05-03,3.6 Å,8iah_C,8iah_5,1274.99 Å²,99,2.0,2.0,https://bioinformatics.lt/ppi3d/site/interaction_details/single_sequence/rIiStfbc/1/null/13965329/1987582/72501747/2132022
4020,5ood,Cryo-EM structure of jasplakinolide-stabilized F-actin in complex with ADP-Pi,2018-06-13,3.7 Å,5ood_A,5ood_C,1060.42 Å²,88,9.0,4.0,https://bioinformatics.lt/ppi3d/site/interaction_details/single_sequence/rIiStfbc/1/null/13965797/895906/28589355/1019780
4021,5ood,Cryo-EM structure of jasplakinolide-stabilized F-actin in complex with ADP-Pi,2018-06-13,3.7 Å,5ood_C,5ood_D,402.44 Å²,36,3.0,2.0,https://bioinformatics.lt/ppi3d/site/interaction_details/single_sequence/rIiStfbc/1/null/13965797/895911/28589356/1019783
4022,5ood,Cryo-EM structure of jasplakinolide-stabilized F-actin in complex with ADP-Pi,2018-06-13,3.7 Å,5ood_C,5ood_E,1060.38 Å²,88,9.0,4.0,https://bioinformatics.lt/ppi3d/site/interaction_details/single_sequence/rIiStfbc/1/null/13965797/895913/28589357/1019784
4026,6wvt,Structural basis of alphaE-catenin - F-actin catch bond behavior,2020-10-07,3.6 Å,6wvt_D,6wvt_E,1200.21 Å²,99,2.0,3.0,https://bioinformatics.lt/ppi3d/site/interaction_details/single_sequence/rIiStfbc/1/null/13966309/1559779/57513761/1701429
4027,6wvt,Structural basis of alphaE-catenin - F-actin catch bond behavior,2020-10-07,3.6 Å,6wvt_D,6wvt_I,488.04 Å²,39,3.0,,https://bioinformatics.lt/ppi3d/site/interaction_details/single_sequence/rIiStfbc/1/null/13966309/1559785/57513764/1701433
4028,6wvt,Structural basis of alphaE-catenin - F-actin catch bond behavior,2020-10-07,3.6 Å,6wvt_D,6wvt_K,1152.78 Å²,87,7.0,3.0,https://bioinformatics.lt/ppi3d/site/interaction_details/single_sequence/rIiStfbc/1/null/13966309/1559793/57513765/1701436
4029,6wvt,Structural basis of alphaE-catenin - F-actin catch bond behavior,2020-10-07,3.6 Å,6wvt_D,6wvt_L,878.18 Å²,79,3.0,1.0,https://bioinformatics.lt/ppi3d/site/interaction_details/single_sequence/rIiStfbc/1/null/13966309/1559801/57513766/1701440
4032,8uz0,Straight actin filament from Arp2/3 branch junction sample (ADP),2024-01-31,2.8 Å,8uz0_P,8uz0_O,466.19 Å²,40,3.0,1.0,https://bioinformatics.lt/ppi3d/site/interaction_details/single_sequence/rIiStfbc/1/null/13966565/2156837/75984257/2269818
4033,8uz0,Straight actin filament from Arp2/3 branch junction sample (ADP),2024-01-31,2.8 Å,8uz0_Q,8uz0_O,1207.48 Å²,98,12.0,4.0,https://bioinformatics.lt/ppi3d/site/interaction_details/single_sequence/rIiStfbc/1/null/13966565/2156839/75984258/2269819
4040,9e2e,The structure of the junction region of the wild-type murine native cardiac thin filament in Ca2+-free state,2025-06-04,4.0 Å,9e2e_D,9e2e_E,443.64 Å²,45,5.0,,https://bioinformatics.lt/ppi3d/site/interaction_details/single_sequence/rIiStfbc/1/null/13965542/2514379/94790514/2645724
4041,9e2e,The structure of the junction region of the wild-type murine native cardiac thin filament in Ca2+-free state,2025-06-04,4.0 Å,9e2e_D,9e2e_F,1133.37 Å²,99,5.0,1.0,https://bioinformatics.lt/ppi3d/site/interaction_details/single_sequence/rIiStfbc/1/null/13965542/2514381/94790515/2645725
4042,9e2e,The structure of the junction region of the wild-type murine native cardiac thin filament in Ca2+-free state,2025-06-04,4.0 Å,9e2e_D,9e2e_L,103.04 Å²,10,,1.0,https://bioinformatics.lt/ppi3d/site/interaction_details/single_sequence/rIiStfbc/1/null/13965542/2514383/94790521/2645726
4043,9e2e,The structure of the junction region of the wild-type murine native cardiac thin filament in Ca2+-free state,2025-06-04,4.0 Å,9e2e_D,9e2e_O,119.18 Å²,6,1.0,2.0,https://bioinformatics.lt/ppi3d/site/interaction_details/single_sequence/rIiStfbc/1/null/13965542/2514385/94790524/2645727
4044,9e2e,The structure of the junction region of the wild-type murine native cardiac thin filament in Ca2+-free state,2025-06-04,4.0 Å,9e2e_D,9e2e_P,585.67 Å²,52,,,https://bioinformatics.lt/ppi3d/site/interaction_details/single_sequence/rIiStfbc/1/null/13965542/2514387/94790525/2645728
4045,5ood,Cryo-EM structure of jasplakinolide-stabilized F-actin in complex with ADP-Pi,2018-06-13,3.7 Å,5ood_B,5ood_C,402.48 Å²,36,3.0,2.0,https://bioinformatics.lt/ppi3d/site/interaction_details/single_sequence/rIiStfbc/1/null/13965798/895907/28589351/1019781
4046,5ood,Cryo-EM structure of jasplakinolide-stabilized F-actin in complex with ADP-Pi,2018-06-13,3.7 Å,5ood_A,5ood_B,402.46 Å²,36,3.0,2.0,https://bioinformatics.lt/ppi3d/site/interaction_details/single_sequence/rIiStfbc/1/null/13965798/895904/28589352/1019779
4047,5ood,Cryo-EM structure of jasplakinolide-stabilized F-actin in complex with ADP-Pi,2018-06-13,3.7 Å,5ood_B,5ood_D,1060.38 Å²,88,9.0,4.0,https://bioinformatics.lt/ppi3d/site/interaction_details/single_sequence/rIiStfbc/1/null/13965798/895909/28589353/1019782
405,8iah,"Structure of mammalian spectrin-actin junctional complex of membrane skeleton, State I, Global map",2023-05-03,3.6 Å,8iah_D,8iah_C,386.96 Å²,33,3.0,2.0,https://bioinformatics.lt/ppi3d/site/interaction_details/single_sequence/rIiStfbc/1/null/13965329/1987671/72501930/2132067
4050,6wvt,Structural basis of alphaE-catenin - F-actin catch bond behavior,2020-10-07,3.6 Å,6wvt_B,6wvt_D,482.34 Å²,38,3.0,,https://bioinformatics.lt/ppi3d/site/interaction_details/single_sequence/rIiStfbc/1/null/13966310/1559775/57513750/1701428
4051,6wvt,Structural basis of alphaE-catenin - F-actin catch bond behavior,2020-10-07,3.6 Å,6wvt_B,6wvt_I,1213.11 Å²,100,2.0,2.0,https://bioinformatics.lt/ppi3d/site/interaction_details/single_sequence/rIiStfbc/1/null/13966310/1559789/57513754/1701432
4052,6wvt,Structural basis of alphaE-catenin - F-actin catch bond behavior,2020-10-07,3.6 Å,6wvt_B,6wvt_N,1161.51 Å²,86,7.0,3.0,https://bioinformatics.lt/ppi3d/site/interaction_details/single_sequence/rIiStfbc/1/null/13966310/1559769/57513757/1701426
4055,8uz0,Straight actin filament from Arp2/3 branch junction sample (ADP),2024-01-31,2.8 Å,8uz0_O,8uz0_N,463.49 Å²,42,3.0,1.0,https://bioinformatics.lt/ppi3d/site/interaction_details/single_sequence/rIiStfbc/1/null/13966566/2156833/75984253/2269816
4056,8uz0,Straight actin filament from Arp2/3 branch junction sample (ADP),2024-01-31,2.8 Å,8uz0_P,8uz0_N,1204.49 Å²,98,9.0,4.0,https://bioinformatics.lt/ppi3d/site/interaction_details/single_sequence/rIiStfbc/1/null/13966566/2156835/75984254/2269817
406,8iah,"Structure of mammalian spectrin-actin junctional complex of membrane skeleton, State I, Global map",2023-05-03,3.6 Å,8iah_E,8iah_C,1139.66 Å²,92,3.0,3.0,https://bioinformatics.lt/ppi3d/site/interaction_details/single_sequence/rIiStfbc/1/null/13965329/1987673/72501931/2132068
4060,9e2e,The structure of the junction region of the wild-type murine native cardiac thin filament in Ca2+-free state,2025-06-04,4.0 Å,9e2e_C,9e2e_D,399.87 Å²,38,2.0,,https://bioinformatics.lt/ppi3d/site/interaction_details/single_sequence/rIiStfbc/1/null/13965543/2514369/94790501/2645719
4061,9e2e,The structure of the junction region of the wild-type murine native cardiac thin filament in Ca2+-free state,2025-06-04,4.0 Å,9e2e_C,9e2e_E,1215.57 Å²,99,4.0,4.0,https://bioinformatics.lt/ppi3d/site/interaction_details/single_sequence/rIiStfbc/1/null/13965543/2514371/94790502/2645720
4062,9e2e,The structure of the junction region of the wild-type murine native cardiac thin filament in Ca2+-free state,2025-06-04,4.0 Å,9e2e_C,9e2e_G,140.98 Å²,8,2.0,2.0,https://bioinformatics.lt/ppi3d/site/interaction_details/single_sequence/rIiStfbc/1/null/13965543/2514373/94790504/2645721
4063,9e2e,The structure of the junction region of the wild-type murine native cardiac thin filament in Ca2+-free state,2025-06-04,4.0 Å,9e2e_C,9e2e_J,126.28 Å²,9,,2.0,https://bioinformatics.lt/ppi3d/site/interaction_details/single_sequence/rIiStfbc/1/null/13965543/2514375/94790507/2645722
4064,9e2e,The structure of the junction region of the wild-type murine native cardiac thin filament in Ca2+-free state,2025-06-04,4.0 Å,9e2e_C,9e2e_K,694.32 Å²,59,,2.0,https://bioinformatics.lt/ppi3d/site/interaction_details/single_sequence/rIiStfbc/1/null/13965543/2514377/94790508/2645723
407,8iah,"Structure of mammalian spectrin-actin junctional complex of membrane skeleton, State I, Global map",2023-05-03,3.6 Å,8iah_C,8iah_M,1580.22 Å²,138,12.0,6.0,https://bioinformatics.lt/ppi3d/site/interaction_details/single_sequence/rIiStfbc/1/null/13965329/1987675/72501939/2132069
4075,8uz0,Straight actin filament from Arp2/3 branch junction sample (ADP),2024-01-31,2.8 Å,8uz0_N,8uz0_M,455.50 Å²,40,4.0,1.0,https://bioinformatics.lt/ppi3d/site/interaction_details/single_sequence/rIiStfbc/1/null/13966567/2156829/75984248/2269814
4076,8uz0,Straight actin filament from Arp2/3 branch junction sample (ADP),2024-01-31,2.8 Å,8uz0_O,8uz0_M,1209.18 Å²,97,10.0,4.0,https://bioinformatics.lt/ppi3d/site/interaction_details/single_sequence/rIiStfbc/1/null/13966567/2156831/75984249/2269815
408,8iah,"Structure of mammalian spectrin-actin junctional complex of membrane skeleton, State I, Global map",2023-05-03,3.6 Å,8iah_C,8iah_O,338.12 Å²,26,3.0,,https://bioinformatics.lt/ppi3d/site/interaction_details/single_sequence/rIiStfbc/1/null/13965329/1987677/72501941/2132070
4082,9e2e,The structure of the junction region of the wild-type murine native cardiac thin filament in Ca2+-free state,2025-06-04,4.0 Å,9e2e_B,9e2e_C,452.39 Å²,40,3.0,1.0,https://bioinformatics.lt/ppi3d/site/interaction_details/single_sequence/rIiStfbc/1/null/13965544/2514361/94790487/2645715
4083,9e2e,The structure of the junction region of the wild-type murine native cardiac thin filament in Ca2+-free state,2025-06-04,4.0 Å,9e2e_B,9e2e_D,1201.89 Å²,100,5.0,2.0,https://bioinformatics.lt/ppi3d/site/interaction_details/single_sequence/rIiStfbc/1/null/13965544/2514363/94790488/2645716
4084,9e2e,The structure of the junction region of the wild-type murine native cardiac thin filament in Ca2+-free state,2025-06-04,4.0 Å,9e2e_B,9e2e_N,143.71 Å²,12,,,https://bioinformatics.lt/ppi3d/site/interaction_details/single_sequence/rIiStfbc/1/null/13965544/2514365/94790498/2645717
4085,9e2e,The structure of the junction region of the wild-type murine native cardiac thin filament in Ca2+-free state,2025-06-04,4.0 Å,9e2e_B,9e2e_P,325.24 Å²,32,,,https://bioinformatics.lt/ppi3d/site/interaction_details/single_sequence/rIiStfbc/1/null/13965544/2514367/94790500/2645718
4087,5ooc,Cryo-EM structure of jasplakinolide-stabilized F-actin in complex with ADP,2018-06-13,3.6 Å,5ooc_D,5ooc_E,383.91 Å²,35,3.0,2.0,https://bioinformatics.lt/ppi3d/site/interaction_details/single_sequence/rIiStfbc/1/null/13965800/895888/28589350/1019771
409,8iah,"Structure of mammalian spectrin-actin junctional complex of membrane skeleton, State I, Global map",2023-05-03,3.6 Å,8iah_C,8iah_Y,229.21 Å²,22,1.0,,https://bioinformatics.lt/ppi3d/site/interaction_details/single_sequence/rIiStfbc/1/null/13965329/1987679/72501951/2132071
4097,8uz0,Straight actin filament from Arp2/3 branch junction sample (ADP),2024-01-31,2.8 Å,8uz0_M,8uz0_L,458.87 Å²,42,3.0,1.0,https://bioinformatics.lt/ppi3d/site/interaction_details/single_sequence/rIiStfbc/1/null/13966568/2156825/75984242/2269812
4098,8uz0,Straight actin filament from Arp2/3 branch junction sample (ADP),2024-01-31,2.8 Å,8uz0_N,8uz0_L,1206.77 Å²,102,11.0,4.0,https://bioinformatics.lt/ppi3d/site/interaction_details/single_sequence/rIiStfbc/1/null/13966568/2156827/75984243/2269813
41,8c4e,F-actin decorated by SipA426-685,2024-01-17,2.6 Å,8c4e_F,8c4e_K,802.54 Å²,71,5.0,3.0,https://bioinformatics.lt/ppi3d/site/interaction_details/single_sequence/rIiStfbc/1/null/13966081/2144671/75903859/2262586
4102,9e2e,The structure of the junction region of the wild-type murine native cardiac thin filament in Ca2+-free state,2025-06-04,4.0 Å,9e2e_A,9e2e_B,470.56 Å²,44,2.0,1.0,https://bioinformatics.lt/ppi3d/site/interaction_details/single_sequence/rIiStfbc/1/null/13965545/2514355/94790472/2645712
4103,9e2e,The structure of the junction region of the wild-type murine native cardiac thin filament in Ca2+-free state,2025-06-04,4.0 Å,9e2e_A,9e2e_C,1162.58 Å²,95,5.0,3.0,https://bioinformatics.lt/ppi3d/site/interaction_details/single_sequence/rIiStfbc/1/null/13965545/2514357/94790473/2645713
4104,9e2e,The structure of the junction region of the wild-type murine native cardiac thin filament in Ca2+-free state,2025-06-04,4.0 Å,9e2e_A,9e2e_K,371.37 Å²,32,1.0,,https://bioinformatics.lt/ppi3d/site/interaction_details/single_sequence/rIiStfbc/1/null/13965545/2514359/94790481/2645714
4107,5ooc,Cryo-EM structure of jasplakinolide-stabilized F-actin in complex with ADP,2018-06-13,3.6 Å,5ooc_B,5ooc_D,1030.99 Å²,88,9.0,3.0,https://bioinformatics.lt/ppi3d/site/interaction_details/single_sequence/rIiStfbc/1/null/13965801/895881/28589349/1019768
4110,8pvx,Structure of the Lifeact13-F-actin complex,2024-07-24,3.5 Å,8pvx_B,8pvx_D,1165.76 Å²,101,7.0,4.0,https://bioinformatics.lt/ppi3d/site/interaction_details/single_sequence/rIiStfbc/1/null/13966057/2278870/79261094/2358927
4113,6vec,Cryo-EM structure of F-actin/Plastin2-ABD2 complex,2020-12-09,3.9 Å,6vec_K,6vec_k,787.61 Å²,75,3.0,2.0,https://bioinformatics.lt/ppi3d/site/interaction_details/single_sequence/rIiStfbc/1/null/13966313/1441381/47816763/1489553
4115,8uz0,Straight actin filament from Arp2/3 branch junction sample (ADP),2024-01-31,2.8 Å,8uz0_L,8uz0_K,465.61 Å²,40,3.0,1.0,https://bioinformatics.lt/ppi3d/site/interaction_details/single_sequence/rIiStfbc/1/null/13966569/2156821/75984235/2269810
4116,8uz0,Straight actin filament from Arp2/3 branch junction sample (ADP),2024-01-31,2.8 Å,8uz0_M,8uz0_K,1207.23 Å²,100,10.0,4.0,https://bioinformatics.lt/ppi3d/site/interaction_details/single_sequence/rIiStfbc/1/null/13966569/2156823/75984236/2269811
412,9gob,Structure of the F-tractin-F-actin complex,2025-01-22,3.2 Å,9gob_D,9gob_B,1172.25 Å²,102,5.0,3.0,https://bioinformatics.lt/ppi3d/site/interaction_details/single_sequence/rIiStfbc/1/null/13965585/2415157/87255198/2507403
4121,5ooc,Cryo-EM structure of jasplakinolide-stabilized F-actin in complex with ADP,2018-06-13,3.6 Å,5ooc_B,5ooc_C,383.90 Å²,35,3.0,2.0,https://bioinformatics.lt/ppi3d/site/interaction_details/single_sequence/rIiStfbc/1/null/13965802/895880/28589345/1019767
4122,5ooc,Cryo-EM structure of jasplakinolide-stabilized F-actin in complex with ADP,2018-06-13,3.6 Å,5ooc_C,5ooc_E,1030.98 Å²,88,9.0,3.0,https://bioinformatics.lt/ppi3d/site/interaction_details/single_sequence/rIiStfbc/1/null/13965802/895885/28589346/1019770
4123,5ooc,Cryo-EM structure of jasplakinolide-stabilized F-actin in complex with ADP,2018-06-13,3.6 Å,5ooc_C,5ooc_D,383.88 Å²,35,3.0,2.0,https://bioinformatics.lt/ppi3d/site/interaction_details/single_sequence/rIiStfbc/1/null/13965802/895883/28589347/1019769
4125,8pvx,Structure of the Lifeact13-F-actin complex,2024-07-24,3.5 Å,8pvx_A,8pvx_B,439.93 Å²,41,3.0,1.0,https://bioinformatics.lt/ppi3d/site/interaction_details/single_sequence/rIiStfbc/1/null/13966058/2278863/79261089/2358924
4128,6vec,Cryo-EM structure of F-actin/Plastin2-ABD2 complex,2020-12-09,3.9 Å,6vec_J,6vec_f,396.27 Å²,33,,,https://bioinformatics.lt/ppi3d/site/interaction_details/single_sequence/rIiStfbc/1/null/13966314/1441377/47816747/1489551
4129,6vec,Cryo-EM structure of F-actin/Plastin2-ABD2 complex,2020-12-09,3.9 Å,6vec_J,6vec_j,817.11 Å²,80,2.0,1.0,https://bioinformatics.lt/ppi3d/site/interaction_details/single_sequence/rIiStfbc/1/null/13966314/1441379/47816751/1489552
4130,8uz0,Straight actin filament from Arp2/3 branch junction sample (ADP),2024-01-31,2.8 Å,8uz0_K,8uz0_J,466.45 Å²,39,4.0,1.0,https://bioinformatics.lt/ppi3d/site/interaction_details/single_sequence/rIiStfbc/1/null/13966570/2156817/75984227/2269808
4131,8uz0,Straight actin filament from Arp2/3 branch junction sample (ADP),2024-01-31,2.8 Å,8uz0_L,8uz0_J,1215.24 Å²,101,11.0,4.0,https://bioinformatics.lt/ppi3d/site/interaction_details/single_sequence/rIiStfbc/1/null/13966570/2156819/75984228/2269809
4137,5ooc,Cryo-EM structure of jasplakinolide-stabilized F-actin in complex with ADP,2018-06-13,3.6 Å,5ooc_A,5ooc_C,1030.96 Å²,88,9.0,3.0,https://bioinformatics.lt/ppi3d/site/interaction_details/single_sequence/rIiStfbc/1/null/13965803/895877/28589341/1019766
4138,5ooc,Cryo-EM structure of jasplakinolide-stabilized F-actin in complex with ADP,2018-06-13,3.6 Å,5ooc_A,5ooc_B,383.91 Å²,35,3.0,2.0,https://bioinformatics.lt/ppi3d/site/interaction_details/single_sequence/rIiStfbc/1/null/13965803/895875/28589342/1019765
4140,8pvx,Structure of the Lifeact13-F-actin complex,2024-07-24,3.5 Å,8pvx_D,8pvx_E,414.73 Å²,36,4.0,1.0,https://bioinformatics.lt/ppi3d/site/interaction_details/single_sequence/rIiStfbc/1/null/13966059/2278876/79261078/2358930
4143,6vec,Cryo-EM structure of F-actin/Plastin2-ABD2 complex,2020-12-09,3.9 Å,6vec_K,6vec_I,443.41 Å²,39,3.0,1.0,https://bioinformatics.lt/ppi3d/site/interaction_details/single_sequence/rIiStfbc/1/null/13966315/1441373/47816729/1489549
4144,6vec,Cryo-EM structure of F-actin/Plastin2-ABD2 complex,2020-12-09,3.9 Å,6vec_I,6vec_i,768.14 Å²,71,3.0,2.0,https://bioinformatics.lt/ppi3d/site/interaction_details/single_sequence/rIiStfbc/1/null/13966315/1441375/47816738/1489550
4152,8pvx,Structure of the Lifeact13-F-actin complex,2024-07-24,3.5 Å,8pvx_C,8pvx_E,1172.02 Å²,102,7.0,4.0,https://bioinformatics.lt/ppi3d/site/interaction_details/single_sequence/rIiStfbc/1/null/13966060/2278873/79261061/2358929
4153,8pvx,Structure of the Lifeact13-F-actin complex,2024-07-24,3.5 Å,8pvx_A,8pvx_C,1170.25 Å²,103,6.0,4.0,https://bioinformatics.lt/ppi3d/site/interaction_details/single_sequence/rIiStfbc/1/null/13966060/2278866/79261063/2358925
4154,8pvx,Structure of the Lifeact13-F-actin complex,2024-07-24,3.5 Å,8pvx_C,8pvx_D,424.16 Å²,42,2.0,1.0,https://bioinformatics.lt/ppi3d/site/interaction_details/single_sequence/rIiStfbc/1/null/13966060/2278871/79261065/2358928
4155,8pvx,Structure of the Lifeact13-F-actin complex,2024-07-24,3.5 Å,8pvx_B,8pvx_C,420.41 Å²,39,4.0,1.0,https://bioinformatics.lt/ppi3d/site/interaction_details/single_sequence/rIiStfbc/1/null/13966060/2278868/79261067/2358926
4158,6vec,Cryo-EM structure of F-actin/Plastin2-ABD2 complex,2020-12-09,3.9 Å,6vec_H,6vec_J,423.32 Å²,36,2.0,,https://bioinformatics.lt/ppi3d/site/interaction_details/single_sequence/rIiStfbc/1/null/13966316/1441367/47816715/1489546
4159,6vec,Cryo-EM structure of F-actin/Plastin2-ABD2 complex,2020-12-09,3.9 Å,6vec_H,6vec_d,399.14 Å²,34,1.0,,https://bioinformatics.lt/ppi3d/site/interaction_details/single_sequence/rIiStfbc/1/null/13966316/1441369/47816720/1489547
4160,6vec,Cryo-EM structure of F-actin/Plastin2-ABD2 complex,2020-12-09,3.9 Å,6vec_H,6vec_h,809.66 Å²,76,3.0,1.0,https://bioinformatics.lt/ppi3d/site/interaction_details/single_sequence/rIiStfbc/1/null/13966316/1441371/47816724/1489548
417,8f8t,Cryo-EM structure of the Tropomodulin-capped pointed end of F-actin,2023-06-07,3.3 Å,8f8t_F,8f8t_E,417.42 Å²,37,4.0,,https://bioinformatics.lt/ppi3d/site/interaction_details/single_sequence/rIiStfbc/1/null/13966097/2005899/73121190/2147440
4170,6fhl,Cryo-EM structure of F-actin in complex with ADP-Pi,2018-06-13,3.3 Å,6fhl_D,6fhl_E,444.08 Å²,40,2.0,1.0,https://bioinformatics.lt/ppi3d/site/interaction_details/single_sequence/rIiStfbc/1/null/13965805/895672/28589154/1019647
4174,6vec,Cryo-EM structure of F-actin/Plastin2-ABD2 complex,2020-12-09,3.9 Å,6vec_I,6vec_G,432.70 Å²,37,2.0,,https://bioinformatics.lt/ppi3d/site/interaction_details/single_sequence/rIiStfbc/1/null/13966317/1441359/47816700/1489542
4175,6vec,Cryo-EM structure of F-actin/Plastin2-ABD2 complex,2020-12-09,3.9 Å,6vec_K,6vec_G,1111.71 Å²,92,6.0,4.0,https://bioinformatics.lt/ppi3d/site/interaction_details/single_sequence/rIiStfbc/1/null/13966317/1441361/47816702/1489543
4176,6vec,Cryo-EM structure of F-actin/Plastin2-ABD2 complex,2020-12-09,3.9 Å,6vec_G,6vec_g,799.77 Å²,77,1.0,1.0,https://bioinformatics.lt/ppi3d/site/interaction_details/single_sequence/rIiStfbc/1/null/13966317/1441363/47816709/1489544
4177,6vec,Cryo-EM structure of F-actin/Plastin2-ABD2 complex,2020-12-09,3.9 Å,6vec_G,6vec_k,362.06 Å²,31,,,https://bioinformatics.lt/ppi3d/site/interaction_details/single_sequence/rIiStfbc/1/null/13966317/1441365/47816713/1489545
418,8f8t,Cryo-EM structure of the Tropomodulin-capped pointed end of F-actin,2023-06-07,3.3 Å,8f8t_G,8f8t_E,1159.35 Å²,88,7.0,3.0,https://bioinformatics.lt/ppi3d/site/interaction_details/single_sequence/rIiStfbc/1/null/13966097/2005901/73121191/2147441
4182,8efh,Helical reconstruction of the human cardiac actin-tropomyosin-myosin complex in complex with ADP-Mg2+,2023-01-11,3.3 Å,8efh_D,8efh_E,1113.80 Å²,94,4.0,3.0,https://bioinformatics.lt/ppi3d/site/interaction_details/single_sequence/rIiStfbc/1/null/13965550/1860831/68750604/2026436
4188,6vec,Cryo-EM structure of F-actin/Plastin2-ABD2 complex,2020-12-09,3.9 Å,6vec_F,6vec_H,410.23 Å²,36,2.0,,https://bioinformatics.lt/ppi3d/site/interaction_details/single_sequence/rIiStfbc/1/null/13966318/1441351/47816684/1489538
4189,6vec,Cryo-EM structure of F-actin/Plastin2-ABD2 complex,2020-12-09,3.9 Å,6vec_F,6vec_J,1125.22 Å²,93,7.0,4.0,https://bioinformatics.lt/ppi3d/site/interaction_details/single_sequence/rIiStfbc/1/null/13966318/1441353/47816686/1489539
4190,6vec,Cryo-EM structure of F-actin/Plastin2-ABD2 complex,2020-12-09,3.9 Å,6vec_F,6vec_b,375.95 Å²,32,1.0,,https://bioinformatics.lt/ppi3d/site/interaction_details/single_sequence/rIiStfbc/1/null/13966318/1441355/47816689/1489540
4191,6vec,Cryo-EM structure of F-actin/Plastin2-ABD2 complex,2020-12-09,3.9 Å,6vec_F,6vec_f,804.37 Å²,79,1.0,1.0,https://bioinformatics.lt/ppi3d/site/interaction_details/single_sequence/rIiStfbc/1/null/13966318/1441357/47816693/1489541
4195,8zbn,Mouse MYH6 R404Q left ventricle ATM complex,2025-01-29,3.0 Å,8zbn_M,8zbn_T,208.43 Å²,17,,,https://bioinformatics.lt/ppi3d/site/interaction_details/single_sequence/rIiStfbc/1/null/13966574/2421769/89119423/2531140
4196,8zbn,Mouse MYH6 R404Q left ventricle ATM complex,2025-01-29,3.0 Å,8zbn_M,8zbn_G,1017.11 Å²,81,4.0,,https://bioinformatics.lt/ppi3d/site/interaction_details/single_sequence/rIiStfbc/1/null/13966574/2421748/89119429/2531129
4197,8zbn,Mouse MYH6 R404Q left ventricle ATM complex,2025-01-29,3.0 Å,8zbn_M,8zbn_H,167.24 Å²,14,,,https://bioinformatics.lt/ppi3d/site/interaction_details/single_sequence/rIiStfbc/1/null/13966574/2421752/89119430/2531131
42,8c4e,F-actin decorated by SipA426-685,2024-01-17,2.6 Å,8c4e_F,8c4e_L,1143.04 Å²,110,6.0,3.0,https://bioinformatics.lt/ppi3d/site/interaction_details/single_sequence/rIiStfbc/1/null/13966081/2144673/75903860/2262587
420,6vau,Bare actin filament from a partially cofilin-decorated sample,2020-01-01,3.5 Å,6vau_C,6vau_A,1152.90 Å²,99,3.0,4.0,https://bioinformatics.lt/ppi3d/site/interaction_details/single_sequence/rIiStfbc/1/null/13966353/1281057/46035785/1376554
4200,8p94,Cryo-EM structure of cortactin stabilized Arp2/3-complex nucleated actin branches,2024-01-03,3.3 Å,8p94_W,8p94_U,332.47 Å²,28,,,https://bioinformatics.lt/ppi3d/site/interaction_details/single_sequence/rIiStfbc/1/null/13965295/2140076/75823463/2258752
4201,8p94,Cryo-EM structure of cortactin stabilized Arp2/3-complex nucleated actin branches,2024-01-03,3.3 Å,8p94_W,8p94_V,999.15 Å²,74,6.0,1.0,https://bioinformatics.lt/ppi3d/site/interaction_details/single_sequence/rIiStfbc/1/null/13965295/2140078/75823474/2258753
4203,8efh,Helical reconstruction of the human cardiac actin-tropomyosin-myosin complex in complex with ADP-Mg2+,2023-01-11,3.3 Å,8efh_E,8efh_C,378.39 Å²,34,2.0,1.0,https://bioinformatics.lt/ppi3d/site/interaction_details/single_sequence/rIiStfbc/1/null/13965551/1860825/68750601/2026433
4204,8efh,Helical reconstruction of the human cardiac actin-tropomyosin-myosin complex in complex with ADP-Mg2+,2023-01-11,3.3 Å,8efh_C,8efh_P,148.75 Å²,17,,,https://bioinformatics.lt/ppi3d/site/interaction_details/single_sequence/rIiStfbc/1/null/13965551/1860829/68750603/2026435
4206,6fhl,Cryo-EM structure of F-actin in complex with ADP-Pi,2018-06-13,3.3 Å,6fhl_A,6fhl_B,444.09 Å²,40,2.0,1.0,https://bioinformatics.lt/ppi3d/site/interaction_details/single_sequence/rIiStfbc/1/null/13965807/895660/28589149/1019641
4207,6fhl,Cryo-EM structure of F-actin in complex with ADP-Pi,2018-06-13,3.3 Å,6fhl_B,6fhl_D,1214.47 Å²,109,11.0,4.0,https://bioinformatics.lt/ppi3d/site/interaction_details/single_sequence/rIiStfbc/1/null/13965807/895665/28589151/1019644
4208,8uxx,"Arp2/3 branch junction complex, BeFx state",2024-01-31,3.2 Å,8uxx_R,8uxx_D,599.21 Å²,61,7.0,2.0,https://bioinformatics.lt/ppi3d/site/interaction_details/single_sequence/rIiStfbc/1/null/13966063/2156782/75984168/2269790
421,6vau,Bare actin filament from a partially cofilin-decorated sample,2020-01-01,3.5 Å,6vau_B,6vau_A,440.36 Å²,38,3.0,1.0,https://bioinformatics.lt/ppi3d/site/interaction_details/single_sequence/rIiStfbc/1/null/13966353/1281055/46035786/1376553
4213,6vec,Cryo-EM structure of F-actin/Plastin2-ABD2 complex,2020-12-09,3.9 Å,6vec_G,6vec_E,415.64 Å²,37,2.0,,https://bioinformatics.lt/ppi3d/site/interaction_details/single_sequence/rIiStfbc/1/null/13966319/1441343/47816667/1489534
4214,6vec,Cryo-EM structure of F-actin/Plastin2-ABD2 complex,2020-12-09,3.9 Å,6vec_I,6vec_E,1138.37 Å²,98,8.0,4.0,https://bioinformatics.lt/ppi3d/site/interaction_details/single_sequence/rIiStfbc/1/null/13966319/1441345/47816669/1489535
4215,6vec,Cryo-EM structure of F-actin/Plastin2-ABD2 complex,2020-12-09,3.9 Å,6vec_E,6vec_e,786.63 Å²,73,3.0,1.0,https://bioinformatics.lt/ppi3d/site/interaction_details/single_sequence/rIiStfbc/1/null/13966319/1441347/47816676/1489536
4216,6vec,Cryo-EM structure of F-actin/Plastin2-ABD2 complex,2020-12-09,3.9 Å,6vec_E,6vec_i,377.22 Å²,33,1.0,,https://bioinformatics.lt/ppi3d/site/interaction_details/single_sequence/rIiStfbc/1/null/13966319/1441349/47816680/1489537
4218,8zbn,Mouse MYH6 R404Q left ventricle ATM complex,2025-01-29,3.0 Å,8zbn_K,8zbn_M,398.53 Å²,32,3.0,1.0,https://bioinformatics.lt/ppi3d/site/interaction_details/single_sequence/rIiStfbc/1/null/13966575/2421763/89119411/2531137
4219,8zbn,Mouse MYH6 R404Q left ventricle ATM complex,2025-01-29,3.0 Å,8zbn_K,8zbn_U,191.96 Å²,18,,,https://bioinformatics.lt/ppi3d/site/interaction_details/single_sequence/rIiStfbc/1/null/13966575/2421765/89119415/2531138
422,8vaa,Actin-binding domain of Legionella pneumophila effector LFAT1 (lpg1387) bound to F-actin,2024-12-18,3.6 Å,8vaa_B,8vaa_A,376.39 Å²,30,,1.0,https://bioinformatics.lt/ppi3d/site/interaction_details/single_sequence/rIiStfbc/1/null/13966609/2401955/85961565/2487730
4220,8zbn,Mouse MYH6 R404Q left ventricle ATM complex,2025-01-29,3.0 Å,8zbn_K,8zbn_A,162.79 Å²,12,,,https://bioinformatics.lt/ppi3d/site/interaction_details/single_sequence/rIiStfbc/1/null/13966575/2421718/89119416/2531114
4221,8zbn,Mouse MYH6 R404Q left ventricle ATM complex,2025-01-29,3.0 Å,8zbn_K,8zbn_F,1029.44 Å²,80,6.0,,https://bioinformatics.lt/ppi3d/site/interaction_details/single_sequence/rIiStfbc/1/null/13966575/2421746/89119418/2531128
4222,8p94,Cryo-EM structure of cortactin stabilized Arp2/3-complex nucleated actin branches,2024-01-03,3.3 Å,8p94_S,8p94_D,570.21 Å²,47,2.0,,https://bioinformatics.lt/ppi3d/site/interaction_details/single_sequence/rIiStfbc/1/null/13965296/2140026/75823201/2258727
4225,8efh,Helical reconstruction of the human cardiac actin-tropomyosin-myosin complex in complex with ADP-Mg2+,2023-01-11,3.3 Å,8efh_B,8efh_A,145.00 Å²,11,1.0,,https://bioinformatics.lt/ppi3d/site/interaction_details/single_sequence/rIiStfbc/1/null/13965552/1860816/68750583/2026428
4227,8efh,Helical reconstruction of the human cardiac actin-tropomyosin-myosin complex in complex with ADP-Mg2+,2023-01-11,3.3 Å,8efh_B,8efh_D,377.65 Å²,30,4.0,2.0,https://bioinformatics.lt/ppi3d/site/interaction_details/single_sequence/rIiStfbc/1/null/13965552/1860819/68750596/2026430
4228,8efh,Helical reconstruction of the human cardiac actin-tropomyosin-myosin complex in complex with ADP-Mg2+,2023-01-11,3.3 Å,8efh_B,8efh_P,216.20 Å²,24,,1.0,https://bioinformatics.lt/ppi3d/site/interaction_details/single_sequence/rIiStfbc/1/null/13965552/1860823/68750599/2026432
4229,6fhl,Cryo-EM structure of F-actin in complex with ADP-Pi,2018-06-13,3.3 Å,6fhl_B,6fhl_C,444.12 Å²,40,2.0,1.0,https://bioinformatics.lt/ppi3d/site/interaction_details/single_sequence/rIiStfbc/1/null/13965808/895664/28589145/1019643
423,8vaa,Actin-binding domain of Legionella pneumophila effector LFAT1 (lpg1387) bound to F-actin,2024-12-18,3.6 Å,8vaa_C,8vaa_A,1072.53 Å²,89,1.0,3.0,https://bioinformatics.lt/ppi3d/site/interaction_details/single_sequence/rIiStfbc/1/null/13966609/2401957/85961566/2487731
4230,6fhl,Cryo-EM structure of F-actin in complex with ADP-Pi,2018-06-13,3.3 Å,6fhl_A,6fhl_C,1214.47 Å²,109,11.0,4.0,https://bioinformatics.lt/ppi3d/site/interaction_details/single_sequence/rIiStfbc/1/null/13965808/895662/28589146/1019642
4231,6fhl,Cryo-EM structure of F-actin in complex with ADP-Pi,2018-06-13,3.3 Å,6fhl_C,6fhl_E,1214.43 Å²,109,11.0,4.0,https://bioinformatics.lt/ppi3d/site/interaction_details/single_sequence/rIiStfbc/1/null/13965808/895669/28589147/1019646
4232,6fhl,Cryo-EM structure of F-actin in complex with ADP-Pi,2018-06-13,3.3 Å,6fhl_C,6fhl_D,444.10 Å²,40,2.0,1.0,https://bioinformatics.lt/ppi3d/site/interaction_details/single_sequence/rIiStfbc/1/null/13965808/895667/28589148/1019645
4233,8uxx,"Arp2/3 branch junction complex, BeFx state",2024-01-31,3.2 Å,8uxx_Q,8uxx_C,131.62 Å²,11,,,https://bioinformatics.lt/ppi3d/site/interaction_details/single_sequence/rIiStfbc/1/null/13966064/2156774/75984156/2269786
4234,8uxx,"Arp2/3 branch junction complex, BeFx state",2024-01-31,3.2 Å,8uxx_Q,8uxx_D,302.34 Å²,29,3.0,4.0,https://bioinformatics.lt/ppi3d/site/interaction_details/single_sequence/rIiStfbc/1/null/13966064/2156780/75984167/2269789
4235,8uxx,"Arp2/3 branch junction complex, BeFx state",2024-01-31,3.2 Å,8uxx_Q,8uxx_F,779.15 Å²,69,10.0,4.0,https://bioinformatics.lt/ppi3d/site/interaction_details/single_sequence/rIiStfbc/1/null/13966064/2156790/75984186/2269794
4238,8uxx,"Arp2/3 branch junction complex, BeFx state",2024-01-31,3.2 Å,8uxx_R,8uxx_Q,459.82 Å²,40,5.0,2.0,https://bioinformatics.lt/ppi3d/site/interaction_details/single_sequence/rIiStfbc/1/null/13966064/2156809/75984223/2269804
4241,6vec,Cryo-EM structure of F-actin/Plastin2-ABD2 complex,2020-12-09,3.9 Å,6vec_D,6vec_F,419.90 Å²,37,2.0,,https://bioinformatics.lt/ppi3d/site/interaction_details/single_sequence/rIiStfbc/1/null/13966320/1441335/47816649/1489530
4242,6vec,Cryo-EM structure of F-actin/Plastin2-ABD2 complex,2020-12-09,3.9 Å,6vec_D,6vec_H,1097.48 Å²,90,5.0,4.0,https://bioinformatics.lt/ppi3d/site/interaction_details/single_sequence/rIiStfbc/1/null/13966320/1441337/47816651/1489531
4243,6vec,Cryo-EM structure of F-actin/Plastin2-ABD2 complex,2020-12-09,3.9 Å,6vec_D,6vec_a,401.56 Å²,32,1.0,,https://bioinformatics.lt/ppi3d/site/interaction_details/single_sequence/rIiStfbc/1/null/13966320/1441339/47816655/1489532
4244,6vec,Cryo-EM structure of F-actin/Plastin2-ABD2 complex,2020-12-09,3.9 Å,6vec_D,6vec_d,803.50 Å²,79,3.0,1.0,https://bioinformatics.lt/ppi3d/site/interaction_details/single_sequence/rIiStfbc/1/null/13966320/1441341/47816658/1489533
4247,8zbn,Mouse MYH6 R404Q left ventricle ATM complex,2025-01-29,3.0 Å,8zbn_D,8zbn_T,284.16 Å²,26,,,https://bioinformatics.lt/ppi3d/site/interaction_details/single_sequence/rIiStfbc/1/null/13966576/2421743/89119402/2531127
4248,8zbn,Mouse MYH6 R404Q left ventricle ATM complex,2025-01-29,3.0 Å,8zbn_D,8zbn_L,1032.91 Å²,82,6.0,,https://bioinformatics.lt/ppi3d/site/interaction_details/single_sequence/rIiStfbc/1/null/13966576/2421741/89119410/2531126
4249,8p94,Cryo-EM structure of cortactin stabilized Arp2/3-complex nucleated actin branches,2024-01-03,3.3 Å,8p94_R,8p94_A,251.81 Å²,21,,,https://bioinformatics.lt/ppi3d/site/interaction_details/single_sequence/rIiStfbc/1/null/13965297/2139992/75823119/2258710
4250,8p94,Cryo-EM structure of cortactin stabilized Arp2/3-complex nucleated actin branches,2024-01-03,3.3 Å,8p94_R,8p94_C,135.16 Å²,9,,,https://bioinformatics.lt/ppi3d/site/interaction_details/single_sequence/rIiStfbc/1/null/13965297/2140016/75823174/2258722
4251,8p94,Cryo-EM structure of cortactin stabilized Arp2/3-complex nucleated actin branches,2024-01-03,3.3 Å,8p94_R,8p94_D,293.53 Å²,26,1.0,3.0,https://bioinformatics.lt/ppi3d/site/interaction_details/single_sequence/rIiStfbc/1/null/13965297/2140024/75823200/2258726
4252,8p94,Cryo-EM structure of cortactin stabilized Arp2/3-complex nucleated actin branches,2024-01-03,3.3 Å,8p94_R,8p94_F,737.10 Å²,61,8.0,5.0,https://bioinformatics.lt/ppi3d/site/interaction_details/single_sequence/rIiStfbc/1/null/13965297/2140034/75823249/2258731
4255,8p94,Cryo-EM structure of cortactin stabilized Arp2/3-complex nucleated actin branches,2024-01-03,3.3 Å,8p94_S,8p94_R,412.34 Å²,35,2.0,,https://bioinformatics.lt/ppi3d/site/interaction_details/single_sequence/rIiStfbc/1/null/13965297/2140071/75823435/2258750
4256,8efh,Helical reconstruction of the human cardiac actin-tropomyosin-myosin complex in complex with ADP-Mg2+,2023-01-11,3.3 Å,8efh_F,8efh_A,993.52 Å²,89,4.0,2.0,https://bioinformatics.lt/ppi3d/site/interaction_details/single_sequence/rIiStfbc/1/null/13965553/1860818/68750582/2026429
4257,8efh,Helical reconstruction of the human cardiac actin-tropomyosin-myosin complex in complex with ADP-Mg2+,2023-01-11,3.3 Å,8efh_B,8efh_F,1129.49 Å²,95,7.0,3.0,https://bioinformatics.lt/ppi3d/site/interaction_details/single_sequence/rIiStfbc/1/null/13965553/1860822/68750589/2026431
4258,8efh,Helical reconstruction of the human cardiac actin-tropomyosin-myosin complex in complex with ADP-Mg2+,2023-01-11,3.3 Å,8efh_F,8efh_C,1125.93 Å²,92,4.0,3.0,https://bioinformatics.lt/ppi3d/site/interaction_details/single_sequence/rIiStfbc/1/null/13965553/1860828/68750590/2026434
4259,8efh,Helical reconstruction of the human cardiac actin-tropomyosin-myosin complex in complex with ADP-Mg2+,2023-01-11,3.3 Å,8efh_D,8efh_F,377.90 Å²,32,2.0,1.0,https://bioinformatics.lt/ppi3d/site/interaction_details/single_sequence/rIiStfbc/1/null/13965553/1860834/68750591/2026437
426,8iah,"Structure of mammalian spectrin-actin junctional complex of membrane skeleton, State I, Global map",2023-05-03,3.6 Å,8iah_C,8iah_B,413.25 Å²,33,3.0,1.0,https://bioinformatics.lt/ppi3d/site/interaction_details/single_sequence/rIiStfbc/1/null/13965330/1987661/72501906/2132062
4260,8efh,Helical reconstruction of the human cardiac actin-tropomyosin-myosin complex in complex with ADP-Mg2+,2023-01-11,3.3 Å,8efh_F,8efh_E,389.65 Å²,33,2.0,1.0,https://bioinformatics.lt/ppi3d/site/interaction_details/single_sequence/rIiStfbc/1/null/13965553/1860836/68750592/2026438
4261,8efh,Helical reconstruction of the human cardiac actin-tropomyosin-myosin complex in complex with ADP-Mg2+,2023-01-11,3.3 Å,8efh_F,8efh_O,282.11 Å²,20,,2.0,https://bioinformatics.lt/ppi3d/site/interaction_details/single_sequence/rIiStfbc/1/null/13965553/1860837/68750593/2026439
4262,5yu8,Cofilin decorated actin filament,2018-05-23,3.8 Å,5yu8_A,5yu8_H,741.08 Å²,61,11.0,4.0,https://bioinformatics.lt/ppi3d/site/interaction_details/single_sequence/rIiStfbc/1/null/13965809/892395/28578268/1017834
4265,8uxx,"Arp2/3 branch junction complex, BeFx state",2024-01-31,3.2 Å,8uxx_P,8uxx_A,202.62 Å²,20,,,https://bioinformatics.lt/ppi3d/site/interaction_details/single_sequence/rIiStfbc/1/null/13966065/2156750/75984130/2269774
4268,8uxx,"Arp2/3 branch junction complex, BeFx state",2024-01-31,3.2 Å,8uxx_Q,8uxx_P,437.74 Å²,43,2.0,2.0,https://bioinformatics.lt/ppi3d/site/interaction_details/single_sequence/rIiStfbc/1/null/13966065/2156805/75984221/2269802
4269,8uxx,"Arp2/3 branch junction complex, BeFx state",2024-01-31,3.2 Å,8uxx_R,8uxx_P,1201.50 Å²,98,9.0,5.0,https://bioinformatics.lt/ppi3d/site/interaction_details/single_sequence/rIiStfbc/1/null/13966065/2156807/75984222/2269803
427,8iah,"Structure of mammalian spectrin-actin junctional complex of membrane skeleton, State I, Global map",2023-05-03,3.6 Å,8iah_D,8iah_B,1115.78 Å²,92,4.0,4.0,https://bioinformatics.lt/ppi3d/site/interaction_details/single_sequence/rIiStfbc/1/null/13965330/1987663/72501907/2132063
4272,6vec,Cryo-EM structure of F-actin/Plastin2-ABD2 complex,2020-12-09,3.9 Å,6vec_E,6vec_C,415.64 Å²,37,2.0,1.0,https://bioinformatics.lt/ppi3d/site/interaction_details/single_sequence/rIiStfbc/1/null/13966321/1441327/47816630/1489526
4273,6vec,Cryo-EM structure of F-actin/Plastin2-ABD2 complex,2020-12-09,3.9 Å,6vec_G,6vec_C,1122.10 Å²,94,7.0,4.0,https://bioinformatics.lt/ppi3d/site/interaction_details/single_sequence/rIiStfbc/1/null/13966321/1441329/47816632/1489527
4274,6vec,Cryo-EM structure of F-actin/Plastin2-ABD2 complex,2020-12-09,3.9 Å,6vec_C,6vec_c,823.30 Å²,79,3.0,2.0,https://bioinformatics.lt/ppi3d/site/interaction_details/single_sequence/rIiStfbc/1/null/13966321/1441331/47816639/1489528
4275,6vec,Cryo-EM structure of F-actin/Plastin2-ABD2 complex,2020-12-09,3.9 Å,6vec_C,6vec_g,376.48 Å²,34,1.0,,https://bioinformatics.lt/ppi3d/site/interaction_details/single_sequence/rIiStfbc/1/null/13966321/1441333/47816643/1489529
4278,8zbn,Mouse MYH6 R404Q left ventricle ATM complex,2025-01-29,3.0 Å,8zbn_J,8zbn_D,392.30 Å²,34,3.0,1.0,https://bioinformatics.lt/ppi3d/site/interaction_details/single_sequence/rIiStfbc/1/null/13966577/2421740/89119386/2531125
4279,8zbn,Mouse MYH6 R404Q left ventricle ATM complex,2025-01-29,3.0 Å,8zbn_J,8zbn_U,314.39 Å²,30,,,https://bioinformatics.lt/ppi3d/site/interaction_details/single_sequence/rIiStfbc/1/null/13966577/2421761/89119392/2531136
428,8iah,"Structure of mammalian spectrin-actin junctional complex of membrane skeleton, State I, Global map",2023-05-03,3.6 Å,8iah_B,8iah_N,378.65 Å²,32,2.0,,https://bioinformatics.lt/ppi3d/site/interaction_details/single_sequence/rIiStfbc/1/null/13965330/1987665/72501917/2132064
4280,8zbn,Mouse MYH6 R404Q left ventricle ATM complex,2025-01-29,3.0 Å,8zbn_J,8zbn_C,1032.11 Å²,82,6.0,,https://bioinformatics.lt/ppi3d/site/interaction_details/single_sequence/rIiStfbc/1/null/13966577/2421734/89119394/2531122
4281,8p94,Cryo-EM structure of cortactin stabilized Arp2/3-complex nucleated actin branches,2024-01-03,3.3 Å,8p94_Q,8p94_A,221.24 Å²,17,,1.0,https://bioinformatics.lt/ppi3d/site/interaction_details/single_sequence/rIiStfbc/1/null/13965298/2139990/75823118/2258709
4284,8p94,Cryo-EM structure of cortactin stabilized Arp2/3-complex nucleated actin branches,2024-01-03,3.3 Å,8p94_R,8p94_Q,396.92 Å²,32,2.0,,https://bioinformatics.lt/ppi3d/site/interaction_details/single_sequence/rIiStfbc/1/null/13965298/2140067/75823420/2258748
4285,8p94,Cryo-EM structure of cortactin stabilized Arp2/3-complex nucleated actin branches,2024-01-03,3.3 Å,8p94_S,8p94_Q,1172.95 Å²,94,3.0,3.0,https://bioinformatics.lt/ppi3d/site/interaction_details/single_sequence/rIiStfbc/1/null/13965298/2140069/75823421/2258749
4288,8dd0,The structure of the native cardiac thin filament junction region,2022-12-28,3.5 Å,8dd0_F,8dd0_L,179.10 Å²,14,1.0,1.0,https://bioinformatics.lt/ppi3d/site/interaction_details/single_sequence/rIiStfbc/1/null/13965554/1855031/68724287/2022889
4289,5yu8,Cofilin decorated actin filament,2018-05-23,3.8 Å,5yu8_C,5yu8_J,749.99 Å²,62,11.0,4.0,https://bioinformatics.lt/ppi3d/site/interaction_details/single_sequence/rIiStfbc/1/null/13965810/892409/28578261/1017841
429,8iah,"Structure of mammalian spectrin-actin junctional complex of membrane skeleton, State I, Global map",2023-05-03,3.6 Å,8iah_B,8iah_Y,2291.24 Å²,209,13.0,6.0,https://bioinformatics.lt/ppi3d/site/interaction_details/single_sequence/rIiStfbc/1/null/13965330/1987667/72501928/2132065
4290,5yu8,Cofilin decorated actin filament,2018-05-23,3.8 Å,5yu8_C,5yu8_H,1012.87 Å²,88,7.0,5.0,https://bioinformatics.lt/ppi3d/site/interaction_details/single_sequence/rIiStfbc/1/null/13965810/892407/28578267/1017840
4294,5yu8,Cofilin decorated actin filament,2018-05-23,3.8 Å,5yu8_C,5yu8_A,423.25 Å²,39,4.0,3.0,https://bioinformatics.lt/ppi3d/site/interaction_details/single_sequence/rIiStfbc/1/null/13965810/892394/28578283/1017833
4295,8uxx,"Arp2/3 branch junction complex, BeFx state",2024-01-31,3.2 Å,8uxx_O,8uxx_A,451.06 Å²,34,6.0,4.0,https://bioinformatics.lt/ppi3d/site/interaction_details/single_sequence/rIiStfbc/1/null/13966066/2156748/75984129/2269773
4296,8uxx,"Arp2/3 branch junction complex, BeFx state",2024-01-31,3.2 Å,8uxx_O,8uxx_C,498.91 Å²,40,3.0,,https://bioinformatics.lt/ppi3d/site/interaction_details/single_sequence/rIiStfbc/1/null/13966066/2156772/75984154/2269785
4297,8uxx,"Arp2/3 branch junction complex, BeFx state",2024-01-31,3.2 Å,8uxx_O,8uxx_D,301.16 Å²,31,2.0,,https://bioinformatics.lt/ppi3d/site/interaction_details/single_sequence/rIiStfbc/1/null/13966066/2156778/75984165/2269788
4298,8uxx,"Arp2/3 branch junction complex, BeFx state",2024-01-31,3.2 Å,8uxx_O,8uxx_E,117.68 Å²,11,1.0,1.0,https://bioinformatics.lt/ppi3d/site/interaction_details/single_sequence/rIiStfbc/1/null/13966066/2156786/75984175/2269792
4301,8uxx,"Arp2/3 branch junction complex, BeFx state",2024-01-31,3.2 Å,8uxx_P,8uxx_O,455.84 Å²,41,6.0,,https://bioinformatics.lt/ppi3d/site/interaction_details/single_sequence/rIiStfbc/1/null/13966066/2156801/75984218/2269800
4302,8uxx,"Arp2/3 branch junction complex, BeFx state",2024-01-31,3.2 Å,8uxx_Q,8uxx_O,1147.36 Å²,95,9.0,4.0,https://bioinformatics.lt/ppi3d/site/interaction_details/single_sequence/rIiStfbc/1/null/13966066/2156803/75984219/2269801
4304,6vec,Cryo-EM structure of F-actin/Plastin2-ABD2 complex,2020-12-09,3.9 Å,6vec_C,6vec_B,1124.56 Å²,93,7.0,4.0,https://bioinformatics.lt/ppi3d/site/interaction_details/single_sequence/rIiStfbc/1/null/13966322/1441317/47816609/1489521
4305,6vec,Cryo-EM structure of F-actin/Plastin2-ABD2 complex,2020-12-09,3.9 Å,6vec_B,6vec_D,411.68 Å²,37,2.0,,https://bioinformatics.lt/ppi3d/site/interaction_details/single_sequence/rIiStfbc/1/null/13966322/1441319/47816610/1489522
4306,6vec,Cryo-EM structure of F-actin/Plastin2-ABD2 complex,2020-12-09,3.9 Å,6vec_B,6vec_F,1113.79 Å²,92,6.0,4.0,https://bioinformatics.lt/ppi3d/site/interaction_details/single_sequence/rIiStfbc/1/null/13966322/1441321/47816612/1489523
4307,6vec,Cryo-EM structure of F-actin/Plastin2-ABD2 complex,2020-12-09,3.9 Å,6vec_B,6vec_b,790.78 Å²,79,1.0,1.0,https://bioinformatics.lt/ppi3d/site/interaction_details/single_sequence/rIiStfbc/1/null/13966322/1441323/47816619/1489524
4308,6vec,Cryo-EM structure of F-actin/Plastin2-ABD2 complex,2020-12-09,3.9 Å,6vec_B,6vec_c,380.17 Å²,33,,,https://bioinformatics.lt/ppi3d/site/interaction_details/single_sequence/rIiStfbc/1/null/13966322/1441325/47816620/1489525
4310,8zbn,Mouse MYH6 R404Q left ventricle ATM complex,2025-01-29,3.0 Å,8zbn_I,8zbn_J,392.80 Å²,34,3.0,1.0,https://bioinformatics.lt/ppi3d/site/interaction_details/single_sequence/rIiStfbc/1/null/13966578/2421753/89119372/2531132
4311,8zbn,Mouse MYH6 R404Q left ventricle ATM complex,2025-01-29,3.0 Å,8zbn_I,8zbn_D,1095.20 Å²,90,5.0,4.0,https://bioinformatics.lt/ppi3d/site/interaction_details/single_sequence/rIiStfbc/1/null/13966578/2421738/89119373/2531124
4312,8zbn,Mouse MYH6 R404Q left ventricle ATM complex,2025-01-29,3.0 Å,8zbn_M,8zbn_I,1119.45 Å²,91,5.0,4.0,https://bioinformatics.lt/ppi3d/site/interaction_details/single_sequence/rIiStfbc/1/null/13966578/2421757/89119375/2531134
4313,8zbn,Mouse MYH6 R404Q left ventricle ATM complex,2025-01-29,3.0 Å,8zbn_I,8zbn_R,213.79 Å²,18,,1.0,https://bioinformatics.lt/ppi3d/site/interaction_details/single_sequence/rIiStfbc/1/null/13966578/2421759/89119376/2531135
4314,8zbn,Mouse MYH6 R404Q left ventricle ATM complex,2025-01-29,3.0 Å,8zbn_I,8zbn_H,1031.26 Å²,81,6.0,,https://bioinformatics.lt/ppi3d/site/interaction_details/single_sequence/rIiStfbc/1/null/13966578/2421750/89119384/2531130
4315,8zbn,Mouse MYH6 R404Q left ventricle ATM complex,2025-01-29,3.0 Å,8zbn_I,8zbn_L,170.70 Å²,13,,,https://bioinformatics.lt/ppi3d/site/interaction_details/single_sequence/rIiStfbc/1/null/13966578/2421755/89119385/2531133
4316,8p94,Cryo-EM structure of cortactin stabilized Arp2/3-complex nucleated actin branches,2024-01-03,3.3 Å,8p94_P,8p94_A,836.94 Å²,72,3.0,3.0,https://bioinformatics.lt/ppi3d/site/interaction_details/single_sequence/rIiStfbc/1/null/13965299/2139988/75823117/2258708
4317,8p94,Cryo-EM structure of cortactin stabilized Arp2/3-complex nucleated actin branches,2024-01-03,3.3 Å,8p94_P,8p94_C,404.29 Å²,30,3.0,,https://bioinformatics.lt/ppi3d/site/interaction_details/single_sequence/rIiStfbc/1/null/13965299/2140014/75823172/2258721
4318,8p94,Cryo-EM structure of cortactin stabilized Arp2/3-complex nucleated actin branches,2024-01-03,3.3 Å,8p94_P,8p94_D,504.57 Å²,47,2.0,,https://bioinformatics.lt/ppi3d/site/interaction_details/single_sequence/rIiStfbc/1/null/13965299/2140022/75823198/2258725
4319,8p94,Cryo-EM structure of cortactin stabilized Arp2/3-complex nucleated actin branches,2024-01-03,3.3 Å,8p94_P,8p94_E,145.96 Å²,11,,,https://bioinformatics.lt/ppi3d/site/interaction_details/single_sequence/rIiStfbc/1/null/13965299/2140030/75823223/2258729
432,9gob,Structure of the F-tractin-F-actin complex,2025-01-22,3.2 Å,9gob_E,9gob_F,227.23 Å²,15,,,https://bioinformatics.lt/ppi3d/site/interaction_details/single_sequence/rIiStfbc/1/null/13965586/2415167/87255190/2507408
4322,8p94,Cryo-EM structure of cortactin stabilized Arp2/3-complex nucleated actin branches,2024-01-03,3.3 Å,8p94_Q,8p94_P,404.72 Å²,35,5.0,,https://bioinformatics.lt/ppi3d/site/interaction_details/single_sequence/rIiStfbc/1/null/13965299/2140063/75823404/2258746
4323,8p94,Cryo-EM structure of cortactin stabilized Arp2/3-complex nucleated actin branches,2024-01-03,3.3 Å,8p94_R,8p94_P,1137.68 Å²,100,5.0,4.0,https://bioinformatics.lt/ppi3d/site/interaction_details/single_sequence/rIiStfbc/1/null/13965299/2140065/75823405/2258747
4326,8dd0,The structure of the native cardiac thin filament junction region,2022-12-28,3.5 Å,8dd0_E,8dd0_F,397.33 Å²,35,3.0,1.0,https://bioinformatics.lt/ppi3d/site/interaction_details/single_sequence/rIiStfbc/1/null/13965555/1855027/68724271/2022887
4327,8dd0,The structure of the native cardiac thin filament junction region,2022-12-28,3.5 Å,8dd0_E,8dd0_G,170.89 Å²,15,1.0,1.0,https://bioinformatics.lt/ppi3d/site/interaction_details/single_sequence/rIiStfbc/1/null/13965555/1855029/68724272/2022888
4328,5yu8,Cofilin decorated actin filament,2018-05-23,3.8 Å,5yu8_B,5yu8_I,745.56 Å²,62,11.0,4.0,https://bioinformatics.lt/ppi3d/site/interaction_details/single_sequence/rIiStfbc/1/null/13965811/892401/28578271/1017837
433,9gob,Structure of the F-tractin-F-actin complex,2025-01-22,3.2 Å,9gob_E,9gob_D,448.77 Å²,44,3.0,1.0,https://bioinformatics.lt/ppi3d/site/interaction_details/single_sequence/rIiStfbc/1/null/13965586/2415166/87255197/2507407
4330,5yu8,Cofilin decorated actin filament,2018-05-23,3.8 Å,5yu8_B,5yu8_C,379.77 Å²,31,1.0,,https://bioinformatics.lt/ppi3d/site/interaction_details/single_sequence/rIiStfbc/1/null/13965811/892397/28578281/1017835
4331,5yu8,Cofilin decorated actin filament,2018-05-23,3.8 Å,5yu8_A,5yu8_B,379.77 Å²,31,1.0,,https://bioinformatics.lt/ppi3d/site/interaction_details/single_sequence/rIiStfbc/1/null/13965811/892392/28578282/1017832
4333,8uxx,"Arp2/3 branch junction complex, BeFx state",2024-01-31,3.2 Å,8uxx_O,8uxx_N,479.48 Å²,44,4.0,1.0,https://bioinformatics.lt/ppi3d/site/interaction_details/single_sequence/rIiStfbc/1/null/13966067/2156797/75984214/2269798
4334,8uxx,"Arp2/3 branch junction complex, BeFx state",2024-01-31,3.2 Å,8uxx_P,8uxx_N,1215.97 Å²,100,10.0,4.0,https://bioinformatics.lt/ppi3d/site/interaction_details/single_sequence/rIiStfbc/1/null/13966067/2156799/75984215/2269799
4335,6vec,Cryo-EM structure of F-actin/Plastin2-ABD2 complex,2020-12-09,3.9 Å,6vec_A,6vec_B,428.49 Å²,38,3.0,,https://bioinformatics.lt/ppi3d/site/interaction_details/single_sequence/rIiStfbc/1/null/13966323/1441305/47816588/1489515
4336,6vec,Cryo-EM structure of F-actin/Plastin2-ABD2 complex,2020-12-09,3.9 Å,6vec_C,6vec_A,414.67 Å²,36,1.0,,https://bioinformatics.lt/ppi3d/site/interaction_details/single_sequence/rIiStfbc/1/null/13966323/1441307/47816589/1489516
4337,6vec,Cryo-EM structure of F-actin/Plastin2-ABD2 complex,2020-12-09,3.9 Å,6vec_A,6vec_D,1097.43 Å²,91,6.0,4.0,https://bioinformatics.lt/ppi3d/site/interaction_details/single_sequence/rIiStfbc/1/null/13966323/1441309/47816590/1489517
4338,6vec,Cryo-EM structure of F-actin/Plastin2-ABD2 complex,2020-12-09,3.9 Å,6vec_E,6vec_A,1100.93 Å²,90,6.0,4.0,https://bioinformatics.lt/ppi3d/site/interaction_details/single_sequence/rIiStfbc/1/null/13966323/1441311/47816591/1489518
4339,6vec,Cryo-EM structure of F-actin/Plastin2-ABD2 complex,2020-12-09,3.9 Å,6vec_A,6vec_a,789.38 Å²,74,3.0,1.0,https://bioinformatics.lt/ppi3d/site/interaction_details/single_sequence/rIiStfbc/1/null/13966323/1441313/47816598/1489519
4340,6vec,Cryo-EM structure of F-actin/Plastin2-ABD2 complex,2020-12-09,3.9 Å,6vec_A,6vec_e,379.03 Å²,33,1.0,,https://bioinformatics.lt/ppi3d/site/interaction_details/single_sequence/rIiStfbc/1/null/13966323/1441315/47816602/1489520
4341,8zbn,Mouse MYH6 R404Q left ventricle ATM complex,2025-01-29,3.0 Å,8zbn_B,8zbn_I,392.30 Å²,35,2.0,2.0,https://bioinformatics.lt/ppi3d/site/interaction_details/single_sequence/rIiStfbc/1/null/13966579/2421723/89119357/2531117
4342,8zbn,Mouse MYH6 R404Q left ventricle ATM complex,2025-01-29,3.0 Å,8zbn_B,8zbn_J,1115.34 Å²,90,4.0,4.0,https://bioinformatics.lt/ppi3d/site/interaction_details/single_sequence/rIiStfbc/1/null/13966579/2421725/89119358/2531118
4343,8zbn,Mouse MYH6 R404Q left ventricle ATM complex,2025-01-29,3.0 Å,8zbn_K,8zbn_B,1109.08 Å²,91,4.0,4.0,https://bioinformatics.lt/ppi3d/site/interaction_details/single_sequence/rIiStfbc/1/null/13966579/2421727/89119360/2531119
4344,8zbn,Mouse MYH6 R404Q left ventricle ATM complex,2025-01-29,3.0 Å,8zbn_M,8zbn_B,394.58 Å²,35,3.0,1.0,https://bioinformatics.lt/ppi3d/site/interaction_details/single_sequence/rIiStfbc/1/null/13966579/2421729/89119361/2531120
4345,8zbn,Mouse MYH6 R404Q left ventricle ATM complex,2025-01-29,3.0 Å,8zbn_B,8zbn_S,227.87 Å²,19,,1.0,https://bioinformatics.lt/ppi3d/site/interaction_details/single_sequence/rIiStfbc/1/null/13966579/2421731/89119364/2531121
4346,8zbn,Mouse MYH6 R404Q left ventricle ATM complex,2025-01-29,3.0 Å,8zbn_B,8zbn_A,1016.79 Å²,80,7.0,,https://bioinformatics.lt/ppi3d/site/interaction_details/single_sequence/rIiStfbc/1/null/13966579/2421716/89119366/2531113
4347,8zbn,Mouse MYH6 R404Q left ventricle ATM complex,2025-01-29,3.0 Å,8zbn_B,8zbn_C,170.42 Å²,14,,,https://bioinformatics.lt/ppi3d/site/interaction_details/single_sequence/rIiStfbc/1/null/13966579/2421721/89119367/2531116
4349,8p94,Cryo-EM structure of cortactin stabilized Arp2/3-complex nucleated actin branches,2024-01-03,3.3 Å,8p94_P,8p94_O,388.17 Å²,34,2.0,,https://bioinformatics.lt/ppi3d/site/interaction_details/single_sequence/rIiStfbc/1/null/13965300/2140059/75823387/2258744
4350,8p94,Cryo-EM structure of cortactin stabilized Arp2/3-complex nucleated actin branches,2024-01-03,3.3 Å,8p94_Q,8p94_O,1172.63 Å²,99,4.0,4.0,https://bioinformatics.lt/ppi3d/site/interaction_details/single_sequence/rIiStfbc/1/null/13965300/2140061/75823388/2258745
4353,8dd0,The structure of the native cardiac thin filament junction region,2022-12-28,3.5 Å,8dd0_D,8dd0_E,400.56 Å²,35,4.0,2.0,https://bioinformatics.lt/ppi3d/site/interaction_details/single_sequence/rIiStfbc/1/null/13965556/1855017/68724259/2022882
4354,8dd0,The structure of the native cardiac thin filament junction region,2022-12-28,3.5 Å,8dd0_D,8dd0_F,1132.37 Å²,96,4.0,2.0,https://bioinformatics.lt/ppi3d/site/interaction_details/single_sequence/rIiStfbc/1/null/13965556/1855019/68724260/2022883
4355,8dd0,The structure of the native cardiac thin filament junction region,2022-12-28,3.5 Å,8dd0_D,8dd0_L,129.91 Å²,13,1.0,1.0,https://bioinformatics.lt/ppi3d/site/interaction_details/single_sequence/rIiStfbc/1/null/13965556/1855021/68724266/2022884
4356,8dd0,The structure of the native cardiac thin filament junction region,2022-12-28,3.5 Å,8dd0_D,8dd0_O,111.09 Å²,7,1.0,2.0,https://bioinformatics.lt/ppi3d/site/interaction_details/single_sequence/rIiStfbc/1/null/13965556/1855023/68724269/2022885
4357,8dd0,The structure of the native cardiac thin filament junction region,2022-12-28,3.5 Å,8dd0_D,8dd0_P,652.26 Å²,53,,2.0,https://bioinformatics.lt/ppi3d/site/interaction_details/single_sequence/rIiStfbc/1/null/13965556/1855025/68724270/2022886
4358,5yu8,Cofilin decorated actin filament,2018-05-23,3.8 Å,5yu8_E,5yu8_J,1012.60 Å²,88,6.0,5.0,https://bioinformatics.lt/ppi3d/site/interaction_details/single_sequence/rIiStfbc/1/null/13965812/892415/28578259/1017844
4360,5yu8,Cofilin decorated actin filament,2018-05-23,3.8 Å,5yu8_E,5yu8_C,423.26 Å²,39,4.0,3.0,https://bioinformatics.lt/ppi3d/site/interaction_details/single_sequence/rIiStfbc/1/null/13965812/892406/28578279/1017839
4361,8uxx,"Arp2/3 branch junction complex, BeFx state",2024-01-31,3.2 Å,8uxx_M,8uxx_E,201.13 Å²,11,1.0,,https://bioinformatics.lt/ppi3d/site/interaction_details/single_sequence/rIiStfbc/1/null/13966068/2156784/75984173/2269791
4362,8uxx,"Arp2/3 branch junction complex, BeFx state",2024-01-31,3.2 Å,8uxx_N,8uxx_M,433.27 Å²,36,4.0,,https://bioinformatics.lt/ppi3d/site/interaction_details/single_sequence/rIiStfbc/1/null/13966068/2156793/75984209/2269796
4363,8uxx,"Arp2/3 branch junction complex, BeFx state",2024-01-31,3.2 Å,8uxx_O,8uxx_M,1242.27 Å²,103,12.0,4.0,https://bioinformatics.lt/ppi3d/site/interaction_details/single_sequence/rIiStfbc/1/null/13966068/2156795/75984210/2269797
4368,8p94,Cryo-EM structure of cortactin stabilized Arp2/3-complex nucleated actin branches,2024-01-03,3.3 Å,8p94_N,8p94_E,210.83 Å²,14,,,https://bioinformatics.lt/ppi3d/site/interaction_details/single_sequence/rIiStfbc/1/null/13965301/2140028/75823221/2258728
4369,8p94,Cryo-EM structure of cortactin stabilized Arp2/3-complex nucleated actin branches,2024-01-03,3.3 Å,8p94_O,8p94_N,413.84 Å²,35,3.0,1.0,https://bioinformatics.lt/ppi3d/site/interaction_details/single_sequence/rIiStfbc/1/null/13965301/2140055/75823369/2258742
4370,8p94,Cryo-EM structure of cortactin stabilized Arp2/3-complex nucleated actin branches,2024-01-03,3.3 Å,8p94_P,8p94_N,1179.95 Å²,96,6.0,4.0,https://bioinformatics.lt/ppi3d/site/interaction_details/single_sequence/rIiStfbc/1/null/13965301/2140057/75823370/2258743
4373,8dd0,The structure of the native cardiac thin filament junction region,2022-12-28,3.5 Å,8dd0_C,8dd0_D,396.58 Å²,35,3.0,1.0,https://bioinformatics.lt/ppi3d/site/interaction_details/single_sequence/rIiStfbc/1/null/13965557/1855007/68724246/2022877
4374,8dd0,The structure of the native cardiac thin filament junction region,2022-12-28,3.5 Å,8dd0_C,8dd0_E,1132.32 Å²,96,4.0,2.0,https://bioinformatics.lt/ppi3d/site/interaction_details/single_sequence/rIiStfbc/1/null/13965557/1855009/68724247/2022878
4375,8dd0,The structure of the native cardiac thin filament junction region,2022-12-28,3.5 Å,8dd0_C,8dd0_G,112.50 Å²,13,,,https://bioinformatics.lt/ppi3d/site/interaction_details/single_sequence/rIiStfbc/1/null/13965557/1855011/68724249/2022879
4376,8dd0,The structure of the native cardiac thin filament junction region,2022-12-28,3.5 Å,8dd0_C,8dd0_J,121.74 Å²,8,1.0,2.0,https://bioinformatics.lt/ppi3d/site/interaction_details/single_sequence/rIiStfbc/1/null/13965557/1855013/68724252/2022880
4377,8dd0,The structure of the native cardiac thin filament junction region,2022-12-28,3.5 Å,8dd0_C,8dd0_K,618.72 Å²,49,,1.0,https://bioinformatics.lt/ppi3d/site/interaction_details/single_sequence/rIiStfbc/1/null/13965557/1855015/68724253/2022881
4378,5yu8,Cofilin decorated actin filament,2018-05-23,3.8 Å,5yu8_D,5yu8_I,1016.35 Å²,89,6.0,5.0,https://bioinformatics.lt/ppi3d/site/interaction_details/single_sequence/rIiStfbc/1/null/13965813/892413/28578269/1017843
4379,5yu8,Cofilin decorated actin filament,2018-05-23,3.8 Å,5yu8_D,5yu8_E,379.77 Å²,31,1.0,,https://bioinformatics.lt/ppi3d/site/interaction_details/single_sequence/rIiStfbc/1/null/13965813/892411/28578274/1017842
438,8f8t,Cryo-EM structure of the Tropomodulin-capped pointed end of F-actin,2023-06-07,3.3 Å,8f8t_E,8f8t_D,423.19 Å²,35,4.0,,https://bioinformatics.lt/ppi3d/site/interaction_details/single_sequence/rIiStfbc/1/null/13966098/2005895/73121186/2147438
4380,5yu8,Cofilin decorated actin filament,2018-05-23,3.8 Å,5yu8_D,5yu8_B,423.26 Å²,39,4.0,3.0,https://bioinformatics.lt/ppi3d/site/interaction_details/single_sequence/rIiStfbc/1/null/13965813/892400/28578275/1017836
4381,5yu8,Cofilin decorated actin filament,2018-05-23,3.8 Å,5yu8_C,5yu8_D,379.77 Å²,31,1.0,,https://bioinformatics.lt/ppi3d/site/interaction_details/single_sequence/rIiStfbc/1/null/13965813/892404/28578276/1017838
4382,8uxx,"Arp2/3 branch junction complex, BeFx state",2024-01-31,3.2 Å,8uxx_I,8uxx_B,1163.16 Å²,98,11.0,5.0,https://bioinformatics.lt/ppi3d/site/interaction_details/single_sequence/rIiStfbc/1/null/13966069/2156764/75984139/2269781
4387,7ad9,Structure of the Lifeact-F-actin complex,2020-10-28,3.5 Å,7ad9_H,7ad9_I,1213.86 Å²,105,14.0,4.0,https://bioinformatics.lt/ppi3d/site/interaction_details/single_sequence/rIiStfbc/1/null/13966325/1430239/47767031/1482022
439,8f8t,Cryo-EM structure of the Tropomodulin-capped pointed end of F-actin,2023-06-07,3.3 Å,8f8t_F,8f8t_D,1164.25 Å²,88,6.0,3.0,https://bioinformatics.lt/ppi3d/site/interaction_details/single_sequence/rIiStfbc/1/null/13966098/2005897/73121187/2147439
4390,8v30,Smooth Muscle Gamma Actin (ACTG2) Filament Mutant R40C,2024-05-01,2.5 Å,8v30_E,8v30_D,351.23 Å²,28,2.0,,https://bioinformatics.lt/ppi3d/site/interaction_details/single_sequence/rIiStfbc/1/null/13966581/2218859/78562314/2321462
4391,8p94,Cryo-EM structure of cortactin stabilized Arp2/3-complex nucleated actin branches,2024-01-03,3.3 Å,8p94_K,8p94_B,1154.28 Å²,97,5.0,5.0,https://bioinformatics.lt/ppi3d/site/interaction_details/single_sequence/rIiStfbc/1/null/13965302/2140006/75823142/2258717
4394,8p94,Cryo-EM structure of cortactin stabilized Arp2/3-complex nucleated actin branches,2024-01-03,3.3 Å,8p94_W,8p94_K,1137.51 Å²,101,5.0,3.0,https://bioinformatics.lt/ppi3d/site/interaction_details/single_sequence/rIiStfbc/1/null/13965302/2140053/75823358/2258741
4396,8dd0,The structure of the native cardiac thin filament junction region,2022-12-28,3.5 Å,8dd0_B,8dd0_C,386.04 Å²,34,3.0,1.0,https://bioinformatics.lt/ppi3d/site/interaction_details/single_sequence/rIiStfbc/1/null/13965558/1854999/68724232/2022873
4397,8dd0,The structure of the native cardiac thin filament junction region,2022-12-28,3.5 Å,8dd0_B,8dd0_D,1127.03 Å²,96,4.0,2.0,https://bioinformatics.lt/ppi3d/site/interaction_details/single_sequence/rIiStfbc/1/null/13965558/1855001/68724233/2022874
4398,8dd0,The structure of the native cardiac thin filament junction region,2022-12-28,3.5 Å,8dd0_B,8dd0_N,117.54 Å²,10,,,https://bioinformatics.lt/ppi3d/site/interaction_details/single_sequence/rIiStfbc/1/null/13965558/1855003/68724243/2022875
4399,8dd0,The structure of the native cardiac thin filament junction region,2022-12-28,3.5 Å,8dd0_B,8dd0_P,268.13 Å²,27,,,https://bioinformatics.lt/ppi3d/site/interaction_details/single_sequence/rIiStfbc/1/null/13965558/1855005/68724245/2022876
44,9ug2,Severed and capped actin fragment by two G1G3 domains of gelsolin,2026-04-15,2.9 Å,9ug2_E,9ug2_A,692.07 Å²,56,3.0,3.0,https://bioinformatics.lt/ppi3d/site/interaction_details/single_sequence/rIiStfbc/1/null/13966593/2792564/100922614/2860210
440,6vau,Bare actin filament from a partially cofilin-decorated sample,2020-01-01,3.5 Å,6vau_D,6vau_C,449.75 Å²,37,3.0,1.0,https://bioinformatics.lt/ppi3d/site/interaction_details/single_sequence/rIiStfbc/1/null/13966354/1281068/46035783/1376559
4403,8uxx,"Arp2/3 branch junction complex, BeFx state",2024-01-31,3.2 Å,8uxx_H,8uxx_A,1469.46 Å²,129,9.0,2.0,https://bioinformatics.lt/ppi3d/site/interaction_details/single_sequence/rIiStfbc/1/null/13966070/2156746/75984125/2269772
4404,8uxx,"Arp2/3 branch junction complex, BeFx state",2024-01-31,3.2 Å,8uxx_H,8uxx_B,484.70 Å²,40,6.0,,https://bioinformatics.lt/ppi3d/site/interaction_details/single_sequence/rIiStfbc/1/null/13966070/2156762/75984138/2269780
4405,8uxx,"Arp2/3 branch junction complex, BeFx state",2024-01-31,3.2 Å,8uxx_I,8uxx_H,476.13 Å²,45,5.0,1.0,https://bioinformatics.lt/ppi3d/site/interaction_details/single_sequence/rIiStfbc/1/null/13966070/2156791/75984196/2269795
4408,7ad9,Structure of the Lifeact-F-actin complex,2020-10-28,3.5 Å,7ad9_D,7ad9_H,386.02 Å²,36,3.0,2.0,https://bioinformatics.lt/ppi3d/site/interaction_details/single_sequence/rIiStfbc/1/null/13966326/1430233/47767023/1482019
441,6vau,Bare actin filament from a partially cofilin-decorated sample,2020-01-01,3.5 Å,6vau_D,6vau_B,1141.86 Å²,100,3.0,4.0,https://bioinformatics.lt/ppi3d/site/interaction_details/single_sequence/rIiStfbc/1/null/13966354/1281064/46035784/1376557
4411,8v30,Smooth Muscle Gamma Actin (ACTG2) Filament Mutant R40C,2024-05-01,2.5 Å,8v30_D,8v30_C,360.52 Å²,29,2.0,,https://bioinformatics.lt/ppi3d/site/interaction_details/single_sequence/rIiStfbc/1/null/13966582/2218855/78562307/2321460
4412,8v30,Smooth Muscle Gamma Actin (ACTG2) Filament Mutant R40C,2024-05-01,2.5 Å,8v30_E,8v30_C,1091.84 Å²,94,6.0,2.0,https://bioinformatics.lt/ppi3d/site/interaction_details/single_sequence/rIiStfbc/1/null/13966582/2218857/78562308/2321461
4413,8p94,Cryo-EM structure of cortactin stabilized Arp2/3-complex nucleated actin branches,2024-01-03,3.3 Å,8p94_J,8p94_A,1442.38 Å²,123,2.0,5.0,https://bioinformatics.lt/ppi3d/site/interaction_details/single_sequence/rIiStfbc/1/null/13965303/2139986/75823113/2258707
4414,8p94,Cryo-EM structure of cortactin stabilized Arp2/3-complex nucleated actin branches,2024-01-03,3.3 Å,8p94_J,8p94_B,522.80 Å²,38,2.0,,https://bioinformatics.lt/ppi3d/site/interaction_details/single_sequence/rIiStfbc/1/null/13965303/2140004/75823141/2258716
4415,8p94,Cryo-EM structure of cortactin stabilized Arp2/3-complex nucleated actin branches,2024-01-03,3.3 Å,8p94_J,8p94_G,225.71 Å²,15,1.0,,https://bioinformatics.lt/ppi3d/site/interaction_details/single_sequence/rIiStfbc/1/null/13965303/2140036/75823266/2258732
4417,8p94,Cryo-EM structure of cortactin stabilized Arp2/3-complex nucleated actin branches,2024-01-03,3.3 Å,8p94_J,8p94_I,1690.41 Å²,149,10.0,3.0,https://bioinformatics.lt/ppi3d/site/interaction_details/single_sequence/rIiStfbc/1/null/13965303/2140050/75823309/2258739
4418,8p94,Cryo-EM structure of cortactin stabilized Arp2/3-complex nucleated actin branches,2024-01-03,3.3 Å,8p94_K,8p94_J,375.51 Å²,31,2.0,2.0,https://bioinformatics.lt/ppi3d/site/interaction_details/single_sequence/rIiStfbc/1/null/13965303/2140051/75823330/2258740
4419,8dd0,The structure of the native cardiac thin filament junction region,2022-12-28,3.5 Å,8dd0_A,8dd0_B,380.89 Å²,33,3.0,1.0,https://bioinformatics.lt/ppi3d/site/interaction_details/single_sequence/rIiStfbc/1/null/13965559/1854991/68724217/2022869
4420,8dd0,The structure of the native cardiac thin filament junction region,2022-12-28,3.5 Å,8dd0_A,8dd0_C,1127.01 Å²,96,4.0,2.0,https://bioinformatics.lt/ppi3d/site/interaction_details/single_sequence/rIiStfbc/1/null/13965559/1854993/68724218/2022870
4421,8dd0,The structure of the native cardiac thin filament junction region,2022-12-28,3.5 Å,8dd0_A,8dd0_I,123.84 Å²,12,,,https://bioinformatics.lt/ppi3d/site/interaction_details/single_sequence/rIiStfbc/1/null/13965559/1854995/68724224/2022871
4422,8dd0,The structure of the native cardiac thin filament junction region,2022-12-28,3.5 Å,8dd0_A,8dd0_K,289.44 Å²,33,,,https://bioinformatics.lt/ppi3d/site/interaction_details/single_sequence/rIiStfbc/1/null/13965559/1854997/68724226/2022872
4425,8uxw,"Arp2/3 branch junction complex, ADP state",2024-01-31,2.7 Å,8uxw_R,8uxw_D,589.21 Å²,61,6.0,1.0,https://bioinformatics.lt/ppi3d/site/interaction_details/single_sequence/rIiStfbc/1/null/13966071/2156708/75984063/2269753
4428,7ad9,Structure of the Lifeact-F-actin complex,2020-10-28,3.5 Å,7ad9_D,7ad9_F,1208.94 Å²,97,13.0,4.0,https://bioinformatics.lt/ppi3d/site/interaction_details/single_sequence/rIiStfbc/1/null/13966327/1430232/47767010/1482018
4429,7ad9,Structure of the Lifeact-F-actin complex,2020-10-28,3.5 Å,7ad9_H,7ad9_F,407.29 Å²,37,3.0,2.0,https://bioinformatics.lt/ppi3d/site/interaction_details/single_sequence/rIiStfbc/1/null/13966327/1430235/47767012/1482020
4430,7ad9,Structure of the Lifeact-F-actin complex,2020-10-28,3.5 Å,7ad9_F,7ad9_I,383.29 Å²,35,3.0,2.0,https://bioinformatics.lt/ppi3d/site/interaction_details/single_sequence/rIiStfbc/1/null/13966327/1430237/47767013/1482021
4432,8v30,Smooth Muscle Gamma Actin (ACTG2) Filament Mutant R40C,2024-05-01,2.5 Å,8v30_C,8v30_B,360.08 Å²,30,2.0,,https://bioinformatics.lt/ppi3d/site/interaction_details/single_sequence/rIiStfbc/1/null/13966583/2218851/78562299/2321458
4433,8v30,Smooth Muscle Gamma Actin (ACTG2) Filament Mutant R40C,2024-05-01,2.5 Å,8v30_D,8v30_B,1092.80 Å²,95,5.0,2.0,https://bioinformatics.lt/ppi3d/site/interaction_details/single_sequence/rIiStfbc/1/null/13966583/2218853/78562300/2321459
4434,8p94,Cryo-EM structure of cortactin stabilized Arp2/3-complex nucleated actin branches,2024-01-03,3.3 Å,8p94_H,8p94_I,402.15 Å²,38,3.0,,https://bioinformatics.lt/ppi3d/site/interaction_details/single_sequence/rIiStfbc/1/null/13965304/2140037/75823287/2258733
4435,8p94,Cryo-EM structure of cortactin stabilized Arp2/3-complex nucleated actin branches,2024-01-03,3.3 Å,8p94_H,8p94_J,1136.07 Å²,99,5.0,3.0,https://bioinformatics.lt/ppi3d/site/interaction_details/single_sequence/rIiStfbc/1/null/13965304/2140039/75823288/2258734
4436,8p94,Cryo-EM structure of cortactin stabilized Arp2/3-complex nucleated actin branches,2024-01-03,3.3 Å,8p94_H,8p94_K,388.94 Å²,29,2.0,,https://bioinformatics.lt/ppi3d/site/interaction_details/single_sequence/rIiStfbc/1/null/13965304/2140041/75823289/2258735
4437,8p94,Cryo-EM structure of cortactin stabilized Arp2/3-complex nucleated actin branches,2024-01-03,3.3 Å,8p94_H,8p94_U,894.48 Å²,68,3.0,2.0,https://bioinformatics.lt/ppi3d/site/interaction_details/single_sequence/rIiStfbc/1/null/13965304/2140043/75823296/2258736
4438,8p94,Cryo-EM structure of cortactin stabilized Arp2/3-complex nucleated actin branches,2024-01-03,3.3 Å,8p94_H,8p94_V,146.10 Å²,10,,,https://bioinformatics.lt/ppi3d/site/interaction_details/single_sequence/rIiStfbc/1/null/13965304/2140045/75823297/2258737
4439,8p94,Cryo-EM structure of cortactin stabilized Arp2/3-complex nucleated actin branches,2024-01-03,3.3 Å,8p94_W,8p94_H,372.23 Å²,32,2.0,,https://bioinformatics.lt/ppi3d/site/interaction_details/single_sequence/rIiStfbc/1/null/13965304/2140047/75823298/2258738
444,8iah,"Structure of mammalian spectrin-actin junctional complex of membrane skeleton, State I, Global map",2023-05-03,3.6 Å,8iah_B,8iah_A,454.11 Å²,34,2.0,,https://bioinformatics.lt/ppi3d/site/interaction_details/single_sequence/rIiStfbc/1/null/13965331/1987649/72501881/2132056
4440,8enc,Helical reconstruction of the human cardiac actin-tropomyosin-myosin loop 4 7G mutant complex,2022-11-23,3.6 Å,8enc_F,8enc_M,1069.97 Å²,99,6.0,,https://bioinformatics.lt/ppi3d/site/interaction_details/single_sequence/rIiStfbc/1/null/13965560/1836847/68056567/1999209
4445,8enc,Helical reconstruction of the human cardiac actin-tropomyosin-myosin loop 4 7G mutant complex,2022-11-23,3.6 Å,8enc_F,8enc_O,195.36 Å²,16,,,https://bioinformatics.lt/ppi3d/site/interaction_details/single_sequence/rIiStfbc/1/null/13965560/1836849/68056588/1999210
4448,6c1g,High-Resolution Cryo-EM Structures of Actin-bound Myosin States Reveal the Mechanism of Myosin Force Sensing,2018-01-31,3.8 Å,6c1g_E,6c1g_D,481.91 Å²,42,3.0,,https://bioinformatics.lt/ppi3d/site/interaction_details/single_sequence/rIiStfbc/1/null/13965816/874631/27500386/996636
4449,6c1g,High-Resolution Cryo-EM Structures of Actin-bound Myosin States Reveal the Mechanism of Myosin Force Sensing,2018-01-31,3.8 Å,6c1g_D,6c1g_P,550.58 Å²,46,3.0,1.0,https://bioinformatics.lt/ppi3d/site/interaction_details/single_sequence/rIiStfbc/1/null/13965816/874633/27500388/996637
445,8iah,"Structure of mammalian spectrin-actin junctional complex of membrane skeleton, State I, Global map",2023-05-03,3.6 Å,8iah_C,8iah_A,1081.27 Å²,89,5.0,2.0,https://bioinformatics.lt/ppi3d/site/interaction_details/single_sequence/rIiStfbc/1/null/13965331/1987651/72501882/2132057
4450,8uxw,"Arp2/3 branch junction complex, ADP state",2024-01-31,2.7 Å,8uxw_Q,8uxw_C,128.57 Å²,11,,,https://bioinformatics.lt/ppi3d/site/interaction_details/single_sequence/rIiStfbc/1/null/13966072/2156700/75984051/2269749
4451,8uxw,"Arp2/3 branch junction complex, ADP state",2024-01-31,2.7 Å,8uxw_Q,8uxw_D,299.81 Å²,26,4.0,5.0,https://bioinformatics.lt/ppi3d/site/interaction_details/single_sequence/rIiStfbc/1/null/13966072/2156706/75984062/2269752
4452,8uxw,"Arp2/3 branch junction complex, ADP state",2024-01-31,2.7 Å,8uxw_Q,8uxw_F,774.33 Å²,65,13.0,4.0,https://bioinformatics.lt/ppi3d/site/interaction_details/single_sequence/rIiStfbc/1/null/13966072/2156716/75984081/2269757
4455,8uxw,"Arp2/3 branch junction complex, ADP state",2024-01-31,2.7 Å,8uxw_R,8uxw_Q,445.37 Å²,40,3.0,2.0,https://bioinformatics.lt/ppi3d/site/interaction_details/single_sequence/rIiStfbc/1/null/13966072/2156735/75984118/2269767
4456,7ad9,Structure of the Lifeact-F-actin complex,2020-10-28,3.5 Å,7ad9_B,7ad9_D,412.11 Å²,38,3.0,2.0,https://bioinformatics.lt/ppi3d/site/interaction_details/single_sequence/rIiStfbc/1/null/13966328/1430227/47766986/1482016
4457,7ad9,Structure of the Lifeact-F-actin complex,2020-10-28,3.5 Å,7ad9_B,7ad9_H,1220.04 Å²,105,14.0,4.0,https://bioinformatics.lt/ppi3d/site/interaction_details/single_sequence/rIiStfbc/1/null/13966328/1430229/47766988/1482017
4458,8v30,Smooth Muscle Gamma Actin (ACTG2) Filament Mutant R40C,2024-05-01,2.5 Å,8v30_B,8v30_A,358.55 Å²,29,2.0,,https://bioinformatics.lt/ppi3d/site/interaction_details/single_sequence/rIiStfbc/1/null/13966584/2218847/78562290/2321456
4459,8v30,Smooth Muscle Gamma Actin (ACTG2) Filament Mutant R40C,2024-05-01,2.5 Å,8v30_C,8v30_A,1097.27 Å²,97,6.0,3.0,https://bioinformatics.lt/ppi3d/site/interaction_details/single_sequence/rIiStfbc/1/null/13966584/2218849/78562291/2321457
446,8iah,"Structure of mammalian spectrin-actin junctional complex of membrane skeleton, State I, Global map",2023-05-03,3.6 Å,8iah_A,8iah_M,360.83 Å²,30,,,https://bioinformatics.lt/ppi3d/site/interaction_details/single_sequence/rIiStfbc/1/null/13965331/1987653/72501892/2132058
4464,8enc,Helical reconstruction of the human cardiac actin-tropomyosin-myosin loop 4 7G mutant complex,2022-11-23,3.6 Å,8enc_F,8enc_E,407.83 Å²,34,3.0,1.0,https://bioinformatics.lt/ppi3d/site/interaction_details/single_sequence/rIiStfbc/1/null/13965561/1836845/68056585/1999208
4467,8uxw,"Arp2/3 branch junction complex, ADP state",2024-01-31,2.7 Å,8uxw_P,8uxw_A,187.54 Å²,18,,,https://bioinformatics.lt/ppi3d/site/interaction_details/single_sequence/rIiStfbc/1/null/13966073/2156676/75984025/2269737
447,8iah,"Structure of mammalian spectrin-actin junctional complex of membrane skeleton, State I, Global map",2023-05-03,3.6 Å,8iah_A,8iah_U,386.30 Å²,32,1.0,2.0,https://bioinformatics.lt/ppi3d/site/interaction_details/single_sequence/rIiStfbc/1/null/13965331/1987655/72501900/2132059
4470,8uxw,"Arp2/3 branch junction complex, ADP state",2024-01-31,2.7 Å,8uxw_Q,8uxw_P,423.06 Å²,37,3.0,2.0,https://bioinformatics.lt/ppi3d/site/interaction_details/single_sequence/rIiStfbc/1/null/13966073/2156731/75984116/2269765
4471,8uxw,"Arp2/3 branch junction complex, ADP state",2024-01-31,2.7 Å,8uxw_R,8uxw_P,1201.20 Å²,101,10.0,4.0,https://bioinformatics.lt/ppi3d/site/interaction_details/single_sequence/rIiStfbc/1/null/13966073/2156733/75984117/2269766
4476,8oi6,Cryo-EM structure of the undecorated barbed end of filamentous beta/gamma actin,2023-08-09,3.6 Å,8oi6_D,8oi6_C,414.92 Å²,35,4.0,2.0,https://bioinformatics.lt/ppi3d/site/interaction_details/single_sequence/rIiStfbc/1/null/13965306/2058667/73771984/2189371
4478,8enc,Helical reconstruction of the human cardiac actin-tropomyosin-myosin loop 4 7G mutant complex,2022-11-23,3.6 Å,8enc_D,8enc_E,1120.33 Å²,103,3.0,3.0,https://bioinformatics.lt/ppi3d/site/interaction_details/single_sequence/rIiStfbc/1/null/13965562/1836841/68056581/1999206
4479,8enc,Helical reconstruction of the human cardiac actin-tropomyosin-myosin loop 4 7G mutant complex,2022-11-23,3.6 Å,8enc_D,8enc_F,413.92 Å²,36,2.0,1.0,https://bioinformatics.lt/ppi3d/site/interaction_details/single_sequence/rIiStfbc/1/null/13965562/1836843/68056582/1999207
448,8iah,"Structure of mammalian spectrin-actin junctional complex of membrane skeleton, State I, Global map",2023-05-03,3.6 Å,8iah_A,8iah_Y,2471.11 Å²,212,11.0,4.0,https://bioinformatics.lt/ppi3d/site/interaction_details/single_sequence/rIiStfbc/1/null/13965331/1987657/72501904/2132060
4481,6c1g,High-Resolution Cryo-EM Structures of Actin-bound Myosin States Reveal the Mechanism of Myosin Force Sensing,2018-01-31,3.8 Å,6c1g_C,6c1g_A,1264.51 Å²,104,8.0,3.0,https://bioinformatics.lt/ppi3d/site/interaction_details/single_sequence/rIiStfbc/1/null/13965818/874620/27500377/996630
4482,6c1g,High-Resolution Cryo-EM Structures of Actin-bound Myosin States Reveal the Mechanism of Myosin Force Sensing,2018-01-31,3.8 Å,6c1g_D,6c1g_C,464.42 Å²,41,3.0,,https://bioinformatics.lt/ppi3d/site/interaction_details/single_sequence/rIiStfbc/1/null/13965818/874627/27500378/996634
4483,6c1g,High-Resolution Cryo-EM Structures of Actin-bound Myosin States Reveal the Mechanism of Myosin Force Sensing,2018-01-31,3.8 Å,6c1g_E,6c1g_C,1254.44 Å²,102,7.0,4.0,https://bioinformatics.lt/ppi3d/site/interaction_details/single_sequence/rIiStfbc/1/null/13965818/874629/27500379/996635
4484,8uxw,"Arp2/3 branch junction complex, ADP state",2024-01-31,2.7 Å,8uxw_O,8uxw_A,417.54 Å²,33,5.0,4.0,https://bioinformatics.lt/ppi3d/site/interaction_details/single_sequence/rIiStfbc/1/null/13966074/2156674/75984024/2269736
4485,8uxw,"Arp2/3 branch junction complex, ADP state",2024-01-31,2.7 Å,8uxw_O,8uxw_C,504.50 Å²,37,3.0,,https://bioinformatics.lt/ppi3d/site/interaction_details/single_sequence/rIiStfbc/1/null/13966074/2156698/75984049/2269748
4486,8uxw,"Arp2/3 branch junction complex, ADP state",2024-01-31,2.7 Å,8uxw_O,8uxw_D,316.54 Å²,31,2.0,,https://bioinformatics.lt/ppi3d/site/interaction_details/single_sequence/rIiStfbc/1/null/13966074/2156704/75984060/2269751
4487,8uxw,"Arp2/3 branch junction complex, ADP state",2024-01-31,2.7 Å,8uxw_O,8uxw_E,107.88 Å²,10,1.0,,https://bioinformatics.lt/ppi3d/site/interaction_details/single_sequence/rIiStfbc/1/null/13966074/2156712/75984070/2269755
4490,8uxw,"Arp2/3 branch junction complex, ADP state",2024-01-31,2.7 Å,8uxw_P,8uxw_O,460.13 Å²,39,6.0,,https://bioinformatics.lt/ppi3d/site/interaction_details/single_sequence/rIiStfbc/1/null/13966074/2156727/75984113/2269763
4491,8uxw,"Arp2/3 branch junction complex, ADP state",2024-01-31,2.7 Å,8uxw_Q,8uxw_O,1146.87 Å²,92,10.0,4.0,https://bioinformatics.lt/ppi3d/site/interaction_details/single_sequence/rIiStfbc/1/null/13966074/2156729/75984114/2269764
4497,8v2z,Cryo-EM Structure of Smooth Muscle Gamma Actin (ACTG2) Mutant R257C,2024-05-01,2.7 Å,8v2z_E,8v2z_D,399.69 Å²,31,4.0,1.0,https://bioinformatics.lt/ppi3d/site/interaction_details/single_sequence/rIiStfbc/1/null/13966586/2218845/78562289/2321455
4499,8oi6,Cryo-EM structure of the undecorated barbed end of filamentous beta/gamma actin,2023-08-09,3.6 Å,8oi6_C,8oi6_B,424.38 Å²,38,3.0,1.0,https://bioinformatics.lt/ppi3d/site/interaction_details/single_sequence/rIiStfbc/1/null/13965307/2058663/73771979/2189369
4500,8oi6,Cryo-EM structure of the undecorated barbed end of filamentous beta/gamma actin,2023-08-09,3.6 Å,8oi6_D,8oi6_B,989.17 Å²,89,5.0,4.0,https://bioinformatics.lt/ppi3d/site/interaction_details/single_sequence/rIiStfbc/1/null/13965307/2058665/73771980/2189370
4501,8enc,Helical reconstruction of the human cardiac actin-tropomyosin-myosin loop 4 7G mutant complex,2022-11-23,3.6 Å,8enc_E,8enc_C,371.30 Å²,33,2.0,1.0,https://bioinformatics.lt/ppi3d/site/interaction_details/single_sequence/rIiStfbc/1/null/13965563/1836835/68056577/1999203
4502,8enc,Helical reconstruction of the human cardiac actin-tropomyosin-myosin loop 4 7G mutant complex,2022-11-23,3.6 Å,8enc_F,8enc_C,1142.17 Å²,99,5.0,3.0,https://bioinformatics.lt/ppi3d/site/interaction_details/single_sequence/rIiStfbc/1/null/13965563/1836837/68056578/1999204
4503,8enc,Helical reconstruction of the human cardiac actin-tropomyosin-myosin loop 4 7G mutant complex,2022-11-23,3.6 Å,8enc_C,8enc_P,174.78 Å²,14,,,https://bioinformatics.lt/ppi3d/site/interaction_details/single_sequence/rIiStfbc/1/null/13965563/1836839/68056580/1999205
4504,6c1g,High-Resolution Cryo-EM Structures of Actin-bound Myosin States Reveal the Mechanism of Myosin Force Sensing,2018-01-31,3.8 Å,6c1g_C,6c1g_B,446.76 Å²,41,4.0,,https://bioinformatics.lt/ppi3d/site/interaction_details/single_sequence/rIiStfbc/1/null/13965819/874621/27500371/996631
4505,6c1g,High-Resolution Cryo-EM Structures of Actin-bound Myosin States Reveal the Mechanism of Myosin Force Sensing,2018-01-31,3.8 Å,6c1g_B,6c1g_A,447.75 Å²,41,4.0,,https://bioinformatics.lt/ppi3d/site/interaction_details/single_sequence/rIiStfbc/1/null/13965819/874618/27500372/996629
4506,6c1g,High-Resolution Cryo-EM Structures of Actin-bound Myosin States Reveal the Mechanism of Myosin Force Sensing,2018-01-31,3.8 Å,6c1g_D,6c1g_B,1250.00 Å²,102,8.0,4.0,https://bioinformatics.lt/ppi3d/site/interaction_details/single_sequence/rIiStfbc/1/null/13965819/874623/27500373/996632
4507,6c1g,High-Resolution Cryo-EM Structures of Actin-bound Myosin States Reveal the Mechanism of Myosin Force Sensing,2018-01-31,3.8 Å,6c1g_B,6c1g_P,1230.40 Å²,114,7.0,5.0,https://bioinformatics.lt/ppi3d/site/interaction_details/single_sequence/rIiStfbc/1/null/13965819/874625/27500376/996633
4509,8uxw,"Arp2/3 branch junction complex, ADP state",2024-01-31,2.7 Å,8uxw_O,8uxw_N,477.67 Å²,42,4.0,1.0,https://bioinformatics.lt/ppi3d/site/interaction_details/single_sequence/rIiStfbc/1/null/13966075/2156723/75984109/2269761
451,9gob,Structure of the F-tractin-F-actin complex,2025-01-22,3.2 Å,9gob_B,9gob_A,466.18 Å²,44,3.0,1.0,https://bioinformatics.lt/ppi3d/site/interaction_details/single_sequence/rIiStfbc/1/null/13965587/2415151/87255194/2507400
4510,8uxw,"Arp2/3 branch junction complex, ADP state",2024-01-31,2.7 Å,8uxw_P,8uxw_N,1221.19 Å²,104,11.0,4.0,https://bioinformatics.lt/ppi3d/site/interaction_details/single_sequence/rIiStfbc/1/null/13966075/2156725/75984110/2269762
4513,6u96,Actin phalloidin at BeFx state,2020-05-13,3.8 Å,6u96_C,6u96_B,948.85 Å²,81,1.0,1.0,https://bioinformatics.lt/ppi3d/site/interaction_details/single_sequence/rIiStfbc/1/null/13966331/1351884/46543678/1425261
4516,8v2z,Cryo-EM Structure of Smooth Muscle Gamma Actin (ACTG2) Mutant R257C,2024-05-01,2.7 Å,8v2z_D,8v2z_C,397.17 Å²,30,3.0,,https://bioinformatics.lt/ppi3d/site/interaction_details/single_sequence/rIiStfbc/1/null/13966587/2218841/78562287/2321453
4517,8v2z,Cryo-EM Structure of Smooth Muscle Gamma Actin (ACTG2) Mutant R257C,2024-05-01,2.7 Å,8v2z_E,8v2z_C,1149.20 Å²,99,5.0,4.0,https://bioinformatics.lt/ppi3d/site/interaction_details/single_sequence/rIiStfbc/1/null/13966587/2218843/78562288/2321454
4518,8oi6,Cryo-EM structure of the undecorated barbed end of filamentous beta/gamma actin,2023-08-09,3.6 Å,8oi6_B,8oi6_A,397.42 Å²,36,2.0,1.0,https://bioinformatics.lt/ppi3d/site/interaction_details/single_sequence/rIiStfbc/1/null/13965308/2058659/73771973/2189367
4519,8oi6,Cryo-EM structure of the undecorated barbed end of filamentous beta/gamma actin,2023-08-09,3.6 Å,8oi6_C,8oi6_A,1121.27 Å²,94,3.0,2.0,https://bioinformatics.lt/ppi3d/site/interaction_details/single_sequence/rIiStfbc/1/null/13965308/2058661/73771974/2189368
4520,8enc,Helical reconstruction of the human cardiac actin-tropomyosin-myosin loop 4 7G mutant complex,2022-11-23,3.6 Å,8enc_B,8enc_M,155.44 Å²,17,,,https://bioinformatics.lt/ppi3d/site/interaction_details/single_sequence/rIiStfbc/1/null/13965564/1836831/68056563/1999201
4521,8enc,Helical reconstruction of the human cardiac actin-tropomyosin-myosin loop 4 7G mutant complex,2022-11-23,3.6 Å,8enc_B,8enc_D,405.10 Å²,33,4.0,1.0,https://bioinformatics.lt/ppi3d/site/interaction_details/single_sequence/rIiStfbc/1/null/13965564/1836827/68056571/1999199
4522,8enc,Helical reconstruction of the human cardiac actin-tropomyosin-myosin loop 4 7G mutant complex,2022-11-23,3.6 Å,8enc_B,8enc_F,1099.35 Å²,95,4.0,3.0,https://bioinformatics.lt/ppi3d/site/interaction_details/single_sequence/rIiStfbc/1/null/13965564/1836829/68056573/1999200
4523,8enc,Helical reconstruction of the human cardiac actin-tropomyosin-myosin loop 4 7G mutant complex,2022-11-23,3.6 Å,8enc_B,8enc_P,158.62 Å²,23,,,https://bioinformatics.lt/ppi3d/site/interaction_details/single_sequence/rIiStfbc/1/null/13965564/1836833/68056575/1999202
4524,6c1d,High-Resolution Cryo-EM Structures of Actin-bound Myosin States Reveal the Mechanism of Myosin Force Sensing,2018-01-31,3.2 Å,6c1d_B,6c1d_P,1184.36 Å²,106,7.0,2.0,https://bioinformatics.lt/ppi3d/site/interaction_details/single_sequence/rIiStfbc/1/null/13965820/874645/27500349/996643
4528,8uxw,"Arp2/3 branch junction complex, ADP state",2024-01-31,2.7 Å,8uxw_M,8uxw_E,207.17 Å²,11,1.0,,https://bioinformatics.lt/ppi3d/site/interaction_details/single_sequence/rIiStfbc/1/null/13966076/2156710/75984068/2269754
4529,8uxw,"Arp2/3 branch junction complex, ADP state",2024-01-31,2.7 Å,8uxw_N,8uxw_M,437.86 Å²,37,5.0,,https://bioinformatics.lt/ppi3d/site/interaction_details/single_sequence/rIiStfbc/1/null/13966076/2156719/75984104/2269759
4530,8uxw,"Arp2/3 branch junction complex, ADP state",2024-01-31,2.7 Å,8uxw_O,8uxw_M,1244.85 Å²,102,12.0,4.0,https://bioinformatics.lt/ppi3d/site/interaction_details/single_sequence/rIiStfbc/1/null/13966076/2156721/75984105/2269760
4533,6u96,Actin phalloidin at BeFx state,2020-05-13,3.8 Å,6u96_C,6u96_A,285.03 Å²,22,,,https://bioinformatics.lt/ppi3d/site/interaction_details/single_sequence/rIiStfbc/1/null/13966332/1351877/46543676/1425258
4534,6u96,Actin phalloidin at BeFx state,2020-05-13,3.8 Å,6u96_A,6u96_B,276.58 Å²,22,,,https://bioinformatics.lt/ppi3d/site/interaction_details/single_sequence/rIiStfbc/1/null/13966332/1351875/46543677/1425257
4536,8v2z,Cryo-EM Structure of Smooth Muscle Gamma Actin (ACTG2) Mutant R257C,2024-05-01,2.7 Å,8v2z_C,8v2z_B,398.37 Å²,32,3.0,1.0,https://bioinformatics.lt/ppi3d/site/interaction_details/single_sequence/rIiStfbc/1/null/13966588/2218837/78562284/2321451
4537,8v2z,Cryo-EM Structure of Smooth Muscle Gamma Actin (ACTG2) Mutant R257C,2024-05-01,2.7 Å,8v2z_D,8v2z_B,1155.59 Å²,98,8.0,4.0,https://bioinformatics.lt/ppi3d/site/interaction_details/single_sequence/rIiStfbc/1/null/13966588/2218839/78562285/2321452
4538,8iai,"Structure of mammalian spectrin-actin junctional complex of membrane skeleton, State II, Global map",2023-05-03,3.5 Å,8iai_K,8iai_1,753.99 Å²,66,5.0,1.0,https://bioinformatics.lt/ppi3d/site/interaction_details/single_sequence/rIiStfbc/1/null/13965309/1987772/72502223/2132117
4539,8iai,"Structure of mammalian spectrin-actin junctional complex of membrane skeleton, State II, Global map",2023-05-03,3.5 Å,8iai_K,8iai_3,411.70 Å²,40,,,https://bioinformatics.lt/ppi3d/site/interaction_details/single_sequence/rIiStfbc/1/null/13965309/1987786/72502280/2132124
454,8f8t,Cryo-EM structure of the Tropomodulin-capped pointed end of F-actin,2023-06-07,3.3 Å,8f8t_D,8f8t_C,409.89 Å²,35,4.0,,https://bioinformatics.lt/ppi3d/site/interaction_details/single_sequence/rIiStfbc/1/null/13966099/2005889/73121181/2147435
4540,8iai,"Structure of mammalian spectrin-actin junctional complex of membrane skeleton, State II, Global map",2023-05-03,3.5 Å,8iai_K,8iai_9,1385.18 Å²,103,5.0,2.0,https://bioinformatics.lt/ppi3d/site/interaction_details/single_sequence/rIiStfbc/1/null/13965309/1987846/72502405/2132154
4543,8efi,Helical reconstruction of the human cardiac actin-tropomyosin-myosin complex in the rigor form,2022-11-23,3.4 Å,8efi_F,8efi_M,1226.32 Å²,107,9.0,3.0,https://bioinformatics.lt/ppi3d/site/interaction_details/single_sequence/rIiStfbc/1/null/13965565/1836821/68056539/1999196
4548,8efi,Helical reconstruction of the human cardiac actin-tropomyosin-myosin complex in the rigor form,2022-11-23,3.4 Å,8efi_F,8efi_O,285.56 Å²,20,,2.0,https://bioinformatics.lt/ppi3d/site/interaction_details/single_sequence/rIiStfbc/1/null/13965565/1836823/68056560/1999197
455,8f8t,Cryo-EM structure of the Tropomodulin-capped pointed end of F-actin,2023-06-07,3.3 Å,8f8t_E,8f8t_C,1154.81 Å²,90,5.0,3.0,https://bioinformatics.lt/ppi3d/site/interaction_details/single_sequence/rIiStfbc/1/null/13966099/2005891/73121182/2147436
4552,6c1d,High-Resolution Cryo-EM Structures of Actin-bound Myosin States Reveal the Mechanism of Myosin Force Sensing,2018-01-31,3.2 Å,6c1d_C,6c1d_B,425.72 Å²,35,5.0,2.0,https://bioinformatics.lt/ppi3d/site/interaction_details/single_sequence/rIiStfbc/1/null/13965821/874642/27500370/996641
4553,8uxw,"Arp2/3 branch junction complex, ADP state",2024-01-31,2.7 Å,8uxw_I,8uxw_B,1183.86 Å²,98,11.0,5.0,https://bioinformatics.lt/ppi3d/site/interaction_details/single_sequence/rIiStfbc/1/null/13966077/2156690/75984034/2269744
4555,6u96,Actin phalloidin at BeFx state,2020-05-13,3.8 Å,6u96_A,6u96_D,976.84 Å²,83,1.0,1.0,https://bioinformatics.lt/ppi3d/site/interaction_details/single_sequence/rIiStfbc/1/null/13966333/1351880/46543666/1425259
4556,6u96,Actin phalloidin at BeFx state,2020-05-13,3.8 Å,6u96_B,6u96_D,289.05 Å²,25,,,https://bioinformatics.lt/ppi3d/site/interaction_details/single_sequence/rIiStfbc/1/null/13966333/1351886/46543668/1425262
4557,8v2z,Cryo-EM Structure of Smooth Muscle Gamma Actin (ACTG2) Mutant R257C,2024-05-01,2.7 Å,8v2z_B,8v2z_A,384.97 Å²,31,3.0,2.0,https://bioinformatics.lt/ppi3d/site/interaction_details/single_sequence/rIiStfbc/1/null/13966589/2218833/78562280/2321449
4558,8v2z,Cryo-EM Structure of Smooth Muscle Gamma Actin (ACTG2) Mutant R257C,2024-05-01,2.7 Å,8v2z_C,8v2z_A,1148.84 Å²,96,8.0,5.0,https://bioinformatics.lt/ppi3d/site/interaction_details/single_sequence/rIiStfbc/1/null/13966589/2218835/78562281/2321450
4559,8iai,"Structure of mammalian spectrin-actin junctional complex of membrane skeleton, State II, Global map",2023-05-03,3.5 Å,8iai_J,8iai_3,855.62 Å²,69,1.0,1.0,https://bioinformatics.lt/ppi3d/site/interaction_details/single_sequence/rIiStfbc/1/null/13965310/1987784/72502279/2132123
456,8f8t,Cryo-EM structure of the Tropomodulin-capped pointed end of F-actin,2023-06-07,3.3 Å,8f8t_C,8f8t_T,235.45 Å²,24,,,https://bioinformatics.lt/ppi3d/site/interaction_details/single_sequence/rIiStfbc/1/null/13966099/2005893/73121185/2147437
4562,8iai,"Structure of mammalian spectrin-actin junctional complex of membrane skeleton, State II, Global map",2023-05-03,3.5 Å,8iai_K,8iai_J,353.84 Å²,29,,1.0,https://bioinformatics.lt/ppi3d/site/interaction_details/single_sequence/rIiStfbc/1/null/13965310/1987929/72502580/2132196
4563,8iai,"Structure of mammalian spectrin-actin junctional complex of membrane skeleton, State II, Global map",2023-05-03,3.5 Å,8iai_J,8iai_T,1535.98 Å²,127,13.0,4.0,https://bioinformatics.lt/ppi3d/site/interaction_details/single_sequence/rIiStfbc/1/null/13965310/1987931/72502588/2132197
4566,8efi,Helical reconstruction of the human cardiac actin-tropomyosin-myosin complex in the rigor form,2022-11-23,3.4 Å,8efi_F,8efi_E,400.35 Å²,34,3.0,1.0,https://bioinformatics.lt/ppi3d/site/interaction_details/single_sequence/rIiStfbc/1/null/13965566/1836819/68056557/1999195
4567,6c1d,High-Resolution Cryo-EM Structures of Actin-bound Myosin States Reveal the Mechanism of Myosin Force Sensing,2018-01-31,3.2 Å,6c1d_C,6c1d_A,1171.92 Å²,96,9.0,3.0,https://bioinformatics.lt/ppi3d/site/interaction_details/single_sequence/rIiStfbc/1/null/13965822/874639/27500368/996640
4568,6c1d,High-Resolution Cryo-EM Structures of Actin-bound Myosin States Reveal the Mechanism of Myosin Force Sensing,2018-01-31,3.2 Å,6c1d_B,6c1d_A,405.40 Å²,36,2.0,2.0,https://bioinformatics.lt/ppi3d/site/interaction_details/single_sequence/rIiStfbc/1/null/13965822/874637/27500369/996639
4569,8uxw,"Arp2/3 branch junction complex, ADP state",2024-01-31,2.7 Å,8uxw_H,8uxw_A,1446.10 Å²,135,8.0,2.0,https://bioinformatics.lt/ppi3d/site/interaction_details/single_sequence/rIiStfbc/1/null/13966078/2156672/75984020/2269735
457,6vau,Bare actin filament from a partially cofilin-decorated sample,2020-01-01,3.5 Å,6vau_A,6vau_E,435.09 Å²,37,3.0,1.0,https://bioinformatics.lt/ppi3d/site/interaction_details/single_sequence/rIiStfbc/1/null/13966355/1281060/46035779/1376555
4570,8uxw,"Arp2/3 branch junction complex, ADP state",2024-01-31,2.7 Å,8uxw_H,8uxw_B,474.55 Å²,41,6.0,,https://bioinformatics.lt/ppi3d/site/interaction_details/single_sequence/rIiStfbc/1/null/13966078/2156688/75984033/2269743
4571,8uxw,"Arp2/3 branch junction complex, ADP state",2024-01-31,2.7 Å,8uxw_I,8uxw_H,456.07 Å²,43,5.0,1.0,https://bioinformatics.lt/ppi3d/site/interaction_details/single_sequence/rIiStfbc/1/null/13966078/2156717/75984091/2269758
4572,6u96,Actin phalloidin at BeFx state,2020-05-13,3.8 Å,6u96_E,6u96_A,968.80 Å²,82,1.0,1.0,https://bioinformatics.lt/ppi3d/site/interaction_details/single_sequence/rIiStfbc/1/null/13966334/1351882/46543661/1425260
4573,6u96,Actin phalloidin at BeFx state,2020-05-13,3.8 Å,6u96_E,6u96_C,285.64 Å²,23,,,https://bioinformatics.lt/ppi3d/site/interaction_details/single_sequence/rIiStfbc/1/null/13966334/1351888/46543662/1425263
4575,8iai,"Structure of mammalian spectrin-actin junctional complex of membrane skeleton, State II, Global map",2023-05-03,3.5 Å,8iai_I,8iai_1,909.82 Å²,71,2.0,,https://bioinformatics.lt/ppi3d/site/interaction_details/single_sequence/rIiStfbc/1/null/13965311/1987770/72502221/2132116
4576,8iai,"Structure of mammalian spectrin-actin junctional complex of membrane skeleton, State II, Global map",2023-05-03,3.5 Å,8iai_I,8iai_7,342.27 Å²,31,2.0,,https://bioinformatics.lt/ppi3d/site/interaction_details/single_sequence/rIiStfbc/1/null/13965311/1987832/72502380/2132147
4579,8iai,"Structure of mammalian spectrin-actin junctional complex of membrane skeleton, State II, Global map",2023-05-03,3.5 Å,8iai_J,8iai_I,377.59 Å²,30,2.0,2.0,https://bioinformatics.lt/ppi3d/site/interaction_details/single_sequence/rIiStfbc/1/null/13965311/1987923/72502566/2132193
458,6vau,Bare actin filament from a partially cofilin-decorated sample,2020-01-01,3.5 Å,6vau_B,6vau_E,1141.64 Å²,99,3.0,4.0,https://bioinformatics.lt/ppi3d/site/interaction_details/single_sequence/rIiStfbc/1/null/13966355/1281066/46035781/1376558
4580,8iai,"Structure of mammalian spectrin-actin junctional complex of membrane skeleton, State II, Global map",2023-05-03,3.5 Å,8iai_K,8iai_I,1175.05 Å²,99,3.0,2.0,https://bioinformatics.lt/ppi3d/site/interaction_details/single_sequence/rIiStfbc/1/null/13965311/1987925/72502567/2132194
4581,8iai,"Structure of mammalian spectrin-actin junctional complex of membrane skeleton, State II, Global map",2023-05-03,3.5 Å,8iai_I,8iai_S,1456.31 Å²,119,7.0,4.0,https://bioinformatics.lt/ppi3d/site/interaction_details/single_sequence/rIiStfbc/1/null/13965311/1987927/72502574/2132195
4583,8efi,Helical reconstruction of the human cardiac actin-tropomyosin-myosin complex in the rigor form,2022-11-23,3.4 Å,8efi_D,8efi_E,1149.00 Å²,100,4.0,3.0,https://bioinformatics.lt/ppi3d/site/interaction_details/single_sequence/rIiStfbc/1/null/13965567/1836815/68056553/1999193
4584,8efi,Helical reconstruction of the human cardiac actin-tropomyosin-myosin complex in the rigor form,2022-11-23,3.4 Å,8efi_D,8efi_F,408.81 Å²,35,2.0,1.0,https://bioinformatics.lt/ppi3d/site/interaction_details/single_sequence/rIiStfbc/1/null/13965567/1836817/68056554/1999194
4585,6c1d,High-Resolution Cryo-EM Structures of Actin-bound Myosin States Reveal the Mechanism of Myosin Force Sensing,2018-01-31,3.2 Å,6c1d_D,6c1d_P,494.81 Å²,41,1.0,,https://bioinformatics.lt/ppi3d/site/interaction_details/single_sequence/rIiStfbc/1/null/13965823/874653/27500345/996647
4587,6c1d,High-Resolution Cryo-EM Structures of Actin-bound Myosin States Reveal the Mechanism of Myosin Force Sensing,2018-01-31,3.2 Å,6c1d_D,6c1d_C,421.15 Å²,37,3.0,2.0,https://bioinformatics.lt/ppi3d/site/interaction_details/single_sequence/rIiStfbc/1/null/13965823/874648/27500363/996644
4588,6c1d,High-Resolution Cryo-EM Structures of Actin-bound Myosin States Reveal the Mechanism of Myosin Force Sensing,2018-01-31,3.2 Å,6c1d_D,6c1d_B,1153.50 Å²,95,10.0,3.0,https://bioinformatics.lt/ppi3d/site/interaction_details/single_sequence/rIiStfbc/1/null/13965823/874644/27500364/996642
4591,8c4e,F-actin decorated by SipA426-685,2024-01-17,2.6 Å,8c4e_H,8c4e_L,135.85 Å²,15,,,https://bioinformatics.lt/ppi3d/site/interaction_details/single_sequence/rIiStfbc/1/null/13966079/2144681/75903869/2262591
462,9gob,Structure of the F-tractin-F-actin complex,2025-01-22,3.2 Å,9gob_C,9gob_F,572.94 Å²,47,5.0,1.0,https://bioinformatics.lt/ppi3d/site/interaction_details/single_sequence/rIiStfbc/1/null/13965588/2415163/87255184/2507406
463,9gob,Structure of the F-tractin-F-actin complex,2025-01-22,3.2 Å,9gob_C,9gob_A,1169.47 Å²,102,7.0,3.0,https://bioinformatics.lt/ppi3d/site/interaction_details/single_sequence/rIiStfbc/1/null/13965588/2415154/87255185/2507401
464,9gob,Structure of the F-tractin-F-actin complex,2025-01-22,3.2 Å,9gob_E,9gob_C,1110.66 Å²,98,4.0,3.0,https://bioinformatics.lt/ppi3d/site/interaction_details/single_sequence/rIiStfbc/1/null/13965588/2415161/87255186/2507405
465,9gob,Structure of the F-tractin-F-actin complex,2025-01-22,3.2 Å,9gob_C,9gob_B,462.36 Å²,44,3.0,1.0,https://bioinformatics.lt/ppi3d/site/interaction_details/single_sequence/rIiStfbc/1/null/13965588/2415156/87255187/2507402
466,9gob,Structure of the F-tractin-F-actin complex,2025-01-22,3.2 Å,9gob_D,9gob_C,452.29 Å²,45,3.0,2.0,https://bioinformatics.lt/ppi3d/site/interaction_details/single_sequence/rIiStfbc/1/null/13965588/2415159/87255188/2507404
468,8f8t,Cryo-EM structure of the Tropomodulin-capped pointed end of F-actin,2023-06-07,3.3 Å,8f8t_C,8f8t_B,411.90 Å²,38,3.0,,https://bioinformatics.lt/ppi3d/site/interaction_details/single_sequence/rIiStfbc/1/null/13966100/2005883/73121175/2147432
469,8f8t,Cryo-EM structure of the Tropomodulin-capped pointed end of F-actin,2023-06-07,3.3 Å,8f8t_D,8f8t_B,1158.12 Å²,92,5.0,3.0,https://bioinformatics.lt/ppi3d/site/interaction_details/single_sequence/rIiStfbc/1/null/13966100/2005885/73121176/2147433
47,9ug2,Severed and capped actin fragment by two G1G3 domains of gelsolin,2026-04-15,2.9 Å,9ug2_E,9ug2_F,388.88 Å²,34,3.0,1.0,https://bioinformatics.lt/ppi3d/site/interaction_details/single_sequence/rIiStfbc/1/null/13966593/2792577/100922625/2860217
470,8f8t,Cryo-EM structure of the Tropomodulin-capped pointed end of F-actin,2023-06-07,3.3 Å,8f8t_B,8f8t_T,1904.92 Å²,172,8.0,8.0,https://bioinformatics.lt/ppi3d/site/interaction_details/single_sequence/rIiStfbc/1/null/13966100/2005887/73121180/2147434
473,8ib2,"Structure of mammalian spectrin-actin junctional complex of membrane skeleton, Pointed-end segment, headpiece domain of dematin optimized",2023-04-26,3.8 Å,8ib2_E,8ib2_5,360.13 Å²,27,2.0,,https://bioinformatics.lt/ppi3d/site/interaction_details/single_sequence/rIiStfbc/1/null/13965333/1987972/72495914/2132217
476,8ib2,"Structure of mammalian spectrin-actin junctional complex of membrane skeleton, Pointed-end segment, headpiece domain of dematin optimized",2023-04-26,3.8 Å,8ib2_F,8ib2_E,385.53 Å²,30,1.0,2.0,https://bioinformatics.lt/ppi3d/site/interaction_details/single_sequence/rIiStfbc/1/null/13965333/1987985/72495925/2132224
48,8iai,"Structure of mammalian spectrin-actin junctional complex of membrane skeleton, State II, Global map",2023-05-03,3.5 Å,8iai_F,8iai_6,1212.13 Å²,113,8.0,1.0,https://bioinformatics.lt/ppi3d/site/interaction_details/single_sequence/rIiStfbc/1/null/13965314/1987814/72502353/2132138
480,8f8t,Cryo-EM structure of the Tropomodulin-capped pointed end of F-actin,2023-06-07,3.3 Å,8f8t_B,8f8t_A,345.61 Å²,30,2.0,,https://bioinformatics.lt/ppi3d/site/interaction_details/single_sequence/rIiStfbc/1/null/13966101/2005877/73121168/2147429
481,8f8t,Cryo-EM structure of the Tropomodulin-capped pointed end of F-actin,2023-06-07,3.3 Å,8f8t_C,8f8t_A,1123.19 Å²,94,4.0,2.0,https://bioinformatics.lt/ppi3d/site/interaction_details/single_sequence/rIiStfbc/1/null/13966101/2005879/73121169/2147430
482,8f8t,Cryo-EM structure of the Tropomodulin-capped pointed end of F-actin,2023-06-07,3.3 Å,8f8t_A,8f8t_T,1991.96 Å²,159,16.0,4.0,https://bioinformatics.lt/ppi3d/site/interaction_details/single_sequence/rIiStfbc/1/null/13966101/2005881/73121174/2147431
485,8ib2,"Structure of mammalian spectrin-actin junctional complex of membrane skeleton, Pointed-end segment, headpiece domain of dematin optimized",2023-04-26,3.8 Å,8ib2_D,8ib2_5,124.19 Å²,12,1.0,,https://bioinformatics.lt/ppi3d/site/interaction_details/single_sequence/rIiStfbc/1/null/13965334/1987970/72495913/2132216
488,8ib2,"Structure of mammalian spectrin-actin junctional complex of membrane skeleton, Pointed-end segment, headpiece domain of dematin optimized",2023-04-26,3.8 Å,8ib2_E,8ib2_D,374.35 Å²,30,1.0,,https://bioinformatics.lt/ppi3d/site/interaction_details/single_sequence/rIiStfbc/1/null/13965334/1987981/72495923/2132222
489,8ib2,"Structure of mammalian spectrin-actin junctional complex of membrane skeleton, Pointed-end segment, headpiece domain of dematin optimized",2023-04-26,3.8 Å,8ib2_F,8ib2_D,1167.19 Å²,92,6.0,4.0,https://bioinformatics.lt/ppi3d/site/interaction_details/single_sequence/rIiStfbc/1/null/13965334/1987983/72495924/2132223
498,8ib2,"Structure of mammalian spectrin-actin junctional complex of membrane skeleton, Pointed-end segment, headpiece domain of dematin optimized",2023-04-26,3.8 Å,8ib2_D,8ib2_C,413.64 Å²,34,3.0,2.0,https://bioinformatics.lt/ppi3d/site/interaction_details/single_sequence/rIiStfbc/1/null/13965335/1987977/72495920/2132220
499,8ib2,"Structure of mammalian spectrin-actin junctional complex of membrane skeleton, Pointed-end segment, headpiece domain of dematin optimized",2023-04-26,3.8 Å,8ib2_E,8ib2_C,1150.11 Å²,91,5.0,3.0,https://bioinformatics.lt/ppi3d/site/interaction_details/single_sequence/rIiStfbc/1/null/13965335/1987979/72495921/2132221
5,8iai,"Structure of mammalian spectrin-actin junctional complex of membrane skeleton, State II, Global map",2023-05-03,3.5 Å,8iai_J,8iai_H,1127.86 Å²,91,4.0,3.0,https://bioinformatics.lt/ppi3d/site/interaction_details/single_sequence/rIiStfbc/1/null/13965312/1987917/72502552/2132190
501,3tpq,Crystal structure of wild-type MAL RPEL domain in complex with five G-actins,2011-10-12,3.5 Å,3tpq_A,3tpq_M,1481.05 Å²,123,8.0,1.0,https://bioinformatics.lt/ppi3d/site/interaction_details/single_sequence/rIiStfbc/1/null/13965847/534039/18570636/654421
506,8f8s,Cryo-EM structure of the free pointed end of F-actin,2023-06-07,2.8 Å,8f8s_G,8f8s_F,413.85 Å²,35,3.0,,https://bioinformatics.lt/ppi3d/site/interaction_details/single_sequence/rIiStfbc/1/null/13966103/2005875/73121167/2147428
51,8iai,"Structure of mammalian spectrin-actin junctional complex of membrane skeleton, State II, Global map",2023-05-03,3.5 Å,8iai_G,8iai_F,386.28 Å²,30,2.0,,https://bioinformatics.lt/ppi3d/site/interaction_details/single_sequence/rIiStfbc/1/null/13965314/1987899/72502518/2132181
510,8ib2,"Structure of mammalian spectrin-actin junctional complex of membrane skeleton, Pointed-end segment, headpiece domain of dematin optimized",2023-04-26,3.8 Å,8ib2_C,8ib2_B,395.19 Å²,33,1.0,,https://bioinformatics.lt/ppi3d/site/interaction_details/single_sequence/rIiStfbc/1/null/13965336/1987973/72495916/2132218
511,8ib2,"Structure of mammalian spectrin-actin junctional complex of membrane skeleton, Pointed-end segment, headpiece domain of dematin optimized",2023-04-26,3.8 Å,8ib2_D,8ib2_B,1166.87 Å²,93,3.0,2.0,https://bioinformatics.lt/ppi3d/site/interaction_details/single_sequence/rIiStfbc/1/null/13965336/1987975/72495917/2132219
515,3tpq,Crystal structure of wild-type MAL RPEL domain in complex with five G-actins,2011-10-12,3.5 Å,3tpq_B,3tpq_M,1139.16 Å²,88,5.0,3.0,https://bioinformatics.lt/ppi3d/site/interaction_details/single_sequence/rIiStfbc/1/null/13965848/534047/18570635/654427
517,3tpq,Crystal structure of wild-type MAL RPEL domain in complex with five G-actins,2011-10-12,3.5 Å,3tpq_B,3tpq_A,203.24 Å²,19,2.0,1.0,https://bioinformatics.lt/ppi3d/site/interaction_details/single_sequence/rIiStfbc/1/null/13965848/534038/18570646/654422
52,8iai,"Structure of mammalian spectrin-actin junctional complex of membrane skeleton, State II, Global map",2023-05-03,3.5 Å,8iai_H,8iai_F,1151.69 Å²,90,2.0,2.0,https://bioinformatics.lt/ppi3d/site/interaction_details/single_sequence/rIiStfbc/1/null/13965314/1987901/72502519/2132182
520,8f8s,Cryo-EM structure of the free pointed end of F-actin,2023-06-07,2.8 Å,8f8s_F,8f8s_E,413.65 Å²,34,4.0,,https://bioinformatics.lt/ppi3d/site/interaction_details/single_sequence/rIiStfbc/1/null/13966104/2005871/73121165/2147426
521,8f8s,Cryo-EM structure of the free pointed end of F-actin,2023-06-07,2.8 Å,8f8s_G,8f8s_E,1163.73 Å²,92,5.0,3.0,https://bioinformatics.lt/ppi3d/site/interaction_details/single_sequence/rIiStfbc/1/null/13966104/2005873/73121166/2147427
524,8ord,Cryo-EM map of zebrafish cardiac F-actin,2023-08-02,3.9 Å,8ord_E,8ord_D,469.26 Å²,44,4.0,1.0,https://bioinformatics.lt/ppi3d/site/interaction_details/single_sequence/rIiStfbc/1/null/13966616/2052615/73740682/2185995
529,3tpq,Crystal structure of wild-type MAL RPEL domain in complex with five G-actins,2011-10-12,3.5 Å,3tpq_C,3tpq_M,658.95 Å²,57,5.0,,https://bioinformatics.lt/ppi3d/site/interaction_details/single_sequence/rIiStfbc/1/null/13965849/534043/18570634/654423
53,8iai,"Structure of mammalian spectrin-actin junctional complex of membrane skeleton, State II, Global map",2023-05-03,3.5 Å,8iai_F,8iai_P,1218.36 Å²,97,10.0,3.0,https://bioinformatics.lt/ppi3d/site/interaction_details/single_sequence/rIiStfbc/1/null/13965314/1987903/72502526/2132183
530,3tpq,Crystal structure of wild-type MAL RPEL domain in complex with five G-actins,2011-10-12,3.5 Å,3tpq_C,3tpq_B,116.56 Å²,10,1.0,2.0,https://bioinformatics.lt/ppi3d/site/interaction_details/single_sequence/rIiStfbc/1/null/13965849/534050/18570644/654425
533,8f8s,Cryo-EM structure of the free pointed end of F-actin,2023-06-07,2.8 Å,8f8s_E,8f8s_D,393.55 Å²,34,4.0,,https://bioinformatics.lt/ppi3d/site/interaction_details/single_sequence/rIiStfbc/1/null/13966105/2005867/73121162/2147424
534,8f8s,Cryo-EM structure of the free pointed end of F-actin,2023-06-07,2.8 Å,8f8s_F,8f8s_D,1160.06 Å²,94,8.0,4.0,https://bioinformatics.lt/ppi3d/site/interaction_details/single_sequence/rIiStfbc/1/null/13966105/2005869/73121163/2147425
538,8ord,Cryo-EM map of zebrafish cardiac F-actin,2023-08-02,3.9 Å,8ord_D,8ord_C,1054.26 Å²,95,4.0,1.0,https://bioinformatics.lt/ppi3d/site/interaction_details/single_sequence/rIiStfbc/1/null/13966617/2052613/73740680/2185994
54,8iai,"Structure of mammalian spectrin-actin junctional complex of membrane skeleton, State II, Global map",2023-05-03,3.5 Å,8iai_F,8iai_R,343.54 Å²,27,3.0,,https://bioinformatics.lt/ppi3d/site/interaction_details/single_sequence/rIiStfbc/1/null/13965314/1987905/72502528/2132184
541,7ztc,Non-muscle F-actin decorated with non-muscle tropomyosin 1.6,2023-01-11,3.9 Å,7ztc_G,7ztc_H,386.37 Å²,33,3.0,2.0,https://bioinformatics.lt/ppi3d/site/interaction_details/single_sequence/rIiStfbc/1/null/13965338/1861951/68768310/2027745
545,3tpq,Crystal structure of wild-type MAL RPEL domain in complex with five G-actins,2011-10-12,3.5 Å,3tpq_D,3tpq_M,1007.59 Å²,86,5.0,,https://bioinformatics.lt/ppi3d/site/interaction_details/single_sequence/rIiStfbc/1/null/13965850/534041/18570633/654426
546,3tpq,Crystal structure of wild-type MAL RPEL domain in complex with five G-actins,2011-10-12,3.5 Å,3tpq_A,3tpq_D,403.74 Å²,37,4.0,1.0,https://bioinformatics.lt/ppi3d/site/interaction_details/single_sequence/rIiStfbc/1/null/13965850/534046/18570643/654424
549,8f8s,Cryo-EM structure of the free pointed end of F-actin,2023-06-07,2.8 Å,8f8s_D,8f8s_C,378.65 Å²,32,3.0,,https://bioinformatics.lt/ppi3d/site/interaction_details/single_sequence/rIiStfbc/1/null/13966106/2005863/73121158/2147422
550,8f8s,Cryo-EM structure of the free pointed end of F-actin,2023-06-07,2.8 Å,8f8s_E,8f8s_C,1166.84 Å²,94,5.0,3.0,https://bioinformatics.lt/ppi3d/site/interaction_details/single_sequence/rIiStfbc/1/null/13966106/2005865/73121159/2147423
553,8ord,Cryo-EM map of zebrafish cardiac F-actin,2023-08-02,3.9 Å,8ord_C,8ord_B,483.69 Å²,41,3.0,1.0,https://bioinformatics.lt/ppi3d/site/interaction_details/single_sequence/rIiStfbc/1/null/13966618/2052611/73740677/2185993
556,7ztc,Non-muscle F-actin decorated with non-muscle tropomyosin 1.6,2023-01-11,3.9 Å,7ztc_F,7ztc_G,386.37 Å²,32,2.0,2.0,https://bioinformatics.lt/ppi3d/site/interaction_details/single_sequence/rIiStfbc/1/null/13965339/1861947/68768308/2027743
557,7ztc,Non-muscle F-actin decorated with non-muscle tropomyosin 1.6,2023-01-11,3.9 Å,7ztc_F,7ztc_H,932.45 Å²,80,1.0,3.0,https://bioinformatics.lt/ppi3d/site/interaction_details/single_sequence/rIiStfbc/1/null/13965339/1861949/68768309/2027744
561,3tpq,Crystal structure of wild-type MAL RPEL domain in complex with five G-actins,2011-10-12,3.5 Å,3tpq_E,3tpq_M,577.95 Å²,55,3.0,,https://bioinformatics.lt/ppi3d/site/interaction_details/single_sequence/rIiStfbc/1/null/13965851/534051/18570632/654420
563,8f8s,Cryo-EM structure of the free pointed end of F-actin,2023-06-07,2.8 Å,8f8s_C,8f8s_B,342.67 Å²,31,3.0,,https://bioinformatics.lt/ppi3d/site/interaction_details/single_sequence/rIiStfbc/1/null/13966107/2005859/73121153/2147420
564,8f8s,Cryo-EM structure of the free pointed end of F-actin,2023-06-07,2.8 Å,8f8s_D,8f8s_B,1147.45 Å²,94,7.0,4.0,https://bioinformatics.lt/ppi3d/site/interaction_details/single_sequence/rIiStfbc/1/null/13966107/2005861/73121154/2147421
566,8ord,Cryo-EM map of zebrafish cardiac F-actin,2023-08-02,3.9 Å,8ord_A,8ord_B,1072.52 Å²,94,7.0,3.0,https://bioinformatics.lt/ppi3d/site/interaction_details/single_sequence/rIiStfbc/1/null/13966619/2052603/73740673/2185989
567,8ord,Cryo-EM map of zebrafish cardiac F-actin,2023-08-02,3.9 Å,8ord_A,8ord_C,454.05 Å²,35,3.0,1.0,https://bioinformatics.lt/ppi3d/site/interaction_details/single_sequence/rIiStfbc/1/null/13966619/2052605/73740674/2185990
568,8ord,Cryo-EM map of zebrafish cardiac F-actin,2023-08-02,3.9 Å,8ord_D,8ord_A,446.90 Å²,39,4.0,,https://bioinformatics.lt/ppi3d/site/interaction_details/single_sequence/rIiStfbc/1/null/13966619/2052607/73740675/2185991
569,8ord,Cryo-EM map of zebrafish cardiac F-actin,2023-08-02,3.9 Å,8ord_E,8ord_A,1080.93 Å²,96,6.0,4.0,https://bioinformatics.lt/ppi3d/site/interaction_details/single_sequence/rIiStfbc/1/null/13966619/2052609/73740676/2185992
572,7ztc,Non-muscle F-actin decorated with non-muscle tropomyosin 1.6,2023-01-11,3.9 Å,7ztc_E,7ztc_F,391.25 Å²,31,3.0,2.0,https://bioinformatics.lt/ppi3d/site/interaction_details/single_sequence/rIiStfbc/1/null/13965340/1861943/68768305/2027741
573,7ztc,Non-muscle F-actin decorated with non-muscle tropomyosin 1.6,2023-01-11,3.9 Å,7ztc_E,7ztc_G,949.98 Å²,79,3.0,3.0,https://bioinformatics.lt/ppi3d/site/interaction_details/single_sequence/rIiStfbc/1/null/13965340/1861945/68768306/2027742
577,8f8s,Cryo-EM structure of the free pointed end of F-actin,2023-06-07,2.8 Å,8f8s_B,8f8s_A,329.55 Å²,27,1.0,,https://bioinformatics.lt/ppi3d/site/interaction_details/single_sequence/rIiStfbc/1/null/13966108/2005855/73121147/2147418
578,8f8s,Cryo-EM structure of the free pointed end of F-actin,2023-06-07,2.8 Å,8f8s_C,8f8s_A,1062.73 Å²,94,6.0,3.0,https://bioinformatics.lt/ppi3d/site/interaction_details/single_sequence/rIiStfbc/1/null/13966108/2005857/73121148/2147419
583,7ztc,Non-muscle F-actin decorated with non-muscle tropomyosin 1.6,2023-01-11,3.9 Å,7ztc_D,7ztc_E,372.10 Å²,32,3.0,2.0,https://bioinformatics.lt/ppi3d/site/interaction_details/single_sequence/rIiStfbc/1/null/13965341/1861939/68768301/2027739
584,7ztc,Non-muscle F-actin decorated with non-muscle tropomyosin 1.6,2023-01-11,3.9 Å,7ztc_D,7ztc_F,934.35 Å²,81,1.0,3.0,https://bioinformatics.lt/ppi3d/site/interaction_details/single_sequence/rIiStfbc/1/null/13965341/1861941/68768302/2027740
595,7ztc,Non-muscle F-actin decorated with non-muscle tropomyosin 1.6,2023-01-11,3.9 Å,7ztc_C,7ztc_D,362.59 Å²,30,1.0,2.0,https://bioinformatics.lt/ppi3d/site/interaction_details/single_sequence/rIiStfbc/1/null/13965342/1861935/68768296/2027737
596,7ztc,Non-muscle F-actin decorated with non-muscle tropomyosin 1.6,2023-01-11,3.9 Å,7ztc_C,7ztc_E,918.54 Å²,76,2.0,3.0,https://bioinformatics.lt/ppi3d/site/interaction_details/single_sequence/rIiStfbc/1/null/13965342/1861937/68768297/2027738
6,8iai,"Structure of mammalian spectrin-actin junctional complex of membrane skeleton, State II, Global map",2023-05-03,3.5 Å,8iai_H,8iai_R,1218.28 Å²,100,7.0,4.0,https://bioinformatics.lt/ppi3d/site/interaction_details/single_sequence/rIiStfbc/1/null/13965312/1987919/72502559/2132191
60,5jlf,Structure of the F-actin-tropomyosin complex (Reprocessed),2016-06-15,3.6 Å,5jlf_E,5jlf_D,1134.09 Å²,106,4.0,4.0,https://bioinformatics.lt/ppi3d/site/interaction_details/single_sequence/rIiStfbc/1/null/13965826/769981/23566352/888847
603,8f8r,Cryo-EM structure of the free barbed end of F-actin,2023-06-07,3.3 Å,8f8r_G,8f8r_F,425.14 Å²,41,2.0,,https://bioinformatics.lt/ppi3d/site/interaction_details/single_sequence/rIiStfbc/1/null/13966110/2005853/73121146/2147417
606,7ztc,Non-muscle F-actin decorated with non-muscle tropomyosin 1.6,2023-01-11,3.9 Å,7ztc_B,7ztc_C,385.21 Å²,31,3.0,2.0,https://bioinformatics.lt/ppi3d/site/interaction_details/single_sequence/rIiStfbc/1/null/13965343/1861931/68768290/2027735
607,7ztc,Non-muscle F-actin decorated with non-muscle tropomyosin 1.6,2023-01-11,3.9 Å,7ztc_B,7ztc_D,930.38 Å²,80,1.0,3.0,https://bioinformatics.lt/ppi3d/site/interaction_details/single_sequence/rIiStfbc/1/null/13965343/1861933/68768291/2027736
612,8f8r,Cryo-EM structure of the free barbed end of F-actin,2023-06-07,3.3 Å,8f8r_F,8f8r_E,429.17 Å²,37,2.0,,https://bioinformatics.lt/ppi3d/site/interaction_details/single_sequence/rIiStfbc/1/null/13966111/2005849/73121144/2147415
613,8f8r,Cryo-EM structure of the free barbed end of F-actin,2023-06-07,3.3 Å,8f8r_G,8f8r_E,1198.93 Å²,97,7.0,3.0,https://bioinformatics.lt/ppi3d/site/interaction_details/single_sequence/rIiStfbc/1/null/13966111/2005851/73121145/2147416
615,7ztc,Non-muscle F-actin decorated with non-muscle tropomyosin 1.6,2023-01-11,3.9 Å,7ztc_A,7ztc_B,389.06 Å²,33,3.0,2.0,https://bioinformatics.lt/ppi3d/site/interaction_details/single_sequence/rIiStfbc/1/null/13965344/1861927/68768283/2027733
616,7ztc,Non-muscle F-actin decorated with non-muscle tropomyosin 1.6,2023-01-11,3.9 Å,7ztc_A,7ztc_C,927.24 Å²,81,1.0,3.0,https://bioinformatics.lt/ppi3d/site/interaction_details/single_sequence/rIiStfbc/1/null/13965344/1861929/68768284/2027734
622,8f8r,Cryo-EM structure of the free barbed end of F-actin,2023-06-07,3.3 Å,8f8r_E,8f8r_D,426.09 Å²,34,4.0,,https://bioinformatics.lt/ppi3d/site/interaction_details/single_sequence/rIiStfbc/1/null/13966112/2005845/73121141/2147413
623,8f8r,Cryo-EM structure of the free barbed end of F-actin,2023-06-07,3.3 Å,8f8r_F,8f8r_D,1179.26 Å²,98,3.0,2.0,https://bioinformatics.lt/ppi3d/site/interaction_details/single_sequence/rIiStfbc/1/null/13966112/2005847/73121142/2147414
63,8c4e,F-actin decorated by SipA426-685,2024-01-17,2.6 Å,8c4e_F,8c4e_E,402.65 Å²,33,3.0,,https://bioinformatics.lt/ppi3d/site/interaction_details/single_sequence/rIiStfbc/1/null/13966082/2144659/75903850/2262580
635,8f8r,Cryo-EM structure of the free barbed end of F-actin,2023-06-07,3.3 Å,8f8r_D,8f8r_C,423.13 Å²,37,4.0,,https://bioinformatics.lt/ppi3d/site/interaction_details/single_sequence/rIiStfbc/1/null/13966113/2005841/73121137/2147411
636,8f8r,Cryo-EM structure of the free barbed end of F-actin,2023-06-07,3.3 Å,8f8r_E,8f8r_C,1215.24 Å²,101,5.0,3.0,https://bioinformatics.lt/ppi3d/site/interaction_details/single_sequence/rIiStfbc/1/null/13966113/2005843/73121138/2147412
64,8c4e,F-actin decorated by SipA426-685,2024-01-17,2.6 Å,8c4e_G,8c4e_E,1175.72 Å²,95,7.0,4.0,https://bioinformatics.lt/ppi3d/site/interaction_details/single_sequence/rIiStfbc/1/null/13966082/2144661/75903851/2262581
644,8f8r,Cryo-EM structure of the free barbed end of F-actin,2023-06-07,3.3 Å,8f8r_C,8f8r_B,422.13 Å²,34,3.0,1.0,https://bioinformatics.lt/ppi3d/site/interaction_details/single_sequence/rIiStfbc/1/null/13966114/2005837/73121132/2147409
645,8f8r,Cryo-EM structure of the free barbed end of F-actin,2023-06-07,3.3 Å,8f8r_D,8f8r_B,1194.06 Å²,99,6.0,2.0,https://bioinformatics.lt/ppi3d/site/interaction_details/single_sequence/rIiStfbc/1/null/13966114/2005839/73121133/2147410
65,8c4e,F-actin decorated by SipA426-685,2024-01-17,2.6 Å,8c4e_E,8c4e_K,1119.27 Å²,105,7.0,3.0,https://bioinformatics.lt/ppi3d/site/interaction_details/single_sequence/rIiStfbc/1/null/13966082/2144663/75903853/2262582
653,8f8r,Cryo-EM structure of the free barbed end of F-actin,2023-06-07,3.3 Å,8f8r_B,8f8r_A,421.45 Å²,34,2.0,1.0,https://bioinformatics.lt/ppi3d/site/interaction_details/single_sequence/rIiStfbc/1/null/13966115/2005833/73121126/2147407
654,8f8r,Cryo-EM structure of the free barbed end of F-actin,2023-06-07,3.3 Å,8f8r_C,8f8r_A,1177.43 Å²,98,6.0,1.0,https://bioinformatics.lt/ppi3d/site/interaction_details/single_sequence/rIiStfbc/1/null/13966115/2005835/73121127/2147408
66,8c4e,F-actin decorated by SipA426-685,2024-01-17,2.6 Å,8c4e_E,8c4e_L,916.11 Å²,69,7.0,2.0,https://bioinformatics.lt/ppi3d/site/interaction_details/single_sequence/rIiStfbc/1/null/13966082/2144665/75903854/2262583
660,7pdz,Structure of capping protein bound to the barbed end of a cytoplasmic actin filament,2021-09-01,3.8 Å,7pdz_N,7pdz_O,428.47 Å²,38,3.0,1.0,https://bioinformatics.lt/ppi3d/site/interaction_details/single_sequence/rIiStfbc/1/null/13965348/1647703/58640765/1774707
663,9az6,F-actin-Talin(R13-DD) complex,2025-02-12,3.0 Å,9az6_E,9az6_L,1687.62 Å²,134,4.0,5.0,https://bioinformatics.lt/ppi3d/site/interaction_details/single_sequence/rIiStfbc/1/null/13965604/2427063/90462582/2545578
666,8f8q,Cryo-EM structure of the CapZ-capped barbed end of F-actin,2023-06-07,2.8 Å,8f8q_F,8f8q_G,345.56 Å²,28,1.0,2.0,https://bioinformatics.lt/ppi3d/site/interaction_details/single_sequence/rIiStfbc/1/null/13966116/2005827/73121123/2147404
667,8f8q,Cryo-EM structure of the CapZ-capped barbed end of F-actin,2023-06-07,2.8 Å,8f8q_F,8f8q_H,1012.63 Å²,75,4.0,,https://bioinformatics.lt/ppi3d/site/interaction_details/single_sequence/rIiStfbc/1/null/13966116/2005829/73121124/2147405
675,7pdz,Structure of capping protein bound to the barbed end of a cytoplasmic actin filament,2021-09-01,3.8 Å,7pdz_L,7pdz_N,390.78 Å²,36,3.0,1.0,https://bioinformatics.lt/ppi3d/site/interaction_details/single_sequence/rIiStfbc/1/null/13965349/1647699/58640758/1774705
676,7pdz,Structure of capping protein bound to the barbed end of a cytoplasmic actin filament,2021-09-01,3.8 Å,7pdz_L,7pdz_O,1164.72 Å²,98,8.0,3.0,https://bioinformatics.lt/ppi3d/site/interaction_details/single_sequence/rIiStfbc/1/null/13965349/1647701/58640759/1774706
679,9az6,F-actin-Talin(R13-DD) complex,2025-02-12,3.0 Å,9az6_E,9az6_D,411.21 Å²,35,4.0,,https://bioinformatics.lt/ppi3d/site/interaction_details/single_sequence/rIiStfbc/1/null/13965605/2427059/90462567/2545576
68,9ug2,Severed and capped actin fragment by two G1G3 domains of gelsolin,2026-04-15,2.9 Å,9ug2_D,9ug2_B,2059.58 Å²,179,9.0,5.0,https://bioinformatics.lt/ppi3d/site/interaction_details/single_sequence/rIiStfbc/1/null/13966594/2792566/100922617/2860211
680,9az6,F-actin-Talin(R13-DD) complex,2025-02-12,3.0 Å,9az6_D,9az6_J,1647.70 Å²,137,5.0,5.0,https://bioinformatics.lt/ppi3d/site/interaction_details/single_sequence/rIiStfbc/1/null/13965605/2427061/90462572/2545577
683,8f8q,Cryo-EM structure of the CapZ-capped barbed end of F-actin,2023-06-07,2.8 Å,8f8q_F,8f8q_E,418.04 Å²,32,3.0,2.0,https://bioinformatics.lt/ppi3d/site/interaction_details/single_sequence/rIiStfbc/1/null/13966117/2005821/73121120/2147401
684,8f8q,Cryo-EM structure of the CapZ-capped barbed end of F-actin,2023-06-07,2.8 Å,8f8q_E,8f8q_G,983.30 Å²,71,2.0,3.0,https://bioinformatics.lt/ppi3d/site/interaction_details/single_sequence/rIiStfbc/1/null/13966117/2005823/73121121/2147402
685,8f8q,Cryo-EM structure of the CapZ-capped barbed end of F-actin,2023-06-07,2.8 Å,8f8q_E,8f8q_H,151.70 Å²,9,,,https://bioinformatics.lt/ppi3d/site/interaction_details/single_sequence/rIiStfbc/1/null/13966117/2005825/73121122/2147403
693,7pdz,Structure of capping protein bound to the barbed end of a cytoplasmic actin filament,2021-09-01,3.8 Å,7pdz_K,7pdz_L,418.17 Å²,40,4.0,1.0,https://bioinformatics.lt/ppi3d/site/interaction_details/single_sequence/rIiStfbc/1/null/13965350/1647695/58640750/1774703
694,7pdz,Structure of capping protein bound to the barbed end of a cytoplasmic actin filament,2021-09-01,3.8 Å,7pdz_K,7pdz_N,1196.75 Å²,100,11.0,3.0,https://bioinformatics.lt/ppi3d/site/interaction_details/single_sequence/rIiStfbc/1/null/13965350/1647697/58640751/1774704
697,9az6,F-actin-Talin(R13-DD) complex,2025-02-12,3.0 Å,9az6_D,9az6_C,415.91 Å²,34,4.0,1.0,https://bioinformatics.lt/ppi3d/site/interaction_details/single_sequence/rIiStfbc/1/null/13965606/2427049/90462557/2545571
698,9az6,F-actin-Talin(R13-DD) complex,2025-02-12,3.0 Å,9az6_E,9az6_C,1174.43 Å²,101,7.0,3.0,https://bioinformatics.lt/ppi3d/site/interaction_details/single_sequence/rIiStfbc/1/null/13965606/2427051/90462558/2545572
699,9az6,F-actin-Talin(R13-DD) complex,2025-02-12,3.0 Å,9az6_C,9az6_H,1721.53 Å²,132,3.0,4.0,https://bioinformatics.lt/ppi3d/site/interaction_details/single_sequence/rIiStfbc/1/null/13965606/2427053/90462561/2545573
7,8iai,"Structure of mammalian spectrin-actin junctional complex of membrane skeleton, State II, Global map",2023-05-03,3.5 Å,8iai_H,8iai_T,301.13 Å²,26,1.0,,https://bioinformatics.lt/ppi3d/site/interaction_details/single_sequence/rIiStfbc/1/null/13965312/1987921/72502561/2132192
70,9ug2,Severed and capped actin fragment by two G1G3 domains of gelsolin,2026-04-15,2.9 Å,9ug2_D,9ug2_E,408.43 Å²,34,4.0,1.0,https://bioinformatics.lt/ppi3d/site/interaction_details/single_sequence/rIiStfbc/1/null/13966594/2792573/100922623/2860215
700,9az6,F-actin-Talin(R13-DD) complex,2025-02-12,3.0 Å,9az6_C,9az6_L,455.87 Å²,41,1.0,1.0,https://bioinformatics.lt/ppi3d/site/interaction_details/single_sequence/rIiStfbc/1/null/13965606/2427055/90462565/2545574
701,9az6,F-actin-Talin(R13-DD) complex,2025-02-12,3.0 Å,9az6_C,9az6_M,219.53 Å²,22,,,https://bioinformatics.lt/ppi3d/site/interaction_details/single_sequence/rIiStfbc/1/null/13965606/2427057/90462566/2545575
704,8f8q,Cryo-EM structure of the CapZ-capped barbed end of F-actin,2023-06-07,2.8 Å,8f8q_E,8f8q_D,418.58 Å²,35,2.0,1.0,https://bioinformatics.lt/ppi3d/site/interaction_details/single_sequence/rIiStfbc/1/null/13966118/2005817/73121116/2147399
705,8f8q,Cryo-EM structure of the CapZ-capped barbed end of F-actin,2023-06-07,2.8 Å,8f8q_F,8f8q_D,1175.70 Å²,99,8.0,4.0,https://bioinformatics.lt/ppi3d/site/interaction_details/single_sequence/rIiStfbc/1/null/13966118/2005819/73121117/2147400
71,9ug2,Severed and capped actin fragment by two G1G3 domains of gelsolin,2026-04-15,2.9 Å,9ug2_D,9ug2_F,1128.58 Å²,100,5.0,3.0,https://bioinformatics.lt/ppi3d/site/interaction_details/single_sequence/rIiStfbc/1/null/13966594/2792575/100922624/2860216
711,7pdz,Structure of capping protein bound to the barbed end of a cytoplasmic actin filament,2021-09-01,3.8 Å,7pdz_J,7pdz_E,130.90 Å²,10,1.0,,https://bioinformatics.lt/ppi3d/site/interaction_details/single_sequence/rIiStfbc/1/null/13965351/1647682/58640710/1774696
712,7pdz,Structure of capping protein bound to the barbed end of a cytoplasmic actin filament,2021-09-01,3.8 Å,7pdz_J,7pdz_F,785.12 Å²,66,5.0,5.0,https://bioinformatics.lt/ppi3d/site/interaction_details/single_sequence/rIiStfbc/1/null/13965351/1647686/58640721/1774698
714,7pdz,Structure of capping protein bound to the barbed end of a cytoplasmic actin filament,2021-09-01,3.8 Å,7pdz_J,7pdz_K,407.45 Å²,39,3.0,1.0,https://bioinformatics.lt/ppi3d/site/interaction_details/single_sequence/rIiStfbc/1/null/13965351/1647691/58640741/1774701
715,7pdz,Structure of capping protein bound to the barbed end of a cytoplasmic actin filament,2021-09-01,3.8 Å,7pdz_J,7pdz_L,1206.67 Å²,107,8.0,4.0,https://bioinformatics.lt/ppi3d/site/interaction_details/single_sequence/rIiStfbc/1/null/13965351/1647693/58640742/1774702
717,9az6,F-actin-Talin(R13-DD) complex,2025-02-12,3.0 Å,9az6_C,9az6_B,417.09 Å²,34,4.0,,https://bioinformatics.lt/ppi3d/site/interaction_details/single_sequence/rIiStfbc/1/null/13965607/2427039/90462546/2545566
718,9az6,F-actin-Talin(R13-DD) complex,2025-02-12,3.0 Å,9az6_D,9az6_B,1198.35 Å²,99,6.0,3.0,https://bioinformatics.lt/ppi3d/site/interaction_details/single_sequence/rIiStfbc/1/null/13965607/2427041/90462547/2545567
719,9az6,F-actin-Talin(R13-DD) complex,2025-02-12,3.0 Å,9az6_B,9az6_F,1586.56 Å²,134,1.0,3.0,https://bioinformatics.lt/ppi3d/site/interaction_details/single_sequence/rIiStfbc/1/null/13965607/2427043/90462549/2545568
72,8iai,"Structure of mammalian spectrin-actin junctional complex of membrane skeleton, State II, Global map",2023-05-03,3.5 Å,8iai_E,8iai_5,348.75 Å²,30,2.0,,https://bioinformatics.lt/ppi3d/site/interaction_details/single_sequence/rIiStfbc/1/null/13965315/1987798/72502327/2132130
720,9az6,F-actin-Talin(R13-DD) complex,2025-02-12,3.0 Å,9az6_B,9az6_J,464.48 Å²,37,,1.0,https://bioinformatics.lt/ppi3d/site/interaction_details/single_sequence/rIiStfbc/1/null/13965607/2427045/90462553/2545569
721,9az6,F-actin-Talin(R13-DD) complex,2025-02-12,3.0 Å,9az6_B,9az6_K,196.85 Å²,22,,,https://bioinformatics.lt/ppi3d/site/interaction_details/single_sequence/rIiStfbc/1/null/13965607/2427047/90462554/2545570
724,8f8q,Cryo-EM structure of the CapZ-capped barbed end of F-actin,2023-06-07,2.8 Å,8f8q_D,8f8q_C,414.10 Å²,34,4.0,,https://bioinformatics.lt/ppi3d/site/interaction_details/single_sequence/rIiStfbc/1/null/13966119/2005813/73121111/2147397
725,8f8q,Cryo-EM structure of the CapZ-capped barbed end of F-actin,2023-06-07,2.8 Å,8f8q_E,8f8q_C,1178.64 Å²,97,7.0,4.0,https://bioinformatics.lt/ppi3d/site/interaction_details/single_sequence/rIiStfbc/1/null/13966119/2005815/73121112/2147398
729,7pdz,Structure of capping protein bound to the barbed end of a cytoplasmic actin filament,2021-09-01,3.8 Å,7pdz_I,7pdz_E,973.56 Å²,74,4.0,1.0,https://bioinformatics.lt/ppi3d/site/interaction_details/single_sequence/rIiStfbc/1/null/13965352/1647680/58640709/1774695
73,8iai,"Structure of mammalian spectrin-actin junctional complex of membrane skeleton, State II, Global map",2023-05-03,3.5 Å,8iai_E,8iai_6,1245.54 Å²,101,3.0,1.0,https://bioinformatics.lt/ppi3d/site/interaction_details/single_sequence/rIiStfbc/1/null/13965315/1987812/72502352/2132137
730,7pdz,Structure of capping protein bound to the barbed end of a cytoplasmic actin filament,2021-09-01,3.8 Å,7pdz_I,7pdz_F,353.83 Å²,28,3.0,3.0,https://bioinformatics.lt/ppi3d/site/interaction_details/single_sequence/rIiStfbc/1/null/13965352/1647684/58640720/1774697
731,7pdz,Structure of capping protein bound to the barbed end of a cytoplasmic actin filament,2021-09-01,3.8 Å,7pdz_I,7pdz_J,410.27 Å²,36,4.0,,https://bioinformatics.lt/ppi3d/site/interaction_details/single_sequence/rIiStfbc/1/null/13965352/1647687/58640731/1774699
732,7pdz,Structure of capping protein bound to the barbed end of a cytoplasmic actin filament,2021-09-01,3.8 Å,7pdz_I,7pdz_K,1186.47 Å²,104,12.0,4.0,https://bioinformatics.lt/ppi3d/site/interaction_details/single_sequence/rIiStfbc/1/null/13965352/1647689/58640732/1774700
733,9az6,F-actin-Talin(R13-DD) complex,2025-02-12,3.0 Å,9az6_B,9az6_A,412.52 Å²,36,4.0,1.0,https://bioinformatics.lt/ppi3d/site/interaction_details/single_sequence/rIiStfbc/1/null/13965608/2427031/90462534/2545562
734,9az6,F-actin-Talin(R13-DD) complex,2025-02-12,3.0 Å,9az6_C,9az6_A,1183.48 Å²,97,6.0,3.0,https://bioinformatics.lt/ppi3d/site/interaction_details/single_sequence/rIiStfbc/1/null/13965608/2427033/90462535/2545563
735,9az6,F-actin-Talin(R13-DD) complex,2025-02-12,3.0 Å,9az6_A,9az6_H,459.15 Å²,40,,,https://bioinformatics.lt/ppi3d/site/interaction_details/single_sequence/rIiStfbc/1/null/13965608/2427035/90462540/2545564
736,9az6,F-actin-Talin(R13-DD) complex,2025-02-12,3.0 Å,9az6_A,9az6_I,233.84 Å²,23,,,https://bioinformatics.lt/ppi3d/site/interaction_details/single_sequence/rIiStfbc/1/null/13965608/2427037/90462541/2545565
738,8f8q,Cryo-EM structure of the CapZ-capped barbed end of F-actin,2023-06-07,2.8 Å,8f8q_C,8f8q_B,393.66 Å²,33,3.0,,https://bioinformatics.lt/ppi3d/site/interaction_details/single_sequence/rIiStfbc/1/null/13966120/2005809/73121105/2147395
739,8f8q,Cryo-EM structure of the CapZ-capped barbed end of F-actin,2023-06-07,2.8 Å,8f8q_D,8f8q_B,1172.46 Å²,97,8.0,3.0,https://bioinformatics.lt/ppi3d/site/interaction_details/single_sequence/rIiStfbc/1/null/13966120/2005811/73121106/2147396
752,8f8q,Cryo-EM structure of the CapZ-capped barbed end of F-actin,2023-06-07,2.8 Å,8f8q_B,8f8q_A,405.70 Å²,32,4.0,,https://bioinformatics.lt/ppi3d/site/interaction_details/single_sequence/rIiStfbc/1/null/13966121/2005805/73121098/2147393
753,8f8q,Cryo-EM structure of the CapZ-capped barbed end of F-actin,2023-06-07,2.8 Å,8f8q_C,8f8q_A,1171.68 Å²,94,7.0,3.0,https://bioinformatics.lt/ppi3d/site/interaction_details/single_sequence/rIiStfbc/1/null/13966121/2005807/73121099/2147394
757,9go5,CryoEM Reconstruction of Yeast ADP-Actin Filament at 2.5 A resolution.,2025-01-22,2.5 Å,9go5_C,9go5_D,403.22 Å²,36,3.0,,https://bioinformatics.lt/ppi3d/site/interaction_details/single_sequence/rIiStfbc/1/null/13966633/2415149/87255181/2507399
76,8iai,"Structure of mammalian spectrin-actin junctional complex of membrane skeleton, State II, Global map",2023-05-03,3.5 Å,8iai_F,8iai_E,403.34 Å²,32,2.0,2.0,https://bioinformatics.lt/ppi3d/site/interaction_details/single_sequence/rIiStfbc/1/null/13965315/1987891/72502500/2132177
765,9dva,F-actin binding interface of alpha-E-catenin ABD (cadherin-catenin complex) and afadin,2024-10-30,3.1 Å,9dva_D,9dva_E,1144.14 Å²,88,5.0,4.0,https://bioinformatics.lt/ppi3d/site/interaction_details/single_sequence/rIiStfbc/1/null/13965610/2352509/82878899/2439668
77,8iai,"Structure of mammalian spectrin-actin junctional complex of membrane skeleton, State II, Global map",2023-05-03,3.5 Å,8iai_G,8iai_E,1112.28 Å²,88,6.0,3.0,https://bioinformatics.lt/ppi3d/site/interaction_details/single_sequence/rIiStfbc/1/null/13965315/1987893/72502501/2132178
772,9go5,CryoEM Reconstruction of Yeast ADP-Actin Filament at 2.5 A resolution.,2025-01-22,2.5 Å,9go5_B,9go5_C,1154.99 Å²,95,7.0,3.0,https://bioinformatics.lt/ppi3d/site/interaction_details/single_sequence/rIiStfbc/1/null/13966634/2415145/87255178/2507397
773,9go5,CryoEM Reconstruction of Yeast ADP-Actin Filament at 2.5 A resolution.,2025-01-22,2.5 Å,9go5_E,9go5_B,396.70 Å²,34,3.0,,https://bioinformatics.lt/ppi3d/site/interaction_details/single_sequence/rIiStfbc/1/null/13966634/2415147/87255180/2507398
777,9dva,F-actin binding interface of alpha-E-catenin ABD (cadherin-catenin complex) and afadin,2024-10-30,3.1 Å,9dva_E,9dva_C,387.20 Å²,33,3.0,,https://bioinformatics.lt/ppi3d/site/interaction_details/single_sequence/rIiStfbc/1/null/13965611/2352505/82878895/2439666
778,9dva,F-actin binding interface of alpha-E-catenin ABD (cadherin-catenin complex) and afadin,2024-10-30,3.1 Å,9dva_C,9dva_F,786.59 Å²,69,3.0,1.0,https://bioinformatics.lt/ppi3d/site/interaction_details/single_sequence/rIiStfbc/1/null/13965611/2352507/82878896/2439667
78,8iai,"Structure of mammalian spectrin-actin junctional complex of membrane skeleton, State II, Global map",2023-05-03,3.5 Å,8iai_E,8iai_O,1582.13 Å²,129,11.0,5.0,https://bioinformatics.lt/ppi3d/site/interaction_details/single_sequence/rIiStfbc/1/null/13965315/1987895/72502508/2132179
783,8f8p,Cryo-EM structure of F-actin in the ADP state,2023-06-07,2.3 Å,8f8p_E,8f8p_D,423.14 Å²,37,3.0,1.0,https://bioinformatics.lt/ppi3d/site/interaction_details/single_sequence/rIiStfbc/1/null/13966123/2005803/73121097/2147392
786,9go5,CryoEM Reconstruction of Yeast ADP-Actin Filament at 2.5 A resolution.,2025-01-22,2.5 Å,9go5_B,9go5_A,403.27 Å²,36,3.0,,https://bioinformatics.lt/ppi3d/site/interaction_details/single_sequence/rIiStfbc/1/null/13966635/2415137/87255174/2507393
787,9go5,CryoEM Reconstruction of Yeast ADP-Actin Filament at 2.5 A resolution.,2025-01-22,2.5 Å,9go5_A,9go5_C,403.01 Å²,36,3.0,,https://bioinformatics.lt/ppi3d/site/interaction_details/single_sequence/rIiStfbc/1/null/13966635/2415139/87255175/2507394
788,9go5,CryoEM Reconstruction of Yeast ADP-Actin Filament at 2.5 A resolution.,2025-01-22,2.5 Å,9go5_A,9go5_D,1151.83 Å²,94,7.0,3.0,https://bioinformatics.lt/ppi3d/site/interaction_details/single_sequence/rIiStfbc/1/null/13966635/2415141/87255176/2507395
789,9go5,CryoEM Reconstruction of Yeast ADP-Actin Filament at 2.5 A resolution.,2025-01-22,2.5 Å,9go5_E,9go5_A,1137.66 Å²,92,7.0,2.0,https://bioinformatics.lt/ppi3d/site/interaction_details/single_sequence/rIiStfbc/1/null/13966635/2415143/87255177/2507396
79,8iai,"Structure of mammalian spectrin-actin junctional complex of membrane skeleton, State II, Global map",2023-05-03,3.5 Å,8iai_E,8iai_Q,350.04 Å²,29,2.0,,https://bioinformatics.lt/ppi3d/site/interaction_details/single_sequence/rIiStfbc/1/null/13965315/1987897/72502510/2132180
792,9dva,F-actin binding interface of alpha-E-catenin ABD (cadherin-catenin complex) and afadin,2024-10-30,3.1 Å,9dva_B,9dva_C,1146.78 Å²,86,7.0,5.0,https://bioinformatics.lt/ppi3d/site/interaction_details/single_sequence/rIiStfbc/1/null/13965612/2352493/82878888/2439660
793,9dva,F-actin binding interface of alpha-E-catenin ABD (cadherin-catenin complex) and afadin,2024-10-30,3.1 Å,9dva_D,9dva_B,415.71 Å²,36,3.0,1.0,https://bioinformatics.lt/ppi3d/site/interaction_details/single_sequence/rIiStfbc/1/null/13965612/2352495/82878889/2439661
794,9dva,F-actin binding interface of alpha-E-catenin ABD (cadherin-catenin complex) and afadin,2024-10-30,3.1 Å,9dva_B,9dva_E,402.35 Å²,32,4.0,,https://bioinformatics.lt/ppi3d/site/interaction_details/single_sequence/rIiStfbc/1/null/13965612/2352497/82878890/2439662
795,9dva,F-actin binding interface of alpha-E-catenin ABD (cadherin-catenin complex) and afadin,2024-10-30,3.1 Å,9dva_B,9dva_F,1398.24 Å²,103,4.0,3.0,https://bioinformatics.lt/ppi3d/site/interaction_details/single_sequence/rIiStfbc/1/null/13965612/2352499/82878891/2439663
796,9dva,F-actin binding interface of alpha-E-catenin ABD (cadherin-catenin complex) and afadin,2024-10-30,3.1 Å,9dva_B,9dva_G,219.24 Å²,19,1.0,1.0,https://bioinformatics.lt/ppi3d/site/interaction_details/single_sequence/rIiStfbc/1/null/13965612/2352501/82878892/2439664
797,9dva,F-actin binding interface of alpha-E-catenin ABD (cadherin-catenin complex) and afadin,2024-10-30,3.1 Å,9dva_B,9dva_H,818.98 Å²,74,1.0,1.0,https://bioinformatics.lt/ppi3d/site/interaction_details/single_sequence/rIiStfbc/1/null/13965612/2352503/82878893/2439665
8,8efi,Helical reconstruction of the human cardiac actin-tropomyosin-myosin complex in the rigor form,2022-11-23,3.4 Å,8efi_E,8efi_C,386.12 Å²,34,2.0,1.0,https://bioinformatics.lt/ppi3d/site/interaction_details/single_sequence/rIiStfbc/1/null/13965568/1836809/68056549/1999190
800,8f8p,Cryo-EM structure of F-actin in the ADP state,2023-06-07,2.3 Å,8f8p_D,8f8p_C,449.33 Å²,38,4.0,1.0,https://bioinformatics.lt/ppi3d/site/interaction_details/single_sequence/rIiStfbc/1/null/13966124/2005799/73121095/2147390
801,8f8p,Cryo-EM structure of F-actin in the ADP state,2023-06-07,2.3 Å,8f8p_E,8f8p_C,1199.72 Å²,96,8.0,4.0,https://bioinformatics.lt/ppi3d/site/interaction_details/single_sequence/rIiStfbc/1/null/13966124/2005801/73121096/2147391
810,9dva,F-actin binding interface of alpha-E-catenin ABD (cadherin-catenin complex) and afadin,2024-10-30,3.1 Å,9dva_A,9dva_B,1141.53 Å²,90,6.0,4.0,https://bioinformatics.lt/ppi3d/site/interaction_details/single_sequence/rIiStfbc/1/null/13965613/2352487/82878881/2439657
811,9dva,F-actin binding interface of alpha-E-catenin ABD (cadherin-catenin complex) and afadin,2024-10-30,3.1 Å,9dva_A,9dva_D,404.55 Å²,35,3.0,,https://bioinformatics.lt/ppi3d/site/interaction_details/single_sequence/rIiStfbc/1/null/13965613/2352489/82878883/2439658
812,9dva,F-actin binding interface of alpha-E-catenin ABD (cadherin-catenin complex) and afadin,2024-10-30,3.1 Å,9dva_A,9dva_H,1387.21 Å²,100,7.0,3.0,https://bioinformatics.lt/ppi3d/site/interaction_details/single_sequence/rIiStfbc/1/null/13965613/2352491/82878887/2439659
815,8f8p,Cryo-EM structure of F-actin in the ADP state,2023-06-07,2.3 Å,8f8p_C,8f8p_B,449.36 Å²,38,4.0,1.0,https://bioinformatics.lt/ppi3d/site/interaction_details/single_sequence/rIiStfbc/1/null/13966125/2005795/73121092/2147388
816,8f8p,Cryo-EM structure of F-actin in the ADP state,2023-06-07,2.3 Å,8f8p_D,8f8p_B,1198.36 Å²,97,8.0,4.0,https://bioinformatics.lt/ppi3d/site/interaction_details/single_sequence/rIiStfbc/1/null/13966125/2005797/73121093/2147389
82,7jh7,cardiac actomyosin complex,2020-10-28,3.8 Å,7jh7_D,7jh7_E,1142.85 Å²,102,3.0,4.0,https://bioinformatics.lt/ppi3d/site/interaction_details/single_sequence/rIiStfbc/1/null/13965571/1516750/57502910/1631677
828,8f8p,Cryo-EM structure of F-actin in the ADP state,2023-06-07,2.3 Å,8f8p_B,8f8p_A,450.86 Å²,38,4.0,1.0,https://bioinformatics.lt/ppi3d/site/interaction_details/single_sequence/rIiStfbc/1/null/13966126/2005791/73121088/2147386
829,8f8p,Cryo-EM structure of F-actin in the ADP state,2023-06-07,2.3 Å,8f8p_C,8f8p_A,1199.67 Å²,97,7.0,4.0,https://bioinformatics.lt/ppi3d/site/interaction_details/single_sequence/rIiStfbc/1/null/13966126/2005793/73121089/2147387
839,9duu,Cryo-EM structure of recombinant wildtype ACTA1 phalloidin-stabilized F-actin,2024-10-23,3.4 Å,9duu_E,9duu_F,447.06 Å²,38,2.0,2.0,https://bioinformatics.lt/ppi3d/site/interaction_details/single_sequence/rIiStfbc/1/null/13965615/2348511/82399780/2433552
84,5jlf,Structure of the F-actin-tropomyosin complex (Reprocessed),2016-06-15,3.6 Å,5jlf_C,5jlf_E,459.57 Å²,39,4.0,1.0,https://bioinformatics.lt/ppi3d/site/interaction_details/single_sequence/rIiStfbc/1/null/13965827/769979/23566351/888846
853,9duu,Cryo-EM structure of recombinant wildtype ACTA1 phalloidin-stabilized F-actin,2024-10-23,3.4 Å,9duu_D,9duu_E,447.79 Å²,35,2.0,2.0,https://bioinformatics.lt/ppi3d/site/interaction_details/single_sequence/rIiStfbc/1/null/13965616/2348507/82399771/2433550
854,9duu,Cryo-EM structure of recombinant wildtype ACTA1 phalloidin-stabilized F-actin,2024-10-23,3.4 Å,9duu_D,9duu_F,1202.96 Å²,101,4.0,3.0,https://bioinformatics.lt/ppi3d/site/interaction_details/single_sequence/rIiStfbc/1/null/13965616/2348509/82399772/2433551
859,7uxf,Cryogenic electron microscopy 3D map of F-actin,2023-03-08,2.7 Å,7uxf_E,7uxf_F,410.55 Å²,33,2.0,,https://bioinformatics.lt/ppi3d/site/interaction_details/single_sequence/rIiStfbc/1/null/13966128/1891473/70534966/2073318
866,9fjy,Structure of the DNase I- and phalloidin-bound pointed end of F-actin (conformer 2).,2024-09-11,3.8 Å,9fjy_D,9fjy_E,154.19 Å²,19,,,https://bioinformatics.lt/ppi3d/site/interaction_details/single_sequence/rIiStfbc/1/null/13965361/2317489/80563740/2401576
867,9fjy,Structure of the DNase I- and phalloidin-bound pointed end of F-actin (conformer 2).,2024-09-11,3.8 Å,9fjy_D,9fjy_F,763.17 Å²,69,3.0,1.0,https://bioinformatics.lt/ppi3d/site/interaction_details/single_sequence/rIiStfbc/1/null/13965361/2317491/80563745/2401577
87,8c4e,F-actin decorated by SipA426-685,2024-01-17,2.6 Å,8c4e_E,8c4e_D,422.76 Å²,36,3.0,,https://bioinformatics.lt/ppi3d/site/interaction_details/single_sequence/rIiStfbc/1/null/13966083/2144649/75903842/2262575
870,9duu,Cryo-EM structure of recombinant wildtype ACTA1 phalloidin-stabilized F-actin,2024-10-23,3.4 Å,9duu_C,9duu_D,453.00 Å²,37,2.0,,https://bioinformatics.lt/ppi3d/site/interaction_details/single_sequence/rIiStfbc/1/null/13965617/2348503/82399761/2433548
871,9duu,Cryo-EM structure of recombinant wildtype ACTA1 phalloidin-stabilized F-actin,2024-10-23,3.4 Å,9duu_C,9duu_E,1232.72 Å²,109,4.0,2.0,https://bioinformatics.lt/ppi3d/site/interaction_details/single_sequence/rIiStfbc/1/null/13965617/2348505/82399762/2433549
876,7uxf,Cryogenic electron microscopy 3D map of F-actin,2023-03-08,2.7 Å,7uxf_D,7uxf_E,406.80 Å²,34,2.0,,https://bioinformatics.lt/ppi3d/site/interaction_details/single_sequence/rIiStfbc/1/null/13966129/1891469/70534964/2073316
877,7uxf,Cryogenic electron microscopy 3D map of F-actin,2023-03-08,2.7 Å,7uxf_D,7uxf_F,1139.52 Å²,90,8.0,3.0,https://bioinformatics.lt/ppi3d/site/interaction_details/single_sequence/rIiStfbc/1/null/13966129/1891471/70534965/2073317
88,8c4e,F-actin decorated by SipA426-685,2024-01-17,2.6 Å,8c4e_F,8c4e_D,1181.88 Å²,96,7.0,5.0,https://bioinformatics.lt/ppi3d/site/interaction_details/single_sequence/rIiStfbc/1/null/13966083/2144651/75903843/2262576
884,9fjy,Structure of the DNase I- and phalloidin-bound pointed end of F-actin (conformer 2).,2024-09-11,3.8 Å,9fjy_C,9fjy_D,347.53 Å²,27,1.0,,https://bioinformatics.lt/ppi3d/site/interaction_details/single_sequence/rIiStfbc/1/null/13965362/2317485/80563733/2401574
885,9fjy,Structure of the DNase I- and phalloidin-bound pointed end of F-actin (conformer 2).,2024-09-11,3.8 Å,9fjy_C,9fjy_E,815.14 Å²,82,3.0,,https://bioinformatics.lt/ppi3d/site/interaction_details/single_sequence/rIiStfbc/1/null/13965362/2317487/80563734/2401575
887,9duu,Cryo-EM structure of recombinant wildtype ACTA1 phalloidin-stabilized F-actin,2024-10-23,3.4 Å,9duu_B,9duu_C,462.59 Å²,37,2.0,2.0,https://bioinformatics.lt/ppi3d/site/interaction_details/single_sequence/rIiStfbc/1/null/13965618/2348499/82399750/2433546
888,9duu,Cryo-EM structure of recombinant wildtype ACTA1 phalloidin-stabilized F-actin,2024-10-23,3.4 Å,9duu_B,9duu_D,1260.11 Å²,106,6.0,3.0,https://bioinformatics.lt/ppi3d/site/interaction_details/single_sequence/rIiStfbc/1/null/13965618/2348501/82399751/2433547
89,8c4e,F-actin decorated by SipA426-685,2024-01-17,2.6 Å,8c4e_D,8c4e_K,787.57 Å²,65,6.0,1.0,https://bioinformatics.lt/ppi3d/site/interaction_details/single_sequence/rIiStfbc/1/null/13966083/2144653/75903846/2262577
892,7uxf,Cryogenic electron microscopy 3D map of F-actin,2023-03-08,2.7 Å,7uxf_C,7uxf_D,409.91 Å²,34,2.0,,https://bioinformatics.lt/ppi3d/site/interaction_details/single_sequence/rIiStfbc/1/null/13966130/1891465/70534961/2073314
893,7uxf,Cryogenic electron microscopy 3D map of F-actin,2023-03-08,2.7 Å,7uxf_C,7uxf_E,1138.68 Å²,91,9.0,3.0,https://bioinformatics.lt/ppi3d/site/interaction_details/single_sequence/rIiStfbc/1/null/13966130/1891467/70534962/2073315
898,9fjy,Structure of the DNase I- and phalloidin-bound pointed end of F-actin (conformer 2).,2024-09-11,3.8 Å,9fjy_B,9fjy_C,467.82 Å²,42,2.0,1.0,https://bioinformatics.lt/ppi3d/site/interaction_details/single_sequence/rIiStfbc/1/null/13965363/2317481/80563725/2401572
899,9fjy,Structure of the DNase I- and phalloidin-bound pointed end of F-actin (conformer 2).,2024-09-11,3.8 Å,9fjy_B,9fjy_D,1112.24 Å²,97,4.0,1.0,https://bioinformatics.lt/ppi3d/site/interaction_details/single_sequence/rIiStfbc/1/null/13965363/2317483/80563726/2401573
9,8efi,Helical reconstruction of the human cardiac actin-tropomyosin-myosin complex in the rigor form,2022-11-23,3.4 Å,8efi_F,8efi_C,1154.51 Å²,95,4.0,3.0,https://bioinformatics.lt/ppi3d/site/interaction_details/single_sequence/rIiStfbc/1/null/13965568/1836811/68056550/1999191
90,8c4e,F-actin decorated by SipA426-685,2024-01-17,2.6 Å,8c4e_D,8c4e_L,301.03 Å²,26,3.0,,https://bioinformatics.lt/ppi3d/site/interaction_details/single_sequence/rIiStfbc/1/null/13966083/2144655/75903847/2262578
900,9duu,Cryo-EM structure of recombinant wildtype ACTA1 phalloidin-stabilized F-actin,2024-10-23,3.4 Å,9duu_A,9duu_B,446.16 Å²,34,2.0,1.0,https://bioinformatics.lt/ppi3d/site/interaction_details/single_sequence/rIiStfbc/1/null/13965619/2348495/82399738/2433544
901,9duu,Cryo-EM structure of recombinant wildtype ACTA1 phalloidin-stabilized F-actin,2024-10-23,3.4 Å,9duu_A,9duu_C,1175.98 Å²,104,5.0,3.0,https://bioinformatics.lt/ppi3d/site/interaction_details/single_sequence/rIiStfbc/1/null/13965619/2348497/82399739/2433545
908,7uxf,Cryogenic electron microscopy 3D map of F-actin,2023-03-08,2.7 Å,7uxf_B,7uxf_C,407.75 Å²,33,2.0,,https://bioinformatics.lt/ppi3d/site/interaction_details/single_sequence/rIiStfbc/1/null/13966131/1891461/70534957/2073312
909,7uxf,Cryogenic electron microscopy 3D map of F-actin,2023-03-08,2.7 Å,7uxf_B,7uxf_D,1134.79 Å²,90,9.0,3.0,https://bioinformatics.lt/ppi3d/site/interaction_details/single_sequence/rIiStfbc/1/null/13966131/1891463/70534958/2073313
91,8c4e,F-actin decorated by SipA426-685,2024-01-17,2.6 Å,8c4e_D,8c4e_N,152.09 Å²,16,,,https://bioinformatics.lt/ppi3d/site/interaction_details/single_sequence/rIiStfbc/1/null/13966083/2144657/75903849/2262579
910,4b1z,Structure of the Phactr1 RPEL domain bound to G-actin,2012-11-07,3.3 Å,4b1z_C,4b1z_M,1488.28 Å²,119,7.0,2.0,https://bioinformatics.lt/ppi3d/site/interaction_details/single_sequence/rIiStfbc/1/null/13966387/51637/20032422/57768
911,4b1z,Structure of the Phactr1 RPEL domain bound to G-actin,2012-11-07,3.3 Å,4b1z_C,4b1z_N,111.17 Å²,10,,,https://bioinformatics.lt/ppi3d/site/interaction_details/single_sequence/rIiStfbc/1/null/13966387/51629/20032428/57777
918,9fjy,Structure of the DNase I- and phalloidin-bound pointed end of F-actin (conformer 2).,2024-09-11,3.8 Å,9fjy_A,9fjy_B,462.29 Å²,40,2.0,1.0,https://bioinformatics.lt/ppi3d/site/interaction_details/single_sequence/rIiStfbc/1/null/13965364/2317477/80563716/2401570
919,9fjy,Structure of the DNase I- and phalloidin-bound pointed end of F-actin (conformer 2).,2024-09-11,3.8 Å,9fjy_A,9fjy_C,1124.45 Å²,96,3.0,2.0,https://bioinformatics.lt/ppi3d/site/interaction_details/single_sequence/rIiStfbc/1/null/13965364/2317479/80563717/2401571
922,8vkh,Structure of gelsolin domains G1-G3 bound to the barbed end of F-actin,2024-10-16,3.6 Å,8vkh_F,8vkh_G,2395.93 Å²,198,22.0,6.0,https://bioinformatics.lt/ppi3d/site/interaction_details/single_sequence/rIiStfbc/1/null/13965620/2346833/82398737/2432707
924,7uxf,Cryogenic electron microscopy 3D map of F-actin,2023-03-08,2.7 Å,7uxf_A,7uxf_B,408.16 Å²,33,2.0,,https://bioinformatics.lt/ppi3d/site/interaction_details/single_sequence/rIiStfbc/1/null/13966132/1891457/70534952/2073310
925,7uxf,Cryogenic electron microscopy 3D map of F-actin,2023-03-08,2.7 Å,7uxf_A,7uxf_C,1139.14 Å²,91,9.0,3.0,https://bioinformatics.lt/ppi3d/site/interaction_details/single_sequence/rIiStfbc/1/null/13966132/1891459/70534953/2073311
926,4b1z,Structure of the Phactr1 RPEL domain bound to G-actin,2012-11-07,3.3 Å,4b1z_B,4b1z_M,1357.57 Å²,110,8.0,2.0,https://bioinformatics.lt/ppi3d/site/interaction_details/single_sequence/rIiStfbc/1/null/13966388/51623/20032421/57765
929,4b1z,Structure of the Phactr1 RPEL domain bound to G-actin,2012-11-07,3.3 Å,4b1z_B,4b1z_C,232.52 Å²,22,2.0,1.0,https://bioinformatics.lt/ppi3d/site/interaction_details/single_sequence/rIiStfbc/1/null/13966388/51641/20032443/57774
93,9ug2,Severed and capped actin fragment by two G1G3 domains of gelsolin,2026-04-15,2.9 Å,9ug2_C,9ug2_A,2028.96 Å²,174,14.0,6.0,https://bioinformatics.lt/ppi3d/site/interaction_details/single_sequence/rIiStfbc/1/null/13966595/2792562/100922612/2860209
934,9fju,Structure of the DNase I- and phalloidin-bound pointed end of F-actin (conformer 1),2024-09-11,3.8 Å,9fju_D,9fju_E,183.77 Å²,17,,,https://bioinformatics.lt/ppi3d/site/interaction_details/single_sequence/rIiStfbc/1/null/13965365/2317473/80563695/2401568
935,9fju,Structure of the DNase I- and phalloidin-bound pointed end of F-actin (conformer 1),2024-09-11,3.8 Å,9fju_D,9fju_F,714.30 Å²,65,1.0,,https://bioinformatics.lt/ppi3d/site/interaction_details/single_sequence/rIiStfbc/1/null/13965365/2317475/80563696/2401569
938,8vkh,Structure of gelsolin domains G1-G3 bound to the barbed end of F-actin,2024-10-16,3.6 Å,8vkh_F,8vkh_E,394.18 Å²,36,3.0,,https://bioinformatics.lt/ppi3d/site/interaction_details/single_sequence/rIiStfbc/1/null/13965621/2346829/82398734/2432705
939,8vkh,Structure of gelsolin domains G1-G3 bound to the barbed end of F-actin,2024-10-16,3.6 Å,8vkh_E,8vkh_H,2401.79 Å²,204,20.0,7.0,https://bioinformatics.lt/ppi3d/site/interaction_details/single_sequence/rIiStfbc/1/null/13965621/2346831/82398736/2432706
94,9ug2,Severed and capped actin fragment by two G1G3 domains of gelsolin,2026-04-15,2.9 Å,9ug2_C,9ug2_D,331.89 Å²,32,1.0,,https://bioinformatics.lt/ppi3d/site/interaction_details/single_sequence/rIiStfbc/1/null/13966595/2792569/100922620/2860213
944,7utj,Cryogenic electron microscopy 3D map of F-actin bound by human dimeric alpha-catenin,2023-03-08,2.8 Å,7utj_F,7utj_K,804.14 Å²,68,3.0,1.0,https://bioinformatics.lt/ppi3d/site/interaction_details/single_sequence/rIiStfbc/1/null/13966133/1891447/70534934/2073305
945,4b1z,Structure of the Phactr1 RPEL domain bound to G-actin,2012-11-07,3.3 Å,4b1z_A,4b1z_M,755.08 Å²,61,4.0,,https://bioinformatics.lt/ppi3d/site/interaction_details/single_sequence/rIiStfbc/1/null/13966389/51625/20032420/57776
946,4b1z,Structure of the Phactr1 RPEL domain bound to G-actin,2012-11-07,3.3 Å,4b1z_A,4b1z_B,225.93 Å²,17,2.0,1.0,https://bioinformatics.lt/ppi3d/site/interaction_details/single_sequence/rIiStfbc/1/null/13966389/51621/20032441/57775
95,9ug2,Severed and capped actin fragment by two G1G3 domains of gelsolin,2026-04-15,2.9 Å,9ug2_C,9ug2_E,1134.26 Å²,100,6.0,4.0,https://bioinformatics.lt/ppi3d/site/interaction_details/single_sequence/rIiStfbc/1/null/13966595/2792571/100922621/2860214
951,9fju,Structure of the DNase I- and phalloidin-bound pointed end of F-actin (conformer 1),2024-09-11,3.8 Å,9fju_C,9fju_D,357.93 Å²,32,2.0,1.0,https://bioinformatics.lt/ppi3d/site/interaction_details/single_sequence/rIiStfbc/1/null/13965366/2317469/80563688/2401566
952,9fju,Structure of the DNase I- and phalloidin-bound pointed end of F-actin (conformer 1),2024-09-11,3.8 Å,9fju_C,9fju_E,835.60 Å²,77,2.0,,https://bioinformatics.lt/ppi3d/site/interaction_details/single_sequence/rIiStfbc/1/null/13965366/2317471/80563689/2401567
955,8vkh,Structure of gelsolin domains G1-G3 bound to the barbed end of F-actin,2024-10-16,3.6 Å,8vkh_E,8vkh_D,463.21 Å²,41,3.0,1.0,https://bioinformatics.lt/ppi3d/site/interaction_details/single_sequence/rIiStfbc/1/null/13965622/2346823/82398730/2432702
956,8vkh,Structure of gelsolin domains G1-G3 bound to the barbed end of F-actin,2024-10-16,3.6 Å,8vkh_F,8vkh_D,1156.56 Å²,103,4.0,3.0,https://bioinformatics.lt/ppi3d/site/interaction_details/single_sequence/rIiStfbc/1/null/13965622/2346825/82398731/2432703
957,8vkh,Structure of gelsolin domains G1-G3 bound to the barbed end of F-actin,2024-10-16,3.6 Å,8vkh_D,8vkh_G,963.53 Å²,87,6.0,5.0,https://bioinformatics.lt/ppi3d/site/interaction_details/single_sequence/rIiStfbc/1/null/13965622/2346827/82398732/2432704
96,8iai,"Structure of mammalian spectrin-actin junctional complex of membrane skeleton, State II, Global map",2023-05-03,3.5 Å,8iai_D,8iai_5,1234.28 Å²,111,6.0,1.0,https://bioinformatics.lt/ppi3d/site/interaction_details/single_sequence/rIiStfbc/1/null/13965316/1987796/72502326/2132129
962,7utj,Cryogenic electron microscopy 3D map of F-actin bound by human dimeric alpha-catenin,2023-03-08,2.8 Å,7utj_E,7utj_F,378.08 Å²,32,4.0,,https://bioinformatics.lt/ppi3d/site/interaction_details/single_sequence/rIiStfbc/1/null/13966134/1891441/70534924/2073302
963,7utj,Cryogenic electron microscopy 3D map of F-actin bound by human dimeric alpha-catenin,2023-03-08,2.8 Å,7utj_E,7utj_L,1191.13 Å²,86,3.0,2.0,https://bioinformatics.lt/ppi3d/site/interaction_details/single_sequence/rIiStfbc/1/null/13966134/1891443/70534929/2073303
964,7utj,Cryogenic electron microscopy 3D map of F-actin bound by human dimeric alpha-catenin,2023-03-08,2.8 Å,7utj_E,7utj_Z,811.38 Å²,69,3.0,1.0,https://bioinformatics.lt/ppi3d/site/interaction_details/single_sequence/rIiStfbc/1/null/13966134/1891445/70534930/2073304
965,4b1z,Structure of the Phactr1 RPEL domain bound to G-actin,2012-11-07,3.3 Å,4b1z_F,4b1z_M,276.33 Å²,24,1.0,1.0,https://bioinformatics.lt/ppi3d/site/interaction_details/single_sequence/rIiStfbc/1/null/13966390/51635/20032419/57771
966,4b1z,Structure of the Phactr1 RPEL domain bound to G-actin,2012-11-07,3.3 Å,4b1z_F,4b1z_N,1540.62 Å²,121,13.0,4.0,https://bioinformatics.lt/ppi3d/site/interaction_details/single_sequence/rIiStfbc/1/null/13966390/51615/20032425/57772
968,4b1z,Structure of the Phactr1 RPEL domain bound to G-actin,2012-11-07,3.3 Å,4b1z_F,4b1z_C,312.58 Å²,30,3.0,,https://bioinformatics.lt/ppi3d/site/interaction_details/single_sequence/rIiStfbc/1/null/13966390/51618/20032440/57770
972,9fju,Structure of the DNase I- and phalloidin-bound pointed end of F-actin (conformer 1),2024-09-11,3.8 Å,9fju_B,9fju_C,412.06 Å²,35,1.0,1.0,https://bioinformatics.lt/ppi3d/site/interaction_details/single_sequence/rIiStfbc/1/null/13965367/2317465/80563680/2401564
973,9fju,Structure of the DNase I- and phalloidin-bound pointed end of F-actin (conformer 1),2024-09-11,3.8 Å,9fju_B,9fju_D,1132.11 Å²,96,5.0,2.0,https://bioinformatics.lt/ppi3d/site/interaction_details/single_sequence/rIiStfbc/1/null/13965367/2317467/80563681/2401565
976,8vkh,Structure of gelsolin domains G1-G3 bound to the barbed end of F-actin,2024-10-16,3.6 Å,8vkh_D,8vkh_C,444.31 Å²,40,5.0,1.0,https://bioinformatics.lt/ppi3d/site/interaction_details/single_sequence/rIiStfbc/1/null/13965623/2346817/82398725/2432699
977,8vkh,Structure of gelsolin domains G1-G3 bound to the barbed end of F-actin,2024-10-16,3.6 Å,8vkh_E,8vkh_C,1116.81 Å²,99,2.0,3.0,https://bioinformatics.lt/ppi3d/site/interaction_details/single_sequence/rIiStfbc/1/null/13965623/2346819/82398726/2432700
978,8vkh,Structure of gelsolin domains G1-G3 bound to the barbed end of F-actin,2024-10-16,3.6 Å,8vkh_C,8vkh_H,770.17 Å²,71,5.0,2.0,https://bioinformatics.lt/ppi3d/site/interaction_details/single_sequence/rIiStfbc/1/null/13965623/2346821/82398729/2432701
981,3j8a,Structure of the F-actin-tropomyosin complex,2014-12-10,3.7 Å,3j8a_C,3j8a_A,1072.68 Å²,103,4.0,4.0,https://bioinformatics.lt/ppi3d/site/interaction_details/single_sequence/rIiStfbc/1/null/13965879/278573/12806734/348523
982,3j8a,Structure of the F-actin-tropomyosin complex,2014-12-10,3.7 Å,3j8a_A,3j8a_B,1075.52 Å²,99,3.0,4.0,https://bioinformatics.lt/ppi3d/site/interaction_details/single_sequence/rIiStfbc/1/null/13965879/278565/12806735/348529
985,7utj,Cryogenic electron microscopy 3D map of F-actin bound by human dimeric alpha-catenin,2023-03-08,2.8 Å,7utj_D,7utj_E,375.94 Å²,32,4.0,,https://bioinformatics.lt/ppi3d/site/interaction_details/single_sequence/rIiStfbc/1/null/13966135/1891433/70534916/2073298
986,7utj,Cryogenic electron microscopy 3D map of F-actin bound by human dimeric alpha-catenin,2023-03-08,2.8 Å,7utj_D,7utj_F,1148.81 Å²,93,6.0,4.0,https://bioinformatics.lt/ppi3d/site/interaction_details/single_sequence/rIiStfbc/1/null/13966135/1891435/70534917/2073299
987,7utj,Cryogenic electron microscopy 3D map of F-actin bound by human dimeric alpha-catenin,2023-03-08,2.8 Å,7utj_D,7utj_I,806.33 Å²,69,3.0,1.0,https://bioinformatics.lt/ppi3d/site/interaction_details/single_sequence/rIiStfbc/1/null/13966135/1891437/70534920/2073300
988,7utj,Cryogenic electron microscopy 3D map of F-actin bound by human dimeric alpha-catenin,2023-03-08,2.8 Å,7utj_D,7utj_K,1172.57 Å²,85,3.0,2.0,https://bioinformatics.lt/ppi3d/site/interaction_details/single_sequence/rIiStfbc/1/null/13966135/1891439/70534921/2073301
989,4b1z,Structure of the Phactr1 RPEL domain bound to G-actin,2012-11-07,3.3 Å,4b1z_E,4b1z_N,1256.28 Å²,104,6.0,,https://bioinformatics.lt/ppi3d/site/interaction_details/single_sequence/rIiStfbc/1/null/13966391/51613/20032424/57767
99,8iai,"Structure of mammalian spectrin-actin junctional complex of membrane skeleton, State II, Global map",2023-05-03,3.5 Å,8iai_E,8iai_D,399.59 Å²,32,2.0,1.0,https://bioinformatics.lt/ppi3d/site/interaction_details/single_sequence/rIiStfbc/1/null/13965316/1987883/72502481/2132173
991,4b1z,Structure of the Phactr1 RPEL domain bound to G-actin,2012-11-07,3.3 Å,4b1z_E,4b1z_F,259.81 Å²,22,3.0,2.0,https://bioinformatics.lt/ppi3d/site/interaction_details/single_sequence/rIiStfbc/1/null/13966391/51639/20032434/57763
992,4b1z,Structure of the Phactr1 RPEL domain bound to G-actin,2012-11-07,3.3 Å,4b1z_E,4b1z_C,257.35 Å²,20,2.0,1.0,https://bioinformatics.lt/ppi3d/site/interaction_details/single_sequence/rIiStfbc/1/null/13966391/51620/20032437/57769
995,9fju,Structure of the DNase I- and phalloidin-bound pointed end of F-actin (conformer 1),2024-09-11,3.8 Å,9fju_A,9fju_B,443.29 Å²,40,2.0,,https://bioinformatics.lt/ppi3d/site/interaction_details/single_sequence/rIiStfbc/1/null/13965368/2317461/80563671/2401562
996,9fju,Structure of the DNase I- and phalloidin-bound pointed end of F-actin (conformer 1),2024-09-11,3.8 Å,9fju_A,9fju_C,1171.47 Å²,94,4.0,4.0,https://bioinformatics.lt/ppi3d/site/interaction_details/single_sequence/rIiStfbc/1/null/13965368/2317463/80563672/2401563
998,8vkh,Structure of gelsolin domains G1-G3 bound to the barbed end of F-actin,2024-10-16,3.6 Å,8vkh_C,8vkh_B,469.71 Å²,38,4.0,1.0,https://bioinformatics.lt/ppi3d/site/interaction_details/single_sequence/rIiStfbc/1/null/13965624/2346813/82398719/2432697
999,8vkh,Structure of gelsolin domains G1-G3 bound to the barbed end of F-actin,2024-10-16,3.6 Å,8vkh_D,8vkh_B,1153.85 Å²,93,7.0,3.0,https://bioinformatics.lt/ppi3d/site/interaction_details/single_sequence/rIiStfbc/1/null/13965624/2346815/82398720/2432698
