interaction_id,query_protein,template_chain,e_value,score,identity_percent,positive_percent,gap_percent,interface_residue_percent,interface_residue_count,interface_identity_percent,interface_positive_percent,interface_gap_percent
1,P60709,8iai_H,0,786,100,100,0,100,53,100,100,0
10,P60709,8efi_C,0,747,94,97,0,100,12,100,100,0
100,P60709,8iai_D,0,786,100,100,0,100,32,100,100,0
1001,P60709,3j8a_D,0,745,94,97,0,100,18,100,100,0
1002,P60709,3j8a_D,0,745,94,97,0,100,18,89,94,0
1005,P60709,7utj_C,0,745,94,97,0,100,17,88,94,0
1006,P60709,7utj_C,0,745,94,97,0,100,31,100,100,0
1007,P60709,7utj_C,0,745,94,97,0,100,24,100,100,0
1008,P60709,7utj_C,0,745,94,97,0,100,34,100,100,0
1009,P60709,4b1z_D,0,745,94,97,0,100,25,100,100,0
101,P60709,8iai_D,0,786,100,100,0,100,34,100,100,0
1010,P60709,4b1z_D,0,745,94,97,0,100,10,90,100,0
1011,P60709,4b1z_D,0,745,94,97,0,100,12,92,100,0
1012,P60709,4b1z_D,0,745,94,97,0,100,12,75,92,0
1018,P60709,8vkh_A,0,745,94,97,0,100,20,95,100,0
1019,P60709,8vkh_A,0,745,94,97,0,100,33,94,100,0
102,P60709,8iai_D,0,786,100,100,0,100,11,100,100,0
1020,P60709,3j8a_E,0,745,94,97,0,100,32,100,100,0
1021,P60709,3j8a_E,0,745,94,97,0,100,19,89,95,0
1022,P60709,3j8a_E,0,745,94,97,0,100,18,100,100,0
1024,P60709,7utj_B,0,745,94,97,0,100,17,88,94,0
1025,P60709,7utj_B,0,745,94,97,0,100,31,100,100,0
1026,P60709,7utj_B,0,745,94,97,0,100,25,100,100,0
1027,P60709,7utj_B,0,745,94,97,0,100,34,100,100,0
1033,P60709,8dnh_C,0,784,100,100,0,100,9,100,100,0
1036,P60709,8viz_F,0,745,94,97,0,100,80,100,100,0
1037,P60709,7utj_A,0,745,94,97,0,100,17,88,94,0
1038,P60709,7utj_A,0,745,94,97,0,100,31,100,100,0
1039,P60709,7utj_A,0,745,94,97,0,100,35,100,100,0
104,P60709,7jh7_C,0,747,94,97,0,100,40,98,98,0
1043,P60709,6iug_D,0,720,91,96,0,100,20,90,95,0
1045,P60709,8dnh_B,0,784,100,100,0,100,13,100,100,0
1046,P60709,8dnh_B,0,784,100,100,0,100,31,100,100,0
1049,P60709,8viz_E,0,745,94,97,0,100,18,94,100,0
105,P60709,7jh7_C,0,747,94,97,0,100,19,100,100,0
1050,P60709,8viz_E,0,745,94,97,0,100,51,98,98,0
1054,P60709,7uuw_F,0,745,94,97,0,100,23,100,100,0
1058,P60709,6iug_C,0,720,91,96,0,100,20,90,95,0
1059,P60709,6iug_C,0,720,91,96,0,100,28,96,96,0
1060,P60709,8dnh_A,0,784,100,100,0,100,10,100,100,0
1061,P60709,8dnh_A,0,784,100,100,0,100,31,100,100,0
1064,P60709,8viz_D,0,745,94,97,0,100,15,100,100,0
1065,P60709,8viz_D,0,745,94,97,0,100,33,97,100,0
1066,P60709,8viz_D,0,745,94,97,0,97,37,97,100,0
1069,P60709,7uuw_E,0,745,94,97,0,100,18,89,94,0
107,P60709,5jlf_B,0,745,94,97,0,100,17,100,100,0
1070,P60709,7uuw_E,0,745,94,97,0,100,36,100,100,0
1071,P60709,7uuw_E,0,745,94,97,0,100,23,100,100,0
1074,P60709,6iug_B,0,720,91,96,0,100,20,90,95,0
1075,P60709,6iug_B,0,720,91,96,0,100,28,96,96,0
1080,P60709,8viz_C,0,745,94,97,0,100,17,100,100,0
1081,P60709,8viz_C,0,745,94,97,0,100,33,94,100,0
1085,P60709,7uuw_D,0,745,94,97,0,100,18,89,94,0
1086,P60709,7uuw_D,0,745,94,97,0,100,32,100,100,0
1087,P60709,7uuw_D,0,745,94,97,0,100,23,100,100,0
1088,P60709,7uuw_D,0,745,94,97,0,100,36,100,100,0
1093,P60709,6iug_A,0,720,91,96,0,100,20,90,95,0
1094,P60709,6iug_A,0,720,91,96,0,100,28,96,96,0
1097,P60709,8viz_B,0,745,94,97,0,100,17,94,100,0
1098,P60709,8viz_B,0,745,94,97,0,100,32,97,100,0
11,P60709,6c1d_E,0,745,94,97,0,100,17,88,94,0
110,P60709,8c4e_C,0,745,94,97,0,100,16,100,100,0
1101,P60709,7uuw_C,0,745,94,97,0,100,18,89,94,0
1102,P60709,7uuw_C,0,745,94,97,0,100,32,100,100,0
1103,P60709,7uuw_C,0,745,94,97,0,100,23,100,100,0
1104,P60709,7uuw_C,0,745,94,97,0,100,37,100,100,0
111,P60709,8c4e_C,0,745,94,97,0,100,32,94,100,0
1111,P60709,8viz_A,0,745,94,97,0,100,18,100,100,0
1112,P60709,8viz_A,0,745,94,97,0,100,33,94,100,0
1114,P60709,7uuw_B,0,745,94,97,0,100,18,89,94,0
1115,P60709,7uuw_B,0,745,94,97,0,100,32,100,100,0
1116,P60709,7uuw_B,0,745,94,97,0,100,23,100,100,0
1117,P60709,7uuw_B,0,745,94,97,0,100,37,100,100,0
112,P60709,8c4e_C,0,745,94,97,0,100,12,83,100,0
1125,P60709,7uuw_A,0,745,94,97,0,100,18,89,94,0
1126,P60709,7uuw_A,0,745,94,97,0,100,32,100,100,0
1127,P60709,7uuw_A,0,745,94,97,0,100,37,100,100,0
113,P60709,8c4e_C,0,745,94,97,0,100,10,100,100,0
1131,P60709,8thy_D,0,718,90,96,0,100,16,81,100,0
1134,P60709,8rtt_D,0,783,100,100,0,100,15,100,100,0
1135,P60709,8rtt_D,0,783,100,100,0,100,43,100,100,0
1138,P60709,9fjo_C,0,745,94,97,0,100,15,100,100,0
114,P60709,8c4e_C,0,745,94,97,0,100,32,97,100,0
1143,P60709,8thy_C,0,718,90,96,0,100,16,81,100,0
1144,P60709,8thy_C,0,718,90,96,0,100,35,89,100,0
1147,P60709,8rtt_C,0,783,100,100,0,100,15,100,100,0
1148,P60709,8rtt_C,0,783,100,100,0,100,27,100,100,0
1150,P60709,9fjo_B,0,745,94,97,0,100,14,100,100,0
1151,P60709,9fjo_B,0,745,94,97,0,100,32,97,100,0
1154,P60709,8thy_B,0,718,90,96,0,100,16,81,100,0
1155,P60709,8thy_B,0,718,90,96,0,100,35,89,100,0
1157,P60709,8rtt_B,0,783,100,100,0,100,13,100,100,0
1158,P60709,8rtt_B,0,783,100,100,0,100,32,100,100,0
1159,P60709,9fjo_A,0,745,94,97,0,100,15,100,100,0
116,P60709,9kbx_L,0,740,95,97,0,100,33,100,100,0
1160,P60709,9fjo_A,0,745,94,97,0,100,36,94,100,0
1163,P60709,8thy_A,0,718,90,96,0,100,17,82,100,0
1164,P60709,8thy_A,0,718,90,96,0,100,35,89,100,0
1165,P60709,8rtt_A,0,783,100,100,0,100,14,100,100,0
1166,P60709,8rtt_A,0,783,100,100,0,100,32,100,100,0
1169,P60709,8rv2_D,0,745,94,97,0,100,13,92,100,0
1170,P60709,8rv2_D,0,745,94,97,0,100,38,97,100,0
1177,P60709,8rv2_C,0,745,94,97,0,100,16,100,100,0
1178,P60709,8rv2_C,0,745,94,97,0,100,28,100,100,0
1184,P60709,8thx_D,0,718,90,96,0,100,18,78,100,0
1187,P60709,9qfw_E,0,781,100,100,0,100,26,100,100,0
1188,P60709,9qfw_E,0,781,100,100,0,100,36,100,100,0
1189,P60709,9qfw_E,0,781,100,100,0,100,30,100,100,0
1190,P60709,9qfw_E,0,781,100,100,0,100,21,100,100,0
1192,P60709,8rv2_B,0,745,94,97,0,100,18,100,100,0
1193,P60709,8rv2_B,0,745,94,97,0,100,32,97,100,0
12,P60709,6c1d_E,0,745,94,97,0,100,31,100,100,0
120,P60709,8iai_C,0,786,100,100,0,100,46,100,100,0
1200,P60709,8thx_C,0,718,90,96,0,100,18,78,100,0
1201,P60709,8thx_C,0,718,90,96,0,100,35,89,100,0
1204,P60709,9qfw_D,0,781,100,100,0,100,17,94,94,0
1205,P60709,9qfw_D,0,781,100,100,0,100,25,100,100,0
1206,P60709,9qfw_D,0,781,100,100,0,100,32,100,100,0
1207,P60709,9qfw_D,0,781,100,100,0,100,17,100,100,0
1208,P60709,8rv2_A,0,745,94,97,0,100,14,100,100,0
1209,P60709,8rv2_A,0,745,94,97,0,100,35,94,100,0
1213,P60709,8thx_B,0,718,90,96,0,100,16,81,100,0
1214,P60709,8thx_B,0,718,90,96,0,100,36,89,100,0
1217,P60709,9qfw_C,0,781,100,100,0,100,15,93,93,0
1218,P60709,9qfw_C,0,781,100,100,0,100,13,100,100,0
1219,P60709,9qfw_C,0,781,100,100,0,100,23,100,100,0
1220,P60709,9qfw_C,0,781,100,100,0,100,36,100,100,0
1224,P60709,8thx_A,0,718,90,96,0,100,17,82,100,0
1225,P60709,8thx_A,0,718,90,96,0,100,35,89,100,0
1227,P60709,9qfw_B,0,781,100,100,0,100,14,100,100,0
1228,P60709,9qfw_B,0,781,100,100,0,100,15,100,100,0
1229,P60709,9qfw_B,0,781,100,100,0,100,34,100,100,0
123,P60709,8iai_C,0,786,100,100,0,100,14,100,100,0
1232,P60709,8ru0_C,0,745,94,97,0,100,15,100,100,0
124,P60709,8iai_C,0,786,100,100,0,100,32,100,100,0
1241,P60709,9qfw_A,0,781,100,100,0,100,17,94,94,0
1242,P60709,9qfw_A,0,781,100,100,0,100,12,100,100,0
1243,P60709,9qfw_A,0,781,100,100,0,100,33,100,100,0
1245,P60709,8ru0_A,0,745,94,97,0,100,32,97,100,0
125,P60709,8iai_C,0,786,100,100,0,100,44,100,100,0
1254,P60709,9qfq_E,0,781,100,100,0,100,24,100,100,0
1255,P60709,9qfq_E,0,781,100,100,0,100,33,100,100,0
1256,P60709,9qfq_E,0,781,100,100,0,100,30,100,100,0
1259,P60709,8ru0_B,0,745,94,97,0,100,17,88,94,0
126,P60709,8iai_C,0,786,100,100,0,100,14,100,100,0
1260,P60709,8ru0_B,0,745,94,97,0,100,13,100,100,0
1261,P60709,8ru0_B,0,745,94,97,0,100,32,97,100,0
127,P60709,8iai_C,0,786,100,100,0,100,11,100,100,0
1271,P60709,9qfq_D,0,781,100,100,0,100,22,100,100,0
1272,P60709,9qfq_D,0,781,100,100,0,100,34,100,100,0
1273,P60709,9qfq_D,0,781,100,100,0,100,16,100,100,0
1276,P60709,9qfq_D,0,781,100,100,0,100,19,95,95,0
1280,P60709,8uee_M,0,745,94,97,0,100,38,97,100,0
1281,P60709,8uee_M,0,745,94,97,0,100,46,93,96,0
1287,P60709,9qfq_C,0,781,100,100,0,100,22,100,100,0
1288,P60709,9qfq_C,0,781,100,100,0,100,32,100,100,0
129,P60709,7jh7_B,0,747,94,97,0,100,7,100,100,0
1291,P60709,9qfq_C,0,781,100,100,0,100,13,100,100,0
1292,P60709,9qfq_C,0,781,100,100,0,100,12,100,100,0
1294,P60709,8uee_L,0,745,94,97,0,100,18,89,94,0
1295,P60709,8uee_L,0,745,94,97,0,100,45,93,96,0
1296,P60709,8uee_L,0,745,94,97,0,100,30,97,100,0
130,P60709,7jh7_B,0,747,94,97,0,100,40,98,98,0
1303,P60709,9qfq_B,0,781,100,100,0,100,34,100,100,0
1305,P60709,9qfq_B,0,781,100,100,0,100,14,100,100,0
1306,P60709,9qfq_B,0,781,100,100,0,100,14,100,100,0
1309,P60709,8uee_K,0,745,94,97,0,100,31,97,100,0
131,P60709,7jh7_B,0,747,94,97,0,100,20,90,95,0
1310,P60709,8uee_K,0,745,94,97,0,100,15,100,100,0
1311,P60709,8uee_K,0,745,94,97,0,100,10,80,100,0
1312,P60709,8uee_K,0,745,94,97,0,100,9,100,100,0
1313,P60709,8uee_K,0,745,94,97,0,100,34,97,100,0
1319,P60709,9qfq_A,0,781,100,100,0,100,33,100,100,0
132,P60709,5jlf_A,0,745,94,97,0,100,34,100,100,0
1320,P60709,9qfq_A,0,781,100,100,0,100,16,100,100,0
1321,P60709,9qfq_A,0,781,100,100,0,100,11,100,100,0
1325,P60709,8uee_J,0,745,94,97,0,100,31,97,100,0
1326,P60709,8uee_J,0,745,94,97,0,100,45,93,96,0
1327,P60709,8uee_J,0,745,94,97,0,100,29,100,100,0
133,P60709,5jlf_A,0,745,94,97,0,100,33,94,100,0
1337,P60709,9qfo_F,0,781,100,100,0,100,24,100,100,0
134,P60709,5jlf_A,0,745,94,97,0,100,17,88,94,0
1341,P60709,8uee_I,0,745,94,97,0,100,18,89,94,0
1342,P60709,8uee_I,0,745,94,97,0,100,15,100,100,0
1343,P60709,8uee_I,0,745,94,97,0,100,32,97,100,0
1344,P60709,8uee_I,0,745,94,97,0,100,29,100,100,0
1345,P60709,8uee_I,0,745,94,97,0,100,9,100,100,0
1346,P60709,8uee_I,0,745,94,97,0,100,10,80,100,0
135,P60709,5jlf_A,0,745,94,97,0,100,17,100,100,0
1354,P60709,9qfo_E,0,781,100,100,0,100,22,100,100,0
1357,P60709,9qfo_E,0,781,100,100,0,100,16,94,94,0
1359,P60709,8uee_H,0,745,94,97,0,100,31,97,100,0
1360,P60709,8uee_H,0,745,94,97,0,100,17,100,100,0
1361,P60709,8uee_H,0,745,94,97,0,100,39,95,100,0
1362,P60709,8uee_H,0,745,94,97,0,100,45,93,96,0
1367,P60709,8d18_F,0,745,94,97,0,100,17,100,100,0
137,P60709,8c4e_B,0,745,94,97,0,100,16,100,100,0
1371,P60709,9qfo_D,0,781,100,100,0,100,23,100,100,0
1372,P60709,9qfo_D,0,781,100,100,0,100,36,100,100,0
1375,P60709,9qfo_D,0,781,100,100,0,100,14,93,93,0
1376,P60709,9qfo_D,0,781,100,100,0,100,12,100,100,0
1377,P60709,8uee_F,0,745,94,97,0,100,15,100,100,0
1378,P60709,8uee_F,0,745,94,97,0,100,31,97,100,0
1379,P60709,8uee_F,0,745,94,97,0,100,11,82,100,0
138,P60709,8c4e_B,0,745,94,97,0,100,32,97,100,0
1380,P60709,8uee_F,0,745,94,97,0,100,39,95,100,0
1385,P60709,8d18_E,0,745,94,97,0,100,18,100,100,0
1386,P60709,8d18_E,0,745,94,97,0,100,33,94,100,0
139,P60709,8c4e_B,0,745,94,97,0,100,31,100,100,0
1390,P60709,9qfo_C,0,781,100,100,0,100,24,100,100,0
1391,P60709,9qfo_C,0,781,100,100,0,100,35,100,100,0
1394,P60709,9qfo_C,0,781,100,100,0,100,14,93,93,0
1395,P60709,9qfo_C,0,781,100,100,0,100,11,100,100,0
140,P60709,8c4e_B,0,745,94,97,0,100,47,94,96,0
1401,P60709,8d18_D,0,745,94,97,0,100,18,100,100,0
1402,P60709,8d18_D,0,745,94,97,0,100,32,97,100,0
1406,P60709,9qfo_B,0,781,100,100,0,100,33,100,100,0
1408,P60709,9qfo_B,0,781,100,100,0,100,16,94,94,0
1409,P60709,9qfo_B,0,781,100,100,0,100,11,100,100,0
1416,P60709,8d18_C,0,745,94,97,0,100,16,100,100,0
1417,P60709,8d18_C,0,745,94,97,0,100,31,97,100,0
142,P60709,9kbx_K,0,740,95,97,0,100,13,100,100,0
1421,P60709,9qfo_A,0,781,100,100,0,100,36,100,100,0
1422,P60709,9qfo_A,0,781,100,100,0,100,15,93,93,0
1423,P60709,9qfo_A,0,781,100,100,0,100,10,100,100,0
1428,P60709,8d18_B,0,745,94,97,0,100,15,100,100,0
1429,P60709,8d18_B,0,745,94,97,0,100,33,94,100,0
1435,P60709,9qfk_G,0,781,100,100,0,100,13,100,100,0
1436,P60709,9qfk_G,0,781,100,100,0,100,30,100,100,0
144,P60709,9kbx_K,0,740,95,97,0,100,32,97,100,0
1440,P60709,9sgk_H,0,745,94,97,0,100,32,100,100,0
1441,P60709,9sgk_H,0,745,94,97,0,100,13,100,100,0
1442,P60709,8d18_A,0,745,94,97,0,100,16,100,100,0
1443,P60709,8d18_A,0,745,94,97,0,100,31,97,100,0
1448,P60709,9qfk_F,0,781,100,100,0,100,17,100,100,0
1449,P60709,9qfk_F,0,781,100,100,0,100,13,100,100,0
1450,P60709,9qfk_F,0,781,100,100,0,100,27,100,100,0
1451,P60709,9qfk_F,0,781,100,100,0,100,11,100,100,0
1453,P60709,9sgk_G,0,745,94,97,0,100,31,100,100,0
1454,P60709,9sgk_G,0,745,94,97,0,100,16,88,94,0
146,P60709,8iai_B,0,786,100,100,0,100,13,100,100,0
1463,P60709,9qfk_E,0,781,100,100,0,100,17,100,100,0
1464,P60709,9qfk_E,0,781,100,100,0,100,32,100,100,0
1465,P60709,9qfk_E,0,781,100,100,0,100,14,100,100,0
1466,P60709,9qfk_E,0,781,100,100,0,100,27,100,100,0
1467,P60709,9qfk_E,0,781,100,100,0,100,10,100,100,0
1468,P60709,9qfk_E,0,781,100,100,0,100,21,100,100,0
147,P60709,8iai_B,0,786,100,100,0,100,33,100,100,0
1470,P60709,9sgk_F,0,745,94,97,0,100,16,100,100,0
1471,P60709,9sgk_F,0,745,94,97,0,100,16,88,94,0
1472,P60709,9sgk_F,0,745,94,97,0,100,32,97,100,0
1475,P60709,8d17_F,0,745,94,97,0,100,18,100,100,0
148,P60709,8iai_B,0,786,100,100,0,100,13,100,100,0
1482,P60709,9qfk_D,0,781,100,100,0,100,14,100,100,0
1483,P60709,9qfk_D,0,781,100,100,0,100,33,100,100,0
1484,P60709,9qfk_D,0,781,100,100,0,100,30,100,100,0
1485,P60709,9qfk_D,0,781,100,100,0,100,12,100,100,0
1486,P60709,9qfk_D,0,781,100,100,0,100,21,100,100,0
1489,P60709,9qgk_J,0,745,94,97,0,100,11,100,100,0
149,P60709,8iai_B,0,786,100,100,0,100,65,100,100,0
1490,P60709,9qgk_J,0,745,94,97,0,100,23,100,100,0
1496,P60709,8d17_E,0,745,94,97,0,100,15,100,100,0
1497,P60709,8d17_E,0,745,94,97,0,100,31,97,100,0
15,P60709,8c4e_G,0,745,94,97,0,100,17,100,100,0
1502,P60709,9qfk_C,0,781,100,100,0,100,13,100,100,0
1503,P60709,9qfk_C,0,781,100,100,0,100,34,100,100,0
1504,P60709,9qfk_C,0,781,100,100,0,100,12,100,100,0
1505,P60709,9qfk_C,0,781,100,100,0,100,26,100,100,0
1506,P60709,9qfk_C,0,781,100,100,0,100,10,100,100,0
1507,P60709,9qfk_C,0,781,100,100,0,100,20,100,100,0
1509,P60709,9qgk_I,0,745,94,97,0,100,20,100,100,0
151,P60709,7jh7_A,0,747,94,97,0,100,41,98,98,0
1514,P60709,8d17_D,0,745,94,97,0,100,17,100,100,0
1515,P60709,8d17_D,0,745,94,97,0,100,31,97,100,0
1519,P60709,9qfk_B,0,781,100,100,0,100,16,100,100,0
152,P60709,7jh7_A,0,747,94,97,0,100,34,97,100,0
1520,P60709,9qfk_B,0,781,100,100,0,100,34,100,100,0
1521,P60709,9qfk_B,0,781,100,100,0,100,13,100,100,0
1522,P60709,9qfk_B,0,781,100,100,0,100,30,100,100,0
1523,P60709,9qfk_B,0,781,100,100,0,100,23,100,100,0
1525,P60709,9qgk_H,0,745,94,97,0,100,9,100,100,0
1526,P60709,9qgk_H,0,745,94,97,0,100,21,100,100,0
1529,P60709,9qgk_H,0,745,94,97,0,100,31,100,100,0
153,P60709,7jh7_A,0,747,94,97,0,100,31,100,100,0
1530,P60709,9qgk_H,0,745,94,97,0,100,16,100,100,0
1533,P60709,8d17_C,0,745,94,97,0,100,15,100,100,0
1534,P60709,8d17_C,0,745,94,97,0,100,31,97,100,0
154,P60709,7jh7_A,0,747,94,97,0,100,6,100,100,0
1540,P60709,9qfk_A,0,781,100,100,0,100,13,100,100,0
1541,P60709,9qfk_A,0,781,100,100,0,100,33,100,100,0
1542,P60709,9qfk_A,0,781,100,100,0,100,27,100,100,0
1543,P60709,9qfk_A,0,781,100,100,0,100,10,100,100,0
1544,P60709,9qfk_A,0,781,100,100,0,100,31,100,100,0
1549,P60709,9qgk_G,0,745,94,97,0,100,8,100,100,0
155,P60709,7jh7_A,0,747,94,97,0,100,20,90,95,0
1550,P60709,9qgk_G,0,745,94,97,0,100,23,100,100,0
1551,P60709,9qgk_G,0,745,94,97,0,100,31,100,100,0
1552,P60709,9qgk_G,0,745,94,97,0,100,17,88,94,0
1554,P60709,8d17_B,0,745,94,97,0,100,18,100,100,0
1555,P60709,8d17_B,0,745,94,97,0,100,32,97,100,0
1558,P60709,9bpm_C,0,744,94,97,0,100,30,100,100,0
156,P60709,7jh7_A,0,747,94,97,0,100,19,100,100,0
1561,P60709,5ogw_D,0,678,83,93,0,100,33,97,97,0
1562,P60709,9qfj_E,0,781,100,100,0,100,22,100,100,0
1567,P60709,9qgk_F,0,745,94,97,0,100,21,100,100,0
1568,P60709,9qgk_F,0,745,94,97,0,100,15,100,100,0
1569,P60709,9qgk_F,0,745,94,97,0,100,17,88,94,0
157,P60709,8c4e_A,0,745,94,97,0,100,15,100,100,0
1570,P60709,9qgk_F,0,745,94,97,0,100,34,97,100,0
1571,P60709,8d17_A,0,745,94,97,0,100,18,94,100,0
1572,P60709,8d17_A,0,745,94,97,0,100,33,97,100,0
1574,P60709,9bpm_B,0,744,94,97,0,100,18,89,94,0
1576,P60709,5ogw_C,0,678,83,93,0,100,20,65,90,0
1577,P60709,9qfj_D,0,781,100,100,0,100,22,100,100,0
1578,P60709,9qfj_D,0,781,100,100,0,100,35,100,100,0
158,P60709,8c4e_A,0,745,94,97,0,100,31,97,100,0
1581,P60709,9qfj_D,0,781,100,100,0,100,14,93,93,0
1584,P60709,8dmx_C,0,745,94,97,0,100,11,100,100,0
1587,P60709,9y9p_E,0,745,94,97,0,100,23,100,100,0
1588,P60709,9y9p_E,0,745,94,97,0,100,34,100,100,0
159,P60709,8c4e_A,0,745,94,97,0,100,46,93,96,0
1591,P60709,9bpm_A,0,744,94,97,0,100,31,97,100,0
1592,P60709,9bpm_A,0,744,94,97,0,100,14,100,100,0
1593,P60709,9bpm_A,0,744,94,97,0,100,18,89,94,0
1595,P60709,5ogw_B,0,678,83,93,0,100,19,79,89,0
1596,P60709,9qfj_C,0,781,100,100,0,100,22,100,100,0
1597,P60709,9qfj_C,0,781,100,100,0,100,35,100,100,0
16,P60709,8c4e_G,0,745,94,97,0,100,8,100,100,0
160,P60709,8c4e_A,0,745,94,97,0,100,40,92,100,0
1600,P60709,9qfj_C,0,781,100,100,0,100,14,93,93,0
1601,P60709,9qfj_C,0,781,100,100,0,100,11,100,100,0
1603,P60709,8dmx_B,0,745,94,97,0,100,12,100,100,0
1604,P60709,8dmx_B,0,745,94,97,0,100,31,97,100,0
1607,P60709,9y9p_D,0,745,94,97,0,100,16,94,100,0
1608,P60709,9y9p_D,0,745,94,97,0,100,23,100,100,0
1609,P60709,9y9p_D,0,745,94,97,0,100,34,100,100,0
1612,P60709,8d15_F,0,745,94,97,0,100,17,100,100,0
1615,P60709,5ogw_A,0,678,83,93,0,100,31,68,90,0
1616,P60709,5ogw_A,0,678,83,93,0,100,33,97,97,0
1617,P60709,5ogw_A,0,678,83,93,0,100,21,67,90,0
1618,P60709,5ogw_A,0,678,83,93,0,100,18,78,89,0
1619,P60709,9qfj_B,0,781,100,100,0,100,22,100,100,0
162,P60709,9kbx_J,0,740,95,97,0,100,33,100,100,0
1620,P60709,9qfj_B,0,781,100,100,0,100,36,100,100,0
1622,P60709,9qfj_B,0,781,100,100,0,100,14,93,93,0
1623,P60709,9qfj_B,0,781,100,100,0,100,11,100,100,0
1624,P60709,8dmx_A,0,745,94,97,0,100,12,100,100,0
1625,P60709,8dmx_A,0,745,94,97,0,100,31,97,100,0
1628,P60709,9y9p_C,0,745,94,97,0,100,16,94,100,0
1629,P60709,9y9p_C,0,745,94,97,0,100,12,92,100,0
1630,P60709,9y9p_C,0,745,94,97,0,100,23,100,100,0
1631,P60709,9y9p_C,0,745,94,97,0,100,34,100,100,0
1634,P60709,8d15_E,0,745,94,97,0,100,18,100,100,0
1635,P60709,8d15_E,0,745,94,97,0,100,32,97,100,0
164,P60709,9kbx_J,0,740,95,97,0,100,18,89,94,0
1640,P60709,9qfj_A,0,781,100,100,0,100,35,100,100,0
1641,P60709,9qfj_A,0,781,100,100,0,100,14,93,93,0
1642,P60709,9qfj_A,0,781,100,100,0,100,11,100,100,0
1645,P60709,9y9p_B,0,745,94,97,0,100,16,94,100,0
1646,P60709,9y9p_B,0,745,94,97,0,100,12,92,100,0
1647,P60709,9y9p_B,0,745,94,97,0,100,34,100,100,0
165,P60709,8iai_A,0,786,100,100,0,100,14,100,100,0
1650,P60709,8d15_D,0,745,94,97,0,100,14,100,100,0
1651,P60709,8d15_D,0,745,94,97,0,100,32,97,100,0
1656,P60709,6tu4_D,0,678,83,93,0,100,18,67,89,0
1657,P60709,9qfg_G,0,781,100,100,0,100,15,100,100,0
1658,P60709,9qfg_G,0,781,100,100,0,100,29,100,100,0
166,P60709,8iai_A,0,786,100,100,0,100,31,100,100,0
1661,P60709,8e9b_I,0,745,94,97,0,100,28,100,100,0
1663,P60709,9y9p_A,0,745,94,97,0,100,16,94,100,0
1664,P60709,9y9p_A,0,745,94,97,0,100,12,92,100,0
1665,P60709,9y9p_A,0,745,94,97,0,100,34,100,100,0
1668,P60709,8d15_C,0,745,94,97,0,100,15,100,100,0
1669,P60709,8d15_C,0,745,94,97,0,100,32,97,100,0
167,P60709,8iai_A,0,786,100,100,0,100,14,100,100,0
1674,P60709,9qfg_F,0,781,100,100,0,100,28,100,100,0
1675,P60709,9qfg_F,0,781,100,100,0,100,15,100,100,0
1676,P60709,9qfg_F,0,781,100,100,0,100,12,100,100,0
1679,P60709,9qfg_F,0,781,100,100,0,100,17,100,100,0
168,P60709,8iai_A,0,786,100,100,0,100,12,100,100,0
1680,P60709,8e9b_H,0,745,94,97,0,100,36,100,100,0
1681,P60709,8e9b_H,0,745,94,97,0,100,19,89,95,0
1682,P60709,8e9b_H,0,745,94,97,0,100,18,94,100,0
1685,P60709,9y9m_E,0,745,94,97,0,100,10,90,100,0
1686,P60709,9y9m_E,0,745,94,97,0,100,33,88,97,0
1687,P60709,9y9m_E,0,745,94,97,0,100,23,100,100,0
1689,P60709,8d15_B,0,745,94,97,0,100,17,100,100,0
169,P60709,8iai_A,0,786,100,100,0,100,90,100,100,0
1690,P60709,8d15_B,0,745,94,97,0,100,32,97,100,0
1693,P60709,8v2o_D,0,744,94,97,0,100,18,100,100,0
1695,P60709,6tu4_B,0,678,83,93,0,100,13,85,92,0
1696,P60709,6tu4_B,0,678,83,93,0,100,30,67,90,0
1697,P60709,9qfg_E,0,781,100,100,0,100,15,100,100,0
1698,P60709,9qfg_E,0,781,100,100,0,100,13,100,100,0
1699,P60709,9qfg_E,0,781,100,100,0,100,30,100,100,0
17,P60709,8c4e_G,0,745,94,97,0,100,28,100,100,0
1700,P60709,9qfg_E,0,781,100,100,0,100,22,100,100,0
1703,P60709,9qfg_E,0,781,100,100,0,100,16,100,100,0
1704,P60709,9qfg_E,0,781,100,100,0,100,33,100,100,0
1705,P60709,8e9b_R,0,745,94,97,0,100,20,100,100,0
1710,P60709,9y9m_D,0,745,94,97,0,100,16,94,100,0
1711,P60709,9y9m_D,0,745,94,97,0,100,23,100,100,0
1712,P60709,9y9m_D,0,745,94,97,0,100,6,83,100,0
1713,P60709,9y9m_D,0,745,94,97,0,100,23,96,96,0
1714,P60709,8d15_A,0,745,94,97,0,100,13,100,100,0
1715,P60709,8d15_A,0,745,94,97,0,100,35,94,100,0
1718,P60709,8v2o_C,0,744,94,97,0,100,18,100,100,0
1719,P60709,8v2o_C,0,744,94,97,0,100,32,97,100,0
1720,P60709,6tu4_A,0,678,83,93,0,100,12,83,92,0
1721,P60709,6tu4_A,0,678,83,93,0,100,33,97,97,0
1722,P60709,6tu4_A,0,678,83,93,0,100,17,71,94,0
1723,P60709,6tu4_A,0,678,83,93,0,100,30,67,90,0
1724,P60709,9qfg_D,0,781,100,100,0,100,27,100,100,0
1725,P60709,9qfg_D,0,781,100,100,0,100,22,100,100,0
1726,P60709,9qfg_D,0,781,100,100,0,100,12,100,100,0
1729,P60709,9qfg_D,0,781,100,100,0,100,16,100,100,0
1730,P60709,9qfg_D,0,781,100,100,0,100,33,100,100,0
1731,P60709,8e9b_Q,0,745,94,97,0,100,5,100,100,0
1732,P60709,8e9b_Q,0,745,94,97,0,100,11,100,100,0
1733,P60709,8e9b_Q,0,745,94,97,0,100,23,100,100,0
1736,P60709,8e9b_Q,0,745,94,97,0,100,15,100,100,0
1739,P60709,9y9m_C,0,745,94,97,0,100,13,100,100,0
1740,P60709,9y9m_C,0,745,94,97,0,100,13,92,100,0
1741,P60709,9y9m_C,0,745,94,97,0,100,22,100,100,0
1742,P60709,9y9m_C,0,745,94,97,0,100,34,100,100,0
1746,P60709,8v2o_B,0,744,94,97,0,100,18,100,100,0
1747,P60709,8v2o_B,0,744,94,97,0,100,32,97,100,0
1748,P60709,6tu7_EP1,0,678,83,93,0,100,13,77,85,0
1751,P60709,9qfg_C,0,781,100,100,0,100,26,100,100,0
1752,P60709,9qfg_C,0,781,100,100,0,100,14,100,100,0
1753,P60709,9qfg_C,0,781,100,100,0,100,11,100,100,0
1754,P60709,9qfg_C,0,781,100,100,0,100,24,100,100,0
1757,P60709,9qfg_C,0,781,100,100,0,100,16,100,100,0
1758,P60709,9qfg_C,0,781,100,100,0,100,35,100,100,0
1759,P60709,8e9b_P,0,745,94,97,0,100,6,100,100,0
176,P60709,8c4c_H,0,745,94,97,0,100,11,100,100,0
1762,P60709,8e9b_P,0,745,94,97,0,100,15,100,100,0
1763,P60709,8e9b_P,0,745,94,97,0,100,34,94,100,0
1765,P60709,9y9m_B,0,745,94,97,0,100,15,93,100,0
1766,P60709,9y9m_B,0,745,94,97,0,100,13,85,100,0
1767,P60709,9y9m_B,0,745,94,97,0,100,37,100,100,0
1770,P60709,8v2o_A,0,744,94,97,0,100,19,100,100,0
1771,P60709,8v2o_A,0,744,94,97,0,100,32,97,100,0
1774,P60709,6tu7_DP1,0,678,83,93,0,100,36,83,92,0
1775,P60709,9qfg_B,0,781,100,100,0,100,25,100,100,0
1776,P60709,9qfg_B,0,781,100,100,0,100,22,100,100,0
1778,P60709,9qfg_B,0,781,100,100,0,100,17,100,100,0
1779,P60709,9qfg_B,0,781,100,100,0,100,32,100,100,0
178,P60709,9kbx_H,0,740,95,97,0,100,13,100,100,0
1780,P60709,8e9b_O,0,745,94,97,0,100,11,100,100,0
1781,P60709,8e9b_O,0,745,94,97,0,100,19,95,100,0
1782,P60709,8e9b_O,0,745,94,97,0,100,9,67,78,0
1785,P60709,8e9b_O,0,745,94,97,0,100,19,95,100,0
1786,P60709,8e9b_O,0,745,94,97,0,100,33,94,100,0
1787,P60709,9y9m_A,0,745,94,97,0,100,15,93,100,0
1788,P60709,9y9m_A,0,745,94,97,0,100,14,93,100,0
1789,P60709,9y9m_A,0,745,94,97,0,100,36,100,100,0
179,P60709,9kbx_H,0,740,95,97,0,100,32,97,100,0
1793,P60709,6tu7_CP1,0,678,83,93,0,100,36,83,92,0
1795,P60709,6tu7_CP1,0,678,83,93,0,100,15,73,93,0
1796,P60709,6tu7_CP1,0,678,83,93,0,100,34,97,97,0
1797,P60709,9qfg_A,0,781,100,100,0,100,23,100,100,0
1798,P60709,9qfg_A,0,781,100,100,0,100,35,100,100,0
1799,P60709,9qfg_A,0,781,100,100,0,100,10,100,100,0
180,P60709,9kbx_H,0,740,95,97,0,100,20,90,95,0
1800,P60709,9qfg_A,0,781,100,100,0,100,18,100,100,0
1801,P60709,9qfg_A,0,781,100,100,0,100,18,100,100,0
1803,P60709,8e9b_N,0,745,94,97,0,100,17,100,100,0
1804,P60709,8e9b_N,0,745,94,97,0,100,36,94,100,0
1807,P60709,9y9l_E,0,745,94,97,0,100,11,82,91,0
1808,P60709,9y9l_E,0,745,94,97,0,100,34,88,97,0
1809,P60709,9y9l_E,0,745,94,97,0,100,26,96,96,0
181,P60709,9kbx_H,0,740,95,97,0,100,18,100,100,0
1814,P60709,6tu7_BP1,0,678,83,93,0,100,15,73,93,0
1815,P60709,6tu7_BP1,0,678,83,93,0,100,31,68,90,0
1816,P60709,6tu7_BP1,0,678,83,93,0,100,11,82,91,0
1817,P60709,6tu7_BP1,0,678,83,93,0,100,13,77,85,0
182,P60709,8iah_L,0,786,100,100,0,100,45,100,100,0
1820,P60709,9qfe_G,0,781,100,100,0,100,23,100,100,0
1821,P60709,9qfe_G,0,781,100,100,0,100,16,100,100,0
1822,P60709,8e9b_M,0,745,94,97,0,100,7,71,86,0
1823,P60709,8e9b_M,0,745,94,97,0,100,16,100,100,0
1824,P60709,8e9b_M,0,745,94,97,0,100,35,97,100,0
1827,P60709,9y9l_D,0,745,94,97,0,100,14,100,100,0
1828,P60709,9y9l_D,0,745,94,97,0,100,16,100,100,0
1829,P60709,9y9l_D,0,745,94,97,0,100,24,96,96,0
183,P60709,8iah_L,0,786,100,100,0,100,4,100,100,0
1830,P60709,9y9l_D,0,745,94,97,0,100,35,100,100,0
1835,P60709,9zbp_E,0,743,94,97,0,100,17,88,94,0
184,P60709,8iah_L,0,786,100,100,0,100,11,100,100,0
1841,P60709,9qfe_F,0,781,100,100,0,100,17,94,94,0
1842,P60709,9qfe_F,0,781,100,100,0,100,28,100,100,0
1847,P60709,9y9l_C,0,745,94,97,0,100,11,100,100,0
1848,P60709,9y9l_C,0,745,94,97,0,100,12,92,100,0
1849,P60709,9y9l_C,0,745,94,97,0,100,23,100,100,0
185,P60709,8iah_L,0,786,100,100,0,100,14,100,100,0
1850,P60709,9y9l_C,0,745,94,97,0,100,35,100,100,0
1855,P60709,9zbp_D,0,743,94,97,0,100,19,89,95,0
1856,P60709,9zbp_D,0,743,94,97,0,100,31,100,100,0
1859,P60709,7aln_D,0,678,83,93,0,100,36,97,97,0
186,P60709,8iah_L,0,786,100,100,0,100,31,100,100,0
1862,P60709,9qfe_E,0,781,100,100,0,100,16,100,100,0
1863,P60709,9qfe_E,0,781,100,100,0,100,11,100,100,0
1864,P60709,9qfe_E,0,781,100,100,0,100,24,100,100,0
1865,P60709,9qfe_E,0,781,100,100,0,100,33,100,100,0
1866,P60709,9qfe_E,0,781,100,100,0,100,16,100,100,0
1867,P60709,9qfe_E,0,781,100,100,0,100,9,100,100,0
1870,P60709,8a2z_D,0,745,94,97,0,100,17,100,100,0
1872,P60709,9y9l_B,0,745,94,97,0,100,15,93,100,0
1873,P60709,9y9l_B,0,745,94,97,0,100,14,93,100,0
1874,P60709,9y9l_B,0,745,94,97,0,100,35,100,100,0
1879,P60709,9zbp_C,0,743,94,97,0,100,19,89,95,0
1880,P60709,9zbp_C,0,743,94,97,0,100,30,100,100,0
1882,P60709,7aln_C,0,678,83,93,0,100,22,68,91,0
1883,P60709,7aln_C,0,678,83,93,0,100,14,79,86,0
1886,P60709,9qfe_D,0,781,100,100,0,100,16,94,94,0
1887,P60709,9qfe_D,0,781,100,100,0,100,34,100,100,0
1888,P60709,9qfe_D,0,781,100,100,0,100,27,100,100,0
1889,P60709,9qfe_D,0,781,100,100,0,100,21,100,100,0
1892,P60709,8a2z_B,0,745,94,97,0,100,28,96,100,0
1893,P60709,9y9l_A,0,745,94,97,0,100,16,94,100,0
1894,P60709,9y9l_A,0,745,94,97,0,100,14,93,100,0
1895,P60709,9y9l_A,0,745,94,97,0,100,36,100,100,0
19,P60709,9ug2_F,0,740,95,97,0,100,24,100,100,0
1900,P60709,9zbp_B,0,743,94,97,0,100,18,89,94,0
1901,P60709,9zbp_B,0,743,94,97,0,100,31,100,100,0
1903,P60709,7aln_B,0,678,83,93,0,100,21,81,90,0
1906,P60709,9qfe_C,0,781,100,100,0,100,15,100,100,0
1907,P60709,9qfe_C,0,781,100,100,0,100,11,100,100,0
1908,P60709,9qfe_C,0,781,100,100,0,100,24,100,100,0
1909,P60709,9qfe_C,0,781,100,100,0,100,33,100,100,0
191,P60709,9bph_C,0,746,94,97,0,100,30,100,100,0
1910,P60709,9qfe_C,0,781,100,100,0,100,14,100,100,0
1911,P60709,9qfe_C,0,781,100,100,0,100,12,100,100,0
1913,P60709,8a2z_A,0,745,94,97,0,100,18,100,100,0
1916,P60709,9y9j_E,0,745,94,97,0,100,24,100,100,0
1917,P60709,9y9j_E,0,745,94,97,0,100,38,100,100,0
1921,P60709,9zbp_A,0,743,94,97,0,100,19,89,95,0
1922,P60709,9zbp_A,0,743,94,97,0,100,30,100,100,0
1923,P60709,7aln_A,0,678,83,93,0,100,32,69,91,0
1924,P60709,7aln_A,0,678,83,93,0,100,36,97,97,0
1925,P60709,7aln_A,0,678,83,93,0,100,22,68,91,0
1926,P60709,7aln_A,0,678,83,93,0,100,22,82,91,0
1927,P60709,7aln_A,0,678,83,93,0,100,35,91,97,0
1929,P60709,9qfe_B,0,781,100,100,0,100,17,94,94,0
1930,P60709,9qfe_B,0,781,100,100,0,100,33,100,100,0
1931,P60709,9qfe_B,0,781,100,100,0,100,27,100,100,0
1932,P60709,9qfe_B,0,781,100,100,0,100,23,100,100,0
1933,P60709,8a2z_C,0,745,94,97,0,100,27,100,100,0
1934,P60709,8a2z_C,0,745,94,97,0,100,17,88,94,0
1935,P60709,8a2z_C,0,745,94,97,0,100,17,100,100,0
1936,P60709,8a2z_C,0,745,94,97,0,100,27,96,100,0
1939,P60709,9y9j_D,0,745,94,97,0,100,16,94,100,0
1940,P60709,9y9j_D,0,745,94,97,0,100,23,100,100,0
1941,P60709,9y9j_D,0,745,94,97,0,100,37,100,100,0
1944,P60709,7r94_E,0,745,94,97,0,100,15,100,100,0
1947,P60709,9qfe_A,0,781,100,100,0,100,19,100,100,0
1948,P60709,9qfe_A,0,781,100,100,0,100,11,100,100,0
1949,P60709,9qfe_A,0,781,100,100,0,100,25,100,100,0
195,P60709,8c4c_G,0,745,94,97,0,100,17,100,100,0
1950,P60709,9qfe_A,0,781,100,100,0,100,34,100,100,0
1951,P60709,9qfe_A,0,781,100,100,0,100,10,100,100,0
1956,P60709,9y9j_C,0,745,94,97,0,100,16,94,100,0
1957,P60709,9y9j_C,0,745,94,97,0,100,12,92,100,0
1958,P60709,9y9j_C,0,745,94,97,0,100,23,100,100,0
1959,P60709,9y9j_C,0,745,94,97,0,100,37,100,100,0
196,P60709,8c4c_G,0,745,94,97,0,100,10,100,100,0
1962,P60709,7r94_D,0,745,94,97,0,100,17,88,94,0
1963,P60709,7r94_D,0,745,94,97,0,100,18,100,100,0
1968,P60709,9qfd_G,0,781,100,100,0,100,22,100,100,0
197,P60709,8c4c_G,0,745,94,97,0,100,31,100,100,0
1971,P60709,8a2y_D,0,745,94,97,0,100,15,100,100,0
1973,P60709,9y9j_B,0,745,94,97,0,100,12,100,100,0
1974,P60709,9y9j_B,0,745,94,97,0,100,12,92,100,0
1975,P60709,9y9j_B,0,745,94,97,0,100,32,100,100,0
1976,P60709,9y9j_B,0,745,94,97,0,100,37,100,100,0
1979,P60709,7r94_A,0,745,94,97,0,100,24,100,100,0
1982,P60709,9yim_E,0,743,95,97,0,100,13,85,92,0
1983,P60709,9yim_E,0,743,95,97,0,100,35,91,97,0
1987,P60709,9qfd_F,0,781,100,100,0,100,15,93,93,0
1988,P60709,9qfd_F,0,781,100,100,0,100,22,100,100,0
1991,P60709,8a2y_B,0,745,94,97,0,100,33,94,100,0
1992,P60709,9y9j_A,0,745,94,97,0,100,10,100,100,0
1993,P60709,9y9j_A,0,745,94,97,0,100,12,92,100,0
1994,P60709,9y9j_A,0,745,94,97,0,100,33,100,100,0
1995,P60709,9y9j_A,0,745,94,97,0,100,7,86,100,0
1996,P60709,9y9j_A,0,745,94,97,0,100,38,100,100,0
1998,P60709,7r94_B,0,745,94,97,0,100,16,100,100,0
1999,P60709,7r94_B,0,745,94,97,0,100,31,100,100,0
2000,P60709,7r94_B,0,745,94,97,0,100,26,96,96,0
2003,P60709,9yim_D,0,743,95,97,0,100,16,100,100,0
2004,P60709,9yim_D,0,743,95,97,0,100,31,97,100,0
2005,P60709,9yim_D,0,743,95,97,0,100,6,83,100,0
2009,P60709,9qfd_E,0,781,100,100,0,100,18,94,94,0
2010,P60709,9qfd_E,0,781,100,100,0,100,11,100,100,0
2011,P60709,9qfd_E,0,781,100,100,0,100,22,100,100,0
2012,P60709,9qfd_E,0,781,100,100,0,100,34,100,100,0
2014,P60709,8a2y_A,0,745,94,97,0,100,17,100,100,0
2017,P60709,9y52_E,0,745,94,97,0,100,25,96,100,0
2018,P60709,9y52_E,0,745,94,97,0,100,37,100,100,0
2019,P60709,7r94_C,0,745,94,97,0,100,14,100,100,0
202,P60709,8iah_K,0,786,100,100,0,100,22,100,100,0
2020,P60709,7r94_C,0,745,94,97,0,100,31,97,100,0
2021,P60709,7r94_C,0,745,94,97,0,100,17,88,94,0
2022,P60709,7r94_C,0,745,94,97,0,100,32,100,100,0
2023,P60709,7r94_C,0,745,94,97,0,100,17,100,100,0
2024,P60709,7r94_C,0,745,94,97,0,100,27,96,96,0
2027,P60709,9yim_C,0,743,95,97,0,100,17,100,100,0
2028,P60709,9yim_C,0,743,95,97,0,100,32,97,100,0
203,P60709,8iah_K,0,786,100,100,0,100,38,100,100,0
2032,P60709,9qfd_D,0,781,100,100,0,100,16,94,94,0
2033,P60709,9qfd_D,0,781,100,100,0,100,11,100,100,0
2034,P60709,9qfd_D,0,781,100,100,0,100,23,100,100,0
2035,P60709,9qfd_D,0,781,100,100,0,100,35,100,100,0
2036,P60709,8a2y_C,0,745,94,97,0,100,28,100,100,0
2037,P60709,8a2y_C,0,745,94,97,0,100,21,90,95,0
2038,P60709,8a2y_C,0,745,94,97,0,100,17,100,100,0
2039,P60709,8a2y_C,0,745,94,97,0,100,32,94,100,0
204,P60709,8iah_K,0,786,100,100,0,100,42,100,100,0
2042,P60709,9y52_D,0,745,94,97,0,100,16,94,100,0
2043,P60709,9y52_D,0,745,94,97,0,100,24,96,100,0
2044,P60709,9y52_D,0,745,94,97,0,100,37,100,100,0
2048,P60709,9yim_B,0,743,95,97,0,100,16,100,100,0
2049,P60709,9yim_B,0,743,95,97,0,100,34,97,100,0
2053,P60709,9qfd_C,0,781,100,100,0,100,15,93,93,0
2054,P60709,9qfd_C,0,781,100,100,0,100,11,100,100,0
2055,P60709,9qfd_C,0,781,100,100,0,100,22,100,100,0
2056,P60709,9qfd_C,0,781,100,100,0,100,35,100,100,0
2061,P60709,9y52_C,0,745,94,97,0,100,16,94,100,0
2062,P60709,9y52_C,0,745,94,97,0,100,13,92,100,0
2063,P60709,9y52_C,0,745,94,97,0,100,24,96,100,0
2064,P60709,9y52_C,0,745,94,97,0,100,38,100,100,0
2068,P60709,7z7i_C,0,745,94,97,0,100,33,97,100,0
2069,P60709,9yim_A,0,743,95,97,0,100,17,100,100,0
207,P60709,8iah_K,0,786,100,100,0,100,15,100,100,0
2070,P60709,9yim_A,0,743,95,97,0,100,34,94,100,0
2073,P60709,9qfd_B,0,781,100,100,0,100,15,93,93,0
2074,P60709,9qfd_B,0,781,100,100,0,100,11,100,100,0
2075,P60709,9qfd_B,0,781,100,100,0,100,22,100,100,0
2076,P60709,9qfd_B,0,781,100,100,0,100,33,100,100,0
2079,P60709,8a2u_D,0,745,94,97,0,100,16,100,100,0
2081,P60709,9y52_B,0,745,94,97,0,100,18,94,100,0
2082,P60709,9y52_B,0,745,94,97,0,100,12,92,100,0
2083,P60709,9y52_B,0,745,94,97,0,100,36,100,100,0
2085,P60709,7z7i_E,0,745,94,97,0,100,33,97,100,0
209,P60709,9bph_B,0,746,94,97,0,100,18,89,94,0
2090,P60709,9qfd_A,0,781,100,100,0,100,15,93,93,0
2091,P60709,9qfd_A,0,781,100,100,0,100,11,100,100,0
2092,P60709,9qfd_A,0,781,100,100,0,100,23,100,100,0
2093,P60709,9qfd_A,0,781,100,100,0,100,34,100,100,0
2096,P60709,8a2u_B,0,745,94,97,0,100,28,96,100,0
2097,P60709,9y52_A,0,745,94,97,0,100,22,91,95,0
2098,P60709,9y52_A,0,745,94,97,0,100,12,92,100,0
2099,P60709,9y52_A,0,745,94,97,0,100,32,100,100,0
2100,P60709,9y52_A,0,745,94,97,0,100,38,100,100,0
2102,P60709,7z7i_B,0,745,94,97,0,100,17,88,94,0
2103,P60709,7z7i_B,0,745,94,97,0,100,14,100,100,0
2109,P60709,8cco_E,0,625,76,89,0,100,13,77,85,0
2112,P60709,9qfb_G,0,781,100,100,0,100,13,100,100,0
2113,P60709,9qfb_G,0,781,100,100,0,100,29,100,100,0
2115,P60709,8a2u_A,0,745,94,97,0,100,18,100,100,0
2118,P60709,7z7i_D,0,745,94,97,0,100,33,97,100,0
2119,P60709,7z7i_D,0,745,94,97,0,100,17,88,94,0
212,P60709,8c4c_F,0,745,94,97,0,100,17,100,100,0
2120,P60709,7z7i_D,0,745,94,97,0,100,16,100,100,0
2122,P60709,8w36_A,0,743,95,97,0,100,20,100,100,0
2125,P60709,8cco_D,0,625,76,89,0,100,13,77,85,0
2126,P60709,8cco_D,0,625,76,89,0,100,33,88,97,0
2129,P60709,9qfb_F,0,781,100,100,0,100,17,100,100,0
213,P60709,8c4c_F,0,745,94,97,0,100,31,97,100,0
2130,P60709,9qfb_F,0,781,100,100,0,100,13,100,100,0
2131,P60709,9qfb_F,0,781,100,100,0,100,30,100,100,0
2132,P60709,9qfb_F,0,781,100,100,0,100,12,100,100,0
2133,P60709,8a2u_C,0,745,94,97,0,100,27,100,100,0
2134,P60709,8a2u_C,0,745,94,97,0,100,17,88,94,0
2135,P60709,8a2u_C,0,745,94,97,0,100,18,100,100,0
2136,P60709,8a2u_C,0,745,94,97,0,100,29,97,100,0
2139,P60709,9xye_D,0,745,94,97,0,100,16,100,100,0
214,P60709,8c4c_F,0,745,94,97,0,100,30,100,100,0
2143,P60709,8w36_C,0,743,95,97,0,100,31,100,100,0
2144,P60709,8w36_C,0,743,95,97,0,100,19,89,95,0
2145,P60709,8w36_C,0,743,95,97,0,100,34,97,100,0
2148,P60709,8cco_C,0,625,76,89,0,100,13,77,85,0
2149,P60709,8cco_C,0,625,76,89,0,100,33,88,97,0
215,P60709,8c4c_F,0,745,94,97,0,100,32,97,100,0
2152,P60709,9qfb_E,0,781,100,100,0,100,17,100,100,0
2153,P60709,9qfb_E,0,781,100,100,0,100,33,100,100,0
2154,P60709,9qfb_E,0,781,100,100,0,100,14,100,100,0
2155,P60709,9qfb_E,0,781,100,100,0,100,29,100,100,0
2156,P60709,9qfb_E,0,781,100,100,0,100,11,100,100,0
2157,P60709,9qfb_E,0,781,100,100,0,100,22,100,100,0
2162,P60709,9xye_C,0,745,94,97,0,100,17,100,100,0
2163,P60709,9xye_C,0,745,94,97,0,100,33,97,100,0
2167,P60709,7z7h_C,0,745,94,97,0,100,35,97,100,0
2168,P60709,8w36_D,0,743,95,97,0,100,18,89,94,0
2169,P60709,8w36_D,0,743,95,97,0,100,31,100,100,0
2170,P60709,8w36_D,0,743,95,97,0,100,19,100,100,0
2172,P60709,8cco_B,0,625,76,89,0,100,13,77,85,0
2173,P60709,8cco_B,0,625,76,89,0,100,33,88,97,0
2176,P60709,9qfb_D,0,781,100,100,0,100,17,100,100,0
2177,P60709,9qfb_D,0,781,100,100,0,100,33,100,100,0
2178,P60709,9qfb_D,0,781,100,100,0,100,12,100,100,0
2179,P60709,9qfb_D,0,781,100,100,0,100,29,100,100,0
218,P60709,8vaa_I,0,740,95,97,0,100,14,100,100,0
2180,P60709,9qfb_D,0,781,100,100,0,100,12,100,100,0
2181,P60709,9qfb_D,0,781,100,100,0,100,21,100,100,0
2184,P60709,8a2t_D,0,745,94,97,0,100,15,100,100,0
2186,P60709,9xye_B,0,745,94,97,0,100,16,100,100,0
2187,P60709,9xye_B,0,745,94,97,0,100,33,94,100,0
2188,P60709,9xye_B,0,745,94,97,0,100,33,100,100,0
2190,P60709,7z7h_E,0,745,94,97,0,100,36,97,100,0
2193,P60709,8cco_A,0,625,76,89,0,100,13,77,85,0
2194,P60709,8cco_A,0,625,76,89,0,100,33,88,97,0
2197,P60709,9qfb_C,0,781,100,100,0,100,17,100,100,0
2198,P60709,9qfb_C,0,781,100,100,0,100,34,100,100,0
2199,P60709,9qfb_C,0,781,100,100,0,100,13,100,100,0
22,P60709,8iai_G,0,786,100,100,0,100,13,100,100,0
2200,P60709,9qfb_C,0,781,100,100,0,100,29,100,100,0
2201,P60709,9qfb_C,0,781,100,100,0,100,10,100,100,0
2202,P60709,9qfb_C,0,781,100,100,0,100,21,100,100,0
2205,P60709,8a2t_B,0,745,94,97,0,100,28,96,100,0
2206,P60709,9xye_A,0,745,94,97,0,100,14,93,100,0
2207,P60709,9xye_A,0,745,94,97,0,100,37,97,100,0
2208,P60709,9xye_A,0,745,94,97,0,100,36,100,100,0
2209,P60709,9xye_A,0,745,94,97,0,100,8,100,100,0
221,P60709,8iah_J,0,786,100,100,0,100,53,100,100,0
2211,P60709,7z7h_B,0,745,94,97,0,100,16,100,100,0
2212,P60709,7z7h_B,0,745,94,97,0,100,15,87,93,0
2213,P60709,7z7h_B,0,745,94,97,0,100,16,94,100,0
2216,P60709,8zix_B,0,743,95,97,0,100,20,90,95,0
2220,P60709,9qfb_B,0,781,100,100,0,100,17,100,100,0
2221,P60709,9qfb_B,0,781,100,100,0,100,35,100,100,0
2222,P60709,9qfb_B,0,781,100,100,0,100,12,100,100,0
2223,P60709,9qfb_B,0,781,100,100,0,100,29,100,100,0
2224,P60709,9qfb_B,0,781,100,100,0,100,12,100,100,0
2225,P60709,9qfb_B,0,781,100,100,0,100,22,100,100,0
2227,P60709,8a2t_A,0,745,94,97,0,100,19,100,100,0
2230,P60709,7z7h_D,0,745,94,97,0,100,28,100,100,0
2231,P60709,7z7h_D,0,745,94,97,0,100,35,97,100,0
2232,P60709,7z7h_D,0,745,94,97,0,100,14,86,93,0
2233,P60709,7z7h_D,0,745,94,97,0,100,17,94,100,0
2236,P60709,8zix_E,0,743,95,97,0,100,20,90,95,0
2237,P60709,8zix_E,0,743,95,97,0,100,31,100,100,0
224,P60709,8iah_J,0,786,100,100,0,100,15,100,100,0
2240,P60709,8ccn_E,0,625,76,89,0,100,17,76,82,0
2241,P60709,9qfb_A,0,781,100,100,0,100,15,100,100,0
2242,P60709,9qfb_A,0,781,100,100,0,100,34,100,100,0
2243,P60709,9qfb_A,0,781,100,100,0,100,31,100,100,0
2244,P60709,9qfb_A,0,781,100,100,0,100,11,100,100,0
2245,P60709,9qfb_A,0,781,100,100,0,100,22,100,100,0
2246,P60709,8a2t_C,0,745,94,97,0,100,27,100,100,0
2247,P60709,8a2t_C,0,745,94,97,0,100,18,89,94,0
2248,P60709,8a2t_C,0,745,94,97,0,100,17,100,100,0
2249,P60709,8a2t_C,0,745,94,97,0,100,28,96,100,0
225,P60709,8iah_J,0,786,100,100,0,100,34,100,100,0
2252,P60709,9q7o_D,0,745,94,97,0,100,16,100,100,0
2257,P60709,8zix_A,0,743,95,97,0,100,19,89,95,0
2258,P60709,8zix_A,0,743,95,97,0,100,30,100,100,0
226,P60709,8iah_J,0,786,100,100,0,100,45,100,100,0
2261,P60709,8ccn_D,0,625,76,89,0,100,17,76,82,0
2262,P60709,8ccn_D,0,625,76,89,0,100,34,88,97,0
2265,P60709,9qf2_E,0,781,100,100,0,100,13,100,100,0
2266,P60709,9qf2_E,0,781,100,100,0,100,30,100,100,0
227,P60709,9bph_A,0,746,94,97,0,100,31,97,100,0
2271,P60709,9q7o_C,0,745,94,97,0,100,16,100,100,0
2272,P60709,9q7o_C,0,745,94,97,0,100,33,97,100,0
2275,P60709,7tpt_T,0,745,94,97,0,100,9,100,100,0
2277,P60709,8zix_R,0,743,95,97,0,100,20,90,95,0
2278,P60709,8zix_R,0,743,95,97,0,100,30,100,100,0
228,P60709,9bph_A,0,746,94,97,0,100,13,100,100,0
2281,P60709,8ccn_C,0,625,76,89,0,100,17,76,82,0
2282,P60709,8ccn_C,0,625,76,89,0,100,34,88,97,0
2284,P60709,9qf2_D,0,781,100,100,0,100,14,100,100,0
2286,P60709,9qf2_D,0,781,100,100,0,100,16,100,100,0
2287,P60709,9qf2_D,0,781,100,100,0,100,29,100,100,0
2288,P60709,9qf2_D,0,781,100,100,0,100,12,100,100,0
229,P60709,9bph_A,0,746,94,97,0,100,18,89,94,0
2291,P60709,8a2s_D,0,745,94,97,0,100,17,100,100,0
2293,P60709,9q7o_B,0,745,94,97,0,100,15,100,100,0
2294,P60709,9q7o_B,0,745,94,97,0,100,31,97,100,0
2295,P60709,7tpt_S,0,745,94,97,0,100,16,100,100,0
2298,P60709,7tpt_S,0,745,94,97,0,100,11,100,100,0
2299,P60709,7tpt_S,0,745,94,97,0,100,28,96,100,0
23,P60709,8iai_G,0,786,100,100,0,100,47,100,100,0
2300,P60709,8zix_P,0,743,95,97,0,100,18,89,94,0
2301,P60709,8zix_P,0,743,95,97,0,100,29,100,100,0
2303,P60709,8ccn_B,0,625,76,89,0,100,17,76,82,0
2304,P60709,8ccn_B,0,625,76,89,0,100,34,88,97,0
2306,P60709,9qf2_B,0,781,100,100,0,100,12,100,100,0
2308,P60709,9qf2_B,0,781,100,100,0,100,34,100,100,0
2309,P60709,9qf2_B,0,781,100,100,0,100,13,100,100,0
2310,P60709,9qf2_B,0,781,100,100,0,100,27,100,100,0
2311,P60709,9qf2_B,0,781,100,100,0,100,22,100,100,0
2314,P60709,8a2s_B,0,745,94,97,0,100,32,94,100,0
2315,P60709,9q7o_A,0,745,94,97,0,100,17,94,94,0
2316,P60709,9q7o_A,0,745,94,97,0,100,31,97,100,0
2317,P60709,9q7o_A,0,745,94,97,0,100,35,100,100,0
2318,P60709,7tpt_R,0,745,94,97,0,100,9,100,100,0
2319,P60709,7tpt_R,0,745,94,97,0,100,16,88,100,0
2320,P60709,7tpt_R,0,745,94,97,0,100,25,100,100,0
2323,P60709,7tpt_R,0,745,94,97,0,100,18,94,100,0
2324,P60709,7tpt_R,0,745,94,97,0,100,26,96,100,0
2328,P60709,8zbm_R,0,743,95,97,0,100,6,100,100,0
2329,P60709,8zbm_R,0,743,95,97,0,95,37,100,100,0
2330,P60709,8ccn_A,0,625,76,89,0,100,17,76,82,0
2331,P60709,8ccn_A,0,625,76,89,0,100,34,88,97,0
2333,P60709,9qf2_A,0,781,100,100,0,100,23,100,100,0
2334,P60709,9qf2_A,0,781,100,100,0,100,15,100,100,0
2335,P60709,9qf2_A,0,781,100,100,0,100,28,100,100,0
2336,P60709,9qf2_A,0,781,100,100,0,100,12,100,100,0
2338,P60709,8a2s_A,0,745,94,97,0,100,17,100,100,0
234,P60709,8c4c_E,0,745,94,97,0,100,14,100,100,0
2341,P60709,9q7n_E,0,745,94,97,0,100,24,100,100,0
2342,P60709,9q7n_E,0,745,94,97,0,100,34,100,100,0
2343,P60709,7tpt_Q,0,745,94,97,0,100,7,100,100,0
2344,P60709,7tpt_Q,0,745,94,97,0,100,7,86,100,0
2347,P60709,7tpt_Q,0,745,94,97,0,100,16,94,100,0
2348,P60709,7tpt_Q,0,745,94,97,0,100,34,97,100,0
235,P60709,8c4c_E,0,745,94,97,0,100,32,94,100,0
2350,P60709,8zbm_P,0,743,95,97,0,100,17,88,94,0
2351,P60709,8zbm_P,0,743,95,97,0,100,6,100,100,0
2352,P60709,8zbm_P,0,743,95,97,0,95,37,100,100,0
2354,P60709,9qf2_C,0,781,100,100,0,100,28,100,100,0
2355,P60709,9qf2_C,0,781,100,100,0,100,27,100,100,0
2356,P60709,9qf2_C,0,781,100,100,0,100,18,100,100,0
2357,P60709,9qf2_C,0,781,100,100,0,100,16,100,100,0
2358,P60709,9qf2_C,0,781,100,100,0,100,35,100,100,0
2359,P60709,9qf2_C,0,781,100,100,0,100,14,100,100,0
236,P60709,8c4c_E,0,745,94,97,0,100,32,97,100,0
2360,P60709,9qf2_C,0,781,100,100,0,100,12,100,100,0
2361,P60709,9qf2_C,0,781,100,100,0,100,23,100,100,0
2362,P60709,8a2s_C,0,745,94,97,0,100,28,100,100,0
2363,P60709,8a2s_C,0,745,94,97,0,100,18,89,94,0
2364,P60709,8a2s_C,0,745,94,97,0,100,17,100,100,0
2365,P60709,8a2s_C,0,745,94,97,0,100,32,94,100,0
2368,P60709,9q7n_D,0,745,94,97,0,100,16,94,100,0
2369,P60709,9q7n_D,0,745,94,97,0,100,26,100,100,0
237,P60709,8c4c_E,0,745,94,97,0,100,20,100,100,0
2370,P60709,9q7n_D,0,745,94,97,0,100,36,100,100,0
2371,P60709,7tpt_P,0,745,94,97,0,100,23,96,100,0
2372,P60709,7tpt_P,0,745,94,97,0,100,17,100,100,0
2375,P60709,7tpt_P,0,745,94,97,0,100,16,100,100,0
2376,P60709,7tpt_P,0,745,94,97,0,100,31,97,100,0
2380,P60709,8zbm_Q,0,743,95,97,0,100,33,97,100,0
2381,P60709,8zbm_Q,0,743,95,97,0,100,6,100,100,0
2382,P60709,8zbm_Q,0,743,95,97,0,100,11,100,100,0
2383,P60709,8zbm_Q,0,743,95,97,0,95,35,100,100,0
2391,P60709,9q7n_C,0,745,94,97,0,100,17,94,100,0
2392,P60709,9q7n_C,0,745,94,97,0,100,13,92,100,0
2393,P60709,9q7n_C,0,745,94,97,0,100,27,96,100,0
2394,P60709,9q7n_C,0,745,94,97,0,100,35,100,100,0
2397,P60709,7tpt_O,0,745,94,97,0,100,18,94,100,0
2398,P60709,7tpt_O,0,745,94,97,0,100,33,97,100,0
2400,P60709,8zbm_O,0,743,95,97,0,100,18,89,94,0
2401,P60709,8zbm_O,0,743,95,97,0,100,33,97,100,0
2402,P60709,8zbm_O,0,743,95,97,0,100,16,100,100,0
2403,P60709,8zbm_O,0,743,95,97,0,100,7,100,100,0
2404,P60709,8zbm_O,0,743,95,97,0,100,11,100,100,0
2405,P60709,8zbm_O,0,743,95,97,0,95,37,100,100,0
2409,P60709,9qey_D,0,781,100,100,0,100,15,100,100,0
241,P60709,6vao_D,0,745,94,97,0,100,33,100,100,0
2412,P60709,8a2r_D,0,745,94,97,0,100,17,100,100,0
2414,P60709,9q7n_B,0,745,94,97,0,100,17,94,100,0
2415,P60709,9q7n_B,0,745,94,97,0,100,13,92,100,0
2416,P60709,9q7n_B,0,745,94,97,0,100,38,100,100,0
2417,P60709,7tpt_N,0,745,94,97,0,100,5,100,100,0
2420,P60709,7tpt_N,0,745,94,97,0,100,19,100,100,0
2421,P60709,7tpt_N,0,745,94,97,0,100,35,97,100,0
2423,P60709,8zbm_H,0,743,95,97,0,100,33,97,100,0
2424,P60709,8zbm_H,0,743,95,97,0,95,36,100,100,0
2425,P60709,8zbm_H,0,743,95,97,0,100,7,100,100,0
243,P60709,6vao_D,0,745,94,97,0,100,25,100,100,0
2432,P60709,9qey_C,0,781,100,100,0,100,15,100,100,0
2433,P60709,9qey_C,0,781,100,100,0,100,31,100,100,0
2434,P60709,9qey_C,0,781,100,100,0,100,27,100,100,0
2437,P60709,8a2r_B,0,745,94,97,0,100,29,97,100,0
2438,P60709,9q7n_A,0,745,94,97,0,100,18,94,100,0
2439,P60709,9q7n_A,0,745,94,97,0,100,12,92,100,0
2440,P60709,9q7n_A,0,745,94,97,0,100,37,100,100,0
2442,P60709,7tpt_M,0,745,94,97,0,100,14,100,100,0
2443,P60709,7tpt_M,0,745,94,97,0,100,24,96,100,0
2444,P60709,8zbm_E,0,743,95,97,0,100,17,88,94,0
2445,P60709,8zbm_E,0,743,95,97,0,100,33,97,100,0
2446,P60709,8zbm_E,0,743,95,97,0,100,14,100,100,0
2447,P60709,8zbm_E,0,743,95,97,0,95,38,100,100,0
2454,P60709,9qey_B,0,781,100,100,0,100,15,100,100,0
2455,P60709,9qey_B,0,781,100,100,0,100,32,100,100,0
2457,P60709,8a2r_A,0,745,94,97,0,100,18,100,100,0
246,P60709,8vaa_H,0,740,95,97,0,100,14,100,100,0
2460,P60709,9q7m_E,0,745,94,97,0,100,24,100,100,0
2461,P60709,7tpt_L,0,745,94,97,0,100,8,100,100,0
2462,P60709,7tpt_L,0,745,94,97,0,100,29,97,100,0
2469,P60709,9qey_A,0,781,100,100,0,100,16,100,100,0
247,P60709,8vaa_H,0,740,95,97,0,100,32,97,100,0
2470,P60709,9qey_A,0,781,100,100,0,100,31,100,100,0
2471,P60709,9qey_A,0,781,100,100,0,100,15,100,100,0
2472,P60709,8a2r_C,0,745,94,97,0,100,27,100,100,0
2473,P60709,8a2r_C,0,745,94,97,0,100,18,89,94,0
2474,P60709,8a2r_C,0,745,94,97,0,100,18,100,100,0
2475,P60709,8a2r_C,0,745,94,97,0,100,29,93,100,0
2478,P60709,9q7m_D,0,745,94,97,0,100,16,94,100,0
2479,P60709,9q7m_D,0,745,94,97,0,100,24,100,100,0
2480,P60709,9q7m_D,0,745,94,97,0,100,38,100,100,0
2485,P60709,9duv_E,0,743,93,97,0,100,17,88,94,0
2497,P60709,9q7m_C,0,745,94,97,0,100,15,93,100,0
2498,P60709,9q7m_C,0,745,94,97,0,100,13,85,100,0
2499,P60709,9q7m_C,0,745,94,97,0,100,23,96,100,0
250,P60709,8iah_I,0,786,100,100,0,100,33,100,100,0
2500,P60709,9q7m_C,0,745,94,97,0,100,38,100,100,0
2503,P60709,7tpt_J,0,745,94,97,0,100,8,100,100,0
2506,P60709,9duv_D,0,743,93,97,0,100,19,89,95,0
2507,P60709,9duv_D,0,743,93,97,0,100,32,100,100,0
251,P60709,8iah_I,0,786,100,100,0,100,13,100,100,0
2516,P60709,9qew_D,0,781,100,100,0,100,15,100,100,0
2520,P60709,9q7m_B,0,745,94,97,0,100,15,93,100,0
2521,P60709,9q7m_B,0,745,94,97,0,100,15,87,100,0
2522,P60709,9q7m_B,0,745,94,97,0,100,36,100,100,0
2523,P60709,7tpt_I,0,745,94,97,0,100,29,100,100,0
2525,P60709,7tpt_I,0,745,94,97,0,100,12,92,100,0
2526,P60709,7tpt_I,0,745,94,97,0,100,26,96,100,0
2529,P60709,9duv_C,0,743,93,97,0,100,19,89,95,0
2530,P60709,9duv_C,0,743,93,97,0,100,31,100,100,0
2535,P60709,9qew_B,0,781,100,100,0,100,32,100,100,0
2538,P60709,9q7m_A,0,745,94,97,0,100,15,93,100,0
2539,P60709,9q7m_A,0,745,94,97,0,100,13,92,100,0
254,P60709,8iah_I,0,786,100,100,0,100,15,100,100,0
2540,P60709,9q7m_A,0,745,94,97,0,100,35,100,100,0
2541,P60709,7tpt_H,0,745,94,97,0,100,36,100,100,0
2542,P60709,7tpt_H,0,745,94,97,0,100,19,89,95,0
2543,P60709,7tpt_H,0,745,94,97,0,100,21,95,100,0
2544,P60709,7tpt_H,0,745,94,97,0,100,28,96,100,0
2546,P60709,9duv_B,0,743,93,97,0,100,18,89,94,0
2547,P60709,9duv_B,0,743,93,97,0,100,30,100,100,0
255,P60709,8iah_I,0,786,100,100,0,100,34,100,100,0
2552,P60709,9qew_A,0,781,100,100,0,100,15,100,100,0
2557,P60709,9q7l_E,0,745,94,97,0,100,19,100,100,0
2559,P60709,9duv_A,0,743,93,97,0,100,21,90,95,0
256,P60709,8iah_I,0,786,100,100,0,100,50,100,100,0
2560,P60709,9duv_A,0,743,93,97,0,100,31,100,100,0
2564,P60709,9qew_C,0,781,100,100,0,100,30,100,100,0
2565,P60709,9qew_C,0,781,100,100,0,100,17,100,100,0
2566,P60709,9qew_C,0,781,100,100,0,100,15,100,100,0
2567,P60709,9qew_C,0,781,100,100,0,100,32,100,100,0
2570,P60709,6djm_C,0,745,94,97,0,100,15,100,100,0
2573,P60709,9q7l_D,0,745,94,97,0,100,13,92,100,0
2574,P60709,9q7l_D,0,745,94,97,0,100,23,100,100,0
2582,P60709,6djm_B,0,745,94,97,0,100,15,100,100,0
2583,P60709,6djm_B,0,745,94,97,0,100,35,97,100,0
2586,P60709,9q7l_C,0,745,94,97,0,100,16,100,100,0
2587,P60709,9q7l_C,0,745,94,97,0,100,12,92,100,0
2588,P60709,9q7l_C,0,745,94,97,0,100,22,100,100,0
2589,P60709,9q7l_C,0,745,94,97,0,100,36,100,100,0
2593,P60709,9b3d_E,0,743,95,97,0,100,15,100,100,0
2594,P60709,9b3d_E,0,743,95,97,0,100,9,100,100,0
26,P60709,8iai_G,0,786,100,100,0,100,14,100,100,0
2600,P60709,6djm_A,0,745,94,97,0,100,16,100,100,0
2601,P60709,6djm_A,0,745,94,97,0,100,35,97,100,0
2603,P60709,9q7l_B,0,745,94,97,0,100,14,93,100,0
2604,P60709,9q7l_B,0,745,94,97,0,100,13,92,100,0
2605,P60709,9q7l_B,0,745,94,97,0,100,37,100,100,0
2609,P60709,9b3d_D,0,743,95,97,0,100,16,100,100,0
2610,P60709,9b3d_D,0,743,95,97,0,100,34,97,100,0
2611,P60709,9b3d_D,0,743,95,97,0,100,9,100,100,0
2617,P60709,9q7l_A,0,745,94,97,0,100,15,93,100,0
2618,P60709,9q7l_A,0,745,94,97,0,100,12,92,100,0
2619,P60709,9q7l_A,0,745,94,97,0,100,33,100,100,0
262,P60709,8c4c_D,0,745,94,97,0,100,18,100,100,0
2623,P60709,9b3d_C,0,743,95,97,0,100,16,100,100,0
2624,P60709,9b3d_C,0,743,95,97,0,100,34,94,100,0
2625,P60709,9b3d_C,0,743,95,97,0,96,24,100,100,0
263,P60709,8c4c_D,0,745,94,97,0,100,31,97,100,0
2633,P60709,6djn_C,0,745,94,97,0,100,16,100,100,0
2636,P60709,9q7k_E,0,745,94,97,0,100,24,100,100,0
2637,P60709,9q7k_E,0,745,94,97,0,100,37,100,100,0
264,P60709,8c4c_D,0,745,94,97,0,100,24,100,100,0
2640,P60709,9b3d_B,0,743,95,97,0,100,16,100,100,0
2641,P60709,9b3d_B,0,743,95,97,0,100,35,94,100,0
2642,P60709,9b3d_B,0,743,95,97,0,100,22,100,100,0
2647,P60709,6djn_B,0,745,94,97,0,100,15,100,100,0
2648,P60709,6djn_B,0,745,94,97,0,100,35,94,100,0
265,P60709,8c4c_D,0,745,94,97,0,100,10,100,100,0
2651,P60709,9q7k_D,0,745,94,97,0,100,15,93,100,0
2652,P60709,9q7k_D,0,745,94,97,0,100,25,96,100,0
2653,P60709,9q7k_D,0,745,94,97,0,100,35,100,100,0
2657,P60709,9b3d_A,0,743,95,97,0,100,18,100,100,0
2658,P60709,9b3d_A,0,743,95,97,0,100,33,97,100,0
2664,P60709,6djn_A,0,745,94,97,0,100,17,100,100,0
2665,P60709,6djn_A,0,745,94,97,0,100,35,94,100,0
2668,P60709,9q7k_C,0,745,94,97,0,100,16,94,100,0
2669,P60709,9q7k_C,0,745,94,97,0,100,12,92,100,0
2670,P60709,9q7k_C,0,745,94,97,0,100,23,100,100,0
2671,P60709,9q7k_C,0,745,94,97,0,100,37,100,100,0
2677,P60709,9b27_F,0,743,95,97,0,100,10,90,100,0
2678,P60709,9b27_F,0,743,95,97,0,100,37,100,100,0
268,P60709,6vao_E,0,745,94,97,0,100,17,88,94,0
2688,P60709,9q7k_B,0,745,94,97,0,100,16,94,100,0
2689,P60709,9q7k_B,0,745,94,97,0,100,13,92,100,0
269,P60709,6vao_E,0,745,94,97,0,100,26,96,96,0
2690,P60709,9q7k_B,0,745,94,97,0,100,37,100,100,0
2696,P60709,9b27_E,0,743,95,97,0,100,17,100,100,0
2697,P60709,9b27_E,0,743,95,97,0,95,36,100,100,0
27,P60709,8iai_G,0,786,100,100,0,100,32,100,100,0
270,P60709,6vao_E,0,745,94,97,0,100,33,100,100,0
2702,P60709,6djo_C,0,745,94,97,0,100,17,100,100,0
2703,P60709,9q7k_A,0,745,94,97,0,100,18,94,100,0
2704,P60709,9q7k_A,0,745,94,97,0,100,13,85,100,0
2705,P60709,9q7k_A,0,745,94,97,0,100,36,100,100,0
2709,P60709,9b27_D,0,743,95,97,0,100,18,100,100,0
2710,P60709,9b27_D,0,743,95,97,0,100,33,97,100,0
2713,P60709,9fjm_C,0,781,100,100,0,100,13,100,100,0
2715,P60709,6djo_B,0,745,94,97,0,100,17,100,100,0
2716,P60709,6djo_B,0,745,94,97,0,100,35,97,100,0
2721,P60709,9b27_C,0,743,95,97,0,100,17,100,100,0
2722,P60709,9b27_C,0,743,95,97,0,100,33,97,100,0
2724,P60709,9fjm_B,0,781,100,100,0,100,17,100,100,0
2725,P60709,9fjm_B,0,781,100,100,0,100,32,100,100,0
2726,P60709,6djo_A,0,745,94,97,0,100,17,100,100,0
2727,P60709,6djo_A,0,745,94,97,0,100,35,97,100,0
273,P60709,8vaa_G,0,740,95,97,0,100,14,100,100,0
2731,P60709,9b27_B,0,743,95,97,0,100,17,100,100,0
2732,P60709,9b27_B,0,743,95,97,0,100,34,94,100,0
2733,P60709,9fjm_A,0,781,100,100,0,100,17,100,100,0
2734,P60709,9fjm_A,0,781,100,100,0,100,32,100,100,0
2739,P60709,9b27_A,0,743,95,97,0,100,16,100,100,0
274,P60709,8vaa_G,0,740,95,97,0,100,32,97,100,0
2740,P60709,9b27_A,0,743,95,97,0,100,32,97,100,0
2743,P60709,7k20_C,0,745,94,97,0,100,17,100,100,0
2752,P60709,7k20_B,0,745,94,97,0,100,18,100,100,0
2753,P60709,7k20_B,0,745,94,97,0,100,31,94,100,0
2760,P60709,9b0k_E,0,743,95,97,0,100,15,100,100,0
2761,P60709,9b0k_E,0,743,95,97,0,100,12,100,100,0
2762,P60709,7k20_A,0,745,94,97,0,100,18,100,100,0
2763,P60709,7k20_A,0,745,94,97,0,100,30,93,100,0
277,P60709,8iah_H,0,786,100,100,0,100,54,100,100,0
2770,P60709,9b0k_D,0,743,95,97,0,100,15,100,100,0
2771,P60709,9b0k_D,0,743,95,97,0,100,34,94,100,0
2772,P60709,9b0k_D,0,743,95,97,0,100,10,90,100,0
2773,P60709,9b0k_D,0,743,95,97,0,90,19,100,100,0
2786,P60709,9b0k_C,0,743,95,97,0,100,16,100,100,0
2787,P60709,9b0k_C,0,743,95,97,0,100,32,97,100,0
2788,P60709,9b0k_C,0,743,95,97,0,100,9,100,100,0
2789,P60709,9b0k_C,0,743,95,97,0,100,18,100,100,0
2794,P60709,7k21_C,0,745,94,97,0,100,17,100,100,0
28,P60709,8iai_G,0,786,100,100,0,100,44,100,100,0
280,P60709,8iah_H,0,786,100,100,0,100,14,100,100,0
2802,P60709,9b0k_B,0,743,95,97,0,100,17,100,100,0
2803,P60709,9b0k_B,0,743,95,97,0,100,32,97,100,0
2804,P60709,9b0k_B,0,743,95,97,0,100,13,100,100,0
2809,P60709,7k21_B,0,745,94,97,0,100,18,100,100,0
281,P60709,8iah_H,0,786,100,100,0,100,31,100,100,0
2810,P60709,7k21_B,0,745,94,97,0,100,31,94,100,0
2816,P60709,9b0k_A,0,743,95,97,0,100,17,100,100,0
2817,P60709,9b0k_A,0,743,95,97,0,100,33,97,100,0
2818,P60709,9b0k_A,0,743,95,97,0,100,14,100,100,0
282,P60709,8iah_H,0,786,100,100,0,100,32,100,100,0
2823,P60709,7k21_A,0,745,94,97,0,100,18,100,100,0
2824,P60709,7k21_A,0,745,94,97,0,100,30,93,100,0
283,P60709,8iah_H,0,786,100,100,0,100,10,100,100,0
2837,P60709,9m64_k,0,745,94,97,0,100,9,100,100,0
2842,P60709,9b03_E,0,743,95,97,0,100,15,100,100,0
2843,P60709,9b03_E,0,743,95,97,0,100,12,100,100,0
2848,P60709,6kll_C,0,745,94,97,0,100,18,100,100,0
2849,P60709,9m64_j,0,745,94,97,0,100,29,100,100,0
2851,P60709,9m64_j,0,745,94,97,0,100,19,95,100,0
2852,P60709,9m64_j,0,745,94,97,0,100,28,96,100,0
2857,P60709,9b03_D,0,743,95,97,0,100,15,100,100,0
2858,P60709,9b03_D,0,743,95,97,0,100,34,94,100,0
2859,P60709,9b03_D,0,743,95,97,0,100,10,90,100,0
286,P60709,9hm9_B,0,745,94,97,0,100,33,97,100,0
2860,P60709,9b03_D,0,743,95,97,0,90,19,100,100,0
2868,P60709,6kll_B,0,745,94,97,0,100,17,100,100,0
2869,P60709,6kll_B,0,745,94,97,0,100,34,94,100,0
2870,P60709,9m64_i,0,745,94,97,0,100,40,100,100,0
2871,P60709,9m64_i,0,745,94,97,0,100,17,88,94,0
2872,P60709,9m64_i,0,745,94,97,0,100,14,100,100,0
2873,P60709,9m64_i,0,745,94,97,0,100,31,97,100,0
2878,P60709,9b03_C,0,743,95,97,0,100,16,100,100,0
2879,P60709,9b03_C,0,743,95,97,0,100,32,97,100,0
2880,P60709,9b03_C,0,743,95,97,0,100,9,100,100,0
2881,P60709,9b03_C,0,743,95,97,0,100,18,100,100,0
2884,P60709,6kll_A,0,745,94,97,0,100,17,100,100,0
2885,P60709,6kll_A,0,745,94,97,0,100,35,94,100,0
2890,P60709,9b03_B,0,743,95,97,0,100,17,100,100,0
2891,P60709,9b03_B,0,743,95,97,0,100,32,97,100,0
2892,P60709,9b03_B,0,743,95,97,0,100,13,100,100,0
29,P60709,8iai_G,0,786,100,100,0,100,13,100,100,0
290,P60709,8c4c_C,0,745,94,97,0,100,17,100,100,0
2900,P60709,9m64_K,0,745,94,97,0,100,11,100,100,0
2902,P60709,9b03_A,0,743,95,97,0,100,17,100,100,0
2903,P60709,9b03_A,0,743,95,97,0,100,33,97,100,0
2904,P60709,9b03_A,0,743,95,97,0,100,14,100,100,0
291,P60709,8c4c_C,0,745,94,97,0,100,31,97,100,0
2910,P60709,6kln_C,0,745,94,97,0,100,15,100,100,0
2911,P60709,9m64_J,0,745,94,97,0,100,29,100,100,0
2913,P60709,9m64_J,0,745,94,97,0,100,19,95,100,0
2914,P60709,9m64_J,0,745,94,97,0,100,29,97,100,0
2918,P60709,9azq_I,0,743,95,97,0,100,8,100,100,0
292,P60709,8c4c_C,0,745,94,97,0,100,10,100,100,0
2922,P60709,6kln_B,0,745,94,97,0,100,15,100,100,0
2923,P60709,6kln_B,0,745,94,97,0,100,34,97,100,0
2924,P60709,9m64_I,0,745,94,97,0,100,41,100,100,0
2925,P60709,9m64_I,0,745,94,97,0,100,17,88,94,0
2926,P60709,9m64_I,0,745,94,97,0,100,14,93,100,0
2927,P60709,9m64_I,0,745,94,97,0,100,34,97,100,0
293,P60709,8c4c_C,0,745,94,97,0,100,30,100,100,0
2933,P60709,9azq_F,0,743,95,97,0,100,32,100,100,0
2934,P60709,9azq_F,0,743,95,97,0,100,14,100,100,0
2939,P60709,6kln_A,0,745,94,97,0,100,16,100,100,0
2940,P60709,6kln_A,0,745,94,97,0,100,34,97,100,0
2948,P60709,9azq_E,0,743,95,97,0,100,17,100,100,0
2949,P60709,9azq_E,0,743,95,97,0,100,12,92,100,0
295,P60709,6vao_A,0,745,94,97,0,100,25,100,100,0
2950,P60709,9azq_E,0,743,95,97,0,100,30,97,100,0
296,P60709,6vao_A,0,745,94,97,0,100,13,85,100,0
2963,P60709,9azq_D,0,743,95,97,0,100,17,100,100,0
2964,P60709,9azq_D,0,743,95,97,0,100,33,94,100,0
2967,P60709,8oi8_D,0,779,99,99,0,100,15,100,100,0
297,P60709,6vao_A,0,745,94,97,0,100,20,95,100,0
2970,P60709,6c1h_D,0,745,94,97,0,100,20,100,100,0
2971,P60709,6c1h_D,0,745,94,97,0,94,15,100,100,0
2979,P60709,9azq_C,0,743,95,97,0,100,17,100,100,0
298,P60709,6vao_A,0,745,94,97,0,100,33,100,100,0
2980,P60709,9azq_C,0,743,95,97,0,100,33,97,100,0
2983,P60709,8oi8_B,0,779,99,99,0,100,30,100,100,0
2986,P60709,6c1h_C,0,745,94,97,0,100,19,100,100,0
2987,P60709,6c1h_C,0,745,94,97,0,100,33,97,100,0
2992,P60709,9azq_B,0,743,95,97,0,100,18,100,100,0
2993,P60709,9azq_B,0,743,95,97,0,100,32,97,100,0
2995,P60709,8oi8_A,0,779,99,99,0,100,16,100,100,0
2997,P60709,6c1h_B,0,745,94,97,0,100,19,100,100,0
2998,P60709,6c1h_B,0,745,94,97,0,100,33,97,100,0
2999,P60709,6c1h_B,0,745,94,97,0,100,37,95,97,0
30,P60709,8efi_B,0,747,94,97,0,100,5,100,100,0
3004,P60709,9azq_A,0,743,95,97,0,100,18,100,100,0
3005,P60709,9azq_A,0,743,95,97,0,100,32,97,100,0
3006,P60709,8oi8_C,0,779,99,99,0,100,27,100,100,0
3007,P60709,8oi8_C,0,779,99,99,0,100,19,95,95,0
3008,P60709,8oi8_C,0,779,99,99,0,100,15,100,100,0
3009,P60709,8oi8_C,0,779,99,99,0,100,30,100,100,0
301,P60709,8vaa_F,0,740,95,97,0,100,15,100,100,0
3010,P60709,6c1h_A,0,745,94,97,0,100,17,100,100,0
3011,P60709,6c1h_A,0,745,94,97,0,100,33,97,100,0
3017,P60709,9azp_I,0,743,95,97,0,100,29,100,100,0
3018,P60709,9azp_I,0,743,95,97,0,100,12,92,100,0
3019,P60709,9azp_I,0,743,95,97,0,100,30,93,100,0
302,P60709,8vaa_F,0,740,95,97,0,100,34,97,100,0
3030,P60709,9azp_F,0,743,95,97,0,100,47,100,100,0
3033,P60709,8dnf_C,0,778,99,100,0,100,13,100,100,0
3045,P60709,9azp_E,0,743,95,97,0,100,17,100,100,0
3046,P60709,9azp_E,0,743,95,97,0,100,12,100,100,0
3047,P60709,9azp_E,0,743,95,97,0,100,13,92,100,0
3048,P60709,9azp_E,0,743,95,97,0,100,30,97,100,0
305,P60709,8iah_G,0,786,100,100,0,100,12,100,100,0
3050,P60709,8dnf_B,0,778,99,100,0,100,13,100,100,0
3051,P60709,8dnf_B,0,778,99,100,0,100,32,100,100,0
3053,P60709,6upw_E,0,745,94,97,0,100,15,100,100,0
3054,P60709,6upw_E,0,745,94,97,0,100,26,100,100,0
306,P60709,8iah_G,0,786,100,100,0,100,47,100,100,0
3063,P60709,9azp_D,0,743,95,97,0,100,17,100,100,0
3064,P60709,9azp_D,0,743,95,97,0,100,32,97,100,0
3065,P60709,9azp_D,0,743,95,97,0,92,11,91,100,0
3066,P60709,8dnf_A,0,778,99,100,0,100,13,100,100,0
3067,P60709,8dnf_A,0,778,99,100,0,100,32,100,100,0
3070,P60709,6upw_A,0,745,94,97,0,100,39,95,97,0
3078,P60709,9azp_C,0,743,95,97,0,100,16,100,100,0
3079,P60709,9azp_C,0,743,95,97,0,100,31,97,100,0
3082,P60709,5jlh_E,0,778,99,100,0,100,12,100,100,0
3085,P60709,6upw_B,0,745,94,97,0,100,15,100,100,0
3086,P60709,6upw_B,0,745,94,97,0,100,32,100,100,0
309,P60709,8iah_G,0,786,100,100,0,100,15,100,100,0
3092,P60709,7p1g_E,0,745,94,97,0,100,50,98,100,0
3094,P60709,9azp_B,0,743,95,97,0,100,19,100,100,0
3095,P60709,9azp_B,0,743,95,97,0,100,33,97,100,0
3098,P60709,5jlh_D,0,778,99,100,0,100,39,95,100,0
3099,P60709,5jlh_D,0,778,99,100,0,100,33,100,100,0
31,P60709,8efi_B,0,747,94,97,0,100,16,88,94,0
310,P60709,8iah_G,0,786,100,100,0,100,32,100,100,0
3100,P60709,6upw_C,0,745,94,97,0,100,15,100,100,0
3101,P60709,6upw_C,0,745,94,97,0,100,33,97,100,0
3102,P60709,6upw_C,0,745,94,97,0,100,32,100,100,0
3103,P60709,6upw_C,0,745,94,97,0,100,16,88,94,0
3104,P60709,6upw_C,0,745,94,97,0,100,38,95,97,0
3105,P60709,6upw_C,0,745,94,97,0,100,25,100,100,0
311,P60709,8iah_G,0,786,100,100,0,100,46,100,100,0
3110,P60709,7p1g_D,0,745,94,97,0,100,50,98,100,0
3111,P60709,7p1g_D,0,745,94,97,0,100,21,90,95,0
3112,P60709,9azp_A,0,743,95,97,0,100,18,100,100,0
3113,P60709,9azp_A,0,743,95,97,0,100,32,97,100,0
3116,P60709,5jlh_A,0,778,99,100,0,100,41,95,100,0
3117,P60709,5jlh_A,0,778,99,100,0,100,21,100,100,0
3118,P60709,5jlh_A,0,778,99,100,0,100,17,100,100,0
3119,P60709,6upv_E,0,745,94,97,0,100,25,100,100,0
312,P60709,8iah_G,0,786,100,100,0,100,11,100,100,0
3124,P60709,8r3h_H,0,745,94,97,0,100,30,100,100,0
3125,P60709,8r3h_H,0,745,94,97,0,100,15,100,100,0
3128,P60709,7p1g_B,0,745,94,97,0,100,50,98,100,0
3129,P60709,7p1g_B,0,745,94,97,0,100,29,100,100,0
3132,P60709,9az4_F,0,743,95,97,0,100,13,92,100,0
3133,P60709,9az4_F,0,743,95,97,0,100,44,100,100,0
3134,P60709,5jlh_C,0,778,99,100,0,100,32,100,100,0
3135,P60709,5jlh_C,0,778,99,100,0,100,12,100,100,0
3136,P60709,5jlh_C,0,778,99,100,0,100,22,100,100,0
3139,P60709,6upv_D,0,745,94,97,0,100,19,89,95,0
314,P60709,9hm9_E,0,745,94,97,0,100,7,100,100,0
3140,P60709,8r3h_G,0,745,94,97,0,100,30,100,100,0
3141,P60709,8r3h_G,0,745,94,97,0,100,17,88,94,0
3142,P60709,7p1g_A,0,745,94,97,0,100,4,100,100,0
3144,P60709,7p1g_A,0,745,94,97,0,100,50,98,100,0
3145,P60709,7p1g_A,0,745,94,97,0,100,21,90,95,0
3148,P60709,9az4_E,0,743,95,97,0,100,15,100,100,0
3149,P60709,9az4_E,0,743,95,97,0,100,31,100,100,0
315,P60709,9hm9_E,0,745,94,97,0,100,20,90,95,0
3150,P60709,9az4_E,0,743,95,97,0,100,10,90,100,0
3151,P60709,5jlh_B,0,778,99,100,0,100,33,100,100,0
3152,P60709,5jlh_B,0,778,99,100,0,100,17,100,100,0
3153,P60709,6upv_A,0,745,94,97,0,100,36,100,100,0
3156,P60709,8r3h_F,0,745,94,97,0,100,16,100,100,0
3157,P60709,8r3h_F,0,745,94,97,0,100,17,88,94,0
3158,P60709,8r3h_F,0,745,94,97,0,100,32,94,100,0
3159,P60709,7p1g_C,0,745,94,97,0,100,50,98,100,0
3160,P60709,7p1g_C,0,745,94,97,0,100,34,97,100,0
3161,P60709,7p1g_C,0,745,94,97,0,100,20,100,100,0
3162,P60709,7p1g_C,0,745,94,97,0,100,21,90,95,0
3163,P60709,7p1g_C,0,745,94,97,0,100,4,100,100,0
3164,P60709,7p1g_C,0,745,94,97,0,100,31,100,100,0
3167,P60709,9az4_D,0,743,95,97,0,100,15,100,100,0
3168,P60709,9az4_D,0,743,95,97,0,100,32,97,100,0
3169,P60709,9az4_D,0,743,95,97,0,91,10,100,100,0
3172,P60709,6upv_C,0,745,94,97,0,100,26,100,100,0
3173,P60709,6upv_C,0,745,94,97,0,100,33,100,100,0
3175,P60709,6upv_C,0,745,94,97,0,100,32,97,100,0
3176,P60709,6upv_C,0,745,94,97,0,100,19,89,95,0
3177,P60709,6upv_C,0,745,94,97,0,100,30,100,100,0
318,P60709,8c4c_B,0,745,94,97,0,100,16,100,100,0
3183,P60709,9az4_C,0,743,95,97,0,100,16,100,100,0
3184,P60709,9az4_C,0,743,95,97,0,100,30,97,100,0
3185,P60709,9az4_C,0,743,95,97,0,100,16,100,100,0
319,P60709,8c4c_B,0,745,94,97,0,100,33,97,100,0
3190,P60709,6upv_B,0,745,94,97,0,100,19,89,95,0
3191,P60709,6upv_B,0,745,94,97,0,100,17,100,100,0
3192,P60709,6upv_B,0,745,94,97,0,100,31,100,100,0
3195,P60709,8zb7_A,0,745,95,97,0,98,41,100,100,0
32,P60709,8efi_B,0,747,94,97,0,100,30,100,100,0
320,P60709,8c4c_B,0,745,94,97,0,100,32,97,100,0
3200,P60709,9az4_B,0,743,95,97,0,100,19,100,100,0
3201,P60709,9az4_B,0,743,95,97,0,100,32,97,100,0
3202,P60709,9az4_B,0,743,95,97,0,100,18,100,100,0
3208,P60709,8zb7_F,0,745,95,97,0,98,42,100,100,0
321,P60709,8c4c_B,0,745,94,97,0,100,33,94,97,0
3213,P60709,8zb7_F,0,745,95,97,0,100,12,100,100,0
3214,P60709,8zb7_F,0,745,95,97,0,100,7,100,100,0
3218,P60709,9az4_A,0,743,95,97,0,100,18,100,100,0
3219,P60709,9az4_A,0,743,95,97,0,100,33,97,100,0
322,P60709,6vao_B,0,745,94,97,0,100,25,100,100,0
3226,P60709,8zb7_E,0,745,95,97,0,100,15,100,100,0
3227,P60709,8zb7_E,0,745,95,97,0,98,41,100,100,0
3228,P60709,8zb7_E,0,745,95,97,0,100,6,100,100,0
3229,P60709,8zb7_E,0,745,95,97,0,100,31,100,100,0
323,P60709,6vao_B,0,745,94,97,0,100,17,88,94,0
3230,P60709,8zb7_E,0,745,95,97,0,100,11,100,100,0
3238,P60709,8zb7_D,0,745,95,97,0,100,31,100,100,0
3239,P60709,8zb7_D,0,745,95,97,0,100,17,88,94,0
324,P60709,6vao_B,0,745,94,97,0,100,15,100,100,0
3240,P60709,8zb7_D,0,745,95,97,0,98,40,100,100,0
3241,P60709,8zb7_D,0,745,95,97,0,100,7,100,100,0
3242,P60709,8zb7_D,0,745,95,97,0,100,15,100,100,0
3251,P60709,8zb7_C,0,745,95,97,0,100,18,100,100,0
3252,P60709,8zb7_C,0,745,95,97,0,100,33,97,100,0
3253,P60709,8zb7_C,0,745,95,97,0,100,9,100,100,0
3254,P60709,8zb7_C,0,745,95,97,0,98,41,100,100,0
3255,P60709,8zb7_C,0,745,95,97,0,100,17,88,94,0
3262,P60709,6t1y_E,0,745,94,97,0,100,15,100,100,0
3263,P60709,8zb7_B,0,745,95,97,0,100,7,100,100,0
3264,P60709,8zb7_B,0,745,95,97,0,100,16,88,94,0
3265,P60709,8zb7_B,0,745,95,97,0,100,30,100,100,0
3266,P60709,8zb7_B,0,745,95,97,0,100,9,100,100,0
3267,P60709,8zb7_B,0,745,95,97,0,98,41,100,100,0
327,P60709,8vaa_E,0,740,95,97,0,100,15,100,100,0
328,P60709,8vaa_E,0,740,95,97,0,100,33,97,100,0
3282,P60709,6t1y_B,0,745,94,97,0,100,15,100,100,0
3283,P60709,6t1y_B,0,745,94,97,0,100,32,100,100,0
3292,P60709,8d16_F,0,743,95,97,0,100,16,100,100,0
3294,P60709,6t1y_C,0,745,94,97,0,100,15,100,100,0
3295,P60709,6t1y_C,0,745,94,97,0,100,29,97,100,0
3296,P60709,6t1y_C,0,745,94,97,0,100,32,100,100,0
3297,P60709,6t1y_C,0,745,94,97,0,100,20,90,95,0
33,P60709,8efi_B,0,747,94,97,0,100,9,100,100,0
3305,P60709,8d16_E,0,743,95,97,0,100,16,100,100,0
3306,P60709,8d16_E,0,743,95,97,0,100,32,97,100,0
331,P60709,8iah_F,0,786,100,100,0,100,60,100,100,0
3316,P60709,8d16_D,0,743,95,97,0,100,17,100,100,0
3317,P60709,8d16_D,0,743,95,97,0,100,32,97,100,0
3319,P60709,6t20_E,0,745,94,97,0,100,18,94,100,0
3327,P60709,8d16_C,0,743,95,97,0,100,16,100,100,0
3328,P60709,8d16_C,0,743,95,97,0,100,31,97,100,0
3337,P60709,8d16_B,0,743,95,97,0,100,15,100,100,0
3338,P60709,8d16_B,0,743,95,97,0,100,33,97,100,0
334,P60709,8iah_F,0,786,100,100,0,100,17,100,100,0
3340,P60709,6t20_B,0,745,94,97,0,100,18,94,100,0
3341,P60709,6t20_B,0,745,94,97,0,100,31,100,100,0
3346,P60709,8d16_A,0,743,95,97,0,100,14,100,100,0
3347,P60709,8d16_A,0,743,95,97,0,100,33,97,100,0
3348,P60709,6t20_C,0,745,94,97,0,100,18,94,100,0
3349,P60709,6t20_C,0,745,94,97,0,100,33,97,100,0
335,P60709,8iah_F,0,786,100,100,0,100,32,100,100,0
3350,P60709,6t20_C,0,745,94,97,0,100,31,100,100,0
3351,P60709,6t20_C,0,745,94,97,0,100,20,90,95,0
336,P60709,8iah_F,0,786,100,100,0,100,33,100,100,0
337,P60709,8iah_F,0,786,100,100,0,100,11,100,100,0
3375,P60709,7r8v_D,0,743,95,97,0,100,31,100,100,0
3383,P60709,6t23_B,0,745,94,97,0,100,21,90,95,0
3388,P60709,7ahn_D,0,745,94,97,0,100,31,97,100,0
339,P60709,9hm9_A,0,745,94,97,0,100,19,100,100,0
3390,P60709,7r8v_C,0,743,95,97,0,100,16,100,100,0
3395,P60709,6t23_A,0,745,94,97,0,100,21,90,95,0
3396,P60709,6t23_A,0,745,94,97,0,100,31,100,100,0
3401,P60709,7ahn_E,0,745,94,97,0,100,16,100,100,0
3403,P60709,7r8v_A,0,743,95,97,0,100,17,88,94,0
3406,P60709,9p1i_b,0,786,100,100,0,100,21,100,100,0
3407,P60709,9p1i_b,0,786,100,100,0,100,40,100,100,0
3409,P60709,6t23_E,0,745,94,97,0,100,27,96,100,0
341,P60709,8c4c_A,0,745,94,97,0,100,15,100,100,0
3414,P60709,7ahn_A,0,745,94,97,0,100,16,88,94,0
3415,P60709,7r8v_B,0,743,95,97,0,100,32,97,100,0
3416,P60709,7r8v_B,0,743,95,97,0,100,31,100,100,0
3417,P60709,7r8v_B,0,743,95,97,0,100,17,100,100,0
3418,P60709,7r8v_B,0,743,95,97,0,100,17,88,94,0
342,P60709,8c4c_A,0,745,94,97,0,100,32,97,100,0
3421,P60709,9p1i_a,0,786,100,100,0,100,17,100,100,0
3422,P60709,9p1i_a,0,786,100,100,0,100,21,100,100,0
3423,P60709,9p1i_a,0,786,100,100,0,100,42,100,100,0
3424,P60709,9p1i_a,0,786,100,100,0,100,20,100,100,0
3425,P60709,6t23_D,0,745,94,97,0,100,21,90,95,0
3426,P60709,6t23_D,0,745,94,97,0,100,27,96,100,0
3427,P60709,6t23_D,0,745,94,97,0,100,17,100,100,0
343,P60709,8c4c_A,0,745,94,97,0,100,32,94,97,0
3430,P60709,7ahn_C,0,745,94,97,0,100,28,96,100,0
3431,P60709,7ahn_C,0,745,94,97,0,100,27,100,100,0
3432,P60709,7ahn_C,0,745,94,97,0,100,16,88,94,0
3433,P60709,7ahn_C,0,745,94,97,0,100,16,100,100,0
3437,P60709,9p1i_Z,0,786,100,100,0,100,18,100,100,0
3438,P60709,9p1i_Z,0,786,100,100,0,100,32,100,100,0
3439,P60709,9p1i_Z,0,786,100,100,0,100,22,100,100,0
344,P60709,8c4c_A,0,745,94,97,0,100,24,96,100,0
3440,P60709,9p1i_Z,0,786,100,100,0,100,41,100,100,0
3441,P60709,9p1i_Z,0,786,100,100,0,100,20,100,100,0
345,P60709,6vao_C,0,745,94,97,0,100,20,95,100,0
3452,P60709,9p1i_Y,0,786,100,100,0,100,18,100,100,0
3453,P60709,9p1i_Y,0,786,100,100,0,100,31,100,100,0
3454,P60709,9p1i_Y,0,786,100,100,0,100,22,100,100,0
3455,P60709,9p1i_Y,0,786,100,100,0,100,43,100,100,0
3456,P60709,9p1i_Y,0,786,100,100,0,100,20,100,100,0
346,P60709,6vao_C,0,745,94,97,0,100,13,85,100,0
3461,P60709,6t24_B,0,745,94,97,0,100,17,100,100,0
3467,P60709,7ahq_D,0,745,94,97,0,100,20,90,95,0
347,P60709,6vao_C,0,745,94,97,0,100,33,100,100,0
3471,P60709,9p1i_X,0,786,100,100,0,100,18,100,100,0
3472,P60709,9p1i_X,0,786,100,100,0,100,31,100,100,0
3473,P60709,9p1i_X,0,786,100,100,0,100,22,100,100,0
3474,P60709,9p1i_X,0,786,100,100,0,100,41,100,100,0
3475,P60709,9p1i_X,0,786,100,100,0,100,18,100,100,0
3480,P60709,6t24_C,0,745,94,97,0,100,17,100,100,0
3481,P60709,6t24_C,0,745,94,97,0,100,29,97,100,0
3486,P60709,7ahq_C,0,745,94,97,0,100,21,90,95,0
3487,P60709,7ahq_C,0,745,94,97,0,100,30,100,100,0
3491,P60709,9p1i_W,0,786,100,100,0,100,18,100,100,0
3492,P60709,9p1i_W,0,786,100,100,0,100,31,100,100,0
3493,P60709,9p1i_W,0,786,100,100,0,100,22,100,100,0
3494,P60709,9p1i_W,0,786,100,100,0,100,42,100,100,0
3495,P60709,9p1i_W,0,786,100,100,0,100,19,100,100,0
350,P60709,8vaa_D,0,740,95,97,0,100,15,100,100,0
3501,P60709,6t24_D,0,745,94,97,0,100,17,100,100,0
3502,P60709,6t24_D,0,745,94,97,0,100,29,97,100,0
3507,P60709,7ahq_B,0,745,94,97,0,100,21,90,95,0
3508,P60709,7ahq_B,0,745,94,97,0,100,30,100,100,0
351,P60709,8vaa_D,0,740,95,97,0,100,34,97,100,0
3513,P60709,9p1i_V,0,786,100,100,0,100,20,100,100,0
3514,P60709,9p1i_V,0,786,100,100,0,100,22,100,100,0
3515,P60709,9p1i_V,0,786,100,100,0,100,43,100,100,0
3520,P60709,6t24_E,0,745,94,97,0,100,17,100,100,0
3521,P60709,6t24_E,0,745,94,97,0,100,29,97,100,0
3525,P60709,7ahq_A,0,745,94,97,0,100,21,90,95,0
3526,P60709,7ahq_A,0,745,94,97,0,100,30,100,100,0
3528,P60709,9p1i_U,0,786,100,100,0,100,17,100,100,0
3529,P60709,9p1i_U,0,786,100,100,0,100,41,100,100,0
3530,P60709,9p1i_U,0,786,100,100,0,100,19,100,100,0
354,P60709,8iah_E,0,786,100,100,0,100,14,100,100,0
3542,P60709,9p3d_a,0,742,94,97,0,100,20,95,95,0
3543,P60709,9p3d_a,0,742,94,97,0,100,45,96,100,0
3547,P60709,9p1i_T,0,786,100,100,0,100,33,100,100,0
3548,P60709,9p1i_T,0,786,100,100,0,100,18,100,100,0
3549,P60709,9p1i_T,0,786,100,100,0,100,21,100,100,0
355,P60709,8iah_E,0,786,100,100,0,100,46,100,100,0
3550,P60709,9p1i_T,0,786,100,100,0,100,43,100,100,0
3555,P60709,6t25_C,0,745,94,97,0,100,20,95,100,0
3561,P60709,7bt7_D,0,745,94,97,0,100,17,88,94,0
3564,P60709,9p3d_Z,0,742,94,97,0,100,18,100,100,0
3565,P60709,9p3d_Z,0,742,94,97,0,100,20,95,95,0
3566,P60709,9p3d_Z,0,742,94,97,0,100,44,93,98,0
3567,P60709,9p3d_Z,0,742,94,97,0,100,27,85,96,0
3569,P60709,9p1i_S,0,786,100,100,0,100,17,100,100,0
3570,P60709,9p1i_S,0,786,100,100,0,100,31,100,100,0
3571,P60709,9p1i_S,0,786,100,100,0,100,15,100,100,0
3572,P60709,9p1i_S,0,786,100,100,0,100,41,100,100,0
3573,P60709,9p1i_S,0,786,100,100,0,100,19,100,100,0
3574,P60709,9p1i_S,0,786,100,100,0,100,22,100,100,0
3577,P60709,6t25_B,0,745,94,97,0,100,21,90,95,0
3578,P60709,6t25_B,0,745,94,97,0,100,16,100,100,0
358,P60709,8iah_E,0,786,100,100,0,100,15,100,100,0
3584,P60709,7bt7_C,0,745,94,97,0,100,18,89,94,0
3585,P60709,7bt7_C,0,745,94,97,0,100,32,100,100,0
3588,P60709,9p3d_Y,0,742,94,97,0,100,18,100,100,0
3589,P60709,9p3d_Y,0,742,94,97,0,100,33,94,100,0
359,P60709,8iah_E,0,786,100,100,0,100,32,100,100,0
3590,P60709,9p3d_Y,0,742,94,97,0,100,18,94,94,0
3591,P60709,9p3d_Y,0,742,94,97,0,100,45,93,98,0
3592,P60709,9p3d_Y,0,742,94,97,0,100,28,86,96,0
3594,P60709,9p1i_R,0,786,100,100,0,100,33,100,100,0
3595,P60709,9p1i_R,0,786,100,100,0,100,17,100,100,0
3596,P60709,9p1i_R,0,786,100,100,0,100,31,100,100,0
3597,P60709,9p1i_R,0,786,100,100,0,100,22,100,100,0
3598,P60709,9p1i_R,0,786,100,100,0,100,42,100,100,0
3599,P60709,9p1i_R,0,786,100,100,0,100,18,100,100,0
360,P60709,8iah_E,0,786,100,100,0,100,43,100,100,0
3602,P60709,6t25_E,0,745,94,97,0,100,20,95,100,0
3606,P60709,7bt7_B,0,745,94,97,0,100,17,88,94,0
3607,P60709,7bt7_B,0,745,94,97,0,100,33,100,100,0
361,P60709,8iah_E,0,786,100,100,0,100,11,100,100,0
3610,P60709,9p3d_X,0,742,94,97,0,100,18,100,100,0
3611,P60709,9p3d_X,0,742,94,97,0,100,34,94,100,0
3612,P60709,9p3d_X,0,742,94,97,0,100,20,95,95,0
3613,P60709,9p3d_X,0,742,94,97,0,100,42,93,98,0
3614,P60709,9p3d_X,0,742,94,97,0,100,28,86,96,0
3615,P60709,9p1i_Q,0,786,100,100,0,100,19,100,100,0
3616,P60709,9p1i_Q,0,786,100,100,0,100,32,100,100,0
3617,P60709,9p1i_Q,0,786,100,100,0,100,16,100,100,0
3618,P60709,9p1i_Q,0,786,100,100,0,100,31,100,100,0
3619,P60709,9p1i_Q,0,786,100,100,0,100,41,100,100,0
362,P60709,9hm9_C,0,745,94,97,0,100,23,100,100,0
3620,P60709,9p1i_Q,0,786,100,100,0,100,19,100,100,0
3621,P60709,9p1i_Q,0,786,100,100,0,100,21,100,100,0
3623,P60709,6t25_D,0,745,94,97,0,100,21,90,95,0
3624,P60709,6t25_D,0,745,94,97,0,100,20,95,100,0
3625,P60709,6t25_D,0,745,94,97,0,100,16,100,100,0
3629,P60709,7bt7_A,0,745,94,97,0,100,18,89,94,0
363,P60709,9hm9_C,0,745,94,97,0,100,31,100,100,0
3630,P60709,7bt7_A,0,745,94,97,0,100,33,100,100,0
3633,P60709,9p3d_W,0,742,94,97,0,100,19,95,100,0
3634,P60709,9p3d_W,0,742,94,97,0,100,31,97,100,0
3635,P60709,9p3d_W,0,742,94,97,0,100,18,94,94,0
3636,P60709,9p3d_W,0,742,94,97,0,100,40,95,100,0
3637,P60709,9p3d_W,0,742,94,97,0,100,27,85,96,0
364,P60709,9hm9_C,0,745,94,97,0,100,33,97,100,0
365,P60709,9hm9_C,0,745,94,97,0,100,20,90,95,0
3651,P60709,6d8c_H,0,745,94,97,0,100,43,100,100,0
3652,P60709,6d8c_H,0,745,94,97,0,100,18,100,100,0
366,P60709,9hm9_C,0,745,94,97,0,100,19,100,100,0
3660,P60709,9p3d_V,0,742,94,97,0,100,18,100,100,0
3661,P60709,9p3d_V,0,742,94,97,0,100,34,94,100,0
3662,P60709,9p3d_V,0,742,94,97,0,100,19,95,95,0
3663,P60709,9p3d_V,0,742,94,97,0,100,44,93,98,0
3664,P60709,9p3d_V,0,742,94,97,0,100,27,85,96,0
3672,P60709,6d8c_K,0,745,94,97,0,100,18,100,100,0
3673,P60709,6d8c_K,0,745,94,97,0,100,43,100,100,0
3674,P60709,6d8c_K,0,745,94,97,0,100,18,100,100,0
3679,P60709,7bti_D,0,745,94,97,0,100,19,89,95,0
3682,P60709,9p3d_U,0,742,94,97,0,100,18,100,100,0
3683,P60709,9p3d_U,0,742,94,97,0,100,33,97,100,0
3684,P60709,9p3d_U,0,742,94,97,0,100,18,94,94,0
3685,P60709,9p3d_U,0,742,94,97,0,100,42,90,98,0
3686,P60709,9p3d_U,0,742,94,97,0,100,27,85,96,0
3695,P60709,6d8c_J,0,745,94,97,0,100,32,100,100,0
3696,P60709,6d8c_J,0,745,94,97,0,100,43,100,100,0
3702,P60709,7bti_C,0,745,94,97,0,100,17,88,94,0
3703,P60709,7bti_C,0,745,94,97,0,100,31,100,100,0
3706,P60709,9p3d_T,0,742,94,97,0,100,17,100,100,0
3707,P60709,9p3d_T,0,742,94,97,0,100,34,94,100,0
3708,P60709,9p3d_T,0,742,94,97,0,100,19,95,95,0
3709,P60709,9p3d_T,0,742,94,97,0,100,43,93,98,0
3710,P60709,9p3d_T,0,742,94,97,0,100,29,86,97,0
3716,P60709,6d8c_M,0,745,94,97,0,100,18,100,100,0
3717,P60709,6d8c_M,0,745,94,97,0,100,33,97,100,0
3718,P60709,6d8c_M,0,745,94,97,0,100,18,100,100,0
3719,P60709,6d8c_M,0,745,94,97,0,100,43,100,100,0
3724,P60709,7bti_B,0,745,94,97,0,100,19,89,95,0
3725,P60709,7bti_B,0,745,94,97,0,100,31,100,100,0
3728,P60709,9p3d_S,0,742,94,97,0,100,18,100,100,0
3729,P60709,9p3d_S,0,742,94,97,0,100,32,97,100,0
3730,P60709,9p3d_S,0,742,94,97,0,100,18,94,94,0
3731,P60709,9p3d_S,0,742,94,97,0,100,44,93,98,0
3732,P60709,9p3d_S,0,742,94,97,0,100,27,85,96,0
3740,P60709,6d8c_L,0,745,94,97,0,100,18,100,100,0
3741,P60709,6d8c_L,0,745,94,97,0,100,31,100,100,0
3742,P60709,6d8c_L,0,745,94,97,0,100,20,90,95,0
3743,P60709,6d8c_L,0,745,94,97,0,100,43,100,100,0
3746,P60709,7bti_A,0,745,94,97,0,100,18,89,94,0
3747,P60709,7bti_A,0,745,94,97,0,100,32,100,100,0
3749,P60709,9p3d_R,0,742,94,97,0,100,18,100,100,0
3750,P60709,9p3d_R,0,742,94,97,0,100,32,97,100,0
3751,P60709,9p3d_R,0,742,94,97,0,100,17,94,94,0
3752,P60709,9p3d_R,0,742,94,97,0,100,42,93,98,0
3753,P60709,9p3d_R,0,742,94,97,0,100,28,86,96,0
376,P60709,8vaa_C,0,740,95,97,0,100,15,100,100,0
3768,P60709,6m5g_E,0,745,94,97,0,100,12,100,100,0
3769,P60709,9p3d_Q,0,742,94,97,0,100,17,100,100,0
377,P60709,8vaa_C,0,740,95,97,0,100,34,97,100,0
3770,P60709,9p3d_Q,0,742,94,97,0,100,34,94,100,0
3771,P60709,9p3d_Q,0,742,94,97,0,100,41,95,100,0
3772,P60709,9p3d_Q,0,742,94,97,0,100,25,84,96,0
3780,P60709,5oof_B,0,745,94,97,0,100,21,90,95,0
3786,P60709,6m5g_D,0,745,94,97,0,100,16,88,94,0
3787,P60709,6m5g_D,0,745,94,97,0,100,11,100,100,0
3793,P60709,5oof_A,0,745,94,97,0,100,21,90,95,0
3794,P60709,5oof_A,0,745,94,97,0,100,31,100,100,0
3795,P60709,8vfm_W,0,745,94,97,0,100,38,95,97,0
380,P60709,8iah_D,0,786,100,100,0,100,59,100,100,0
3800,P60709,6m5g_C,0,745,94,97,0,100,16,88,94,0
3801,P60709,6m5g_C,0,745,94,97,0,100,30,100,100,0
3802,P60709,6m5g_C,0,745,94,97,0,100,11,100,100,0
3803,P60709,6m5g_C,0,745,94,97,0,100,38,100,100,0
3806,P60709,8uz1_Q,0,742,94,97,0,100,19,95,100,0
3814,P60709,8dmy_C,0,747,94,97,0,100,30,100,100,0
3816,P60709,5oof_E,0,745,94,97,0,100,30,97,100,0
3817,P60709,8vfm_U,0,745,94,97,0,100,39,95,97,0
3818,P60709,8vfm_U,0,745,94,97,0,100,25,96,100,0
3824,P60709,6m5g_B,0,745,94,97,0,100,17,88,94,0
3825,P60709,6m5g_B,0,745,94,97,0,100,30,100,100,0
3826,P60709,6m5g_B,0,745,94,97,0,100,39,100,100,0
3829,P60709,8uz1_P,0,742,94,97,0,100,19,95,100,0
383,P60709,8iah_D,0,786,100,100,0,100,15,100,100,0
3830,P60709,8uz1_P,0,742,94,97,0,100,34,97,100,0
3837,P60709,8dmy_B,0,747,94,97,0,100,16,88,94,0
3838,P60709,5oof_D,0,745,94,97,0,100,21,90,95,0
3839,P60709,5oof_D,0,745,94,97,0,100,30,97,100,0
384,P60709,8iah_D,0,786,100,100,0,100,32,100,100,0
3840,P60709,5oof_D,0,745,94,97,0,100,17,100,100,0
3841,P60709,8vfm_S,0,745,94,97,0,100,23,100,100,0
3842,P60709,8vfm_S,0,745,94,97,0,100,36,94,97,0
3846,P60709,8vfm_S,0,745,94,97,0,100,22,91,95,0
3847,P60709,6m5g_A,0,745,94,97,0,100,16,88,94,0
3848,P60709,6m5g_A,0,745,94,97,0,100,31,100,100,0
3849,P60709,6m5g_A,0,745,94,97,0,100,38,100,100,0
385,P60709,8iah_D,0,786,100,100,0,100,34,100,100,0
3852,P60709,8uz1_O,0,742,94,97,0,100,20,95,100,0
3853,P60709,8uz1_O,0,742,94,97,0,100,34,97,100,0
3855,P60709,8dmy_A,0,747,94,97,0,100,31,97,100,0
3856,P60709,8dmy_A,0,747,94,97,0,100,12,100,100,0
3857,P60709,8dmy_A,0,747,94,97,0,100,16,88,94,0
386,P60709,8iah_D,0,786,100,100,0,100,12,100,100,0
3861,P60709,8vfm_R,0,745,94,97,0,100,37,95,97,0
3868,P60709,8uz1_N,0,742,94,97,0,100,19,95,100,0
3869,P60709,8uz1_N,0,742,94,97,0,100,34,97,100,0
3875,P60709,5ooe_E,0,745,94,97,0,100,16,100,100,0
3876,P60709,8vfm_N,0,745,94,97,0,100,23,100,100,0
3878,P60709,8vfm_N,0,745,94,97,0,100,21,90,95,0
3879,P60709,8vfm_N,0,745,94,97,0,100,34,94,100,0
3882,P60709,6w17_K,0,745,94,97,0,100,21,95,100,0
3885,P60709,8uz1_M,0,742,94,97,0,100,20,95,100,0
3886,P60709,8uz1_M,0,742,94,97,0,100,34,97,100,0
3890,P60709,9c21_E,0,786,100,100,0,100,33,100,100,0
3893,P60709,9zbl_E,0,747,94,97,0,100,17,88,94,0
3896,P60709,8vfm_M,0,745,94,97,0,100,9,100,100,0
3897,P60709,8vfm_M,0,745,94,97,0,100,26,100,100,0
3899,P60709,8vfm_M,0,745,94,97,0,100,21,90,95,0
39,P60709,8c4e_F,0,745,94,97,0,100,17,100,100,0
3900,P60709,8vfm_M,0,745,94,97,0,100,32,100,100,0
3901,P60709,8vfm_M,0,745,94,97,0,100,34,94,100,0
3902,P60709,6w17_J,0,745,94,97,0,100,30,100,100,0
3904,P60709,6w17_J,0,745,94,97,0,100,18,94,100,0
3905,P60709,6w17_J,0,745,94,97,0,100,35,97,100,0
3908,P60709,8uz1_L,0,742,94,97,0,100,19,100,100,0
3909,P60709,8uz1_L,0,742,94,97,0,100,33,97,100,0
3912,P60709,9c21_D,0,786,100,100,0,100,33,100,100,0
3915,P60709,9zbl_D,0,747,94,97,0,100,18,89,94,0
3916,P60709,9zbl_D,0,747,94,97,0,100,31,100,100,0
3918,P60709,5ooe_B,0,745,94,97,0,100,16,100,100,0
3919,P60709,5ooe_B,0,745,94,97,0,100,28,100,100,0
3920,P60709,8vfm_L,0,745,94,97,0,100,25,96,100,0
3921,P60709,8vfm_L,0,745,94,97,0,100,9,100,100,0
3922,P60709,8vfm_L,0,745,94,97,0,100,22,91,95,0
3923,P60709,8vfm_L,0,745,94,97,0,100,33,100,100,0
3924,P60709,8vfm_L,0,745,94,97,0,100,34,94,100,0
3925,P60709,8vfm_L,0,745,94,97,0,100,19,100,100,0
3926,P60709,6w17_I,0,745,94,97,0,100,36,100,100,0
3927,P60709,6w17_I,0,745,94,97,0,100,16,88,94,0
3928,P60709,6w17_I,0,745,94,97,0,100,18,100,100,0
3929,P60709,6w17_I,0,745,94,97,0,100,33,97,100,0
3931,P60709,8uz1_K,0,742,94,97,0,100,20,95,100,0
3932,P60709,8uz1_K,0,742,94,97,0,100,33,97,100,0
3934,P60709,9c21_C,0,786,100,100,0,100,19,100,100,0
3935,P60709,9c21_C,0,786,100,100,0,100,18,100,100,0
3938,P60709,9zbl_C,0,747,94,97,0,100,18,89,94,0
3939,P60709,9zbl_C,0,747,94,97,0,100,30,100,100,0
394,P60709,8f8t_F,0,745,94,97,0,100,17,100,100,0
3940,P60709,5ooe_C,0,745,94,97,0,100,16,100,100,0
3941,P60709,5ooe_C,0,745,94,97,0,100,25,96,100,0
3942,P60709,5ooe_C,0,745,94,97,0,100,28,100,100,0
3943,P60709,5ooe_C,0,745,94,97,0,100,17,88,94,0
3944,P60709,8vfm_J,0,745,94,97,0,100,25,96,100,0
3945,P60709,8vfm_J,0,745,94,97,0,100,9,100,100,0
3946,P60709,8vfm_J,0,745,94,97,0,100,22,91,95,0
3947,P60709,8vfm_J,0,745,94,97,0,100,33,100,100,0
3948,P60709,8vfm_J,0,745,94,97,0,100,18,100,100,0
3953,P60709,6wvt_I,0,745,94,97,0,100,27,100,100,0
3954,P60709,6wvt_I,0,745,94,97,0,100,34,100,100,0
3955,P60709,8uz1_J,0,742,94,97,0,100,19,100,100,0
3956,P60709,8uz1_J,0,742,94,97,0,100,35,97,100,0
3958,P60709,9c21_B,0,786,100,100,0,100,33,100,100,0
3959,P60709,9c21_B,0,786,100,100,0,100,19,100,100,0
3960,P60709,9c21_B,0,786,100,100,0,100,18,100,100,0
3962,P60709,9zbl_B,0,747,94,97,0,100,16,88,94,0
3963,P60709,9zbl_B,0,747,94,97,0,100,31,100,100,0
397,P60709,6vau_C,0,745,94,97,0,100,17,88,94,0
3970,P60709,6wvt_H,0,745,94,97,0,100,35,94,100,0
3971,P60709,6wvt_H,0,745,94,97,0,100,34,100,100,0
3972,P60709,6wvt_H,0,745,94,97,0,100,27,100,100,0
3975,P60709,9c21_A,0,786,100,100,0,100,33,100,100,0
3976,P60709,9c21_A,0,786,100,100,0,100,17,100,100,0
3977,P60709,9zbl_A,0,747,94,97,0,100,18,89,94,0
3978,P60709,9zbl_A,0,747,94,97,0,100,30,100,100,0
3981,P60709,5ood_D,0,745,94,97,0,100,22,91,95,0
3985,P60709,6wvt_F,0,745,94,97,0,100,20,100,100,0
3986,P60709,6wvt_F,0,745,94,97,0,100,27,100,100,0
3989,P60709,8uz0_Q,0,742,94,97,0,100,19,95,100,0
399,P60709,8vaa_B,0,740,95,97,0,100,14,100,100,0
3996,P60709,9e2e_F,0,747,94,97,0,100,7,100,100,0
4,P60709,8iai_H,0,786,100,100,0,100,13,100,100,0
40,P60709,8c4e_F,0,745,94,97,0,100,31,97,100,0
400,P60709,8vaa_B,0,740,95,97,0,100,34,97,100,0
4002,P60709,6wvt_E,0,745,94,97,0,100,30,100,100,0
4003,P60709,6wvt_E,0,745,94,97,0,100,18,89,94,0
4004,P60709,6wvt_E,0,745,94,97,0,100,19,100,100,0
4005,P60709,6wvt_E,0,745,94,97,0,100,27,100,100,0
4006,P60709,6wvt_E,0,745,94,97,0,100,35,100,100,0
4009,P60709,8uz0_P,0,742,94,97,0,100,19,100,100,0
4010,P60709,8uz0_P,0,742,94,97,0,100,33,97,100,0
4017,P60709,9e2e_E,0,747,94,97,0,100,16,88,94,0
4018,P60709,9e2e_E,0,747,94,97,0,100,8,100,100,0
402,P60709,8iah_C,0,786,100,100,0,100,46,100,100,0
4020,P60709,5ood_C,0,745,94,97,0,100,31,94,100,0
4021,P60709,5ood_C,0,745,94,97,0,100,22,91,95,0
4022,P60709,5ood_C,0,745,94,97,0,100,30,100,100,0
4026,P60709,6wvt_D,0,745,94,97,0,100,30,100,100,0
4027,P60709,6wvt_D,0,745,94,97,0,100,18,89,94,0
4028,P60709,6wvt_D,0,745,94,97,0,100,35,100,100,0
4029,P60709,6wvt_D,0,745,94,97,0,100,28,100,100,0
4032,P60709,8uz0_O,0,742,94,97,0,100,20,95,100,0
4033,P60709,8uz0_O,0,742,94,97,0,100,33,97,100,0
4040,P60709,9e2e_D,0,747,94,97,0,100,20,90,95,0
4041,P60709,9e2e_D,0,747,94,97,0,100,31,100,100,0
4042,P60709,9e2e_D,0,747,94,97,0,100,6,100,100,0
4043,P60709,9e2e_D,0,747,94,97,0,100,3,100,100,0
4044,P60709,9e2e_D,0,747,94,97,0,100,20,100,100,0
4045,P60709,5ood_B,0,745,94,97,0,100,22,91,95,0
4046,P60709,5ood_B,0,745,94,97,0,100,16,100,100,0
4047,P60709,5ood_B,0,745,94,97,0,100,30,100,100,0
405,P60709,8iah_C,0,786,100,100,0,100,16,100,100,0
4050,P60709,6wvt_B,0,745,94,97,0,100,17,88,94,0
4051,P60709,6wvt_B,0,745,94,97,0,100,30,100,100,0
4052,P60709,6wvt_B,0,745,94,97,0,100,35,100,100,0
4055,P60709,8uz0_N,0,742,94,97,0,100,20,95,100,0
4056,P60709,8uz0_N,0,742,94,97,0,100,33,97,100,0
406,P60709,8iah_C,0,786,100,100,0,100,32,100,100,0
4060,P60709,9e2e_C,0,747,94,97,0,100,16,88,94,0
4061,P60709,9e2e_C,0,747,94,97,0,100,31,100,100,0
4062,P60709,9e2e_C,0,747,94,97,0,100,5,100,100,0
4063,P60709,9e2e_C,0,747,94,97,0,100,4,100,100,0
4064,P60709,9e2e_C,0,747,94,97,0,100,26,100,100,0
407,P60709,8iah_C,0,786,100,100,0,100,47,100,100,0
4075,P60709,8uz0_M,0,742,94,97,0,100,19,100,100,0
4076,P60709,8uz0_M,0,742,94,97,0,100,32,97,100,0
408,P60709,8iah_C,0,786,100,100,0,100,11,100,100,0
4082,P60709,9e2e_B,0,747,94,97,0,100,17,88,94,0
4083,P60709,9e2e_B,0,747,94,97,0,100,30,100,100,0
4084,P60709,9e2e_B,0,747,94,97,0,100,6,100,100,0
4085,P60709,9e2e_B,0,747,94,97,0,100,10,100,100,0
4087,P60709,5ooc_E,0,745,94,97,0,100,17,100,100,0
409,P60709,8iah_C,0,786,100,100,0,100,11,100,100,0
4097,P60709,8uz0_L,0,742,94,97,0,100,20,95,100,0
4098,P60709,8uz0_L,0,742,94,97,0,100,33,97,100,0
41,P60709,8c4e_F,0,745,94,97,0,100,31,100,100,0
4102,P60709,9e2e_A,0,747,94,97,0,100,20,90,95,0
4103,P60709,9e2e_A,0,747,94,97,0,100,31,100,100,0
4104,P60709,9e2e_A,0,747,94,97,0,100,10,100,100,0
4107,P60709,5ooc_B,0,745,94,97,0,100,29,100,100,0
4110,P60709,8pvx_D,0,745,94,97,0,100,34,97,100,0
4113,P60709,6vec_K,0,745,94,97,0,100,24,100,100,0
4115,P60709,8uz0_K,0,742,94,97,0,100,18,100,100,0
4116,P60709,8uz0_K,0,742,94,97,0,100,33,97,100,0
412,P60709,9gob_B,0,745,94,97,0,100,34,97,100,0
4121,P60709,5ooc_C,0,745,94,97,0,100,17,100,100,0
4122,P60709,5ooc_C,0,745,94,97,0,100,29,100,100,0
4123,P60709,5ooc_C,0,745,94,97,0,100,18,89,94,0
4125,P60709,8pvx_A,0,745,94,97,0,100,21,90,95,0
4128,P60709,6vec_J,0,745,94,97,0,100,16,100,100,0
4129,P60709,6vec_J,0,745,94,97,0,100,25,100,100,0
4130,P60709,8uz0_J,0,742,94,97,0,100,19,100,100,0
4131,P60709,8uz0_J,0,742,94,97,0,100,32,97,100,0
4137,P60709,5ooc_A,0,745,94,97,0,100,29,100,100,0
4138,P60709,5ooc_A,0,745,94,97,0,100,18,89,94,0
4140,P60709,8pvx_E,0,745,94,97,0,100,17,100,100,0
4143,P60709,6vec_I,0,745,94,97,0,100,16,100,100,0
4144,P60709,6vec_I,0,745,94,97,0,100,24,100,100,0
4152,P60709,8pvx_C,0,745,94,97,0,100,32,100,100,0
4153,P60709,8pvx_C,0,745,94,97,0,100,35,97,100,0
4154,P60709,8pvx_C,0,745,94,97,0,100,21,90,95,0
4155,P60709,8pvx_C,0,745,94,97,0,100,18,100,100,0
4158,P60709,6vec_H,0,745,94,97,0,100,18,89,94,0
4159,P60709,6vec_H,0,745,94,97,0,100,17,100,100,0
4160,P60709,6vec_H,0,745,94,97,0,100,24,100,100,0
417,P60709,8f8t_E,0,745,94,97,0,100,17,100,100,0
4170,P60709,6fhl_E,0,745,94,97,0,100,17,100,100,0
4174,P60709,6vec_G,0,745,94,97,0,100,16,100,100,0
4175,P60709,6vec_G,0,745,94,97,0,100,33,97,100,0
4176,P60709,6vec_G,0,745,94,97,0,100,25,100,100,0
4177,P60709,6vec_G,0,745,94,97,0,100,16,100,100,0
418,P60709,8f8t_E,0,745,94,97,0,100,31,97,100,0
4182,P60709,8efh_D,0,747,94,97,0,100,31,100,100,0
4188,P60709,6vec_F,0,745,94,97,0,100,18,89,94,0
4189,P60709,6vec_F,0,745,94,97,0,100,31,100,100,0
4190,P60709,6vec_F,0,745,94,97,0,100,17,100,100,0
4191,P60709,6vec_F,0,745,94,97,0,100,25,100,100,0
4195,P60709,8zbn_M,0,742,95,97,0,100,10,100,100,0
4196,P60709,8zbn_M,0,742,95,97,0,100,34,100,100,0
4197,P60709,8zbn_M,0,742,95,97,0,100,7,100,100,0
42,P60709,8c4e_F,0,745,94,97,0,100,46,93,96,0
420,P60709,6vau_A,0,745,94,97,0,100,34,94,100,0
4200,P60709,8p94_W,0,786,100,100,0,100,13,100,100,0
4201,P60709,8p94_W,0,786,100,100,0,100,32,100,100,0
4203,P60709,8efh_C,0,747,94,97,0,100,15,100,100,0
4204,P60709,8efh_C,0,747,94,97,0,100,11,100,100,0
4206,P60709,6fhl_B,0,745,94,97,0,100,17,100,100,0
4207,P60709,6fhl_B,0,745,94,97,0,100,32,100,100,0
4208,P60709,8uxx_R,0,745,94,97,0,100,19,100,100,0
421,P60709,6vau_A,0,745,94,97,0,100,17,100,100,0
4213,P60709,6vec_E,0,745,94,97,0,100,15,100,100,0
4214,P60709,6vec_E,0,745,94,97,0,100,35,94,100,0
4215,P60709,6vec_E,0,745,94,97,0,100,24,100,100,0
4216,P60709,6vec_E,0,745,94,97,0,100,16,100,100,0
4218,P60709,8zbn_K,0,742,95,97,0,100,17,88,94,0
4219,P60709,8zbn_K,0,742,95,97,0,100,8,100,100,0
422,P60709,8vaa_A,0,740,95,97,0,100,14,100,100,0
4220,P60709,8zbn_K,0,742,95,97,0,100,6,100,100,0
4221,P60709,8zbn_K,0,742,95,97,0,100,34,100,100,0
4222,P60709,8p94_S,0,786,100,100,0,100,19,100,100,0
4225,P60709,8efh_B,0,747,94,97,0,100,5,100,100,0
4227,P60709,8efh_B,0,747,94,97,0,100,16,88,94,0
4228,P60709,8efh_B,0,747,94,97,0,100,12,100,100,0
4229,P60709,6fhl_C,0,745,94,97,0,100,17,100,100,0
423,P60709,8vaa_A,0,740,95,97,0,100,34,97,100,0
4230,P60709,6fhl_C,0,745,94,97,0,100,38,97,100,0
4231,P60709,6fhl_C,0,745,94,97,0,100,32,100,100,0
4232,P60709,6fhl_C,0,745,94,97,0,100,18,89,94,0
4233,P60709,8uxx_Q,0,745,94,97,0,100,5,100,100,0
4234,P60709,8uxx_Q,0,745,94,97,0,100,18,94,100,0
4235,P60709,8uxx_Q,0,745,94,97,0,100,24,100,100,0
4238,P60709,8uxx_Q,0,745,94,97,0,100,17,100,100,0
4241,P60709,6vec_D,0,745,94,97,0,100,18,89,94,0
4242,P60709,6vec_D,0,745,94,97,0,100,31,100,100,0
4243,P60709,6vec_D,0,745,94,97,0,100,15,100,100,0
4244,P60709,6vec_D,0,745,94,97,0,100,25,100,100,0
4247,P60709,8zbn_D,0,742,95,97,0,100,14,100,100,0
4248,P60709,8zbn_D,0,742,95,97,0,100,34,100,100,0
4249,P60709,8p94_R,0,786,100,100,0,100,11,100,100,0
4250,P60709,8p94_R,0,786,100,100,0,100,5,100,100,0
4251,P60709,8p94_R,0,786,100,100,0,100,17,100,100,0
4252,P60709,8p94_R,0,786,100,100,0,100,22,100,100,0
4255,P60709,8p94_R,0,786,100,100,0,100,15,100,100,0
4256,P60709,8efh_F,0,747,94,97,0,100,33,100,100,0
4257,P60709,8efh_F,0,747,94,97,0,100,33,97,100,0
4258,P60709,8efh_F,0,747,94,97,0,100,30,100,100,0
4259,P60709,8efh_F,0,747,94,97,0,100,15,100,100,0
426,P60709,8iah_B,0,786,100,100,0,100,12,100,100,0
4260,P60709,8efh_F,0,747,94,97,0,100,18,89,94,0
4261,P60709,8efh_F,0,747,94,97,0,100,13,100,100,0
4262,P60709,5yu8_A,0,745,94,97,0,100,25,100,100,0
4265,P60709,8uxx_P,0,745,94,97,0,100,8,100,100,0
4268,P60709,8uxx_P,0,745,94,97,0,100,19,95,100,0
4269,P60709,8uxx_P,0,745,94,97,0,100,33,97,100,0
427,P60709,8iah_B,0,786,100,100,0,100,33,100,100,0
4272,P60709,6vec_C,0,745,94,97,0,100,16,100,100,0
4273,P60709,6vec_C,0,745,94,97,0,100,33,97,100,0
4274,P60709,6vec_C,0,745,94,97,0,100,25,100,100,0
4275,P60709,6vec_C,0,745,94,97,0,100,17,100,100,0
4278,P60709,8zbn_J,0,742,95,97,0,100,18,89,94,0
4279,P60709,8zbn_J,0,742,95,97,0,100,16,94,94,0
428,P60709,8iah_B,0,786,100,100,0,100,14,100,100,0
4280,P60709,8zbn_J,0,742,95,97,0,100,35,100,100,0
4281,P60709,8p94_Q,0,786,100,100,0,100,7,100,100,0
4284,P60709,8p94_Q,0,786,100,100,0,100,15,100,100,0
4285,P60709,8p94_Q,0,786,100,100,0,100,31,100,100,0
4288,P60709,8dd0_F,0,747,94,97,0,100,6,100,100,0
4289,P60709,5yu8_C,0,745,94,97,0,100,25,100,100,0
429,P60709,8iah_B,0,786,100,100,0,100,80,100,100,0
4290,P60709,5yu8_C,0,745,94,97,0,100,32,100,100,0
4294,P60709,5yu8_C,0,745,94,97,0,100,14,86,100,0
4295,P60709,8uxx_O,0,745,94,97,0,100,14,93,100,0
4296,P60709,8uxx_O,0,745,94,97,0,100,20,100,100,0
4297,P60709,8uxx_O,0,745,94,97,0,100,14,93,93,0
4298,P60709,8uxx_O,0,745,94,97,0,100,10,100,100,0
4301,P60709,8uxx_O,0,745,94,97,0,100,19,95,100,0
4302,P60709,8uxx_O,0,745,94,97,0,100,32,94,100,0
4304,P60709,6vec_B,0,745,94,97,0,100,33,97,100,0
4305,P60709,6vec_B,0,745,94,97,0,100,18,89,94,0
4306,P60709,6vec_B,0,745,94,97,0,100,31,100,100,0
4307,P60709,6vec_B,0,745,94,97,0,100,24,100,100,0
4308,P60709,6vec_B,0,745,94,97,0,100,16,100,100,0
4310,P60709,8zbn_I,0,742,95,97,0,100,16,88,94,0
4311,P60709,8zbn_I,0,742,95,97,0,100,31,100,100,0
4312,P60709,8zbn_I,0,742,95,97,0,100,31,97,100,0
4313,P60709,8zbn_I,0,742,95,97,0,100,10,100,100,0
4314,P60709,8zbn_I,0,742,95,97,0,100,34,100,100,0
4315,P60709,8zbn_I,0,742,95,97,0,100,7,100,100,0
4316,P60709,8p94_P,0,786,100,100,0,100,27,100,100,0
4317,P60709,8p94_P,0,786,100,100,0,100,16,100,100,0
4318,P60709,8p94_P,0,786,100,100,0,100,21,100,100,0
4319,P60709,8p94_P,0,786,100,100,0,100,8,100,100,0
432,P60709,9gob_E,0,745,94,97,0,100,6,100,100,0
4322,P60709,8p94_P,0,786,100,100,0,100,17,100,100,0
4323,P60709,8p94_P,0,786,100,100,0,100,32,100,100,0
4326,P60709,8dd0_E,0,747,94,97,0,100,18,89,94,0
4327,P60709,8dd0_E,0,747,94,97,0,100,6,100,100,0
4328,P60709,5yu8_B,0,745,94,97,0,100,25,100,100,0
433,P60709,9gob_E,0,745,94,97,0,100,20,90,95,0
4330,P60709,5yu8_B,0,745,94,97,0,100,16,88,94,0
4331,P60709,5yu8_B,0,745,94,97,0,100,15,93,100,0
4333,P60709,8uxx_N,0,745,94,97,0,100,20,95,100,0
4334,P60709,8uxx_N,0,745,94,97,0,100,34,97,100,0
4335,P60709,6vec_A,0,745,94,97,0,100,18,89,94,0
4336,P60709,6vec_A,0,745,94,97,0,100,15,100,100,0
4337,P60709,6vec_A,0,745,94,97,0,100,31,100,100,0
4338,P60709,6vec_A,0,745,94,97,0,100,32,97,100,0
4339,P60709,6vec_A,0,745,94,97,0,100,24,100,100,0
4340,P60709,6vec_A,0,745,94,97,0,100,17,100,100,0
4341,P60709,8zbn_B,0,742,95,97,0,100,19,89,95,0
4342,P60709,8zbn_B,0,742,95,97,0,100,31,100,100,0
4343,P60709,8zbn_B,0,742,95,97,0,100,31,97,100,0
4344,P60709,8zbn_B,0,742,95,97,0,100,16,100,100,0
4345,P60709,8zbn_B,0,742,95,97,0,100,12,100,100,0
4346,P60709,8zbn_B,0,742,95,97,0,100,35,100,100,0
4347,P60709,8zbn_B,0,742,95,97,0,100,7,100,100,0
4349,P60709,8p94_O,0,786,100,100,0,100,19,100,100,0
4350,P60709,8p94_O,0,786,100,100,0,100,32,100,100,0
4353,P60709,8dd0_D,0,747,94,97,0,100,18,89,94,0
4354,P60709,8dd0_D,0,747,94,97,0,100,30,100,100,0
4355,P60709,8dd0_D,0,747,94,97,0,100,6,100,100,0
4356,P60709,8dd0_D,0,747,94,97,0,100,3,100,100,0
4357,P60709,8dd0_D,0,747,94,97,0,100,24,100,100,0
4358,P60709,5yu8_E,0,745,94,97,0,100,33,100,100,0
4360,P60709,5yu8_E,0,745,94,97,0,100,14,86,100,0
4361,P60709,8uxx_M,0,745,94,97,0,100,5,100,100,0
4362,P60709,8uxx_M,0,745,94,97,0,100,16,100,100,0
4363,P60709,8uxx_M,0,745,94,97,0,100,33,97,100,0
4368,P60709,8p94_N,0,786,100,100,0,100,8,100,100,0
4369,P60709,8p94_N,0,786,100,100,0,100,15,100,100,0
4370,P60709,8p94_N,0,786,100,100,0,100,31,100,100,0
4373,P60709,8dd0_C,0,747,94,97,0,100,17,88,94,0
4374,P60709,8dd0_C,0,747,94,97,0,100,30,100,100,0
4375,P60709,8dd0_C,0,747,94,97,0,100,6,100,100,0
4376,P60709,8dd0_C,0,747,94,97,0,100,3,100,100,0
4377,P60709,8dd0_C,0,747,94,97,0,100,22,100,100,0
4378,P60709,5yu8_D,0,745,94,97,0,100,33,100,100,0
4379,P60709,5yu8_D,0,745,94,97,0,100,16,88,94,0
438,P60709,8f8t_D,0,745,94,97,0,100,16,100,100,0
4380,P60709,5yu8_D,0,745,94,97,0,100,14,86,100,0
4381,P60709,5yu8_D,0,745,94,97,0,100,15,93,100,0
4382,P60709,8uxx_I,0,745,94,97,0,100,30,100,100,0
4387,P60709,7ad9_H,0,745,94,97,0,100,32,100,100,0
439,P60709,8f8t_D,0,745,94,97,0,100,31,97,100,0
4390,P60709,8v30_D,0,740,93,97,0,100,14,100,100,0
4391,P60709,8p94_K,0,786,100,100,0,100,32,100,100,0
4394,P60709,8p94_K,0,786,100,100,0,100,32,100,100,0
4396,P60709,8dd0_B,0,747,94,97,0,100,17,88,94,0
4397,P60709,8dd0_B,0,747,94,97,0,100,30,100,100,0
4398,P60709,8dd0_B,0,747,94,97,0,100,5,100,100,0
4399,P60709,8dd0_B,0,747,94,97,0,100,10,100,100,0
44,P60709,9ug2_E,0,740,95,97,0,100,28,100,100,0
440,P60709,6vau_D,0,745,94,97,0,100,17,88,94,0
4403,P60709,8uxx_H,0,745,94,97,0,100,35,100,100,0
4404,P60709,8uxx_H,0,745,94,97,0,100,18,89,94,0
4405,P60709,8uxx_H,0,745,94,97,0,100,21,95,100,0
4408,P60709,7ad9_D,0,745,94,97,0,100,18,89,94,0
441,P60709,6vau_D,0,745,94,97,0,100,31,100,100,0
4411,P60709,8v30_C,0,740,93,97,0,100,15,100,100,0
4412,P60709,8v30_C,0,740,93,97,0,100,31,97,100,0
4413,P60709,8p94_J,0,786,100,100,0,100,38,100,100,0
4414,P60709,8p94_J,0,786,100,100,0,100,21,100,100,0
4415,P60709,8p94_J,0,786,100,100,0,100,8,100,100,0
4417,P60709,8p94_J,0,786,100,100,0,100,60,100,100,0
4418,P60709,8p94_J,0,786,100,100,0,100,14,100,100,0
4419,P60709,8dd0_A,0,747,94,97,0,100,17,88,94,0
4420,P60709,8dd0_A,0,747,94,97,0,100,30,100,100,0
4421,P60709,8dd0_A,0,747,94,97,0,100,6,100,100,0
4422,P60709,8dd0_A,0,747,94,97,0,100,9,100,100,0
4425,P60709,8uxw_R,0,745,94,97,0,100,20,100,100,0
4428,P60709,7ad9_F,0,745,94,97,0,100,32,97,100,0
4429,P60709,7ad9_F,0,745,94,97,0,100,19,95,100,0
4430,P60709,7ad9_F,0,745,94,97,0,100,18,89,94,0
4432,P60709,8v30_B,0,740,93,97,0,100,15,100,100,0
4433,P60709,8v30_B,0,740,93,97,0,100,31,97,100,0
4434,P60709,8p94_H,0,786,100,100,0,100,20,100,100,0
4435,P60709,8p94_H,0,786,100,100,0,100,31,100,100,0
4436,P60709,8p94_H,0,786,100,100,0,100,15,100,100,0
4437,P60709,8p94_H,0,786,100,100,0,100,29,100,100,0
4438,P60709,8p94_H,0,786,100,100,0,100,6,100,100,0
4439,P60709,8p94_H,0,786,100,100,0,100,15,100,100,0
444,P60709,8iah_A,0,786,100,100,0,100,17,100,100,0
4440,P60709,8enc_F,0,747,94,97,0,100,34,97,97,0
4445,P60709,8enc_F,0,747,94,97,0,100,10,100,100,0
4448,P60709,6c1g_D,0,745,94,97,0,100,20,100,100,0
4449,P60709,6c1g_D,0,745,94,97,0,95,19,100,100,0
445,P60709,8iah_A,0,786,100,100,0,100,31,100,100,0
4450,P60709,8uxw_Q,0,745,94,97,0,100,5,100,100,0
4451,P60709,8uxw_Q,0,745,94,97,0,100,17,94,100,0
4452,P60709,8uxw_Q,0,745,94,97,0,100,24,100,100,0
4455,P60709,8uxw_Q,0,745,94,97,0,100,18,100,100,0
4456,P60709,7ad9_B,0,745,94,97,0,100,19,89,95,0
4457,P60709,7ad9_B,0,745,94,97,0,100,32,100,100,0
4458,P60709,8v30_A,0,740,93,97,0,100,14,100,100,0
4459,P60709,8v30_A,0,740,93,97,0,100,31,97,100,0
446,P60709,8iah_A,0,786,100,100,0,100,14,100,100,0
4464,P60709,8enc_E,0,747,94,97,0,100,13,100,100,0
4467,P60709,8uxw_P,0,745,94,97,0,100,8,100,100,0
447,P60709,8iah_A,0,786,100,100,0,100,16,100,100,0
4470,P60709,8uxw_P,0,745,94,97,0,100,19,95,100,0
4471,P60709,8uxw_P,0,745,94,97,0,100,33,97,100,0
4476,P60709,8oi6_C,0,786,100,100,0,100,15,100,100,0
4478,P60709,8enc_D,0,747,94,97,0,100,31,100,100,0
4479,P60709,8enc_D,0,747,94,97,0,100,19,89,95,0
448,P60709,8iah_A,0,786,100,100,0,100,89,100,100,0
4481,P60709,6c1g_C,0,745,94,97,0,100,32,100,100,0
4482,P60709,6c1g_C,0,745,94,97,0,100,20,100,100,0
4483,P60709,6c1g_C,0,745,94,97,0,100,34,97,100,0
4484,P60709,8uxw_O,0,745,94,97,0,100,13,92,100,0
4485,P60709,8uxw_O,0,745,94,97,0,100,19,100,100,0
4486,P60709,8uxw_O,0,745,94,97,0,100,14,93,93,0
4487,P60709,8uxw_O,0,745,94,97,0,100,9,100,100,0
4490,P60709,8uxw_O,0,745,94,97,0,100,19,95,100,0
4491,P60709,8uxw_O,0,745,94,97,0,100,33,94,100,0
4497,P60709,8v2z_D,0,740,93,97,0,100,15,100,100,0
4499,P60709,8oi6_B,0,786,100,100,0,100,16,100,100,0
4500,P60709,8oi6_B,0,786,100,100,0,100,29,100,100,0
4501,P60709,8enc_C,0,747,94,97,0,100,17,100,100,0
4502,P60709,8enc_C,0,747,94,97,0,100,34,97,100,0
4503,P60709,8enc_C,0,747,94,97,0,100,9,100,100,0
4504,P60709,6c1g_B,0,745,94,97,0,100,20,100,100,0
4505,P60709,6c1g_B,0,745,94,97,0,100,16,88,94,0
4506,P60709,6c1g_B,0,745,94,97,0,100,34,97,100,0
4507,P60709,6c1g_B,0,745,94,97,0,100,43,98,100,0
4509,P60709,8uxw_N,0,745,94,97,0,100,20,95,100,0
451,P60709,9gob_A,0,745,94,97,0,100,19,100,100,0
4510,P60709,8uxw_N,0,745,94,97,0,100,34,97,100,0
4513,P60709,6u96_C,0,745,94,97,0,100,28,100,100,0
4516,P60709,8v2z_C,0,740,93,97,0,100,15,100,100,0
4517,P60709,8v2z_C,0,740,93,97,0,100,33,97,100,0
4518,P60709,8oi6_A,0,786,100,100,0,100,16,100,100,0
4519,P60709,8oi6_A,0,786,100,100,0,100,32,100,100,0
4520,P60709,8enc_B,0,747,94,97,0,100,6,100,100,0
4521,P60709,8enc_B,0,747,94,97,0,100,16,88,94,0
4522,P60709,8enc_B,0,747,94,97,0,100,30,100,100,0
4523,P60709,8enc_B,0,747,94,97,0,100,11,100,100,0
4524,P60709,6c1d_B,0,745,94,97,0,100,42,93,98,0
4528,P60709,8uxw_M,0,745,94,97,0,100,6,100,100,0
4529,P60709,8uxw_M,0,745,94,97,0,100,17,100,100,0
4530,P60709,8uxw_M,0,745,94,97,0,100,34,97,100,0
4533,P60709,6u96_A,0,745,94,97,0,100,8,100,100,0
4534,P60709,6u96_A,0,745,94,97,0,100,14,86,93,0
4536,P60709,8v2z_B,0,740,93,97,0,100,16,100,100,0
4537,P60709,8v2z_B,0,740,93,97,0,100,33,94,100,0
4538,P60709,8iai_K,0,786,100,100,0,100,24,100,100,0
4539,P60709,8iai_K,0,786,100,100,0,100,19,100,100,0
454,P60709,8f8t_C,0,745,94,97,0,100,16,100,100,0
4540,P60709,8iai_K,0,786,100,100,0,100,43,100,100,0
4543,P60709,8efi_F,0,747,94,97,0,100,39,97,97,0
4548,P60709,8efi_F,0,747,94,97,0,100,12,100,100,0
455,P60709,8f8t_C,0,745,94,97,0,100,31,97,100,0
4552,P60709,6c1d_C,0,745,94,97,0,100,16,88,94,0
4553,P60709,8uxw_I,0,745,94,97,0,100,29,100,100,0
4555,P60709,6u96_D,0,745,94,97,0,100,32,97,100,0
4556,P60709,6u96_D,0,745,94,97,0,100,10,100,100,0
4557,P60709,8v2z_A,0,740,93,97,0,100,15,100,100,0
4558,P60709,8v2z_A,0,740,93,97,0,100,31,97,100,0
4559,P60709,8iai_J,0,786,100,100,0,100,36,100,100,0
456,P60709,8f8t_C,0,745,94,97,0,100,10,100,100,0
4562,P60709,8iai_J,0,786,100,100,0,100,12,100,100,0
4563,P60709,8iai_J,0,786,100,100,0,100,45,100,100,0
4566,P60709,8efi_E,0,747,94,97,0,100,14,100,100,0
4567,P60709,6c1d_A,0,745,94,97,0,100,33,97,100,0
4568,P60709,6c1d_A,0,745,94,97,0,100,18,100,100,0
4569,P60709,8uxw_H,0,745,94,97,0,100,35,100,100,0
457,P60709,6vau_E,0,745,94,97,0,100,17,100,100,0
4570,P60709,8uxw_H,0,745,94,97,0,100,19,89,95,0
4571,P60709,8uxw_H,0,745,94,97,0,100,20,100,100,0
4572,P60709,6u96_E,0,745,94,97,0,100,28,100,100,0
4573,P60709,6u96_E,0,745,94,97,0,100,14,86,93,0
4575,P60709,8iai_I,0,786,100,100,0,100,36,100,100,0
4576,P60709,8iai_I,0,786,100,100,0,100,13,100,100,0
4579,P60709,8iai_I,0,786,100,100,0,100,13,100,100,0
458,P60709,6vau_E,0,745,94,97,0,100,34,94,100,0
4580,P60709,8iai_I,0,786,100,100,0,100,34,100,100,0
4581,P60709,8iai_I,0,786,100,100,0,100,44,100,100,0
4583,P60709,8efi_D,0,747,94,97,0,100,31,100,100,0
4584,P60709,8efi_D,0,747,94,97,0,100,19,89,95,0
4585,P60709,6c1d_D,0,745,94,97,0,95,18,100,100,0
4587,P60709,6c1d_D,0,745,94,97,0,100,17,88,94,0
4588,P60709,6c1d_D,0,745,94,97,0,100,31,100,100,0
4591,P60709,8c4e_H,0,745,94,97,0,100,8,100,100,0
462,P60709,9gob_C,0,745,94,97,0,100,20,100,100,0
463,P60709,9gob_C,0,745,94,97,0,100,31,100,100,0
464,P60709,9gob_C,0,745,94,97,0,100,33,97,100,0
465,P60709,9gob_C,0,745,94,97,0,100,20,90,95,0
466,P60709,9gob_C,0,745,94,97,0,100,19,100,100,0
468,P60709,8f8t_B,0,745,94,97,0,100,16,100,100,0
469,P60709,8f8t_B,0,745,94,97,0,100,32,97,100,0
47,P60709,9ug2_E,0,740,95,97,0,100,17,88,94,0
470,P60709,8f8t_B,0,745,94,97,0,100,61,97,100,0
473,P60709,8ib2_E,0,786,100,100,0,100,13,100,100,0
476,P60709,8ib2_E,0,786,100,100,0,100,14,100,100,0
48,P60709,8iai_F,0,786,100,100,0,100,55,100,100,0
480,P60709,8f8t_A,0,745,94,97,0,100,14,100,100,0
481,P60709,8f8t_A,0,745,94,97,0,100,34,97,100,0
482,P60709,8f8t_A,0,745,94,97,0,100,70,96,99,0
485,P60709,8ib2_D,0,786,100,100,0,100,8,100,100,0
488,P60709,8ib2_D,0,786,100,100,0,100,15,100,100,0
489,P60709,8ib2_D,0,786,100,100,0,100,32,100,100,0
498,P60709,8ib2_C,0,786,100,100,0,100,16,100,100,0
499,P60709,8ib2_C,0,786,100,100,0,100,32,100,100,0
5,P60709,8iai_H,0,786,100,100,0,100,32,100,100,0
501,P60709,3tpq_A,0,745,94,97,0,100,52,100,100,0
506,P60709,8f8s_F,0,745,94,97,0,100,17,100,100,0
51,P60709,8iai_F,0,786,100,100,0,100,14,100,100,0
510,P60709,8ib2_B,0,786,100,100,0,100,14,100,100,0
511,P60709,8ib2_B,0,786,100,100,0,100,33,100,100,0
515,P60709,3tpq_B,0,745,94,97,0,100,36,100,100,0
517,P60709,3tpq_B,0,745,94,97,0,100,10,90,100,0
52,P60709,8iai_F,0,786,100,100,0,100,31,100,100,0
520,P60709,8f8s_E,0,745,94,97,0,100,17,100,100,0
521,P60709,8f8s_E,0,745,94,97,0,100,31,97,100,0
524,P60709,8ord_D,0,736,92,96,0,100,19,95,100,0
529,P60709,3tpq_C,0,745,94,97,0,100,23,100,100,0
53,P60709,8iai_F,0,786,100,100,0,100,35,100,100,0
530,P60709,3tpq_C,0,745,94,97,0,100,6,100,100,0
533,P60709,8f8s_D,0,745,94,97,0,100,15,100,100,0
534,P60709,8f8s_D,0,745,94,97,0,100,31,97,100,0
538,P60709,8ord_C,0,736,92,96,0,100,31,94,100,0
54,P60709,8iai_F,0,786,100,100,0,100,11,100,100,0
541,P60709,7ztc_G,0,786,100,100,0,100,19,100,100,0
545,P60709,3tpq_D,0,745,94,97,0,100,36,100,100,0
546,P60709,3tpq_D,0,745,94,97,0,100,16,100,100,0
549,P60709,8f8s_C,0,745,94,97,0,100,16,100,100,0
550,P60709,8f8s_C,0,745,94,97,0,100,31,97,100,0
553,P60709,8ord_B,0,736,92,96,0,100,21,95,100,0
556,P60709,7ztc_F,0,786,100,100,0,100,19,100,100,0
557,P60709,7ztc_F,0,786,100,100,0,100,24,100,100,0
561,P60709,3tpq_E,0,745,94,97,0,100,22,100,100,0
563,P60709,8f8s_B,0,745,94,97,0,100,15,100,100,0
564,P60709,8f8s_B,0,745,94,97,0,100,34,97,100,0
566,P60709,8ord_A,0,736,92,96,0,100,29,100,100,0
567,P60709,8ord_A,0,736,92,96,0,100,16,88,94,0
568,P60709,8ord_A,0,736,92,96,0,100,19,100,100,0
569,P60709,8ord_A,0,736,92,96,0,100,31,94,100,0
572,P60709,7ztc_E,0,786,100,100,0,100,19,100,100,0
573,P60709,7ztc_E,0,786,100,100,0,100,25,100,100,0
577,P60709,8f8s_A,0,745,94,97,0,100,14,100,100,0
578,P60709,8f8s_A,0,745,94,97,0,100,32,97,100,0
583,P60709,7ztc_D,0,786,100,100,0,100,19,100,100,0
584,P60709,7ztc_D,0,786,100,100,0,100,25,100,100,0
595,P60709,7ztc_C,0,786,100,100,0,100,18,100,100,0
596,P60709,7ztc_C,0,786,100,100,0,100,24,100,100,0
6,P60709,8iai_H,0,786,100,100,0,100,32,100,100,0
60,P60709,5jlf_D,0,745,94,97,0,100,33,94,100,0
603,P60709,8f8r_F,0,745,94,97,0,100,20,95,100,0
606,P60709,7ztc_B,0,786,100,100,0,100,19,100,100,0
607,P60709,7ztc_B,0,786,100,100,0,100,25,100,100,0
612,P60709,8f8r_E,0,745,94,97,0,100,16,100,100,0
613,P60709,8f8r_E,0,745,94,97,0,100,32,97,100,0
615,P60709,7ztc_A,0,786,100,100,0,100,20,100,100,0
616,P60709,7ztc_A,0,786,100,100,0,100,24,100,100,0
622,P60709,8f8r_D,0,745,94,97,0,100,16,100,100,0
623,P60709,8f8r_D,0,745,94,97,0,100,33,94,100,0
63,P60709,8c4e_E,0,745,94,97,0,100,15,100,100,0
635,P60709,8f8r_C,0,745,94,97,0,100,18,100,100,0
636,P60709,8f8r_C,0,745,94,97,0,100,33,94,100,0
64,P60709,8c4e_E,0,745,94,97,0,100,32,97,100,0
644,P60709,8f8r_B,0,745,94,97,0,100,17,100,100,0
645,P60709,8f8r_B,0,745,94,97,0,100,32,97,100,0
65,P60709,8c4e_E,0,745,94,97,0,100,45,96,98,0
653,P60709,8f8r_A,0,745,94,97,0,100,16,100,100,0
654,P60709,8f8r_A,0,745,94,97,0,100,32,97,100,0
66,P60709,8c4e_E,0,745,94,97,0,100,39,97,100,0
660,P60709,7pdz_N,0,786,100,100,0,100,19,100,100,0
663,P60709,9az6_E,0,745,94,97,0,100,47,89,96,0
666,P60709,8f8q_F,0,745,94,97,0,100,12,83,92,0
667,P60709,8f8q_F,0,745,94,97,0,100,34,91,97,0
675,P60709,7pdz_L,0,786,100,100,0,100,18,100,100,0
676,P60709,7pdz_L,0,786,100,100,0,100,30,100,100,0
679,P60709,9az6_D,0,745,94,97,0,100,17,100,100,0
68,P60709,9ug2_D,0,740,95,97,0,100,62,100,100,0
680,P60709,9az6_D,0,745,94,97,0,100,48,90,96,0
683,P60709,8f8q_E,0,745,94,97,0,100,16,100,100,0
684,P60709,8f8q_E,0,745,94,97,0,100,31,97,100,0
685,P60709,8f8q_E,0,745,94,97,0,100,5,80,100,0
693,P60709,7pdz_K,0,786,100,100,0,100,20,100,100,0
694,P60709,7pdz_K,0,786,100,100,0,100,28,100,100,0
697,P60709,9az6_C,0,745,94,97,0,100,15,100,100,0
698,P60709,9az6_C,0,745,94,97,0,100,33,97,100,0
699,P60709,9az6_C,0,745,94,97,0,100,47,89,96,0
7,P60709,8iai_H,0,786,100,100,0,100,10,100,100,0
70,P60709,9ug2_D,0,740,95,97,0,100,18,89,94,0
700,P60709,9az6_C,0,745,94,97,0,100,18,100,100,0
701,P60709,9az6_C,0,745,94,97,0,100,11,100,100,0
704,P60709,8f8q_D,0,745,94,97,0,100,16,100,100,0
705,P60709,8f8q_D,0,745,94,97,0,100,32,94,100,0
71,P60709,9ug2_D,0,740,95,97,0,100,31,100,100,0
711,P60709,7pdz_J,0,786,100,100,0,100,6,100,100,0
712,P60709,7pdz_J,0,786,100,100,0,100,28,100,100,0
714,P60709,7pdz_J,0,786,100,100,0,100,18,100,100,0
715,P60709,7pdz_J,0,786,100,100,0,100,30,100,100,0
717,P60709,9az6_B,0,745,94,97,0,100,16,100,100,0
718,P60709,9az6_B,0,745,94,97,0,100,32,94,100,0
719,P60709,9az6_B,0,745,94,97,0,100,47,89,96,0
72,P60709,8iai_E,0,786,100,100,0,100,13,100,100,0
720,P60709,9az6_B,0,745,94,97,0,100,18,100,100,0
721,P60709,9az6_B,0,745,94,97,0,100,10,100,100,0
724,P60709,8f8q_C,0,745,94,97,0,100,18,100,100,0
725,P60709,8f8q_C,0,745,94,97,0,100,32,94,100,0
729,P60709,7pdz_I,0,786,100,100,0,100,35,100,100,0
73,P60709,8iai_E,0,786,100,100,0,100,47,100,100,0
730,P60709,7pdz_I,0,786,100,100,0,100,11,100,100,0
731,P60709,7pdz_I,0,786,100,100,0,100,19,100,100,0
732,P60709,7pdz_I,0,786,100,100,0,100,32,100,100,0
733,P60709,9az6_A,0,745,94,97,0,100,16,100,100,0
734,P60709,9az6_A,0,745,94,97,0,100,31,97,100,0
735,P60709,9az6_A,0,745,94,97,0,100,19,100,100,0
736,P60709,9az6_A,0,745,94,97,0,100,11,100,100,0
738,P60709,8f8q_B,0,745,94,97,0,100,16,100,100,0
739,P60709,8f8q_B,0,745,94,97,0,100,31,97,100,0
752,P60709,8f8q_A,0,745,94,97,0,100,16,100,100,0
753,P60709,8f8q_A,0,745,94,97,0,100,32,94,100,0
757,P60709,9go5_C,0,722,89,96,0,100,19,79,95,0
76,P60709,8iai_E,0,786,100,100,0,100,13,100,100,0
765,P60709,9dva_D,0,745,94,97,0,100,31,100,100,0
77,P60709,8iai_E,0,786,100,100,0,100,32,100,100,0
772,P60709,9go5_B,0,722,89,96,0,100,31,97,100,0
773,P60709,9go5_B,0,722,89,96,0,100,18,83,100,0
777,P60709,9dva_C,0,745,94,97,0,100,16,100,100,0
778,P60709,9dva_C,0,745,94,97,0,100,27,100,100,0
78,P60709,8iai_E,0,786,100,100,0,100,45,100,100,0
783,P60709,8f8p_D,0,745,94,97,0,100,15,100,100,0
786,P60709,9go5_A,0,722,89,96,0,100,18,83,100,0
787,P60709,9go5_A,0,722,89,96,0,100,19,79,95,0
788,P60709,9go5_A,0,722,89,96,0,100,31,97,100,0
789,P60709,9go5_A,0,722,89,96,0,100,32,84,97,0
79,P60709,8iai_E,0,786,100,100,0,100,12,100,100,0
792,P60709,9dva_B,0,745,94,97,0,100,29,100,100,0
793,P60709,9dva_B,0,745,94,97,0,100,16,100,100,0
794,P60709,9dva_B,0,745,94,97,0,100,16,88,94,0
795,P60709,9dva_B,0,745,94,97,0,100,43,100,100,0
796,P60709,9dva_B,0,745,94,97,0,100,10,90,90,0
797,P60709,9dva_B,0,745,94,97,0,100,29,100,100,0
8,P60709,8efi_C,0,747,94,97,0,100,17,100,100,0
800,P60709,8f8p_C,0,745,94,97,0,100,16,100,100,0
801,P60709,8f8p_C,0,745,94,97,0,100,32,97,100,0
810,P60709,9dva_A,0,745,94,97,0,100,31,100,100,0
811,P60709,9dva_A,0,745,94,97,0,100,19,89,95,0
812,P60709,9dva_A,0,745,94,97,0,100,43,100,100,0
815,P60709,8f8p_B,0,745,94,97,0,100,16,100,100,0
816,P60709,8f8p_B,0,745,94,97,0,100,32,97,100,0
82,P60709,7jh7_E,0,747,94,97,0,100,34,97,100,0
828,P60709,8f8p_A,0,745,94,97,0,100,16,100,100,0
829,P60709,8f8p_A,0,745,94,97,0,100,32,97,100,0
839,P60709,9duu_E,0,745,94,97,0,100,20,90,95,0
84,P60709,5jlf_C,0,745,94,97,0,100,17,88,94,0
853,P60709,9duu_D,0,745,94,97,0,100,18,89,94,0
854,P60709,9duu_D,0,745,94,97,0,100,32,100,100,0
859,P60709,7uxf_E,0,745,94,97,0,100,19,89,95,0
866,P60709,9fjy_D,0,784,100,100,0,100,12,100,100,0
867,P60709,9fjy_D,0,784,100,100,0,100,23,100,100,0
87,P60709,8c4e_D,0,745,94,97,0,100,18,100,100,0
870,P60709,9duu_C,0,745,94,97,0,100,20,90,95,0
871,P60709,9duu_C,0,745,94,97,0,100,31,100,100,0
876,P60709,7uxf_D,0,745,94,97,0,100,19,89,95,0
877,P60709,7uxf_D,0,745,94,97,0,100,30,100,100,0
88,P60709,8c4e_D,0,745,94,97,0,100,32,97,100,0
884,P60709,9fjy_C,0,784,100,100,0,100,13,100,100,0
885,P60709,9fjy_C,0,784,100,100,0,100,24,100,100,0
887,P60709,9duu_B,0,745,94,97,0,100,19,89,95,0
888,P60709,9duu_B,0,745,94,97,0,100,30,100,100,0
89,P60709,8c4e_D,0,745,94,97,0,100,39,97,100,0
892,P60709,7uxf_C,0,745,94,97,0,100,19,89,95,0
893,P60709,7uxf_C,0,745,94,97,0,100,30,100,100,0
898,P60709,9fjy_B,0,784,100,100,0,100,21,100,100,0
899,P60709,9fjy_B,0,784,100,100,0,100,30,100,100,0
9,P60709,8efi_C,0,747,94,97,0,100,33,97,100,0
90,P60709,8c4e_D,0,745,94,97,0,100,10,80,100,0
900,P60709,9duu_A,0,745,94,97,0,100,19,89,95,0
901,P60709,9duu_A,0,745,94,97,0,100,33,100,100,0
908,P60709,7uxf_B,0,745,94,97,0,100,19,89,95,0
909,P60709,7uxf_B,0,745,94,97,0,100,31,100,100,0
91,P60709,8c4e_D,0,745,94,97,0,100,10,100,100,0
910,P60709,4b1z_C,0,745,94,97,0,100,51,100,100,0
911,P60709,4b1z_C,0,745,94,97,0,100,9,100,100,0
918,P60709,9fjy_A,0,784,100,100,0,100,18,100,100,0
919,P60709,9fjy_A,0,784,100,100,0,100,32,100,100,0
922,P60709,8vkh_F,0,745,94,97,0,100,69,100,100,0
924,P60709,7uxf_A,0,745,94,97,0,100,19,89,95,0
925,P60709,7uxf_A,0,745,94,97,0,100,30,100,100,0
926,P60709,4b1z_B,0,745,94,97,0,100,49,100,100,0
929,P60709,4b1z_B,0,745,94,97,0,100,11,91,100,0
93,P60709,9ug2_C,0,740,95,97,0,100,59,100,100,0
934,P60709,9fju_D,0,784,100,100,0,100,9,100,100,0
935,P60709,9fju_D,0,784,100,100,0,100,21,100,100,0
938,P60709,8vkh_E,0,745,94,97,0,100,17,94,100,0
939,P60709,8vkh_E,0,745,94,97,0,100,72,100,100,0
94,P60709,9ug2_C,0,740,95,97,0,100,16,88,94,0
944,P60709,7utj_F,0,745,94,97,0,100,25,100,100,0
945,P60709,4b1z_A,0,745,94,97,0,100,24,100,100,0
946,P60709,4b1z_A,0,745,94,97,0,100,9,89,100,0
95,P60709,9ug2_C,0,740,95,97,0,100,31,100,100,0
951,P60709,9fju_C,0,784,100,100,0,100,14,100,100,0
952,P60709,9fju_C,0,784,100,100,0,100,21,100,100,0
955,P60709,8vkh_D,0,745,94,97,0,100,19,95,100,0
956,P60709,8vkh_D,0,745,94,97,0,100,32,97,100,0
957,P60709,8vkh_D,0,745,94,97,0,97,37,97,100,0
96,P60709,8iai_D,0,786,100,100,0,100,54,100,100,0
962,P60709,7utj_E,0,745,94,97,0,100,17,88,94,0
963,P60709,7utj_E,0,745,94,97,0,100,34,100,100,0
964,P60709,7utj_E,0,745,94,97,0,100,25,100,100,0
965,P60709,4b1z_F,0,745,94,97,0,100,12,92,92,0
966,P60709,4b1z_F,0,745,94,97,0,100,56,100,100,0
968,P60709,4b1z_F,0,745,94,97,0,100,14,100,100,0
972,P60709,9fju_B,0,784,100,100,0,100,17,100,100,0
973,P60709,9fju_B,0,784,100,100,0,100,31,100,100,0
976,P60709,8vkh_C,0,745,94,97,0,100,21,95,100,0
977,P60709,8vkh_C,0,745,94,97,0,100,31,97,100,0
978,P60709,8vkh_C,0,745,94,97,0,100,37,100,100,0
981,P60709,3j8a_A,0,745,94,97,0,100,34,97,100,0
982,P60709,3j8a_A,0,745,94,97,0,100,32,100,100,0
985,P60709,7utj_D,0,745,94,97,0,100,17,88,94,0
986,P60709,7utj_D,0,745,94,97,0,100,31,100,100,0
987,P60709,7utj_D,0,745,94,97,0,100,25,100,100,0
988,P60709,7utj_D,0,745,94,97,0,100,34,100,100,0
989,P60709,4b1z_E,0,745,94,97,0,100,48,100,100,0
99,P60709,8iai_D,0,786,100,100,0,100,15,100,100,0
991,P60709,4b1z_E,0,745,94,97,0,100,10,90,100,0
992,P60709,4b1z_E,0,745,94,97,0,100,9,78,78,0
995,P60709,9fju_A,0,784,100,100,0,100,19,100,100,0
996,P60709,9fju_A,0,784,100,100,0,100,31,100,100,0
998,P60709,8vkh_B,0,745,94,97,0,100,17,100,100,0
999,P60709,8vkh_B,0,745,94,97,0,100,31,97,100,0
