interaction_id,pdb_id,pairwise_pdb_file,pymol_script_file,biological_assembly_cif_file,biological_assembly_pdb_file,biological_assembly_info
1,8iai,data/filtered/details/structures_files/pairwise/1_8iai_H_7.pdb,data/filtered/details/structures_files/pymol/1_8iai_H_7.py,data/filtered/details/structures_files/assembly/1_8iai.cif,,"Heteromer, 31 proteins."
10,8efi,data/filtered/details/structures_files/pairwise/10_8efi_C_P.pdb,data/filtered/details/structures_files/pymol/10_8efi_C_P.py,,data/filtered/details/structures_files/assembly/10_8efi.pdb,"Heteromer, 8 proteins."
100,8iai,data/filtered/details/structures_files/pairwise/100_8iai_D_F.pdb,data/filtered/details/structures_files/pymol/100_8iai_D_F.py,data/filtered/details/structures_files/assembly/100_8iai.cif,,"Heteromer, 31 proteins."
1001,3j8a,data/filtered/details/structures_files/pairwise/1001_3j8a_D_A.pdb,data/filtered/details/structures_files/pymol/1001_3j8a_D_A.py,,data/filtered/details/structures_files/assembly/1001_3j8a.pdb,"Homomer, 5 proteins."
1002,3j8a,data/filtered/details/structures_files/pairwise/1002_3j8a_D_B.pdb,data/filtered/details/structures_files/pymol/1002_3j8a_D_B.py,,data/filtered/details/structures_files/assembly/1002_3j8a.pdb,"Homomer, 5 proteins."
1005,7utj,data/filtered/details/structures_files/pairwise/1005_7utj_C_D.pdb,data/filtered/details/structures_files/pymol/1005_7utj_C_D.py,,data/filtered/details/structures_files/assembly/1005_7utj.pdb,"Heteromer, 12 proteins."
1006,7utj,data/filtered/details/structures_files/pairwise/1006_7utj_C_E.pdb,data/filtered/details/structures_files/pymol/1006_7utj_C_E.py,,data/filtered/details/structures_files/assembly/1006_7utj.pdb,"Heteromer, 12 proteins."
1007,7utj,data/filtered/details/structures_files/pairwise/1007_7utj_C_H.pdb,data/filtered/details/structures_files/pymol/1007_7utj_C_H.py,,data/filtered/details/structures_files/assembly/1007_7utj.pdb,"Heteromer, 12 proteins."
1008,7utj,data/filtered/details/structures_files/pairwise/1008_7utj_C_Z.pdb,data/filtered/details/structures_files/pymol/1008_7utj_C_Z.py,,data/filtered/details/structures_files/assembly/1008_7utj.pdb,"Heteromer, 12 proteins."
1009,4b1z,data/filtered/details/structures_files/pairwise/1009_4b1z_D_N.pdb,data/filtered/details/structures_files/pymol/1009_4b1z_D_N.py,,data/filtered/details/structures_files/assembly/1009_4b1z.pdb,"Heteromer, 8 proteins."
101,8iai,data/filtered/details/structures_files/pairwise/101_8iai_D_N.pdb,data/filtered/details/structures_files/pymol/101_8iai_D_N.py,data/filtered/details/structures_files/assembly/101_8iai.cif,,"Heteromer, 31 proteins."
1010,4b1z,data/filtered/details/structures_files/pairwise/1010_4b1z_D_E.pdb,data/filtered/details/structures_files/pymol/1010_4b1z_D_E.py,,data/filtered/details/structures_files/assembly/1010_4b1z.pdb,"Heteromer, 8 proteins."
1011,4b1z,data/filtered/details/structures_files/pairwise/1011_4b1z_D_B.pdb,data/filtered/details/structures_files/pymol/1011_4b1z_D_B.py,,data/filtered/details/structures_files/assembly/1011_4b1z.pdb,"Heteromer, 8 proteins."
1012,4b1z,data/filtered/details/structures_files/pairwise/1012_4b1z_D_C.pdb,data/filtered/details/structures_files/pymol/1012_4b1z_D_C.py,,data/filtered/details/structures_files/assembly/1012_4b1z.pdb,"Heteromer, 8 proteins."
1018,8vkh,data/filtered/details/structures_files/pairwise/1018_8vkh_A_B.pdb,data/filtered/details/structures_files/pymol/1018_8vkh_A_B.py,,data/filtered/details/structures_files/assembly/1018_8vkh.pdb,"Heteromer, 8 proteins."
1019,8vkh,data/filtered/details/structures_files/pairwise/1019_8vkh_A_C.pdb,data/filtered/details/structures_files/pymol/1019_8vkh_A_C.py,,data/filtered/details/structures_files/assembly/1019_8vkh.pdb,"Heteromer, 8 proteins."
102,8iai,data/filtered/details/structures_files/pairwise/102_8iai_D_P.pdb,data/filtered/details/structures_files/pymol/102_8iai_D_P.py,data/filtered/details/structures_files/assembly/102_8iai.cif,,"Heteromer, 31 proteins."
1020,3j8a,data/filtered/details/structures_files/pairwise/1020_3j8a_E_D.pdb,data/filtered/details/structures_files/pymol/1020_3j8a_E_D.py,,data/filtered/details/structures_files/assembly/1020_3j8a.pdb,"Homomer, 5 proteins."
1021,3j8a,data/filtered/details/structures_files/pairwise/1021_3j8a_E_A.pdb,data/filtered/details/structures_files/pymol/1021_3j8a_E_A.py,,data/filtered/details/structures_files/assembly/1021_3j8a.pdb,"Homomer, 5 proteins."
1022,3j8a,data/filtered/details/structures_files/pairwise/1022_3j8a_E_C.pdb,data/filtered/details/structures_files/pymol/1022_3j8a_E_C.py,,data/filtered/details/structures_files/assembly/1022_3j8a.pdb,"Homomer, 5 proteins."
1024,7utj,data/filtered/details/structures_files/pairwise/1024_7utj_B_C.pdb,data/filtered/details/structures_files/pymol/1024_7utj_B_C.py,,data/filtered/details/structures_files/assembly/1024_7utj.pdb,"Heteromer, 12 proteins."
1025,7utj,data/filtered/details/structures_files/pairwise/1025_7utj_B_D.pdb,data/filtered/details/structures_files/pymol/1025_7utj_B_D.py,,data/filtered/details/structures_files/assembly/1025_7utj.pdb,"Heteromer, 12 proteins."
1026,7utj,data/filtered/details/structures_files/pairwise/1026_7utj_B_G.pdb,data/filtered/details/structures_files/pymol/1026_7utj_B_G.py,,data/filtered/details/structures_files/assembly/1026_7utj.pdb,"Heteromer, 12 proteins."
1027,7utj,data/filtered/details/structures_files/pairwise/1027_7utj_B_I.pdb,data/filtered/details/structures_files/pymol/1027_7utj_B_I.py,,data/filtered/details/structures_files/assembly/1027_7utj.pdb,"Heteromer, 12 proteins."
1033,8dnh,data/filtered/details/structures_files/pairwise/1033_8dnh_C_D.pdb,data/filtered/details/structures_files/pymol/1033_8dnh_C_D.py,data/filtered/details/structures_files/assembly/1033_8dnh.cif,,"Homomer, 4 proteins."
1036,8viz,data/filtered/details/structures_files/pairwise/1036_8viz_F_G.pdb,data/filtered/details/structures_files/pymol/1036_8viz_F_G.py,,data/filtered/details/structures_files/assembly/1036_8viz.pdb,"Heteromer, 7 proteins."
1037,7utj,data/filtered/details/structures_files/pairwise/1037_7utj_A_B.pdb,data/filtered/details/structures_files/pymol/1037_7utj_A_B.py,,data/filtered/details/structures_files/assembly/1037_7utj.pdb,"Heteromer, 12 proteins."
1038,7utj,data/filtered/details/structures_files/pairwise/1038_7utj_A_C.pdb,data/filtered/details/structures_files/pymol/1038_7utj_A_C.py,,data/filtered/details/structures_files/assembly/1038_7utj.pdb,"Heteromer, 12 proteins."
1039,7utj,data/filtered/details/structures_files/pairwise/1039_7utj_A_H.pdb,data/filtered/details/structures_files/pymol/1039_7utj_A_H.py,,data/filtered/details/structures_files/assembly/1039_7utj.pdb,"Heteromer, 12 proteins."
104,7jh7,data/filtered/details/structures_files/pairwise/104_7jh7_C_H.pdb,data/filtered/details/structures_files/pymol/104_7jh7_C_H.py,,data/filtered/details/structures_files/assembly/104_7jh7.pdb,"Heteromer, 8 proteins."
1043,6iug,data/filtered/details/structures_files/pairwise/1043_6iug_D_E.pdb,data/filtered/details/structures_files/pymol/1043_6iug_D_E.py,,data/filtered/details/structures_files/assembly/1043_6iug.pdb,"Homomer, 5 proteins."
1045,8dnh,data/filtered/details/structures_files/pairwise/1045_8dnh_B_C.pdb,data/filtered/details/structures_files/pymol/1045_8dnh_B_C.py,data/filtered/details/structures_files/assembly/1045_8dnh.cif,,"Homomer, 4 proteins."
1046,8dnh,data/filtered/details/structures_files/pairwise/1046_8dnh_B_D.pdb,data/filtered/details/structures_files/pymol/1046_8dnh_B_D.py,data/filtered/details/structures_files/assembly/1046_8dnh.cif,,"Homomer, 4 proteins."
1049,8viz,data/filtered/details/structures_files/pairwise/1049_8viz_E_F.pdb,data/filtered/details/structures_files/pymol/1049_8viz_E_F.py,,data/filtered/details/structures_files/assembly/1049_8viz.pdb,"Heteromer, 7 proteins."
105,7jh7,data/filtered/details/structures_files/pairwise/105_7jh7_C_E.pdb,data/filtered/details/structures_files/pymol/105_7jh7_C_E.py,,data/filtered/details/structures_files/assembly/105_7jh7.pdb,"Heteromer, 8 proteins."
1050,8viz,data/filtered/details/structures_files/pairwise/1050_8viz_E_G.pdb,data/filtered/details/structures_files/pymol/1050_8viz_E_G.py,,data/filtered/details/structures_files/assembly/1050_8viz.pdb,"Heteromer, 7 proteins."
1054,7uuw,data/filtered/details/structures_files/pairwise/1054_7uuw_F_K.pdb,data/filtered/details/structures_files/pymol/1054_7uuw_F_K.py,,data/filtered/details/structures_files/assembly/1054_7uuw.pdb,"Heteromer, 12 proteins."
1058,6iug,data/filtered/details/structures_files/pairwise/1058_6iug_C_D.pdb,data/filtered/details/structures_files/pymol/1058_6iug_C_D.py,,data/filtered/details/structures_files/assembly/1058_6iug.pdb,"Homomer, 5 proteins."
1059,6iug,data/filtered/details/structures_files/pairwise/1059_6iug_C_E.pdb,data/filtered/details/structures_files/pymol/1059_6iug_C_E.py,,data/filtered/details/structures_files/assembly/1059_6iug.pdb,"Homomer, 5 proteins."
1060,8dnh,data/filtered/details/structures_files/pairwise/1060_8dnh_A_B.pdb,data/filtered/details/structures_files/pymol/1060_8dnh_A_B.py,data/filtered/details/structures_files/assembly/1060_8dnh.cif,,"Homomer, 4 proteins."
1061,8dnh,data/filtered/details/structures_files/pairwise/1061_8dnh_A_C.pdb,data/filtered/details/structures_files/pymol/1061_8dnh_A_C.py,data/filtered/details/structures_files/assembly/1061_8dnh.cif,,"Homomer, 4 proteins."
1064,8viz,data/filtered/details/structures_files/pairwise/1064_8viz_D_E.pdb,data/filtered/details/structures_files/pymol/1064_8viz_D_E.py,,data/filtered/details/structures_files/assembly/1064_8viz.pdb,"Heteromer, 7 proteins."
1065,8viz,data/filtered/details/structures_files/pairwise/1065_8viz_D_F.pdb,data/filtered/details/structures_files/pymol/1065_8viz_D_F.py,,data/filtered/details/structures_files/assembly/1065_8viz.pdb,"Heteromer, 7 proteins."
1066,8viz,data/filtered/details/structures_files/pairwise/1066_8viz_D_G.pdb,data/filtered/details/structures_files/pymol/1066_8viz_D_G.py,,data/filtered/details/structures_files/assembly/1066_8viz.pdb,"Heteromer, 7 proteins."
1069,7uuw,data/filtered/details/structures_files/pairwise/1069_7uuw_E_F.pdb,data/filtered/details/structures_files/pymol/1069_7uuw_E_F.py,,data/filtered/details/structures_files/assembly/1069_7uuw.pdb,"Heteromer, 12 proteins."
107,5jlf,data/filtered/details/structures_files/pairwise/107_5jlf_B_D.pdb,data/filtered/details/structures_files/pymol/107_5jlf_B_D.py,,data/filtered/details/structures_files/assembly/107_5jlf.pdb,"Homomer, 5 proteins."
1070,7uuw,data/filtered/details/structures_files/pairwise/1070_7uuw_E_L.pdb,data/filtered/details/structures_files/pymol/1070_7uuw_E_L.py,,data/filtered/details/structures_files/assembly/1070_7uuw.pdb,"Heteromer, 12 proteins."
1071,7uuw,data/filtered/details/structures_files/pairwise/1071_7uuw_E_Z.pdb,data/filtered/details/structures_files/pymol/1071_7uuw_E_Z.py,,data/filtered/details/structures_files/assembly/1071_7uuw.pdb,"Heteromer, 12 proteins."
1074,6iug,data/filtered/details/structures_files/pairwise/1074_6iug_B_C.pdb,data/filtered/details/structures_files/pymol/1074_6iug_B_C.py,,data/filtered/details/structures_files/assembly/1074_6iug.pdb,"Homomer, 5 proteins."
1075,6iug,data/filtered/details/structures_files/pairwise/1075_6iug_B_D.pdb,data/filtered/details/structures_files/pymol/1075_6iug_B_D.py,,data/filtered/details/structures_files/assembly/1075_6iug.pdb,"Homomer, 5 proteins."
1080,8viz,data/filtered/details/structures_files/pairwise/1080_8viz_C_D.pdb,data/filtered/details/structures_files/pymol/1080_8viz_C_D.py,,data/filtered/details/structures_files/assembly/1080_8viz.pdb,"Heteromer, 7 proteins."
1081,8viz,data/filtered/details/structures_files/pairwise/1081_8viz_C_E.pdb,data/filtered/details/structures_files/pymol/1081_8viz_C_E.py,,data/filtered/details/structures_files/assembly/1081_8viz.pdb,"Heteromer, 7 proteins."
1085,7uuw,data/filtered/details/structures_files/pairwise/1085_7uuw_D_E.pdb,data/filtered/details/structures_files/pymol/1085_7uuw_D_E.py,,data/filtered/details/structures_files/assembly/1085_7uuw.pdb,"Heteromer, 12 proteins."
1086,7uuw,data/filtered/details/structures_files/pairwise/1086_7uuw_D_F.pdb,data/filtered/details/structures_files/pymol/1086_7uuw_D_F.py,,data/filtered/details/structures_files/assembly/1086_7uuw.pdb,"Heteromer, 12 proteins."
1087,7uuw,data/filtered/details/structures_files/pairwise/1087_7uuw_D_I.pdb,data/filtered/details/structures_files/pymol/1087_7uuw_D_I.py,,data/filtered/details/structures_files/assembly/1087_7uuw.pdb,"Heteromer, 12 proteins."
1088,7uuw,data/filtered/details/structures_files/pairwise/1088_7uuw_D_K.pdb,data/filtered/details/structures_files/pymol/1088_7uuw_D_K.py,,data/filtered/details/structures_files/assembly/1088_7uuw.pdb,"Heteromer, 12 proteins."
1093,6iug,data/filtered/details/structures_files/pairwise/1093_6iug_A_B.pdb,data/filtered/details/structures_files/pymol/1093_6iug_A_B.py,,data/filtered/details/structures_files/assembly/1093_6iug.pdb,"Homomer, 5 proteins."
1094,6iug,data/filtered/details/structures_files/pairwise/1094_6iug_A_C.pdb,data/filtered/details/structures_files/pymol/1094_6iug_A_C.py,,data/filtered/details/structures_files/assembly/1094_6iug.pdb,"Homomer, 5 proteins."
1097,8viz,data/filtered/details/structures_files/pairwise/1097_8viz_B_C.pdb,data/filtered/details/structures_files/pymol/1097_8viz_B_C.py,,data/filtered/details/structures_files/assembly/1097_8viz.pdb,"Heteromer, 7 proteins."
1098,8viz,data/filtered/details/structures_files/pairwise/1098_8viz_B_D.pdb,data/filtered/details/structures_files/pymol/1098_8viz_B_D.py,,data/filtered/details/structures_files/assembly/1098_8viz.pdb,"Heteromer, 7 proteins."
11,6c1d,data/filtered/details/structures_files/pairwise/11_6c1d_E_D.pdb,data/filtered/details/structures_files/pymol/11_6c1d_E_D.py,,data/filtered/details/structures_files/assembly/11_6c1d.pdb,"Heteromer, 7 proteins, 1 peptide."
110,8c4e,data/filtered/details/structures_files/pairwise/110_8c4e_C_D.pdb,data/filtered/details/structures_files/pymol/110_8c4e_C_D.py,,data/filtered/details/structures_files/assembly/110_8c4e.pdb,"Heteromer, 12 proteins."
1101,7uuw,data/filtered/details/structures_files/pairwise/1101_7uuw_C_D.pdb,data/filtered/details/structures_files/pymol/1101_7uuw_C_D.py,,data/filtered/details/structures_files/assembly/1101_7uuw.pdb,"Heteromer, 12 proteins."
1102,7uuw,data/filtered/details/structures_files/pairwise/1102_7uuw_C_E.pdb,data/filtered/details/structures_files/pymol/1102_7uuw_C_E.py,,data/filtered/details/structures_files/assembly/1102_7uuw.pdb,"Heteromer, 12 proteins."
1103,7uuw,data/filtered/details/structures_files/pairwise/1103_7uuw_C_H.pdb,data/filtered/details/structures_files/pymol/1103_7uuw_C_H.py,,data/filtered/details/structures_files/assembly/1103_7uuw.pdb,"Heteromer, 12 proteins."
1104,7uuw,data/filtered/details/structures_files/pairwise/1104_7uuw_C_Z.pdb,data/filtered/details/structures_files/pymol/1104_7uuw_C_Z.py,,data/filtered/details/structures_files/assembly/1104_7uuw.pdb,"Heteromer, 12 proteins."
111,8c4e,data/filtered/details/structures_files/pairwise/111_8c4e_C_E.pdb,data/filtered/details/structures_files/pymol/111_8c4e_C_E.py,,data/filtered/details/structures_files/assembly/111_8c4e.pdb,"Heteromer, 12 proteins."
1111,8viz,data/filtered/details/structures_files/pairwise/1111_8viz_A_B.pdb,data/filtered/details/structures_files/pymol/1111_8viz_A_B.py,,data/filtered/details/structures_files/assembly/1111_8viz.pdb,"Heteromer, 7 proteins."
1112,8viz,data/filtered/details/structures_files/pairwise/1112_8viz_A_C.pdb,data/filtered/details/structures_files/pymol/1112_8viz_A_C.py,,data/filtered/details/structures_files/assembly/1112_8viz.pdb,"Heteromer, 7 proteins."
1114,7uuw,data/filtered/details/structures_files/pairwise/1114_7uuw_B_C.pdb,data/filtered/details/structures_files/pymol/1114_7uuw_B_C.py,,data/filtered/details/structures_files/assembly/1114_7uuw.pdb,"Heteromer, 12 proteins."
1115,7uuw,data/filtered/details/structures_files/pairwise/1115_7uuw_B_D.pdb,data/filtered/details/structures_files/pymol/1115_7uuw_B_D.py,,data/filtered/details/structures_files/assembly/1115_7uuw.pdb,"Heteromer, 12 proteins."
1116,7uuw,data/filtered/details/structures_files/pairwise/1116_7uuw_B_G.pdb,data/filtered/details/structures_files/pymol/1116_7uuw_B_G.py,,data/filtered/details/structures_files/assembly/1116_7uuw.pdb,"Heteromer, 12 proteins."
1117,7uuw,data/filtered/details/structures_files/pairwise/1117_7uuw_B_I.pdb,data/filtered/details/structures_files/pymol/1117_7uuw_B_I.py,,data/filtered/details/structures_files/assembly/1117_7uuw.pdb,"Heteromer, 12 proteins."
112,8c4e,data/filtered/details/structures_files/pairwise/112_8c4e_C_K.pdb,data/filtered/details/structures_files/pymol/112_8c4e_C_K.py,,data/filtered/details/structures_files/assembly/112_8c4e.pdb,"Heteromer, 12 proteins."
1125,7uuw,data/filtered/details/structures_files/pairwise/1125_7uuw_A_B.pdb,data/filtered/details/structures_files/pymol/1125_7uuw_A_B.py,,data/filtered/details/structures_files/assembly/1125_7uuw.pdb,"Heteromer, 12 proteins."
1126,7uuw,data/filtered/details/structures_files/pairwise/1126_7uuw_A_C.pdb,data/filtered/details/structures_files/pymol/1126_7uuw_A_C.py,,data/filtered/details/structures_files/assembly/1126_7uuw.pdb,"Heteromer, 12 proteins."
1127,7uuw,data/filtered/details/structures_files/pairwise/1127_7uuw_A_H.pdb,data/filtered/details/structures_files/pymol/1127_7uuw_A_H.py,,data/filtered/details/structures_files/assembly/1127_7uuw.pdb,"Heteromer, 12 proteins."
113,8c4e,data/filtered/details/structures_files/pairwise/113_8c4e_C_M.pdb,data/filtered/details/structures_files/pymol/113_8c4e_C_M.py,,data/filtered/details/structures_files/assembly/113_8c4e.pdb,"Heteromer, 12 proteins."
1131,8thy,data/filtered/details/structures_files/pairwise/1131_8thy_D_E.pdb,data/filtered/details/structures_files/pymol/1131_8thy_D_E.py,,data/filtered/details/structures_files/assembly/1131_8thy.pdb,"Homomer, 5 proteins."
1134,8rtt,data/filtered/details/structures_files/pairwise/1134_8rtt_D_E.pdb,data/filtered/details/structures_files/pymol/1134_8rtt_D_E.py,,data/filtered/details/structures_files/assembly/1134_8rtt.pdb,"Heteromer, 6 proteins, 3 peptides."
1135,8rtt,data/filtered/details/structures_files/pairwise/1135_8rtt_D_F.pdb,data/filtered/details/structures_files/pymol/1135_8rtt_D_F.py,,data/filtered/details/structures_files/assembly/1135_8rtt.pdb,"Heteromer, 6 proteins, 3 peptides."
1138,9fjo,data/filtered/details/structures_files/pairwise/1138_9fjo_C_D.pdb,data/filtered/details/structures_files/pymol/1138_9fjo_C_D.py,,data/filtered/details/structures_files/assembly/1138_9fjo.pdb,"Homomer, 4 proteins."
114,8c4e,data/filtered/details/structures_files/pairwise/114_8c4e_C_N.pdb,data/filtered/details/structures_files/pymol/114_8c4e_C_N.py,,data/filtered/details/structures_files/assembly/114_8c4e.pdb,"Heteromer, 12 proteins."
1143,8thy,data/filtered/details/structures_files/pairwise/1143_8thy_C_D.pdb,data/filtered/details/structures_files/pymol/1143_8thy_C_D.py,,data/filtered/details/structures_files/assembly/1143_8thy.pdb,"Homomer, 5 proteins."
1144,8thy,data/filtered/details/structures_files/pairwise/1144_8thy_C_E.pdb,data/filtered/details/structures_files/pymol/1144_8thy_C_E.py,,data/filtered/details/structures_files/assembly/1144_8thy.pdb,"Homomer, 5 proteins."
1147,8rtt,data/filtered/details/structures_files/pairwise/1147_8rtt_C_D.pdb,data/filtered/details/structures_files/pymol/1147_8rtt_C_D.py,,data/filtered/details/structures_files/assembly/1147_8rtt.pdb,"Heteromer, 6 proteins, 3 peptides."
1148,8rtt,data/filtered/details/structures_files/pairwise/1148_8rtt_C_E.pdb,data/filtered/details/structures_files/pymol/1148_8rtt_C_E.py,,data/filtered/details/structures_files/assembly/1148_8rtt.pdb,"Heteromer, 6 proteins, 3 peptides."
1150,9fjo,data/filtered/details/structures_files/pairwise/1150_9fjo_B_C.pdb,data/filtered/details/structures_files/pymol/1150_9fjo_B_C.py,,data/filtered/details/structures_files/assembly/1150_9fjo.pdb,"Homomer, 4 proteins."
1151,9fjo,data/filtered/details/structures_files/pairwise/1151_9fjo_B_D.pdb,data/filtered/details/structures_files/pymol/1151_9fjo_B_D.py,,data/filtered/details/structures_files/assembly/1151_9fjo.pdb,"Homomer, 4 proteins."
1154,8thy,data/filtered/details/structures_files/pairwise/1154_8thy_B_C.pdb,data/filtered/details/structures_files/pymol/1154_8thy_B_C.py,,data/filtered/details/structures_files/assembly/1154_8thy.pdb,"Homomer, 5 proteins."
1155,8thy,data/filtered/details/structures_files/pairwise/1155_8thy_B_D.pdb,data/filtered/details/structures_files/pymol/1155_8thy_B_D.py,,data/filtered/details/structures_files/assembly/1155_8thy.pdb,"Homomer, 5 proteins."
1157,8rtt,data/filtered/details/structures_files/pairwise/1157_8rtt_B_C.pdb,data/filtered/details/structures_files/pymol/1157_8rtt_B_C.py,,data/filtered/details/structures_files/assembly/1157_8rtt.pdb,"Heteromer, 6 proteins, 3 peptides."
1158,8rtt,data/filtered/details/structures_files/pairwise/1158_8rtt_B_D.pdb,data/filtered/details/structures_files/pymol/1158_8rtt_B_D.py,,data/filtered/details/structures_files/assembly/1158_8rtt.pdb,"Heteromer, 6 proteins, 3 peptides."
1159,9fjo,data/filtered/details/structures_files/pairwise/1159_9fjo_A_B.pdb,data/filtered/details/structures_files/pymol/1159_9fjo_A_B.py,,data/filtered/details/structures_files/assembly/1159_9fjo.pdb,"Homomer, 4 proteins."
116,9kbx,data/filtered/details/structures_files/pairwise/116_9kbx_L_A.pdb,data/filtered/details/structures_files/pymol/116_9kbx_L_A.py,,data/filtered/details/structures_files/assembly/116_9kbx.pdb,"Heteromer, 6 proteins."
1160,9fjo,data/filtered/details/structures_files/pairwise/1160_9fjo_A_C.pdb,data/filtered/details/structures_files/pymol/1160_9fjo_A_C.py,,data/filtered/details/structures_files/assembly/1160_9fjo.pdb,"Homomer, 4 proteins."
1163,8thy,data/filtered/details/structures_files/pairwise/1163_8thy_A_B.pdb,data/filtered/details/structures_files/pymol/1163_8thy_A_B.py,,data/filtered/details/structures_files/assembly/1163_8thy.pdb,"Homomer, 5 proteins."
1164,8thy,data/filtered/details/structures_files/pairwise/1164_8thy_A_C.pdb,data/filtered/details/structures_files/pymol/1164_8thy_A_C.py,,data/filtered/details/structures_files/assembly/1164_8thy.pdb,"Homomer, 5 proteins."
1165,8rtt,data/filtered/details/structures_files/pairwise/1165_8rtt_A_B.pdb,data/filtered/details/structures_files/pymol/1165_8rtt_A_B.py,,data/filtered/details/structures_files/assembly/1165_8rtt.pdb,"Heteromer, 6 proteins, 3 peptides."
1166,8rtt,data/filtered/details/structures_files/pairwise/1166_8rtt_A_C.pdb,data/filtered/details/structures_files/pymol/1166_8rtt_A_C.py,,data/filtered/details/structures_files/assembly/1166_8rtt.pdb,"Heteromer, 6 proteins, 3 peptides."
1169,8rv2,data/filtered/details/structures_files/pairwise/1169_8rv2_D_E.pdb,data/filtered/details/structures_files/pymol/1169_8rv2_D_E.py,,data/filtered/details/structures_files/assembly/1169_8rv2.pdb,"Heteromer, 6 proteins."
1170,8rv2,data/filtered/details/structures_files/pairwise/1170_8rv2_D_F.pdb,data/filtered/details/structures_files/pymol/1170_8rv2_D_F.py,,data/filtered/details/structures_files/assembly/1170_8rv2.pdb,"Heteromer, 6 proteins."
1177,8rv2,data/filtered/details/structures_files/pairwise/1177_8rv2_C_D.pdb,data/filtered/details/structures_files/pymol/1177_8rv2_C_D.py,,data/filtered/details/structures_files/assembly/1177_8rv2.pdb,"Heteromer, 6 proteins."
1178,8rv2,data/filtered/details/structures_files/pairwise/1178_8rv2_C_E.pdb,data/filtered/details/structures_files/pymol/1178_8rv2_C_E.py,,data/filtered/details/structures_files/assembly/1178_8rv2.pdb,"Heteromer, 6 proteins."
1184,8thx,data/filtered/details/structures_files/pairwise/1184_8thx_D_E.pdb,data/filtered/details/structures_files/pymol/1184_8thx_D_E.py,,data/filtered/details/structures_files/assembly/1184_8thx.pdb,"Homomer, 5 proteins."
1187,9qfw,data/filtered/details/structures_files/pairwise/1187_9qfw_E_H.pdb,data/filtered/details/structures_files/pymol/1187_9qfw_E_H.py,,data/filtered/details/structures_files/assembly/1187_9qfw.pdb,"Heteromer, 12 proteins."
1188,9qfw,data/filtered/details/structures_files/pairwise/1188_9qfw_E_J.pdb,data/filtered/details/structures_files/pymol/1188_9qfw_E_J.py,,data/filtered/details/structures_files/assembly/1188_9qfw.pdb,"Heteromer, 12 proteins."
1189,9qfw,data/filtered/details/structures_files/pairwise/1189_9qfw_E_P.pdb,data/filtered/details/structures_files/pymol/1189_9qfw_E_P.py,,data/filtered/details/structures_files/assembly/1189_9qfw.pdb,"Heteromer, 12 proteins."
1190,9qfw,data/filtered/details/structures_files/pairwise/1190_9qfw_E_Q.pdb,data/filtered/details/structures_files/pymol/1190_9qfw_E_Q.py,,data/filtered/details/structures_files/assembly/1190_9qfw.pdb,"Heteromer, 12 proteins."
1192,8rv2,data/filtered/details/structures_files/pairwise/1192_8rv2_B_C.pdb,data/filtered/details/structures_files/pymol/1192_8rv2_B_C.py,,data/filtered/details/structures_files/assembly/1192_8rv2.pdb,"Heteromer, 6 proteins."
1193,8rv2,data/filtered/details/structures_files/pairwise/1193_8rv2_B_D.pdb,data/filtered/details/structures_files/pymol/1193_8rv2_B_D.py,,data/filtered/details/structures_files/assembly/1193_8rv2.pdb,"Heteromer, 6 proteins."
12,6c1d,data/filtered/details/structures_files/pairwise/12_6c1d_E_C.pdb,data/filtered/details/structures_files/pymol/12_6c1d_E_C.py,,data/filtered/details/structures_files/assembly/12_6c1d.pdb,"Heteromer, 7 proteins, 1 peptide."
120,8iai,data/filtered/details/structures_files/pairwise/120_8iai_C_5.pdb,data/filtered/details/structures_files/pymol/120_8iai_C_5.py,data/filtered/details/structures_files/assembly/120_8iai.cif,,"Heteromer, 31 proteins."
1200,8thx,data/filtered/details/structures_files/pairwise/1200_8thx_C_D.pdb,data/filtered/details/structures_files/pymol/1200_8thx_C_D.py,,data/filtered/details/structures_files/assembly/1200_8thx.pdb,"Homomer, 5 proteins."
1201,8thx,data/filtered/details/structures_files/pairwise/1201_8thx_C_E.pdb,data/filtered/details/structures_files/pymol/1201_8thx_C_E.py,,data/filtered/details/structures_files/assembly/1201_8thx.pdb,"Homomer, 5 proteins."
1204,9qfw,data/filtered/details/structures_files/pairwise/1204_9qfw_D_E.pdb,data/filtered/details/structures_files/pymol/1204_9qfw_D_E.py,,data/filtered/details/structures_files/assembly/1204_9qfw.pdb,"Heteromer, 12 proteins."
1205,9qfw,data/filtered/details/structures_files/pairwise/1205_9qfw_D_G.pdb,data/filtered/details/structures_files/pymol/1205_9qfw_D_G.py,,data/filtered/details/structures_files/assembly/1205_9qfw.pdb,"Heteromer, 12 proteins."
1206,9qfw,data/filtered/details/structures_files/pairwise/1206_9qfw_D_I.pdb,data/filtered/details/structures_files/pymol/1206_9qfw_D_I.py,,data/filtered/details/structures_files/assembly/1206_9qfw.pdb,"Heteromer, 12 proteins."
1207,9qfw,data/filtered/details/structures_files/pairwise/1207_9qfw_D_P.pdb,data/filtered/details/structures_files/pymol/1207_9qfw_D_P.py,,data/filtered/details/structures_files/assembly/1207_9qfw.pdb,"Heteromer, 12 proteins."
1208,8rv2,data/filtered/details/structures_files/pairwise/1208_8rv2_A_B.pdb,data/filtered/details/structures_files/pymol/1208_8rv2_A_B.py,,data/filtered/details/structures_files/assembly/1208_8rv2.pdb,"Heteromer, 6 proteins."
1209,8rv2,data/filtered/details/structures_files/pairwise/1209_8rv2_A_C.pdb,data/filtered/details/structures_files/pymol/1209_8rv2_A_C.py,,data/filtered/details/structures_files/assembly/1209_8rv2.pdb,"Heteromer, 6 proteins."
1213,8thx,data/filtered/details/structures_files/pairwise/1213_8thx_B_C.pdb,data/filtered/details/structures_files/pymol/1213_8thx_B_C.py,,data/filtered/details/structures_files/assembly/1213_8thx.pdb,"Homomer, 5 proteins."
1214,8thx,data/filtered/details/structures_files/pairwise/1214_8thx_B_D.pdb,data/filtered/details/structures_files/pymol/1214_8thx_B_D.py,,data/filtered/details/structures_files/assembly/1214_8thx.pdb,"Homomer, 5 proteins."
1217,9qfw,data/filtered/details/structures_files/pairwise/1217_9qfw_C_D.pdb,data/filtered/details/structures_files/pymol/1217_9qfw_C_D.py,,data/filtered/details/structures_files/assembly/1217_9qfw.pdb,"Heteromer, 12 proteins."
1218,9qfw,data/filtered/details/structures_files/pairwise/1218_9qfw_C_E.pdb,data/filtered/details/structures_files/pymol/1218_9qfw_C_E.py,,data/filtered/details/structures_files/assembly/1218_9qfw.pdb,"Heteromer, 12 proteins."
1219,9qfw,data/filtered/details/structures_files/pairwise/1219_9qfw_C_F.pdb,data/filtered/details/structures_files/pymol/1219_9qfw_C_F.py,,data/filtered/details/structures_files/assembly/1219_9qfw.pdb,"Heteromer, 12 proteins."
1220,9qfw,data/filtered/details/structures_files/pairwise/1220_9qfw_C_H.pdb,data/filtered/details/structures_files/pymol/1220_9qfw_C_H.py,,data/filtered/details/structures_files/assembly/1220_9qfw.pdb,"Heteromer, 12 proteins."
1224,8thx,data/filtered/details/structures_files/pairwise/1224_8thx_A_B.pdb,data/filtered/details/structures_files/pymol/1224_8thx_A_B.py,,data/filtered/details/structures_files/assembly/1224_8thx.pdb,"Homomer, 5 proteins."
1225,8thx,data/filtered/details/structures_files/pairwise/1225_8thx_A_C.pdb,data/filtered/details/structures_files/pymol/1225_8thx_A_C.py,,data/filtered/details/structures_files/assembly/1225_8thx.pdb,"Homomer, 5 proteins."
1227,9qfw,data/filtered/details/structures_files/pairwise/1227_9qfw_B_C.pdb,data/filtered/details/structures_files/pymol/1227_9qfw_B_C.py,,data/filtered/details/structures_files/assembly/1227_9qfw.pdb,"Heteromer, 12 proteins."
1228,9qfw,data/filtered/details/structures_files/pairwise/1228_9qfw_B_D.pdb,data/filtered/details/structures_files/pymol/1228_9qfw_B_D.py,,data/filtered/details/structures_files/assembly/1228_9qfw.pdb,"Heteromer, 12 proteins."
1229,9qfw,data/filtered/details/structures_files/pairwise/1229_9qfw_B_G.pdb,data/filtered/details/structures_files/pymol/1229_9qfw_B_G.py,,data/filtered/details/structures_files/assembly/1229_9qfw.pdb,"Heteromer, 12 proteins."
123,8iai,data/filtered/details/structures_files/pairwise/123_8iai_C_D.pdb,data/filtered/details/structures_files/pymol/123_8iai_C_D.py,data/filtered/details/structures_files/assembly/123_8iai.cif,,"Heteromer, 31 proteins."
1232,8ru0,data/filtered/details/structures_files/pairwise/1232_8ru0_C_D.pdb,data/filtered/details/structures_files/pymol/1232_8ru0_C_D.py,,data/filtered/details/structures_files/assembly/1232_8ru0.pdb,"Homomer, 4 proteins."
124,8iai,data/filtered/details/structures_files/pairwise/124_8iai_C_E.pdb,data/filtered/details/structures_files/pymol/124_8iai_C_E.py,data/filtered/details/structures_files/assembly/124_8iai.cif,,"Heteromer, 31 proteins."
1241,9qfw,data/filtered/details/structures_files/pairwise/1241_9qfw_A_B.pdb,data/filtered/details/structures_files/pymol/1241_9qfw_A_B.py,,data/filtered/details/structures_files/assembly/1241_9qfw.pdb,"Heteromer, 12 proteins."
1242,9qfw,data/filtered/details/structures_files/pairwise/1242_9qfw_A_C.pdb,data/filtered/details/structures_files/pymol/1242_9qfw_A_C.py,,data/filtered/details/structures_files/assembly/1242_9qfw.pdb,"Heteromer, 12 proteins."
1243,9qfw,data/filtered/details/structures_files/pairwise/1243_9qfw_A_F.pdb,data/filtered/details/structures_files/pymol/1243_9qfw_A_F.py,,data/filtered/details/structures_files/assembly/1243_9qfw.pdb,"Heteromer, 12 proteins."
1245,8ru0,data/filtered/details/structures_files/pairwise/1245_8ru0_A_C.pdb,data/filtered/details/structures_files/pymol/1245_8ru0_A_C.py,,data/filtered/details/structures_files/assembly/1245_8ru0.pdb,"Homomer, 4 proteins."
125,8iai,data/filtered/details/structures_files/pairwise/125_8iai_C_M.pdb,data/filtered/details/structures_files/pymol/125_8iai_C_M.py,data/filtered/details/structures_files/assembly/125_8iai.cif,,"Heteromer, 31 proteins."
1254,9qfq,data/filtered/details/structures_files/pairwise/1254_9qfq_E_H.pdb,data/filtered/details/structures_files/pymol/1254_9qfq_E_H.py,,data/filtered/details/structures_files/assembly/1254_9qfq.pdb,"Heteromer, 11 proteins."
1255,9qfq,data/filtered/details/structures_files/pairwise/1255_9qfq_E_J.pdb,data/filtered/details/structures_files/pymol/1255_9qfq_E_J.py,,data/filtered/details/structures_files/assembly/1255_9qfq.pdb,"Heteromer, 11 proteins."
1256,9qfq,data/filtered/details/structures_files/pairwise/1256_9qfq_E_P.pdb,data/filtered/details/structures_files/pymol/1256_9qfq_E_P.py,,data/filtered/details/structures_files/assembly/1256_9qfq.pdb,"Heteromer, 11 proteins."
1259,8ru0,data/filtered/details/structures_files/pairwise/1259_8ru0_B_A.pdb,data/filtered/details/structures_files/pymol/1259_8ru0_B_A.py,,data/filtered/details/structures_files/assembly/1259_8ru0.pdb,"Homomer, 4 proteins."
126,8iai,data/filtered/details/structures_files/pairwise/126_8iai_C_O.pdb,data/filtered/details/structures_files/pymol/126_8iai_C_O.py,data/filtered/details/structures_files/assembly/126_8iai.cif,,"Heteromer, 31 proteins."
1260,8ru0,data/filtered/details/structures_files/pairwise/1260_8ru0_B_C.pdb,data/filtered/details/structures_files/pymol/1260_8ru0_B_C.py,,data/filtered/details/structures_files/assembly/1260_8ru0.pdb,"Homomer, 4 proteins."
1261,8ru0,data/filtered/details/structures_files/pairwise/1261_8ru0_B_D.pdb,data/filtered/details/structures_files/pymol/1261_8ru0_B_D.py,,data/filtered/details/structures_files/assembly/1261_8ru0.pdb,"Homomer, 4 proteins."
127,8iai,data/filtered/details/structures_files/pairwise/127_8iai_C_Y.pdb,data/filtered/details/structures_files/pymol/127_8iai_C_Y.py,data/filtered/details/structures_files/assembly/127_8iai.cif,,"Heteromer, 31 proteins."
1271,9qfq,data/filtered/details/structures_files/pairwise/1271_9qfq_D_G.pdb,data/filtered/details/structures_files/pymol/1271_9qfq_D_G.py,,data/filtered/details/structures_files/assembly/1271_9qfq.pdb,"Heteromer, 11 proteins."
1272,9qfq,data/filtered/details/structures_files/pairwise/1272_9qfq_D_I.pdb,data/filtered/details/structures_files/pymol/1272_9qfq_D_I.py,,data/filtered/details/structures_files/assembly/1272_9qfq.pdb,"Heteromer, 11 proteins."
1273,9qfq,data/filtered/details/structures_files/pairwise/1273_9qfq_D_P.pdb,data/filtered/details/structures_files/pymol/1273_9qfq_D_P.py,,data/filtered/details/structures_files/assembly/1273_9qfq.pdb,"Heteromer, 11 proteins."
1276,9qfq,data/filtered/details/structures_files/pairwise/1276_9qfq_D_E.pdb,data/filtered/details/structures_files/pymol/1276_9qfq_D_E.py,,data/filtered/details/structures_files/assembly/1276_9qfq.pdb,"Heteromer, 11 proteins."
1280,8uee,data/filtered/details/structures_files/pairwise/1280_8uee_M_B.pdb,data/filtered/details/structures_files/pymol/1280_8uee_M_B.py,,data/filtered/details/structures_files/assembly/1280_8uee.pdb,"Heteromer, 11 proteins."
1281,8uee,data/filtered/details/structures_files/pairwise/1281_8uee_M_A.pdb,data/filtered/details/structures_files/pymol/1281_8uee_M_A.py,,data/filtered/details/structures_files/assembly/1281_8uee.pdb,"Heteromer, 11 proteins."
1287,9qfq,data/filtered/details/structures_files/pairwise/1287_9qfq_C_F.pdb,data/filtered/details/structures_files/pymol/1287_9qfq_C_F.py,,data/filtered/details/structures_files/assembly/1287_9qfq.pdb,"Heteromer, 11 proteins."
1288,9qfq,data/filtered/details/structures_files/pairwise/1288_9qfq_C_H.pdb,data/filtered/details/structures_files/pymol/1288_9qfq_C_H.py,,data/filtered/details/structures_files/assembly/1288_9qfq.pdb,"Heteromer, 11 proteins."
129,7jh7,data/filtered/details/structures_files/pairwise/129_7jh7_B_F.pdb,data/filtered/details/structures_files/pymol/129_7jh7_B_F.py,,data/filtered/details/structures_files/assembly/129_7jh7.pdb,"Heteromer, 8 proteins."
1291,9qfq,data/filtered/details/structures_files/pairwise/1291_9qfq_C_D.pdb,data/filtered/details/structures_files/pymol/1291_9qfq_C_D.py,,data/filtered/details/structures_files/assembly/1291_9qfq.pdb,"Heteromer, 11 proteins."
1292,9qfq,data/filtered/details/structures_files/pairwise/1292_9qfq_C_E.pdb,data/filtered/details/structures_files/pymol/1292_9qfq_C_E.py,,data/filtered/details/structures_files/assembly/1292_9qfq.pdb,"Heteromer, 11 proteins."
1294,8uee,data/filtered/details/structures_files/pairwise/1294_8uee_L_M.pdb,data/filtered/details/structures_files/pymol/1294_8uee_L_M.py,,data/filtered/details/structures_files/assembly/1294_8uee.pdb,"Heteromer, 11 proteins."
1295,8uee,data/filtered/details/structures_files/pairwise/1295_8uee_L_B.pdb,data/filtered/details/structures_files/pymol/1295_8uee_L_B.py,,data/filtered/details/structures_files/assembly/1295_8uee.pdb,"Heteromer, 11 proteins."
1296,8uee,data/filtered/details/structures_files/pairwise/1296_8uee_L_A.pdb,data/filtered/details/structures_files/pymol/1296_8uee_L_A.py,,data/filtered/details/structures_files/assembly/1296_8uee.pdb,"Heteromer, 11 proteins."
130,7jh7,data/filtered/details/structures_files/pairwise/130_7jh7_B_G.pdb,data/filtered/details/structures_files/pymol/130_7jh7_B_G.py,,data/filtered/details/structures_files/assembly/130_7jh7.pdb,"Heteromer, 8 proteins."
1303,9qfq,data/filtered/details/structures_files/pairwise/1303_9qfq_B_G.pdb,data/filtered/details/structures_files/pymol/1303_9qfq_B_G.py,,data/filtered/details/structures_files/assembly/1303_9qfq.pdb,"Heteromer, 11 proteins."
1305,9qfq,data/filtered/details/structures_files/pairwise/1305_9qfq_B_C.pdb,data/filtered/details/structures_files/pymol/1305_9qfq_B_C.py,,data/filtered/details/structures_files/assembly/1305_9qfq.pdb,"Heteromer, 11 proteins."
1306,9qfq,data/filtered/details/structures_files/pairwise/1306_9qfq_B_D.pdb,data/filtered/details/structures_files/pymol/1306_9qfq_B_D.py,,data/filtered/details/structures_files/assembly/1306_9qfq.pdb,"Heteromer, 11 proteins."
1309,8uee,data/filtered/details/structures_files/pairwise/1309_8uee_K_L.pdb,data/filtered/details/structures_files/pymol/1309_8uee_K_L.py,,data/filtered/details/structures_files/assembly/1309_8uee.pdb,"Heteromer, 11 proteins."
131,7jh7,data/filtered/details/structures_files/pairwise/131_7jh7_B_D.pdb,data/filtered/details/structures_files/pymol/131_7jh7_B_D.py,,data/filtered/details/structures_files/assembly/131_7jh7.pdb,"Heteromer, 8 proteins."
1310,8uee,data/filtered/details/structures_files/pairwise/1310_8uee_K_M.pdb,data/filtered/details/structures_files/pymol/1310_8uee_K_M.py,,data/filtered/details/structures_files/assembly/1310_8uee.pdb,"Heteromer, 11 proteins."
1311,8uee,data/filtered/details/structures_files/pairwise/1311_8uee_K_B.pdb,data/filtered/details/structures_files/pymol/1311_8uee_K_B.py,,data/filtered/details/structures_files/assembly/1311_8uee.pdb,"Heteromer, 11 proteins."
1312,8uee,data/filtered/details/structures_files/pairwise/1312_8uee_K_C.pdb,data/filtered/details/structures_files/pymol/1312_8uee_K_C.py,,data/filtered/details/structures_files/assembly/1312_8uee.pdb,"Heteromer, 11 proteins."
1313,8uee,data/filtered/details/structures_files/pairwise/1313_8uee_K_A.pdb,data/filtered/details/structures_files/pymol/1313_8uee_K_A.py,,data/filtered/details/structures_files/assembly/1313_8uee.pdb,"Heteromer, 11 proteins."
1319,9qfq,data/filtered/details/structures_files/pairwise/1319_9qfq_A_F.pdb,data/filtered/details/structures_files/pymol/1319_9qfq_A_F.py,,data/filtered/details/structures_files/assembly/1319_9qfq.pdb,"Heteromer, 11 proteins."
132,5jlf,data/filtered/details/structures_files/pairwise/132_5jlf_A_B.pdb,data/filtered/details/structures_files/pymol/132_5jlf_A_B.py,,data/filtered/details/structures_files/assembly/132_5jlf.pdb,"Homomer, 5 proteins."
1320,9qfq,data/filtered/details/structures_files/pairwise/1320_9qfq_A_B.pdb,data/filtered/details/structures_files/pymol/1320_9qfq_A_B.py,,data/filtered/details/structures_files/assembly/1320_9qfq.pdb,"Heteromer, 11 proteins."
1321,9qfq,data/filtered/details/structures_files/pairwise/1321_9qfq_A_C.pdb,data/filtered/details/structures_files/pymol/1321_9qfq_A_C.py,,data/filtered/details/structures_files/assembly/1321_9qfq.pdb,"Heteromer, 11 proteins."
1325,8uee,data/filtered/details/structures_files/pairwise/1325_8uee_J_K.pdb,data/filtered/details/structures_files/pymol/1325_8uee_J_K.py,,data/filtered/details/structures_files/assembly/1325_8uee.pdb,"Heteromer, 11 proteins."
1326,8uee,data/filtered/details/structures_files/pairwise/1326_8uee_J_C.pdb,data/filtered/details/structures_files/pymol/1326_8uee_J_C.py,,data/filtered/details/structures_files/assembly/1326_8uee.pdb,"Heteromer, 11 proteins."
1327,8uee,data/filtered/details/structures_files/pairwise/1327_8uee_J_D.pdb,data/filtered/details/structures_files/pymol/1327_8uee_J_D.py,,data/filtered/details/structures_files/assembly/1327_8uee.pdb,"Heteromer, 11 proteins."
133,5jlf,data/filtered/details/structures_files/pairwise/133_5jlf_A_C.pdb,data/filtered/details/structures_files/pymol/133_5jlf_A_C.py,,data/filtered/details/structures_files/assembly/133_5jlf.pdb,"Homomer, 5 proteins."
1337,9qfo,data/filtered/details/structures_files/pairwise/1337_9qfo_F_J.pdb,data/filtered/details/structures_files/pymol/1337_9qfo_F_J.py,,data/filtered/details/structures_files/assembly/1337_9qfo.pdb,"Heteromer, 10 proteins."
134,5jlf,data/filtered/details/structures_files/pairwise/134_5jlf_A_D.pdb,data/filtered/details/structures_files/pymol/134_5jlf_A_D.py,,data/filtered/details/structures_files/assembly/134_5jlf.pdb,"Homomer, 5 proteins."
1341,8uee,data/filtered/details/structures_files/pairwise/1341_8uee_I_J.pdb,data/filtered/details/structures_files/pymol/1341_8uee_I_J.py,,data/filtered/details/structures_files/assembly/1341_8uee.pdb,"Heteromer, 11 proteins."
1342,8uee,data/filtered/details/structures_files/pairwise/1342_8uee_I_K.pdb,data/filtered/details/structures_files/pymol/1342_8uee_I_K.py,,data/filtered/details/structures_files/assembly/1342_8uee.pdb,"Heteromer, 11 proteins."
1343,8uee,data/filtered/details/structures_files/pairwise/1343_8uee_I_M.pdb,data/filtered/details/structures_files/pymol/1343_8uee_I_M.py,,data/filtered/details/structures_files/assembly/1343_8uee.pdb,"Heteromer, 11 proteins."
1344,8uee,data/filtered/details/structures_files/pairwise/1344_8uee_I_C.pdb,data/filtered/details/structures_files/pymol/1344_8uee_I_C.py,,data/filtered/details/structures_files/assembly/1344_8uee.pdb,"Heteromer, 11 proteins."
1345,8uee,data/filtered/details/structures_files/pairwise/1345_8uee_I_D.pdb,data/filtered/details/structures_files/pymol/1345_8uee_I_D.py,,data/filtered/details/structures_files/assembly/1345_8uee.pdb,"Heteromer, 11 proteins."
1346,8uee,data/filtered/details/structures_files/pairwise/1346_8uee_I_A.pdb,data/filtered/details/structures_files/pymol/1346_8uee_I_A.py,,data/filtered/details/structures_files/assembly/1346_8uee.pdb,"Heteromer, 11 proteins."
135,5jlf,data/filtered/details/structures_files/pairwise/135_5jlf_A_E.pdb,data/filtered/details/structures_files/pymol/135_5jlf_A_E.py,,data/filtered/details/structures_files/assembly/135_5jlf.pdb,"Homomer, 5 proteins."
1354,9qfo,data/filtered/details/structures_files/pairwise/1354_9qfo_E_I.pdb,data/filtered/details/structures_files/pymol/1354_9qfo_E_I.py,,data/filtered/details/structures_files/assembly/1354_9qfo.pdb,"Heteromer, 10 proteins."
1357,9qfo,data/filtered/details/structures_files/pairwise/1357_9qfo_E_F.pdb,data/filtered/details/structures_files/pymol/1357_9qfo_E_F.py,,data/filtered/details/structures_files/assembly/1357_9qfo.pdb,"Heteromer, 10 proteins."
1359,8uee,data/filtered/details/structures_files/pairwise/1359_8uee_H_I.pdb,data/filtered/details/structures_files/pymol/1359_8uee_H_I.py,,data/filtered/details/structures_files/assembly/1359_8uee.pdb,"Heteromer, 11 proteins."
1360,8uee,data/filtered/details/structures_files/pairwise/1360_8uee_H_J.pdb,data/filtered/details/structures_files/pymol/1360_8uee_H_J.py,,data/filtered/details/structures_files/assembly/1360_8uee.pdb,"Heteromer, 11 proteins."
1361,8uee,data/filtered/details/structures_files/pairwise/1361_8uee_H_C.pdb,data/filtered/details/structures_files/pymol/1361_8uee_H_C.py,,data/filtered/details/structures_files/assembly/1361_8uee.pdb,"Heteromer, 11 proteins."
1362,8uee,data/filtered/details/structures_files/pairwise/1362_8uee_H_D.pdb,data/filtered/details/structures_files/pymol/1362_8uee_H_D.py,,data/filtered/details/structures_files/assembly/1362_8uee.pdb,"Heteromer, 11 proteins."
1367,8d18,data/filtered/details/structures_files/pairwise/1367_8d18_F_G.pdb,data/filtered/details/structures_files/pymol/1367_8d18_F_G.py,,data/filtered/details/structures_files/assembly/1367_8d18.pdb,"Homomer, 7 proteins."
137,8c4e,data/filtered/details/structures_files/pairwise/137_8c4e_B_C.pdb,data/filtered/details/structures_files/pymol/137_8c4e_B_C.py,,data/filtered/details/structures_files/assembly/137_8c4e.pdb,"Heteromer, 12 proteins."
1371,9qfo,data/filtered/details/structures_files/pairwise/1371_9qfo_D_H.pdb,data/filtered/details/structures_files/pymol/1371_9qfo_D_H.py,,data/filtered/details/structures_files/assembly/1371_9qfo.pdb,"Heteromer, 10 proteins."
1372,9qfo,data/filtered/details/structures_files/pairwise/1372_9qfo_D_J.pdb,data/filtered/details/structures_files/pymol/1372_9qfo_D_J.py,,data/filtered/details/structures_files/assembly/1372_9qfo.pdb,"Heteromer, 10 proteins."
1375,9qfo,data/filtered/details/structures_files/pairwise/1375_9qfo_D_E.pdb,data/filtered/details/structures_files/pymol/1375_9qfo_D_E.py,,data/filtered/details/structures_files/assembly/1375_9qfo.pdb,"Heteromer, 10 proteins."
1376,9qfo,data/filtered/details/structures_files/pairwise/1376_9qfo_D_F.pdb,data/filtered/details/structures_files/pymol/1376_9qfo_D_F.py,,data/filtered/details/structures_files/assembly/1376_9qfo.pdb,"Heteromer, 10 proteins."
1377,8uee,data/filtered/details/structures_files/pairwise/1377_8uee_F_H.pdb,data/filtered/details/structures_files/pymol/1377_8uee_F_H.py,,data/filtered/details/structures_files/assembly/1377_8uee.pdb,"Heteromer, 11 proteins."
1378,8uee,data/filtered/details/structures_files/pairwise/1378_8uee_F_J.pdb,data/filtered/details/structures_files/pymol/1378_8uee_F_J.py,,data/filtered/details/structures_files/assembly/1378_8uee.pdb,"Heteromer, 11 proteins."
1379,8uee,data/filtered/details/structures_files/pairwise/1379_8uee_F_C.pdb,data/filtered/details/structures_files/pymol/1379_8uee_F_C.py,,data/filtered/details/structures_files/assembly/1379_8uee.pdb,"Heteromer, 11 proteins."
138,8c4e,data/filtered/details/structures_files/pairwise/138_8c4e_B_D.pdb,data/filtered/details/structures_files/pymol/138_8c4e_B_D.py,,data/filtered/details/structures_files/assembly/138_8c4e.pdb,"Heteromer, 12 proteins."
1380,8uee,data/filtered/details/structures_files/pairwise/1380_8uee_F_D.pdb,data/filtered/details/structures_files/pymol/1380_8uee_F_D.py,,data/filtered/details/structures_files/assembly/1380_8uee.pdb,"Heteromer, 11 proteins."
1385,8d18,data/filtered/details/structures_files/pairwise/1385_8d18_E_F.pdb,data/filtered/details/structures_files/pymol/1385_8d18_E_F.py,,data/filtered/details/structures_files/assembly/1385_8d18.pdb,"Homomer, 7 proteins."
1386,8d18,data/filtered/details/structures_files/pairwise/1386_8d18_E_G.pdb,data/filtered/details/structures_files/pymol/1386_8d18_E_G.py,,data/filtered/details/structures_files/assembly/1386_8d18.pdb,"Homomer, 7 proteins."
139,8c4e,data/filtered/details/structures_files/pairwise/139_8c4e_B_M.pdb,data/filtered/details/structures_files/pymol/139_8c4e_B_M.py,,data/filtered/details/structures_files/assembly/139_8c4e.pdb,"Heteromer, 12 proteins."
1390,9qfo,data/filtered/details/structures_files/pairwise/1390_9qfo_C_G.pdb,data/filtered/details/structures_files/pymol/1390_9qfo_C_G.py,,data/filtered/details/structures_files/assembly/1390_9qfo.pdb,"Heteromer, 10 proteins."
1391,9qfo,data/filtered/details/structures_files/pairwise/1391_9qfo_C_I.pdb,data/filtered/details/structures_files/pymol/1391_9qfo_C_I.py,,data/filtered/details/structures_files/assembly/1391_9qfo.pdb,"Heteromer, 10 proteins."
1394,9qfo,data/filtered/details/structures_files/pairwise/1394_9qfo_C_D.pdb,data/filtered/details/structures_files/pymol/1394_9qfo_C_D.py,,data/filtered/details/structures_files/assembly/1394_9qfo.pdb,"Heteromer, 10 proteins."
1395,9qfo,data/filtered/details/structures_files/pairwise/1395_9qfo_C_E.pdb,data/filtered/details/structures_files/pymol/1395_9qfo_C_E.py,,data/filtered/details/structures_files/assembly/1395_9qfo.pdb,"Heteromer, 10 proteins."
140,8c4e,data/filtered/details/structures_files/pairwise/140_8c4e_B_N.pdb,data/filtered/details/structures_files/pymol/140_8c4e_B_N.py,,data/filtered/details/structures_files/assembly/140_8c4e.pdb,"Heteromer, 12 proteins."
1401,8d18,data/filtered/details/structures_files/pairwise/1401_8d18_D_E.pdb,data/filtered/details/structures_files/pymol/1401_8d18_D_E.py,,data/filtered/details/structures_files/assembly/1401_8d18.pdb,"Homomer, 7 proteins."
1402,8d18,data/filtered/details/structures_files/pairwise/1402_8d18_D_F.pdb,data/filtered/details/structures_files/pymol/1402_8d18_D_F.py,,data/filtered/details/structures_files/assembly/1402_8d18.pdb,"Homomer, 7 proteins."
1406,9qfo,data/filtered/details/structures_files/pairwise/1406_9qfo_B_H.pdb,data/filtered/details/structures_files/pymol/1406_9qfo_B_H.py,,data/filtered/details/structures_files/assembly/1406_9qfo.pdb,"Heteromer, 10 proteins."
1408,9qfo,data/filtered/details/structures_files/pairwise/1408_9qfo_B_C.pdb,data/filtered/details/structures_files/pymol/1408_9qfo_B_C.py,,data/filtered/details/structures_files/assembly/1408_9qfo.pdb,"Heteromer, 10 proteins."
1409,9qfo,data/filtered/details/structures_files/pairwise/1409_9qfo_B_D.pdb,data/filtered/details/structures_files/pymol/1409_9qfo_B_D.py,,data/filtered/details/structures_files/assembly/1409_9qfo.pdb,"Heteromer, 10 proteins."
1416,8d18,data/filtered/details/structures_files/pairwise/1416_8d18_C_D.pdb,data/filtered/details/structures_files/pymol/1416_8d18_C_D.py,,data/filtered/details/structures_files/assembly/1416_8d18.pdb,"Homomer, 7 proteins."
1417,8d18,data/filtered/details/structures_files/pairwise/1417_8d18_C_E.pdb,data/filtered/details/structures_files/pymol/1417_8d18_C_E.py,,data/filtered/details/structures_files/assembly/1417_8d18.pdb,"Homomer, 7 proteins."
142,9kbx,data/filtered/details/structures_files/pairwise/142_9kbx_K_A.pdb,data/filtered/details/structures_files/pymol/142_9kbx_K_A.py,,data/filtered/details/structures_files/assembly/142_9kbx.pdb,"Heteromer, 6 proteins."
1421,9qfo,data/filtered/details/structures_files/pairwise/1421_9qfo_A_G.pdb,data/filtered/details/structures_files/pymol/1421_9qfo_A_G.py,,data/filtered/details/structures_files/assembly/1421_9qfo.pdb,"Heteromer, 10 proteins."
1422,9qfo,data/filtered/details/structures_files/pairwise/1422_9qfo_A_B.pdb,data/filtered/details/structures_files/pymol/1422_9qfo_A_B.py,,data/filtered/details/structures_files/assembly/1422_9qfo.pdb,"Heteromer, 10 proteins."
1423,9qfo,data/filtered/details/structures_files/pairwise/1423_9qfo_A_C.pdb,data/filtered/details/structures_files/pymol/1423_9qfo_A_C.py,,data/filtered/details/structures_files/assembly/1423_9qfo.pdb,"Heteromer, 10 proteins."
1428,8d18,data/filtered/details/structures_files/pairwise/1428_8d18_B_C.pdb,data/filtered/details/structures_files/pymol/1428_8d18_B_C.py,,data/filtered/details/structures_files/assembly/1428_8d18.pdb,"Homomer, 7 proteins."
1429,8d18,data/filtered/details/structures_files/pairwise/1429_8d18_B_D.pdb,data/filtered/details/structures_files/pymol/1429_8d18_B_D.py,,data/filtered/details/structures_files/assembly/1429_8d18.pdb,"Homomer, 7 proteins."
1435,9qfk,data/filtered/details/structures_files/pairwise/1435_9qfk_G_M.pdb,data/filtered/details/structures_files/pymol/1435_9qfk_G_M.py,,data/filtered/details/structures_files/assembly/1435_9qfk.pdb,"Heteromer, 14 proteins."
1436,9qfk,data/filtered/details/structures_files/pairwise/1436_9qfk_G_N.pdb,data/filtered/details/structures_files/pymol/1436_9qfk_G_N.py,,data/filtered/details/structures_files/assembly/1436_9qfk.pdb,"Heteromer, 14 proteins."
144,9kbx,data/filtered/details/structures_files/pairwise/144_9kbx_K_L.pdb,data/filtered/details/structures_files/pymol/144_9kbx_K_L.py,,data/filtered/details/structures_files/assembly/144_9kbx.pdb,"Heteromer, 6 proteins."
1440,9sgk,data/filtered/details/structures_files/pairwise/1440_9sgk_H_I.pdb,data/filtered/details/structures_files/pymol/1440_9sgk_H_I.py,,data/filtered/details/structures_files/assembly/1440_9sgk.pdb,"Heteromer, 5 proteins, 5 peptides."
1441,9sgk,data/filtered/details/structures_files/pairwise/1441_9sgk_H_J.pdb,data/filtered/details/structures_files/pymol/1441_9sgk_H_J.py,,data/filtered/details/structures_files/assembly/1441_9sgk.pdb,"Heteromer, 5 proteins, 5 peptides."
1442,8d18,data/filtered/details/structures_files/pairwise/1442_8d18_A_B.pdb,data/filtered/details/structures_files/pymol/1442_8d18_A_B.py,,data/filtered/details/structures_files/assembly/1442_8d18.pdb,"Homomer, 7 proteins."
1443,8d18,data/filtered/details/structures_files/pairwise/1443_8d18_A_C.pdb,data/filtered/details/structures_files/pymol/1443_8d18_A_C.py,,data/filtered/details/structures_files/assembly/1443_8d18.pdb,"Homomer, 7 proteins."
1448,9qfk,data/filtered/details/structures_files/pairwise/1448_9qfk_F_G.pdb,data/filtered/details/structures_files/pymol/1448_9qfk_F_G.py,,data/filtered/details/structures_files/assembly/1448_9qfk.pdb,"Heteromer, 14 proteins."
1449,9qfk,data/filtered/details/structures_files/pairwise/1449_9qfk_F_L.pdb,data/filtered/details/structures_files/pymol/1449_9qfk_F_L.py,,data/filtered/details/structures_files/assembly/1449_9qfk.pdb,"Heteromer, 14 proteins."
1450,9qfk,data/filtered/details/structures_files/pairwise/1450_9qfk_F_M.pdb,data/filtered/details/structures_files/pymol/1450_9qfk_F_M.py,,data/filtered/details/structures_files/assembly/1450_9qfk.pdb,"Heteromer, 14 proteins."
1451,9qfk,data/filtered/details/structures_files/pairwise/1451_9qfk_F_N.pdb,data/filtered/details/structures_files/pymol/1451_9qfk_F_N.py,,data/filtered/details/structures_files/assembly/1451_9qfk.pdb,"Heteromer, 14 proteins."
1453,9sgk,data/filtered/details/structures_files/pairwise/1453_9sgk_G_H.pdb,data/filtered/details/structures_files/pymol/1453_9sgk_G_H.py,,data/filtered/details/structures_files/assembly/1453_9sgk.pdb,"Heteromer, 5 proteins, 5 peptides."
1454,9sgk,data/filtered/details/structures_files/pairwise/1454_9sgk_G_J.pdb,data/filtered/details/structures_files/pymol/1454_9sgk_G_J.py,,data/filtered/details/structures_files/assembly/1454_9sgk.pdb,"Heteromer, 5 proteins, 5 peptides."
146,8iai,data/filtered/details/structures_files/pairwise/146_8iai_B_C.pdb,data/filtered/details/structures_files/pymol/146_8iai_B_C.py,data/filtered/details/structures_files/assembly/146_8iai.cif,,"Heteromer, 31 proteins."
1463,9qfk,data/filtered/details/structures_files/pairwise/1463_9qfk_E_F.pdb,data/filtered/details/structures_files/pymol/1463_9qfk_E_F.py,,data/filtered/details/structures_files/assembly/1463_9qfk.pdb,"Heteromer, 14 proteins."
1464,9qfk,data/filtered/details/structures_files/pairwise/1464_9qfk_E_G.pdb,data/filtered/details/structures_files/pymol/1464_9qfk_E_G.py,,data/filtered/details/structures_files/assembly/1464_9qfk.pdb,"Heteromer, 14 proteins."
1465,9qfk,data/filtered/details/structures_files/pairwise/1465_9qfk_E_K.pdb,data/filtered/details/structures_files/pymol/1465_9qfk_E_K.py,,data/filtered/details/structures_files/assembly/1465_9qfk.pdb,"Heteromer, 14 proteins."
1466,9qfk,data/filtered/details/structures_files/pairwise/1466_9qfk_E_L.pdb,data/filtered/details/structures_files/pymol/1466_9qfk_E_L.py,,data/filtered/details/structures_files/assembly/1466_9qfk.pdb,"Heteromer, 14 proteins."
1467,9qfk,data/filtered/details/structures_files/pairwise/1467_9qfk_E_M.pdb,data/filtered/details/structures_files/pymol/1467_9qfk_E_M.py,,data/filtered/details/structures_files/assembly/1467_9qfk.pdb,"Heteromer, 14 proteins."
1468,9qfk,data/filtered/details/structures_files/pairwise/1468_9qfk_E_N.pdb,data/filtered/details/structures_files/pymol/1468_9qfk_E_N.py,,data/filtered/details/structures_files/assembly/1468_9qfk.pdb,"Heteromer, 14 proteins."
147,8iai,data/filtered/details/structures_files/pairwise/147_8iai_B_D.pdb,data/filtered/details/structures_files/pymol/147_8iai_B_D.py,data/filtered/details/structures_files/assembly/147_8iai.cif,,"Heteromer, 31 proteins."
1470,9sgk,data/filtered/details/structures_files/pairwise/1470_9sgk_F_H.pdb,data/filtered/details/structures_files/pymol/1470_9sgk_F_H.py,,data/filtered/details/structures_files/assembly/1470_9sgk.pdb,"Heteromer, 5 proteins, 5 peptides."
1471,9sgk,data/filtered/details/structures_files/pairwise/1471_9sgk_F_I.pdb,data/filtered/details/structures_files/pymol/1471_9sgk_F_I.py,,data/filtered/details/structures_files/assembly/1471_9sgk.pdb,"Heteromer, 5 proteins, 5 peptides."
1472,9sgk,data/filtered/details/structures_files/pairwise/1472_9sgk_F_J.pdb,data/filtered/details/structures_files/pymol/1472_9sgk_F_J.py,,data/filtered/details/structures_files/assembly/1472_9sgk.pdb,"Heteromer, 5 proteins, 5 peptides."
1475,8d17,data/filtered/details/structures_files/pairwise/1475_8d17_F_G.pdb,data/filtered/details/structures_files/pymol/1475_8d17_F_G.py,,data/filtered/details/structures_files/assembly/1475_8d17.pdb,"Homomer, 7 proteins."
148,8iai,data/filtered/details/structures_files/pairwise/148_8iai_B_N.pdb,data/filtered/details/structures_files/pymol/148_8iai_B_N.py,data/filtered/details/structures_files/assembly/148_8iai.cif,,"Heteromer, 31 proteins."
1482,9qfk,data/filtered/details/structures_files/pairwise/1482_9qfk_D_E.pdb,data/filtered/details/structures_files/pymol/1482_9qfk_D_E.py,,data/filtered/details/structures_files/assembly/1482_9qfk.pdb,"Heteromer, 14 proteins."
1483,9qfk,data/filtered/details/structures_files/pairwise/1483_9qfk_D_F.pdb,data/filtered/details/structures_files/pymol/1483_9qfk_D_F.py,,data/filtered/details/structures_files/assembly/1483_9qfk.pdb,"Heteromer, 14 proteins."
1484,9qfk,data/filtered/details/structures_files/pairwise/1484_9qfk_D_K.pdb,data/filtered/details/structures_files/pymol/1484_9qfk_D_K.py,,data/filtered/details/structures_files/assembly/1484_9qfk.pdb,"Heteromer, 14 proteins."
1485,9qfk,data/filtered/details/structures_files/pairwise/1485_9qfk_D_L.pdb,data/filtered/details/structures_files/pymol/1485_9qfk_D_L.py,,data/filtered/details/structures_files/assembly/1485_9qfk.pdb,"Heteromer, 14 proteins."
1486,9qfk,data/filtered/details/structures_files/pairwise/1486_9qfk_D_M.pdb,data/filtered/details/structures_files/pymol/1486_9qfk_D_M.py,,data/filtered/details/structures_files/assembly/1486_9qfk.pdb,"Heteromer, 14 proteins."
1489,9qgk,data/filtered/details/structures_files/pairwise/1489_9qgk_J_B.pdb,data/filtered/details/structures_files/pymol/1489_9qgk_J_B.py,,data/filtered/details/structures_files/assembly/1489_9qgk.pdb,"Heteromer, 10 proteins, 3 peptides."
149,8iai,data/filtered/details/structures_files/pairwise/149_8iai_B_Y.pdb,data/filtered/details/structures_files/pymol/149_8iai_B_Y.py,data/filtered/details/structures_files/assembly/149_8iai.cif,,"Heteromer, 31 proteins."
1490,9qgk,data/filtered/details/structures_files/pairwise/1490_9qgk_J_D.pdb,data/filtered/details/structures_files/pymol/1490_9qgk_J_D.py,,data/filtered/details/structures_files/assembly/1490_9qgk.pdb,"Heteromer, 10 proteins, 3 peptides."
1496,8d17,data/filtered/details/structures_files/pairwise/1496_8d17_E_F.pdb,data/filtered/details/structures_files/pymol/1496_8d17_E_F.py,,data/filtered/details/structures_files/assembly/1496_8d17.pdb,"Homomer, 7 proteins."
1497,8d17,data/filtered/details/structures_files/pairwise/1497_8d17_E_G.pdb,data/filtered/details/structures_files/pymol/1497_8d17_E_G.py,,data/filtered/details/structures_files/assembly/1497_8d17.pdb,"Homomer, 7 proteins."
15,8c4e,data/filtered/details/structures_files/pairwise/15_8c4e_G_H.pdb,data/filtered/details/structures_files/pymol/15_8c4e_G_H.py,,data/filtered/details/structures_files/assembly/15_8c4e.pdb,"Heteromer, 12 proteins."
1502,9qfk,data/filtered/details/structures_files/pairwise/1502_9qfk_C_D.pdb,data/filtered/details/structures_files/pymol/1502_9qfk_C_D.py,,data/filtered/details/structures_files/assembly/1502_9qfk.pdb,"Heteromer, 14 proteins."
1503,9qfk,data/filtered/details/structures_files/pairwise/1503_9qfk_C_E.pdb,data/filtered/details/structures_files/pymol/1503_9qfk_C_E.py,,data/filtered/details/structures_files/assembly/1503_9qfk.pdb,"Heteromer, 14 proteins."
1504,9qfk,data/filtered/details/structures_files/pairwise/1504_9qfk_C_I.pdb,data/filtered/details/structures_files/pymol/1504_9qfk_C_I.py,,data/filtered/details/structures_files/assembly/1504_9qfk.pdb,"Heteromer, 14 proteins."
1505,9qfk,data/filtered/details/structures_files/pairwise/1505_9qfk_C_J.pdb,data/filtered/details/structures_files/pymol/1505_9qfk_C_J.py,,data/filtered/details/structures_files/assembly/1505_9qfk.pdb,"Heteromer, 14 proteins."
1506,9qfk,data/filtered/details/structures_files/pairwise/1506_9qfk_C_K.pdb,data/filtered/details/structures_files/pymol/1506_9qfk_C_K.py,,data/filtered/details/structures_files/assembly/1506_9qfk.pdb,"Heteromer, 14 proteins."
1507,9qfk,data/filtered/details/structures_files/pairwise/1507_9qfk_C_L.pdb,data/filtered/details/structures_files/pymol/1507_9qfk_C_L.py,,data/filtered/details/structures_files/assembly/1507_9qfk.pdb,"Heteromer, 14 proteins."
1509,9qgk,data/filtered/details/structures_files/pairwise/1509_9qgk_I_A.pdb,data/filtered/details/structures_files/pymol/1509_9qgk_I_A.py,,data/filtered/details/structures_files/assembly/1509_9qgk.pdb,"Heteromer, 10 proteins, 3 peptides."
151,7jh7,data/filtered/details/structures_files/pairwise/151_7jh7_A_F.pdb,data/filtered/details/structures_files/pymol/151_7jh7_A_F.py,,data/filtered/details/structures_files/assembly/151_7jh7.pdb,"Heteromer, 8 proteins."
1514,8d17,data/filtered/details/structures_files/pairwise/1514_8d17_D_E.pdb,data/filtered/details/structures_files/pymol/1514_8d17_D_E.py,,data/filtered/details/structures_files/assembly/1514_8d17.pdb,"Homomer, 7 proteins."
1515,8d17,data/filtered/details/structures_files/pairwise/1515_8d17_D_F.pdb,data/filtered/details/structures_files/pymol/1515_8d17_D_F.py,,data/filtered/details/structures_files/assembly/1515_8d17.pdb,"Homomer, 7 proteins."
1519,9qfk,data/filtered/details/structures_files/pairwise/1519_9qfk_B_C.pdb,data/filtered/details/structures_files/pymol/1519_9qfk_B_C.py,,data/filtered/details/structures_files/assembly/1519_9qfk.pdb,"Heteromer, 14 proteins."
152,7jh7,data/filtered/details/structures_files/pairwise/152_7jh7_A_B.pdb,data/filtered/details/structures_files/pymol/152_7jh7_A_B.py,,data/filtered/details/structures_files/assembly/152_7jh7.pdb,"Heteromer, 8 proteins."
1520,9qfk,data/filtered/details/structures_files/pairwise/1520_9qfk_B_D.pdb,data/filtered/details/structures_files/pymol/1520_9qfk_B_D.py,,data/filtered/details/structures_files/assembly/1520_9qfk.pdb,"Heteromer, 14 proteins."
1521,9qfk,data/filtered/details/structures_files/pairwise/1521_9qfk_B_H.pdb,data/filtered/details/structures_files/pymol/1521_9qfk_B_H.py,,data/filtered/details/structures_files/assembly/1521_9qfk.pdb,"Heteromer, 14 proteins."
1522,9qfk,data/filtered/details/structures_files/pairwise/1522_9qfk_B_I.pdb,data/filtered/details/structures_files/pymol/1522_9qfk_B_I.py,,data/filtered/details/structures_files/assembly/1522_9qfk.pdb,"Heteromer, 14 proteins."
1523,9qfk,data/filtered/details/structures_files/pairwise/1523_9qfk_B_K.pdb,data/filtered/details/structures_files/pymol/1523_9qfk_B_K.py,,data/filtered/details/structures_files/assembly/1523_9qfk.pdb,"Heteromer, 14 proteins."
1525,9qgk,data/filtered/details/structures_files/pairwise/1525_9qgk_H_A.pdb,data/filtered/details/structures_files/pymol/1525_9qgk_H_A.py,,data/filtered/details/structures_files/assembly/1525_9qgk.pdb,"Heteromer, 10 proteins, 3 peptides."
1526,9qgk,data/filtered/details/structures_files/pairwise/1526_9qgk_H_C.pdb,data/filtered/details/structures_files/pymol/1526_9qgk_H_C.py,,data/filtered/details/structures_files/assembly/1526_9qgk.pdb,"Heteromer, 10 proteins, 3 peptides."
1529,9qgk,data/filtered/details/structures_files/pairwise/1529_9qgk_H_I.pdb,data/filtered/details/structures_files/pymol/1529_9qgk_H_I.py,,data/filtered/details/structures_files/assembly/1529_9qgk.pdb,"Heteromer, 10 proteins, 3 peptides."
153,7jh7,data/filtered/details/structures_files/pairwise/153_7jh7_A_C.pdb,data/filtered/details/structures_files/pymol/153_7jh7_A_C.py,,data/filtered/details/structures_files/assembly/153_7jh7.pdb,"Heteromer, 8 proteins."
1530,9qgk,data/filtered/details/structures_files/pairwise/1530_9qgk_H_J.pdb,data/filtered/details/structures_files/pymol/1530_9qgk_H_J.py,,data/filtered/details/structures_files/assembly/1530_9qgk.pdb,"Heteromer, 10 proteins, 3 peptides."
1533,8d17,data/filtered/details/structures_files/pairwise/1533_8d17_C_D.pdb,data/filtered/details/structures_files/pymol/1533_8d17_C_D.py,,data/filtered/details/structures_files/assembly/1533_8d17.pdb,"Homomer, 7 proteins."
1534,8d17,data/filtered/details/structures_files/pairwise/1534_8d17_C_E.pdb,data/filtered/details/structures_files/pymol/1534_8d17_C_E.py,,data/filtered/details/structures_files/assembly/1534_8d17.pdb,"Homomer, 7 proteins."
154,7jh7,data/filtered/details/structures_files/pairwise/154_7jh7_A_H.pdb,data/filtered/details/structures_files/pymol/154_7jh7_A_H.py,,data/filtered/details/structures_files/assembly/154_7jh7.pdb,"Heteromer, 8 proteins."
1540,9qfk,data/filtered/details/structures_files/pairwise/1540_9qfk_A_B.pdb,data/filtered/details/structures_files/pymol/1540_9qfk_A_B.py,,data/filtered/details/structures_files/assembly/1540_9qfk.pdb,"Heteromer, 14 proteins."
1541,9qfk,data/filtered/details/structures_files/pairwise/1541_9qfk_A_C.pdb,data/filtered/details/structures_files/pymol/1541_9qfk_A_C.py,,data/filtered/details/structures_files/assembly/1541_9qfk.pdb,"Heteromer, 14 proteins."
1542,9qfk,data/filtered/details/structures_files/pairwise/1542_9qfk_A_H.pdb,data/filtered/details/structures_files/pymol/1542_9qfk_A_H.py,,data/filtered/details/structures_files/assembly/1542_9qfk.pdb,"Heteromer, 14 proteins."
1543,9qfk,data/filtered/details/structures_files/pairwise/1543_9qfk_A_I.pdb,data/filtered/details/structures_files/pymol/1543_9qfk_A_I.py,,data/filtered/details/structures_files/assembly/1543_9qfk.pdb,"Heteromer, 14 proteins."
1544,9qfk,data/filtered/details/structures_files/pairwise/1544_9qfk_A_J.pdb,data/filtered/details/structures_files/pymol/1544_9qfk_A_J.py,,data/filtered/details/structures_files/assembly/1544_9qfk.pdb,"Heteromer, 14 proteins."
1549,9qgk,data/filtered/details/structures_files/pairwise/1549_9qgk_G_C.pdb,data/filtered/details/structures_files/pymol/1549_9qgk_G_C.py,,data/filtered/details/structures_files/assembly/1549_9qgk.pdb,"Heteromer, 10 proteins, 3 peptides."
155,7jh7,data/filtered/details/structures_files/pairwise/155_7jh7_A_E.pdb,data/filtered/details/structures_files/pymol/155_7jh7_A_E.py,,data/filtered/details/structures_files/assembly/155_7jh7.pdb,"Heteromer, 8 proteins."
1550,9qgk,data/filtered/details/structures_files/pairwise/1550_9qgk_G_E.pdb,data/filtered/details/structures_files/pymol/1550_9qgk_G_E.py,,data/filtered/details/structures_files/assembly/1550_9qgk.pdb,"Heteromer, 10 proteins, 3 peptides."
1551,9qgk,data/filtered/details/structures_files/pairwise/1551_9qgk_G_H.pdb,data/filtered/details/structures_files/pymol/1551_9qgk_G_H.py,,data/filtered/details/structures_files/assembly/1551_9qgk.pdb,"Heteromer, 10 proteins, 3 peptides."
1552,9qgk,data/filtered/details/structures_files/pairwise/1552_9qgk_G_J.pdb,data/filtered/details/structures_files/pymol/1552_9qgk_G_J.py,,data/filtered/details/structures_files/assembly/1552_9qgk.pdb,"Heteromer, 10 proteins, 3 peptides."
1554,8d17,data/filtered/details/structures_files/pairwise/1554_8d17_B_C.pdb,data/filtered/details/structures_files/pymol/1554_8d17_B_C.py,,data/filtered/details/structures_files/assembly/1554_8d17.pdb,"Homomer, 7 proteins."
1555,8d17,data/filtered/details/structures_files/pairwise/1555_8d17_B_D.pdb,data/filtered/details/structures_files/pymol/1555_8d17_B_D.py,,data/filtered/details/structures_files/assembly/1555_8d17.pdb,"Homomer, 7 proteins."
1558,9bpm,data/filtered/details/structures_files/pairwise/1558_9bpm_C_D.pdb,data/filtered/details/structures_files/pymol/1558_9bpm_C_D.py,,data/filtered/details/structures_files/assembly/1558_9bpm.pdb,"Homomer, 4 proteins."
156,7jh7,data/filtered/details/structures_files/pairwise/156_7jh7_A_D.pdb,data/filtered/details/structures_files/pymol/156_7jh7_A_D.py,,data/filtered/details/structures_files/assembly/156_7jh7.pdb,"Heteromer, 8 proteins."
1561,5ogw,data/filtered/details/structures_files/pairwise/1561_5ogw_D_E.pdb,data/filtered/details/structures_files/pymol/1561_5ogw_D_E.py,,data/filtered/details/structures_files/assembly/1561_5ogw.pdb,"Homomer, 5 proteins."
1562,9qfj,data/filtered/details/structures_files/pairwise/1562_9qfj_E_I.pdb,data/filtered/details/structures_files/pymol/1562_9qfj_E_I.py,,data/filtered/details/structures_files/assembly/1562_9qfj.pdb,"Heteromer, 10 proteins."
1567,9qgk,data/filtered/details/structures_files/pairwise/1567_9qgk_F_B.pdb,data/filtered/details/structures_files/pymol/1567_9qgk_F_B.py,,data/filtered/details/structures_files/assembly/1567_9qgk.pdb,"Heteromer, 10 proteins, 3 peptides."
1568,9qgk,data/filtered/details/structures_files/pairwise/1568_9qgk_F_H.pdb,data/filtered/details/structures_files/pymol/1568_9qgk_F_H.py,,data/filtered/details/structures_files/assembly/1568_9qgk.pdb,"Heteromer, 10 proteins, 3 peptides."
1569,9qgk,data/filtered/details/structures_files/pairwise/1569_9qgk_F_I.pdb,data/filtered/details/structures_files/pymol/1569_9qgk_F_I.py,,data/filtered/details/structures_files/assembly/1569_9qgk.pdb,"Heteromer, 10 proteins, 3 peptides."
157,8c4e,data/filtered/details/structures_files/pairwise/157_8c4e_A_B.pdb,data/filtered/details/structures_files/pymol/157_8c4e_A_B.py,,data/filtered/details/structures_files/assembly/157_8c4e.pdb,"Heteromer, 12 proteins."
1570,9qgk,data/filtered/details/structures_files/pairwise/1570_9qgk_F_J.pdb,data/filtered/details/structures_files/pymol/1570_9qgk_F_J.py,,data/filtered/details/structures_files/assembly/1570_9qgk.pdb,"Heteromer, 10 proteins, 3 peptides."
1571,8d17,data/filtered/details/structures_files/pairwise/1571_8d17_A_B.pdb,data/filtered/details/structures_files/pymol/1571_8d17_A_B.py,,data/filtered/details/structures_files/assembly/1571_8d17.pdb,"Homomer, 7 proteins."
1572,8d17,data/filtered/details/structures_files/pairwise/1572_8d17_A_C.pdb,data/filtered/details/structures_files/pymol/1572_8d17_A_C.py,,data/filtered/details/structures_files/assembly/1572_8d17.pdb,"Homomer, 7 proteins."
1574,9bpm,data/filtered/details/structures_files/pairwise/1574_9bpm_B_C.pdb,data/filtered/details/structures_files/pymol/1574_9bpm_B_C.py,,data/filtered/details/structures_files/assembly/1574_9bpm.pdb,"Homomer, 4 proteins."
1576,5ogw,data/filtered/details/structures_files/pairwise/1576_5ogw_C_E.pdb,data/filtered/details/structures_files/pymol/1576_5ogw_C_E.py,,data/filtered/details/structures_files/assembly/1576_5ogw.pdb,"Homomer, 5 proteins."
1577,9qfj,data/filtered/details/structures_files/pairwise/1577_9qfj_D_H.pdb,data/filtered/details/structures_files/pymol/1577_9qfj_D_H.py,,data/filtered/details/structures_files/assembly/1577_9qfj.pdb,"Heteromer, 10 proteins."
1578,9qfj,data/filtered/details/structures_files/pairwise/1578_9qfj_D_J.pdb,data/filtered/details/structures_files/pymol/1578_9qfj_D_J.py,,data/filtered/details/structures_files/assembly/1578_9qfj.pdb,"Heteromer, 10 proteins."
158,8c4e,data/filtered/details/structures_files/pairwise/158_8c4e_A_C.pdb,data/filtered/details/structures_files/pymol/158_8c4e_A_C.py,,data/filtered/details/structures_files/assembly/158_8c4e.pdb,"Heteromer, 12 proteins."
1581,9qfj,data/filtered/details/structures_files/pairwise/1581_9qfj_D_E.pdb,data/filtered/details/structures_files/pymol/1581_9qfj_D_E.py,,data/filtered/details/structures_files/assembly/1581_9qfj.pdb,"Heteromer, 10 proteins."
1584,8dmx,data/filtered/details/structures_files/pairwise/1584_8dmx_C_D.pdb,data/filtered/details/structures_files/pymol/1584_8dmx_C_D.py,data/filtered/details/structures_files/assembly/1584_8dmx.cif,,"Homomer, 4 proteins."
1587,9y9p,data/filtered/details/structures_files/pairwise/1587_9y9p_E_c.pdb,data/filtered/details/structures_files/pymol/1587_9y9p_E_c.py,,data/filtered/details/structures_files/assembly/1587_9y9p.pdb,"Heteromer, 10 proteins."
1588,9y9p,data/filtered/details/structures_files/pairwise/1588_9y9p_E_e.pdb,data/filtered/details/structures_files/pymol/1588_9y9p_E_e.py,,data/filtered/details/structures_files/assembly/1588_9y9p.pdb,"Heteromer, 10 proteins."
159,8c4e,data/filtered/details/structures_files/pairwise/159_8c4e_A_M.pdb,data/filtered/details/structures_files/pymol/159_8c4e_A_M.py,,data/filtered/details/structures_files/assembly/159_8c4e.pdb,"Heteromer, 12 proteins."
1591,9bpm,data/filtered/details/structures_files/pairwise/1591_9bpm_A_B.pdb,data/filtered/details/structures_files/pymol/1591_9bpm_A_B.py,,data/filtered/details/structures_files/assembly/1591_9bpm.pdb,"Homomer, 4 proteins."
1592,9bpm,data/filtered/details/structures_files/pairwise/1592_9bpm_A_C.pdb,data/filtered/details/structures_files/pymol/1592_9bpm_A_C.py,,data/filtered/details/structures_files/assembly/1592_9bpm.pdb,"Homomer, 4 proteins."
1593,9bpm,data/filtered/details/structures_files/pairwise/1593_9bpm_A_D.pdb,data/filtered/details/structures_files/pymol/1593_9bpm_A_D.py,,data/filtered/details/structures_files/assembly/1593_9bpm.pdb,"Homomer, 4 proteins."
1595,5ogw,data/filtered/details/structures_files/pairwise/1595_5ogw_B_D.pdb,data/filtered/details/structures_files/pymol/1595_5ogw_B_D.py,,data/filtered/details/structures_files/assembly/1595_5ogw.pdb,"Homomer, 5 proteins."
1596,9qfj,data/filtered/details/structures_files/pairwise/1596_9qfj_C_G.pdb,data/filtered/details/structures_files/pymol/1596_9qfj_C_G.py,,data/filtered/details/structures_files/assembly/1596_9qfj.pdb,"Heteromer, 10 proteins."
1597,9qfj,data/filtered/details/structures_files/pairwise/1597_9qfj_C_I.pdb,data/filtered/details/structures_files/pymol/1597_9qfj_C_I.py,,data/filtered/details/structures_files/assembly/1597_9qfj.pdb,"Heteromer, 10 proteins."
16,8c4e,data/filtered/details/structures_files/pairwise/16_8c4e_G_K.pdb,data/filtered/details/structures_files/pymol/16_8c4e_G_K.py,,data/filtered/details/structures_files/assembly/16_8c4e.pdb,"Heteromer, 12 proteins."
160,8c4e,data/filtered/details/structures_files/pairwise/160_8c4e_A_N.pdb,data/filtered/details/structures_files/pymol/160_8c4e_A_N.py,,data/filtered/details/structures_files/assembly/160_8c4e.pdb,"Heteromer, 12 proteins."
1600,9qfj,data/filtered/details/structures_files/pairwise/1600_9qfj_C_D.pdb,data/filtered/details/structures_files/pymol/1600_9qfj_C_D.py,,data/filtered/details/structures_files/assembly/1600_9qfj.pdb,"Heteromer, 10 proteins."
1601,9qfj,data/filtered/details/structures_files/pairwise/1601_9qfj_C_E.pdb,data/filtered/details/structures_files/pymol/1601_9qfj_C_E.py,,data/filtered/details/structures_files/assembly/1601_9qfj.pdb,"Heteromer, 10 proteins."
1603,8dmx,data/filtered/details/structures_files/pairwise/1603_8dmx_B_C.pdb,data/filtered/details/structures_files/pymol/1603_8dmx_B_C.py,data/filtered/details/structures_files/assembly/1603_8dmx.cif,,"Homomer, 4 proteins."
1604,8dmx,data/filtered/details/structures_files/pairwise/1604_8dmx_B_D.pdb,data/filtered/details/structures_files/pymol/1604_8dmx_B_D.py,data/filtered/details/structures_files/assembly/1604_8dmx.cif,,"Homomer, 4 proteins."
1607,9y9p,data/filtered/details/structures_files/pairwise/1607_9y9p_D_E.pdb,data/filtered/details/structures_files/pymol/1607_9y9p_D_E.py,,data/filtered/details/structures_files/assembly/1607_9y9p.pdb,"Heteromer, 10 proteins."
1608,9y9p,data/filtered/details/structures_files/pairwise/1608_9y9p_D_b.pdb,data/filtered/details/structures_files/pymol/1608_9y9p_D_b.py,,data/filtered/details/structures_files/assembly/1608_9y9p.pdb,"Heteromer, 10 proteins."
1609,9y9p,data/filtered/details/structures_files/pairwise/1609_9y9p_D_d.pdb,data/filtered/details/structures_files/pymol/1609_9y9p_D_d.py,,data/filtered/details/structures_files/assembly/1609_9y9p.pdb,"Heteromer, 10 proteins."
1612,8d15,data/filtered/details/structures_files/pairwise/1612_8d15_F_G.pdb,data/filtered/details/structures_files/pymol/1612_8d15_F_G.py,,data/filtered/details/structures_files/assembly/1612_8d15.pdb,"Homomer, 7 proteins."
1615,5ogw,data/filtered/details/structures_files/pairwise/1615_5ogw_A_B.pdb,data/filtered/details/structures_files/pymol/1615_5ogw_A_B.py,,data/filtered/details/structures_files/assembly/1615_5ogw.pdb,"Homomer, 5 proteins."
1616,5ogw,data/filtered/details/structures_files/pairwise/1616_5ogw_A_C.pdb,data/filtered/details/structures_files/pymol/1616_5ogw_A_C.py,,data/filtered/details/structures_files/assembly/1616_5ogw.pdb,"Homomer, 5 proteins."
1617,5ogw,data/filtered/details/structures_files/pairwise/1617_5ogw_A_D.pdb,data/filtered/details/structures_files/pymol/1617_5ogw_A_D.py,,data/filtered/details/structures_files/assembly/1617_5ogw.pdb,"Homomer, 5 proteins."
1618,5ogw,data/filtered/details/structures_files/pairwise/1618_5ogw_A_E.pdb,data/filtered/details/structures_files/pymol/1618_5ogw_A_E.py,,data/filtered/details/structures_files/assembly/1618_5ogw.pdb,"Homomer, 5 proteins."
1619,9qfj,data/filtered/details/structures_files/pairwise/1619_9qfj_B_F.pdb,data/filtered/details/structures_files/pymol/1619_9qfj_B_F.py,,data/filtered/details/structures_files/assembly/1619_9qfj.pdb,"Heteromer, 10 proteins."
162,9kbx,data/filtered/details/structures_files/pairwise/162_9kbx_J_B.pdb,data/filtered/details/structures_files/pymol/162_9kbx_J_B.py,,data/filtered/details/structures_files/assembly/162_9kbx.pdb,"Heteromer, 6 proteins."
1620,9qfj,data/filtered/details/structures_files/pairwise/1620_9qfj_B_H.pdb,data/filtered/details/structures_files/pymol/1620_9qfj_B_H.py,,data/filtered/details/structures_files/assembly/1620_9qfj.pdb,"Heteromer, 10 proteins."
1622,9qfj,data/filtered/details/structures_files/pairwise/1622_9qfj_B_C.pdb,data/filtered/details/structures_files/pymol/1622_9qfj_B_C.py,,data/filtered/details/structures_files/assembly/1622_9qfj.pdb,"Heteromer, 10 proteins."
1623,9qfj,data/filtered/details/structures_files/pairwise/1623_9qfj_B_D.pdb,data/filtered/details/structures_files/pymol/1623_9qfj_B_D.py,,data/filtered/details/structures_files/assembly/1623_9qfj.pdb,"Heteromer, 10 proteins."
1624,8dmx,data/filtered/details/structures_files/pairwise/1624_8dmx_A_B.pdb,data/filtered/details/structures_files/pymol/1624_8dmx_A_B.py,data/filtered/details/structures_files/assembly/1624_8dmx.cif,,"Homomer, 4 proteins."
1625,8dmx,data/filtered/details/structures_files/pairwise/1625_8dmx_A_C.pdb,data/filtered/details/structures_files/pymol/1625_8dmx_A_C.py,data/filtered/details/structures_files/assembly/1625_8dmx.cif,,"Homomer, 4 proteins."
1628,9y9p,data/filtered/details/structures_files/pairwise/1628_9y9p_C_D.pdb,data/filtered/details/structures_files/pymol/1628_9y9p_C_D.py,,data/filtered/details/structures_files/assembly/1628_9y9p.pdb,"Heteromer, 10 proteins."
1629,9y9p,data/filtered/details/structures_files/pairwise/1629_9y9p_C_E.pdb,data/filtered/details/structures_files/pymol/1629_9y9p_C_E.py,,data/filtered/details/structures_files/assembly/1629_9y9p.pdb,"Heteromer, 10 proteins."
1630,9y9p,data/filtered/details/structures_files/pairwise/1630_9y9p_C_a.pdb,data/filtered/details/structures_files/pymol/1630_9y9p_C_a.py,,data/filtered/details/structures_files/assembly/1630_9y9p.pdb,"Heteromer, 10 proteins."
1631,9y9p,data/filtered/details/structures_files/pairwise/1631_9y9p_C_c.pdb,data/filtered/details/structures_files/pymol/1631_9y9p_C_c.py,,data/filtered/details/structures_files/assembly/1631_9y9p.pdb,"Heteromer, 10 proteins."
1634,8d15,data/filtered/details/structures_files/pairwise/1634_8d15_E_F.pdb,data/filtered/details/structures_files/pymol/1634_8d15_E_F.py,,data/filtered/details/structures_files/assembly/1634_8d15.pdb,"Homomer, 7 proteins."
1635,8d15,data/filtered/details/structures_files/pairwise/1635_8d15_E_G.pdb,data/filtered/details/structures_files/pymol/1635_8d15_E_G.py,,data/filtered/details/structures_files/assembly/1635_8d15.pdb,"Homomer, 7 proteins."
164,9kbx,data/filtered/details/structures_files/pairwise/164_9kbx_J_L.pdb,data/filtered/details/structures_files/pymol/164_9kbx_J_L.py,,data/filtered/details/structures_files/assembly/164_9kbx.pdb,"Heteromer, 6 proteins."
1640,9qfj,data/filtered/details/structures_files/pairwise/1640_9qfj_A_G.pdb,data/filtered/details/structures_files/pymol/1640_9qfj_A_G.py,,data/filtered/details/structures_files/assembly/1640_9qfj.pdb,"Heteromer, 10 proteins."
1641,9qfj,data/filtered/details/structures_files/pairwise/1641_9qfj_A_B.pdb,data/filtered/details/structures_files/pymol/1641_9qfj_A_B.py,,data/filtered/details/structures_files/assembly/1641_9qfj.pdb,"Heteromer, 10 proteins."
1642,9qfj,data/filtered/details/structures_files/pairwise/1642_9qfj_A_C.pdb,data/filtered/details/structures_files/pymol/1642_9qfj_A_C.py,,data/filtered/details/structures_files/assembly/1642_9qfj.pdb,"Heteromer, 10 proteins."
1645,9y9p,data/filtered/details/structures_files/pairwise/1645_9y9p_B_C.pdb,data/filtered/details/structures_files/pymol/1645_9y9p_B_C.py,,data/filtered/details/structures_files/assembly/1645_9y9p.pdb,"Heteromer, 10 proteins."
1646,9y9p,data/filtered/details/structures_files/pairwise/1646_9y9p_B_D.pdb,data/filtered/details/structures_files/pymol/1646_9y9p_B_D.py,,data/filtered/details/structures_files/assembly/1646_9y9p.pdb,"Heteromer, 10 proteins."
1647,9y9p,data/filtered/details/structures_files/pairwise/1647_9y9p_B_b.pdb,data/filtered/details/structures_files/pymol/1647_9y9p_B_b.py,,data/filtered/details/structures_files/assembly/1647_9y9p.pdb,"Heteromer, 10 proteins."
165,8iai,data/filtered/details/structures_files/pairwise/165_8iai_A_B.pdb,data/filtered/details/structures_files/pymol/165_8iai_A_B.py,data/filtered/details/structures_files/assembly/165_8iai.cif,,"Heteromer, 31 proteins."
1650,8d15,data/filtered/details/structures_files/pairwise/1650_8d15_D_E.pdb,data/filtered/details/structures_files/pymol/1650_8d15_D_E.py,,data/filtered/details/structures_files/assembly/1650_8d15.pdb,"Homomer, 7 proteins."
1651,8d15,data/filtered/details/structures_files/pairwise/1651_8d15_D_F.pdb,data/filtered/details/structures_files/pymol/1651_8d15_D_F.py,,data/filtered/details/structures_files/assembly/1651_8d15.pdb,"Homomer, 7 proteins."
1656,6tu4,data/filtered/details/structures_files/pairwise/1656_6tu4_D_F.pdb,data/filtered/details/structures_files/pymol/1656_6tu4_D_F.py,,data/filtered/details/structures_files/assembly/1656_6tu4.pdb,"Homomer, 5 proteins."
1657,9qfg,data/filtered/details/structures_files/pairwise/1657_9qfg_G_N.pdb,data/filtered/details/structures_files/pymol/1657_9qfg_G_N.py,,data/filtered/details/structures_files/assembly/1657_9qfg.pdb,"Heteromer, 14 proteins."
1658,9qfg,data/filtered/details/structures_files/pairwise/1658_9qfg_G_K.pdb,data/filtered/details/structures_files/pymol/1658_9qfg_G_K.py,,data/filtered/details/structures_files/assembly/1658_9qfg.pdb,"Heteromer, 14 proteins."
166,8iai,data/filtered/details/structures_files/pairwise/166_8iai_A_C.pdb,data/filtered/details/structures_files/pymol/166_8iai_A_C.py,data/filtered/details/structures_files/assembly/166_8iai.cif,,"Heteromer, 31 proteins."
1661,8e9b,data/filtered/details/structures_files/pairwise/1661_8e9b_I_B.pdb,data/filtered/details/structures_files/pymol/1661_8e9b_I_B.py,,data/filtered/details/structures_files/assembly/1661_8e9b.pdb,"Heteromer, 15 proteins."
1663,9y9p,data/filtered/details/structures_files/pairwise/1663_9y9p_A_B.pdb,data/filtered/details/structures_files/pymol/1663_9y9p_A_B.py,,data/filtered/details/structures_files/assembly/1663_9y9p.pdb,"Heteromer, 10 proteins."
1664,9y9p,data/filtered/details/structures_files/pairwise/1664_9y9p_A_C.pdb,data/filtered/details/structures_files/pymol/1664_9y9p_A_C.py,,data/filtered/details/structures_files/assembly/1664_9y9p.pdb,"Heteromer, 10 proteins."
1665,9y9p,data/filtered/details/structures_files/pairwise/1665_9y9p_A_a.pdb,data/filtered/details/structures_files/pymol/1665_9y9p_A_a.py,,data/filtered/details/structures_files/assembly/1665_9y9p.pdb,"Heteromer, 10 proteins."
1668,8d15,data/filtered/details/structures_files/pairwise/1668_8d15_C_D.pdb,data/filtered/details/structures_files/pymol/1668_8d15_C_D.py,,data/filtered/details/structures_files/assembly/1668_8d15.pdb,"Homomer, 7 proteins."
1669,8d15,data/filtered/details/structures_files/pairwise/1669_8d15_C_E.pdb,data/filtered/details/structures_files/pymol/1669_8d15_C_E.py,,data/filtered/details/structures_files/assembly/1669_8d15.pdb,"Homomer, 7 proteins."
167,8iai,data/filtered/details/structures_files/pairwise/167_8iai_A_M.pdb,data/filtered/details/structures_files/pymol/167_8iai_A_M.py,data/filtered/details/structures_files/assembly/167_8iai.cif,,"Heteromer, 31 proteins."
1674,9qfg,data/filtered/details/structures_files/pairwise/1674_9qfg_F_N.pdb,data/filtered/details/structures_files/pymol/1674_9qfg_F_N.py,,data/filtered/details/structures_files/assembly/1674_9qfg.pdb,"Heteromer, 14 proteins."
1675,9qfg,data/filtered/details/structures_files/pairwise/1675_9qfg_F_J.pdb,data/filtered/details/structures_files/pymol/1675_9qfg_F_J.py,,data/filtered/details/structures_files/assembly/1675_9qfg.pdb,"Heteromer, 14 proteins."
1676,9qfg,data/filtered/details/structures_files/pairwise/1676_9qfg_F_K.pdb,data/filtered/details/structures_files/pymol/1676_9qfg_F_K.py,,data/filtered/details/structures_files/assembly/1676_9qfg.pdb,"Heteromer, 14 proteins."
1679,9qfg,data/filtered/details/structures_files/pairwise/1679_9qfg_F_G.pdb,data/filtered/details/structures_files/pymol/1679_9qfg_F_G.py,,data/filtered/details/structures_files/assembly/1679_9qfg.pdb,"Heteromer, 14 proteins."
168,8iai,data/filtered/details/structures_files/pairwise/168_8iai_A_U.pdb,data/filtered/details/structures_files/pymol/168_8iai_A_U.py,data/filtered/details/structures_files/assembly/168_8iai.cif,,"Heteromer, 31 proteins."
1680,8e9b,data/filtered/details/structures_files/pairwise/1680_8e9b_H_A.pdb,data/filtered/details/structures_files/pymol/1680_8e9b_H_A.py,,data/filtered/details/structures_files/assembly/1680_8e9b.pdb,"Heteromer, 15 proteins."
1681,8e9b,data/filtered/details/structures_files/pairwise/1681_8e9b_H_B.pdb,data/filtered/details/structures_files/pymol/1681_8e9b_H_B.py,,data/filtered/details/structures_files/assembly/1681_8e9b.pdb,"Heteromer, 15 proteins."
1682,8e9b,data/filtered/details/structures_files/pairwise/1682_8e9b_H_I.pdb,data/filtered/details/structures_files/pymol/1682_8e9b_H_I.py,,data/filtered/details/structures_files/assembly/1682_8e9b.pdb,"Heteromer, 15 proteins."
1685,9y9m,data/filtered/details/structures_files/pairwise/1685_9y9m_E_Y.pdb,data/filtered/details/structures_files/pymol/1685_9y9m_E_Y.py,,data/filtered/details/structures_files/assembly/1685_9y9m.pdb,"Heteromer, 10 proteins."
1686,9y9m,data/filtered/details/structures_files/pairwise/1686_9y9m_E_Z.pdb,data/filtered/details/structures_files/pymol/1686_9y9m_E_Z.py,,data/filtered/details/structures_files/assembly/1686_9y9m.pdb,"Heteromer, 10 proteins."
1687,9y9m,data/filtered/details/structures_files/pairwise/1687_9y9m_E_c.pdb,data/filtered/details/structures_files/pymol/1687_9y9m_E_c.py,,data/filtered/details/structures_files/assembly/1687_9y9m.pdb,"Heteromer, 10 proteins."
1689,8d15,data/filtered/details/structures_files/pairwise/1689_8d15_B_C.pdb,data/filtered/details/structures_files/pymol/1689_8d15_B_C.py,,data/filtered/details/structures_files/assembly/1689_8d15.pdb,"Homomer, 7 proteins."
169,8iai,data/filtered/details/structures_files/pairwise/169_8iai_A_Y.pdb,data/filtered/details/structures_files/pymol/169_8iai_A_Y.py,data/filtered/details/structures_files/assembly/169_8iai.cif,,"Heteromer, 31 proteins."
1690,8d15,data/filtered/details/structures_files/pairwise/1690_8d15_B_D.pdb,data/filtered/details/structures_files/pymol/1690_8d15_B_D.py,,data/filtered/details/structures_files/assembly/1690_8d15.pdb,"Homomer, 7 proteins."
1693,8v2o,data/filtered/details/structures_files/pairwise/1693_8v2o_D_E.pdb,data/filtered/details/structures_files/pymol/1693_8v2o_D_E.py,,data/filtered/details/structures_files/assembly/1693_8v2o.pdb,"Homomer, 5 proteins."
1695,6tu4,data/filtered/details/structures_files/pairwise/1695_6tu4_B_C.pdb,data/filtered/details/structures_files/pymol/1695_6tu4_B_C.py,,data/filtered/details/structures_files/assembly/1695_6tu4.pdb,"Homomer, 5 proteins."
1696,6tu4,data/filtered/details/structures_files/pairwise/1696_6tu4_B_D.pdb,data/filtered/details/structures_files/pymol/1696_6tu4_B_D.py,,data/filtered/details/structures_files/assembly/1696_6tu4.pdb,"Homomer, 5 proteins."
1697,9qfg,data/filtered/details/structures_files/pairwise/1697_9qfg_E_M.pdb,data/filtered/details/structures_files/pymol/1697_9qfg_E_M.py,,data/filtered/details/structures_files/assembly/1697_9qfg.pdb,"Heteromer, 14 proteins."
1698,9qfg,data/filtered/details/structures_files/pairwise/1698_9qfg_E_N.pdb,data/filtered/details/structures_files/pymol/1698_9qfg_E_N.py,,data/filtered/details/structures_files/assembly/1698_9qfg.pdb,"Heteromer, 14 proteins."
1699,9qfg,data/filtered/details/structures_files/pairwise/1699_9qfg_E_J.pdb,data/filtered/details/structures_files/pymol/1699_9qfg_E_J.py,,data/filtered/details/structures_files/assembly/1699_9qfg.pdb,"Heteromer, 14 proteins."
17,8c4e,data/filtered/details/structures_files/pairwise/17_8c4e_G_L.pdb,data/filtered/details/structures_files/pymol/17_8c4e_G_L.py,,data/filtered/details/structures_files/assembly/17_8c4e.pdb,"Heteromer, 12 proteins."
1700,9qfg,data/filtered/details/structures_files/pairwise/1700_9qfg_E_K.pdb,data/filtered/details/structures_files/pymol/1700_9qfg_E_K.py,,data/filtered/details/structures_files/assembly/1700_9qfg.pdb,"Heteromer, 14 proteins."
1703,9qfg,data/filtered/details/structures_files/pairwise/1703_9qfg_E_F.pdb,data/filtered/details/structures_files/pymol/1703_9qfg_E_F.py,,data/filtered/details/structures_files/assembly/1703_9qfg.pdb,"Heteromer, 14 proteins."
1704,9qfg,data/filtered/details/structures_files/pairwise/1704_9qfg_E_G.pdb,data/filtered/details/structures_files/pymol/1704_9qfg_E_G.py,,data/filtered/details/structures_files/assembly/1704_9qfg.pdb,"Heteromer, 14 proteins."
1705,8e9b,data/filtered/details/structures_files/pairwise/1705_8e9b_R_D.pdb,data/filtered/details/structures_files/pymol/1705_8e9b_R_D.py,,data/filtered/details/structures_files/assembly/1705_8e9b.pdb,"Heteromer, 15 proteins."
1710,9y9m,data/filtered/details/structures_files/pairwise/1710_9y9m_D_E.pdb,data/filtered/details/structures_files/pymol/1710_9y9m_D_E.py,,data/filtered/details/structures_files/assembly/1710_9y9m.pdb,"Heteromer, 10 proteins."
1711,9y9m,data/filtered/details/structures_files/pairwise/1711_9y9m_D_Y.pdb,data/filtered/details/structures_files/pymol/1711_9y9m_D_Y.py,,data/filtered/details/structures_files/assembly/1711_9y9m.pdb,"Heteromer, 10 proteins."
1712,9y9m,data/filtered/details/structures_files/pairwise/1712_9y9m_D_Z.pdb,data/filtered/details/structures_files/pymol/1712_9y9m_D_Z.py,,data/filtered/details/structures_files/assembly/1712_9y9m.pdb,"Heteromer, 10 proteins."
1713,9y9m,data/filtered/details/structures_files/pairwise/1713_9y9m_D_b.pdb,data/filtered/details/structures_files/pymol/1713_9y9m_D_b.py,,data/filtered/details/structures_files/assembly/1713_9y9m.pdb,"Heteromer, 10 proteins."
1714,8d15,data/filtered/details/structures_files/pairwise/1714_8d15_A_B.pdb,data/filtered/details/structures_files/pymol/1714_8d15_A_B.py,,data/filtered/details/structures_files/assembly/1714_8d15.pdb,"Homomer, 7 proteins."
1715,8d15,data/filtered/details/structures_files/pairwise/1715_8d15_A_C.pdb,data/filtered/details/structures_files/pymol/1715_8d15_A_C.py,,data/filtered/details/structures_files/assembly/1715_8d15.pdb,"Homomer, 7 proteins."
1718,8v2o,data/filtered/details/structures_files/pairwise/1718_8v2o_C_D.pdb,data/filtered/details/structures_files/pymol/1718_8v2o_C_D.py,,data/filtered/details/structures_files/assembly/1718_8v2o.pdb,"Homomer, 5 proteins."
1719,8v2o,data/filtered/details/structures_files/pairwise/1719_8v2o_C_E.pdb,data/filtered/details/structures_files/pymol/1719_8v2o_C_E.py,,data/filtered/details/structures_files/assembly/1719_8v2o.pdb,"Homomer, 5 proteins."
1720,6tu4,data/filtered/details/structures_files/pairwise/1720_6tu4_A_B.pdb,data/filtered/details/structures_files/pymol/1720_6tu4_A_B.py,,data/filtered/details/structures_files/assembly/1720_6tu4.pdb,"Homomer, 5 proteins."
1721,6tu4,data/filtered/details/structures_files/pairwise/1721_6tu4_A_C.pdb,data/filtered/details/structures_files/pymol/1721_6tu4_A_C.py,,data/filtered/details/structures_files/assembly/1721_6tu4.pdb,"Homomer, 5 proteins."
1722,6tu4,data/filtered/details/structures_files/pairwise/1722_6tu4_A_D.pdb,data/filtered/details/structures_files/pymol/1722_6tu4_A_D.py,,data/filtered/details/structures_files/assembly/1722_6tu4.pdb,"Homomer, 5 proteins."
1723,6tu4,data/filtered/details/structures_files/pairwise/1723_6tu4_A_F.pdb,data/filtered/details/structures_files/pymol/1723_6tu4_A_F.py,,data/filtered/details/structures_files/assembly/1723_6tu4.pdb,"Homomer, 5 proteins."
1724,9qfg,data/filtered/details/structures_files/pairwise/1724_9qfg_D_M.pdb,data/filtered/details/structures_files/pymol/1724_9qfg_D_M.py,,data/filtered/details/structures_files/assembly/1724_9qfg.pdb,"Heteromer, 14 proteins."
1725,9qfg,data/filtered/details/structures_files/pairwise/1725_9qfg_D_N.pdb,data/filtered/details/structures_files/pymol/1725_9qfg_D_N.py,,data/filtered/details/structures_files/assembly/1725_9qfg.pdb,"Heteromer, 14 proteins."
1726,9qfg,data/filtered/details/structures_files/pairwise/1726_9qfg_D_J.pdb,data/filtered/details/structures_files/pymol/1726_9qfg_D_J.py,,data/filtered/details/structures_files/assembly/1726_9qfg.pdb,"Heteromer, 14 proteins."
1729,9qfg,data/filtered/details/structures_files/pairwise/1729_9qfg_D_E.pdb,data/filtered/details/structures_files/pymol/1729_9qfg_D_E.py,,data/filtered/details/structures_files/assembly/1729_9qfg.pdb,"Heteromer, 14 proteins."
1730,9qfg,data/filtered/details/structures_files/pairwise/1730_9qfg_D_F.pdb,data/filtered/details/structures_files/pymol/1730_9qfg_D_F.py,,data/filtered/details/structures_files/assembly/1730_9qfg.pdb,"Heteromer, 14 proteins."
1731,8e9b,data/filtered/details/structures_files/pairwise/1731_8e9b_Q_C.pdb,data/filtered/details/structures_files/pymol/1731_8e9b_Q_C.py,,data/filtered/details/structures_files/assembly/1731_8e9b.pdb,"Heteromer, 15 proteins."
1732,8e9b,data/filtered/details/structures_files/pairwise/1732_8e9b_Q_D.pdb,data/filtered/details/structures_files/pymol/1732_8e9b_Q_D.py,,data/filtered/details/structures_files/assembly/1732_8e9b.pdb,"Heteromer, 15 proteins."
1733,8e9b,data/filtered/details/structures_files/pairwise/1733_8e9b_Q_F.pdb,data/filtered/details/structures_files/pymol/1733_8e9b_Q_F.py,,data/filtered/details/structures_files/assembly/1733_8e9b.pdb,"Heteromer, 15 proteins."
1736,8e9b,data/filtered/details/structures_files/pairwise/1736_8e9b_Q_R.pdb,data/filtered/details/structures_files/pymol/1736_8e9b_Q_R.py,,data/filtered/details/structures_files/assembly/1736_8e9b.pdb,"Heteromer, 15 proteins."
1739,9y9m,data/filtered/details/structures_files/pairwise/1739_9y9m_C_D.pdb,data/filtered/details/structures_files/pymol/1739_9y9m_C_D.py,,data/filtered/details/structures_files/assembly/1739_9y9m.pdb,"Heteromer, 10 proteins."
1740,9y9m,data/filtered/details/structures_files/pairwise/1740_9y9m_C_E.pdb,data/filtered/details/structures_files/pymol/1740_9y9m_C_E.py,,data/filtered/details/structures_files/assembly/1740_9y9m.pdb,"Heteromer, 10 proteins."
1741,9y9m,data/filtered/details/structures_files/pairwise/1741_9y9m_C_a.pdb,data/filtered/details/structures_files/pymol/1741_9y9m_C_a.py,,data/filtered/details/structures_files/assembly/1741_9y9m.pdb,"Heteromer, 10 proteins."
1742,9y9m,data/filtered/details/structures_files/pairwise/1742_9y9m_C_c.pdb,data/filtered/details/structures_files/pymol/1742_9y9m_C_c.py,,data/filtered/details/structures_files/assembly/1742_9y9m.pdb,"Heteromer, 10 proteins."
1746,8v2o,data/filtered/details/structures_files/pairwise/1746_8v2o_B_C.pdb,data/filtered/details/structures_files/pymol/1746_8v2o_B_C.py,,data/filtered/details/structures_files/assembly/1746_8v2o.pdb,"Homomer, 5 proteins."
1747,8v2o,data/filtered/details/structures_files/pairwise/1747_8v2o_B_D.pdb,data/filtered/details/structures_files/pymol/1747_8v2o_B_D.py,,data/filtered/details/structures_files/assembly/1747_8v2o.pdb,"Homomer, 5 proteins."
1748,6tu7,data/filtered/details/structures_files/pairwise/1748_6tu7_EP1_AP1.pdb,data/filtered/details/structures_files/pymol/1748_6tu7_EP1_AP1.py,data/filtered/details/structures_files/assembly/1748_6tu7.cif,,"Heteromer, 6 proteins."
1751,9qfg,data/filtered/details/structures_files/pairwise/1751_9qfg_C_I.pdb,data/filtered/details/structures_files/pymol/1751_9qfg_C_I.py,,data/filtered/details/structures_files/assembly/1751_9qfg.pdb,"Heteromer, 14 proteins."
1752,9qfg,data/filtered/details/structures_files/pairwise/1752_9qfg_C_L.pdb,data/filtered/details/structures_files/pymol/1752_9qfg_C_L.py,,data/filtered/details/structures_files/assembly/1752_9qfg.pdb,"Heteromer, 14 proteins."
1753,9qfg,data/filtered/details/structures_files/pairwise/1753_9qfg_C_M.pdb,data/filtered/details/structures_files/pymol/1753_9qfg_C_M.py,,data/filtered/details/structures_files/assembly/1753_9qfg.pdb,"Heteromer, 14 proteins."
1754,9qfg,data/filtered/details/structures_files/pairwise/1754_9qfg_C_J.pdb,data/filtered/details/structures_files/pymol/1754_9qfg_C_J.py,,data/filtered/details/structures_files/assembly/1754_9qfg.pdb,"Heteromer, 14 proteins."
1757,9qfg,data/filtered/details/structures_files/pairwise/1757_9qfg_C_D.pdb,data/filtered/details/structures_files/pymol/1757_9qfg_C_D.py,,data/filtered/details/structures_files/assembly/1757_9qfg.pdb,"Heteromer, 14 proteins."
1758,9qfg,data/filtered/details/structures_files/pairwise/1758_9qfg_C_E.pdb,data/filtered/details/structures_files/pymol/1758_9qfg_C_E.py,,data/filtered/details/structures_files/assembly/1758_9qfg.pdb,"Heteromer, 14 proteins."
1759,8e9b,data/filtered/details/structures_files/pairwise/1759_8e9b_P_A.pdb,data/filtered/details/structures_files/pymol/1759_8e9b_P_A.py,,data/filtered/details/structures_files/assembly/1759_8e9b.pdb,"Heteromer, 15 proteins."
176,8c4c,data/filtered/details/structures_files/pairwise/176_8c4c_H_L.pdb,data/filtered/details/structures_files/pymol/176_8c4c_H_L.py,,data/filtered/details/structures_files/assembly/176_8c4c.pdb,"Heteromer, 12 proteins."
1762,8e9b,data/filtered/details/structures_files/pairwise/1762_8e9b_P_Q.pdb,data/filtered/details/structures_files/pymol/1762_8e9b_P_Q.py,,data/filtered/details/structures_files/assembly/1762_8e9b.pdb,"Heteromer, 15 proteins."
1763,8e9b,data/filtered/details/structures_files/pairwise/1763_8e9b_P_R.pdb,data/filtered/details/structures_files/pymol/1763_8e9b_P_R.py,,data/filtered/details/structures_files/assembly/1763_8e9b.pdb,"Heteromer, 15 proteins."
1765,9y9m,data/filtered/details/structures_files/pairwise/1765_9y9m_B_C.pdb,data/filtered/details/structures_files/pymol/1765_9y9m_B_C.py,,data/filtered/details/structures_files/assembly/1765_9y9m.pdb,"Heteromer, 10 proteins."
1766,9y9m,data/filtered/details/structures_files/pairwise/1766_9y9m_B_D.pdb,data/filtered/details/structures_files/pymol/1766_9y9m_B_D.py,,data/filtered/details/structures_files/assembly/1766_9y9m.pdb,"Heteromer, 10 proteins."
1767,9y9m,data/filtered/details/structures_files/pairwise/1767_9y9m_B_b.pdb,data/filtered/details/structures_files/pymol/1767_9y9m_B_b.py,,data/filtered/details/structures_files/assembly/1767_9y9m.pdb,"Heteromer, 10 proteins."
1770,8v2o,data/filtered/details/structures_files/pairwise/1770_8v2o_A_B.pdb,data/filtered/details/structures_files/pymol/1770_8v2o_A_B.py,,data/filtered/details/structures_files/assembly/1770_8v2o.pdb,"Homomer, 5 proteins."
1771,8v2o,data/filtered/details/structures_files/pairwise/1771_8v2o_A_C.pdb,data/filtered/details/structures_files/pymol/1771_8v2o_A_C.py,,data/filtered/details/structures_files/assembly/1771_8v2o.pdb,"Homomer, 5 proteins."
1774,6tu7,data/filtered/details/structures_files/pairwise/1774_6tu7_DP1_GP1.pdb,data/filtered/details/structures_files/pymol/1774_6tu7_DP1_GP1.py,data/filtered/details/structures_files/assembly/1774_6tu7.cif,,"Heteromer, 6 proteins."
1775,9qfg,data/filtered/details/structures_files/pairwise/1775_9qfg_B_L.pdb,data/filtered/details/structures_files/pymol/1775_9qfg_B_L.py,,data/filtered/details/structures_files/assembly/1775_9qfg.pdb,"Heteromer, 14 proteins."
1776,9qfg,data/filtered/details/structures_files/pairwise/1776_9qfg_B_M.pdb,data/filtered/details/structures_files/pymol/1776_9qfg_B_M.py,,data/filtered/details/structures_files/assembly/1776_9qfg.pdb,"Heteromer, 14 proteins."
1778,9qfg,data/filtered/details/structures_files/pairwise/1778_9qfg_B_C.pdb,data/filtered/details/structures_files/pymol/1778_9qfg_B_C.py,,data/filtered/details/structures_files/assembly/1778_9qfg.pdb,"Heteromer, 14 proteins."
1779,9qfg,data/filtered/details/structures_files/pairwise/1779_9qfg_B_D.pdb,data/filtered/details/structures_files/pymol/1779_9qfg_B_D.py,,data/filtered/details/structures_files/assembly/1779_9qfg.pdb,"Heteromer, 14 proteins."
178,9kbx,data/filtered/details/structures_files/pairwise/178_9kbx_H_B.pdb,data/filtered/details/structures_files/pymol/178_9kbx_H_B.py,,data/filtered/details/structures_files/assembly/178_9kbx.pdb,"Heteromer, 6 proteins."
1780,8e9b,data/filtered/details/structures_files/pairwise/1780_8e9b_O_A.pdb,data/filtered/details/structures_files/pymol/1780_8e9b_O_A.py,,data/filtered/details/structures_files/assembly/1780_8e9b.pdb,"Heteromer, 15 proteins."
1781,8e9b,data/filtered/details/structures_files/pairwise/1781_8e9b_O_C.pdb,data/filtered/details/structures_files/pymol/1781_8e9b_O_C.py,,data/filtered/details/structures_files/assembly/1781_8e9b.pdb,"Heteromer, 15 proteins."
1782,8e9b,data/filtered/details/structures_files/pairwise/1782_8e9b_O_D.pdb,data/filtered/details/structures_files/pymol/1782_8e9b_O_D.py,,data/filtered/details/structures_files/assembly/1782_8e9b.pdb,"Heteromer, 15 proteins."
1785,8e9b,data/filtered/details/structures_files/pairwise/1785_8e9b_O_P.pdb,data/filtered/details/structures_files/pymol/1785_8e9b_O_P.py,,data/filtered/details/structures_files/assembly/1785_8e9b.pdb,"Heteromer, 15 proteins."
1786,8e9b,data/filtered/details/structures_files/pairwise/1786_8e9b_O_Q.pdb,data/filtered/details/structures_files/pymol/1786_8e9b_O_Q.py,,data/filtered/details/structures_files/assembly/1786_8e9b.pdb,"Heteromer, 15 proteins."
1787,9y9m,data/filtered/details/structures_files/pairwise/1787_9y9m_A_B.pdb,data/filtered/details/structures_files/pymol/1787_9y9m_A_B.py,,data/filtered/details/structures_files/assembly/1787_9y9m.pdb,"Heteromer, 10 proteins."
1788,9y9m,data/filtered/details/structures_files/pairwise/1788_9y9m_A_C.pdb,data/filtered/details/structures_files/pymol/1788_9y9m_A_C.py,,data/filtered/details/structures_files/assembly/1788_9y9m.pdb,"Heteromer, 10 proteins."
1789,9y9m,data/filtered/details/structures_files/pairwise/1789_9y9m_A_a.pdb,data/filtered/details/structures_files/pymol/1789_9y9m_A_a.py,,data/filtered/details/structures_files/assembly/1789_9y9m.pdb,"Heteromer, 10 proteins."
179,9kbx,data/filtered/details/structures_files/pairwise/179_9kbx_H_J.pdb,data/filtered/details/structures_files/pymol/179_9kbx_H_J.py,,data/filtered/details/structures_files/assembly/179_9kbx.pdb,"Heteromer, 6 proteins."
1793,6tu7,data/filtered/details/structures_files/pairwise/1793_6tu7_CP1_AP1.pdb,data/filtered/details/structures_files/pymol/1793_6tu7_CP1_AP1.py,data/filtered/details/structures_files/assembly/1793_6tu7.cif,,"Heteromer, 6 proteins."
1795,6tu7,data/filtered/details/structures_files/pairwise/1795_6tu7_CP1_DP1.pdb,data/filtered/details/structures_files/pymol/1795_6tu7_CP1_DP1.py,data/filtered/details/structures_files/assembly/1795_6tu7.cif,,"Heteromer, 6 proteins."
1796,6tu7,data/filtered/details/structures_files/pairwise/1796_6tu7_CP1_EP1.pdb,data/filtered/details/structures_files/pymol/1796_6tu7_CP1_EP1.py,data/filtered/details/structures_files/assembly/1796_6tu7.cif,,"Heteromer, 6 proteins."
1797,9qfg,data/filtered/details/structures_files/pairwise/1797_9qfg_A_H.pdb,data/filtered/details/structures_files/pymol/1797_9qfg_A_H.py,,data/filtered/details/structures_files/assembly/1797_9qfg.pdb,"Heteromer, 14 proteins."
1798,9qfg,data/filtered/details/structures_files/pairwise/1798_9qfg_A_I.pdb,data/filtered/details/structures_files/pymol/1798_9qfg_A_I.py,,data/filtered/details/structures_files/assembly/1798_9qfg.pdb,"Heteromer, 14 proteins."
1799,9qfg,data/filtered/details/structures_files/pairwise/1799_9qfg_A_L.pdb,data/filtered/details/structures_files/pymol/1799_9qfg_A_L.py,,data/filtered/details/structures_files/assembly/1799_9qfg.pdb,"Heteromer, 14 proteins."
180,9kbx,data/filtered/details/structures_files/pairwise/180_9kbx_H_K.pdb,data/filtered/details/structures_files/pymol/180_9kbx_H_K.py,,data/filtered/details/structures_files/assembly/180_9kbx.pdb,"Heteromer, 6 proteins."
1800,9qfg,data/filtered/details/structures_files/pairwise/1800_9qfg_A_B.pdb,data/filtered/details/structures_files/pymol/1800_9qfg_A_B.py,,data/filtered/details/structures_files/assembly/1800_9qfg.pdb,"Heteromer, 14 proteins."
1801,9qfg,data/filtered/details/structures_files/pairwise/1801_9qfg_A_C.pdb,data/filtered/details/structures_files/pymol/1801_9qfg_A_C.py,,data/filtered/details/structures_files/assembly/1801_9qfg.pdb,"Heteromer, 14 proteins."
1803,8e9b,data/filtered/details/structures_files/pairwise/1803_8e9b_N_O.pdb,data/filtered/details/structures_files/pymol/1803_8e9b_N_O.py,,data/filtered/details/structures_files/assembly/1803_8e9b.pdb,"Heteromer, 15 proteins."
1804,8e9b,data/filtered/details/structures_files/pairwise/1804_8e9b_N_P.pdb,data/filtered/details/structures_files/pymol/1804_8e9b_N_P.py,,data/filtered/details/structures_files/assembly/1804_8e9b.pdb,"Heteromer, 15 proteins."
1807,9y9l,data/filtered/details/structures_files/pairwise/1807_9y9l_E_Y.pdb,data/filtered/details/structures_files/pymol/1807_9y9l_E_Y.py,,data/filtered/details/structures_files/assembly/1807_9y9l.pdb,"Heteromer, 11 proteins."
1808,9y9l,data/filtered/details/structures_files/pairwise/1808_9y9l_E_Z.pdb,data/filtered/details/structures_files/pymol/1808_9y9l_E_Z.py,,data/filtered/details/structures_files/assembly/1808_9y9l.pdb,"Heteromer, 11 proteins."
1809,9y9l,data/filtered/details/structures_files/pairwise/1809_9y9l_E_c.pdb,data/filtered/details/structures_files/pymol/1809_9y9l_E_c.py,,data/filtered/details/structures_files/assembly/1809_9y9l.pdb,"Heteromer, 11 proteins."
181,9kbx,data/filtered/details/structures_files/pairwise/181_9kbx_H_L.pdb,data/filtered/details/structures_files/pymol/181_9kbx_H_L.py,,data/filtered/details/structures_files/assembly/181_9kbx.pdb,"Heteromer, 6 proteins."
1814,6tu7,data/filtered/details/structures_files/pairwise/1814_6tu7_BP1_CP1.pdb,data/filtered/details/structures_files/pymol/1814_6tu7_BP1_CP1.py,data/filtered/details/structures_files/assembly/1814_6tu7.cif,,"Heteromer, 6 proteins."
1815,6tu7,data/filtered/details/structures_files/pairwise/1815_6tu7_BP1_DP1.pdb,data/filtered/details/structures_files/pymol/1815_6tu7_BP1_DP1.py,data/filtered/details/structures_files/assembly/1815_6tu7.cif,,"Heteromer, 6 proteins."
1816,6tu7,data/filtered/details/structures_files/pairwise/1816_6tu7_BP1_EP1.pdb,data/filtered/details/structures_files/pymol/1816_6tu7_BP1_EP1.py,data/filtered/details/structures_files/assembly/1816_6tu7.cif,,"Heteromer, 6 proteins."
1817,6tu7,data/filtered/details/structures_files/pairwise/1817_6tu7_BP1_GP1.pdb,data/filtered/details/structures_files/pymol/1817_6tu7_BP1_GP1.py,data/filtered/details/structures_files/assembly/1817_6tu7.cif,,"Heteromer, 6 proteins."
182,8iah,data/filtered/details/structures_files/pairwise/182_8iah_L_0.pdb,data/filtered/details/structures_files/pymol/182_8iah_L_0.py,data/filtered/details/structures_files/assembly/182_8iah.cif,,"Heteromer, 36 proteins."
1820,9qfe,data/filtered/details/structures_files/pairwise/1820_9qfe_G_K.pdb,data/filtered/details/structures_files/pymol/1820_9qfe_G_K.py,,data/filtered/details/structures_files/assembly/1820_9qfe.pdb,"Heteromer, 14 proteins."
1821,9qfe,data/filtered/details/structures_files/pairwise/1821_9qfe_G_N.pdb,data/filtered/details/structures_files/pymol/1821_9qfe_G_N.py,,data/filtered/details/structures_files/assembly/1821_9qfe.pdb,"Heteromer, 14 proteins."
1822,8e9b,data/filtered/details/structures_files/pairwise/1822_8e9b_M_E.pdb,data/filtered/details/structures_files/pymol/1822_8e9b_M_E.py,,data/filtered/details/structures_files/assembly/1822_8e9b.pdb,"Heteromer, 15 proteins."
1823,8e9b,data/filtered/details/structures_files/pairwise/1823_8e9b_M_N.pdb,data/filtered/details/structures_files/pymol/1823_8e9b_M_N.py,,data/filtered/details/structures_files/assembly/1823_8e9b.pdb,"Heteromer, 15 proteins."
1824,8e9b,data/filtered/details/structures_files/pairwise/1824_8e9b_M_O.pdb,data/filtered/details/structures_files/pymol/1824_8e9b_M_O.py,,data/filtered/details/structures_files/assembly/1824_8e9b.pdb,"Heteromer, 15 proteins."
1827,9y9l,data/filtered/details/structures_files/pairwise/1827_9y9l_D_E.pdb,data/filtered/details/structures_files/pymol/1827_9y9l_D_E.py,,data/filtered/details/structures_files/assembly/1827_9y9l.pdb,"Heteromer, 11 proteins."
1828,9y9l,data/filtered/details/structures_files/pairwise/1828_9y9l_D_Y.pdb,data/filtered/details/structures_files/pymol/1828_9y9l_D_Y.py,,data/filtered/details/structures_files/assembly/1828_9y9l.pdb,"Heteromer, 11 proteins."
1829,9y9l,data/filtered/details/structures_files/pairwise/1829_9y9l_D_b.pdb,data/filtered/details/structures_files/pymol/1829_9y9l_D_b.py,,data/filtered/details/structures_files/assembly/1829_9y9l.pdb,"Heteromer, 11 proteins."
183,8iah,data/filtered/details/structures_files/pairwise/183_8iah_L_1.pdb,data/filtered/details/structures_files/pymol/183_8iah_L_1.py,data/filtered/details/structures_files/assembly/183_8iah.cif,,"Heteromer, 36 proteins."
1830,9y9l,data/filtered/details/structures_files/pairwise/1830_9y9l_D_d.pdb,data/filtered/details/structures_files/pymol/1830_9y9l_D_d.py,,data/filtered/details/structures_files/assembly/1830_9y9l.pdb,"Heteromer, 11 proteins."
1835,9zbp,data/filtered/details/structures_files/pairwise/1835_9zbp_E_F.pdb,data/filtered/details/structures_files/pymol/1835_9zbp_E_F.py,,data/filtered/details/structures_files/assembly/1835_9zbp.pdb,"Heteromer, 10 proteins."
184,8iah,data/filtered/details/structures_files/pairwise/184_8iah_L_2.pdb,data/filtered/details/structures_files/pymol/184_8iah_L_2.py,data/filtered/details/structures_files/assembly/184_8iah.cif,,"Heteromer, 36 proteins."
1841,9qfe,data/filtered/details/structures_files/pairwise/1841_9qfe_F_G.pdb,data/filtered/details/structures_files/pymol/1841_9qfe_F_G.py,,data/filtered/details/structures_files/assembly/1841_9qfe.pdb,"Heteromer, 14 proteins."
1842,9qfe,data/filtered/details/structures_files/pairwise/1842_9qfe_F_N.pdb,data/filtered/details/structures_files/pymol/1842_9qfe_F_N.py,,data/filtered/details/structures_files/assembly/1842_9qfe.pdb,"Heteromer, 14 proteins."
1847,9y9l,data/filtered/details/structures_files/pairwise/1847_9y9l_C_D.pdb,data/filtered/details/structures_files/pymol/1847_9y9l_C_D.py,,data/filtered/details/structures_files/assembly/1847_9y9l.pdb,"Heteromer, 11 proteins."
1848,9y9l,data/filtered/details/structures_files/pairwise/1848_9y9l_C_E.pdb,data/filtered/details/structures_files/pymol/1848_9y9l_C_E.py,,data/filtered/details/structures_files/assembly/1848_9y9l.pdb,"Heteromer, 11 proteins."
1849,9y9l,data/filtered/details/structures_files/pairwise/1849_9y9l_C_a.pdb,data/filtered/details/structures_files/pymol/1849_9y9l_C_a.py,,data/filtered/details/structures_files/assembly/1849_9y9l.pdb,"Heteromer, 11 proteins."
185,8iah,data/filtered/details/structures_files/pairwise/185_8iah_L_3.pdb,data/filtered/details/structures_files/pymol/185_8iah_L_3.py,data/filtered/details/structures_files/assembly/185_8iah.cif,,"Heteromer, 36 proteins."
1850,9y9l,data/filtered/details/structures_files/pairwise/1850_9y9l_C_c.pdb,data/filtered/details/structures_files/pymol/1850_9y9l_C_c.py,,data/filtered/details/structures_files/assembly/1850_9y9l.pdb,"Heteromer, 11 proteins."
1855,9zbp,data/filtered/details/structures_files/pairwise/1855_9zbp_D_E.pdb,data/filtered/details/structures_files/pymol/1855_9zbp_D_E.py,,data/filtered/details/structures_files/assembly/1855_9zbp.pdb,"Heteromer, 10 proteins."
1856,9zbp,data/filtered/details/structures_files/pairwise/1856_9zbp_D_F.pdb,data/filtered/details/structures_files/pymol/1856_9zbp_D_F.py,,data/filtered/details/structures_files/assembly/1856_9zbp.pdb,"Heteromer, 10 proteins."
1859,7aln,data/filtered/details/structures_files/pairwise/1859_7aln_D_E.pdb,data/filtered/details/structures_files/pymol/1859_7aln_D_E.py,,data/filtered/details/structures_files/assembly/1859_7aln.pdb,"Heteromer, 6 proteins."
186,8iah,data/filtered/details/structures_files/pairwise/186_8iah_L_4.pdb,data/filtered/details/structures_files/pymol/186_8iah_L_4.py,data/filtered/details/structures_files/assembly/186_8iah.cif,,"Heteromer, 36 proteins."
1862,9qfe,data/filtered/details/structures_files/pairwise/1862_9qfe_E_F.pdb,data/filtered/details/structures_files/pymol/1862_9qfe_E_F.py,,data/filtered/details/structures_files/assembly/1862_9qfe.pdb,"Heteromer, 14 proteins."
1863,9qfe,data/filtered/details/structures_files/pairwise/1863_9qfe_E_G.pdb,data/filtered/details/structures_files/pymol/1863_9qfe_E_G.py,,data/filtered/details/structures_files/assembly/1863_9qfe.pdb,"Heteromer, 14 proteins."
1864,9qfe,data/filtered/details/structures_files/pairwise/1864_9qfe_E_J.pdb,data/filtered/details/structures_files/pymol/1864_9qfe_E_J.py,,data/filtered/details/structures_files/assembly/1864_9qfe.pdb,"Heteromer, 14 proteins."
1865,9qfe,data/filtered/details/structures_files/pairwise/1865_9qfe_E_K.pdb,data/filtered/details/structures_files/pymol/1865_9qfe_E_K.py,,data/filtered/details/structures_files/assembly/1865_9qfe.pdb,"Heteromer, 14 proteins."
1866,9qfe,data/filtered/details/structures_files/pairwise/1866_9qfe_E_M.pdb,data/filtered/details/structures_files/pymol/1866_9qfe_E_M.py,,data/filtered/details/structures_files/assembly/1866_9qfe.pdb,"Heteromer, 14 proteins."
1867,9qfe,data/filtered/details/structures_files/pairwise/1867_9qfe_E_N.pdb,data/filtered/details/structures_files/pymol/1867_9qfe_E_N.py,,data/filtered/details/structures_files/assembly/1867_9qfe.pdb,"Heteromer, 14 proteins."
1870,8a2z,data/filtered/details/structures_files/pairwise/1870_8a2z_D_E.pdb,data/filtered/details/structures_files/pymol/1870_8a2z_D_E.py,,data/filtered/details/structures_files/assembly/1870_8a2z.pdb,"Homomer, 5 proteins."
1872,9y9l,data/filtered/details/structures_files/pairwise/1872_9y9l_B_C.pdb,data/filtered/details/structures_files/pymol/1872_9y9l_B_C.py,,data/filtered/details/structures_files/assembly/1872_9y9l.pdb,"Heteromer, 11 proteins."
1873,9y9l,data/filtered/details/structures_files/pairwise/1873_9y9l_B_D.pdb,data/filtered/details/structures_files/pymol/1873_9y9l_B_D.py,,data/filtered/details/structures_files/assembly/1873_9y9l.pdb,"Heteromer, 11 proteins."
1874,9y9l,data/filtered/details/structures_files/pairwise/1874_9y9l_B_b.pdb,data/filtered/details/structures_files/pymol/1874_9y9l_B_b.py,,data/filtered/details/structures_files/assembly/1874_9y9l.pdb,"Heteromer, 11 proteins."
1879,9zbp,data/filtered/details/structures_files/pairwise/1879_9zbp_C_D.pdb,data/filtered/details/structures_files/pymol/1879_9zbp_C_D.py,,data/filtered/details/structures_files/assembly/1879_9zbp.pdb,"Heteromer, 10 proteins."
1880,9zbp,data/filtered/details/structures_files/pairwise/1880_9zbp_C_E.pdb,data/filtered/details/structures_files/pymol/1880_9zbp_C_E.py,,data/filtered/details/structures_files/assembly/1880_9zbp.pdb,"Heteromer, 10 proteins."
1882,7aln,data/filtered/details/structures_files/pairwise/1882_7aln_C_E.pdb,data/filtered/details/structures_files/pymol/1882_7aln_C_E.py,,data/filtered/details/structures_files/assembly/1882_7aln.pdb,"Heteromer, 6 proteins."
1883,7aln,data/filtered/details/structures_files/pairwise/1883_7aln_C_F.pdb,data/filtered/details/structures_files/pymol/1883_7aln_C_F.py,,data/filtered/details/structures_files/assembly/1883_7aln.pdb,"Heteromer, 6 proteins."
1886,9qfe,data/filtered/details/structures_files/pairwise/1886_9qfe_D_E.pdb,data/filtered/details/structures_files/pymol/1886_9qfe_D_E.py,,data/filtered/details/structures_files/assembly/1886_9qfe.pdb,"Heteromer, 14 proteins."
1887,9qfe,data/filtered/details/structures_files/pairwise/1887_9qfe_D_F.pdb,data/filtered/details/structures_files/pymol/1887_9qfe_D_F.py,,data/filtered/details/structures_files/assembly/1887_9qfe.pdb,"Heteromer, 14 proteins."
1888,9qfe,data/filtered/details/structures_files/pairwise/1888_9qfe_D_M.pdb,data/filtered/details/structures_files/pymol/1888_9qfe_D_M.py,,data/filtered/details/structures_files/assembly/1888_9qfe.pdb,"Heteromer, 14 proteins."
1889,9qfe,data/filtered/details/structures_files/pairwise/1889_9qfe_D_N.pdb,data/filtered/details/structures_files/pymol/1889_9qfe_D_N.py,,data/filtered/details/structures_files/assembly/1889_9qfe.pdb,"Heteromer, 14 proteins."
1892,8a2z,data/filtered/details/structures_files/pairwise/1892_8a2z_B_D.pdb,data/filtered/details/structures_files/pymol/1892_8a2z_B_D.py,,data/filtered/details/structures_files/assembly/1892_8a2z.pdb,"Homomer, 5 proteins."
1893,9y9l,data/filtered/details/structures_files/pairwise/1893_9y9l_A_B.pdb,data/filtered/details/structures_files/pymol/1893_9y9l_A_B.py,,data/filtered/details/structures_files/assembly/1893_9y9l.pdb,"Heteromer, 11 proteins."
1894,9y9l,data/filtered/details/structures_files/pairwise/1894_9y9l_A_C.pdb,data/filtered/details/structures_files/pymol/1894_9y9l_A_C.py,,data/filtered/details/structures_files/assembly/1894_9y9l.pdb,"Heteromer, 11 proteins."
1895,9y9l,data/filtered/details/structures_files/pairwise/1895_9y9l_A_a.pdb,data/filtered/details/structures_files/pymol/1895_9y9l_A_a.py,,data/filtered/details/structures_files/assembly/1895_9y9l.pdb,"Heteromer, 11 proteins."
19,9ug2,data/filtered/details/structures_files/pairwise/19_9ug2_F_B.pdb,data/filtered/details/structures_files/pymol/19_9ug2_F_B.py,,data/filtered/details/structures_files/assembly/19_9ug2.pdb,"Heteromer, 6 proteins, 3 peptides."
1900,9zbp,data/filtered/details/structures_files/pairwise/1900_9zbp_B_C.pdb,data/filtered/details/structures_files/pymol/1900_9zbp_B_C.py,,data/filtered/details/structures_files/assembly/1900_9zbp.pdb,"Heteromer, 10 proteins."
1901,9zbp,data/filtered/details/structures_files/pairwise/1901_9zbp_B_D.pdb,data/filtered/details/structures_files/pymol/1901_9zbp_B_D.py,,data/filtered/details/structures_files/assembly/1901_9zbp.pdb,"Heteromer, 10 proteins."
1903,7aln,data/filtered/details/structures_files/pairwise/1903_7aln_B_D.pdb,data/filtered/details/structures_files/pymol/1903_7aln_B_D.py,,data/filtered/details/structures_files/assembly/1903_7aln.pdb,"Heteromer, 6 proteins."
1906,9qfe,data/filtered/details/structures_files/pairwise/1906_9qfe_C_D.pdb,data/filtered/details/structures_files/pymol/1906_9qfe_C_D.py,,data/filtered/details/structures_files/assembly/1906_9qfe.pdb,"Heteromer, 14 proteins."
1907,9qfe,data/filtered/details/structures_files/pairwise/1907_9qfe_C_E.pdb,data/filtered/details/structures_files/pymol/1907_9qfe_C_E.py,,data/filtered/details/structures_files/assembly/1907_9qfe.pdb,"Heteromer, 14 proteins."
1908,9qfe,data/filtered/details/structures_files/pairwise/1908_9qfe_C_I.pdb,data/filtered/details/structures_files/pymol/1908_9qfe_C_I.py,,data/filtered/details/structures_files/assembly/1908_9qfe.pdb,"Heteromer, 14 proteins."
1909,9qfe,data/filtered/details/structures_files/pairwise/1909_9qfe_C_J.pdb,data/filtered/details/structures_files/pymol/1909_9qfe_C_J.py,,data/filtered/details/structures_files/assembly/1909_9qfe.pdb,"Heteromer, 14 proteins."
191,9bph,data/filtered/details/structures_files/pairwise/191_9bph_C_D.pdb,data/filtered/details/structures_files/pymol/191_9bph_C_D.py,,data/filtered/details/structures_files/assembly/191_9bph.pdb,"Homomer, 4 proteins."
1910,9qfe,data/filtered/details/structures_files/pairwise/1910_9qfe_C_L.pdb,data/filtered/details/structures_files/pymol/1910_9qfe_C_L.py,,data/filtered/details/structures_files/assembly/1910_9qfe.pdb,"Heteromer, 14 proteins."
1911,9qfe,data/filtered/details/structures_files/pairwise/1911_9qfe_C_M.pdb,data/filtered/details/structures_files/pymol/1911_9qfe_C_M.py,,data/filtered/details/structures_files/assembly/1911_9qfe.pdb,"Heteromer, 14 proteins."
1913,8a2z,data/filtered/details/structures_files/pairwise/1913_8a2z_A_B.pdb,data/filtered/details/structures_files/pymol/1913_8a2z_A_B.py,,data/filtered/details/structures_files/assembly/1913_8a2z.pdb,"Homomer, 5 proteins."
1916,9y9j,data/filtered/details/structures_files/pairwise/1916_9y9j_E_c.pdb,data/filtered/details/structures_files/pymol/1916_9y9j_E_c.py,,data/filtered/details/structures_files/assembly/1916_9y9j.pdb,"Heteromer, 12 proteins."
1917,9y9j,data/filtered/details/structures_files/pairwise/1917_9y9j_E_e.pdb,data/filtered/details/structures_files/pymol/1917_9y9j_E_e.py,,data/filtered/details/structures_files/assembly/1917_9y9j.pdb,"Heteromer, 12 proteins."
1921,9zbp,data/filtered/details/structures_files/pairwise/1921_9zbp_A_B.pdb,data/filtered/details/structures_files/pymol/1921_9zbp_A_B.py,,data/filtered/details/structures_files/assembly/1921_9zbp.pdb,"Heteromer, 10 proteins."
1922,9zbp,data/filtered/details/structures_files/pairwise/1922_9zbp_A_C.pdb,data/filtered/details/structures_files/pymol/1922_9zbp_A_C.py,,data/filtered/details/structures_files/assembly/1922_9zbp.pdb,"Heteromer, 10 proteins."
1923,7aln,data/filtered/details/structures_files/pairwise/1923_7aln_A_B.pdb,data/filtered/details/structures_files/pymol/1923_7aln_A_B.py,,data/filtered/details/structures_files/assembly/1923_7aln.pdb,"Heteromer, 6 proteins."
1924,7aln,data/filtered/details/structures_files/pairwise/1924_7aln_A_C.pdb,data/filtered/details/structures_files/pymol/1924_7aln_A_C.py,,data/filtered/details/structures_files/assembly/1924_7aln.pdb,"Heteromer, 6 proteins."
1925,7aln,data/filtered/details/structures_files/pairwise/1925_7aln_A_D.pdb,data/filtered/details/structures_files/pymol/1925_7aln_A_D.py,,data/filtered/details/structures_files/assembly/1925_7aln.pdb,"Heteromer, 6 proteins."
1926,7aln,data/filtered/details/structures_files/pairwise/1926_7aln_A_E.pdb,data/filtered/details/structures_files/pymol/1926_7aln_A_E.py,,data/filtered/details/structures_files/assembly/1926_7aln.pdb,"Heteromer, 6 proteins."
1927,7aln,data/filtered/details/structures_files/pairwise/1927_7aln_A_F.pdb,data/filtered/details/structures_files/pymol/1927_7aln_A_F.py,,data/filtered/details/structures_files/assembly/1927_7aln.pdb,"Heteromer, 6 proteins."
1929,9qfe,data/filtered/details/structures_files/pairwise/1929_9qfe_B_C.pdb,data/filtered/details/structures_files/pymol/1929_9qfe_B_C.py,,data/filtered/details/structures_files/assembly/1929_9qfe.pdb,"Heteromer, 14 proteins."
1930,9qfe,data/filtered/details/structures_files/pairwise/1930_9qfe_B_D.pdb,data/filtered/details/structures_files/pymol/1930_9qfe_B_D.py,,data/filtered/details/structures_files/assembly/1930_9qfe.pdb,"Heteromer, 14 proteins."
1931,9qfe,data/filtered/details/structures_files/pairwise/1931_9qfe_B_L.pdb,data/filtered/details/structures_files/pymol/1931_9qfe_B_L.py,,data/filtered/details/structures_files/assembly/1931_9qfe.pdb,"Heteromer, 14 proteins."
1932,9qfe,data/filtered/details/structures_files/pairwise/1932_9qfe_B_M.pdb,data/filtered/details/structures_files/pymol/1932_9qfe_B_M.py,,data/filtered/details/structures_files/assembly/1932_9qfe.pdb,"Heteromer, 14 proteins."
1933,8a2z,data/filtered/details/structures_files/pairwise/1933_8a2z_C_A.pdb,data/filtered/details/structures_files/pymol/1933_8a2z_C_A.py,,data/filtered/details/structures_files/assembly/1933_8a2z.pdb,"Homomer, 5 proteins."
1934,8a2z,data/filtered/details/structures_files/pairwise/1934_8a2z_C_B.pdb,data/filtered/details/structures_files/pymol/1934_8a2z_C_B.py,,data/filtered/details/structures_files/assembly/1934_8a2z.pdb,"Homomer, 5 proteins."
1935,8a2z,data/filtered/details/structures_files/pairwise/1935_8a2z_C_D.pdb,data/filtered/details/structures_files/pymol/1935_8a2z_C_D.py,,data/filtered/details/structures_files/assembly/1935_8a2z.pdb,"Homomer, 5 proteins."
1936,8a2z,data/filtered/details/structures_files/pairwise/1936_8a2z_C_E.pdb,data/filtered/details/structures_files/pymol/1936_8a2z_C_E.py,,data/filtered/details/structures_files/assembly/1936_8a2z.pdb,"Homomer, 5 proteins."
1939,9y9j,data/filtered/details/structures_files/pairwise/1939_9y9j_D_E.pdb,data/filtered/details/structures_files/pymol/1939_9y9j_D_E.py,,data/filtered/details/structures_files/assembly/1939_9y9j.pdb,"Heteromer, 12 proteins."
1940,9y9j,data/filtered/details/structures_files/pairwise/1940_9y9j_D_b.pdb,data/filtered/details/structures_files/pymol/1940_9y9j_D_b.py,,data/filtered/details/structures_files/assembly/1940_9y9j.pdb,"Heteromer, 12 proteins."
1941,9y9j,data/filtered/details/structures_files/pairwise/1941_9y9j_D_d.pdb,data/filtered/details/structures_files/pymol/1941_9y9j_D_d.py,,data/filtered/details/structures_files/assembly/1941_9y9j.pdb,"Heteromer, 12 proteins."
1944,7r94,data/filtered/details/structures_files/pairwise/1944_7r94_E_G.pdb,data/filtered/details/structures_files/pymol/1944_7r94_E_G.py,,data/filtered/details/structures_files/assembly/1944_7r94.pdb,"Heteromer, 8 proteins."
1947,9qfe,data/filtered/details/structures_files/pairwise/1947_9qfe_A_B.pdb,data/filtered/details/structures_files/pymol/1947_9qfe_A_B.py,,data/filtered/details/structures_files/assembly/1947_9qfe.pdb,"Heteromer, 14 proteins."
1948,9qfe,data/filtered/details/structures_files/pairwise/1948_9qfe_A_C.pdb,data/filtered/details/structures_files/pymol/1948_9qfe_A_C.py,,data/filtered/details/structures_files/assembly/1948_9qfe.pdb,"Heteromer, 14 proteins."
1949,9qfe,data/filtered/details/structures_files/pairwise/1949_9qfe_A_H.pdb,data/filtered/details/structures_files/pymol/1949_9qfe_A_H.py,,data/filtered/details/structures_files/assembly/1949_9qfe.pdb,"Heteromer, 14 proteins."
195,8c4c,data/filtered/details/structures_files/pairwise/195_8c4c_G_H.pdb,data/filtered/details/structures_files/pymol/195_8c4c_G_H.py,,data/filtered/details/structures_files/assembly/195_8c4c.pdb,"Heteromer, 12 proteins."
1950,9qfe,data/filtered/details/structures_files/pairwise/1950_9qfe_A_I.pdb,data/filtered/details/structures_files/pymol/1950_9qfe_A_I.py,,data/filtered/details/structures_files/assembly/1950_9qfe.pdb,"Heteromer, 14 proteins."
1951,9qfe,data/filtered/details/structures_files/pairwise/1951_9qfe_A_L.pdb,data/filtered/details/structures_files/pymol/1951_9qfe_A_L.py,,data/filtered/details/structures_files/assembly/1951_9qfe.pdb,"Heteromer, 14 proteins."
1956,9y9j,data/filtered/details/structures_files/pairwise/1956_9y9j_C_D.pdb,data/filtered/details/structures_files/pymol/1956_9y9j_C_D.py,,data/filtered/details/structures_files/assembly/1956_9y9j.pdb,"Heteromer, 12 proteins."
1957,9y9j,data/filtered/details/structures_files/pairwise/1957_9y9j_C_E.pdb,data/filtered/details/structures_files/pymol/1957_9y9j_C_E.py,,data/filtered/details/structures_files/assembly/1957_9y9j.pdb,"Heteromer, 12 proteins."
1958,9y9j,data/filtered/details/structures_files/pairwise/1958_9y9j_C_a.pdb,data/filtered/details/structures_files/pymol/1958_9y9j_C_a.py,,data/filtered/details/structures_files/assembly/1958_9y9j.pdb,"Heteromer, 12 proteins."
1959,9y9j,data/filtered/details/structures_files/pairwise/1959_9y9j_C_c.pdb,data/filtered/details/structures_files/pymol/1959_9y9j_C_c.py,,data/filtered/details/structures_files/assembly/1959_9y9j.pdb,"Heteromer, 12 proteins."
196,8c4c,data/filtered/details/structures_files/pairwise/196_8c4c_G_K.pdb,data/filtered/details/structures_files/pymol/196_8c4c_G_K.py,,data/filtered/details/structures_files/assembly/196_8c4c.pdb,"Heteromer, 12 proteins."
1962,7r94,data/filtered/details/structures_files/pairwise/1962_7r94_D_E.pdb,data/filtered/details/structures_files/pymol/1962_7r94_D_E.py,,data/filtered/details/structures_files/assembly/1962_7r94.pdb,"Heteromer, 8 proteins."
1963,7r94,data/filtered/details/structures_files/pairwise/1963_7r94_D_H.pdb,data/filtered/details/structures_files/pymol/1963_7r94_D_H.py,,data/filtered/details/structures_files/assembly/1963_7r94.pdb,"Heteromer, 8 proteins."
1968,9qfd,data/filtered/details/structures_files/pairwise/1968_9qfd_G_N.pdb,data/filtered/details/structures_files/pymol/1968_9qfd_G_N.py,,data/filtered/details/structures_files/assembly/1968_9qfd.pdb,"Heteromer, 14 proteins."
197,8c4c,data/filtered/details/structures_files/pairwise/197_8c4c_G_L.pdb,data/filtered/details/structures_files/pymol/197_8c4c_G_L.py,,data/filtered/details/structures_files/assembly/197_8c4c.pdb,"Heteromer, 12 proteins."
1971,8a2y,data/filtered/details/structures_files/pairwise/1971_8a2y_D_E.pdb,data/filtered/details/structures_files/pymol/1971_8a2y_D_E.py,,data/filtered/details/structures_files/assembly/1971_8a2y.pdb,"Homomer, 5 proteins."
1973,9y9j,data/filtered/details/structures_files/pairwise/1973_9y9j_B_C.pdb,data/filtered/details/structures_files/pymol/1973_9y9j_B_C.py,,data/filtered/details/structures_files/assembly/1973_9y9j.pdb,"Heteromer, 12 proteins."
1974,9y9j,data/filtered/details/structures_files/pairwise/1974_9y9j_B_D.pdb,data/filtered/details/structures_files/pymol/1974_9y9j_B_D.py,,data/filtered/details/structures_files/assembly/1974_9y9j.pdb,"Heteromer, 12 proteins."
1975,9y9j,data/filtered/details/structures_files/pairwise/1975_9y9j_B_X.pdb,data/filtered/details/structures_files/pymol/1975_9y9j_B_X.py,,data/filtered/details/structures_files/assembly/1975_9y9j.pdb,"Heteromer, 12 proteins."
1976,9y9j,data/filtered/details/structures_files/pairwise/1976_9y9j_B_b.pdb,data/filtered/details/structures_files/pymol/1976_9y9j_B_b.py,,data/filtered/details/structures_files/assembly/1976_9y9j.pdb,"Heteromer, 12 proteins."
1979,7r94,data/filtered/details/structures_files/pairwise/1979_7r94_A_F.pdb,data/filtered/details/structures_files/pymol/1979_7r94_A_F.py,,data/filtered/details/structures_files/assembly/1979_7r94.pdb,"Heteromer, 8 proteins."
1982,9yim,data/filtered/details/structures_files/pairwise/1982_9yim_E_Y.pdb,data/filtered/details/structures_files/pymol/1982_9yim_E_Y.py,,data/filtered/details/structures_files/assembly/1982_9yim.pdb,"Heteromer, 7 proteins."
1983,9yim,data/filtered/details/structures_files/pairwise/1983_9yim_E_Z.pdb,data/filtered/details/structures_files/pymol/1983_9yim_E_Z.py,,data/filtered/details/structures_files/assembly/1983_9yim.pdb,"Heteromer, 7 proteins."
1987,9qfd,data/filtered/details/structures_files/pairwise/1987_9qfd_F_G.pdb,data/filtered/details/structures_files/pymol/1987_9qfd_F_G.py,,data/filtered/details/structures_files/assembly/1987_9qfd.pdb,"Heteromer, 14 proteins."
1988,9qfd,data/filtered/details/structures_files/pairwise/1988_9qfd_F_M.pdb,data/filtered/details/structures_files/pymol/1988_9qfd_F_M.py,,data/filtered/details/structures_files/assembly/1988_9qfd.pdb,"Heteromer, 14 proteins."
1991,8a2y,data/filtered/details/structures_files/pairwise/1991_8a2y_B_D.pdb,data/filtered/details/structures_files/pymol/1991_8a2y_B_D.py,,data/filtered/details/structures_files/assembly/1991_8a2y.pdb,"Homomer, 5 proteins."
1992,9y9j,data/filtered/details/structures_files/pairwise/1992_9y9j_A_B.pdb,data/filtered/details/structures_files/pymol/1992_9y9j_A_B.py,,data/filtered/details/structures_files/assembly/1992_9y9j.pdb,"Heteromer, 12 proteins."
1993,9y9j,data/filtered/details/structures_files/pairwise/1993_9y9j_A_C.pdb,data/filtered/details/structures_files/pymol/1993_9y9j_A_C.py,,data/filtered/details/structures_files/assembly/1993_9y9j.pdb,"Heteromer, 12 proteins."
1994,9y9j,data/filtered/details/structures_files/pairwise/1994_9y9j_A_W.pdb,data/filtered/details/structures_files/pymol/1994_9y9j_A_W.py,,data/filtered/details/structures_files/assembly/1994_9y9j.pdb,"Heteromer, 12 proteins."
1995,9y9j,data/filtered/details/structures_files/pairwise/1995_9y9j_A_X.pdb,data/filtered/details/structures_files/pymol/1995_9y9j_A_X.py,,data/filtered/details/structures_files/assembly/1995_9y9j.pdb,"Heteromer, 12 proteins."
1996,9y9j,data/filtered/details/structures_files/pairwise/1996_9y9j_A_a.pdb,data/filtered/details/structures_files/pymol/1996_9y9j_A_a.py,,data/filtered/details/structures_files/assembly/1996_9y9j.pdb,"Heteromer, 12 proteins."
1998,7r94,data/filtered/details/structures_files/pairwise/1998_7r94_B_A.pdb,data/filtered/details/structures_files/pymol/1998_7r94_B_A.py,,data/filtered/details/structures_files/assembly/1998_7r94.pdb,"Heteromer, 8 proteins."
1999,7r94,data/filtered/details/structures_files/pairwise/1999_7r94_B_D.pdb,data/filtered/details/structures_files/pymol/1999_7r94_B_D.py,,data/filtered/details/structures_files/assembly/1999_7r94.pdb,"Heteromer, 8 proteins."
2000,7r94,data/filtered/details/structures_files/pairwise/2000_7r94_B_H.pdb,data/filtered/details/structures_files/pymol/2000_7r94_B_H.py,,data/filtered/details/structures_files/assembly/2000_7r94.pdb,"Heteromer, 8 proteins."
2003,9yim,data/filtered/details/structures_files/pairwise/2003_9yim_D_E.pdb,data/filtered/details/structures_files/pymol/2003_9yim_D_E.py,,data/filtered/details/structures_files/assembly/2003_9yim.pdb,"Heteromer, 7 proteins."
2004,9yim,data/filtered/details/structures_files/pairwise/2004_9yim_D_Y.pdb,data/filtered/details/structures_files/pymol/2004_9yim_D_Y.py,,data/filtered/details/structures_files/assembly/2004_9yim.pdb,"Heteromer, 7 proteins."
2005,9yim,data/filtered/details/structures_files/pairwise/2005_9yim_D_Z.pdb,data/filtered/details/structures_files/pymol/2005_9yim_D_Z.py,,data/filtered/details/structures_files/assembly/2005_9yim.pdb,"Heteromer, 7 proteins."
2009,9qfd,data/filtered/details/structures_files/pairwise/2009_9qfd_E_F.pdb,data/filtered/details/structures_files/pymol/2009_9qfd_E_F.py,,data/filtered/details/structures_files/assembly/2009_9qfd.pdb,"Heteromer, 14 proteins."
2010,9qfd,data/filtered/details/structures_files/pairwise/2010_9qfd_E_G.pdb,data/filtered/details/structures_files/pymol/2010_9qfd_E_G.py,,data/filtered/details/structures_files/assembly/2010_9qfd.pdb,"Heteromer, 14 proteins."
2011,9qfd,data/filtered/details/structures_files/pairwise/2011_9qfd_E_L.pdb,data/filtered/details/structures_files/pymol/2011_9qfd_E_L.py,,data/filtered/details/structures_files/assembly/2011_9qfd.pdb,"Heteromer, 14 proteins."
2012,9qfd,data/filtered/details/structures_files/pairwise/2012_9qfd_E_N.pdb,data/filtered/details/structures_files/pymol/2012_9qfd_E_N.py,,data/filtered/details/structures_files/assembly/2012_9qfd.pdb,"Heteromer, 14 proteins."
2014,8a2y,data/filtered/details/structures_files/pairwise/2014_8a2y_A_B.pdb,data/filtered/details/structures_files/pymol/2014_8a2y_A_B.py,,data/filtered/details/structures_files/assembly/2014_8a2y.pdb,"Homomer, 5 proteins."
2017,9y52,data/filtered/details/structures_files/pairwise/2017_9y52_E_c.pdb,data/filtered/details/structures_files/pymol/2017_9y52_E_c.py,,data/filtered/details/structures_files/assembly/2017_9y52.pdb,"Heteromer, 11 proteins."
2018,9y52,data/filtered/details/structures_files/pairwise/2018_9y52_E_e.pdb,data/filtered/details/structures_files/pymol/2018_9y52_E_e.py,,data/filtered/details/structures_files/assembly/2018_9y52.pdb,"Heteromer, 11 proteins."
2019,7r94,data/filtered/details/structures_files/pairwise/2019_7r94_C_B.pdb,data/filtered/details/structures_files/pymol/2019_7r94_C_B.py,,data/filtered/details/structures_files/assembly/2019_7r94.pdb,"Heteromer, 8 proteins."
202,8iah,data/filtered/details/structures_files/pairwise/202_8iah_K_1.pdb,data/filtered/details/structures_files/pymol/202_8iah_K_1.py,data/filtered/details/structures_files/assembly/202_8iah.cif,,"Heteromer, 36 proteins."
2020,7r94,data/filtered/details/structures_files/pairwise/2020_7r94_C_A.pdb,data/filtered/details/structures_files/pymol/2020_7r94_C_A.py,,data/filtered/details/structures_files/assembly/2020_7r94.pdb,"Heteromer, 8 proteins."
2021,7r94,data/filtered/details/structures_files/pairwise/2021_7r94_C_D.pdb,data/filtered/details/structures_files/pymol/2021_7r94_C_D.py,,data/filtered/details/structures_files/assembly/2021_7r94.pdb,"Heteromer, 8 proteins."
2022,7r94,data/filtered/details/structures_files/pairwise/2022_7r94_C_E.pdb,data/filtered/details/structures_files/pymol/2022_7r94_C_E.py,,data/filtered/details/structures_files/assembly/2022_7r94.pdb,"Heteromer, 8 proteins."
2023,7r94,data/filtered/details/structures_files/pairwise/2023_7r94_C_F.pdb,data/filtered/details/structures_files/pymol/2023_7r94_C_F.py,,data/filtered/details/structures_files/assembly/2023_7r94.pdb,"Heteromer, 8 proteins."
2024,7r94,data/filtered/details/structures_files/pairwise/2024_7r94_C_G.pdb,data/filtered/details/structures_files/pymol/2024_7r94_C_G.py,,data/filtered/details/structures_files/assembly/2024_7r94.pdb,"Heteromer, 8 proteins."
2027,9yim,data/filtered/details/structures_files/pairwise/2027_9yim_C_D.pdb,data/filtered/details/structures_files/pymol/2027_9yim_C_D.py,,data/filtered/details/structures_files/assembly/2027_9yim.pdb,"Heteromer, 7 proteins."
2028,9yim,data/filtered/details/structures_files/pairwise/2028_9yim_C_E.pdb,data/filtered/details/structures_files/pymol/2028_9yim_C_E.py,,data/filtered/details/structures_files/assembly/2028_9yim.pdb,"Heteromer, 7 proteins."
203,8iah,data/filtered/details/structures_files/pairwise/203_8iah_K_3.pdb,data/filtered/details/structures_files/pymol/203_8iah_K_3.py,data/filtered/details/structures_files/assembly/203_8iah.cif,,"Heteromer, 36 proteins."
2032,9qfd,data/filtered/details/structures_files/pairwise/2032_9qfd_D_E.pdb,data/filtered/details/structures_files/pymol/2032_9qfd_D_E.py,,data/filtered/details/structures_files/assembly/2032_9qfd.pdb,"Heteromer, 14 proteins."
2033,9qfd,data/filtered/details/structures_files/pairwise/2033_9qfd_D_F.pdb,data/filtered/details/structures_files/pymol/2033_9qfd_D_F.py,,data/filtered/details/structures_files/assembly/2033_9qfd.pdb,"Heteromer, 14 proteins."
2034,9qfd,data/filtered/details/structures_files/pairwise/2034_9qfd_D_K.pdb,data/filtered/details/structures_files/pymol/2034_9qfd_D_K.py,,data/filtered/details/structures_files/assembly/2034_9qfd.pdb,"Heteromer, 14 proteins."
2035,9qfd,data/filtered/details/structures_files/pairwise/2035_9qfd_D_M.pdb,data/filtered/details/structures_files/pymol/2035_9qfd_D_M.py,,data/filtered/details/structures_files/assembly/2035_9qfd.pdb,"Heteromer, 14 proteins."
2036,8a2y,data/filtered/details/structures_files/pairwise/2036_8a2y_C_A.pdb,data/filtered/details/structures_files/pymol/2036_8a2y_C_A.py,,data/filtered/details/structures_files/assembly/2036_8a2y.pdb,"Homomer, 5 proteins."
2037,8a2y,data/filtered/details/structures_files/pairwise/2037_8a2y_C_B.pdb,data/filtered/details/structures_files/pymol/2037_8a2y_C_B.py,,data/filtered/details/structures_files/assembly/2037_8a2y.pdb,"Homomer, 5 proteins."
2038,8a2y,data/filtered/details/structures_files/pairwise/2038_8a2y_C_D.pdb,data/filtered/details/structures_files/pymol/2038_8a2y_C_D.py,,data/filtered/details/structures_files/assembly/2038_8a2y.pdb,"Homomer, 5 proteins."
2039,8a2y,data/filtered/details/structures_files/pairwise/2039_8a2y_C_E.pdb,data/filtered/details/structures_files/pymol/2039_8a2y_C_E.py,,data/filtered/details/structures_files/assembly/2039_8a2y.pdb,"Homomer, 5 proteins."
204,8iah,data/filtered/details/structures_files/pairwise/204_8iah_K_9.pdb,data/filtered/details/structures_files/pymol/204_8iah_K_9.py,data/filtered/details/structures_files/assembly/204_8iah.cif,,"Heteromer, 36 proteins."
2042,9y52,data/filtered/details/structures_files/pairwise/2042_9y52_D_E.pdb,data/filtered/details/structures_files/pymol/2042_9y52_D_E.py,,data/filtered/details/structures_files/assembly/2042_9y52.pdb,"Heteromer, 11 proteins."
2043,9y52,data/filtered/details/structures_files/pairwise/2043_9y52_D_b.pdb,data/filtered/details/structures_files/pymol/2043_9y52_D_b.py,,data/filtered/details/structures_files/assembly/2043_9y52.pdb,"Heteromer, 11 proteins."
2044,9y52,data/filtered/details/structures_files/pairwise/2044_9y52_D_d.pdb,data/filtered/details/structures_files/pymol/2044_9y52_D_d.py,,data/filtered/details/structures_files/assembly/2044_9y52.pdb,"Heteromer, 11 proteins."
2048,9yim,data/filtered/details/structures_files/pairwise/2048_9yim_B_C.pdb,data/filtered/details/structures_files/pymol/2048_9yim_B_C.py,,data/filtered/details/structures_files/assembly/2048_9yim.pdb,"Heteromer, 7 proteins."
2049,9yim,data/filtered/details/structures_files/pairwise/2049_9yim_B_D.pdb,data/filtered/details/structures_files/pymol/2049_9yim_B_D.py,,data/filtered/details/structures_files/assembly/2049_9yim.pdb,"Heteromer, 7 proteins."
2053,9qfd,data/filtered/details/structures_files/pairwise/2053_9qfd_C_D.pdb,data/filtered/details/structures_files/pymol/2053_9qfd_C_D.py,,data/filtered/details/structures_files/assembly/2053_9qfd.pdb,"Heteromer, 14 proteins."
2054,9qfd,data/filtered/details/structures_files/pairwise/2054_9qfd_C_E.pdb,data/filtered/details/structures_files/pymol/2054_9qfd_C_E.py,,data/filtered/details/structures_files/assembly/2054_9qfd.pdb,"Heteromer, 14 proteins."
2055,9qfd,data/filtered/details/structures_files/pairwise/2055_9qfd_C_J.pdb,data/filtered/details/structures_files/pymol/2055_9qfd_C_J.py,,data/filtered/details/structures_files/assembly/2055_9qfd.pdb,"Heteromer, 14 proteins."
2056,9qfd,data/filtered/details/structures_files/pairwise/2056_9qfd_C_L.pdb,data/filtered/details/structures_files/pymol/2056_9qfd_C_L.py,,data/filtered/details/structures_files/assembly/2056_9qfd.pdb,"Heteromer, 14 proteins."
2061,9y52,data/filtered/details/structures_files/pairwise/2061_9y52_C_D.pdb,data/filtered/details/structures_files/pymol/2061_9y52_C_D.py,,data/filtered/details/structures_files/assembly/2061_9y52.pdb,"Heteromer, 11 proteins."
2062,9y52,data/filtered/details/structures_files/pairwise/2062_9y52_C_E.pdb,data/filtered/details/structures_files/pymol/2062_9y52_C_E.py,,data/filtered/details/structures_files/assembly/2062_9y52.pdb,"Heteromer, 11 proteins."
2063,9y52,data/filtered/details/structures_files/pairwise/2063_9y52_C_a.pdb,data/filtered/details/structures_files/pymol/2063_9y52_C_a.py,,data/filtered/details/structures_files/assembly/2063_9y52.pdb,"Heteromer, 11 proteins."
2064,9y52,data/filtered/details/structures_files/pairwise/2064_9y52_C_c.pdb,data/filtered/details/structures_files/pymol/2064_9y52_C_c.py,,data/filtered/details/structures_files/assembly/2064_9y52.pdb,"Heteromer, 11 proteins."
2068,7z7i,data/filtered/details/structures_files/pairwise/2068_7z7i_C_A.pdb,data/filtered/details/structures_files/pymol/2068_7z7i_C_A.py,,data/filtered/details/structures_files/assembly/2068_7z7i.pdb,"Homomer, 5 proteins."
2069,9yim,data/filtered/details/structures_files/pairwise/2069_9yim_A_B.pdb,data/filtered/details/structures_files/pymol/2069_9yim_A_B.py,,data/filtered/details/structures_files/assembly/2069_9yim.pdb,"Heteromer, 7 proteins."
207,8iah,data/filtered/details/structures_files/pairwise/207_8iah_K_L.pdb,data/filtered/details/structures_files/pymol/207_8iah_K_L.py,data/filtered/details/structures_files/assembly/207_8iah.cif,,"Heteromer, 36 proteins."
2070,9yim,data/filtered/details/structures_files/pairwise/2070_9yim_A_C.pdb,data/filtered/details/structures_files/pymol/2070_9yim_A_C.py,,data/filtered/details/structures_files/assembly/2070_9yim.pdb,"Heteromer, 7 proteins."
2073,9qfd,data/filtered/details/structures_files/pairwise/2073_9qfd_B_C.pdb,data/filtered/details/structures_files/pymol/2073_9qfd_B_C.py,,data/filtered/details/structures_files/assembly/2073_9qfd.pdb,"Heteromer, 14 proteins."
2074,9qfd,data/filtered/details/structures_files/pairwise/2074_9qfd_B_D.pdb,data/filtered/details/structures_files/pymol/2074_9qfd_B_D.py,,data/filtered/details/structures_files/assembly/2074_9qfd.pdb,"Heteromer, 14 proteins."
2075,9qfd,data/filtered/details/structures_files/pairwise/2075_9qfd_B_I.pdb,data/filtered/details/structures_files/pymol/2075_9qfd_B_I.py,,data/filtered/details/structures_files/assembly/2075_9qfd.pdb,"Heteromer, 14 proteins."
2076,9qfd,data/filtered/details/structures_files/pairwise/2076_9qfd_B_K.pdb,data/filtered/details/structures_files/pymol/2076_9qfd_B_K.py,,data/filtered/details/structures_files/assembly/2076_9qfd.pdb,"Heteromer, 14 proteins."
2079,8a2u,data/filtered/details/structures_files/pairwise/2079_8a2u_D_E.pdb,data/filtered/details/structures_files/pymol/2079_8a2u_D_E.py,,data/filtered/details/structures_files/assembly/2079_8a2u.pdb,"Homomer, 5 proteins."
2081,9y52,data/filtered/details/structures_files/pairwise/2081_9y52_B_C.pdb,data/filtered/details/structures_files/pymol/2081_9y52_B_C.py,,data/filtered/details/structures_files/assembly/2081_9y52.pdb,"Heteromer, 11 proteins."
2082,9y52,data/filtered/details/structures_files/pairwise/2082_9y52_B_D.pdb,data/filtered/details/structures_files/pymol/2082_9y52_B_D.py,,data/filtered/details/structures_files/assembly/2082_9y52.pdb,"Heteromer, 11 proteins."
2083,9y52,data/filtered/details/structures_files/pairwise/2083_9y52_B_b.pdb,data/filtered/details/structures_files/pymol/2083_9y52_B_b.py,,data/filtered/details/structures_files/assembly/2083_9y52.pdb,"Heteromer, 11 proteins."
2085,7z7i,data/filtered/details/structures_files/pairwise/2085_7z7i_E_C.pdb,data/filtered/details/structures_files/pymol/2085_7z7i_E_C.py,,data/filtered/details/structures_files/assembly/2085_7z7i.pdb,"Homomer, 5 proteins."
209,9bph,data/filtered/details/structures_files/pairwise/209_9bph_B_C.pdb,data/filtered/details/structures_files/pymol/209_9bph_B_C.py,,data/filtered/details/structures_files/assembly/209_9bph.pdb,"Homomer, 4 proteins."
2090,9qfd,data/filtered/details/structures_files/pairwise/2090_9qfd_A_B.pdb,data/filtered/details/structures_files/pymol/2090_9qfd_A_B.py,,data/filtered/details/structures_files/assembly/2090_9qfd.pdb,"Heteromer, 14 proteins."
2091,9qfd,data/filtered/details/structures_files/pairwise/2091_9qfd_A_C.pdb,data/filtered/details/structures_files/pymol/2091_9qfd_A_C.py,,data/filtered/details/structures_files/assembly/2091_9qfd.pdb,"Heteromer, 14 proteins."
2092,9qfd,data/filtered/details/structures_files/pairwise/2092_9qfd_A_H.pdb,data/filtered/details/structures_files/pymol/2092_9qfd_A_H.py,,data/filtered/details/structures_files/assembly/2092_9qfd.pdb,"Heteromer, 14 proteins."
2093,9qfd,data/filtered/details/structures_files/pairwise/2093_9qfd_A_J.pdb,data/filtered/details/structures_files/pymol/2093_9qfd_A_J.py,,data/filtered/details/structures_files/assembly/2093_9qfd.pdb,"Heteromer, 14 proteins."
2096,8a2u,data/filtered/details/structures_files/pairwise/2096_8a2u_B_D.pdb,data/filtered/details/structures_files/pymol/2096_8a2u_B_D.py,,data/filtered/details/structures_files/assembly/2096_8a2u.pdb,"Homomer, 5 proteins."
2097,9y52,data/filtered/details/structures_files/pairwise/2097_9y52_A_B.pdb,data/filtered/details/structures_files/pymol/2097_9y52_A_B.py,,data/filtered/details/structures_files/assembly/2097_9y52.pdb,"Heteromer, 11 proteins."
2098,9y52,data/filtered/details/structures_files/pairwise/2098_9y52_A_C.pdb,data/filtered/details/structures_files/pymol/2098_9y52_A_C.py,,data/filtered/details/structures_files/assembly/2098_9y52.pdb,"Heteromer, 11 proteins."
2099,9y52,data/filtered/details/structures_files/pairwise/2099_9y52_A_W.pdb,data/filtered/details/structures_files/pymol/2099_9y52_A_W.py,,data/filtered/details/structures_files/assembly/2099_9y52.pdb,"Heteromer, 11 proteins."
2100,9y52,data/filtered/details/structures_files/pairwise/2100_9y52_A_a.pdb,data/filtered/details/structures_files/pymol/2100_9y52_A_a.py,,data/filtered/details/structures_files/assembly/2100_9y52.pdb,"Heteromer, 11 proteins."
2102,7z7i,data/filtered/details/structures_files/pairwise/2102_7z7i_B_C.pdb,data/filtered/details/structures_files/pymol/2102_7z7i_B_C.py,,data/filtered/details/structures_files/assembly/2102_7z7i.pdb,"Homomer, 5 proteins."
2103,7z7i,data/filtered/details/structures_files/pairwise/2103_7z7i_B_A.pdb,data/filtered/details/structures_files/pymol/2103_7z7i_B_A.py,,data/filtered/details/structures_files/assembly/2103_7z7i.pdb,"Homomer, 5 proteins."
2109,8cco,data/filtered/details/structures_files/pairwise/2109_8cco_E_F.pdb,data/filtered/details/structures_files/pymol/2109_8cco_E_F.py,,data/filtered/details/structures_files/assembly/2109_8cco.pdb,"Homomer, 6 proteins."
2112,9qfb,data/filtered/details/structures_files/pairwise/2112_9qfb_G_M.pdb,data/filtered/details/structures_files/pymol/2112_9qfb_G_M.py,,data/filtered/details/structures_files/assembly/2112_9qfb.pdb,"Heteromer, 14 proteins."
2113,9qfb,data/filtered/details/structures_files/pairwise/2113_9qfb_G_N.pdb,data/filtered/details/structures_files/pymol/2113_9qfb_G_N.py,,data/filtered/details/structures_files/assembly/2113_9qfb.pdb,"Heteromer, 14 proteins."
2115,8a2u,data/filtered/details/structures_files/pairwise/2115_8a2u_A_B.pdb,data/filtered/details/structures_files/pymol/2115_8a2u_A_B.py,,data/filtered/details/structures_files/assembly/2115_8a2u.pdb,"Homomer, 5 proteins."
2118,7z7i,data/filtered/details/structures_files/pairwise/2118_7z7i_D_B.pdb,data/filtered/details/structures_files/pymol/2118_7z7i_D_B.py,,data/filtered/details/structures_files/assembly/2118_7z7i.pdb,"Homomer, 5 proteins."
2119,7z7i,data/filtered/details/structures_files/pairwise/2119_7z7i_D_E.pdb,data/filtered/details/structures_files/pymol/2119_7z7i_D_E.py,,data/filtered/details/structures_files/assembly/2119_7z7i.pdb,"Homomer, 5 proteins."
212,8c4c,data/filtered/details/structures_files/pairwise/212_8c4c_F_G.pdb,data/filtered/details/structures_files/pymol/212_8c4c_F_G.py,,data/filtered/details/structures_files/assembly/212_8c4c.pdb,"Heteromer, 12 proteins."
2120,7z7i,data/filtered/details/structures_files/pairwise/2120_7z7i_D_C.pdb,data/filtered/details/structures_files/pymol/2120_7z7i_D_C.py,,data/filtered/details/structures_files/assembly/2120_7z7i.pdb,"Homomer, 5 proteins."
2122,8w36,data/filtered/details/structures_files/pairwise/2122_8w36_A_B.pdb,data/filtered/details/structures_files/pymol/2122_8w36_A_B.py,,data/filtered/details/structures_files/assembly/2122_8w36.pdb,"Homomer, 5 proteins."
2125,8cco,data/filtered/details/structures_files/pairwise/2125_8cco_D_E.pdb,data/filtered/details/structures_files/pymol/2125_8cco_D_E.py,,data/filtered/details/structures_files/assembly/2125_8cco.pdb,"Homomer, 6 proteins."
2126,8cco,data/filtered/details/structures_files/pairwise/2126_8cco_D_F.pdb,data/filtered/details/structures_files/pymol/2126_8cco_D_F.py,,data/filtered/details/structures_files/assembly/2126_8cco.pdb,"Homomer, 6 proteins."
2129,9qfb,data/filtered/details/structures_files/pairwise/2129_9qfb_F_G.pdb,data/filtered/details/structures_files/pymol/2129_9qfb_F_G.py,,data/filtered/details/structures_files/assembly/2129_9qfb.pdb,"Heteromer, 14 proteins."
213,8c4c,data/filtered/details/structures_files/pairwise/213_8c4c_F_H.pdb,data/filtered/details/structures_files/pymol/213_8c4c_F_H.py,,data/filtered/details/structures_files/assembly/213_8c4c.pdb,"Heteromer, 12 proteins."
2130,9qfb,data/filtered/details/structures_files/pairwise/2130_9qfb_F_L.pdb,data/filtered/details/structures_files/pymol/2130_9qfb_F_L.py,,data/filtered/details/structures_files/assembly/2130_9qfb.pdb,"Heteromer, 14 proteins."
2131,9qfb,data/filtered/details/structures_files/pairwise/2131_9qfb_F_M.pdb,data/filtered/details/structures_files/pymol/2131_9qfb_F_M.py,,data/filtered/details/structures_files/assembly/2131_9qfb.pdb,"Heteromer, 14 proteins."
2132,9qfb,data/filtered/details/structures_files/pairwise/2132_9qfb_F_N.pdb,data/filtered/details/structures_files/pymol/2132_9qfb_F_N.py,,data/filtered/details/structures_files/assembly/2132_9qfb.pdb,"Heteromer, 14 proteins."
2133,8a2u,data/filtered/details/structures_files/pairwise/2133_8a2u_C_A.pdb,data/filtered/details/structures_files/pymol/2133_8a2u_C_A.py,,data/filtered/details/structures_files/assembly/2133_8a2u.pdb,"Homomer, 5 proteins."
2134,8a2u,data/filtered/details/structures_files/pairwise/2134_8a2u_C_B.pdb,data/filtered/details/structures_files/pymol/2134_8a2u_C_B.py,,data/filtered/details/structures_files/assembly/2134_8a2u.pdb,"Homomer, 5 proteins."
2135,8a2u,data/filtered/details/structures_files/pairwise/2135_8a2u_C_D.pdb,data/filtered/details/structures_files/pymol/2135_8a2u_C_D.py,,data/filtered/details/structures_files/assembly/2135_8a2u.pdb,"Homomer, 5 proteins."
2136,8a2u,data/filtered/details/structures_files/pairwise/2136_8a2u_C_E.pdb,data/filtered/details/structures_files/pymol/2136_8a2u_C_E.py,,data/filtered/details/structures_files/assembly/2136_8a2u.pdb,"Homomer, 5 proteins."
2139,9xye,data/filtered/details/structures_files/pairwise/2139_9xye_D_E.pdb,data/filtered/details/structures_files/pymol/2139_9xye_D_E.py,,data/filtered/details/structures_files/assembly/2139_9xye.pdb,"Heteromer, 7 proteins."
214,8c4c,data/filtered/details/structures_files/pairwise/214_8c4c_F_K.pdb,data/filtered/details/structures_files/pymol/214_8c4c_F_K.py,,data/filtered/details/structures_files/assembly/214_8c4c.pdb,"Heteromer, 12 proteins."
2143,8w36,data/filtered/details/structures_files/pairwise/2143_8w36_C_A.pdb,data/filtered/details/structures_files/pymol/2143_8w36_C_A.py,,data/filtered/details/structures_files/assembly/2143_8w36.pdb,"Homomer, 5 proteins."
2144,8w36,data/filtered/details/structures_files/pairwise/2144_8w36_C_B.pdb,data/filtered/details/structures_files/pymol/2144_8w36_C_B.py,,data/filtered/details/structures_files/assembly/2144_8w36.pdb,"Homomer, 5 proteins."
2145,8w36,data/filtered/details/structures_files/pairwise/2145_8w36_C_E.pdb,data/filtered/details/structures_files/pymol/2145_8w36_C_E.py,,data/filtered/details/structures_files/assembly/2145_8w36.pdb,"Homomer, 5 proteins."
2148,8cco,data/filtered/details/structures_files/pairwise/2148_8cco_C_D.pdb,data/filtered/details/structures_files/pymol/2148_8cco_C_D.py,,data/filtered/details/structures_files/assembly/2148_8cco.pdb,"Homomer, 6 proteins."
2149,8cco,data/filtered/details/structures_files/pairwise/2149_8cco_C_E.pdb,data/filtered/details/structures_files/pymol/2149_8cco_C_E.py,,data/filtered/details/structures_files/assembly/2149_8cco.pdb,"Homomer, 6 proteins."
215,8c4c,data/filtered/details/structures_files/pairwise/215_8c4c_F_L.pdb,data/filtered/details/structures_files/pymol/215_8c4c_F_L.py,,data/filtered/details/structures_files/assembly/215_8c4c.pdb,"Heteromer, 12 proteins."
2152,9qfb,data/filtered/details/structures_files/pairwise/2152_9qfb_E_F.pdb,data/filtered/details/structures_files/pymol/2152_9qfb_E_F.py,,data/filtered/details/structures_files/assembly/2152_9qfb.pdb,"Heteromer, 14 proteins."
2153,9qfb,data/filtered/details/structures_files/pairwise/2153_9qfb_E_G.pdb,data/filtered/details/structures_files/pymol/2153_9qfb_E_G.py,,data/filtered/details/structures_files/assembly/2153_9qfb.pdb,"Heteromer, 14 proteins."
2154,9qfb,data/filtered/details/structures_files/pairwise/2154_9qfb_E_K.pdb,data/filtered/details/structures_files/pymol/2154_9qfb_E_K.py,,data/filtered/details/structures_files/assembly/2154_9qfb.pdb,"Heteromer, 14 proteins."
2155,9qfb,data/filtered/details/structures_files/pairwise/2155_9qfb_E_L.pdb,data/filtered/details/structures_files/pymol/2155_9qfb_E_L.py,,data/filtered/details/structures_files/assembly/2155_9qfb.pdb,"Heteromer, 14 proteins."
2156,9qfb,data/filtered/details/structures_files/pairwise/2156_9qfb_E_M.pdb,data/filtered/details/structures_files/pymol/2156_9qfb_E_M.py,,data/filtered/details/structures_files/assembly/2156_9qfb.pdb,"Heteromer, 14 proteins."
2157,9qfb,data/filtered/details/structures_files/pairwise/2157_9qfb_E_N.pdb,data/filtered/details/structures_files/pymol/2157_9qfb_E_N.py,,data/filtered/details/structures_files/assembly/2157_9qfb.pdb,"Heteromer, 14 proteins."
2162,9xye,data/filtered/details/structures_files/pairwise/2162_9xye_C_D.pdb,data/filtered/details/structures_files/pymol/2162_9xye_C_D.py,,data/filtered/details/structures_files/assembly/2162_9xye.pdb,"Heteromer, 7 proteins."
2163,9xye,data/filtered/details/structures_files/pairwise/2163_9xye_C_E.pdb,data/filtered/details/structures_files/pymol/2163_9xye_C_E.py,,data/filtered/details/structures_files/assembly/2163_9xye.pdb,"Heteromer, 7 proteins."
2167,7z7h,data/filtered/details/structures_files/pairwise/2167_7z7h_C_A.pdb,data/filtered/details/structures_files/pymol/2167_7z7h_C_A.py,,data/filtered/details/structures_files/assembly/2167_7z7h.pdb,"Heteromer, 6 proteins."
2168,8w36,data/filtered/details/structures_files/pairwise/2168_8w36_D_C.pdb,data/filtered/details/structures_files/pymol/2168_8w36_D_C.py,,data/filtered/details/structures_files/assembly/2168_8w36.pdb,"Homomer, 5 proteins."
2169,8w36,data/filtered/details/structures_files/pairwise/2169_8w36_D_B.pdb,data/filtered/details/structures_files/pymol/2169_8w36_D_B.py,,data/filtered/details/structures_files/assembly/2169_8w36.pdb,"Homomer, 5 proteins."
2170,8w36,data/filtered/details/structures_files/pairwise/2170_8w36_D_E.pdb,data/filtered/details/structures_files/pymol/2170_8w36_D_E.py,,data/filtered/details/structures_files/assembly/2170_8w36.pdb,"Homomer, 5 proteins."
2172,8cco,data/filtered/details/structures_files/pairwise/2172_8cco_B_C.pdb,data/filtered/details/structures_files/pymol/2172_8cco_B_C.py,,data/filtered/details/structures_files/assembly/2172_8cco.pdb,"Homomer, 6 proteins."
2173,8cco,data/filtered/details/structures_files/pairwise/2173_8cco_B_D.pdb,data/filtered/details/structures_files/pymol/2173_8cco_B_D.py,,data/filtered/details/structures_files/assembly/2173_8cco.pdb,"Homomer, 6 proteins."
2176,9qfb,data/filtered/details/structures_files/pairwise/2176_9qfb_D_E.pdb,data/filtered/details/structures_files/pymol/2176_9qfb_D_E.py,,data/filtered/details/structures_files/assembly/2176_9qfb.pdb,"Heteromer, 14 proteins."
2177,9qfb,data/filtered/details/structures_files/pairwise/2177_9qfb_D_F.pdb,data/filtered/details/structures_files/pymol/2177_9qfb_D_F.py,,data/filtered/details/structures_files/assembly/2177_9qfb.pdb,"Heteromer, 14 proteins."
2178,9qfb,data/filtered/details/structures_files/pairwise/2178_9qfb_D_J.pdb,data/filtered/details/structures_files/pymol/2178_9qfb_D_J.py,,data/filtered/details/structures_files/assembly/2178_9qfb.pdb,"Heteromer, 14 proteins."
2179,9qfb,data/filtered/details/structures_files/pairwise/2179_9qfb_D_K.pdb,data/filtered/details/structures_files/pymol/2179_9qfb_D_K.py,,data/filtered/details/structures_files/assembly/2179_9qfb.pdb,"Heteromer, 14 proteins."
218,8vaa,data/filtered/details/structures_files/pairwise/218_8vaa_I_J.pdb,data/filtered/details/structures_files/pymol/218_8vaa_I_J.py,,data/filtered/details/structures_files/assembly/218_8vaa.pdb,"Heteromer, 20 proteins."
2180,9qfb,data/filtered/details/structures_files/pairwise/2180_9qfb_D_L.pdb,data/filtered/details/structures_files/pymol/2180_9qfb_D_L.py,,data/filtered/details/structures_files/assembly/2180_9qfb.pdb,"Heteromer, 14 proteins."
2181,9qfb,data/filtered/details/structures_files/pairwise/2181_9qfb_D_M.pdb,data/filtered/details/structures_files/pymol/2181_9qfb_D_M.py,,data/filtered/details/structures_files/assembly/2181_9qfb.pdb,"Heteromer, 14 proteins."
2184,8a2t,data/filtered/details/structures_files/pairwise/2184_8a2t_D_E.pdb,data/filtered/details/structures_files/pymol/2184_8a2t_D_E.py,,data/filtered/details/structures_files/assembly/2184_8a2t.pdb,"Homomer, 5 proteins."
2186,9xye,data/filtered/details/structures_files/pairwise/2186_9xye_B_C.pdb,data/filtered/details/structures_files/pymol/2186_9xye_B_C.py,,data/filtered/details/structures_files/assembly/2186_9xye.pdb,"Heteromer, 7 proteins."
2187,9xye,data/filtered/details/structures_files/pairwise/2187_9xye_B_D.pdb,data/filtered/details/structures_files/pymol/2187_9xye_B_D.py,,data/filtered/details/structures_files/assembly/2187_9xye.pdb,"Heteromer, 7 proteins."
2188,9xye,data/filtered/details/structures_files/pairwise/2188_9xye_B_X.pdb,data/filtered/details/structures_files/pymol/2188_9xye_B_X.py,,data/filtered/details/structures_files/assembly/2188_9xye.pdb,"Heteromer, 7 proteins."
2190,7z7h,data/filtered/details/structures_files/pairwise/2190_7z7h_E_C.pdb,data/filtered/details/structures_files/pymol/2190_7z7h_E_C.py,,data/filtered/details/structures_files/assembly/2190_7z7h.pdb,"Heteromer, 6 proteins."
2193,8cco,data/filtered/details/structures_files/pairwise/2193_8cco_A_B.pdb,data/filtered/details/structures_files/pymol/2193_8cco_A_B.py,,data/filtered/details/structures_files/assembly/2193_8cco.pdb,"Homomer, 6 proteins."
2194,8cco,data/filtered/details/structures_files/pairwise/2194_8cco_A_C.pdb,data/filtered/details/structures_files/pymol/2194_8cco_A_C.py,,data/filtered/details/structures_files/assembly/2194_8cco.pdb,"Homomer, 6 proteins."
2197,9qfb,data/filtered/details/structures_files/pairwise/2197_9qfb_C_D.pdb,data/filtered/details/structures_files/pymol/2197_9qfb_C_D.py,,data/filtered/details/structures_files/assembly/2197_9qfb.pdb,"Heteromer, 14 proteins."
2198,9qfb,data/filtered/details/structures_files/pairwise/2198_9qfb_C_E.pdb,data/filtered/details/structures_files/pymol/2198_9qfb_C_E.py,,data/filtered/details/structures_files/assembly/2198_9qfb.pdb,"Heteromer, 14 proteins."
2199,9qfb,data/filtered/details/structures_files/pairwise/2199_9qfb_C_I.pdb,data/filtered/details/structures_files/pymol/2199_9qfb_C_I.py,,data/filtered/details/structures_files/assembly/2199_9qfb.pdb,"Heteromer, 14 proteins."
22,8iai,data/filtered/details/structures_files/pairwise/22_8iai_G_6.pdb,data/filtered/details/structures_files/pymol/22_8iai_G_6.py,data/filtered/details/structures_files/assembly/22_8iai.cif,,"Heteromer, 31 proteins."
2200,9qfb,data/filtered/details/structures_files/pairwise/2200_9qfb_C_J.pdb,data/filtered/details/structures_files/pymol/2200_9qfb_C_J.py,,data/filtered/details/structures_files/assembly/2200_9qfb.pdb,"Heteromer, 14 proteins."
2201,9qfb,data/filtered/details/structures_files/pairwise/2201_9qfb_C_K.pdb,data/filtered/details/structures_files/pymol/2201_9qfb_C_K.py,,data/filtered/details/structures_files/assembly/2201_9qfb.pdb,"Heteromer, 14 proteins."
2202,9qfb,data/filtered/details/structures_files/pairwise/2202_9qfb_C_L.pdb,data/filtered/details/structures_files/pymol/2202_9qfb_C_L.py,,data/filtered/details/structures_files/assembly/2202_9qfb.pdb,"Heteromer, 14 proteins."
2205,8a2t,data/filtered/details/structures_files/pairwise/2205_8a2t_B_D.pdb,data/filtered/details/structures_files/pymol/2205_8a2t_B_D.py,,data/filtered/details/structures_files/assembly/2205_8a2t.pdb,"Homomer, 5 proteins."
2206,9xye,data/filtered/details/structures_files/pairwise/2206_9xye_A_B.pdb,data/filtered/details/structures_files/pymol/2206_9xye_A_B.py,,data/filtered/details/structures_files/assembly/2206_9xye.pdb,"Heteromer, 7 proteins."
2207,9xye,data/filtered/details/structures_files/pairwise/2207_9xye_A_C.pdb,data/filtered/details/structures_files/pymol/2207_9xye_A_C.py,,data/filtered/details/structures_files/assembly/2207_9xye.pdb,"Heteromer, 7 proteins."
2208,9xye,data/filtered/details/structures_files/pairwise/2208_9xye_A_W.pdb,data/filtered/details/structures_files/pymol/2208_9xye_A_W.py,,data/filtered/details/structures_files/assembly/2208_9xye.pdb,"Heteromer, 7 proteins."
2209,9xye,data/filtered/details/structures_files/pairwise/2209_9xye_A_X.pdb,data/filtered/details/structures_files/pymol/2209_9xye_A_X.py,,data/filtered/details/structures_files/assembly/2209_9xye.pdb,"Heteromer, 7 proteins."
221,8iah,data/filtered/details/structures_files/pairwise/221_8iah_J_3.pdb,data/filtered/details/structures_files/pymol/221_8iah_J_3.py,data/filtered/details/structures_files/assembly/221_8iah.cif,,"Heteromer, 36 proteins."
2211,7z7h,data/filtered/details/structures_files/pairwise/2211_7z7h_B_F.pdb,data/filtered/details/structures_files/pymol/2211_7z7h_B_F.py,,data/filtered/details/structures_files/assembly/2211_7z7h.pdb,"Heteromer, 6 proteins."
2212,7z7h,data/filtered/details/structures_files/pairwise/2212_7z7h_B_C.pdb,data/filtered/details/structures_files/pymol/2212_7z7h_B_C.py,,data/filtered/details/structures_files/assembly/2212_7z7h.pdb,"Heteromer, 6 proteins."
2213,7z7h,data/filtered/details/structures_files/pairwise/2213_7z7h_B_A.pdb,data/filtered/details/structures_files/pymol/2213_7z7h_B_A.py,,data/filtered/details/structures_files/assembly/2213_7z7h.pdb,"Heteromer, 6 proteins."
2216,8zix,data/filtered/details/structures_files/pairwise/2216_8zix_B_F.pdb,data/filtered/details/structures_files/pymol/2216_8zix_B_F.py,,data/filtered/details/structures_files/assembly/2216_8zix.pdb,"Homomer, 6 proteins."
2220,9qfb,data/filtered/details/structures_files/pairwise/2220_9qfb_B_C.pdb,data/filtered/details/structures_files/pymol/2220_9qfb_B_C.py,,data/filtered/details/structures_files/assembly/2220_9qfb.pdb,"Heteromer, 14 proteins."
2221,9qfb,data/filtered/details/structures_files/pairwise/2221_9qfb_B_D.pdb,data/filtered/details/structures_files/pymol/2221_9qfb_B_D.py,,data/filtered/details/structures_files/assembly/2221_9qfb.pdb,"Heteromer, 14 proteins."
2222,9qfb,data/filtered/details/structures_files/pairwise/2222_9qfb_B_H.pdb,data/filtered/details/structures_files/pymol/2222_9qfb_B_H.py,,data/filtered/details/structures_files/assembly/2222_9qfb.pdb,"Heteromer, 14 proteins."
2223,9qfb,data/filtered/details/structures_files/pairwise/2223_9qfb_B_I.pdb,data/filtered/details/structures_files/pymol/2223_9qfb_B_I.py,,data/filtered/details/structures_files/assembly/2223_9qfb.pdb,"Heteromer, 14 proteins."
2224,9qfb,data/filtered/details/structures_files/pairwise/2224_9qfb_B_J.pdb,data/filtered/details/structures_files/pymol/2224_9qfb_B_J.py,,data/filtered/details/structures_files/assembly/2224_9qfb.pdb,"Heteromer, 14 proteins."
2225,9qfb,data/filtered/details/structures_files/pairwise/2225_9qfb_B_K.pdb,data/filtered/details/structures_files/pymol/2225_9qfb_B_K.py,,data/filtered/details/structures_files/assembly/2225_9qfb.pdb,"Heteromer, 14 proteins."
2227,8a2t,data/filtered/details/structures_files/pairwise/2227_8a2t_A_B.pdb,data/filtered/details/structures_files/pymol/2227_8a2t_A_B.py,,data/filtered/details/structures_files/assembly/2227_8a2t.pdb,"Homomer, 5 proteins."
2230,7z7h,data/filtered/details/structures_files/pairwise/2230_7z7h_D_F.pdb,data/filtered/details/structures_files/pymol/2230_7z7h_D_F.py,,data/filtered/details/structures_files/assembly/2230_7z7h.pdb,"Heteromer, 6 proteins."
2231,7z7h,data/filtered/details/structures_files/pairwise/2231_7z7h_D_B.pdb,data/filtered/details/structures_files/pymol/2231_7z7h_D_B.py,,data/filtered/details/structures_files/assembly/2231_7z7h.pdb,"Heteromer, 6 proteins."
2232,7z7h,data/filtered/details/structures_files/pairwise/2232_7z7h_D_E.pdb,data/filtered/details/structures_files/pymol/2232_7z7h_D_E.py,,data/filtered/details/structures_files/assembly/2232_7z7h.pdb,"Heteromer, 6 proteins."
2233,7z7h,data/filtered/details/structures_files/pairwise/2233_7z7h_D_C.pdb,data/filtered/details/structures_files/pymol/2233_7z7h_D_C.py,,data/filtered/details/structures_files/assembly/2233_7z7h.pdb,"Heteromer, 6 proteins."
2236,8zix,data/filtered/details/structures_files/pairwise/2236_8zix_E_B.pdb,data/filtered/details/structures_files/pymol/2236_8zix_E_B.py,,data/filtered/details/structures_files/assembly/2236_8zix.pdb,"Homomer, 6 proteins."
2237,8zix,data/filtered/details/structures_files/pairwise/2237_8zix_E_F.pdb,data/filtered/details/structures_files/pymol/2237_8zix_E_F.py,,data/filtered/details/structures_files/assembly/2237_8zix.pdb,"Homomer, 6 proteins."
224,8iah,data/filtered/details/structures_files/pairwise/224_8iah_J_K.pdb,data/filtered/details/structures_files/pymol/224_8iah_J_K.py,data/filtered/details/structures_files/assembly/224_8iah.cif,,"Heteromer, 36 proteins."
2240,8ccn,data/filtered/details/structures_files/pairwise/2240_8ccn_E_F.pdb,data/filtered/details/structures_files/pymol/2240_8ccn_E_F.py,,data/filtered/details/structures_files/assembly/2240_8ccn.pdb,"Homomer, 6 proteins."
2241,9qfb,data/filtered/details/structures_files/pairwise/2241_9qfb_A_B.pdb,data/filtered/details/structures_files/pymol/2241_9qfb_A_B.py,,data/filtered/details/structures_files/assembly/2241_9qfb.pdb,"Heteromer, 14 proteins."
2242,9qfb,data/filtered/details/structures_files/pairwise/2242_9qfb_A_C.pdb,data/filtered/details/structures_files/pymol/2242_9qfb_A_C.py,,data/filtered/details/structures_files/assembly/2242_9qfb.pdb,"Heteromer, 14 proteins."
2243,9qfb,data/filtered/details/structures_files/pairwise/2243_9qfb_A_H.pdb,data/filtered/details/structures_files/pymol/2243_9qfb_A_H.py,,data/filtered/details/structures_files/assembly/2243_9qfb.pdb,"Heteromer, 14 proteins."
2244,9qfb,data/filtered/details/structures_files/pairwise/2244_9qfb_A_I.pdb,data/filtered/details/structures_files/pymol/2244_9qfb_A_I.py,,data/filtered/details/structures_files/assembly/2244_9qfb.pdb,"Heteromer, 14 proteins."
2245,9qfb,data/filtered/details/structures_files/pairwise/2245_9qfb_A_J.pdb,data/filtered/details/structures_files/pymol/2245_9qfb_A_J.py,,data/filtered/details/structures_files/assembly/2245_9qfb.pdb,"Heteromer, 14 proteins."
2246,8a2t,data/filtered/details/structures_files/pairwise/2246_8a2t_C_A.pdb,data/filtered/details/structures_files/pymol/2246_8a2t_C_A.py,,data/filtered/details/structures_files/assembly/2246_8a2t.pdb,"Homomer, 5 proteins."
2247,8a2t,data/filtered/details/structures_files/pairwise/2247_8a2t_C_B.pdb,data/filtered/details/structures_files/pymol/2247_8a2t_C_B.py,,data/filtered/details/structures_files/assembly/2247_8a2t.pdb,"Homomer, 5 proteins."
2248,8a2t,data/filtered/details/structures_files/pairwise/2248_8a2t_C_D.pdb,data/filtered/details/structures_files/pymol/2248_8a2t_C_D.py,,data/filtered/details/structures_files/assembly/2248_8a2t.pdb,"Homomer, 5 proteins."
2249,8a2t,data/filtered/details/structures_files/pairwise/2249_8a2t_C_E.pdb,data/filtered/details/structures_files/pymol/2249_8a2t_C_E.py,,data/filtered/details/structures_files/assembly/2249_8a2t.pdb,"Homomer, 5 proteins."
225,8iah,data/filtered/details/structures_files/pairwise/225_8iah_J_L.pdb,data/filtered/details/structures_files/pymol/225_8iah_J_L.py,data/filtered/details/structures_files/assembly/225_8iah.cif,,"Heteromer, 36 proteins."
2252,9q7o,data/filtered/details/structures_files/pairwise/2252_9q7o_D_E.pdb,data/filtered/details/structures_files/pymol/2252_9q7o_D_E.py,,data/filtered/details/structures_files/assembly/2252_9q7o.pdb,"Heteromer, 6 proteins."
2257,8zix,data/filtered/details/structures_files/pairwise/2257_8zix_A_E.pdb,data/filtered/details/structures_files/pymol/2257_8zix_A_E.py,,data/filtered/details/structures_files/assembly/2257_8zix.pdb,"Homomer, 6 proteins."
2258,8zix,data/filtered/details/structures_files/pairwise/2258_8zix_A_B.pdb,data/filtered/details/structures_files/pymol/2258_8zix_A_B.py,,data/filtered/details/structures_files/assembly/2258_8zix.pdb,"Homomer, 6 proteins."
226,8iah,data/filtered/details/structures_files/pairwise/226_8iah_J_T.pdb,data/filtered/details/structures_files/pymol/226_8iah_J_T.py,data/filtered/details/structures_files/assembly/226_8iah.cif,,"Heteromer, 36 proteins."
2261,8ccn,data/filtered/details/structures_files/pairwise/2261_8ccn_D_E.pdb,data/filtered/details/structures_files/pymol/2261_8ccn_D_E.py,,data/filtered/details/structures_files/assembly/2261_8ccn.pdb,"Homomer, 6 proteins."
2262,8ccn,data/filtered/details/structures_files/pairwise/2262_8ccn_D_F.pdb,data/filtered/details/structures_files/pymol/2262_8ccn_D_F.py,,data/filtered/details/structures_files/assembly/2262_8ccn.pdb,"Homomer, 6 proteins."
2265,9qf2,data/filtered/details/structures_files/pairwise/2265_9qf2_E_I.pdb,data/filtered/details/structures_files/pymol/2265_9qf2_E_I.py,,data/filtered/details/structures_files/assembly/2265_9qf2.pdb,"Heteromer, 10 proteins."
2266,9qf2,data/filtered/details/structures_files/pairwise/2266_9qf2_E_J.pdb,data/filtered/details/structures_files/pymol/2266_9qf2_E_J.py,,data/filtered/details/structures_files/assembly/2266_9qf2.pdb,"Heteromer, 10 proteins."
227,9bph,data/filtered/details/structures_files/pairwise/227_9bph_A_B.pdb,data/filtered/details/structures_files/pymol/227_9bph_A_B.py,,data/filtered/details/structures_files/assembly/227_9bph.pdb,"Homomer, 4 proteins."
2271,9q7o,data/filtered/details/structures_files/pairwise/2271_9q7o_C_D.pdb,data/filtered/details/structures_files/pymol/2271_9q7o_C_D.py,,data/filtered/details/structures_files/assembly/2271_9q7o.pdb,"Heteromer, 6 proteins."
2272,9q7o,data/filtered/details/structures_files/pairwise/2272_9q7o_C_E.pdb,data/filtered/details/structures_files/pymol/2272_9q7o_C_E.py,,data/filtered/details/structures_files/assembly/2272_9q7o.pdb,"Heteromer, 6 proteins."
2275,7tpt,data/filtered/details/structures_files/pairwise/2275_7tpt_T_U.pdb,data/filtered/details/structures_files/pymol/2275_7tpt_T_U.py,,data/filtered/details/structures_files/assembly/2275_7tpt.pdb,"Heteromer, 21 proteins, 15 peptides."
2277,8zix,data/filtered/details/structures_files/pairwise/2277_8zix_R_A.pdb,data/filtered/details/structures_files/pymol/2277_8zix_R_A.py,,data/filtered/details/structures_files/assembly/2277_8zix.pdb,"Homomer, 6 proteins."
2278,8zix,data/filtered/details/structures_files/pairwise/2278_8zix_R_E.pdb,data/filtered/details/structures_files/pymol/2278_8zix_R_E.py,,data/filtered/details/structures_files/assembly/2278_8zix.pdb,"Homomer, 6 proteins."
228,9bph,data/filtered/details/structures_files/pairwise/228_9bph_A_C.pdb,data/filtered/details/structures_files/pymol/228_9bph_A_C.py,,data/filtered/details/structures_files/assembly/228_9bph.pdb,"Homomer, 4 proteins."
2281,8ccn,data/filtered/details/structures_files/pairwise/2281_8ccn_C_D.pdb,data/filtered/details/structures_files/pymol/2281_8ccn_C_D.py,,data/filtered/details/structures_files/assembly/2281_8ccn.pdb,"Homomer, 6 proteins."
2282,8ccn,data/filtered/details/structures_files/pairwise/2282_8ccn_C_E.pdb,data/filtered/details/structures_files/pymol/2282_8ccn_C_E.py,,data/filtered/details/structures_files/assembly/2282_8ccn.pdb,"Homomer, 6 proteins."
2284,9qf2,data/filtered/details/structures_files/pairwise/2284_9qf2_D_H.pdb,data/filtered/details/structures_files/pymol/2284_9qf2_D_H.py,,data/filtered/details/structures_files/assembly/2284_9qf2.pdb,"Heteromer, 10 proteins."
2286,9qf2,data/filtered/details/structures_files/pairwise/2286_9qf2_D_E.pdb,data/filtered/details/structures_files/pymol/2286_9qf2_D_E.py,,data/filtered/details/structures_files/assembly/2286_9qf2.pdb,"Heteromer, 10 proteins."
2287,9qf2,data/filtered/details/structures_files/pairwise/2287_9qf2_D_I.pdb,data/filtered/details/structures_files/pymol/2287_9qf2_D_I.py,,data/filtered/details/structures_files/assembly/2287_9qf2.pdb,"Heteromer, 10 proteins."
2288,9qf2,data/filtered/details/structures_files/pairwise/2288_9qf2_D_J.pdb,data/filtered/details/structures_files/pymol/2288_9qf2_D_J.py,,data/filtered/details/structures_files/assembly/2288_9qf2.pdb,"Heteromer, 10 proteins."
229,9bph,data/filtered/details/structures_files/pairwise/229_9bph_A_D.pdb,data/filtered/details/structures_files/pymol/229_9bph_A_D.py,,data/filtered/details/structures_files/assembly/229_9bph.pdb,"Homomer, 4 proteins."
2291,8a2s,data/filtered/details/structures_files/pairwise/2291_8a2s_D_E.pdb,data/filtered/details/structures_files/pymol/2291_8a2s_D_E.py,,data/filtered/details/structures_files/assembly/2291_8a2s.pdb,"Homomer, 5 proteins."
2293,9q7o,data/filtered/details/structures_files/pairwise/2293_9q7o_B_C.pdb,data/filtered/details/structures_files/pymol/2293_9q7o_B_C.py,,data/filtered/details/structures_files/assembly/2293_9q7o.pdb,"Heteromer, 6 proteins."
2294,9q7o,data/filtered/details/structures_files/pairwise/2294_9q7o_B_D.pdb,data/filtered/details/structures_files/pymol/2294_9q7o_B_D.py,,data/filtered/details/structures_files/assembly/2294_9q7o.pdb,"Heteromer, 6 proteins."
2295,7tpt,data/filtered/details/structures_files/pairwise/2295_7tpt_S_D.pdb,data/filtered/details/structures_files/pymol/2295_7tpt_S_D.py,,data/filtered/details/structures_files/assembly/2295_7tpt.pdb,"Heteromer, 21 proteins, 15 peptides."
2298,7tpt,data/filtered/details/structures_files/pairwise/2298_7tpt_S_T.pdb,data/filtered/details/structures_files/pymol/2298_7tpt_S_T.py,,data/filtered/details/structures_files/assembly/2298_7tpt.pdb,"Heteromer, 21 proteins, 15 peptides."
2299,7tpt,data/filtered/details/structures_files/pairwise/2299_7tpt_S_U.pdb,data/filtered/details/structures_files/pymol/2299_7tpt_S_U.py,,data/filtered/details/structures_files/assembly/2299_7tpt.pdb,"Heteromer, 21 proteins, 15 peptides."
23,8iai,data/filtered/details/structures_files/pairwise/23_8iai_G_7.pdb,data/filtered/details/structures_files/pymol/23_8iai_G_7.py,data/filtered/details/structures_files/assembly/23_8iai.cif,,"Heteromer, 31 proteins."
2300,8zix,data/filtered/details/structures_files/pairwise/2300_8zix_P_R.pdb,data/filtered/details/structures_files/pymol/2300_8zix_P_R.py,,data/filtered/details/structures_files/assembly/2300_8zix.pdb,"Homomer, 6 proteins."
2301,8zix,data/filtered/details/structures_files/pairwise/2301_8zix_P_A.pdb,data/filtered/details/structures_files/pymol/2301_8zix_P_A.py,,data/filtered/details/structures_files/assembly/2301_8zix.pdb,"Homomer, 6 proteins."
2303,8ccn,data/filtered/details/structures_files/pairwise/2303_8ccn_B_C.pdb,data/filtered/details/structures_files/pymol/2303_8ccn_B_C.py,,data/filtered/details/structures_files/assembly/2303_8ccn.pdb,"Homomer, 6 proteins."
2304,8ccn,data/filtered/details/structures_files/pairwise/2304_8ccn_B_D.pdb,data/filtered/details/structures_files/pymol/2304_8ccn_B_D.py,,data/filtered/details/structures_files/assembly/2304_8ccn.pdb,"Homomer, 6 proteins."
2306,9qf2,data/filtered/details/structures_files/pairwise/2306_9qf2_B_H.pdb,data/filtered/details/structures_files/pymol/2306_9qf2_B_H.py,,data/filtered/details/structures_files/assembly/2306_9qf2.pdb,"Heteromer, 10 proteins."
2308,9qf2,data/filtered/details/structures_files/pairwise/2308_9qf2_B_D.pdb,data/filtered/details/structures_files/pymol/2308_9qf2_B_D.py,,data/filtered/details/structures_files/assembly/2308_9qf2.pdb,"Heteromer, 10 proteins."
2309,9qf2,data/filtered/details/structures_files/pairwise/2309_9qf2_B_F.pdb,data/filtered/details/structures_files/pymol/2309_9qf2_B_F.py,,data/filtered/details/structures_files/assembly/2309_9qf2.pdb,"Heteromer, 10 proteins."
2310,9qf2,data/filtered/details/structures_files/pairwise/2310_9qf2_B_G.pdb,data/filtered/details/structures_files/pymol/2310_9qf2_B_G.py,,data/filtered/details/structures_files/assembly/2310_9qf2.pdb,"Heteromer, 10 proteins."
2311,9qf2,data/filtered/details/structures_files/pairwise/2311_9qf2_B_I.pdb,data/filtered/details/structures_files/pymol/2311_9qf2_B_I.py,,data/filtered/details/structures_files/assembly/2311_9qf2.pdb,"Heteromer, 10 proteins."
2314,8a2s,data/filtered/details/structures_files/pairwise/2314_8a2s_B_D.pdb,data/filtered/details/structures_files/pymol/2314_8a2s_B_D.py,,data/filtered/details/structures_files/assembly/2314_8a2s.pdb,"Homomer, 5 proteins."
2315,9q7o,data/filtered/details/structures_files/pairwise/2315_9q7o_A_B.pdb,data/filtered/details/structures_files/pymol/2315_9q7o_A_B.py,,data/filtered/details/structures_files/assembly/2315_9q7o.pdb,"Heteromer, 6 proteins."
2316,9q7o,data/filtered/details/structures_files/pairwise/2316_9q7o_A_C.pdb,data/filtered/details/structures_files/pymol/2316_9q7o_A_C.py,,data/filtered/details/structures_files/assembly/2316_9q7o.pdb,"Heteromer, 6 proteins."
2317,9q7o,data/filtered/details/structures_files/pairwise/2317_9q7o_A_W.pdb,data/filtered/details/structures_files/pymol/2317_9q7o_A_W.py,,data/filtered/details/structures_files/assembly/2317_9q7o.pdb,"Heteromer, 6 proteins."
2318,7tpt,data/filtered/details/structures_files/pairwise/2318_7tpt_R_A.pdb,data/filtered/details/structures_files/pymol/2318_7tpt_R_A.py,,data/filtered/details/structures_files/assembly/2318_7tpt.pdb,"Heteromer, 21 proteins, 15 peptides."
2319,7tpt,data/filtered/details/structures_files/pairwise/2319_7tpt_R_D.pdb,data/filtered/details/structures_files/pymol/2319_7tpt_R_D.py,,data/filtered/details/structures_files/assembly/2319_7tpt.pdb,"Heteromer, 21 proteins, 15 peptides."
2320,7tpt,data/filtered/details/structures_files/pairwise/2320_7tpt_R_F.pdb,data/filtered/details/structures_files/pymol/2320_7tpt_R_F.py,,data/filtered/details/structures_files/assembly/2320_7tpt.pdb,"Heteromer, 21 proteins, 15 peptides."
2323,7tpt,data/filtered/details/structures_files/pairwise/2323_7tpt_R_S.pdb,data/filtered/details/structures_files/pymol/2323_7tpt_R_S.py,,data/filtered/details/structures_files/assembly/2323_7tpt.pdb,"Heteromer, 21 proteins, 15 peptides."
2324,7tpt,data/filtered/details/structures_files/pairwise/2324_7tpt_R_T.pdb,data/filtered/details/structures_files/pymol/2324_7tpt_R_T.py,,data/filtered/details/structures_files/assembly/2324_7tpt.pdb,"Heteromer, 21 proteins, 15 peptides."
2328,8zbm,data/filtered/details/structures_files/pairwise/2328_8zbm_R_L.pdb,data/filtered/details/structures_files/pymol/2328_8zbm_R_L.py,,data/filtered/details/structures_files/assembly/2328_8zbm.pdb,"Heteromer, 16 proteins."
2329,8zbm,data/filtered/details/structures_files/pairwise/2329_8zbm_R_N.pdb,data/filtered/details/structures_files/pymol/2329_8zbm_R_N.py,,data/filtered/details/structures_files/assembly/2329_8zbm.pdb,"Heteromer, 16 proteins."
2330,8ccn,data/filtered/details/structures_files/pairwise/2330_8ccn_A_B.pdb,data/filtered/details/structures_files/pymol/2330_8ccn_A_B.py,,data/filtered/details/structures_files/assembly/2330_8ccn.pdb,"Homomer, 6 proteins."
2331,8ccn,data/filtered/details/structures_files/pairwise/2331_8ccn_A_C.pdb,data/filtered/details/structures_files/pymol/2331_8ccn_A_C.py,,data/filtered/details/structures_files/assembly/2331_8ccn.pdb,"Homomer, 6 proteins."
2333,9qf2,data/filtered/details/structures_files/pairwise/2333_9qf2_A_H.pdb,data/filtered/details/structures_files/pymol/2333_9qf2_A_H.py,,data/filtered/details/structures_files/assembly/2333_9qf2.pdb,"Heteromer, 10 proteins."
2334,9qf2,data/filtered/details/structures_files/pairwise/2334_9qf2_A_B.pdb,data/filtered/details/structures_files/pymol/2334_9qf2_A_B.py,,data/filtered/details/structures_files/assembly/2334_9qf2.pdb,"Heteromer, 10 proteins."
2335,9qf2,data/filtered/details/structures_files/pairwise/2335_9qf2_A_F.pdb,data/filtered/details/structures_files/pymol/2335_9qf2_A_F.py,,data/filtered/details/structures_files/assembly/2335_9qf2.pdb,"Heteromer, 10 proteins."
2336,9qf2,data/filtered/details/structures_files/pairwise/2336_9qf2_A_G.pdb,data/filtered/details/structures_files/pymol/2336_9qf2_A_G.py,,data/filtered/details/structures_files/assembly/2336_9qf2.pdb,"Heteromer, 10 proteins."
2338,8a2s,data/filtered/details/structures_files/pairwise/2338_8a2s_A_B.pdb,data/filtered/details/structures_files/pymol/2338_8a2s_A_B.py,,data/filtered/details/structures_files/assembly/2338_8a2s.pdb,"Homomer, 5 proteins."
234,8c4c,data/filtered/details/structures_files/pairwise/234_8c4c_E_F.pdb,data/filtered/details/structures_files/pymol/234_8c4c_E_F.py,,data/filtered/details/structures_files/assembly/234_8c4c.pdb,"Heteromer, 12 proteins."
2341,9q7n,data/filtered/details/structures_files/pairwise/2341_9q7n_E_c.pdb,data/filtered/details/structures_files/pymol/2341_9q7n_E_c.py,,data/filtered/details/structures_files/assembly/2341_9q7n.pdb,"Heteromer, 10 proteins."
2342,9q7n,data/filtered/details/structures_files/pairwise/2342_9q7n_E_e.pdb,data/filtered/details/structures_files/pymol/2342_9q7n_E_e.py,,data/filtered/details/structures_files/assembly/2342_9q7n.pdb,"Heteromer, 10 proteins."
2343,7tpt,data/filtered/details/structures_files/pairwise/2343_7tpt_Q_A.pdb,data/filtered/details/structures_files/pymol/2343_7tpt_Q_A.py,,data/filtered/details/structures_files/assembly/2343_7tpt.pdb,"Heteromer, 21 proteins, 15 peptides."
2344,7tpt,data/filtered/details/structures_files/pairwise/2344_7tpt_Q_D.pdb,data/filtered/details/structures_files/pymol/2344_7tpt_Q_D.py,,data/filtered/details/structures_files/assembly/2344_7tpt.pdb,"Heteromer, 21 proteins, 15 peptides."
2347,7tpt,data/filtered/details/structures_files/pairwise/2347_7tpt_Q_R.pdb,data/filtered/details/structures_files/pymol/2347_7tpt_Q_R.py,,data/filtered/details/structures_files/assembly/2347_7tpt.pdb,"Heteromer, 21 proteins, 15 peptides."
2348,7tpt,data/filtered/details/structures_files/pairwise/2348_7tpt_Q_S.pdb,data/filtered/details/structures_files/pymol/2348_7tpt_Q_S.py,,data/filtered/details/structures_files/assembly/2348_7tpt.pdb,"Heteromer, 21 proteins, 15 peptides."
235,8c4c,data/filtered/details/structures_files/pairwise/235_8c4c_E_G.pdb,data/filtered/details/structures_files/pymol/235_8c4c_E_G.py,,data/filtered/details/structures_files/assembly/235_8c4c.pdb,"Heteromer, 12 proteins."
2350,8zbm,data/filtered/details/structures_files/pairwise/2350_8zbm_P_R.pdb,data/filtered/details/structures_files/pymol/2350_8zbm_P_R.py,,data/filtered/details/structures_files/assembly/2350_8zbm.pdb,"Heteromer, 16 proteins."
2351,8zbm,data/filtered/details/structures_files/pairwise/2351_8zbm_P_J.pdb,data/filtered/details/structures_files/pymol/2351_8zbm_P_J.py,,data/filtered/details/structures_files/assembly/2351_8zbm.pdb,"Heteromer, 16 proteins."
2352,8zbm,data/filtered/details/structures_files/pairwise/2352_8zbm_P_K.pdb,data/filtered/details/structures_files/pymol/2352_8zbm_P_K.py,,data/filtered/details/structures_files/assembly/2352_8zbm.pdb,"Heteromer, 16 proteins."
2354,9qf2,data/filtered/details/structures_files/pairwise/2354_9qf2_C_H.pdb,data/filtered/details/structures_files/pymol/2354_9qf2_C_H.py,,data/filtered/details/structures_files/assembly/2354_9qf2.pdb,"Heteromer, 10 proteins."
2355,9qf2,data/filtered/details/structures_files/pairwise/2355_9qf2_C_A.pdb,data/filtered/details/structures_files/pymol/2355_9qf2_C_A.py,,data/filtered/details/structures_files/assembly/2355_9qf2.pdb,"Heteromer, 10 proteins."
2356,9qf2,data/filtered/details/structures_files/pairwise/2356_9qf2_C_B.pdb,data/filtered/details/structures_files/pymol/2356_9qf2_C_B.py,,data/filtered/details/structures_files/assembly/2356_9qf2.pdb,"Heteromer, 10 proteins."
2357,9qf2,data/filtered/details/structures_files/pairwise/2357_9qf2_C_D.pdb,data/filtered/details/structures_files/pymol/2357_9qf2_C_D.py,,data/filtered/details/structures_files/assembly/2357_9qf2.pdb,"Heteromer, 10 proteins."
2358,9qf2,data/filtered/details/structures_files/pairwise/2358_9qf2_C_E.pdb,data/filtered/details/structures_files/pymol/2358_9qf2_C_E.py,,data/filtered/details/structures_files/assembly/2358_9qf2.pdb,"Heteromer, 10 proteins."
2359,9qf2,data/filtered/details/structures_files/pairwise/2359_9qf2_C_G.pdb,data/filtered/details/structures_files/pymol/2359_9qf2_C_G.py,,data/filtered/details/structures_files/assembly/2359_9qf2.pdb,"Heteromer, 10 proteins."
236,8c4c,data/filtered/details/structures_files/pairwise/236_8c4c_E_K.pdb,data/filtered/details/structures_files/pymol/236_8c4c_E_K.py,,data/filtered/details/structures_files/assembly/236_8c4c.pdb,"Heteromer, 12 proteins."
2360,9qf2,data/filtered/details/structures_files/pairwise/2360_9qf2_C_I.pdb,data/filtered/details/structures_files/pymol/2360_9qf2_C_I.py,,data/filtered/details/structures_files/assembly/2360_9qf2.pdb,"Heteromer, 10 proteins."
2361,9qf2,data/filtered/details/structures_files/pairwise/2361_9qf2_C_J.pdb,data/filtered/details/structures_files/pymol/2361_9qf2_C_J.py,,data/filtered/details/structures_files/assembly/2361_9qf2.pdb,"Heteromer, 10 proteins."
2362,8a2s,data/filtered/details/structures_files/pairwise/2362_8a2s_C_A.pdb,data/filtered/details/structures_files/pymol/2362_8a2s_C_A.py,,data/filtered/details/structures_files/assembly/2362_8a2s.pdb,"Homomer, 5 proteins."
2363,8a2s,data/filtered/details/structures_files/pairwise/2363_8a2s_C_B.pdb,data/filtered/details/structures_files/pymol/2363_8a2s_C_B.py,,data/filtered/details/structures_files/assembly/2363_8a2s.pdb,"Homomer, 5 proteins."
2364,8a2s,data/filtered/details/structures_files/pairwise/2364_8a2s_C_D.pdb,data/filtered/details/structures_files/pymol/2364_8a2s_C_D.py,,data/filtered/details/structures_files/assembly/2364_8a2s.pdb,"Homomer, 5 proteins."
2365,8a2s,data/filtered/details/structures_files/pairwise/2365_8a2s_C_E.pdb,data/filtered/details/structures_files/pymol/2365_8a2s_C_E.py,,data/filtered/details/structures_files/assembly/2365_8a2s.pdb,"Homomer, 5 proteins."
2368,9q7n,data/filtered/details/structures_files/pairwise/2368_9q7n_D_E.pdb,data/filtered/details/structures_files/pymol/2368_9q7n_D_E.py,,data/filtered/details/structures_files/assembly/2368_9q7n.pdb,"Heteromer, 10 proteins."
2369,9q7n,data/filtered/details/structures_files/pairwise/2369_9q7n_D_b.pdb,data/filtered/details/structures_files/pymol/2369_9q7n_D_b.py,,data/filtered/details/structures_files/assembly/2369_9q7n.pdb,"Heteromer, 10 proteins."
237,8c4c,data/filtered/details/structures_files/pairwise/237_8c4c_E_L.pdb,data/filtered/details/structures_files/pymol/237_8c4c_E_L.py,,data/filtered/details/structures_files/assembly/237_8c4c.pdb,"Heteromer, 12 proteins."
2370,9q7n,data/filtered/details/structures_files/pairwise/2370_9q7n_D_d.pdb,data/filtered/details/structures_files/pymol/2370_9q7n_D_d.py,,data/filtered/details/structures_files/assembly/2370_9q7n.pdb,"Heteromer, 10 proteins."
2371,7tpt,data/filtered/details/structures_files/pairwise/2371_7tpt_P_A.pdb,data/filtered/details/structures_files/pymol/2371_7tpt_P_A.py,,data/filtered/details/structures_files/assembly/2371_7tpt.pdb,"Heteromer, 21 proteins, 15 peptides."
2372,7tpt,data/filtered/details/structures_files/pairwise/2372_7tpt_P_C.pdb,data/filtered/details/structures_files/pymol/2372_7tpt_P_C.py,,data/filtered/details/structures_files/assembly/2372_7tpt.pdb,"Heteromer, 21 proteins, 15 peptides."
2375,7tpt,data/filtered/details/structures_files/pairwise/2375_7tpt_P_Q.pdb,data/filtered/details/structures_files/pymol/2375_7tpt_P_Q.py,,data/filtered/details/structures_files/assembly/2375_7tpt.pdb,"Heteromer, 21 proteins, 15 peptides."
2376,7tpt,data/filtered/details/structures_files/pairwise/2376_7tpt_P_R.pdb,data/filtered/details/structures_files/pymol/2376_7tpt_P_R.py,,data/filtered/details/structures_files/assembly/2376_7tpt.pdb,"Heteromer, 21 proteins, 15 peptides."
2380,8zbm,data/filtered/details/structures_files/pairwise/2380_8zbm_Q_R.pdb,data/filtered/details/structures_files/pymol/2380_8zbm_Q_R.py,,data/filtered/details/structures_files/assembly/2380_8zbm.pdb,"Heteromer, 16 proteins."
2381,8zbm,data/filtered/details/structures_files/pairwise/2381_8zbm_Q_D.pdb,data/filtered/details/structures_files/pymol/2381_8zbm_Q_D.py,,data/filtered/details/structures_files/assembly/2381_8zbm.pdb,"Heteromer, 16 proteins."
2382,8zbm,data/filtered/details/structures_files/pairwise/2382_8zbm_Q_F.pdb,data/filtered/details/structures_files/pymol/2382_8zbm_Q_F.py,,data/filtered/details/structures_files/assembly/2382_8zbm.pdb,"Heteromer, 16 proteins."
2383,8zbm,data/filtered/details/structures_files/pairwise/2383_8zbm_Q_L.pdb,data/filtered/details/structures_files/pymol/2383_8zbm_Q_L.py,,data/filtered/details/structures_files/assembly/2383_8zbm.pdb,"Heteromer, 16 proteins."
2391,9q7n,data/filtered/details/structures_files/pairwise/2391_9q7n_C_D.pdb,data/filtered/details/structures_files/pymol/2391_9q7n_C_D.py,,data/filtered/details/structures_files/assembly/2391_9q7n.pdb,"Heteromer, 10 proteins."
2392,9q7n,data/filtered/details/structures_files/pairwise/2392_9q7n_C_E.pdb,data/filtered/details/structures_files/pymol/2392_9q7n_C_E.py,,data/filtered/details/structures_files/assembly/2392_9q7n.pdb,"Heteromer, 10 proteins."
2393,9q7n,data/filtered/details/structures_files/pairwise/2393_9q7n_C_a.pdb,data/filtered/details/structures_files/pymol/2393_9q7n_C_a.py,,data/filtered/details/structures_files/assembly/2393_9q7n.pdb,"Heteromer, 10 proteins."
2394,9q7n,data/filtered/details/structures_files/pairwise/2394_9q7n_C_c.pdb,data/filtered/details/structures_files/pymol/2394_9q7n_C_c.py,,data/filtered/details/structures_files/assembly/2394_9q7n.pdb,"Heteromer, 10 proteins."
2397,7tpt,data/filtered/details/structures_files/pairwise/2397_7tpt_O_P.pdb,data/filtered/details/structures_files/pymol/2397_7tpt_O_P.py,,data/filtered/details/structures_files/assembly/2397_7tpt.pdb,"Heteromer, 21 proteins, 15 peptides."
2398,7tpt,data/filtered/details/structures_files/pairwise/2398_7tpt_O_Q.pdb,data/filtered/details/structures_files/pymol/2398_7tpt_O_Q.py,,data/filtered/details/structures_files/assembly/2398_7tpt.pdb,"Heteromer, 21 proteins, 15 peptides."
2400,8zbm,data/filtered/details/structures_files/pairwise/2400_8zbm_O_Q.pdb,data/filtered/details/structures_files/pymol/2400_8zbm_O_Q.py,,data/filtered/details/structures_files/assembly/2400_8zbm.pdb,"Heteromer, 16 proteins."
2401,8zbm,data/filtered/details/structures_files/pairwise/2401_8zbm_O_P.pdb,data/filtered/details/structures_files/pymol/2401_8zbm_O_P.py,,data/filtered/details/structures_files/assembly/2401_8zbm.pdb,"Heteromer, 16 proteins."
2402,8zbm,data/filtered/details/structures_files/pairwise/2402_8zbm_O_R.pdb,data/filtered/details/structures_files/pymol/2402_8zbm_O_R.py,,data/filtered/details/structures_files/assembly/2402_8zbm.pdb,"Heteromer, 16 proteins."
2403,8zbm,data/filtered/details/structures_files/pairwise/2403_8zbm_O_A.pdb,data/filtered/details/structures_files/pymol/2403_8zbm_O_A.py,,data/filtered/details/structures_files/assembly/2403_8zbm.pdb,"Heteromer, 16 proteins."
2404,8zbm,data/filtered/details/structures_files/pairwise/2404_8zbm_O_B.pdb,data/filtered/details/structures_files/pymol/2404_8zbm_O_B.py,,data/filtered/details/structures_files/assembly/2404_8zbm.pdb,"Heteromer, 16 proteins."
2405,8zbm,data/filtered/details/structures_files/pairwise/2405_8zbm_O_J.pdb,data/filtered/details/structures_files/pymol/2405_8zbm_O_J.py,,data/filtered/details/structures_files/assembly/2405_8zbm.pdb,"Heteromer, 16 proteins."
2409,9qey,data/filtered/details/structures_files/pairwise/2409_9qey_D_E.pdb,data/filtered/details/structures_files/pymol/2409_9qey_D_E.py,,data/filtered/details/structures_files/assembly/2409_9qey.pdb,"Heteromer, 6 proteins."
241,6vao,data/filtered/details/structures_files/pairwise/241_6vao_D_G.pdb,data/filtered/details/structures_files/pymol/241_6vao_D_G.py,,data/filtered/details/structures_files/assembly/241_6vao.pdb,"Heteromer, 10 proteins."
2412,8a2r,data/filtered/details/structures_files/pairwise/2412_8a2r_D_E.pdb,data/filtered/details/structures_files/pymol/2412_8a2r_D_E.py,,data/filtered/details/structures_files/assembly/2412_8a2r.pdb,"Homomer, 5 proteins."
2414,9q7n,data/filtered/details/structures_files/pairwise/2414_9q7n_B_C.pdb,data/filtered/details/structures_files/pymol/2414_9q7n_B_C.py,,data/filtered/details/structures_files/assembly/2414_9q7n.pdb,"Heteromer, 10 proteins."
2415,9q7n,data/filtered/details/structures_files/pairwise/2415_9q7n_B_D.pdb,data/filtered/details/structures_files/pymol/2415_9q7n_B_D.py,,data/filtered/details/structures_files/assembly/2415_9q7n.pdb,"Heteromer, 10 proteins."
2416,9q7n,data/filtered/details/structures_files/pairwise/2416_9q7n_B_b.pdb,data/filtered/details/structures_files/pymol/2416_9q7n_B_b.py,,data/filtered/details/structures_files/assembly/2416_9q7n.pdb,"Heteromer, 10 proteins."
2417,7tpt,data/filtered/details/structures_files/pairwise/2417_7tpt_N_E.pdb,data/filtered/details/structures_files/pymol/2417_7tpt_N_E.py,,data/filtered/details/structures_files/assembly/2417_7tpt.pdb,"Heteromer, 21 proteins, 15 peptides."
2420,7tpt,data/filtered/details/structures_files/pairwise/2420_7tpt_N_O.pdb,data/filtered/details/structures_files/pymol/2420_7tpt_N_O.py,,data/filtered/details/structures_files/assembly/2420_7tpt.pdb,"Heteromer, 21 proteins, 15 peptides."
2421,7tpt,data/filtered/details/structures_files/pairwise/2421_7tpt_N_P.pdb,data/filtered/details/structures_files/pymol/2421_7tpt_N_P.py,,data/filtered/details/structures_files/assembly/2421_7tpt.pdb,"Heteromer, 21 proteins, 15 peptides."
2423,8zbm,data/filtered/details/structures_files/pairwise/2423_8zbm_H_Q.pdb,data/filtered/details/structures_files/pymol/2423_8zbm_H_Q.py,,data/filtered/details/structures_files/assembly/2423_8zbm.pdb,"Heteromer, 16 proteins."
2424,8zbm,data/filtered/details/structures_files/pairwise/2424_8zbm_H_D.pdb,data/filtered/details/structures_files/pymol/2424_8zbm_H_D.py,,data/filtered/details/structures_files/assembly/2424_8zbm.pdb,"Heteromer, 16 proteins."
2425,8zbm,data/filtered/details/structures_files/pairwise/2425_8zbm_H_G.pdb,data/filtered/details/structures_files/pymol/2425_8zbm_H_G.py,,data/filtered/details/structures_files/assembly/2425_8zbm.pdb,"Heteromer, 16 proteins."
243,6vao,data/filtered/details/structures_files/pairwise/243_6vao_D_J.pdb,data/filtered/details/structures_files/pymol/243_6vao_D_J.py,,data/filtered/details/structures_files/assembly/243_6vao.pdb,"Heteromer, 10 proteins."
2432,9qey,data/filtered/details/structures_files/pairwise/2432_9qey_C_D.pdb,data/filtered/details/structures_files/pymol/2432_9qey_C_D.py,,data/filtered/details/structures_files/assembly/2432_9qey.pdb,"Heteromer, 6 proteins."
2433,9qey,data/filtered/details/structures_files/pairwise/2433_9qey_C_E.pdb,data/filtered/details/structures_files/pymol/2433_9qey_C_E.py,,data/filtered/details/structures_files/assembly/2433_9qey.pdb,"Heteromer, 6 proteins."
2434,9qey,data/filtered/details/structures_files/pairwise/2434_9qey_C_H.pdb,data/filtered/details/structures_files/pymol/2434_9qey_C_H.py,,data/filtered/details/structures_files/assembly/2434_9qey.pdb,"Heteromer, 6 proteins."
2437,8a2r,data/filtered/details/structures_files/pairwise/2437_8a2r_B_D.pdb,data/filtered/details/structures_files/pymol/2437_8a2r_B_D.py,,data/filtered/details/structures_files/assembly/2437_8a2r.pdb,"Homomer, 5 proteins."
2438,9q7n,data/filtered/details/structures_files/pairwise/2438_9q7n_A_B.pdb,data/filtered/details/structures_files/pymol/2438_9q7n_A_B.py,,data/filtered/details/structures_files/assembly/2438_9q7n.pdb,"Heteromer, 10 proteins."
2439,9q7n,data/filtered/details/structures_files/pairwise/2439_9q7n_A_C.pdb,data/filtered/details/structures_files/pymol/2439_9q7n_A_C.py,,data/filtered/details/structures_files/assembly/2439_9q7n.pdb,"Heteromer, 10 proteins."
2440,9q7n,data/filtered/details/structures_files/pairwise/2440_9q7n_A_a.pdb,data/filtered/details/structures_files/pymol/2440_9q7n_A_a.py,,data/filtered/details/structures_files/assembly/2440_9q7n.pdb,"Heteromer, 10 proteins."
2442,7tpt,data/filtered/details/structures_files/pairwise/2442_7tpt_M_N.pdb,data/filtered/details/structures_files/pymol/2442_7tpt_M_N.py,,data/filtered/details/structures_files/assembly/2442_7tpt.pdb,"Heteromer, 21 proteins, 15 peptides."
2443,7tpt,data/filtered/details/structures_files/pairwise/2443_7tpt_M_O.pdb,data/filtered/details/structures_files/pymol/2443_7tpt_M_O.py,,data/filtered/details/structures_files/assembly/2443_7tpt.pdb,"Heteromer, 21 proteins, 15 peptides."
2444,8zbm,data/filtered/details/structures_files/pairwise/2444_8zbm_E_H.pdb,data/filtered/details/structures_files/pymol/2444_8zbm_E_H.py,,data/filtered/details/structures_files/assembly/2444_8zbm.pdb,"Heteromer, 16 proteins."
2445,8zbm,data/filtered/details/structures_files/pairwise/2445_8zbm_E_O.pdb,data/filtered/details/structures_files/pymol/2445_8zbm_E_O.py,,data/filtered/details/structures_files/assembly/2445_8zbm.pdb,"Heteromer, 16 proteins."
2446,8zbm,data/filtered/details/structures_files/pairwise/2446_8zbm_E_Q.pdb,data/filtered/details/structures_files/pymol/2446_8zbm_E_Q.py,,data/filtered/details/structures_files/assembly/2446_8zbm.pdb,"Heteromer, 16 proteins."
2447,8zbm,data/filtered/details/structures_files/pairwise/2447_8zbm_E_A.pdb,data/filtered/details/structures_files/pymol/2447_8zbm_E_A.py,,data/filtered/details/structures_files/assembly/2447_8zbm.pdb,"Heteromer, 16 proteins."
2454,9qey,data/filtered/details/structures_files/pairwise/2454_9qey_B_C.pdb,data/filtered/details/structures_files/pymol/2454_9qey_B_C.py,,data/filtered/details/structures_files/assembly/2454_9qey.pdb,"Heteromer, 6 proteins."
2455,9qey,data/filtered/details/structures_files/pairwise/2455_9qey_B_D.pdb,data/filtered/details/structures_files/pymol/2455_9qey_B_D.py,,data/filtered/details/structures_files/assembly/2455_9qey.pdb,"Heteromer, 6 proteins."
2457,8a2r,data/filtered/details/structures_files/pairwise/2457_8a2r_A_B.pdb,data/filtered/details/structures_files/pymol/2457_8a2r_A_B.py,,data/filtered/details/structures_files/assembly/2457_8a2r.pdb,"Homomer, 5 proteins."
246,8vaa,data/filtered/details/structures_files/pairwise/246_8vaa_H_I.pdb,data/filtered/details/structures_files/pymol/246_8vaa_H_I.py,,data/filtered/details/structures_files/assembly/246_8vaa.pdb,"Heteromer, 20 proteins."
2460,9q7m,data/filtered/details/structures_files/pairwise/2460_9q7m_E_c.pdb,data/filtered/details/structures_files/pymol/2460_9q7m_E_c.py,,data/filtered/details/structures_files/assembly/2460_9q7m.pdb,"Heteromer, 9 proteins."
2461,7tpt,data/filtered/details/structures_files/pairwise/2461_7tpt_L_M.pdb,data/filtered/details/structures_files/pymol/2461_7tpt_L_M.py,,data/filtered/details/structures_files/assembly/2461_7tpt.pdb,"Heteromer, 21 proteins, 15 peptides."
2462,7tpt,data/filtered/details/structures_files/pairwise/2462_7tpt_L_N.pdb,data/filtered/details/structures_files/pymol/2462_7tpt_L_N.py,,data/filtered/details/structures_files/assembly/2462_7tpt.pdb,"Heteromer, 21 proteins, 15 peptides."
2469,9qey,data/filtered/details/structures_files/pairwise/2469_9qey_A_B.pdb,data/filtered/details/structures_files/pymol/2469_9qey_A_B.py,,data/filtered/details/structures_files/assembly/2469_9qey.pdb,"Heteromer, 6 proteins."
247,8vaa,data/filtered/details/structures_files/pairwise/247_8vaa_H_J.pdb,data/filtered/details/structures_files/pymol/247_8vaa_H_J.py,,data/filtered/details/structures_files/assembly/247_8vaa.pdb,"Heteromer, 20 proteins."
2470,9qey,data/filtered/details/structures_files/pairwise/2470_9qey_A_C.pdb,data/filtered/details/structures_files/pymol/2470_9qey_A_C.py,,data/filtered/details/structures_files/assembly/2470_9qey.pdb,"Heteromer, 6 proteins."
2471,9qey,data/filtered/details/structures_files/pairwise/2471_9qey_A_H.pdb,data/filtered/details/structures_files/pymol/2471_9qey_A_H.py,,data/filtered/details/structures_files/assembly/2471_9qey.pdb,"Heteromer, 6 proteins."
2472,8a2r,data/filtered/details/structures_files/pairwise/2472_8a2r_C_A.pdb,data/filtered/details/structures_files/pymol/2472_8a2r_C_A.py,,data/filtered/details/structures_files/assembly/2472_8a2r.pdb,"Homomer, 5 proteins."
2473,8a2r,data/filtered/details/structures_files/pairwise/2473_8a2r_C_B.pdb,data/filtered/details/structures_files/pymol/2473_8a2r_C_B.py,,data/filtered/details/structures_files/assembly/2473_8a2r.pdb,"Homomer, 5 proteins."
2474,8a2r,data/filtered/details/structures_files/pairwise/2474_8a2r_C_D.pdb,data/filtered/details/structures_files/pymol/2474_8a2r_C_D.py,,data/filtered/details/structures_files/assembly/2474_8a2r.pdb,"Homomer, 5 proteins."
2475,8a2r,data/filtered/details/structures_files/pairwise/2475_8a2r_C_E.pdb,data/filtered/details/structures_files/pymol/2475_8a2r_C_E.py,,data/filtered/details/structures_files/assembly/2475_8a2r.pdb,"Homomer, 5 proteins."
2478,9q7m,data/filtered/details/structures_files/pairwise/2478_9q7m_D_E.pdb,data/filtered/details/structures_files/pymol/2478_9q7m_D_E.py,,data/filtered/details/structures_files/assembly/2478_9q7m.pdb,"Heteromer, 9 proteins."
2479,9q7m,data/filtered/details/structures_files/pairwise/2479_9q7m_D_b.pdb,data/filtered/details/structures_files/pymol/2479_9q7m_D_b.py,,data/filtered/details/structures_files/assembly/2479_9q7m.pdb,"Heteromer, 9 proteins."
2480,9q7m,data/filtered/details/structures_files/pairwise/2480_9q7m_D_d.pdb,data/filtered/details/structures_files/pymol/2480_9q7m_D_d.py,,data/filtered/details/structures_files/assembly/2480_9q7m.pdb,"Heteromer, 9 proteins."
2485,9duv,data/filtered/details/structures_files/pairwise/2485_9duv_E_F.pdb,data/filtered/details/structures_files/pymol/2485_9duv_E_F.py,,data/filtered/details/structures_files/assembly/2485_9duv.pdb,"Heteromer, 6 proteins, 7 peptides."
2497,9q7m,data/filtered/details/structures_files/pairwise/2497_9q7m_C_D.pdb,data/filtered/details/structures_files/pymol/2497_9q7m_C_D.py,,data/filtered/details/structures_files/assembly/2497_9q7m.pdb,"Heteromer, 9 proteins."
2498,9q7m,data/filtered/details/structures_files/pairwise/2498_9q7m_C_E.pdb,data/filtered/details/structures_files/pymol/2498_9q7m_C_E.py,,data/filtered/details/structures_files/assembly/2498_9q7m.pdb,"Heteromer, 9 proteins."
2499,9q7m,data/filtered/details/structures_files/pairwise/2499_9q7m_C_a.pdb,data/filtered/details/structures_files/pymol/2499_9q7m_C_a.py,,data/filtered/details/structures_files/assembly/2499_9q7m.pdb,"Heteromer, 9 proteins."
250,8iah,data/filtered/details/structures_files/pairwise/250_8iah_I_1.pdb,data/filtered/details/structures_files/pymol/250_8iah_I_1.py,data/filtered/details/structures_files/assembly/250_8iah.cif,,"Heteromer, 36 proteins."
2500,9q7m,data/filtered/details/structures_files/pairwise/2500_9q7m_C_c.pdb,data/filtered/details/structures_files/pymol/2500_9q7m_C_c.py,,data/filtered/details/structures_files/assembly/2500_9q7m.pdb,"Heteromer, 9 proteins."
2503,7tpt,data/filtered/details/structures_files/pairwise/2503_7tpt_J_K.pdb,data/filtered/details/structures_files/pymol/2503_7tpt_J_K.py,,data/filtered/details/structures_files/assembly/2503_7tpt.pdb,"Heteromer, 21 proteins, 15 peptides."
2506,9duv,data/filtered/details/structures_files/pairwise/2506_9duv_D_E.pdb,data/filtered/details/structures_files/pymol/2506_9duv_D_E.py,,data/filtered/details/structures_files/assembly/2506_9duv.pdb,"Heteromer, 6 proteins, 7 peptides."
2507,9duv,data/filtered/details/structures_files/pairwise/2507_9duv_D_F.pdb,data/filtered/details/structures_files/pymol/2507_9duv_D_F.py,,data/filtered/details/structures_files/assembly/2507_9duv.pdb,"Heteromer, 6 proteins, 7 peptides."
251,8iah,data/filtered/details/structures_files/pairwise/251_8iah_I_7.pdb,data/filtered/details/structures_files/pymol/251_8iah_I_7.py,data/filtered/details/structures_files/assembly/251_8iah.cif,,"Heteromer, 36 proteins."
2516,9qew,data/filtered/details/structures_files/pairwise/2516_9qew_D_E.pdb,data/filtered/details/structures_files/pymol/2516_9qew_D_E.py,,data/filtered/details/structures_files/assembly/2516_9qew.pdb,"Homomer, 5 proteins."
2520,9q7m,data/filtered/details/structures_files/pairwise/2520_9q7m_B_C.pdb,data/filtered/details/structures_files/pymol/2520_9q7m_B_C.py,,data/filtered/details/structures_files/assembly/2520_9q7m.pdb,"Heteromer, 9 proteins."
2521,9q7m,data/filtered/details/structures_files/pairwise/2521_9q7m_B_D.pdb,data/filtered/details/structures_files/pymol/2521_9q7m_B_D.py,,data/filtered/details/structures_files/assembly/2521_9q7m.pdb,"Heteromer, 9 proteins."
2522,9q7m,data/filtered/details/structures_files/pairwise/2522_9q7m_B_b.pdb,data/filtered/details/structures_files/pymol/2522_9q7m_B_b.py,,data/filtered/details/structures_files/assembly/2522_9q7m.pdb,"Heteromer, 9 proteins."
2523,7tpt,data/filtered/details/structures_files/pairwise/2523_7tpt_I_B.pdb,data/filtered/details/structures_files/pymol/2523_7tpt_I_B.py,,data/filtered/details/structures_files/assembly/2523_7tpt.pdb,"Heteromer, 21 proteins, 15 peptides."
2525,7tpt,data/filtered/details/structures_files/pairwise/2525_7tpt_I_J.pdb,data/filtered/details/structures_files/pymol/2525_7tpt_I_J.py,,data/filtered/details/structures_files/assembly/2525_7tpt.pdb,"Heteromer, 21 proteins, 15 peptides."
2526,7tpt,data/filtered/details/structures_files/pairwise/2526_7tpt_I_K.pdb,data/filtered/details/structures_files/pymol/2526_7tpt_I_K.py,,data/filtered/details/structures_files/assembly/2526_7tpt.pdb,"Heteromer, 21 proteins, 15 peptides."
2529,9duv,data/filtered/details/structures_files/pairwise/2529_9duv_C_D.pdb,data/filtered/details/structures_files/pymol/2529_9duv_C_D.py,,data/filtered/details/structures_files/assembly/2529_9duv.pdb,"Heteromer, 6 proteins, 7 peptides."
2530,9duv,data/filtered/details/structures_files/pairwise/2530_9duv_C_E.pdb,data/filtered/details/structures_files/pymol/2530_9duv_C_E.py,,data/filtered/details/structures_files/assembly/2530_9duv.pdb,"Heteromer, 6 proteins, 7 peptides."
2535,9qew,data/filtered/details/structures_files/pairwise/2535_9qew_B_D.pdb,data/filtered/details/structures_files/pymol/2535_9qew_B_D.py,,data/filtered/details/structures_files/assembly/2535_9qew.pdb,"Homomer, 5 proteins."
2538,9q7m,data/filtered/details/structures_files/pairwise/2538_9q7m_A_B.pdb,data/filtered/details/structures_files/pymol/2538_9q7m_A_B.py,,data/filtered/details/structures_files/assembly/2538_9q7m.pdb,"Heteromer, 9 proteins."
2539,9q7m,data/filtered/details/structures_files/pairwise/2539_9q7m_A_C.pdb,data/filtered/details/structures_files/pymol/2539_9q7m_A_C.py,,data/filtered/details/structures_files/assembly/2539_9q7m.pdb,"Heteromer, 9 proteins."
254,8iah,data/filtered/details/structures_files/pairwise/254_8iah_I_J.pdb,data/filtered/details/structures_files/pymol/254_8iah_I_J.py,data/filtered/details/structures_files/assembly/254_8iah.cif,,"Heteromer, 36 proteins."
2540,9q7m,data/filtered/details/structures_files/pairwise/2540_9q7m_A_a.pdb,data/filtered/details/structures_files/pymol/2540_9q7m_A_a.py,,data/filtered/details/structures_files/assembly/2540_9q7m.pdb,"Heteromer, 9 proteins."
2541,7tpt,data/filtered/details/structures_files/pairwise/2541_7tpt_H_A.pdb,data/filtered/details/structures_files/pymol/2541_7tpt_H_A.py,,data/filtered/details/structures_files/assembly/2541_7tpt.pdb,"Heteromer, 21 proteins, 15 peptides."
2542,7tpt,data/filtered/details/structures_files/pairwise/2542_7tpt_H_B.pdb,data/filtered/details/structures_files/pymol/2542_7tpt_H_B.py,,data/filtered/details/structures_files/assembly/2542_7tpt.pdb,"Heteromer, 21 proteins, 15 peptides."
2543,7tpt,data/filtered/details/structures_files/pairwise/2543_7tpt_H_I.pdb,data/filtered/details/structures_files/pymol/2543_7tpt_H_I.py,,data/filtered/details/structures_files/assembly/2543_7tpt.pdb,"Heteromer, 21 proteins, 15 peptides."
2544,7tpt,data/filtered/details/structures_files/pairwise/2544_7tpt_H_J.pdb,data/filtered/details/structures_files/pymol/2544_7tpt_H_J.py,,data/filtered/details/structures_files/assembly/2544_7tpt.pdb,"Heteromer, 21 proteins, 15 peptides."
2546,9duv,data/filtered/details/structures_files/pairwise/2546_9duv_B_C.pdb,data/filtered/details/structures_files/pymol/2546_9duv_B_C.py,,data/filtered/details/structures_files/assembly/2546_9duv.pdb,"Heteromer, 6 proteins, 7 peptides."
2547,9duv,data/filtered/details/structures_files/pairwise/2547_9duv_B_D.pdb,data/filtered/details/structures_files/pymol/2547_9duv_B_D.py,,data/filtered/details/structures_files/assembly/2547_9duv.pdb,"Heteromer, 6 proteins, 7 peptides."
255,8iah,data/filtered/details/structures_files/pairwise/255_8iah_I_K.pdb,data/filtered/details/structures_files/pymol/255_8iah_I_K.py,data/filtered/details/structures_files/assembly/255_8iah.cif,,"Heteromer, 36 proteins."
2552,9qew,data/filtered/details/structures_files/pairwise/2552_9qew_A_B.pdb,data/filtered/details/structures_files/pymol/2552_9qew_A_B.py,,data/filtered/details/structures_files/assembly/2552_9qew.pdb,"Homomer, 5 proteins."
2557,9q7l,data/filtered/details/structures_files/pairwise/2557_9q7l_E_c.pdb,data/filtered/details/structures_files/pymol/2557_9q7l_E_c.py,,data/filtered/details/structures_files/assembly/2557_9q7l.pdb,"Heteromer, 8 proteins."
2559,9duv,data/filtered/details/structures_files/pairwise/2559_9duv_A_B.pdb,data/filtered/details/structures_files/pymol/2559_9duv_A_B.py,,data/filtered/details/structures_files/assembly/2559_9duv.pdb,"Heteromer, 6 proteins, 7 peptides."
256,8iah,data/filtered/details/structures_files/pairwise/256_8iah_I_S.pdb,data/filtered/details/structures_files/pymol/256_8iah_I_S.py,data/filtered/details/structures_files/assembly/256_8iah.cif,,"Heteromer, 36 proteins."
2560,9duv,data/filtered/details/structures_files/pairwise/2560_9duv_A_C.pdb,data/filtered/details/structures_files/pymol/2560_9duv_A_C.py,,data/filtered/details/structures_files/assembly/2560_9duv.pdb,"Heteromer, 6 proteins, 7 peptides."
2564,9qew,data/filtered/details/structures_files/pairwise/2564_9qew_C_A.pdb,data/filtered/details/structures_files/pymol/2564_9qew_C_A.py,,data/filtered/details/structures_files/assembly/2564_9qew.pdb,"Homomer, 5 proteins."
2565,9qew,data/filtered/details/structures_files/pairwise/2565_9qew_C_B.pdb,data/filtered/details/structures_files/pymol/2565_9qew_C_B.py,,data/filtered/details/structures_files/assembly/2565_9qew.pdb,"Homomer, 5 proteins."
2566,9qew,data/filtered/details/structures_files/pairwise/2566_9qew_C_D.pdb,data/filtered/details/structures_files/pymol/2566_9qew_C_D.py,,data/filtered/details/structures_files/assembly/2566_9qew.pdb,"Homomer, 5 proteins."
2567,9qew,data/filtered/details/structures_files/pairwise/2567_9qew_C_E.pdb,data/filtered/details/structures_files/pymol/2567_9qew_C_E.py,,data/filtered/details/structures_files/assembly/2567_9qew.pdb,"Homomer, 5 proteins."
2570,6djm,data/filtered/details/structures_files/pairwise/2570_6djm_C_D.pdb,data/filtered/details/structures_files/pymol/2570_6djm_C_D.py,,data/filtered/details/structures_files/assembly/2570_6djm.pdb,"Homomer, 4 proteins."
2573,9q7l,data/filtered/details/structures_files/pairwise/2573_9q7l_D_E.pdb,data/filtered/details/structures_files/pymol/2573_9q7l_D_E.py,,data/filtered/details/structures_files/assembly/2573_9q7l.pdb,"Heteromer, 8 proteins."
2574,9q7l,data/filtered/details/structures_files/pairwise/2574_9q7l_D_b.pdb,data/filtered/details/structures_files/pymol/2574_9q7l_D_b.py,,data/filtered/details/structures_files/assembly/2574_9q7l.pdb,"Heteromer, 8 proteins."
2582,6djm,data/filtered/details/structures_files/pairwise/2582_6djm_B_C.pdb,data/filtered/details/structures_files/pymol/2582_6djm_B_C.py,,data/filtered/details/structures_files/assembly/2582_6djm.pdb,"Homomer, 4 proteins."
2583,6djm,data/filtered/details/structures_files/pairwise/2583_6djm_B_D.pdb,data/filtered/details/structures_files/pymol/2583_6djm_B_D.py,,data/filtered/details/structures_files/assembly/2583_6djm.pdb,"Homomer, 4 proteins."
2586,9q7l,data/filtered/details/structures_files/pairwise/2586_9q7l_C_D.pdb,data/filtered/details/structures_files/pymol/2586_9q7l_C_D.py,,data/filtered/details/structures_files/assembly/2586_9q7l.pdb,"Heteromer, 8 proteins."
2587,9q7l,data/filtered/details/structures_files/pairwise/2587_9q7l_C_E.pdb,data/filtered/details/structures_files/pymol/2587_9q7l_C_E.py,,data/filtered/details/structures_files/assembly/2587_9q7l.pdb,"Heteromer, 8 proteins."
2588,9q7l,data/filtered/details/structures_files/pairwise/2588_9q7l_C_a.pdb,data/filtered/details/structures_files/pymol/2588_9q7l_C_a.py,,data/filtered/details/structures_files/assembly/2588_9q7l.pdb,"Heteromer, 8 proteins."
2589,9q7l,data/filtered/details/structures_files/pairwise/2589_9q7l_C_c.pdb,data/filtered/details/structures_files/pymol/2589_9q7l_C_c.py,,data/filtered/details/structures_files/assembly/2589_9q7l.pdb,"Heteromer, 8 proteins."
2593,9b3d,data/filtered/details/structures_files/pairwise/2593_9b3d_E_F.pdb,data/filtered/details/structures_files/pymol/2593_9b3d_E_F.py,,data/filtered/details/structures_files/assembly/2593_9b3d.pdb,"Heteromer, 8 proteins."
2594,9b3d,data/filtered/details/structures_files/pairwise/2594_9b3d_E_G.pdb,data/filtered/details/structures_files/pymol/2594_9b3d_E_G.py,,data/filtered/details/structures_files/assembly/2594_9b3d.pdb,"Heteromer, 8 proteins."
26,8iai,data/filtered/details/structures_files/pairwise/26_8iai_G_H.pdb,data/filtered/details/structures_files/pymol/26_8iai_G_H.py,data/filtered/details/structures_files/assembly/26_8iai.cif,,"Heteromer, 31 proteins."
2600,6djm,data/filtered/details/structures_files/pairwise/2600_6djm_A_B.pdb,data/filtered/details/structures_files/pymol/2600_6djm_A_B.py,,data/filtered/details/structures_files/assembly/2600_6djm.pdb,"Homomer, 4 proteins."
2601,6djm,data/filtered/details/structures_files/pairwise/2601_6djm_A_C.pdb,data/filtered/details/structures_files/pymol/2601_6djm_A_C.py,,data/filtered/details/structures_files/assembly/2601_6djm.pdb,"Homomer, 4 proteins."
2603,9q7l,data/filtered/details/structures_files/pairwise/2603_9q7l_B_C.pdb,data/filtered/details/structures_files/pymol/2603_9q7l_B_C.py,,data/filtered/details/structures_files/assembly/2603_9q7l.pdb,"Heteromer, 8 proteins."
2604,9q7l,data/filtered/details/structures_files/pairwise/2604_9q7l_B_D.pdb,data/filtered/details/structures_files/pymol/2604_9q7l_B_D.py,,data/filtered/details/structures_files/assembly/2604_9q7l.pdb,"Heteromer, 8 proteins."
2605,9q7l,data/filtered/details/structures_files/pairwise/2605_9q7l_B_b.pdb,data/filtered/details/structures_files/pymol/2605_9q7l_B_b.py,,data/filtered/details/structures_files/assembly/2605_9q7l.pdb,"Heteromer, 8 proteins."
2609,9b3d,data/filtered/details/structures_files/pairwise/2609_9b3d_D_E.pdb,data/filtered/details/structures_files/pymol/2609_9b3d_D_E.py,,data/filtered/details/structures_files/assembly/2609_9b3d.pdb,"Heteromer, 8 proteins."
2610,9b3d,data/filtered/details/structures_files/pairwise/2610_9b3d_D_F.pdb,data/filtered/details/structures_files/pymol/2610_9b3d_D_F.py,,data/filtered/details/structures_files/assembly/2610_9b3d.pdb,"Heteromer, 8 proteins."
2611,9b3d,data/filtered/details/structures_files/pairwise/2611_9b3d_D_H.pdb,data/filtered/details/structures_files/pymol/2611_9b3d_D_H.py,,data/filtered/details/structures_files/assembly/2611_9b3d.pdb,"Heteromer, 8 proteins."
2617,9q7l,data/filtered/details/structures_files/pairwise/2617_9q7l_A_B.pdb,data/filtered/details/structures_files/pymol/2617_9q7l_A_B.py,,data/filtered/details/structures_files/assembly/2617_9q7l.pdb,"Heteromer, 8 proteins."
2618,9q7l,data/filtered/details/structures_files/pairwise/2618_9q7l_A_C.pdb,data/filtered/details/structures_files/pymol/2618_9q7l_A_C.py,,data/filtered/details/structures_files/assembly/2618_9q7l.pdb,"Heteromer, 8 proteins."
2619,9q7l,data/filtered/details/structures_files/pairwise/2619_9q7l_A_a.pdb,data/filtered/details/structures_files/pymol/2619_9q7l_A_a.py,,data/filtered/details/structures_files/assembly/2619_9q7l.pdb,"Heteromer, 8 proteins."
262,8c4c,data/filtered/details/structures_files/pairwise/262_8c4c_D_E.pdb,data/filtered/details/structures_files/pymol/262_8c4c_D_E.py,,data/filtered/details/structures_files/assembly/262_8c4c.pdb,"Heteromer, 12 proteins."
2623,9b3d,data/filtered/details/structures_files/pairwise/2623_9b3d_C_D.pdb,data/filtered/details/structures_files/pymol/2623_9b3d_C_D.py,,data/filtered/details/structures_files/assembly/2623_9b3d.pdb,"Heteromer, 8 proteins."
2624,9b3d,data/filtered/details/structures_files/pairwise/2624_9b3d_C_E.pdb,data/filtered/details/structures_files/pymol/2624_9b3d_C_E.py,,data/filtered/details/structures_files/assembly/2624_9b3d.pdb,"Heteromer, 8 proteins."
2625,9b3d,data/filtered/details/structures_files/pairwise/2625_9b3d_C_G.pdb,data/filtered/details/structures_files/pymol/2625_9b3d_C_G.py,,data/filtered/details/structures_files/assembly/2625_9b3d.pdb,"Heteromer, 8 proteins."
263,8c4c,data/filtered/details/structures_files/pairwise/263_8c4c_D_F.pdb,data/filtered/details/structures_files/pymol/263_8c4c_D_F.py,,data/filtered/details/structures_files/assembly/263_8c4c.pdb,"Heteromer, 12 proteins."
2633,6djn,data/filtered/details/structures_files/pairwise/2633_6djn_C_D.pdb,data/filtered/details/structures_files/pymol/2633_6djn_C_D.py,,data/filtered/details/structures_files/assembly/2633_6djn.pdb,"Homomer, 4 proteins."
2636,9q7k,data/filtered/details/structures_files/pairwise/2636_9q7k_E_c.pdb,data/filtered/details/structures_files/pymol/2636_9q7k_E_c.py,,data/filtered/details/structures_files/assembly/2636_9q7k.pdb,"Heteromer, 10 proteins."
2637,9q7k,data/filtered/details/structures_files/pairwise/2637_9q7k_E_e.pdb,data/filtered/details/structures_files/pymol/2637_9q7k_E_e.py,,data/filtered/details/structures_files/assembly/2637_9q7k.pdb,"Heteromer, 10 proteins."
264,8c4c,data/filtered/details/structures_files/pairwise/264_8c4c_D_K.pdb,data/filtered/details/structures_files/pymol/264_8c4c_D_K.py,,data/filtered/details/structures_files/assembly/264_8c4c.pdb,"Heteromer, 12 proteins."
2640,9b3d,data/filtered/details/structures_files/pairwise/2640_9b3d_B_C.pdb,data/filtered/details/structures_files/pymol/2640_9b3d_B_C.py,,data/filtered/details/structures_files/assembly/2640_9b3d.pdb,"Heteromer, 8 proteins."
2641,9b3d,data/filtered/details/structures_files/pairwise/2641_9b3d_B_D.pdb,data/filtered/details/structures_files/pymol/2641_9b3d_B_D.py,,data/filtered/details/structures_files/assembly/2641_9b3d.pdb,"Heteromer, 8 proteins."
2642,9b3d,data/filtered/details/structures_files/pairwise/2642_9b3d_B_H.pdb,data/filtered/details/structures_files/pymol/2642_9b3d_B_H.py,,data/filtered/details/structures_files/assembly/2642_9b3d.pdb,"Heteromer, 8 proteins."
2647,6djn,data/filtered/details/structures_files/pairwise/2647_6djn_B_C.pdb,data/filtered/details/structures_files/pymol/2647_6djn_B_C.py,,data/filtered/details/structures_files/assembly/2647_6djn.pdb,"Homomer, 4 proteins."
2648,6djn,data/filtered/details/structures_files/pairwise/2648_6djn_B_D.pdb,data/filtered/details/structures_files/pymol/2648_6djn_B_D.py,,data/filtered/details/structures_files/assembly/2648_6djn.pdb,"Homomer, 4 proteins."
265,8c4c,data/filtered/details/structures_files/pairwise/265_8c4c_D_N.pdb,data/filtered/details/structures_files/pymol/265_8c4c_D_N.py,,data/filtered/details/structures_files/assembly/265_8c4c.pdb,"Heteromer, 12 proteins."
2651,9q7k,data/filtered/details/structures_files/pairwise/2651_9q7k_D_E.pdb,data/filtered/details/structures_files/pymol/2651_9q7k_D_E.py,,data/filtered/details/structures_files/assembly/2651_9q7k.pdb,"Heteromer, 10 proteins."
2652,9q7k,data/filtered/details/structures_files/pairwise/2652_9q7k_D_b.pdb,data/filtered/details/structures_files/pymol/2652_9q7k_D_b.py,,data/filtered/details/structures_files/assembly/2652_9q7k.pdb,"Heteromer, 10 proteins."
2653,9q7k,data/filtered/details/structures_files/pairwise/2653_9q7k_D_d.pdb,data/filtered/details/structures_files/pymol/2653_9q7k_D_d.py,,data/filtered/details/structures_files/assembly/2653_9q7k.pdb,"Heteromer, 10 proteins."
2657,9b3d,data/filtered/details/structures_files/pairwise/2657_9b3d_A_B.pdb,data/filtered/details/structures_files/pymol/2657_9b3d_A_B.py,,data/filtered/details/structures_files/assembly/2657_9b3d.pdb,"Heteromer, 8 proteins."
2658,9b3d,data/filtered/details/structures_files/pairwise/2658_9b3d_A_C.pdb,data/filtered/details/structures_files/pymol/2658_9b3d_A_C.py,,data/filtered/details/structures_files/assembly/2658_9b3d.pdb,"Heteromer, 8 proteins."
2664,6djn,data/filtered/details/structures_files/pairwise/2664_6djn_A_B.pdb,data/filtered/details/structures_files/pymol/2664_6djn_A_B.py,,data/filtered/details/structures_files/assembly/2664_6djn.pdb,"Homomer, 4 proteins."
2665,6djn,data/filtered/details/structures_files/pairwise/2665_6djn_A_C.pdb,data/filtered/details/structures_files/pymol/2665_6djn_A_C.py,,data/filtered/details/structures_files/assembly/2665_6djn.pdb,"Homomer, 4 proteins."
2668,9q7k,data/filtered/details/structures_files/pairwise/2668_9q7k_C_D.pdb,data/filtered/details/structures_files/pymol/2668_9q7k_C_D.py,,data/filtered/details/structures_files/assembly/2668_9q7k.pdb,"Heteromer, 10 proteins."
2669,9q7k,data/filtered/details/structures_files/pairwise/2669_9q7k_C_E.pdb,data/filtered/details/structures_files/pymol/2669_9q7k_C_E.py,,data/filtered/details/structures_files/assembly/2669_9q7k.pdb,"Heteromer, 10 proteins."
2670,9q7k,data/filtered/details/structures_files/pairwise/2670_9q7k_C_a.pdb,data/filtered/details/structures_files/pymol/2670_9q7k_C_a.py,,data/filtered/details/structures_files/assembly/2670_9q7k.pdb,"Heteromer, 10 proteins."
2671,9q7k,data/filtered/details/structures_files/pairwise/2671_9q7k_C_c.pdb,data/filtered/details/structures_files/pymol/2671_9q7k_C_c.py,,data/filtered/details/structures_files/assembly/2671_9q7k.pdb,"Heteromer, 10 proteins."
2677,9b27,data/filtered/details/structures_files/pairwise/2677_9b27_F_G.pdb,data/filtered/details/structures_files/pymol/2677_9b27_F_G.py,,data/filtered/details/structures_files/assembly/2677_9b27.pdb,"Heteromer, 8 proteins."
2678,9b27,data/filtered/details/structures_files/pairwise/2678_9b27_F_H.pdb,data/filtered/details/structures_files/pymol/2678_9b27_F_H.py,,data/filtered/details/structures_files/assembly/2678_9b27.pdb,"Heteromer, 8 proteins."
268,6vao,data/filtered/details/structures_files/pairwise/268_6vao_E_D.pdb,data/filtered/details/structures_files/pymol/268_6vao_E_D.py,,data/filtered/details/structures_files/assembly/268_6vao.pdb,"Heteromer, 10 proteins."
2688,9q7k,data/filtered/details/structures_files/pairwise/2688_9q7k_B_C.pdb,data/filtered/details/structures_files/pymol/2688_9q7k_B_C.py,,data/filtered/details/structures_files/assembly/2688_9q7k.pdb,"Heteromer, 10 proteins."
2689,9q7k,data/filtered/details/structures_files/pairwise/2689_9q7k_B_D.pdb,data/filtered/details/structures_files/pymol/2689_9q7k_B_D.py,,data/filtered/details/structures_files/assembly/2689_9q7k.pdb,"Heteromer, 10 proteins."
269,6vao,data/filtered/details/structures_files/pairwise/269_6vao_E_I.pdb,data/filtered/details/structures_files/pymol/269_6vao_E_I.py,,data/filtered/details/structures_files/assembly/269_6vao.pdb,"Heteromer, 10 proteins."
2690,9q7k,data/filtered/details/structures_files/pairwise/2690_9q7k_B_b.pdb,data/filtered/details/structures_files/pymol/2690_9q7k_B_b.py,,data/filtered/details/structures_files/assembly/2690_9q7k.pdb,"Heteromer, 10 proteins."
2696,9b27,data/filtered/details/structures_files/pairwise/2696_9b27_E_F.pdb,data/filtered/details/structures_files/pymol/2696_9b27_E_F.py,,data/filtered/details/structures_files/assembly/2696_9b27.pdb,"Heteromer, 8 proteins."
2697,9b27,data/filtered/details/structures_files/pairwise/2697_9b27_E_G.pdb,data/filtered/details/structures_files/pymol/2697_9b27_E_G.py,,data/filtered/details/structures_files/assembly/2697_9b27.pdb,"Heteromer, 8 proteins."
27,8iai,data/filtered/details/structures_files/pairwise/27_8iai_G_I.pdb,data/filtered/details/structures_files/pymol/27_8iai_G_I.py,data/filtered/details/structures_files/assembly/27_8iai.cif,,"Heteromer, 31 proteins."
270,6vao,data/filtered/details/structures_files/pairwise/270_6vao_E_H.pdb,data/filtered/details/structures_files/pymol/270_6vao_E_H.py,,data/filtered/details/structures_files/assembly/270_6vao.pdb,"Heteromer, 10 proteins."
2702,6djo,data/filtered/details/structures_files/pairwise/2702_6djo_C_D.pdb,data/filtered/details/structures_files/pymol/2702_6djo_C_D.py,,data/filtered/details/structures_files/assembly/2702_6djo.pdb,"Homomer, 4 proteins."
2703,9q7k,data/filtered/details/structures_files/pairwise/2703_9q7k_A_B.pdb,data/filtered/details/structures_files/pymol/2703_9q7k_A_B.py,,data/filtered/details/structures_files/assembly/2703_9q7k.pdb,"Heteromer, 10 proteins."
2704,9q7k,data/filtered/details/structures_files/pairwise/2704_9q7k_A_C.pdb,data/filtered/details/structures_files/pymol/2704_9q7k_A_C.py,,data/filtered/details/structures_files/assembly/2704_9q7k.pdb,"Heteromer, 10 proteins."
2705,9q7k,data/filtered/details/structures_files/pairwise/2705_9q7k_A_a.pdb,data/filtered/details/structures_files/pymol/2705_9q7k_A_a.py,,data/filtered/details/structures_files/assembly/2705_9q7k.pdb,"Heteromer, 10 proteins."
2709,9b27,data/filtered/details/structures_files/pairwise/2709_9b27_D_E.pdb,data/filtered/details/structures_files/pymol/2709_9b27_D_E.py,,data/filtered/details/structures_files/assembly/2709_9b27.pdb,"Heteromer, 8 proteins."
2710,9b27,data/filtered/details/structures_files/pairwise/2710_9b27_D_F.pdb,data/filtered/details/structures_files/pymol/2710_9b27_D_F.py,,data/filtered/details/structures_files/assembly/2710_9b27.pdb,"Heteromer, 8 proteins."
2713,9fjm,data/filtered/details/structures_files/pairwise/2713_9fjm_C_D.pdb,data/filtered/details/structures_files/pymol/2713_9fjm_C_D.py,,data/filtered/details/structures_files/assembly/2713_9fjm.pdb,"Heteromer, 4 proteins, 4 peptides."
2715,6djo,data/filtered/details/structures_files/pairwise/2715_6djo_B_C.pdb,data/filtered/details/structures_files/pymol/2715_6djo_B_C.py,,data/filtered/details/structures_files/assembly/2715_6djo.pdb,"Homomer, 4 proteins."
2716,6djo,data/filtered/details/structures_files/pairwise/2716_6djo_B_D.pdb,data/filtered/details/structures_files/pymol/2716_6djo_B_D.py,,data/filtered/details/structures_files/assembly/2716_6djo.pdb,"Homomer, 4 proteins."
2721,9b27,data/filtered/details/structures_files/pairwise/2721_9b27_C_D.pdb,data/filtered/details/structures_files/pymol/2721_9b27_C_D.py,,data/filtered/details/structures_files/assembly/2721_9b27.pdb,"Heteromer, 8 proteins."
2722,9b27,data/filtered/details/structures_files/pairwise/2722_9b27_C_E.pdb,data/filtered/details/structures_files/pymol/2722_9b27_C_E.py,,data/filtered/details/structures_files/assembly/2722_9b27.pdb,"Heteromer, 8 proteins."
2724,9fjm,data/filtered/details/structures_files/pairwise/2724_9fjm_B_C.pdb,data/filtered/details/structures_files/pymol/2724_9fjm_B_C.py,,data/filtered/details/structures_files/assembly/2724_9fjm.pdb,"Heteromer, 4 proteins, 4 peptides."
2725,9fjm,data/filtered/details/structures_files/pairwise/2725_9fjm_B_D.pdb,data/filtered/details/structures_files/pymol/2725_9fjm_B_D.py,,data/filtered/details/structures_files/assembly/2725_9fjm.pdb,"Heteromer, 4 proteins, 4 peptides."
2726,6djo,data/filtered/details/structures_files/pairwise/2726_6djo_A_B.pdb,data/filtered/details/structures_files/pymol/2726_6djo_A_B.py,,data/filtered/details/structures_files/assembly/2726_6djo.pdb,"Homomer, 4 proteins."
2727,6djo,data/filtered/details/structures_files/pairwise/2727_6djo_A_C.pdb,data/filtered/details/structures_files/pymol/2727_6djo_A_C.py,,data/filtered/details/structures_files/assembly/2727_6djo.pdb,"Homomer, 4 proteins."
273,8vaa,data/filtered/details/structures_files/pairwise/273_8vaa_G_H.pdb,data/filtered/details/structures_files/pymol/273_8vaa_G_H.py,,data/filtered/details/structures_files/assembly/273_8vaa.pdb,"Heteromer, 20 proteins."
2731,9b27,data/filtered/details/structures_files/pairwise/2731_9b27_B_C.pdb,data/filtered/details/structures_files/pymol/2731_9b27_B_C.py,,data/filtered/details/structures_files/assembly/2731_9b27.pdb,"Heteromer, 8 proteins."
2732,9b27,data/filtered/details/structures_files/pairwise/2732_9b27_B_D.pdb,data/filtered/details/structures_files/pymol/2732_9b27_B_D.py,,data/filtered/details/structures_files/assembly/2732_9b27.pdb,"Heteromer, 8 proteins."
2733,9fjm,data/filtered/details/structures_files/pairwise/2733_9fjm_A_B.pdb,data/filtered/details/structures_files/pymol/2733_9fjm_A_B.py,,data/filtered/details/structures_files/assembly/2733_9fjm.pdb,"Heteromer, 4 proteins, 4 peptides."
2734,9fjm,data/filtered/details/structures_files/pairwise/2734_9fjm_A_C.pdb,data/filtered/details/structures_files/pymol/2734_9fjm_A_C.py,,data/filtered/details/structures_files/assembly/2734_9fjm.pdb,"Heteromer, 4 proteins, 4 peptides."
2739,9b27,data/filtered/details/structures_files/pairwise/2739_9b27_A_B.pdb,data/filtered/details/structures_files/pymol/2739_9b27_A_B.py,,data/filtered/details/structures_files/assembly/2739_9b27.pdb,"Heteromer, 8 proteins."
274,8vaa,data/filtered/details/structures_files/pairwise/274_8vaa_G_I.pdb,data/filtered/details/structures_files/pymol/274_8vaa_G_I.py,,data/filtered/details/structures_files/assembly/274_8vaa.pdb,"Heteromer, 20 proteins."
2740,9b27,data/filtered/details/structures_files/pairwise/2740_9b27_A_C.pdb,data/filtered/details/structures_files/pymol/2740_9b27_A_C.py,,data/filtered/details/structures_files/assembly/2740_9b27.pdb,"Heteromer, 8 proteins."
2743,7k20,data/filtered/details/structures_files/pairwise/2743_7k20_C_D.pdb,data/filtered/details/structures_files/pymol/2743_7k20_C_D.py,,data/filtered/details/structures_files/assembly/2743_7k20.pdb,"Homomer, 4 proteins."
2752,7k20,data/filtered/details/structures_files/pairwise/2752_7k20_B_C.pdb,data/filtered/details/structures_files/pymol/2752_7k20_B_C.py,,data/filtered/details/structures_files/assembly/2752_7k20.pdb,"Homomer, 4 proteins."
2753,7k20,data/filtered/details/structures_files/pairwise/2753_7k20_B_D.pdb,data/filtered/details/structures_files/pymol/2753_7k20_B_D.py,,data/filtered/details/structures_files/assembly/2753_7k20.pdb,"Homomer, 4 proteins."
2760,9b0k,data/filtered/details/structures_files/pairwise/2760_9b0k_E_F.pdb,data/filtered/details/structures_files/pymol/2760_9b0k_E_F.py,,data/filtered/details/structures_files/assembly/2760_9b0k.pdb,"Heteromer, 8 proteins."
2761,9b0k,data/filtered/details/structures_files/pairwise/2761_9b0k_E_G.pdb,data/filtered/details/structures_files/pymol/2761_9b0k_E_G.py,,data/filtered/details/structures_files/assembly/2761_9b0k.pdb,"Heteromer, 8 proteins."
2762,7k20,data/filtered/details/structures_files/pairwise/2762_7k20_A_B.pdb,data/filtered/details/structures_files/pymol/2762_7k20_A_B.py,,data/filtered/details/structures_files/assembly/2762_7k20.pdb,"Homomer, 4 proteins."
2763,7k20,data/filtered/details/structures_files/pairwise/2763_7k20_A_C.pdb,data/filtered/details/structures_files/pymol/2763_7k20_A_C.py,,data/filtered/details/structures_files/assembly/2763_7k20.pdb,"Homomer, 4 proteins."
277,8iah,data/filtered/details/structures_files/pairwise/277_8iah_H_7.pdb,data/filtered/details/structures_files/pymol/277_8iah_H_7.py,data/filtered/details/structures_files/assembly/277_8iah.cif,,"Heteromer, 36 proteins."
2770,9b0k,data/filtered/details/structures_files/pairwise/2770_9b0k_D_E.pdb,data/filtered/details/structures_files/pymol/2770_9b0k_D_E.py,,data/filtered/details/structures_files/assembly/2770_9b0k.pdb,"Heteromer, 8 proteins."
2771,9b0k,data/filtered/details/structures_files/pairwise/2771_9b0k_D_F.pdb,data/filtered/details/structures_files/pymol/2771_9b0k_D_F.py,,data/filtered/details/structures_files/assembly/2771_9b0k.pdb,"Heteromer, 8 proteins."
2772,9b0k,data/filtered/details/structures_files/pairwise/2772_9b0k_D_G.pdb,data/filtered/details/structures_files/pymol/2772_9b0k_D_G.py,,data/filtered/details/structures_files/assembly/2772_9b0k.pdb,"Heteromer, 8 proteins."
2773,9b0k,data/filtered/details/structures_files/pairwise/2773_9b0k_D_H.pdb,data/filtered/details/structures_files/pymol/2773_9b0k_D_H.py,,data/filtered/details/structures_files/assembly/2773_9b0k.pdb,"Heteromer, 8 proteins."
2786,9b0k,data/filtered/details/structures_files/pairwise/2786_9b0k_C_D.pdb,data/filtered/details/structures_files/pymol/2786_9b0k_C_D.py,,data/filtered/details/structures_files/assembly/2786_9b0k.pdb,"Heteromer, 8 proteins."
2787,9b0k,data/filtered/details/structures_files/pairwise/2787_9b0k_C_E.pdb,data/filtered/details/structures_files/pymol/2787_9b0k_C_E.py,,data/filtered/details/structures_files/assembly/2787_9b0k.pdb,"Heteromer, 8 proteins."
2788,9b0k,data/filtered/details/structures_files/pairwise/2788_9b0k_C_G.pdb,data/filtered/details/structures_files/pymol/2788_9b0k_C_G.py,,data/filtered/details/structures_files/assembly/2788_9b0k.pdb,"Heteromer, 8 proteins."
2789,9b0k,data/filtered/details/structures_files/pairwise/2789_9b0k_C_H.pdb,data/filtered/details/structures_files/pymol/2789_9b0k_C_H.py,,data/filtered/details/structures_files/assembly/2789_9b0k.pdb,"Heteromer, 8 proteins."
2794,7k21,data/filtered/details/structures_files/pairwise/2794_7k21_C_D.pdb,data/filtered/details/structures_files/pymol/2794_7k21_C_D.py,,data/filtered/details/structures_files/assembly/2794_7k21.pdb,"Homomer, 4 proteins."
28,8iai,data/filtered/details/structures_files/pairwise/28_8iai_G_Q.pdb,data/filtered/details/structures_files/pymol/28_8iai_G_Q.py,data/filtered/details/structures_files/assembly/28_8iai.cif,,"Heteromer, 31 proteins."
280,8iah,data/filtered/details/structures_files/pairwise/280_8iah_H_I.pdb,data/filtered/details/structures_files/pymol/280_8iah_H_I.py,data/filtered/details/structures_files/assembly/280_8iah.cif,,"Heteromer, 36 proteins."
2802,9b0k,data/filtered/details/structures_files/pairwise/2802_9b0k_B_C.pdb,data/filtered/details/structures_files/pymol/2802_9b0k_B_C.py,,data/filtered/details/structures_files/assembly/2802_9b0k.pdb,"Heteromer, 8 proteins."
2803,9b0k,data/filtered/details/structures_files/pairwise/2803_9b0k_B_D.pdb,data/filtered/details/structures_files/pymol/2803_9b0k_B_D.py,,data/filtered/details/structures_files/assembly/2803_9b0k.pdb,"Heteromer, 8 proteins."
2804,9b0k,data/filtered/details/structures_files/pairwise/2804_9b0k_B_G.pdb,data/filtered/details/structures_files/pymol/2804_9b0k_B_G.py,,data/filtered/details/structures_files/assembly/2804_9b0k.pdb,"Heteromer, 8 proteins."
2809,7k21,data/filtered/details/structures_files/pairwise/2809_7k21_B_C.pdb,data/filtered/details/structures_files/pymol/2809_7k21_B_C.py,,data/filtered/details/structures_files/assembly/2809_7k21.pdb,"Homomer, 4 proteins."
281,8iah,data/filtered/details/structures_files/pairwise/281_8iah_H_J.pdb,data/filtered/details/structures_files/pymol/281_8iah_H_J.py,data/filtered/details/structures_files/assembly/281_8iah.cif,,"Heteromer, 36 proteins."
2810,7k21,data/filtered/details/structures_files/pairwise/2810_7k21_B_D.pdb,data/filtered/details/structures_files/pymol/2810_7k21_B_D.py,,data/filtered/details/structures_files/assembly/2810_7k21.pdb,"Homomer, 4 proteins."
2816,9b0k,data/filtered/details/structures_files/pairwise/2816_9b0k_A_B.pdb,data/filtered/details/structures_files/pymol/2816_9b0k_A_B.py,,data/filtered/details/structures_files/assembly/2816_9b0k.pdb,"Heteromer, 8 proteins."
2817,9b0k,data/filtered/details/structures_files/pairwise/2817_9b0k_A_C.pdb,data/filtered/details/structures_files/pymol/2817_9b0k_A_C.py,,data/filtered/details/structures_files/assembly/2817_9b0k.pdb,"Heteromer, 8 proteins."
2818,9b0k,data/filtered/details/structures_files/pairwise/2818_9b0k_A_H.pdb,data/filtered/details/structures_files/pymol/2818_9b0k_A_H.py,,data/filtered/details/structures_files/assembly/2818_9b0k.pdb,"Heteromer, 8 proteins."
282,8iah,data/filtered/details/structures_files/pairwise/282_8iah_H_R.pdb,data/filtered/details/structures_files/pymol/282_8iah_H_R.py,data/filtered/details/structures_files/assembly/282_8iah.cif,,"Heteromer, 36 proteins."
2823,7k21,data/filtered/details/structures_files/pairwise/2823_7k21_A_B.pdb,data/filtered/details/structures_files/pymol/2823_7k21_A_B.py,,data/filtered/details/structures_files/assembly/2823_7k21.pdb,"Homomer, 4 proteins."
2824,7k21,data/filtered/details/structures_files/pairwise/2824_7k21_A_C.pdb,data/filtered/details/structures_files/pymol/2824_7k21_A_C.py,,data/filtered/details/structures_files/assembly/2824_7k21.pdb,"Homomer, 4 proteins."
283,8iah,data/filtered/details/structures_files/pairwise/283_8iah_H_T.pdb,data/filtered/details/structures_files/pymol/283_8iah_H_T.py,data/filtered/details/structures_files/assembly/283_8iah.cif,,"Heteromer, 36 proteins."
2837,9m64,data/filtered/details/structures_files/pairwise/2837_9m64_k_l.pdb,data/filtered/details/structures_files/pymol/2837_9m64_k_l.py,,data/filtered/details/structures_files/assembly/2837_9m64.pdb,"Heteromer, 24 proteins."
2842,9b03,data/filtered/details/structures_files/pairwise/2842_9b03_E_F.pdb,data/filtered/details/structures_files/pymol/2842_9b03_E_F.py,,data/filtered/details/structures_files/assembly/2842_9b03.pdb,"Heteromer, 8 proteins."
2843,9b03,data/filtered/details/structures_files/pairwise/2843_9b03_E_G.pdb,data/filtered/details/structures_files/pymol/2843_9b03_E_G.py,,data/filtered/details/structures_files/assembly/2843_9b03.pdb,"Heteromer, 8 proteins."
2848,6kll,data/filtered/details/structures_files/pairwise/2848_6kll_C_D.pdb,data/filtered/details/structures_files/pymol/2848_6kll_C_D.py,,data/filtered/details/structures_files/assembly/2848_6kll.pdb,"Homomer, 4 proteins."
2849,9m64,data/filtered/details/structures_files/pairwise/2849_9m64_j_b.pdb,data/filtered/details/structures_files/pymol/2849_9m64_j_b.py,,data/filtered/details/structures_files/assembly/2849_9m64.pdb,"Heteromer, 24 proteins."
2851,9m64,data/filtered/details/structures_files/pairwise/2851_9m64_j_k.pdb,data/filtered/details/structures_files/pymol/2851_9m64_j_k.py,,data/filtered/details/structures_files/assembly/2851_9m64.pdb,"Heteromer, 24 proteins."
2852,9m64,data/filtered/details/structures_files/pairwise/2852_9m64_j_l.pdb,data/filtered/details/structures_files/pymol/2852_9m64_j_l.py,,data/filtered/details/structures_files/assembly/2852_9m64.pdb,"Heteromer, 24 proteins."
2857,9b03,data/filtered/details/structures_files/pairwise/2857_9b03_D_E.pdb,data/filtered/details/structures_files/pymol/2857_9b03_D_E.py,,data/filtered/details/structures_files/assembly/2857_9b03.pdb,"Heteromer, 8 proteins."
2858,9b03,data/filtered/details/structures_files/pairwise/2858_9b03_D_F.pdb,data/filtered/details/structures_files/pymol/2858_9b03_D_F.py,,data/filtered/details/structures_files/assembly/2858_9b03.pdb,"Heteromer, 8 proteins."
2859,9b03,data/filtered/details/structures_files/pairwise/2859_9b03_D_G.pdb,data/filtered/details/structures_files/pymol/2859_9b03_D_G.py,,data/filtered/details/structures_files/assembly/2859_9b03.pdb,"Heteromer, 8 proteins."
286,9hm9,data/filtered/details/structures_files/pairwise/286_9hm9_B_D.pdb,data/filtered/details/structures_files/pymol/286_9hm9_B_D.py,,data/filtered/details/structures_files/assembly/286_9hm9.pdb,"Heteromer, 6 proteins."
2860,9b03,data/filtered/details/structures_files/pairwise/2860_9b03_D_H.pdb,data/filtered/details/structures_files/pymol/2860_9b03_D_H.py,,data/filtered/details/structures_files/assembly/2860_9b03.pdb,"Heteromer, 8 proteins."
2868,6kll,data/filtered/details/structures_files/pairwise/2868_6kll_B_C.pdb,data/filtered/details/structures_files/pymol/2868_6kll_B_C.py,,data/filtered/details/structures_files/assembly/2868_6kll.pdb,"Homomer, 4 proteins."
2869,6kll,data/filtered/details/structures_files/pairwise/2869_6kll_B_D.pdb,data/filtered/details/structures_files/pymol/2869_6kll_B_D.py,,data/filtered/details/structures_files/assembly/2869_6kll.pdb,"Homomer, 4 proteins."
2870,9m64,data/filtered/details/structures_files/pairwise/2870_9m64_i_a.pdb,data/filtered/details/structures_files/pymol/2870_9m64_i_a.py,,data/filtered/details/structures_files/assembly/2870_9m64.pdb,"Heteromer, 24 proteins."
2871,9m64,data/filtered/details/structures_files/pairwise/2871_9m64_i_b.pdb,data/filtered/details/structures_files/pymol/2871_9m64_i_b.py,,data/filtered/details/structures_files/assembly/2871_9m64.pdb,"Heteromer, 24 proteins."
2872,9m64,data/filtered/details/structures_files/pairwise/2872_9m64_i_j.pdb,data/filtered/details/structures_files/pymol/2872_9m64_i_j.py,,data/filtered/details/structures_files/assembly/2872_9m64.pdb,"Heteromer, 24 proteins."
2873,9m64,data/filtered/details/structures_files/pairwise/2873_9m64_i_k.pdb,data/filtered/details/structures_files/pymol/2873_9m64_i_k.py,,data/filtered/details/structures_files/assembly/2873_9m64.pdb,"Heteromer, 24 proteins."
2878,9b03,data/filtered/details/structures_files/pairwise/2878_9b03_C_D.pdb,data/filtered/details/structures_files/pymol/2878_9b03_C_D.py,,data/filtered/details/structures_files/assembly/2878_9b03.pdb,"Heteromer, 8 proteins."
2879,9b03,data/filtered/details/structures_files/pairwise/2879_9b03_C_E.pdb,data/filtered/details/structures_files/pymol/2879_9b03_C_E.py,,data/filtered/details/structures_files/assembly/2879_9b03.pdb,"Heteromer, 8 proteins."
2880,9b03,data/filtered/details/structures_files/pairwise/2880_9b03_C_G.pdb,data/filtered/details/structures_files/pymol/2880_9b03_C_G.py,,data/filtered/details/structures_files/assembly/2880_9b03.pdb,"Heteromer, 8 proteins."
2881,9b03,data/filtered/details/structures_files/pairwise/2881_9b03_C_H.pdb,data/filtered/details/structures_files/pymol/2881_9b03_C_H.py,,data/filtered/details/structures_files/assembly/2881_9b03.pdb,"Heteromer, 8 proteins."
2884,6kll,data/filtered/details/structures_files/pairwise/2884_6kll_A_B.pdb,data/filtered/details/structures_files/pymol/2884_6kll_A_B.py,,data/filtered/details/structures_files/assembly/2884_6kll.pdb,"Homomer, 4 proteins."
2885,6kll,data/filtered/details/structures_files/pairwise/2885_6kll_A_C.pdb,data/filtered/details/structures_files/pymol/2885_6kll_A_C.py,,data/filtered/details/structures_files/assembly/2885_6kll.pdb,"Homomer, 4 proteins."
2890,9b03,data/filtered/details/structures_files/pairwise/2890_9b03_B_C.pdb,data/filtered/details/structures_files/pymol/2890_9b03_B_C.py,,data/filtered/details/structures_files/assembly/2890_9b03.pdb,"Heteromer, 8 proteins."
2891,9b03,data/filtered/details/structures_files/pairwise/2891_9b03_B_D.pdb,data/filtered/details/structures_files/pymol/2891_9b03_B_D.py,,data/filtered/details/structures_files/assembly/2891_9b03.pdb,"Heteromer, 8 proteins."
2892,9b03,data/filtered/details/structures_files/pairwise/2892_9b03_B_G.pdb,data/filtered/details/structures_files/pymol/2892_9b03_B_G.py,,data/filtered/details/structures_files/assembly/2892_9b03.pdb,"Heteromer, 8 proteins."
29,8iai,data/filtered/details/structures_files/pairwise/29_8iai_G_S.pdb,data/filtered/details/structures_files/pymol/29_8iai_G_S.py,data/filtered/details/structures_files/assembly/29_8iai.cif,,"Heteromer, 31 proteins."
290,8c4c,data/filtered/details/structures_files/pairwise/290_8c4c_C_D.pdb,data/filtered/details/structures_files/pymol/290_8c4c_C_D.py,,data/filtered/details/structures_files/assembly/290_8c4c.pdb,"Heteromer, 12 proteins."
2900,9m64,data/filtered/details/structures_files/pairwise/2900_9m64_K_L.pdb,data/filtered/details/structures_files/pymol/2900_9m64_K_L.py,,data/filtered/details/structures_files/assembly/2900_9m64.pdb,"Heteromer, 24 proteins."
2902,9b03,data/filtered/details/structures_files/pairwise/2902_9b03_A_B.pdb,data/filtered/details/structures_files/pymol/2902_9b03_A_B.py,,data/filtered/details/structures_files/assembly/2902_9b03.pdb,"Heteromer, 8 proteins."
2903,9b03,data/filtered/details/structures_files/pairwise/2903_9b03_A_C.pdb,data/filtered/details/structures_files/pymol/2903_9b03_A_C.py,,data/filtered/details/structures_files/assembly/2903_9b03.pdb,"Heteromer, 8 proteins."
2904,9b03,data/filtered/details/structures_files/pairwise/2904_9b03_A_H.pdb,data/filtered/details/structures_files/pymol/2904_9b03_A_H.py,,data/filtered/details/structures_files/assembly/2904_9b03.pdb,"Heteromer, 8 proteins."
291,8c4c,data/filtered/details/structures_files/pairwise/291_8c4c_C_E.pdb,data/filtered/details/structures_files/pymol/291_8c4c_C_E.py,,data/filtered/details/structures_files/assembly/291_8c4c.pdb,"Heteromer, 12 proteins."
2910,6kln,data/filtered/details/structures_files/pairwise/2910_6kln_C_D.pdb,data/filtered/details/structures_files/pymol/2910_6kln_C_D.py,,data/filtered/details/structures_files/assembly/2910_6kln.pdb,"Homomer, 4 proteins."
2911,9m64,data/filtered/details/structures_files/pairwise/2911_9m64_J_B.pdb,data/filtered/details/structures_files/pymol/2911_9m64_J_B.py,,data/filtered/details/structures_files/assembly/2911_9m64.pdb,"Heteromer, 24 proteins."
2913,9m64,data/filtered/details/structures_files/pairwise/2913_9m64_J_K.pdb,data/filtered/details/structures_files/pymol/2913_9m64_J_K.py,,data/filtered/details/structures_files/assembly/2913_9m64.pdb,"Heteromer, 24 proteins."
2914,9m64,data/filtered/details/structures_files/pairwise/2914_9m64_J_L.pdb,data/filtered/details/structures_files/pymol/2914_9m64_J_L.py,,data/filtered/details/structures_files/assembly/2914_9m64.pdb,"Heteromer, 24 proteins."
2918,9azq,data/filtered/details/structures_files/pairwise/2918_9azq_I_H.pdb,data/filtered/details/structures_files/pymol/2918_9azq_I_H.py,data/filtered/details/structures_files/assembly/2918_9azq.cif,,"Heteromer, 9 proteins."
292,8c4c,data/filtered/details/structures_files/pairwise/292_8c4c_C_M.pdb,data/filtered/details/structures_files/pymol/292_8c4c_C_M.py,,data/filtered/details/structures_files/assembly/292_8c4c.pdb,"Heteromer, 12 proteins."
2922,6kln,data/filtered/details/structures_files/pairwise/2922_6kln_B_C.pdb,data/filtered/details/structures_files/pymol/2922_6kln_B_C.py,,data/filtered/details/structures_files/assembly/2922_6kln.pdb,"Homomer, 4 proteins."
2923,6kln,data/filtered/details/structures_files/pairwise/2923_6kln_B_D.pdb,data/filtered/details/structures_files/pymol/2923_6kln_B_D.py,,data/filtered/details/structures_files/assembly/2923_6kln.pdb,"Homomer, 4 proteins."
2924,9m64,data/filtered/details/structures_files/pairwise/2924_9m64_I_A.pdb,data/filtered/details/structures_files/pymol/2924_9m64_I_A.py,,data/filtered/details/structures_files/assembly/2924_9m64.pdb,"Heteromer, 24 proteins."
2925,9m64,data/filtered/details/structures_files/pairwise/2925_9m64_I_B.pdb,data/filtered/details/structures_files/pymol/2925_9m64_I_B.py,,data/filtered/details/structures_files/assembly/2925_9m64.pdb,"Heteromer, 24 proteins."
2926,9m64,data/filtered/details/structures_files/pairwise/2926_9m64_I_J.pdb,data/filtered/details/structures_files/pymol/2926_9m64_I_J.py,,data/filtered/details/structures_files/assembly/2926_9m64.pdb,"Heteromer, 24 proteins."
2927,9m64,data/filtered/details/structures_files/pairwise/2927_9m64_I_K.pdb,data/filtered/details/structures_files/pymol/2927_9m64_I_K.py,,data/filtered/details/structures_files/assembly/2927_9m64.pdb,"Heteromer, 24 proteins."
293,8c4c,data/filtered/details/structures_files/pairwise/293_8c4c_C_N.pdb,data/filtered/details/structures_files/pymol/293_8c4c_C_N.py,,data/filtered/details/structures_files/assembly/293_8c4c.pdb,"Heteromer, 12 proteins."
2933,9azq,data/filtered/details/structures_files/pairwise/2933_9azq_F_H.pdb,data/filtered/details/structures_files/pymol/2933_9azq_F_H.py,data/filtered/details/structures_files/assembly/2933_9azq.cif,,"Heteromer, 9 proteins."
2934,9azq,data/filtered/details/structures_files/pairwise/2934_9azq_F_I.pdb,data/filtered/details/structures_files/pymol/2934_9azq_F_I.py,data/filtered/details/structures_files/assembly/2934_9azq.cif,,"Heteromer, 9 proteins."
2939,6kln,data/filtered/details/structures_files/pairwise/2939_6kln_A_B.pdb,data/filtered/details/structures_files/pymol/2939_6kln_A_B.py,,data/filtered/details/structures_files/assembly/2939_6kln.pdb,"Homomer, 4 proteins."
2940,6kln,data/filtered/details/structures_files/pairwise/2940_6kln_A_C.pdb,data/filtered/details/structures_files/pymol/2940_6kln_A_C.py,,data/filtered/details/structures_files/assembly/2940_6kln.pdb,"Homomer, 4 proteins."
2948,9azq,data/filtered/details/structures_files/pairwise/2948_9azq_E_F.pdb,data/filtered/details/structures_files/pymol/2948_9azq_E_F.py,data/filtered/details/structures_files/assembly/2948_9azq.cif,,"Heteromer, 9 proteins."
2949,9azq,data/filtered/details/structures_files/pairwise/2949_9azq_E_H.pdb,data/filtered/details/structures_files/pymol/2949_9azq_E_H.py,data/filtered/details/structures_files/assembly/2949_9azq.cif,,"Heteromer, 9 proteins."
295,6vao,data/filtered/details/structures_files/pairwise/295_6vao_A_F.pdb,data/filtered/details/structures_files/pymol/295_6vao_A_F.py,,data/filtered/details/structures_files/assembly/295_6vao.pdb,"Heteromer, 10 proteins."
2950,9azq,data/filtered/details/structures_files/pairwise/2950_9azq_E_I.pdb,data/filtered/details/structures_files/pymol/2950_9azq_E_I.py,data/filtered/details/structures_files/assembly/2950_9azq.cif,,"Heteromer, 9 proteins."
296,6vao,data/filtered/details/structures_files/pairwise/296_6vao_A_E.pdb,data/filtered/details/structures_files/pymol/296_6vao_A_E.py,,data/filtered/details/structures_files/assembly/296_6vao.pdb,"Heteromer, 10 proteins."
2963,9azq,data/filtered/details/structures_files/pairwise/2963_9azq_D_E.pdb,data/filtered/details/structures_files/pymol/2963_9azq_D_E.py,data/filtered/details/structures_files/assembly/2963_9azq.cif,,"Heteromer, 9 proteins."
2964,9azq,data/filtered/details/structures_files/pairwise/2964_9azq_D_F.pdb,data/filtered/details/structures_files/pymol/2964_9azq_D_F.py,data/filtered/details/structures_files/assembly/2964_9azq.cif,,"Heteromer, 9 proteins."
2967,8oi8,data/filtered/details/structures_files/pairwise/2967_8oi8_D_E.pdb,data/filtered/details/structures_files/pymol/2967_8oi8_D_E.py,,data/filtered/details/structures_files/assembly/2967_8oi8.pdb,"Homomer, 5 proteins."
297,6vao,data/filtered/details/structures_files/pairwise/297_6vao_A_D.pdb,data/filtered/details/structures_files/pymol/297_6vao_A_D.py,,data/filtered/details/structures_files/assembly/297_6vao.pdb,"Heteromer, 10 proteins."
2970,6c1h,data/filtered/details/structures_files/pairwise/2970_6c1h_D_E.pdb,data/filtered/details/structures_files/pymol/2970_6c1h_D_E.py,,data/filtered/details/structures_files/assembly/2970_6c1h.pdb,"Heteromer, 7 proteins."
2971,6c1h,data/filtered/details/structures_files/pairwise/2971_6c1h_D_P.pdb,data/filtered/details/structures_files/pymol/2971_6c1h_D_P.py,,data/filtered/details/structures_files/assembly/2971_6c1h.pdb,"Heteromer, 7 proteins."
2979,9azq,data/filtered/details/structures_files/pairwise/2979_9azq_C_D.pdb,data/filtered/details/structures_files/pymol/2979_9azq_C_D.py,data/filtered/details/structures_files/assembly/2979_9azq.cif,,"Heteromer, 9 proteins."
298,6vao,data/filtered/details/structures_files/pairwise/298_6vao_A_I.pdb,data/filtered/details/structures_files/pymol/298_6vao_A_I.py,,data/filtered/details/structures_files/assembly/298_6vao.pdb,"Heteromer, 10 proteins."
2980,9azq,data/filtered/details/structures_files/pairwise/2980_9azq_C_E.pdb,data/filtered/details/structures_files/pymol/2980_9azq_C_E.py,data/filtered/details/structures_files/assembly/2980_9azq.cif,,"Heteromer, 9 proteins."
2983,8oi8,data/filtered/details/structures_files/pairwise/2983_8oi8_B_D.pdb,data/filtered/details/structures_files/pymol/2983_8oi8_B_D.py,,data/filtered/details/structures_files/assembly/2983_8oi8.pdb,"Homomer, 5 proteins."
2986,6c1h,data/filtered/details/structures_files/pairwise/2986_6c1h_C_D.pdb,data/filtered/details/structures_files/pymol/2986_6c1h_C_D.py,,data/filtered/details/structures_files/assembly/2986_6c1h.pdb,"Heteromer, 7 proteins."
2987,6c1h,data/filtered/details/structures_files/pairwise/2987_6c1h_C_E.pdb,data/filtered/details/structures_files/pymol/2987_6c1h_C_E.py,,data/filtered/details/structures_files/assembly/2987_6c1h.pdb,"Heteromer, 7 proteins."
2992,9azq,data/filtered/details/structures_files/pairwise/2992_9azq_B_C.pdb,data/filtered/details/structures_files/pymol/2992_9azq_B_C.py,data/filtered/details/structures_files/assembly/2992_9azq.cif,,"Heteromer, 9 proteins."
2993,9azq,data/filtered/details/structures_files/pairwise/2993_9azq_B_D.pdb,data/filtered/details/structures_files/pymol/2993_9azq_B_D.py,data/filtered/details/structures_files/assembly/2993_9azq.cif,,"Heteromer, 9 proteins."
2995,8oi8,data/filtered/details/structures_files/pairwise/2995_8oi8_A_B.pdb,data/filtered/details/structures_files/pymol/2995_8oi8_A_B.py,,data/filtered/details/structures_files/assembly/2995_8oi8.pdb,"Homomer, 5 proteins."
2997,6c1h,data/filtered/details/structures_files/pairwise/2997_6c1h_B_C.pdb,data/filtered/details/structures_files/pymol/2997_6c1h_B_C.py,,data/filtered/details/structures_files/assembly/2997_6c1h.pdb,"Heteromer, 7 proteins."
2998,6c1h,data/filtered/details/structures_files/pairwise/2998_6c1h_B_D.pdb,data/filtered/details/structures_files/pymol/2998_6c1h_B_D.py,,data/filtered/details/structures_files/assembly/2998_6c1h.pdb,"Heteromer, 7 proteins."
2999,6c1h,data/filtered/details/structures_files/pairwise/2999_6c1h_B_P.pdb,data/filtered/details/structures_files/pymol/2999_6c1h_B_P.py,,data/filtered/details/structures_files/assembly/2999_6c1h.pdb,"Heteromer, 7 proteins."
30,8efi,data/filtered/details/structures_files/pairwise/30_8efi_B_M.pdb,data/filtered/details/structures_files/pymol/30_8efi_B_M.py,,data/filtered/details/structures_files/assembly/30_8efi.pdb,"Heteromer, 8 proteins."
3004,9azq,data/filtered/details/structures_files/pairwise/3004_9azq_A_B.pdb,data/filtered/details/structures_files/pymol/3004_9azq_A_B.py,data/filtered/details/structures_files/assembly/3004_9azq.cif,,"Heteromer, 9 proteins."
3005,9azq,data/filtered/details/structures_files/pairwise/3005_9azq_A_C.pdb,data/filtered/details/structures_files/pymol/3005_9azq_A_C.py,data/filtered/details/structures_files/assembly/3005_9azq.cif,,"Heteromer, 9 proteins."
3006,8oi8,data/filtered/details/structures_files/pairwise/3006_8oi8_C_A.pdb,data/filtered/details/structures_files/pymol/3006_8oi8_C_A.py,,data/filtered/details/structures_files/assembly/3006_8oi8.pdb,"Homomer, 5 proteins."
3007,8oi8,data/filtered/details/structures_files/pairwise/3007_8oi8_C_B.pdb,data/filtered/details/structures_files/pymol/3007_8oi8_C_B.py,,data/filtered/details/structures_files/assembly/3007_8oi8.pdb,"Homomer, 5 proteins."
3008,8oi8,data/filtered/details/structures_files/pairwise/3008_8oi8_C_D.pdb,data/filtered/details/structures_files/pymol/3008_8oi8_C_D.py,,data/filtered/details/structures_files/assembly/3008_8oi8.pdb,"Homomer, 5 proteins."
3009,8oi8,data/filtered/details/structures_files/pairwise/3009_8oi8_C_E.pdb,data/filtered/details/structures_files/pymol/3009_8oi8_C_E.py,,data/filtered/details/structures_files/assembly/3009_8oi8.pdb,"Homomer, 5 proteins."
301,8vaa,data/filtered/details/structures_files/pairwise/301_8vaa_F_G.pdb,data/filtered/details/structures_files/pymol/301_8vaa_F_G.py,,data/filtered/details/structures_files/assembly/301_8vaa.pdb,"Heteromer, 20 proteins."
3010,6c1h,data/filtered/details/structures_files/pairwise/3010_6c1h_A_B.pdb,data/filtered/details/structures_files/pymol/3010_6c1h_A_B.py,,data/filtered/details/structures_files/assembly/3010_6c1h.pdb,"Heteromer, 7 proteins."
3011,6c1h,data/filtered/details/structures_files/pairwise/3011_6c1h_A_C.pdb,data/filtered/details/structures_files/pymol/3011_6c1h_A_C.py,,data/filtered/details/structures_files/assembly/3011_6c1h.pdb,"Heteromer, 7 proteins."
3017,9azp,data/filtered/details/structures_files/pairwise/3017_9azp_I_G.pdb,data/filtered/details/structures_files/pymol/3017_9azp_I_G.py,,data/filtered/details/structures_files/assembly/3017_9azp.pdb,"Heteromer, 10 proteins."
3018,9azp,data/filtered/details/structures_files/pairwise/3018_9azp_I_H.pdb,data/filtered/details/structures_files/pymol/3018_9azp_I_H.py,,data/filtered/details/structures_files/assembly/3018_9azp.pdb,"Heteromer, 10 proteins."
3019,9azp,data/filtered/details/structures_files/pairwise/3019_9azp_I_J.pdb,data/filtered/details/structures_files/pymol/3019_9azp_I_J.py,,data/filtered/details/structures_files/assembly/3019_9azp.pdb,"Heteromer, 10 proteins."
302,8vaa,data/filtered/details/structures_files/pairwise/302_8vaa_F_H.pdb,data/filtered/details/structures_files/pymol/302_8vaa_F_H.py,,data/filtered/details/structures_files/assembly/302_8vaa.pdb,"Heteromer, 20 proteins."
3030,9azp,data/filtered/details/structures_files/pairwise/3030_9azp_F_H.pdb,data/filtered/details/structures_files/pymol/3030_9azp_F_H.py,,data/filtered/details/structures_files/assembly/3030_9azp.pdb,"Heteromer, 10 proteins."
3033,8dnf,data/filtered/details/structures_files/pairwise/3033_8dnf_C_D.pdb,data/filtered/details/structures_files/pymol/3033_8dnf_C_D.py,data/filtered/details/structures_files/assembly/3033_8dnf.cif,,"Homomer, 4 proteins."
3045,9azp,data/filtered/details/structures_files/pairwise/3045_9azp_E_F.pdb,data/filtered/details/structures_files/pymol/3045_9azp_E_F.py,,data/filtered/details/structures_files/assembly/3045_9azp.pdb,"Heteromer, 10 proteins."
3046,9azp,data/filtered/details/structures_files/pairwise/3046_9azp_E_G.pdb,data/filtered/details/structures_files/pymol/3046_9azp_E_G.py,,data/filtered/details/structures_files/assembly/3046_9azp.pdb,"Heteromer, 10 proteins."
3047,9azp,data/filtered/details/structures_files/pairwise/3047_9azp_E_H.pdb,data/filtered/details/structures_files/pymol/3047_9azp_E_H.py,,data/filtered/details/structures_files/assembly/3047_9azp.pdb,"Heteromer, 10 proteins."
3048,9azp,data/filtered/details/structures_files/pairwise/3048_9azp_E_I.pdb,data/filtered/details/structures_files/pymol/3048_9azp_E_I.py,,data/filtered/details/structures_files/assembly/3048_9azp.pdb,"Heteromer, 10 proteins."
305,8iah,data/filtered/details/structures_files/pairwise/305_8iah_G_6.pdb,data/filtered/details/structures_files/pymol/305_8iah_G_6.py,data/filtered/details/structures_files/assembly/305_8iah.cif,,"Heteromer, 36 proteins."
3050,8dnf,data/filtered/details/structures_files/pairwise/3050_8dnf_B_C.pdb,data/filtered/details/structures_files/pymol/3050_8dnf_B_C.py,data/filtered/details/structures_files/assembly/3050_8dnf.cif,,"Homomer, 4 proteins."
3051,8dnf,data/filtered/details/structures_files/pairwise/3051_8dnf_B_D.pdb,data/filtered/details/structures_files/pymol/3051_8dnf_B_D.py,data/filtered/details/structures_files/assembly/3051_8dnf.cif,,"Homomer, 4 proteins."
3053,6upw,data/filtered/details/structures_files/pairwise/3053_6upw_E_D.pdb,data/filtered/details/structures_files/pymol/3053_6upw_E_D.py,,data/filtered/details/structures_files/assembly/3053_6upw.pdb,"Heteromer, 7 proteins."
3054,6upw,data/filtered/details/structures_files/pairwise/3054_6upw_E_M.pdb,data/filtered/details/structures_files/pymol/3054_6upw_E_M.py,,data/filtered/details/structures_files/assembly/3054_6upw.pdb,"Heteromer, 7 proteins."
306,8iah,data/filtered/details/structures_files/pairwise/306_8iah_G_7.pdb,data/filtered/details/structures_files/pymol/306_8iah_G_7.py,data/filtered/details/structures_files/assembly/306_8iah.cif,,"Heteromer, 36 proteins."
3063,9azp,data/filtered/details/structures_files/pairwise/3063_9azp_D_E.pdb,data/filtered/details/structures_files/pymol/3063_9azp_D_E.py,,data/filtered/details/structures_files/assembly/3063_9azp.pdb,"Heteromer, 10 proteins."
3064,9azp,data/filtered/details/structures_files/pairwise/3064_9azp_D_F.pdb,data/filtered/details/structures_files/pymol/3064_9azp_D_F.py,,data/filtered/details/structures_files/assembly/3064_9azp.pdb,"Heteromer, 10 proteins."
3065,9azp,data/filtered/details/structures_files/pairwise/3065_9azp_D_G.pdb,data/filtered/details/structures_files/pymol/3065_9azp_D_G.py,,data/filtered/details/structures_files/assembly/3065_9azp.pdb,"Heteromer, 10 proteins."
3066,8dnf,data/filtered/details/structures_files/pairwise/3066_8dnf_A_B.pdb,data/filtered/details/structures_files/pymol/3066_8dnf_A_B.py,data/filtered/details/structures_files/assembly/3066_8dnf.cif,,"Homomer, 4 proteins."
3067,8dnf,data/filtered/details/structures_files/pairwise/3067_8dnf_A_C.pdb,data/filtered/details/structures_files/pymol/3067_8dnf_A_C.py,data/filtered/details/structures_files/assembly/3067_8dnf.cif,,"Homomer, 4 proteins."
3070,6upw,data/filtered/details/structures_files/pairwise/3070_6upw_A_L.pdb,data/filtered/details/structures_files/pymol/3070_6upw_A_L.py,,data/filtered/details/structures_files/assembly/3070_6upw.pdb,"Heteromer, 7 proteins."
3078,9azp,data/filtered/details/structures_files/pairwise/3078_9azp_C_D.pdb,data/filtered/details/structures_files/pymol/3078_9azp_C_D.py,,data/filtered/details/structures_files/assembly/3078_9azp.pdb,"Heteromer, 10 proteins."
3079,9azp,data/filtered/details/structures_files/pairwise/3079_9azp_C_E.pdb,data/filtered/details/structures_files/pymol/3079_9azp_C_E.py,,data/filtered/details/structures_files/assembly/3079_9azp.pdb,"Heteromer, 10 proteins."
3082,5jlh,data/filtered/details/structures_files/pairwise/3082_5jlh_E_G.pdb,data/filtered/details/structures_files/pymol/3082_5jlh_E_G.py,,data/filtered/details/structures_files/assembly/3082_5jlh.pdb,"Heteromer, 7 proteins."
3085,6upw,data/filtered/details/structures_files/pairwise/3085_6upw_B_A.pdb,data/filtered/details/structures_files/pymol/3085_6upw_B_A.py,,data/filtered/details/structures_files/assembly/3085_6upw.pdb,"Heteromer, 7 proteins."
3086,6upw,data/filtered/details/structures_files/pairwise/3086_6upw_B_D.pdb,data/filtered/details/structures_files/pymol/3086_6upw_B_D.py,,data/filtered/details/structures_files/assembly/3086_6upw.pdb,"Heteromer, 7 proteins."
309,8iah,data/filtered/details/structures_files/pairwise/309_8iah_G_H.pdb,data/filtered/details/structures_files/pymol/309_8iah_G_H.py,data/filtered/details/structures_files/assembly/309_8iah.cif,,"Heteromer, 36 proteins."
3092,7p1g,data/filtered/details/structures_files/pairwise/3092_7p1g_E_O.pdb,data/filtered/details/structures_files/pymol/3092_7p1g_E_O.py,,data/filtered/details/structures_files/assembly/3092_7p1g.pdb,"Heteromer, 10 proteins, 5 peptides."
3094,9azp,data/filtered/details/structures_files/pairwise/3094_9azp_B_C.pdb,data/filtered/details/structures_files/pymol/3094_9azp_B_C.py,,data/filtered/details/structures_files/assembly/3094_9azp.pdb,"Heteromer, 10 proteins."
3095,9azp,data/filtered/details/structures_files/pairwise/3095_9azp_B_D.pdb,data/filtered/details/structures_files/pymol/3095_9azp_B_D.py,,data/filtered/details/structures_files/assembly/3095_9azp.pdb,"Heteromer, 10 proteins."
3098,5jlh,data/filtered/details/structures_files/pairwise/3098_5jlh_D_G.pdb,data/filtered/details/structures_files/pymol/3098_5jlh_D_G.py,,data/filtered/details/structures_files/assembly/3098_5jlh.pdb,"Heteromer, 7 proteins."
3099,5jlh,data/filtered/details/structures_files/pairwise/3099_5jlh_D_E.pdb,data/filtered/details/structures_files/pymol/3099_5jlh_D_E.py,,data/filtered/details/structures_files/assembly/3099_5jlh.pdb,"Heteromer, 7 proteins."
31,8efi,data/filtered/details/structures_files/pairwise/31_8efi_B_D.pdb,data/filtered/details/structures_files/pymol/31_8efi_B_D.py,,data/filtered/details/structures_files/assembly/31_8efi.pdb,"Heteromer, 8 proteins."
310,8iah,data/filtered/details/structures_files/pairwise/310_8iah_G_I.pdb,data/filtered/details/structures_files/pymol/310_8iah_G_I.py,data/filtered/details/structures_files/assembly/310_8iah.cif,,"Heteromer, 36 proteins."
3100,6upw,data/filtered/details/structures_files/pairwise/3100_6upw_C_B.pdb,data/filtered/details/structures_files/pymol/3100_6upw_C_B.py,,data/filtered/details/structures_files/assembly/3100_6upw.pdb,"Heteromer, 7 proteins."
3101,6upw,data/filtered/details/structures_files/pairwise/3101_6upw_C_A.pdb,data/filtered/details/structures_files/pymol/3101_6upw_C_A.py,,data/filtered/details/structures_files/assembly/3101_6upw.pdb,"Heteromer, 7 proteins."
3102,6upw,data/filtered/details/structures_files/pairwise/3102_6upw_C_E.pdb,data/filtered/details/structures_files/pymol/3102_6upw_C_E.py,,data/filtered/details/structures_files/assembly/3102_6upw.pdb,"Heteromer, 7 proteins."
3103,6upw,data/filtered/details/structures_files/pairwise/3103_6upw_C_D.pdb,data/filtered/details/structures_files/pymol/3103_6upw_C_D.py,,data/filtered/details/structures_files/assembly/3103_6upw.pdb,"Heteromer, 7 proteins."
3104,6upw,data/filtered/details/structures_files/pairwise/3104_6upw_C_M.pdb,data/filtered/details/structures_files/pymol/3104_6upw_C_M.py,,data/filtered/details/structures_files/assembly/3104_6upw.pdb,"Heteromer, 7 proteins."
3105,6upw,data/filtered/details/structures_files/pairwise/3105_6upw_C_L.pdb,data/filtered/details/structures_files/pymol/3105_6upw_C_L.py,,data/filtered/details/structures_files/assembly/3105_6upw.pdb,"Heteromer, 7 proteins."
311,8iah,data/filtered/details/structures_files/pairwise/311_8iah_G_Q.pdb,data/filtered/details/structures_files/pymol/311_8iah_G_Q.py,data/filtered/details/structures_files/assembly/311_8iah.cif,,"Heteromer, 36 proteins."
3110,7p1g,data/filtered/details/structures_files/pairwise/3110_7p1g_D_N.pdb,data/filtered/details/structures_files/pymol/3110_7p1g_D_N.py,,data/filtered/details/structures_files/assembly/3110_7p1g.pdb,"Heteromer, 10 proteins, 5 peptides."
3111,7p1g,data/filtered/details/structures_files/pairwise/3111_7p1g_D_E.pdb,data/filtered/details/structures_files/pymol/3111_7p1g_D_E.py,,data/filtered/details/structures_files/assembly/3111_7p1g.pdb,"Heteromer, 10 proteins, 5 peptides."
3112,9azp,data/filtered/details/structures_files/pairwise/3112_9azp_A_B.pdb,data/filtered/details/structures_files/pymol/3112_9azp_A_B.py,,data/filtered/details/structures_files/assembly/3112_9azp.pdb,"Heteromer, 10 proteins."
3113,9azp,data/filtered/details/structures_files/pairwise/3113_9azp_A_C.pdb,data/filtered/details/structures_files/pymol/3113_9azp_A_C.py,,data/filtered/details/structures_files/assembly/3113_9azp.pdb,"Heteromer, 10 proteins."
3116,5jlh,data/filtered/details/structures_files/pairwise/3116_5jlh_A_F.pdb,data/filtered/details/structures_files/pymol/3116_5jlh_A_F.py,,data/filtered/details/structures_files/assembly/3116_5jlh.pdb,"Heteromer, 7 proteins."
3117,5jlh,data/filtered/details/structures_files/pairwise/3117_5jlh_A_D.pdb,data/filtered/details/structures_files/pymol/3117_5jlh_A_D.py,,data/filtered/details/structures_files/assembly/3117_5jlh.pdb,"Heteromer, 7 proteins."
3118,5jlh,data/filtered/details/structures_files/pairwise/3118_5jlh_A_E.pdb,data/filtered/details/structures_files/pymol/3118_5jlh_A_E.py,,data/filtered/details/structures_files/assembly/3118_5jlh.pdb,"Heteromer, 7 proteins."
3119,6upv,data/filtered/details/structures_files/pairwise/3119_6upv_E_M.pdb,data/filtered/details/structures_files/pymol/3119_6upv_E_M.py,,data/filtered/details/structures_files/assembly/3119_6upv.pdb,"Heteromer, 7 proteins."
312,8iah,data/filtered/details/structures_files/pairwise/312_8iah_G_S.pdb,data/filtered/details/structures_files/pymol/312_8iah_G_S.py,data/filtered/details/structures_files/assembly/312_8iah.cif,,"Heteromer, 36 proteins."
3124,8r3h,data/filtered/details/structures_files/pairwise/3124_8r3h_H_I.pdb,data/filtered/details/structures_files/pymol/3124_8r3h_H_I.py,,data/filtered/details/structures_files/assembly/3124_8r3h.pdb,"Heteromer, 5 proteins, 3 peptides."
3125,8r3h,data/filtered/details/structures_files/pairwise/3125_8r3h_H_J.pdb,data/filtered/details/structures_files/pymol/3125_8r3h_H_J.py,,data/filtered/details/structures_files/assembly/3125_8r3h.pdb,"Heteromer, 5 proteins, 3 peptides."
3128,7p1g,data/filtered/details/structures_files/pairwise/3128_7p1g_B_L.pdb,data/filtered/details/structures_files/pymol/3128_7p1g_B_L.py,,data/filtered/details/structures_files/assembly/3128_7p1g.pdb,"Heteromer, 10 proteins, 5 peptides."
3129,7p1g,data/filtered/details/structures_files/pairwise/3129_7p1g_B_D.pdb,data/filtered/details/structures_files/pymol/3129_7p1g_B_D.py,,data/filtered/details/structures_files/assembly/3129_7p1g.pdb,"Heteromer, 10 proteins, 5 peptides."
3132,9az4,data/filtered/details/structures_files/pairwise/3132_9az4_F_G.pdb,data/filtered/details/structures_files/pymol/3132_9az4_F_G.py,,data/filtered/details/structures_files/assembly/3132_9az4.pdb,"Heteromer, 8 proteins."
3133,9az4,data/filtered/details/structures_files/pairwise/3133_9az4_F_H.pdb,data/filtered/details/structures_files/pymol/3133_9az4_F_H.py,,data/filtered/details/structures_files/assembly/3133_9az4.pdb,"Heteromer, 8 proteins."
3134,5jlh,data/filtered/details/structures_files/pairwise/3134_5jlh_C_A.pdb,data/filtered/details/structures_files/pymol/3134_5jlh_C_A.py,,data/filtered/details/structures_files/assembly/3134_5jlh.pdb,"Heteromer, 7 proteins."
3135,5jlh,data/filtered/details/structures_files/pairwise/3135_5jlh_C_F.pdb,data/filtered/details/structures_files/pymol/3135_5jlh_C_F.py,,data/filtered/details/structures_files/assembly/3135_5jlh.pdb,"Heteromer, 7 proteins."
3136,5jlh,data/filtered/details/structures_files/pairwise/3136_5jlh_C_E.pdb,data/filtered/details/structures_files/pymol/3136_5jlh_C_E.py,,data/filtered/details/structures_files/assembly/3136_5jlh.pdb,"Heteromer, 7 proteins."
3139,6upv,data/filtered/details/structures_files/pairwise/3139_6upv_D_E.pdb,data/filtered/details/structures_files/pymol/3139_6upv_D_E.py,,data/filtered/details/structures_files/assembly/3139_6upv.pdb,"Heteromer, 7 proteins."
314,9hm9,data/filtered/details/structures_files/pairwise/314_9hm9_E_F.pdb,data/filtered/details/structures_files/pymol/314_9hm9_E_F.py,,data/filtered/details/structures_files/assembly/314_9hm9.pdb,"Heteromer, 6 proteins."
3140,8r3h,data/filtered/details/structures_files/pairwise/3140_8r3h_G_H.pdb,data/filtered/details/structures_files/pymol/3140_8r3h_G_H.py,,data/filtered/details/structures_files/assembly/3140_8r3h.pdb,"Heteromer, 5 proteins, 3 peptides."
3141,8r3h,data/filtered/details/structures_files/pairwise/3141_8r3h_G_J.pdb,data/filtered/details/structures_files/pymol/3141_8r3h_G_J.py,,data/filtered/details/structures_files/assembly/3141_8r3h.pdb,"Heteromer, 5 proteins, 3 peptides."
3142,7p1g,data/filtered/details/structures_files/pairwise/3142_7p1g_A_M.pdb,data/filtered/details/structures_files/pymol/3142_7p1g_A_M.py,,data/filtered/details/structures_files/assembly/3142_7p1g.pdb,"Heteromer, 10 proteins, 5 peptides."
3144,7p1g,data/filtered/details/structures_files/pairwise/3144_7p1g_A_K.pdb,data/filtered/details/structures_files/pymol/3144_7p1g_A_K.py,,data/filtered/details/structures_files/assembly/3144_7p1g.pdb,"Heteromer, 10 proteins, 5 peptides."
3145,7p1g,data/filtered/details/structures_files/pairwise/3145_7p1g_A_B.pdb,data/filtered/details/structures_files/pymol/3145_7p1g_A_B.py,,data/filtered/details/structures_files/assembly/3145_7p1g.pdb,"Heteromer, 10 proteins, 5 peptides."
3148,9az4,data/filtered/details/structures_files/pairwise/3148_9az4_E_F.pdb,data/filtered/details/structures_files/pymol/3148_9az4_E_F.py,,data/filtered/details/structures_files/assembly/3148_9az4.pdb,"Heteromer, 8 proteins."
3149,9az4,data/filtered/details/structures_files/pairwise/3149_9az4_E_G.pdb,data/filtered/details/structures_files/pymol/3149_9az4_E_G.py,,data/filtered/details/structures_files/assembly/3149_9az4.pdb,"Heteromer, 8 proteins."
315,9hm9,data/filtered/details/structures_files/pairwise/315_9hm9_E_D.pdb,data/filtered/details/structures_files/pymol/315_9hm9_E_D.py,,data/filtered/details/structures_files/assembly/315_9hm9.pdb,"Heteromer, 6 proteins."
3150,9az4,data/filtered/details/structures_files/pairwise/3150_9az4_E_H.pdb,data/filtered/details/structures_files/pymol/3150_9az4_E_H.py,,data/filtered/details/structures_files/assembly/3150_9az4.pdb,"Heteromer, 8 proteins."
3151,5jlh,data/filtered/details/structures_files/pairwise/3151_5jlh_B_A.pdb,data/filtered/details/structures_files/pymol/3151_5jlh_B_A.py,,data/filtered/details/structures_files/assembly/3151_5jlh.pdb,"Heteromer, 7 proteins."
3152,5jlh,data/filtered/details/structures_files/pairwise/3152_5jlh_B_D.pdb,data/filtered/details/structures_files/pymol/3152_5jlh_B_D.py,,data/filtered/details/structures_files/assembly/3152_5jlh.pdb,"Heteromer, 7 proteins."
3153,6upv,data/filtered/details/structures_files/pairwise/3153_6upv_A_L.pdb,data/filtered/details/structures_files/pymol/3153_6upv_A_L.py,,data/filtered/details/structures_files/assembly/3153_6upv.pdb,"Heteromer, 7 proteins."
3156,8r3h,data/filtered/details/structures_files/pairwise/3156_8r3h_F_H.pdb,data/filtered/details/structures_files/pymol/3156_8r3h_F_H.py,,data/filtered/details/structures_files/assembly/3156_8r3h.pdb,"Heteromer, 5 proteins, 3 peptides."
3157,8r3h,data/filtered/details/structures_files/pairwise/3157_8r3h_F_I.pdb,data/filtered/details/structures_files/pymol/3157_8r3h_F_I.py,,data/filtered/details/structures_files/assembly/3157_8r3h.pdb,"Heteromer, 5 proteins, 3 peptides."
3158,8r3h,data/filtered/details/structures_files/pairwise/3158_8r3h_F_J.pdb,data/filtered/details/structures_files/pymol/3158_8r3h_F_J.py,,data/filtered/details/structures_files/assembly/3158_8r3h.pdb,"Heteromer, 5 proteins, 3 peptides."
3159,7p1g,data/filtered/details/structures_files/pairwise/3159_7p1g_C_M.pdb,data/filtered/details/structures_files/pymol/3159_7p1g_C_M.py,,data/filtered/details/structures_files/assembly/3159_7p1g.pdb,"Heteromer, 10 proteins, 5 peptides."
3160,7p1g,data/filtered/details/structures_files/pairwise/3160_7p1g_C_A.pdb,data/filtered/details/structures_files/pymol/3160_7p1g_C_A.py,,data/filtered/details/structures_files/assembly/3160_7p1g.pdb,"Heteromer, 10 proteins, 5 peptides."
3161,7p1g,data/filtered/details/structures_files/pairwise/3161_7p1g_C_B.pdb,data/filtered/details/structures_files/pymol/3161_7p1g_C_B.py,,data/filtered/details/structures_files/assembly/3161_7p1g.pdb,"Heteromer, 10 proteins, 5 peptides."
3162,7p1g,data/filtered/details/structures_files/pairwise/3162_7p1g_C_D.pdb,data/filtered/details/structures_files/pymol/3162_7p1g_C_D.py,,data/filtered/details/structures_files/assembly/3162_7p1g.pdb,"Heteromer, 10 proteins, 5 peptides."
3163,7p1g,data/filtered/details/structures_files/pairwise/3163_7p1g_C_O.pdb,data/filtered/details/structures_files/pymol/3163_7p1g_C_O.py,,data/filtered/details/structures_files/assembly/3163_7p1g.pdb,"Heteromer, 10 proteins, 5 peptides."
3164,7p1g,data/filtered/details/structures_files/pairwise/3164_7p1g_C_E.pdb,data/filtered/details/structures_files/pymol/3164_7p1g_C_E.py,,data/filtered/details/structures_files/assembly/3164_7p1g.pdb,"Heteromer, 10 proteins, 5 peptides."
3167,9az4,data/filtered/details/structures_files/pairwise/3167_9az4_D_E.pdb,data/filtered/details/structures_files/pymol/3167_9az4_D_E.py,,data/filtered/details/structures_files/assembly/3167_9az4.pdb,"Heteromer, 8 proteins."
3168,9az4,data/filtered/details/structures_files/pairwise/3168_9az4_D_F.pdb,data/filtered/details/structures_files/pymol/3168_9az4_D_F.py,,data/filtered/details/structures_files/assembly/3168_9az4.pdb,"Heteromer, 8 proteins."
3169,9az4,data/filtered/details/structures_files/pairwise/3169_9az4_D_G.pdb,data/filtered/details/structures_files/pymol/3169_9az4_D_G.py,,data/filtered/details/structures_files/assembly/3169_9az4.pdb,"Heteromer, 8 proteins."
3172,6upv,data/filtered/details/structures_files/pairwise/3172_6upv_C_L.pdb,data/filtered/details/structures_files/pymol/3172_6upv_C_L.py,,data/filtered/details/structures_files/assembly/3172_6upv.pdb,"Heteromer, 7 proteins."
3173,6upv,data/filtered/details/structures_files/pairwise/3173_6upv_C_M.pdb,data/filtered/details/structures_files/pymol/3173_6upv_C_M.py,,data/filtered/details/structures_files/assembly/3173_6upv.pdb,"Heteromer, 7 proteins."
3175,6upv,data/filtered/details/structures_files/pairwise/3175_6upv_C_A.pdb,data/filtered/details/structures_files/pymol/3175_6upv_C_A.py,,data/filtered/details/structures_files/assembly/3175_6upv.pdb,"Heteromer, 7 proteins."
3176,6upv,data/filtered/details/structures_files/pairwise/3176_6upv_C_D.pdb,data/filtered/details/structures_files/pymol/3176_6upv_C_D.py,,data/filtered/details/structures_files/assembly/3176_6upv.pdb,"Heteromer, 7 proteins."
3177,6upv,data/filtered/details/structures_files/pairwise/3177_6upv_C_E.pdb,data/filtered/details/structures_files/pymol/3177_6upv_C_E.py,,data/filtered/details/structures_files/assembly/3177_6upv.pdb,"Heteromer, 7 proteins."
318,8c4c,data/filtered/details/structures_files/pairwise/318_8c4c_B_C.pdb,data/filtered/details/structures_files/pymol/318_8c4c_B_C.py,,data/filtered/details/structures_files/assembly/318_8c4c.pdb,"Heteromer, 12 proteins."
3183,9az4,data/filtered/details/structures_files/pairwise/3183_9az4_C_D.pdb,data/filtered/details/structures_files/pymol/3183_9az4_C_D.py,,data/filtered/details/structures_files/assembly/3183_9az4.pdb,"Heteromer, 8 proteins."
3184,9az4,data/filtered/details/structures_files/pairwise/3184_9az4_C_E.pdb,data/filtered/details/structures_files/pymol/3184_9az4_C_E.py,,data/filtered/details/structures_files/assembly/3184_9az4.pdb,"Heteromer, 8 proteins."
3185,9az4,data/filtered/details/structures_files/pairwise/3185_9az4_C_H.pdb,data/filtered/details/structures_files/pymol/3185_9az4_C_H.py,,data/filtered/details/structures_files/assembly/3185_9az4.pdb,"Heteromer, 8 proteins."
319,8c4c,data/filtered/details/structures_files/pairwise/319_8c4c_B_D.pdb,data/filtered/details/structures_files/pymol/319_8c4c_B_D.py,,data/filtered/details/structures_files/assembly/319_8c4c.pdb,"Heteromer, 12 proteins."
3190,6upv,data/filtered/details/structures_files/pairwise/3190_6upv_B_C.pdb,data/filtered/details/structures_files/pymol/3190_6upv_B_C.py,,data/filtered/details/structures_files/assembly/3190_6upv.pdb,"Heteromer, 7 proteins."
3191,6upv,data/filtered/details/structures_files/pairwise/3191_6upv_B_A.pdb,data/filtered/details/structures_files/pymol/3191_6upv_B_A.py,,data/filtered/details/structures_files/assembly/3191_6upv.pdb,"Heteromer, 7 proteins."
3192,6upv,data/filtered/details/structures_files/pairwise/3192_6upv_B_D.pdb,data/filtered/details/structures_files/pymol/3192_6upv_B_D.py,,data/filtered/details/structures_files/assembly/3192_6upv.pdb,"Heteromer, 7 proteins."
3195,8zb7,data/filtered/details/structures_files/pairwise/3195_8zb7_A_K.pdb,data/filtered/details/structures_files/pymol/3195_8zb7_A_K.py,,data/filtered/details/structures_files/assembly/3195_8zb7.pdb,"Heteromer, 16 proteins."
32,8efi,data/filtered/details/structures_files/pairwise/32_8efi_B_F.pdb,data/filtered/details/structures_files/pymol/32_8efi_B_F.py,,data/filtered/details/structures_files/assembly/32_8efi.pdb,"Heteromer, 8 proteins."
320,8c4c,data/filtered/details/structures_files/pairwise/320_8c4c_B_M.pdb,data/filtered/details/structures_files/pymol/320_8c4c_B_M.py,,data/filtered/details/structures_files/assembly/320_8c4c.pdb,"Heteromer, 12 proteins."
3200,9az4,data/filtered/details/structures_files/pairwise/3200_9az4_B_C.pdb,data/filtered/details/structures_files/pymol/3200_9az4_B_C.py,,data/filtered/details/structures_files/assembly/3200_9az4.pdb,"Heteromer, 8 proteins."
3201,9az4,data/filtered/details/structures_files/pairwise/3201_9az4_B_D.pdb,data/filtered/details/structures_files/pymol/3201_9az4_B_D.py,,data/filtered/details/structures_files/assembly/3201_9az4.pdb,"Heteromer, 8 proteins."
3202,9az4,data/filtered/details/structures_files/pairwise/3202_9az4_B_G.pdb,data/filtered/details/structures_files/pymol/3202_9az4_B_G.py,,data/filtered/details/structures_files/assembly/3202_9az4.pdb,"Heteromer, 8 proteins."
3208,8zb7,data/filtered/details/structures_files/pairwise/3208_8zb7_F_M.pdb,data/filtered/details/structures_files/pymol/3208_8zb7_F_M.py,,data/filtered/details/structures_files/assembly/3208_8zb7.pdb,"Heteromer, 16 proteins."
321,8c4c,data/filtered/details/structures_files/pairwise/321_8c4c_B_N.pdb,data/filtered/details/structures_files/pymol/321_8c4c_B_N.py,,data/filtered/details/structures_files/assembly/321_8c4c.pdb,"Heteromer, 12 proteins."
3213,8zb7,data/filtered/details/structures_files/pairwise/3213_8zb7_F_O.pdb,data/filtered/details/structures_files/pymol/3213_8zb7_F_O.py,,data/filtered/details/structures_files/assembly/3213_8zb7.pdb,"Heteromer, 16 proteins."
3214,8zb7,data/filtered/details/structures_files/pairwise/3214_8zb7_F_G.pdb,data/filtered/details/structures_files/pymol/3214_8zb7_F_G.py,,data/filtered/details/structures_files/assembly/3214_8zb7.pdb,"Heteromer, 16 proteins."
3218,9az4,data/filtered/details/structures_files/pairwise/3218_9az4_A_B.pdb,data/filtered/details/structures_files/pymol/3218_9az4_A_B.py,,data/filtered/details/structures_files/assembly/3218_9az4.pdb,"Heteromer, 8 proteins."
3219,9az4,data/filtered/details/structures_files/pairwise/3219_9az4_A_C.pdb,data/filtered/details/structures_files/pymol/3219_9az4_A_C.py,,data/filtered/details/structures_files/assembly/3219_9az4.pdb,"Heteromer, 8 proteins."
322,6vao,data/filtered/details/structures_files/pairwise/322_6vao_B_G.pdb,data/filtered/details/structures_files/pymol/322_6vao_B_G.py,,data/filtered/details/structures_files/assembly/322_6vao.pdb,"Heteromer, 10 proteins."
3226,8zb7,data/filtered/details/structures_files/pairwise/3226_8zb7_E_F.pdb,data/filtered/details/structures_files/pymol/3226_8zb7_E_F.py,,data/filtered/details/structures_files/assembly/3226_8zb7.pdb,"Heteromer, 16 proteins."
3227,8zb7,data/filtered/details/structures_files/pairwise/3227_8zb7_E_J.pdb,data/filtered/details/structures_files/pymol/3227_8zb7_E_J.py,,data/filtered/details/structures_files/assembly/3227_8zb7.pdb,"Heteromer, 16 proteins."
3228,8zb7,data/filtered/details/structures_files/pairwise/3228_8zb7_E_K.pdb,data/filtered/details/structures_files/pymol/3228_8zb7_E_K.py,,data/filtered/details/structures_files/assembly/3228_8zb7.pdb,"Heteromer, 16 proteins."
3229,8zb7,data/filtered/details/structures_files/pairwise/3229_8zb7_E_A.pdb,data/filtered/details/structures_files/pymol/3229_8zb7_E_A.py,,data/filtered/details/structures_files/assembly/3229_8zb7.pdb,"Heteromer, 16 proteins."
323,6vao,data/filtered/details/structures_files/pairwise/323_6vao_B_E.pdb,data/filtered/details/structures_files/pymol/323_6vao_B_E.py,,data/filtered/details/structures_files/assembly/323_6vao.pdb,"Heteromer, 10 proteins."
3230,8zb7,data/filtered/details/structures_files/pairwise/3230_8zb7_E_N.pdb,data/filtered/details/structures_files/pymol/3230_8zb7_E_N.py,,data/filtered/details/structures_files/assembly/3230_8zb7.pdb,"Heteromer, 16 proteins."
3238,8zb7,data/filtered/details/structures_files/pairwise/3238_8zb7_D_E.pdb,data/filtered/details/structures_files/pymol/3238_8zb7_D_E.py,,data/filtered/details/structures_files/assembly/3238_8zb7.pdb,"Heteromer, 16 proteins."
3239,8zb7,data/filtered/details/structures_files/pairwise/3239_8zb7_D_F.pdb,data/filtered/details/structures_files/pymol/3239_8zb7_D_F.py,,data/filtered/details/structures_files/assembly/3239_8zb7.pdb,"Heteromer, 16 proteins."
324,6vao,data/filtered/details/structures_files/pairwise/324_6vao_B_D.pdb,data/filtered/details/structures_files/pymol/324_6vao_B_D.py,,data/filtered/details/structures_files/assembly/324_6vao.pdb,"Heteromer, 10 proteins."
3240,8zb7,data/filtered/details/structures_files/pairwise/3240_8zb7_D_I.pdb,data/filtered/details/structures_files/pymol/3240_8zb7_D_I.py,,data/filtered/details/structures_files/assembly/3240_8zb7.pdb,"Heteromer, 16 proteins."
3241,8zb7,data/filtered/details/structures_files/pairwise/3241_8zb7_D_J.pdb,data/filtered/details/structures_files/pymol/3241_8zb7_D_J.py,,data/filtered/details/structures_files/assembly/3241_8zb7.pdb,"Heteromer, 16 proteins."
3242,8zb7,data/filtered/details/structures_files/pairwise/3242_8zb7_D_L.pdb,data/filtered/details/structures_files/pymol/3242_8zb7_D_L.py,,data/filtered/details/structures_files/assembly/3242_8zb7.pdb,"Heteromer, 16 proteins."
3251,8zb7,data/filtered/details/structures_files/pairwise/3251_8zb7_C_E.pdb,data/filtered/details/structures_files/pymol/3251_8zb7_C_E.py,,data/filtered/details/structures_files/assembly/3251_8zb7.pdb,"Heteromer, 16 proteins."
3252,8zb7,data/filtered/details/structures_files/pairwise/3252_8zb7_C_F.pdb,data/filtered/details/structures_files/pymol/3252_8zb7_C_F.py,,data/filtered/details/structures_files/assembly/3252_8zb7.pdb,"Heteromer, 16 proteins."
3253,8zb7,data/filtered/details/structures_files/pairwise/3253_8zb7_C_P.pdb,data/filtered/details/structures_files/pymol/3253_8zb7_C_P.py,,data/filtered/details/structures_files/assembly/3253_8zb7.pdb,"Heteromer, 16 proteins."
3254,8zb7,data/filtered/details/structures_files/pairwise/3254_8zb7_C_G.pdb,data/filtered/details/structures_files/pymol/3254_8zb7_C_G.py,,data/filtered/details/structures_files/assembly/3254_8zb7.pdb,"Heteromer, 16 proteins."
3255,8zb7,data/filtered/details/structures_files/pairwise/3255_8zb7_C_A.pdb,data/filtered/details/structures_files/pymol/3255_8zb7_C_A.py,,data/filtered/details/structures_files/assembly/3255_8zb7.pdb,"Heteromer, 16 proteins."
3262,6t1y,data/filtered/details/structures_files/pairwise/3262_6t1y_E_D.pdb,data/filtered/details/structures_files/pymol/3262_6t1y_E_D.py,,data/filtered/details/structures_files/assembly/3262_6t1y.pdb,"Heteromer, 5 proteins, 5 peptides."
3263,8zb7,data/filtered/details/structures_files/pairwise/3263_8zb7_B_M.pdb,data/filtered/details/structures_files/pymol/3263_8zb7_B_M.py,,data/filtered/details/structures_files/assembly/3263_8zb7.pdb,"Heteromer, 16 proteins."
3264,8zb7,data/filtered/details/structures_files/pairwise/3264_8zb7_B_D.pdb,data/filtered/details/structures_files/pymol/3264_8zb7_B_D.py,,data/filtered/details/structures_files/assembly/3264_8zb7.pdb,"Heteromer, 16 proteins."
3265,8zb7,data/filtered/details/structures_files/pairwise/3265_8zb7_B_F.pdb,data/filtered/details/structures_files/pymol/3265_8zb7_B_F.py,,data/filtered/details/structures_files/assembly/3265_8zb7.pdb,"Heteromer, 16 proteins."
3266,8zb7,data/filtered/details/structures_files/pairwise/3266_8zb7_B_P.pdb,data/filtered/details/structures_files/pymol/3266_8zb7_B_P.py,,data/filtered/details/structures_files/assembly/3266_8zb7.pdb,"Heteromer, 16 proteins."
3267,8zb7,data/filtered/details/structures_files/pairwise/3267_8zb7_B_H.pdb,data/filtered/details/structures_files/pymol/3267_8zb7_B_H.py,,data/filtered/details/structures_files/assembly/3267_8zb7.pdb,"Heteromer, 16 proteins."
327,8vaa,data/filtered/details/structures_files/pairwise/327_8vaa_E_F.pdb,data/filtered/details/structures_files/pymol/327_8vaa_E_F.py,,data/filtered/details/structures_files/assembly/327_8vaa.pdb,"Heteromer, 20 proteins."
328,8vaa,data/filtered/details/structures_files/pairwise/328_8vaa_E_G.pdb,data/filtered/details/structures_files/pymol/328_8vaa_E_G.py,,data/filtered/details/structures_files/assembly/328_8vaa.pdb,"Heteromer, 20 proteins."
3282,6t1y,data/filtered/details/structures_files/pairwise/3282_6t1y_B_A.pdb,data/filtered/details/structures_files/pymol/3282_6t1y_B_A.py,,data/filtered/details/structures_files/assembly/3282_6t1y.pdb,"Heteromer, 5 proteins, 5 peptides."
3283,6t1y,data/filtered/details/structures_files/pairwise/3283_6t1y_B_D.pdb,data/filtered/details/structures_files/pymol/3283_6t1y_B_D.py,,data/filtered/details/structures_files/assembly/3283_6t1y.pdb,"Heteromer, 5 proteins, 5 peptides."
3292,8d16,data/filtered/details/structures_files/pairwise/3292_8d16_F_G.pdb,data/filtered/details/structures_files/pymol/3292_8d16_F_G.py,,data/filtered/details/structures_files/assembly/3292_8d16.pdb,"Homomer, 7 proteins."
3294,6t1y,data/filtered/details/structures_files/pairwise/3294_6t1y_C_B.pdb,data/filtered/details/structures_files/pymol/3294_6t1y_C_B.py,,data/filtered/details/structures_files/assembly/3294_6t1y.pdb,"Heteromer, 5 proteins, 5 peptides."
3295,6t1y,data/filtered/details/structures_files/pairwise/3295_6t1y_C_A.pdb,data/filtered/details/structures_files/pymol/3295_6t1y_C_A.py,,data/filtered/details/structures_files/assembly/3295_6t1y.pdb,"Heteromer, 5 proteins, 5 peptides."
3296,6t1y,data/filtered/details/structures_files/pairwise/3296_6t1y_C_E.pdb,data/filtered/details/structures_files/pymol/3296_6t1y_C_E.py,,data/filtered/details/structures_files/assembly/3296_6t1y.pdb,"Heteromer, 5 proteins, 5 peptides."
3297,6t1y,data/filtered/details/structures_files/pairwise/3297_6t1y_C_D.pdb,data/filtered/details/structures_files/pymol/3297_6t1y_C_D.py,,data/filtered/details/structures_files/assembly/3297_6t1y.pdb,"Heteromer, 5 proteins, 5 peptides."
33,8efi,data/filtered/details/structures_files/pairwise/33_8efi_B_P.pdb,data/filtered/details/structures_files/pymol/33_8efi_B_P.py,,data/filtered/details/structures_files/assembly/33_8efi.pdb,"Heteromer, 8 proteins."
3305,8d16,data/filtered/details/structures_files/pairwise/3305_8d16_E_F.pdb,data/filtered/details/structures_files/pymol/3305_8d16_E_F.py,,data/filtered/details/structures_files/assembly/3305_8d16.pdb,"Homomer, 7 proteins."
3306,8d16,data/filtered/details/structures_files/pairwise/3306_8d16_E_G.pdb,data/filtered/details/structures_files/pymol/3306_8d16_E_G.py,,data/filtered/details/structures_files/assembly/3306_8d16.pdb,"Homomer, 7 proteins."
331,8iah,data/filtered/details/structures_files/pairwise/331_8iah_F_6.pdb,data/filtered/details/structures_files/pymol/331_8iah_F_6.py,data/filtered/details/structures_files/assembly/331_8iah.cif,,"Heteromer, 36 proteins."
3316,8d16,data/filtered/details/structures_files/pairwise/3316_8d16_D_E.pdb,data/filtered/details/structures_files/pymol/3316_8d16_D_E.py,,data/filtered/details/structures_files/assembly/3316_8d16.pdb,"Homomer, 7 proteins."
3317,8d16,data/filtered/details/structures_files/pairwise/3317_8d16_D_F.pdb,data/filtered/details/structures_files/pymol/3317_8d16_D_F.py,,data/filtered/details/structures_files/assembly/3317_8d16.pdb,"Homomer, 7 proteins."
3319,6t20,data/filtered/details/structures_files/pairwise/3319_6t20_E_D.pdb,data/filtered/details/structures_files/pymol/3319_6t20_E_D.py,,data/filtered/details/structures_files/assembly/3319_6t20.pdb,"Heteromer, 5 proteins, 5 peptides."
3327,8d16,data/filtered/details/structures_files/pairwise/3327_8d16_C_D.pdb,data/filtered/details/structures_files/pymol/3327_8d16_C_D.py,,data/filtered/details/structures_files/assembly/3327_8d16.pdb,"Homomer, 7 proteins."
3328,8d16,data/filtered/details/structures_files/pairwise/3328_8d16_C_E.pdb,data/filtered/details/structures_files/pymol/3328_8d16_C_E.py,,data/filtered/details/structures_files/assembly/3328_8d16.pdb,"Homomer, 7 proteins."
3337,8d16,data/filtered/details/structures_files/pairwise/3337_8d16_B_C.pdb,data/filtered/details/structures_files/pymol/3337_8d16_B_C.py,,data/filtered/details/structures_files/assembly/3337_8d16.pdb,"Homomer, 7 proteins."
3338,8d16,data/filtered/details/structures_files/pairwise/3338_8d16_B_D.pdb,data/filtered/details/structures_files/pymol/3338_8d16_B_D.py,,data/filtered/details/structures_files/assembly/3338_8d16.pdb,"Homomer, 7 proteins."
334,8iah,data/filtered/details/structures_files/pairwise/334_8iah_F_G.pdb,data/filtered/details/structures_files/pymol/334_8iah_F_G.py,data/filtered/details/structures_files/assembly/334_8iah.cif,,"Heteromer, 36 proteins."
3340,6t20,data/filtered/details/structures_files/pairwise/3340_6t20_B_A.pdb,data/filtered/details/structures_files/pymol/3340_6t20_B_A.py,,data/filtered/details/structures_files/assembly/3340_6t20.pdb,"Heteromer, 5 proteins, 5 peptides."
3341,6t20,data/filtered/details/structures_files/pairwise/3341_6t20_B_D.pdb,data/filtered/details/structures_files/pymol/3341_6t20_B_D.py,,data/filtered/details/structures_files/assembly/3341_6t20.pdb,"Heteromer, 5 proteins, 5 peptides."
3346,8d16,data/filtered/details/structures_files/pairwise/3346_8d16_A_B.pdb,data/filtered/details/structures_files/pymol/3346_8d16_A_B.py,,data/filtered/details/structures_files/assembly/3346_8d16.pdb,"Homomer, 7 proteins."
3347,8d16,data/filtered/details/structures_files/pairwise/3347_8d16_A_C.pdb,data/filtered/details/structures_files/pymol/3347_8d16_A_C.py,,data/filtered/details/structures_files/assembly/3347_8d16.pdb,"Homomer, 7 proteins."
3348,6t20,data/filtered/details/structures_files/pairwise/3348_6t20_C_B.pdb,data/filtered/details/structures_files/pymol/3348_6t20_C_B.py,,data/filtered/details/structures_files/assembly/3348_6t20.pdb,"Heteromer, 5 proteins, 5 peptides."
3349,6t20,data/filtered/details/structures_files/pairwise/3349_6t20_C_A.pdb,data/filtered/details/structures_files/pymol/3349_6t20_C_A.py,,data/filtered/details/structures_files/assembly/3349_6t20.pdb,"Heteromer, 5 proteins, 5 peptides."
335,8iah,data/filtered/details/structures_files/pairwise/335_8iah_F_H.pdb,data/filtered/details/structures_files/pymol/335_8iah_F_H.py,data/filtered/details/structures_files/assembly/335_8iah.cif,,"Heteromer, 36 proteins."
3350,6t20,data/filtered/details/structures_files/pairwise/3350_6t20_C_E.pdb,data/filtered/details/structures_files/pymol/3350_6t20_C_E.py,,data/filtered/details/structures_files/assembly/3350_6t20.pdb,"Heteromer, 5 proteins, 5 peptides."
3351,6t20,data/filtered/details/structures_files/pairwise/3351_6t20_C_D.pdb,data/filtered/details/structures_files/pymol/3351_6t20_C_D.py,,data/filtered/details/structures_files/assembly/3351_6t20.pdb,"Heteromer, 5 proteins, 5 peptides."
336,8iah,data/filtered/details/structures_files/pairwise/336_8iah_F_P.pdb,data/filtered/details/structures_files/pymol/336_8iah_F_P.py,data/filtered/details/structures_files/assembly/336_8iah.cif,,"Heteromer, 36 proteins."
337,8iah,data/filtered/details/structures_files/pairwise/337_8iah_F_R.pdb,data/filtered/details/structures_files/pymol/337_8iah_F_R.py,data/filtered/details/structures_files/assembly/337_8iah.cif,,"Heteromer, 36 proteins."
3375,7r8v,data/filtered/details/structures_files/pairwise/3375_7r8v_D_E.pdb,data/filtered/details/structures_files/pymol/3375_7r8v_D_E.py,,data/filtered/details/structures_files/assembly/3375_7r8v.pdb,"Homomer, 5 proteins."
3383,6t23,data/filtered/details/structures_files/pairwise/3383_6t23_B_C.pdb,data/filtered/details/structures_files/pymol/3383_6t23_B_C.py,,data/filtered/details/structures_files/assembly/3383_6t23.pdb,"Homomer, 5 proteins."
3388,7ahn,data/filtered/details/structures_files/pairwise/3388_7ahn_D_B.pdb,data/filtered/details/structures_files/pymol/3388_7ahn_D_B.py,,data/filtered/details/structures_files/assembly/3388_7ahn.pdb,"Homomer, 5 proteins."
339,9hm9,data/filtered/details/structures_files/pairwise/339_9hm9_A_B.pdb,data/filtered/details/structures_files/pymol/339_9hm9_A_B.py,,data/filtered/details/structures_files/assembly/339_9hm9.pdb,"Heteromer, 6 proteins."
3390,7r8v,data/filtered/details/structures_files/pairwise/3390_7r8v_C_E.pdb,data/filtered/details/structures_files/pymol/3390_7r8v_C_E.py,,data/filtered/details/structures_files/assembly/3390_7r8v.pdb,"Homomer, 5 proteins."
3395,6t23,data/filtered/details/structures_files/pairwise/3395_6t23_A_B.pdb,data/filtered/details/structures_files/pymol/3395_6t23_A_B.py,,data/filtered/details/structures_files/assembly/3395_6t23.pdb,"Homomer, 5 proteins."
3396,6t23,data/filtered/details/structures_files/pairwise/3396_6t23_A_C.pdb,data/filtered/details/structures_files/pymol/3396_6t23_A_C.py,,data/filtered/details/structures_files/assembly/3396_6t23.pdb,"Homomer, 5 proteins."
3401,7ahn,data/filtered/details/structures_files/pairwise/3401_7ahn_E_D.pdb,data/filtered/details/structures_files/pymol/3401_7ahn_E_D.py,,data/filtered/details/structures_files/assembly/3401_7ahn.pdb,"Homomer, 5 proteins."
3403,7r8v,data/filtered/details/structures_files/pairwise/3403_7r8v_A_D.pdb,data/filtered/details/structures_files/pymol/3403_7r8v_A_D.py,,data/filtered/details/structures_files/assembly/3403_7r8v.pdb,"Homomer, 5 proteins."
3406,9p1i,data/filtered/details/structures_files/pairwise/3406_9p1i_b_m.pdb,data/filtered/details/structures_files/pymol/3406_9p1i_b_m.py,,data/filtered/details/structures_files/assembly/3406_9p1i.pdb,"Heteromer, 24 proteins."
3407,9p1i,data/filtered/details/structures_files/pairwise/3407_9p1i_b_n.pdb,data/filtered/details/structures_files/pymol/3407_9p1i_b_n.py,,data/filtered/details/structures_files/assembly/3407_9p1i.pdb,"Heteromer, 24 proteins."
3409,6t23,data/filtered/details/structures_files/pairwise/3409_6t23_E_C.pdb,data/filtered/details/structures_files/pymol/3409_6t23_E_C.py,,data/filtered/details/structures_files/assembly/3409_6t23.pdb,"Homomer, 5 proteins."
341,8c4c,data/filtered/details/structures_files/pairwise/341_8c4c_A_B.pdb,data/filtered/details/structures_files/pymol/341_8c4c_A_B.py,,data/filtered/details/structures_files/assembly/341_8c4c.pdb,"Heteromer, 12 proteins."
3414,7ahn,data/filtered/details/structures_files/pairwise/3414_7ahn_A_B.pdb,data/filtered/details/structures_files/pymol/3414_7ahn_A_B.py,,data/filtered/details/structures_files/assembly/3414_7ahn.pdb,"Homomer, 5 proteins."
3415,7r8v,data/filtered/details/structures_files/pairwise/3415_7r8v_B_A.pdb,data/filtered/details/structures_files/pymol/3415_7r8v_B_A.py,,data/filtered/details/structures_files/assembly/3415_7r8v.pdb,"Homomer, 5 proteins."
3416,7r8v,data/filtered/details/structures_files/pairwise/3416_7r8v_B_C.pdb,data/filtered/details/structures_files/pymol/3416_7r8v_B_C.py,,data/filtered/details/structures_files/assembly/3416_7r8v.pdb,"Homomer, 5 proteins."
3417,7r8v,data/filtered/details/structures_files/pairwise/3417_7r8v_B_D.pdb,data/filtered/details/structures_files/pymol/3417_7r8v_B_D.py,,data/filtered/details/structures_files/assembly/3417_7r8v.pdb,"Homomer, 5 proteins."
3418,7r8v,data/filtered/details/structures_files/pairwise/3418_7r8v_B_E.pdb,data/filtered/details/structures_files/pymol/3418_7r8v_B_E.py,,data/filtered/details/structures_files/assembly/3418_7r8v.pdb,"Homomer, 5 proteins."
342,8c4c,data/filtered/details/structures_files/pairwise/342_8c4c_A_C.pdb,data/filtered/details/structures_files/pymol/342_8c4c_A_C.py,,data/filtered/details/structures_files/assembly/342_8c4c.pdb,"Heteromer, 12 proteins."
3421,9p1i,data/filtered/details/structures_files/pairwise/3421_9p1i_a_b.pdb,data/filtered/details/structures_files/pymol/3421_9p1i_a_b.py,,data/filtered/details/structures_files/assembly/3421_9p1i.pdb,"Heteromer, 24 proteins."
3422,9p1i,data/filtered/details/structures_files/pairwise/3422_9p1i_a_l.pdb,data/filtered/details/structures_files/pymol/3422_9p1i_a_l.py,,data/filtered/details/structures_files/assembly/3422_9p1i.pdb,"Heteromer, 24 proteins."
3423,9p1i,data/filtered/details/structures_files/pairwise/3423_9p1i_a_m.pdb,data/filtered/details/structures_files/pymol/3423_9p1i_a_m.py,,data/filtered/details/structures_files/assembly/3423_9p1i.pdb,"Heteromer, 24 proteins."
3424,9p1i,data/filtered/details/structures_files/pairwise/3424_9p1i_a_n.pdb,data/filtered/details/structures_files/pymol/3424_9p1i_a_n.py,,data/filtered/details/structures_files/assembly/3424_9p1i.pdb,"Heteromer, 24 proteins."
3425,6t23,data/filtered/details/structures_files/pairwise/3425_6t23_D_E.pdb,data/filtered/details/structures_files/pymol/3425_6t23_D_E.py,,data/filtered/details/structures_files/assembly/3425_6t23.pdb,"Homomer, 5 proteins."
3426,6t23,data/filtered/details/structures_files/pairwise/3426_6t23_D_B.pdb,data/filtered/details/structures_files/pymol/3426_6t23_D_B.py,,data/filtered/details/structures_files/assembly/3426_6t23.pdb,"Homomer, 5 proteins."
3427,6t23,data/filtered/details/structures_files/pairwise/3427_6t23_D_C.pdb,data/filtered/details/structures_files/pymol/3427_6t23_D_C.py,,data/filtered/details/structures_files/assembly/3427_6t23.pdb,"Homomer, 5 proteins."
343,8c4c,data/filtered/details/structures_files/pairwise/343_8c4c_A_M.pdb,data/filtered/details/structures_files/pymol/343_8c4c_A_M.py,,data/filtered/details/structures_files/assembly/343_8c4c.pdb,"Heteromer, 12 proteins."
3430,7ahn,data/filtered/details/structures_files/pairwise/3430_7ahn_C_A.pdb,data/filtered/details/structures_files/pymol/3430_7ahn_C_A.py,,data/filtered/details/structures_files/assembly/3430_7ahn.pdb,"Homomer, 5 proteins."
3431,7ahn,data/filtered/details/structures_files/pairwise/3431_7ahn_C_E.pdb,data/filtered/details/structures_files/pymol/3431_7ahn_C_E.py,,data/filtered/details/structures_files/assembly/3431_7ahn.pdb,"Homomer, 5 proteins."
3432,7ahn,data/filtered/details/structures_files/pairwise/3432_7ahn_C_D.pdb,data/filtered/details/structures_files/pymol/3432_7ahn_C_D.py,,data/filtered/details/structures_files/assembly/3432_7ahn.pdb,"Homomer, 5 proteins."
3433,7ahn,data/filtered/details/structures_files/pairwise/3433_7ahn_C_B.pdb,data/filtered/details/structures_files/pymol/3433_7ahn_C_B.py,,data/filtered/details/structures_files/assembly/3433_7ahn.pdb,"Homomer, 5 proteins."
3437,9p1i,data/filtered/details/structures_files/pairwise/3437_9p1i_Z_a.pdb,data/filtered/details/structures_files/pymol/3437_9p1i_Z_a.py,,data/filtered/details/structures_files/assembly/3437_9p1i.pdb,"Heteromer, 24 proteins."
3438,9p1i,data/filtered/details/structures_files/pairwise/3438_9p1i_Z_b.pdb,data/filtered/details/structures_files/pymol/3438_9p1i_Z_b.py,,data/filtered/details/structures_files/assembly/3438_9p1i.pdb,"Heteromer, 24 proteins."
3439,9p1i,data/filtered/details/structures_files/pairwise/3439_9p1i_Z_k.pdb,data/filtered/details/structures_files/pymol/3439_9p1i_Z_k.py,,data/filtered/details/structures_files/assembly/3439_9p1i.pdb,"Heteromer, 24 proteins."
344,8c4c,data/filtered/details/structures_files/pairwise/344_8c4c_A_N.pdb,data/filtered/details/structures_files/pymol/344_8c4c_A_N.py,,data/filtered/details/structures_files/assembly/344_8c4c.pdb,"Heteromer, 12 proteins."
3440,9p1i,data/filtered/details/structures_files/pairwise/3440_9p1i_Z_l.pdb,data/filtered/details/structures_files/pymol/3440_9p1i_Z_l.py,,data/filtered/details/structures_files/assembly/3440_9p1i.pdb,"Heteromer, 24 proteins."
3441,9p1i,data/filtered/details/structures_files/pairwise/3441_9p1i_Z_m.pdb,data/filtered/details/structures_files/pymol/3441_9p1i_Z_m.py,,data/filtered/details/structures_files/assembly/3441_9p1i.pdb,"Heteromer, 24 proteins."
345,6vao,data/filtered/details/structures_files/pairwise/345_6vao_C_A.pdb,data/filtered/details/structures_files/pymol/345_6vao_C_A.py,,data/filtered/details/structures_files/assembly/345_6vao.pdb,"Heteromer, 10 proteins."
3452,9p1i,data/filtered/details/structures_files/pairwise/3452_9p1i_Y_Z.pdb,data/filtered/details/structures_files/pymol/3452_9p1i_Y_Z.py,,data/filtered/details/structures_files/assembly/3452_9p1i.pdb,"Heteromer, 24 proteins."
3453,9p1i,data/filtered/details/structures_files/pairwise/3453_9p1i_Y_a.pdb,data/filtered/details/structures_files/pymol/3453_9p1i_Y_a.py,,data/filtered/details/structures_files/assembly/3453_9p1i.pdb,"Heteromer, 24 proteins."
3454,9p1i,data/filtered/details/structures_files/pairwise/3454_9p1i_Y_j.pdb,data/filtered/details/structures_files/pymol/3454_9p1i_Y_j.py,,data/filtered/details/structures_files/assembly/3454_9p1i.pdb,"Heteromer, 24 proteins."
3455,9p1i,data/filtered/details/structures_files/pairwise/3455_9p1i_Y_k.pdb,data/filtered/details/structures_files/pymol/3455_9p1i_Y_k.py,,data/filtered/details/structures_files/assembly/3455_9p1i.pdb,"Heteromer, 24 proteins."
3456,9p1i,data/filtered/details/structures_files/pairwise/3456_9p1i_Y_l.pdb,data/filtered/details/structures_files/pymol/3456_9p1i_Y_l.py,,data/filtered/details/structures_files/assembly/3456_9p1i.pdb,"Heteromer, 24 proteins."
346,6vao,data/filtered/details/structures_files/pairwise/346_6vao_C_D.pdb,data/filtered/details/structures_files/pymol/346_6vao_C_D.py,,data/filtered/details/structures_files/assembly/346_6vao.pdb,"Heteromer, 10 proteins."
3461,6t24,data/filtered/details/structures_files/pairwise/3461_6t24_B_A.pdb,data/filtered/details/structures_files/pymol/3461_6t24_B_A.py,,data/filtered/details/structures_files/assembly/3461_6t24.pdb,"Homomer, 5 proteins."
3467,7ahq,data/filtered/details/structures_files/pairwise/3467_7ahq_D_E.pdb,data/filtered/details/structures_files/pymol/3467_7ahq_D_E.py,,data/filtered/details/structures_files/assembly/3467_7ahq.pdb,"Homomer, 5 proteins."
347,6vao,data/filtered/details/structures_files/pairwise/347_6vao_C_J.pdb,data/filtered/details/structures_files/pymol/347_6vao_C_J.py,,data/filtered/details/structures_files/assembly/347_6vao.pdb,"Heteromer, 10 proteins."
3471,9p1i,data/filtered/details/structures_files/pairwise/3471_9p1i_X_Y.pdb,data/filtered/details/structures_files/pymol/3471_9p1i_X_Y.py,,data/filtered/details/structures_files/assembly/3471_9p1i.pdb,"Heteromer, 24 proteins."
3472,9p1i,data/filtered/details/structures_files/pairwise/3472_9p1i_X_Z.pdb,data/filtered/details/structures_files/pymol/3472_9p1i_X_Z.py,,data/filtered/details/structures_files/assembly/3472_9p1i.pdb,"Heteromer, 24 proteins."
3473,9p1i,data/filtered/details/structures_files/pairwise/3473_9p1i_X_i.pdb,data/filtered/details/structures_files/pymol/3473_9p1i_X_i.py,,data/filtered/details/structures_files/assembly/3473_9p1i.pdb,"Heteromer, 24 proteins."
3474,9p1i,data/filtered/details/structures_files/pairwise/3474_9p1i_X_j.pdb,data/filtered/details/structures_files/pymol/3474_9p1i_X_j.py,,data/filtered/details/structures_files/assembly/3474_9p1i.pdb,"Heteromer, 24 proteins."
3475,9p1i,data/filtered/details/structures_files/pairwise/3475_9p1i_X_k.pdb,data/filtered/details/structures_files/pymol/3475_9p1i_X_k.py,,data/filtered/details/structures_files/assembly/3475_9p1i.pdb,"Heteromer, 24 proteins."
3480,6t24,data/filtered/details/structures_files/pairwise/3480_6t24_C_B.pdb,data/filtered/details/structures_files/pymol/3480_6t24_C_B.py,,data/filtered/details/structures_files/assembly/3480_6t24.pdb,"Homomer, 5 proteins."
3481,6t24,data/filtered/details/structures_files/pairwise/3481_6t24_C_A.pdb,data/filtered/details/structures_files/pymol/3481_6t24_C_A.py,,data/filtered/details/structures_files/assembly/3481_6t24.pdb,"Homomer, 5 proteins."
3486,7ahq,data/filtered/details/structures_files/pairwise/3486_7ahq_C_D.pdb,data/filtered/details/structures_files/pymol/3486_7ahq_C_D.py,,data/filtered/details/structures_files/assembly/3486_7ahq.pdb,"Homomer, 5 proteins."
3487,7ahq,data/filtered/details/structures_files/pairwise/3487_7ahq_C_E.pdb,data/filtered/details/structures_files/pymol/3487_7ahq_C_E.py,,data/filtered/details/structures_files/assembly/3487_7ahq.pdb,"Homomer, 5 proteins."
3491,9p1i,data/filtered/details/structures_files/pairwise/3491_9p1i_W_X.pdb,data/filtered/details/structures_files/pymol/3491_9p1i_W_X.py,,data/filtered/details/structures_files/assembly/3491_9p1i.pdb,"Heteromer, 24 proteins."
3492,9p1i,data/filtered/details/structures_files/pairwise/3492_9p1i_W_Y.pdb,data/filtered/details/structures_files/pymol/3492_9p1i_W_Y.py,,data/filtered/details/structures_files/assembly/3492_9p1i.pdb,"Heteromer, 24 proteins."
3493,9p1i,data/filtered/details/structures_files/pairwise/3493_9p1i_W_f.pdb,data/filtered/details/structures_files/pymol/3493_9p1i_W_f.py,,data/filtered/details/structures_files/assembly/3493_9p1i.pdb,"Heteromer, 24 proteins."
3494,9p1i,data/filtered/details/structures_files/pairwise/3494_9p1i_W_i.pdb,data/filtered/details/structures_files/pymol/3494_9p1i_W_i.py,,data/filtered/details/structures_files/assembly/3494_9p1i.pdb,"Heteromer, 24 proteins."
3495,9p1i,data/filtered/details/structures_files/pairwise/3495_9p1i_W_j.pdb,data/filtered/details/structures_files/pymol/3495_9p1i_W_j.py,,data/filtered/details/structures_files/assembly/3495_9p1i.pdb,"Heteromer, 24 proteins."
350,8vaa,data/filtered/details/structures_files/pairwise/350_8vaa_D_E.pdb,data/filtered/details/structures_files/pymol/350_8vaa_D_E.py,,data/filtered/details/structures_files/assembly/350_8vaa.pdb,"Heteromer, 20 proteins."
3501,6t24,data/filtered/details/structures_files/pairwise/3501_6t24_D_C.pdb,data/filtered/details/structures_files/pymol/3501_6t24_D_C.py,,data/filtered/details/structures_files/assembly/3501_6t24.pdb,"Homomer, 5 proteins."
3502,6t24,data/filtered/details/structures_files/pairwise/3502_6t24_D_B.pdb,data/filtered/details/structures_files/pymol/3502_6t24_D_B.py,,data/filtered/details/structures_files/assembly/3502_6t24.pdb,"Homomer, 5 proteins."
3507,7ahq,data/filtered/details/structures_files/pairwise/3507_7ahq_B_C.pdb,data/filtered/details/structures_files/pymol/3507_7ahq_B_C.py,,data/filtered/details/structures_files/assembly/3507_7ahq.pdb,"Homomer, 5 proteins."
3508,7ahq,data/filtered/details/structures_files/pairwise/3508_7ahq_B_D.pdb,data/filtered/details/structures_files/pymol/3508_7ahq_B_D.py,,data/filtered/details/structures_files/assembly/3508_7ahq.pdb,"Homomer, 5 proteins."
351,8vaa,data/filtered/details/structures_files/pairwise/351_8vaa_D_F.pdb,data/filtered/details/structures_files/pymol/351_8vaa_D_F.py,,data/filtered/details/structures_files/assembly/351_8vaa.pdb,"Heteromer, 20 proteins."
3513,9p1i,data/filtered/details/structures_files/pairwise/3513_9p1i_V_d.pdb,data/filtered/details/structures_files/pymol/3513_9p1i_V_d.py,,data/filtered/details/structures_files/assembly/3513_9p1i.pdb,"Heteromer, 24 proteins."
3514,9p1i,data/filtered/details/structures_files/pairwise/3514_9p1i_V_e.pdb,data/filtered/details/structures_files/pymol/3514_9p1i_V_e.py,,data/filtered/details/structures_files/assembly/3514_9p1i.pdb,"Heteromer, 24 proteins."
3515,9p1i,data/filtered/details/structures_files/pairwise/3515_9p1i_V_h.pdb,data/filtered/details/structures_files/pymol/3515_9p1i_V_h.py,,data/filtered/details/structures_files/assembly/3515_9p1i.pdb,"Heteromer, 24 proteins."
3520,6t24,data/filtered/details/structures_files/pairwise/3520_6t24_E_D.pdb,data/filtered/details/structures_files/pymol/3520_6t24_E_D.py,,data/filtered/details/structures_files/assembly/3520_6t24.pdb,"Homomer, 5 proteins."
3521,6t24,data/filtered/details/structures_files/pairwise/3521_6t24_E_C.pdb,data/filtered/details/structures_files/pymol/3521_6t24_E_C.py,,data/filtered/details/structures_files/assembly/3521_6t24.pdb,"Homomer, 5 proteins."
3525,7ahq,data/filtered/details/structures_files/pairwise/3525_7ahq_A_B.pdb,data/filtered/details/structures_files/pymol/3525_7ahq_A_B.py,,data/filtered/details/structures_files/assembly/3525_7ahq.pdb,"Homomer, 5 proteins."
3526,7ahq,data/filtered/details/structures_files/pairwise/3526_7ahq_A_C.pdb,data/filtered/details/structures_files/pymol/3526_7ahq_A_C.py,,data/filtered/details/structures_files/assembly/3526_7ahq.pdb,"Homomer, 5 proteins."
3528,9p1i,data/filtered/details/structures_files/pairwise/3528_9p1i_U_V.pdb,data/filtered/details/structures_files/pymol/3528_9p1i_U_V.py,,data/filtered/details/structures_files/assembly/3528_9p1i.pdb,"Heteromer, 24 proteins."
3529,9p1i,data/filtered/details/structures_files/pairwise/3529_9p1i_U_e.pdb,data/filtered/details/structures_files/pymol/3529_9p1i_U_e.py,,data/filtered/details/structures_files/assembly/3529_9p1i.pdb,"Heteromer, 24 proteins."
3530,9p1i,data/filtered/details/structures_files/pairwise/3530_9p1i_U_h.pdb,data/filtered/details/structures_files/pymol/3530_9p1i_U_h.py,,data/filtered/details/structures_files/assembly/3530_9p1i.pdb,"Heteromer, 24 proteins."
354,8iah,data/filtered/details/structures_files/pairwise/354_8iah_E_5.pdb,data/filtered/details/structures_files/pymol/354_8iah_E_5.py,data/filtered/details/structures_files/assembly/354_8iah.cif,,"Heteromer, 36 proteins."
3542,9p3d,data/filtered/details/structures_files/pairwise/3542_9p3d_a_l.pdb,data/filtered/details/structures_files/pymol/3542_9p3d_a_l.py,,data/filtered/details/structures_files/assembly/3542_9p3d.pdb,"Heteromer, 22 proteins."
3543,9p3d,data/filtered/details/structures_files/pairwise/3543_9p3d_a_m.pdb,data/filtered/details/structures_files/pymol/3543_9p3d_a_m.py,,data/filtered/details/structures_files/assembly/3543_9p3d.pdb,"Heteromer, 22 proteins."
3547,9p1i,data/filtered/details/structures_files/pairwise/3547_9p1i_T_V.pdb,data/filtered/details/structures_files/pymol/3547_9p1i_T_V.py,,data/filtered/details/structures_files/assembly/3547_9p1i.pdb,"Heteromer, 24 proteins."
3548,9p1i,data/filtered/details/structures_files/pairwise/3548_9p1i_T_c.pdb,data/filtered/details/structures_files/pymol/3548_9p1i_T_c.py,,data/filtered/details/structures_files/assembly/3548_9p1i.pdb,"Heteromer, 24 proteins."
3549,9p1i,data/filtered/details/structures_files/pairwise/3549_9p1i_T_d.pdb,data/filtered/details/structures_files/pymol/3549_9p1i_T_d.py,,data/filtered/details/structures_files/assembly/3549_9p1i.pdb,"Heteromer, 24 proteins."
355,8iah,data/filtered/details/structures_files/pairwise/355_8iah_E_6.pdb,data/filtered/details/structures_files/pymol/355_8iah_E_6.py,data/filtered/details/structures_files/assembly/355_8iah.cif,,"Heteromer, 36 proteins."
3550,9p1i,data/filtered/details/structures_files/pairwise/3550_9p1i_T_g.pdb,data/filtered/details/structures_files/pymol/3550_9p1i_T_g.py,,data/filtered/details/structures_files/assembly/3550_9p1i.pdb,"Heteromer, 24 proteins."
3555,6t25,data/filtered/details/structures_files/pairwise/3555_6t25_C_A.pdb,data/filtered/details/structures_files/pymol/3555_6t25_C_A.py,,data/filtered/details/structures_files/assembly/3555_6t25.pdb,"Heteromer, 5 proteins, 5 peptides."
3561,7bt7,data/filtered/details/structures_files/pairwise/3561_7bt7_D_E.pdb,data/filtered/details/structures_files/pymol/3561_7bt7_D_E.py,,data/filtered/details/structures_files/assembly/3561_7bt7.pdb,"Homomer, 5 proteins."
3564,9p3d,data/filtered/details/structures_files/pairwise/3564_9p3d_Z_a.pdb,data/filtered/details/structures_files/pymol/3564_9p3d_Z_a.py,,data/filtered/details/structures_files/assembly/3564_9p3d.pdb,"Heteromer, 22 proteins."
3565,9p3d,data/filtered/details/structures_files/pairwise/3565_9p3d_Z_k.pdb,data/filtered/details/structures_files/pymol/3565_9p3d_Z_k.py,,data/filtered/details/structures_files/assembly/3565_9p3d.pdb,"Heteromer, 22 proteins."
3566,9p3d,data/filtered/details/structures_files/pairwise/3566_9p3d_Z_l.pdb,data/filtered/details/structures_files/pymol/3566_9p3d_Z_l.py,,data/filtered/details/structures_files/assembly/3566_9p3d.pdb,"Heteromer, 22 proteins."
3567,9p3d,data/filtered/details/structures_files/pairwise/3567_9p3d_Z_m.pdb,data/filtered/details/structures_files/pymol/3567_9p3d_Z_m.py,,data/filtered/details/structures_files/assembly/3567_9p3d.pdb,"Heteromer, 22 proteins."
3569,9p1i,data/filtered/details/structures_files/pairwise/3569_9p1i_S_T.pdb,data/filtered/details/structures_files/pymol/3569_9p1i_S_T.py,,data/filtered/details/structures_files/assembly/3569_9p1i.pdb,"Heteromer, 24 proteins."
3570,9p1i,data/filtered/details/structures_files/pairwise/3570_9p1i_S_U.pdb,data/filtered/details/structures_files/pymol/3570_9p1i_S_U.py,,data/filtered/details/structures_files/assembly/3570_9p1i.pdb,"Heteromer, 24 proteins."
3571,9p1i,data/filtered/details/structures_files/pairwise/3571_9p1i_S_V.pdb,data/filtered/details/structures_files/pymol/3571_9p1i_S_V.py,,data/filtered/details/structures_files/assembly/3571_9p1i.pdb,"Heteromer, 24 proteins."
3572,9p1i,data/filtered/details/structures_files/pairwise/3572_9p1i_S_d.pdb,data/filtered/details/structures_files/pymol/3572_9p1i_S_d.py,,data/filtered/details/structures_files/assembly/3572_9p1i.pdb,"Heteromer, 24 proteins."
3573,9p1i,data/filtered/details/structures_files/pairwise/3573_9p1i_S_g.pdb,data/filtered/details/structures_files/pymol/3573_9p1i_S_g.py,,data/filtered/details/structures_files/assembly/3573_9p1i.pdb,"Heteromer, 24 proteins."
3574,9p1i,data/filtered/details/structures_files/pairwise/3574_9p1i_S_h.pdb,data/filtered/details/structures_files/pymol/3574_9p1i_S_h.py,,data/filtered/details/structures_files/assembly/3574_9p1i.pdb,"Heteromer, 24 proteins."
3577,6t25,data/filtered/details/structures_files/pairwise/3577_6t25_B_C.pdb,data/filtered/details/structures_files/pymol/3577_6t25_B_C.py,,data/filtered/details/structures_files/assembly/3577_6t25.pdb,"Heteromer, 5 proteins, 5 peptides."
3578,6t25,data/filtered/details/structures_files/pairwise/3578_6t25_B_A.pdb,data/filtered/details/structures_files/pymol/3578_6t25_B_A.py,,data/filtered/details/structures_files/assembly/3578_6t25.pdb,"Heteromer, 5 proteins, 5 peptides."
358,8iah,data/filtered/details/structures_files/pairwise/358_8iah_E_F.pdb,data/filtered/details/structures_files/pymol/358_8iah_E_F.py,data/filtered/details/structures_files/assembly/358_8iah.cif,,"Heteromer, 36 proteins."
3584,7bt7,data/filtered/details/structures_files/pairwise/3584_7bt7_C_D.pdb,data/filtered/details/structures_files/pymol/3584_7bt7_C_D.py,,data/filtered/details/structures_files/assembly/3584_7bt7.pdb,"Homomer, 5 proteins."
3585,7bt7,data/filtered/details/structures_files/pairwise/3585_7bt7_C_E.pdb,data/filtered/details/structures_files/pymol/3585_7bt7_C_E.py,,data/filtered/details/structures_files/assembly/3585_7bt7.pdb,"Homomer, 5 proteins."
3588,9p3d,data/filtered/details/structures_files/pairwise/3588_9p3d_Y_Z.pdb,data/filtered/details/structures_files/pymol/3588_9p3d_Y_Z.py,,data/filtered/details/structures_files/assembly/3588_9p3d.pdb,"Heteromer, 22 proteins."
3589,9p3d,data/filtered/details/structures_files/pairwise/3589_9p3d_Y_a.pdb,data/filtered/details/structures_files/pymol/3589_9p3d_Y_a.py,,data/filtered/details/structures_files/assembly/3589_9p3d.pdb,"Heteromer, 22 proteins."
359,8iah,data/filtered/details/structures_files/pairwise/359_8iah_E_G.pdb,data/filtered/details/structures_files/pymol/359_8iah_E_G.py,data/filtered/details/structures_files/assembly/359_8iah.cif,,"Heteromer, 36 proteins."
3590,9p3d,data/filtered/details/structures_files/pairwise/3590_9p3d_Y_j.pdb,data/filtered/details/structures_files/pymol/3590_9p3d_Y_j.py,,data/filtered/details/structures_files/assembly/3590_9p3d.pdb,"Heteromer, 22 proteins."
3591,9p3d,data/filtered/details/structures_files/pairwise/3591_9p3d_Y_k.pdb,data/filtered/details/structures_files/pymol/3591_9p3d_Y_k.py,,data/filtered/details/structures_files/assembly/3591_9p3d.pdb,"Heteromer, 22 proteins."
3592,9p3d,data/filtered/details/structures_files/pairwise/3592_9p3d_Y_l.pdb,data/filtered/details/structures_files/pymol/3592_9p3d_Y_l.py,,data/filtered/details/structures_files/assembly/3592_9p3d.pdb,"Heteromer, 22 proteins."
3594,9p1i,data/filtered/details/structures_files/pairwise/3594_9p1i_R_T.pdb,data/filtered/details/structures_files/pymol/3594_9p1i_R_T.py,,data/filtered/details/structures_files/assembly/3594_9p1i.pdb,"Heteromer, 24 proteins."
3595,9p1i,data/filtered/details/structures_files/pairwise/3595_9p1i_R_W.pdb,data/filtered/details/structures_files/pymol/3595_9p1i_R_W.py,,data/filtered/details/structures_files/assembly/3595_9p1i.pdb,"Heteromer, 24 proteins."
3596,9p1i,data/filtered/details/structures_files/pairwise/3596_9p1i_R_X.pdb,data/filtered/details/structures_files/pymol/3596_9p1i_R_X.py,,data/filtered/details/structures_files/assembly/3596_9p1i.pdb,"Heteromer, 24 proteins."
3597,9p1i,data/filtered/details/structures_files/pairwise/3597_9p1i_R_c.pdb,data/filtered/details/structures_files/pymol/3597_9p1i_R_c.py,,data/filtered/details/structures_files/assembly/3597_9p1i.pdb,"Heteromer, 24 proteins."
3598,9p1i,data/filtered/details/structures_files/pairwise/3598_9p1i_R_f.pdb,data/filtered/details/structures_files/pymol/3598_9p1i_R_f.py,,data/filtered/details/structures_files/assembly/3598_9p1i.pdb,"Heteromer, 24 proteins."
3599,9p1i,data/filtered/details/structures_files/pairwise/3599_9p1i_R_i.pdb,data/filtered/details/structures_files/pymol/3599_9p1i_R_i.py,,data/filtered/details/structures_files/assembly/3599_9p1i.pdb,"Heteromer, 24 proteins."
360,8iah,data/filtered/details/structures_files/pairwise/360_8iah_E_O.pdb,data/filtered/details/structures_files/pymol/360_8iah_E_O.py,data/filtered/details/structures_files/assembly/360_8iah.cif,,"Heteromer, 36 proteins."
3602,6t25,data/filtered/details/structures_files/pairwise/3602_6t25_E_C.pdb,data/filtered/details/structures_files/pymol/3602_6t25_E_C.py,,data/filtered/details/structures_files/assembly/3602_6t25.pdb,"Heteromer, 5 proteins, 5 peptides."
3606,7bt7,data/filtered/details/structures_files/pairwise/3606_7bt7_B_C.pdb,data/filtered/details/structures_files/pymol/3606_7bt7_B_C.py,,data/filtered/details/structures_files/assembly/3606_7bt7.pdb,"Homomer, 5 proteins."
3607,7bt7,data/filtered/details/structures_files/pairwise/3607_7bt7_B_D.pdb,data/filtered/details/structures_files/pymol/3607_7bt7_B_D.py,,data/filtered/details/structures_files/assembly/3607_7bt7.pdb,"Homomer, 5 proteins."
361,8iah,data/filtered/details/structures_files/pairwise/361_8iah_E_Q.pdb,data/filtered/details/structures_files/pymol/361_8iah_E_Q.py,data/filtered/details/structures_files/assembly/361_8iah.cif,,"Heteromer, 36 proteins."
3610,9p3d,data/filtered/details/structures_files/pairwise/3610_9p3d_X_Y.pdb,data/filtered/details/structures_files/pymol/3610_9p3d_X_Y.py,,data/filtered/details/structures_files/assembly/3610_9p3d.pdb,"Heteromer, 22 proteins."
3611,9p3d,data/filtered/details/structures_files/pairwise/3611_9p3d_X_Z.pdb,data/filtered/details/structures_files/pymol/3611_9p3d_X_Z.py,,data/filtered/details/structures_files/assembly/3611_9p3d.pdb,"Heteromer, 22 proteins."
3612,9p3d,data/filtered/details/structures_files/pairwise/3612_9p3d_X_i.pdb,data/filtered/details/structures_files/pymol/3612_9p3d_X_i.py,,data/filtered/details/structures_files/assembly/3612_9p3d.pdb,"Heteromer, 22 proteins."
3613,9p3d,data/filtered/details/structures_files/pairwise/3613_9p3d_X_j.pdb,data/filtered/details/structures_files/pymol/3613_9p3d_X_j.py,,data/filtered/details/structures_files/assembly/3613_9p3d.pdb,"Heteromer, 22 proteins."
3614,9p3d,data/filtered/details/structures_files/pairwise/3614_9p3d_X_k.pdb,data/filtered/details/structures_files/pymol/3614_9p3d_X_k.py,,data/filtered/details/structures_files/assembly/3614_9p3d.pdb,"Heteromer, 22 proteins."
3615,9p1i,data/filtered/details/structures_files/pairwise/3615_9p1i_Q_R.pdb,data/filtered/details/structures_files/pymol/3615_9p1i_Q_R.py,,data/filtered/details/structures_files/assembly/3615_9p1i.pdb,"Heteromer, 24 proteins."
3616,9p1i,data/filtered/details/structures_files/pairwise/3616_9p1i_Q_S.pdb,data/filtered/details/structures_files/pymol/3616_9p1i_Q_S.py,,data/filtered/details/structures_files/assembly/3616_9p1i.pdb,"Heteromer, 24 proteins."
3617,9p1i,data/filtered/details/structures_files/pairwise/3617_9p1i_Q_T.pdb,data/filtered/details/structures_files/pymol/3617_9p1i_Q_T.py,,data/filtered/details/structures_files/assembly/3617_9p1i.pdb,"Heteromer, 24 proteins."
3618,9p1i,data/filtered/details/structures_files/pairwise/3618_9p1i_Q_W.pdb,data/filtered/details/structures_files/pymol/3618_9p1i_Q_W.py,,data/filtered/details/structures_files/assembly/3618_9p1i.pdb,"Heteromer, 24 proteins."
3619,9p1i,data/filtered/details/structures_files/pairwise/3619_9p1i_Q_c.pdb,data/filtered/details/structures_files/pymol/3619_9p1i_Q_c.py,,data/filtered/details/structures_files/assembly/3619_9p1i.pdb,"Heteromer, 24 proteins."
362,9hm9,data/filtered/details/structures_files/pairwise/362_9hm9_C_F.pdb,data/filtered/details/structures_files/pymol/362_9hm9_C_F.py,,data/filtered/details/structures_files/assembly/362_9hm9.pdb,"Heteromer, 6 proteins."
3620,9p1i,data/filtered/details/structures_files/pairwise/3620_9p1i_Q_f.pdb,data/filtered/details/structures_files/pymol/3620_9p1i_Q_f.py,,data/filtered/details/structures_files/assembly/3620_9p1i.pdb,"Heteromer, 24 proteins."
3621,9p1i,data/filtered/details/structures_files/pairwise/3621_9p1i_Q_g.pdb,data/filtered/details/structures_files/pymol/3621_9p1i_Q_g.py,,data/filtered/details/structures_files/assembly/3621_9p1i.pdb,"Heteromer, 24 proteins."
3623,6t25,data/filtered/details/structures_files/pairwise/3623_6t25_D_E.pdb,data/filtered/details/structures_files/pymol/3623_6t25_D_E.py,,data/filtered/details/structures_files/assembly/3623_6t25.pdb,"Heteromer, 5 proteins, 5 peptides."
3624,6t25,data/filtered/details/structures_files/pairwise/3624_6t25_D_B.pdb,data/filtered/details/structures_files/pymol/3624_6t25_D_B.py,,data/filtered/details/structures_files/assembly/3624_6t25.pdb,"Heteromer, 5 proteins, 5 peptides."
3625,6t25,data/filtered/details/structures_files/pairwise/3625_6t25_D_C.pdb,data/filtered/details/structures_files/pymol/3625_6t25_D_C.py,,data/filtered/details/structures_files/assembly/3625_6t25.pdb,"Heteromer, 5 proteins, 5 peptides."
3629,7bt7,data/filtered/details/structures_files/pairwise/3629_7bt7_A_B.pdb,data/filtered/details/structures_files/pymol/3629_7bt7_A_B.py,,data/filtered/details/structures_files/assembly/3629_7bt7.pdb,"Homomer, 5 proteins."
363,9hm9,data/filtered/details/structures_files/pairwise/363_9hm9_C_A.pdb,data/filtered/details/structures_files/pymol/363_9hm9_C_A.py,,data/filtered/details/structures_files/assembly/363_9hm9.pdb,"Heteromer, 6 proteins."
3630,7bt7,data/filtered/details/structures_files/pairwise/3630_7bt7_A_C.pdb,data/filtered/details/structures_files/pymol/3630_7bt7_A_C.py,,data/filtered/details/structures_files/assembly/3630_7bt7.pdb,"Homomer, 5 proteins."
3633,9p3d,data/filtered/details/structures_files/pairwise/3633_9p3d_W_X.pdb,data/filtered/details/structures_files/pymol/3633_9p3d_W_X.py,,data/filtered/details/structures_files/assembly/3633_9p3d.pdb,"Heteromer, 22 proteins."
3634,9p3d,data/filtered/details/structures_files/pairwise/3634_9p3d_W_Y.pdb,data/filtered/details/structures_files/pymol/3634_9p3d_W_Y.py,,data/filtered/details/structures_files/assembly/3634_9p3d.pdb,"Heteromer, 22 proteins."
3635,9p3d,data/filtered/details/structures_files/pairwise/3635_9p3d_W_h.pdb,data/filtered/details/structures_files/pymol/3635_9p3d_W_h.py,,data/filtered/details/structures_files/assembly/3635_9p3d.pdb,"Heteromer, 22 proteins."
3636,9p3d,data/filtered/details/structures_files/pairwise/3636_9p3d_W_i.pdb,data/filtered/details/structures_files/pymol/3636_9p3d_W_i.py,,data/filtered/details/structures_files/assembly/3636_9p3d.pdb,"Heteromer, 22 proteins."
3637,9p3d,data/filtered/details/structures_files/pairwise/3637_9p3d_W_j.pdb,data/filtered/details/structures_files/pymol/3637_9p3d_W_j.py,,data/filtered/details/structures_files/assembly/3637_9p3d.pdb,"Heteromer, 22 proteins."
364,9hm9,data/filtered/details/structures_files/pairwise/364_9hm9_C_E.pdb,data/filtered/details/structures_files/pymol/364_9hm9_C_E.py,,data/filtered/details/structures_files/assembly/364_9hm9.pdb,"Heteromer, 6 proteins."
365,9hm9,data/filtered/details/structures_files/pairwise/365_9hm9_C_B.pdb,data/filtered/details/structures_files/pymol/365_9hm9_C_B.py,,data/filtered/details/structures_files/assembly/365_9hm9.pdb,"Heteromer, 6 proteins."
3651,6d8c,data/filtered/details/structures_files/pairwise/3651_6d8c_H_D.pdb,data/filtered/details/structures_files/pymol/3651_6d8c_H_D.py,,data/filtered/details/structures_files/assembly/3651_6d8c.pdb,"Heteromer, 10 proteins, 3 peptides."
3652,6d8c,data/filtered/details/structures_files/pairwise/3652_6d8c_H_A.pdb,data/filtered/details/structures_files/pymol/3652_6d8c_H_A.py,,data/filtered/details/structures_files/assembly/3652_6d8c.pdb,"Heteromer, 10 proteins, 3 peptides."
366,9hm9,data/filtered/details/structures_files/pairwise/366_9hm9_C_D.pdb,data/filtered/details/structures_files/pymol/366_9hm9_C_D.py,,data/filtered/details/structures_files/assembly/366_9hm9.pdb,"Heteromer, 6 proteins."
3660,9p3d,data/filtered/details/structures_files/pairwise/3660_9p3d_V_W.pdb,data/filtered/details/structures_files/pymol/3660_9p3d_V_W.py,,data/filtered/details/structures_files/assembly/3660_9p3d.pdb,"Heteromer, 22 proteins."
3661,9p3d,data/filtered/details/structures_files/pairwise/3661_9p3d_V_X.pdb,data/filtered/details/structures_files/pymol/3661_9p3d_V_X.py,,data/filtered/details/structures_files/assembly/3661_9p3d.pdb,"Heteromer, 22 proteins."
3662,9p3d,data/filtered/details/structures_files/pairwise/3662_9p3d_V_g.pdb,data/filtered/details/structures_files/pymol/3662_9p3d_V_g.py,,data/filtered/details/structures_files/assembly/3662_9p3d.pdb,"Heteromer, 22 proteins."
3663,9p3d,data/filtered/details/structures_files/pairwise/3663_9p3d_V_h.pdb,data/filtered/details/structures_files/pymol/3663_9p3d_V_h.py,,data/filtered/details/structures_files/assembly/3663_9p3d.pdb,"Heteromer, 22 proteins."
3664,9p3d,data/filtered/details/structures_files/pairwise/3664_9p3d_V_i.pdb,data/filtered/details/structures_files/pymol/3664_9p3d_V_i.py,,data/filtered/details/structures_files/assembly/3664_9p3d.pdb,"Heteromer, 22 proteins."
3672,6d8c,data/filtered/details/structures_files/pairwise/3672_6d8c_K_H.pdb,data/filtered/details/structures_files/pymol/3672_6d8c_K_H.py,,data/filtered/details/structures_files/assembly/3672_6d8c.pdb,"Heteromer, 10 proteins, 3 peptides."
3673,6d8c,data/filtered/details/structures_files/pairwise/3673_6d8c_K_B.pdb,data/filtered/details/structures_files/pymol/3673_6d8c_K_B.py,,data/filtered/details/structures_files/assembly/3673_6d8c.pdb,"Heteromer, 10 proteins, 3 peptides."
3674,6d8c,data/filtered/details/structures_files/pairwise/3674_6d8c_K_C.pdb,data/filtered/details/structures_files/pymol/3674_6d8c_K_C.py,,data/filtered/details/structures_files/assembly/3674_6d8c.pdb,"Heteromer, 10 proteins, 3 peptides."
3679,7bti,data/filtered/details/structures_files/pairwise/3679_7bti_D_E.pdb,data/filtered/details/structures_files/pymol/3679_7bti_D_E.py,,data/filtered/details/structures_files/assembly/3679_7bti.pdb,"Heteromer, 5 proteins, 3 peptides."
3682,9p3d,data/filtered/details/structures_files/pairwise/3682_9p3d_U_V.pdb,data/filtered/details/structures_files/pymol/3682_9p3d_U_V.py,,data/filtered/details/structures_files/assembly/3682_9p3d.pdb,"Heteromer, 22 proteins."
3683,9p3d,data/filtered/details/structures_files/pairwise/3683_9p3d_U_W.pdb,data/filtered/details/structures_files/pymol/3683_9p3d_U_W.py,,data/filtered/details/structures_files/assembly/3683_9p3d.pdb,"Heteromer, 22 proteins."
3684,9p3d,data/filtered/details/structures_files/pairwise/3684_9p3d_U_f.pdb,data/filtered/details/structures_files/pymol/3684_9p3d_U_f.py,,data/filtered/details/structures_files/assembly/3684_9p3d.pdb,"Heteromer, 22 proteins."
3685,9p3d,data/filtered/details/structures_files/pairwise/3685_9p3d_U_g.pdb,data/filtered/details/structures_files/pymol/3685_9p3d_U_g.py,,data/filtered/details/structures_files/assembly/3685_9p3d.pdb,"Heteromer, 22 proteins."
3686,9p3d,data/filtered/details/structures_files/pairwise/3686_9p3d_U_h.pdb,data/filtered/details/structures_files/pymol/3686_9p3d_U_h.py,,data/filtered/details/structures_files/assembly/3686_9p3d.pdb,"Heteromer, 22 proteins."
3695,6d8c,data/filtered/details/structures_files/pairwise/3695_6d8c_J_H.pdb,data/filtered/details/structures_files/pymol/3695_6d8c_J_H.py,,data/filtered/details/structures_files/assembly/3695_6d8c.pdb,"Heteromer, 10 proteins, 3 peptides."
3696,6d8c,data/filtered/details/structures_files/pairwise/3696_6d8c_J_A.pdb,data/filtered/details/structures_files/pymol/3696_6d8c_J_A.py,,data/filtered/details/structures_files/assembly/3696_6d8c.pdb,"Heteromer, 10 proteins, 3 peptides."
3702,7bti,data/filtered/details/structures_files/pairwise/3702_7bti_C_D.pdb,data/filtered/details/structures_files/pymol/3702_7bti_C_D.py,,data/filtered/details/structures_files/assembly/3702_7bti.pdb,"Heteromer, 5 proteins, 3 peptides."
3703,7bti,data/filtered/details/structures_files/pairwise/3703_7bti_C_E.pdb,data/filtered/details/structures_files/pymol/3703_7bti_C_E.py,,data/filtered/details/structures_files/assembly/3703_7bti.pdb,"Heteromer, 5 proteins, 3 peptides."
3706,9p3d,data/filtered/details/structures_files/pairwise/3706_9p3d_T_U.pdb,data/filtered/details/structures_files/pymol/3706_9p3d_T_U.py,,data/filtered/details/structures_files/assembly/3706_9p3d.pdb,"Heteromer, 22 proteins."
3707,9p3d,data/filtered/details/structures_files/pairwise/3707_9p3d_T_V.pdb,data/filtered/details/structures_files/pymol/3707_9p3d_T_V.py,,data/filtered/details/structures_files/assembly/3707_9p3d.pdb,"Heteromer, 22 proteins."
3708,9p3d,data/filtered/details/structures_files/pairwise/3708_9p3d_T_e.pdb,data/filtered/details/structures_files/pymol/3708_9p3d_T_e.py,,data/filtered/details/structures_files/assembly/3708_9p3d.pdb,"Heteromer, 22 proteins."
3709,9p3d,data/filtered/details/structures_files/pairwise/3709_9p3d_T_f.pdb,data/filtered/details/structures_files/pymol/3709_9p3d_T_f.py,,data/filtered/details/structures_files/assembly/3709_9p3d.pdb,"Heteromer, 22 proteins."
3710,9p3d,data/filtered/details/structures_files/pairwise/3710_9p3d_T_g.pdb,data/filtered/details/structures_files/pymol/3710_9p3d_T_g.py,,data/filtered/details/structures_files/assembly/3710_9p3d.pdb,"Heteromer, 22 proteins."
3716,6d8c,data/filtered/details/structures_files/pairwise/3716_6d8c_M_K.pdb,data/filtered/details/structures_files/pymol/3716_6d8c_M_K.py,,data/filtered/details/structures_files/assembly/3716_6d8c.pdb,"Heteromer, 10 proteins, 3 peptides."
3717,6d8c,data/filtered/details/structures_files/pairwise/3717_6d8c_M_H.pdb,data/filtered/details/structures_files/pymol/3717_6d8c_M_H.py,,data/filtered/details/structures_files/assembly/3717_6d8c.pdb,"Heteromer, 10 proteins, 3 peptides."
3718,6d8c,data/filtered/details/structures_files/pairwise/3718_6d8c_M_D.pdb,data/filtered/details/structures_files/pymol/3718_6d8c_M_D.py,,data/filtered/details/structures_files/assembly/3718_6d8c.pdb,"Heteromer, 10 proteins, 3 peptides."
3719,6d8c,data/filtered/details/structures_files/pairwise/3719_6d8c_M_E.pdb,data/filtered/details/structures_files/pymol/3719_6d8c_M_E.py,,data/filtered/details/structures_files/assembly/3719_6d8c.pdb,"Heteromer, 10 proteins, 3 peptides."
3724,7bti,data/filtered/details/structures_files/pairwise/3724_7bti_B_C.pdb,data/filtered/details/structures_files/pymol/3724_7bti_B_C.py,,data/filtered/details/structures_files/assembly/3724_7bti.pdb,"Heteromer, 5 proteins, 3 peptides."
3725,7bti,data/filtered/details/structures_files/pairwise/3725_7bti_B_D.pdb,data/filtered/details/structures_files/pymol/3725_7bti_B_D.py,,data/filtered/details/structures_files/assembly/3725_7bti.pdb,"Heteromer, 5 proteins, 3 peptides."
3728,9p3d,data/filtered/details/structures_files/pairwise/3728_9p3d_S_T.pdb,data/filtered/details/structures_files/pymol/3728_9p3d_S_T.py,,data/filtered/details/structures_files/assembly/3728_9p3d.pdb,"Heteromer, 22 proteins."
3729,9p3d,data/filtered/details/structures_files/pairwise/3729_9p3d_S_U.pdb,data/filtered/details/structures_files/pymol/3729_9p3d_S_U.py,,data/filtered/details/structures_files/assembly/3729_9p3d.pdb,"Heteromer, 22 proteins."
3730,9p3d,data/filtered/details/structures_files/pairwise/3730_9p3d_S_d.pdb,data/filtered/details/structures_files/pymol/3730_9p3d_S_d.py,,data/filtered/details/structures_files/assembly/3730_9p3d.pdb,"Heteromer, 22 proteins."
3731,9p3d,data/filtered/details/structures_files/pairwise/3731_9p3d_S_e.pdb,data/filtered/details/structures_files/pymol/3731_9p3d_S_e.py,,data/filtered/details/structures_files/assembly/3731_9p3d.pdb,"Heteromer, 22 proteins."
3732,9p3d,data/filtered/details/structures_files/pairwise/3732_9p3d_S_f.pdb,data/filtered/details/structures_files/pymol/3732_9p3d_S_f.py,,data/filtered/details/structures_files/assembly/3732_9p3d.pdb,"Heteromer, 22 proteins."
3740,6d8c,data/filtered/details/structures_files/pairwise/3740_6d8c_L_J.pdb,data/filtered/details/structures_files/pymol/3740_6d8c_L_J.py,,data/filtered/details/structures_files/assembly/3740_6d8c.pdb,"Heteromer, 10 proteins, 3 peptides."
3741,6d8c,data/filtered/details/structures_files/pairwise/3741_6d8c_L_K.pdb,data/filtered/details/structures_files/pymol/3741_6d8c_L_K.py,,data/filtered/details/structures_files/assembly/3741_6d8c.pdb,"Heteromer, 10 proteins, 3 peptides."
3742,6d8c,data/filtered/details/structures_files/pairwise/3742_6d8c_L_H.pdb,data/filtered/details/structures_files/pymol/3742_6d8c_L_H.py,,data/filtered/details/structures_files/assembly/3742_6d8c.pdb,"Heteromer, 10 proteins, 3 peptides."
3743,6d8c,data/filtered/details/structures_files/pairwise/3743_6d8c_L_C.pdb,data/filtered/details/structures_files/pymol/3743_6d8c_L_C.py,,data/filtered/details/structures_files/assembly/3743_6d8c.pdb,"Heteromer, 10 proteins, 3 peptides."
3746,7bti,data/filtered/details/structures_files/pairwise/3746_7bti_A_B.pdb,data/filtered/details/structures_files/pymol/3746_7bti_A_B.py,,data/filtered/details/structures_files/assembly/3746_7bti.pdb,"Heteromer, 5 proteins, 3 peptides."
3747,7bti,data/filtered/details/structures_files/pairwise/3747_7bti_A_C.pdb,data/filtered/details/structures_files/pymol/3747_7bti_A_C.py,,data/filtered/details/structures_files/assembly/3747_7bti.pdb,"Heteromer, 5 proteins, 3 peptides."
3749,9p3d,data/filtered/details/structures_files/pairwise/3749_9p3d_R_S.pdb,data/filtered/details/structures_files/pymol/3749_9p3d_R_S.py,,data/filtered/details/structures_files/assembly/3749_9p3d.pdb,"Heteromer, 22 proteins."
3750,9p3d,data/filtered/details/structures_files/pairwise/3750_9p3d_R_T.pdb,data/filtered/details/structures_files/pymol/3750_9p3d_R_T.py,,data/filtered/details/structures_files/assembly/3750_9p3d.pdb,"Heteromer, 22 proteins."
3751,9p3d,data/filtered/details/structures_files/pairwise/3751_9p3d_R_c.pdb,data/filtered/details/structures_files/pymol/3751_9p3d_R_c.py,,data/filtered/details/structures_files/assembly/3751_9p3d.pdb,"Heteromer, 22 proteins."
3752,9p3d,data/filtered/details/structures_files/pairwise/3752_9p3d_R_d.pdb,data/filtered/details/structures_files/pymol/3752_9p3d_R_d.py,,data/filtered/details/structures_files/assembly/3752_9p3d.pdb,"Heteromer, 22 proteins."
3753,9p3d,data/filtered/details/structures_files/pairwise/3753_9p3d_R_e.pdb,data/filtered/details/structures_files/pymol/3753_9p3d_R_e.py,,data/filtered/details/structures_files/assembly/3753_9p3d.pdb,"Heteromer, 22 proteins."
376,8vaa,data/filtered/details/structures_files/pairwise/376_8vaa_C_D.pdb,data/filtered/details/structures_files/pymol/376_8vaa_C_D.py,,data/filtered/details/structures_files/assembly/376_8vaa.pdb,"Heteromer, 20 proteins."
3768,6m5g,data/filtered/details/structures_files/pairwise/3768_6m5g_E_H.pdb,data/filtered/details/structures_files/pymol/3768_6m5g_E_H.py,,data/filtered/details/structures_files/assembly/3768_6m5g.pdb,"Heteromer, 8 proteins."
3769,9p3d,data/filtered/details/structures_files/pairwise/3769_9p3d_Q_R.pdb,data/filtered/details/structures_files/pymol/3769_9p3d_Q_R.py,,data/filtered/details/structures_files/assembly/3769_9p3d.pdb,"Heteromer, 22 proteins."
377,8vaa,data/filtered/details/structures_files/pairwise/377_8vaa_C_E.pdb,data/filtered/details/structures_files/pymol/377_8vaa_C_E.py,,data/filtered/details/structures_files/assembly/377_8vaa.pdb,"Heteromer, 20 proteins."
3770,9p3d,data/filtered/details/structures_files/pairwise/3770_9p3d_Q_S.pdb,data/filtered/details/structures_files/pymol/3770_9p3d_Q_S.py,,data/filtered/details/structures_files/assembly/3770_9p3d.pdb,"Heteromer, 22 proteins."
3771,9p3d,data/filtered/details/structures_files/pairwise/3771_9p3d_Q_c.pdb,data/filtered/details/structures_files/pymol/3771_9p3d_Q_c.py,,data/filtered/details/structures_files/assembly/3771_9p3d.pdb,"Heteromer, 22 proteins."
3772,9p3d,data/filtered/details/structures_files/pairwise/3772_9p3d_Q_d.pdb,data/filtered/details/structures_files/pymol/3772_9p3d_Q_d.py,,data/filtered/details/structures_files/assembly/3772_9p3d.pdb,"Heteromer, 22 proteins."
3780,5oof,data/filtered/details/structures_files/pairwise/3780_5oof_B_C.pdb,data/filtered/details/structures_files/pymol/3780_5oof_B_C.py,,data/filtered/details/structures_files/assembly/3780_5oof.pdb,"Homomer, 5 proteins."
3786,6m5g,data/filtered/details/structures_files/pairwise/3786_6m5g_D_E.pdb,data/filtered/details/structures_files/pymol/3786_6m5g_D_E.py,,data/filtered/details/structures_files/assembly/3786_6m5g.pdb,"Heteromer, 8 proteins."
3787,6m5g,data/filtered/details/structures_files/pairwise/3787_6m5g_D_F.pdb,data/filtered/details/structures_files/pymol/3787_6m5g_D_F.py,,data/filtered/details/structures_files/assembly/3787_6m5g.pdb,"Heteromer, 8 proteins."
3793,5oof,data/filtered/details/structures_files/pairwise/3793_5oof_A_B.pdb,data/filtered/details/structures_files/pymol/3793_5oof_A_B.py,,data/filtered/details/structures_files/assembly/3793_5oof.pdb,"Homomer, 5 proteins."
3794,5oof,data/filtered/details/structures_files/pairwise/3794_5oof_A_C.pdb,data/filtered/details/structures_files/pymol/3794_5oof_A_C.py,,data/filtered/details/structures_files/assembly/3794_5oof.pdb,"Homomer, 5 proteins."
3795,8vfm,data/filtered/details/structures_files/pairwise/3795_8vfm_W_B.pdb,data/filtered/details/structures_files/pymol/3795_8vfm_W_B.py,,data/filtered/details/structures_files/assembly/3795_8vfm.pdb,"Heteromer, 12 proteins."
380,8iah,data/filtered/details/structures_files/pairwise/380_8iah_D_5.pdb,data/filtered/details/structures_files/pymol/380_8iah_D_5.py,data/filtered/details/structures_files/assembly/380_8iah.cif,,"Heteromer, 36 proteins."
3800,6m5g,data/filtered/details/structures_files/pairwise/3800_6m5g_C_D.pdb,data/filtered/details/structures_files/pymol/3800_6m5g_C_D.py,,data/filtered/details/structures_files/assembly/3800_6m5g.pdb,"Heteromer, 8 proteins."
3801,6m5g,data/filtered/details/structures_files/pairwise/3801_6m5g_C_E.pdb,data/filtered/details/structures_files/pymol/3801_6m5g_C_E.py,,data/filtered/details/structures_files/assembly/3801_6m5g.pdb,"Heteromer, 8 proteins."
3802,6m5g,data/filtered/details/structures_files/pairwise/3802_6m5g_C_G.pdb,data/filtered/details/structures_files/pymol/3802_6m5g_C_G.py,,data/filtered/details/structures_files/assembly/3802_6m5g.pdb,"Heteromer, 8 proteins."
3803,6m5g,data/filtered/details/structures_files/pairwise/3803_6m5g_C_H.pdb,data/filtered/details/structures_files/pymol/3803_6m5g_C_H.py,,data/filtered/details/structures_files/assembly/3803_6m5g.pdb,"Heteromer, 8 proteins."
3806,8uz1,data/filtered/details/structures_files/pairwise/3806_8uz1_Q_R.pdb,data/filtered/details/structures_files/pymol/3806_8uz1_Q_R.py,,data/filtered/details/structures_files/assembly/3806_8uz1.pdb,"Homomer, 9 proteins."
3814,8dmy,data/filtered/details/structures_files/pairwise/3814_8dmy_C_D.pdb,data/filtered/details/structures_files/pymol/3814_8dmy_C_D.py,data/filtered/details/structures_files/assembly/3814_8dmy.cif,,"Homomer, 4 proteins."
3816,5oof,data/filtered/details/structures_files/pairwise/3816_5oof_E_C.pdb,data/filtered/details/structures_files/pymol/3816_5oof_E_C.py,,data/filtered/details/structures_files/assembly/3816_5oof.pdb,"Homomer, 5 proteins."
3817,8vfm,data/filtered/details/structures_files/pairwise/3817_8vfm_U_A.pdb,data/filtered/details/structures_files/pymol/3817_8vfm_U_A.py,,data/filtered/details/structures_files/assembly/3817_8vfm.pdb,"Heteromer, 12 proteins."
3818,8vfm,data/filtered/details/structures_files/pairwise/3818_8vfm_U_C.pdb,data/filtered/details/structures_files/pymol/3818_8vfm_U_C.py,,data/filtered/details/structures_files/assembly/3818_8vfm.pdb,"Heteromer, 12 proteins."
3824,6m5g,data/filtered/details/structures_files/pairwise/3824_6m5g_B_C.pdb,data/filtered/details/structures_files/pymol/3824_6m5g_B_C.py,,data/filtered/details/structures_files/assembly/3824_6m5g.pdb,"Heteromer, 8 proteins."
3825,6m5g,data/filtered/details/structures_files/pairwise/3825_6m5g_B_D.pdb,data/filtered/details/structures_files/pymol/3825_6m5g_B_D.py,,data/filtered/details/structures_files/assembly/3825_6m5g.pdb,"Heteromer, 8 proteins."
3826,6m5g,data/filtered/details/structures_files/pairwise/3826_6m5g_B_F.pdb,data/filtered/details/structures_files/pymol/3826_6m5g_B_F.py,,data/filtered/details/structures_files/assembly/3826_6m5g.pdb,"Heteromer, 8 proteins."
3829,8uz1,data/filtered/details/structures_files/pairwise/3829_8uz1_P_Q.pdb,data/filtered/details/structures_files/pymol/3829_8uz1_P_Q.py,,data/filtered/details/structures_files/assembly/3829_8uz1.pdb,"Homomer, 9 proteins."
383,8iah,data/filtered/details/structures_files/pairwise/383_8iah_D_E.pdb,data/filtered/details/structures_files/pymol/383_8iah_D_E.py,data/filtered/details/structures_files/assembly/383_8iah.cif,,"Heteromer, 36 proteins."
3830,8uz1,data/filtered/details/structures_files/pairwise/3830_8uz1_P_R.pdb,data/filtered/details/structures_files/pymol/3830_8uz1_P_R.py,,data/filtered/details/structures_files/assembly/3830_8uz1.pdb,"Homomer, 9 proteins."
3837,8dmy,data/filtered/details/structures_files/pairwise/3837_8dmy_B_C.pdb,data/filtered/details/structures_files/pymol/3837_8dmy_B_C.py,data/filtered/details/structures_files/assembly/3837_8dmy.cif,,"Homomer, 4 proteins."
3838,5oof,data/filtered/details/structures_files/pairwise/3838_5oof_D_E.pdb,data/filtered/details/structures_files/pymol/3838_5oof_D_E.py,,data/filtered/details/structures_files/assembly/3838_5oof.pdb,"Homomer, 5 proteins."
3839,5oof,data/filtered/details/structures_files/pairwise/3839_5oof_D_B.pdb,data/filtered/details/structures_files/pymol/3839_5oof_D_B.py,,data/filtered/details/structures_files/assembly/3839_5oof.pdb,"Homomer, 5 proteins."
384,8iah,data/filtered/details/structures_files/pairwise/384_8iah_D_F.pdb,data/filtered/details/structures_files/pymol/384_8iah_D_F.py,data/filtered/details/structures_files/assembly/384_8iah.cif,,"Heteromer, 36 proteins."
3840,5oof,data/filtered/details/structures_files/pairwise/3840_5oof_D_C.pdb,data/filtered/details/structures_files/pymol/3840_5oof_D_C.py,,data/filtered/details/structures_files/assembly/3840_5oof.pdb,"Homomer, 5 proteins."
3841,8vfm,data/filtered/details/structures_files/pairwise/3841_8vfm_S_A.pdb,data/filtered/details/structures_files/pymol/3841_8vfm_S_A.py,,data/filtered/details/structures_files/assembly/3841_8vfm.pdb,"Heteromer, 12 proteins."
3842,8vfm,data/filtered/details/structures_files/pairwise/3842_8vfm_S_C.pdb,data/filtered/details/structures_files/pymol/3842_8vfm_S_C.py,,data/filtered/details/structures_files/assembly/3842_8vfm.pdb,"Heteromer, 12 proteins."
3846,8vfm,data/filtered/details/structures_files/pairwise/3846_8vfm_S_U.pdb,data/filtered/details/structures_files/pymol/3846_8vfm_S_U.py,,data/filtered/details/structures_files/assembly/3846_8vfm.pdb,"Heteromer, 12 proteins."
3847,6m5g,data/filtered/details/structures_files/pairwise/3847_6m5g_A_B.pdb,data/filtered/details/structures_files/pymol/3847_6m5g_A_B.py,,data/filtered/details/structures_files/assembly/3847_6m5g.pdb,"Heteromer, 8 proteins."
3848,6m5g,data/filtered/details/structures_files/pairwise/3848_6m5g_A_C.pdb,data/filtered/details/structures_files/pymol/3848_6m5g_A_C.py,,data/filtered/details/structures_files/assembly/3848_6m5g.pdb,"Heteromer, 8 proteins."
3849,6m5g,data/filtered/details/structures_files/pairwise/3849_6m5g_A_G.pdb,data/filtered/details/structures_files/pymol/3849_6m5g_A_G.py,,data/filtered/details/structures_files/assembly/3849_6m5g.pdb,"Heteromer, 8 proteins."
385,8iah,data/filtered/details/structures_files/pairwise/385_8iah_D_N.pdb,data/filtered/details/structures_files/pymol/385_8iah_D_N.py,data/filtered/details/structures_files/assembly/385_8iah.cif,,"Heteromer, 36 proteins."
3852,8uz1,data/filtered/details/structures_files/pairwise/3852_8uz1_O_P.pdb,data/filtered/details/structures_files/pymol/3852_8uz1_O_P.py,,data/filtered/details/structures_files/assembly/3852_8uz1.pdb,"Homomer, 9 proteins."
3853,8uz1,data/filtered/details/structures_files/pairwise/3853_8uz1_O_Q.pdb,data/filtered/details/structures_files/pymol/3853_8uz1_O_Q.py,,data/filtered/details/structures_files/assembly/3853_8uz1.pdb,"Homomer, 9 proteins."
3855,8dmy,data/filtered/details/structures_files/pairwise/3855_8dmy_A_B.pdb,data/filtered/details/structures_files/pymol/3855_8dmy_A_B.py,data/filtered/details/structures_files/assembly/3855_8dmy.cif,,"Homomer, 4 proteins."
3856,8dmy,data/filtered/details/structures_files/pairwise/3856_8dmy_A_C.pdb,data/filtered/details/structures_files/pymol/3856_8dmy_A_C.py,data/filtered/details/structures_files/assembly/3856_8dmy.cif,,"Homomer, 4 proteins."
3857,8dmy,data/filtered/details/structures_files/pairwise/3857_8dmy_A_D.pdb,data/filtered/details/structures_files/pymol/3857_8dmy_A_D.py,data/filtered/details/structures_files/assembly/3857_8dmy.cif,,"Homomer, 4 proteins."
386,8iah,data/filtered/details/structures_files/pairwise/386_8iah_D_P.pdb,data/filtered/details/structures_files/pymol/386_8iah_D_P.py,data/filtered/details/structures_files/assembly/386_8iah.cif,,"Heteromer, 36 proteins."
3861,8vfm,data/filtered/details/structures_files/pairwise/3861_8vfm_R_I.pdb,data/filtered/details/structures_files/pymol/3861_8vfm_R_I.py,,data/filtered/details/structures_files/assembly/3861_8vfm.pdb,"Heteromer, 12 proteins."
3868,8uz1,data/filtered/details/structures_files/pairwise/3868_8uz1_N_O.pdb,data/filtered/details/structures_files/pymol/3868_8uz1_N_O.py,,data/filtered/details/structures_files/assembly/3868_8uz1.pdb,"Homomer, 9 proteins."
3869,8uz1,data/filtered/details/structures_files/pairwise/3869_8uz1_N_P.pdb,data/filtered/details/structures_files/pymol/3869_8uz1_N_P.py,,data/filtered/details/structures_files/assembly/3869_8uz1.pdb,"Homomer, 9 proteins."
3875,5ooe,data/filtered/details/structures_files/pairwise/3875_5ooe_E_D.pdb,data/filtered/details/structures_files/pymol/3875_5ooe_E_D.py,,data/filtered/details/structures_files/assembly/3875_5ooe.pdb,"Homomer, 5 proteins."
3876,8vfm,data/filtered/details/structures_files/pairwise/3876_8vfm_N_I.pdb,data/filtered/details/structures_files/pymol/3876_8vfm_N_I.py,,data/filtered/details/structures_files/assembly/3876_8vfm.pdb,"Heteromer, 12 proteins."
3878,8vfm,data/filtered/details/structures_files/pairwise/3878_8vfm_N_R.pdb,data/filtered/details/structures_files/pymol/3878_8vfm_N_R.py,,data/filtered/details/structures_files/assembly/3878_8vfm.pdb,"Heteromer, 12 proteins."
3879,8vfm,data/filtered/details/structures_files/pairwise/3879_8vfm_N_U.pdb,data/filtered/details/structures_files/pymol/3879_8vfm_N_U.py,,data/filtered/details/structures_files/assembly/3879_8vfm.pdb,"Heteromer, 12 proteins."
3882,6w17,data/filtered/details/structures_files/pairwise/3882_6w17_K_L.pdb,data/filtered/details/structures_files/pymol/3882_6w17_K_L.py,,data/filtered/details/structures_files/assembly/3882_6w17.pdb,"Heteromer, 12 proteins, 5 peptides."
3885,8uz1,data/filtered/details/structures_files/pairwise/3885_8uz1_M_N.pdb,data/filtered/details/structures_files/pymol/3885_8uz1_M_N.py,,data/filtered/details/structures_files/assembly/3885_8uz1.pdb,"Homomer, 9 proteins."
3886,8uz1,data/filtered/details/structures_files/pairwise/3886_8uz1_M_O.pdb,data/filtered/details/structures_files/pymol/3886_8uz1_M_O.py,,data/filtered/details/structures_files/assembly/3886_8uz1.pdb,"Homomer, 9 proteins."
3890,9c21,data/filtered/details/structures_files/pairwise/3890_9c21_E_F.pdb,data/filtered/details/structures_files/pymol/3890_9c21_E_F.py,,data/filtered/details/structures_files/assembly/3890_9c21.pdb,"Homomer, 6 proteins."
3893,9zbl,data/filtered/details/structures_files/pairwise/3893_9zbl_E_F.pdb,data/filtered/details/structures_files/pymol/3893_9zbl_E_F.py,,data/filtered/details/structures_files/assembly/3893_9zbl.pdb,"Heteromer, 10 proteins."
3896,8vfm,data/filtered/details/structures_files/pairwise/3896_8vfm_M_A.pdb,data/filtered/details/structures_files/pymol/3896_8vfm_M_A.py,,data/filtered/details/structures_files/assembly/3896_8vfm.pdb,"Heteromer, 12 proteins."
3897,8vfm,data/filtered/details/structures_files/pairwise/3897_8vfm_M_C.pdb,data/filtered/details/structures_files/pymol/3897_8vfm_M_C.py,,data/filtered/details/structures_files/assembly/3897_8vfm.pdb,"Heteromer, 12 proteins."
3899,8vfm,data/filtered/details/structures_files/pairwise/3899_8vfm_M_S.pdb,data/filtered/details/structures_files/pymol/3899_8vfm_M_S.py,,data/filtered/details/structures_files/assembly/3899_8vfm.pdb,"Heteromer, 12 proteins."
39,8c4e,data/filtered/details/structures_files/pairwise/39_8c4e_F_G.pdb,data/filtered/details/structures_files/pymol/39_8c4e_F_G.py,,data/filtered/details/structures_files/assembly/39_8c4e.pdb,"Heteromer, 12 proteins."
3900,8vfm,data/filtered/details/structures_files/pairwise/3900_8vfm_M_U.pdb,data/filtered/details/structures_files/pymol/3900_8vfm_M_U.py,,data/filtered/details/structures_files/assembly/3900_8vfm.pdb,"Heteromer, 12 proteins."
3901,8vfm,data/filtered/details/structures_files/pairwise/3901_8vfm_M_W.pdb,data/filtered/details/structures_files/pymol/3901_8vfm_M_W.py,,data/filtered/details/structures_files/assembly/3901_8vfm.pdb,"Heteromer, 12 proteins."
3902,6w17,data/filtered/details/structures_files/pairwise/3902_6w17_J_B.pdb,data/filtered/details/structures_files/pymol/3902_6w17_J_B.py,,data/filtered/details/structures_files/assembly/3902_6w17.pdb,"Heteromer, 12 proteins, 5 peptides."
3904,6w17,data/filtered/details/structures_files/pairwise/3904_6w17_J_K.pdb,data/filtered/details/structures_files/pymol/3904_6w17_J_K.py,,data/filtered/details/structures_files/assembly/3904_6w17.pdb,"Heteromer, 12 proteins, 5 peptides."
3905,6w17,data/filtered/details/structures_files/pairwise/3905_6w17_J_L.pdb,data/filtered/details/structures_files/pymol/3905_6w17_J_L.py,,data/filtered/details/structures_files/assembly/3905_6w17.pdb,"Heteromer, 12 proteins, 5 peptides."
3908,8uz1,data/filtered/details/structures_files/pairwise/3908_8uz1_L_M.pdb,data/filtered/details/structures_files/pymol/3908_8uz1_L_M.py,,data/filtered/details/structures_files/assembly/3908_8uz1.pdb,"Homomer, 9 proteins."
3909,8uz1,data/filtered/details/structures_files/pairwise/3909_8uz1_L_N.pdb,data/filtered/details/structures_files/pymol/3909_8uz1_L_N.py,,data/filtered/details/structures_files/assembly/3909_8uz1.pdb,"Homomer, 9 proteins."
3912,9c21,data/filtered/details/structures_files/pairwise/3912_9c21_D_E.pdb,data/filtered/details/structures_files/pymol/3912_9c21_D_E.py,,data/filtered/details/structures_files/assembly/3912_9c21.pdb,"Homomer, 6 proteins."
3915,9zbl,data/filtered/details/structures_files/pairwise/3915_9zbl_D_E.pdb,data/filtered/details/structures_files/pymol/3915_9zbl_D_E.py,,data/filtered/details/structures_files/assembly/3915_9zbl.pdb,"Heteromer, 10 proteins."
3916,9zbl,data/filtered/details/structures_files/pairwise/3916_9zbl_D_F.pdb,data/filtered/details/structures_files/pymol/3916_9zbl_D_F.py,,data/filtered/details/structures_files/assembly/3916_9zbl.pdb,"Heteromer, 10 proteins."
3918,5ooe,data/filtered/details/structures_files/pairwise/3918_5ooe_B_A.pdb,data/filtered/details/structures_files/pymol/3918_5ooe_B_A.py,,data/filtered/details/structures_files/assembly/3918_5ooe.pdb,"Homomer, 5 proteins."
3919,5ooe,data/filtered/details/structures_files/pairwise/3919_5ooe_B_D.pdb,data/filtered/details/structures_files/pymol/3919_5ooe_B_D.py,,data/filtered/details/structures_files/assembly/3919_5ooe.pdb,"Homomer, 5 proteins."
3920,8vfm,data/filtered/details/structures_files/pairwise/3920_8vfm_L_A.pdb,data/filtered/details/structures_files/pymol/3920_8vfm_L_A.py,,data/filtered/details/structures_files/assembly/3920_8vfm.pdb,"Heteromer, 12 proteins."
3921,8vfm,data/filtered/details/structures_files/pairwise/3921_8vfm_L_I.pdb,data/filtered/details/structures_files/pymol/3921_8vfm_L_I.py,,data/filtered/details/structures_files/assembly/3921_8vfm.pdb,"Heteromer, 12 proteins."
3922,8vfm,data/filtered/details/structures_files/pairwise/3922_8vfm_L_N.pdb,data/filtered/details/structures_files/pymol/3922_8vfm_L_N.py,,data/filtered/details/structures_files/assembly/3922_8vfm.pdb,"Heteromer, 12 proteins."
3923,8vfm,data/filtered/details/structures_files/pairwise/3923_8vfm_L_R.pdb,data/filtered/details/structures_files/pymol/3923_8vfm_L_R.py,,data/filtered/details/structures_files/assembly/3923_8vfm.pdb,"Heteromer, 12 proteins."
3924,8vfm,data/filtered/details/structures_files/pairwise/3924_8vfm_L_S.pdb,data/filtered/details/structures_files/pymol/3924_8vfm_L_S.py,,data/filtered/details/structures_files/assembly/3924_8vfm.pdb,"Heteromer, 12 proteins."
3925,8vfm,data/filtered/details/structures_files/pairwise/3925_8vfm_L_U.pdb,data/filtered/details/structures_files/pymol/3925_8vfm_L_U.py,,data/filtered/details/structures_files/assembly/3925_8vfm.pdb,"Heteromer, 12 proteins."
3926,6w17,data/filtered/details/structures_files/pairwise/3926_6w17_I_A.pdb,data/filtered/details/structures_files/pymol/3926_6w17_I_A.py,,data/filtered/details/structures_files/assembly/3926_6w17.pdb,"Heteromer, 12 proteins, 5 peptides."
3927,6w17,data/filtered/details/structures_files/pairwise/3927_6w17_I_B.pdb,data/filtered/details/structures_files/pymol/3927_6w17_I_B.py,,data/filtered/details/structures_files/assembly/3927_6w17.pdb,"Heteromer, 12 proteins, 5 peptides."
3928,6w17,data/filtered/details/structures_files/pairwise/3928_6w17_I_J.pdb,data/filtered/details/structures_files/pymol/3928_6w17_I_J.py,,data/filtered/details/structures_files/assembly/3928_6w17.pdb,"Heteromer, 12 proteins, 5 peptides."
3929,6w17,data/filtered/details/structures_files/pairwise/3929_6w17_I_K.pdb,data/filtered/details/structures_files/pymol/3929_6w17_I_K.py,,data/filtered/details/structures_files/assembly/3929_6w17.pdb,"Heteromer, 12 proteins, 5 peptides."
3931,8uz1,data/filtered/details/structures_files/pairwise/3931_8uz1_K_L.pdb,data/filtered/details/structures_files/pymol/3931_8uz1_K_L.py,,data/filtered/details/structures_files/assembly/3931_8uz1.pdb,"Homomer, 9 proteins."
3932,8uz1,data/filtered/details/structures_files/pairwise/3932_8uz1_K_M.pdb,data/filtered/details/structures_files/pymol/3932_8uz1_K_M.py,,data/filtered/details/structures_files/assembly/3932_8uz1.pdb,"Homomer, 9 proteins."
3934,9c21,data/filtered/details/structures_files/pairwise/3934_9c21_C_E.pdb,data/filtered/details/structures_files/pymol/3934_9c21_C_E.py,,data/filtered/details/structures_files/assembly/3934_9c21.pdb,"Homomer, 6 proteins."
3935,9c21,data/filtered/details/structures_files/pairwise/3935_9c21_C_F.pdb,data/filtered/details/structures_files/pymol/3935_9c21_C_F.py,,data/filtered/details/structures_files/assembly/3935_9c21.pdb,"Homomer, 6 proteins."
3938,9zbl,data/filtered/details/structures_files/pairwise/3938_9zbl_C_D.pdb,data/filtered/details/structures_files/pymol/3938_9zbl_C_D.py,,data/filtered/details/structures_files/assembly/3938_9zbl.pdb,"Heteromer, 10 proteins."
3939,9zbl,data/filtered/details/structures_files/pairwise/3939_9zbl_C_E.pdb,data/filtered/details/structures_files/pymol/3939_9zbl_C_E.py,,data/filtered/details/structures_files/assembly/3939_9zbl.pdb,"Heteromer, 10 proteins."
394,8f8t,data/filtered/details/structures_files/pairwise/394_8f8t_F_G.pdb,data/filtered/details/structures_files/pymol/394_8f8t_F_G.py,data/filtered/details/structures_files/assembly/394_8f8t.cif,,"Heteromer, 8 proteins."
3940,5ooe,data/filtered/details/structures_files/pairwise/3940_5ooe_C_B.pdb,data/filtered/details/structures_files/pymol/3940_5ooe_C_B.py,,data/filtered/details/structures_files/assembly/3940_5ooe.pdb,"Homomer, 5 proteins."
3941,5ooe,data/filtered/details/structures_files/pairwise/3941_5ooe_C_A.pdb,data/filtered/details/structures_files/pymol/3941_5ooe_C_A.py,,data/filtered/details/structures_files/assembly/3941_5ooe.pdb,"Homomer, 5 proteins."
3942,5ooe,data/filtered/details/structures_files/pairwise/3942_5ooe_C_E.pdb,data/filtered/details/structures_files/pymol/3942_5ooe_C_E.py,,data/filtered/details/structures_files/assembly/3942_5ooe.pdb,"Homomer, 5 proteins."
3943,5ooe,data/filtered/details/structures_files/pairwise/3943_5ooe_C_D.pdb,data/filtered/details/structures_files/pymol/3943_5ooe_C_D.py,,data/filtered/details/structures_files/assembly/3943_5ooe.pdb,"Homomer, 5 proteins."
3944,8vfm,data/filtered/details/structures_files/pairwise/3944_8vfm_J_B.pdb,data/filtered/details/structures_files/pymol/3944_8vfm_J_B.py,,data/filtered/details/structures_files/assembly/3944_8vfm.pdb,"Heteromer, 12 proteins."
3945,8vfm,data/filtered/details/structures_files/pairwise/3945_8vfm_J_C.pdb,data/filtered/details/structures_files/pymol/3945_8vfm_J_C.py,,data/filtered/details/structures_files/assembly/3945_8vfm.pdb,"Heteromer, 12 proteins."
3946,8vfm,data/filtered/details/structures_files/pairwise/3946_8vfm_J_M.pdb,data/filtered/details/structures_files/pymol/3946_8vfm_J_M.py,,data/filtered/details/structures_files/assembly/3946_8vfm.pdb,"Heteromer, 12 proteins."
3947,8vfm,data/filtered/details/structures_files/pairwise/3947_8vfm_J_S.pdb,data/filtered/details/structures_files/pymol/3947_8vfm_J_S.py,,data/filtered/details/structures_files/assembly/3947_8vfm.pdb,"Heteromer, 12 proteins."
3948,8vfm,data/filtered/details/structures_files/pairwise/3948_8vfm_J_W.pdb,data/filtered/details/structures_files/pymol/3948_8vfm_J_W.py,,data/filtered/details/structures_files/assembly/3948_8vfm.pdb,"Heteromer, 12 proteins."
3953,6wvt,data/filtered/details/structures_files/pairwise/3953_6wvt_I_N.pdb,data/filtered/details/structures_files/pymol/3953_6wvt_I_N.py,,data/filtered/details/structures_files/assembly/3953_6wvt.pdb,"Heteromer, 12 proteins."
3954,6wvt,data/filtered/details/structures_files/pairwise/3954_6wvt_I_X.pdb,data/filtered/details/structures_files/pymol/3954_6wvt_I_X.py,,data/filtered/details/structures_files/assembly/3954_6wvt.pdb,"Heteromer, 12 proteins."
3955,8uz1,data/filtered/details/structures_files/pairwise/3955_8uz1_J_K.pdb,data/filtered/details/structures_files/pymol/3955_8uz1_J_K.py,,data/filtered/details/structures_files/assembly/3955_8uz1.pdb,"Homomer, 9 proteins."
3956,8uz1,data/filtered/details/structures_files/pairwise/3956_8uz1_J_L.pdb,data/filtered/details/structures_files/pymol/3956_8uz1_J_L.py,,data/filtered/details/structures_files/assembly/3956_8uz1.pdb,"Homomer, 9 proteins."
3958,9c21,data/filtered/details/structures_files/pairwise/3958_9c21_B_C.pdb,data/filtered/details/structures_files/pymol/3958_9c21_B_C.py,,data/filtered/details/structures_files/assembly/3958_9c21.pdb,"Homomer, 6 proteins."
3959,9c21,data/filtered/details/structures_files/pairwise/3959_9c21_B_D.pdb,data/filtered/details/structures_files/pymol/3959_9c21_B_D.py,,data/filtered/details/structures_files/assembly/3959_9c21.pdb,"Homomer, 6 proteins."
3960,9c21,data/filtered/details/structures_files/pairwise/3960_9c21_B_E.pdb,data/filtered/details/structures_files/pymol/3960_9c21_B_E.py,,data/filtered/details/structures_files/assembly/3960_9c21.pdb,"Homomer, 6 proteins."
3962,9zbl,data/filtered/details/structures_files/pairwise/3962_9zbl_B_C.pdb,data/filtered/details/structures_files/pymol/3962_9zbl_B_C.py,,data/filtered/details/structures_files/assembly/3962_9zbl.pdb,"Heteromer, 10 proteins."
3963,9zbl,data/filtered/details/structures_files/pairwise/3963_9zbl_B_D.pdb,data/filtered/details/structures_files/pymol/3963_9zbl_B_D.py,,data/filtered/details/structures_files/assembly/3963_9zbl.pdb,"Heteromer, 10 proteins."
397,6vau,data/filtered/details/structures_files/pairwise/397_6vau_C_B.pdb,data/filtered/details/structures_files/pymol/397_6vau_C_B.py,,data/filtered/details/structures_files/assembly/397_6vau.pdb,"Homomer, 5 proteins."
3970,6wvt,data/filtered/details/structures_files/pairwise/3970_6wvt_H_I.pdb,data/filtered/details/structures_files/pymol/3970_6wvt_H_I.py,,data/filtered/details/structures_files/assembly/3970_6wvt.pdb,"Heteromer, 12 proteins."
3971,6wvt,data/filtered/details/structures_files/pairwise/3971_6wvt_H_Q.pdb,data/filtered/details/structures_files/pymol/3971_6wvt_H_Q.py,,data/filtered/details/structures_files/assembly/3971_6wvt.pdb,"Heteromer, 12 proteins."
3972,6wvt,data/filtered/details/structures_files/pairwise/3972_6wvt_H_X.pdb,data/filtered/details/structures_files/pymol/3972_6wvt_H_X.py,,data/filtered/details/structures_files/assembly/3972_6wvt.pdb,"Heteromer, 12 proteins."
3975,9c21,data/filtered/details/structures_files/pairwise/3975_9c21_A_B.pdb,data/filtered/details/structures_files/pymol/3975_9c21_A_B.py,,data/filtered/details/structures_files/assembly/3975_9c21.pdb,"Homomer, 6 proteins."
3976,9c21,data/filtered/details/structures_files/pairwise/3976_9c21_A_D.pdb,data/filtered/details/structures_files/pymol/3976_9c21_A_D.py,,data/filtered/details/structures_files/assembly/3976_9c21.pdb,"Homomer, 6 proteins."
3977,9zbl,data/filtered/details/structures_files/pairwise/3977_9zbl_A_B.pdb,data/filtered/details/structures_files/pymol/3977_9zbl_A_B.py,,data/filtered/details/structures_files/assembly/3977_9zbl.pdb,"Heteromer, 10 proteins."
3978,9zbl,data/filtered/details/structures_files/pairwise/3978_9zbl_A_C.pdb,data/filtered/details/structures_files/pymol/3978_9zbl_A_C.py,,data/filtered/details/structures_files/assembly/3978_9zbl.pdb,"Heteromer, 10 proteins."
3981,5ood,data/filtered/details/structures_files/pairwise/3981_5ood_D_E.pdb,data/filtered/details/structures_files/pymol/3981_5ood_D_E.py,,data/filtered/details/structures_files/assembly/3981_5ood.pdb,"Homomer, 5 proteins."
3985,6wvt,data/filtered/details/structures_files/pairwise/3985_6wvt_F_H.pdb,data/filtered/details/structures_files/pymol/3985_6wvt_F_H.py,,data/filtered/details/structures_files/assembly/3985_6wvt.pdb,"Heteromer, 12 proteins."
3986,6wvt,data/filtered/details/structures_files/pairwise/3986_6wvt_F_O.pdb,data/filtered/details/structures_files/pymol/3986_6wvt_F_O.py,,data/filtered/details/structures_files/assembly/3986_6wvt.pdb,"Heteromer, 12 proteins."
3989,8uz0,data/filtered/details/structures_files/pairwise/3989_8uz0_Q_R.pdb,data/filtered/details/structures_files/pymol/3989_8uz0_Q_R.py,,data/filtered/details/structures_files/assembly/3989_8uz0.pdb,"Homomer, 9 proteins."
399,8vaa,data/filtered/details/structures_files/pairwise/399_8vaa_B_C.pdb,data/filtered/details/structures_files/pymol/399_8vaa_B_C.py,,data/filtered/details/structures_files/assembly/399_8vaa.pdb,"Heteromer, 20 proteins."
3996,9e2e,data/filtered/details/structures_files/pairwise/3996_9e2e_F_L.pdb,data/filtered/details/structures_files/pymol/3996_9e2e_F_L.py,,data/filtered/details/structures_files/assembly/3996_9e2e.pdb,"Heteromer, 16 proteins."
4,8iai,data/filtered/details/structures_files/pairwise/4_8iai_H_I.pdb,data/filtered/details/structures_files/pymol/4_8iai_H_I.py,data/filtered/details/structures_files/assembly/4_8iai.cif,,"Heteromer, 31 proteins."
40,8c4e,data/filtered/details/structures_files/pairwise/40_8c4e_F_H.pdb,data/filtered/details/structures_files/pymol/40_8c4e_F_H.py,,data/filtered/details/structures_files/assembly/40_8c4e.pdb,"Heteromer, 12 proteins."
400,8vaa,data/filtered/details/structures_files/pairwise/400_8vaa_B_D.pdb,data/filtered/details/structures_files/pymol/400_8vaa_B_D.py,,data/filtered/details/structures_files/assembly/400_8vaa.pdb,"Heteromer, 20 proteins."
4002,6wvt,data/filtered/details/structures_files/pairwise/4002_6wvt_E_F.pdb,data/filtered/details/structures_files/pymol/4002_6wvt_E_F.py,,data/filtered/details/structures_files/assembly/4002_6wvt.pdb,"Heteromer, 12 proteins."
4003,6wvt,data/filtered/details/structures_files/pairwise/4003_6wvt_E_H.pdb,data/filtered/details/structures_files/pymol/4003_6wvt_E_H.py,,data/filtered/details/structures_files/assembly/4003_6wvt.pdb,"Heteromer, 12 proteins."
4004,6wvt,data/filtered/details/structures_files/pairwise/4004_6wvt_E_I.pdb,data/filtered/details/structures_files/pymol/4004_6wvt_E_I.py,,data/filtered/details/structures_files/assembly/4004_6wvt.pdb,"Heteromer, 12 proteins."
4005,6wvt,data/filtered/details/structures_files/pairwise/4005_6wvt_E_K.pdb,data/filtered/details/structures_files/pymol/4005_6wvt_E_K.py,,data/filtered/details/structures_files/assembly/4005_6wvt.pdb,"Heteromer, 12 proteins."
4006,6wvt,data/filtered/details/structures_files/pairwise/4006_6wvt_E_O.pdb,data/filtered/details/structures_files/pymol/4006_6wvt_E_O.py,,data/filtered/details/structures_files/assembly/4006_6wvt.pdb,"Heteromer, 12 proteins."
4009,8uz0,data/filtered/details/structures_files/pairwise/4009_8uz0_P_Q.pdb,data/filtered/details/structures_files/pymol/4009_8uz0_P_Q.py,,data/filtered/details/structures_files/assembly/4009_8uz0.pdb,"Homomer, 9 proteins."
4010,8uz0,data/filtered/details/structures_files/pairwise/4010_8uz0_P_R.pdb,data/filtered/details/structures_files/pymol/4010_8uz0_P_R.py,,data/filtered/details/structures_files/assembly/4010_8uz0.pdb,"Homomer, 9 proteins."
4017,9e2e,data/filtered/details/structures_files/pairwise/4017_9e2e_E_F.pdb,data/filtered/details/structures_files/pymol/4017_9e2e_E_F.py,,data/filtered/details/structures_files/assembly/4017_9e2e.pdb,"Heteromer, 16 proteins."
4018,9e2e,data/filtered/details/structures_files/pairwise/4018_9e2e_E_G.pdb,data/filtered/details/structures_files/pymol/4018_9e2e_E_G.py,,data/filtered/details/structures_files/assembly/4018_9e2e.pdb,"Heteromer, 16 proteins."
402,8iah,data/filtered/details/structures_files/pairwise/402_8iah_C_5.pdb,data/filtered/details/structures_files/pymol/402_8iah_C_5.py,data/filtered/details/structures_files/assembly/402_8iah.cif,,"Heteromer, 36 proteins."
4020,5ood,data/filtered/details/structures_files/pairwise/4020_5ood_C_A.pdb,data/filtered/details/structures_files/pymol/4020_5ood_C_A.py,,data/filtered/details/structures_files/assembly/4020_5ood.pdb,"Homomer, 5 proteins."
4021,5ood,data/filtered/details/structures_files/pairwise/4021_5ood_C_D.pdb,data/filtered/details/structures_files/pymol/4021_5ood_C_D.py,,data/filtered/details/structures_files/assembly/4021_5ood.pdb,"Homomer, 5 proteins."
4022,5ood,data/filtered/details/structures_files/pairwise/4022_5ood_C_E.pdb,data/filtered/details/structures_files/pymol/4022_5ood_C_E.py,,data/filtered/details/structures_files/assembly/4022_5ood.pdb,"Homomer, 5 proteins."
4026,6wvt,data/filtered/details/structures_files/pairwise/4026_6wvt_D_E.pdb,data/filtered/details/structures_files/pymol/4026_6wvt_D_E.py,,data/filtered/details/structures_files/assembly/4026_6wvt.pdb,"Heteromer, 12 proteins."
4027,6wvt,data/filtered/details/structures_files/pairwise/4027_6wvt_D_I.pdb,data/filtered/details/structures_files/pymol/4027_6wvt_D_I.py,,data/filtered/details/structures_files/assembly/4027_6wvt.pdb,"Heteromer, 12 proteins."
4028,6wvt,data/filtered/details/structures_files/pairwise/4028_6wvt_D_K.pdb,data/filtered/details/structures_files/pymol/4028_6wvt_D_K.py,,data/filtered/details/structures_files/assembly/4028_6wvt.pdb,"Heteromer, 12 proteins."
4029,6wvt,data/filtered/details/structures_files/pairwise/4029_6wvt_D_L.pdb,data/filtered/details/structures_files/pymol/4029_6wvt_D_L.py,,data/filtered/details/structures_files/assembly/4029_6wvt.pdb,"Heteromer, 12 proteins."
4032,8uz0,data/filtered/details/structures_files/pairwise/4032_8uz0_O_P.pdb,data/filtered/details/structures_files/pymol/4032_8uz0_O_P.py,,data/filtered/details/structures_files/assembly/4032_8uz0.pdb,"Homomer, 9 proteins."
4033,8uz0,data/filtered/details/structures_files/pairwise/4033_8uz0_O_Q.pdb,data/filtered/details/structures_files/pymol/4033_8uz0_O_Q.py,,data/filtered/details/structures_files/assembly/4033_8uz0.pdb,"Homomer, 9 proteins."
4040,9e2e,data/filtered/details/structures_files/pairwise/4040_9e2e_D_E.pdb,data/filtered/details/structures_files/pymol/4040_9e2e_D_E.py,,data/filtered/details/structures_files/assembly/4040_9e2e.pdb,"Heteromer, 16 proteins."
4041,9e2e,data/filtered/details/structures_files/pairwise/4041_9e2e_D_F.pdb,data/filtered/details/structures_files/pymol/4041_9e2e_D_F.py,,data/filtered/details/structures_files/assembly/4041_9e2e.pdb,"Heteromer, 16 proteins."
4042,9e2e,data/filtered/details/structures_files/pairwise/4042_9e2e_D_L.pdb,data/filtered/details/structures_files/pymol/4042_9e2e_D_L.py,,data/filtered/details/structures_files/assembly/4042_9e2e.pdb,"Heteromer, 16 proteins."
4043,9e2e,data/filtered/details/structures_files/pairwise/4043_9e2e_D_O.pdb,data/filtered/details/structures_files/pymol/4043_9e2e_D_O.py,,data/filtered/details/structures_files/assembly/4043_9e2e.pdb,"Heteromer, 16 proteins."
4044,9e2e,data/filtered/details/structures_files/pairwise/4044_9e2e_D_P.pdb,data/filtered/details/structures_files/pymol/4044_9e2e_D_P.py,,data/filtered/details/structures_files/assembly/4044_9e2e.pdb,"Heteromer, 16 proteins."
4045,5ood,data/filtered/details/structures_files/pairwise/4045_5ood_B_C.pdb,data/filtered/details/structures_files/pymol/4045_5ood_B_C.py,,data/filtered/details/structures_files/assembly/4045_5ood.pdb,"Homomer, 5 proteins."
4046,5ood,data/filtered/details/structures_files/pairwise/4046_5ood_B_A.pdb,data/filtered/details/structures_files/pymol/4046_5ood_B_A.py,,data/filtered/details/structures_files/assembly/4046_5ood.pdb,"Homomer, 5 proteins."
4047,5ood,data/filtered/details/structures_files/pairwise/4047_5ood_B_D.pdb,data/filtered/details/structures_files/pymol/4047_5ood_B_D.py,,data/filtered/details/structures_files/assembly/4047_5ood.pdb,"Homomer, 5 proteins."
405,8iah,data/filtered/details/structures_files/pairwise/405_8iah_C_D.pdb,data/filtered/details/structures_files/pymol/405_8iah_C_D.py,data/filtered/details/structures_files/assembly/405_8iah.cif,,"Heteromer, 36 proteins."
4050,6wvt,data/filtered/details/structures_files/pairwise/4050_6wvt_B_D.pdb,data/filtered/details/structures_files/pymol/4050_6wvt_B_D.py,,data/filtered/details/structures_files/assembly/4050_6wvt.pdb,"Heteromer, 12 proteins."
4051,6wvt,data/filtered/details/structures_files/pairwise/4051_6wvt_B_I.pdb,data/filtered/details/structures_files/pymol/4051_6wvt_B_I.py,,data/filtered/details/structures_files/assembly/4051_6wvt.pdb,"Heteromer, 12 proteins."
4052,6wvt,data/filtered/details/structures_files/pairwise/4052_6wvt_B_N.pdb,data/filtered/details/structures_files/pymol/4052_6wvt_B_N.py,,data/filtered/details/structures_files/assembly/4052_6wvt.pdb,"Heteromer, 12 proteins."
4055,8uz0,data/filtered/details/structures_files/pairwise/4055_8uz0_N_O.pdb,data/filtered/details/structures_files/pymol/4055_8uz0_N_O.py,,data/filtered/details/structures_files/assembly/4055_8uz0.pdb,"Homomer, 9 proteins."
4056,8uz0,data/filtered/details/structures_files/pairwise/4056_8uz0_N_P.pdb,data/filtered/details/structures_files/pymol/4056_8uz0_N_P.py,,data/filtered/details/structures_files/assembly/4056_8uz0.pdb,"Homomer, 9 proteins."
406,8iah,data/filtered/details/structures_files/pairwise/406_8iah_C_E.pdb,data/filtered/details/structures_files/pymol/406_8iah_C_E.py,data/filtered/details/structures_files/assembly/406_8iah.cif,,"Heteromer, 36 proteins."
4060,9e2e,data/filtered/details/structures_files/pairwise/4060_9e2e_C_D.pdb,data/filtered/details/structures_files/pymol/4060_9e2e_C_D.py,,data/filtered/details/structures_files/assembly/4060_9e2e.pdb,"Heteromer, 16 proteins."
4061,9e2e,data/filtered/details/structures_files/pairwise/4061_9e2e_C_E.pdb,data/filtered/details/structures_files/pymol/4061_9e2e_C_E.py,,data/filtered/details/structures_files/assembly/4061_9e2e.pdb,"Heteromer, 16 proteins."
4062,9e2e,data/filtered/details/structures_files/pairwise/4062_9e2e_C_G.pdb,data/filtered/details/structures_files/pymol/4062_9e2e_C_G.py,,data/filtered/details/structures_files/assembly/4062_9e2e.pdb,"Heteromer, 16 proteins."
4063,9e2e,data/filtered/details/structures_files/pairwise/4063_9e2e_C_J.pdb,data/filtered/details/structures_files/pymol/4063_9e2e_C_J.py,,data/filtered/details/structures_files/assembly/4063_9e2e.pdb,"Heteromer, 16 proteins."
4064,9e2e,data/filtered/details/structures_files/pairwise/4064_9e2e_C_K.pdb,data/filtered/details/structures_files/pymol/4064_9e2e_C_K.py,,data/filtered/details/structures_files/assembly/4064_9e2e.pdb,"Heteromer, 16 proteins."
407,8iah,data/filtered/details/structures_files/pairwise/407_8iah_C_M.pdb,data/filtered/details/structures_files/pymol/407_8iah_C_M.py,data/filtered/details/structures_files/assembly/407_8iah.cif,,"Heteromer, 36 proteins."
4075,8uz0,data/filtered/details/structures_files/pairwise/4075_8uz0_M_N.pdb,data/filtered/details/structures_files/pymol/4075_8uz0_M_N.py,,data/filtered/details/structures_files/assembly/4075_8uz0.pdb,"Homomer, 9 proteins."
4076,8uz0,data/filtered/details/structures_files/pairwise/4076_8uz0_M_O.pdb,data/filtered/details/structures_files/pymol/4076_8uz0_M_O.py,,data/filtered/details/structures_files/assembly/4076_8uz0.pdb,"Homomer, 9 proteins."
408,8iah,data/filtered/details/structures_files/pairwise/408_8iah_C_O.pdb,data/filtered/details/structures_files/pymol/408_8iah_C_O.py,data/filtered/details/structures_files/assembly/408_8iah.cif,,"Heteromer, 36 proteins."
4082,9e2e,data/filtered/details/structures_files/pairwise/4082_9e2e_B_C.pdb,data/filtered/details/structures_files/pymol/4082_9e2e_B_C.py,,data/filtered/details/structures_files/assembly/4082_9e2e.pdb,"Heteromer, 16 proteins."
4083,9e2e,data/filtered/details/structures_files/pairwise/4083_9e2e_B_D.pdb,data/filtered/details/structures_files/pymol/4083_9e2e_B_D.py,,data/filtered/details/structures_files/assembly/4083_9e2e.pdb,"Heteromer, 16 proteins."
4084,9e2e,data/filtered/details/structures_files/pairwise/4084_9e2e_B_N.pdb,data/filtered/details/structures_files/pymol/4084_9e2e_B_N.py,,data/filtered/details/structures_files/assembly/4084_9e2e.pdb,"Heteromer, 16 proteins."
4085,9e2e,data/filtered/details/structures_files/pairwise/4085_9e2e_B_P.pdb,data/filtered/details/structures_files/pymol/4085_9e2e_B_P.py,,data/filtered/details/structures_files/assembly/4085_9e2e.pdb,"Heteromer, 16 proteins."
4087,5ooc,data/filtered/details/structures_files/pairwise/4087_5ooc_E_D.pdb,data/filtered/details/structures_files/pymol/4087_5ooc_E_D.py,,data/filtered/details/structures_files/assembly/4087_5ooc.pdb,"Homomer, 5 proteins."
409,8iah,data/filtered/details/structures_files/pairwise/409_8iah_C_Y.pdb,data/filtered/details/structures_files/pymol/409_8iah_C_Y.py,data/filtered/details/structures_files/assembly/409_8iah.cif,,"Heteromer, 36 proteins."
4097,8uz0,data/filtered/details/structures_files/pairwise/4097_8uz0_L_M.pdb,data/filtered/details/structures_files/pymol/4097_8uz0_L_M.py,,data/filtered/details/structures_files/assembly/4097_8uz0.pdb,"Homomer, 9 proteins."
4098,8uz0,data/filtered/details/structures_files/pairwise/4098_8uz0_L_N.pdb,data/filtered/details/structures_files/pymol/4098_8uz0_L_N.py,,data/filtered/details/structures_files/assembly/4098_8uz0.pdb,"Homomer, 9 proteins."
41,8c4e,data/filtered/details/structures_files/pairwise/41_8c4e_F_K.pdb,data/filtered/details/structures_files/pymol/41_8c4e_F_K.py,,data/filtered/details/structures_files/assembly/41_8c4e.pdb,"Heteromer, 12 proteins."
4102,9e2e,data/filtered/details/structures_files/pairwise/4102_9e2e_A_B.pdb,data/filtered/details/structures_files/pymol/4102_9e2e_A_B.py,,data/filtered/details/structures_files/assembly/4102_9e2e.pdb,"Heteromer, 16 proteins."
4103,9e2e,data/filtered/details/structures_files/pairwise/4103_9e2e_A_C.pdb,data/filtered/details/structures_files/pymol/4103_9e2e_A_C.py,,data/filtered/details/structures_files/assembly/4103_9e2e.pdb,"Heteromer, 16 proteins."
4104,9e2e,data/filtered/details/structures_files/pairwise/4104_9e2e_A_K.pdb,data/filtered/details/structures_files/pymol/4104_9e2e_A_K.py,,data/filtered/details/structures_files/assembly/4104_9e2e.pdb,"Heteromer, 16 proteins."
4107,5ooc,data/filtered/details/structures_files/pairwise/4107_5ooc_B_D.pdb,data/filtered/details/structures_files/pymol/4107_5ooc_B_D.py,,data/filtered/details/structures_files/assembly/4107_5ooc.pdb,"Homomer, 5 proteins."
4110,8pvx,data/filtered/details/structures_files/pairwise/4110_8pvx_D_B.pdb,data/filtered/details/structures_files/pymol/4110_8pvx_D_B.py,,data/filtered/details/structures_files/assembly/4110_8pvx.pdb,"Heteromer, 5 proteins, 5 peptides."
4113,6vec,data/filtered/details/structures_files/pairwise/4113_6vec_K_k.pdb,data/filtered/details/structures_files/pymol/4113_6vec_K_k.py,,data/filtered/details/structures_files/assembly/4113_6vec.pdb,"Heteromer, 22 proteins."
4115,8uz0,data/filtered/details/structures_files/pairwise/4115_8uz0_K_L.pdb,data/filtered/details/structures_files/pymol/4115_8uz0_K_L.py,,data/filtered/details/structures_files/assembly/4115_8uz0.pdb,"Homomer, 9 proteins."
4116,8uz0,data/filtered/details/structures_files/pairwise/4116_8uz0_K_M.pdb,data/filtered/details/structures_files/pymol/4116_8uz0_K_M.py,,data/filtered/details/structures_files/assembly/4116_8uz0.pdb,"Homomer, 9 proteins."
412,9gob,data/filtered/details/structures_files/pairwise/412_9gob_B_D.pdb,data/filtered/details/structures_files/pymol/412_9gob_B_D.py,,data/filtered/details/structures_files/assembly/412_9gob.pdb,"Heteromer, 6 proteins."
4121,5ooc,data/filtered/details/structures_files/pairwise/4121_5ooc_C_B.pdb,data/filtered/details/structures_files/pymol/4121_5ooc_C_B.py,,data/filtered/details/structures_files/assembly/4121_5ooc.pdb,"Homomer, 5 proteins."
4122,5ooc,data/filtered/details/structures_files/pairwise/4122_5ooc_C_E.pdb,data/filtered/details/structures_files/pymol/4122_5ooc_C_E.py,,data/filtered/details/structures_files/assembly/4122_5ooc.pdb,"Homomer, 5 proteins."
4123,5ooc,data/filtered/details/structures_files/pairwise/4123_5ooc_C_D.pdb,data/filtered/details/structures_files/pymol/4123_5ooc_C_D.py,,data/filtered/details/structures_files/assembly/4123_5ooc.pdb,"Homomer, 5 proteins."
4125,8pvx,data/filtered/details/structures_files/pairwise/4125_8pvx_A_B.pdb,data/filtered/details/structures_files/pymol/4125_8pvx_A_B.py,,data/filtered/details/structures_files/assembly/4125_8pvx.pdb,"Heteromer, 5 proteins, 5 peptides."
4128,6vec,data/filtered/details/structures_files/pairwise/4128_6vec_J_f.pdb,data/filtered/details/structures_files/pymol/4128_6vec_J_f.py,,data/filtered/details/structures_files/assembly/4128_6vec.pdb,"Heteromer, 22 proteins."
4129,6vec,data/filtered/details/structures_files/pairwise/4129_6vec_J_j.pdb,data/filtered/details/structures_files/pymol/4129_6vec_J_j.py,,data/filtered/details/structures_files/assembly/4129_6vec.pdb,"Heteromer, 22 proteins."
4130,8uz0,data/filtered/details/structures_files/pairwise/4130_8uz0_J_K.pdb,data/filtered/details/structures_files/pymol/4130_8uz0_J_K.py,,data/filtered/details/structures_files/assembly/4130_8uz0.pdb,"Homomer, 9 proteins."
4131,8uz0,data/filtered/details/structures_files/pairwise/4131_8uz0_J_L.pdb,data/filtered/details/structures_files/pymol/4131_8uz0_J_L.py,,data/filtered/details/structures_files/assembly/4131_8uz0.pdb,"Homomer, 9 proteins."
4137,5ooc,data/filtered/details/structures_files/pairwise/4137_5ooc_A_C.pdb,data/filtered/details/structures_files/pymol/4137_5ooc_A_C.py,,data/filtered/details/structures_files/assembly/4137_5ooc.pdb,"Homomer, 5 proteins."
4138,5ooc,data/filtered/details/structures_files/pairwise/4138_5ooc_A_B.pdb,data/filtered/details/structures_files/pymol/4138_5ooc_A_B.py,,data/filtered/details/structures_files/assembly/4138_5ooc.pdb,"Homomer, 5 proteins."
4140,8pvx,data/filtered/details/structures_files/pairwise/4140_8pvx_E_D.pdb,data/filtered/details/structures_files/pymol/4140_8pvx_E_D.py,,data/filtered/details/structures_files/assembly/4140_8pvx.pdb,"Heteromer, 5 proteins, 5 peptides."
4143,6vec,data/filtered/details/structures_files/pairwise/4143_6vec_I_K.pdb,data/filtered/details/structures_files/pymol/4143_6vec_I_K.py,,data/filtered/details/structures_files/assembly/4143_6vec.pdb,"Heteromer, 22 proteins."
4144,6vec,data/filtered/details/structures_files/pairwise/4144_6vec_I_i.pdb,data/filtered/details/structures_files/pymol/4144_6vec_I_i.py,,data/filtered/details/structures_files/assembly/4144_6vec.pdb,"Heteromer, 22 proteins."
4152,8pvx,data/filtered/details/structures_files/pairwise/4152_8pvx_C_E.pdb,data/filtered/details/structures_files/pymol/4152_8pvx_C_E.py,,data/filtered/details/structures_files/assembly/4152_8pvx.pdb,"Heteromer, 5 proteins, 5 peptides."
4153,8pvx,data/filtered/details/structures_files/pairwise/4153_8pvx_C_A.pdb,data/filtered/details/structures_files/pymol/4153_8pvx_C_A.py,,data/filtered/details/structures_files/assembly/4153_8pvx.pdb,"Heteromer, 5 proteins, 5 peptides."
4154,8pvx,data/filtered/details/structures_files/pairwise/4154_8pvx_C_D.pdb,data/filtered/details/structures_files/pymol/4154_8pvx_C_D.py,,data/filtered/details/structures_files/assembly/4154_8pvx.pdb,"Heteromer, 5 proteins, 5 peptides."
4155,8pvx,data/filtered/details/structures_files/pairwise/4155_8pvx_C_B.pdb,data/filtered/details/structures_files/pymol/4155_8pvx_C_B.py,,data/filtered/details/structures_files/assembly/4155_8pvx.pdb,"Heteromer, 5 proteins, 5 peptides."
4158,6vec,data/filtered/details/structures_files/pairwise/4158_6vec_H_J.pdb,data/filtered/details/structures_files/pymol/4158_6vec_H_J.py,,data/filtered/details/structures_files/assembly/4158_6vec.pdb,"Heteromer, 22 proteins."
4159,6vec,data/filtered/details/structures_files/pairwise/4159_6vec_H_d.pdb,data/filtered/details/structures_files/pymol/4159_6vec_H_d.py,,data/filtered/details/structures_files/assembly/4159_6vec.pdb,"Heteromer, 22 proteins."
4160,6vec,data/filtered/details/structures_files/pairwise/4160_6vec_H_h.pdb,data/filtered/details/structures_files/pymol/4160_6vec_H_h.py,,data/filtered/details/structures_files/assembly/4160_6vec.pdb,"Heteromer, 22 proteins."
417,8f8t,data/filtered/details/structures_files/pairwise/417_8f8t_E_F.pdb,data/filtered/details/structures_files/pymol/417_8f8t_E_F.py,data/filtered/details/structures_files/assembly/417_8f8t.cif,,"Heteromer, 8 proteins."
4170,6fhl,data/filtered/details/structures_files/pairwise/4170_6fhl_E_D.pdb,data/filtered/details/structures_files/pymol/4170_6fhl_E_D.py,,data/filtered/details/structures_files/assembly/4170_6fhl.pdb,"Homomer, 5 proteins."
4174,6vec,data/filtered/details/structures_files/pairwise/4174_6vec_G_I.pdb,data/filtered/details/structures_files/pymol/4174_6vec_G_I.py,,data/filtered/details/structures_files/assembly/4174_6vec.pdb,"Heteromer, 22 proteins."
4175,6vec,data/filtered/details/structures_files/pairwise/4175_6vec_G_K.pdb,data/filtered/details/structures_files/pymol/4175_6vec_G_K.py,,data/filtered/details/structures_files/assembly/4175_6vec.pdb,"Heteromer, 22 proteins."
4176,6vec,data/filtered/details/structures_files/pairwise/4176_6vec_G_g.pdb,data/filtered/details/structures_files/pymol/4176_6vec_G_g.py,,data/filtered/details/structures_files/assembly/4176_6vec.pdb,"Heteromer, 22 proteins."
4177,6vec,data/filtered/details/structures_files/pairwise/4177_6vec_G_k.pdb,data/filtered/details/structures_files/pymol/4177_6vec_G_k.py,,data/filtered/details/structures_files/assembly/4177_6vec.pdb,"Heteromer, 22 proteins."
418,8f8t,data/filtered/details/structures_files/pairwise/418_8f8t_E_G.pdb,data/filtered/details/structures_files/pymol/418_8f8t_E_G.py,data/filtered/details/structures_files/assembly/418_8f8t.cif,,"Heteromer, 8 proteins."
4182,8efh,data/filtered/details/structures_files/pairwise/4182_8efh_D_E.pdb,data/filtered/details/structures_files/pymol/4182_8efh_D_E.py,,data/filtered/details/structures_files/assembly/4182_8efh.pdb,"Heteromer, 8 proteins."
4188,6vec,data/filtered/details/structures_files/pairwise/4188_6vec_F_H.pdb,data/filtered/details/structures_files/pymol/4188_6vec_F_H.py,,data/filtered/details/structures_files/assembly/4188_6vec.pdb,"Heteromer, 22 proteins."
4189,6vec,data/filtered/details/structures_files/pairwise/4189_6vec_F_J.pdb,data/filtered/details/structures_files/pymol/4189_6vec_F_J.py,,data/filtered/details/structures_files/assembly/4189_6vec.pdb,"Heteromer, 22 proteins."
4190,6vec,data/filtered/details/structures_files/pairwise/4190_6vec_F_b.pdb,data/filtered/details/structures_files/pymol/4190_6vec_F_b.py,,data/filtered/details/structures_files/assembly/4190_6vec.pdb,"Heteromer, 22 proteins."
4191,6vec,data/filtered/details/structures_files/pairwise/4191_6vec_F_f.pdb,data/filtered/details/structures_files/pymol/4191_6vec_F_f.py,,data/filtered/details/structures_files/assembly/4191_6vec.pdb,"Heteromer, 22 proteins."
4195,8zbn,data/filtered/details/structures_files/pairwise/4195_8zbn_M_T.pdb,data/filtered/details/structures_files/pymol/4195_8zbn_M_T.py,,data/filtered/details/structures_files/assembly/4195_8zbn.pdb,"Heteromer, 16 proteins."
4196,8zbn,data/filtered/details/structures_files/pairwise/4196_8zbn_M_G.pdb,data/filtered/details/structures_files/pymol/4196_8zbn_M_G.py,,data/filtered/details/structures_files/assembly/4196_8zbn.pdb,"Heteromer, 16 proteins."
4197,8zbn,data/filtered/details/structures_files/pairwise/4197_8zbn_M_H.pdb,data/filtered/details/structures_files/pymol/4197_8zbn_M_H.py,,data/filtered/details/structures_files/assembly/4197_8zbn.pdb,"Heteromer, 16 proteins."
42,8c4e,data/filtered/details/structures_files/pairwise/42_8c4e_F_L.pdb,data/filtered/details/structures_files/pymol/42_8c4e_F_L.py,,data/filtered/details/structures_files/assembly/42_8c4e.pdb,"Heteromer, 12 proteins."
420,6vau,data/filtered/details/structures_files/pairwise/420_6vau_A_C.pdb,data/filtered/details/structures_files/pymol/420_6vau_A_C.py,,data/filtered/details/structures_files/assembly/420_6vau.pdb,"Homomer, 5 proteins."
4200,8p94,data/filtered/details/structures_files/pairwise/4200_8p94_W_U.pdb,data/filtered/details/structures_files/pymol/4200_8p94_W_U.py,data/filtered/details/structures_files/assembly/4200_8p94.cif,,"Heteromer, 20 proteins, 10 peptides."
4201,8p94,data/filtered/details/structures_files/pairwise/4201_8p94_W_V.pdb,data/filtered/details/structures_files/pymol/4201_8p94_W_V.py,data/filtered/details/structures_files/assembly/4201_8p94.cif,,"Heteromer, 20 proteins, 10 peptides."
4203,8efh,data/filtered/details/structures_files/pairwise/4203_8efh_C_E.pdb,data/filtered/details/structures_files/pymol/4203_8efh_C_E.py,,data/filtered/details/structures_files/assembly/4203_8efh.pdb,"Heteromer, 8 proteins."
4204,8efh,data/filtered/details/structures_files/pairwise/4204_8efh_C_P.pdb,data/filtered/details/structures_files/pymol/4204_8efh_C_P.py,,data/filtered/details/structures_files/assembly/4204_8efh.pdb,"Heteromer, 8 proteins."
4206,6fhl,data/filtered/details/structures_files/pairwise/4206_6fhl_B_A.pdb,data/filtered/details/structures_files/pymol/4206_6fhl_B_A.py,,data/filtered/details/structures_files/assembly/4206_6fhl.pdb,"Homomer, 5 proteins."
4207,6fhl,data/filtered/details/structures_files/pairwise/4207_6fhl_B_D.pdb,data/filtered/details/structures_files/pymol/4207_6fhl_B_D.py,,data/filtered/details/structures_files/assembly/4207_6fhl.pdb,"Homomer, 5 proteins."
4208,8uxx,data/filtered/details/structures_files/pairwise/4208_8uxx_R_D.pdb,data/filtered/details/structures_files/pymol/4208_8uxx_R_D.py,,data/filtered/details/structures_files/assembly/4208_8uxx.pdb,"Heteromer, 15 proteins."
421,6vau,data/filtered/details/structures_files/pairwise/421_6vau_A_B.pdb,data/filtered/details/structures_files/pymol/421_6vau_A_B.py,,data/filtered/details/structures_files/assembly/421_6vau.pdb,"Homomer, 5 proteins."
4213,6vec,data/filtered/details/structures_files/pairwise/4213_6vec_E_G.pdb,data/filtered/details/structures_files/pymol/4213_6vec_E_G.py,,data/filtered/details/structures_files/assembly/4213_6vec.pdb,"Heteromer, 22 proteins."
4214,6vec,data/filtered/details/structures_files/pairwise/4214_6vec_E_I.pdb,data/filtered/details/structures_files/pymol/4214_6vec_E_I.py,,data/filtered/details/structures_files/assembly/4214_6vec.pdb,"Heteromer, 22 proteins."
4215,6vec,data/filtered/details/structures_files/pairwise/4215_6vec_E_e.pdb,data/filtered/details/structures_files/pymol/4215_6vec_E_e.py,,data/filtered/details/structures_files/assembly/4215_6vec.pdb,"Heteromer, 22 proteins."
4216,6vec,data/filtered/details/structures_files/pairwise/4216_6vec_E_i.pdb,data/filtered/details/structures_files/pymol/4216_6vec_E_i.py,,data/filtered/details/structures_files/assembly/4216_6vec.pdb,"Heteromer, 22 proteins."
4218,8zbn,data/filtered/details/structures_files/pairwise/4218_8zbn_K_M.pdb,data/filtered/details/structures_files/pymol/4218_8zbn_K_M.py,,data/filtered/details/structures_files/assembly/4218_8zbn.pdb,"Heteromer, 16 proteins."
4219,8zbn,data/filtered/details/structures_files/pairwise/4219_8zbn_K_U.pdb,data/filtered/details/structures_files/pymol/4219_8zbn_K_U.py,,data/filtered/details/structures_files/assembly/4219_8zbn.pdb,"Heteromer, 16 proteins."
422,8vaa,data/filtered/details/structures_files/pairwise/422_8vaa_A_B.pdb,data/filtered/details/structures_files/pymol/422_8vaa_A_B.py,,data/filtered/details/structures_files/assembly/422_8vaa.pdb,"Heteromer, 20 proteins."
4220,8zbn,data/filtered/details/structures_files/pairwise/4220_8zbn_K_A.pdb,data/filtered/details/structures_files/pymol/4220_8zbn_K_A.py,,data/filtered/details/structures_files/assembly/4220_8zbn.pdb,"Heteromer, 16 proteins."
4221,8zbn,data/filtered/details/structures_files/pairwise/4221_8zbn_K_F.pdb,data/filtered/details/structures_files/pymol/4221_8zbn_K_F.py,,data/filtered/details/structures_files/assembly/4221_8zbn.pdb,"Heteromer, 16 proteins."
4222,8p94,data/filtered/details/structures_files/pairwise/4222_8p94_S_D.pdb,data/filtered/details/structures_files/pymol/4222_8p94_S_D.py,data/filtered/details/structures_files/assembly/4222_8p94.cif,,"Heteromer, 20 proteins, 10 peptides."
4225,8efh,data/filtered/details/structures_files/pairwise/4225_8efh_B_A.pdb,data/filtered/details/structures_files/pymol/4225_8efh_B_A.py,,data/filtered/details/structures_files/assembly/4225_8efh.pdb,"Heteromer, 8 proteins."
4227,8efh,data/filtered/details/structures_files/pairwise/4227_8efh_B_D.pdb,data/filtered/details/structures_files/pymol/4227_8efh_B_D.py,,data/filtered/details/structures_files/assembly/4227_8efh.pdb,"Heteromer, 8 proteins."
4228,8efh,data/filtered/details/structures_files/pairwise/4228_8efh_B_P.pdb,data/filtered/details/structures_files/pymol/4228_8efh_B_P.py,,data/filtered/details/structures_files/assembly/4228_8efh.pdb,"Heteromer, 8 proteins."
4229,6fhl,data/filtered/details/structures_files/pairwise/4229_6fhl_C_B.pdb,data/filtered/details/structures_files/pymol/4229_6fhl_C_B.py,,data/filtered/details/structures_files/assembly/4229_6fhl.pdb,"Homomer, 5 proteins."
423,8vaa,data/filtered/details/structures_files/pairwise/423_8vaa_A_C.pdb,data/filtered/details/structures_files/pymol/423_8vaa_A_C.py,,data/filtered/details/structures_files/assembly/423_8vaa.pdb,"Heteromer, 20 proteins."
4230,6fhl,data/filtered/details/structures_files/pairwise/4230_6fhl_C_A.pdb,data/filtered/details/structures_files/pymol/4230_6fhl_C_A.py,,data/filtered/details/structures_files/assembly/4230_6fhl.pdb,"Homomer, 5 proteins."
4231,6fhl,data/filtered/details/structures_files/pairwise/4231_6fhl_C_E.pdb,data/filtered/details/structures_files/pymol/4231_6fhl_C_E.py,,data/filtered/details/structures_files/assembly/4231_6fhl.pdb,"Homomer, 5 proteins."
4232,6fhl,data/filtered/details/structures_files/pairwise/4232_6fhl_C_D.pdb,data/filtered/details/structures_files/pymol/4232_6fhl_C_D.py,,data/filtered/details/structures_files/assembly/4232_6fhl.pdb,"Homomer, 5 proteins."
4233,8uxx,data/filtered/details/structures_files/pairwise/4233_8uxx_Q_C.pdb,data/filtered/details/structures_files/pymol/4233_8uxx_Q_C.py,,data/filtered/details/structures_files/assembly/4233_8uxx.pdb,"Heteromer, 15 proteins."
4234,8uxx,data/filtered/details/structures_files/pairwise/4234_8uxx_Q_D.pdb,data/filtered/details/structures_files/pymol/4234_8uxx_Q_D.py,,data/filtered/details/structures_files/assembly/4234_8uxx.pdb,"Heteromer, 15 proteins."
4235,8uxx,data/filtered/details/structures_files/pairwise/4235_8uxx_Q_F.pdb,data/filtered/details/structures_files/pymol/4235_8uxx_Q_F.py,,data/filtered/details/structures_files/assembly/4235_8uxx.pdb,"Heteromer, 15 proteins."
4238,8uxx,data/filtered/details/structures_files/pairwise/4238_8uxx_Q_R.pdb,data/filtered/details/structures_files/pymol/4238_8uxx_Q_R.py,,data/filtered/details/structures_files/assembly/4238_8uxx.pdb,"Heteromer, 15 proteins."
4241,6vec,data/filtered/details/structures_files/pairwise/4241_6vec_D_F.pdb,data/filtered/details/structures_files/pymol/4241_6vec_D_F.py,,data/filtered/details/structures_files/assembly/4241_6vec.pdb,"Heteromer, 22 proteins."
4242,6vec,data/filtered/details/structures_files/pairwise/4242_6vec_D_H.pdb,data/filtered/details/structures_files/pymol/4242_6vec_D_H.py,,data/filtered/details/structures_files/assembly/4242_6vec.pdb,"Heteromer, 22 proteins."
4243,6vec,data/filtered/details/structures_files/pairwise/4243_6vec_D_a.pdb,data/filtered/details/structures_files/pymol/4243_6vec_D_a.py,,data/filtered/details/structures_files/assembly/4243_6vec.pdb,"Heteromer, 22 proteins."
4244,6vec,data/filtered/details/structures_files/pairwise/4244_6vec_D_d.pdb,data/filtered/details/structures_files/pymol/4244_6vec_D_d.py,,data/filtered/details/structures_files/assembly/4244_6vec.pdb,"Heteromer, 22 proteins."
4247,8zbn,data/filtered/details/structures_files/pairwise/4247_8zbn_D_T.pdb,data/filtered/details/structures_files/pymol/4247_8zbn_D_T.py,,data/filtered/details/structures_files/assembly/4247_8zbn.pdb,"Heteromer, 16 proteins."
4248,8zbn,data/filtered/details/structures_files/pairwise/4248_8zbn_D_L.pdb,data/filtered/details/structures_files/pymol/4248_8zbn_D_L.py,,data/filtered/details/structures_files/assembly/4248_8zbn.pdb,"Heteromer, 16 proteins."
4249,8p94,data/filtered/details/structures_files/pairwise/4249_8p94_R_A.pdb,data/filtered/details/structures_files/pymol/4249_8p94_R_A.py,data/filtered/details/structures_files/assembly/4249_8p94.cif,,"Heteromer, 20 proteins, 10 peptides."
4250,8p94,data/filtered/details/structures_files/pairwise/4250_8p94_R_C.pdb,data/filtered/details/structures_files/pymol/4250_8p94_R_C.py,data/filtered/details/structures_files/assembly/4250_8p94.cif,,"Heteromer, 20 proteins, 10 peptides."
4251,8p94,data/filtered/details/structures_files/pairwise/4251_8p94_R_D.pdb,data/filtered/details/structures_files/pymol/4251_8p94_R_D.py,data/filtered/details/structures_files/assembly/4251_8p94.cif,,"Heteromer, 20 proteins, 10 peptides."
4252,8p94,data/filtered/details/structures_files/pairwise/4252_8p94_R_F.pdb,data/filtered/details/structures_files/pymol/4252_8p94_R_F.py,data/filtered/details/structures_files/assembly/4252_8p94.cif,,"Heteromer, 20 proteins, 10 peptides."
4255,8p94,data/filtered/details/structures_files/pairwise/4255_8p94_R_S.pdb,data/filtered/details/structures_files/pymol/4255_8p94_R_S.py,data/filtered/details/structures_files/assembly/4255_8p94.cif,,"Heteromer, 20 proteins, 10 peptides."
4256,8efh,data/filtered/details/structures_files/pairwise/4256_8efh_F_A.pdb,data/filtered/details/structures_files/pymol/4256_8efh_F_A.py,,data/filtered/details/structures_files/assembly/4256_8efh.pdb,"Heteromer, 8 proteins."
4257,8efh,data/filtered/details/structures_files/pairwise/4257_8efh_F_B.pdb,data/filtered/details/structures_files/pymol/4257_8efh_F_B.py,,data/filtered/details/structures_files/assembly/4257_8efh.pdb,"Heteromer, 8 proteins."
4258,8efh,data/filtered/details/structures_files/pairwise/4258_8efh_F_C.pdb,data/filtered/details/structures_files/pymol/4258_8efh_F_C.py,,data/filtered/details/structures_files/assembly/4258_8efh.pdb,"Heteromer, 8 proteins."
4259,8efh,data/filtered/details/structures_files/pairwise/4259_8efh_F_D.pdb,data/filtered/details/structures_files/pymol/4259_8efh_F_D.py,,data/filtered/details/structures_files/assembly/4259_8efh.pdb,"Heteromer, 8 proteins."
426,8iah,data/filtered/details/structures_files/pairwise/426_8iah_B_C.pdb,data/filtered/details/structures_files/pymol/426_8iah_B_C.py,data/filtered/details/structures_files/assembly/426_8iah.cif,,"Heteromer, 36 proteins."
4260,8efh,data/filtered/details/structures_files/pairwise/4260_8efh_F_E.pdb,data/filtered/details/structures_files/pymol/4260_8efh_F_E.py,,data/filtered/details/structures_files/assembly/4260_8efh.pdb,"Heteromer, 8 proteins."
4261,8efh,data/filtered/details/structures_files/pairwise/4261_8efh_F_O.pdb,data/filtered/details/structures_files/pymol/4261_8efh_F_O.py,,data/filtered/details/structures_files/assembly/4261_8efh.pdb,"Heteromer, 8 proteins."
4262,5yu8,data/filtered/details/structures_files/pairwise/4262_5yu8_A_H.pdb,data/filtered/details/structures_files/pymol/4262_5yu8_A_H.py,,data/filtered/details/structures_files/assembly/4262_5yu8.pdb,"Heteromer, 8 proteins."
4265,8uxx,data/filtered/details/structures_files/pairwise/4265_8uxx_P_A.pdb,data/filtered/details/structures_files/pymol/4265_8uxx_P_A.py,,data/filtered/details/structures_files/assembly/4265_8uxx.pdb,"Heteromer, 15 proteins."
4268,8uxx,data/filtered/details/structures_files/pairwise/4268_8uxx_P_Q.pdb,data/filtered/details/structures_files/pymol/4268_8uxx_P_Q.py,,data/filtered/details/structures_files/assembly/4268_8uxx.pdb,"Heteromer, 15 proteins."
4269,8uxx,data/filtered/details/structures_files/pairwise/4269_8uxx_P_R.pdb,data/filtered/details/structures_files/pymol/4269_8uxx_P_R.py,,data/filtered/details/structures_files/assembly/4269_8uxx.pdb,"Heteromer, 15 proteins."
427,8iah,data/filtered/details/structures_files/pairwise/427_8iah_B_D.pdb,data/filtered/details/structures_files/pymol/427_8iah_B_D.py,data/filtered/details/structures_files/assembly/427_8iah.cif,,"Heteromer, 36 proteins."
4272,6vec,data/filtered/details/structures_files/pairwise/4272_6vec_C_E.pdb,data/filtered/details/structures_files/pymol/4272_6vec_C_E.py,,data/filtered/details/structures_files/assembly/4272_6vec.pdb,"Heteromer, 22 proteins."
4273,6vec,data/filtered/details/structures_files/pairwise/4273_6vec_C_G.pdb,data/filtered/details/structures_files/pymol/4273_6vec_C_G.py,,data/filtered/details/structures_files/assembly/4273_6vec.pdb,"Heteromer, 22 proteins."
4274,6vec,data/filtered/details/structures_files/pairwise/4274_6vec_C_c.pdb,data/filtered/details/structures_files/pymol/4274_6vec_C_c.py,,data/filtered/details/structures_files/assembly/4274_6vec.pdb,"Heteromer, 22 proteins."
4275,6vec,data/filtered/details/structures_files/pairwise/4275_6vec_C_g.pdb,data/filtered/details/structures_files/pymol/4275_6vec_C_g.py,,data/filtered/details/structures_files/assembly/4275_6vec.pdb,"Heteromer, 22 proteins."
4278,8zbn,data/filtered/details/structures_files/pairwise/4278_8zbn_J_D.pdb,data/filtered/details/structures_files/pymol/4278_8zbn_J_D.py,,data/filtered/details/structures_files/assembly/4278_8zbn.pdb,"Heteromer, 16 proteins."
4279,8zbn,data/filtered/details/structures_files/pairwise/4279_8zbn_J_U.pdb,data/filtered/details/structures_files/pymol/4279_8zbn_J_U.py,,data/filtered/details/structures_files/assembly/4279_8zbn.pdb,"Heteromer, 16 proteins."
428,8iah,data/filtered/details/structures_files/pairwise/428_8iah_B_N.pdb,data/filtered/details/structures_files/pymol/428_8iah_B_N.py,data/filtered/details/structures_files/assembly/428_8iah.cif,,"Heteromer, 36 proteins."
4280,8zbn,data/filtered/details/structures_files/pairwise/4280_8zbn_J_C.pdb,data/filtered/details/structures_files/pymol/4280_8zbn_J_C.py,,data/filtered/details/structures_files/assembly/4280_8zbn.pdb,"Heteromer, 16 proteins."
4281,8p94,data/filtered/details/structures_files/pairwise/4281_8p94_Q_A.pdb,data/filtered/details/structures_files/pymol/4281_8p94_Q_A.py,data/filtered/details/structures_files/assembly/4281_8p94.cif,,"Heteromer, 20 proteins, 10 peptides."
4284,8p94,data/filtered/details/structures_files/pairwise/4284_8p94_Q_R.pdb,data/filtered/details/structures_files/pymol/4284_8p94_Q_R.py,data/filtered/details/structures_files/assembly/4284_8p94.cif,,"Heteromer, 20 proteins, 10 peptides."
4285,8p94,data/filtered/details/structures_files/pairwise/4285_8p94_Q_S.pdb,data/filtered/details/structures_files/pymol/4285_8p94_Q_S.py,data/filtered/details/structures_files/assembly/4285_8p94.cif,,"Heteromer, 20 proteins, 10 peptides."
4288,8dd0,data/filtered/details/structures_files/pairwise/4288_8dd0_F_L.pdb,data/filtered/details/structures_files/pymol/4288_8dd0_F_L.py,,data/filtered/details/structures_files/assembly/4288_8dd0.pdb,"Heteromer, 16 proteins."
4289,5yu8,data/filtered/details/structures_files/pairwise/4289_5yu8_C_J.pdb,data/filtered/details/structures_files/pymol/4289_5yu8_C_J.py,,data/filtered/details/structures_files/assembly/4289_5yu8.pdb,"Heteromer, 8 proteins."
429,8iah,data/filtered/details/structures_files/pairwise/429_8iah_B_Y.pdb,data/filtered/details/structures_files/pymol/429_8iah_B_Y.py,data/filtered/details/structures_files/assembly/429_8iah.cif,,"Heteromer, 36 proteins."
4290,5yu8,data/filtered/details/structures_files/pairwise/4290_5yu8_C_H.pdb,data/filtered/details/structures_files/pymol/4290_5yu8_C_H.py,,data/filtered/details/structures_files/assembly/4290_5yu8.pdb,"Heteromer, 8 proteins."
4294,5yu8,data/filtered/details/structures_files/pairwise/4294_5yu8_C_A.pdb,data/filtered/details/structures_files/pymol/4294_5yu8_C_A.py,,data/filtered/details/structures_files/assembly/4294_5yu8.pdb,"Heteromer, 8 proteins."
4295,8uxx,data/filtered/details/structures_files/pairwise/4295_8uxx_O_A.pdb,data/filtered/details/structures_files/pymol/4295_8uxx_O_A.py,,data/filtered/details/structures_files/assembly/4295_8uxx.pdb,"Heteromer, 15 proteins."
4296,8uxx,data/filtered/details/structures_files/pairwise/4296_8uxx_O_C.pdb,data/filtered/details/structures_files/pymol/4296_8uxx_O_C.py,,data/filtered/details/structures_files/assembly/4296_8uxx.pdb,"Heteromer, 15 proteins."
4297,8uxx,data/filtered/details/structures_files/pairwise/4297_8uxx_O_D.pdb,data/filtered/details/structures_files/pymol/4297_8uxx_O_D.py,,data/filtered/details/structures_files/assembly/4297_8uxx.pdb,"Heteromer, 15 proteins."
4298,8uxx,data/filtered/details/structures_files/pairwise/4298_8uxx_O_E.pdb,data/filtered/details/structures_files/pymol/4298_8uxx_O_E.py,,data/filtered/details/structures_files/assembly/4298_8uxx.pdb,"Heteromer, 15 proteins."
4301,8uxx,data/filtered/details/structures_files/pairwise/4301_8uxx_O_P.pdb,data/filtered/details/structures_files/pymol/4301_8uxx_O_P.py,,data/filtered/details/structures_files/assembly/4301_8uxx.pdb,"Heteromer, 15 proteins."
4302,8uxx,data/filtered/details/structures_files/pairwise/4302_8uxx_O_Q.pdb,data/filtered/details/structures_files/pymol/4302_8uxx_O_Q.py,,data/filtered/details/structures_files/assembly/4302_8uxx.pdb,"Heteromer, 15 proteins."
4304,6vec,data/filtered/details/structures_files/pairwise/4304_6vec_B_C.pdb,data/filtered/details/structures_files/pymol/4304_6vec_B_C.py,,data/filtered/details/structures_files/assembly/4304_6vec.pdb,"Heteromer, 22 proteins."
4305,6vec,data/filtered/details/structures_files/pairwise/4305_6vec_B_D.pdb,data/filtered/details/structures_files/pymol/4305_6vec_B_D.py,,data/filtered/details/structures_files/assembly/4305_6vec.pdb,"Heteromer, 22 proteins."
4306,6vec,data/filtered/details/structures_files/pairwise/4306_6vec_B_F.pdb,data/filtered/details/structures_files/pymol/4306_6vec_B_F.py,,data/filtered/details/structures_files/assembly/4306_6vec.pdb,"Heteromer, 22 proteins."
4307,6vec,data/filtered/details/structures_files/pairwise/4307_6vec_B_b.pdb,data/filtered/details/structures_files/pymol/4307_6vec_B_b.py,,data/filtered/details/structures_files/assembly/4307_6vec.pdb,"Heteromer, 22 proteins."
4308,6vec,data/filtered/details/structures_files/pairwise/4308_6vec_B_c.pdb,data/filtered/details/structures_files/pymol/4308_6vec_B_c.py,,data/filtered/details/structures_files/assembly/4308_6vec.pdb,"Heteromer, 22 proteins."
4310,8zbn,data/filtered/details/structures_files/pairwise/4310_8zbn_I_J.pdb,data/filtered/details/structures_files/pymol/4310_8zbn_I_J.py,,data/filtered/details/structures_files/assembly/4310_8zbn.pdb,"Heteromer, 16 proteins."
4311,8zbn,data/filtered/details/structures_files/pairwise/4311_8zbn_I_D.pdb,data/filtered/details/structures_files/pymol/4311_8zbn_I_D.py,,data/filtered/details/structures_files/assembly/4311_8zbn.pdb,"Heteromer, 16 proteins."
4312,8zbn,data/filtered/details/structures_files/pairwise/4312_8zbn_I_M.pdb,data/filtered/details/structures_files/pymol/4312_8zbn_I_M.py,,data/filtered/details/structures_files/assembly/4312_8zbn.pdb,"Heteromer, 16 proteins."
4313,8zbn,data/filtered/details/structures_files/pairwise/4313_8zbn_I_R.pdb,data/filtered/details/structures_files/pymol/4313_8zbn_I_R.py,,data/filtered/details/structures_files/assembly/4313_8zbn.pdb,"Heteromer, 16 proteins."
4314,8zbn,data/filtered/details/structures_files/pairwise/4314_8zbn_I_H.pdb,data/filtered/details/structures_files/pymol/4314_8zbn_I_H.py,,data/filtered/details/structures_files/assembly/4314_8zbn.pdb,"Heteromer, 16 proteins."
4315,8zbn,data/filtered/details/structures_files/pairwise/4315_8zbn_I_L.pdb,data/filtered/details/structures_files/pymol/4315_8zbn_I_L.py,,data/filtered/details/structures_files/assembly/4315_8zbn.pdb,"Heteromer, 16 proteins."
4316,8p94,data/filtered/details/structures_files/pairwise/4316_8p94_P_A.pdb,data/filtered/details/structures_files/pymol/4316_8p94_P_A.py,data/filtered/details/structures_files/assembly/4316_8p94.cif,,"Heteromer, 20 proteins, 10 peptides."
4317,8p94,data/filtered/details/structures_files/pairwise/4317_8p94_P_C.pdb,data/filtered/details/structures_files/pymol/4317_8p94_P_C.py,data/filtered/details/structures_files/assembly/4317_8p94.cif,,"Heteromer, 20 proteins, 10 peptides."
4318,8p94,data/filtered/details/structures_files/pairwise/4318_8p94_P_D.pdb,data/filtered/details/structures_files/pymol/4318_8p94_P_D.py,data/filtered/details/structures_files/assembly/4318_8p94.cif,,"Heteromer, 20 proteins, 10 peptides."
4319,8p94,data/filtered/details/structures_files/pairwise/4319_8p94_P_E.pdb,data/filtered/details/structures_files/pymol/4319_8p94_P_E.py,data/filtered/details/structures_files/assembly/4319_8p94.cif,,"Heteromer, 20 proteins, 10 peptides."
432,9gob,data/filtered/details/structures_files/pairwise/432_9gob_E_F.pdb,data/filtered/details/structures_files/pymol/432_9gob_E_F.py,,data/filtered/details/structures_files/assembly/432_9gob.pdb,"Heteromer, 6 proteins."
4322,8p94,data/filtered/details/structures_files/pairwise/4322_8p94_P_Q.pdb,data/filtered/details/structures_files/pymol/4322_8p94_P_Q.py,data/filtered/details/structures_files/assembly/4322_8p94.cif,,"Heteromer, 20 proteins, 10 peptides."
4323,8p94,data/filtered/details/structures_files/pairwise/4323_8p94_P_R.pdb,data/filtered/details/structures_files/pymol/4323_8p94_P_R.py,data/filtered/details/structures_files/assembly/4323_8p94.cif,,"Heteromer, 20 proteins, 10 peptides."
4326,8dd0,data/filtered/details/structures_files/pairwise/4326_8dd0_E_F.pdb,data/filtered/details/structures_files/pymol/4326_8dd0_E_F.py,,data/filtered/details/structures_files/assembly/4326_8dd0.pdb,"Heteromer, 16 proteins."
4327,8dd0,data/filtered/details/structures_files/pairwise/4327_8dd0_E_G.pdb,data/filtered/details/structures_files/pymol/4327_8dd0_E_G.py,,data/filtered/details/structures_files/assembly/4327_8dd0.pdb,"Heteromer, 16 proteins."
4328,5yu8,data/filtered/details/structures_files/pairwise/4328_5yu8_B_I.pdb,data/filtered/details/structures_files/pymol/4328_5yu8_B_I.py,,data/filtered/details/structures_files/assembly/4328_5yu8.pdb,"Heteromer, 8 proteins."
433,9gob,data/filtered/details/structures_files/pairwise/433_9gob_E_D.pdb,data/filtered/details/structures_files/pymol/433_9gob_E_D.py,,data/filtered/details/structures_files/assembly/433_9gob.pdb,"Heteromer, 6 proteins."
4330,5yu8,data/filtered/details/structures_files/pairwise/4330_5yu8_B_C.pdb,data/filtered/details/structures_files/pymol/4330_5yu8_B_C.py,,data/filtered/details/structures_files/assembly/4330_5yu8.pdb,"Heteromer, 8 proteins."
4331,5yu8,data/filtered/details/structures_files/pairwise/4331_5yu8_B_A.pdb,data/filtered/details/structures_files/pymol/4331_5yu8_B_A.py,,data/filtered/details/structures_files/assembly/4331_5yu8.pdb,"Heteromer, 8 proteins."
4333,8uxx,data/filtered/details/structures_files/pairwise/4333_8uxx_N_O.pdb,data/filtered/details/structures_files/pymol/4333_8uxx_N_O.py,,data/filtered/details/structures_files/assembly/4333_8uxx.pdb,"Heteromer, 15 proteins."
4334,8uxx,data/filtered/details/structures_files/pairwise/4334_8uxx_N_P.pdb,data/filtered/details/structures_files/pymol/4334_8uxx_N_P.py,,data/filtered/details/structures_files/assembly/4334_8uxx.pdb,"Heteromer, 15 proteins."
4335,6vec,data/filtered/details/structures_files/pairwise/4335_6vec_A_B.pdb,data/filtered/details/structures_files/pymol/4335_6vec_A_B.py,,data/filtered/details/structures_files/assembly/4335_6vec.pdb,"Heteromer, 22 proteins."
4336,6vec,data/filtered/details/structures_files/pairwise/4336_6vec_A_C.pdb,data/filtered/details/structures_files/pymol/4336_6vec_A_C.py,,data/filtered/details/structures_files/assembly/4336_6vec.pdb,"Heteromer, 22 proteins."
4337,6vec,data/filtered/details/structures_files/pairwise/4337_6vec_A_D.pdb,data/filtered/details/structures_files/pymol/4337_6vec_A_D.py,,data/filtered/details/structures_files/assembly/4337_6vec.pdb,"Heteromer, 22 proteins."
4338,6vec,data/filtered/details/structures_files/pairwise/4338_6vec_A_E.pdb,data/filtered/details/structures_files/pymol/4338_6vec_A_E.py,,data/filtered/details/structures_files/assembly/4338_6vec.pdb,"Heteromer, 22 proteins."
4339,6vec,data/filtered/details/structures_files/pairwise/4339_6vec_A_a.pdb,data/filtered/details/structures_files/pymol/4339_6vec_A_a.py,,data/filtered/details/structures_files/assembly/4339_6vec.pdb,"Heteromer, 22 proteins."
4340,6vec,data/filtered/details/structures_files/pairwise/4340_6vec_A_e.pdb,data/filtered/details/structures_files/pymol/4340_6vec_A_e.py,,data/filtered/details/structures_files/assembly/4340_6vec.pdb,"Heteromer, 22 proteins."
4341,8zbn,data/filtered/details/structures_files/pairwise/4341_8zbn_B_I.pdb,data/filtered/details/structures_files/pymol/4341_8zbn_B_I.py,,data/filtered/details/structures_files/assembly/4341_8zbn.pdb,"Heteromer, 16 proteins."
4342,8zbn,data/filtered/details/structures_files/pairwise/4342_8zbn_B_J.pdb,data/filtered/details/structures_files/pymol/4342_8zbn_B_J.py,,data/filtered/details/structures_files/assembly/4342_8zbn.pdb,"Heteromer, 16 proteins."
4343,8zbn,data/filtered/details/structures_files/pairwise/4343_8zbn_B_K.pdb,data/filtered/details/structures_files/pymol/4343_8zbn_B_K.py,,data/filtered/details/structures_files/assembly/4343_8zbn.pdb,"Heteromer, 16 proteins."
4344,8zbn,data/filtered/details/structures_files/pairwise/4344_8zbn_B_M.pdb,data/filtered/details/structures_files/pymol/4344_8zbn_B_M.py,,data/filtered/details/structures_files/assembly/4344_8zbn.pdb,"Heteromer, 16 proteins."
4345,8zbn,data/filtered/details/structures_files/pairwise/4345_8zbn_B_S.pdb,data/filtered/details/structures_files/pymol/4345_8zbn_B_S.py,,data/filtered/details/structures_files/assembly/4345_8zbn.pdb,"Heteromer, 16 proteins."
4346,8zbn,data/filtered/details/structures_files/pairwise/4346_8zbn_B_A.pdb,data/filtered/details/structures_files/pymol/4346_8zbn_B_A.py,,data/filtered/details/structures_files/assembly/4346_8zbn.pdb,"Heteromer, 16 proteins."
4347,8zbn,data/filtered/details/structures_files/pairwise/4347_8zbn_B_C.pdb,data/filtered/details/structures_files/pymol/4347_8zbn_B_C.py,,data/filtered/details/structures_files/assembly/4347_8zbn.pdb,"Heteromer, 16 proteins."
4349,8p94,data/filtered/details/structures_files/pairwise/4349_8p94_O_P.pdb,data/filtered/details/structures_files/pymol/4349_8p94_O_P.py,data/filtered/details/structures_files/assembly/4349_8p94.cif,,"Heteromer, 20 proteins, 10 peptides."
4350,8p94,data/filtered/details/structures_files/pairwise/4350_8p94_O_Q.pdb,data/filtered/details/structures_files/pymol/4350_8p94_O_Q.py,data/filtered/details/structures_files/assembly/4350_8p94.cif,,"Heteromer, 20 proteins, 10 peptides."
4353,8dd0,data/filtered/details/structures_files/pairwise/4353_8dd0_D_E.pdb,data/filtered/details/structures_files/pymol/4353_8dd0_D_E.py,,data/filtered/details/structures_files/assembly/4353_8dd0.pdb,"Heteromer, 16 proteins."
4354,8dd0,data/filtered/details/structures_files/pairwise/4354_8dd0_D_F.pdb,data/filtered/details/structures_files/pymol/4354_8dd0_D_F.py,,data/filtered/details/structures_files/assembly/4354_8dd0.pdb,"Heteromer, 16 proteins."
4355,8dd0,data/filtered/details/structures_files/pairwise/4355_8dd0_D_L.pdb,data/filtered/details/structures_files/pymol/4355_8dd0_D_L.py,,data/filtered/details/structures_files/assembly/4355_8dd0.pdb,"Heteromer, 16 proteins."
4356,8dd0,data/filtered/details/structures_files/pairwise/4356_8dd0_D_O.pdb,data/filtered/details/structures_files/pymol/4356_8dd0_D_O.py,,data/filtered/details/structures_files/assembly/4356_8dd0.pdb,"Heteromer, 16 proteins."
4357,8dd0,data/filtered/details/structures_files/pairwise/4357_8dd0_D_P.pdb,data/filtered/details/structures_files/pymol/4357_8dd0_D_P.py,,data/filtered/details/structures_files/assembly/4357_8dd0.pdb,"Heteromer, 16 proteins."
4358,5yu8,data/filtered/details/structures_files/pairwise/4358_5yu8_E_J.pdb,data/filtered/details/structures_files/pymol/4358_5yu8_E_J.py,,data/filtered/details/structures_files/assembly/4358_5yu8.pdb,"Heteromer, 8 proteins."
4360,5yu8,data/filtered/details/structures_files/pairwise/4360_5yu8_E_C.pdb,data/filtered/details/structures_files/pymol/4360_5yu8_E_C.py,,data/filtered/details/structures_files/assembly/4360_5yu8.pdb,"Heteromer, 8 proteins."
4361,8uxx,data/filtered/details/structures_files/pairwise/4361_8uxx_M_E.pdb,data/filtered/details/structures_files/pymol/4361_8uxx_M_E.py,,data/filtered/details/structures_files/assembly/4361_8uxx.pdb,"Heteromer, 15 proteins."
4362,8uxx,data/filtered/details/structures_files/pairwise/4362_8uxx_M_N.pdb,data/filtered/details/structures_files/pymol/4362_8uxx_M_N.py,,data/filtered/details/structures_files/assembly/4362_8uxx.pdb,"Heteromer, 15 proteins."
4363,8uxx,data/filtered/details/structures_files/pairwise/4363_8uxx_M_O.pdb,data/filtered/details/structures_files/pymol/4363_8uxx_M_O.py,,data/filtered/details/structures_files/assembly/4363_8uxx.pdb,"Heteromer, 15 proteins."
4368,8p94,data/filtered/details/structures_files/pairwise/4368_8p94_N_E.pdb,data/filtered/details/structures_files/pymol/4368_8p94_N_E.py,data/filtered/details/structures_files/assembly/4368_8p94.cif,,"Heteromer, 20 proteins, 10 peptides."
4369,8p94,data/filtered/details/structures_files/pairwise/4369_8p94_N_O.pdb,data/filtered/details/structures_files/pymol/4369_8p94_N_O.py,data/filtered/details/structures_files/assembly/4369_8p94.cif,,"Heteromer, 20 proteins, 10 peptides."
4370,8p94,data/filtered/details/structures_files/pairwise/4370_8p94_N_P.pdb,data/filtered/details/structures_files/pymol/4370_8p94_N_P.py,data/filtered/details/structures_files/assembly/4370_8p94.cif,,"Heteromer, 20 proteins, 10 peptides."
4373,8dd0,data/filtered/details/structures_files/pairwise/4373_8dd0_C_D.pdb,data/filtered/details/structures_files/pymol/4373_8dd0_C_D.py,,data/filtered/details/structures_files/assembly/4373_8dd0.pdb,"Heteromer, 16 proteins."
4374,8dd0,data/filtered/details/structures_files/pairwise/4374_8dd0_C_E.pdb,data/filtered/details/structures_files/pymol/4374_8dd0_C_E.py,,data/filtered/details/structures_files/assembly/4374_8dd0.pdb,"Heteromer, 16 proteins."
4375,8dd0,data/filtered/details/structures_files/pairwise/4375_8dd0_C_G.pdb,data/filtered/details/structures_files/pymol/4375_8dd0_C_G.py,,data/filtered/details/structures_files/assembly/4375_8dd0.pdb,"Heteromer, 16 proteins."
4376,8dd0,data/filtered/details/structures_files/pairwise/4376_8dd0_C_J.pdb,data/filtered/details/structures_files/pymol/4376_8dd0_C_J.py,,data/filtered/details/structures_files/assembly/4376_8dd0.pdb,"Heteromer, 16 proteins."
4377,8dd0,data/filtered/details/structures_files/pairwise/4377_8dd0_C_K.pdb,data/filtered/details/structures_files/pymol/4377_8dd0_C_K.py,,data/filtered/details/structures_files/assembly/4377_8dd0.pdb,"Heteromer, 16 proteins."
4378,5yu8,data/filtered/details/structures_files/pairwise/4378_5yu8_D_I.pdb,data/filtered/details/structures_files/pymol/4378_5yu8_D_I.py,,data/filtered/details/structures_files/assembly/4378_5yu8.pdb,"Heteromer, 8 proteins."
4379,5yu8,data/filtered/details/structures_files/pairwise/4379_5yu8_D_E.pdb,data/filtered/details/structures_files/pymol/4379_5yu8_D_E.py,,data/filtered/details/structures_files/assembly/4379_5yu8.pdb,"Heteromer, 8 proteins."
438,8f8t,data/filtered/details/structures_files/pairwise/438_8f8t_D_E.pdb,data/filtered/details/structures_files/pymol/438_8f8t_D_E.py,data/filtered/details/structures_files/assembly/438_8f8t.cif,,"Heteromer, 8 proteins."
4380,5yu8,data/filtered/details/structures_files/pairwise/4380_5yu8_D_B.pdb,data/filtered/details/structures_files/pymol/4380_5yu8_D_B.py,,data/filtered/details/structures_files/assembly/4380_5yu8.pdb,"Heteromer, 8 proteins."
4381,5yu8,data/filtered/details/structures_files/pairwise/4381_5yu8_D_C.pdb,data/filtered/details/structures_files/pymol/4381_5yu8_D_C.py,,data/filtered/details/structures_files/assembly/4381_5yu8.pdb,"Heteromer, 8 proteins."
4382,8uxx,data/filtered/details/structures_files/pairwise/4382_8uxx_I_B.pdb,data/filtered/details/structures_files/pymol/4382_8uxx_I_B.py,,data/filtered/details/structures_files/assembly/4382_8uxx.pdb,"Heteromer, 15 proteins."
4387,7ad9,data/filtered/details/structures_files/pairwise/4387_7ad9_H_I.pdb,data/filtered/details/structures_files/pymol/4387_7ad9_H_I.py,,data/filtered/details/structures_files/assembly/4387_7ad9.pdb,"Heteromer, 5 proteins, 10 peptides."
439,8f8t,data/filtered/details/structures_files/pairwise/439_8f8t_D_F.pdb,data/filtered/details/structures_files/pymol/439_8f8t_D_F.py,data/filtered/details/structures_files/assembly/439_8f8t.cif,,"Heteromer, 8 proteins."
4390,8v30,data/filtered/details/structures_files/pairwise/4390_8v30_D_E.pdb,data/filtered/details/structures_files/pymol/4390_8v30_D_E.py,,data/filtered/details/structures_files/assembly/4390_8v30.pdb,"Heteromer, 5 proteins, 5 peptides."
4391,8p94,data/filtered/details/structures_files/pairwise/4391_8p94_K_B.pdb,data/filtered/details/structures_files/pymol/4391_8p94_K_B.py,data/filtered/details/structures_files/assembly/4391_8p94.cif,,"Heteromer, 20 proteins, 10 peptides."
4394,8p94,data/filtered/details/structures_files/pairwise/4394_8p94_K_W.pdb,data/filtered/details/structures_files/pymol/4394_8p94_K_W.py,data/filtered/details/structures_files/assembly/4394_8p94.cif,,"Heteromer, 20 proteins, 10 peptides."
4396,8dd0,data/filtered/details/structures_files/pairwise/4396_8dd0_B_C.pdb,data/filtered/details/structures_files/pymol/4396_8dd0_B_C.py,,data/filtered/details/structures_files/assembly/4396_8dd0.pdb,"Heteromer, 16 proteins."
4397,8dd0,data/filtered/details/structures_files/pairwise/4397_8dd0_B_D.pdb,data/filtered/details/structures_files/pymol/4397_8dd0_B_D.py,,data/filtered/details/structures_files/assembly/4397_8dd0.pdb,"Heteromer, 16 proteins."
4398,8dd0,data/filtered/details/structures_files/pairwise/4398_8dd0_B_N.pdb,data/filtered/details/structures_files/pymol/4398_8dd0_B_N.py,,data/filtered/details/structures_files/assembly/4398_8dd0.pdb,"Heteromer, 16 proteins."
4399,8dd0,data/filtered/details/structures_files/pairwise/4399_8dd0_B_P.pdb,data/filtered/details/structures_files/pymol/4399_8dd0_B_P.py,,data/filtered/details/structures_files/assembly/4399_8dd0.pdb,"Heteromer, 16 proteins."
44,9ug2,data/filtered/details/structures_files/pairwise/44_9ug2_E_A.pdb,data/filtered/details/structures_files/pymol/44_9ug2_E_A.py,,data/filtered/details/structures_files/assembly/44_9ug2.pdb,"Heteromer, 6 proteins, 3 peptides."
440,6vau,data/filtered/details/structures_files/pairwise/440_6vau_D_C.pdb,data/filtered/details/structures_files/pymol/440_6vau_D_C.py,,data/filtered/details/structures_files/assembly/440_6vau.pdb,"Homomer, 5 proteins."
4403,8uxx,data/filtered/details/structures_files/pairwise/4403_8uxx_H_A.pdb,data/filtered/details/structures_files/pymol/4403_8uxx_H_A.py,,data/filtered/details/structures_files/assembly/4403_8uxx.pdb,"Heteromer, 15 proteins."
4404,8uxx,data/filtered/details/structures_files/pairwise/4404_8uxx_H_B.pdb,data/filtered/details/structures_files/pymol/4404_8uxx_H_B.py,,data/filtered/details/structures_files/assembly/4404_8uxx.pdb,"Heteromer, 15 proteins."
4405,8uxx,data/filtered/details/structures_files/pairwise/4405_8uxx_H_I.pdb,data/filtered/details/structures_files/pymol/4405_8uxx_H_I.py,,data/filtered/details/structures_files/assembly/4405_8uxx.pdb,"Heteromer, 15 proteins."
4408,7ad9,data/filtered/details/structures_files/pairwise/4408_7ad9_D_H.pdb,data/filtered/details/structures_files/pymol/4408_7ad9_D_H.py,,data/filtered/details/structures_files/assembly/4408_7ad9.pdb,"Heteromer, 5 proteins, 10 peptides."
441,6vau,data/filtered/details/structures_files/pairwise/441_6vau_D_B.pdb,data/filtered/details/structures_files/pymol/441_6vau_D_B.py,,data/filtered/details/structures_files/assembly/441_6vau.pdb,"Homomer, 5 proteins."
4411,8v30,data/filtered/details/structures_files/pairwise/4411_8v30_C_D.pdb,data/filtered/details/structures_files/pymol/4411_8v30_C_D.py,,data/filtered/details/structures_files/assembly/4411_8v30.pdb,"Heteromer, 5 proteins, 5 peptides."
4412,8v30,data/filtered/details/structures_files/pairwise/4412_8v30_C_E.pdb,data/filtered/details/structures_files/pymol/4412_8v30_C_E.py,,data/filtered/details/structures_files/assembly/4412_8v30.pdb,"Heteromer, 5 proteins, 5 peptides."
4413,8p94,data/filtered/details/structures_files/pairwise/4413_8p94_J_A.pdb,data/filtered/details/structures_files/pymol/4413_8p94_J_A.py,data/filtered/details/structures_files/assembly/4413_8p94.cif,,"Heteromer, 20 proteins, 10 peptides."
4414,8p94,data/filtered/details/structures_files/pairwise/4414_8p94_J_B.pdb,data/filtered/details/structures_files/pymol/4414_8p94_J_B.py,data/filtered/details/structures_files/assembly/4414_8p94.cif,,"Heteromer, 20 proteins, 10 peptides."
4415,8p94,data/filtered/details/structures_files/pairwise/4415_8p94_J_G.pdb,data/filtered/details/structures_files/pymol/4415_8p94_J_G.py,data/filtered/details/structures_files/assembly/4415_8p94.cif,,"Heteromer, 20 proteins, 10 peptides."
4417,8p94,data/filtered/details/structures_files/pairwise/4417_8p94_J_I.pdb,data/filtered/details/structures_files/pymol/4417_8p94_J_I.py,data/filtered/details/structures_files/assembly/4417_8p94.cif,,"Heteromer, 20 proteins, 10 peptides."
4418,8p94,data/filtered/details/structures_files/pairwise/4418_8p94_J_K.pdb,data/filtered/details/structures_files/pymol/4418_8p94_J_K.py,data/filtered/details/structures_files/assembly/4418_8p94.cif,,"Heteromer, 20 proteins, 10 peptides."
4419,8dd0,data/filtered/details/structures_files/pairwise/4419_8dd0_A_B.pdb,data/filtered/details/structures_files/pymol/4419_8dd0_A_B.py,,data/filtered/details/structures_files/assembly/4419_8dd0.pdb,"Heteromer, 16 proteins."
4420,8dd0,data/filtered/details/structures_files/pairwise/4420_8dd0_A_C.pdb,data/filtered/details/structures_files/pymol/4420_8dd0_A_C.py,,data/filtered/details/structures_files/assembly/4420_8dd0.pdb,"Heteromer, 16 proteins."
4421,8dd0,data/filtered/details/structures_files/pairwise/4421_8dd0_A_I.pdb,data/filtered/details/structures_files/pymol/4421_8dd0_A_I.py,,data/filtered/details/structures_files/assembly/4421_8dd0.pdb,"Heteromer, 16 proteins."
4422,8dd0,data/filtered/details/structures_files/pairwise/4422_8dd0_A_K.pdb,data/filtered/details/structures_files/pymol/4422_8dd0_A_K.py,,data/filtered/details/structures_files/assembly/4422_8dd0.pdb,"Heteromer, 16 proteins."
4425,8uxw,data/filtered/details/structures_files/pairwise/4425_8uxw_R_D.pdb,data/filtered/details/structures_files/pymol/4425_8uxw_R_D.py,,data/filtered/details/structures_files/assembly/4425_8uxw.pdb,"Heteromer, 15 proteins."
4428,7ad9,data/filtered/details/structures_files/pairwise/4428_7ad9_F_D.pdb,data/filtered/details/structures_files/pymol/4428_7ad9_F_D.py,,data/filtered/details/structures_files/assembly/4428_7ad9.pdb,"Heteromer, 5 proteins, 10 peptides."
4429,7ad9,data/filtered/details/structures_files/pairwise/4429_7ad9_F_H.pdb,data/filtered/details/structures_files/pymol/4429_7ad9_F_H.py,,data/filtered/details/structures_files/assembly/4429_7ad9.pdb,"Heteromer, 5 proteins, 10 peptides."
4430,7ad9,data/filtered/details/structures_files/pairwise/4430_7ad9_F_I.pdb,data/filtered/details/structures_files/pymol/4430_7ad9_F_I.py,,data/filtered/details/structures_files/assembly/4430_7ad9.pdb,"Heteromer, 5 proteins, 10 peptides."
4432,8v30,data/filtered/details/structures_files/pairwise/4432_8v30_B_C.pdb,data/filtered/details/structures_files/pymol/4432_8v30_B_C.py,,data/filtered/details/structures_files/assembly/4432_8v30.pdb,"Heteromer, 5 proteins, 5 peptides."
4433,8v30,data/filtered/details/structures_files/pairwise/4433_8v30_B_D.pdb,data/filtered/details/structures_files/pymol/4433_8v30_B_D.py,,data/filtered/details/structures_files/assembly/4433_8v30.pdb,"Heteromer, 5 proteins, 5 peptides."
4434,8p94,data/filtered/details/structures_files/pairwise/4434_8p94_H_I.pdb,data/filtered/details/structures_files/pymol/4434_8p94_H_I.py,data/filtered/details/structures_files/assembly/4434_8p94.cif,,"Heteromer, 20 proteins, 10 peptides."
4435,8p94,data/filtered/details/structures_files/pairwise/4435_8p94_H_J.pdb,data/filtered/details/structures_files/pymol/4435_8p94_H_J.py,data/filtered/details/structures_files/assembly/4435_8p94.cif,,"Heteromer, 20 proteins, 10 peptides."
4436,8p94,data/filtered/details/structures_files/pairwise/4436_8p94_H_K.pdb,data/filtered/details/structures_files/pymol/4436_8p94_H_K.py,data/filtered/details/structures_files/assembly/4436_8p94.cif,,"Heteromer, 20 proteins, 10 peptides."
4437,8p94,data/filtered/details/structures_files/pairwise/4437_8p94_H_U.pdb,data/filtered/details/structures_files/pymol/4437_8p94_H_U.py,data/filtered/details/structures_files/assembly/4437_8p94.cif,,"Heteromer, 20 proteins, 10 peptides."
4438,8p94,data/filtered/details/structures_files/pairwise/4438_8p94_H_V.pdb,data/filtered/details/structures_files/pymol/4438_8p94_H_V.py,data/filtered/details/structures_files/assembly/4438_8p94.cif,,"Heteromer, 20 proteins, 10 peptides."
4439,8p94,data/filtered/details/structures_files/pairwise/4439_8p94_H_W.pdb,data/filtered/details/structures_files/pymol/4439_8p94_H_W.py,data/filtered/details/structures_files/assembly/4439_8p94.cif,,"Heteromer, 20 proteins, 10 peptides."
444,8iah,data/filtered/details/structures_files/pairwise/444_8iah_A_B.pdb,data/filtered/details/structures_files/pymol/444_8iah_A_B.py,data/filtered/details/structures_files/assembly/444_8iah.cif,,"Heteromer, 36 proteins."
4440,8enc,data/filtered/details/structures_files/pairwise/4440_8enc_F_M.pdb,data/filtered/details/structures_files/pymol/4440_8enc_F_M.py,,data/filtered/details/structures_files/assembly/4440_8enc.pdb,"Heteromer, 8 proteins."
4445,8enc,data/filtered/details/structures_files/pairwise/4445_8enc_F_O.pdb,data/filtered/details/structures_files/pymol/4445_8enc_F_O.py,,data/filtered/details/structures_files/assembly/4445_8enc.pdb,"Heteromer, 8 proteins."
4448,6c1g,data/filtered/details/structures_files/pairwise/4448_6c1g_D_E.pdb,data/filtered/details/structures_files/pymol/4448_6c1g_D_E.py,,data/filtered/details/structures_files/assembly/4448_6c1g.pdb,"Heteromer, 7 proteins."
4449,6c1g,data/filtered/details/structures_files/pairwise/4449_6c1g_D_P.pdb,data/filtered/details/structures_files/pymol/4449_6c1g_D_P.py,,data/filtered/details/structures_files/assembly/4449_6c1g.pdb,"Heteromer, 7 proteins."
445,8iah,data/filtered/details/structures_files/pairwise/445_8iah_A_C.pdb,data/filtered/details/structures_files/pymol/445_8iah_A_C.py,data/filtered/details/structures_files/assembly/445_8iah.cif,,"Heteromer, 36 proteins."
4450,8uxw,data/filtered/details/structures_files/pairwise/4450_8uxw_Q_C.pdb,data/filtered/details/structures_files/pymol/4450_8uxw_Q_C.py,,data/filtered/details/structures_files/assembly/4450_8uxw.pdb,"Heteromer, 15 proteins."
4451,8uxw,data/filtered/details/structures_files/pairwise/4451_8uxw_Q_D.pdb,data/filtered/details/structures_files/pymol/4451_8uxw_Q_D.py,,data/filtered/details/structures_files/assembly/4451_8uxw.pdb,"Heteromer, 15 proteins."
4452,8uxw,data/filtered/details/structures_files/pairwise/4452_8uxw_Q_F.pdb,data/filtered/details/structures_files/pymol/4452_8uxw_Q_F.py,,data/filtered/details/structures_files/assembly/4452_8uxw.pdb,"Heteromer, 15 proteins."
4455,8uxw,data/filtered/details/structures_files/pairwise/4455_8uxw_Q_R.pdb,data/filtered/details/structures_files/pymol/4455_8uxw_Q_R.py,,data/filtered/details/structures_files/assembly/4455_8uxw.pdb,"Heteromer, 15 proteins."
4456,7ad9,data/filtered/details/structures_files/pairwise/4456_7ad9_B_D.pdb,data/filtered/details/structures_files/pymol/4456_7ad9_B_D.py,,data/filtered/details/structures_files/assembly/4456_7ad9.pdb,"Heteromer, 5 proteins, 10 peptides."
4457,7ad9,data/filtered/details/structures_files/pairwise/4457_7ad9_B_H.pdb,data/filtered/details/structures_files/pymol/4457_7ad9_B_H.py,,data/filtered/details/structures_files/assembly/4457_7ad9.pdb,"Heteromer, 5 proteins, 10 peptides."
4458,8v30,data/filtered/details/structures_files/pairwise/4458_8v30_A_B.pdb,data/filtered/details/structures_files/pymol/4458_8v30_A_B.py,,data/filtered/details/structures_files/assembly/4458_8v30.pdb,"Heteromer, 5 proteins, 5 peptides."
4459,8v30,data/filtered/details/structures_files/pairwise/4459_8v30_A_C.pdb,data/filtered/details/structures_files/pymol/4459_8v30_A_C.py,,data/filtered/details/structures_files/assembly/4459_8v30.pdb,"Heteromer, 5 proteins, 5 peptides."
446,8iah,data/filtered/details/structures_files/pairwise/446_8iah_A_M.pdb,data/filtered/details/structures_files/pymol/446_8iah_A_M.py,data/filtered/details/structures_files/assembly/446_8iah.cif,,"Heteromer, 36 proteins."
4464,8enc,data/filtered/details/structures_files/pairwise/4464_8enc_E_F.pdb,data/filtered/details/structures_files/pymol/4464_8enc_E_F.py,,data/filtered/details/structures_files/assembly/4464_8enc.pdb,"Heteromer, 8 proteins."
4467,8uxw,data/filtered/details/structures_files/pairwise/4467_8uxw_P_A.pdb,data/filtered/details/structures_files/pymol/4467_8uxw_P_A.py,,data/filtered/details/structures_files/assembly/4467_8uxw.pdb,"Heteromer, 15 proteins."
447,8iah,data/filtered/details/structures_files/pairwise/447_8iah_A_U.pdb,data/filtered/details/structures_files/pymol/447_8iah_A_U.py,data/filtered/details/structures_files/assembly/447_8iah.cif,,"Heteromer, 36 proteins."
4470,8uxw,data/filtered/details/structures_files/pairwise/4470_8uxw_P_Q.pdb,data/filtered/details/structures_files/pymol/4470_8uxw_P_Q.py,,data/filtered/details/structures_files/assembly/4470_8uxw.pdb,"Heteromer, 15 proteins."
4471,8uxw,data/filtered/details/structures_files/pairwise/4471_8uxw_P_R.pdb,data/filtered/details/structures_files/pymol/4471_8uxw_P_R.py,,data/filtered/details/structures_files/assembly/4471_8uxw.pdb,"Heteromer, 15 proteins."
4476,8oi6,data/filtered/details/structures_files/pairwise/4476_8oi6_C_D.pdb,data/filtered/details/structures_files/pymol/4476_8oi6_C_D.py,,data/filtered/details/structures_files/assembly/4476_8oi6.pdb,"Heteromer, 4 proteins, 3 peptides."
4478,8enc,data/filtered/details/structures_files/pairwise/4478_8enc_D_E.pdb,data/filtered/details/structures_files/pymol/4478_8enc_D_E.py,,data/filtered/details/structures_files/assembly/4478_8enc.pdb,"Heteromer, 8 proteins."
4479,8enc,data/filtered/details/structures_files/pairwise/4479_8enc_D_F.pdb,data/filtered/details/structures_files/pymol/4479_8enc_D_F.py,,data/filtered/details/structures_files/assembly/4479_8enc.pdb,"Heteromer, 8 proteins."
448,8iah,data/filtered/details/structures_files/pairwise/448_8iah_A_Y.pdb,data/filtered/details/structures_files/pymol/448_8iah_A_Y.py,data/filtered/details/structures_files/assembly/448_8iah.cif,,"Heteromer, 36 proteins."
4481,6c1g,data/filtered/details/structures_files/pairwise/4481_6c1g_C_A.pdb,data/filtered/details/structures_files/pymol/4481_6c1g_C_A.py,,data/filtered/details/structures_files/assembly/4481_6c1g.pdb,"Heteromer, 7 proteins."
4482,6c1g,data/filtered/details/structures_files/pairwise/4482_6c1g_C_D.pdb,data/filtered/details/structures_files/pymol/4482_6c1g_C_D.py,,data/filtered/details/structures_files/assembly/4482_6c1g.pdb,"Heteromer, 7 proteins."
4483,6c1g,data/filtered/details/structures_files/pairwise/4483_6c1g_C_E.pdb,data/filtered/details/structures_files/pymol/4483_6c1g_C_E.py,,data/filtered/details/structures_files/assembly/4483_6c1g.pdb,"Heteromer, 7 proteins."
4484,8uxw,data/filtered/details/structures_files/pairwise/4484_8uxw_O_A.pdb,data/filtered/details/structures_files/pymol/4484_8uxw_O_A.py,,data/filtered/details/structures_files/assembly/4484_8uxw.pdb,"Heteromer, 15 proteins."
4485,8uxw,data/filtered/details/structures_files/pairwise/4485_8uxw_O_C.pdb,data/filtered/details/structures_files/pymol/4485_8uxw_O_C.py,,data/filtered/details/structures_files/assembly/4485_8uxw.pdb,"Heteromer, 15 proteins."
4486,8uxw,data/filtered/details/structures_files/pairwise/4486_8uxw_O_D.pdb,data/filtered/details/structures_files/pymol/4486_8uxw_O_D.py,,data/filtered/details/structures_files/assembly/4486_8uxw.pdb,"Heteromer, 15 proteins."
4487,8uxw,data/filtered/details/structures_files/pairwise/4487_8uxw_O_E.pdb,data/filtered/details/structures_files/pymol/4487_8uxw_O_E.py,,data/filtered/details/structures_files/assembly/4487_8uxw.pdb,"Heteromer, 15 proteins."
4490,8uxw,data/filtered/details/structures_files/pairwise/4490_8uxw_O_P.pdb,data/filtered/details/structures_files/pymol/4490_8uxw_O_P.py,,data/filtered/details/structures_files/assembly/4490_8uxw.pdb,"Heteromer, 15 proteins."
4491,8uxw,data/filtered/details/structures_files/pairwise/4491_8uxw_O_Q.pdb,data/filtered/details/structures_files/pymol/4491_8uxw_O_Q.py,,data/filtered/details/structures_files/assembly/4491_8uxw.pdb,"Heteromer, 15 proteins."
4497,8v2z,data/filtered/details/structures_files/pairwise/4497_8v2z_D_E.pdb,data/filtered/details/structures_files/pymol/4497_8v2z_D_E.py,,data/filtered/details/structures_files/assembly/4497_8v2z.pdb,"Homomer, 5 proteins."
4499,8oi6,data/filtered/details/structures_files/pairwise/4499_8oi6_B_C.pdb,data/filtered/details/structures_files/pymol/4499_8oi6_B_C.py,,data/filtered/details/structures_files/assembly/4499_8oi6.pdb,"Heteromer, 4 proteins, 3 peptides."
4500,8oi6,data/filtered/details/structures_files/pairwise/4500_8oi6_B_D.pdb,data/filtered/details/structures_files/pymol/4500_8oi6_B_D.py,,data/filtered/details/structures_files/assembly/4500_8oi6.pdb,"Heteromer, 4 proteins, 3 peptides."
4501,8enc,data/filtered/details/structures_files/pairwise/4501_8enc_C_E.pdb,data/filtered/details/structures_files/pymol/4501_8enc_C_E.py,,data/filtered/details/structures_files/assembly/4501_8enc.pdb,"Heteromer, 8 proteins."
4502,8enc,data/filtered/details/structures_files/pairwise/4502_8enc_C_F.pdb,data/filtered/details/structures_files/pymol/4502_8enc_C_F.py,,data/filtered/details/structures_files/assembly/4502_8enc.pdb,"Heteromer, 8 proteins."
4503,8enc,data/filtered/details/structures_files/pairwise/4503_8enc_C_P.pdb,data/filtered/details/structures_files/pymol/4503_8enc_C_P.py,,data/filtered/details/structures_files/assembly/4503_8enc.pdb,"Heteromer, 8 proteins."
4504,6c1g,data/filtered/details/structures_files/pairwise/4504_6c1g_B_C.pdb,data/filtered/details/structures_files/pymol/4504_6c1g_B_C.py,,data/filtered/details/structures_files/assembly/4504_6c1g.pdb,"Heteromer, 7 proteins."
4505,6c1g,data/filtered/details/structures_files/pairwise/4505_6c1g_B_A.pdb,data/filtered/details/structures_files/pymol/4505_6c1g_B_A.py,,data/filtered/details/structures_files/assembly/4505_6c1g.pdb,"Heteromer, 7 proteins."
4506,6c1g,data/filtered/details/structures_files/pairwise/4506_6c1g_B_D.pdb,data/filtered/details/structures_files/pymol/4506_6c1g_B_D.py,,data/filtered/details/structures_files/assembly/4506_6c1g.pdb,"Heteromer, 7 proteins."
4507,6c1g,data/filtered/details/structures_files/pairwise/4507_6c1g_B_P.pdb,data/filtered/details/structures_files/pymol/4507_6c1g_B_P.py,,data/filtered/details/structures_files/assembly/4507_6c1g.pdb,"Heteromer, 7 proteins."
4509,8uxw,data/filtered/details/structures_files/pairwise/4509_8uxw_N_O.pdb,data/filtered/details/structures_files/pymol/4509_8uxw_N_O.py,,data/filtered/details/structures_files/assembly/4509_8uxw.pdb,"Heteromer, 15 proteins."
451,9gob,data/filtered/details/structures_files/pairwise/451_9gob_A_B.pdb,data/filtered/details/structures_files/pymol/451_9gob_A_B.py,,data/filtered/details/structures_files/assembly/451_9gob.pdb,"Heteromer, 6 proteins."
4510,8uxw,data/filtered/details/structures_files/pairwise/4510_8uxw_N_P.pdb,data/filtered/details/structures_files/pymol/4510_8uxw_N_P.py,,data/filtered/details/structures_files/assembly/4510_8uxw.pdb,"Heteromer, 15 proteins."
4513,6u96,data/filtered/details/structures_files/pairwise/4513_6u96_C_B.pdb,data/filtered/details/structures_files/pymol/4513_6u96_C_B.py,,data/filtered/details/structures_files/assembly/4513_6u96.pdb,"Heteromer, 5 proteins, 5 peptides."
4516,8v2z,data/filtered/details/structures_files/pairwise/4516_8v2z_C_D.pdb,data/filtered/details/structures_files/pymol/4516_8v2z_C_D.py,,data/filtered/details/structures_files/assembly/4516_8v2z.pdb,"Homomer, 5 proteins."
4517,8v2z,data/filtered/details/structures_files/pairwise/4517_8v2z_C_E.pdb,data/filtered/details/structures_files/pymol/4517_8v2z_C_E.py,,data/filtered/details/structures_files/assembly/4517_8v2z.pdb,"Homomer, 5 proteins."
4518,8oi6,data/filtered/details/structures_files/pairwise/4518_8oi6_A_B.pdb,data/filtered/details/structures_files/pymol/4518_8oi6_A_B.py,,data/filtered/details/structures_files/assembly/4518_8oi6.pdb,"Heteromer, 4 proteins, 3 peptides."
4519,8oi6,data/filtered/details/structures_files/pairwise/4519_8oi6_A_C.pdb,data/filtered/details/structures_files/pymol/4519_8oi6_A_C.py,,data/filtered/details/structures_files/assembly/4519_8oi6.pdb,"Heteromer, 4 proteins, 3 peptides."
4520,8enc,data/filtered/details/structures_files/pairwise/4520_8enc_B_M.pdb,data/filtered/details/structures_files/pymol/4520_8enc_B_M.py,,data/filtered/details/structures_files/assembly/4520_8enc.pdb,"Heteromer, 8 proteins."
4521,8enc,data/filtered/details/structures_files/pairwise/4521_8enc_B_D.pdb,data/filtered/details/structures_files/pymol/4521_8enc_B_D.py,,data/filtered/details/structures_files/assembly/4521_8enc.pdb,"Heteromer, 8 proteins."
4522,8enc,data/filtered/details/structures_files/pairwise/4522_8enc_B_F.pdb,data/filtered/details/structures_files/pymol/4522_8enc_B_F.py,,data/filtered/details/structures_files/assembly/4522_8enc.pdb,"Heteromer, 8 proteins."
4523,8enc,data/filtered/details/structures_files/pairwise/4523_8enc_B_P.pdb,data/filtered/details/structures_files/pymol/4523_8enc_B_P.py,,data/filtered/details/structures_files/assembly/4523_8enc.pdb,"Heteromer, 8 proteins."
4524,6c1d,data/filtered/details/structures_files/pairwise/4524_6c1d_B_P.pdb,data/filtered/details/structures_files/pymol/4524_6c1d_B_P.py,,data/filtered/details/structures_files/assembly/4524_6c1d.pdb,"Heteromer, 7 proteins, 1 peptide."
4528,8uxw,data/filtered/details/structures_files/pairwise/4528_8uxw_M_E.pdb,data/filtered/details/structures_files/pymol/4528_8uxw_M_E.py,,data/filtered/details/structures_files/assembly/4528_8uxw.pdb,"Heteromer, 15 proteins."
4529,8uxw,data/filtered/details/structures_files/pairwise/4529_8uxw_M_N.pdb,data/filtered/details/structures_files/pymol/4529_8uxw_M_N.py,,data/filtered/details/structures_files/assembly/4529_8uxw.pdb,"Heteromer, 15 proteins."
4530,8uxw,data/filtered/details/structures_files/pairwise/4530_8uxw_M_O.pdb,data/filtered/details/structures_files/pymol/4530_8uxw_M_O.py,,data/filtered/details/structures_files/assembly/4530_8uxw.pdb,"Heteromer, 15 proteins."
4533,6u96,data/filtered/details/structures_files/pairwise/4533_6u96_A_C.pdb,data/filtered/details/structures_files/pymol/4533_6u96_A_C.py,,data/filtered/details/structures_files/assembly/4533_6u96.pdb,"Heteromer, 5 proteins, 5 peptides."
4534,6u96,data/filtered/details/structures_files/pairwise/4534_6u96_A_B.pdb,data/filtered/details/structures_files/pymol/4534_6u96_A_B.py,,data/filtered/details/structures_files/assembly/4534_6u96.pdb,"Heteromer, 5 proteins, 5 peptides."
4536,8v2z,data/filtered/details/structures_files/pairwise/4536_8v2z_B_C.pdb,data/filtered/details/structures_files/pymol/4536_8v2z_B_C.py,,data/filtered/details/structures_files/assembly/4536_8v2z.pdb,"Homomer, 5 proteins."
4537,8v2z,data/filtered/details/structures_files/pairwise/4537_8v2z_B_D.pdb,data/filtered/details/structures_files/pymol/4537_8v2z_B_D.py,,data/filtered/details/structures_files/assembly/4537_8v2z.pdb,"Homomer, 5 proteins."
4538,8iai,data/filtered/details/structures_files/pairwise/4538_8iai_K_1.pdb,data/filtered/details/structures_files/pymol/4538_8iai_K_1.py,data/filtered/details/structures_files/assembly/4538_8iai.cif,,"Heteromer, 31 proteins."
4539,8iai,data/filtered/details/structures_files/pairwise/4539_8iai_K_3.pdb,data/filtered/details/structures_files/pymol/4539_8iai_K_3.py,data/filtered/details/structures_files/assembly/4539_8iai.cif,,"Heteromer, 31 proteins."
454,8f8t,data/filtered/details/structures_files/pairwise/454_8f8t_C_D.pdb,data/filtered/details/structures_files/pymol/454_8f8t_C_D.py,data/filtered/details/structures_files/assembly/454_8f8t.cif,,"Heteromer, 8 proteins."
4540,8iai,data/filtered/details/structures_files/pairwise/4540_8iai_K_9.pdb,data/filtered/details/structures_files/pymol/4540_8iai_K_9.py,data/filtered/details/structures_files/assembly/4540_8iai.cif,,"Heteromer, 31 proteins."
4543,8efi,data/filtered/details/structures_files/pairwise/4543_8efi_F_M.pdb,data/filtered/details/structures_files/pymol/4543_8efi_F_M.py,,data/filtered/details/structures_files/assembly/4543_8efi.pdb,"Heteromer, 8 proteins."
4548,8efi,data/filtered/details/structures_files/pairwise/4548_8efi_F_O.pdb,data/filtered/details/structures_files/pymol/4548_8efi_F_O.py,,data/filtered/details/structures_files/assembly/4548_8efi.pdb,"Heteromer, 8 proteins."
455,8f8t,data/filtered/details/structures_files/pairwise/455_8f8t_C_E.pdb,data/filtered/details/structures_files/pymol/455_8f8t_C_E.py,data/filtered/details/structures_files/assembly/455_8f8t.cif,,"Heteromer, 8 proteins."
4552,6c1d,data/filtered/details/structures_files/pairwise/4552_6c1d_C_B.pdb,data/filtered/details/structures_files/pymol/4552_6c1d_C_B.py,,data/filtered/details/structures_files/assembly/4552_6c1d.pdb,"Heteromer, 7 proteins, 1 peptide."
4553,8uxw,data/filtered/details/structures_files/pairwise/4553_8uxw_I_B.pdb,data/filtered/details/structures_files/pymol/4553_8uxw_I_B.py,,data/filtered/details/structures_files/assembly/4553_8uxw.pdb,"Heteromer, 15 proteins."
4555,6u96,data/filtered/details/structures_files/pairwise/4555_6u96_D_A.pdb,data/filtered/details/structures_files/pymol/4555_6u96_D_A.py,,data/filtered/details/structures_files/assembly/4555_6u96.pdb,"Heteromer, 5 proteins, 5 peptides."
4556,6u96,data/filtered/details/structures_files/pairwise/4556_6u96_D_B.pdb,data/filtered/details/structures_files/pymol/4556_6u96_D_B.py,,data/filtered/details/structures_files/assembly/4556_6u96.pdb,"Heteromer, 5 proteins, 5 peptides."
4557,8v2z,data/filtered/details/structures_files/pairwise/4557_8v2z_A_B.pdb,data/filtered/details/structures_files/pymol/4557_8v2z_A_B.py,,data/filtered/details/structures_files/assembly/4557_8v2z.pdb,"Homomer, 5 proteins."
4558,8v2z,data/filtered/details/structures_files/pairwise/4558_8v2z_A_C.pdb,data/filtered/details/structures_files/pymol/4558_8v2z_A_C.py,,data/filtered/details/structures_files/assembly/4558_8v2z.pdb,"Homomer, 5 proteins."
4559,8iai,data/filtered/details/structures_files/pairwise/4559_8iai_J_3.pdb,data/filtered/details/structures_files/pymol/4559_8iai_J_3.py,data/filtered/details/structures_files/assembly/4559_8iai.cif,,"Heteromer, 31 proteins."
456,8f8t,data/filtered/details/structures_files/pairwise/456_8f8t_C_T.pdb,data/filtered/details/structures_files/pymol/456_8f8t_C_T.py,data/filtered/details/structures_files/assembly/456_8f8t.cif,,"Heteromer, 8 proteins."
4562,8iai,data/filtered/details/structures_files/pairwise/4562_8iai_J_K.pdb,data/filtered/details/structures_files/pymol/4562_8iai_J_K.py,data/filtered/details/structures_files/assembly/4562_8iai.cif,,"Heteromer, 31 proteins."
4563,8iai,data/filtered/details/structures_files/pairwise/4563_8iai_J_T.pdb,data/filtered/details/structures_files/pymol/4563_8iai_J_T.py,data/filtered/details/structures_files/assembly/4563_8iai.cif,,"Heteromer, 31 proteins."
4566,8efi,data/filtered/details/structures_files/pairwise/4566_8efi_E_F.pdb,data/filtered/details/structures_files/pymol/4566_8efi_E_F.py,,data/filtered/details/structures_files/assembly/4566_8efi.pdb,"Heteromer, 8 proteins."
4567,6c1d,data/filtered/details/structures_files/pairwise/4567_6c1d_A_C.pdb,data/filtered/details/structures_files/pymol/4567_6c1d_A_C.py,,data/filtered/details/structures_files/assembly/4567_6c1d.pdb,"Heteromer, 7 proteins, 1 peptide."
4568,6c1d,data/filtered/details/structures_files/pairwise/4568_6c1d_A_B.pdb,data/filtered/details/structures_files/pymol/4568_6c1d_A_B.py,,data/filtered/details/structures_files/assembly/4568_6c1d.pdb,"Heteromer, 7 proteins, 1 peptide."
4569,8uxw,data/filtered/details/structures_files/pairwise/4569_8uxw_H_A.pdb,data/filtered/details/structures_files/pymol/4569_8uxw_H_A.py,,data/filtered/details/structures_files/assembly/4569_8uxw.pdb,"Heteromer, 15 proteins."
457,6vau,data/filtered/details/structures_files/pairwise/457_6vau_E_A.pdb,data/filtered/details/structures_files/pymol/457_6vau_E_A.py,,data/filtered/details/structures_files/assembly/457_6vau.pdb,"Homomer, 5 proteins."
4570,8uxw,data/filtered/details/structures_files/pairwise/4570_8uxw_H_B.pdb,data/filtered/details/structures_files/pymol/4570_8uxw_H_B.py,,data/filtered/details/structures_files/assembly/4570_8uxw.pdb,"Heteromer, 15 proteins."
4571,8uxw,data/filtered/details/structures_files/pairwise/4571_8uxw_H_I.pdb,data/filtered/details/structures_files/pymol/4571_8uxw_H_I.py,,data/filtered/details/structures_files/assembly/4571_8uxw.pdb,"Heteromer, 15 proteins."
4572,6u96,data/filtered/details/structures_files/pairwise/4572_6u96_E_A.pdb,data/filtered/details/structures_files/pymol/4572_6u96_E_A.py,,data/filtered/details/structures_files/assembly/4572_6u96.pdb,"Heteromer, 5 proteins, 5 peptides."
4573,6u96,data/filtered/details/structures_files/pairwise/4573_6u96_E_C.pdb,data/filtered/details/structures_files/pymol/4573_6u96_E_C.py,,data/filtered/details/structures_files/assembly/4573_6u96.pdb,"Heteromer, 5 proteins, 5 peptides."
4575,8iai,data/filtered/details/structures_files/pairwise/4575_8iai_I_1.pdb,data/filtered/details/structures_files/pymol/4575_8iai_I_1.py,data/filtered/details/structures_files/assembly/4575_8iai.cif,,"Heteromer, 31 proteins."
4576,8iai,data/filtered/details/structures_files/pairwise/4576_8iai_I_7.pdb,data/filtered/details/structures_files/pymol/4576_8iai_I_7.py,data/filtered/details/structures_files/assembly/4576_8iai.cif,,"Heteromer, 31 proteins."
4579,8iai,data/filtered/details/structures_files/pairwise/4579_8iai_I_J.pdb,data/filtered/details/structures_files/pymol/4579_8iai_I_J.py,data/filtered/details/structures_files/assembly/4579_8iai.cif,,"Heteromer, 31 proteins."
458,6vau,data/filtered/details/structures_files/pairwise/458_6vau_E_B.pdb,data/filtered/details/structures_files/pymol/458_6vau_E_B.py,,data/filtered/details/structures_files/assembly/458_6vau.pdb,"Homomer, 5 proteins."
4580,8iai,data/filtered/details/structures_files/pairwise/4580_8iai_I_K.pdb,data/filtered/details/structures_files/pymol/4580_8iai_I_K.py,data/filtered/details/structures_files/assembly/4580_8iai.cif,,"Heteromer, 31 proteins."
4581,8iai,data/filtered/details/structures_files/pairwise/4581_8iai_I_S.pdb,data/filtered/details/structures_files/pymol/4581_8iai_I_S.py,data/filtered/details/structures_files/assembly/4581_8iai.cif,,"Heteromer, 31 proteins."
4583,8efi,data/filtered/details/structures_files/pairwise/4583_8efi_D_E.pdb,data/filtered/details/structures_files/pymol/4583_8efi_D_E.py,,data/filtered/details/structures_files/assembly/4583_8efi.pdb,"Heteromer, 8 proteins."
4584,8efi,data/filtered/details/structures_files/pairwise/4584_8efi_D_F.pdb,data/filtered/details/structures_files/pymol/4584_8efi_D_F.py,,data/filtered/details/structures_files/assembly/4584_8efi.pdb,"Heteromer, 8 proteins."
4585,6c1d,data/filtered/details/structures_files/pairwise/4585_6c1d_D_P.pdb,data/filtered/details/structures_files/pymol/4585_6c1d_D_P.py,,data/filtered/details/structures_files/assembly/4585_6c1d.pdb,"Heteromer, 7 proteins, 1 peptide."
4587,6c1d,data/filtered/details/structures_files/pairwise/4587_6c1d_D_C.pdb,data/filtered/details/structures_files/pymol/4587_6c1d_D_C.py,,data/filtered/details/structures_files/assembly/4587_6c1d.pdb,"Heteromer, 7 proteins, 1 peptide."
4588,6c1d,data/filtered/details/structures_files/pairwise/4588_6c1d_D_B.pdb,data/filtered/details/structures_files/pymol/4588_6c1d_D_B.py,,data/filtered/details/structures_files/assembly/4588_6c1d.pdb,"Heteromer, 7 proteins, 1 peptide."
4591,8c4e,data/filtered/details/structures_files/pairwise/4591_8c4e_H_L.pdb,data/filtered/details/structures_files/pymol/4591_8c4e_H_L.py,,data/filtered/details/structures_files/assembly/4591_8c4e.pdb,"Heteromer, 12 proteins."
462,9gob,data/filtered/details/structures_files/pairwise/462_9gob_C_F.pdb,data/filtered/details/structures_files/pymol/462_9gob_C_F.py,,data/filtered/details/structures_files/assembly/462_9gob.pdb,"Heteromer, 6 proteins."
463,9gob,data/filtered/details/structures_files/pairwise/463_9gob_C_A.pdb,data/filtered/details/structures_files/pymol/463_9gob_C_A.py,,data/filtered/details/structures_files/assembly/463_9gob.pdb,"Heteromer, 6 proteins."
464,9gob,data/filtered/details/structures_files/pairwise/464_9gob_C_E.pdb,data/filtered/details/structures_files/pymol/464_9gob_C_E.py,,data/filtered/details/structures_files/assembly/464_9gob.pdb,"Heteromer, 6 proteins."
465,9gob,data/filtered/details/structures_files/pairwise/465_9gob_C_B.pdb,data/filtered/details/structures_files/pymol/465_9gob_C_B.py,,data/filtered/details/structures_files/assembly/465_9gob.pdb,"Heteromer, 6 proteins."
466,9gob,data/filtered/details/structures_files/pairwise/466_9gob_C_D.pdb,data/filtered/details/structures_files/pymol/466_9gob_C_D.py,,data/filtered/details/structures_files/assembly/466_9gob.pdb,"Heteromer, 6 proteins."
468,8f8t,data/filtered/details/structures_files/pairwise/468_8f8t_B_C.pdb,data/filtered/details/structures_files/pymol/468_8f8t_B_C.py,data/filtered/details/structures_files/assembly/468_8f8t.cif,,"Heteromer, 8 proteins."
469,8f8t,data/filtered/details/structures_files/pairwise/469_8f8t_B_D.pdb,data/filtered/details/structures_files/pymol/469_8f8t_B_D.py,data/filtered/details/structures_files/assembly/469_8f8t.cif,,"Heteromer, 8 proteins."
47,9ug2,data/filtered/details/structures_files/pairwise/47_9ug2_E_F.pdb,data/filtered/details/structures_files/pymol/47_9ug2_E_F.py,,data/filtered/details/structures_files/assembly/47_9ug2.pdb,"Heteromer, 6 proteins, 3 peptides."
470,8f8t,data/filtered/details/structures_files/pairwise/470_8f8t_B_T.pdb,data/filtered/details/structures_files/pymol/470_8f8t_B_T.py,data/filtered/details/structures_files/assembly/470_8f8t.cif,,"Heteromer, 8 proteins."
473,8ib2,data/filtered/details/structures_files/pairwise/473_8ib2_E_5.pdb,data/filtered/details/structures_files/pymol/473_8ib2_E_5.py,data/filtered/details/structures_files/assembly/473_8ib2.cif,,"Heteromer, 6 proteins."
476,8ib2,data/filtered/details/structures_files/pairwise/476_8ib2_E_F.pdb,data/filtered/details/structures_files/pymol/476_8ib2_E_F.py,data/filtered/details/structures_files/assembly/476_8ib2.cif,,"Heteromer, 6 proteins."
48,8iai,data/filtered/details/structures_files/pairwise/48_8iai_F_6.pdb,data/filtered/details/structures_files/pymol/48_8iai_F_6.py,data/filtered/details/structures_files/assembly/48_8iai.cif,,"Heteromer, 31 proteins."
480,8f8t,data/filtered/details/structures_files/pairwise/480_8f8t_A_B.pdb,data/filtered/details/structures_files/pymol/480_8f8t_A_B.py,data/filtered/details/structures_files/assembly/480_8f8t.cif,,"Heteromer, 8 proteins."
481,8f8t,data/filtered/details/structures_files/pairwise/481_8f8t_A_C.pdb,data/filtered/details/structures_files/pymol/481_8f8t_A_C.py,data/filtered/details/structures_files/assembly/481_8f8t.cif,,"Heteromer, 8 proteins."
482,8f8t,data/filtered/details/structures_files/pairwise/482_8f8t_A_T.pdb,data/filtered/details/structures_files/pymol/482_8f8t_A_T.py,data/filtered/details/structures_files/assembly/482_8f8t.cif,,"Heteromer, 8 proteins."
485,8ib2,data/filtered/details/structures_files/pairwise/485_8ib2_D_5.pdb,data/filtered/details/structures_files/pymol/485_8ib2_D_5.py,data/filtered/details/structures_files/assembly/485_8ib2.cif,,"Heteromer, 6 proteins."
488,8ib2,data/filtered/details/structures_files/pairwise/488_8ib2_D_E.pdb,data/filtered/details/structures_files/pymol/488_8ib2_D_E.py,data/filtered/details/structures_files/assembly/488_8ib2.cif,,"Heteromer, 6 proteins."
489,8ib2,data/filtered/details/structures_files/pairwise/489_8ib2_D_F.pdb,data/filtered/details/structures_files/pymol/489_8ib2_D_F.py,data/filtered/details/structures_files/assembly/489_8ib2.cif,,"Heteromer, 6 proteins."
498,8ib2,data/filtered/details/structures_files/pairwise/498_8ib2_C_D.pdb,data/filtered/details/structures_files/pymol/498_8ib2_C_D.py,data/filtered/details/structures_files/assembly/498_8ib2.cif,,"Heteromer, 6 proteins."
499,8ib2,data/filtered/details/structures_files/pairwise/499_8ib2_C_E.pdb,data/filtered/details/structures_files/pymol/499_8ib2_C_E.py,data/filtered/details/structures_files/assembly/499_8ib2.cif,,"Heteromer, 6 proteins."
5,8iai,data/filtered/details/structures_files/pairwise/5_8iai_H_J.pdb,data/filtered/details/structures_files/pymol/5_8iai_H_J.py,data/filtered/details/structures_files/assembly/5_8iai.cif,,"Heteromer, 31 proteins."
501,3tpq,data/filtered/details/structures_files/pairwise/501_3tpq_A_M.pdb,data/filtered/details/structures_files/pymol/501_3tpq_A_M.py,,data/filtered/details/structures_files/assembly/501_3tpq.pdb,"Heteromer, 6 proteins."
506,8f8s,data/filtered/details/structures_files/pairwise/506_8f8s_F_G.pdb,data/filtered/details/structures_files/pymol/506_8f8s_F_G.py,data/filtered/details/structures_files/assembly/506_8f8s.cif,,"Homomer, 7 proteins."
51,8iai,data/filtered/details/structures_files/pairwise/51_8iai_F_G.pdb,data/filtered/details/structures_files/pymol/51_8iai_F_G.py,data/filtered/details/structures_files/assembly/51_8iai.cif,,"Heteromer, 31 proteins."
510,8ib2,data/filtered/details/structures_files/pairwise/510_8ib2_B_C.pdb,data/filtered/details/structures_files/pymol/510_8ib2_B_C.py,data/filtered/details/structures_files/assembly/510_8ib2.cif,,"Heteromer, 6 proteins."
511,8ib2,data/filtered/details/structures_files/pairwise/511_8ib2_B_D.pdb,data/filtered/details/structures_files/pymol/511_8ib2_B_D.py,data/filtered/details/structures_files/assembly/511_8ib2.cif,,"Heteromer, 6 proteins."
515,3tpq,data/filtered/details/structures_files/pairwise/515_3tpq_B_M.pdb,data/filtered/details/structures_files/pymol/515_3tpq_B_M.py,,data/filtered/details/structures_files/assembly/515_3tpq.pdb,"Heteromer, 6 proteins."
517,3tpq,data/filtered/details/structures_files/pairwise/517_3tpq_B_A.pdb,data/filtered/details/structures_files/pymol/517_3tpq_B_A.py,,data/filtered/details/structures_files/assembly/517_3tpq.pdb,"Heteromer, 6 proteins."
52,8iai,data/filtered/details/structures_files/pairwise/52_8iai_F_H.pdb,data/filtered/details/structures_files/pymol/52_8iai_F_H.py,data/filtered/details/structures_files/assembly/52_8iai.cif,,"Heteromer, 31 proteins."
520,8f8s,data/filtered/details/structures_files/pairwise/520_8f8s_E_F.pdb,data/filtered/details/structures_files/pymol/520_8f8s_E_F.py,data/filtered/details/structures_files/assembly/520_8f8s.cif,,"Homomer, 7 proteins."
521,8f8s,data/filtered/details/structures_files/pairwise/521_8f8s_E_G.pdb,data/filtered/details/structures_files/pymol/521_8f8s_E_G.py,data/filtered/details/structures_files/assembly/521_8f8s.cif,,"Homomer, 7 proteins."
524,8ord,data/filtered/details/structures_files/pairwise/524_8ord_D_E.pdb,data/filtered/details/structures_files/pymol/524_8ord_D_E.py,,data/filtered/details/structures_files/assembly/524_8ord.pdb,"Homomer, 5 proteins."
529,3tpq,data/filtered/details/structures_files/pairwise/529_3tpq_C_M.pdb,data/filtered/details/structures_files/pymol/529_3tpq_C_M.py,,data/filtered/details/structures_files/assembly/529_3tpq.pdb,"Heteromer, 6 proteins."
53,8iai,data/filtered/details/structures_files/pairwise/53_8iai_F_P.pdb,data/filtered/details/structures_files/pymol/53_8iai_F_P.py,data/filtered/details/structures_files/assembly/53_8iai.cif,,"Heteromer, 31 proteins."
530,3tpq,data/filtered/details/structures_files/pairwise/530_3tpq_C_B.pdb,data/filtered/details/structures_files/pymol/530_3tpq_C_B.py,,data/filtered/details/structures_files/assembly/530_3tpq.pdb,"Heteromer, 6 proteins."
533,8f8s,data/filtered/details/structures_files/pairwise/533_8f8s_D_E.pdb,data/filtered/details/structures_files/pymol/533_8f8s_D_E.py,data/filtered/details/structures_files/assembly/533_8f8s.cif,,"Homomer, 7 proteins."
534,8f8s,data/filtered/details/structures_files/pairwise/534_8f8s_D_F.pdb,data/filtered/details/structures_files/pymol/534_8f8s_D_F.py,data/filtered/details/structures_files/assembly/534_8f8s.cif,,"Homomer, 7 proteins."
538,8ord,data/filtered/details/structures_files/pairwise/538_8ord_C_D.pdb,data/filtered/details/structures_files/pymol/538_8ord_C_D.py,,data/filtered/details/structures_files/assembly/538_8ord.pdb,"Homomer, 5 proteins."
54,8iai,data/filtered/details/structures_files/pairwise/54_8iai_F_R.pdb,data/filtered/details/structures_files/pymol/54_8iai_F_R.py,data/filtered/details/structures_files/assembly/54_8iai.cif,,"Heteromer, 31 proteins."
541,7ztc,data/filtered/details/structures_files/pairwise/541_7ztc_G_H.pdb,data/filtered/details/structures_files/pymol/541_7ztc_G_H.py,,data/filtered/details/structures_files/assembly/541_7ztc.pdb,"Homomer, 8 proteins."
545,3tpq,data/filtered/details/structures_files/pairwise/545_3tpq_D_M.pdb,data/filtered/details/structures_files/pymol/545_3tpq_D_M.py,,data/filtered/details/structures_files/assembly/545_3tpq.pdb,"Heteromer, 6 proteins."
546,3tpq,data/filtered/details/structures_files/pairwise/546_3tpq_D_A.pdb,data/filtered/details/structures_files/pymol/546_3tpq_D_A.py,,data/filtered/details/structures_files/assembly/546_3tpq.pdb,"Heteromer, 6 proteins."
549,8f8s,data/filtered/details/structures_files/pairwise/549_8f8s_C_D.pdb,data/filtered/details/structures_files/pymol/549_8f8s_C_D.py,data/filtered/details/structures_files/assembly/549_8f8s.cif,,"Homomer, 7 proteins."
550,8f8s,data/filtered/details/structures_files/pairwise/550_8f8s_C_E.pdb,data/filtered/details/structures_files/pymol/550_8f8s_C_E.py,data/filtered/details/structures_files/assembly/550_8f8s.cif,,"Homomer, 7 proteins."
553,8ord,data/filtered/details/structures_files/pairwise/553_8ord_B_C.pdb,data/filtered/details/structures_files/pymol/553_8ord_B_C.py,,data/filtered/details/structures_files/assembly/553_8ord.pdb,"Homomer, 5 proteins."
556,7ztc,data/filtered/details/structures_files/pairwise/556_7ztc_F_G.pdb,data/filtered/details/structures_files/pymol/556_7ztc_F_G.py,,data/filtered/details/structures_files/assembly/556_7ztc.pdb,"Homomer, 8 proteins."
557,7ztc,data/filtered/details/structures_files/pairwise/557_7ztc_F_H.pdb,data/filtered/details/structures_files/pymol/557_7ztc_F_H.py,,data/filtered/details/structures_files/assembly/557_7ztc.pdb,"Homomer, 8 proteins."
561,3tpq,data/filtered/details/structures_files/pairwise/561_3tpq_E_M.pdb,data/filtered/details/structures_files/pymol/561_3tpq_E_M.py,,data/filtered/details/structures_files/assembly/561_3tpq.pdb,"Heteromer, 6 proteins."
563,8f8s,data/filtered/details/structures_files/pairwise/563_8f8s_B_C.pdb,data/filtered/details/structures_files/pymol/563_8f8s_B_C.py,data/filtered/details/structures_files/assembly/563_8f8s.cif,,"Homomer, 7 proteins."
564,8f8s,data/filtered/details/structures_files/pairwise/564_8f8s_B_D.pdb,data/filtered/details/structures_files/pymol/564_8f8s_B_D.py,data/filtered/details/structures_files/assembly/564_8f8s.cif,,"Homomer, 7 proteins."
566,8ord,data/filtered/details/structures_files/pairwise/566_8ord_A_B.pdb,data/filtered/details/structures_files/pymol/566_8ord_A_B.py,,data/filtered/details/structures_files/assembly/566_8ord.pdb,"Homomer, 5 proteins."
567,8ord,data/filtered/details/structures_files/pairwise/567_8ord_A_C.pdb,data/filtered/details/structures_files/pymol/567_8ord_A_C.py,,data/filtered/details/structures_files/assembly/567_8ord.pdb,"Homomer, 5 proteins."
568,8ord,data/filtered/details/structures_files/pairwise/568_8ord_A_D.pdb,data/filtered/details/structures_files/pymol/568_8ord_A_D.py,,data/filtered/details/structures_files/assembly/568_8ord.pdb,"Homomer, 5 proteins."
569,8ord,data/filtered/details/structures_files/pairwise/569_8ord_A_E.pdb,data/filtered/details/structures_files/pymol/569_8ord_A_E.py,,data/filtered/details/structures_files/assembly/569_8ord.pdb,"Homomer, 5 proteins."
572,7ztc,data/filtered/details/structures_files/pairwise/572_7ztc_E_F.pdb,data/filtered/details/structures_files/pymol/572_7ztc_E_F.py,,data/filtered/details/structures_files/assembly/572_7ztc.pdb,"Homomer, 8 proteins."
573,7ztc,data/filtered/details/structures_files/pairwise/573_7ztc_E_G.pdb,data/filtered/details/structures_files/pymol/573_7ztc_E_G.py,,data/filtered/details/structures_files/assembly/573_7ztc.pdb,"Homomer, 8 proteins."
577,8f8s,data/filtered/details/structures_files/pairwise/577_8f8s_A_B.pdb,data/filtered/details/structures_files/pymol/577_8f8s_A_B.py,data/filtered/details/structures_files/assembly/577_8f8s.cif,,"Homomer, 7 proteins."
578,8f8s,data/filtered/details/structures_files/pairwise/578_8f8s_A_C.pdb,data/filtered/details/structures_files/pymol/578_8f8s_A_C.py,data/filtered/details/structures_files/assembly/578_8f8s.cif,,"Homomer, 7 proteins."
583,7ztc,data/filtered/details/structures_files/pairwise/583_7ztc_D_E.pdb,data/filtered/details/structures_files/pymol/583_7ztc_D_E.py,,data/filtered/details/structures_files/assembly/583_7ztc.pdb,"Homomer, 8 proteins."
584,7ztc,data/filtered/details/structures_files/pairwise/584_7ztc_D_F.pdb,data/filtered/details/structures_files/pymol/584_7ztc_D_F.py,,data/filtered/details/structures_files/assembly/584_7ztc.pdb,"Homomer, 8 proteins."
595,7ztc,data/filtered/details/structures_files/pairwise/595_7ztc_C_D.pdb,data/filtered/details/structures_files/pymol/595_7ztc_C_D.py,,data/filtered/details/structures_files/assembly/595_7ztc.pdb,"Homomer, 8 proteins."
596,7ztc,data/filtered/details/structures_files/pairwise/596_7ztc_C_E.pdb,data/filtered/details/structures_files/pymol/596_7ztc_C_E.py,,data/filtered/details/structures_files/assembly/596_7ztc.pdb,"Homomer, 8 proteins."
6,8iai,data/filtered/details/structures_files/pairwise/6_8iai_H_R.pdb,data/filtered/details/structures_files/pymol/6_8iai_H_R.py,data/filtered/details/structures_files/assembly/6_8iai.cif,,"Heteromer, 31 proteins."
60,5jlf,data/filtered/details/structures_files/pairwise/60_5jlf_D_E.pdb,data/filtered/details/structures_files/pymol/60_5jlf_D_E.py,,data/filtered/details/structures_files/assembly/60_5jlf.pdb,"Homomer, 5 proteins."
603,8f8r,data/filtered/details/structures_files/pairwise/603_8f8r_F_G.pdb,data/filtered/details/structures_files/pymol/603_8f8r_F_G.py,data/filtered/details/structures_files/assembly/603_8f8r.cif,,"Homomer, 7 proteins."
606,7ztc,data/filtered/details/structures_files/pairwise/606_7ztc_B_C.pdb,data/filtered/details/structures_files/pymol/606_7ztc_B_C.py,,data/filtered/details/structures_files/assembly/606_7ztc.pdb,"Homomer, 8 proteins."
607,7ztc,data/filtered/details/structures_files/pairwise/607_7ztc_B_D.pdb,data/filtered/details/structures_files/pymol/607_7ztc_B_D.py,,data/filtered/details/structures_files/assembly/607_7ztc.pdb,"Homomer, 8 proteins."
612,8f8r,data/filtered/details/structures_files/pairwise/612_8f8r_E_F.pdb,data/filtered/details/structures_files/pymol/612_8f8r_E_F.py,data/filtered/details/structures_files/assembly/612_8f8r.cif,,"Homomer, 7 proteins."
613,8f8r,data/filtered/details/structures_files/pairwise/613_8f8r_E_G.pdb,data/filtered/details/structures_files/pymol/613_8f8r_E_G.py,data/filtered/details/structures_files/assembly/613_8f8r.cif,,"Homomer, 7 proteins."
615,7ztc,data/filtered/details/structures_files/pairwise/615_7ztc_A_B.pdb,data/filtered/details/structures_files/pymol/615_7ztc_A_B.py,,data/filtered/details/structures_files/assembly/615_7ztc.pdb,"Homomer, 8 proteins."
616,7ztc,data/filtered/details/structures_files/pairwise/616_7ztc_A_C.pdb,data/filtered/details/structures_files/pymol/616_7ztc_A_C.py,,data/filtered/details/structures_files/assembly/616_7ztc.pdb,"Homomer, 8 proteins."
622,8f8r,data/filtered/details/structures_files/pairwise/622_8f8r_D_E.pdb,data/filtered/details/structures_files/pymol/622_8f8r_D_E.py,data/filtered/details/structures_files/assembly/622_8f8r.cif,,"Homomer, 7 proteins."
623,8f8r,data/filtered/details/structures_files/pairwise/623_8f8r_D_F.pdb,data/filtered/details/structures_files/pymol/623_8f8r_D_F.py,data/filtered/details/structures_files/assembly/623_8f8r.cif,,"Homomer, 7 proteins."
63,8c4e,data/filtered/details/structures_files/pairwise/63_8c4e_E_F.pdb,data/filtered/details/structures_files/pymol/63_8c4e_E_F.py,,data/filtered/details/structures_files/assembly/63_8c4e.pdb,"Heteromer, 12 proteins."
635,8f8r,data/filtered/details/structures_files/pairwise/635_8f8r_C_D.pdb,data/filtered/details/structures_files/pymol/635_8f8r_C_D.py,data/filtered/details/structures_files/assembly/635_8f8r.cif,,"Homomer, 7 proteins."
636,8f8r,data/filtered/details/structures_files/pairwise/636_8f8r_C_E.pdb,data/filtered/details/structures_files/pymol/636_8f8r_C_E.py,data/filtered/details/structures_files/assembly/636_8f8r.cif,,"Homomer, 7 proteins."
64,8c4e,data/filtered/details/structures_files/pairwise/64_8c4e_E_G.pdb,data/filtered/details/structures_files/pymol/64_8c4e_E_G.py,,data/filtered/details/structures_files/assembly/64_8c4e.pdb,"Heteromer, 12 proteins."
644,8f8r,data/filtered/details/structures_files/pairwise/644_8f8r_B_C.pdb,data/filtered/details/structures_files/pymol/644_8f8r_B_C.py,data/filtered/details/structures_files/assembly/644_8f8r.cif,,"Homomer, 7 proteins."
645,8f8r,data/filtered/details/structures_files/pairwise/645_8f8r_B_D.pdb,data/filtered/details/structures_files/pymol/645_8f8r_B_D.py,data/filtered/details/structures_files/assembly/645_8f8r.cif,,"Homomer, 7 proteins."
65,8c4e,data/filtered/details/structures_files/pairwise/65_8c4e_E_K.pdb,data/filtered/details/structures_files/pymol/65_8c4e_E_K.py,,data/filtered/details/structures_files/assembly/65_8c4e.pdb,"Heteromer, 12 proteins."
653,8f8r,data/filtered/details/structures_files/pairwise/653_8f8r_A_B.pdb,data/filtered/details/structures_files/pymol/653_8f8r_A_B.py,data/filtered/details/structures_files/assembly/653_8f8r.cif,,"Homomer, 7 proteins."
654,8f8r,data/filtered/details/structures_files/pairwise/654_8f8r_A_C.pdb,data/filtered/details/structures_files/pymol/654_8f8r_A_C.py,data/filtered/details/structures_files/assembly/654_8f8r.cif,,"Homomer, 7 proteins."
66,8c4e,data/filtered/details/structures_files/pairwise/66_8c4e_E_L.pdb,data/filtered/details/structures_files/pymol/66_8c4e_E_L.py,,data/filtered/details/structures_files/assembly/66_8c4e.pdb,"Heteromer, 12 proteins."
660,7pdz,data/filtered/details/structures_files/pairwise/660_7pdz_N_O.pdb,data/filtered/details/structures_files/pymol/660_7pdz_N_O.py,,data/filtered/details/structures_files/assembly/660_7pdz.pdb,"Heteromer, 8 proteins, 5 peptides."
663,9az6,data/filtered/details/structures_files/pairwise/663_9az6_E_L.pdb,data/filtered/details/structures_files/pymol/663_9az6_E_L.py,,data/filtered/details/structures_files/assembly/663_9az6.pdb,"Heteromer, 13 proteins."
666,8f8q,data/filtered/details/structures_files/pairwise/666_8f8q_F_G.pdb,data/filtered/details/structures_files/pymol/666_8f8q_F_G.py,data/filtered/details/structures_files/assembly/666_8f8q.cif,,"Heteromer, 8 proteins."
667,8f8q,data/filtered/details/structures_files/pairwise/667_8f8q_F_H.pdb,data/filtered/details/structures_files/pymol/667_8f8q_F_H.py,data/filtered/details/structures_files/assembly/667_8f8q.cif,,"Heteromer, 8 proteins."
675,7pdz,data/filtered/details/structures_files/pairwise/675_7pdz_L_N.pdb,data/filtered/details/structures_files/pymol/675_7pdz_L_N.py,,data/filtered/details/structures_files/assembly/675_7pdz.pdb,"Heteromer, 8 proteins, 5 peptides."
676,7pdz,data/filtered/details/structures_files/pairwise/676_7pdz_L_O.pdb,data/filtered/details/structures_files/pymol/676_7pdz_L_O.py,,data/filtered/details/structures_files/assembly/676_7pdz.pdb,"Heteromer, 8 proteins, 5 peptides."
679,9az6,data/filtered/details/structures_files/pairwise/679_9az6_D_E.pdb,data/filtered/details/structures_files/pymol/679_9az6_D_E.py,,data/filtered/details/structures_files/assembly/679_9az6.pdb,"Heteromer, 13 proteins."
68,9ug2,data/filtered/details/structures_files/pairwise/68_9ug2_D_B.pdb,data/filtered/details/structures_files/pymol/68_9ug2_D_B.py,,data/filtered/details/structures_files/assembly/68_9ug2.pdb,"Heteromer, 6 proteins, 3 peptides."
680,9az6,data/filtered/details/structures_files/pairwise/680_9az6_D_J.pdb,data/filtered/details/structures_files/pymol/680_9az6_D_J.py,,data/filtered/details/structures_files/assembly/680_9az6.pdb,"Heteromer, 13 proteins."
683,8f8q,data/filtered/details/structures_files/pairwise/683_8f8q_E_F.pdb,data/filtered/details/structures_files/pymol/683_8f8q_E_F.py,data/filtered/details/structures_files/assembly/683_8f8q.cif,,"Heteromer, 8 proteins."
684,8f8q,data/filtered/details/structures_files/pairwise/684_8f8q_E_G.pdb,data/filtered/details/structures_files/pymol/684_8f8q_E_G.py,data/filtered/details/structures_files/assembly/684_8f8q.cif,,"Heteromer, 8 proteins."
685,8f8q,data/filtered/details/structures_files/pairwise/685_8f8q_E_H.pdb,data/filtered/details/structures_files/pymol/685_8f8q_E_H.py,data/filtered/details/structures_files/assembly/685_8f8q.cif,,"Heteromer, 8 proteins."
693,7pdz,data/filtered/details/structures_files/pairwise/693_7pdz_K_L.pdb,data/filtered/details/structures_files/pymol/693_7pdz_K_L.py,,data/filtered/details/structures_files/assembly/693_7pdz.pdb,"Heteromer, 8 proteins, 5 peptides."
694,7pdz,data/filtered/details/structures_files/pairwise/694_7pdz_K_N.pdb,data/filtered/details/structures_files/pymol/694_7pdz_K_N.py,,data/filtered/details/structures_files/assembly/694_7pdz.pdb,"Heteromer, 8 proteins, 5 peptides."
697,9az6,data/filtered/details/structures_files/pairwise/697_9az6_C_D.pdb,data/filtered/details/structures_files/pymol/697_9az6_C_D.py,,data/filtered/details/structures_files/assembly/697_9az6.pdb,"Heteromer, 13 proteins."
698,9az6,data/filtered/details/structures_files/pairwise/698_9az6_C_E.pdb,data/filtered/details/structures_files/pymol/698_9az6_C_E.py,,data/filtered/details/structures_files/assembly/698_9az6.pdb,"Heteromer, 13 proteins."
699,9az6,data/filtered/details/structures_files/pairwise/699_9az6_C_H.pdb,data/filtered/details/structures_files/pymol/699_9az6_C_H.py,,data/filtered/details/structures_files/assembly/699_9az6.pdb,"Heteromer, 13 proteins."
7,8iai,data/filtered/details/structures_files/pairwise/7_8iai_H_T.pdb,data/filtered/details/structures_files/pymol/7_8iai_H_T.py,data/filtered/details/structures_files/assembly/7_8iai.cif,,"Heteromer, 31 proteins."
70,9ug2,data/filtered/details/structures_files/pairwise/70_9ug2_D_E.pdb,data/filtered/details/structures_files/pymol/70_9ug2_D_E.py,,data/filtered/details/structures_files/assembly/70_9ug2.pdb,"Heteromer, 6 proteins, 3 peptides."
700,9az6,data/filtered/details/structures_files/pairwise/700_9az6_C_L.pdb,data/filtered/details/structures_files/pymol/700_9az6_C_L.py,,data/filtered/details/structures_files/assembly/700_9az6.pdb,"Heteromer, 13 proteins."
701,9az6,data/filtered/details/structures_files/pairwise/701_9az6_C_M.pdb,data/filtered/details/structures_files/pymol/701_9az6_C_M.py,,data/filtered/details/structures_files/assembly/701_9az6.pdb,"Heteromer, 13 proteins."
704,8f8q,data/filtered/details/structures_files/pairwise/704_8f8q_D_E.pdb,data/filtered/details/structures_files/pymol/704_8f8q_D_E.py,data/filtered/details/structures_files/assembly/704_8f8q.cif,,"Heteromer, 8 proteins."
705,8f8q,data/filtered/details/structures_files/pairwise/705_8f8q_D_F.pdb,data/filtered/details/structures_files/pymol/705_8f8q_D_F.py,data/filtered/details/structures_files/assembly/705_8f8q.cif,,"Heteromer, 8 proteins."
71,9ug2,data/filtered/details/structures_files/pairwise/71_9ug2_D_F.pdb,data/filtered/details/structures_files/pymol/71_9ug2_D_F.py,,data/filtered/details/structures_files/assembly/71_9ug2.pdb,"Heteromer, 6 proteins, 3 peptides."
711,7pdz,data/filtered/details/structures_files/pairwise/711_7pdz_J_E.pdb,data/filtered/details/structures_files/pymol/711_7pdz_J_E.py,,data/filtered/details/structures_files/assembly/711_7pdz.pdb,"Heteromer, 8 proteins, 5 peptides."
712,7pdz,data/filtered/details/structures_files/pairwise/712_7pdz_J_F.pdb,data/filtered/details/structures_files/pymol/712_7pdz_J_F.py,,data/filtered/details/structures_files/assembly/712_7pdz.pdb,"Heteromer, 8 proteins, 5 peptides."
714,7pdz,data/filtered/details/structures_files/pairwise/714_7pdz_J_K.pdb,data/filtered/details/structures_files/pymol/714_7pdz_J_K.py,,data/filtered/details/structures_files/assembly/714_7pdz.pdb,"Heteromer, 8 proteins, 5 peptides."
715,7pdz,data/filtered/details/structures_files/pairwise/715_7pdz_J_L.pdb,data/filtered/details/structures_files/pymol/715_7pdz_J_L.py,,data/filtered/details/structures_files/assembly/715_7pdz.pdb,"Heteromer, 8 proteins, 5 peptides."
717,9az6,data/filtered/details/structures_files/pairwise/717_9az6_B_C.pdb,data/filtered/details/structures_files/pymol/717_9az6_B_C.py,,data/filtered/details/structures_files/assembly/717_9az6.pdb,"Heteromer, 13 proteins."
718,9az6,data/filtered/details/structures_files/pairwise/718_9az6_B_D.pdb,data/filtered/details/structures_files/pymol/718_9az6_B_D.py,,data/filtered/details/structures_files/assembly/718_9az6.pdb,"Heteromer, 13 proteins."
719,9az6,data/filtered/details/structures_files/pairwise/719_9az6_B_F.pdb,data/filtered/details/structures_files/pymol/719_9az6_B_F.py,,data/filtered/details/structures_files/assembly/719_9az6.pdb,"Heteromer, 13 proteins."
72,8iai,data/filtered/details/structures_files/pairwise/72_8iai_E_5.pdb,data/filtered/details/structures_files/pymol/72_8iai_E_5.py,data/filtered/details/structures_files/assembly/72_8iai.cif,,"Heteromer, 31 proteins."
720,9az6,data/filtered/details/structures_files/pairwise/720_9az6_B_J.pdb,data/filtered/details/structures_files/pymol/720_9az6_B_J.py,,data/filtered/details/structures_files/assembly/720_9az6.pdb,"Heteromer, 13 proteins."
721,9az6,data/filtered/details/structures_files/pairwise/721_9az6_B_K.pdb,data/filtered/details/structures_files/pymol/721_9az6_B_K.py,,data/filtered/details/structures_files/assembly/721_9az6.pdb,"Heteromer, 13 proteins."
724,8f8q,data/filtered/details/structures_files/pairwise/724_8f8q_C_D.pdb,data/filtered/details/structures_files/pymol/724_8f8q_C_D.py,data/filtered/details/structures_files/assembly/724_8f8q.cif,,"Heteromer, 8 proteins."
725,8f8q,data/filtered/details/structures_files/pairwise/725_8f8q_C_E.pdb,data/filtered/details/structures_files/pymol/725_8f8q_C_E.py,data/filtered/details/structures_files/assembly/725_8f8q.cif,,"Heteromer, 8 proteins."
729,7pdz,data/filtered/details/structures_files/pairwise/729_7pdz_I_E.pdb,data/filtered/details/structures_files/pymol/729_7pdz_I_E.py,,data/filtered/details/structures_files/assembly/729_7pdz.pdb,"Heteromer, 8 proteins, 5 peptides."
73,8iai,data/filtered/details/structures_files/pairwise/73_8iai_E_6.pdb,data/filtered/details/structures_files/pymol/73_8iai_E_6.py,data/filtered/details/structures_files/assembly/73_8iai.cif,,"Heteromer, 31 proteins."
730,7pdz,data/filtered/details/structures_files/pairwise/730_7pdz_I_F.pdb,data/filtered/details/structures_files/pymol/730_7pdz_I_F.py,,data/filtered/details/structures_files/assembly/730_7pdz.pdb,"Heteromer, 8 proteins, 5 peptides."
731,7pdz,data/filtered/details/structures_files/pairwise/731_7pdz_I_J.pdb,data/filtered/details/structures_files/pymol/731_7pdz_I_J.py,,data/filtered/details/structures_files/assembly/731_7pdz.pdb,"Heteromer, 8 proteins, 5 peptides."
732,7pdz,data/filtered/details/structures_files/pairwise/732_7pdz_I_K.pdb,data/filtered/details/structures_files/pymol/732_7pdz_I_K.py,,data/filtered/details/structures_files/assembly/732_7pdz.pdb,"Heteromer, 8 proteins, 5 peptides."
733,9az6,data/filtered/details/structures_files/pairwise/733_9az6_A_B.pdb,data/filtered/details/structures_files/pymol/733_9az6_A_B.py,,data/filtered/details/structures_files/assembly/733_9az6.pdb,"Heteromer, 13 proteins."
734,9az6,data/filtered/details/structures_files/pairwise/734_9az6_A_C.pdb,data/filtered/details/structures_files/pymol/734_9az6_A_C.py,,data/filtered/details/structures_files/assembly/734_9az6.pdb,"Heteromer, 13 proteins."
735,9az6,data/filtered/details/structures_files/pairwise/735_9az6_A_H.pdb,data/filtered/details/structures_files/pymol/735_9az6_A_H.py,,data/filtered/details/structures_files/assembly/735_9az6.pdb,"Heteromer, 13 proteins."
736,9az6,data/filtered/details/structures_files/pairwise/736_9az6_A_I.pdb,data/filtered/details/structures_files/pymol/736_9az6_A_I.py,,data/filtered/details/structures_files/assembly/736_9az6.pdb,"Heteromer, 13 proteins."
738,8f8q,data/filtered/details/structures_files/pairwise/738_8f8q_B_C.pdb,data/filtered/details/structures_files/pymol/738_8f8q_B_C.py,data/filtered/details/structures_files/assembly/738_8f8q.cif,,"Heteromer, 8 proteins."
739,8f8q,data/filtered/details/structures_files/pairwise/739_8f8q_B_D.pdb,data/filtered/details/structures_files/pymol/739_8f8q_B_D.py,data/filtered/details/structures_files/assembly/739_8f8q.cif,,"Heteromer, 8 proteins."
752,8f8q,data/filtered/details/structures_files/pairwise/752_8f8q_A_B.pdb,data/filtered/details/structures_files/pymol/752_8f8q_A_B.py,data/filtered/details/structures_files/assembly/752_8f8q.cif,,"Heteromer, 8 proteins."
753,8f8q,data/filtered/details/structures_files/pairwise/753_8f8q_A_C.pdb,data/filtered/details/structures_files/pymol/753_8f8q_A_C.py,data/filtered/details/structures_files/assembly/753_8f8q.cif,,"Heteromer, 8 proteins."
757,9go5,data/filtered/details/structures_files/pairwise/757_9go5_C_D.pdb,data/filtered/details/structures_files/pymol/757_9go5_C_D.py,,data/filtered/details/structures_files/assembly/757_9go5.pdb,"Homomer, 5 proteins."
76,8iai,data/filtered/details/structures_files/pairwise/76_8iai_E_F.pdb,data/filtered/details/structures_files/pymol/76_8iai_E_F.py,data/filtered/details/structures_files/assembly/76_8iai.cif,,"Heteromer, 31 proteins."
765,9dva,data/filtered/details/structures_files/pairwise/765_9dva_D_E.pdb,data/filtered/details/structures_files/pymol/765_9dva_D_E.py,,data/filtered/details/structures_files/assembly/765_9dva.pdb,"Heteromer, 8 proteins."
77,8iai,data/filtered/details/structures_files/pairwise/77_8iai_E_G.pdb,data/filtered/details/structures_files/pymol/77_8iai_E_G.py,data/filtered/details/structures_files/assembly/77_8iai.cif,,"Heteromer, 31 proteins."
772,9go5,data/filtered/details/structures_files/pairwise/772_9go5_B_C.pdb,data/filtered/details/structures_files/pymol/772_9go5_B_C.py,,data/filtered/details/structures_files/assembly/772_9go5.pdb,"Homomer, 5 proteins."
773,9go5,data/filtered/details/structures_files/pairwise/773_9go5_B_E.pdb,data/filtered/details/structures_files/pymol/773_9go5_B_E.py,,data/filtered/details/structures_files/assembly/773_9go5.pdb,"Homomer, 5 proteins."
777,9dva,data/filtered/details/structures_files/pairwise/777_9dva_C_E.pdb,data/filtered/details/structures_files/pymol/777_9dva_C_E.py,,data/filtered/details/structures_files/assembly/777_9dva.pdb,"Heteromer, 8 proteins."
778,9dva,data/filtered/details/structures_files/pairwise/778_9dva_C_F.pdb,data/filtered/details/structures_files/pymol/778_9dva_C_F.py,,data/filtered/details/structures_files/assembly/778_9dva.pdb,"Heteromer, 8 proteins."
78,8iai,data/filtered/details/structures_files/pairwise/78_8iai_E_O.pdb,data/filtered/details/structures_files/pymol/78_8iai_E_O.py,data/filtered/details/structures_files/assembly/78_8iai.cif,,"Heteromer, 31 proteins."
783,8f8p,data/filtered/details/structures_files/pairwise/783_8f8p_D_E.pdb,data/filtered/details/structures_files/pymol/783_8f8p_D_E.py,data/filtered/details/structures_files/assembly/783_8f8p.cif,,"Homomer, 5 proteins."
786,9go5,data/filtered/details/structures_files/pairwise/786_9go5_A_B.pdb,data/filtered/details/structures_files/pymol/786_9go5_A_B.py,,data/filtered/details/structures_files/assembly/786_9go5.pdb,"Homomer, 5 proteins."
787,9go5,data/filtered/details/structures_files/pairwise/787_9go5_A_C.pdb,data/filtered/details/structures_files/pymol/787_9go5_A_C.py,,data/filtered/details/structures_files/assembly/787_9go5.pdb,"Homomer, 5 proteins."
788,9go5,data/filtered/details/structures_files/pairwise/788_9go5_A_D.pdb,data/filtered/details/structures_files/pymol/788_9go5_A_D.py,,data/filtered/details/structures_files/assembly/788_9go5.pdb,"Homomer, 5 proteins."
789,9go5,data/filtered/details/structures_files/pairwise/789_9go5_A_E.pdb,data/filtered/details/structures_files/pymol/789_9go5_A_E.py,,data/filtered/details/structures_files/assembly/789_9go5.pdb,"Homomer, 5 proteins."
79,8iai,data/filtered/details/structures_files/pairwise/79_8iai_E_Q.pdb,data/filtered/details/structures_files/pymol/79_8iai_E_Q.py,data/filtered/details/structures_files/assembly/79_8iai.cif,,"Heteromer, 31 proteins."
792,9dva,data/filtered/details/structures_files/pairwise/792_9dva_B_C.pdb,data/filtered/details/structures_files/pymol/792_9dva_B_C.py,,data/filtered/details/structures_files/assembly/792_9dva.pdb,"Heteromer, 8 proteins."
793,9dva,data/filtered/details/structures_files/pairwise/793_9dva_B_D.pdb,data/filtered/details/structures_files/pymol/793_9dva_B_D.py,,data/filtered/details/structures_files/assembly/793_9dva.pdb,"Heteromer, 8 proteins."
794,9dva,data/filtered/details/structures_files/pairwise/794_9dva_B_E.pdb,data/filtered/details/structures_files/pymol/794_9dva_B_E.py,,data/filtered/details/structures_files/assembly/794_9dva.pdb,"Heteromer, 8 proteins."
795,9dva,data/filtered/details/structures_files/pairwise/795_9dva_B_F.pdb,data/filtered/details/structures_files/pymol/795_9dva_B_F.py,,data/filtered/details/structures_files/assembly/795_9dva.pdb,"Heteromer, 8 proteins."
796,9dva,data/filtered/details/structures_files/pairwise/796_9dva_B_G.pdb,data/filtered/details/structures_files/pymol/796_9dva_B_G.py,,data/filtered/details/structures_files/assembly/796_9dva.pdb,"Heteromer, 8 proteins."
797,9dva,data/filtered/details/structures_files/pairwise/797_9dva_B_H.pdb,data/filtered/details/structures_files/pymol/797_9dva_B_H.py,,data/filtered/details/structures_files/assembly/797_9dva.pdb,"Heteromer, 8 proteins."
8,8efi,data/filtered/details/structures_files/pairwise/8_8efi_C_E.pdb,data/filtered/details/structures_files/pymol/8_8efi_C_E.py,,data/filtered/details/structures_files/assembly/8_8efi.pdb,"Heteromer, 8 proteins."
800,8f8p,data/filtered/details/structures_files/pairwise/800_8f8p_C_D.pdb,data/filtered/details/structures_files/pymol/800_8f8p_C_D.py,data/filtered/details/structures_files/assembly/800_8f8p.cif,,"Homomer, 5 proteins."
801,8f8p,data/filtered/details/structures_files/pairwise/801_8f8p_C_E.pdb,data/filtered/details/structures_files/pymol/801_8f8p_C_E.py,data/filtered/details/structures_files/assembly/801_8f8p.cif,,"Homomer, 5 proteins."
810,9dva,data/filtered/details/structures_files/pairwise/810_9dva_A_B.pdb,data/filtered/details/structures_files/pymol/810_9dva_A_B.py,,data/filtered/details/structures_files/assembly/810_9dva.pdb,"Heteromer, 8 proteins."
811,9dva,data/filtered/details/structures_files/pairwise/811_9dva_A_D.pdb,data/filtered/details/structures_files/pymol/811_9dva_A_D.py,,data/filtered/details/structures_files/assembly/811_9dva.pdb,"Heteromer, 8 proteins."
812,9dva,data/filtered/details/structures_files/pairwise/812_9dva_A_H.pdb,data/filtered/details/structures_files/pymol/812_9dva_A_H.py,,data/filtered/details/structures_files/assembly/812_9dva.pdb,"Heteromer, 8 proteins."
815,8f8p,data/filtered/details/structures_files/pairwise/815_8f8p_B_C.pdb,data/filtered/details/structures_files/pymol/815_8f8p_B_C.py,data/filtered/details/structures_files/assembly/815_8f8p.cif,,"Homomer, 5 proteins."
816,8f8p,data/filtered/details/structures_files/pairwise/816_8f8p_B_D.pdb,data/filtered/details/structures_files/pymol/816_8f8p_B_D.py,data/filtered/details/structures_files/assembly/816_8f8p.cif,,"Homomer, 5 proteins."
82,7jh7,data/filtered/details/structures_files/pairwise/82_7jh7_E_D.pdb,data/filtered/details/structures_files/pymol/82_7jh7_E_D.py,,data/filtered/details/structures_files/assembly/82_7jh7.pdb,"Heteromer, 8 proteins."
828,8f8p,data/filtered/details/structures_files/pairwise/828_8f8p_A_B.pdb,data/filtered/details/structures_files/pymol/828_8f8p_A_B.py,data/filtered/details/structures_files/assembly/828_8f8p.cif,,"Homomer, 5 proteins."
829,8f8p,data/filtered/details/structures_files/pairwise/829_8f8p_A_C.pdb,data/filtered/details/structures_files/pymol/829_8f8p_A_C.py,data/filtered/details/structures_files/assembly/829_8f8p.cif,,"Homomer, 5 proteins."
839,9duu,data/filtered/details/structures_files/pairwise/839_9duu_E_F.pdb,data/filtered/details/structures_files/pymol/839_9duu_E_F.py,,data/filtered/details/structures_files/assembly/839_9duu.pdb,"Heteromer, 6 proteins, 7 peptides."
84,5jlf,data/filtered/details/structures_files/pairwise/84_5jlf_C_E.pdb,data/filtered/details/structures_files/pymol/84_5jlf_C_E.py,,data/filtered/details/structures_files/assembly/84_5jlf.pdb,"Homomer, 5 proteins."
853,9duu,data/filtered/details/structures_files/pairwise/853_9duu_D_E.pdb,data/filtered/details/structures_files/pymol/853_9duu_D_E.py,,data/filtered/details/structures_files/assembly/853_9duu.pdb,"Heteromer, 6 proteins, 7 peptides."
854,9duu,data/filtered/details/structures_files/pairwise/854_9duu_D_F.pdb,data/filtered/details/structures_files/pymol/854_9duu_D_F.py,,data/filtered/details/structures_files/assembly/854_9duu.pdb,"Heteromer, 6 proteins, 7 peptides."
859,7uxf,data/filtered/details/structures_files/pairwise/859_7uxf_E_F.pdb,data/filtered/details/structures_files/pymol/859_7uxf_E_F.py,,data/filtered/details/structures_files/assembly/859_7uxf.pdb,"Homomer, 6 proteins."
866,9fjy,data/filtered/details/structures_files/pairwise/866_9fjy_D_E.pdb,data/filtered/details/structures_files/pymol/866_9fjy_D_E.py,,data/filtered/details/structures_files/assembly/866_9fjy.pdb,"Heteromer, 6 proteins, 4 peptides."
867,9fjy,data/filtered/details/structures_files/pairwise/867_9fjy_D_F.pdb,data/filtered/details/structures_files/pymol/867_9fjy_D_F.py,,data/filtered/details/structures_files/assembly/867_9fjy.pdb,"Heteromer, 6 proteins, 4 peptides."
87,8c4e,data/filtered/details/structures_files/pairwise/87_8c4e_D_E.pdb,data/filtered/details/structures_files/pymol/87_8c4e_D_E.py,,data/filtered/details/structures_files/assembly/87_8c4e.pdb,"Heteromer, 12 proteins."
870,9duu,data/filtered/details/structures_files/pairwise/870_9duu_C_D.pdb,data/filtered/details/structures_files/pymol/870_9duu_C_D.py,,data/filtered/details/structures_files/assembly/870_9duu.pdb,"Heteromer, 6 proteins, 7 peptides."
871,9duu,data/filtered/details/structures_files/pairwise/871_9duu_C_E.pdb,data/filtered/details/structures_files/pymol/871_9duu_C_E.py,,data/filtered/details/structures_files/assembly/871_9duu.pdb,"Heteromer, 6 proteins, 7 peptides."
876,7uxf,data/filtered/details/structures_files/pairwise/876_7uxf_D_E.pdb,data/filtered/details/structures_files/pymol/876_7uxf_D_E.py,,data/filtered/details/structures_files/assembly/876_7uxf.pdb,"Homomer, 6 proteins."
877,7uxf,data/filtered/details/structures_files/pairwise/877_7uxf_D_F.pdb,data/filtered/details/structures_files/pymol/877_7uxf_D_F.py,,data/filtered/details/structures_files/assembly/877_7uxf.pdb,"Homomer, 6 proteins."
88,8c4e,data/filtered/details/structures_files/pairwise/88_8c4e_D_F.pdb,data/filtered/details/structures_files/pymol/88_8c4e_D_F.py,,data/filtered/details/structures_files/assembly/88_8c4e.pdb,"Heteromer, 12 proteins."
884,9fjy,data/filtered/details/structures_files/pairwise/884_9fjy_C_D.pdb,data/filtered/details/structures_files/pymol/884_9fjy_C_D.py,,data/filtered/details/structures_files/assembly/884_9fjy.pdb,"Heteromer, 6 proteins, 4 peptides."
885,9fjy,data/filtered/details/structures_files/pairwise/885_9fjy_C_E.pdb,data/filtered/details/structures_files/pymol/885_9fjy_C_E.py,,data/filtered/details/structures_files/assembly/885_9fjy.pdb,"Heteromer, 6 proteins, 4 peptides."
887,9duu,data/filtered/details/structures_files/pairwise/887_9duu_B_C.pdb,data/filtered/details/structures_files/pymol/887_9duu_B_C.py,,data/filtered/details/structures_files/assembly/887_9duu.pdb,"Heteromer, 6 proteins, 7 peptides."
888,9duu,data/filtered/details/structures_files/pairwise/888_9duu_B_D.pdb,data/filtered/details/structures_files/pymol/888_9duu_B_D.py,,data/filtered/details/structures_files/assembly/888_9duu.pdb,"Heteromer, 6 proteins, 7 peptides."
89,8c4e,data/filtered/details/structures_files/pairwise/89_8c4e_D_K.pdb,data/filtered/details/structures_files/pymol/89_8c4e_D_K.py,,data/filtered/details/structures_files/assembly/89_8c4e.pdb,"Heteromer, 12 proteins."
892,7uxf,data/filtered/details/structures_files/pairwise/892_7uxf_C_D.pdb,data/filtered/details/structures_files/pymol/892_7uxf_C_D.py,,data/filtered/details/structures_files/assembly/892_7uxf.pdb,"Homomer, 6 proteins."
893,7uxf,data/filtered/details/structures_files/pairwise/893_7uxf_C_E.pdb,data/filtered/details/structures_files/pymol/893_7uxf_C_E.py,,data/filtered/details/structures_files/assembly/893_7uxf.pdb,"Homomer, 6 proteins."
898,9fjy,data/filtered/details/structures_files/pairwise/898_9fjy_B_C.pdb,data/filtered/details/structures_files/pymol/898_9fjy_B_C.py,,data/filtered/details/structures_files/assembly/898_9fjy.pdb,"Heteromer, 6 proteins, 4 peptides."
899,9fjy,data/filtered/details/structures_files/pairwise/899_9fjy_B_D.pdb,data/filtered/details/structures_files/pymol/899_9fjy_B_D.py,,data/filtered/details/structures_files/assembly/899_9fjy.pdb,"Heteromer, 6 proteins, 4 peptides."
9,8efi,data/filtered/details/structures_files/pairwise/9_8efi_C_F.pdb,data/filtered/details/structures_files/pymol/9_8efi_C_F.py,,data/filtered/details/structures_files/assembly/9_8efi.pdb,"Heteromer, 8 proteins."
90,8c4e,data/filtered/details/structures_files/pairwise/90_8c4e_D_L.pdb,data/filtered/details/structures_files/pymol/90_8c4e_D_L.py,,data/filtered/details/structures_files/assembly/90_8c4e.pdb,"Heteromer, 12 proteins."
900,9duu,data/filtered/details/structures_files/pairwise/900_9duu_A_B.pdb,data/filtered/details/structures_files/pymol/900_9duu_A_B.py,,data/filtered/details/structures_files/assembly/900_9duu.pdb,"Heteromer, 6 proteins, 7 peptides."
901,9duu,data/filtered/details/structures_files/pairwise/901_9duu_A_C.pdb,data/filtered/details/structures_files/pymol/901_9duu_A_C.py,,data/filtered/details/structures_files/assembly/901_9duu.pdb,"Heteromer, 6 proteins, 7 peptides."
908,7uxf,data/filtered/details/structures_files/pairwise/908_7uxf_B_C.pdb,data/filtered/details/structures_files/pymol/908_7uxf_B_C.py,,data/filtered/details/structures_files/assembly/908_7uxf.pdb,"Homomer, 6 proteins."
909,7uxf,data/filtered/details/structures_files/pairwise/909_7uxf_B_D.pdb,data/filtered/details/structures_files/pymol/909_7uxf_B_D.py,,data/filtered/details/structures_files/assembly/909_7uxf.pdb,"Homomer, 6 proteins."
91,8c4e,data/filtered/details/structures_files/pairwise/91_8c4e_D_N.pdb,data/filtered/details/structures_files/pymol/91_8c4e_D_N.py,,data/filtered/details/structures_files/assembly/91_8c4e.pdb,"Heteromer, 12 proteins."
910,4b1z,data/filtered/details/structures_files/pairwise/910_4b1z_C_M.pdb,data/filtered/details/structures_files/pymol/910_4b1z_C_M.py,,data/filtered/details/structures_files/assembly/910_4b1z.pdb,"Heteromer, 8 proteins."
911,4b1z,data/filtered/details/structures_files/pairwise/911_4b1z_C_N.pdb,data/filtered/details/structures_files/pymol/911_4b1z_C_N.py,,data/filtered/details/structures_files/assembly/911_4b1z.pdb,"Heteromer, 8 proteins."
918,9fjy,data/filtered/details/structures_files/pairwise/918_9fjy_A_B.pdb,data/filtered/details/structures_files/pymol/918_9fjy_A_B.py,,data/filtered/details/structures_files/assembly/918_9fjy.pdb,"Heteromer, 6 proteins, 4 peptides."
919,9fjy,data/filtered/details/structures_files/pairwise/919_9fjy_A_C.pdb,data/filtered/details/structures_files/pymol/919_9fjy_A_C.py,,data/filtered/details/structures_files/assembly/919_9fjy.pdb,"Heteromer, 6 proteins, 4 peptides."
922,8vkh,data/filtered/details/structures_files/pairwise/922_8vkh_F_G.pdb,data/filtered/details/structures_files/pymol/922_8vkh_F_G.py,,data/filtered/details/structures_files/assembly/922_8vkh.pdb,"Heteromer, 8 proteins."
924,7uxf,data/filtered/details/structures_files/pairwise/924_7uxf_A_B.pdb,data/filtered/details/structures_files/pymol/924_7uxf_A_B.py,,data/filtered/details/structures_files/assembly/924_7uxf.pdb,"Homomer, 6 proteins."
925,7uxf,data/filtered/details/structures_files/pairwise/925_7uxf_A_C.pdb,data/filtered/details/structures_files/pymol/925_7uxf_A_C.py,,data/filtered/details/structures_files/assembly/925_7uxf.pdb,"Homomer, 6 proteins."
926,4b1z,data/filtered/details/structures_files/pairwise/926_4b1z_B_M.pdb,data/filtered/details/structures_files/pymol/926_4b1z_B_M.py,,data/filtered/details/structures_files/assembly/926_4b1z.pdb,"Heteromer, 8 proteins."
929,4b1z,data/filtered/details/structures_files/pairwise/929_4b1z_B_C.pdb,data/filtered/details/structures_files/pymol/929_4b1z_B_C.py,,data/filtered/details/structures_files/assembly/929_4b1z.pdb,"Heteromer, 8 proteins."
93,9ug2,data/filtered/details/structures_files/pairwise/93_9ug2_C_A.pdb,data/filtered/details/structures_files/pymol/93_9ug2_C_A.py,,data/filtered/details/structures_files/assembly/93_9ug2.pdb,"Heteromer, 6 proteins, 3 peptides."
934,9fju,data/filtered/details/structures_files/pairwise/934_9fju_D_E.pdb,data/filtered/details/structures_files/pymol/934_9fju_D_E.py,,data/filtered/details/structures_files/assembly/934_9fju.pdb,"Heteromer, 6 proteins, 4 peptides."
935,9fju,data/filtered/details/structures_files/pairwise/935_9fju_D_F.pdb,data/filtered/details/structures_files/pymol/935_9fju_D_F.py,,data/filtered/details/structures_files/assembly/935_9fju.pdb,"Heteromer, 6 proteins, 4 peptides."
938,8vkh,data/filtered/details/structures_files/pairwise/938_8vkh_E_F.pdb,data/filtered/details/structures_files/pymol/938_8vkh_E_F.py,,data/filtered/details/structures_files/assembly/938_8vkh.pdb,"Heteromer, 8 proteins."
939,8vkh,data/filtered/details/structures_files/pairwise/939_8vkh_E_H.pdb,data/filtered/details/structures_files/pymol/939_8vkh_E_H.py,,data/filtered/details/structures_files/assembly/939_8vkh.pdb,"Heteromer, 8 proteins."
94,9ug2,data/filtered/details/structures_files/pairwise/94_9ug2_C_D.pdb,data/filtered/details/structures_files/pymol/94_9ug2_C_D.py,,data/filtered/details/structures_files/assembly/94_9ug2.pdb,"Heteromer, 6 proteins, 3 peptides."
944,7utj,data/filtered/details/structures_files/pairwise/944_7utj_F_K.pdb,data/filtered/details/structures_files/pymol/944_7utj_F_K.py,,data/filtered/details/structures_files/assembly/944_7utj.pdb,"Heteromer, 12 proteins."
945,4b1z,data/filtered/details/structures_files/pairwise/945_4b1z_A_M.pdb,data/filtered/details/structures_files/pymol/945_4b1z_A_M.py,,data/filtered/details/structures_files/assembly/945_4b1z.pdb,"Heteromer, 8 proteins."
946,4b1z,data/filtered/details/structures_files/pairwise/946_4b1z_A_B.pdb,data/filtered/details/structures_files/pymol/946_4b1z_A_B.py,,data/filtered/details/structures_files/assembly/946_4b1z.pdb,"Heteromer, 8 proteins."
95,9ug2,data/filtered/details/structures_files/pairwise/95_9ug2_C_E.pdb,data/filtered/details/structures_files/pymol/95_9ug2_C_E.py,,data/filtered/details/structures_files/assembly/95_9ug2.pdb,"Heteromer, 6 proteins, 3 peptides."
951,9fju,data/filtered/details/structures_files/pairwise/951_9fju_C_D.pdb,data/filtered/details/structures_files/pymol/951_9fju_C_D.py,,data/filtered/details/structures_files/assembly/951_9fju.pdb,"Heteromer, 6 proteins, 4 peptides."
952,9fju,data/filtered/details/structures_files/pairwise/952_9fju_C_E.pdb,data/filtered/details/structures_files/pymol/952_9fju_C_E.py,,data/filtered/details/structures_files/assembly/952_9fju.pdb,"Heteromer, 6 proteins, 4 peptides."
955,8vkh,data/filtered/details/structures_files/pairwise/955_8vkh_D_E.pdb,data/filtered/details/structures_files/pymol/955_8vkh_D_E.py,,data/filtered/details/structures_files/assembly/955_8vkh.pdb,"Heteromer, 8 proteins."
956,8vkh,data/filtered/details/structures_files/pairwise/956_8vkh_D_F.pdb,data/filtered/details/structures_files/pymol/956_8vkh_D_F.py,,data/filtered/details/structures_files/assembly/956_8vkh.pdb,"Heteromer, 8 proteins."
957,8vkh,data/filtered/details/structures_files/pairwise/957_8vkh_D_G.pdb,data/filtered/details/structures_files/pymol/957_8vkh_D_G.py,,data/filtered/details/structures_files/assembly/957_8vkh.pdb,"Heteromer, 8 proteins."
96,8iai,data/filtered/details/structures_files/pairwise/96_8iai_D_5.pdb,data/filtered/details/structures_files/pymol/96_8iai_D_5.py,data/filtered/details/structures_files/assembly/96_8iai.cif,,"Heteromer, 31 proteins."
962,7utj,data/filtered/details/structures_files/pairwise/962_7utj_E_F.pdb,data/filtered/details/structures_files/pymol/962_7utj_E_F.py,,data/filtered/details/structures_files/assembly/962_7utj.pdb,"Heteromer, 12 proteins."
963,7utj,data/filtered/details/structures_files/pairwise/963_7utj_E_L.pdb,data/filtered/details/structures_files/pymol/963_7utj_E_L.py,,data/filtered/details/structures_files/assembly/963_7utj.pdb,"Heteromer, 12 proteins."
964,7utj,data/filtered/details/structures_files/pairwise/964_7utj_E_Z.pdb,data/filtered/details/structures_files/pymol/964_7utj_E_Z.py,,data/filtered/details/structures_files/assembly/964_7utj.pdb,"Heteromer, 12 proteins."
965,4b1z,data/filtered/details/structures_files/pairwise/965_4b1z_F_M.pdb,data/filtered/details/structures_files/pymol/965_4b1z_F_M.py,,data/filtered/details/structures_files/assembly/965_4b1z.pdb,"Heteromer, 8 proteins."
966,4b1z,data/filtered/details/structures_files/pairwise/966_4b1z_F_N.pdb,data/filtered/details/structures_files/pymol/966_4b1z_F_N.py,,data/filtered/details/structures_files/assembly/966_4b1z.pdb,"Heteromer, 8 proteins."
968,4b1z,data/filtered/details/structures_files/pairwise/968_4b1z_F_C.pdb,data/filtered/details/structures_files/pymol/968_4b1z_F_C.py,,data/filtered/details/structures_files/assembly/968_4b1z.pdb,"Heteromer, 8 proteins."
972,9fju,data/filtered/details/structures_files/pairwise/972_9fju_B_C.pdb,data/filtered/details/structures_files/pymol/972_9fju_B_C.py,,data/filtered/details/structures_files/assembly/972_9fju.pdb,"Heteromer, 6 proteins, 4 peptides."
973,9fju,data/filtered/details/structures_files/pairwise/973_9fju_B_D.pdb,data/filtered/details/structures_files/pymol/973_9fju_B_D.py,,data/filtered/details/structures_files/assembly/973_9fju.pdb,"Heteromer, 6 proteins, 4 peptides."
976,8vkh,data/filtered/details/structures_files/pairwise/976_8vkh_C_D.pdb,data/filtered/details/structures_files/pymol/976_8vkh_C_D.py,,data/filtered/details/structures_files/assembly/976_8vkh.pdb,"Heteromer, 8 proteins."
977,8vkh,data/filtered/details/structures_files/pairwise/977_8vkh_C_E.pdb,data/filtered/details/structures_files/pymol/977_8vkh_C_E.py,,data/filtered/details/structures_files/assembly/977_8vkh.pdb,"Heteromer, 8 proteins."
978,8vkh,data/filtered/details/structures_files/pairwise/978_8vkh_C_H.pdb,data/filtered/details/structures_files/pymol/978_8vkh_C_H.py,,data/filtered/details/structures_files/assembly/978_8vkh.pdb,"Heteromer, 8 proteins."
981,3j8a,data/filtered/details/structures_files/pairwise/981_3j8a_A_C.pdb,data/filtered/details/structures_files/pymol/981_3j8a_A_C.py,,data/filtered/details/structures_files/assembly/981_3j8a.pdb,"Homomer, 5 proteins."
982,3j8a,data/filtered/details/structures_files/pairwise/982_3j8a_A_B.pdb,data/filtered/details/structures_files/pymol/982_3j8a_A_B.py,,data/filtered/details/structures_files/assembly/982_3j8a.pdb,"Homomer, 5 proteins."
985,7utj,data/filtered/details/structures_files/pairwise/985_7utj_D_E.pdb,data/filtered/details/structures_files/pymol/985_7utj_D_E.py,,data/filtered/details/structures_files/assembly/985_7utj.pdb,"Heteromer, 12 proteins."
986,7utj,data/filtered/details/structures_files/pairwise/986_7utj_D_F.pdb,data/filtered/details/structures_files/pymol/986_7utj_D_F.py,,data/filtered/details/structures_files/assembly/986_7utj.pdb,"Heteromer, 12 proteins."
987,7utj,data/filtered/details/structures_files/pairwise/987_7utj_D_I.pdb,data/filtered/details/structures_files/pymol/987_7utj_D_I.py,,data/filtered/details/structures_files/assembly/987_7utj.pdb,"Heteromer, 12 proteins."
988,7utj,data/filtered/details/structures_files/pairwise/988_7utj_D_K.pdb,data/filtered/details/structures_files/pymol/988_7utj_D_K.py,,data/filtered/details/structures_files/assembly/988_7utj.pdb,"Heteromer, 12 proteins."
989,4b1z,data/filtered/details/structures_files/pairwise/989_4b1z_E_N.pdb,data/filtered/details/structures_files/pymol/989_4b1z_E_N.py,,data/filtered/details/structures_files/assembly/989_4b1z.pdb,"Heteromer, 8 proteins."
99,8iai,data/filtered/details/structures_files/pairwise/99_8iai_D_E.pdb,data/filtered/details/structures_files/pymol/99_8iai_D_E.py,data/filtered/details/structures_files/assembly/99_8iai.cif,,"Heteromer, 31 proteins."
991,4b1z,data/filtered/details/structures_files/pairwise/991_4b1z_E_F.pdb,data/filtered/details/structures_files/pymol/991_4b1z_E_F.py,,data/filtered/details/structures_files/assembly/991_4b1z.pdb,"Heteromer, 8 proteins."
992,4b1z,data/filtered/details/structures_files/pairwise/992_4b1z_E_C.pdb,data/filtered/details/structures_files/pymol/992_4b1z_E_C.py,,data/filtered/details/structures_files/assembly/992_4b1z.pdb,"Heteromer, 8 proteins."
995,9fju,data/filtered/details/structures_files/pairwise/995_9fju_A_B.pdb,data/filtered/details/structures_files/pymol/995_9fju_A_B.py,,data/filtered/details/structures_files/assembly/995_9fju.pdb,"Heteromer, 6 proteins, 4 peptides."
996,9fju,data/filtered/details/structures_files/pairwise/996_9fju_A_C.pdb,data/filtered/details/structures_files/pymol/996_9fju_A_C.py,,data/filtered/details/structures_files/assembly/996_9fju.pdb,"Heteromer, 6 proteins, 4 peptides."
998,8vkh,data/filtered/details/structures_files/pairwise/998_8vkh_B_C.pdb,data/filtered/details/structures_files/pymol/998_8vkh_B_C.py,,data/filtered/details/structures_files/assembly/998_8vkh.pdb,"Heteromer, 8 proteins."
999,8vkh,data/filtered/details/structures_files/pairwise/999_8vkh_B_D.pdb,data/filtered/details/structures_files/pymol/999_8vkh_B_D.py,,data/filtered/details/structures_files/assembly/999_8vkh.pdb,"Heteromer, 8 proteins."
